{"type":"FeatureCollection","name":"Andhra_Pradesh","crs":{"type":"name","properties":{"name":"urn:ogc:def:crs:OGC:1.3:CRS84"}},"features":[{"type":"Feature","properties":{"ID_0":105,"ISO":"IND","NAME_0":"India","ID_1":2,"NAME_1":"Andhra Pradesh","TYPE_1":"State","ENGTYPE_1":"State","NL_NAME_1":null,"VARNAME_1":null},"geometry":{"type":"MultiPolygon","coordinates":[[[[80.2746,13.4596],[80.2746,13.459],[80.2749,13.459],[80.2749,13.4588],[80.2751,13.4588],[80.2751,13.4582],[80.2754,13.4582],[80.2754,13.4579],[80.2757,13.4579],[80.2757,13.4576],[80.276,13.4576],[80.276,13.4571],[80.2763,13.4571],[80.2763,13.4568],[80.2765,13.4568],[80.2765,13.4563],[80.2768,13.4563],[80.2768,13.456],[80.2771,13.456],[80.2771,13.4557],[80.2776,13.4557],[80.2776,13.4554],[80.2779,13.4554],[80.2779,13.4551],[80.2785,13.4551],[80.2785,13.4549],[80.2787,13.4549],[80.2787,13.4546],[80.2793,13.4546],[80.2793,13.4543],[80.2796,13.4543],[80.2796,13.454],[80.2804,13.454],[80.2804,13.4537],[80.2813,13.4537],[80.2813,13.4535],[80.2821,13.4535],[80.2821,13.4532],[80.2832,13.4532],[80.2832,13.4529],[80.284,13.4529],[80.284,13.4526],[80.2849,13.4526],[80.2849,13.4524],[80.2851,13.4524],[80.2851,13.4518],[80.2854,13.4518],[80.2854,13.4513],[80.2857,13.4513],[80.2857,13.451],[80.286,13.451],[80.286,13.4504],[80.2862,13.4504],[80.2862,13.4499],[80.2865,13.4499],[80.2865,13.449],[80.2862,13.449],[80.2862,13.4485],[80.2857,13.4485],[80.2857,13.4487],[80.2854,13.4487],[80.2854,13.4493],[80.2851,13.4493],[80.2851,13.4496],[80.2849,13.4496],[80.2849,13.4499],[80.2846,13.4499],[80.2846,13.4501],[80.2843,13.4501],[80.2843,13.4507],[80.284,13.4507],[80.284,13.451],[80.2838,13.451],[80.2838,13.4513],[80.2829,13.4513],[80.2829,13.4515],[80.2821,13.4515],[80.2821,13.4518],[80.2815,13.4518],[80.2815,13.4521],[80.2807,13.4521],[80.2807,13.4524],[80.2801,13.4524],[80.2801,13.4526],[80.2799,13.4526],[80.2799,13.4529],[80.2793,13.4529],[80.2793,13.4532],[80.2787,13.4532],[80.2787,13.4535],[80.2782,13.4535],[80.2782,13.4537],[80.2779,13.4537],[80.2779,13.454],[80.2774,13.454],[80.2774,13.4543],[80.2771,13.4543],[80.2771,13.4546],[80.2765,13.4546],[80.2765,13.4549],[80.2763,13.4549],[80.2763,13.4551],[80.2757,13.4551],[80.2757,13.4554],[80.2754,13.4554],[80.2754,13.4557],[80.2751,13.4557],[80.2751,13.4563],[80.2749,13.4563],[80.2749,13.4568],[80.2746,13.4568],[80.2746,13.4574],[80.2743,13.4574],[80.2743,13.4579],[80.274,13.4579],[80.274,13.4585],[80.2737,13.4585],[80.2737,13.4593],[80.274,13.4593],[80.274,13.4596],[80.2746,13.4596]]],[[[80.2274,13.494],[80.2274,13.4935],[80.2276,13.4935],[80.2276,13.4929],[80.2279,13.4929],[80.2279,13.4924],[80.2276,13.4924],[80.2276,13.4918],[80.2274,13.4918],[80.2274,13.4912],[80.2271,13.4912],[80.2271,13.4907],[80.2251,13.4907],[80.2251,13.4904],[80.2249,13.4904],[80.2249,13.4901],[80.224,13.4901],[80.224,13.4918],[80.2246,13.4918],[80.2246,13.4921],[80.2249,13.4921],[80.2249,13.4924],[80.2254,13.4924],[80.2254,13.4926],[80.226,13.4926],[80.226,13.4929],[80.2262,13.4929],[80.2262,13.4932],[80.2268,13.4932],[80.2268,13.494],[80.2274,13.494]]],[[[80.2324,13.4946],[80.2324,13.4943],[80.2329,13.4943],[80.2329,13.494],[80.2332,13.494],[80.2332,13.4938],[80.2337,13.4938],[80.2337,13.4935],[80.2343,13.4935],[80.2343,13.4929],[80.2346,13.4929],[80.2346,13.4924],[80.2349,13.4924],[80.2349,13.4921],[80.2346,13.4921],[80.2346,13.4918],[80.2343,13.4918],[80.2343,13.4912],[80.234,13.4912],[80.234,13.491],[80.2337,13.491],[80.2337,13.4907],[80.2304,13.4907],[80.2304,13.4912],[80.2301,13.4912],[80.2301,13.4915],[80.2299,13.4915],[80.2299,13.4921],[80.2296,13.4921],[80.2296,13.4926],[80.2293,13.4926],[80.2293,13.4929],[80.2296,13.4929],[80.2296,13.4935],[80.2299,13.4935],[80.2299,13.4938],[80.2304,13.4938],[80.2304,13.494],[80.2307,13.494],[80.2307,13.4943],[80.2312,13.4943],[80.2312,13.4946],[80.2324,13.4946]]],[[[80.2654,13.5196],[80.2654,13.5193],[80.2657,13.5193],[80.2657,13.519],[80.266,13.519],[80.266,13.5187],[80.2665,13.5187],[80.2665,13.5182],[80.2668,13.5182],[80.2668,13.5176],[80.2671,13.5176],[80.2671,13.5171],[80.2668,13.5171],[80.2668,13.5165],[80.2665,13.5165],[80.2665,13.5157],[80.2663,13.5157],[80.2663,13.5146],[80.2665,13.5146],[80.2665,13.5135],[80.2668,13.5135],[80.2668,13.5124],[80.2671,13.5124],[80.2671,13.5118],[80.2674,13.5118],[80.2674,13.511],[80.2676,13.511],[80.2676,13.5104],[80.2679,13.5104],[80.2679,13.5093],[80.2676,13.5093],[80.2676,13.5079],[80.2674,13.5079],[80.2674,13.5065],[80.2671,13.5065],[80.2671,13.5049],[80.2668,13.5049],[80.2668,13.5032],[80.2665,13.5032],[80.2665,13.5015],[80.2663,13.5015],[80.2663,13.5001],[80.266,13.5001],[80.266,13.4996],[80.2654,13.4996],[80.2654,13.4999],[80.2651,13.4999],[80.2651,13.5013],[80.2649,13.5013],[80.2649,13.5032],[80.2651,13.5032],[80.2651,13.5051],[80.2654,13.5051],[80.2654,13.506],[80.2657,13.506],[80.2657,13.5071],[80.266,13.5071],[80.266,13.5082],[80.2663,13.5082],[80.2663,13.5093],[80.2665,13.5093],[80.2665,13.5104],[80.2663,13.5104],[80.2663,13.5113],[80.266,13.5112],[80.266,13.5121],[80.2657,13.5121],[80.2657,13.5132],[80.2654,13.5132],[80.2654,13.514],[80.2651,13.514],[80.2651,13.5149],[80.2649,13.5149],[80.2649,13.5154],[80.2646,13.5154],[80.2646,13.5163],[80.2643,13.5162],[80.2643,13.5174],[80.2646,13.5174],[80.2646,13.519],[80.2649,13.519],[80.2649,13.5196],[80.2654,13.5196]]],[[[80.1926,13.5207],[80.1926,13.5204],[80.1937,13.5204],[80.1937,13.5201],[80.194,13.5201],[80.194,13.5196],[80.1943,13.5196],[80.1943,13.5193],[80.1946,13.5193],[80.1946,13.5187],[80.1949,13.5187],[80.1949,13.5185],[80.1951,13.5185],[80.1951,13.5182],[80.1954,13.5182],[80.1954,13.5176],[80.1957,13.5176],[80.1957,13.5165],[80.196,13.5165],[80.196,13.5151],[80.1963,13.5151],[80.1963,13.5149],[80.1965,13.5149],[80.1965,13.5143],[80.1968,13.5143],[80.1968,13.5138],[80.1971,13.5138],[80.1971,13.5129],[80.196,13.5129],[80.196,13.5132],[80.1954,13.5132],[80.1954,13.5135],[80.1929,13.5135],[80.1929,13.5138],[80.1921,13.5138],[80.1921,13.514],[80.1912,13.514],[80.1912,13.5143],[80.1907,13.5143],[80.1907,13.5146],[80.1899,13.5146],[80.1899,13.5149],[80.1893,13.5149],[80.1893,13.5151],[80.1885,13.5151],[80.1885,13.5163],[80.1882,13.5162],[80.1882,13.5171],[80.1879,13.5171],[80.1879,13.5182],[80.1876,13.5182],[80.1876,13.5193],[80.1879,13.5193],[80.1879,13.5201],[80.1899,13.5201],[80.1899,13.5204],[80.1918,13.5204],[80.1918,13.5207],[80.1926,13.5207]]],[[[80.1849,13.5354],[80.1849,13.5351],[80.1851,13.5351],[80.1851,13.5346],[80.1854,13.5346],[80.1854,13.5343],[80.1851,13.5343],[80.1851,13.534],[80.1849,13.534],[80.1849,13.5335],[80.1846,13.5335],[80.1846,13.5332],[80.1843,13.5332],[80.1843,13.5329],[80.1837,13.5329],[80.1837,13.5326],[80.1807,13.5326],[80.1807,13.5329],[80.1804,13.5329],[80.1804,13.5332],[80.1801,13.5332],[80.1801,13.5335],[80.1799,13.5335],[80.1799,13.534],[80.1815,13.534],[80.1815,13.5343],[80.1818,13.5343],[80.1818,13.5346],[80.1832,13.5346],[80.1832,13.5349],[80.1837,13.5349],[80.1837,13.5351],[80.184,13.5351],[80.184,13.5354],[80.1849,13.5354]]],[[[80.0535,13.5893],[80.0535,13.589],[80.054,13.589],[80.054,13.5888],[80.056,13.5888],[80.056,13.5885],[80.0563,13.5885],[80.0563,13.5882],[80.0565,13.5882],[80.0565,13.5874],[80.0568,13.5874],[80.0568,13.5868],[80.0565,13.5868],[80.0565,13.5865],[80.0546,13.5865],[80.0546,13.5868],[80.0543,13.5868],[80.0543,13.5871],[80.054,13.5871],[80.054,13.5874],[80.0537,13.5874],[80.0537,13.5877],[80.0535,13.5877],[80.0535,13.5879],[80.0529,13.5879],[80.0529,13.5882],[80.0524,13.5882],[80.0524,13.5888],[80.0526,13.5888],[80.0526,13.589],[80.0529,13.589],[80.0529,13.5893],[80.0535,13.5893]]],[[[80.149,13.6185],[80.149,13.6182],[80.1493,13.6182],[80.1493,13.6165],[80.1496,13.6165],[80.1496,13.6149],[80.1493,13.6149],[80.1493,13.6143],[80.149,13.6143],[80.149,13.6138],[80.1488,13.6138],[80.1488,13.6132],[80.1485,13.6132],[80.1485,13.6129],[80.1482,13.6129],[80.1482,13.6124],[80.1479,13.6124],[80.1479,13.6121],[80.1476,13.6121],[80.1476,13.6118],[80.1473,13.6118],[80.1473,13.6112],[80.1471,13.6112],[80.1471,13.611],[80.1465,13.611],[80.1465,13.6107],[80.1468,13.6107],[80.1468,13.6104],[80.1476,13.6104],[80.1476,13.6107],[80.1482,13.6107],[80.1482,13.611],[80.1485,13.611],[80.1485,13.6112],[80.1488,13.6112],[80.1488,13.6115],[80.149,13.6115],[80.149,13.6118],[80.1507,13.6118],[80.1507,13.6115],[80.151,13.6115],[80.151,13.6112],[80.1513,13.6112],[80.1513,13.611],[80.1515,13.611],[80.1515,13.6107],[80.1521,13.6107],[80.1521,13.6104],[80.1524,13.6104],[80.1524,13.6101],[80.1526,13.6101],[80.1526,13.6099],[80.1529,13.6099],[80.1529,13.6096],[80.1535,13.6096],[80.1535,13.6093],[80.1537,13.6093],[80.1537,13.609],[80.1543,13.609],[80.1543,13.6088],[80.1546,13.6088],[80.1546,13.6085],[80.1551,13.6085],[80.1551,13.6082],[80.1554,13.6082],[80.1554,13.6079],[80.156,13.6079],[80.156,13.6076],[80.1593,13.6076],[80.1593,13.6074],[80.1604,13.6074],[80.1604,13.6071],[80.1612,13.6071],[80.1612,13.6068],[80.1615,13.6068],[80.1615,13.6062],[80.1618,13.6062],[80.1618,13.6057],[80.1621,13.6057],[80.1621,13.6054],[80.1623,13.6054],[80.1623,13.6049],[80.1626,13.6049],[80.1626,13.6024],[80.1623,13.6024],[80.1623,13.5996],[80.1621,13.5996],[80.1621,13.5993],[80.1615,13.5993],[80.1615,13.5963],[80.1618,13.5963],[80.1618,13.5957],[80.1621,13.5957],[80.1621,13.5954],[80.1623,13.5954],[80.1623,13.5949],[80.1626,13.5949],[80.1626,13.5946],[80.1629,13.5946],[80.1629,13.594],[80.1632,13.594],[80.1632,13.5938],[80.1635,13.5938],[80.1635,13.5932],[80.1637,13.5932],[80.1637,13.5929],[80.164,13.5929],[80.164,13.5924],[80.1663,13.5924],[80.1663,13.5921],[80.1671,13.5921],[80.1671,13.5915],[80.1674,13.5915],[80.1674,13.591],[80.1676,13.591],[80.1676,13.5899],[80.1674,13.5899],[80.1674,13.5888],[80.1671,13.5888],[80.1671,13.5877],[80.1668,13.5877],[80.1668,13.5871],[80.1665,13.5871],[80.1665,13.5865],[80.1663,13.5865],[80.1663,13.586],[80.166,13.586],[80.166,13.5854],[80.1657,13.5854],[80.1657,13.5849],[80.1654,13.5849],[80.1654,13.5843],[80.1651,13.5843],[80.1651,13.584],[80.1635,13.584],[80.1635,13.5838],[80.1632,13.5838],[80.1632,13.5835],[80.1629,13.5835],[80.1629,13.5832],[80.1626,13.5832],[80.1626,13.5829],[80.1621,13.5829],[80.1621,13.5826],[80.1618,13.5826],[80.1618,13.5824],[80.1615,13.5824],[80.1615,13.5821],[80.1612,13.5821],[80.1612,13.5818],[80.161,13.5818],[80.161,13.5815],[80.1604,13.5815],[80.1604,13.5813],[80.1601,13.5813],[80.1601,13.5793],[80.1604,13.5793],[80.1604,13.5785],[80.1607,13.5785],[80.1607,13.5779],[80.1604,13.5779],[80.1604,13.5774],[80.1601,13.5774],[80.1601,13.5771],[80.1599,13.5771],[80.1599,13.5762],[80.1596,13.5763],[80.1596,13.5746],[80.1593,13.5746],[80.1593,13.5735],[80.1596,13.5735],[80.1596,13.5726],[80.1599,13.5727],[80.1599,13.5718],[80.1601,13.5718],[80.1601,13.5713],[80.1599,13.5713],[80.1599,13.5707],[80.1596,13.5707],[80.1596,13.5701],[80.1593,13.5701],[80.1593,13.5696],[80.159,13.5696],[80.159,13.569],[80.1588,13.569],[80.1588,13.5682],[80.1585,13.5682],[80.1585,13.5676],[80.1582,13.5676],[80.1582,13.5671],[80.1579,13.5671],[80.1579,13.5663],[80.1576,13.5663],[80.1576,13.5657],[80.1574,13.5657],[80.1574,13.5646],[80.1571,13.5646],[80.1571,13.5635],[80.1568,13.5635],[80.1568,13.5624],[80.1565,13.5624],[80.1565,13.5612],[80.1563,13.5612],[80.1563,13.5601],[80.156,13.5601],[80.156,13.5596],[80.1557,13.5596],[80.1557,13.559],[80.1554,13.559],[80.1554,13.5585],[80.1551,13.5585],[80.1551,13.5579],[80.1549,13.5579],[80.1549,13.5574],[80.1546,13.5574],[80.1546,13.5568],[80.1543,13.5568],[80.1543,13.5562],[80.154,13.5562],[80.154,13.5557],[80.1537,13.5557],[80.1537,13.5554],[80.1535,13.5554],[80.1535,13.5549],[80.1532,13.5549],[80.1532,13.5546],[80.1529,13.5546],[80.1529,13.554],[80.1526,13.554],[80.1526,13.5535],[80.1524,13.5535],[80.1524,13.5532],[80.1521,13.5532],[80.1521,13.5526],[80.1518,13.5526],[80.1518,13.5524],[80.1515,13.5524],[80.1515,13.5518],[80.1513,13.5518],[80.1513,13.5513],[80.151,13.5513],[80.151,13.551],[80.1507,13.551],[80.1507,13.5507],[80.1504,13.5507],[80.1504,13.5504],[80.1501,13.5504],[80.1501,13.5501],[80.1499,13.5501],[80.1499,13.5499],[80.1496,13.5499],[80.1496,13.5496],[80.1493,13.5496],[80.1493,13.5493],[80.149,13.5493],[80.149,13.549],[80.1488,13.549],[80.1488,13.5488],[80.1485,13.5488],[80.1485,13.5485],[80.1482,13.5485],[80.1482,13.5482],[80.1479,13.5482],[80.1479,13.5479],[80.1476,13.5479],[80.1476,13.5476],[80.1473,13.5476],[80.1473,13.5474],[80.1471,13.5474],[80.1471,13.5471],[80.1468,13.5471],[80.1468,13.5468],[80.1465,13.5468],[80.1465,13.5465],[80.1462,13.5465],[80.1462,13.5462],[80.1457,13.5462],[80.1457,13.546],[80.1451,13.546],[80.1451,13.5457],[80.1449,13.5457],[80.1449,13.5454],[80.1443,13.5454],[80.1443,13.5451],[80.1438,13.5451],[80.1438,13.5449],[80.1418,13.5449],[80.1418,13.5451],[80.1413,13.5451],[80.1413,13.5454],[80.141,13.5454],[80.141,13.546],[80.1407,13.546],[80.1407,13.5465],[80.1404,13.5465],[80.1404,13.5471],[80.1401,13.5471],[80.1401,13.5482],[80.1399,13.5482],[80.1399,13.5496],[80.1401,13.5496],[80.1401,13.5501],[80.1399,13.5501],[80.1399,13.5504],[80.1396,13.5504],[80.1396,13.551],[80.1393,13.551],[80.1393,13.5513],[80.139,13.5513],[80.139,13.5515],[80.1387,13.5515],[80.1387,13.5521],[80.1385,13.5521],[80.1385,13.5524],[80.1382,13.5524],[80.1382,13.5526],[80.1379,13.5526],[80.1379,13.5532],[80.1376,13.5532],[80.1376,13.5535],[80.1374,13.5535],[80.1374,13.5582],[80.1371,13.5582],[80.1371,13.5607],[80.1382,13.5607],[80.1382,13.561],[80.139,13.561],[80.139,13.5612],[80.1393,13.5612],[80.1393,13.5618],[80.1396,13.5618],[80.1396,13.5624],[80.1399,13.5624],[80.1399,13.5629],[80.1401,13.5629],[80.1401,13.564],[80.1404,13.564],[80.1404,13.5657],[80.1401,13.5657],[80.1401,13.5663],[80.1399,13.5663],[80.1399,13.5671],[80.1396,13.5671],[80.1396,13.5676],[80.1393,13.5676],[80.1393,13.5682],[80.139,13.5682],[80.139,13.5688],[80.1387,13.5688],[80.1387,13.5693],[80.1385,13.5693],[80.1385,13.5696],[80.1382,13.5696],[80.1382,13.5701],[80.1379,13.5701],[80.1379,13.5707],[80.1376,13.5707],[80.1376,13.5713],[80.1374,13.5713],[80.1374,13.5718],[80.1371,13.5718],[80.1371,13.5721],[80.1368,13.5721],[80.1368,13.5724],[80.1365,13.5724],[80.1365,13.5727],[80.1363,13.5727],[80.1363,13.5729],[80.136,13.5729],[80.136,13.5735],[80.1357,13.5735],[80.1357,13.5738],[80.1354,13.5738],[80.1354,13.574],[80.1351,13.574],[80.1351,13.5743],[80.1349,13.5743],[80.1349,13.5746],[80.1335,13.5746],[80.1335,13.5749],[80.1332,13.5749],[80.1332,13.5751],[80.1326,13.5751],[80.1326,13.5754],[80.1324,13.5754],[80.1324,13.5757],[80.1321,13.5757],[80.1321,13.576],[80.1318,13.576],[80.1318,13.5763],[80.1312,13.5763],[80.1312,13.5765],[80.131,13.5765],[80.131,13.5768],[80.1304,13.5768],[80.1304,13.5771],[80.1301,13.5771],[80.1301,13.5774],[80.1296,13.5774],[80.1296,13.5776],[80.129,13.5776],[80.129,13.5779],[80.1288,13.5779],[80.1288,13.5782],[80.1282,13.5782],[80.1282,13.5785],[80.1279,13.5785],[80.1279,13.579],[80.1276,13.579],[80.1276,13.5796],[80.1274,13.5796],[80.1274,13.5801],[80.1271,13.5801],[80.1271,13.5807],[80.1268,13.5807],[80.1268,13.5822],[80.1268,13.5826],[80.1265,13.5826],[80.1265,13.5849],[80.1268,13.5849],[80.1268,13.5854],[80.1271,13.5854],[80.1271,13.5863],[80.1274,13.5863],[80.1274,13.5868],[80.1285,13.5868],[80.1285,13.5871],[80.1296,13.5871],[80.1296,13.5874],[80.1299,13.5874],[80.1299,13.5877],[80.1304,13.5877],[80.1304,13.5879],[80.1307,13.5879],[80.1307,13.5882],[80.1312,13.5882],[80.1312,13.5885],[80.1324,13.5885],[80.1324,13.5882],[80.1326,13.5882],[80.1326,13.5879],[80.1335,13.5879],[80.1335,13.5882],[80.134,13.5882],[80.134,13.5885],[80.1346,13.5885],[80.1346,13.5888],[80.1351,13.5888],[80.1351,13.589],[80.1357,13.589],[80.1357,13.5893],[80.1359,13.5893],[80.1363,13.5893],[80.1363,13.5896],[80.1365,13.5896],[80.1365,13.5899],[80.1371,13.5899],[80.1371,13.5901],[80.1374,13.5901],[80.1374,13.5904],[80.1379,13.5904],[80.1379,13.5907],[80.1382,13.5907],[80.1382,13.5913],[80.1401,13.5913],[80.1401,13.591],[80.1413,13.591],[80.1413,13.5907],[80.1418,13.5907],[80.1418,13.591],[80.1426,13.591],[80.1426,13.5913],[80.1465,13.5913],[80.1465,13.591],[80.1482,13.591],[80.1482,13.5907],[80.1499,13.5907],[80.1499,13.5904],[80.1512,13.5904],[80.1515,13.5904],[80.1515,13.5901],[80.1532,13.5901],[80.1532,13.5899],[80.1551,13.5899],[80.1551,13.5896],[80.1557,13.5896],[80.1557,13.5893],[80.1565,13.5893],[80.1565,13.589],[80.1574,13.589],[80.1574,13.5893],[80.1579,13.5893],[80.1579,13.5901],[80.1582,13.5901],[80.1582,13.591],[80.1579,13.591],[80.1579,13.5915],[80.1576,13.5915],[80.1576,13.5918],[80.1568,13.5918],[80.1568,13.5915],[80.1565,13.5915],[80.1565,13.5913],[80.1563,13.5913],[80.1563,13.591],[80.1554,13.591],[80.1554,13.5913],[80.1535,13.5913],[80.1535,13.5915],[80.1518,13.5915],[80.1518,13.5918],[80.1505,13.5918],[80.1501,13.5918],[80.1501,13.5921],[80.149,13.5921],[80.149,13.5924],[80.1476,13.5924],[80.1476,13.5926],[80.1471,13.5926],[80.1471,13.5929],[80.1468,13.5929],[80.1468,13.5932],[80.1462,13.5932],[80.1462,13.5935],[80.1454,13.5935],[80.1454,13.594],[80.1451,13.594],[80.1451,13.5951],[80.1449,13.5951],[80.1449,13.596],[80.1446,13.596],[80.1446,13.5963],[80.1443,13.5963],[80.1443,13.5965],[80.1435,13.5965],[80.1435,13.5968],[80.1424,13.5968],[80.1424,13.5971],[80.1415,13.5971],[80.1415,13.5974],[80.1387,13.5974],[80.1387,13.5976],[80.1376,13.5976],[80.1376,13.5979],[80.1368,13.5979],[80.1368,13.5982],[80.1363,13.5982],[80.1363,13.5985],[80.1357,13.5985],[80.1357,13.5988],[80.1354,13.5988],[80.1354,13.599],[80.1349,13.599],[80.1349,13.5993],[80.134,13.5993],[80.134,13.5996],[80.1332,13.5996],[80.1332,13.5999],[80.1276,13.5999],[80.1276,13.6001],[80.1274,13.6001],[80.1274,13.6004],[80.1268,13.6004],[80.1268,13.6007],[80.1263,13.6007],[80.1263,13.601],[80.126,13.601],[80.126,13.6013],[80.1254,13.6013],[80.1254,13.6015],[80.1249,13.6015],[80.1249,13.6007],[80.1251,13.6007],[80.1251,13.5999],[80.1254,13.5999],[80.1254,13.5996],[80.126,13.5996],[80.126,13.5993],[80.1262,13.5993],[80.1262,13.599],[80.1285,13.599],[80.1285,13.5988],[80.1287,13.5988],[80.1287,13.5982],[80.129,13.5982],[80.129,13.5979],[80.1293,13.5979],[80.1293,13.5976],[80.1296,13.5976],[80.1296,13.5974],[80.129,13.5974],[80.129,13.596],[80.1293,13.596],[80.1293,13.5957],[80.1296,13.5957],[80.1296,13.5951],[80.1299,13.5951],[80.1299,13.5949],[80.1301,13.5949],[80.1301,13.5946],[80.1304,13.5946],[80.1304,13.5932],[80.1301,13.5932],[80.1301,13.5929],[80.1299,13.5929],[80.1299,13.5926],[80.1296,13.5926],[80.1296,13.5918],[80.1293,13.5918],[80.1293,13.5913],[80.1296,13.5913],[80.1296,13.591],[80.1299,13.591],[80.1299,13.5907],[80.1301,13.5907],[80.1301,13.5901],[80.1304,13.5901],[80.1304,13.5899],[80.1304,13.5896],[80.1307,13.5896],[80.1307,13.5893],[80.1299,13.5893],[80.1299,13.589],[80.129,13.589],[80.129,13.5888],[80.1282,13.5888],[80.1282,13.5885],[80.1265,13.5885],[80.1265,13.5886],[80.1265,13.589],[80.1262,13.589],[80.1262,13.5899],[80.126,13.5899],[80.126,13.5907],[80.1257,13.5907],[80.1257,13.5913],[80.1254,13.5913],[80.1254,13.5918],[80.1251,13.5918],[80.1251,13.5924],[80.1249,13.5924],[80.1249,13.5929],[80.1246,13.5929],[80.1246,13.5935],[80.1249,13.5935],[80.1249,13.5943],[80.1246,13.5943],[80.1246,13.5951],[80.1243,13.5951],[80.1243,13.5957],[80.1237,13.5957],[80.1237,13.596],[80.1235,13.596],[80.1235,13.5965],[80.1232,13.5965],[80.1232,13.5971],[80.1229,13.5971],[80.1229,13.5976],[80.1226,13.5976],[80.1226,13.5985],[80.1224,13.5985],[80.1224,13.5996],[80.1221,13.5996],[80.1221,13.6007],[80.1218,13.6007],[80.1218,13.6012],[80.1218,13.6015],[80.1215,13.6015],[80.1215,13.6018],[80.1212,13.6018],[80.1212,13.6024],[80.121,13.6024],[80.121,13.6026],[80.1207,13.6026],[80.1207,13.604],[80.1204,13.604],[80.1204,13.6057],[80.1207,13.6057],[80.1207,13.6062],[80.121,13.6062],[80.121,13.6068],[80.1212,13.6068],[80.1212,13.6071],[80.1229,13.6071],[80.1229,13.6068],[80.124,13.6068],[80.124,13.6065],[80.1237,13.6065],[80.1237,13.6062],[80.1235,13.6062],[80.1235,13.606],[80.1232,13.606],[80.1232,13.6054],[80.1237,13.6054],[80.1237,13.6051],[80.1243,13.6051],[80.1243,13.605],[80.1243,13.6049],[80.1249,13.6049],[80.1249,13.6046],[80.1263,13.6046],[80.1263,13.6049],[80.1265,13.6049],[80.1265,13.6051],[80.1271,13.6051],[80.1271,13.6054],[80.1274,13.6054],[80.1274,13.6057],[80.1276,13.6057],[80.1276,13.606],[80.1312,13.606],[80.1312,13.6062],[80.1368,13.6062],[80.1368,13.6065],[80.1376,13.6065],[80.1376,13.6068],[80.1378,13.6068],[80.1382,13.6068],[80.1382,13.6071],[80.139,13.6071],[80.139,13.6074],[80.1393,13.6074],[80.1393,13.6076],[80.1399,13.6076],[80.1399,13.6079],[80.1401,13.6079],[80.1401,13.6082],[80.1407,13.6082],[80.1407,13.6085],[80.141,13.6085],[80.141,13.6088],[80.1415,13.6088],[80.1415,13.609],[80.1418,13.609],[80.1418,13.6093],[80.1421,13.6093],[80.1421,13.6096],[80.1426,13.6096],[80.1426,13.6099],[80.1429,13.6099],[80.1429,13.6101],[80.1435,13.6101],[80.1435,13.6104],[80.1438,13.6104],[80.1438,13.6107],[80.144,13.6107],[80.144,13.611],[80.1446,13.611],[80.1446,13.6112],[80.1449,13.6112],[80.1449,13.6115],[80.1454,13.6115],[80.1454,13.6118],[80.1457,13.6118],[80.1457,13.6124],[80.146,13.6124],[80.146,13.6129],[80.1462,13.6129],[80.1462,13.6135],[80.1465,13.6135],[80.1465,13.6143],[80.1468,13.6143],[80.1468,13.6149],[80.1471,13.6149],[80.1471,13.6154],[80.1473,13.6154],[80.1473,13.6163],[80.1476,13.6163],[80.1476,13.6168],[80.1479,13.6168],[80.1479,13.6174],[80.1482,13.6174],[80.1482,13.6179],[80.1485,13.6179],[80.1485,13.6185],[80.149,13.6185]]],[[[80.0971,13.6415],[80.0971,13.6412],[80.0974,13.6412],[80.0974,13.6401],[80.0971,13.6401],[80.0971,13.6387],[80.0968,13.6388],[80.0968,13.6382],[80.0965,13.6382],[80.0965,13.6376],[80.0963,13.6376],[80.0963,13.6374],[80.096,13.6374],[80.096,13.6371],[80.0954,13.6371],[80.0954,13.6368],[80.0943,13.6368],[80.0943,13.6365],[80.0929,13.6365],[80.0929,13.6362],[80.0915,13.6362],[80.0915,13.6368],[80.0912,13.6368],[80.0912,13.6369],[80.0912,13.6374],[80.0915,13.6374],[80.0915,13.6379],[80.0918,13.6379],[80.0918,13.6382],[80.0921,13.6382],[80.0921,13.6385],[80.0924,13.6385],[80.0924,13.6388],[80.0926,13.6387],[80.0926,13.6393],[80.0929,13.6393],[80.0929,13.6396],[80.0932,13.6396],[80.0932,13.6399],[80.0935,13.6399],[80.0935,13.6401],[80.094,13.6401],[80.094,13.6404],[80.0943,13.6404],[80.0943,13.6407],[80.0946,13.6407],[80.0946,13.641],[80.0949,13.641],[80.0949,13.6412],[80.0953,13.6412],[80.096,13.6412],[80.096,13.6415],[80.0971,13.6415]]],[[[80.1065,13.6529],[80.1065,13.6521],[80.1062,13.6521],[80.1062,13.6515],[80.1065,13.6515],[80.1065,13.6513],[80.1071,13.6513],[80.1071,13.651],[80.1074,13.651],[80.1074,13.6501],[80.1076,13.6501],[80.1076,13.6493],[80.1079,13.6493],[80.1079,13.6485],[80.1082,13.6485],[80.1082,13.6468],[80.1079,13.6468],[80.1079,13.6463],[80.1076,13.6463],[80.1076,13.646],[80.1068,13.646],[80.1068,13.6457],[80.1065,13.6457],[80.1065,13.6454],[80.1062,13.6454],[80.1062,13.6451],[80.106,13.6451],[80.106,13.6443],[80.1057,13.6443],[80.1057,13.6432],[80.1054,13.6432],[80.1054,13.6424],[80.1051,13.6424],[80.1051,13.6415],[80.1049,13.6415],[80.1049,13.6407],[80.1046,13.6407],[80.1046,13.6396],[80.1043,13.6396],[80.1043,13.6388],[80.104,13.6388],[80.104,13.6379],[80.1038,13.6379],[80.1038,13.6374],[80.1035,13.6374],[80.1035,13.6373],[80.1035,13.6371],[80.1029,13.6371],[80.1029,13.6368],[80.1012,13.6368],[80.1012,13.6371],[80.101,13.6371],[80.101,13.6374],[80.1007,13.6374],[80.1007,13.6376],[80.1004,13.6376],[80.1004,13.6385],[80.1001,13.6385],[80.1001,13.6393],[80.1004,13.6393],[80.1004,13.6399],[80.1007,13.6399],[80.1007,13.6401],[80.1007,13.6404],[80.101,13.6404],[80.101,13.641],[80.1012,13.641],[80.1012,13.6415],[80.1015,13.6415],[80.1015,13.6418],[80.1018,13.6418],[80.1018,13.6424],[80.1021,13.6424],[80.1021,13.6429],[80.1024,13.6429],[80.1024,13.6435],[80.1026,13.6435],[80.1026,13.644],[80.1029,13.644],[80.1029,13.6446],[80.1032,13.6446],[80.1032,13.6449],[80.1035,13.6449],[80.1035,13.6454],[80.1038,13.6454],[80.1038,13.6463],[80.104,13.6463],[80.104,13.6468],[80.1043,13.6468],[80.1043,13.6471],[80.1046,13.6471],[80.1046,13.6474],[80.1049,13.6474],[80.1049,13.6482],[80.1051,13.6482],[80.1051,13.649],[80.1054,13.649],[80.1054,13.6501],[80.1057,13.6501],[80.1057,13.6513],[80.106,13.6513],[80.106,13.6526],[80.1062,13.6526],[80.1062,13.6529],[80.1065,13.6529]]],[[[80.1026,13.6776],[80.1026,13.6774],[80.104,13.6774],[80.104,13.6771],[80.1054,13.6771],[80.1054,13.6768],[80.1062,13.6768],[80.1062,13.6757],[80.106,13.6757],[80.106,13.6754],[80.1057,13.6754],[80.1057,13.6749],[80.1054,13.6749],[80.1054,13.6735],[80.1057,13.6735],[80.1057,13.6715],[80.1054,13.6715],[80.1054,13.6699],[80.1051,13.6699],[80.1051,13.6687],[80.1049,13.6687],[80.1049,13.6685],[80.1043,13.6685],[80.1043,13.6682],[80.104,13.6682],[80.104,13.669],[80.1038,13.669],[80.1038,13.6707],[80.104,13.6707],[80.104,13.6718],[80.1038,13.6718],[80.1038,13.6724],[80.1035,13.6724],[80.1035,13.6729],[80.1032,13.6729],[80.1032,13.674],[80.1029,13.674],[80.1029,13.6751],[80.1026,13.6751],[80.1026,13.676],[80.1024,13.676],[80.1024,13.6768],[80.1021,13.6768],[80.1021,13.6776],[80.1026,13.6776]]],[[[80.0599,15.1999],[80.0599,15.1996],[80.0604,15.1996],[80.0604,15.1993],[80.0607,15.1993],[80.0607,15.1987],[80.0612,15.1987],[80.0612,15.1985],[80.0615,15.1985],[80.0615,15.1982],[80.0618,15.1982],[80.0618,15.1979],[80.0621,15.1979],[80.0621,15.1976],[80.0624,15.1976],[80.0624,15.1971],[80.0612,15.1971],[80.0612,15.1974],[80.061,15.1974],[80.061,15.1976],[80.0607,15.1976],[80.0607,15.1979],[80.0604,15.1979],[80.0604,15.1982],[80.0601,15.1982],[80.0601,15.1985],[80.0599,15.1985],[80.0599,15.1987],[80.0596,15.1987],[80.0596,15.199],[80.0593,15.199],[80.0593,15.1996],[80.0596,15.1996],[80.0596,15.1999],[80.0599,15.1999]]],[[[80.2107,15.5015],[80.2107,15.5013],[80.211,15.5013],[80.211,15.5007],[80.2113,15.5007],[80.2113,15.5004],[80.2115,15.5004],[80.2115,15.4999],[80.2118,15.4999],[80.2118,15.4993],[80.2115,15.4993],[80.2115,15.499],[80.2096,15.499],[80.2096,15.4993],[80.2093,15.4993],[80.2093,15.4999],[80.209,15.4999],[80.209,15.5004],[80.2093,15.5004],[80.2093,15.501],[80.2096,15.501],[80.2096,15.5013],[80.2099,15.5013],[80.2099,15.5015],[80.2107,15.5015]]],[[[81.0279,15.7657],[81.0279,15.7654],[81.0287,15.7654],[81.0287,15.7651],[81.0296,15.7651],[81.0296,15.7649],[81.0299,15.7649],[81.0299,15.7646],[81.0296,15.7646],[81.0296,15.7643],[81.0293,15.7643],[81.0293,15.7638],[81.029,15.7638],[81.029,15.7632],[81.0287,15.7632],[81.0287,15.7629],[81.0285,15.7629],[81.0285,15.7626],[81.0282,15.7626],[81.0282,15.7624],[81.0279,15.7624],[81.0279,15.7621],[81.0276,15.7621],[81.0276,15.7618],[81.0274,15.7618],[81.0274,15.7615],[81.0271,15.7615],[81.0271,15.7612],[81.0268,15.7612],[81.0268,15.761],[81.0265,15.761],[81.0265,15.7607],[81.0263,15.7607],[81.0263,15.7604],[81.026,15.7604],[81.026,15.7601],[81.0257,15.7601],[81.0257,15.7599],[81.0254,15.7599],[81.0254,15.7596],[81.0251,15.7596],[81.0251,15.7593],[81.0249,15.7593],[81.0249,15.759],[81.0246,15.759],[81.0246,15.7587],[81.0243,15.7587],[81.0243,15.7585],[81.024,15.7585],[81.024,15.7582],[81.0238,15.7582],[81.0238,15.7579],[81.0229,15.7579],[81.0229,15.7577],[81.0218,15.7577],[81.0218,15.7574],[81.021,15.7574],[81.021,15.7577],[81.0204,15.7577],[81.0204,15.7579],[81.0201,15.7579],[81.0201,15.7582],[81.0204,15.7582],[81.0204,15.7585],[81.021,15.7585],[81.021,15.7587],[81.0212,15.7587],[81.0212,15.759],[81.0218,15.759],[81.0218,15.7593],[81.0224,15.7593],[81.0224,15.7596],[81.0229,15.7596],[81.0229,15.7599],[81.0232,15.7599],[81.0232,15.7601],[81.0238,15.7601],[81.0238,15.7604],[81.0243,15.7604],[81.0243,15.7607],[81.0249,15.7607],[81.0249,15.761],[81.0251,15.761],[81.0251,15.7612],[81.0257,15.7612],[81.0257,15.7618],[81.026,15.7618],[81.026,15.7624],[81.0263,15.7624],[81.0263,15.7629],[81.0265,15.7629],[81.0265,15.7635],[81.0268,15.7635],[81.0268,15.764],[81.0271,15.764],[81.0271,15.7646],[81.0274,15.7646],[81.0274,15.7651],[81.0276,15.7651],[81.0276,15.7657],[81.0279,15.7657]]],[[[80.7829,15.8376],[80.7829,15.8371],[80.7832,15.8371],[80.7832,15.8368],[80.7835,15.8368],[80.7835,15.8365],[80.784,15.8365],[80.784,15.8363],[80.7843,15.8363],[80.7843,15.836],[80.7846,15.836],[80.7846,15.8357],[80.7849,15.8357],[80.7849,15.8354],[80.7854,15.8354],[80.7854,15.8351],[80.786,15.8351],[80.786,15.8349],[80.7862,15.8349],[80.7862,15.8346],[80.7868,15.8346],[80.7868,15.8343],[80.7871,15.8343],[80.7871,15.834],[80.7874,15.834],[80.7874,15.8338],[80.7876,15.8338],[80.7876,15.8335],[80.7885,15.8335],[80.7885,15.8332],[80.7893,15.8332],[80.7893,15.8329],[80.7896,15.8329],[80.7896,15.8326],[80.7899,15.8326],[80.7899,15.8324],[80.7901,15.8324],[80.7901,15.8321],[80.7904,15.8321],[80.7904,15.8315],[80.7907,15.8315],[80.7907,15.8312],[80.791,15.8312],[80.791,15.8307],[80.7913,15.8307],[80.7913,15.8301],[80.7915,15.8301],[80.7915,15.8296],[80.7918,15.8296],[80.7918,15.8276],[80.7921,15.8276],[80.7921,15.8274],[80.7924,15.8274],[80.7924,15.8271],[80.7932,15.8271],[80.7932,15.8268],[80.7935,15.8268],[80.7935,15.8265],[80.7937,15.8265],[80.7937,15.8263],[80.7932,15.8263],[80.7932,15.826],[80.7926,15.826],[80.7926,15.8257],[80.7921,15.8257],[80.7921,15.8251],[80.7918,15.8251],[80.7918,15.8243],[80.7915,15.8243],[80.7915,15.824],[80.791,15.824],[80.791,15.8237],[80.7904,15.8237],[80.7904,15.824],[80.7899,15.824],[80.7899,15.8243],[80.7893,15.8243],[80.7893,15.8249],[80.789,15.8249],[80.789,15.8254],[80.7887,15.8254],[80.7887,15.826],[80.7885,15.826],[80.7885,15.8265],[80.7882,15.8265],[80.7882,15.8271],[80.7879,15.8271],[80.7879,15.8276],[80.7876,15.8276],[80.7876,15.8282],[80.7874,15.8282],[80.7874,15.8285],[80.7871,15.8285],[80.7871,15.829],[80.7868,15.829],[80.7868,15.8293],[80.7865,15.8293],[80.7865,15.8296],[80.7862,15.8296],[80.7862,15.8299],[80.786,15.8299],[80.786,15.831],[80.7857,15.831],[80.7857,15.8315],[80.7854,15.8315],[80.7854,15.8321],[80.7851,15.8321],[80.7851,15.8324],[80.7849,15.8324],[80.7849,15.8329],[80.7846,15.8329],[80.7846,15.8335],[80.7843,15.8335],[80.7843,15.8338],[80.784,15.8338],[80.784,15.834],[80.7838,15.834],[80.7838,15.8346],[80.7835,15.8346],[80.7835,15.8349],[80.7832,15.8349],[80.7832,15.8351],[80.7829,15.8351],[80.7829,15.8357],[80.7826,15.8357],[80.7826,15.8363],[80.7823,15.8363],[80.7823,15.8368],[80.7821,15.8368],[80.7821,15.8376],[80.7829,15.8376]]],[[[80.7879,15.8432],[80.7879,15.8429],[80.7885,15.8429],[80.7885,15.8426],[80.789,15.8426],[80.789,15.8424],[80.7893,15.8424],[80.7893,15.8421],[80.7899,15.8421],[80.7899,15.8418],[80.7904,15.8418],[80.7904,15.8407],[80.7901,15.8407],[80.7901,15.8404],[80.7899,15.8404],[80.7899,15.8401],[80.7896,15.8401],[80.7896,15.8399],[80.7893,15.8399],[80.7893,15.8396],[80.789,15.8396],[80.789,15.8382],[80.7887,15.8382],[80.7887,15.8376],[80.7879,15.8376],[80.7879,15.8379],[80.7876,15.8379],[80.7876,15.8382],[80.7874,15.8382],[80.7874,15.8401],[80.7871,15.8401],[80.7871,15.841],[80.7868,15.841],[80.7868,15.8413],[80.7865,15.8413],[80.7865,15.8415],[80.7862,15.8415],[80.7862,15.8426],[80.7865,15.8426],[80.7865,15.8429],[80.7868,15.8429],[80.7868,15.8432],[80.7879,15.8432]]],[[[80.786,15.8565],[80.786,15.8563],[80.7862,15.8563],[80.7862,15.856],[80.7868,15.856],[80.7868,15.8557],[80.7871,15.8557],[80.7871,15.8554],[80.7874,15.8554],[80.7874,15.8551],[80.7876,15.8551],[80.7876,15.8546],[80.7879,15.8546],[80.7879,15.8518],[80.7876,15.8518],[80.7876,15.851],[80.7879,15.851],[80.7879,15.8493],[80.7882,15.8493],[80.7882,15.846],[80.7879,15.846],[80.7879,15.8457],[80.7876,15.8457],[80.7876,15.8449],[80.7871,15.8449],[80.7871,15.8451],[80.7865,15.8451],[80.7865,15.8454],[80.7862,15.8454],[80.7862,15.8457],[80.786,15.8457],[80.786,15.8462],[80.7857,15.8462],[80.7857,15.8465],[80.7854,15.8465],[80.7854,15.8474],[80.7851,15.8474],[80.7851,15.8479],[80.7849,15.8479],[80.7849,15.8485],[80.7846,15.8485],[80.7846,15.8504],[80.7843,15.8504],[80.7843,15.8515],[80.784,15.8515],[80.784,15.8521],[80.7838,15.8521],[80.7838,15.8546],[80.784,15.8546],[80.784,15.8551],[80.7843,15.8551],[80.7843,15.8554],[80.7849,15.8554],[80.7849,15.8557],[80.7851,15.8557],[80.7851,15.856],[80.7854,15.856],[80.7854,15.8563],[80.7857,15.8563],[80.7857,15.8565],[80.786,15.8565]]],[[[80.7735,15.8618],[80.7735,15.8613],[80.7738,15.8613],[80.7738,15.861],[80.774,15.861],[80.774,15.8601],[80.7743,15.8601],[80.7743,15.8596],[80.7746,15.8596],[80.7746,15.859],[80.7749,15.859],[80.7749,15.8588],[80.7754,15.8588],[80.7754,15.8582],[80.7757,15.8582],[80.7757,15.8579],[80.776,15.8579],[80.776,15.8557],[80.7763,15.8557],[80.7763,15.8554],[80.7765,15.8554],[80.7765,15.8551],[80.7768,15.8551],[80.7768,15.854],[80.7771,15.854],[80.7771,15.8515],[80.7776,15.8515],[80.7776,15.8513],[80.7779,15.8513],[80.7779,15.851],[80.7787,15.851],[80.7787,15.8504],[80.779,15.8504],[80.779,15.8501],[80.7793,15.8501],[80.7793,15.8488],[80.7796,15.8488],[80.7796,15.8485],[80.7799,15.8485],[80.7799,15.8479],[80.7801,15.8479],[80.7801,15.8471],[80.7804,15.8471],[80.7804,15.8462],[80.7807,15.8462],[80.7807,15.8449],[80.7804,15.8449],[80.7804,15.8437],[80.7804,15.8435],[80.7799,15.8435],[80.7799,15.8438],[80.7796,15.8438],[80.7796,15.8443],[80.7796,15.8446],[80.7793,15.8446],[80.7793,15.8451],[80.779,15.8451],[80.779,15.846],[80.7787,15.846],[80.7787,15.8462],[80.7785,15.8462],[80.7785,15.8468],[80.7782,15.8468],[80.7782,15.8471],[80.7779,15.8471],[80.7779,15.8474],[80.7776,15.8474],[80.7776,15.8479],[80.7774,15.8479],[80.7774,15.8485],[80.7771,15.8485],[80.7771,15.8488],[80.7768,15.8488],[80.7768,15.849],[80.7765,15.849],[80.7765,15.8496],[80.7763,15.8496],[80.7763,15.8499],[80.776,15.8499],[80.776,15.8501],[80.7757,15.8501],[80.7757,15.8504],[80.7754,15.8504],[80.7754,15.851],[80.7751,15.851],[80.7751,15.8515],[80.7749,15.8515],[80.7749,15.8521],[80.7746,15.8521],[80.7746,15.8526],[80.7743,15.8526],[80.7743,15.8529],[80.774,15.8529],[80.774,15.8532],[80.7738,15.8532],[80.7738,15.8535],[80.7735,15.8535],[80.7735,15.8538],[80.7732,15.8538],[80.7732,15.854],[80.7729,15.854],[80.7729,15.8549],[80.7726,15.8549],[80.7726,15.8554],[80.7724,15.8554],[80.7724,15.8557],[80.7721,15.8557],[80.7721,15.856],[80.7718,15.856],[80.7718,15.8574],[80.7715,15.8574],[80.7715,15.8588],[80.7718,15.8588],[80.7718,15.8601],[80.7721,15.8601],[80.7721,15.8604],[80.7724,15.8604],[80.7724,15.861],[80.7726,15.861],[80.7726,15.8615],[80.7729,15.8615],[80.7729,15.8618],[80.7735,15.8618]]],[[[81.5418,16.3554],[81.5418,16.3551],[81.5421,16.3551],[81.5421,16.3549],[81.5426,16.3549],[81.5426,16.3546],[81.5429,16.3546],[81.5429,16.3543],[81.5432,16.3543],[81.5432,16.354],[81.5435,16.354],[81.5435,16.3538],[81.544,16.3538],[81.544,16.3535],[81.5443,16.3535],[81.5443,16.3532],[81.5446,16.3532],[81.5446,16.3529],[81.5449,16.3529],[81.5449,16.3526],[81.5451,16.3526],[81.5454,16.3526],[81.5454,16.3524],[81.5457,16.3524],[81.5457,16.3521],[81.546,16.3521],[81.546,16.3518],[81.5462,16.3518],[81.5462,16.3515],[81.5465,16.3515],[81.5465,16.3512],[81.5468,16.3512],[81.5468,16.351],[81.5471,16.351],[81.5471,16.3507],[81.5474,16.3507],[81.5474,16.3496],[81.5471,16.3496],[81.5471,16.3493],[81.5468,16.3493],[81.5468,16.349],[81.5462,16.349],[81.5462,16.3488],[81.5454,16.3488],[81.5454,16.3485],[81.5451,16.3485],[81.5451,16.3482],[81.5437,16.3482],[81.5432,16.3482],[81.5432,16.3485],[81.5407,16.3485],[81.5407,16.3488],[81.5404,16.3488],[81.5404,16.3485],[81.5401,16.3485],[81.5401,16.3488],[81.5399,16.3488],[81.5399,16.3485],[81.5396,16.3485],[81.5396,16.3488],[81.5387,16.3488],[81.5387,16.3485],[81.5374,16.3485],[81.5374,16.3488],[81.5318,16.3488],[81.5318,16.349],[81.5315,16.349],[81.5315,16.3488],[81.531,16.3488],[81.531,16.349],[81.524,16.349],[81.524,16.3493],[81.5193,16.3493],[81.5193,16.3496],[81.5149,16.3496],[81.5149,16.3499],[81.5135,16.3499],[81.5135,16.3501],[81.5132,16.3501],[81.5132,16.3512],[81.5135,16.3512],[81.5135,16.3515],[81.514,16.3515],[81.514,16.3518],[81.5143,16.3518],[81.5143,16.3521],[81.5146,16.3521],[81.5146,16.3524],[81.5151,16.3524],[81.5151,16.3526],[81.5154,16.3526],[81.5154,16.3529],[81.5157,16.3529],[81.5157,16.3532],[81.5165,16.3532],[81.5165,16.3535],[81.5171,16.3535],[81.5171,16.3538],[81.5179,16.3538],[81.5179,16.354],[81.5193,16.354],[81.5193,16.3543],[81.5204,16.3543],[81.5204,16.3546],[81.5221,16.3546],[81.5221,16.3543],[81.5224,16.3543],[81.5224,16.3535],[81.5226,16.3535],[81.5226,16.3524],[81.5229,16.3524],[81.5229,16.3518],[81.5235,16.3518],[81.5235,16.3515],[81.524,16.3515],[81.524,16.3512],[81.5246,16.3512],[81.5246,16.351],[81.5251,16.351],[81.5251,16.3507],[81.5285,16.3507],[81.5285,16.351],[81.5287,16.351],[81.5287,16.3515],[81.529,16.3515],[81.529,16.3518],[81.5301,16.3518],[81.5301,16.3515],[81.5324,16.3515],[81.5324,16.3518],[81.5335,16.3518],[81.5335,16.3521],[81.5338,16.3521],[81.5338,16.3524],[81.534,16.3524],[81.534,16.3526],[81.5343,16.3526],[81.5343,16.3529],[81.5346,16.3529],[81.5346,16.3532],[81.5349,16.3532],[81.5349,16.3535],[81.5351,16.3535],[81.5351,16.3538],[81.5354,16.3538],[81.5354,16.354],[81.536,16.354],[81.536,16.3543],[81.5362,16.3543],[81.5362,16.3546],[81.5365,16.3546],[81.5365,16.3549],[81.5382,16.3549],[81.5382,16.3551],[81.5399,16.3551],[81.5399,16.3554],[81.5418,16.3554]]],[[[81.5351,16.356],[81.5351,16.3557],[81.5354,16.3557],[81.5354,16.3546],[81.5351,16.3546],[81.5351,16.3543],[81.5349,16.3543],[81.5349,16.354],[81.5346,16.354],[81.5346,16.3535],[81.5343,16.3535],[81.5343,16.3532],[81.5338,16.3532],[81.5338,16.3529],[81.5335,16.3529],[81.5335,16.3524],[81.5326,16.3524],[81.5326,16.3526],[81.5315,16.3526],[81.5315,16.3538],[81.5318,16.3538],[81.5318,16.3546],[81.5321,16.3546],[81.5321,16.3549],[81.5324,16.3549],[81.5324,16.3554],[81.5329,16.3554],[81.5329,16.3557],[81.5335,16.3557],[81.5335,16.356],[81.5351,16.356]]],[[[82.3174,16.5765],[82.3174,16.5746],[82.3171,16.5746],[82.3171,16.574],[82.3168,16.574],[82.3168,16.5737],[82.3165,16.5737],[82.3165,16.5735],[82.3154,16.5735],[82.3154,16.5737],[82.3149,16.5737],[82.3149,16.5749],[82.3151,16.5749],[82.3151,16.5754],[82.3154,16.5754],[82.3154,16.576],[82.316,16.576],[82.316,16.5763],[82.3162,16.5763],[82.3162,16.5765],[82.3174,16.5765]]],[[[82.2624,16.6779],[82.2624,16.6776],[82.2626,16.6776],[82.2626,16.6774],[82.2629,16.6774],[82.2629,16.6754],[82.2632,16.6754],[82.2632,16.6749],[82.2635,16.6749],[82.2635,16.6746],[82.2632,16.6746],[82.2632,16.6743],[82.2635,16.6743],[82.2635,16.6735],[82.2632,16.6735],[82.2632,16.6718],[82.2629,16.6718],[82.2629,16.6699],[82.2626,16.6699],[82.2626,16.6696],[82.2624,16.6696],[82.2624,16.6699],[82.2621,16.6699],[82.2621,16.6701],[82.2618,16.6701],[82.2618,16.6707],[82.2615,16.6707],[82.2615,16.6726],[82.2613,16.6726],[82.2613,16.6735],[82.261,16.6735],[82.261,16.676],[82.2607,16.676],[82.2607,16.6763],[82.261,16.6763],[82.261,16.6774],[82.2613,16.6774],[82.2613,16.6776],[82.2615,16.6776],[82.2615,16.6779],[82.2624,16.6779]]],[[[82.2995,16.7143],[82.2996,16.714],[82.2994,16.714],[82.2994,16.7141],[82.2995,16.7143]]],[[[82.3079,16.7165],[82.3079,16.7162],[82.3082,16.7162],[82.3082,16.716],[82.309,16.716],[82.309,16.7143],[82.3082,16.7143],[82.3082,16.714],[82.3079,16.714],[82.3079,16.7138],[82.3076,16.7138],[82.3076,16.7135],[82.3074,16.7135],[82.3074,16.7132],[82.3071,16.7132],[82.3071,16.7129],[82.306,16.7129],[82.306,16.7126],[82.3049,16.7126],[82.3049,16.7124],[82.3037,16.7124],[82.3037,16.7121],[82.3032,16.7121],[82.3032,16.7118],[82.3024,16.7118],[82.3024,16.7115],[82.3018,16.7115],[82.3018,16.7113],[82.3015,16.7113],[82.3015,16.711],[82.3004,16.711],[82.3004,16.7113],[82.3001,16.7113],[82.3001,16.7124],[82.3004,16.7124],[82.3004,16.7126],[82.3001,16.7126],[82.3001,16.7129],[82.3007,16.7129],[82.3007,16.7132],[82.301,16.7132],[82.301,16.7135],[82.3012,16.7135],[82.3012,16.7138],[82.3015,16.7138],[82.3015,16.714],[82.3021,16.714],[82.3021,16.7143],[82.3029,16.7143],[82.3029,16.7146],[82.3032,16.7146],[82.3032,16.7149],[82.3037,16.7149],[82.3037,16.7151],[82.3043,16.7151],[82.3043,16.7154],[82.3046,16.7154],[82.3046,16.7157],[82.3049,16.7157],[82.3049,16.716],[82.3051,16.716],[82.3051,16.7162],[82.3071,16.7162],[82.3071,16.7165],[82.3079,16.7165]]],[[[82.3149,16.726],[82.3149,16.7249],[82.3146,16.7249],[82.3146,16.7235],[82.3143,16.7235],[82.3143,16.7226],[82.314,16.7226],[82.314,16.7196],[82.3138,16.7196],[82.3138,16.7199],[82.3135,16.7199],[82.3135,16.7196],[82.3124,16.7196],[82.3124,16.7193],[82.3118,16.7193],[82.3118,16.719],[82.3112,16.719],[82.3112,16.7187],[82.3099,16.7187],[82.3099,16.719],[82.3096,16.719],[82.3096,16.7193],[82.3093,16.7193],[82.3093,16.7196],[82.309,16.7196],[82.309,16.7199],[82.3093,16.7199],[82.3093,16.7204],[82.3096,16.7204],[82.3096,16.7207],[82.3099,16.7207],[82.3099,16.7213],[82.3101,16.7213],[82.3101,16.7215],[82.3104,16.7215],[82.3104,16.7218],[82.3107,16.7218],[82.3107,16.7221],[82.311,16.7221],[82.311,16.7226],[82.3112,16.7226],[82.3112,16.7229],[82.3115,16.7229],[82.3115,16.7232],[82.3118,16.7232],[82.3118,16.7238],[82.3121,16.7238],[82.3121,16.724],[82.3124,16.724],[82.3124,16.7243],[82.3126,16.7243],[82.3126,16.7246],[82.3129,16.7246],[82.3129,16.7249],[82.3132,16.7249],[82.3132,16.7251],[82.3135,16.7251],[82.3135,16.7254],[82.3138,16.7254],[82.3138,16.7257],[82.314,16.7257],[82.314,16.726],[82.3149,16.726]]],[[[82.3321,16.7249],[82.3321,16.7251],[82.3318,16.7251],[82.3318,16.7254],[82.3315,16.7254],[82.3315,16.726],[82.3313,16.726],[82.3313,16.7262],[82.3315,16.7262],[82.3315,16.7265],[82.3318,16.7265],[82.3318,16.7271],[82.3315,16.7271],[82.3315,16.7276],[82.3318,16.7276],[82.3318,16.7282],[82.3324,16.7282],[82.3324,16.7279],[82.3326,16.7279],[82.3326,16.7276],[82.3332,16.7276],[82.3332,16.7271],[82.3335,16.7271],[82.3335,16.7265],[82.3332,16.7265],[82.3332,16.7262],[82.3335,16.7262],[82.3335,16.726],[82.3337,16.726],[82.3337,16.7251],[82.3332,16.7251],[82.3332,16.7249],[82.3321,16.7249]]],[[[82.3321,16.7249],[82.3321,16.7246],[82.3318,16.7246],[82.3318,16.7243],[82.3324,16.7243],[82.3324,16.7226],[82.3326,16.7226],[82.3326,16.7221],[82.3329,16.7221],[82.3329,16.7213],[82.3332,16.7213],[82.3332,16.7207],[82.3335,16.7207],[82.3335,16.7204],[82.3337,16.7204],[82.3337,16.7201],[82.3343,16.7201],[82.3343,16.7199],[82.3346,16.7199],[82.3346,16.7196],[82.3363,16.7196],[82.3363,16.7199],[82.3365,16.7199],[82.3365,16.7201],[82.3368,16.7201],[82.3368,16.7199],[82.3376,16.7199],[82.3376,16.7196],[82.3374,16.7196],[82.3374,16.7187],[82.3371,16.7187],[82.3371,16.7179],[82.3368,16.7179],[82.3368,16.7171],[82.3363,16.7171],[82.3363,16.7168],[82.336,16.7168],[82.336,16.7165],[82.3357,16.7165],[82.3357,16.7162],[82.336,16.7162],[82.336,16.716],[82.3354,16.716],[82.3354,16.7157],[82.336,16.7157],[82.336,16.7154],[82.3365,16.7154],[82.3365,16.7151],[82.3371,16.7151],[82.3371,16.7154],[82.3374,16.7154],[82.3374,16.7151],[82.3379,16.7151],[82.3379,16.7149],[82.3385,16.7149],[82.3385,16.7146],[82.339,16.7146],[82.339,16.714],[82.3393,16.714],[82.3393,16.7129],[82.3396,16.7129],[82.3396,16.7124],[82.3399,16.7124],[82.3399,16.7118],[82.3401,16.7118],[82.3401,16.7115],[82.3404,16.7115],[82.3404,16.711],[82.3407,16.711],[82.3407,16.7104],[82.341,16.7104],[82.341,16.7101],[82.3412,16.7101],[82.3412,16.7096],[82.3415,16.7096],[82.3415,16.709],[82.3418,16.709],[82.3418,16.7085],[82.3421,16.7085],[82.3421,16.7082],[82.3432,16.7082],[82.3432,16.7079],[82.3435,16.7079],[82.3435,16.7076],[82.344,16.7076],[82.344,16.7074],[82.3443,16.7074],[82.3443,16.706],[82.3446,16.706],[82.3446,16.7051],[82.3449,16.7051],[82.3449,16.7043],[82.3446,16.7043],[82.3446,16.7038],[82.3432,16.7038],[82.3432,16.704],[82.3426,16.704],[82.3426,16.7043],[82.3421,16.7043],[82.3421,16.7046],[82.3418,16.7046],[82.3418,16.7043],[82.3412,16.7043],[82.3412,16.704],[82.341,16.704],[82.341,16.7038],[82.3404,16.7038],[82.3404,16.7032],[82.3401,16.7032],[82.3401,16.7029],[82.3399,16.7029],[82.3399,16.7026],[82.3396,16.7026],[82.3396,16.7024],[82.3393,16.7024],[82.3393,16.7021],[82.339,16.7021],[82.339,16.7018],[82.3388,16.7018],[82.3388,16.7015],[82.3382,16.7015],[82.3382,16.7013],[82.3379,16.7013],[82.3379,16.701],[82.3376,16.701],[82.3376,16.7007],[82.3374,16.7007],[82.3374,16.7004],[82.3365,16.7004],[82.3365,16.6999],[82.3363,16.6999],[82.3363,16.6993],[82.336,16.6993],[82.336,16.699],[82.3357,16.699],[82.3357,16.6987],[82.3351,16.6987],[82.3351,16.6982],[82.3349,16.6982],[82.3349,16.6976],[82.3346,16.6976],[82.3346,16.6965],[82.3343,16.6965],[82.3343,16.6954],[82.3346,16.6954],[82.3346,16.6949],[82.3349,16.6949],[82.3349,16.6938],[82.3351,16.6938],[82.3351,16.6932],[82.3354,16.6932],[82.3354,16.6926],[82.3357,16.6926],[82.3357,16.6918],[82.336,16.6918],[82.336,16.6915],[82.3363,16.6915],[82.3363,16.6912],[82.3371,16.6912],[82.3371,16.6915],[82.3376,16.6915],[82.3376,16.6918],[82.3379,16.6918],[82.3379,16.6921],[82.3385,16.6921],[82.3385,16.6924],[82.3388,16.6924],[82.3388,16.6926],[82.339,16.6926],[82.339,16.6929],[82.3393,16.6929],[82.3393,16.6932],[82.3399,16.6932],[82.3399,16.6935],[82.3401,16.6935],[82.3401,16.694],[82.3404,16.694],[82.3404,16.6943],[82.341,16.6943],[82.341,16.6946],[82.3412,16.6946],[82.3412,16.6949],[82.3415,16.6949],[82.3415,16.6954],[82.3421,16.6954],[82.3421,16.6957],[82.3426,16.6957],[82.3426,16.6963],[82.3429,16.6963],[82.3429,16.6971],[82.3432,16.6971],[82.3432,16.6976],[82.3435,16.6976],[82.3435,16.6979],[82.3438,16.6979],[82.3438,16.6985],[82.3443,16.6985],[82.3443,16.6987],[82.3451,16.6987],[82.3451,16.699],[82.3454,16.699],[82.3454,16.6993],[82.346,16.6993],[82.346,16.6996],[82.3463,16.6996],[82.3463,16.6999],[82.3465,16.6999],[82.3465,16.7001],[82.3468,16.7001],[82.3468,16.7004],[82.3471,16.7004],[82.3471,16.7007],[82.3476,16.7007],[82.3476,16.701],[82.3482,16.701],[82.3482,16.7013],[82.3485,16.7013],[82.3485,16.7018],[82.3487,16.7018],[82.3487,16.7029],[82.349,16.7029],[82.349,16.7035],[82.3493,16.7035],[82.3493,16.704],[82.3496,16.704],[82.3496,16.7043],[82.3504,16.7043],[82.3504,16.7046],[82.351,16.7046],[82.351,16.7049],[82.3512,16.7049],[82.3512,16.7051],[82.3515,16.7051],[82.3515,16.7054],[82.3521,16.7054],[82.3521,16.7057],[82.3524,16.7057],[82.3524,16.706],[82.3526,16.706],[82.3526,16.7068],[82.3529,16.7068],[82.3529,16.7074],[82.3526,16.7074],[82.3526,16.7085],[82.3529,16.7085],[82.3529,16.7099],[82.3524,16.7099],[82.3524,16.7101],[82.3507,16.7101],[82.3507,16.7099],[82.3479,16.7099],[82.3479,16.7104],[82.3476,16.7104],[82.3476,16.711],[82.3479,16.711],[82.3479,16.7124],[82.3471,16.7124],[82.3471,16.7121],[82.3463,16.7121],[82.3463,16.7118],[82.346,16.7118],[82.346,16.7121],[82.3446,16.7121],[82.3446,16.7118],[82.3443,16.7118],[82.3443,16.7115],[82.344,16.7115],[82.344,16.7113],[82.3435,16.7113],[82.3435,16.7107],[82.3432,16.7107],[82.3432,16.7104],[82.3429,16.7104],[82.3429,16.7107],[82.3426,16.7107],[82.3426,16.711],[82.3424,16.711],[82.3424,16.7118],[82.3421,16.7118],[82.3421,16.7124],[82.3418,16.7124],[82.3418,16.7132],[82.3416,16.7132],[82.3415,16.714],[82.3412,16.714],[82.3412,16.7146],[82.341,16.7146],[82.341,16.7151],[82.3407,16.7151],[82.3407,16.7157],[82.3401,16.7157],[82.3401,16.716],[82.3404,16.716],[82.3404,16.7162],[82.3401,16.7162],[82.3401,16.7171],[82.3396,16.7171],[82.3396,16.7174],[82.3399,16.7174],[82.3399,16.7182],[82.3404,16.7182],[82.3404,16.7185],[82.3407,16.7185],[82.3407,16.7182],[82.3412,16.7182],[82.3412,16.7179],[82.3418,16.7179],[82.3418,16.7176],[82.3435,16.7176],[82.3435,16.7174],[82.344,16.7174],[82.344,16.7171],[82.346,16.7171],[82.346,16.7165],[82.3468,16.7165],[82.3468,16.716],[82.3474,16.716],[82.3474,16.7157],[82.3485,16.7157],[82.3485,16.7154],[82.349,16.7154],[82.349,16.7151],[82.3518,16.7151],[82.3518,16.7154],[82.3521,16.7154],[82.3521,16.7157],[82.3524,16.7157],[82.3524,16.7151],[82.3526,16.7151],[82.3526,16.7146],[82.3535,16.7146],[82.3535,16.7143],[82.3543,16.7143],[82.3543,16.714],[82.3546,16.714],[82.3546,16.7138],[82.3549,16.7138],[82.3549,16.7129],[82.3551,16.7129],[82.3551,16.7126],[82.3554,16.7126],[82.3554,16.7124],[82.3582,16.7124],[82.3582,16.7121],[82.3587,16.7121],[82.3587,16.7124],[82.359,16.7124],[82.359,16.7129],[82.3593,16.7129],[82.3593,16.7132],[82.3599,16.7132],[82.3599,16.7135],[82.3604,16.7135],[82.3604,16.7138],[82.3607,16.7138],[82.3607,16.7143],[82.361,16.7143],[82.361,16.7146],[82.3613,16.7146],[82.3613,16.7149],[82.3615,16.7149],[82.3615,16.7151],[82.3621,16.7151],[82.3621,16.7154],[82.3626,16.7154],[82.3626,16.7157],[82.3629,16.7157],[82.3629,16.7162],[82.3632,16.7162],[82.3632,16.7165],[82.3635,16.7165],[82.3635,16.7171],[82.3637,16.7171],[82.3637,16.7174],[82.3643,16.7174],[82.3643,16.7176],[82.3646,16.7176],[82.3646,16.7179],[82.3649,16.7179],[82.3649,16.719],[82.3646,16.719],[82.3646,16.7207],[82.3649,16.7207],[82.3649,16.7215],[82.3646,16.7215],[82.3646,16.7229],[82.3643,16.7229],[82.3643,16.7235],[82.364,16.7235],[82.364,16.7238],[82.3637,16.7238],[82.3637,16.7249],[82.3635,16.7249],[82.3635,16.7254],[82.3632,16.7254],[82.3632,16.7257],[82.3621,16.7257],[82.3621,16.7254],[82.3599,16.7254],[82.3599,16.726],[82.3596,16.726],[82.3596,16.7262],[82.359,16.7262],[82.359,16.7265],[82.3587,16.7265],[82.3587,16.7268],[82.3582,16.7268],[82.3582,16.7271],[82.3579,16.7271],[82.3579,16.7276],[82.3585,16.7276],[82.3585,16.7279],[82.359,16.7279],[82.359,16.7282],[82.3593,16.7282],[82.3593,16.7285],[82.3604,16.7285],[82.3604,16.7282],[82.3607,16.7282],[82.3607,16.7276],[82.3613,16.7276],[82.3613,16.7274],[82.3615,16.7274],[82.3615,16.7271],[82.3646,16.7271],[82.3646,16.7262],[82.3649,16.7262],[82.3649,16.726],[82.3654,16.726],[82.3654,16.7257],[82.366,16.7257],[82.366,16.7251],[82.3665,16.7251],[82.3665,16.724],[82.3671,16.724],[82.3671,16.7243],[82.3676,16.7243],[82.3676,16.724],[82.3682,16.724],[82.3682,16.7229],[82.3679,16.7229],[82.3679,16.7224],[82.3676,16.7224],[82.3676,16.7218],[82.3674,16.7218],[82.3674,16.7213],[82.3671,16.7213],[82.3671,16.7207],[82.3674,16.7207],[82.3674,16.7204],[82.3676,16.7204],[82.3676,16.7199],[82.3674,16.7199],[82.3674,16.7193],[82.3671,16.7193],[82.3671,16.7185],[82.3668,16.7185],[82.3668,16.7182],[82.3662,16.7182],[82.3662,16.7176],[82.366,16.7176],[82.366,16.7171],[82.3657,16.7171],[82.3657,16.7165],[82.3654,16.7165],[82.3654,16.716],[82.3651,16.716],[82.3651,16.7154],[82.3649,16.7154],[82.3649,16.7149],[82.3646,16.7149],[82.3646,16.7143],[82.3643,16.7143],[82.3643,16.714],[82.364,16.714],[82.364,16.7138],[82.3637,16.7138],[82.3637,16.7132],[82.3635,16.7132],[82.3635,16.7129],[82.3632,16.7129],[82.3632,16.7126],[82.3629,16.7126],[82.3629,16.7121],[82.3626,16.7121],[82.3626,16.7118],[82.3624,16.7118],[82.3624,16.7115],[82.3621,16.7115],[82.3621,16.711],[82.3618,16.711],[82.3618,16.7107],[82.3615,16.7107],[82.3615,16.7104],[82.3613,16.7104],[82.3613,16.7101],[82.361,16.7101],[82.361,16.7099],[82.3607,16.7099],[82.3607,16.7096],[82.3604,16.7096],[82.3604,16.7093],[82.3601,16.7093],[82.3601,16.709],[82.3599,16.709],[82.3599,16.7085],[82.3596,16.7085],[82.3596,16.7082],[82.3593,16.7082],[82.3593,16.7076],[82.359,16.7076],[82.359,16.7074],[82.3587,16.7074],[82.3587,16.7068],[82.3585,16.7068],[82.3585,16.7065],[82.3582,16.7065],[82.3582,16.706],[82.3579,16.706],[82.3579,16.7057],[82.3576,16.7057],[82.3576,16.7051],[82.3568,16.7051],[82.3568,16.7043],[82.3565,16.7043],[82.3565,16.704],[82.3562,16.704],[82.3562,16.7038],[82.356,16.7038],[82.356,16.7035],[82.3551,16.7035],[82.3551,16.7032],[82.3543,16.7032],[82.3543,16.7024],[82.354,16.7024],[82.354,16.7015],[82.3538,16.7015],[82.3538,16.7013],[82.3535,16.7013],[82.3535,16.701],[82.3532,16.701],[82.3532,16.7007],[82.3529,16.7007],[82.3529,16.7004],[82.3526,16.7004],[82.3526,16.6999],[82.3524,16.6999],[82.3524,16.6996],[82.3521,16.6996],[82.3521,16.6993],[82.3518,16.6993],[82.3518,16.6987],[82.3515,16.6987],[82.3515,16.6985],[82.3512,16.6985],[82.3512,16.6982],[82.351,16.6982],[82.351,16.6979],[82.3507,16.6979],[82.3507,16.6976],[82.3504,16.6976],[82.3504,16.6974],[82.3501,16.6974],[82.3501,16.6971],[82.3499,16.6971],[82.3499,16.6968],[82.3496,16.6968],[82.3496,16.6965],[82.3493,16.6965],[82.3493,16.6963],[82.349,16.6963],[82.349,16.696],[82.3487,16.696],[82.3487,16.6954],[82.3485,16.6954],[82.3485,16.6951],[82.3482,16.6951],[82.3482,16.6946],[82.3479,16.6946],[82.3479,16.6943],[82.3476,16.6943],[82.3476,16.694],[82.3474,16.694],[82.3474,16.6938],[82.3471,16.6938],[82.3471,16.6935],[82.3468,16.6935],[82.3468,16.6932],[82.3463,16.6932],[82.3463,16.6929],[82.346,16.6929],[82.346,16.6926],[82.3457,16.6926],[82.3457,16.6924],[82.3454,16.6924],[82.3454,16.6921],[82.3451,16.6921],[82.3451,16.6918],[82.3449,16.6918],[82.3449,16.6912],[82.3446,16.6912],[82.3446,16.6907],[82.3443,16.6907],[82.3443,16.6901],[82.344,16.6901],[82.344,16.6896],[82.3429,16.6896],[82.3429,16.6893],[82.3426,16.6893],[82.3426,16.689],[82.3424,16.689],[82.3424,16.6885],[82.3421,16.6885],[82.3421,16.6882],[82.3418,16.6882],[82.3418,16.6879],[82.3415,16.6879],[82.3415,16.6877],[82.3412,16.6877],[82.3412,16.6874],[82.341,16.6874],[82.341,16.6871],[82.3407,16.6871],[82.3407,16.6865],[82.3404,16.6865],[82.3404,16.6863],[82.3401,16.6863],[82.3401,16.686],[82.3399,16.686],[82.3399,16.6854],[82.3393,16.6854],[82.3393,16.6849],[82.339,16.6849],[82.339,16.6846],[82.3388,16.6846],[82.3388,16.6843],[82.3385,16.6843],[82.3385,16.684],[82.3382,16.684],[82.3382,16.6835],[82.3379,16.6835],[82.3379,16.6832],[82.3376,16.6832],[82.3376,16.6826],[82.3374,16.6826],[82.3374,16.6824],[82.3371,16.6824],[82.3371,16.6818],[82.3368,16.6818],[82.3368,16.6815],[82.3365,16.6815],[82.3365,16.6812],[82.3363,16.6812],[82.3363,16.681],[82.3357,16.681],[82.3357,16.6807],[82.3354,16.6807],[82.3354,16.6804],[82.3351,16.6804],[82.3351,16.6801],[82.3349,16.6801],[82.3349,16.6799],[82.3343,16.6799],[82.3343,16.6796],[82.334,16.6796],[82.334,16.6787],[82.3337,16.6787],[82.3337,16.6785],[82.3335,16.6785],[82.3335,16.6779],[82.3332,16.6779],[82.3332,16.6776],[82.3329,16.6776],[82.3329,16.6774],[82.3326,16.6774],[82.3326,16.6768],[82.3324,16.6768],[82.3324,16.6765],[82.3321,16.6765],[82.3321,16.6763],[82.3318,16.6763],[82.3318,16.6757],[82.3315,16.6757],[82.3315,16.6754],[82.3313,16.6754],[82.3313,16.6751],[82.331,16.6751],[82.331,16.6746],[82.3307,16.6746],[82.3307,16.6743],[82.3304,16.6743],[82.3304,16.6737],[82.3301,16.6737],[82.3301,16.6732],[82.3299,16.6732],[82.3299,16.6726],[82.3296,16.6726],[82.3296,16.6721],[82.3293,16.6721],[82.3293,16.6718],[82.329,16.6718],[82.329,16.6712],[82.3288,16.6712],[82.3288,16.6707],[82.3285,16.6707],[82.3285,16.6701],[82.3282,16.6701],[82.3282,16.6696],[82.3279,16.6696],[82.3279,16.6693],[82.3276,16.6693],[82.3276,16.669],[82.3274,16.669],[82.3274,16.6688],[82.3268,16.6688],[82.3268,16.6679],[82.3265,16.6679],[82.3265,16.6676],[82.3262,16.6676],[82.3262,16.6671],[82.326,16.6671],[82.326,16.6665],[82.3257,16.6665],[82.3257,16.666],[82.3254,16.666],[82.3254,16.664],[82.3251,16.664],[82.3251,16.6635],[82.3249,16.6635],[82.3249,16.6632],[82.3246,16.6632],[82.3246,16.6624],[82.3243,16.6624],[82.3243,16.6618],[82.324,16.6618],[82.324,16.6613],[82.3238,16.6613],[82.3238,16.6604],[82.3232,16.6604],[82.3232,16.6596],[82.3229,16.6596],[82.3229,16.6582],[82.3224,16.6582],[82.3224,16.6576],[82.3221,16.6576],[82.3221,16.6574],[82.3224,16.6574],[82.3224,16.656],[82.3221,16.656],[82.3221,16.6557],[82.3218,16.6557],[82.3218,16.6554],[82.3215,16.6554],[82.3215,16.6551],[82.3213,16.6551],[82.3213,16.6546],[82.321,16.6546],[82.321,16.654],[82.3207,16.654],[82.3207,16.6535],[82.3204,16.6535],[82.3204,16.6532],[82.3207,16.6532],[82.3207,16.6526],[82.3193,16.6526],[82.3193,16.6524],[82.3187,16.6524],[82.3187,16.6513],[82.3185,16.6513],[82.3185,16.651],[82.319,16.651],[82.319,16.6504],[82.3193,16.6504],[82.3193,16.6501],[82.3196,16.6501],[82.3196,16.6496],[82.3193,16.6496],[82.3193,16.6479],[82.319,16.6479],[82.319,16.6476],[82.3193,16.6476],[82.3193,16.6475],[82.3193,16.6465],[82.3196,16.6465],[82.3196,16.646],[82.3193,16.646],[82.3193,16.6449],[82.3196,16.6449],[82.3196,16.6435],[82.3193,16.6435],[82.3193,16.6432],[82.319,16.6432],[82.319,16.6429],[82.3187,16.6429],[82.3187,16.6426],[82.3179,16.6426],[82.3179,16.6421],[82.3182,16.6421],[82.3182,16.6418],[82.3185,16.6418],[82.3185,16.641],[82.3187,16.641],[82.3187,16.6404],[82.3185,16.6404],[82.3185,16.6387],[82.3182,16.6387],[82.3182,16.6379],[82.3179,16.6379],[82.3179,16.6376],[82.3182,16.6376],[82.3182,16.6374],[82.3179,16.6374],[82.3179,16.6343],[82.3176,16.6343],[82.3176,16.634],[82.3179,16.634],[82.3179,16.6329],[82.3176,16.6329],[82.3176,16.6318],[82.3174,16.6318],[82.3174,16.6314],[82.3174,16.6299],[82.3176,16.6299],[82.3176,16.6296],[82.3179,16.6296],[82.3179,16.6293],[82.3185,16.6293],[82.3185,16.6288],[82.3174,16.6288],[82.3174,16.629],[82.3171,16.629],[82.3171,16.6296],[82.3168,16.6296],[82.3168,16.6301],[82.3165,16.6301],[82.3165,16.6307],[82.3162,16.6307],[82.3162,16.6313],[82.316,16.6313],[82.316,16.6321],[82.3157,16.6321],[82.3157,16.6329],[82.3154,16.6329],[82.3154,16.6333],[82.3154,16.636],[82.3151,16.636],[82.3151,16.6362],[82.3149,16.6362],[82.3149,16.6368],[82.3146,16.6368],[82.3146,16.6371],[82.3142,16.6371],[82.314,16.6371],[82.314,16.6374],[82.3135,16.6374],[82.3135,16.6376],[82.3132,16.6376],[82.3132,16.6382],[82.3126,16.6382],[82.3126,16.6385],[82.3124,16.6385],[82.3124,16.6418],[82.3121,16.6418],[82.3121,16.6426],[82.3124,16.6426],[82.3124,16.6432],[82.3126,16.6432],[82.3126,16.6438],[82.3129,16.6438],[82.3129,16.6443],[82.3132,16.6443],[82.3132,16.6446],[82.3135,16.6446],[82.3135,16.6449],[82.3138,16.6449],[82.3138,16.6454],[82.314,16.6454],[82.314,16.646],[82.3143,16.646],[82.3143,16.6462],[82.3146,16.6462],[82.3146,16.6476],[82.3143,16.6476],[82.3143,16.6479],[82.314,16.6479],[82.314,16.6482],[82.3138,16.6482],[82.3138,16.6485],[82.3135,16.6485],[82.3135,16.6488],[82.3132,16.6488],[82.3132,16.649],[82.3129,16.649],[82.3129,16.6493],[82.3126,16.6493],[82.3126,16.6496],[82.3124,16.6496],[82.3124,16.6499],[82.3121,16.6499],[82.3121,16.6501],[82.3118,16.6501],[82.3118,16.6507],[82.3115,16.6507],[82.3115,16.6513],[82.3096,16.6513],[82.3096,16.6496],[82.3099,16.6496],[82.3099,16.6465],[82.3101,16.6465],[82.3101,16.6454],[82.3104,16.6454],[82.3104,16.6443],[82.3107,16.6443],[82.3107,16.644],[82.311,16.644],[82.311,16.6438],[82.3112,16.6438],[82.3112,16.6426],[82.311,16.6426],[82.311,16.6423],[82.3107,16.6424],[82.3107,16.6421],[82.3104,16.6421],[82.3104,16.641],[82.3101,16.641],[82.3101,16.6399],[82.3104,16.6399],[82.3104,16.6396],[82.3107,16.6396],[82.3107,16.6393],[82.311,16.6393],[82.311,16.6385],[82.3112,16.6385],[82.3112,16.6376],[82.3115,16.6376],[82.3115,16.6374],[82.3118,16.6374],[82.3118,16.6368],[82.3121,16.6368],[82.3121,16.6365],[82.3124,16.6365],[82.3124,16.6362],[82.3126,16.6362],[82.3126,16.636],[82.3129,16.636],[82.3129,16.6357],[82.3132,16.6357],[82.3132,16.6354],[82.3135,16.6354],[82.3135,16.6351],[82.3138,16.6351],[82.3138,16.6346],[82.314,16.6346],[82.314,16.634],[82.3143,16.634],[82.3143,16.6335],[82.3146,16.6335],[82.3146,16.6329],[82.3149,16.6329],[82.3149,16.6321],[82.3151,16.6321],[82.3151,16.631],[82.3154,16.631],[82.3154,16.6288],[82.3157,16.6288],[82.3157,16.6282],[82.3163,16.6282],[82.3163,16.6279],[82.3165,16.6279],[82.3165,16.6273],[82.3168,16.6274],[82.3168,16.6271],[82.3171,16.6271],[82.3171,16.6268],[82.3174,16.6268],[82.3174,16.6265],[82.3176,16.6265],[82.3176,16.626],[82.3179,16.626],[82.3179,16.6251],[82.3182,16.6251],[82.3182,16.624],[82.3179,16.624],[82.3179,16.6235],[82.3176,16.6235],[82.3176,16.6221],[82.3179,16.6221],[82.3179,16.6218],[82.3187,16.6218],[82.3187,16.6213],[82.319,16.6213],[82.319,16.6207],[82.3193,16.6207],[82.3193,16.6199],[82.319,16.6199],[82.319,16.6182],[82.3187,16.6182],[82.3187,16.6168],[82.3185,16.6168],[82.3185,16.616],[82.3182,16.616],[82.3182,16.6154],[82.3179,16.6154],[82.3179,16.6149],[82.3176,16.6149],[82.3176,16.614],[82.3174,16.614],[82.3174,16.6129],[82.3171,16.6129],[82.3171,16.6124],[82.3168,16.6124],[82.3168,16.6118],[82.3165,16.6118],[82.3165,16.6112],[82.3162,16.6112],[82.3162,16.611],[82.3157,16.611],[82.3157,16.6107],[82.3154,16.6107],[82.3154,16.6104],[82.3157,16.6104],[82.3157,16.6096],[82.3154,16.6096],[82.3154,16.609],[82.3151,16.609],[82.3151,16.6082],[82.3149,16.6082],[82.3149,16.6079],[82.3146,16.6079],[82.3146,16.6074],[82.3143,16.6074],[82.3143,16.6071],[82.314,16.6071],[82.314,16.6068],[82.3138,16.6068],[82.3138,16.6062],[82.3135,16.6063],[82.3135,16.6054],[82.3132,16.6054],[82.3132,16.6046],[82.3129,16.6046],[82.3129,16.604],[82.3126,16.604],[82.3126,16.6035],[82.3124,16.6035],[82.3124,16.6029],[82.3121,16.6029],[82.3121,16.6024],[82.3107,16.6024],[82.3107,16.6026],[82.3101,16.6026],[82.3101,16.6029],[82.3093,16.6029],[82.3093,16.6032],[82.3087,16.6032],[82.3087,16.6035],[82.3085,16.6035],[82.3085,16.6038],[82.3079,16.6038],[82.3079,16.604],[82.3076,16.604],[82.3076,16.6043],[82.3071,16.6043],[82.3071,16.6046],[82.3065,16.6046],[82.3065,16.6049],[82.3063,16.6049],[82.3063,16.6051],[82.3057,16.6051],[82.3057,16.6054],[82.3054,16.6054],[82.3054,16.6057],[82.3049,16.6057],[82.3049,16.606],[82.3046,16.606],[82.3046,16.6063],[82.304,16.6062],[82.304,16.6065],[82.3037,16.6065],[82.3037,16.6068],[82.3034,16.6068],[82.3032,16.6068],[82.3032,16.6071],[82.3026,16.6071],[82.3026,16.6076],[82.3024,16.6076],[82.3024,16.6079],[82.3021,16.6079],[82.3021,16.6082],[82.3015,16.6082],[82.3015,16.6085],[82.3012,16.6085],[82.3012,16.6087],[82.301,16.6087],[82.301,16.6093],[82.3007,16.6093],[82.3007,16.6099],[82.3004,16.6099],[82.3004,16.6101],[82.3001,16.6101],[82.3001,16.6104],[82.2999,16.6104],[82.2999,16.6107],[82.2996,16.6107],[82.2996,16.611],[82.2993,16.611],[82.2993,16.6112],[82.299,16.6112],[82.299,16.6115],[82.2988,16.6115],[82.2988,16.6118],[82.2985,16.6118],[82.2985,16.6121],[82.2982,16.6121],[82.2982,16.6126],[82.2979,16.6126],[82.2979,16.6129],[82.2974,16.6129],[82.2974,16.6135],[82.2971,16.6135],[82.2971,16.614],[82.2968,16.614],[82.2968,16.6146],[82.2965,16.6146],[82.2965,16.6151],[82.2962,16.6151],[82.2962,16.6154],[82.296,16.6154],[82.296,16.6163],[82.2957,16.6163],[82.2957,16.6165],[82.2954,16.6165],[82.2954,16.6174],[82.2951,16.6174],[82.2951,16.6182],[82.2946,16.6182],[82.2946,16.6187],[82.2943,16.6187],[82.2943,16.6196],[82.294,16.6196],[82.294,16.6201],[82.2937,16.6201],[82.2937,16.6204],[82.2935,16.6204],[82.2935,16.6215],[82.2932,16.6215],[82.2932,16.6221],[82.2929,16.6221],[82.2929,16.6226],[82.2926,16.6226],[82.2926,16.6235],[82.2924,16.6235],[82.2924,16.6238],[82.2921,16.6238],[82.2921,16.6243],[82.2918,16.6243],[82.2918,16.6249],[82.2915,16.6249],[82.2915,16.6251],[82.2913,16.6251],[82.2913,16.6262],[82.291,16.6262],[82.291,16.6271],[82.2907,16.6271],[82.2907,16.6279],[82.2901,16.6279],[82.2901,16.629],[82.2899,16.629],[82.2899,16.6293],[82.2896,16.6293],[82.2896,16.6304],[82.2893,16.6304],[82.2893,16.631],[82.289,16.631],[82.289,16.6318],[82.2887,16.6318],[82.2887,16.6324],[82.2885,16.6324],[82.2885,16.6329],[82.2879,16.6329],[82.2879,16.6332],[82.2876,16.6332],[82.2876,16.6338],[82.2874,16.6338],[82.2874,16.634],[82.2871,16.634],[82.2871,16.6343],[82.2865,16.6343],[82.2865,16.6349],[82.2862,16.6349],[82.2862,16.6362],[82.286,16.6362],[82.286,16.6368],[82.2857,16.6368],[82.2857,16.6382],[82.2854,16.6382],[82.2854,16.639],[82.2849,16.639],[82.2849,16.6393],[82.2846,16.6393],[82.2846,16.6401],[82.2843,16.6401],[82.2843,16.6404],[82.284,16.6404],[82.284,16.6415],[82.2843,16.6415],[82.2843,16.6421],[82.284,16.6421],[82.284,16.6424],[82.2838,16.6423],[82.2838,16.6426],[82.2832,16.6426],[82.2832,16.6423],[82.2829,16.6423],[82.2829,16.6426],[82.2824,16.6426],[82.2824,16.6423],[82.2749,16.6423],[82.2749,16.6426],[82.2738,16.6426],[82.2738,16.6429],[82.2732,16.6429],[82.2732,16.6432],[82.2729,16.6432],[82.2729,16.6435],[82.2724,16.6435],[82.2724,16.6438],[82.2701,16.6438],[82.2701,16.644],[82.2693,16.644],[82.2693,16.6438],[82.2688,16.6438],[82.2688,16.6432],[82.2676,16.6432],[82.2676,16.6435],[82.2671,16.6435],[82.2671,16.6438],[82.2668,16.6438],[82.2668,16.644],[82.2663,16.644],[82.2663,16.6443],[82.2657,16.6443],[82.2657,16.6446],[82.2651,16.6446],[82.2651,16.6449],[82.2649,16.6449],[82.2649,16.6451],[82.2643,16.6451],[82.2643,16.6454],[82.2637,16.6454],[82.2637,16.6457],[82.2629,16.6457],[82.2629,16.646],[82.2626,16.646],[82.2626,16.6457],[82.2624,16.6457],[82.2624,16.646],[82.2618,16.646],[82.2618,16.6462],[82.2613,16.6462],[82.2613,16.6465],[82.2607,16.6465],[82.2607,16.6468],[82.2604,16.6468],[82.2604,16.6476],[82.2599,16.6476],[82.2599,16.6479],[82.2596,16.6479],[82.2596,16.6485],[82.2593,16.6485],[82.2593,16.6488],[82.2588,16.6488],[82.2588,16.6493],[82.2585,16.6493],[82.2585,16.6496],[82.2582,16.6496],[82.2582,16.6501],[82.2579,16.6501],[82.2579,16.6504],[82.2576,16.6504],[82.2576,16.651],[82.2574,16.651],[82.2574,16.6513],[82.2571,16.6513],[82.2571,16.6518],[82.2568,16.6518],[82.2568,16.6524],[82.2565,16.6524],[82.2565,16.6529],[82.2562,16.6529],[82.2562,16.6537],[82.256,16.6537],[82.256,16.6554],[82.2557,16.6554],[82.2557,16.6563],[82.256,16.6563],[82.256,16.6576],[82.2562,16.6576],[82.2562,16.6582],[82.2565,16.6582],[82.2565,16.6588],[82.2568,16.6588],[82.2568,16.6593],[82.2571,16.6593],[82.2571,16.6596],[82.2576,16.6596],[82.2576,16.6599],[82.2579,16.6599],[82.2579,16.661],[82.2582,16.661],[82.2582,16.6613],[82.2585,16.6613],[82.2585,16.6615],[82.2588,16.6615],[82.2588,16.6621],[82.259,16.6621],[82.259,16.6624],[82.2596,16.6624],[82.2596,16.6626],[82.2599,16.6626],[82.2599,16.6629],[82.2601,16.6629],[82.2601,16.6635],[82.2604,16.6635],[82.2604,16.6637],[82.2607,16.6637],[82.2607,16.6643],[82.261,16.6643],[82.261,16.6646],[82.2613,16.6646],[82.2613,16.6649],[82.2615,16.6649],[82.2615,16.6651],[82.2618,16.6651],[82.2618,16.6654],[82.2621,16.6654],[82.2621,16.6657],[82.2624,16.6657],[82.2624,16.666],[82.2629,16.666],[82.2629,16.6662],[82.2632,16.6662],[82.2632,16.6665],[82.2635,16.6665],[82.2635,16.6674],[82.2637,16.6674],[82.2637,16.6679],[82.264,16.6679],[82.264,16.6682],[82.2646,16.6682],[82.2646,16.6688],[82.2649,16.6688],[82.2649,16.669],[82.2651,16.669],[82.2651,16.671],[82.2654,16.671],[82.2654,16.6712],[82.2657,16.6712],[82.2657,16.6715],[82.266,16.6715],[82.266,16.6743],[82.2657,16.6743],[82.2657,16.6746],[82.2654,16.6746],[82.2654,16.6751],[82.2651,16.6751],[82.2651,16.6765],[82.2649,16.6765],[82.2649,16.6771],[82.2646,16.6771],[82.2646,16.6774],[82.2643,16.6774],[82.2643,16.6779],[82.264,16.6779],[82.264,16.6782],[82.2643,16.6782],[82.2643,16.6785],[82.264,16.6785],[82.264,16.6787],[82.2637,16.6787],[82.2637,16.6796],[82.2635,16.6796],[82.2635,16.6801],[82.2632,16.6801],[82.2632,16.6804],[82.2629,16.6804],[82.2629,16.6815],[82.2626,16.6815],[82.2626,16.6824],[82.2624,16.6824],[82.2624,16.6829],[82.2626,16.6829],[82.2626,16.6832],[82.2624,16.6832],[82.2624,16.6846],[82.2621,16.6846],[82.2621,16.6857],[82.2618,16.6857],[82.2618,16.6863],[82.2615,16.6863],[82.2615,16.6865],[82.2613,16.6865],[82.2613,16.6868],[82.261,16.6868],[82.261,16.6874],[82.2607,16.6874],[82.2607,16.6879],[82.2604,16.6879],[82.2604,16.6885],[82.2599,16.6885],[82.2599,16.6888],[82.2596,16.6888],[82.2596,16.6893],[82.2593,16.6893],[82.2593,16.6896],[82.259,16.6896],[82.259,16.6899],[82.2588,16.6899],[82.2588,16.6901],[82.2647,16.6905],[82.2763,16.6931],[82.2852,16.6974],[82.2854,16.6976],[82.2876,16.6976],[82.2876,16.6974],[82.2896,16.6974],[82.2896,16.6971],[82.2901,16.6971],[82.2901,16.6968],[82.291,16.6968],[82.291,16.6965],[82.2921,16.6965],[82.2921,16.6968],[82.2924,16.6968],[82.2924,16.6971],[82.2926,16.6971],[82.2926,16.6976],[82.2929,16.6976],[82.2929,16.6979],[82.2932,16.6979],[82.2932,16.6982],[82.2946,16.6982],[82.2946,16.6985],[82.296,16.6985],[82.296,16.6987],[82.2971,16.6987],[82.2971,16.699],[82.3037,16.699],[82.3037,16.6993],[82.3043,16.6993],[82.3043,16.6996],[82.306,16.6996],[82.306,16.6999],[82.3065,16.6999],[82.3065,16.7001],[82.3068,16.7001],[82.3068,16.7004],[82.3074,16.7004],[82.3074,16.7007],[82.3079,16.7007],[82.3079,16.701],[82.3085,16.701],[82.3085,16.7013],[82.309,16.7013],[82.309,16.7015],[82.3096,16.7015],[82.3096,16.7013],[82.3104,16.7013],[82.3104,16.7018],[82.3107,16.7018],[82.3107,16.7021],[82.3115,16.7021],[82.3115,16.7024],[82.3121,16.7024],[82.3121,16.7026],[82.3124,16.7026],[82.3124,16.7029],[82.3132,16.7029],[82.3132,16.7035],[82.3143,16.7035],[82.3143,16.7038],[82.3146,16.7038],[82.3146,16.704],[82.3154,16.704],[82.3154,16.7043],[82.3157,16.7043],[82.3157,16.7046],[82.3165,16.7046],[82.3165,16.7049],[82.3168,16.7049],[82.3168,16.7051],[82.3171,16.7051],[82.3174,16.7051],[82.3174,16.7054],[82.3176,16.7054],[82.3176,16.706],[82.3182,16.706],[82.3182,16.7062],[82.3185,16.7062],[82.3185,16.7065],[82.3193,16.7065],[82.3193,16.7068],[82.3199,16.7068],[82.3199,16.7071],[82.3201,16.7071],[82.3201,16.7074],[82.3204,16.7074],[82.3204,16.7076],[82.3207,16.7076],[82.3207,16.7082],[82.3213,16.7082],[82.3213,16.7085],[82.3215,16.7085],[82.3215,16.709],[82.3218,16.709],[82.3218,16.7096],[82.3224,16.7096],[82.3224,16.7101],[82.3226,16.7101],[82.3226,16.7107],[82.3229,16.7107],[82.3229,16.7113],[82.3232,16.7113],[82.3232,16.7115],[82.3235,16.7115],[82.3235,16.7121],[82.3238,16.7121],[82.3238,16.7124],[82.324,16.7124],[82.324,16.7126],[82.3243,16.7126],[82.3243,16.7129],[82.3246,16.7129],[82.3246,16.7135],[82.3251,16.7135],[82.3251,16.714],[82.3257,16.714],[82.3257,16.7143],[82.3266,16.7143],[82.3276,16.7143],[82.3276,16.714],[82.3282,16.714],[82.3282,16.7143],[82.329,16.7143],[82.329,16.7149],[82.3293,16.7149],[82.3293,16.7151],[82.329,16.7151],[82.329,16.7157],[82.3288,16.7157],[82.3288,16.716],[82.3282,16.716],[82.3282,16.7162],[82.3279,16.7162],[82.3279,16.7165],[82.3274,16.7165],[82.3274,16.7168],[82.3265,16.7168],[82.3265,16.7174],[82.3262,16.7174],[82.3262,16.7179],[82.3265,16.7179],[82.3265,16.7185],[82.3262,16.7185],[82.3262,16.7187],[82.3265,16.7187],[82.3265,16.7199],[82.3268,16.7199],[82.3268,16.7218],[82.3271,16.7218],[82.3271,16.7226],[82.3274,16.7226],[82.3274,16.7235],[82.3276,16.7235],[82.3276,16.7246],[82.3279,16.7246],[82.3279,16.7249],[82.3288,16.7249],[82.3288,16.7254],[82.3293,16.7254],[82.3293,16.7251],[82.3296,16.7251],[82.3296,16.7249],[82.3321,16.7249]]],[[[83.1721,17.569],[83.1721,17.5688],[83.1724,17.5688],[83.1724,17.5668],[83.1721,17.5668],[83.1721,17.5665],[83.1718,17.5665],[83.1718,17.5662],[83.1712,17.5662],[83.1712,17.566],[83.1707,17.566],[83.1707,17.5662],[83.1704,17.5662],[83.1704,17.5668],[83.1707,17.5668],[83.1707,17.5671],[83.171,17.5671],[83.171,17.5674],[83.1712,17.5674],[83.1712,17.5688],[83.1715,17.5688],[83.1715,17.569],[83.1721,17.569]]],[[[83.3057,17.6846],[83.3057,17.6835],[83.3054,17.6835],[83.3054,17.6832],[83.3046,17.6832],[83.3046,17.6829],[83.3043,17.6829],[83.3043,17.6826],[83.304,17.6826],[83.304,17.6824],[83.3032,17.6824],[83.3032,17.6826],[83.3029,17.6826],[83.3029,17.6832],[83.3032,17.6832],[83.3032,17.6835],[83.3035,17.6835],[83.3035,17.6838],[83.3037,17.6837],[83.3037,17.684],[83.3043,17.684],[83.3043,17.6843],[83.3051,17.6843],[83.3051,17.6846],[83.3057,17.6846]]],[[[83.3121,17.6849],[83.3121,17.684],[83.3112,17.684],[83.3112,17.6837],[83.3101,17.6838],[83.3101,17.6835],[83.3099,17.6835],[83.3099,17.6832],[83.309,17.6832],[83.309,17.6829],[83.3085,17.6829],[83.3085,17.6826],[83.3076,17.6826],[83.3076,17.6824],[83.3068,17.6824],[83.3068,17.6821],[83.3065,17.6821],[83.3065,17.6818],[83.3057,17.6818],[83.3057,17.6815],[83.3051,17.6815],[83.3051,17.6812],[83.3043,17.6812],[83.3043,17.681],[83.304,17.681],[83.304,17.6807],[83.3029,17.6807],[83.3029,17.6804],[83.3024,17.6804],[83.3024,17.6801],[83.3018,17.6801],[83.3018,17.6799],[83.3007,17.6799],[83.3007,17.6796],[83.3001,17.6796],[83.3001,17.6793],[83.2993,17.6793],[83.2993,17.679],[83.2982,17.679],[83.2982,17.6793],[83.2979,17.6793],[83.2979,17.6796],[83.299,17.6796],[83.299,17.6799],[83.2999,17.6799],[83.2999,17.6801],[83.3004,17.6801],[83.3004,17.6804],[83.3015,17.6804],[83.3015,17.6807],[83.3018,17.6807],[83.3018,17.681],[83.3026,17.681],[83.3026,17.6812],[83.3035,17.6812],[83.3035,17.6815],[83.304,17.6815],[83.304,17.6818],[83.3049,17.6818],[83.3049,17.6821],[83.3054,17.6821],[83.3054,17.6824],[83.306,17.6824],[83.306,17.6826],[83.3065,17.6826],[83.3065,17.6829],[83.3074,17.6829],[83.3074,17.6832],[83.3079,17.6832],[83.3079,17.6835],[83.3087,17.6835],[83.3087,17.6838],[83.3093,17.6837],[83.3093,17.684],[83.3099,17.684],[83.3099,17.6843],[83.3107,17.6843],[83.3107,17.6846],[83.3112,17.6846],[83.3112,17.6849],[83.3121,17.6849]]],[[[83.2699,17.7087],[83.2699,17.7082],[83.2688,17.7082],[83.2688,17.7085],[83.2685,17.7085],[83.2685,17.7099],[83.2688,17.7099],[83.2688,17.7101],[83.2701,17.7101],[83.2701,17.7087],[83.2699,17.7087]]],[[[82.2995,16.7143],[82.3028,16.7228],[82.3011,16.7333],[82.2977,16.7404],[82.2937,16.743],[82.2891,16.741],[82.2851,16.7345],[82.2807,16.7227],[82.2637,16.7194],[82.2449,16.719],[82.227,16.7172],[82.2204,16.7183],[82.2148,16.7252],[82.211,16.7279],[82.21,16.7313],[82.2198,16.7449],[82.2218,16.7504],[82.2177,16.7517],[82.2111,16.7482],[82.2072,16.7437],[82.1968,16.7365],[82.1888,16.7272],[82.1803,16.7281],[82.1746,16.7251],[82.1791,16.7163],[82.1936,16.7085],[82.2025,16.7077],[82.2154,16.7098],[82.2274,16.7047],[82.2465,16.6914],[82.2534,16.6897],[82.2576,16.6901],[82.2579,16.6901],[82.2579,16.6899],[82.2585,16.6899],[82.2585,16.6887],[82.2588,16.6888],[82.2588,16.6871],[82.259,16.6871],[82.259,16.6851],[82.2588,16.6851],[82.2588,16.684],[82.259,16.684],[82.259,16.6815],[82.2593,16.6815],[82.2593,16.6807],[82.2596,16.6807],[82.2596,16.6804],[82.2593,16.6804],[82.2593,16.6801],[82.2596,16.6801],[82.2596,16.6799],[82.2599,16.6799],[82.2599,16.6785],[82.2601,16.6785],[82.2601,16.6782],[82.2599,16.6782],[82.2599,16.6768],[82.2601,16.6768],[82.2601,16.6763],[82.2599,16.6763],[82.2599,16.6751],[82.2604,16.6751],[82.2604,16.6749],[82.2601,16.6749],[82.2601,16.6746],[82.2599,16.6746],[82.2599,16.6743],[82.2596,16.6743],[82.2596,16.6737],[82.2599,16.6737],[82.2599,16.6729],[82.2601,16.6729],[82.2601,16.6724],[82.2604,16.6724],[82.2604,16.6721],[82.2607,16.6721],[82.2607,16.6715],[82.261,16.6715],[82.261,16.6693],[82.2607,16.6693],[82.2607,16.669],[82.261,16.669],[82.261,16.6685],[82.2615,16.6685],[82.2615,16.6682],[82.2613,16.6682],[82.2613,16.6665],[82.261,16.6665],[82.261,16.6662],[82.2607,16.6662],[82.2607,16.666],[82.2604,16.666],[82.2604,16.6657],[82.2601,16.6657],[82.2601,16.6651],[82.2599,16.6651],[82.2599,16.6649],[82.2596,16.6649],[82.2596,16.6643],[82.259,16.6643],[82.259,16.664],[82.2588,16.664],[82.2588,16.6637],[82.2585,16.6637],[82.2585,16.6635],[82.2582,16.6635],[82.2582,16.6632],[82.2579,16.6632],[82.2579,16.6629],[82.2574,16.6629],[82.2574,16.6624],[82.2571,16.6624],[82.2571,16.6621],[82.2568,16.6621],[82.2568,16.6618],[82.2565,16.6618],[82.2565,16.6615],[82.2562,16.6615],[82.2562,16.661],[82.2557,16.661],[82.2557,16.6607],[82.2554,16.6607],[82.2554,16.6601],[82.2551,16.6601],[82.2551,16.659],[82.2549,16.659],[82.2549,16.6588],[82.2557,16.6588],[82.2557,16.6585],[82.2549,16.6585],[82.2549,16.6579],[82.2546,16.6579],[82.2546,16.6574],[82.2543,16.6574],[82.2543,16.6568],[82.254,16.6568],[82.254,16.6557],[82.2543,16.6557],[82.2543,16.6551],[82.254,16.6551],[82.254,16.6543],[82.2537,16.6543],[82.2537,16.6526],[82.254,16.6526],[82.254,16.6521],[82.2543,16.6521],[82.2543,16.6513],[82.2546,16.6513],[82.2546,16.6507],[82.2549,16.6507],[82.2549,16.6501],[82.2551,16.6501],[82.2551,16.6496],[82.2554,16.6496],[82.2554,16.649],[82.2557,16.649],[82.2557,16.6488],[82.256,16.6488],[82.256,16.6485],[82.2562,16.6485],[82.2562,16.6479],[82.2565,16.6479],[82.2565,16.6476],[82.2568,16.6476],[82.2568,16.6474],[82.2571,16.6474],[82.2571,16.6468],[82.2574,16.6468],[82.2574,16.6465],[82.2576,16.6465],[82.2576,16.6462],[82.2579,16.6462],[82.2579,16.6457],[82.2582,16.6457],[82.2582,16.6454],[82.2588,16.6454],[82.2588,16.6435],[82.2582,16.6435],[82.2582,16.6443],[82.2579,16.6443],[82.2579,16.644],[82.2568,16.644],[82.2568,16.6443],[82.2571,16.6443],[82.2571,16.6446],[82.2565,16.6446],[82.2565,16.6426],[82.2568,16.6426],[82.2568,16.6421],[82.2585,16.6421],[82.2585,16.6418],[82.2593,16.6418],[82.2593,16.6415],[82.2599,16.6415],[82.2599,16.6413],[82.2618,16.6413],[82.2618,16.6415],[82.2621,16.6415],[82.2621,16.6418],[82.2626,16.6418],[82.2626,16.6421],[82.2629,16.6421],[82.2629,16.6424],[82.2657,16.6424],[82.2657,16.6421],[82.2665,16.6421],[82.2665,16.6418],[82.2674,16.6418],[82.2674,16.6415],[82.2682,16.6415],[82.2682,16.6413],[82.269,16.6413],[82.269,16.641],[82.2699,16.641],[82.2699,16.6407],[82.2704,16.6407],[82.2704,16.6404],[82.2712,16.6404],[82.2712,16.6401],[82.2718,16.6401],[82.2718,16.6399],[82.2721,16.6399],[82.2721,16.6396],[82.2726,16.6396],[82.2726,16.6393],[82.2732,16.6393],[82.2732,16.639],[82.2735,16.639],[82.2735,16.6387],[82.274,16.6387],[82.274,16.6385],[82.2743,16.6385],[82.2743,16.6382],[82.2749,16.6382],[82.2749,16.6379],[82.2754,16.6379],[82.2754,16.6376],[82.2757,16.6376],[82.2757,16.6374],[82.2763,16.6374],[82.2763,16.6371],[82.2768,16.6371],[82.2768,16.6368],[82.2771,16.6368],[82.2771,16.6365],[82.2774,16.6365],[82.2774,16.6362],[82.2782,16.6362],[82.2782,16.636],[82.2785,16.636],[82.2785,16.6357],[82.2787,16.6357],[82.2787,16.6351],[82.279,16.6351],[82.279,16.6343],[82.2793,16.6343],[82.2793,16.634],[82.2796,16.634],[82.2796,16.6338],[82.2799,16.6338],[82.2799,16.6335],[82.2804,16.6335],[82.2804,16.6332],[82.2807,16.6332],[82.2807,16.6329],[82.281,16.6329],[82.281,16.6326],[82.2812,16.6326],[82.2812,16.6321],[82.2815,16.6321],[82.2815,16.6315],[82.2818,16.6315],[82.2818,16.6307],[82.2821,16.6307],[82.2821,16.6301],[82.2824,16.6301],[82.2824,16.6296],[82.2826,16.6296],[82.2826,16.6293],[82.2829,16.6293],[82.2829,16.629],[82.2832,16.629],[82.2832,16.6285],[82.2835,16.6285],[82.2835,16.6279],[82.2838,16.6279],[82.2838,16.6273],[82.284,16.6274],[82.284,16.6268],[82.2843,16.6268],[82.2843,16.6262],[82.2846,16.6262],[82.2846,16.6251],[82.2849,16.6251],[82.2849,16.6243],[82.2851,16.6243],[82.2851,16.6235],[82.2854,16.6235],[82.2854,16.6229],[82.2857,16.6229],[82.2857,16.6221],[82.286,16.6221],[82.286,16.6215],[82.2862,16.6215],[82.2862,16.6207],[82.2865,16.6207],[82.2865,16.6201],[82.2868,16.6201],[82.2868,16.6196],[82.2871,16.6196],[82.2871,16.619],[82.2874,16.619],[82.2874,16.6185],[82.2876,16.6185],[82.2876,16.6179],[82.2879,16.6179],[82.2879,16.6176],[82.2882,16.6176],[82.2882,16.6171],[82.2885,16.6171],[82.2885,16.6165],[82.2887,16.6165],[82.2887,16.6163],[82.289,16.6163],[82.289,16.6157],[82.2893,16.6157],[82.2893,16.6146],[82.2896,16.6146],[82.2896,16.6126],[82.2899,16.6126],[82.2899,16.611],[82.2901,16.611],[82.2901,16.6104],[82.2904,16.6104],[82.2904,16.6101],[82.2907,16.6101],[82.2907,16.6099],[82.291,16.6099],[82.291,16.6096],[82.2918,16.6096],[82.2918,16.6093],[82.2921,16.6093],[82.2921,16.6087],[82.2924,16.6087],[82.2924,16.6076],[82.2921,16.6076],[82.2921,16.6065],[82.2918,16.6065],[82.2918,16.606],[82.2915,16.606],[82.2915,16.6057],[82.2913,16.6057],[82.2913,16.6054],[82.291,16.6054],[82.291,16.6051],[82.2904,16.6051],[82.2904,16.6049],[82.2901,16.6049],[82.2901,16.6046],[82.2899,16.6046],[82.2899,16.6043],[82.2896,16.6043],[82.2896,16.604],[82.289,16.604],[82.289,16.6038],[82.2887,16.6038],[82.2887,16.6035],[82.2882,16.6035],[82.2882,16.6032],[82.2879,16.6032],[82.2879,16.6029],[82.2874,16.6029],[82.2874,16.6024],[82.2871,16.6024],[82.2871,16.6019],[82.2871,16.6018],[82.2868,16.6018],[82.2868,16.6013],[82.2849,16.6013],[82.2849,16.6015],[82.2838,16.6015],[82.2838,16.6013],[82.2835,16.6013],[82.2835,16.601],[82.2826,16.601],[82.2826,16.6007],[82.2815,16.6007],[82.2815,16.6004],[82.2813,16.6004],[82.2813,16.6007],[82.2807,16.6007],[82.2807,16.601],[82.2801,16.601],[82.2801,16.6007],[82.2799,16.6007],[82.2799,16.6004],[82.279,16.6004],[82.2787,16.6004],[82.2787,16.6001],[82.2782,16.6001],[82.2782,16.5996],[82.2768,16.5996],[82.2768,16.5993],[82.2765,16.5993],[82.2765,16.599],[82.2763,16.599],[82.2763,16.5987],[82.2757,16.5987],[82.2757,16.5985],[82.2743,16.5985],[82.2743,16.5982],[82.271,16.5982],[82.271,16.5979],[82.2682,16.5979],[82.2682,16.5976],[82.266,16.5976],[82.266,16.5974],[82.2657,16.5974],[82.2657,16.5965],[82.2654,16.5965],[82.2654,16.5954],[82.2651,16.5954],[82.2651,16.5943],[82.2649,16.5943],[82.2649,16.5938],[82.2646,16.5938],[82.2646,16.5932],[82.2643,16.5932],[82.2643,16.5926],[82.264,16.5926],[82.264,16.5921],[82.2637,16.5921],[82.2637,16.5915],[82.2635,16.5915],[82.2635,16.591],[82.2632,16.591],[82.2632,16.5904],[82.2629,16.5904],[82.2629,16.5899],[82.2626,16.5899],[82.2626,16.5893],[82.2624,16.5893],[82.2624,16.589],[82.2621,16.589],[82.2621,16.5888],[82.2618,16.5888],[82.2618,16.5885],[82.2615,16.5885],[82.2615,16.5882],[82.2613,16.5882],[82.2613,16.5879],[82.261,16.5879],[82.261,16.5876],[82.2607,16.5876],[82.2607,16.5874],[82.2601,16.5874],[82.2601,16.5871],[82.2599,16.5871],[82.2599,16.5868],[82.2613,16.5868],[82.2613,16.5871],[82.2615,16.5871],[82.2615,16.5874],[82.2618,16.5874],[82.2618,16.5876],[82.2624,16.5876],[82.2624,16.5879],[82.2626,16.5879],[82.2626,16.5882],[82.2629,16.5882],[82.2629,16.5885],[82.2632,16.5885],[82.2632,16.5896],[82.2637,16.5896],[82.2637,16.5899],[82.264,16.5899],[82.264,16.5904],[82.2643,16.5904],[82.2643,16.591],[82.2646,16.591],[82.2646,16.5915],[82.2649,16.5915],[82.2649,16.5924],[82.2651,16.5924],[82.2651,16.5935],[82.2654,16.5935],[82.2654,16.594],[82.2657,16.594],[82.2657,16.5946],[82.266,16.5946],[82.266,16.5951],[82.2663,16.5951],[82.2663,16.5957],[82.2665,16.5957],[82.2665,16.596],[82.2676,16.596],[82.2676,16.5963],[82.2688,16.5963],[82.2688,16.5965],[82.2707,16.5965],[82.2707,16.5968],[82.2729,16.5968],[82.2729,16.5971],[82.2749,16.5971],[82.2749,16.5974],[82.2754,16.5974],[82.2754,16.5976],[82.2763,16.5976],[82.2763,16.5979],[82.2774,16.5979],[82.2774,16.5982],[82.2782,16.5982],[82.2782,16.5985],[82.2787,16.5985],[82.2787,16.5987],[82.2799,16.5987],[82.2799,16.599],[82.2804,16.599],[82.2804,16.5993],[82.2807,16.5993],[82.2807,16.5996],[82.2812,16.5996],[82.2812,16.5999],[82.2824,16.5999],[82.2824,16.6001],[82.2835,16.6001],[82.2835,16.6004],[82.2857,16.6004],[82.2857,16.6001],[82.2874,16.6001],[82.2874,16.6004],[82.2876,16.6004],[82.2876,16.6007],[82.2878,16.6007],[82.2887,16.6007],[82.2887,16.601],[82.2893,16.601],[82.2893,16.6013],[82.2901,16.6013],[82.2901,16.6015],[82.2907,16.6015],[82.2907,16.6018],[82.2915,16.6018],[82.2915,16.6021],[82.2921,16.6021],[82.2921,16.6024],[82.2926,16.6024],[82.2926,16.6026],[82.294,16.6026],[82.294,16.6024],[82.2946,16.6024],[82.2946,16.6018],[82.2949,16.6018],[82.2949,16.6013],[82.2951,16.6013],[82.2951,16.6007],[82.2954,16.6007],[82.2954,16.599],[82.2957,16.599],[82.2957,16.5987],[82.296,16.5987],[82.296,16.5985],[82.2965,16.5985],[82.2965,16.5982],[82.2968,16.5982],[82.2968,16.5979],[82.2971,16.5979],[82.2971,16.5974],[82.2974,16.5974],[82.2974,16.5968],[82.2976,16.5968],[82.2976,16.5965],[82.2979,16.5965],[82.2979,16.5957],[82.2982,16.5957],[82.2982,16.5949],[82.2985,16.5949],[82.2985,16.594],[82.2988,16.594],[82.2988,16.5935],[82.299,16.5935],[82.299,16.5931],[82.299,16.5926],[82.2993,16.5926],[82.2993,16.5918],[82.2996,16.5918],[82.2996,16.5904],[82.2993,16.5904],[82.2993,16.5893],[82.299,16.5893],[82.299,16.5871],[82.2988,16.5871],[82.2988,16.5868],[82.2985,16.5868],[82.2985,16.5862],[82.2982,16.5862],[82.2982,16.586],[82.2976,16.586],[82.2976,16.5857],[82.2974,16.5857],[82.2974,16.5835],[82.2971,16.5835],[82.2971,16.5832],[82.2968,16.5832],[82.2968,16.5829],[82.2965,16.5829],[82.2965,16.5826],[82.2962,16.5826],[82.2962,16.5824],[82.2957,16.5824],[82.2957,16.5821],[82.2954,16.5821],[82.2954,16.5818],[82.2951,16.5818],[82.2951,16.5815],[82.2949,16.5815],[82.2949,16.581],[82.2946,16.581],[82.2946,16.5808],[82.2946,16.5807],[82.2943,16.5807],[82.2943,16.5799],[82.294,16.5799],[82.294,16.5793],[82.2937,16.5793],[82.2937,16.579],[82.294,16.579],[82.294,16.5788],[82.2937,16.5788],[82.2937,16.5774],[82.2935,16.5774],[82.2935,16.5768],[82.2932,16.5768],[82.2932,16.5765],[82.2929,16.5765],[82.2929,16.5763],[82.2926,16.5763],[82.2926,16.5757],[82.2924,16.5757],[82.2924,16.5754],[82.2921,16.5754],[82.2921,16.5749],[82.2913,16.5749],[82.2913,16.5746],[82.291,16.5746],[82.291,16.574],[82.2907,16.574],[82.2907,16.5735],[82.2904,16.5735],[82.2904,16.5732],[82.2901,16.5732],[82.2901,16.5726],[82.2899,16.5726],[82.2899,16.5721],[82.2896,16.5721],[82.2896,16.5713],[82.2893,16.5713],[82.2893,16.571],[82.289,16.571],[82.289,16.5707],[82.2885,16.5707],[82.2885,16.5704],[82.2882,16.5704],[82.2882,16.5701],[82.2874,16.5701],[82.2874,16.5707],[82.2871,16.5707],[82.2871,16.5713],[82.2868,16.5713],[82.2868,16.5715],[82.2865,16.5715],[82.2865,16.5721],[82.2862,16.5721],[82.2862,16.5726],[82.2846,16.5726],[82.2846,16.5724],[82.2829,16.5724],[82.2829,16.5721],[82.2815,16.5721],[82.2815,16.5718],[82.2807,16.5718],[82.2807,16.5715],[82.2787,16.5715],[82.2787,16.5713],[82.2779,16.5713],[82.2779,16.571],[82.2776,16.571],[82.2776,16.5707],[82.2774,16.5707],[82.2774,16.5704],[82.2768,16.5704],[82.2768,16.5701],[82.276,16.5701],[82.276,16.5699],[82.2754,16.5699],[82.2754,16.5693],[82.2749,16.5693],[82.2749,16.569],[82.2743,16.569],[82.2743,16.5688],[82.274,16.5688],[82.274,16.5682],[82.2738,16.5682],[82.2738,16.5679],[82.2735,16.5679],[82.2735,16.5676],[82.2732,16.5676],[82.2732,16.5674],[82.2726,16.5674],[82.2726,16.5671],[82.2721,16.5671],[82.2721,16.5668],[82.2715,16.5668],[82.2715,16.5665],[82.271,16.5665],[82.271,16.5662],[82.2704,16.5662],[82.2704,16.566],[82.2699,16.566],[82.2699,16.5657],[82.2696,16.5657],[82.2696,16.5654],[82.2693,16.5654],[82.2693,16.5651],[82.2685,16.5651],[82.2685,16.5649],[82.2682,16.5649],[82.2682,16.5646],[82.2679,16.5646],[82.2679,16.564],[82.2685,16.564],[82.2685,16.5638],[82.2688,16.5638],[82.2688,16.5635],[82.2696,16.5635],[82.2696,16.5632],[82.2707,16.5632],[82.2707,16.5629],[82.271,16.5629],[82.271,16.5626],[82.2712,16.5626],[82.2712,16.5624],[82.2715,16.5624],[82.2715,16.5621],[82.2718,16.5621],[82.2718,16.5618],[82.2721,16.5618],[82.2721,16.5615],[82.2724,16.5615],[82.2724,16.561],[82.2726,16.561],[82.2726,16.5604],[82.2729,16.5604],[82.2729,16.5601],[82.2735,16.5601],[82.2735,16.5599],[82.2746,16.5599],[82.2746,16.5601],[82.2749,16.5601],[82.2749,16.5604],[82.276,16.5604],[82.276,16.5601],[82.279,16.5601],[82.279,16.5604],[82.2793,16.5604],[82.2793,16.5607],[82.2804,16.5607],[82.2804,16.561],[82.2807,16.561],[82.2807,16.5613],[82.281,16.5613],[82.281,16.5618],[82.2813,16.5618],[82.2813,16.5621],[82.2818,16.5621],[82.2818,16.5624],[82.2824,16.5624],[82.2824,16.5626],[82.2832,16.5626],[82.2832,16.5632],[82.2838,16.5632],[82.2838,16.5629],[82.2846,16.5629],[82.2846,16.5626],[82.2865,16.5626],[82.2865,16.5629],[82.2868,16.5629],[82.2868,16.5632],[82.2874,16.5632],[82.2874,16.5635],[82.2876,16.5635],[82.2876,16.5638],[82.2882,16.5638],[82.2882,16.564],[82.2885,16.564],[82.2904,16.564],[82.2904,16.5638],[82.2924,16.5638],[82.2924,16.564],[82.2926,16.564],[82.2926,16.5643],[82.294,16.5643],[82.294,16.5646],[82.2943,16.5646],[82.2943,16.5649],[82.2949,16.5649],[82.2949,16.5651],[82.2951,16.5651],[82.2951,16.5654],[82.2957,16.5654],[82.2957,16.566],[82.2954,16.566],[82.2954,16.5668],[82.2974,16.5668],[82.2974,16.5671],[82.2979,16.5671],[82.2979,16.5668],[82.2982,16.5668],[82.2982,16.5665],[82.2988,16.5665],[82.2988,16.5668],[82.299,16.5668],[82.299,16.5676],[82.2996,16.5676],[82.2996,16.5679],[82.3004,16.5679],[82.3004,16.5682],[82.301,16.5682],[82.301,16.5679],[82.3018,16.5679],[82.3018,16.5682],[82.3021,16.5682],[82.3021,16.5685],[82.3026,16.5685],[82.3026,16.5688],[82.3029,16.5688],[82.3029,16.569],[82.3032,16.569],[82.3032,16.5688],[82.306,16.5688],[82.306,16.569],[82.3071,16.569],[82.3071,16.5692],[82.3071,16.5707],[82.3068,16.5707],[82.3068,16.571],[82.3065,16.571],[82.3065,16.5715],[82.3068,16.5715],[82.3068,16.5721],[82.3065,16.5721],[82.3065,16.5726],[82.3063,16.5726],[82.3063,16.5737],[82.306,16.5737],[82.306,16.5739],[82.306,16.5746],[82.3065,16.5746],[82.3065,16.5743],[82.3071,16.5743],[82.3071,16.574],[82.3076,16.574],[82.3076,16.5737],[82.3085,16.5737],[82.3085,16.5735],[82.3086,16.5735],[82.309,16.5735],[82.309,16.5733],[82.309,16.5729],[82.3096,16.5729],[82.3096,16.5724],[82.3099,16.5724],[82.3099,16.5721],[82.3101,16.5721],[82.3101,16.5715],[82.3104,16.5715],[82.3104,16.5707],[82.3107,16.5707],[82.3107,16.5704],[82.311,16.5704],[82.311,16.5696],[82.3107,16.5696],[82.3107,16.5688],[82.3104,16.5688],[82.3104,16.5682],[82.3101,16.5682],[82.3101,16.5679],[82.3099,16.5679],[82.3099,16.5676],[82.3085,16.5676],[82.3085,16.5674],[82.3079,16.5674],[82.3079,16.5671],[82.3071,16.5671],[82.3071,16.5668],[82.306,16.5668],[82.306,16.5665],[82.3054,16.5665],[82.3054,16.5662],[82.3049,16.5662],[82.3049,16.566],[82.304,16.566],[82.304,16.5657],[82.3032,16.5657],[82.3032,16.5654],[82.3021,16.5654],[82.3021,16.5651],[82.3018,16.5651],[82.3018,16.5649],[82.3015,16.5649],[82.3015,16.5646],[82.3007,16.5646],[82.3007,16.5643],[82.3001,16.5643],[82.3001,16.564],[82.2996,16.564],[82.2996,16.5638],[82.2985,16.5638],[82.2985,16.5635],[82.2974,16.5635],[82.2974,16.5632],[82.2968,16.5632],[82.2968,16.5629],[82.2962,16.5629],[82.2962,16.5626],[82.296,16.5626],[82.296,16.5624],[82.2957,16.5624],[82.2957,16.5621],[82.2954,16.5621],[82.2954,16.5618],[82.2949,16.5618],[82.2949,16.5615],[82.2946,16.5615],[82.2946,16.5613],[82.2932,16.5613],[82.2932,16.561],[82.2926,16.561],[82.2926,16.5607],[82.2924,16.5607],[82.2924,16.5604],[82.2921,16.5604],[82.2921,16.5601],[82.2915,16.5601],[82.2915,16.5599],[82.291,16.5599],[82.291,16.5596],[82.2907,16.5596],[82.2907,16.5593],[82.2899,16.5593],[82.2899,16.559],[82.2893,16.559],[82.2893,16.5587],[82.2887,16.5587],[82.2887,16.5585],[82.2879,16.5585],[82.2879,16.5582],[82.2874,16.5582],[82.2874,16.5579],[82.287,16.5579],[82.2868,16.5579],[82.2868,16.5577],[82.2865,16.5576],[82.2865,16.5575],[82.2865,16.5574],[82.2862,16.5574],[82.2857,16.5574],[82.2857,16.5571],[82.2854,16.5571],[82.284,16.5571],[82.284,16.5568],[82.2832,16.5568],[82.2832,16.5565],[82.2824,16.5565],[82.2824,16.5562],[82.2804,16.5562],[82.2804,16.556],[82.2782,16.556],[82.2782,16.5557],[82.2779,16.5557],[82.2779,16.5554],[82.2776,16.5554],[82.2776,16.5551],[82.2774,16.5551],[82.2774,16.5549],[82.2749,16.5549],[82.2749,16.5546],[82.274,16.5546],[82.274,16.5543],[82.2738,16.5543],[82.2738,16.554],[82.2732,16.554],[82.2732,16.5538],[82.2715,16.5538],[82.2715,16.5535],[82.2712,16.5535],[82.2712,16.5532],[82.2704,16.5532],[82.2704,16.5529],[82.269,16.5529],[82.269,16.5526],[82.2682,16.5526],[82.2682,16.5524],[82.2665,16.5524],[82.2665,16.5521],[82.2654,16.5521],[82.2654,16.5518],[82.2646,16.5518],[82.2646,16.5515],[82.264,16.5515],[82.264,16.5513],[82.2632,16.5513],[82.2632,16.551],[82.2621,16.551],[82.2621,16.5507],[82.2604,16.5507],[82.2604,16.5504],[82.2599,16.5504],[82.2599,16.5501],[82.259,16.5501],[82.259,16.5499],[82.2582,16.5499],[82.2582,16.5496],[82.2568,16.5496],[82.2568,16.5493],[82.2562,16.5493],[82.2562,16.549],[82.2554,16.549],[82.2554,16.5488],[82.2546,16.5488],[82.2546,16.5485],[82.2542,16.5485],[82.2538,16.5485],[82.2538,16.5482],[82.2529,16.5482],[82.2529,16.5479],[82.2521,16.5479],[82.2521,16.5476],[82.2513,16.5476],[82.2513,16.5474],[82.2499,16.5474],[82.2499,16.5468],[82.2493,16.5468],[82.2493,16.5465],[82.2487,16.5465],[82.2487,16.5463],[82.2474,16.5463],[82.2474,16.546],[82.2465,16.546],[82.2465,16.5457],[82.246,16.5457],[82.246,16.5454],[82.2454,16.5454],[82.2454,16.5451],[82.2443,16.5451],[82.2443,16.5449],[82.2438,16.5449],[82.2438,16.5446],[82.2426,16.5446],[82.2426,16.5443],[82.2418,16.5443],[82.2418,16.544],[82.2412,16.544],[82.2412,16.5438],[82.2407,16.5438],[82.2407,16.5435],[82.2399,16.5435],[82.2399,16.5432],[82.2396,16.5432],[82.2396,16.5429],[82.2387,16.5429],[82.2387,16.5426],[82.2382,16.5426],[82.2382,16.5424],[82.2379,16.5424],[82.2379,16.5426],[82.2376,16.5426],[82.2376,16.5424],[82.2374,16.5424],[82.2374,16.5421],[82.2365,16.5421],[82.2365,16.5418],[82.2357,16.5418],[82.2357,16.5415],[82.2346,16.5415],[82.2346,16.5413],[82.234,16.5413],[82.234,16.541],[82.2335,16.541],[82.2335,16.5407],[82.2326,16.5407],[82.2326,16.5404],[82.2321,16.5404],[82.2321,16.5401],[82.2312,16.5401],[82.2312,16.5399],[82.231,16.5399],[82.231,16.5396],[82.2293,16.5396],[82.2293,16.5393],[82.2288,16.5393],[82.2288,16.539],[82.2282,16.539],[82.2282,16.5387],[82.2279,16.5387],[82.2279,16.5385],[82.2276,16.5385],[82.2276,16.5382],[82.2274,16.5382],[82.2274,16.5385],[82.2268,16.5385],[82.2268,16.5382],[82.2262,16.5382],[82.2262,16.5379],[82.2254,16.5379],[82.2254,16.5382],[82.2251,16.5382],[82.2251,16.5379],[82.2243,16.5379],[82.2243,16.5376],[82.224,16.5376],[82.224,16.5374],[82.2237,16.5374],[82.2237,16.5371],[82.2232,16.5371],[82.2232,16.5368],[82.2224,16.5368],[82.2224,16.5365],[82.2215,16.5365],[82.2215,16.5363],[82.2213,16.5363],[82.2213,16.5357],[82.221,16.5357],[82.221,16.5354],[82.2196,16.5354],[82.2196,16.5351],[82.219,16.5351],[82.219,16.5349],[82.2188,16.5349],[82.2188,16.5346],[82.2182,16.5346],[82.2182,16.5343],[82.2174,16.5343],[82.2174,16.534],[82.2162,16.534],[82.2162,16.5338],[82.2157,16.5338],[82.2157,16.5335],[82.2154,16.5335],[82.2154,16.5332],[82.2151,16.5332],[82.2151,16.5329],[82.2146,16.5329],[82.2146,16.5326],[82.2143,16.5326],[82.2143,16.5329],[82.2135,16.5329],[82.2135,16.5326],[82.2129,16.5326],[82.2129,16.5324],[82.2126,16.5324],[82.2126,16.5321],[82.2124,16.5321],[82.2124,16.5318],[82.2118,16.5318],[82.2118,16.5315],[82.2107,16.5315],[82.2107,16.5312],[82.2104,16.5312],[82.2104,16.531],[82.2099,16.531],[82.2099,16.5307],[82.2093,16.5307],[82.2093,16.5304],[82.209,16.5304],[82.209,16.5301],[82.2082,16.5301],[82.2082,16.5299],[82.2076,16.5299],[82.2076,16.5296],[82.2071,16.5296],[82.2071,16.529],[82.2054,16.529],[82.2054,16.5287],[82.2051,16.5287],[82.2051,16.5285],[82.2049,16.5285],[82.2049,16.5282],[82.2043,16.5282],[82.2043,16.5279],[82.2035,16.5279],[82.2035,16.5276],[82.2032,16.5276],[82.2032,16.5274],[82.2026,16.5274],[82.2026,16.5271],[82.2024,16.5271],[82.2024,16.5268],[82.2007,16.5268],[82.2007,16.5265],[82.2001,16.5265],[82.2001,16.5263],[82.1996,16.5263],[82.1996,16.5254],[82.1988,16.5254],[82.1988,16.5252],[82.1982,16.5252],[82.1982,16.5249],[82.1974,16.5249],[82.1974,16.5246],[82.1968,16.5246],[82.1968,16.5243],[82.196,16.5243],[82.196,16.524],[82.1954,16.524],[82.1954,16.5238],[82.1949,16.5238],[82.1949,16.5235],[82.194,16.5235],[82.194,16.5232],[82.1937,16.5232],[82.1937,16.5229],[82.1929,16.5229],[82.1929,16.5226],[82.1924,16.5226],[82.1924,16.5224],[82.1918,16.5224],[82.1918,16.5221],[82.1912,16.5221],[82.1912,16.5218],[82.1904,16.5218],[82.1904,16.5215],[82.1899,16.5215],[82.1899,16.5213],[82.1893,16.5213],[82.1893,16.521],[82.1888,16.521],[82.1888,16.5207],[82.1882,16.5207],[82.1882,16.5204],[82.1876,16.5204],[82.1876,16.5201],[82.1871,16.5201],[82.1871,16.5199],[82.1865,16.5199],[82.1865,16.5196],[82.1862,16.5196],[82.1862,16.5193],[82.186,16.5193],[82.186,16.519],[82.1854,16.519],[82.1854,16.5187],[82.1851,16.5187],[82.1851,16.5185],[82.184,16.5185],[82.184,16.5182],[82.1832,16.5182],[82.1832,16.5179],[82.1829,16.5179],[82.1829,16.5176],[82.1821,16.5176],[82.1821,16.5174],[82.1815,16.5174],[82.1815,16.5171],[82.181,16.5171],[82.181,16.5168],[82.1807,16.5168],[82.1807,16.5165],[82.1801,16.5165],[82.1801,16.5163],[82.1799,16.5163],[82.1799,16.516],[82.1793,16.516],[82.1793,16.5157],[82.1787,16.5157],[82.1787,16.5154],[82.1785,16.5154],[82.1785,16.5151],[82.1779,16.5151],[82.1779,16.5149],[82.1774,16.5149],[82.1774,16.5146],[82.1771,16.5146],[82.1771,16.5143],[82.1768,16.5143],[82.1768,16.514],[82.1765,16.514],[82.1765,16.5138],[82.176,16.5138],[82.176,16.514],[82.1751,16.514],[82.1751,16.5138],[82.1746,16.5138],[82.1746,16.5135],[82.1743,16.5135],[82.1743,16.5129],[82.174,16.5129],[82.174,16.5126],[82.1732,16.5126],[82.1732,16.5124],[82.1726,16.5124],[82.1726,16.5126],[82.1721,16.5126],[82.1721,16.5124],[82.1715,16.5124],[82.1715,16.5115],[82.1712,16.5115],[82.1712,16.5112],[82.171,16.5112],[82.171,16.511],[82.1707,16.511],[82.1707,16.5107],[82.1699,16.5107],[82.1699,16.5104],[82.1693,16.5104],[82.1693,16.5102],[82.1685,16.5102],[82.1685,16.5099],[82.1682,16.5099],[82.1682,16.5096],[82.1676,16.5096],[82.1676,16.5093],[82.1671,16.5093],[82.1671,16.509],[82.1665,16.509],[82.1665,16.5088],[82.166,16.5088],[82.166,16.5085],[82.1657,16.5085],[82.1657,16.5082],[82.1654,16.5082],[82.1654,16.5079],[82.1646,16.5079],[82.1646,16.5076],[82.164,16.5076],[82.164,16.5074],[82.1635,16.5074],[82.1635,16.5071],[82.1626,16.5071],[82.1626,16.5068],[82.1624,16.5068],[82.1624,16.5065],[82.1621,16.5065],[82.1621,16.5062],[82.1612,16.5062],[82.1612,16.506],[82.1601,16.506],[82.1601,16.5057],[82.1596,16.5057],[82.1596,16.5054],[82.159,16.5054],[82.159,16.5051],[82.1584,16.5051],[82.1582,16.5051],[82.1582,16.5049],[82.1579,16.5049],[82.1579,16.5046],[82.1576,16.5046],[82.1576,16.5043],[82.1568,16.5043],[82.1568,16.504],[82.1563,16.504],[82.1563,16.5037],[82.1557,16.5037],[82.1557,16.5035],[82.1543,16.5035],[82.1543,16.5029],[82.154,16.5029],[82.154,16.5026],[82.1532,16.5026],[82.1532,16.5024],[82.1529,16.5024],[82.1529,16.5021],[82.1526,16.5021],[82.1526,16.5018],[82.1521,16.5018],[82.1521,16.5015],[82.1518,16.5015],[82.1518,16.5013],[82.1513,16.5013],[82.1513,16.501],[82.1504,16.501],[82.1504,16.5007],[82.1501,16.5007],[82.1501,16.5004],[82.1493,16.5004],[82.1493,16.5001],[82.1485,16.5001],[82.1485,16.4999],[82.1479,16.4999],[82.1479,16.4996],[82.1465,16.4996],[82.1465,16.4993],[82.146,16.4993],[82.146,16.499],[82.1451,16.499],[82.1451,16.4988],[82.1446,16.4988],[82.1446,16.4985],[82.1443,16.4985],[82.1443,16.4982],[82.1438,16.4982],[82.1438,16.4976],[82.1424,16.4976],[82.1424,16.4979],[82.1415,16.4979],[82.1415,16.4974],[82.1413,16.4974],[82.1413,16.4971],[82.141,16.4971],[82.141,16.4968],[82.1407,16.4968],[82.1407,16.4965],[82.1404,16.4965],[82.1404,16.4963],[82.1401,16.4963],[82.1401,16.496],[82.1393,16.496],[82.1393,16.4965],[82.139,16.4965],[82.139,16.4957],[82.1385,16.4957],[82.1385,16.4954],[82.1382,16.4954],[82.1382,16.4951],[82.1368,16.4951],[82.1368,16.4948],[82.1365,16.4949],[82.1365,16.4946],[82.1363,16.4946],[82.1363,16.4943],[82.1357,16.4943],[82.1357,16.494],[82.1351,16.494],[82.1351,16.4938],[82.134,16.4938],[82.134,16.4935],[82.1335,16.4935],[82.1335,16.4929],[82.1329,16.4929],[82.1329,16.4926],[82.1324,16.4926],[82.1324,16.4921],[82.1321,16.4921],[82.1321,16.4918],[82.1317,16.4918],[82.1301,16.4918],[82.1301,16.4915],[82.1299,16.4915],[82.1299,16.4912],[82.1293,16.4912],[82.1293,16.491],[82.129,16.491],[82.129,16.4907],[82.1282,16.4907],[82.1282,16.4904],[82.1271,16.4904],[82.1271,16.4901],[82.1268,16.4901],[82.1268,16.4899],[82.1265,16.4899],[82.1265,16.4896],[82.1257,16.4896],[82.1257,16.4893],[82.1249,16.4893],[82.1249,16.489],[82.1246,16.489],[82.1246,16.4888],[82.124,16.4888],[82.124,16.4885],[82.1237,16.4885],[82.1237,16.4882],[82.1226,16.4882],[82.1226,16.4879],[82.1221,16.4879],[82.1221,16.4876],[82.1212,16.4876],[82.1212,16.4874],[82.121,16.4874],[82.121,16.4871],[82.1204,16.4871],[82.1204,16.4865],[82.1201,16.4865],[82.1201,16.486],[82.1196,16.486],[82.1196,16.4857],[82.1188,16.4857],[82.1188,16.4854],[82.1179,16.4854],[82.1179,16.4857],[82.1176,16.4857],[82.1176,16.4854],[82.1168,16.4854],[82.1168,16.4851],[82.1154,16.4851],[82.1154,16.4862],[82.1151,16.4862],[82.1151,16.4868],[82.1149,16.4868],[82.1149,16.4871],[82.1146,16.4871],[82.1146,16.4876],[82.1143,16.4876],[82.1143,16.4879],[82.114,16.4879],[82.114,16.4882],[82.1137,16.4882],[82.1137,16.4885],[82.1126,16.4885],[82.1126,16.4882],[82.1124,16.4882],[82.1124,16.4876],[82.1121,16.4876],[82.1121,16.4874],[82.1124,16.4874],[82.1124,16.4857],[82.1126,16.4857],[82.1126,16.4854],[82.1129,16.4854],[82.1129,16.4849],[82.1132,16.4849],[82.1132,16.4846],[82.1135,16.4846],[82.1135,16.4843],[82.114,16.4843],[82.114,16.4837],[82.1137,16.4837],[82.1137,16.4835],[82.1135,16.4835],[82.1135,16.4832],[82.1129,16.4832],[82.1129,16.4829],[82.1124,16.4829],[82.1124,16.4826],[82.1121,16.4826],[82.1121,16.4824],[82.1115,16.4824],[82.1115,16.4821],[82.111,16.4821],[82.111,16.4818],[82.1104,16.4818],[82.1104,16.4815],[82.1099,16.4815],[82.1099,16.4813],[82.1096,16.4813],[82.1096,16.481],[82.109,16.481],[82.109,16.4807],[82.1085,16.4807],[82.1085,16.4804],[82.1079,16.4804],[82.1079,16.4801],[82.1074,16.4801],[82.1074,16.4799],[82.1068,16.4799],[82.1068,16.4796],[82.1062,16.4796],[82.1062,16.4793],[82.1054,16.4793],[82.1054,16.479],[82.1049,16.479],[82.1049,16.4787],[82.104,16.4787],[82.104,16.4785],[82.1035,16.4785],[82.1035,16.4782],[82.1026,16.4782],[82.1026,16.4779],[82.1021,16.4779],[82.1021,16.4776],[82.1012,16.4776],[82.1012,16.4774],[82.1007,16.4774],[82.1007,16.4771],[82.1004,16.4771],[82.1004,16.4768],[82.1001,16.4768],[82.1001,16.4765],[82.0996,16.4765],[82.0996,16.4762],[82.099,16.4762],[82.099,16.476],[82.0987,16.476],[82.0987,16.4757],[82.0985,16.4757],[82.0985,16.4754],[82.0979,16.4754],[82.0979,16.4751],[82.0971,16.4751],[82.0971,16.4749],[82.0965,16.4749],[82.0965,16.4746],[82.096,16.4746],[82.096,16.4743],[82.0954,16.4743],[82.0954,16.474],[82.0946,16.474],[82.0946,16.4738],[82.0943,16.4738],[82.0943,16.4735],[82.0938,16.4735],[82.0938,16.4732],[82.0932,16.4732],[82.0932,16.4729],[82.0924,16.4729],[82.0924,16.4726],[82.0915,16.4726],[82.0915,16.4724],[82.0912,16.4724],[82.0912,16.4721],[82.091,16.4721],[82.091,16.4718],[82.0904,16.4718],[82.0904,16.4715],[82.0901,16.4715],[82.0901,16.471],[82.0888,16.471],[82.0888,16.4707],[82.0885,16.4707],[82.0885,16.4704],[82.0879,16.4704],[82.0879,16.4701],[82.0874,16.4701],[82.0874,16.4699],[82.0868,16.4699],[82.0868,16.4696],[82.0865,16.4696],[82.0865,16.4693],[82.086,16.4693],[82.086,16.469],[82.0854,16.469],[82.0854,16.4688],[82.0843,16.4688],[82.0843,16.4685],[82.0837,16.4685],[82.0837,16.4682],[82.0832,16.4682],[82.0832,16.4679],[82.0826,16.4679],[82.0826,16.4676],[82.0818,16.4676],[82.0818,16.4674],[82.0815,16.4674],[82.0815,16.4671],[82.081,16.4671],[82.081,16.4668],[82.0801,16.4668],[82.0801,16.4665],[82.0796,16.4665],[82.0796,16.4662],[82.0788,16.4662],[82.0788,16.466],[82.0785,16.466],[82.0785,16.4657],[82.0779,16.4657],[82.0779,16.4654],[82.0774,16.4654],[82.0774,16.4651],[82.0768,16.4651],[82.0768,16.4649],[82.0765,16.4649],[82.0765,16.4646],[82.0762,16.4646],[82.0762,16.4643],[82.076,16.4643],[82.076,16.464],[82.0754,16.464],[82.0754,16.4638],[82.0751,16.4638],[82.0751,16.4635],[82.0735,16.4635],[82.0735,16.4632],[82.0729,16.4632],[82.0729,16.4629],[82.0726,16.4629],[82.0726,16.4626],[82.0724,16.4626],[82.0724,16.4624],[82.0718,16.4624],[82.0718,16.4621],[82.0713,16.4621],[82.0713,16.4618],[82.0707,16.4618],[82.0707,16.4613],[82.0699,16.4613],[82.0699,16.461],[82.0696,16.461],[82.0696,16.4607],[82.069,16.4607],[82.069,16.4604],[82.0685,16.4604],[82.0685,16.4601],[82.0679,16.4601],[82.0679,16.4599],[82.0674,16.4599],[82.0674,16.4596],[82.0668,16.4596],[82.0668,16.4593],[82.0663,16.4593],[82.0663,16.459],[82.066,16.459],[82.066,16.4587],[82.0657,16.4587],[82.0657,16.4585],[82.0654,16.4585],[82.0654,16.4582],[82.0646,16.4582],[82.0646,16.4579],[82.0635,16.4579],[82.0635,16.4576],[82.0632,16.4576],[82.0632,16.4574],[82.0629,16.4574],[82.0629,16.4571],[82.0624,16.4571],[82.0624,16.4568],[82.0621,16.4568],[82.0621,16.4565],[82.0615,16.4565],[82.0615,16.4563],[82.061,16.4563],[82.061,16.456],[82.0599,16.456],[82.0599,16.4557],[82.0596,16.4557],[82.0596,16.4554],[82.0593,16.4554],[82.0593,16.4551],[82.059,16.4551],[82.059,16.4549],[82.0585,16.4549],[82.0585,16.4546],[82.0579,16.4546],[82.0579,16.4543],[82.0576,16.4543],[82.0576,16.454],[82.0571,16.454],[82.0571,16.4538],[82.0568,16.4538],[82.0568,16.4535],[82.0557,16.4535],[82.0557,16.4532],[82.0549,16.4532],[82.0549,16.4529],[82.0543,16.4529],[82.0543,16.4526],[82.054,16.4526],[82.054,16.4524],[82.0535,16.4524],[82.0535,16.4521],[82.0529,16.4521],[82.0529,16.4518],[82.0527,16.4518],[82.0527,16.4515],[82.0521,16.4515],[82.0521,16.4512],[82.0518,16.4512],[82.0518,16.451],[82.0512,16.451],[82.0512,16.4507],[82.0507,16.4507],[82.0507,16.4504],[82.0501,16.4504],[82.0501,16.4501],[82.0488,16.4501],[82.0488,16.4499],[82.0482,16.4499],[82.0482,16.4496],[82.0479,16.4496],[82.0479,16.4493],[82.0476,16.4493],[82.0476,16.449],[82.0474,16.449],[82.0474,16.4487],[82.0468,16.4487],[82.0468,16.4485],[82.0465,16.4485],[82.0465,16.4482],[82.0462,16.4482],[82.0462,16.4479],[82.046,16.4479],[82.046,16.4476],[82.0449,16.4476],[82.0449,16.4474],[82.0443,16.4474],[82.0443,16.4471],[82.0437,16.4471],[82.0437,16.4468],[82.0435,16.4468],[82.0435,16.4465],[82.0413,16.4465],[82.0413,16.4463],[82.041,16.4463],[82.041,16.446],[82.0401,16.446],[82.0401,16.4463],[82.0387,16.4463],[82.0387,16.446],[82.0382,16.446],[82.0382,16.4457],[82.0374,16.4457],[82.0374,16.4454],[82.0371,16.4454],[82.0371,16.4451],[82.0368,16.4451],[82.0368,16.4446],[82.0365,16.4446],[82.0365,16.4451],[82.036,16.4451],[82.036,16.4454],[82.0351,16.4454],[82.0351,16.4451],[82.0329,16.4451],[82.0329,16.4449],[82.0326,16.4449],[82.0326,16.4446],[82.0324,16.4446],[82.0324,16.4443],[82.0318,16.4443],[82.0318,16.444],[82.0315,16.444],[82.0315,16.4437],[82.0313,16.4438],[82.0313,16.4435],[82.031,16.4435],[82.031,16.4432],[82.0304,16.4432],[82.0304,16.4429],[82.0301,16.4429],[82.0301,16.4426],[82.0299,16.4426],[82.0299,16.4424],[82.0296,16.4424],[82.0296,16.4421],[82.0293,16.4421],[82.0293,16.4415],[82.0276,16.4415],[82.0276,16.4413],[82.0274,16.4413],[82.0274,16.441],[82.0271,16.441],[82.0271,16.4399],[82.0274,16.4399],[82.0274,16.4396],[82.0282,16.4396],[82.0282,16.4399],[82.0287,16.4399],[82.0287,16.4401],[82.029,16.4401],[82.029,16.4404],[82.0301,16.4404],[82.0301,16.4401],[82.031,16.4401],[82.031,16.4399],[82.0315,16.4399],[82.0315,16.4396],[82.031,16.4396],[82.031,16.4393],[82.0304,16.4393],[82.0304,16.439],[82.0301,16.439],[82.0301,16.4387],[82.0299,16.4387],[82.0299,16.4385],[82.0293,16.4385],[82.0293,16.4382],[82.029,16.4382],[82.029,16.4379],[82.0285,16.4379],[82.0285,16.4376],[82.0279,16.4376],[82.0279,16.4374],[82.0274,16.4374],[82.0274,16.4371],[82.0271,16.4371],[82.0271,16.4368],[82.0268,16.4368],[82.0268,16.4365],[82.026,16.4365],[82.026,16.4363],[82.0251,16.4363],[82.0251,16.436],[82.0249,16.436],[82.0249,16.4357],[82.0246,16.4357],[82.0246,16.4354],[82.0243,16.4354],[82.0243,16.4351],[82.024,16.4351],[82.024,16.4349],[82.0232,16.4349],[82.0232,16.4346],[82.0229,16.4346],[82.0229,16.4343],[82.0212,16.4343],[82.0212,16.434],[82.021,16.434],[82.021,16.4338],[82.0207,16.4338],[82.0207,16.4335],[82.0204,16.4335],[82.0204,16.4332],[82.0201,16.4332],[82.0201,16.4326],[82.0204,16.4326],[82.0204,16.4318],[82.021,16.4318],[82.021,16.4315],[82.0201,16.4315],[82.0201,16.4312],[82.0199,16.4312],[82.0199,16.4315],[82.0193,16.4315],[82.0193,16.4321],[82.019,16.4321],[82.019,16.4324],[82.0185,16.4324],[82.0185,16.4321],[82.0176,16.4321],[82.0176,16.4318],[82.0165,16.4318],[82.0165,16.4315],[82.016,16.4315],[82.016,16.4312],[82.0154,16.4312],[82.0154,16.431],[82.0151,16.431],[82.0151,16.4307],[82.0146,16.4307],[82.0146,16.4304],[82.0143,16.4304],[82.0143,16.4301],[82.014,16.4301],[82.014,16.4299],[82.0135,16.4299],[82.0135,16.4296],[82.0126,16.4296],[82.0126,16.4293],[82.0124,16.4293],[82.0124,16.429],[82.0121,16.429],[82.0121,16.4287],[82.0115,16.4287],[82.0115,16.4285],[82.0104,16.4285],[82.0104,16.4282],[82.0099,16.4282],[82.0099,16.4279],[82.0096,16.4279],[82.0096,16.4276],[82.009,16.4276],[82.009,16.4274],[82.0085,16.4274],[82.0085,16.4271],[82.0076,16.4271],[82.0076,16.4268],[82.0073,16.4268],[82.0073,16.4265],[82.0071,16.4265],[82.0071,16.4262],[82.0068,16.4262],[82.0068,16.426],[82.0065,16.426],[82.0065,16.4257],[82.0071,16.4257],[82.0071,16.4251],[82.0068,16.4251],[82.0068,16.4243],[82.0065,16.4243],[82.0065,16.424],[82.0051,16.424],[82.0051,16.4251],[82.006,16.4251],[82.006,16.4257],[82.0054,16.4257],[82.0054,16.4254],[82.0046,16.4254],[82.0046,16.4251],[82.004,16.4251],[82.004,16.4249],[82.0035,16.4249],[82.0035,16.4246],[82.0029,16.4246],[82.0029,16.4243],[82.0024,16.4243],[82.0024,16.424],[82.0018,16.424],[82.0018,16.4237],[82.0013,16.4237],[82.0013,16.4235],[82.001,16.4235],[82.001,16.4232],[82.0007,16.4232],[82.0007,16.4229],[82.0004,16.4229],[82.0004,16.4226],[81.9999,16.4226],[81.9993,16.4226],[81.9993,16.4224],[81.9987,16.4224],[81.9987,16.4221],[81.9982,16.4221],[81.9982,16.4218],[81.9976,16.4218],[81.9976,16.4215],[81.9971,16.4215],[81.9971,16.4212],[81.9968,16.4212],[81.9968,16.421],[81.9965,16.421],[81.9965,16.4207],[81.9951,16.4207],[81.9951,16.4204],[81.9949,16.4204],[81.9949,16.4201],[81.9946,16.4201],[81.9946,16.4199],[81.9943,16.4199],[81.9943,16.4196],[81.9935,16.4196],[81.9935,16.4193],[81.9926,16.4193],[81.9926,16.419],[81.9921,16.419],[81.9921,16.4188],[81.9912,16.4188],[81.9912,16.4185],[81.991,16.4185],[81.991,16.4182],[81.9904,16.4182],[81.9904,16.4179],[81.9896,16.4179],[81.9896,16.4176],[81.9893,16.4176],[81.9893,16.4174],[81.9887,16.4174],[81.9887,16.4171],[81.9882,16.4171],[81.9882,16.4168],[81.9876,16.4168],[81.9876,16.4165],[81.9871,16.4165],[81.9871,16.4163],[81.9868,16.4163],[81.9868,16.416],[81.9865,16.416],[81.9865,16.4157],[81.9857,16.4157],[81.9857,16.4154],[81.9849,16.4154],[81.9849,16.4151],[81.984,16.4151],[81.984,16.4149],[81.9837,16.4149],[81.9837,16.4146],[81.9832,16.4146],[81.9832,16.4143],[81.9826,16.4143],[81.9826,16.414],[81.9818,16.414],[81.9818,16.4138],[81.9815,16.4138],[81.9815,16.4135],[81.981,16.4135],[81.981,16.4132],[81.9804,16.4132],[81.9804,16.4129],[81.9801,16.4129],[81.9801,16.4126],[81.9799,16.4126],[81.9799,16.4124],[81.9793,16.4124],[81.9793,16.4121],[81.9788,16.4121],[81.9788,16.4118],[81.9785,16.4118],[81.9785,16.4115],[81.9779,16.4115],[81.9779,16.4112],[81.976,16.4112],[81.976,16.411],[81.9757,16.411],[81.9757,16.4107],[81.9751,16.4107],[81.9751,16.4104],[81.9749,16.4104],[81.9749,16.4101],[81.9746,16.4101],[81.9746,16.4099],[81.974,16.4099],[81.974,16.4096],[81.9732,16.4096],[81.9732,16.4093],[81.9729,16.4093],[81.9729,16.409],[81.9724,16.409],[81.9724,16.4088],[81.9718,16.4088],[81.9718,16.4085],[81.9712,16.4085],[81.9713,16.4088],[81.9707,16.4088],[81.9707,16.4085],[81.9704,16.4085],[81.9704,16.4082],[81.9701,16.4082],[81.9701,16.4079],[81.9699,16.4079],[81.9699,16.4076],[81.9674,16.4076],[81.9674,16.4074],[81.9671,16.4074],[81.9671,16.4071],[81.9668,16.4071],[81.9668,16.4068],[81.9665,16.4068],[81.9665,16.4065],[81.9662,16.4065],[81.9662,16.4063],[81.9657,16.4063],[81.9657,16.406],[81.9649,16.406],[81.9649,16.4057],[81.9646,16.4057],[81.9646,16.4054],[81.9643,16.4054],[81.9643,16.4051],[81.9632,16.4051],[81.9632,16.4049],[81.9626,16.4049],[81.9626,16.4046],[81.9621,16.4046],[81.9621,16.4043],[81.961,16.4043],[81.961,16.404],[81.9607,16.404],[81.9607,16.4037],[81.9604,16.4037],[81.9604,16.404],[81.9596,16.404],[81.9596,16.4035],[81.9593,16.4035],[81.9593,16.4032],[81.9587,16.4032],[81.9587,16.4029],[81.9582,16.4029],[81.9582,16.4026],[81.9576,16.4026],[81.9576,16.4024],[81.9571,16.4024],[81.9571,16.4021],[81.9565,16.4021],[81.9565,16.4018],[81.956,16.4018],[81.956,16.4015],[81.9554,16.4015],[81.9554,16.4013],[81.9549,16.4013],[81.9549,16.401],[81.9543,16.401],[81.9543,16.4007],[81.9538,16.4007],[81.9538,16.4004],[81.9536,16.4004],[81.9529,16.4004],[81.9529,16.4001],[81.9524,16.4001],[81.9524,16.3999],[81.9518,16.3999],[81.9518,16.3996],[81.9512,16.3996],[81.9512,16.3993],[81.9507,16.3993],[81.9507,16.399],[81.9501,16.399],[81.9501,16.3988],[81.9496,16.3988],[81.9496,16.3985],[81.949,16.3985],[81.949,16.3982],[81.9485,16.3982],[81.9485,16.3985],[81.9482,16.3985],[81.9482,16.3982],[81.9479,16.3982],[81.9479,16.3979],[81.9476,16.3979],[81.9476,16.3976],[81.9471,16.3976],[81.9471,16.3974],[81.9465,16.3974],[81.9465,16.3971],[81.9463,16.3971],[81.9463,16.3968],[81.946,16.3968],[81.946,16.3965],[81.9457,16.3965],[81.9457,16.3962],[81.9454,16.3962],[81.9454,16.396],[81.9451,16.396],[81.9451,16.3957],[81.9449,16.3957],[81.9449,16.3954],[81.9446,16.3954],[81.9446,16.3951],[81.9432,16.3951],[81.9432,16.3954],[81.9424,16.3954],[81.9424,16.3951],[81.9421,16.3951],[81.9418,16.3951],[81.9418,16.3949],[81.941,16.3949],[81.941,16.3946],[81.9388,16.3946],[81.9388,16.3949],[81.9382,16.3949],[81.9382,16.3951],[81.9371,16.3951],[81.9371,16.3949],[81.936,16.3949],[81.936,16.3946],[81.9357,16.3946],[81.9357,16.3943],[81.9346,16.3943],[81.9346,16.394],[81.934,16.394],[81.934,16.3938],[81.9326,16.3938],[81.9326,16.394],[81.9296,16.394],[81.9296,16.3938],[81.9285,16.3938],[81.9285,16.394],[81.9274,16.394],[81.9274,16.3938],[81.9246,16.3938],[81.9246,16.3935],[81.9232,16.3935],[81.9232,16.3932],[81.9229,16.3932],[81.9229,16.3929],[81.9226,16.3929],[81.9226,16.3926],[81.9218,16.3926],[81.9218,16.3924],[81.9212,16.3924],[81.9212,16.3926],[81.9207,16.3926],[81.9207,16.3924],[81.9196,16.3924],[81.9196,16.3921],[81.9193,16.3921],[81.9193,16.3918],[81.9179,16.3918],[81.9179,16.3915],[81.9154,16.3915],[81.9154,16.3913],[81.914,16.3913],[81.914,16.391],[81.9129,16.391],[81.9129,16.3904],[81.9121,16.3904],[81.9121,16.3901],[81.911,16.3901],[81.911,16.3904],[81.9104,16.3904],[81.9104,16.3901],[81.9093,16.3901],[81.9093,16.3899],[81.9074,16.3899],[81.9074,16.3896],[81.9065,16.3896],[81.9065,16.3893],[81.9057,16.3893],[81.9057,16.389],[81.9054,16.389],[81.9054,16.3888],[81.9046,16.3888],[81.9046,16.389],[81.9037,16.389],[81.9037,16.3888],[81.9029,16.3888],[81.9029,16.3882],[81.9013,16.3882],[81.9013,16.3879],[81.9001,16.3879],[81.9001,16.3876],[81.8974,16.3876],[81.8974,16.3874],[81.8968,16.3874],[81.8968,16.3871],[81.896,16.3871],[81.896,16.3868],[81.8946,16.3868],[81.8946,16.3865],[81.894,16.3865],[81.894,16.3863],[81.8929,16.3863],[81.8929,16.3865],[81.8924,16.3865],[81.8924,16.3863],[81.8915,16.3863],[81.8915,16.386],[81.891,16.386],[81.891,16.3857],[81.8904,16.3857],[81.8904,16.3854],[81.889,16.3854],[81.889,16.3851],[81.8882,16.3851],[81.8882,16.3849],[81.8874,16.3849],[81.8874,16.3846],[81.8863,16.3846],[81.8863,16.3843],[81.8854,16.3843],[81.8854,16.384],[81.8838,16.384],[81.8838,16.3838],[81.8832,16.3838],[81.8832,16.3835],[81.8824,16.3835],[81.8824,16.3832],[81.8818,16.3832],[81.8818,16.3829],[81.8807,16.3829],[81.8807,16.3826],[81.879,16.3826],[81.879,16.3824],[81.8782,16.3824],[81.8782,16.3821],[81.8779,16.3821],[81.8779,16.3818],[81.8774,16.3818],[81.8774,16.3815],[81.8765,16.3815],[81.8765,16.3813],[81.8751,16.3813],[81.8751,16.381],[81.874,16.381],[81.874,16.3807],[81.8732,16.3807],[81.8732,16.3804],[81.8721,16.3804],[81.8721,16.3801],[81.871,16.3801],[81.871,16.3799],[81.8704,16.3799],[81.8704,16.3796],[81.8696,16.3796],[81.8696,16.3793],[81.8688,16.3793],[81.8688,16.379],[81.8676,16.379],[81.8676,16.3787],[81.8668,16.3787],[81.8668,16.3785],[81.8651,16.3785],[81.8651,16.3782],[81.8643,16.3782],[81.8643,16.3779],[81.8629,16.3779],[81.8629,16.3777],[81.8626,16.3777],[81.8626,16.3774],[81.8624,16.3774],[81.8624,16.3771],[81.8618,16.3771],[81.8618,16.3768],[81.861,16.3768],[81.861,16.3765],[81.8604,16.3765],[81.8604,16.3763],[81.8596,16.3763],[81.8596,16.376],[81.859,16.376],[81.859,16.3757],[81.8579,16.3757],[81.8579,16.3754],[81.8574,16.3754],[81.8574,16.3751],[81.8568,16.3751],[81.8568,16.3749],[81.856,16.3749],[81.856,16.3746],[81.854,16.3746],[81.854,16.3743],[81.8538,16.3743],[81.8538,16.374],[81.8535,16.374],[81.8535,16.3735],[81.8526,16.3735],[81.8526,16.3732],[81.8515,16.3732],[81.8515,16.3729],[81.851,16.3729],[81.851,16.3726],[81.8501,16.3726],[81.8501,16.3724],[81.8499,16.3724],[81.8499,16.3721],[81.849,16.3721],[81.849,16.3718],[81.8485,16.3718],[81.8485,16.3715],[81.8476,16.3715],[81.8476,16.3712],[81.846,16.3712],[81.846,16.371],[81.8457,16.371],[81.8457,16.3707],[81.8454,16.3707],[81.8454,16.3704],[81.844,16.3704],[81.844,16.3701],[81.8432,16.3701],[81.8432,16.3699],[81.8424,16.3699],[81.8424,16.3696],[81.8418,16.3696],[81.8418,16.3693],[81.8412,16.3693],[81.8412,16.369],[81.841,16.369],[81.841,16.3687],[81.8401,16.3687],[81.8401,16.3685],[81.8396,16.3685],[81.8396,16.3682],[81.839,16.3682],[81.839,16.3679],[81.8382,16.3679],[81.8382,16.3676],[81.8379,16.3676],[81.8379,16.3674],[81.8374,16.3674],[81.8374,16.3671],[81.8371,16.3671],[81.8371,16.3668],[81.836,16.3668],[81.836,16.3665],[81.8351,16.3665],[81.8351,16.3663],[81.8346,16.3663],[81.8346,16.366],[81.8337,16.366],[81.8337,16.3657],[81.8335,16.3657],[81.8335,16.3654],[81.8329,16.3654],[81.8329,16.3651],[81.8324,16.3651],[81.8324,16.3649],[81.8321,16.3649],[81.8321,16.3646],[81.8313,16.3646],[81.8313,16.3643],[81.8307,16.3643],[81.8307,16.364],[81.8304,16.364],[81.8304,16.3638],[81.8301,16.3638],[81.8301,16.3635],[81.8288,16.3635],[81.8288,16.3632],[81.8285,16.3632],[81.8285,16.3629],[81.8282,16.3629],[81.8282,16.3626],[81.8276,16.3626],[81.8276,16.3624],[81.8271,16.3624],[81.8271,16.3621],[81.8265,16.3621],[81.8265,16.3618],[81.826,16.3618],[81.826,16.3615],[81.8249,16.3615],[81.8249,16.3618],[81.8246,16.3618],[81.8246,16.3615],[81.824,16.3615],[81.824,16.3613],[81.8235,16.3613],[81.8235,16.361],[81.8229,16.361],[81.8229,16.3607],[81.8224,16.3607],[81.8224,16.3604],[81.8218,16.3604],[81.8218,16.3601],[81.8215,16.3601],[81.8215,16.3599],[81.8213,16.3599],[81.8213,16.3596],[81.8207,16.3596],[81.8207,16.3593],[81.8204,16.3593],[81.8204,16.359],[81.8196,16.359],[81.8196,16.3587],[81.819,16.3587],[81.819,16.3585],[81.8187,16.3585],[81.8187,16.3582],[81.8185,16.3582],[81.8185,16.3579],[81.8182,16.3579],[81.8182,16.3576],[81.8174,16.3576],[81.8174,16.3574],[81.8171,16.3574],[81.8171,16.3571],[81.8163,16.3571],[81.8163,16.3568],[81.8154,16.3568],[81.8154,16.3565],[81.8151,16.3565],[81.8151,16.3563],[81.8143,16.3563],[81.8143,16.356],[81.814,16.356],[81.814,16.3557],[81.8135,16.3557],[81.8135,16.3554],[81.8129,16.3554],[81.8129,16.3551],[81.8124,16.3551],[81.8124,16.3549],[81.8121,16.3549],[81.8121,16.3546],[81.8115,16.3546],[81.8115,16.3543],[81.811,16.3543],[81.811,16.354],[81.8104,16.354],[81.8104,16.3538],[81.809,16.3538],[81.809,16.3535],[81.8085,16.3535],[81.8085,16.3532],[81.8082,16.3532],[81.8082,16.3529],[81.8076,16.3529],[81.8076,16.3526],[81.8071,16.3526],[81.8071,16.3524],[81.8068,16.3524],[81.8068,16.3521],[81.8065,16.3521],[81.8065,16.3518],[81.8063,16.3518],[81.8063,16.3515],[81.8057,16.3515],[81.8057,16.3512],[81.8054,16.3512],[81.8054,16.351],[81.8051,16.351],[81.8051,16.3507],[81.8043,16.3507],[81.8043,16.3504],[81.8037,16.3504],[81.8037,16.3501],[81.8035,16.3501],[81.8035,16.3499],[81.8029,16.3499],[81.8029,16.3496],[81.8021,16.3496],[81.8021,16.3493],[81.8015,16.3493],[81.8015,16.349],[81.8012,16.349],[81.8012,16.3488],[81.8007,16.3488],[81.8007,16.3485],[81.8001,16.3485],[81.8001,16.3482],[81.7999,16.3482],[81.7999,16.3479],[81.7993,16.3479],[81.7993,16.3476],[81.7988,16.3476],[81.7988,16.3474],[81.7979,16.3474],[81.7979,16.3471],[81.7974,16.3471],[81.7974,16.3468],[81.7968,16.3468],[81.7968,16.3465],[81.7965,16.3465],[81.7965,16.3462],[81.796,16.3462],[81.796,16.346],[81.7957,16.346],[81.7957,16.3457],[81.7951,16.3457],[81.7951,16.3454],[81.7946,16.3454],[81.7946,16.3451],[81.794,16.3451],[81.794,16.3449],[81.7935,16.3449],[81.7935,16.3446],[81.7929,16.3446],[81.7929,16.3443],[81.7924,16.3443],[81.7924,16.344],[81.7921,16.344],[81.7921,16.3437],[81.7918,16.3437],[81.7918,16.3435],[81.7913,16.3435],[81.7913,16.3432],[81.7907,16.3432],[81.7907,16.3429],[81.7901,16.3429],[81.7901,16.3426],[81.7899,16.3426],[81.7899,16.3424],[81.7893,16.3424],[81.7893,16.3421],[81.7887,16.3421],[81.7887,16.3418],[81.7882,16.3418],[81.7882,16.3415],[81.7876,16.3415],[81.7876,16.3412],[81.7874,16.3412],[81.7874,16.341],[81.7868,16.341],[81.7868,16.3407],[81.786,16.3407],[81.786,16.3404],[81.7851,16.3404],[81.7851,16.3401],[81.7846,16.3401],[81.7846,16.3399],[81.7843,16.3399],[81.7843,16.3396],[81.784,16.3396],[81.784,16.3393],[81.7838,16.3393],[81.7838,16.339],[81.7835,16.339],[81.7835,16.3388],[81.7829,16.3388],[81.7829,16.3385],[81.7821,16.3385],[81.7821,16.3382],[81.7818,16.3382],[81.7818,16.3379],[81.781,16.3379],[81.781,16.3376],[81.7804,16.3376],[81.7804,16.3374],[81.7799,16.3374],[81.7799,16.3371],[81.7793,16.3371],[81.7793,16.3368],[81.7785,16.3368],[81.7785,16.3365],[81.7779,16.3365],[81.7779,16.3363],[81.7776,16.3363],[81.7776,16.336],[81.7771,16.336],[81.7771,16.3357],[81.7765,16.3357],[81.7765,16.3354],[81.7763,16.3354],[81.7763,16.3351],[81.7757,16.3351],[81.7757,16.3349],[81.7751,16.3349],[81.7751,16.3346],[81.7746,16.3346],[81.7746,16.3343],[81.774,16.3343],[81.774,16.334],[81.7729,16.334],[81.7729,16.3338],[81.7724,16.3338],[81.7724,16.3335],[81.7721,16.3335],[81.7721,16.3332],[81.771,16.3332],[81.771,16.3329],[81.7701,16.3329],[81.7701,16.3326],[81.7696,16.3326],[81.7696,16.3324],[81.7693,16.3324],[81.7693,16.3321],[81.769,16.3321],[81.769,16.3318],[81.7676,16.3318],[81.7676,16.3315],[81.7671,16.3315],[81.7671,16.3312],[81.766,16.3312],[81.766,16.331],[81.7657,16.331],[81.7657,16.3307],[81.7651,16.3307],[81.7651,16.3304],[81.7646,16.3304],[81.7646,16.3301],[81.764,16.3301],[81.764,16.3299],[81.7635,16.3299],[81.7635,16.3296],[81.7626,16.3296],[81.7626,16.3293],[81.7624,16.3293],[81.7624,16.329],[81.761,16.329],[81.761,16.3288],[81.7604,16.3288],[81.7604,16.3285],[81.7596,16.3285],[81.7596,16.3282],[81.759,16.3282],[81.759,16.3279],[81.7588,16.3279],[81.7588,16.3276],[81.7579,16.3276],[81.7579,16.3274],[81.7568,16.3274],[81.7568,16.3271],[81.7562,16.3271],[81.7562,16.3268],[81.7557,16.3268],[81.7557,16.3265],[81.7551,16.3265],[81.7551,16.3263],[81.7543,16.3263],[81.7543,16.326],[81.7538,16.326],[81.7538,16.3257],[81.7532,16.3257],[81.7532,16.3254],[81.7526,16.3254],[81.7526,16.3251],[81.7513,16.3251],[81.7513,16.3249],[81.7507,16.3249],[81.7507,16.3246],[81.7504,16.3246],[81.7504,16.3243],[81.7501,16.3243],[81.7501,16.324],[81.7493,16.324],[81.7493,16.3237],[81.7485,16.3237],[81.7485,16.3235],[81.7479,16.3235],[81.7479,16.3232],[81.7474,16.3232],[81.7474,16.3229],[81.7471,16.3229],[81.7471,16.3226],[81.7462,16.3226],[81.7462,16.3224],[81.7454,16.3224],[81.7454,16.3221],[81.7449,16.3221],[81.7449,16.3218],[81.7438,16.3218],[81.7438,16.3215],[81.7429,16.3215],[81.7429,16.3213],[81.7421,16.3213],[81.7421,16.321],[81.7415,16.321],[81.7415,16.3207],[81.741,16.3207],[81.741,16.3204],[81.7404,16.3204],[81.7404,16.3201],[81.7396,16.3201],[81.7396,16.3204],[81.7387,16.3204],[81.7387,16.3207],[81.7385,16.3207],[81.7385,16.3201],[81.7387,16.3201],[81.7387,16.3196],[81.7385,16.3196],[81.7385,16.3193],[81.7379,16.3193],[81.7379,16.319],[81.7368,16.319],[81.7368,16.3187],[81.7365,16.3187],[81.7365,16.3185],[81.736,16.3185],[81.736,16.3182],[81.7357,16.3182],[81.7357,16.3179],[81.7349,16.3179],[81.7349,16.3176],[81.7343,16.3176],[81.7343,16.3174],[81.734,16.3174],[81.734,16.3171],[81.7332,16.3171],[81.7332,16.3162],[81.7329,16.3162],[81.7329,16.3157],[81.7326,16.3157],[81.7326,16.3154],[81.7321,16.3154],[81.7321,16.3151],[81.7307,16.3151],[81.7307,16.3149],[81.7296,16.3149],[81.7296,16.3146],[81.7293,16.3146],[81.7293,16.3143],[81.7285,16.3143],[81.7285,16.314],[81.7279,16.314],[81.7279,16.3138],[81.7268,16.3138],[81.7268,16.3135],[81.7257,16.3135],[81.7257,16.3132],[81.7246,16.3132],[81.7246,16.3129],[81.724,16.3129],[81.724,16.3126],[81.7235,16.3126],[81.7235,16.3124],[81.7232,16.3124],[81.7232,16.3121],[81.7226,16.3121],[81.7226,16.3118],[81.7224,16.3118],[81.7224,16.3115],[81.7221,16.3115],[81.7221,16.3113],[81.7218,16.3113],[81.7218,16.3115],[81.721,16.3115],[81.721,16.3107],[81.7207,16.3107],[81.7207,16.3104],[81.7204,16.3104],[81.7204,16.3101],[81.719,16.3101],[81.719,16.3104],[81.7188,16.3104],[81.7188,16.3115],[81.719,16.3115],[81.719,16.3118],[81.7193,16.3118],[81.7193,16.3124],[81.7196,16.3124],[81.7196,16.3126],[81.7201,16.3126],[81.7201,16.3129],[81.7199,16.3129],[81.7199,16.3132],[81.7193,16.3132],[81.7193,16.3135],[81.719,16.3135],[81.719,16.3146],[81.7193,16.3146],[81.7193,16.316],[81.7196,16.316],[81.7196,16.3169],[81.7196,16.3171],[81.7199,16.3171],[81.7199,16.3174],[81.7201,16.3174],[81.7201,16.3176],[81.7204,16.3176],[81.7204,16.3179],[81.7207,16.3179],[81.7207,16.3185],[81.7202,16.3185],[81.7201,16.3187],[81.7196,16.3187],[81.7196,16.319],[81.719,16.319],[81.719,16.3193],[81.7182,16.3193],[81.7182,16.3196],[81.7176,16.3196],[81.7176,16.3199],[81.7171,16.3199],[81.7171,16.3201],[81.7162,16.3201],[81.7162,16.3204],[81.716,16.3204],[81.716,16.3199],[81.7157,16.3199],[81.7157,16.3196],[81.7146,16.3196],[81.7146,16.3199],[81.7143,16.3199],[81.7143,16.3196],[81.713,16.3196],[81.711,16.3196],[81.711,16.3199],[81.7106,16.3199],[81.7104,16.3199],[81.7104,16.3204],[81.7101,16.3204],[81.7101,16.3207],[81.7096,16.3207],[81.7096,16.321],[81.709,16.321],[81.709,16.3213],[81.7071,16.3213],[81.7071,16.3215],[81.7068,16.3215],[81.7068,16.3218],[81.7063,16.3218],[81.7063,16.3221],[81.7057,16.3221],[81.7057,16.3224],[81.7051,16.3224],[81.7051,16.3226],[81.7046,16.3226],[81.7046,16.3229],[81.704,16.3229],[81.704,16.3232],[81.7035,16.3232],[81.7035,16.3235],[81.7029,16.3235],[81.7029,16.3237],[81.7026,16.3237],[81.7026,16.324],[81.7021,16.324],[81.7021,16.3246],[81.7018,16.3246],[81.7018,16.3249],[81.7012,16.3249],[81.7012,16.3251],[81.7007,16.3251],[81.7007,16.3254],[81.6999,16.3254],[81.6999,16.3257],[81.6985,16.3257],[81.6985,16.326],[81.6982,16.326],[81.6982,16.3265],[81.6979,16.3265],[81.6979,16.3268],[81.6976,16.3268],[81.6976,16.3271],[81.6965,16.3271],[81.6965,16.3274],[81.6954,16.3274],[81.6954,16.3276],[81.6951,16.3276],[81.6951,16.3279],[81.6946,16.3279],[81.6946,16.3282],[81.6943,16.3282],[81.6943,16.3285],[81.6937,16.3285],[81.6937,16.3288],[81.6921,16.3288],[81.6921,16.329],[81.6918,16.329],[81.6918,16.3293],[81.6915,16.3293],[81.6915,16.3296],[81.6912,16.3296],[81.6912,16.3299],[81.6904,16.3299],[81.6904,16.3301],[81.6901,16.3301],[81.6901,16.3304],[81.6896,16.3304],[81.6896,16.3307],[81.6888,16.3307],[81.6888,16.331],[81.6885,16.331],[81.6885,16.3312],[81.6882,16.3312],[81.6882,16.3315],[81.6874,16.3315],[81.6874,16.3318],[81.6865,16.3318],[81.6865,16.3321],[81.6849,16.3321],[81.6849,16.3324],[81.6846,16.3324],[81.6846,16.3326],[81.684,16.3326],[81.684,16.3329],[81.6837,16.3329],[81.6837,16.3326],[81.681,16.3326],[81.681,16.3323],[81.6804,16.3324],[81.6804,16.3321],[81.6793,16.3321],[81.6793,16.3318],[81.679,16.3318],[81.679,16.3321],[81.6787,16.3321],[81.6787,16.3318],[81.6779,16.3318],[81.6779,16.3321],[81.6774,16.3321],[81.6774,16.3324],[81.6765,16.3323],[81.6765,16.3326],[81.6757,16.3326],[81.6757,16.3329],[81.6749,16.3329],[81.6749,16.3332],[81.6743,16.3332],[81.6743,16.3335],[81.6738,16.3335],[81.6738,16.3338],[81.6735,16.3338],[81.6735,16.3335],[81.6687,16.3335],[81.6687,16.3338],[81.6685,16.3338],[81.6685,16.3335],[81.6679,16.3335],[81.6679,16.3338],[81.6674,16.3338],[81.6674,16.3335],[81.6657,16.3335],[81.6657,16.3338],[81.6618,16.3338],[81.6618,16.3335],[81.6604,16.3335],[81.6604,16.3332],[81.6601,16.3332],[81.6601,16.3335],[81.6596,16.3335],[81.6596,16.3338],[81.6582,16.3338],[81.6582,16.334],[81.6551,16.334],[81.6551,16.3343],[81.654,16.3343],[81.654,16.3346],[81.6526,16.3346],[81.6526,16.3343],[81.6521,16.3343],[81.6521,16.334],[81.6507,16.334],[81.6507,16.3343],[81.6504,16.3343],[81.6504,16.3346],[81.649,16.3346],[81.649,16.3343],[81.6479,16.3343],[81.6479,16.3346],[81.6476,16.3346],[81.6476,16.3349],[81.6465,16.3349],[81.6465,16.3346],[81.6451,16.3346],[81.6451,16.3349],[81.6446,16.3349],[81.6446,16.3351],[81.641,16.3351],[81.641,16.3354],[81.639,16.3354],[81.639,16.3357],[81.6379,16.3357],[81.6379,16.336],[81.6365,16.336],[81.6365,16.3363],[81.6357,16.3363],[81.6357,16.336],[81.6349,16.336],[81.6349,16.3363],[81.634,16.3363],[81.634,16.3365],[81.6326,16.3365],[81.6326,16.3363],[81.6318,16.3363],[81.6318,16.3365],[81.6313,16.3365],[81.6313,16.3368],[81.6279,16.3368],[81.6279,16.3371],[81.6276,16.3371],[81.6276,16.3374],[81.6263,16.3374],[81.6263,16.3371],[81.6246,16.3371],[81.6246,16.3374],[81.6237,16.3374],[81.6237,16.3376],[81.6232,16.3376],[81.6232,16.3379],[81.6229,16.3379],[81.6229,16.3376],[81.6201,16.3376],[81.6201,16.3379],[81.6199,16.3379],[81.6199,16.3382],[81.619,16.3382],[81.619,16.3379],[81.6185,16.3379],[81.6185,16.3382],[81.6171,16.3382],[81.6171,16.3385],[81.6162,16.3385],[81.6162,16.3388],[81.6157,16.3388],[81.6157,16.339],[81.6154,16.339],[81.6154,16.3393],[81.6146,16.3393],[81.6146,16.339],[81.6132,16.339],[81.6132,16.3393],[81.6107,16.3393],[81.6107,16.3396],[81.6096,16.3396],[81.6096,16.3399],[81.6085,16.3399],[81.6085,16.3401],[81.6076,16.3401],[81.6076,16.3399],[81.6065,16.3399],[81.6065,16.3401],[81.6049,16.3401],[81.6049,16.3404],[81.6029,16.3404],[81.6029,16.3407],[81.6001,16.3407],[81.6001,16.341],[81.5976,16.341],[81.5976,16.3412],[81.5971,16.3412],[81.5971,16.3415],[81.594,16.3415],[81.594,16.3418],[81.5935,16.3418],[81.5935,16.3421],[81.5901,16.3421],[81.5901,16.3424],[81.5882,16.3424],[81.5882,16.3426],[81.5865,16.3426],[81.5865,16.3429],[81.5854,16.3429],[81.5854,16.3432],[81.5843,16.3432],[81.5843,16.3435],[81.5835,16.3435],[81.5835,16.3437],[81.5826,16.3437],[81.5826,16.3435],[81.5801,16.3435],[81.5801,16.3437],[81.5796,16.3437],[81.5796,16.344],[81.5782,16.344],[81.5782,16.3437],[81.5771,16.3437],[81.5771,16.344],[81.5746,16.344],[81.5746,16.3443],[81.5738,16.3443],[81.5738,16.3446],[81.5729,16.3446],[81.5729,16.3443],[81.5721,16.3443],[81.5721,16.3446],[81.5687,16.3446],[81.5687,16.3449],[81.5668,16.3449],[81.5668,16.3451],[81.5665,16.3451],[81.5665,16.3454],[81.566,16.3454],[81.566,16.3451],[81.5657,16.3451],[81.5657,16.3454],[81.5643,16.3454],[81.5643,16.3451],[81.5632,16.3451],[81.5632,16.3454],[81.561,16.3454],[81.561,16.3456],[81.561,16.3457],[81.5601,16.3457],[81.5601,16.346],[81.5596,16.346],[81.5596,16.3462],[81.559,16.3462],[81.559,16.3465],[81.5587,16.3465],[81.5587,16.3471],[81.559,16.3471],[81.559,16.3479],[81.5596,16.3479],[81.5596,16.3488],[81.5599,16.3488],[81.5599,16.349],[81.5601,16.349],[81.5601,16.3496],[81.5599,16.3496],[81.5599,16.3507],[81.5596,16.3507],[81.5596,16.3515],[81.5549,16.3515],[81.5549,16.3512],[81.5526,16.3512],[81.5526,16.3515],[81.5518,16.3515],[81.5518,16.3518],[81.5512,16.3518],[81.5512,16.3521],[81.551,16.3521],[81.551,16.3524],[81.5507,16.3524],[81.5507,16.3526],[81.5504,16.3526],[81.5504,16.3532],[81.5485,16.3532],[81.5485,16.3535],[81.5479,16.3535],[81.5479,16.354],[81.5476,16.354],[81.5476,16.3543],[81.5471,16.3543],[81.5471,16.3549],[81.5465,16.3549],[81.5465,16.3551],[81.546,16.3551],[81.546,16.3554],[81.5457,16.3554],[81.5457,16.3557],[81.5454,16.3557],[81.5454,16.356],[81.5451,16.356],[81.5451,16.3563],[81.5449,16.3563],[81.5449,16.3565],[81.5446,16.3565],[81.5446,16.3568],[81.5443,16.3568],[81.5443,16.3571],[81.544,16.3571],[81.544,16.3574],[81.5435,16.3574],[81.5435,16.3576],[81.5432,16.3576],[81.5432,16.3579],[81.5429,16.3579],[81.5429,16.3582],[81.5418,16.3582],[81.5418,16.3585],[81.5413,16.3585],[81.5413,16.3587],[81.541,16.3587],[81.541,16.359],[81.5379,16.359],[81.5379,16.3587],[81.5371,16.3587],[81.5371,16.359],[81.5362,16.359],[81.5362,16.3587],[81.5346,16.3587],[81.5346,16.3585],[81.534,16.3585],[81.534,16.3582],[81.5332,16.3582],[81.5332,16.3579],[81.5329,16.3579],[81.5329,16.3576],[81.5326,16.3576],[81.5326,16.3574],[81.5315,16.3574],[81.5315,16.3571],[81.5313,16.3571],[81.5313,16.3568],[81.531,16.3568],[81.531,16.3563],[81.5307,16.3563],[81.5307,16.3557],[81.5304,16.3557],[81.5304,16.3551],[81.5301,16.3551],[81.5301,16.3549],[81.5299,16.3549],[81.5299,16.3546],[81.529,16.3546],[81.529,16.3543],[81.5279,16.3543],[81.5279,16.354],[81.5265,16.354],[81.5265,16.3546],[81.5263,16.3546],[81.5263,16.3549],[81.5246,16.3549],[81.5246,16.3551],[81.5243,16.3551],[81.5243,16.3554],[81.524,16.3554],[81.524,16.3557],[81.5238,16.3557],[81.5238,16.3565],[81.524,16.3565],[81.524,16.3568],[81.5243,16.3568],[81.5243,16.3582],[81.5229,16.3582],[81.5229,16.3579],[81.5224,16.3579],[81.5224,16.3576],[81.5212,16.3576],[81.5212,16.3579],[81.5204,16.3579],[81.5204,16.3582],[81.5196,16.3582],[81.5196,16.3585],[81.5188,16.3585],[81.5188,16.3582],[81.5182,16.3582],[81.5182,16.3579],[81.5176,16.3579],[81.5176,16.3576],[81.5174,16.3576],[81.5174,16.3574],[81.5171,16.3574],[81.5171,16.3571],[81.5168,16.3571],[81.5168,16.3568],[81.5165,16.3568],[81.5165,16.3565],[81.516,16.3565],[81.516,16.356],[81.5157,16.356],[81.5157,16.3557],[81.5154,16.3557],[81.5154,16.3554],[81.5151,16.3554],[81.5151,16.3551],[81.5149,16.3551],[81.5149,16.3549],[81.5146,16.3549],[81.5146,16.3546],[81.5137,16.3546],[81.5137,16.3543],[81.5129,16.3543],[81.5129,16.3546],[81.5107,16.3546],[81.5107,16.3543],[81.5101,16.3543],[81.5101,16.354],[81.5099,16.354],[81.5099,16.3538],[81.5093,16.3538],[81.5093,16.3532],[81.509,16.3532],[81.509,16.3526],[81.5088,16.3526],[81.5088,16.3524],[81.5076,16.3524],[81.5076,16.3526],[81.5071,16.3526],[81.5071,16.3529],[81.5065,16.3529],[81.5065,16.3532],[81.5057,16.3532],[81.5057,16.3529],[81.5054,16.3529],[81.5054,16.3526],[81.5049,16.3526],[81.5049,16.3524],[81.5018,16.3524],[81.5018,16.3521],[81.5015,16.3521],[81.5015,16.3518],[81.5013,16.3518],[81.5013,16.3515],[81.4987,16.3515],[81.4987,16.3518],[81.496,16.3518],[81.496,16.3515],[81.4949,16.3515],[81.4949,16.3518],[81.4921,16.3518],[81.4921,16.3521],[81.4915,16.3521],[81.4915,16.3524],[81.4912,16.3524],[81.4912,16.3526],[81.491,16.3526],[81.491,16.3529],[81.4849,16.3529],[81.4849,16.3526],[81.4846,16.3526],[81.4846,16.3529],[81.4838,16.3529],[81.4838,16.3532],[81.4812,16.3532],[81.4812,16.3529],[81.4807,16.3529],[81.4807,16.3526],[81.4804,16.3526],[81.4804,16.3529],[81.4801,16.3529],[81.4801,16.3526],[81.4796,16.3526],[81.4796,16.3529],[81.479,16.3529],[81.479,16.3532],[81.4782,16.3532],[81.4782,16.3535],[81.4765,16.3535],[81.4765,16.3532],[81.474,16.3532],[81.474,16.3535],[81.4726,16.3535],[81.4726,16.3532],[81.4701,16.3532],[81.4701,16.3529],[81.469,16.3529],[81.469,16.3532],[81.4688,16.3532],[81.4688,16.3529],[81.4676,16.3529],[81.4676,16.3526],[81.4674,16.3526],[81.4674,16.3529],[81.4651,16.3529],[81.4651,16.3526],[81.4624,16.3526],[81.4624,16.3524],[81.4587,16.3524],[81.4587,16.3521],[81.4565,16.3521],[81.4565,16.3518],[81.4543,16.3518],[81.4543,16.3515],[81.4526,16.3515],[81.4526,16.3512],[81.4493,16.3512],[81.4493,16.351],[81.4468,16.351],[81.4468,16.3507],[81.4446,16.3507],[81.4446,16.3504],[81.4424,16.3504],[81.4424,16.3501],[81.4407,16.3501],[81.4407,16.3499],[81.4385,16.3499],[81.4385,16.3496],[81.4371,16.3496],[81.4371,16.3493],[81.436,16.3493],[81.436,16.349],[81.434,16.349],[81.434,16.3488],[81.4318,16.3488],[81.4318,16.3485],[81.4307,16.3485],[81.4307,16.3482],[81.4287,16.3482],[81.4287,16.3479],[81.4271,16.3479],[81.4271,16.3476],[81.426,16.3476],[81.426,16.3474],[81.4249,16.3474],[81.4249,16.3471],[81.4238,16.3471],[81.4238,16.3468],[81.4215,16.3468],[81.4215,16.3465],[81.4199,16.3465],[81.4199,16.3462],[81.4176,16.3462],[81.4176,16.346],[81.4171,16.346],[81.4171,16.3457],[81.4163,16.3457],[81.4163,16.3454],[81.4149,16.3454],[81.4149,16.3451],[81.414,16.3451],[81.414,16.3449],[81.4115,16.3449],[81.4115,16.3446],[81.4104,16.3446],[81.4104,16.3443],[81.409,16.3443],[81.409,16.344],[81.4076,16.344],[81.4076,16.3437],[81.4054,16.3437],[81.4054,16.344],[81.4037,16.344],[81.4037,16.3443],[81.4035,16.3443],[81.4035,16.3454],[81.4037,16.3454],[81.4037,16.3457],[81.4051,16.3457],[81.4051,16.346],[81.4063,16.346],[81.4063,16.3462],[81.4068,16.3462],[81.4068,16.3465],[81.4071,16.3465],[81.4071,16.3474],[81.4068,16.3474],[81.4068,16.3476],[81.4065,16.3476],[81.4065,16.3479],[81.4063,16.3479],[81.4063,16.3485],[81.4054,16.3485],[81.4054,16.3482],[81.4046,16.3482],[81.4046,16.3479],[81.404,16.3479],[81.404,16.3476],[81.4035,16.3476],[81.4035,16.3479],[81.4032,16.3479],[81.4032,16.3482],[81.4029,16.3482],[81.4029,16.3485],[81.4026,16.3485],[81.4026,16.349],[81.4024,16.349],[81.4024,16.3518],[81.4021,16.3518],[81.4021,16.3521],[81.4013,16.3521],[81.4013,16.3518],[81.401,16.3518],[81.401,16.3504],[81.4013,16.3504],[81.4013,16.3501],[81.4015,16.3501],[81.4015,16.3482],[81.4018,16.3482],[81.4018,16.3471],[81.4015,16.3471],[81.4015,16.3457],[81.4013,16.3457],[81.4013,16.3454],[81.4007,16.3454],[81.4007,16.3451],[81.4001,16.3451],[81.4001,16.3449],[81.3999,16.3449],[81.3999,16.3446],[81.3996,16.3446],[81.3996,16.3443],[81.3993,16.3443],[81.3993,16.344],[81.3974,16.344],[81.3974,16.3443],[81.3971,16.3443],[81.3971,16.3446],[81.3962,16.3446],[81.3962,16.3451],[81.396,16.3451],[81.396,16.3453],[81.396,16.346],[81.3957,16.346],[81.3957,16.3462],[81.3954,16.3462],[81.3954,16.3465],[81.3946,16.3465],[81.3946,16.3468],[81.3943,16.3468],[81.3943,16.3471],[81.3938,16.3471],[81.3938,16.3474],[81.393,16.3474],[81.3926,16.3474],[81.3926,16.3476],[81.3924,16.3476],[81.3924,16.3479],[81.3921,16.3479],[81.3921,16.349],[81.3924,16.349],[81.3924,16.3492],[81.3924,16.3499],[81.3921,16.3499],[81.3921,16.3501],[81.3918,16.3501],[81.3918,16.3504],[81.3915,16.3504],[81.3915,16.3507],[81.3907,16.3507],[81.3907,16.351],[81.3901,16.351],[81.3901,16.3521],[81.3899,16.3521],[81.3899,16.3526],[81.3896,16.3526],[81.3896,16.3532],[81.3893,16.3532],[81.3893,16.3535],[81.389,16.3535],[81.389,16.3538],[81.3887,16.3538],[81.3887,16.354],[81.3885,16.354],[81.3885,16.3543],[81.3879,16.3543],[81.3879,16.3546],[81.3874,16.3546],[81.3874,16.3549],[81.3865,16.3549],[81.3865,16.3551],[81.3857,16.3551],[81.3857,16.3554],[81.3849,16.3554],[81.3849,16.3557],[81.3843,16.3557],[81.3843,16.3563],[81.384,16.3563],[81.384,16.3568],[81.3838,16.3568],[81.3838,16.3581],[81.3838,16.3587],[81.3835,16.3587],[81.3835,16.3593],[81.3832,16.3593],[81.3832,16.3615],[81.3829,16.3615],[81.3829,16.3618],[81.3826,16.3618],[81.3826,16.3615],[81.3824,16.3615],[81.3824,16.3613],[81.3821,16.3613],[81.3821,16.361],[81.3818,16.361],[81.3818,16.3613],[81.3812,16.3613],[81.3812,16.3615],[81.3807,16.3615],[81.3807,16.3618],[81.3804,16.3618],[81.3804,16.3621],[81.3793,16.3621],[81.3793,16.3618],[81.3785,16.3618],[81.3785,16.3615],[81.3774,16.3615],[81.3774,16.3613],[81.3768,16.3613],[81.3768,16.361],[81.3763,16.361],[81.3763,16.3607],[81.3751,16.3607],[81.3751,16.3604],[81.3746,16.3604],[81.3746,16.3601],[81.3732,16.3601],[81.3732,16.3599],[81.3729,16.3599],[81.3729,16.3601],[81.3718,16.3601],[81.3718,16.3604],[81.3715,16.3604],[81.3715,16.3621],[81.3712,16.3621],[81.3712,16.3618],[81.3699,16.3618],[81.3699,16.3621],[81.3693,16.3621],[81.3693,16.3618],[81.369,16.3618],[81.369,16.3615],[81.3688,16.3615],[81.3688,16.3613],[81.3685,16.3613],[81.3685,16.361],[81.3682,16.361],[81.3682,16.3607],[81.3674,16.3607],[81.3674,16.3604],[81.3665,16.3604],[81.3665,16.3601],[81.366,16.3601],[81.366,16.3599],[81.3651,16.3599],[81.3651,16.3596],[81.3649,16.3596],[81.3649,16.359],[81.3646,16.359],[81.3646,16.3585],[81.3643,16.3585],[81.3643,16.3579],[81.3637,16.3579],[81.3637,16.3576],[81.3635,16.3576],[81.3635,16.3574],[81.3632,16.3574],[81.3632,16.3571],[81.3626,16.3571],[81.3626,16.3568],[81.3624,16.3568],[81.3624,16.3565],[81.3621,16.3565],[81.3621,16.356],[81.3618,16.356],[81.3618,16.3557],[81.3615,16.3557],[81.3615,16.3551],[81.3613,16.3551],[81.3613,16.3549],[81.361,16.3549],[81.361,16.354],[81.3607,16.354],[81.3607,16.3532],[81.3604,16.3532],[81.3604,16.3529],[81.3607,16.3529],[81.3607,16.3524],[81.361,16.3524],[81.361,16.3515],[81.3613,16.3515],[81.3613,16.3512],[81.3604,16.3512],[81.3604,16.3507],[81.3599,16.3507],[81.3599,16.3504],[81.3587,16.3504],[81.3587,16.3501],[81.3582,16.3501],[81.3582,16.3499],[81.3579,16.3499],[81.3579,16.3493],[81.3596,16.3493],[81.3596,16.349],[81.3599,16.349],[81.3599,16.3488],[81.3601,16.3488],[81.3601,16.3482],[81.3599,16.3482],[81.3599,16.3479],[81.3596,16.3479],[81.3596,16.3471],[81.3593,16.3471],[81.3593,16.3458],[81.3593,16.3457],[81.359,16.3457],[81.359,16.3454],[81.3587,16.3454],[81.3587,16.3451],[81.3585,16.3451],[81.3585,16.3449],[81.3582,16.3449],[81.3582,16.3443],[81.3579,16.3443],[81.3579,16.344],[81.3576,16.344],[81.3576,16.3437],[81.3574,16.3437],[81.3574,16.3435],[81.3571,16.3435],[81.3571,16.3432],[81.3568,16.3432],[81.3568,16.3426],[81.3565,16.3426],[81.3565,16.3424],[81.3562,16.3424],[81.3562,16.3418],[81.356,16.3418],[81.356,16.3407],[81.3554,16.3407],[81.3554,16.3404],[81.3551,16.3404],[81.3551,16.3399],[81.3549,16.3399],[81.3549,16.3396],[81.3546,16.3396],[81.3546,16.3393],[81.3543,16.3393],[81.3543,16.339],[81.354,16.339],[81.354,16.3388],[81.3538,16.3388],[81.3538,16.3382],[81.3535,16.3382],[81.3535,16.3376],[81.3532,16.3376],[81.3532,16.3374],[81.3529,16.3374],[81.3529,16.3371],[81.3526,16.3371],[81.3526,16.3368],[81.3524,16.3368],[81.3524,16.3365],[81.3518,16.3365],[81.3518,16.3363],[81.3515,16.3363],[81.3515,16.336],[81.3512,16.336],[81.3512,16.3354],[81.351,16.3354],[81.351,16.3351],[81.3507,16.3351],[81.3507,16.3349],[81.3504,16.3349],[81.3504,16.3346],[81.3499,16.3346],[81.3499,16.3343],[81.3496,16.3343],[81.3496,16.334],[81.3493,16.334],[81.3493,16.3338],[81.3487,16.3338],[81.3487,16.3335],[81.3485,16.3335],[81.3485,16.3332],[81.3482,16.3332],[81.3482,16.3329],[81.3479,16.3329],[81.3479,16.3326],[81.3476,16.3326],[81.3476,16.3323],[81.3471,16.3324],[81.3471,16.3321],[81.3468,16.3321],[81.3468,16.3318],[81.3465,16.3318],[81.3465,16.3315],[81.346,16.3315],[81.346,16.3312],[81.3457,16.3312],[81.3457,16.3307],[81.3468,16.3307],[81.3468,16.331],[81.3476,16.331],[81.3476,16.3312],[81.3482,16.3312],[81.3482,16.3315],[81.3487,16.3315],[81.3487,16.3318],[81.3493,16.3318],[81.3493,16.3321],[81.3496,16.3321],[81.3496,16.3324],[81.3507,16.3323],[81.3507,16.3326],[81.3521,16.3326],[81.3521,16.3329],[81.3526,16.3329],[81.3526,16.3332],[81.3535,16.3332],[81.3535,16.3335],[81.354,16.3335],[81.354,16.3338],[81.3557,16.3338],[81.3557,16.334],[81.356,16.334],[81.356,16.3343],[81.3565,16.3343],[81.3565,16.3346],[81.3568,16.3346],[81.3568,16.3351],[81.3571,16.3351],[81.3571,16.3354],[81.3574,16.3354],[81.3574,16.336],[81.3576,16.336],[81.3576,16.3363],[81.3579,16.3363],[81.3579,16.3368],[81.3582,16.3368],[81.3582,16.3374],[81.3585,16.3374],[81.3585,16.3376],[81.3587,16.3376],[81.3587,16.3382],[81.359,16.3382],[81.359,16.3388],[81.3593,16.3388],[81.3593,16.3396],[81.3596,16.3396],[81.3596,16.3399],[81.3599,16.3399],[81.3599,16.3404],[81.3601,16.3404],[81.3601,16.3407],[81.3607,16.3407],[81.3607,16.341],[81.361,16.341],[81.361,16.3412],[81.3615,16.3412],[81.3615,16.3415],[81.3621,16.3415],[81.3621,16.3418],[81.3626,16.3418],[81.3626,16.3421],[81.3632,16.3421],[81.3632,16.3424],[81.3635,16.3424],[81.3635,16.3426],[81.3637,16.3426],[81.3637,16.3432],[81.364,16.3432],[81.364,16.3437],[81.3643,16.3437],[81.3643,16.3443],[81.3646,16.3443],[81.3646,16.3446],[81.3651,16.3446],[81.3651,16.3449],[81.3657,16.3449],[81.3657,16.3451],[81.366,16.3451],[81.366,16.3454],[81.3665,16.3454],[81.3665,16.3457],[81.3668,16.3457],[81.3668,16.346],[81.3671,16.346],[81.3671,16.3457],[81.3696,16.3457],[81.3696,16.346],[81.371,16.346],[81.371,16.3465],[81.3707,16.3465],[81.3707,16.3468],[81.3704,16.3468],[81.3704,16.3471],[81.3701,16.3471],[81.3701,16.3474],[81.3699,16.3474],[81.3699,16.3479],[81.369,16.3479],[81.369,16.3482],[81.3685,16.3482],[81.3685,16.3485],[81.3676,16.3485],[81.3676,16.3488],[81.3674,16.3488],[81.3674,16.349],[81.3671,16.349],[81.3671,16.3493],[81.3668,16.3493],[81.3668,16.3496],[81.3665,16.3496],[81.3665,16.3499],[81.3662,16.3499],[81.3662,16.3504],[81.3654,16.3504],[81.3654,16.3512],[81.3657,16.3512],[81.3657,16.3521],[81.366,16.3521],[81.366,16.3524],[81.3662,16.3524],[81.3662,16.3526],[81.3665,16.3526],[81.3665,16.3529],[81.3668,16.3529],[81.3668,16.3532],[81.3671,16.3532],[81.3671,16.3535],[81.3676,16.3535],[81.3676,16.354],[81.3679,16.354],[81.3679,16.3543],[81.3685,16.3543],[81.3685,16.3546],[81.3712,16.3546],[81.3712,16.3549],[81.3721,16.3549],[81.3721,16.3551],[81.3726,16.3551],[81.3726,16.3554],[81.3729,16.3554],[81.3729,16.3557],[81.3735,16.3557],[81.3735,16.356],[81.3743,16.356],[81.3743,16.3563],[81.3749,16.3563],[81.3749,16.3565],[81.3751,16.3565],[81.3751,16.3568],[81.3757,16.3568],[81.3757,16.3571],[81.3763,16.3571],[81.3763,16.3574],[81.3765,16.3574],[81.3765,16.3576],[81.3768,16.3576],[81.3768,16.3582],[81.3771,16.3582],[81.3771,16.3587],[81.3774,16.3587],[81.3774,16.359],[81.3779,16.359],[81.3779,16.3593],[81.3788,16.3593],[81.3788,16.3596],[81.3799,16.3596],[81.3799,16.3599],[81.381,16.3599],[81.381,16.3596],[81.3815,16.3596],[81.3815,16.3593],[81.3818,16.3593],[81.3818,16.359],[81.3824,16.359],[81.3824,16.3585],[81.3826,16.3585],[81.3826,16.3574],[81.3829,16.3573],[81.3829,16.3568],[81.3832,16.3568],[81.3832,16.3563],[81.3835,16.3563],[81.3835,16.3557],[81.3838,16.3557],[81.3838,16.3551],[81.384,16.3551],[81.384,16.3543],[81.3843,16.3543],[81.3843,16.354],[81.3846,16.354],[81.3846,16.3538],[81.3865,16.3538],[81.3865,16.3535],[81.3871,16.3535],[81.3871,16.3532],[81.3876,16.3532],[81.3876,16.3529],[81.3879,16.3529],[81.3879,16.3512],[81.3876,16.3512],[81.3876,16.351],[81.3871,16.351],[81.3871,16.3501],[81.3879,16.3501],[81.3879,16.3499],[81.3885,16.3499],[81.3885,16.3496],[81.3887,16.3496],[81.3887,16.3493],[81.389,16.3493],[81.389,16.3485],[81.3893,16.3485],[81.3893,16.3482],[81.3896,16.3482],[81.3896,16.3476],[81.3899,16.3476],[81.3899,16.3471],[81.3901,16.3471],[81.3901,16.3468],[81.3904,16.3468],[81.3904,16.3465],[81.3907,16.3465],[81.3907,16.3462],[81.391,16.3462],[81.391,16.346],[81.3913,16.346],[81.3913,16.3457],[81.3915,16.3457],[81.3915,16.3454],[81.3921,16.3454],[81.3921,16.3451],[81.3924,16.3451],[81.3924,16.3446],[81.3926,16.3446],[81.3926,16.3421],[81.3924,16.3421],[81.3924,16.3418],[81.3918,16.3418],[81.3918,16.3415],[81.3915,16.3415],[81.3915,16.3412],[81.391,16.3412],[81.391,16.341],[81.3904,16.341],[81.3904,16.3407],[81.3901,16.3407],[81.3901,16.3404],[81.3896,16.3404],[81.3896,16.3401],[81.3879,16.3401],[81.3879,16.3399],[81.3874,16.3399],[81.3874,16.3396],[81.3865,16.3396],[81.3865,16.3393],[81.386,16.3393],[81.386,16.339],[81.3851,16.339],[81.3851,16.3388],[81.3838,16.3388],[81.3838,16.3385],[81.3826,16.3385],[81.3826,16.3382],[81.3818,16.3382],[81.3818,16.3379],[81.381,16.3379],[81.381,16.3376],[81.3804,16.3376],[81.3804,16.3374],[81.3799,16.3374],[81.3799,16.3371],[81.3793,16.3371],[81.3793,16.3368],[81.3785,16.3368],[81.3785,16.3365],[81.3774,16.3365],[81.3774,16.3363],[81.3765,16.3363],[81.3765,16.336],[81.3746,16.336],[81.3746,16.3357],[81.374,16.3357],[81.374,16.3354],[81.3735,16.3354],[81.3735,16.3351],[81.3724,16.3351],[81.3724,16.3349],[81.3715,16.3349],[81.3715,16.3346],[81.371,16.3346],[81.371,16.3343],[81.3701,16.3343],[81.3701,16.334],[81.3693,16.334],[81.3693,16.3338],[81.3685,16.3338],[81.3685,16.3335],[81.3676,16.3335],[81.3676,16.3332],[81.3665,16.3332],[81.3665,16.3329],[81.366,16.3329],[81.366,16.3326],[81.3651,16.3326],[81.3651,16.3324],[81.3643,16.3324],[81.3643,16.3321],[81.3635,16.3321],[81.3635,16.3318],[81.3629,16.3318],[81.3629,16.3315],[81.3624,16.3315],[81.3624,16.3312],[81.3621,16.3312],[81.3621,16.331],[81.3615,16.331],[81.3615,16.3307],[81.3601,16.3307],[81.3601,16.3304],[81.3593,16.3304],[81.3593,16.3301],[81.3585,16.3301],[81.3585,16.3299],[81.3571,16.3299],[81.3571,16.3296],[81.3565,16.3296],[81.3565,16.3293],[81.3562,16.3293],[81.3562,16.329],[81.3554,16.329],[81.3554,16.3288],[81.3549,16.3288],[81.3549,16.3285],[81.354,16.3285],[81.354,16.3282],[81.3532,16.3282],[81.3532,16.3279],[81.3529,16.3279],[81.3529,16.3276],[81.3524,16.3276],[81.3524,16.3274],[81.3518,16.3274],[81.3518,16.3271],[81.3512,16.3271],[81.3512,16.3268],[81.3504,16.3268],[81.3504,16.3265],[81.349,16.3265],[81.349,16.3263],[81.3485,16.3263],[81.3485,16.326],[81.3482,16.326],[81.3482,16.3257],[81.3474,16.3257],[81.3474,16.3254],[81.3465,16.3254],[81.3465,16.3251],[81.346,16.3251],[81.346,16.3249],[81.3457,16.3249],[81.3457,16.3246],[81.3446,16.3246],[81.3446,16.3243],[81.3438,16.3243],[81.3438,16.324],[81.3432,16.324],[81.3432,16.3237],[81.3424,16.3237],[81.3424,16.3235],[81.3418,16.3235],[81.3418,16.3232],[81.3412,16.3232],[81.3412,16.3229],[81.3407,16.3229],[81.3407,16.3226],[81.3399,16.3226],[81.3399,16.3224],[81.3388,16.3224],[81.3388,16.3221],[81.3382,16.3221],[81.3382,16.3218],[81.3374,16.3218],[81.3374,16.3215],[81.3371,16.3215],[81.3371,16.3213],[81.3363,16.3213],[81.3363,16.321],[81.336,16.321],[81.336,16.3207],[81.3354,16.3207],[81.3354,16.3204],[81.3346,16.3204],[81.3346,16.3201],[81.3335,16.3201],[81.3335,16.3199],[81.3326,16.3199],[81.3326,16.3196],[81.3324,16.3196],[81.3324,16.3193],[81.3318,16.3193],[81.3318,16.319],[81.3315,16.319],[81.3315,16.3187],[81.331,16.3187],[81.331,16.3185],[81.3301,16.3185],[81.3301,16.3182],[81.3293,16.3182],[81.3293,16.3179],[81.3285,16.3179],[81.3285,16.3176],[81.3279,16.3176],[81.3279,16.3174],[81.3276,16.3174],[81.3276,16.3171],[81.3274,16.3171],[81.3274,16.3168],[81.3265,16.3168],[81.3265,16.3165],[81.326,16.3165],[81.326,16.3162],[81.3254,16.3162],[81.3254,16.316],[81.3249,16.316],[81.3249,16.3157],[81.3243,16.3157],[81.3243,16.3154],[81.3238,16.3154],[81.3238,16.3151],[81.3235,16.3151],[81.3235,16.3149],[81.3229,16.3149],[81.3229,16.3146],[81.3224,16.3146],[81.3224,16.3143],[81.3215,16.3143],[81.3215,16.314],[81.321,16.314],[81.321,16.3138],[81.3204,16.3138],[81.3204,16.3135],[81.3196,16.3135],[81.3196,16.3132],[81.3187,16.3132],[81.3187,16.3129],[81.3185,16.3129],[81.3185,16.3126],[81.3182,16.3126],[81.3182,16.3124],[81.3179,16.3124],[81.3179,16.3121],[81.3176,16.3121],[81.3176,16.3118],[81.3171,16.3118],[81.3171,16.3115],[81.3165,16.3115],[81.3165,16.3113],[81.316,16.3113],[81.316,16.311],[81.3154,16.311],[81.3154,16.3107],[81.3151,16.3107],[81.3151,16.3104],[81.3149,16.3104],[81.3149,16.3101],[81.3146,16.3101],[81.3146,16.3099],[81.3146,16.3099],[81.3141,16.3099],[81.3138,16.3099],[81.3138,16.3096],[81.3129,16.3096],[81.3129,16.3093],[81.3121,16.3093],[81.3121,16.309],[81.3118,16.309],[81.3118,16.3088],[81.3115,16.3088],[81.3115,16.3085],[81.3112,16.3085],[81.3112,16.3082],[81.3107,16.3082],[81.3107,16.3079],[81.3101,16.3079],[81.3101,16.3076],[81.3096,16.3076],[81.3096,16.3074],[81.309,16.3074],[81.309,16.3071],[81.3085,16.3071],[81.3085,16.3068],[81.3082,16.3068],[81.3082,16.3065],[81.3079,16.3065],[81.3079,16.3063],[81.3074,16.3063],[81.3074,16.306],[81.3071,16.306],[81.3071,16.3057],[81.3063,16.3057],[81.3063,16.3054],[81.306,16.3054],[81.306,16.3051],[81.3057,16.3051],[81.3057,16.3049],[81.3054,16.3049],[81.3054,16.3046],[81.3046,16.3046],[81.3046,16.3043],[81.3037,16.3043],[81.3037,16.304],[81.3035,16.304],[81.3035,16.3037],[81.3029,16.3037],[81.3029,16.3035],[81.3026,16.3035],[81.3026,16.3032],[81.3021,16.3032],[81.3021,16.3029],[81.3015,16.3029],[81.3015,16.3026],[81.3012,16.3026],[81.3012,16.3024],[81.3007,16.3024],[81.3007,16.3021],[81.3004,16.3021],[81.3004,16.3018],[81.3001,16.3018],[81.3001,16.3015],[81.2999,16.3015],[81.2999,16.3013],[81.2993,16.3013],[81.2993,16.301],[81.299,16.301],[81.299,16.3007],[81.2985,16.3007],[81.2985,16.3004],[81.2974,16.3004],[81.2974,16.2999],[81.2968,16.2999],[81.2968,16.2996],[81.2965,16.2996],[81.2965,16.2993],[81.2962,16.2993],[81.2962,16.299],[81.296,16.299],[81.296,16.2987],[81.2954,16.2987],[81.2954,16.2985],[81.2946,16.2985],[81.2946,16.2982],[81.2943,16.2982],[81.2943,16.2979],[81.294,16.2979],[81.294,16.2976],[81.2937,16.2976],[81.2937,16.2974],[81.2935,16.2974],[81.2935,16.2971],[81.2932,16.2971],[81.2932,16.2968],[81.2924,16.2968],[81.2924,16.2965],[81.2921,16.2965],[81.2921,16.2962],[81.2915,16.2962],[81.2915,16.296],[81.2913,16.296],[81.2913,16.2957],[81.2907,16.2957],[81.2907,16.2954],[81.2904,16.2954],[81.2904,16.2951],[81.2899,16.2951],[81.2899,16.2949],[81.289,16.2949],[81.289,16.2946],[81.2885,16.2946],[81.2885,16.2943],[81.2882,16.2943],[81.2882,16.294],[81.2879,16.294],[81.2879,16.2938],[81.2871,16.2938],[81.2871,16.2935],[81.2868,16.2935],[81.2868,16.2932],[81.2865,16.2932],[81.2865,16.2929],[81.2862,16.2929],[81.2862,16.2926],[81.286,16.2926],[81.286,16.2924],[81.2857,16.2924],[81.2857,16.2921],[81.2854,16.2921],[81.2854,16.2918],[81.2849,16.2918],[81.2849,16.2915],[81.2846,16.2915],[81.2846,16.2912],[81.2843,16.2912],[81.2843,16.291],[81.2832,16.291],[81.2832,16.2907],[81.2826,16.2907],[81.2826,16.2901],[81.2824,16.2901],[81.2824,16.2899],[81.2821,16.2899],[81.2821,16.2896],[81.2818,16.2896],[81.2818,16.2893],[81.2815,16.2893],[81.2815,16.289],[81.2813,16.289],[81.2813,16.2887],[81.2807,16.2887],[81.2807,16.2882],[81.2801,16.2882],[81.2801,16.2876],[81.2799,16.2876],[81.2799,16.2874],[81.2796,16.2874],[81.2796,16.2871],[81.2793,16.2871],[81.2793,16.2865],[81.2785,16.2865],[81.2785,16.2863],[81.2782,16.2863],[81.2782,16.286],[81.2779,16.286],[81.2779,16.2857],[81.2776,16.2857],[81.2776,16.2854],[81.2768,16.2854],[81.2768,16.2851],[81.2765,16.2851],[81.2765,16.2849],[81.2763,16.2849],[81.2763,16.2846],[81.2757,16.2846],[81.2757,16.2843],[81.2754,16.2843],[81.2754,16.284],[81.2749,16.284],[81.2749,16.2838],[81.2746,16.2838],[81.2746,16.2835],[81.2743,16.2835],[81.2743,16.2832],[81.274,16.2832],[81.274,16.2829],[81.2735,16.2829],[81.2735,16.2826],[81.2732,16.2826],[81.2732,16.2824],[81.2729,16.2824],[81.2729,16.2821],[81.2726,16.2821],[81.2726,16.2818],[81.2721,16.2818],[81.2721,16.2812],[81.2718,16.2813],[81.2718,16.281],[81.2712,16.281],[81.2712,16.2807],[81.2707,16.2807],[81.2707,16.2804],[81.2704,16.2804],[81.2704,16.2801],[81.2701,16.2801],[81.2701,16.2796],[81.2699,16.2796],[81.2699,16.2793],[81.2693,16.2793],[81.2693,16.279],[81.2688,16.279],[81.2688,16.2788],[81.2685,16.2788],[81.2685,16.2785],[81.2682,16.2785],[81.2682,16.2788],[81.267,16.2788],[81.2668,16.2788],[81.2668,16.279],[81.2665,16.279],[81.2665,16.2793],[81.2663,16.2793],[81.2663,16.2801],[81.266,16.2801],[81.266,16.281],[81.2657,16.281],[81.2657,16.2813],[81.2654,16.2813],[81.2654,16.281],[81.2651,16.281],[81.2651,16.2801],[81.2654,16.2801],[81.2654,16.2796],[81.2651,16.2796],[81.2651,16.279],[81.2649,16.279],[81.2649,16.2781],[81.2649,16.2779],[81.2646,16.2779],[81.2646,16.2765],[81.2643,16.2765],[81.2643,16.2763],[81.264,16.2763],[81.264,16.276],[81.2637,16.276],[81.2637,16.2754],[81.2635,16.2754],[81.2635,16.2751],[81.2632,16.2751],[81.2632,16.2746],[81.2629,16.2746],[81.2629,16.2735],[81.2626,16.2735],[81.2626,16.2712],[81.2624,16.2712],[81.2624,16.271],[81.2621,16.271],[81.2621,16.2707],[81.2618,16.2707],[81.2618,16.2704],[81.2615,16.2704],[81.2615,16.2701],[81.2613,16.2701],[81.2612,16.2696],[81.261,16.2696],[81.261,16.2693],[81.2607,16.2693],[81.2607,16.269],[81.2604,16.269],[81.2604,16.2688],[81.2601,16.2688],[81.2601,16.2685],[81.2599,16.2685],[81.2599,16.2682],[81.2596,16.2682],[81.2596,16.2679],[81.2593,16.2679],[81.2593,16.2676],[81.259,16.2676],[81.259,16.2674],[81.2588,16.2674],[81.2588,16.2668],[81.2585,16.2668],[81.2585,16.2665],[81.2579,16.2665],[81.2579,16.2663],[81.2576,16.2663],[81.2576,16.266],[81.2574,16.266],[81.2574,16.2657],[81.2571,16.2657],[81.2571,16.2654],[81.2568,16.2654],[81.2568,16.2651],[81.2565,16.2651],[81.2565,16.2649],[81.2562,16.2649],[81.2562,16.2646],[81.256,16.2646],[81.256,16.2643],[81.2557,16.2643],[81.2557,16.264],[81.2554,16.264],[81.2554,16.2637],[81.2551,16.2637],[81.2551,16.2635],[81.2549,16.2635],[81.2549,16.2632],[81.2546,16.2632],[81.2546,16.2629],[81.2543,16.2629],[81.2543,16.2626],[81.254,16.2626],[81.254,16.2621],[81.2543,16.2621],[81.2543,16.2618],[81.2532,16.2618],[81.2532,16.2615],[81.2529,16.2615],[81.2529,16.2612],[81.2526,16.2612],[81.2526,16.261],[81.2524,16.261],[81.2524,16.2607],[81.2521,16.2607],[81.2521,16.2604],[81.2518,16.2604],[81.2518,16.2601],[81.2515,16.2601],[81.2515,16.2599],[81.2513,16.2599],[81.2513,16.2596],[81.251,16.2596],[81.251,16.2593],[81.2507,16.2593],[81.2507,16.259],[81.2504,16.259],[81.2504,16.2588],[81.2501,16.2588],[81.2501,16.2582],[81.2504,16.2582],[81.2504,16.2579],[81.2501,16.2579],[81.2501,16.2576],[81.2493,16.2576],[81.2493,16.2574],[81.249,16.2574],[81.249,16.2571],[81.2487,16.2571],[81.2487,16.2568],[81.2485,16.2568],[81.2485,16.2565],[81.2485,16.2563],[81.2482,16.2563],[81.2482,16.256],[81.2479,16.256],[81.2479,16.2557],[81.2476,16.2557],[81.2476,16.2554],[81.2474,16.2554],[81.2474,16.2551],[81.2471,16.2551],[81.2471,16.2546],[81.2468,16.2546],[81.2468,16.2543],[81.2465,16.2543],[81.2465,16.254],[81.2462,16.254],[81.2462,16.2538],[81.246,16.2538],[81.246,16.2535],[81.2457,16.2535],[81.2457,16.2529],[81.2454,16.2529],[81.2454,16.2526],[81.2451,16.2526],[81.2451,16.2524],[81.2449,16.2524],[81.2449,16.2521],[81.2446,16.2521],[81.2446,16.2518],[81.2443,16.2518],[81.2443,16.2515],[81.244,16.2515],[81.244,16.251],[81.2438,16.251],[81.2438,16.2507],[81.2435,16.2507],[81.2435,16.2504],[81.2432,16.2504],[81.2432,16.2501],[81.2429,16.2501],[81.2429,16.2499],[81.2426,16.2499],[81.2426,16.2493],[81.2424,16.2493],[81.2424,16.2485],[81.2421,16.2485],[81.2421,16.2482],[81.2415,16.2482],[81.2415,16.2479],[81.2412,16.2479],[81.2412,16.2476],[81.241,16.2476],[81.241,16.2474],[81.2407,16.2474],[81.2407,16.2471],[81.2404,16.2471],[81.2404,16.2468],[81.2401,16.2468],[81.2401,16.2463],[81.2399,16.2463],[81.2399,16.246],[81.2396,16.246],[81.2396,16.2454],[81.2393,16.2454],[81.2393,16.2451],[81.239,16.2451],[81.239,16.2449],[81.2387,16.2449],[81.2387,16.2443],[81.2385,16.2443],[81.2385,16.244],[81.2382,16.244],[81.2382,16.2435],[81.2379,16.2435],[81.2379,16.2432],[81.2376,16.2432],[81.2376,16.2426],[81.2374,16.2426],[81.2374,16.2424],[81.2371,16.2424],[81.2371,16.2418],[81.2368,16.2418],[81.2368,16.2413],[81.2365,16.2413],[81.2365,16.241],[81.2368,16.241],[81.2368,16.2407],[81.2365,16.2407],[81.2365,16.2404],[81.236,16.2404],[81.236,16.2401],[81.2357,16.2401],[81.2357,16.2399],[81.2354,16.2399],[81.2354,16.2396],[81.2351,16.2396],[81.2351,16.2385],[81.2354,16.2385],[81.2354,16.2382],[81.2346,16.2382],[81.2346,16.2379],[81.2343,16.2379],[81.2343,16.2374],[81.234,16.2374],[81.234,16.2371],[81.2337,16.2371],[81.2337,16.2368],[81.2335,16.2368],[81.2335,16.2365],[81.2326,16.2365],[81.2326,16.2363],[81.2324,16.2363],[81.2324,16.236],[81.2321,16.236],[81.2321,16.2357],[81.2318,16.2357],[81.2318,16.2354],[81.2312,16.2354],[81.2312,16.2351],[81.231,16.2351],[81.231,16.2346],[81.2307,16.2346],[81.2307,16.2343],[81.231,16.2343],[81.231,16.2318],[81.2307,16.2318],[81.2307,16.2315],[81.2301,16.2315],[81.2301,16.2313],[81.2299,16.2313],[81.2299,16.2307],[81.2296,16.2307],[81.2296,16.2301],[81.2293,16.2301],[81.2293,16.2296],[81.229,16.2296],[81.229,16.2293],[81.2288,16.2293],[81.2288,16.2288],[81.2285,16.2288],[81.2285,16.2282],[81.2282,16.2282],[81.2282,16.2276],[81.2279,16.2276],[81.2279,16.2271],[81.2276,16.2271],[81.2276,16.2268],[81.2274,16.2268],[81.2274,16.2263],[81.2271,16.2263],[81.2271,16.2257],[81.2268,16.2257],[81.2268,16.2251],[81.2265,16.2251],[81.2265,16.2249],[81.2262,16.2249],[81.2262,16.2243],[81.226,16.2243],[81.226,16.2237],[81.2257,16.2237],[81.2257,16.2232],[81.2254,16.2232],[81.2254,16.2226],[81.2251,16.2226],[81.2251,16.2224],[81.2249,16.2224],[81.2249,16.2218],[81.2246,16.2218],[81.2246,16.2213],[81.2243,16.2213],[81.2243,16.2207],[81.224,16.2207],[81.224,16.2204],[81.2237,16.2204],[81.2237,16.2199],[81.2235,16.2199],[81.2235,16.2193],[81.2232,16.2193],[81.2232,16.2188],[81.2229,16.2188],[81.2229,16.2182],[81.2226,16.2182],[81.2226,16.2176],[81.2224,16.2176],[81.2224,16.2174],[81.2221,16.2174],[81.2221,16.2168],[81.2218,16.2168],[81.2218,16.2162],[81.2215,16.2162],[81.2215,16.2157],[81.2213,16.2157],[81.2213,16.2151],[81.221,16.2152],[81.221,16.2146],[81.2207,16.2146],[81.2207,16.214],[81.2204,16.214],[81.2204,16.2138],[81.2201,16.2138],[81.2201,16.2132],[81.2199,16.2132],[81.2199,16.2126],[81.2196,16.2126],[81.2196,16.2121],[81.2193,16.2121],[81.2193,16.2115],[81.219,16.2115],[81.219,16.211],[81.2188,16.211],[81.2188,16.2104],[81.2185,16.2104],[81.2185,16.2099],[81.2182,16.2099],[81.2182,16.209],[81.2179,16.209],[81.2179,16.2085],[81.2176,16.2085],[81.2176,16.2076],[81.2174,16.2076],[81.2174,16.2071],[81.2171,16.2071],[81.2171,16.2062],[81.2168,16.2063],[81.2168,16.2057],[81.2165,16.2057],[81.2165,16.2049],[81.2162,16.2049],[81.2162,16.2043],[81.216,16.2043],[81.216,16.2035],[81.2157,16.2035],[81.2157,16.2029],[81.2154,16.2029],[81.2154,16.2021],[81.2151,16.2021],[81.2151,16.2015],[81.2149,16.2015],[81.2149,16.2007],[81.2146,16.2007],[81.2146,16.1999],[81.2143,16.1999],[81.2143,16.199],[81.214,16.199],[81.214,16.1982],[81.2138,16.1982],[81.2138,16.1974],[81.2135,16.1974],[81.2135,16.1963],[81.2132,16.1963],[81.2132,16.1954],[81.2129,16.1954],[81.2129,16.1946],[81.2126,16.1946],[81.2126,16.1938],[81.2124,16.1938],[81.2124,16.1929],[81.2121,16.1929],[81.2121,16.1921],[81.2118,16.1921],[81.2118,16.1912],[81.2115,16.1912],[81.2115,16.1901],[81.2113,16.1901],[81.2113,16.1893],[81.211,16.1893],[81.211,16.1885],[81.2107,16.1885],[81.2107,16.1874],[81.2104,16.1874],[81.2104,16.1865],[81.2101,16.1865],[81.2101,16.1857],[81.2099,16.1857],[81.2099,16.1851],[81.2096,16.1851],[81.2096,16.1846],[81.2093,16.1846],[81.2093,16.184],[81.209,16.184],[81.209,16.1832],[81.2087,16.1832],[81.2087,16.1826],[81.2085,16.1826],[81.2085,16.1821],[81.2082,16.1821],[81.2082,16.1812],[81.2079,16.1812],[81.2079,16.1807],[81.2076,16.1807],[81.2076,16.1801],[81.2074,16.1801],[81.2074,16.1796],[81.2071,16.1796],[81.2071,16.1787],[81.2068,16.1788],[81.2068,16.1779],[81.2065,16.1779],[81.2065,16.1771],[81.2063,16.1771],[81.2063,16.1768],[81.2057,16.1768],[81.2057,16.1765],[81.2054,16.1765],[81.2054,16.176],[81.2051,16.176],[81.2051,16.1749],[81.2054,16.1749],[81.2054,16.1738],[81.2051,16.1738],[81.2051,16.1726],[81.2049,16.1726],[81.2049,16.1715],[81.2046,16.1715],[81.2046,16.1707],[81.2043,16.1707],[81.2043,16.1699],[81.204,16.1699],[81.204,16.1693],[81.2037,16.1693],[81.2037,16.1679],[81.204,16.1679],[81.204,16.1649],[81.2038,16.1649],[81.2038,16.164],[81.2035,16.164],[81.2035,16.1632],[81.2032,16.1632],[81.2032,16.1615],[81.2029,16.1615],[81.2029,16.1568],[81.2032,16.1568],[81.2032,16.1557],[81.2035,16.1557],[81.2035,16.1546],[81.2038,16.1546],[81.2038,16.154],[81.204,16.154],[81.204,16.1521],[81.2043,16.1521],[81.2043,16.1496],[81.204,16.1496],[81.204,16.1493],[81.2037,16.1493],[81.2037,16.1485],[81.2035,16.1485],[81.2035,16.1482],[81.2032,16.1482],[81.2032,16.1479],[81.2029,16.1479],[81.2029,16.1471],[81.2026,16.1471],[81.2026,16.1468],[81.2024,16.1468],[81.2024,16.1454],[81.2021,16.1454],[81.2021,16.1451],[81.2018,16.1451],[81.2018,16.1449],[81.2012,16.1449],[81.2012,16.1446],[81.2001,16.1446],[81.2001,16.1451],[81.2004,16.1451],[81.2004,16.1465],[81.2001,16.1465],[81.2001,16.1474],[81.1996,16.1474],[81.1996,16.1471],[81.199,16.1471],[81.199,16.1468],[81.1985,16.1468],[81.1985,16.1454],[81.1982,16.1454],[81.1982,16.1438],[81.1979,16.1438],[81.1979,16.1435],[81.1976,16.1435],[81.1976,16.1432],[81.1974,16.1432],[81.1974,16.1429],[81.1968,16.1429],[81.1968,16.1426],[81.1957,16.1426],[81.1957,16.1429],[81.1904,16.1429],[81.1904,16.1432],[81.189,16.1432],[81.189,16.1429],[81.1888,16.1429],[81.1888,16.1432],[81.1882,16.1432],[81.1882,16.1435],[81.1876,16.1435],[81.1876,16.1438],[81.1871,16.1438],[81.1871,16.144],[81.1857,16.144],[81.1857,16.1438],[81.1851,16.1438],[81.1851,16.1435],[81.1826,16.1435],[81.1826,16.1429],[81.1832,16.1429],[81.1832,16.1426],[81.184,16.1426],[81.184,16.1424],[81.1851,16.1424],[81.1851,16.1426],[81.1862,16.1426],[81.1862,16.1429],[81.1874,16.1429],[81.1874,16.1426],[81.1876,16.1426],[81.1876,16.1429],[81.1885,16.1429],[81.1885,16.1426],[81.1886,16.1426],[81.1896,16.1426],[81.1896,16.1424],[81.1904,16.1424],[81.1904,16.1421],[81.191,16.1421],[81.191,16.1418],[81.1924,16.1418],[81.1924,16.1415],[81.1937,16.1415],[81.1937,16.1413],[81.1949,16.1413],[81.1949,16.141],[81.1971,16.141],[81.1971,16.1413],[81.1974,16.1413],[81.1974,16.141],[81.1982,16.141],[81.1982,16.1413],[81.1988,16.1413],[81.1988,16.1415],[81.1993,16.1415],[81.1993,16.1418],[81.1999,16.1418],[81.1999,16.1424],[81.2001,16.1424],[81.2001,16.1432],[81.2015,16.1432],[81.2015,16.1429],[81.2018,16.1429],[81.2018,16.1424],[81.2015,16.1424],[81.2015,16.141],[81.2012,16.141],[81.2012,16.1399],[81.201,16.1399],[81.201,16.1382],[81.2007,16.1382],[81.2007,16.136],[81.2004,16.136],[81.2004,16.1354],[81.2001,16.1354],[81.2001,16.134],[81.1999,16.134],[81.1999,16.1332],[81.1996,16.1332],[81.1996,16.1326],[81.1993,16.1326],[81.1993,16.1321],[81.199,16.1321],[81.199,16.1315],[81.1988,16.1315],[81.1988,16.1304],[81.1985,16.1304],[81.1985,16.1296],[81.1982,16.1296],[81.1982,16.1285],[81.1979,16.1285],[81.1979,16.1265],[81.1976,16.1265],[81.1976,16.126],[81.1974,16.126],[81.1974,16.1251],[81.1971,16.1251],[81.1971,16.1246],[81.1968,16.1246],[81.1968,16.1238],[81.1965,16.1238],[81.1965,16.1232],[81.1963,16.1232],[81.1963,16.1224],[81.196,16.1224],[81.196,16.1215],[81.1957,16.1215],[81.1957,16.1207],[81.1954,16.1207],[81.1954,16.1201],[81.1951,16.1201],[81.1951,16.1193],[81.1949,16.1193],[81.1949,16.1185],[81.1946,16.1185],[81.1946,16.1176],[81.1943,16.1176],[81.1943,16.1168],[81.194,16.1168],[81.194,16.116],[81.1937,16.116],[81.1937,16.1154],[81.1935,16.1154],[81.1935,16.1146],[81.1932,16.1146],[81.1932,16.1138],[81.1929,16.1138],[81.1929,16.1129],[81.1926,16.1129],[81.1926,16.1124],[81.1924,16.1124],[81.1924,16.1115],[81.1921,16.1115],[81.1921,16.1107],[81.1918,16.1107],[81.1918,16.1101],[81.1915,16.1101],[81.1915,16.1093],[81.1912,16.1093],[81.1912,16.1087],[81.191,16.1087],[81.191,16.1079],[81.1907,16.1079],[81.1907,16.1071],[81.1904,16.1071],[81.1904,16.1065],[81.1901,16.1065],[81.1901,16.1057],[81.1899,16.1057],[81.1899,16.1051],[81.1896,16.1051],[81.1896,16.1043],[81.1893,16.1043],[81.1893,16.1035],[81.189,16.1035],[81.189,16.1029],[81.1887,16.1029],[81.1887,16.1024],[81.1885,16.1024],[81.1885,16.1018],[81.1882,16.1018],[81.1882,16.1012],[81.1879,16.1012],[81.1879,16.1007],[81.1876,16.1007],[81.1876,16.1001],[81.1874,16.1001],[81.1874,16.0996],[81.1871,16.0996],[81.1871,16.099],[81.1868,16.099],[81.1868,16.0985],[81.1865,16.0985],[81.1865,16.0982],[81.1862,16.0982],[81.1862,16.0976],[81.186,16.0976],[81.186,16.0971],[81.1857,16.0971],[81.1857,16.0965],[81.1854,16.0965],[81.1854,16.096],[81.1851,16.096],[81.1851,16.0954],[81.1849,16.0954],[81.1849,16.0949],[81.1846,16.0949],[81.1846,16.0943],[81.1843,16.0943],[81.1843,16.0938],[81.184,16.0938],[81.184,16.0935],[81.1837,16.0935],[81.1837,16.0929],[81.1835,16.0929],[81.1835,16.0924],[81.1832,16.0924],[81.1832,16.0918],[81.1829,16.0918],[81.1829,16.0912],[81.1826,16.0912],[81.1826,16.0907],[81.1824,16.0907],[81.1824,16.0901],[81.1821,16.0901],[81.1821,16.0896],[81.1818,16.0896],[81.1818,16.0893],[81.1815,16.0893],[81.1815,16.0888],[81.1813,16.0888],[81.1813,16.0882],[81.181,16.0882],[81.181,16.0876],[81.1807,16.0876],[81.1807,16.0874],[81.1804,16.0874],[81.1804,16.0868],[81.1801,16.0868],[81.1801,16.0863],[81.1799,16.0863],[81.1799,16.0857],[81.1796,16.0857],[81.1796,16.0854],[81.1793,16.0854],[81.1793,16.0849],[81.179,16.0849],[81.179,16.0843],[81.1787,16.0843],[81.1787,16.0837],[81.1785,16.0837],[81.1785,16.0835],[81.1782,16.0835],[81.1782,16.0829],[81.1779,16.0829],[81.1779,16.0824],[81.1776,16.0824],[81.1776,16.0818],[81.1774,16.0818],[81.1774,16.0815],[81.1771,16.0815],[81.1771,16.081],[81.1768,16.081],[81.1768,16.0804],[81.1766,16.0804],[81.1765,16.0804],[81.1765,16.0799],[81.1762,16.0799],[81.1762,16.0796],[81.176,16.0796],[81.176,16.079],[81.1757,16.079],[81.1757,16.0785],[81.1754,16.0785],[81.1754,16.0779],[81.1751,16.0779],[81.1751,16.0776],[81.1749,16.0776],[81.1749,16.0771],[81.1746,16.0771],[81.1746,16.0765],[81.1743,16.0765],[81.1743,16.076],[81.174,16.076],[81.174,16.0757],[81.1738,16.0757],[81.1738,16.0751],[81.1735,16.0751],[81.1735,16.0746],[81.1732,16.0746],[81.1732,16.074],[81.1729,16.074],[81.1729,16.0737],[81.1726,16.0737],[81.1726,16.0732],[81.1724,16.0732],[81.1724,16.0726],[81.1721,16.0726],[81.1721,16.0721],[81.1718,16.0721],[81.1718,16.0715],[81.1715,16.0715],[81.1715,16.071],[81.1712,16.071],[81.1712,16.0707],[81.171,16.0707],[81.171,16.0701],[81.1707,16.0701],[81.1707,16.0696],[81.1704,16.0696],[81.1704,16.069],[81.1701,16.069],[81.1701,16.0685],[81.1699,16.0685],[81.1699,16.0679],[81.1696,16.0679],[81.1696,16.0676],[81.1693,16.0676],[81.1693,16.0671],[81.169,16.0671],[81.169,16.0665],[81.1687,16.0665],[81.1687,16.066],[81.1685,16.066],[81.1685,16.0654],[81.1682,16.0654],[81.1682,16.0649],[81.1679,16.0649],[81.1679,16.0643],[81.1676,16.0643],[81.1676,16.064],[81.1674,16.064],[81.1674,16.0635],[81.1671,16.0635],[81.1671,16.0629],[81.1668,16.0629],[81.1668,16.0624],[81.1665,16.0624],[81.1665,16.0618],[81.1663,16.0618],[81.1663,16.0613],[81.166,16.0613],[81.166,16.061],[81.1657,16.061],[81.1657,16.0604],[81.1654,16.0604],[81.1654,16.0599],[81.1651,16.0599],[81.1651,16.0593],[81.1649,16.0593],[81.1649,16.0588],[81.1646,16.0588],[81.1646,16.0582],[81.1643,16.0582],[81.1643,16.0579],[81.164,16.0579],[81.164,16.0574],[81.1637,16.0574],[81.1637,16.0568],[81.1635,16.0568],[81.1635,16.0562],[81.1632,16.0562],[81.1632,16.056],[81.1629,16.056],[81.1629,16.0554],[81.1626,16.0554],[81.1626,16.0549],[81.1624,16.0549],[81.1624,16.0546],[81.1624,16.0543],[81.1621,16.0543],[81.1621,16.054],[81.1618,16.054],[81.1618,16.0535],[81.1615,16.0535],[81.1615,16.0529],[81.1612,16.0529],[81.1612,16.0524],[81.161,16.0524],[81.161,16.0521],[81.1607,16.0521],[81.1607,16.0515],[81.1604,16.0515],[81.1604,16.051],[81.1601,16.051],[81.1601,16.0504],[81.1599,16.0504],[81.1599,16.0501],[81.1596,16.0501],[81.1596,16.0496],[81.1593,16.0496],[81.1593,16.049],[81.159,16.049],[81.159,16.0485],[81.1588,16.0485],[81.1588,16.0482],[81.1585,16.0482],[81.1585,16.0476],[81.1582,16.0476],[81.1582,16.0471],[81.1579,16.0471],[81.1579,16.0465],[81.1576,16.0465],[81.1576,16.0462],[81.1574,16.0462],[81.1574,16.0457],[81.1571,16.0457],[81.1571,16.0451],[81.1568,16.0451],[81.1568,16.0446],[81.1565,16.0446],[81.1565,16.044],[81.1563,16.044],[81.1563,16.0435],[81.156,16.0435],[81.156,16.0429],[81.1557,16.0429],[81.1557,16.0424],[81.1554,16.0424],[81.1554,16.0418],[81.1551,16.0418],[81.1551,16.0413],[81.1549,16.0413],[81.1549,16.0407],[81.1546,16.0407],[81.1546,16.0404],[81.1543,16.0404],[81.1543,16.0399],[81.154,16.0399],[81.154,16.0393],[81.1543,16.0393],[81.1543,16.0388],[81.154,16.0388],[81.154,16.0385],[81.1535,16.0385],[81.1535,16.0382],[81.1532,16.0382],[81.1532,16.0376],[81.1529,16.0376],[81.1529,16.0371],[81.1526,16.0371],[81.1526,16.0365],[81.1524,16.0365],[81.1524,16.036],[81.1521,16.036],[81.1521,16.0354],[81.1518,16.0354],[81.1518,16.0349],[81.1515,16.0349],[81.1515,16.0346],[81.1513,16.0346],[81.1513,16.034],[81.151,16.034],[81.151,16.0335],[81.1507,16.0335],[81.1507,16.0332],[81.1504,16.0332],[81.1504,16.0326],[81.1501,16.0326],[81.1501,16.0324],[81.1499,16.0324],[81.1499,16.0318],[81.1496,16.0318],[81.1496,16.0313],[81.1493,16.0313],[81.1493,16.031],[81.149,16.031],[81.149,16.0304],[81.1488,16.0304],[81.1488,16.0301],[81.1485,16.0301],[81.1485,16.0296],[81.1482,16.0296],[81.1482,16.0293],[81.1479,16.0293],[81.1479,16.029],[81.1476,16.029],[81.1476,16.0285],[81.1474,16.0285],[81.1474,16.0282],[81.1471,16.0282],[81.1471,16.0279],[81.1468,16.0279],[81.1468,16.0274],[81.1465,16.0274],[81.1465,16.0271],[81.1462,16.0271],[81.1462,16.0265],[81.146,16.0265],[81.146,16.0263],[81.1457,16.0263],[81.1457,16.026],[81.1454,16.026],[81.1454,16.0254],[81.1451,16.0254],[81.1451,16.0251],[81.1449,16.0251],[81.1449,16.0249],[81.1446,16.0249],[81.1446,16.0243],[81.1443,16.0243],[81.1443,16.024],[81.144,16.024],[81.144,16.0237],[81.1438,16.0237],[81.1438,16.0232],[81.1435,16.0232],[81.1435,16.0226],[81.1432,16.0226],[81.1432,16.0221],[81.1429,16.0221],[81.1429,16.0215],[81.1426,16.0215],[81.1426,16.021],[81.1424,16.021],[81.1424,16.0204],[81.1421,16.0204],[81.1421,16.0199],[81.1418,16.0199],[81.1418,16.0193],[81.1415,16.0193],[81.1415,16.0192],[81.1415,16.0187],[81.1414,16.0187],[81.1413,16.0188],[81.1413,16.0184],[81.1413,16.0182],[81.141,16.0182],[81.141,16.0177],[81.141,16.0168],[81.1407,16.0168],[81.1407,16.0154],[81.1404,16.0154],[81.1404,16.0138],[81.1401,16.0138],[81.1401,16.0121],[81.1399,16.0121],[81.1399,16.0099],[81.1396,16.0099],[81.1396,16.0076],[81.1399,16.0076],[81.1399,16.0065],[81.1396,16.0065],[81.1396,16.0051],[81.1399,16.0051],[81.1399,16.0032],[81.1396,16.0032],[81.1396,16.0001],[81.1396,15.9999],[81.1396,15.9976],[81.1393,15.9976],[81.1393,15.9974],[81.139,15.9974],[81.139,15.996],[81.1393,15.996],[81.1393,15.9957],[81.1396,15.9957],[81.1396,15.9951],[81.1399,15.9951],[81.1399,15.9943],[81.1401,15.9943],[81.1401,15.994],[81.1404,15.994],[81.1404,15.9935],[81.1407,15.9935],[81.1407,15.9918],[81.141,15.9918],[81.141,15.991],[81.1413,15.991],[81.1413,15.9899],[81.141,15.9899],[81.141,15.9888],[81.1413,15.9888],[81.1413,15.9885],[81.1415,15.9885],[81.1415,15.9874],[81.1418,15.9874],[81.1418,15.986],[81.1421,15.986],[81.1421,15.9851],[81.1424,15.9851],[81.1424,15.9849],[81.1426,15.9849],[81.1426,15.9846],[81.1429,15.9846],[81.1429,15.9843],[81.1435,15.9843],[81.1435,15.9824],[81.144,15.9824],[81.144,15.9826],[81.1443,15.9826],[81.1443,15.9824],[81.1449,15.9824],[81.1449,15.9818],[81.1451,15.9818],[81.1451,15.9815],[81.1454,15.9815],[81.1454,15.981],[81.1457,15.981],[81.1457,15.9807],[81.146,15.9807],[81.146,15.9793],[81.1457,15.9793],[81.1457,15.979],[81.1454,15.979],[81.1454,15.9785],[81.1451,15.9785],[81.1451,15.9776],[81.1454,15.9776],[81.1454,15.9749],[81.146,15.9749],[81.146,15.9743],[81.1457,15.9743],[81.1457,15.9738],[81.144,15.9738],[81.144,15.9735],[81.1438,15.9735],[81.1438,15.9732],[81.1432,15.9732],[81.1432,15.9729],[81.1424,15.9729],[81.1424,15.9732],[81.1415,15.9732],[81.1415,15.9735],[81.141,15.9735],[81.141,15.9732],[81.1399,15.9732],[81.1399,15.9735],[81.139,15.9735],[81.139,15.9732],[81.1387,15.9732],[81.1387,15.9735],[81.1382,15.9735],[81.1382,15.9738],[81.1368,15.9738],[81.1368,15.974],[81.1357,15.974],[81.1357,15.9743],[81.1354,15.9743],[81.1354,15.974],[81.1335,15.974],[81.1335,15.9738],[81.1326,15.9738],[81.1326,15.9735],[81.1324,15.9735],[81.1324,15.9732],[81.1321,15.9732],[81.1321,15.9729],[81.1315,15.9729],[81.1315,15.9726],[81.1312,15.9726],[81.1312,15.9724],[81.131,15.9724],[81.131,15.9721],[81.1307,15.9721],[81.1307,15.9718],[81.1304,15.9718],[81.1304,15.9712],[81.1307,15.9712],[81.1307,15.9704],[81.131,15.9704],[81.131,15.9688],[81.1307,15.9688],[81.1307,15.9674],[81.1304,15.9674],[81.1304,15.9671],[81.1301,15.9671],[81.1301,15.9668],[81.1299,15.9668],[81.1299,15.9665],[81.1296,15.9665],[81.1296,15.966],[81.1293,15.966],[81.1293,15.9658],[81.1293,15.9651],[81.129,15.9651],[81.129,15.9646],[81.1288,15.9646],[81.1288,15.964],[81.1285,15.964],[81.1285,15.9635],[81.1282,15.9635],[81.1282,15.9632],[81.1279,15.9632],[81.1279,15.9629],[81.1274,15.9629],[81.1274,15.9626],[81.1271,15.9626],[81.1271,15.9624],[81.1268,15.9624],[81.1268,15.9621],[81.1265,15.9621],[81.1265,15.9618],[81.1263,15.9618],[81.1263,15.9615],[81.126,15.9615],[81.126,15.9613],[81.1257,15.9613],[81.1257,15.961],[81.1251,15.961],[81.1251,15.9607],[81.1249,15.9607],[81.1249,15.9604],[81.1243,15.9604],[81.1243,15.9601],[81.124,15.9601],[81.124,15.9599],[81.1237,15.9599],[81.1237,15.9596],[81.1235,15.9596],[81.1235,15.959],[81.1232,15.959],[81.1232,15.9588],[81.1229,15.9588],[81.1229,15.9585],[81.1224,15.9585],[81.1224,15.9582],[81.1221,15.9582],[81.1221,15.9579],[81.1215,15.9579],[81.1215,15.9576],[81.1212,15.9576],[81.1212,15.9574],[81.1207,15.9574],[81.1207,15.9571],[81.1204,15.9571],[81.1204,15.9568],[81.1201,15.9568],[81.1201,15.9565],[81.1199,15.9565],[81.1199,15.9563],[81.1196,15.9563],[81.1196,15.956],[81.1193,15.956],[81.1193,15.9557],[81.1188,15.9557],[81.1188,15.9554],[81.1185,15.9554],[81.1185,15.9551],[81.1182,15.9551],[81.1182,15.9549],[81.1179,15.9549],[81.1179,15.9546],[81.1171,15.9546],[81.1171,15.9543],[81.1168,15.9543],[81.1168,15.954],[81.1165,15.954],[81.1165,15.9537],[81.116,15.9537],[81.116,15.9535],[81.1157,15.9535],[81.1157,15.9532],[81.1154,15.9532],[81.1154,15.9529],[81.1151,15.9529],[81.1151,15.9526],[81.1149,15.9526],[81.1149,15.9524],[81.1146,15.9524],[81.1146,15.9521],[81.1143,15.9521],[81.1143,15.9518],[81.1137,15.9518],[81.1137,15.9513],[81.1135,15.9513],[81.1135,15.951],[81.1132,15.951],[81.1132,15.9507],[81.1126,15.9507],[81.1126,15.9504],[81.1124,15.9504],[81.1124,15.9501],[81.1121,15.9501],[81.1121,15.9499],[81.1115,15.9499],[81.1115,15.9496],[81.1113,15.9496],[81.1113,15.9493],[81.111,15.9493],[81.111,15.949],[81.1104,15.949],[81.1104,15.9487],[81.1101,15.9487],[81.1101,15.9485],[81.1099,15.9485],[81.1099,15.9479],[81.1096,15.9479],[81.1096,15.9476],[81.1093,15.9476],[81.1093,15.9474],[81.1087,15.9474],[81.1087,15.9471],[81.1085,15.9471],[81.1085,15.9468],[81.1079,15.9468],[81.1079,15.9465],[81.1076,15.9465],[81.1076,15.9463],[81.1074,15.9463],[81.1074,15.946],[81.1071,15.946],[81.1071,15.9457],[81.1068,15.9457],[81.1068,15.9454],[81.1065,15.9454],[81.1065,15.9451],[81.1062,15.9451],[81.1062,15.9449],[81.106,15.9449],[81.106,15.9446],[81.1057,15.9446],[81.1057,15.9443],[81.1054,15.9443],[81.1054,15.944],[81.1051,15.944],[81.1051,15.9438],[81.1049,15.9438],[81.1049,15.9435],[81.1046,15.9435],[81.1046,15.9429],[81.1043,15.9429],[81.1043,15.9426],[81.104,15.9426],[81.104,15.9424],[81.1038,15.9424],[81.1038,15.9421],[81.1035,15.9421],[81.1035,15.9418],[81.1032,15.9418],[81.1032,15.9415],[81.1026,15.9415],[81.1026,15.9413],[81.1024,15.9413],[81.1024,15.941],[81.1021,15.941],[81.1021,15.9407],[81.1015,15.9407],[81.1015,15.9404],[81.1012,15.9404],[81.1012,15.9399],[81.101,15.9399],[81.101,15.9396],[81.1007,15.9396],[81.1007,15.9393],[81.1004,15.9393],[81.1004,15.939],[81.1001,15.939],[81.1001,15.9388],[81.0999,15.9388],[81.0999,15.9385],[81.099,15.9385],[81.099,15.9382],[81.0987,15.9382],[81.0987,15.9379],[81.0985,15.9379],[81.0985,15.9376],[81.0982,15.9376],[81.0982,15.9374],[81.0976,15.9374],[81.0976,15.9371],[81.0974,15.9371],[81.0974,15.9368],[81.0971,15.9368],[81.0971,15.9365],[81.0968,15.9365],[81.0968,15.9363],[81.0965,15.9363],[81.0965,15.936],[81.096,15.936],[81.096,15.9357],[81.0957,15.9357],[81.0957,15.9354],[81.0954,15.9354],[81.0954,15.9351],[81.0951,15.9351],[81.0951,15.9349],[81.0949,15.9349],[81.0949,15.9346],[81.0946,15.9346],[81.0946,15.9343],[81.094,15.9343],[81.094,15.934],[81.0935,15.934],[81.0935,15.9338],[81.0932,15.9338],[81.0932,15.9335],[81.0929,15.9335],[81.0929,15.9332],[81.0926,15.9332],[81.0926,15.9329],[81.0923,15.9329],[81.0923,15.9326],[81.0918,15.9326],[81.0918,15.9324],[81.0912,15.9324],[81.0912,15.9321],[81.091,15.9321],[81.091,15.9318],[81.0907,15.9318],[81.0907,15.9315],[81.0901,15.9315],[81.0901,15.9313],[81.0896,15.9313],[81.0896,15.931],[81.0893,15.931],[81.0893,15.9307],[81.089,15.9307],[81.089,15.9304],[81.0885,15.9304],[81.0885,15.9301],[81.0882,15.9301],[81.0882,15.9299],[81.0879,15.9299],[81.0879,15.9296],[81.0876,15.9296],[81.0876,15.929],[81.0874,15.929],[81.0874,15.9288],[81.0871,15.9288],[81.0871,15.9282],[81.0868,15.9282],[81.0868,15.9279],[81.0865,15.9279],[81.0865,15.9274],[81.0863,15.9274],[81.0863,15.9268],[81.086,15.9268],[81.086,15.9263],[81.0857,15.9263],[81.0857,15.926],[81.0854,15.926],[81.0854,15.9257],[81.0851,15.9257],[81.0851,15.9254],[81.0849,15.9254],[81.0849,15.9251],[81.0846,15.9251],[81.0846,15.9249],[81.0843,15.9249],[81.0843,15.9246],[81.084,15.9246],[81.084,15.9243],[81.0837,15.9243],[81.0837,15.9237],[81.0835,15.9237],[81.0835,15.9235],[81.0832,15.9235],[81.0832,15.9232],[81.0826,15.9232],[81.0826,15.9229],[81.0824,15.9229],[81.0824,15.9226],[81.0821,15.9226],[81.0821,15.9224],[81.0815,15.9224],[81.0815,15.9221],[81.081,15.9221],[81.081,15.9218],[81.0807,15.9218],[81.0807,15.9215],[81.0801,15.9215],[81.0801,15.9213],[81.0796,15.9213],[81.0796,15.921],[81.0793,15.921],[81.0793,15.9207],[81.079,15.9207],[81.079,15.9204],[81.0788,15.9204],[81.0788,15.9201],[81.0785,15.9201],[81.0785,15.9199],[81.0782,15.9199],[81.0782,15.9196],[81.0779,15.9196],[81.0779,15.919],[81.0776,15.919],[81.0776,15.9187],[81.0773,15.9187],[81.0773,15.9185],[81.0771,15.9185],[81.0771,15.9182],[81.0768,15.9182],[81.0768,15.9176],[81.0765,15.9176],[81.0765,15.9174],[81.0762,15.9174],[81.0762,15.9171],[81.076,15.9171],[81.076,15.9168],[81.0757,15.9168],[81.0757,15.9165],[81.0757,15.9162],[81.0754,15.9162],[81.0754,15.916],[81.0751,15.916],[81.0751,15.9157],[81.0749,15.9157],[81.0749,15.9154],[81.0746,15.9154],[81.0746,15.9149],[81.0743,15.9149],[81.0743,15.9146],[81.074,15.9146],[81.074,15.9143],[81.0738,15.9143],[81.0738,15.914],[81.0735,15.914],[81.0735,15.9138],[81.0732,15.9138],[81.0732,15.9135],[81.0729,15.9135],[81.0729,15.9132],[81.0726,15.9132],[81.0726,15.9129],[81.0724,15.9129],[81.0724,15.9126],[81.0718,15.9126],[81.0718,15.9124],[81.0713,15.9124],[81.0713,15.9121],[81.0707,15.9121],[81.0707,15.9115],[81.0704,15.9115],[81.0704,15.9113],[81.0701,15.9113],[81.0701,15.911],[81.0699,15.911],[81.0699,15.9107],[81.0693,15.9107],[81.0693,15.9101],[81.069,15.9101],[81.069,15.9099],[81.0687,15.9099],[81.0687,15.9096],[81.0685,15.9096],[81.0685,15.909],[81.0682,15.909],[81.0682,15.9088],[81.0679,15.9088],[81.0679,15.9085],[81.0676,15.9085],[81.0676,15.9079],[81.0674,15.9079],[81.0674,15.9076],[81.0671,15.9076],[81.0671,15.9074],[81.0668,15.9074],[81.0668,15.9068],[81.0665,15.9068],[81.0665,15.9065],[81.0662,15.9065],[81.0662,15.906],[81.066,15.906],[81.066,15.9057],[81.0657,15.9057],[81.0657,15.9051],[81.0654,15.9052],[81.0654,15.9049],[81.0651,15.9049],[81.0651,15.9046],[81.0649,15.9046],[81.0649,15.9043],[81.0646,15.9043],[81.0646,15.904],[81.0643,15.904],[81.0643,15.9035],[81.064,15.9035],[81.064,15.9032],[81.0638,15.9032],[81.0638,15.9029],[81.0632,15.9029],[81.0632,15.9026],[81.0629,15.9026],[81.0629,15.9024],[81.0626,15.9024],[81.0626,15.9021],[81.0624,15.9021],[81.0624,15.9018],[81.0621,15.9018],[81.0621,15.9015],[81.0618,15.9015],[81.0618,15.9013],[81.0615,15.9013],[81.0615,15.901],[81.0612,15.901],[81.0612,15.9007],[81.061,15.9007],[81.061,15.9004],[81.0607,15.9004],[81.0607,15.8999],[81.0604,15.8999],[81.0604,15.8996],[81.0601,15.8996],[81.0601,15.8993],[81.0596,15.8993],[81.0596,15.899],[81.0593,15.899],[81.0593,15.8982],[81.059,15.8982],[81.059,15.8979],[81.0587,15.8979],[81.0587,15.8976],[81.0585,15.8976],[81.0585,15.8974],[81.0582,15.8974],[81.0582,15.8971],[81.0579,15.8971],[81.0579,15.8965],[81.0576,15.8965],[81.0576,15.896],[81.0574,15.896],[81.0574,15.8957],[81.0571,15.8957],[81.0571,15.8954],[81.0568,15.8954],[81.0568,15.8951],[81.0565,15.8951],[81.0565,15.8949],[81.0563,15.8949],[81.0563,15.8946],[81.056,15.8946],[81.056,15.8943],[81.0557,15.8943],[81.0557,15.8938],[81.0554,15.8938],[81.0554,15.8935],[81.0551,15.8935],[81.0551,15.8932],[81.0549,15.8932],[81.0549,15.8926],[81.0546,15.8926],[81.0546,15.8921],[81.0543,15.8921],[81.0543,15.8915],[81.054,15.8915],[81.054,15.8912],[81.0537,15.8912],[81.0537,15.891],[81.0535,15.891],[81.0535,15.8907],[81.0532,15.8907],[81.0532,15.8904],[81.0529,15.8904],[81.0529,15.8902],[81.0526,15.8902],[81.0526,15.8899],[81.0524,15.8899],[81.0524,15.8896],[81.0521,15.8896],[81.0521,15.8893],[81.0518,15.8893],[81.0518,15.8888],[81.0515,15.8888],[81.0515,15.8885],[81.051,15.8885],[81.051,15.8882],[81.0507,15.8882],[81.0507,15.8874],[81.0504,15.8874],[81.0504,15.8871],[81.0501,15.8871],[81.0501,15.8865],[81.0499,15.8865],[81.0499,15.886],[81.0496,15.886],[81.0496,15.8857],[81.0493,15.8857],[81.0493,15.8851],[81.049,15.8851],[81.049,15.8846],[81.0488,15.8846],[81.0488,15.8843],[81.0485,15.8843],[81.0485,15.884],[81.0482,15.884],[81.0482,15.8837],[81.0476,15.8838],[81.0476,15.8835],[81.0474,15.8835],[81.0474,15.8832],[81.0471,15.8832],[81.0471,15.8829],[81.0468,15.8829],[81.0468,15.8826],[81.0465,15.8826],[81.0465,15.8824],[81.0462,15.8824],[81.0462,15.8821],[81.046,15.8821],[81.046,15.8818],[81.0454,15.8818],[81.0454,15.8815],[81.0449,15.8815],[81.0449,15.8813],[81.0446,15.8813],[81.0446,15.881],[81.0443,15.881],[81.0443,15.8807],[81.044,15.8807],[81.044,15.8804],[81.0437,15.8804],[81.0437,15.8801],[81.0435,15.8801],[81.0435,15.8799],[81.0432,15.8799],[81.0432,15.8796],[81.0429,15.8796],[81.0429,15.8793],[81.0426,15.8793],[81.0426,15.879],[81.0424,15.879],[81.0424,15.8788],[81.0421,15.8788],[81.0421,15.8785],[81.0415,15.8785],[81.0415,15.8779],[81.0412,15.8779],[81.0412,15.8776],[81.0407,15.8776],[81.0407,15.8774],[81.0404,15.8774],[81.0404,15.8771],[81.0399,15.8771],[81.0399,15.8765],[81.0396,15.8765],[81.0396,15.8763],[81.0393,15.8763],[81.0393,15.876],[81.0387,15.876],[81.0387,15.8757],[81.0385,15.8757],[81.0385,15.8751],[81.0382,15.8751],[81.0382,15.8749],[81.0379,15.8749],[81.0379,15.8743],[81.0376,15.8743],[81.0376,15.874],[81.0374,15.874],[81.0374,15.8737],[81.0371,15.8737],[81.0371,15.8735],[81.0368,15.8735],[81.0368,15.8732],[81.0362,15.8732],[81.0362,15.8729],[81.036,15.8729],[81.036,15.8724],[81.0357,15.8724],[81.0357,15.8721],[81.0354,15.8721],[81.0354,15.8718],[81.0349,15.8718],[81.0349,15.8715],[81.0346,15.8715],[81.0346,15.8713],[81.0343,15.8713],[81.0343,15.871],[81.0338,15.871],[81.0338,15.8707],[81.0332,15.8707],[81.0332,15.8704],[81.0329,15.8704],[81.0329,15.8701],[81.0326,15.8701],[81.0326,15.8699],[81.0324,15.8699],[81.0324,15.8696],[81.0321,15.8696],[81.0321,15.869],[81.0318,15.869],[81.0318,15.8687],[81.0315,15.8687],[81.0315,15.8685],[81.0313,15.8685],[81.0313,15.8682],[81.031,15.8682],[81.031,15.8679],[81.0307,15.8679],[81.0307,15.8676],[81.0304,15.8676],[81.0304,15.8671],[81.0301,15.8671],[81.0301,15.8668],[81.0299,15.8668],[81.0299,15.8665],[81.0296,15.8665],[81.0296,15.866],[81.0293,15.866],[81.0293,15.8657],[81.029,15.8657],[81.029,15.8654],[81.0287,15.8654],[81.0287,15.8651],[81.0285,15.8651],[81.0285,15.8649],[81.0282,15.8649],[81.0282,15.8643],[81.0279,15.8643],[81.0279,15.864],[81.0276,15.864],[81.0276,15.8638],[81.0274,15.8638],[81.0274,15.8635],[81.0271,15.8635],[81.0271,15.8632],[81.0265,15.8632],[81.0265,15.8629],[81.026,15.8629],[81.026,15.8626],[81.0257,15.8626],[81.0257,15.8624],[81.0254,15.8624],[81.0254,15.8621],[81.0251,15.8621],[81.0251,15.8612],[81.0249,15.8613],[81.0249,15.8607],[81.0246,15.8607],[81.0246,15.8604],[81.024,15.8604],[81.024,15.8601],[81.0238,15.8601],[81.0238,15.8598],[81.0232,15.8599],[81.0232,15.8596],[81.0229,15.8596],[81.0229,15.8593],[81.0226,15.8593],[81.0226,15.859],[81.0224,15.859],[81.0224,15.8588],[81.0221,15.8588],[81.0221,15.8582],[81.0218,15.8582],[81.0218,15.8579],[81.0215,15.8579],[81.0215,15.8576],[81.0212,15.8576],[81.0212,15.8574],[81.021,15.8574],[81.021,15.8571],[81.0207,15.8571],[81.0207,15.8568],[81.0204,15.8568],[81.0204,15.8565],[81.0201,15.8565],[81.0201,15.8563],[81.0199,15.8563],[81.0199,15.856],[81.0196,15.856],[81.0196,15.8557],[81.0193,15.8557],[81.0193,15.8549],[81.019,15.8549],[81.019,15.8546],[81.0188,15.8546],[81.0188,15.8543],[81.0185,15.8543],[81.0185,15.8538],[81.0182,15.8538],[81.0182,15.8535],[81.0179,15.8535],[81.0179,15.8532],[81.0176,15.8532],[81.0176,15.8524],[81.0174,15.8524],[81.0174,15.8515],[81.0171,15.8515],[81.0171,15.851],[81.0168,15.851],[81.0168,15.8507],[81.0165,15.8507],[81.0165,15.8501],[81.0163,15.8501],[81.0163,15.8496],[81.016,15.8496],[81.016,15.849],[81.0157,15.849],[81.0157,15.8488],[81.0154,15.8488],[81.0154,15.8485],[81.0151,15.8485],[81.0151,15.8476],[81.0149,15.8476],[81.0149,15.8474],[81.0146,15.8474],[81.0146,15.8471],[81.0143,15.8471],[81.0143,15.8468],[81.014,15.8468],[81.014,15.8462],[81.0137,15.8462],[81.0137,15.846],[81.0135,15.846],[81.0135,15.8457],[81.0132,15.8457],[81.0132,15.8451],[81.0129,15.8451],[81.0129,15.8449],[81.0126,15.8449],[81.0126,15.844],[81.0124,15.844],[81.0124,15.8426],[81.0121,15.8426],[81.0121,15.8421],[81.0118,15.8421],[81.0118,15.8415],[81.0115,15.8415],[81.0115,15.8413],[81.0113,15.8413],[81.0113,15.841],[81.011,15.841],[81.011,15.8404],[81.0107,15.8404],[81.0107,15.8399],[81.0104,15.8399],[81.0104,15.8393],[81.0101,15.8393],[81.0101,15.839],[81.0099,15.839],[81.0099,15.8382],[81.0096,15.8382],[81.0096,15.8379],[81.0093,15.8379],[81.0093,15.8374],[81.009,15.8374],[81.009,15.8371],[81.0085,15.8371],[81.0085,15.8374],[81.0082,15.8374],[81.0082,15.8385],[81.0085,15.8385],[81.0085,15.839],[81.0082,15.839],[81.0082,15.8393],[81.0079,15.8393],[81.0079,15.8396],[81.0076,15.8396],[81.0076,15.8393],[81.0074,15.8393],[81.0074,15.839],[81.0071,15.839],[81.0071,15.8388],[81.0068,15.8388],[81.0068,15.8376],[81.0071,15.8376],[81.0071,15.8354],[81.0074,15.8354],[81.0074,15.8346],[81.0076,15.8346],[81.0076,15.8337],[81.0074,15.8338],[81.0074,15.8324],[81.0071,15.8324],[81.0071,15.8321],[81.0074,15.8321],[81.0074,15.8318],[81.0068,15.8318],[81.0068,15.8315],[81.0065,15.8315],[81.0065,15.8335],[81.0062,15.8335],[81.0062,15.834],[81.006,15.834],[81.006,15.8357],[81.0057,15.8357],[81.0057,15.8363],[81.0054,15.8363],[81.0054,15.8374],[81.0051,15.8374],[81.0051,15.839],[81.0054,15.839],[81.0054,15.8393],[81.0057,15.8393],[81.0057,15.8404],[81.0054,15.8404],[81.0054,15.8407],[81.0046,15.8407],[81.0046,15.8404],[81.0043,15.8404],[81.0043,15.839],[81.0046,15.839],[81.0046,15.8388],[81.0043,15.8388],[81.0043,15.8379],[81.004,15.8379],[81.004,15.8376],[81.0037,15.8376],[81.0037,15.8368],[81.004,15.8368],[81.004,15.836],[81.0043,15.836],[81.0043,15.8343],[81.0024,15.8343],[81.0024,15.8335],[81.0026,15.8335],[81.0026,15.8315],[81.0024,15.8315],[81.0024,15.8312],[81.0018,15.8312],[81.0018,15.8315],[81.0015,15.8315],[81.0015,15.8321],[81.0013,15.8321],[81.0013,15.8324],[81.0001,15.8324],[81.0001,15.8321],[80.9999,15.8321],[80.9999,15.8318],[80.9996,15.8318],[80.9996,15.8312],[80.9993,15.8312],[80.9993,15.8307],[80.999,15.8307],[80.999,15.8304],[80.9987,15.8304],[80.9987,15.8301],[80.9985,15.8301],[80.9985,15.8299],[80.9982,15.8299],[80.9982,15.8296],[80.9979,15.8296],[80.9979,15.8274],[80.9976,15.8274],[80.9976,15.8268],[80.9974,15.8268],[80.9974,15.8263],[80.9971,15.8263],[80.9971,15.8246],[80.9968,15.8246],[80.9968,15.824],[80.9965,15.824],[80.9965,15.8235],[80.9962,15.8235],[80.9962,15.8229],[80.996,15.8229],[80.996,15.8215],[80.9957,15.8215],[80.9957,15.821],[80.9954,15.821],[80.9954,15.8207],[80.9949,15.8207],[80.9949,15.821],[80.9943,15.821],[80.9943,15.8213],[80.9932,15.8213],[80.9932,15.8207],[80.9929,15.8207],[80.9929,15.8185],[80.9932,15.8185],[80.9932,15.8174],[80.9935,15.8174],[80.9935,15.8171],[80.9938,15.8171],[80.9938,15.8168],[80.994,15.8168],[80.994,15.8157],[80.9943,15.8157],[80.9943,15.8151],[80.9946,15.8151],[80.9946,15.8138],[80.9943,15.8138],[80.9943,15.8135],[80.994,15.8135],[80.994,15.8129],[80.9938,15.8129],[80.9938,15.8101],[80.994,15.8101],[80.994,15.8099],[80.9943,15.8099],[80.9943,15.8096],[80.9946,15.8096],[80.9946,15.8093],[80.9949,15.8093],[80.9949,15.8079],[80.9946,15.8079],[80.9946,15.8068],[80.9949,15.8068],[80.9949,15.8035],[80.9951,15.8035],[80.9951,15.8026],[80.9954,15.8026],[80.9954,15.8021],[80.9957,15.8021],[80.9957,15.8015],[80.996,15.8015],[80.996,15.801],[80.9962,15.801],[80.9962,15.8001],[80.9965,15.8001],[80.9965,15.7999],[80.9968,15.7999],[80.9968,15.7996],[80.9971,15.7996],[80.9971,15.799],[80.9974,15.799],[80.9974,15.7988],[80.9976,15.7988],[80.9976,15.7982],[80.9979,15.7982],[80.9979,15.7976],[80.9982,15.7976],[80.9982,15.7971],[80.9985,15.7971],[80.9985,15.7965],[80.9987,15.7965],[80.9987,15.7963],[80.999,15.7963],[80.999,15.7957],[80.9993,15.7957],[80.9993,15.7951],[80.9996,15.7951],[80.9996,15.7943],[80.9999,15.7943],[80.9999,15.794],[81.0001,15.794],[81.0001,15.7938],[81.0004,15.7938],[81.0004,15.7926],[81.0007,15.7926],[81.0007,15.7915],[81.001,15.7915],[81.001,15.7907],[81.0013,15.7907],[81.0013,15.7887],[81.0015,15.7887],[81.0015,15.7879],[81.0018,15.7879],[81.0018,15.7874],[81.0021,15.7874],[81.0021,15.7871],[81.0024,15.7871],[81.0024,15.7868],[81.0026,15.7868],[81.0026,15.7863],[81.0029,15.7863],[81.0029,15.7857],[81.0032,15.7857],[81.0032,15.7851],[81.0035,15.7851],[81.0035,15.7849],[81.0038,15.7849],[81.0037,15.7846],[81.004,15.7846],[81.004,15.7843],[81.0043,15.7843],[81.0043,15.784],[81.0046,15.784],[81.0046,15.7837],[81.0049,15.7837],[81.0049,15.7835],[81.0051,15.7835],[81.0051,15.7832],[81.0054,15.7832],[81.0054,15.7829],[81.0057,15.7829],[81.0057,15.7826],[81.0054,15.7826],[81.0054,15.7824],[81.0057,15.7824],[81.0057,15.7821],[81.006,15.7821],[81.006,15.781],[81.0062,15.781],[81.0062,15.7804],[81.0065,15.7804],[81.0065,15.7801],[81.0068,15.7801],[81.0068,15.7799],[81.0076,15.7799],[81.0076,15.7801],[81.0079,15.7801],[81.0079,15.7821],[81.0076,15.7821],[81.0076,15.7826],[81.0074,15.7826],[81.0074,15.7829],[81.0071,15.7829],[81.0071,15.7835],[81.0068,15.7835],[81.0068,15.784],[81.0065,15.784],[81.0065,15.7846],[81.0079,15.7846],[81.0079,15.7843],[81.0082,15.7843],[81.0082,15.7835],[81.0085,15.7835],[81.0085,15.7826],[81.0088,15.7826],[81.0088,15.7821],[81.009,15.7821],[81.009,15.7812],[81.0093,15.7813],[81.0093,15.7804],[81.0096,15.7804],[81.0096,15.7801],[81.0104,15.7801],[81.0104,15.7796],[81.0107,15.7796],[81.0107,15.7788],[81.011,15.7788],[81.011,15.7779],[81.0113,15.7779],[81.0113,15.7765],[81.0115,15.7765],[81.0115,15.7763],[81.0121,15.7763],[81.0121,15.7751],[81.0118,15.7751],[81.0118,15.7743],[81.0115,15.7743],[81.0115,15.7738],[81.0113,15.7738],[81.0113,15.7735],[81.0115,15.7735],[81.0115,15.7726],[81.0118,15.7726],[81.0118,15.7721],[81.0121,15.7721],[81.0121,15.7715],[81.0124,15.7715],[81.0124,15.771],[81.0121,15.771],[81.0121,15.7701],[81.0118,15.7701],[81.0118,15.7696],[81.0115,15.7696],[81.0115,15.7688],[81.0113,15.7688],[81.0113,15.7685],[81.011,15.7685],[81.011,15.7682],[81.0107,15.7682],[81.0107,15.7679],[81.0093,15.7679],[81.0093,15.7676],[81.0085,15.7676],[81.0085,15.7674],[81.0076,15.7674],[81.0076,15.7671],[81.006,15.7671],[81.006,15.7668],[81.0057,15.7668],[81.0057,15.7665],[81.006,15.7665],[81.006,15.7662],[81.0057,15.7662],[81.0057,15.7612],[81.0054,15.7612],[81.0054,15.7604],[81.0057,15.7604],[81.0057,15.7596],[81.006,15.7596],[81.006,15.7585],[81.0062,15.7585],[81.0062,15.7579],[81.006,15.7579],[81.006,15.7577],[81.0057,15.7577],[81.0057,15.7574],[81.0054,15.7574],[81.0054,15.7571],[81.0051,15.7571],[81.0051,15.7568],[81.0049,15.7568],[81.0049,15.7565],[81.0046,15.7565],[81.0046,15.7563],[81.0043,15.7563],[81.0043,15.756],[81.004,15.756],[81.004,15.7557],[81.0038,15.7557],[81.0038,15.7551],[81.0032,15.7551],[81.0032,15.7549],[81.0024,15.7549],[81.0024,15.7546],[81.0021,15.7546],[81.0021,15.7532],[81.0018,15.7532],[81.0018,15.7529],[81.0015,15.7529],[81.0015,15.7526],[81.0013,15.7526],[81.0013,15.7524],[81.001,15.7524],[81.001,15.7518],[80.9999,15.7518],[80.9999,15.7515],[80.9996,15.7515],[80.9996,15.7512],[80.9993,15.7512],[80.9993,15.751],[80.999,15.751],[80.999,15.7507],[80.9987,15.7507],[80.9987,15.7504],[80.9985,15.7504],[80.9985,15.7501],[80.9979,15.7501],[80.9979,15.7499],[80.9976,15.7499],[80.9976,15.7496],[80.9971,15.7496],[80.9971,15.7493],[80.9965,15.7493],[80.9965,15.749],[80.9962,15.749],[80.9962,15.7488],[80.9957,15.7488],[80.9957,15.7485],[80.9951,15.7485],[80.9951,15.7482],[80.9949,15.7482],[80.9949,15.7479],[80.9943,15.7479],[80.9943,15.7476],[80.994,15.7476],[80.994,15.7474],[80.9935,15.7474],[80.9935,15.7471],[80.9929,15.7471],[80.9929,15.7468],[80.9926,15.7468],[80.9926,15.7465],[80.9921,15.7465],[80.9921,15.7463],[80.9918,15.7463],[80.9918,15.746],[80.9912,15.746],[80.9912,15.7457],[80.9907,15.7457],[80.9907,15.7454],[80.9904,15.7454],[80.9904,15.7451],[80.9899,15.7451],[80.9899,15.7449],[80.9893,15.7449],[80.9893,15.7446],[80.989,15.7446],[80.989,15.7443],[80.9885,15.7443],[80.9885,15.744],[80.9882,15.744],[80.9882,15.7438],[80.9876,15.7438],[80.9876,15.7435],[80.9874,15.7435],[80.9874,15.7432],[80.9868,15.7432],[80.9868,15.7429],[80.9865,15.7429],[80.9865,15.7427],[80.986,15.7427],[80.986,15.7424],[80.9857,15.7424],[80.9857,15.7421],[80.9851,15.7421],[80.9851,15.7418],[80.9849,15.7418],[80.9849,15.7415],[80.9843,15.7415],[80.9843,15.7413],[80.984,15.7413],[80.984,15.741],[80.9835,15.741],[80.9835,15.7407],[80.9832,15.7407],[80.9832,15.7404],[80.9826,15.7404],[80.9826,15.7401],[80.9821,15.7401],[80.9821,15.7399],[80.9815,15.7399],[80.9815,15.7396],[80.981,15.7396],[80.981,15.7393],[80.9804,15.7393],[80.9804,15.739],[80.9799,15.739],[80.9799,15.7388],[80.9796,15.7388],[80.9796,15.7385],[80.979,15.7385],[80.979,15.7382],[80.9785,15.7382],[80.9785,15.7379],[80.9779,15.7379],[80.9779,15.7376],[80.9774,15.7376],[80.9774,15.7374],[80.9768,15.7374],[80.9768,15.7371],[80.9762,15.7371],[80.9762,15.7368],[80.9757,15.7368],[80.9757,15.7365],[80.9751,15.7365],[80.9751,15.7362],[80.9746,15.7362],[80.9746,15.736],[80.974,15.736],[80.974,15.7357],[80.9735,15.7357],[80.9735,15.7354],[80.9729,15.7354],[80.9729,15.7351],[80.9724,15.7351],[80.9724,15.7349],[80.9715,15.7349],[80.9715,15.7346],[80.9713,15.7346],[80.9713,15.7343],[80.9707,15.7343],[80.9707,15.734],[80.9701,15.734],[80.9701,15.7338],[80.9699,15.7338],[80.9699,15.7335],[80.9693,15.7335],[80.9693,15.7332],[80.9688,15.7332],[80.9688,15.7329],[80.9682,15.7329],[80.9682,15.7326],[80.9676,15.7326],[80.9676,15.7324],[80.9671,15.7324],[80.9671,15.7321],[80.9668,15.7321],[80.9668,15.7318],[80.9662,15.7318],[80.9662,15.7315],[80.9657,15.7315],[80.9657,15.7312],[80.9651,15.7312],[80.9651,15.731],[80.9646,15.731],[80.9646,15.7307],[80.964,15.7307],[80.964,15.7304],[80.9635,15.7304],[80.9635,15.7301],[80.9629,15.7301],[80.9629,15.7299],[80.9621,15.7299],[80.9621,15.7296],[80.9615,15.7296],[80.9615,15.7293],[80.961,15.7293],[80.961,15.729],[80.9604,15.729],[80.9604,15.7288],[80.9599,15.7288],[80.9599,15.7285],[80.9587,15.7285],[80.9587,15.7282],[80.9574,15.7282],[80.9574,15.7279],[80.9568,15.7279],[80.9568,15.7276],[80.9565,15.7276],[80.9565,15.7274],[80.9557,15.7274],[80.9557,15.7276],[80.954,15.7276],[80.954,15.7274],[80.9538,15.7274],[80.9538,15.7271],[80.9532,15.7271],[80.9532,15.7268],[80.9526,15.7268],[80.9526,15.7265],[80.9521,15.7265],[80.9521,15.7263],[80.9515,15.7263],[80.9515,15.726],[80.951,15.726],[80.951,15.7257],[80.9506,15.7257],[80.9504,15.7257],[80.9504,15.7254],[80.9499,15.7254],[80.9499,15.7251],[80.9493,15.7251],[80.9493,15.7246],[80.949,15.7246],[80.949,15.7243],[80.9488,15.7243],[80.9488,15.7242],[80.9488,15.7237],[80.9485,15.7238],[80.9485,15.7235],[80.9482,15.7235],[80.9482,15.7232],[80.9479,15.7232],[80.9479,15.7229],[80.9476,15.7229],[80.9476,15.7226],[80.9471,15.7226],[80.9471,15.7224],[80.9465,15.7224],[80.9465,15.7221],[80.9463,15.7221],[80.9463,15.7218],[80.946,15.7218],[80.946,15.7215],[80.9457,15.7215],[80.9457,15.7212],[80.9448,15.7213],[80.9448,15.721],[80.9443,15.721],[80.9443,15.7207],[80.944,15.7207],[80.944,15.7204],[80.9437,15.7204],[80.9437,15.7201],[80.9432,15.7201],[80.9432,15.7199],[80.9429,15.7199],[80.9429,15.7196],[80.9421,15.7196],[80.9421,15.7193],[80.9415,15.7193],[80.9415,15.719],[80.9407,15.719],[80.9407,15.7188],[80.9399,15.7188],[80.9399,15.7185],[80.939,15.7185],[80.939,15.7182],[80.9379,15.7182],[80.9379,15.7185],[80.9374,15.7185],[80.9374,15.7188],[80.9368,15.7188],[80.9368,15.719],[80.9357,15.719],[80.9357,15.7193],[80.9351,15.7193],[80.9351,15.7196],[80.9349,15.7196],[80.9349,15.7199],[80.9346,15.7199],[80.9346,15.7201],[80.9343,15.7201],[80.9343,15.7204],[80.934,15.7204],[80.934,15.7207],[80.9337,15.7207],[80.9337,15.721],[80.9335,15.721],[80.9335,15.7218],[80.9332,15.7218],[80.9332,15.7226],[80.9329,15.7226],[80.9329,15.7238],[80.9326,15.7238],[80.9326,15.724],[80.9318,15.724],[80.9318,15.7238],[80.9304,15.7238],[80.9304,15.7235],[80.9293,15.7235],[80.9293,15.7232],[80.9279,15.7232],[80.9279,15.7229],[80.9265,15.7229],[80.9265,15.7226],[80.9254,15.7226],[80.9254,15.7224],[80.9251,15.7224],[80.9251,15.7221],[80.9243,15.7221],[80.9243,15.7218],[80.9226,15.7218],[80.9226,15.7215],[80.9204,15.7215],[80.9204,15.7212],[80.9193,15.7213],[80.9193,15.721],[80.9185,15.721],[80.9185,15.7207],[80.9176,15.7207],[80.9176,15.7204],[80.9168,15.7204],[80.9168,15.7201],[80.9151,15.7201],[80.9151,15.7199],[80.9135,15.7199],[80.9135,15.7201],[80.9124,15.7201],[80.9124,15.7199],[80.9112,15.7199],[80.9112,15.7196],[80.911,15.7196],[80.911,15.7193],[80.909,15.7193],[80.909,15.719],[80.9079,15.719],[80.9079,15.7188],[80.9068,15.7188],[80.9068,15.7185],[80.9063,15.7185],[80.9057,15.7185],[80.9057,15.7182],[80.901,15.7182],[80.901,15.7179],[80.9007,15.7179],[80.9007,15.7176],[80.9001,15.7176],[80.9001,15.7174],[80.8999,15.7174],[80.8999,15.7171],[80.899,15.7171],[80.899,15.7168],[80.8962,15.7168],[80.8962,15.7165],[80.8954,15.7165],[80.8954,15.7163],[80.8929,15.7163],[80.8929,15.716],[80.8924,15.716],[80.8924,15.7157],[80.8899,15.7157],[80.8899,15.7154],[80.8896,15.7154],[80.8896,15.7151],[80.8887,15.7151],[80.8887,15.7149],[80.8874,15.7149],[80.8874,15.7146],[80.884,15.7146],[80.884,15.7143],[80.8821,15.7143],[80.8821,15.714],[80.8815,15.714],[80.8815,15.7138],[80.881,15.7138],[80.881,15.7135],[80.879,15.7135],[80.879,15.7132],[80.876,15.7132],[80.876,15.7129],[80.8737,15.7129],[80.8737,15.7126],[80.8712,15.7126],[80.8712,15.7124],[80.869,15.7124],[80.869,15.7121],[80.8665,15.7121],[80.8665,15.7118],[80.8621,15.7118],[80.8621,15.7115],[80.8615,15.7115],[80.8615,15.7113],[80.8593,15.7113],[80.8593,15.711],[80.8576,15.711],[80.8576,15.7107],[80.8557,15.7107],[80.8557,15.7104],[80.8526,15.7104],[80.8526,15.7101],[80.8504,15.7101],[80.8504,15.7104],[80.8501,15.7104],[80.8501,15.7107],[80.8499,15.7107],[80.8499,15.711],[80.8493,15.711],[80.8493,15.7113],[80.8485,15.7113],[80.8485,15.711],[80.8482,15.711],[80.8482,15.7101],[80.8479,15.7101],[80.8479,15.7099],[80.8476,15.7099],[80.8476,15.7096],[80.8412,15.7096],[80.8412,15.7093],[80.8393,15.7093],[80.8393,15.709],[80.8379,15.709],[80.8379,15.7093],[80.8368,15.7093],[80.8368,15.7096],[80.8365,15.7096],[80.8365,15.7099],[80.836,15.7099],[80.836,15.7101],[80.8346,15.7101],[80.8346,15.7104],[80.8332,15.7104],[80.8332,15.7107],[80.8318,15.7107],[80.8318,15.711],[80.8307,15.711],[80.8307,15.7113],[80.8293,15.7113],[80.8293,15.7115],[80.8279,15.7115],[80.8279,15.7118],[80.8251,15.7118],[80.8251,15.7121],[80.824,15.7121],[80.824,15.7124],[80.8232,15.7124],[80.8232,15.7126],[80.8226,15.7126],[80.8226,15.7129],[80.8221,15.7129],[80.8221,15.7132],[80.8218,15.7132],[80.8218,15.7135],[80.8215,15.7135],[80.8215,15.714],[80.821,15.714],[80.821,15.7146],[80.8207,15.7146],[80.8207,15.7149],[80.8204,15.7149],[80.8204,15.7151],[80.8201,15.7151],[80.8201,15.7157],[80.8199,15.7157],[80.8199,15.716],[80.8196,15.716],[80.8196,15.7165],[80.8193,15.7165],[80.8193,15.7168],[80.819,15.7168],[80.819,15.7171],[80.8187,15.7171],[80.8187,15.7176],[80.8185,15.7176],[80.8185,15.7179],[80.8182,15.7179],[80.8182,15.7182],[80.8176,15.7182],[80.8176,15.7185],[80.8174,15.7185],[80.8174,15.7188],[80.8171,15.7188],[80.8171,15.719],[80.8165,15.719],[80.8165,15.7193],[80.8163,15.7193],[80.8163,15.7196],[80.816,15.7196],[80.816,15.7201],[80.8157,15.7201],[80.8157,15.7207],[80.8154,15.7207],[80.8154,15.7218],[80.8151,15.7218],[80.8151,15.7229],[80.8149,15.7229],[80.8149,15.7238],[80.8146,15.7238],[80.8146,15.7243],[80.8143,15.7243],[80.8143,15.7249],[80.814,15.7249],[80.814,15.7254],[80.8138,15.7254],[80.8138,15.7257],[80.8135,15.7257],[80.8135,15.7263],[80.8132,15.7263],[80.8132,15.7268],[80.8129,15.7268],[80.8129,15.7274],[80.8127,15.7274],[80.8127,15.7279],[80.8124,15.7279],[80.8124,15.7282],[80.8121,15.7282],[80.8121,15.7285],[80.8118,15.7285],[80.8118,15.7288],[80.8115,15.7288],[80.8115,15.729],[80.8112,15.729],[80.8112,15.7296],[80.811,15.7296],[80.811,15.7299],[80.8107,15.7299],[80.8107,15.7301],[80.8104,15.7301],[80.8104,15.7307],[80.8101,15.7307],[80.8101,15.731],[80.8099,15.731],[80.8099,15.7312],[80.8096,15.7312],[80.8096,15.7315],[80.8093,15.7315],[80.8093,15.7318],[80.809,15.7318],[80.809,15.7321],[80.8087,15.7321],[80.8087,15.7324],[80.8085,15.7324],[80.8085,15.7329],[80.8082,15.7329],[80.8082,15.7332],[80.8079,15.7332],[80.8079,15.7335],[80.8076,15.7335],[80.8076,15.7338],[80.8071,15.7338],[80.8071,15.734],[80.8068,15.734],[80.8068,15.7343],[80.8065,15.7343],[80.8065,15.7346],[80.806,15.7346],[80.806,15.7349],[80.8057,15.7349],[80.8057,15.7351],[80.8054,15.7351],[80.8054,15.7354],[80.8049,15.7354],[80.8049,15.7357],[80.8046,15.7357],[80.8046,15.736],[80.8043,15.736],[80.8043,15.7362],[80.804,15.7362],[80.804,15.7365],[80.8037,15.7365],[80.8037,15.7368],[80.8035,15.7368],[80.8035,15.7371],[80.8032,15.7371],[80.8032,15.7374],[80.8029,15.7374],[80.8029,15.7376],[80.8024,15.7376],[80.8024,15.7379],[80.8021,15.7379],[80.8021,15.7382],[80.8018,15.7382],[80.8018,15.7385],[80.8015,15.7385],[80.8015,15.7388],[80.8012,15.7388],[80.8012,15.739],[80.801,15.739],[80.801,15.7393],[80.8004,15.7393],[80.8004,15.7399],[80.8002,15.7399],[80.8001,15.7399],[80.8001,15.7401],[80.7999,15.7401],[80.7999,15.7404],[80.7996,15.7404],[80.7996,15.741],[80.7993,15.741],[80.7993,15.7413],[80.799,15.7413],[80.799,15.7418],[80.7988,15.7418],[80.7988,15.7421],[80.7985,15.7421],[80.7985,15.7429],[80.7982,15.7429],[80.7982,15.7432],[80.7979,15.7432],[80.7979,15.7435],[80.7976,15.7435],[80.7976,15.744],[80.7974,15.744],[80.7974,15.7443],[80.7971,15.7443],[80.7971,15.7454],[80.7968,15.7454],[80.7968,15.7457],[80.7965,15.7457],[80.7965,15.746],[80.7962,15.746],[80.7962,15.7474],[80.796,15.7474],[80.796,15.749],[80.7957,15.749],[80.7957,15.7501],[80.7954,15.7501],[80.7954,15.751],[80.7951,15.751],[80.7951,15.7518],[80.7949,15.7518],[80.7949,15.7524],[80.7946,15.7524],[80.7946,15.7532],[80.7943,15.7532],[80.7943,15.754],[80.794,15.754],[80.794,15.7549],[80.7937,15.7549],[80.7937,15.7551],[80.7935,15.7551],[80.7935,15.7557],[80.7932,15.7557],[80.7932,15.7563],[80.7929,15.7563],[80.7929,15.7574],[80.7926,15.7574],[80.7926,15.7577],[80.7924,15.7577],[80.7924,15.7579],[80.7921,15.7579],[80.7921,15.7585],[80.7918,15.7585],[80.7918,15.759],[80.7915,15.759],[80.7915,15.7593],[80.7913,15.7593],[80.7913,15.7596],[80.791,15.7596],[80.791,15.7604],[80.7907,15.7604],[80.7907,15.761],[80.7904,15.761],[80.7904,15.7612],[80.7901,15.7612],[80.7901,15.7618],[80.7899,15.7618],[80.7899,15.7621],[80.7896,15.7621],[80.7896,15.7626],[80.7893,15.7626],[80.7893,15.7629],[80.789,15.7629],[80.789,15.7632],[80.7887,15.7632],[80.7887,15.7638],[80.7885,15.7638],[80.7885,15.7643],[80.7882,15.7643],[80.7882,15.7649],[80.7879,15.7649],[80.7879,15.7651],[80.7876,15.7651],[80.7876,15.7654],[80.7874,15.7654],[80.7874,15.7657],[80.7871,15.7657],[80.7871,15.7665],[80.7868,15.7665],[80.7868,15.7668],[80.7865,15.7668],[80.7865,15.7674],[80.7862,15.7674],[80.7862,15.7676],[80.786,15.7676],[80.786,15.7685],[80.7857,15.7685],[80.7857,15.7693],[80.7854,15.7693],[80.7854,15.7701],[80.7851,15.7701],[80.7851,15.7715],[80.7849,15.7715],[80.7849,15.7718],[80.7846,15.7718],[80.7846,15.7724],[80.7843,15.7724],[80.7843,15.7726],[80.784,15.7726],[80.784,15.7738],[80.7838,15.7738],[80.7838,15.774],[80.7835,15.774],[80.7835,15.7743],[80.7832,15.7743],[80.7832,15.7746],[80.7829,15.7746],[80.7829,15.7751],[80.7826,15.7751],[80.7826,15.7765],[80.7824,15.7765],[80.7824,15.7771],[80.7821,15.7771],[80.7821,15.7776],[80.7818,15.7776],[80.7818,15.7779],[80.7815,15.7779],[80.7815,15.7782],[80.7813,15.7782],[80.7813,15.7785],[80.781,15.7785],[80.781,15.7804],[80.7807,15.7804],[80.7807,15.7826],[80.7804,15.7826],[80.7804,15.7854],[80.7807,15.7854],[80.7807,15.7893],[80.781,15.7893],[80.781,15.7896],[80.7813,15.7896],[80.7813,15.7907],[80.7815,15.7907],[80.7815,15.7913],[80.7818,15.7913],[80.7818,15.7918],[80.7821,15.7918],[80.7821,15.7921],[80.7826,15.7921],[80.7826,15.7918],[80.7829,15.7918],[80.7829,15.7915],[80.7832,15.7915],[80.7832,15.7904],[80.7829,15.7904],[80.7829,15.7901],[80.7826,15.7901],[80.7826,15.7899],[80.7823,15.7899],[80.7823,15.7893],[80.7826,15.7893],[80.7826,15.7887],[80.7835,15.7887],[80.7835,15.7885],[80.7838,15.7885],[80.7838,15.7879],[80.784,15.7879],[80.784,15.7874],[80.7843,15.7874],[80.7843,15.7868],[80.7846,15.7868],[80.7846,15.7865],[80.7849,15.7865],[80.7849,15.7863],[80.7854,15.7863],[80.7854,15.7857],[80.7857,15.7857],[80.7857,15.7851],[80.7868,15.7851],[80.7868,15.7854],[80.7871,15.7854],[80.7871,15.7857],[80.7876,15.7857],[80.7876,15.7854],[80.7882,15.7854],[80.7882,15.7843],[80.7885,15.7843],[80.7885,15.7824],[80.7882,15.7824],[80.7882,15.7821],[80.7879,15.7821],[80.7879,15.7818],[80.7876,15.7818],[80.7876,15.7815],[80.7874,15.7815],[80.7874,15.7799],[80.7876,15.7799],[80.7876,15.7796],[80.7879,15.7796],[80.7879,15.7788],[80.7882,15.7788],[80.7882,15.7774],[80.7885,15.7774],[80.7885,15.7765],[80.7887,15.7765],[80.7887,15.7751],[80.789,15.7751],[80.789,15.774],[80.7887,15.774],[80.7887,15.7726],[80.789,15.7726],[80.789,15.7724],[80.7893,15.7724],[80.7893,15.7721],[80.7896,15.7721],[80.7896,15.7718],[80.7899,15.7718],[80.7899,15.7715],[80.7901,15.7715],[80.7901,15.7713],[80.7935,15.7713],[80.7935,15.771],[80.7937,15.771],[80.7937,15.7693],[80.7935,15.7693],[80.7935,15.769],[80.7929,15.769],[80.7929,15.7685],[80.7926,15.7685],[80.7926,15.7676],[80.7924,15.7676],[80.7924,15.7657],[80.7921,15.7657],[80.7921,15.7629],[80.7918,15.7629],[80.7918,15.7612],[80.7921,15.7612],[80.7921,15.7607],[80.7924,15.7607],[80.7924,15.7601],[80.7926,15.7601],[80.7926,15.7599],[80.7932,15.7599],[80.7932,15.7596],[80.7937,15.7596],[80.7937,15.7593],[80.794,15.7593],[80.794,15.759],[80.7946,15.759],[80.7946,15.7587],[80.7949,15.7587],[80.7949,15.7582],[80.7951,15.7582],[80.7951,15.7579],[80.7954,15.7579],[80.7954,15.7574],[80.7957,15.7574],[80.7957,15.7571],[80.796,15.7571],[80.796,15.7568],[80.7962,15.7568],[80.7962,15.7563],[80.7965,15.7563],[80.7965,15.756],[80.7968,15.756],[80.7968,15.7551],[80.7971,15.7551],[80.7971,15.754],[80.7974,15.754],[80.7974,15.7532],[80.7976,15.7532],[80.7976,15.7529],[80.7979,15.7529],[80.7979,15.7521],[80.7982,15.7521],[80.7982,15.7515],[80.7985,15.7515],[80.7985,15.7504],[80.7988,15.7504],[80.7988,15.7501],[80.7993,15.7501],[80.7993,15.7499],[80.8001,15.7499],[80.8001,15.7496],[80.8004,15.7496],[80.8004,15.7493],[80.8007,15.7493],[80.8007,15.7485],[80.801,15.7485],[80.801,15.7482],[80.8012,15.7482],[80.8012,15.7476],[80.8015,15.7476],[80.8015,15.7468],[80.8018,15.7468],[80.8018,15.7463],[80.8021,15.7463],[80.8021,15.746],[80.8024,15.746],[80.8024,15.7449],[80.8026,15.7449],[80.8026,15.7446],[80.8029,15.7446],[80.8029,15.744],[80.8032,15.744],[80.8032,15.7438],[80.8037,15.7438],[80.8037,15.7435],[80.804,15.7435],[80.804,15.7432],[80.8043,15.7432],[80.8043,15.7429],[80.8046,15.7429],[80.8046,15.7427],[80.8051,15.7427],[80.8051,15.7424],[80.8054,15.7424],[80.8054,15.7421],[80.8057,15.7421],[80.8057,15.7418],[80.806,15.7418],[80.806,15.7415],[80.8065,15.7415],[80.8065,15.7413],[80.8071,15.7413],[80.8071,15.741],[80.8075,15.741],[80.8079,15.741],[80.8079,15.7407],[80.8085,15.7407],[80.8085,15.7404],[80.8104,15.7404],[80.8104,15.7401],[80.811,15.7401],[80.811,15.7399],[80.8124,15.7399],[80.8124,15.7396],[80.8135,15.7396],[80.8135,15.7399],[80.8138,15.7399],[80.8138,15.7401],[80.814,15.7401],[80.814,15.7404],[80.8143,15.7404],[80.8143,15.741],[80.8146,15.741],[80.8146,15.7415],[80.8149,15.7415],[80.8149,15.7418],[80.8151,15.7418],[80.8151,15.7427],[80.8149,15.7426],[80.8149,15.7432],[80.8146,15.7432],[80.8146,15.7435],[80.8143,15.7435],[80.8143,15.7438],[80.814,15.7438],[80.814,15.7449],[80.8138,15.7449],[80.8138,15.7457],[80.8135,15.7457],[80.8135,15.7468],[80.8132,15.7468],[80.8132,15.7476],[80.8129,15.7476],[80.8129,15.7488],[80.8127,15.7488],[80.8127,15.7499],[80.8124,15.7499],[80.8124,15.7549],[80.8121,15.7549],[80.8121,15.7551],[80.8118,15.7551],[80.8118,15.7604],[80.8115,15.7604],[80.8115,15.7607],[80.8112,15.7607],[80.8112,15.7618],[80.811,15.7618],[80.811,15.7638],[80.8107,15.7638],[80.8107,15.7646],[80.8104,15.7646],[80.8104,15.7651],[80.8101,15.7651],[80.8101,15.7657],[80.8099,15.7657],[80.8099,15.766],[80.8093,15.766],[80.8093,15.7665],[80.809,15.7665],[80.809,15.7668],[80.8087,15.7668],[80.8087,15.7679],[80.8085,15.7679],[80.8085,15.7682],[80.8082,15.7682],[80.8082,15.7693],[80.8079,15.7693],[80.8079,15.7699],[80.8076,15.7699],[80.8076,15.7701],[80.8074,15.7701],[80.8074,15.7704],[80.8071,15.7704],[80.8071,15.771],[80.8068,15.771],[80.8068,15.7713],[80.8065,15.7713],[80.8065,15.7715],[80.8063,15.7715],[80.8063,15.7721],[80.806,15.7721],[80.806,15.7735],[80.8057,15.7735],[80.8057,15.7738],[80.8054,15.7738],[80.8054,15.7765],[80.8051,15.7765],[80.8051,15.7776],[80.8049,15.7776],[80.8049,15.7779],[80.8046,15.7779],[80.8046,15.7788],[80.8043,15.7788],[80.8043,15.7793],[80.804,15.7793],[80.804,15.7801],[80.8037,15.7801],[80.8037,15.7849],[80.8035,15.7849],[80.8035,15.7854],[80.8032,15.7854],[80.8032,15.786],[80.803,15.786],[80.8029,15.786],[80.8029,15.7863],[80.8026,15.7863],[80.8026,15.7868],[80.8024,15.7868],[80.8024,15.7876],[80.8021,15.7876],[80.8021,15.7887],[80.8018,15.7887],[80.8018,15.789],[80.8015,15.789],[80.8015,15.7896],[80.8012,15.7896],[80.8012,15.7904],[80.801,15.7904],[80.801,15.791],[80.8007,15.791],[80.8007,15.7913],[80.8004,15.7913],[80.8004,15.7921],[80.8001,15.7921],[80.8001,15.7926],[80.7999,15.7926],[80.7999,15.7935],[80.7996,15.7935],[80.7996,15.7938],[80.7993,15.7938],[80.7993,15.7949],[80.799,15.7949],[80.799,15.7951],[80.7988,15.7951],[80.7988,15.7957],[80.7985,15.7957],[80.7985,15.7963],[80.7982,15.7963],[80.7982,15.7965],[80.7979,15.7965],[80.7979,15.7974],[80.7976,15.7974],[80.7976,15.7985],[80.7974,15.7985],[80.7974,15.7996],[80.7971,15.7996],[80.7971,15.8001],[80.7968,15.8001],[80.7968,15.801],[80.7965,15.801],[80.7965,15.8021],[80.7962,15.8021],[80.7962,15.8024],[80.796,15.8024],[80.796,15.8046],[80.7957,15.8046],[80.7957,15.806],[80.7954,15.806],[80.7954,15.8071],[80.7951,15.8071],[80.7951,15.8076],[80.7949,15.8076],[80.7949,15.8079],[80.7946,15.8079],[80.7946,15.8082],[80.7943,15.8082],[80.7943,15.8085],[80.794,15.8085],[80.794,15.8104],[80.7937,15.8104],[80.7937,15.8121],[80.7935,15.8121],[80.7935,15.8146],[80.7932,15.8146],[80.7932,15.8162],[80.7935,15.8162],[80.7935,15.8165],[80.7951,15.8165],[80.7951,15.8168],[80.796,15.8168],[80.796,15.8171],[80.7985,15.8171],[80.7985,15.8168],[80.8001,15.8168],[80.8001,15.8165],[80.801,15.8165],[80.801,15.8162],[80.8014,15.8162],[80.8029,15.8162],[80.8029,15.816],[80.8037,15.816],[80.8037,15.8162],[80.8043,15.8162],[80.8043,15.8165],[80.8051,15.8165],[80.8051,15.8162],[80.8054,15.8162],[80.8054,15.816],[80.806,15.816],[80.806,15.8162],[80.8063,15.8162],[80.8063,15.8165],[80.8071,15.8165],[80.8071,15.8162],[80.8079,15.8162],[80.8079,15.816],[80.809,15.816],[80.809,15.8157],[80.8107,15.8157],[80.8107,15.816],[80.811,15.816],[80.811,15.8171],[80.8107,15.8171],[80.8107,15.8176],[80.8104,15.8176],[80.8104,15.8199],[80.8101,15.8199],[80.8101,15.8218],[80.8104,15.8218],[80.8104,15.8224],[80.8107,15.8224],[80.8107,15.8232],[80.811,15.8232],[80.811,15.8251],[80.8112,15.8251],[80.8112,15.8263],[80.8115,15.8263],[80.8115,15.8271],[80.8118,15.8271],[80.8118,15.8293],[80.8121,15.8293],[80.8121,15.8315],[80.8118,15.8315],[80.8118,15.8329],[80.8115,15.8329],[80.8115,15.8332],[80.8112,15.8332],[80.8112,15.8338],[80.811,15.8338],[80.811,15.834],[80.8107,15.834],[80.8107,15.8346],[80.8104,15.8346],[80.8104,15.8349],[80.8101,15.8349],[80.8101,15.8354],[80.8099,15.8354],[80.8099,15.836],[80.8096,15.836],[80.8096,15.8371],[80.8093,15.8371],[80.8093,15.8374],[80.809,15.8374],[80.809,15.8376],[80.8087,15.8376],[80.8087,15.8379],[80.8085,15.8379],[80.8085,15.8382],[80.8082,15.8382],[80.8082,15.8385],[80.8079,15.8385],[80.8079,15.8388],[80.8076,15.8388],[80.8076,15.8393],[80.8074,15.8393],[80.8074,15.8396],[80.8071,15.8396],[80.8071,15.8399],[80.8068,15.8399],[80.8068,15.8404],[80.8065,15.8404],[80.8065,15.8407],[80.8063,15.8407],[80.8063,15.8415],[80.806,15.8415],[80.806,15.8418],[80.8057,15.8418],[80.8057,15.8421],[80.8054,15.8421],[80.8054,15.8426],[80.8051,15.8426],[80.8051,15.8429],[80.8049,15.8429],[80.8049,15.8432],[80.8046,15.8432],[80.8046,15.8435],[80.8043,15.8435],[80.8043,15.8438],[80.804,15.8438],[80.804,15.844],[80.8037,15.844],[80.8037,15.8446],[80.8035,15.8446],[80.8035,15.8449],[80.8032,15.8449],[80.8032,15.8451],[80.8029,15.8451],[80.8029,15.8454],[80.8024,15.8454],[80.8024,15.8457],[80.8021,15.8457],[80.8021,15.846],[80.8018,15.846],[80.8018,15.8462],[80.8015,15.8462],[80.8015,15.8465],[80.801,15.8465],[80.801,15.8468],[80.8007,15.8468],[80.8007,15.8471],[80.8004,15.8471],[80.8004,15.8474],[80.8001,15.8474],[80.8001,15.8476],[80.7999,15.8476],[80.7999,15.8479],[80.7996,15.8479],[80.7996,15.8482],[80.7993,15.8482],[80.7993,15.8485],[80.799,15.8485],[80.799,15.8488],[80.7988,15.8488],[80.7988,15.849],[80.7985,15.849],[80.7985,15.8493],[80.7982,15.8493],[80.7982,15.8496],[80.7979,15.8496],[80.7979,15.8499],[80.7976,15.8499],[80.7976,15.8501],[80.7974,15.8501],[80.7974,15.8504],[80.7968,15.8504],[80.7968,15.8507],[80.7962,15.8507],[80.7962,15.851],[80.796,15.851],[80.796,15.8515],[80.7957,15.8515],[80.7957,15.8518],[80.7951,15.8518],[80.7951,15.8521],[80.7949,15.8521],[80.7949,15.8524],[80.7943,15.8524],[80.7943,15.8526],[80.794,15.8526],[80.794,15.8529],[80.7937,15.8529],[80.7937,15.8532],[80.7932,15.8532],[80.7932,15.8535],[80.7929,15.8535],[80.7929,15.8538],[80.7926,15.8538],[80.7926,15.854],[80.7924,15.854],[80.7924,15.8546],[80.7921,15.8546],[80.7921,15.8549],[80.7918,15.8549],[80.7918,15.8551],[80.7915,15.8551],[80.7915,15.8554],[80.7913,15.8554],[80.7913,15.8557],[80.791,15.8557],[80.791,15.8563],[80.7907,15.8563],[80.7907,15.8565],[80.7904,15.8565],[80.7904,15.8568],[80.7899,15.8568],[80.7899,15.8571],[80.7896,15.8571],[80.7896,15.8574],[80.7893,15.8574],[80.7893,15.8576],[80.789,15.8576],[80.789,15.8579],[80.7885,15.8579],[80.7885,15.8582],[80.7882,15.8582],[80.7882,15.8585],[80.7876,15.8585],[80.7876,15.8588],[80.7874,15.8588],[80.7874,15.859],[80.7868,15.859],[80.7868,15.8593],[80.7865,15.8593],[80.7865,15.8596],[80.7862,15.8596],[80.7862,15.8599],[80.786,15.8598],[80.786,15.8601],[80.7851,15.8601],[80.7851,15.8598],[80.7843,15.8599],[80.7843,15.8596],[80.784,15.8596],[80.784,15.859],[80.7838,15.859],[80.7838,15.8588],[80.7835,15.8588],[80.7835,15.8585],[80.7823,15.8585],[80.7823,15.8588],[80.7818,15.8588],[80.7818,15.859],[80.7815,15.859],[80.7815,15.8593],[80.781,15.8593],[80.781,15.8599],[80.7807,15.8598],[80.7807,15.8601],[80.7804,15.8601],[80.7804,15.8604],[80.7799,15.8604],[80.7799,15.8607],[80.7796,15.8607],[80.7796,15.861],[80.7793,15.861],[80.7793,15.8613],[80.779,15.8613],[80.779,15.8615],[80.7787,15.8615],[80.7787,15.8621],[80.7785,15.8621],[80.7785,15.8624],[80.7779,15.8624],[80.7779,15.8629],[80.7776,15.8629],[80.7776,15.8632],[80.7774,15.8632],[80.7774,15.8635],[80.7768,15.8635],[80.7768,15.8638],[80.7765,15.8638],[80.7765,15.864],[80.7763,15.864],[80.7763,15.8643],[80.776,15.8643],[80.776,15.8646],[80.7754,15.8646],[80.7754,15.8649],[80.7749,15.8649],[80.7749,15.8651],[80.7746,15.8651],[80.7746,15.8654],[80.7743,15.8654],[80.7743,15.866],[80.774,15.866],[80.774,15.8663],[80.7721,15.8663],[80.7721,15.8654],[80.7718,15.8654],[80.7718,15.8651],[80.7715,15.8651],[80.7715,15.8646],[80.7712,15.8646],[80.7712,15.864],[80.7707,15.864],[80.7707,15.8638],[80.7701,15.8638],[80.7701,15.8635],[80.7693,15.8635],[80.7693,15.8632],[80.7688,15.8632],[80.7688,15.8635],[80.7685,15.8635],[80.7685,15.8638],[80.7679,15.8638],[80.7679,15.864],[80.7676,15.864],[80.7676,15.8643],[80.7671,15.8643],[80.7671,15.8646],[80.7668,15.8646],[80.7668,15.8649],[80.7665,15.8649],[80.7665,15.8651],[80.7663,15.8651],[80.7663,15.8654],[80.7649,15.8654],[80.7649,15.8657],[80.7635,15.8657],[80.7635,15.866],[80.7629,15.866],[80.7629,15.8663],[80.7624,15.8663],[80.7624,15.8665],[80.7618,15.8665],[80.7618,15.8668],[80.7607,15.8668],[80.7607,15.8671],[80.7599,15.8671],[80.7599,15.8674],[80.759,15.8674],[80.759,15.8676],[80.7585,15.8676],[80.7585,15.8679],[80.7579,15.8679],[80.7579,15.8682],[80.7571,15.8682],[80.7571,15.8685],[80.7565,15.8685],[80.7565,15.8687],[80.756,15.8687],[80.756,15.869],[80.7557,15.869],[80.7557,15.8693],[80.7546,15.8693],[80.7546,15.8696],[80.754,15.8696],[80.754,15.8699],[80.7535,15.8699],[80.7535,15.8701],[80.7529,15.8701],[80.7529,15.8704],[80.7518,15.8704],[80.7518,15.8707],[80.751,15.8707],[80.751,15.871],[80.7496,15.871],[80.7496,15.8713],[80.749,15.8713],[80.749,15.8715],[80.7485,15.8715],[80.7485,15.8718],[80.7476,15.8718],[80.7476,15.8721],[80.7471,15.8721],[80.7471,15.8724],[80.7446,15.8724],[80.7446,15.8726],[80.7435,15.8726],[80.7435,15.8729],[80.7429,15.8729],[80.7429,15.8732],[80.741,15.8732],[80.741,15.8735],[80.7401,15.8735],[80.7401,15.8737],[80.7393,15.8737],[80.7393,15.874],[80.7387,15.874],[80.7387,15.8743],[80.7379,15.8743],[80.7379,15.8746],[80.7368,15.8746],[80.7368,15.8749],[80.7351,15.8749],[80.7351,15.8751],[80.7349,15.8751],[80.7349,15.8754],[80.7337,15.8754],[80.7337,15.8757],[80.7315,15.8757],[80.7315,15.876],[80.7293,15.876],[80.7293,15.8763],[80.7288,15.8763],[80.7288,15.8765],[80.7262,15.8765],[80.7262,15.8768],[80.7246,15.8768],[80.7246,15.8771],[80.724,15.8771],[80.724,15.8774],[80.7229,15.8774],[80.7229,15.8776],[80.7215,15.8776],[80.7215,15.8779],[80.7204,15.8779],[80.7204,15.8782],[80.7196,15.8782],[80.7196,15.8785],[80.7171,15.8785],[80.7171,15.8788],[80.7146,15.8788],[80.7146,15.879],[80.7138,15.879],[80.7138,15.8793],[80.7129,15.8793],[80.7129,15.8796],[80.7124,15.8796],[80.7124,15.8799],[80.7118,15.8799],[80.7118,15.8801],[80.7076,15.8801],[80.7076,15.8804],[80.7065,15.8804],[80.7065,15.8807],[80.7035,15.8807],[80.7035,15.881],[80.7004,15.881],[80.7004,15.8813],[80.699,15.8813],[80.699,15.8815],[80.6924,15.8815],[80.6924,15.8813],[80.6899,15.8813],[80.6899,15.8815],[80.6885,15.8815],[80.6885,15.8818],[80.6882,15.8818],[80.6882,15.8821],[80.6879,15.8821],[80.6879,15.8824],[80.6876,15.8824],[80.6876,15.8826],[80.6868,15.8826],[80.6868,15.8824],[80.6865,15.8824],[80.6865,15.8821],[80.686,15.8821],[80.686,15.8818],[80.6857,15.8818],[80.6857,15.8815],[80.6837,15.8815],[80.6837,15.8813],[80.6813,15.8813],[80.6813,15.881],[80.6796,15.881],[80.6796,15.8807],[80.6782,15.8807],[80.6782,15.8804],[80.6757,15.8804],[80.6757,15.8801],[80.669,15.8801],[80.669,15.8799],[80.6682,15.8799],[80.6682,15.8796],[80.6624,15.8796],[80.6624,15.8793],[80.6585,15.8793],[80.6585,15.879],[80.6565,15.879],[80.6565,15.8788],[80.6546,15.8788],[80.6546,15.8785],[80.6526,15.8785],[80.6526,15.8782],[80.6493,15.8782],[80.6493,15.8779],[80.6471,15.8779],[80.6471,15.8776],[80.644,15.8776],[80.644,15.8774],[80.6435,15.8774],[80.6435,15.8771],[80.6432,15.8771],[80.6432,15.8768],[80.6413,15.8768],[80.6413,15.8765],[80.6401,15.8765],[80.6401,15.8763],[80.639,15.8763],[80.639,15.876],[80.6387,15.876],[80.6387,15.8757],[80.6385,15.8757],[80.6385,15.8754],[80.6363,15.8754],[80.6363,15.8751],[80.6354,15.8751],[80.6354,15.8749],[80.6332,15.8749],[80.6332,15.8746],[80.6321,15.8746],[80.6321,15.8743],[80.6285,15.8743],[80.6285,15.874],[80.6265,15.874],[80.6265,15.8737],[80.6249,15.8737],[80.6249,15.8735],[80.6235,15.8735],[80.6235,15.8732],[80.6204,15.8732],[80.6204,15.8729],[80.6185,15.8729],[80.6185,15.8726],[80.6168,15.8726],[80.6168,15.8724],[80.616,15.8724],[80.616,15.8721],[80.6135,15.8721],[80.6135,15.8718],[80.6126,15.8718],[80.6126,15.8715],[80.6101,15.8715],[80.6101,15.8713],[80.6093,15.8713],[80.6093,15.871],[80.6085,15.871],[80.6085,15.8707],[80.6071,15.8707],[80.6071,15.8704],[80.6062,15.8704],[80.6062,15.8701],[80.6054,15.8701],[80.6054,15.8699],[80.6032,15.8699],[80.6032,15.8696],[80.6012,15.8696],[80.6012,15.8693],[80.5996,15.8693],[80.5996,15.869],[80.5987,15.869],[80.5987,15.8687],[80.5976,15.8687],[80.5976,15.8685],[80.596,15.8685],[80.596,15.8682],[80.5949,15.8682],[80.5949,15.8679],[80.5946,15.8679],[80.5946,15.8676],[80.5924,15.8676],[80.5924,15.8674],[80.5912,15.8674],[80.5912,15.8671],[80.5904,15.8671],[80.5904,15.8668],[80.5893,15.8668],[80.5893,15.8665],[80.5888,15.8665],[80.5888,15.8663],[80.5879,15.8663],[80.5879,15.866],[80.5876,15.866],[80.5876,15.8657],[80.5857,15.8657],[80.5857,15.8654],[80.5849,15.8654],[80.5846,15.8654],[80.5846,15.8651],[80.584,15.8651],[80.584,15.8649],[80.5826,15.8649],[80.5826,15.8646],[80.5815,15.8646],[80.5815,15.8643],[80.581,15.8643],[80.581,15.864],[80.5807,15.864],[80.5807,15.8638],[80.5785,15.8638],[80.5785,15.8635],[80.5776,15.8635],[80.5776,15.8632],[80.5765,15.8632],[80.5765,15.8629],[80.576,15.8629],[80.576,15.8626],[80.574,15.8626],[80.574,15.8624],[80.5732,15.8624],[80.5732,15.8621],[80.5724,15.8621],[80.5724,15.8618],[80.5715,15.8618],[80.5715,15.8615],[80.5699,15.8615],[80.5699,15.8613],[80.5696,15.8613],[80.5696,15.861],[80.569,15.861],[80.569,15.8607],[80.5668,15.8607],[80.5668,15.8604],[80.5662,15.8604],[80.5662,15.8601],[80.5657,15.8601],[80.5657,15.8598],[80.5643,15.8599],[80.5643,15.8596],[80.5638,15.8596],[80.5638,15.8593],[80.5629,15.8593],[80.5629,15.859],[80.5618,15.859],[80.5618,15.8588],[80.561,15.8588],[80.561,15.8585],[80.5601,15.8585],[80.5601,15.8582],[80.5599,15.8582],[80.5599,15.8579],[80.5585,15.8579],[80.5585,15.8576],[80.5579,15.8576],[80.5579,15.8574],[80.5574,15.8574],[80.5574,15.8571],[80.5563,15.8571],[80.5563,15.8568],[80.5557,15.8568],[80.5557,15.8565],[80.5546,15.8565],[80.5546,15.8563],[80.5543,15.8563],[80.5543,15.856],[80.554,15.856],[80.554,15.8557],[80.5535,15.8557],[80.5535,15.8554],[80.5521,15.8554],[80.5521,15.8551],[80.5507,15.8551],[80.5507,15.8549],[80.5496,15.8549],[80.5496,15.8546],[80.549,15.8546],[80.549,15.8543],[80.5488,15.8543],[80.5488,15.854],[80.5482,15.854],[80.5482,15.8538],[80.5479,15.8538],[80.5479,15.8535],[80.5476,15.8535],[80.5476,15.8532],[80.5462,15.8532],[80.5462,15.8529],[80.5457,15.8529],[80.5457,15.8526],[80.5451,15.8526],[80.5451,15.8524],[80.5429,15.8524],[80.5429,15.8521],[80.5415,15.8521],[80.5415,15.8524],[80.541,15.8524],[80.541,15.8525],[80.541,15.8526],[80.5407,15.8526],[80.5407,15.8529],[80.5404,15.8529],[80.5404,15.8532],[80.5399,15.8532],[80.5399,15.8535],[80.5396,15.8535],[80.5396,15.854],[80.5393,15.854],[80.5393,15.8543],[80.5387,15.8543],[80.5387,15.8546],[80.5385,15.8546],[80.5385,15.8549],[80.5374,15.8549],[80.5374,15.8546],[80.5365,15.8546],[80.5365,15.8543],[80.536,15.8543],[80.536,15.854],[80.5357,15.854],[80.5357,15.8538],[80.5351,15.8538],[80.5351,15.8535],[80.5346,15.8535],[80.5346,15.8532],[80.5343,15.8532],[80.5343,15.8529],[80.534,15.8529],[80.534,15.8526],[80.5338,15.8526],[80.5338,15.8524],[80.5335,15.8524],[80.5335,15.8521],[80.5332,15.8521],[80.5332,15.8518],[80.5329,15.8518],[80.5329,15.8515],[80.5326,15.8515],[80.5326,15.8513],[80.531,15.8513],[80.531,15.8515],[80.5307,15.8515],[80.5307,15.8518],[80.5304,15.8518],[80.5304,15.8521],[80.5299,15.8521],[80.5299,15.8518],[80.5296,15.8518],[80.5296,15.8513],[80.5299,15.8513],[80.5299,15.851],[80.5301,15.851],[80.5301,15.8507],[80.5304,15.8507],[80.5304,15.8504],[80.531,15.8504],[80.531,15.8501],[80.5313,15.8501],[80.5313,15.8499],[80.5315,15.8499],[80.5315,15.8496],[80.5318,15.8496],[80.5318,15.8493],[80.5324,15.8493],[80.5324,15.849],[80.5328,15.849],[80.5335,15.849],[80.5335,15.8488],[80.5332,15.8488],[80.5332,15.8485],[80.5326,15.8485],[80.5326,15.8482],[80.5324,15.8482],[80.5324,15.8479],[80.5321,15.8479],[80.5321,15.8476],[80.5313,15.8476],[80.5313,15.8474],[80.53,15.8474],[80.5293,15.8474],[80.5293,15.8471],[80.529,15.8471],[80.529,15.8468],[80.5287,15.8468],[80.5287,15.8465],[80.5282,15.8465],[80.5282,15.8462],[80.5271,15.8462],[80.5271,15.846],[80.5249,15.846],[80.5249,15.8457],[80.5246,15.8457],[80.5246,15.8454],[80.524,15.8454],[80.524,15.8451],[80.5238,15.8451],[80.5238,15.8449],[80.5229,15.8449],[80.5229,15.8446],[80.5218,15.8446],[80.5218,15.8443],[80.521,15.8443],[80.521,15.844],[80.5204,15.844],[80.5204,15.8438],[80.5199,15.8438],[80.5199,15.8435],[80.5196,15.8435],[80.5196,15.8432],[80.5188,15.8432],[80.5188,15.8429],[80.5176,15.8429],[80.5176,15.8426],[80.5174,15.8426],[80.5174,15.8424],[80.5165,15.8424],[80.5165,15.8421],[80.516,15.8421],[80.516,15.8418],[80.5149,15.8418],[80.5149,15.8415],[80.514,15.8415],[80.514,15.8413],[80.5126,15.8413],[80.5126,15.841],[80.5121,15.841],[80.5121,15.8407],[80.5116,15.8407],[80.511,15.8407],[80.511,15.8404],[80.5107,15.8404],[80.5107,15.8401],[80.5088,15.8401],[80.5088,15.8399],[80.5079,15.8399],[80.5079,15.8396],[80.5074,15.8396],[80.5074,15.8393],[80.5068,15.8393],[80.5068,15.839],[80.5065,15.839],[80.5065,15.8388],[80.5062,15.8388],[80.5062,15.8385],[80.5057,15.8385],[80.5057,15.8382],[80.5046,15.8382],[80.5046,15.8379],[80.5037,15.8379],[80.5037,15.8376],[80.5024,15.8376],[80.5024,15.8374],[80.5013,15.8374],[80.5013,15.8371],[80.5007,15.8371],[80.5007,15.8368],[80.5004,15.8368],[80.5004,15.8365],[80.5001,15.8365],[80.5001,15.8363],[80.499,15.8363],[80.499,15.836],[80.4985,15.836],[80.4985,15.8357],[80.4979,15.8357],[80.4979,15.8354],[80.4976,15.8354],[80.4976,15.8351],[80.4968,15.8351],[80.4968,15.8349],[80.496,15.8349],[80.496,15.8346],[80.4954,15.8346],[80.4954,15.8343],[80.4943,15.8343],[80.4943,15.834],[80.4938,15.834],[80.4938,15.8338],[80.4935,15.8338],[80.4935,15.8335],[80.4929,15.8335],[80.4929,15.8332],[80.4924,15.8332],[80.4924,15.8329],[80.4912,15.8329],[80.4912,15.8326],[80.4907,15.8326],[80.4907,15.8324],[80.4896,15.8324],[80.4896,15.8321],[80.4893,15.8321],[80.4893,15.8318],[80.4887,15.8318],[80.4887,15.8315],[80.4876,15.8315],[80.4876,15.8312],[80.4871,15.8312],[80.4871,15.831],[80.4868,15.831],[80.4868,15.8307],[80.486,15.8307],[80.486,15.8304],[80.4857,15.8304],[80.4857,15.8301],[80.4849,15.8301],[80.4849,15.8299],[80.484,15.8299],[80.484,15.8296],[80.4835,15.8296],[80.4835,15.8293],[80.4832,15.8293],[80.4832,15.829],[80.4824,15.829],[80.4824,15.8288],[80.4818,15.8288],[80.4818,15.8285],[80.481,15.8285],[80.481,15.8282],[80.4801,15.8282],[80.4801,15.8279],[80.4793,15.8279],[80.4793,15.8276],[80.479,15.8276],[80.479,15.8274],[80.4788,15.8274],[80.4788,15.8271],[80.4785,15.8271],[80.4785,15.8263],[80.4782,15.8263],[80.4782,15.826],[80.4776,15.826],[80.4776,15.8263],[80.4771,15.8263],[80.4771,15.8265],[80.476,15.8265],[80.476,15.8263],[80.4749,15.8263],[80.4749,15.826],[80.4743,15.826],[80.4743,15.8257],[80.474,15.8257],[80.474,15.8254],[80.4726,15.8254],[80.4726,15.8251],[80.4718,15.8251],[80.4718,15.8249],[80.4713,15.8249],[80.4713,15.8246],[80.471,15.8246],[80.471,15.8243],[80.4707,15.8243],[80.4707,15.824],[80.4704,15.824],[80.4704,15.8237],[80.4701,15.8237],[80.4701,15.8235],[80.4699,15.8235],[80.4699,15.8232],[80.4685,15.8232],[80.4685,15.8229],[80.4679,15.8229],[80.4679,15.8226],[80.4676,15.8226],[80.4676,15.8224],[80.4671,15.8224],[80.4671,15.8221],[80.4668,15.8221],[80.4668,15.8218],[80.466,15.8218],[80.466,15.8215],[80.4651,15.8215],[80.4651,15.8213],[80.464,15.8213],[80.464,15.821],[80.4638,15.821],[80.4638,15.8207],[80.4635,15.8207],[80.4635,15.8204],[80.4632,15.8204],[80.4632,15.8201],[80.4626,15.8201],[80.4626,15.8199],[80.4621,15.8199],[80.4621,15.8196],[80.4618,15.8196],[80.4618,15.8193],[80.4604,15.8193],[80.4604,15.819],[80.4601,15.819],[80.4601,15.8188],[80.4599,15.8188],[80.4599,15.8185],[80.4593,15.8185],[80.4593,15.8182],[80.4585,15.8182],[80.4585,15.8179],[80.4576,15.8179],[80.4576,15.8176],[80.4568,15.8176],[80.4568,15.8174],[80.4563,15.8174],[80.4563,15.8171],[80.4557,15.8171],[80.4557,15.8168],[80.4554,15.8168],[80.4554,15.8165],[80.4549,15.8165],[80.4549,15.8162],[80.4532,15.8162],[80.4532,15.816],[80.4529,15.816],[80.4529,15.8157],[80.4526,15.8157],[80.4526,15.8154],[80.4515,15.8154],[80.4515,15.8151],[80.451,15.8151],[80.451,15.8149],[80.4504,15.8149],[80.4504,15.8146],[80.4501,15.8146],[80.4501,15.8143],[80.4496,15.8143],[80.4496,15.814],[80.4493,15.814],[80.4493,15.8138],[80.449,15.8138],[80.449,15.8135],[80.4488,15.8135],[80.4488,15.8132],[80.4476,15.8132],[80.4476,15.8129],[80.4468,15.8129],[80.4468,15.8126],[80.4463,15.8126],[80.4463,15.8124],[80.4457,15.8124],[80.4457,15.8121],[80.4454,15.8121],[80.4454,15.8118],[80.4449,15.8118],[80.4449,15.8115],[80.4443,15.8115],[80.4443,15.8112],[80.4437,15.8112],[80.4437,15.811],[80.4432,15.811],[80.4432,15.8107],[80.4429,15.8107],[80.4429,15.8104],[80.4421,15.8104],[80.4421,15.8101],[80.4412,15.8101],[80.4412,15.8099],[80.441,15.8099],[80.441,15.8096],[80.4401,15.8096],[80.4401,15.8093],[80.4399,15.8093],[80.4399,15.809],[80.4393,15.809],[80.4393,15.8087],[80.439,15.8087],[80.439,15.8085],[80.4385,15.8085],[80.4385,15.8082],[80.4374,15.8082],[80.4374,15.8079],[80.4368,15.8079],[80.4368,15.8076],[80.4362,15.8076],[80.4362,15.8074],[80.436,15.8074],[80.436,15.8071],[80.4354,15.8071],[80.4354,15.8068],[80.4351,15.8068],[80.4351,15.8065],[80.4335,15.8065],[80.4335,15.8063],[80.4332,15.8063],[80.4332,15.806],[80.4326,15.806],[80.4326,15.8057],[80.431,15.8057],[80.431,15.8054],[80.4307,15.8054],[80.4307,15.8051],[80.4304,15.8051],[80.4304,15.8049],[80.4301,15.8049],[80.4301,15.8046],[80.4299,15.8046],[80.4299,15.8043],[80.4296,15.8043],[80.4296,15.804],[80.4293,15.804],[80.4293,15.8038],[80.429,15.8038],[80.429,15.8035],[80.4287,15.8035],[80.4287,15.8032],[80.4283,15.8032],[80.4282,15.8032],[80.4282,15.8029],[80.4279,15.8029],[80.4279,15.8026],[80.4274,15.8026],[80.4274,15.8024],[80.4268,15.8024],[80.4268,15.8021],[80.4265,15.8021],[80.4265,15.8018],[80.4262,15.8018],[80.4262,15.8015],[80.426,15.8015],[80.426,15.8013],[80.4251,15.8013],[80.4251,15.801],[80.4246,15.801],[80.4246,15.8007],[80.4243,15.8007],[80.4243,15.8004],[80.4238,15.8004],[80.4238,15.8001],[80.4235,15.8001],[80.4235,15.7999],[80.4224,15.7999],[80.4224,15.7996],[80.4218,15.7996],[80.4218,15.7993],[80.4215,15.7993],[80.4215,15.799],[80.4212,15.799],[80.4212,15.7988],[80.421,15.7988],[80.421,15.7985],[80.4199,15.7985],[80.4199,15.7982],[80.419,15.7982],[80.419,15.7979],[80.4187,15.7979],[80.4187,15.7976],[80.4182,15.7976],[80.4182,15.7974],[80.4179,15.7974],[80.4179,15.7971],[80.4171,15.7971],[80.4171,15.7968],[80.4168,15.7968],[80.4168,15.7965],[80.4163,15.7965],[80.4163,15.7963],[80.4154,15.7963],[80.4154,15.796],[80.4149,15.796],[80.4149,15.7957],[80.4146,15.7957],[80.4146,15.7954],[80.414,15.7954],[80.414,15.7951],[80.4137,15.7951],[80.4137,15.7949],[80.4129,15.7949],[80.4129,15.7946],[80.4124,15.7946],[80.4124,15.7943],[80.4118,15.7943],[80.4118,15.794],[80.4115,15.794],[80.4115,15.7938],[80.411,15.7938],[80.411,15.7935],[80.4101,15.7935],[80.4101,15.7932],[80.4099,15.7932],[80.4099,15.7929],[80.4096,15.7929],[80.4096,15.7926],[80.4093,15.7926],[80.4093,15.7924],[80.4088,15.7924],[80.4088,15.7921],[80.4085,15.7921],[80.4085,15.7918],[80.4082,15.7918],[80.4082,15.7915],[80.4076,15.7915],[80.4076,15.7913],[80.4068,15.7913],[80.4068,15.791],[80.4063,15.791],[80.4063,15.7907],[80.4057,15.7907],[80.4057,15.7904],[80.4054,15.7904],[80.4054,15.7901],[80.4051,15.7901],[80.4051,15.7899],[80.4049,15.7899],[80.4049,15.7896],[80.404,15.7896],[80.404,15.7893],[80.4035,15.7893],[80.4035,15.789],[80.4032,15.789],[80.4032,15.7887],[80.4029,15.7887],[80.4029,15.7885],[80.4024,15.7885],[80.4024,15.7882],[80.4018,15.7882],[80.4018,15.7879],[80.4015,15.7879],[80.4015,15.7876],[80.401,15.7876],[80.401,15.7874],[80.4004,15.7874],[80.4004,15.7871],[80.3999,15.7871],[80.3999,15.7868],[80.3996,15.7868],[80.3996,15.7865],[80.3988,15.7865],[80.3988,15.7863],[80.3985,15.7863],[80.3985,15.786],[80.3982,15.786],[80.3982,15.7857],[80.3976,15.7857],[80.3976,15.7854],[80.3974,15.7854],[80.3974,15.7851],[80.3965,15.7851],[80.3965,15.7849],[80.396,15.7849],[80.396,15.7846],[80.3954,15.7846],[80.3954,15.7843],[80.3951,15.7843],[80.3951,15.784],[80.3949,15.784],[80.3949,15.7837],[80.3943,15.7837],[80.3943,15.7835],[80.394,15.7835],[80.394,15.7832],[80.3935,15.7832],[80.3935,15.7829],[80.3932,15.7829],[80.3932,15.7826],[80.3926,15.7826],[80.3926,15.7824],[80.3924,15.7824],[80.3924,15.7821],[80.3921,15.7821],[80.3921,15.7818],[80.3915,15.7818],[80.3915,15.7815],[80.3913,15.7815],[80.3913,15.7813],[80.3907,15.7813],[80.3907,15.781],[80.3899,15.781],[80.3899,15.7807],[80.3893,15.7807],[80.3893,15.7804],[80.3887,15.7804],[80.3887,15.7801],[80.3882,15.7801],[80.3882,15.7799],[80.3879,15.7799],[80.3879,15.7796],[80.3874,15.7796],[80.3874,15.7793],[80.3868,15.7793],[80.3868,15.779],[80.3865,15.779],[80.3865,15.7788],[80.3863,15.7788],[80.3863,15.7785],[80.3857,15.7785],[80.3857,15.7782],[80.3851,15.7782],[80.3851,15.7779],[80.3846,15.7779],[80.3846,15.7776],[80.384,15.7776],[80.384,15.7774],[80.3838,15.7774],[80.3838,15.7771],[80.3832,15.7771],[80.3832,15.7768],[80.3829,15.7768],[80.3829,15.7765],[80.3824,15.7765],[80.3824,15.7763],[80.3821,15.7763],[80.3821,15.776],[80.3818,15.776],[80.3818,15.7757],[80.3815,15.7757],[80.3815,15.7754],[80.3807,15.7754],[80.3807,15.7751],[80.3804,15.7751],[80.3804,15.7749],[80.3799,15.7749],[80.3799,15.7746],[80.3796,15.7746],[80.3796,15.7743],[80.3793,15.7743],[80.3793,15.774],[80.379,15.774],[80.379,15.7738],[80.3787,15.7738],[80.3787,15.7735],[80.3785,15.7735],[80.3785,15.7732],[80.3776,15.7732],[80.3776,15.7729],[80.3774,15.7729],[80.3774,15.7726],[80.3768,15.7726],[80.3768,15.7724],[80.3765,15.7724],[80.3765,15.7721],[80.376,15.7721],[80.376,15.7718],[80.3751,15.7718],[80.3751,15.7715],[80.3749,15.7715],[80.3749,15.7713],[80.3746,15.7713],[80.3746,15.771],[80.3743,15.771],[80.3743,15.7707],[80.3737,15.7707],[80.3737,15.7704],[80.3732,15.7704],[80.3732,15.7701],[80.3724,15.7701],[80.3724,15.7699],[80.3721,15.7699],[80.3721,15.7696],[80.3718,15.7696],[80.3718,15.7693],[80.3712,15.7693],[80.3712,15.769],[80.371,15.769],[80.371,15.7688],[80.3707,15.7688],[80.3707,15.7685],[80.3701,15.7685],[80.3701,15.7682],[80.3699,15.7682],[80.3699,15.7679],[80.3693,15.7679],[80.3693,15.7676],[80.3688,15.7676],[80.3688,15.7674],[80.3685,15.7674],[80.3685,15.7671],[80.3679,15.7671],[80.3679,15.7668],[80.3676,15.7668],[80.3676,15.7665],[80.3671,15.7665],[80.3671,15.7662],[80.3665,15.7662],[80.3665,15.766],[80.366,15.766],[80.366,15.7657],[80.3657,15.7657],[80.3657,15.7654],[80.3654,15.7654],[80.3654,15.7651],[80.3651,15.7651],[80.3651,15.7649],[80.3643,15.7649],[80.3643,15.7646],[80.364,15.7646],[80.364,15.7643],[80.3635,15.7643],[80.3635,15.764],[80.3632,15.764],[80.3632,15.7638],[80.3626,15.7638],[80.3626,15.7635],[80.3618,15.7635],[80.3618,15.7632],[80.3613,15.7632],[80.3613,15.7629],[80.3607,15.7629],[80.3607,15.7624],[80.3604,15.7624],[80.3604,15.7621],[80.3596,15.7621],[80.3596,15.7618],[80.359,15.7618],[80.359,15.7615],[80.3587,15.7615],[80.3587,15.7612],[80.3585,15.7612],[80.3585,15.761],[80.3582,15.761],[80.3582,15.7607],[80.3579,15.7607],[80.3579,15.7604],[80.3576,15.7604],[80.3576,15.7601],[80.3574,15.7601],[80.3574,15.7599],[80.3568,15.7599],[80.3568,15.7596],[80.3562,15.7596],[80.3562,15.7593],[80.356,15.7593],[80.356,15.759],[80.3557,15.759],[80.3557,15.7585],[80.3554,15.7585],[80.3554,15.7582],[80.3551,15.7582],[80.3551,15.7576],[80.3546,15.7577],[80.3546,15.7574],[80.354,15.7574],[80.354,15.7571],[80.3538,15.7571],[80.3538,15.7568],[80.3535,15.7568],[80.3535,15.7563],[80.3532,15.7563],[80.3532,15.756],[80.3526,15.756],[80.3526,15.7557],[80.3524,15.7557],[80.3524,15.7554],[80.3518,15.7554],[80.3518,15.7551],[80.3515,15.7551],[80.3515,15.7549],[80.3512,15.7549],[80.3512,15.7546],[80.3511,15.7546],[80.351,15.7546],[80.351,15.7543],[80.3507,15.7543],[80.3507,15.754],[80.3502,15.754],[80.3501,15.7537],[80.3499,15.7538],[80.3499,15.7535],[80.3496,15.7535],[80.3496,15.7532],[80.3493,15.7532],[80.3493,15.7529],[80.349,15.7529],[80.349,15.7526],[80.3487,15.7526],[80.3487,15.7524],[80.3483,15.7524],[80.3479,15.7524],[80.3479,15.7521],[80.3474,15.7521],[80.3474,15.7518],[80.3463,15.7518],[80.3463,15.7515],[80.346,15.7515],[80.346,15.7512],[80.3451,15.7512],[80.3451,15.751],[80.3446,15.751],[80.3446,15.7507],[80.3443,15.7507],[80.3443,15.7504],[80.344,15.7504],[80.344,15.7501],[80.3438,15.7501],[80.3438,15.7499],[80.3432,15.7499],[80.3432,15.7496],[80.3429,15.7496],[80.3429,15.7493],[80.3426,15.7493],[80.3426,15.749],[80.3424,15.749],[80.3424,15.7488],[80.3418,15.7488],[80.3418,15.7485],[80.3412,15.7485],[80.3412,15.7482],[80.341,15.7482],[80.341,15.7479],[80.3404,15.7479],[80.3404,15.7476],[80.3401,15.7476],[80.3401,15.7474],[80.3396,15.7474],[80.3396,15.7471],[80.3393,15.7471],[80.3393,15.7468],[80.339,15.7468],[80.339,15.7465],[80.3388,15.7465],[80.3388,15.7463],[80.3385,15.7463],[80.3385,15.746],[80.3382,15.746],[80.3382,15.7457],[80.3379,15.7457],[80.3379,15.7454],[80.3376,15.7454],[80.3376,15.7451],[80.3374,15.7451],[80.3374,15.7446],[80.3371,15.7446],[80.3371,15.7437],[80.3368,15.7438],[80.3368,15.7435],[80.3365,15.7435],[80.3365,15.7432],[80.3363,15.7432],[80.3363,15.7429],[80.336,15.7429],[80.336,15.7427],[80.3357,15.7427],[80.3357,15.7425],[80.3357,15.7424],[80.3354,15.7424],[80.3354,15.7421],[80.3353,15.7421],[80.3351,15.7421],[80.3351,15.7419],[80.3351,15.7418],[80.3349,15.7418],[80.3348,15.7416],[80.3346,15.7415],[80.3346,15.7413],[80.3343,15.7413],[80.3343,15.741],[80.334,15.741],[80.334,15.7407],[80.3337,15.7407],[80.3337,15.7404],[80.3335,15.7404],[80.3335,15.7401],[80.3332,15.7401],[80.3332,15.7399],[80.3329,15.7399],[80.3329,15.7396],[80.3326,15.7396],[80.3326,15.7393],[80.3324,15.7393],[80.3324,15.739],[80.3321,15.739],[80.3321,15.7388],[80.3318,15.7388],[80.3318,15.7385],[80.3313,15.7385],[80.3313,15.7382],[80.331,15.7382],[80.331,15.7379],[80.3307,15.7379],[80.3307,15.7376],[80.3299,15.7376],[80.3299,15.7374],[80.3296,15.7374],[80.3296,15.7371],[80.3293,15.7371],[80.3293,15.7368],[80.329,15.7368],[80.329,15.7365],[80.3285,15.7365],[80.3285,15.7362],[80.3282,15.7362],[80.3282,15.736],[80.3279,15.736],[80.3279,15.7357],[80.3276,15.7357],[80.3276,15.7354],[80.3274,15.7354],[80.3274,15.7351],[80.3268,15.7351],[80.3268,15.7349],[80.3265,15.7349],[80.3265,15.7346],[80.3262,15.7346],[80.3262,15.734],[80.326,15.734],[80.326,15.7338],[80.3257,15.7338],[80.3257,15.7335],[80.3254,15.7335],[80.3254,15.7332],[80.3249,15.7332],[80.3249,15.7329],[80.3246,15.7329],[80.3246,15.7326],[80.3243,15.7326],[80.3243,15.7324],[80.324,15.7324],[80.324,15.7321],[80.3238,15.7321],[80.3238,15.7318],[80.3235,15.7318],[80.3235,15.7312],[80.3232,15.7312],[80.3232,15.731],[80.3229,15.731],[80.3229,15.7307],[80.3226,15.7307],[80.3226,15.7304],[80.3224,15.7304],[80.3224,15.7301],[80.3221,15.7301],[80.3221,15.7299],[80.3215,15.7299],[80.3215,15.7296],[80.3213,15.7296],[80.3213,15.7293],[80.321,15.7293],[80.321,15.729],[80.3207,15.729],[80.3207,15.7288],[80.3204,15.7288],[80.3204,15.7285],[80.3201,15.7285],[80.3201,15.7282],[80.3199,15.7282],[80.3199,15.7279],[80.3196,15.7279],[80.3196,15.7276],[80.3193,15.7276],[80.3193,15.7274],[80.319,15.7274],[80.319,15.7271],[80.3187,15.7271],[80.3187,15.7268],[80.3185,15.7268],[80.3185,15.7265],[80.3182,15.7265],[80.3182,15.7263],[80.3179,15.7263],[80.3179,15.726],[80.3176,15.726],[80.3176,15.7257],[80.3171,15.7257],[80.3171,15.7254],[80.3168,15.7254],[80.3168,15.7251],[80.3165,15.7251],[80.3165,15.7249],[80.3163,15.7249],[80.3163,15.7246],[80.3157,15.7246],[80.3157,15.7243],[80.3154,15.7243],[80.3154,15.724],[80.3151,15.724],[80.3151,15.7235],[80.3149,15.7235],[80.3149,15.7232],[80.3146,15.7232],[80.3146,15.7229],[80.3143,15.7229],[80.3143,15.7226],[80.314,15.7226],[80.314,15.7224],[80.3138,15.7224],[80.3138,15.7221],[80.3135,15.7221],[80.3135,15.7218],[80.3126,15.7218],[80.3126,15.7215],[80.3124,15.7215],[80.3124,15.7212],[80.3121,15.7213],[80.3121,15.721],[80.3118,15.721],[80.3118,15.7204],[80.3115,15.7204],[80.3115,15.7201],[80.3112,15.7201],[80.3112,15.7199],[80.311,15.7199],[80.311,15.7196],[80.3107,15.7196],[80.3107,15.7193],[80.3104,15.7193],[80.3104,15.719],[80.3101,15.719],[80.3101,15.7188],[80.3099,15.7188],[80.3099,15.7185],[80.3096,15.7185],[80.3096,15.7179],[80.3093,15.7179],[80.3093,15.7174],[80.309,15.7174],[80.309,15.7171],[80.3087,15.7171],[80.3087,15.7165],[80.3085,15.7165],[80.3085,15.7163],[80.3082,15.7163],[80.3082,15.716],[80.3079,15.716],[80.3079,15.7157],[80.3074,15.7157],[80.3074,15.7154],[80.3071,15.7154],[80.3071,15.7151],[80.3068,15.7151],[80.3068,15.7146],[80.3065,15.7146],[80.3065,15.7143],[80.3063,15.7143],[80.3063,15.714],[80.306,15.714],[80.306,15.7135],[80.3057,15.7135],[80.3057,15.7132],[80.3054,15.7132],[80.3054,15.7129],[80.3051,15.7129],[80.3051,15.7126],[80.3049,15.7126],[80.3049,15.7124],[80.3046,15.7124],[80.3046,15.7121],[80.3043,15.7121],[80.3043,15.7118],[80.304,15.7118],[80.304,15.7115],[80.3037,15.7115],[80.3037,15.7113],[80.3035,15.7113],[80.3035,15.711],[80.3032,15.711],[80.3032,15.7107],[80.3029,15.7107],[80.3029,15.7104],[80.3024,15.7104],[80.3024,15.7101],[80.3021,15.7101],[80.3021,15.7099],[80.3018,15.7099],[80.3018,15.7096],[80.3015,15.7096],[80.3015,15.709],[80.3012,15.709],[80.3012,15.7088],[80.301,15.7088],[80.301,15.7085],[80.3007,15.7085],[80.3007,15.7082],[80.3004,15.7082],[80.3004,15.7076],[80.3001,15.7076],[80.3001,15.7074],[80.2999,15.7074],[80.2999,15.7071],[80.2996,15.7071],[80.2996,15.7065],[80.2993,15.7065],[80.2993,15.7063],[80.299,15.7063],[80.299,15.706],[80.2988,15.706],[80.2988,15.7057],[80.2985,15.7057],[80.2985,15.7054],[80.2982,15.7054],[80.2982,15.7051],[80.2979,15.7051],[80.2979,15.7049],[80.2976,15.7049],[80.2976,15.7043],[80.2974,15.7043],[80.2974,15.704],[80.2968,15.704],[80.2968,15.7037],[80.2965,15.7037],[80.2965,15.7035],[80.2962,15.7035],[80.2962,15.7032],[80.296,15.7032],[80.296,15.7026],[80.2957,15.7026],[80.2957,15.7021],[80.2954,15.7021],[80.2954,15.7018],[80.2951,15.7018],[80.2951,15.7013],[80.2949,15.7013],[80.2949,15.701],[80.2946,15.701],[80.2946,15.7007],[80.2943,15.7007],[80.2943,15.7004],[80.294,15.7004],[80.294,15.7001],[80.2937,15.7001],[80.2937,15.6999],[80.2935,15.6999],[80.2935,15.6993],[80.2932,15.6993],[80.2932,15.6988],[80.2929,15.6988],[80.2929,15.6985],[80.2926,15.6985],[80.2926,15.6982],[80.2924,15.6982],[80.2924,15.6979],[80.2921,15.6979],[80.2921,15.6973],[80.2918,15.6974],[80.2918,15.6971],[80.2915,15.6971],[80.2915,15.6965],[80.2913,15.6965],[80.2912,15.6963],[80.291,15.6963],[80.291,15.696],[80.2907,15.696],[80.2907,15.6957],[80.2904,15.6957],[80.2904,15.6954],[80.2901,15.6954],[80.2901,15.6952],[80.2896,15.6951],[80.2896,15.6949],[80.2893,15.6949],[80.2893,15.6946],[80.289,15.6946],[80.289,15.694],[80.2889,15.694],[80.2887,15.694],[80.2887,15.6939],[80.2887,15.6938],[80.2886,15.6938],[80.2885,15.6938],[80.2885,15.6936],[80.2885,15.6935],[80.2884,15.6935],[80.2882,15.6935],[80.2882,15.6933],[80.2882,15.6932],[80.2881,15.6932],[80.2879,15.6932],[80.2879,15.6931],[80.2879,15.6926],[80.2876,15.6926],[80.2876,15.6924],[80.2875,15.6924],[80.2874,15.6924],[80.2874,15.6922],[80.2874,15.6921],[80.2871,15.6921],[80.2871,15.6918],[80.2868,15.6918],[80.2868,15.6915],[80.2865,15.6915],[80.2865,15.6913],[80.2862,15.6913],[80.2862,15.691],[80.286,15.691],[80.286,15.6907],[80.2857,15.6907],[80.2857,15.6901],[80.2854,15.6901],[80.2854,15.6896],[80.2851,15.6896],[80.2851,15.6893],[80.2849,15.6893],[80.2849,15.689],[80.2846,15.689],[80.2846,15.6888],[80.2843,15.6888],[80.2843,15.6885],[80.284,15.6885],[80.284,15.6882],[80.2838,15.6882],[80.2838,15.6879],[80.2835,15.6879],[80.2835,15.6874],[80.2832,15.6874],[80.2832,15.6871],[80.2829,15.6871],[80.2829,15.6862],[80.2826,15.6862],[80.2826,15.686],[80.2824,15.686],[80.2824,15.6857],[80.2821,15.6857],[80.2821,15.6854],[80.2818,15.6854],[80.2818,15.6851],[80.2815,15.6851],[80.2815,15.6849],[80.2813,15.6849],[80.2813,15.6846],[80.281,15.6846],[80.281,15.6843],[80.2807,15.6843],[80.2807,15.684],[80.2804,15.684],[80.2804,15.6838],[80.2801,15.6838],[80.2801,15.6832],[80.2799,15.6832],[80.2799,15.6829],[80.2796,15.6829],[80.2796,15.6826],[80.2793,15.6826],[80.2793,15.6824],[80.279,15.6824],[80.279,15.6821],[80.2785,15.6821],[80.2785,15.6815],[80.2782,15.6815],[80.2782,15.681],[80.2779,15.681],[80.2779,15.6807],[80.2776,15.6807],[80.2776,15.6804],[80.2774,15.6804],[80.2774,15.6799],[80.2771,15.6799],[80.2771,15.6796],[80.2768,15.6796],[80.2768,15.6793],[80.2765,15.6793],[80.2765,15.6788],[80.2764,15.6788],[80.2763,15.6788],[80.2763,15.6786],[80.2763,15.6785],[80.276,15.6785],[80.2751,15.6785],[80.2751,15.6782],[80.2749,15.6782],[80.2749,15.6776],[80.2746,15.6776],[80.2746,15.6775],[80.2746,15.6771],[80.274,15.6771],[80.2738,15.6771],[80.2738,15.6769],[80.2738,15.6765],[80.2735,15.6765],[80.2735,15.6754],[80.2732,15.6754],[80.2732,15.6749],[80.2726,15.6749],[80.2726,15.6746],[80.2721,15.6746],[80.2721,15.6743],[80.2715,15.6743],[80.2715,15.674],[80.2712,15.674],[80.2712,15.6738],[80.271,15.6738],[80.271,15.6735],[80.2707,15.6735],[80.2707,15.6732],[80.2704,15.6732],[80.2704,15.6726],[80.2701,15.6726],[80.2701,15.6721],[80.2699,15.6721],[80.2699,15.6712],[80.2696,15.6712],[80.2696,15.6704],[80.2693,15.6704],[80.2693,15.6701],[80.269,15.6701],[80.269,15.6699],[80.2688,15.6699],[80.2688,15.6693],[80.2685,15.6693],[80.2685,15.6682],[80.2682,15.6682],[80.2682,15.6676],[80.2679,15.6676],[80.2679,15.6674],[80.2676,15.6674],[80.2676,15.6671],[80.2674,15.6671],[80.2674,15.6668],[80.2671,15.6668],[80.2671,15.6665],[80.2668,15.6665],[80.2668,15.6654],[80.2665,15.6654],[80.2665,15.6646],[80.2663,15.6646],[80.2663,15.6643],[80.266,15.6643],[80.266,15.6635],[80.2657,15.6635],[80.2657,15.6621],[80.2654,15.6621],[80.2654,15.6615],[80.2651,15.6615],[80.2651,15.6612],[80.2649,15.6613],[80.2649,15.6607],[80.2646,15.6607],[80.2646,15.6604],[80.2643,15.6604],[80.2643,15.6601],[80.264,15.6601],[80.264,15.6593],[80.2637,15.6593],[80.2637,15.659],[80.2635,15.659],[80.2635,15.6582],[80.2632,15.6582],[80.2632,15.6579],[80.2629,15.6579],[80.2629,15.656],[80.2626,15.656],[80.2626,15.6535],[80.2624,15.6535],[80.2624,15.6529],[80.2621,15.6529],[80.2621,15.6524],[80.2618,15.6524],[80.2618,15.6518],[80.2615,15.6518],[80.2615,15.6513],[80.2613,15.6513],[80.2613,15.6507],[80.261,15.6507],[80.261,15.6504],[80.2607,15.6504],[80.2607,15.6501],[80.2604,15.6501],[80.2604,15.6496],[80.2601,15.6496],[80.2601,15.649],[80.2599,15.649],[80.2599,15.6485],[80.2596,15.6485],[80.2596,15.6479],[80.2593,15.6479],[80.2593,15.6468],[80.259,15.6468],[80.259,15.6463],[80.2587,15.6463],[80.2587,15.646],[80.2585,15.646],[80.2585,15.6457],[80.2582,15.6457],[80.2582,15.6454],[80.2579,15.6454],[80.2579,15.6451],[80.2576,15.6451],[80.2576,15.6446],[80.2574,15.6446],[80.2574,15.6437],[80.2571,15.6437],[80.2571,15.6432],[80.2568,15.6432],[80.2568,15.6426],[80.2565,15.6426],[80.2565,15.6421],[80.2562,15.6421],[80.2562,15.6415],[80.256,15.6415],[80.256,15.6413],[80.2557,15.6413],[80.2557,15.6407],[80.2554,15.6407],[80.2554,15.6399],[80.2551,15.6399],[80.2551,15.6396],[80.2549,15.6396],[80.2549,15.6388],[80.2546,15.6388],[80.2546,15.6385],[80.2543,15.6385],[80.2543,15.6382],[80.254,15.6382],[80.254,15.6374],[80.2538,15.6374],[80.2538,15.6368],[80.2535,15.6368],[80.2535,15.6365],[80.2532,15.6365],[80.2532,15.6363],[80.2529,15.6363],[80.2529,15.636],[80.2526,15.636],[80.2526,15.6357],[80.2524,15.6357],[80.2524,15.6351],[80.2521,15.6351],[80.2521,15.6346],[80.2518,15.6346],[80.2518,15.6343],[80.2515,15.6343],[80.2515,15.6338],[80.2513,15.6338],[80.2513,15.6332],[80.251,15.6332],[80.251,15.6326],[80.2507,15.6326],[80.2507,15.6321],[80.2504,15.6321],[80.2504,15.6313],[80.2501,15.6313],[80.2501,15.6307],[80.2499,15.6307],[80.2499,15.6301],[80.2496,15.6301],[80.2496,15.6296],[80.2493,15.6296],[80.2493,15.6287],[80.249,15.6287],[80.249,15.6282],[80.2487,15.6282],[80.2487,15.6276],[80.2485,15.6276],[80.2485,15.6274],[80.2482,15.6274],[80.2482,15.6268],[80.2479,15.6268],[80.2479,15.6265],[80.2476,15.6265],[80.2476,15.626],[80.2474,15.626],[80.2474,15.6251],[80.2471,15.6251],[80.2471,15.6246],[80.2468,15.6246],[80.2468,15.6237],[80.2465,15.6237],[80.2465,15.6229],[80.2462,15.6229],[80.2462,15.6226],[80.246,15.6226],[80.246,15.6221],[80.2457,15.6221],[80.2457,15.6215],[80.2454,15.6215],[80.2454,15.6204],[80.2451,15.6204],[80.2451,15.6199],[80.2449,15.6199],[80.2449,15.6193],[80.2446,15.6193],[80.2446,15.6188],[80.2443,15.6188],[80.2443,15.6182],[80.244,15.6182],[80.244,15.6176],[80.2438,15.6176],[80.2438,15.6168],[80.2435,15.6168],[80.2435,15.6163],[80.2432,15.6163],[80.2432,15.6154],[80.2429,15.6154],[80.2429,15.6146],[80.2426,15.6146],[80.2426,15.614],[80.2424,15.614],[80.2424,15.6135],[80.2421,15.6135],[80.2421,15.6126],[80.2418,15.6126],[80.2418,15.6118],[80.2415,15.6118],[80.2415,15.6113],[80.2412,15.6113],[80.2412,15.6104],[80.241,15.6104],[80.241,15.6096],[80.2407,15.6096],[80.2407,15.609],[80.2404,15.609],[80.2404,15.6082],[80.2401,15.6082],[80.2401,15.6076],[80.2399,15.6076],[80.2399,15.6068],[80.2396,15.6068],[80.2396,15.6057],[80.2393,15.6057],[80.2393,15.6051],[80.239,15.6051],[80.239,15.6046],[80.2387,15.6046],[80.2387,15.6024],[80.2385,15.6024],[80.2385,15.6021],[80.2382,15.6021],[80.2382,15.6018],[80.2379,15.6018],[80.2379,15.6014],[80.2379,15.6012],[80.2376,15.6012],[80.2376,15.601],[80.2374,15.601],[80.2374,15.5996],[80.2371,15.5996],[80.2371,15.5979],[80.2368,15.5979],[80.2368,15.5965],[80.2365,15.5965],[80.2365,15.5949],[80.2363,15.5949],[80.2363,15.594],[80.236,15.594],[80.236,15.5929],[80.2357,15.5929],[80.2357,15.5921],[80.2354,15.5921],[80.2354,15.591],[80.2351,15.591],[80.2351,15.5901],[80.2349,15.5901],[80.2349,15.589],[80.2346,15.589],[80.2346,15.5882],[80.2343,15.5882],[80.2343,15.5871],[80.234,15.5871],[80.234,15.5863],[80.2337,15.5863],[80.2337,15.5851],[80.2335,15.5851],[80.2335,15.5843],[80.2332,15.5843],[80.2332,15.5832],[80.2329,15.5832],[80.2329,15.5821],[80.2326,15.5821],[80.2326,15.581],[80.2324,15.581],[80.2324,15.5801],[80.2321,15.5801],[80.2321,15.5787],[80.2318,15.5787],[80.2318,15.5779],[80.2315,15.5779],[80.2315,15.5765],[80.2312,15.5765],[80.2312,15.5754],[80.231,15.5754],[80.231,15.5746],[80.2307,15.5746],[80.2307,15.5735],[80.2304,15.5735],[80.2304,15.5724],[80.2301,15.5724],[80.2301,15.5715],[80.2299,15.5715],[80.2299,15.5704],[80.2296,15.5704],[80.2296,15.5693],[80.2293,15.5693],[80.2293,15.5665],[80.229,15.5665],[80.229,15.5651],[80.2288,15.5651],[80.2288,15.5646],[80.2285,15.5646],[80.2285,15.5629],[80.2282,15.5629],[80.2282,15.5621],[80.2279,15.5621],[80.2279,15.561],[80.2276,15.561],[80.2276,15.5604],[80.2274,15.5604],[80.2274,15.5601],[80.2271,15.5601],[80.2271,15.559],[80.2268,15.559],[80.2268,15.5579],[80.2265,15.5579],[80.2265,15.5557],[80.2262,15.5557],[80.2262,15.5549],[80.226,15.5549],[80.226,15.5532],[80.2262,15.5532],[80.2262,15.5526],[80.2265,15.5526],[80.2265,15.5521],[80.2268,15.5521],[80.2268,15.5518],[80.2271,15.5518],[80.2271,15.551],[80.2274,15.551],[80.2274,15.5501],[80.2276,15.5501],[80.2276,15.5485],[80.2274,15.5485],[80.2274,15.5479],[80.2271,15.5479],[80.2271,15.5471],[80.2274,15.5471],[80.2274,15.5457],[80.2276,15.5457],[80.2276,15.5421],[80.2274,15.5421],[80.2274,15.5418],[80.2271,15.5418],[80.2271,15.5413],[80.2268,15.5413],[80.2268,15.5407],[80.2265,15.5407],[80.2265,15.5404],[80.2262,15.5404],[80.2262,15.5396],[80.226,15.5396],[80.226,15.539],[80.2257,15.539],[80.2257,15.5385],[80.2254,15.5385],[80.2254,15.5379],[80.2251,15.5379],[80.2251,15.5376],[80.2249,15.5376],[80.2249,15.5335],[80.2251,15.5335],[80.2251,15.5324],[80.2249,15.5324],[80.2249,15.5321],[80.2246,15.5321],[80.2246,15.5318],[80.2243,15.5318],[80.2243,15.5315],[80.224,15.5315],[80.224,15.531],[80.2237,15.531],[80.2237,15.5304],[80.2235,15.5304],[80.2235,15.5301],[80.2232,15.5301],[80.2232,15.5296],[80.2229,15.5296],[80.2229,15.5293],[80.2226,15.5293],[80.2226,15.5288],[80.2224,15.5288],[80.2224,15.5282],[80.2221,15.5282],[80.2221,15.5279],[80.2218,15.5279],[80.2218,15.5274],[80.2215,15.5274],[80.2215,15.5268],[80.2213,15.5268],[80.2213,15.526],[80.221,15.526],[80.221,15.5257],[80.2207,15.5257],[80.2207,15.5249],[80.2204,15.5249],[80.2204,15.524],[80.2201,15.524],[80.2201,15.5232],[80.2199,15.5232],[80.2199,15.5229],[80.2196,15.5229],[80.2196,15.5226],[80.2193,15.5226],[80.2193,15.5221],[80.219,15.5221],[80.219,15.5212],[80.2188,15.5212],[80.2188,15.521],[80.2185,15.521],[80.2185,15.5207],[80.2182,15.5207],[80.2182,15.5204],[80.2179,15.5204],[80.2179,15.5199],[80.2176,15.5199],[80.2176,15.519],[80.2174,15.519],[80.2174,15.5185],[80.2171,15.5185],[80.2171,15.5179],[80.2168,15.5179],[80.2168,15.5176],[80.2165,15.5176],[80.2165,15.5171],[80.2162,15.5171],[80.2162,15.5168],[80.216,15.5168],[80.216,15.5165],[80.2157,15.5165],[80.2157,15.516],[80.2154,15.516],[80.2154,15.5154],[80.2157,15.5154],[80.2157,15.5137],[80.2154,15.5138],[80.2154,15.5135],[80.2151,15.5135],[80.2151,15.5132],[80.2149,15.5132],[80.2149,15.5129],[80.2146,15.5129],[80.2146,15.5126],[80.2143,15.5126],[80.2143,15.5124],[80.214,15.5124],[80.214,15.5121],[80.2138,15.5121],[80.2138,15.5118],[80.2135,15.5118],[80.2135,15.5115],[80.2132,15.5115],[80.2132,15.511],[80.2129,15.511],[80.2129,15.5099],[80.2132,15.5099],[80.2132,15.5093],[80.214,15.5093],[80.214,15.5096],[80.2149,15.5096],[80.2149,15.5085],[80.2146,15.5085],[80.2146,15.5079],[80.2143,15.5079],[80.2143,15.5068],[80.214,15.5068],[80.214,15.5057],[80.2138,15.5057],[80.2138,15.5051],[80.2135,15.5051],[80.2135,15.5046],[80.2132,15.5046],[80.2132,15.5038],[80.2129,15.5038],[80.2129,15.5026],[80.2126,15.5026],[80.2126,15.5024],[80.2121,15.5024],[80.2121,15.5026],[80.2113,15.5026],[80.2113,15.5029],[80.211,15.5029],[80.211,15.5032],[80.2107,15.5032],[80.2107,15.5035],[80.2104,15.5035],[80.2104,15.5038],[80.2101,15.5038],[80.2101,15.5043],[80.2104,15.5043],[80.2104,15.5046],[80.2107,15.5046],[80.2107,15.5049],[80.2104,15.5049],[80.2104,15.5051],[80.2099,15.5051],[80.2099,15.5054],[80.209,15.5054],[80.209,15.5051],[80.2087,15.5051],[80.2087,15.5049],[80.2085,15.5049],[80.2085,15.5046],[80.2082,15.5046],[80.2082,15.5043],[80.2079,15.5043],[80.2079,15.5038],[80.2076,15.5038],[80.2076,15.5035],[80.2074,15.5035],[80.2074,15.5032],[80.2071,15.5032],[80.2071,15.5029],[80.2068,15.5029],[80.2068,15.5024],[80.2065,15.5024],[80.2065,15.5018],[80.2063,15.5018],[80.2063,15.501],[80.206,15.501],[80.206,15.5004],[80.2051,15.5004],[80.2051,15.5001],[80.2043,15.5001],[80.2043,15.4999],[80.2035,15.4999],[80.2035,15.4993],[80.204,15.4993],[80.204,15.499],[80.2043,15.499],[80.2043,15.4985],[80.204,15.4985],[80.204,15.4982],[80.2035,15.4982],[80.2035,15.4979],[80.2029,15.4979],[80.2029,15.4982],[80.2026,15.4982],[80.2026,15.4985],[80.2024,15.4985],[80.2024,15.4988],[80.2012,15.4988],[80.2012,15.4985],[80.201,15.4985],[80.201,15.4982],[80.2004,15.4982],[80.2004,15.4974],[80.2007,15.4974],[80.2007,15.4971],[80.201,15.4971],[80.201,15.4963],[80.2007,15.4963],[80.2007,15.4957],[80.2004,15.4957],[80.2004,15.4954],[80.2001,15.4954],[80.2001,15.4951],[80.2004,15.4951],[80.2004,15.4949],[80.2012,15.4949],[80.2012,15.4951],[80.2018,15.4951],[80.2018,15.4954],[80.2085,15.4954],[80.2085,15.4951],[80.2104,15.4951],[80.2104,15.4954],[80.211,15.4954],[80.211,15.4957],[80.2113,15.4957],[80.2113,15.496],[80.2115,15.496],[80.2115,15.4957],[80.2118,15.4957],[80.2118,15.4951],[80.2115,15.4951],[80.2115,15.4943],[80.2113,15.4943],[80.2113,15.494],[80.211,15.494],[80.211,15.4924],[80.2107,15.4924],[80.2107,15.4921],[80.2104,15.4921],[80.2104,15.4907],[80.2101,15.4907],[80.2101,15.4896],[80.2099,15.4896],[80.2099,15.489],[80.2096,15.489],[80.2096,15.4876],[80.2093,15.4876],[80.2093,15.4874],[80.209,15.4874],[80.209,15.4851],[80.2087,15.4851],[80.2087,15.4846],[80.2085,15.4846],[80.2085,15.4837],[80.2082,15.4838],[80.2082,15.4821],[80.2079,15.4821],[80.2079,15.4807],[80.2076,15.4807],[80.2076,15.4796],[80.2074,15.4796],[80.2074,15.479],[80.2071,15.479],[80.2071,15.4785],[80.2068,15.4785],[80.2068,15.4782],[80.2065,15.4782],[80.2065,15.4774],[80.2063,15.4774],[80.2063,15.4768],[80.206,15.4768],[80.206,15.4763],[80.2057,15.4763],[80.2057,15.4749],[80.2054,15.4749],[80.2054,15.4746],[80.2051,15.4746],[80.2051,15.4743],[80.2049,15.4743],[80.2049,15.474],[80.2046,15.474],[80.2046,15.4735],[80.2043,15.4735],[80.2043,15.4724],[80.204,15.4724],[80.204,15.4718],[80.2038,15.4718],[80.2038,15.4715],[80.2035,15.4715],[80.2035,15.4713],[80.2032,15.4713],[80.2032,15.4707],[80.2029,15.4707],[80.2029,15.4704],[80.2026,15.4704],[80.2026,15.4696],[80.2024,15.4696],[80.2024,15.4693],[80.2021,15.4693],[80.2021,15.4688],[80.2018,15.4688],[80.2018,15.4682],[80.2015,15.4682],[80.2015,15.4679],[80.2012,15.4679],[80.2012,15.4665],[80.201,15.4665],[80.201,15.466],[80.2007,15.466],[80.2007,15.4654],[80.2004,15.4654],[80.2004,15.4651],[80.2001,15.4651],[80.2001,15.4649],[80.1999,15.4649],[80.1999,15.4646],[80.1996,15.4646],[80.1996,15.464],[80.1993,15.464],[80.1993,15.4638],[80.199,15.4638],[80.199,15.4632],[80.1988,15.4632],[80.1988,15.4629],[80.1985,15.4629],[80.1985,15.4626],[80.1982,15.4626],[80.1982,15.4624],[80.1979,15.4624],[80.1979,15.4618],[80.1976,15.4618],[80.1976,15.4615],[80.1974,15.4615],[80.1974,15.461],[80.1971,15.461],[80.1971,15.4607],[80.1968,15.4607],[80.1968,15.4601],[80.1965,15.4601],[80.1965,15.4599],[80.1963,15.4599],[80.1963,15.4593],[80.196,15.4593],[80.196,15.459],[80.1957,15.459],[80.1957,15.4588],[80.1954,15.4588],[80.1954,15.4585],[80.1951,15.4585],[80.1951,15.4576],[80.1949,15.4576],[80.1949,15.4574],[80.1946,15.4574],[80.1946,15.4568],[80.1943,15.4568],[80.1943,15.4565],[80.194,15.4565],[80.194,15.4562],[80.1937,15.4562],[80.1937,15.456],[80.1935,15.456],[80.1935,15.4554],[80.1932,15.4554],[80.1932,15.4551],[80.1929,15.4551],[80.1929,15.4546],[80.1926,15.4546],[80.1926,15.4543],[80.1924,15.4543],[80.1924,15.454],[80.1921,15.454],[80.1921,15.4538],[80.1918,15.4538],[80.1918,15.4535],[80.1915,15.4535],[80.1915,15.4529],[80.1912,15.4529],[80.1912,15.4526],[80.191,15.4526],[80.191,15.4524],[80.1907,15.4524],[80.1907,15.4521],[80.1904,15.4521],[80.1904,15.4518],[80.1901,15.4518],[80.1901,15.451],[80.1899,15.451],[80.1899,15.4507],[80.1893,15.4507],[80.1893,15.4504],[80.1888,15.4504],[80.1888,15.4501],[80.1885,15.4501],[80.1885,15.4499],[80.1882,15.4499],[80.1882,15.4493],[80.1879,15.4493],[80.1879,15.449],[80.1876,15.449],[80.1876,15.4482],[80.1874,15.4482],[80.1874,15.4479],[80.1871,15.4479],[80.1871,15.4474],[80.1865,15.4474],[80.1865,15.4471],[80.1862,15.4471],[80.1862,15.4468],[80.186,15.4468],[80.186,15.4465],[80.1857,15.4465],[80.1857,15.4463],[80.1854,15.4463],[80.1854,15.446],[80.1851,15.446],[80.1851,15.4454],[80.1849,15.4454],[80.1849,15.4451],[80.1846,15.4451],[80.1846,15.4446],[80.1843,15.4446],[80.1843,15.4443],[80.184,15.4443],[80.184,15.444],[80.1837,15.444],[80.1837,15.4435],[80.1835,15.4435],[80.1835,15.4432],[80.1832,15.4432],[80.1832,15.4429],[80.1829,15.4429],[80.1829,15.4424],[80.1826,15.4424],[80.1826,15.4421],[80.1824,15.4421],[80.1824,15.4418],[80.1821,15.4418],[80.1821,15.4415],[80.1818,15.4415],[80.1818,15.4412],[80.1815,15.4413],[80.1815,15.4407],[80.1813,15.4407],[80.1813,15.4404],[80.181,15.4404],[80.181,15.4401],[80.1807,15.4401],[80.1807,15.4399],[80.1804,15.4399],[80.1804,15.4396],[80.1801,15.4396],[80.1801,15.4393],[80.1799,15.4393],[80.1799,15.4388],[80.1796,15.4388],[80.1796,15.4385],[80.1793,15.4385],[80.1793,15.4382],[80.179,15.4382],[80.179,15.4379],[80.1787,15.4379],[80.1787,15.4376],[80.1785,15.4376],[80.1785,15.4371],[80.1782,15.4371],[80.1782,15.4368],[80.1779,15.4368],[80.1779,15.4365],[80.1776,15.4365],[80.1776,15.4362],[80.1774,15.4362],[80.1774,15.436],[80.1771,15.436],[80.1771,15.4357],[80.1768,15.4357],[80.1768,15.4351],[80.1765,15.4351],[80.1765,15.4349],[80.1762,15.4349],[80.1762,15.4346],[80.176,15.4346],[80.176,15.4343],[80.1757,15.4343],[80.1757,15.434],[80.1754,15.434],[80.1754,15.4338],[80.1751,15.4338],[80.1751,15.4335],[80.1749,15.4335],[80.1749,15.4329],[80.1746,15.4329],[80.1746,15.4327],[80.1743,15.4327],[80.1743,15.4324],[80.174,15.4324],[80.174,15.4321],[80.1732,15.4321],[80.1732,15.4318],[80.1729,15.4318],[80.1729,15.4313],[80.1726,15.4313],[80.1726,15.4307],[80.1721,15.4307],[80.1721,15.4304],[80.1718,15.4304],[80.1718,15.4301],[80.1715,15.4301],[80.1715,15.4296],[80.171,15.4296],[80.171,15.4293],[80.1707,15.4293],[80.1707,15.429],[80.1704,15.429],[80.1704,15.4288],[80.1701,15.4288],[80.1701,15.4282],[80.1696,15.4282],[80.1696,15.4276],[80.1693,15.4276],[80.1693,15.4274],[80.169,15.4274],[80.169,15.4271],[80.1687,15.4271],[80.1687,15.4265],[80.1685,15.4265],[80.1685,15.4263],[80.1682,15.4263],[80.1682,15.426],[80.1679,15.426],[80.1679,15.4257],[80.1674,15.4257],[80.1674,15.4254],[80.1671,15.4254],[80.1671,15.4251],[80.1665,15.4251],[80.1665,15.4246],[80.1663,15.4246],[80.1663,15.4243],[80.166,15.4243],[80.166,15.4238],[80.1657,15.4238],[80.1657,15.4232],[80.1654,15.4232],[80.1654,15.4229],[80.1651,15.4229],[80.1651,15.4224],[80.1649,15.4224],[80.1649,15.4221],[80.1646,15.4221],[80.1646,15.4218],[80.1643,15.4218],[80.1643,15.4213],[80.1637,15.4213],[80.1637,15.421],[80.1632,15.421],[80.1632,15.4204],[80.1629,15.4204],[80.1629,15.4201],[80.1626,15.4201],[80.1626,15.4199],[80.1623,15.4199],[80.1623,15.4196],[80.1621,15.4196],[80.1621,15.4193],[80.1618,15.4193],[80.1618,15.419],[80.1612,15.419],[80.1612,15.4188],[80.161,15.4188],[80.161,15.4182],[80.1607,15.4182],[80.1607,15.4179],[80.1604,15.4179],[80.1604,15.4176],[80.1601,15.4176],[80.1601,15.4174],[80.1599,15.4174],[80.1599,15.4171],[80.1596,15.4171],[80.1596,15.4168],[80.1593,15.4168],[80.1593,15.4165],[80.1593,15.4163],[80.1591,15.4163],[80.1588,15.4163],[80.1588,15.416],[80.1585,15.416],[80.1585,15.4156],[80.1585,15.4154],[80.1583,15.4154],[80.1582,15.4154],[80.1582,15.4153],[80.1582,15.4151],[80.1581,15.4151],[80.1579,15.4151],[80.1579,15.415],[80.1579,15.4146],[80.1576,15.4146],[80.1576,15.4143],[80.1574,15.4143],[80.1574,15.4137],[80.1571,15.4137],[80.1571,15.4135],[80.1568,15.4135],[80.1568,15.4132],[80.1565,15.4132],[80.1565,15.4129],[80.1563,15.4129],[80.1563,15.4126],[80.156,15.4126],[80.156,15.4121],[80.1557,15.4121],[80.1557,15.4118],[80.1554,15.4118],[80.1554,15.4115],[80.1551,15.4115],[80.1551,15.4113],[80.1549,15.4113],[80.1549,15.411],[80.1546,15.411],[80.1546,15.4104],[80.154,15.4104],[80.154,15.4099],[80.1537,15.4099],[80.1537,15.4096],[80.1535,15.4096],[80.1535,15.4093],[80.1532,15.4093],[80.1532,15.409],[80.1529,15.409],[80.1529,15.4085],[80.1526,15.4085],[80.1526,15.4082],[80.1524,15.4082],[80.1524,15.4079],[80.1521,15.4079],[80.1521,15.4076],[80.1518,15.4076],[80.1518,15.4074],[80.1515,15.4074],[80.1515,15.4071],[80.1513,15.4071],[80.1513,15.4069],[80.1513,15.4065],[80.1511,15.4065],[80.151,15.4065],[80.1509,15.4063],[80.1509,15.4063],[80.1507,15.4063],[80.1507,15.4061],[80.1507,15.406],[80.1506,15.406],[80.1504,15.406],[80.1504,15.4058],[80.1504,15.4057],[80.1503,15.4057],[80.1501,15.4057],[80.1501,15.4056],[80.1501,15.4054],[80.15,15.4054],[80.1499,15.4054],[80.1499,15.4051],[80.1497,15.4051],[80.1496,15.4046],[80.1493,15.4046],[80.1493,15.4043],[80.149,15.4043],[80.149,15.404],[80.1488,15.404],[80.1488,15.4037],[80.1485,15.4037],[80.1485,15.4035],[80.1482,15.4035],[80.1482,15.4032],[80.1479,15.4032],[80.1479,15.4026],[80.1476,15.4026],[80.1476,15.4024],[80.1474,15.4024],[80.1474,15.4021],[80.1471,15.4021],[80.1471,15.4018],[80.1468,15.4018],[80.1468,15.4013],[80.1465,15.4013],[80.1465,15.401],[80.1462,15.401],[80.1462,15.4007],[80.146,15.4007],[80.146,15.4001],[80.1457,15.4001],[80.1457,15.3999],[80.1454,15.3999],[80.1454,15.3996],[80.1451,15.3996],[80.1451,15.399],[80.1449,15.399],[80.1449,15.3988],[80.1446,15.3988],[80.1446,15.3985],[80.1443,15.3985],[80.1443,15.3979],[80.144,15.3979],[80.144,15.3976],[80.1438,15.3976],[80.1438,15.3974],[80.1435,15.3974],[80.1435,15.3971],[80.1429,15.3971],[80.1429,15.3965],[80.1426,15.3965],[80.1426,15.396],[80.1424,15.396],[80.1424,15.3954],[80.1421,15.3954],[80.1421,15.3951],[80.1418,15.3951],[80.1418,15.3949],[80.1415,15.3949],[80.1415,15.3943],[80.1413,15.3943],[80.1413,15.394],[80.141,15.394],[80.1409,15.3935],[80.1407,15.3935],[80.1407,15.3933],[80.1406,15.3932],[80.1404,15.3932],[80.1404,15.3929],[80.1401,15.3929],[80.1401,15.3925],[80.1401,15.3924],[80.1396,15.3924],[80.1396,15.3921],[80.1393,15.3921],[80.1393,15.3915],[80.139,15.3915],[80.139,15.3913],[80.1387,15.3913],[80.1387,15.3907],[80.1385,15.3907],[80.1385,15.3904],[80.1382,15.3904],[80.1382,15.3901],[80.1379,15.3901],[80.1379,15.3899],[80.1376,15.3899],[80.1376,15.3893],[80.1374,15.3893],[80.1374,15.389],[80.1371,15.389],[80.1371,15.3888],[80.1371,15.3888],[80.1369,15.3888],[80.1368,15.3888],[80.1368,15.3885],[80.1365,15.3885],[80.1365,15.3882],[80.1363,15.3882],[80.1363,15.3876],[80.136,15.3876],[80.136,15.3874],[80.1357,15.3874],[80.1357,15.3871],[80.1354,15.3871],[80.1354,15.3865],[80.1351,15.3865],[80.1351,15.3862],[80.1349,15.3862],[80.1349,15.386],[80.1346,15.386],[80.1346,15.3854],[80.1343,15.3854],[80.1343,15.3851],[80.134,15.3851],[80.134,15.3849],[80.1338,15.3849],[80.1338,15.3843],[80.1335,15.3843],[80.1335,15.384],[80.1332,15.384],[80.1332,15.3837],[80.1329,15.3837],[80.1329,15.3832],[80.1326,15.3832],[80.1326,15.3829],[80.1324,15.3829],[80.1324,15.3826],[80.1321,15.3826],[80.1321,15.3822],[80.1321,15.3821],[80.132,15.3821],[80.1318,15.3821],[80.1318,15.3819],[80.1318,15.3818],[80.1317,15.3818],[80.1315,15.3818],[80.1315,15.3817],[80.1315,15.3813],[80.1312,15.3813],[80.1312,15.381],[80.131,15.381],[80.131,15.3807],[80.1307,15.3807],[80.1307,15.3801],[80.1304,15.3801],[80.1304,15.3799],[80.1301,15.3799],[80.1301,15.3796],[80.1299,15.3796],[80.1299,15.379],[80.1296,15.379],[80.1296,15.3788],[80.1293,15.3788],[80.1293,15.3785],[80.129,15.3785],[80.129,15.3779],[80.1287,15.3779],[80.1287,15.3776],[80.1285,15.3776],[80.1285,15.3774],[80.1282,15.3774],[80.1282,15.3768],[80.1279,15.3768],[80.1279,15.3765],[80.1276,15.3765],[80.1276,15.376],[80.1274,15.376],[80.1274,15.3757],[80.1271,15.3757],[80.1271,15.3751],[80.1268,15.3751],[80.1268,15.3746],[80.1265,15.3746],[80.1265,15.3743],[80.1262,15.3743],[80.1262,15.3738],[80.126,15.3738],[80.126,15.3735],[80.1257,15.3735],[80.1257,15.3729],[80.1254,15.3729],[80.1254,15.3726],[80.1251,15.3726],[80.1251,15.3721],[80.1249,15.3721],[80.1249,15.3715],[80.1246,15.3715],[80.1246,15.3713],[80.1243,15.3713],[80.1243,15.371],[80.124,15.371],[80.124,15.3701],[80.1237,15.3701],[80.1237,15.3699],[80.1235,15.3699],[80.1235,15.3696],[80.1232,15.3696],[80.1232,15.369],[80.1229,15.369],[80.1229,15.3688],[80.1226,15.3688],[80.1226,15.3685],[80.1224,15.3685],[80.1224,15.3679],[80.1221,15.3679],[80.1221,15.3676],[80.1218,15.3676],[80.1218,15.3671],[80.1215,15.3671],[80.1215,15.3665],[80.1212,15.3665],[80.1212,15.3662],[80.121,15.3663],[80.121,15.3657],[80.1204,15.3657],[80.1204,15.3646],[80.1201,15.3646],[80.1201,15.3643],[80.1199,15.3643],[80.1199,15.3638],[80.1196,15.3638],[80.1196,15.3632],[80.1193,15.3632],[80.1193,15.3629],[80.119,15.3629],[80.119,15.3624],[80.1188,15.3624],[80.1188,15.3618],[80.1185,15.3618],[80.1185,15.3615],[80.1182,15.3615],[80.1182,15.361],[80.1179,15.361],[80.1179,15.3607],[80.1176,15.3607],[80.1176,15.3601],[80.1174,15.3601],[80.1174,15.3596],[80.1171,15.3596],[80.1171,15.3593],[80.1168,15.3593],[80.1168,15.3588],[80.1165,15.3588],[80.1165,15.3582],[80.1162,15.3582],[80.1162,15.3576],[80.116,15.3576],[80.116,15.3571],[80.1157,15.3571],[80.1157,15.3565],[80.1154,15.3565],[80.1154,15.356],[80.1151,15.356],[80.1151,15.3554],[80.1149,15.3554],[80.1149,15.3549],[80.1146,15.3549],[80.1146,15.3543],[80.1143,15.3543],[80.1143,15.3538],[80.114,15.3538],[80.114,15.3532],[80.1137,15.3532],[80.1137,15.3529],[80.1135,15.3529],[80.1135,15.3524],[80.1132,15.3524],[80.1132,15.3518],[80.1129,15.3518],[80.1129,15.3512],[80.1126,15.3512],[80.1126,15.3507],[80.1124,15.3507],[80.1124,15.3501],[80.1121,15.3501],[80.1121,15.3496],[80.1118,15.3496],[80.1118,15.349],[80.1115,15.349],[80.1115,15.3488],[80.1112,15.3488],[80.1112,15.3479],[80.111,15.3479],[80.111,15.3474],[80.1107,15.3474],[80.1107,15.3468],[80.1104,15.3468],[80.1104,15.3463],[80.1101,15.3463],[80.1101,15.3454],[80.1099,15.3454],[80.1099,15.3449],[80.1096,15.3449],[80.1096,15.344],[80.1093,15.344],[80.1093,15.3435],[80.109,15.3435],[80.109,15.3426],[80.1087,15.3426],[80.1087,15.3421],[80.1085,15.3421],[80.1085,15.3413],[80.1082,15.3413],[80.1082,15.3407],[80.1079,15.3407],[80.1079,15.3399],[80.1076,15.3399],[80.1076,15.3393],[80.1074,15.3393],[80.1074,15.3385],[80.1071,15.3385],[80.1071,15.3374],[80.1068,15.3374],[80.1068,15.3365],[80.1065,15.3365],[80.1065,15.3357],[80.1062,15.3357],[80.1062,15.3346],[80.106,15.3346],[80.106,15.3337],[80.1057,15.3337],[80.1057,15.3335],[80.1054,15.3335],[80.1054,15.3318],[80.1051,15.3318],[80.1051,15.3293],[80.1054,15.3293],[80.1054,15.3279],[80.1051,15.3279],[80.1051,15.3274],[80.1049,15.3274],[80.1049,15.3271],[80.1046,15.3271],[80.1046,15.3268],[80.1043,15.3268],[80.1043,15.3265],[80.104,15.3265],[80.104,15.3263],[80.1038,15.3263],[80.1038,15.326],[80.1035,15.326],[80.1035,15.3257],[80.1032,15.3257],[80.1032,15.3254],[80.1026,15.3254],[80.1026,15.3249],[80.1024,15.3249],[80.1024,15.3246],[80.101,15.3246],[80.101,15.3249],[80.1001,15.3249],[80.1001,15.3251],[80.0993,15.3251],[80.0993,15.3249],[80.099,15.3249],[80.099,15.324],[80.0993,15.324],[80.0993,15.3237],[80.0996,15.3237],[80.0996,15.3235],[80.0999,15.3235],[80.0999,15.3232],[80.1004,15.3232],[80.1004,15.3226],[80.1007,15.3226],[80.1007,15.3221],[80.101,15.3221],[80.101,15.3212],[80.1012,15.3213],[80.1012,15.3196],[80.101,15.3196],[80.101,15.3193],[80.1012,15.3193],[80.1012,15.319],[80.101,15.319],[80.101,15.3182],[80.1007,15.3182],[80.1007,15.3179],[80.1004,15.3179],[80.1004,15.3174],[80.1001,15.3174],[80.1001,15.3171],[80.0999,15.3171],[80.0999,15.3165],[80.0996,15.3165],[80.0996,15.3162],[80.0993,15.3162],[80.0993,15.3157],[80.099,15.3157],[80.099,15.3154],[80.0987,15.3154],[80.0987,15.3151],[80.0985,15.3151],[80.0985,15.3149],[80.0982,15.3149],[80.0982,15.3143],[80.0979,15.3143],[80.0979,15.314],[80.0976,15.314],[80.0976,15.3138],[80.0971,15.3138],[80.0971,15.3135],[80.0963,15.3135],[80.0963,15.3132],[80.0957,15.3132],[80.0957,15.3135],[80.0943,15.3135],[80.0943,15.3138],[80.094,15.3138],[80.094,15.314],[80.0921,15.314],[80.0921,15.3143],[80.0895,15.3143],[80.0888,15.3143],[80.0888,15.314],[80.0879,15.314],[80.0879,15.3143],[80.0874,15.3143],[80.0874,15.3146],[80.086,15.3146],[80.086,15.3149],[80.0854,15.3149],[80.0854,15.3151],[80.0837,15.3151],[80.0837,15.3154],[80.0835,15.3154],[80.0835,15.3157],[80.0826,15.3157],[80.0826,15.316],[80.0813,15.316],[80.0813,15.3162],[80.0801,15.3162],[80.0801,15.316],[80.0799,15.316],[80.0799,15.3157],[80.0801,15.3157],[80.0801,15.3154],[80.0804,15.3154],[80.0804,15.3151],[80.0813,15.3151],[80.0813,15.3146],[80.0815,15.3146],[80.0815,15.3143],[80.0824,15.3143],[80.0824,15.314],[80.0829,15.314],[80.0829,15.3138],[80.0832,15.3138],[80.0832,15.3135],[80.0837,15.3135],[80.0837,15.3132],[80.0843,15.3132],[80.0843,15.3129],[80.0851,15.3129],[80.0851,15.3126],[80.086,15.3126],[80.086,15.3124],[80.0871,15.3124],[80.0871,15.3121],[80.0882,15.3121],[80.0882,15.3118],[80.0889,15.3118],[80.089,15.3118],[80.089,15.3115],[80.0899,15.3115],[80.0899,15.3113],[80.0907,15.3113],[80.0907,15.311],[80.0924,15.311],[80.0924,15.3107],[80.0938,15.3107],[80.0938,15.3104],[80.0949,15.3104],[80.0949,15.3101],[80.096,15.3101],[80.096,15.3099],[80.0976,15.3099],[80.0976,15.3101],[80.099,15.3101],[80.099,15.3099],[80.0993,15.3099],[80.0993,15.3096],[80.099,15.3096],[80.099,15.3093],[80.0987,15.3093],[80.0987,15.309],[80.0985,15.309],[80.0985,15.3085],[80.0982,15.3085],[80.0982,15.3079],[80.0979,15.3079],[80.0979,15.3076],[80.0976,15.3076],[80.0976,15.3074],[80.0974,15.3074],[80.0974,15.3071],[80.0971,15.3071],[80.0971,15.3062],[80.0968,15.3063],[80.0968,15.3057],[80.0965,15.3057],[80.0965,15.3051],[80.0963,15.3051],[80.0963,15.304],[80.096,15.304],[80.096,15.3038],[80.0957,15.3038],[80.0957,15.3032],[80.0954,15.3032],[80.0954,15.3024],[80.0951,15.3024],[80.0951,15.3015],[80.0949,15.3015],[80.0949,15.301],[80.0946,15.301],[80.0946,15.3007],[80.0943,15.3007],[80.0943,15.3001],[80.094,15.3001],[80.094,15.2999],[80.0938,15.2999],[80.0938,15.2993],[80.0935,15.2993],[80.0935,15.299],[80.0932,15.299],[80.0932,15.2982],[80.0929,15.2982],[80.0929,15.2974],[80.0926,15.2974],[80.0926,15.2968],[80.0924,15.2968],[80.0924,15.2962],[80.0921,15.2962],[80.0921,15.2954],[80.0918,15.2954],[80.0918,15.2949],[80.0915,15.2949],[80.0915,15.2943],[80.0912,15.2943],[80.0912,15.2938],[80.091,15.2938],[80.091,15.2926],[80.0907,15.2926],[80.0907,15.2918],[80.0904,15.2918],[80.0904,15.2907],[80.0901,15.2907],[80.0901,15.2899],[80.0899,15.2899],[80.0899,15.2888],[80.0896,15.2888],[80.0896,15.2879],[80.0893,15.2879],[80.0893,15.2871],[80.089,15.2871],[80.089,15.2863],[80.0888,15.2863],[80.0888,15.2857],[80.0885,15.2857],[80.0885,15.2849],[80.0882,15.2849],[80.0882,15.284],[80.0879,15.284],[80.0879,15.2832],[80.0876,15.2832],[80.0876,15.2824],[80.0874,15.2824],[80.0874,15.2818],[80.0871,15.2818],[80.0871,15.2799],[80.0868,15.2799],[80.0868,15.2793],[80.0865,15.2793],[80.0865,15.2776],[80.0863,15.2776],[80.0863,15.2771],[80.086,15.2771],[80.086,15.2765],[80.0857,15.2765],[80.0857,15.276],[80.0854,15.276],[80.0854,15.2754],[80.0851,15.2754],[80.0851,15.2749],[80.0849,15.2749],[80.0849,15.2704],[80.0846,15.2704],[80.0846,15.2693],[80.0843,15.2693],[80.0843,15.2685],[80.084,15.2685],[80.084,15.2676],[80.0837,15.2676],[80.0837,15.2671],[80.0835,15.2671],[80.0835,15.264],[80.0832,15.264],[80.0832,15.2624],[80.0829,15.2624],[80.0829,15.2537],[80.0832,15.2538],[80.0832,15.2526],[80.0835,15.2526],[80.0835,15.2515],[80.0837,15.2515],[80.0837,15.2501],[80.084,15.2501],[80.084,15.2487],[80.0843,15.2487],[80.0843,15.2476],[80.0846,15.2476],[80.0846,15.2465],[80.0849,15.2465],[80.0849,15.2457],[80.0851,15.2457],[80.0851,15.2451],[80.0854,15.2451],[80.0854,15.2443],[80.0857,15.2443],[80.0857,15.2435],[80.086,15.2435],[80.086,15.2429],[80.0863,15.2429],[80.0863,15.2418],[80.0865,15.2418],[80.0865,15.2404],[80.0868,15.2404],[80.0868,15.2388],[80.0871,15.2388],[80.0871,15.2374],[80.0874,15.2374],[80.0874,15.2324],[80.0876,15.2324],[80.0876,15.2274],[80.0879,15.2274],[80.0879,15.2251],[80.0882,15.2251],[80.0882,15.224],[80.0885,15.224],[80.0885,15.2193],[80.0882,15.2193],[80.0882,15.2179],[80.0879,15.2179],[80.0879,15.2157],[80.0876,15.2157],[80.0876,15.2135],[80.0874,15.2135],[80.0874,15.2118],[80.0871,15.2118],[80.0871,15.2107],[80.0868,15.2107],[80.0868,15.2099],[80.0865,15.2099],[80.0865,15.2082],[80.0863,15.2082],[80.0863,15.2065],[80.086,15.2065],[80.086,15.2049],[80.0857,15.2049],[80.0857,15.2032],[80.0854,15.2032],[80.0854,15.2015],[80.0851,15.2015],[80.0851,15.2004],[80.0849,15.2004],[80.0849,15.1993],[80.0846,15.1993],[80.0846,15.1985],[80.0843,15.1985],[80.0843,15.1974],[80.084,15.1974],[80.084,15.1965],[80.0837,15.1965],[80.0837,15.1954],[80.0835,15.1954],[80.0835,15.1946],[80.0832,15.1946],[80.0832,15.1943],[80.0829,15.1943],[80.0829,15.1938],[80.0826,15.1938],[80.0826,15.1932],[80.0824,15.1932],[80.0824,15.1929],[80.0821,15.1929],[80.0821,15.1926],[80.0818,15.1926],[80.0818,15.1924],[80.0815,15.1924],[80.0815,15.1921],[80.0813,15.1921],[80.0813,15.1918],[80.081,15.1918],[80.081,15.1912],[80.0807,15.1913],[80.0807,15.191],[80.0804,15.191],[80.0804,15.1907],[80.0801,15.1907],[80.0801,15.1904],[80.079,15.1904],[80.079,15.1901],[80.0788,15.1901],[80.0788,15.1899],[80.0785,15.1899],[80.0785,15.1896],[80.0782,15.1896],[80.0782,15.189],[80.0771,15.189],[80.0771,15.1893],[80.0757,15.1893],[80.0757,15.1896],[80.0751,15.1896],[80.0751,15.1899],[80.075,15.1899],[80.0746,15.1899],[80.0746,15.1901],[80.0743,15.1901],[80.0743,15.1904],[80.074,15.1904],[80.074,15.1907],[80.0735,15.1907],[80.0735,15.191],[80.0729,15.191],[80.0729,15.1913],[80.0721,15.1913],[80.0721,15.1915],[80.0718,15.1915],[80.0718,15.1918],[80.0715,15.1918],[80.0715,15.1921],[80.0707,15.1921],[80.0707,15.1924],[80.0704,15.1924],[80.0704,15.1926],[80.0699,15.1926],[80.0699,15.1929],[80.0696,15.1929],[80.0696,15.1935],[80.0693,15.1935],[80.0693,15.1938],[80.069,15.1938],[80.069,15.194],[80.0687,15.194],[80.0687,15.1943],[80.0685,15.1943],[80.0685,15.1949],[80.0682,15.1949],[80.0682,15.1954],[80.0679,15.1954],[80.0679,15.1957],[80.0676,15.1957],[80.0676,15.196],[80.0674,15.196],[80.0674,15.1962],[80.0671,15.1962],[80.0671,15.1968],[80.0668,15.1968],[80.0668,15.1971],[80.0665,15.1971],[80.0665,15.1976],[80.066,15.1976],[80.066,15.1979],[80.0657,15.1979],[80.0657,15.1982],[80.0651,15.1982],[80.0651,15.1985],[80.0649,15.1985],[80.0649,15.1987],[80.0643,15.1987],[80.0643,15.1993],[80.0638,15.1993],[80.0638,15.1996],[80.0635,15.1996],[80.0635,15.1999],[80.0632,15.1999],[80.0632,15.2001],[80.0629,15.2001],[80.0629,15.2004],[80.0624,15.2004],[80.0624,15.2007],[80.0621,15.2007],[80.0621,15.201],[80.0615,15.201],[80.0615,15.2013],[80.0612,15.2013],[80.0612,15.2015],[80.061,15.2015],[80.061,15.2018],[80.0607,15.2018],[80.0607,15.2021],[80.0599,15.2021],[80.0599,15.2024],[80.0593,15.2024],[80.0593,15.2026],[80.0587,15.2026],[80.0587,15.2029],[80.0582,15.2029],[80.0582,15.2032],[80.0579,15.2032],[80.0579,15.2035],[80.0576,15.2035],[80.0576,15.2038],[80.0574,15.2037],[80.0574,15.204],[80.0571,15.204],[80.0571,15.2043],[80.0568,15.2043],[80.0568,15.2049],[80.0565,15.2049],[80.0565,15.2051],[80.0563,15.2051],[80.0563,15.2054],[80.056,15.2054],[80.056,15.2057],[80.0554,15.2057],[80.0554,15.206],[80.0551,15.206],[80.0551,15.2063],[80.0549,15.2063],[80.0549,15.2065],[80.0546,15.2065],[80.0546,15.2068],[80.054,15.2068],[80.054,15.2071],[80.0535,15.2071],[80.0535,15.2074],[80.0529,15.2074],[80.0529,15.2076],[80.0521,15.2076],[80.0521,15.2079],[80.0515,15.2079],[80.0515,15.2082],[80.0504,15.2082],[80.0504,15.2085],[80.0501,15.2085],[80.0501,15.2088],[80.0496,15.2088],[80.0496,15.209],[80.0488,15.209],[80.0488,15.2093],[80.0485,15.2093],[80.0485,15.2096],[80.0474,15.2096],[80.0474,15.2099],[80.0465,15.2099],[80.0465,15.2096],[80.0462,15.2096],[80.0462,15.2093],[80.046,15.2093],[80.046,15.2085],[80.0462,15.2085],[80.0462,15.2082],[80.0468,15.2082],[80.0468,15.2079],[80.0474,15.2079],[80.0474,15.2076],[80.0482,15.2076],[80.0482,15.2074],[80.0488,15.2074],[80.0488,15.2071],[80.049,15.2071],[80.049,15.2068],[80.0496,15.2068],[80.0496,15.2065],[80.0501,15.2065],[80.0501,15.206],[80.0504,15.206],[80.0504,15.2057],[80.051,15.2057],[80.051,15.2051],[80.0512,15.2051],[80.0512,15.2049],[80.0515,15.2049],[80.0515,15.2046],[80.0518,15.2046],[80.0518,15.2043],[80.0524,15.2043],[80.0524,15.204],[80.0526,15.204],[80.0526,15.2037],[80.0529,15.2038],[80.0529,15.2032],[80.0532,15.2032],[80.0532,15.2029],[80.0535,15.2029],[80.0535,15.2026],[80.0537,15.2026],[80.0537,15.2024],[80.054,15.2024],[80.054,15.2021],[80.0543,15.2021],[80.0543,15.2018],[80.0549,15.2018],[80.0549,15.2015],[80.0551,15.2015],[80.0551,15.2013],[80.0554,15.2013],[80.0554,15.2007],[80.0557,15.2007],[80.0557,15.1999],[80.056,15.1999],[80.056,15.1996],[80.0563,15.1996],[80.0563,15.1993],[80.0565,15.1993],[80.0565,15.199],[80.0568,15.199],[80.0568,15.1985],[80.0571,15.1985],[80.0571,15.1982],[80.0574,15.1982],[80.0574,15.1979],[80.0576,15.1979],[80.0576,15.1976],[80.0579,15.1976],[80.0579,15.1974],[80.0585,15.1974],[80.0585,15.1971],[80.059,15.1971],[80.059,15.1968],[80.0593,15.1968],[80.0593,15.1965],[80.0596,15.1965],[80.0596,15.1962],[80.0599,15.1962],[80.0599,15.1957],[80.0601,15.1957],[80.0601,15.1954],[80.0604,15.1954],[80.0604,15.1951],[80.0607,15.1951],[80.0607,15.1949],[80.061,15.1949],[80.061,15.1946],[80.0612,15.1946],[80.0612,15.1943],[80.0615,15.1943],[80.0615,15.194],[80.0618,15.194],[80.0618,15.1938],[80.0621,15.1938],[80.0621,15.1932],[80.0624,15.1932],[80.0624,15.1929],[80.0626,15.1929],[80.0626,15.1926],[80.0629,15.1926],[80.0629,15.1924],[80.0635,15.1924],[80.0635,15.1921],[80.0638,15.1921],[80.0638,15.1915],[80.0635,15.1915],[80.0635,15.1913],[80.0624,15.1913],[80.0624,15.1915],[80.0621,15.1915],[80.0621,15.1918],[80.0612,15.1918],[80.0612,15.1915],[80.061,15.1915],[80.061,15.1913],[80.0607,15.1913],[80.0607,15.1907],[80.061,15.1907],[80.061,15.1904],[80.0618,15.1904],[80.0618,15.1901],[80.0629,15.1901],[80.0629,15.1899],[80.0632,15.1899],[80.0632,15.1896],[80.0643,15.1896],[80.0643,15.1893],[80.0651,15.1893],[80.0651,15.1887],[80.0657,15.1887],[80.0657,15.1885],[80.066,15.1885],[80.066,15.1882],[80.0665,15.1882],[80.0665,15.1876],[80.0668,15.1876],[80.0668,15.1871],[80.0674,15.1871],[80.0674,15.1868],[80.0679,15.1868],[80.0679,15.1865],[80.0685,15.1865],[80.0685,15.1863],[80.0687,15.1863],[80.0687,15.186],[80.0693,15.186],[80.0693,15.1857],[80.0699,15.1857],[80.0699,15.1854],[80.0701,15.1854],[80.0701,15.1851],[80.0707,15.1851],[80.0707,15.1849],[80.0713,15.1849],[80.0713,15.1846],[80.0715,15.1846],[80.0715,15.1843],[80.0731,15.1843],[80.0732,15.1843],[80.0732,15.184],[80.0735,15.184],[80.0735,15.1838],[80.074,15.1838],[80.074,15.1832],[80.0749,15.1832],[80.0749,15.1829],[80.0754,15.1829],[80.0754,15.1826],[80.076,15.1826],[80.076,15.1824],[80.0762,15.1824],[80.0762,15.1821],[80.0774,15.1821],[80.0774,15.1818],[80.0782,15.1818],[80.0782,15.1824],[80.0785,15.1824],[80.0785,15.1829],[80.0788,15.1829],[80.0788,15.1835],[80.079,15.1835],[80.079,15.184],[80.0793,15.184],[80.0793,15.1846],[80.0796,15.1846],[80.0796,15.1851],[80.0799,15.1851],[80.0799,15.1857],[80.0801,15.1857],[80.0801,15.186],[80.0804,15.186],[80.0804,15.1863],[80.081,15.1863],[80.081,15.186],[80.0813,15.186],[80.0813,15.1854],[80.081,15.1854],[80.081,15.1846],[80.0807,15.1846],[80.0807,15.1838],[80.0804,15.1838],[80.0804,15.1832],[80.0801,15.1832],[80.0801,15.1826],[80.0799,15.1826],[80.0799,15.1821],[80.0796,15.1821],[80.0796,15.1815],[80.0793,15.1815],[80.0793,15.181],[80.079,15.181],[80.079,15.1807],[80.0782,15.1807],[80.0782,15.1799],[80.0779,15.1799],[80.0779,15.1796],[80.0776,15.1796],[80.0776,15.179],[80.0774,15.179],[80.0774,15.1785],[80.0771,15.1785],[80.0771,15.1782],[80.0768,15.1782],[80.0768,15.1776],[80.0765,15.1776],[80.0765,15.1771],[80.0762,15.1771],[80.0762,15.1765],[80.076,15.1765],[80.076,15.176],[80.0757,15.176],[80.0757,15.1754],[80.0754,15.1754],[80.0754,15.1749],[80.0751,15.1749],[80.0751,15.1746],[80.0749,15.1746],[80.0749,15.174],[80.0746,15.174],[80.0746,15.1735],[80.0743,15.1735],[80.0743,15.1729],[80.074,15.1729],[80.074,15.1724],[80.0738,15.1724],[80.0738,15.1718],[80.0735,15.1718],[80.0735,15.1713],[80.0732,15.1713],[80.0732,15.1707],[80.0729,15.1707],[80.0729,15.1701],[80.0726,15.1701],[80.0726,15.1696],[80.0724,15.1696],[80.0724,15.169],[80.0721,15.169],[80.0721,15.1682],[80.0718,15.1682],[80.0718,15.1676],[80.0715,15.1676],[80.0715,15.1671],[80.0713,15.1671],[80.0713,15.1665],[80.071,15.1665],[80.071,15.166],[80.0707,15.166],[80.0707,15.1654],[80.0704,15.1654],[80.0704,15.1649],[80.0701,15.1649],[80.0701,15.1643],[80.0699,15.1643],[80.0699,15.1637],[80.0696,15.1637],[80.0696,15.1632],[80.0693,15.1632],[80.0693,15.1626],[80.069,15.1626],[80.069,15.1621],[80.0687,15.1621],[80.0687,15.1615],[80.0685,15.1615],[80.0685,15.161],[80.0682,15.161],[80.0682,15.1604],[80.0679,15.1604],[80.0679,15.1599],[80.0676,15.1599],[80.0676,15.1593],[80.0674,15.1593],[80.0674,15.1588],[80.0671,15.1588],[80.0671,15.1582],[80.0668,15.1582],[80.0668,15.1576],[80.0665,15.1576],[80.0665,15.1568],[80.0662,15.1568],[80.0662,15.156],[80.066,15.156],[80.066,15.1551],[80.0657,15.1551],[80.0657,15.1546],[80.0654,15.1546],[80.0654,15.1538],[80.0651,15.1538],[80.0651,15.1532],[80.0649,15.1532],[80.0649,15.1521],[80.0646,15.1521],[80.0646,15.1513],[80.0643,15.1513],[80.0643,15.1501],[80.064,15.1501],[80.064,15.1493],[80.0638,15.1493],[80.0638,15.1485],[80.0635,15.1485],[80.0635,15.1476],[80.0632,15.1476],[80.0632,15.1465],[80.0629,15.1465],[80.0629,15.1457],[80.0626,15.1457],[80.0626,15.1449],[80.0624,15.1449],[80.0624,15.144],[80.0621,15.144],[80.0621,15.1432],[80.0618,15.1432],[80.0618,15.1421],[80.0615,15.1421],[80.0615,15.1412],[80.0612,15.1412],[80.0612,15.1404],[80.061,15.1404],[80.061,15.1396],[80.0607,15.1396],[80.0607,15.1385],[80.0604,15.1385],[80.0604,15.1374],[80.0601,15.1374],[80.0601,15.1362],[80.0599,15.1362],[80.0599,15.1354],[80.0596,15.1354],[80.0596,15.1343],[80.0593,15.1343],[80.0593,15.1332],[80.059,15.1332],[80.059,15.1326],[80.0587,15.1326],[80.0587,15.1318],[80.0585,15.1318],[80.0585,15.1313],[80.0582,15.1313],[80.0582,15.1307],[80.0579,15.1307],[80.0579,15.1293],[80.0576,15.1293],[80.0576,15.1285],[80.0574,15.1285],[80.0574,15.1279],[80.0571,15.1279],[80.0571,15.1271],[80.0568,15.1271],[80.0568,15.1263],[80.0565,15.1263],[80.0565,15.1254],[80.0563,15.1254],[80.0563,15.1246],[80.056,15.1246],[80.056,15.1238],[80.0557,15.1238],[80.0557,15.1229],[80.0554,15.1229],[80.0554,15.1218],[80.0551,15.1218],[80.0551,15.121],[80.0549,15.121],[80.0549,15.1201],[80.0546,15.1201],[80.0546,15.1193],[80.0543,15.1193],[80.0543,15.1185],[80.054,15.1185],[80.054,15.1176],[80.0537,15.1176],[80.0537,15.1165],[80.0535,15.1165],[80.0535,15.1154],[80.0532,15.1154],[80.0532,15.1146],[80.0529,15.1146],[80.0529,15.1135],[80.0526,15.1135],[80.0526,15.1124],[80.0524,15.1124],[80.0524,15.1113],[80.0521,15.1113],[80.0521,15.1101],[80.0518,15.1101],[80.0518,15.109],[80.0515,15.109],[80.0515,15.1079],[80.0512,15.1079],[80.0512,15.1068],[80.051,15.1068],[80.051,15.1049],[80.0507,15.1049],[80.0507,15.1032],[80.0504,15.1032],[80.0504,15.1026],[80.0501,15.1026],[80.0501,15.1013],[80.0499,15.1013],[80.0499,15.1001],[80.0496,15.1001],[80.0496,15.099],[80.0493,15.099],[80.0493,15.0974],[80.049,15.0974],[80.049,15.0951],[80.0488,15.0951],[80.0488,15.0946],[80.0485,15.0946],[80.0485,15.0907],[80.0482,15.0907],[80.0482,15.0887],[80.0479,15.0888],[80.0479,15.0773],[80.0482,15.0774],[80.0482,15.069],[80.0485,15.069],[80.0485,15.0626],[80.0488,15.0626],[80.0488,15.0604],[80.049,15.0604],[80.049,15.0518],[80.0493,15.0518],[80.0493,15.0457],[80.0496,15.0457],[80.0496,15.0429],[80.0499,15.0429],[80.0499,15.0379],[80.0501,15.0379],[80.0501,15.0363],[80.0504,15.0363],[80.0504,15.0335],[80.0507,15.0335],[80.0507,15.0279],[80.051,15.0279],[80.051,15.0265],[80.0512,15.0265],[80.0512,15.0257],[80.0515,15.0257],[80.0515,15.0246],[80.0518,15.0246],[80.0518,15.0235],[80.0521,15.0235],[80.0521,15.0218],[80.0524,15.0218],[80.0524,15.0199],[80.0526,15.0199],[80.0526,15.0185],[80.0529,15.0185],[80.0529,15.0149],[80.0532,15.0149],[80.0532,15.0112],[80.0535,15.0113],[80.0535,15.0097],[80.0535,15.0085],[80.0537,15.0085],[80.0537,15.0068],[80.054,15.0068],[80.054,15.0057],[80.0543,15.0057],[80.0543,15.0032],[80.0546,15.0032],[80.0546,14.9999],[80.0546,14.9993],[80.0549,14.9993],[80.0549,14.9982],[80.0551,14.9982],[80.0551,14.9968],[80.0554,14.9968],[80.0554,14.9957],[80.0557,14.9957],[80.0557,14.9943],[80.056,14.9943],[80.056,14.9932],[80.0563,14.9932],[80.0563,14.9921],[80.0565,14.9921],[80.0565,14.9907],[80.0568,14.9907],[80.0568,14.9896],[80.0571,14.9896],[80.0571,14.9882],[80.0574,14.9882],[80.0574,14.9871],[80.0576,14.9871],[80.0576,14.9857],[80.0579,14.9857],[80.0579,14.9843],[80.0582,14.9843],[80.0582,14.9826],[80.0585,14.9826],[80.0585,14.9812],[80.0587,14.9812],[80.0587,14.9799],[80.059,14.9799],[80.059,14.9785],[80.0593,14.9785],[80.0593,14.9768],[80.0596,14.9768],[80.0596,14.9754],[80.0599,14.9754],[80.0599,14.974],[80.0601,14.974],[80.0601,14.9724],[80.0604,14.9724],[80.0604,14.971],[80.0607,14.971],[80.0607,14.9693],[80.061,14.9693],[80.061,14.9679],[80.0612,14.9679],[80.0612,14.9668],[80.0615,14.9668],[80.0615,14.9663],[80.0618,14.9663],[80.0618,14.9643],[80.0621,14.9643],[80.0621,14.9638],[80.0618,14.9638],[80.0618,14.9632],[80.0621,14.9632],[80.0621,14.9621],[80.0629,14.9621],[80.0629,14.9615],[80.0624,14.9615],[80.0624,14.9604],[80.0626,14.9604],[80.0626,14.9599],[80.0629,14.9599],[80.0629,14.9587],[80.0632,14.9587],[80.0632,14.956],[80.0635,14.956],[80.0635,14.9554],[80.0638,14.9554],[80.0638,14.9543],[80.0635,14.9543],[80.0635,14.9535],[80.0638,14.9535],[80.0638,14.9524],[80.064,14.9524],[80.064,14.9501],[80.0643,14.9501],[80.0643,14.9485],[80.0646,14.9485],[80.0646,14.9471],[80.0649,14.9471],[80.0649,14.946],[80.0651,14.946],[80.0651,14.9454],[80.0654,14.9454],[80.0654,14.9448],[80.0657,14.9449],[80.0657,14.9438],[80.066,14.9438],[80.066,14.9435],[80.0665,14.9435],[80.0665,14.9426],[80.0662,14.9426],[80.0662,14.9421],[80.066,14.9421],[80.066,14.9412],[80.0662,14.9412],[80.0662,14.9404],[80.0665,14.9404],[80.0665,14.9396],[80.0668,14.9396],[80.0668,14.9379],[80.0671,14.9379],[80.0671,14.9371],[80.0674,14.9371],[80.0674,14.9365],[80.0676,14.9365],[80.0676,14.936],[80.0679,14.936],[80.0679,14.9338],[80.0676,14.9338],[80.0676,14.9332],[80.0679,14.9332],[80.0679,14.9326],[80.0682,14.9326],[80.0682,14.9315],[80.0685,14.9315],[80.0685,14.929],[80.0687,14.929],[80.0687,14.9271],[80.069,14.9271],[80.069,14.9265],[80.0693,14.9265],[80.0693,14.926],[80.0696,14.926],[80.0696,14.9254],[80.0699,14.9254],[80.0699,14.9249],[80.0701,14.9249],[80.0701,14.924],[80.0704,14.924],[80.0704,14.9235],[80.0707,14.9235],[80.0707,14.9232],[80.071,14.9232],[80.071,14.9229],[80.0713,14.9229],[80.0713,14.9224],[80.0715,14.9224],[80.0715,14.9221],[80.0718,14.9221],[80.0718,14.9215],[80.0721,14.9215],[80.0721,14.9212],[80.0724,14.9212],[80.0724,14.9207],[80.0726,14.9207],[80.0726,14.9204],[80.0729,14.9204],[80.0729,14.9201],[80.0732,14.9201],[80.0732,14.9196],[80.0735,14.9196],[80.0735,14.919],[80.0738,14.919],[80.0738,14.9182],[80.074,14.9182],[80.074,14.9176],[80.0743,14.9176],[80.0743,14.9171],[80.0746,14.9171],[80.0746,14.9165],[80.0749,14.9165],[80.0749,14.916],[80.0751,14.916],[80.0751,14.9154],[80.0754,14.9154],[80.0754,14.9143],[80.0757,14.9143],[80.0757,14.9135],[80.076,14.9135],[80.076,14.9124],[80.0762,14.9124],[80.0762,14.9115],[80.0765,14.9115],[80.0765,14.9104],[80.0768,14.9104],[80.0768,14.9096],[80.0771,14.9096],[80.0771,14.9085],[80.0774,14.9085],[80.0774,14.9076],[80.0776,14.9076],[80.0776,14.9065],[80.0779,14.9065],[80.0779,14.9057],[80.0782,14.9057],[80.0782,14.9046],[80.0785,14.9046],[80.0785,14.9038],[80.0788,14.9038],[80.0788,14.9026],[80.079,14.9026],[80.079,14.9015],[80.0793,14.9015],[80.0793,14.9007],[80.0796,14.9007],[80.0796,14.8996],[80.0799,14.8996],[80.0799,14.8988],[80.0801,14.8988],[80.0801,14.8976],[80.0804,14.8976],[80.0804,14.8968],[80.0807,14.8968],[80.0807,14.8957],[80.081,14.8957],[80.081,14.8946],[80.0813,14.8946],[80.0813,14.8937],[80.0815,14.8937],[80.0815,14.8926],[80.0818,14.8926],[80.0818,14.8915],[80.0821,14.8915],[80.0821,14.8907],[80.0824,14.8907],[80.0824,14.8896],[80.0826,14.8896],[80.0826,14.8887],[80.0829,14.8888],[80.0829,14.8876],[80.0832,14.8876],[80.0832,14.8865],[80.0835,14.8865],[80.0835,14.8854],[80.0837,14.8854],[80.0837,14.8838],[80.084,14.8838],[80.084,14.8821],[80.0843,14.8821],[80.0843,14.8807],[80.0846,14.8807],[80.0846,14.879],[80.0849,14.879],[80.0849,14.8768],[80.0851,14.8768],[80.0851,14.874],[80.0854,14.874],[80.0854,14.8713],[80.0857,14.8713],[80.0857,14.8665],[80.086,14.8665],[80.086,14.8599],[80.0863,14.8599],[80.0863,14.8521],[80.0865,14.8521],[80.0865,14.8499],[80.0868,14.8499],[80.0868,14.8496],[80.0871,14.8496],[80.0871,14.849],[80.0874,14.849],[80.0874,14.8485],[80.0871,14.8485],[80.0871,14.8479],[80.0868,14.8479],[80.0868,14.8471],[80.0865,14.8471],[80.0865,14.8449],[80.0868,14.8449],[80.0868,14.8404],[80.0871,14.8404],[80.0871,14.8365],[80.0874,14.8365],[80.0874,14.8332],[80.0871,14.8332],[80.0871,14.8307],[80.0874,14.8307],[80.0874,14.8268],[80.0876,14.8268],[80.0876,14.8243],[80.0879,14.8243],[80.0879,14.8226],[80.0882,14.8226],[80.0882,14.8215],[80.0876,14.8215],[80.0876,14.8221],[80.0874,14.8221],[80.0874,14.8224],[80.0871,14.8224],[80.0871,14.8226],[80.0865,14.8226],[80.0865,14.8229],[80.086,14.8229],[80.086,14.8226],[80.0843,14.8226],[80.0843,14.8215],[80.0851,14.8215],[80.0851,14.8218],[80.0868,14.8218],[80.0868,14.8212],[80.0871,14.8212],[80.0871,14.821],[80.0874,14.821],[80.0874,14.8201],[80.0871,14.8201],[80.0871,14.8193],[80.0874,14.8193],[80.0874,14.819],[80.0876,14.819],[80.0876,14.8188],[80.0879,14.8188],[80.0879,14.8182],[80.0882,14.8182],[80.0882,14.8179],[80.0885,14.8179],[80.0885,14.8176],[80.0888,14.8176],[80.0888,14.8171],[80.0885,14.8171],[80.0885,14.816],[80.0882,14.816],[80.0882,14.8151],[80.0885,14.8151],[80.0885,14.8146],[80.0888,14.8146],[80.0888,14.814],[80.089,14.814],[80.089,14.8127],[80.0888,14.8127],[80.0888,14.8115],[80.0879,14.8115],[80.0879,14.8113],[80.0871,14.8113],[80.0871,14.811],[80.0863,14.811],[80.0863,14.8107],[80.0851,14.8107],[80.0851,14.8104],[80.0843,14.8104],[80.0843,14.8101],[80.0835,14.8101],[80.0835,14.8099],[80.0818,14.8099],[80.0818,14.8101],[80.0807,14.8101],[80.0807,14.8104],[80.0804,14.8104],[80.0804,14.8107],[80.0801,14.8107],[80.0801,14.811],[80.0799,14.811],[80.0799,14.8113],[80.0793,14.8113],[80.0793,14.8115],[80.079,14.8115],[80.079,14.8118],[80.0788,14.8118],[80.0788,14.8121],[80.0785,14.8121],[80.0785,14.8124],[80.0782,14.8124],[80.0782,14.8127],[80.0776,14.8127],[80.0776,14.8129],[80.0774,14.8129],[80.0774,14.8132],[80.0771,14.8132],[80.0771,14.8135],[80.0768,14.8135],[80.0768,14.8137],[80.0765,14.8137],[80.0765,14.814],[80.0762,14.814],[80.0762,14.8143],[80.0757,14.8143],[80.0757,14.8144],[80.0757,14.8146],[80.0754,14.8146],[80.0754,14.8149],[80.0749,14.8149],[80.0749,14.8151],[80.0746,14.8151],[80.0746,14.8154],[80.0743,14.8154],[80.0743,14.8157],[80.0738,14.8157],[80.0738,14.816],[80.0735,14.816],[80.0735,14.8162],[80.0729,14.8162],[80.0729,14.8165],[80.0721,14.8165],[80.0721,14.8168],[80.0715,14.8168],[80.0715,14.8171],[80.0707,14.8171],[80.0707,14.8174],[80.0701,14.8174],[80.0701,14.8176],[80.0699,14.8176],[80.0699,14.8179],[80.0696,14.8179],[80.0696,14.8182],[80.0693,14.8182],[80.0693,14.8185],[80.069,14.8185],[80.069,14.8188],[80.0687,14.8188],[80.0687,14.8193],[80.0682,14.8193],[80.0682,14.8196],[80.0674,14.8196],[80.0674,14.8199],[80.0668,14.8199],[80.0668,14.8201],[80.0662,14.8201],[80.0662,14.8204],[80.0649,14.8204],[80.0649,14.8207],[80.0635,14.8207],[80.0635,14.821],[80.0629,14.821],[80.0629,14.8212],[80.0612,14.8212],[80.0612,14.821],[80.0607,14.821],[80.0607,14.8207],[80.0601,14.8207],[80.0601,14.8204],[80.0596,14.8204],[80.0596,14.8201],[80.0593,14.8201],[80.0593,14.8199],[80.0607,14.8199],[80.0607,14.8201],[80.0626,14.8201],[80.0626,14.8199],[80.0635,14.8199],[80.0635,14.8196],[80.064,14.8196],[80.064,14.8193],[80.0649,14.8193],[80.0649,14.819],[80.0662,14.819],[80.0662,14.8188],[80.0668,14.8188],[80.0668,14.8185],[80.0671,14.8185],[80.0671,14.8182],[80.0674,14.8182],[80.0674,14.8179],[80.0676,14.8179],[80.0676,14.8176],[80.0679,14.8176],[80.0679,14.8171],[80.0682,14.8171],[80.0682,14.8168],[80.0687,14.8168],[80.0687,14.8165],[80.069,14.8165],[80.069,14.8162],[80.0696,14.8162],[80.0696,14.816],[80.0704,14.816],[80.0704,14.8157],[80.071,14.8157],[80.071,14.8154],[80.0713,14.8154],[80.0713,14.8151],[80.0715,14.8151],[80.0715,14.8143],[80.0718,14.8143],[80.0718,14.814],[80.0724,14.814],[80.0724,14.8137],[80.0726,14.8137],[80.0726,14.8135],[80.0729,14.8135],[80.0729,14.8132],[80.0749,14.8132],[80.0749,14.8129],[80.0751,14.8129],[80.0751,14.8124],[80.0751,14.8121],[80.0754,14.8121],[80.0754,14.8118],[80.0752,14.8118],[80.0746,14.8118],[80.0746,14.8121],[80.0743,14.8121],[80.0743,14.8118],[80.074,14.8118],[80.074,14.8115],[80.0743,14.8115],[80.0743,14.8107],[80.0746,14.8107],[80.0746,14.8104],[80.0756,14.8104],[80.076,14.8104],[80.076,14.8107],[80.0762,14.8107],[80.0762,14.8104],[80.0771,14.8104],[80.0771,14.8101],[80.0776,14.8101],[80.0776,14.8099],[80.0782,14.8099],[80.0782,14.8096],[80.079,14.8096],[80.079,14.8093],[80.0796,14.8093],[80.0796,14.809],[80.0801,14.809],[80.0801,14.8087],[80.0804,14.8087],[80.0804,14.8085],[80.081,14.8085],[80.081,14.8082],[80.0815,14.8082],[80.0815,14.8079],[80.0818,14.8079],[80.0818,14.8076],[80.0829,14.8076],[80.0829,14.8079],[80.0832,14.8079],[80.0832,14.8082],[80.0857,14.8082],[80.0857,14.8085],[80.0863,14.8085],[80.0863,14.8082],[80.0865,14.8082],[80.0865,14.8085],[80.0871,14.8085],[80.0871,14.8087],[80.0874,14.8087],[80.0874,14.809],[80.0879,14.809],[80.0879,14.8093],[80.0893,14.8093],[80.0893,14.8096],[80.0904,14.8096],[80.0904,14.8099],[80.091,14.8099],[80.091,14.8101],[80.0912,14.8101],[80.0912,14.811],[80.0921,14.811],[80.0921,14.8107],[80.0924,14.8107],[80.0924,14.8104],[80.0929,14.8104],[80.0929,14.8101],[80.0932,14.8101],[80.0932,14.8093],[80.0935,14.8093],[80.0935,14.809],[80.0926,14.809],[80.0926,14.8087],[80.0924,14.8087],[80.0924,14.8085],[80.0926,14.8085],[80.0926,14.8082],[80.0929,14.8082],[80.0929,14.8068],[80.0926,14.8068],[80.0926,14.8063],[80.0929,14.8063],[80.0929,14.806],[80.0932,14.806],[80.0932,14.8057],[80.0929,14.8057],[80.0929,14.8051],[80.0932,14.8051],[80.0932,14.8049],[80.0929,14.8049],[80.0929,14.8046],[80.0932,14.8046],[80.0932,14.8038],[80.0929,14.8038],[80.0929,14.8035],[80.0932,14.8035],[80.0932,14.8032],[80.0935,14.8032],[80.0935,14.8026],[80.0938,14.8026],[80.0938,14.8024],[80.094,14.8024],[80.094,14.8021],[80.0938,14.8021],[80.0938,14.8015],[80.094,14.8015],[80.094,14.7996],[80.0946,14.7996],[80.0946,14.7993],[80.0943,14.7993],[80.0943,14.7985],[80.0946,14.7985],[80.0946,14.7968],[80.0943,14.7968],[80.0943,14.7963],[80.0946,14.7963],[80.0946,14.7957],[80.0949,14.7957],[80.0949,14.7954],[80.0951,14.7954],[80.0951,14.7951],[80.0954,14.7951],[80.0954,14.7935],[80.0957,14.7935],[80.0957,14.7929],[80.096,14.7929],[80.096,14.791],[80.0963,14.791],[80.0963,14.7901],[80.0965,14.7901],[80.0965,14.7893],[80.0968,14.7893],[80.0968,14.789],[80.0965,14.789],[80.0965,14.7882],[80.0963,14.7882],[80.0963,14.7876],[80.0965,14.7876],[80.0965,14.7874],[80.0968,14.7874],[80.0968,14.7868],[80.0971,14.7868],[80.0971,14.786],[80.0974,14.786],[80.0974,14.7849],[80.0979,14.7849],[80.0979,14.784],[80.0976,14.784],[80.0976,14.7838],[80.0979,14.7838],[80.0979,14.7826],[80.0985,14.7826],[80.0985,14.7821],[80.0982,14.7821],[80.0982,14.7818],[80.0976,14.7818],[80.0976,14.7815],[80.0979,14.7815],[80.0979,14.7807],[80.0982,14.7807],[80.0982,14.7793],[80.0985,14.7793],[80.0985,14.779],[80.0987,14.779],[80.0987,14.7785],[80.099,14.7785],[80.099,14.7776],[80.0993,14.7776],[80.0993,14.7771],[80.0999,14.7771],[80.0999,14.7763],[80.1001,14.7763],[80.1001,14.7757],[80.0999,14.7757],[80.0999,14.7751],[80.1001,14.7751],[80.1001,14.7743],[80.0999,14.7743],[80.0999,14.7735],[80.1001,14.7735],[80.1001,14.7729],[80.1004,14.7729],[80.1004,14.7726],[80.1007,14.7726],[80.1007,14.7718],[80.101,14.7718],[80.101,14.771],[80.1012,14.771],[80.1012,14.7704],[80.101,14.7704],[80.101,14.7699],[80.1012,14.7699],[80.1012,14.7693],[80.1015,14.7693],[80.1015,14.7682],[80.1018,14.7682],[80.1018,14.7674],[80.1024,14.7674],[80.1024,14.7671],[80.1029,14.7671],[80.1029,14.7662],[80.1035,14.7662],[80.1035,14.7654],[80.1038,14.7654],[80.1038,14.7649],[80.104,14.7649],[80.104,14.764],[80.1043,14.764],[80.1043,14.7632],[80.104,14.7632],[80.104,14.7626],[80.1038,14.7626],[80.1038,14.7618],[80.104,14.7618],[80.104,14.7615],[80.1043,14.7615],[80.1043,14.7607],[80.1046,14.7607],[80.1046,14.7604],[80.1049,14.7604],[80.1049,14.7601],[80.1051,14.7601],[80.1051,14.7599],[80.1054,14.7599],[80.1054,14.7587],[80.106,14.7588],[80.106,14.7585],[80.1057,14.7585],[80.1057,14.7571],[80.106,14.7571],[80.106,14.7568],[80.1062,14.7568],[80.1062,14.756],[80.1065,14.756],[80.1065,14.7554],[80.1068,14.7554],[80.1068,14.7551],[80.1074,14.7551],[80.1074,14.7546],[80.1071,14.7546],[80.1071,14.754],[80.1074,14.754],[80.1074,14.7537],[80.1076,14.7537],[80.1076,14.7535],[80.1079,14.7535],[80.1079,14.7532],[80.1082,14.7532],[80.1082,14.7529],[80.1085,14.7529],[80.1085,14.7513],[80.1087,14.7513],[80.1087,14.751],[80.109,14.751],[80.109,14.7507],[80.1093,14.7507],[80.1093,14.7501],[80.1096,14.7501],[80.1096,14.7493],[80.1101,14.7493],[80.1101,14.749],[80.1104,14.749],[80.1104,14.7485],[80.1107,14.7485],[80.1107,14.7468],[80.111,14.7468],[80.111,14.7462],[80.1113,14.7463],[80.1113,14.7457],[80.1115,14.7457],[80.1115,14.7456],[80.1115,14.744],[80.1118,14.744],[80.1118,14.7437],[80.1124,14.7437],[80.1124,14.744],[80.1135,14.744],[80.1135,14.7437],[80.1137,14.7437],[80.1137,14.7432],[80.114,14.7432],[80.114,14.7429],[80.1143,14.7429],[80.1143,14.7426],[80.1146,14.7426],[80.1146,14.7421],[80.1149,14.7421],[80.1149,14.7418],[80.1151,14.7418],[80.1151,14.7415],[80.1143,14.7415],[80.1143,14.7401],[80.1146,14.7401],[80.1146,14.7396],[80.1149,14.7396],[80.1149,14.7376],[80.1151,14.7376],[80.1151,14.7343],[80.1149,14.7343],[80.1149,14.7321],[80.1146,14.7321],[80.1146,14.7312],[80.1149,14.7312],[80.1149,14.731],[80.1151,14.731],[80.1151,14.7307],[80.1154,14.7307],[80.1154,14.731],[80.1157,14.731],[80.1157,14.7315],[80.116,14.7315],[80.116,14.7324],[80.1162,14.7324],[80.1162,14.7329],[80.1165,14.7329],[80.1165,14.7335],[80.1168,14.7335],[80.1168,14.734],[80.1165,14.734],[80.1165,14.7357],[80.1168,14.7357],[80.1168,14.7365],[80.1171,14.7365],[80.1171,14.7368],[80.1174,14.7368],[80.1174,14.7371],[80.1171,14.7371],[80.1171,14.7374],[80.1168,14.7374],[80.1168,14.7376],[80.1165,14.7376],[80.1165,14.7382],[80.1162,14.7382],[80.1162,14.7385],[80.116,14.7385],[80.116,14.7388],[80.1157,14.7388],[80.1157,14.7393],[80.116,14.7393],[80.116,14.7396],[80.1165,14.7396],[80.1165,14.7393],[80.1171,14.7393],[80.1171,14.739],[80.1174,14.739],[80.1174,14.7385],[80.1176,14.7385],[80.1176,14.7379],[80.1179,14.7379],[80.1179,14.7374],[80.1185,14.7374],[80.1185,14.7365],[80.1188,14.7365],[80.1188,14.736],[80.119,14.736],[80.119,14.7357],[80.1196,14.7357],[80.1196,14.7351],[80.1201,14.7351],[80.1201,14.7349],[80.1204,14.7349],[80.1204,14.7343],[80.121,14.7343],[80.121,14.734],[80.1212,14.734],[80.1212,14.7338],[80.1215,14.7338],[80.1215,14.7335],[80.1218,14.7335],[80.1218,14.7332],[80.1221,14.7332],[80.1221,14.7329],[80.1224,14.7329],[80.1224,14.7324],[80.1226,14.7324],[80.1226,14.7321],[80.1229,14.7321],[80.1229,14.7318],[80.1232,14.7318],[80.1232,14.7315],[80.1235,14.7315],[80.1235,14.7312],[80.1237,14.7312],[80.1237,14.7307],[80.124,14.7307],[80.124,14.7304],[80.1246,14.7304],[80.1246,14.7301],[80.1254,14.7301],[80.1254,14.7287],[80.1257,14.7287],[80.1257,14.7285],[80.126,14.7285],[80.126,14.7282],[80.1262,14.7282],[80.1262,14.7279],[80.1265,14.7279],[80.1265,14.7263],[80.1268,14.7263],[80.1268,14.726],[80.1271,14.726],[80.1271,14.7257],[80.1274,14.7257],[80.1274,14.7251],[80.1276,14.7251],[80.1276,14.7249],[80.1282,14.7249],[80.1282,14.7246],[80.1285,14.7246],[80.1285,14.7243],[80.129,14.7243],[80.129,14.7238],[80.1293,14.7238],[80.1293,14.7235],[80.1299,14.7235],[80.1299,14.7229],[80.1301,14.7229],[80.1301,14.7224],[80.1304,14.7224],[80.1304,14.7221],[80.1307,14.7221],[80.1307,14.7215],[80.131,14.7215],[80.131,14.721],[80.1312,14.721],[80.1312,14.7207],[80.1315,14.7207],[80.1315,14.7201],[80.1321,14.7201],[80.1321,14.7199],[80.1324,14.7199],[80.1324,14.7196],[80.1326,14.7196],[80.1326,14.719],[80.1329,14.719],[80.1329,14.7176],[80.1332,14.7176],[80.1332,14.7174],[80.1335,14.7174],[80.1335,14.7165],[80.1338,14.7165],[80.1338,14.716],[80.134,14.716],[80.134,14.7154],[80.1343,14.7154],[80.1343,14.7149],[80.1346,14.7149],[80.1346,14.7146],[80.1349,14.7146],[80.1349,14.7143],[80.1351,14.7143],[80.1351,14.714],[80.1354,14.714],[80.1354,14.7135],[80.1351,14.7135],[80.1351,14.7121],[80.1354,14.7121],[80.1354,14.7124],[80.136,14.7124],[80.136,14.7113],[80.1365,14.7113],[80.1365,14.7107],[80.1368,14.7107],[80.1368,14.7104],[80.1365,14.7104],[80.1365,14.709],[80.1368,14.709],[80.1368,14.7082],[80.1365,14.7082],[80.1365,14.7074],[80.1368,14.7074],[80.1368,14.7068],[80.1371,14.7068],[80.1371,14.7063],[80.1374,14.7063],[80.1374,14.706],[80.1379,14.706],[80.1379,14.7057],[80.1382,14.7057],[80.1382,14.7049],[80.1379,14.7049],[80.1379,14.704],[80.1376,14.704],[80.1376,14.7035],[80.1374,14.7035],[80.1374,14.7029],[80.1371,14.7029],[80.1371,14.7026],[80.1368,14.7026],[80.1368,14.7021],[80.1365,14.7021],[80.1365,14.7012],[80.1363,14.7013],[80.1363,14.701],[80.1357,14.701],[80.1357,14.7004],[80.1354,14.7004],[80.1354,14.7001],[80.1351,14.7001],[80.1351,14.6996],[80.1349,14.6996],[80.1349,14.6993],[80.1346,14.6993],[80.1346,14.6985],[80.1343,14.6985],[80.1343,14.6982],[80.134,14.6982],[80.134,14.6979],[80.1338,14.6979],[80.1338,14.6974],[80.1335,14.6974],[80.1335,14.6963],[80.1332,14.6963],[80.1332,14.6957],[80.1329,14.6957],[80.1329,14.6951],[80.1324,14.6951],[80.1324,14.6949],[80.1321,14.6949],[80.1321,14.6946],[80.1318,14.6946],[80.1318,14.694],[80.1312,14.694],[80.1312,14.6938],[80.131,14.6938],[80.131,14.6935],[80.1307,14.6935],[80.1307,14.6932],[80.1304,14.6932],[80.1304,14.6929],[80.1299,14.6929],[80.1299,14.6926],[80.1296,14.6926],[80.1296,14.6921],[80.1301,14.6921],[80.1301,14.6918],[80.1304,14.6918],[80.1304,14.6921],[80.1312,14.6921],[80.1312,14.6924],[80.1318,14.6924],[80.1318,14.6926],[80.1324,14.6926],[80.1324,14.6924],[80.1326,14.6924],[80.1326,14.6921],[80.1332,14.6921],[80.1332,14.6924],[80.134,14.6924],[80.134,14.6926],[80.1343,14.6926],[80.1343,14.6929],[80.1346,14.6929],[80.1346,14.6946],[80.1349,14.6946],[80.1349,14.6954],[80.1351,14.6954],[80.1351,14.696],[80.1354,14.696],[80.1354,14.6963],[80.1357,14.6963],[80.1357,14.6965],[80.136,14.6965],[80.136,14.6968],[80.1357,14.6968],[80.1357,14.6979],[80.136,14.6979],[80.136,14.6982],[80.1363,14.6982],[80.1363,14.6988],[80.1368,14.6988],[80.1368,14.699],[80.1371,14.699],[80.1371,14.6993],[80.1374,14.6993],[80.1374,14.6999],[80.1376,14.6999],[80.1376,14.7004],[80.1379,14.7004],[80.1379,14.701],[80.1385,14.701],[80.1385,14.7013],[80.1387,14.7013],[80.1387,14.7015],[80.139,14.7015],[80.139,14.7024],[80.1393,14.7024],[80.1393,14.7026],[80.1396,14.7026],[80.1396,14.7029],[80.1399,14.7029],[80.1399,14.7032],[80.1401,14.7032],[80.1401,14.706],[80.1399,14.706],[80.1399,14.7065],[80.1396,14.7065],[80.1396,14.7082],[80.1393,14.7082],[80.1393,14.7093],[80.139,14.7093],[80.139,14.7104],[80.1387,14.7104],[80.1387,14.711],[80.1385,14.711],[80.1385,14.7118],[80.1382,14.7118],[80.1382,14.7124],[80.1379,14.7124],[80.1379,14.7129],[80.1376,14.7129],[80.1376,14.7135],[80.1374,14.7135],[80.1374,14.714],[80.1371,14.714],[80.1371,14.7146],[80.1368,14.7146],[80.1368,14.7149],[80.1365,14.7149],[80.1365,14.716],[80.1363,14.716],[80.1363,14.7165],[80.136,14.7165],[80.136,14.7171],[80.1357,14.7171],[80.1357,14.7176],[80.1354,14.7176],[80.1354,14.7182],[80.1351,14.7182],[80.1351,14.7188],[80.1357,14.7188],[80.1357,14.7185],[80.136,14.7185],[80.136,14.7179],[80.1363,14.7179],[80.1363,14.7176],[80.1365,14.7176],[80.1365,14.7174],[80.1368,14.7174],[80.1368,14.7168],[80.1371,14.7168],[80.1371,14.7165],[80.1374,14.7165],[80.1374,14.7163],[80.1376,14.7163],[80.1376,14.716],[80.1379,14.716],[80.1379,14.7154],[80.1382,14.7154],[80.1382,14.7151],[80.1385,14.7151],[80.1385,14.7146],[80.1387,14.7146],[80.1387,14.7135],[80.139,14.7135],[80.139,14.7124],[80.1393,14.7124],[80.1393,14.7113],[80.1396,14.7113],[80.1396,14.7101],[80.1399,14.7101],[80.1399,14.7096],[80.1401,14.7096],[80.1401,14.7093],[80.1413,14.7093],[80.1413,14.7087],[80.1415,14.7087],[80.1415,14.7082],[80.1418,14.7082],[80.1418,14.7063],[80.1421,14.7063],[80.1421,14.7054],[80.1424,14.7054],[80.1424,14.7046],[80.1426,14.7046],[80.1426,14.7037],[80.1429,14.7038],[80.1429,14.7029],[80.1432,14.7029],[80.1432,14.7021],[80.1435,14.7021],[80.1435,14.7015],[80.1438,14.7015],[80.1438,14.7007],[80.144,14.7007],[80.144,14.7001],[80.1443,14.7001],[80.1443,14.6996],[80.1446,14.6996],[80.1446,14.699],[80.1449,14.699],[80.1449,14.6988],[80.1446,14.6988],[80.1446,14.6982],[80.1443,14.6982],[80.1443,14.6971],[80.1446,14.6971],[80.1446,14.6965],[80.1449,14.6965],[80.1449,14.6957],[80.1451,14.6957],[80.1451,14.6951],[80.1454,14.6951],[80.1454,14.6926],[80.1451,14.6926],[80.1451,14.6921],[80.1457,14.6921],[80.1457,14.6915],[80.146,14.6915],[80.146,14.6907],[80.1462,14.6907],[80.1462,14.6899],[80.1465,14.6899],[80.1465,14.689],[80.1468,14.689],[80.1468,14.6882],[80.1471,14.6882],[80.1471,14.6876],[80.1473,14.6876],[80.1473,14.6874],[80.1471,14.6874],[80.1471,14.6868],[80.1468,14.6868],[80.1468,14.6862],[80.1471,14.6862],[80.1471,14.6857],[80.1474,14.6857],[80.1474,14.6851],[80.1476,14.6851],[80.1476,14.6846],[80.1479,14.6846],[80.1479,14.6835],[80.1482,14.6835],[80.1482,14.6826],[80.1485,14.6826],[80.1485,14.6815],[80.1488,14.6815],[80.1488,14.6804],[80.149,14.6804],[80.149,14.6793],[80.1493,14.6793],[80.1493,14.6785],[80.1499,14.6785],[80.1499,14.6779],[80.1501,14.6779],[80.1501,14.6774],[80.1504,14.6774],[80.1504,14.6768],[80.1501,14.6768],[80.1501,14.6757],[80.1504,14.6757],[80.1504,14.6749],[80.151,14.6749],[80.151,14.674],[80.1507,14.674],[80.1507,14.6735],[80.1504,14.6735],[80.1504,14.6729],[80.1507,14.6729],[80.1507,14.6726],[80.1513,14.6726],[80.1513,14.6724],[80.1515,14.6724],[80.1515,14.6713],[80.1518,14.6713],[80.1518,14.6707],[80.1515,14.6707],[80.1515,14.6704],[80.1518,14.6704],[80.1518,14.669],[80.1521,14.669],[80.1521,14.6682],[80.1524,14.6682],[80.1524,14.6679],[80.1526,14.6679],[80.1526,14.6676],[80.1524,14.6676],[80.1524,14.6674],[80.1526,14.6674],[80.1526,14.6663],[80.1529,14.6663],[80.1529,14.6657],[80.1532,14.6657],[80.1532,14.6654],[80.1535,14.6654],[80.1535,14.6643],[80.1537,14.6643],[80.1537,14.6621],[80.154,14.6621],[80.154,14.6613],[80.1543,14.6613],[80.1543,14.6593],[80.1549,14.6593],[80.1549,14.6582],[80.1551,14.6582],[80.1551,14.6579],[80.1554,14.6579],[80.1554,14.6576],[80.1557,14.6576],[80.1557,14.6574],[80.156,14.6574],[80.156,14.6563],[80.1563,14.6563],[80.1563,14.6557],[80.156,14.6557],[80.156,14.6551],[80.1563,14.6551],[80.1563,14.6549],[80.1565,14.6549],[80.1565,14.6538],[80.1563,14.6538],[80.1563,14.6526],[80.1565,14.6526],[80.1565,14.6521],[80.1571,14.6521],[80.1571,14.6518],[80.1563,14.6518],[80.1563,14.6513],[80.1565,14.6513],[80.1565,14.6502],[80.1568,14.6502],[80.1568,14.649],[80.1571,14.649],[80.1571,14.6482],[80.1574,14.6482],[80.1574,14.6471],[80.1576,14.6471],[80.1576,14.6462],[80.1579,14.6463],[80.1579,14.6451],[80.1582,14.6451],[80.1582,14.644],[80.1585,14.644],[80.1585,14.6432],[80.1588,14.6432],[80.1588,14.6424],[80.159,14.6424],[80.159,14.6415],[80.1593,14.6415],[80.1593,14.6407],[80.1596,14.6407],[80.1596,14.6401],[80.1599,14.6401],[80.1599,14.6393],[80.1601,14.6393],[80.1601,14.6385],[80.1604,14.6385],[80.1604,14.6376],[80.1607,14.6376],[80.1607,14.6368],[80.161,14.6368],[80.161,14.636],[80.1612,14.636],[80.1612,14.6354],[80.1615,14.6354],[80.1615,14.6346],[80.1618,14.6346],[80.1618,14.6337],[80.1621,14.6337],[80.1621,14.6329],[80.1623,14.6329],[80.1623,14.6321],[80.1626,14.6321],[80.1626,14.6313],[80.1629,14.6313],[80.1629,14.6307],[80.1632,14.6307],[80.1632,14.6299],[80.1635,14.6299],[80.1635,14.6293],[80.1637,14.6293],[80.1637,14.6285],[80.164,14.6285],[80.164,14.6279],[80.1643,14.6279],[80.1643,14.6271],[80.1646,14.6271],[80.1646,14.6263],[80.1649,14.6263],[80.1649,14.6257],[80.1651,14.6257],[80.1651,14.6249],[80.1654,14.6249],[80.1654,14.624],[80.1657,14.624],[80.1657,14.6235],[80.166,14.6235],[80.166,14.6226],[80.1663,14.6226],[80.1663,14.6218],[80.1665,14.6218],[80.1665,14.6212],[80.1668,14.6212],[80.1668,14.6207],[80.1671,14.6207],[80.1671,14.6201],[80.1674,14.6201],[80.1674,14.6196],[80.1676,14.6196],[80.1676,14.619],[80.1679,14.619],[80.1679,14.6185],[80.1682,14.6185],[80.1682,14.6179],[80.1685,14.6179],[80.1685,14.6174],[80.1687,14.6174],[80.1687,14.6168],[80.169,14.6168],[80.169,14.6163],[80.1693,14.6163],[80.1693,14.616],[80.1696,14.616],[80.1696,14.6154],[80.1699,14.6154],[80.1699,14.6149],[80.1701,14.6149],[80.1701,14.6143],[80.1704,14.6143],[80.1704,14.6138],[80.1707,14.6138],[80.1707,14.6132],[80.171,14.6132],[80.171,14.6126],[80.1712,14.6126],[80.1712,14.6121],[80.1715,14.6121],[80.1715,14.6118],[80.1718,14.6118],[80.1718,14.6113],[80.1721,14.6113],[80.1721,14.6096],[80.1724,14.6096],[80.1724,14.6093],[80.1726,14.6093],[80.1726,14.609],[80.1732,14.609],[80.1732,14.6088],[80.1735,14.6088],[80.1735,14.6085],[80.1738,14.6085],[80.1738,14.6082],[80.174,14.6082],[80.174,14.6079],[80.1746,14.6079],[80.1746,14.6076],[80.1749,14.6076],[80.1749,14.6074],[80.1751,14.6074],[80.1751,14.6071],[80.1754,14.6071],[80.1754,14.6068],[80.176,14.6068],[80.176,14.6065],[80.1762,14.6065],[80.1762,14.6063],[80.1768,14.6063],[80.1768,14.606],[80.1771,14.606],[80.1771,14.6057],[80.1776,14.6057],[80.1776,14.6054],[80.1779,14.6054],[80.1779,14.6051],[80.1785,14.6051],[80.1785,14.6049],[80.179,14.6049],[80.179,14.6046],[80.1793,14.6046],[80.1793,14.6043],[80.1799,14.6043],[80.1799,14.604],[80.1804,14.604],[80.1804,14.6038],[80.181,14.6038],[80.181,14.6035],[80.1815,14.6035],[80.1815,14.6032],[80.1821,14.6032],[80.1821,14.6029],[80.1824,14.6029],[80.1824,14.6026],[80.1829,14.6026],[80.1829,14.6024],[80.1835,14.6024],[80.1835,14.6021],[80.1843,14.6021],[80.1843,14.6018],[80.1854,14.6018],[80.1854,14.6015],[80.186,14.6015],[80.186,14.6012],[80.1868,14.6012],[80.1868,14.601],[80.1874,14.601],[80.1874,14.6007],[80.1876,14.6007],[80.1876,14.6004],[80.1879,14.6004],[80.1879,14.6001],[80.1882,14.6001],[80.1882,14.6004],[80.1893,14.6004],[80.1893,14.6007],[80.1904,14.6007],[80.1904,14.601],[80.1918,14.601],[80.1918,14.6007],[80.1924,14.6007],[80.1924,14.6004],[80.1926,14.6004],[80.1926,14.6001],[80.1929,14.6001],[80.1929,14.5999],[80.1932,14.5999],[80.1932,14.5993],[80.1935,14.5993],[80.1935,14.5988],[80.1937,14.5988],[80.1937,14.5985],[80.194,14.5985],[80.194,14.5982],[80.1943,14.5982],[80.1943,14.5976],[80.1946,14.5976],[80.1946,14.5968],[80.1949,14.5968],[80.1949,14.5951],[80.1951,14.5951],[80.1951,14.5949],[80.1963,14.5949],[80.1963,14.5946],[80.1965,14.5946],[80.1965,14.5943],[80.1968,14.5943],[80.1968,14.594],[80.1971,14.594],[80.1971,14.5932],[80.1974,14.5932],[80.1974,14.5901],[80.1976,14.5901],[80.1976,14.5896],[80.1979,14.5896],[80.1979,14.5885],[80.1982,14.5885],[80.1982,14.5879],[80.1985,14.5879],[80.1985,14.5876],[80.1988,14.5876],[80.1988,14.5871],[80.199,14.5871],[80.199,14.584],[80.1988,14.584],[80.1988,14.5837],[80.1982,14.5838],[80.1982,14.5835],[80.1979,14.5835],[80.1979,14.5829],[80.1976,14.5829],[80.1976,14.5824],[80.1974,14.5824],[80.1974,14.5821],[80.1976,14.5821],[80.1976,14.5818],[80.1979,14.5818],[80.1979,14.5807],[80.1976,14.5807],[80.1976,14.5796],[80.1974,14.5796],[80.1974,14.5793],[80.1971,14.5793],[80.1971,14.5782],[80.1968,14.5782],[80.1968,14.5781],[80.1968,14.5768],[80.1965,14.5768],[80.1965,14.5765],[80.1963,14.5765],[80.1963,14.5763],[80.196,14.5763],[80.196,14.5757],[80.1957,14.5757],[80.1957,14.5737],[80.1954,14.5737],[80.1954,14.5729],[80.1951,14.5729],[80.1951,14.5718],[80.1949,14.5718],[80.1949,14.571],[80.1946,14.571],[80.1946,14.5701],[80.1943,14.5701],[80.1943,14.5693],[80.194,14.5693],[80.194,14.5682],[80.1937,14.5682],[80.1937,14.5674],[80.1935,14.5674],[80.1935,14.5665],[80.1932,14.5665],[80.1932,14.566],[80.1929,14.566],[80.1929,14.5654],[80.1926,14.5654],[80.1926,14.5649],[80.1924,14.5649],[80.1924,14.5638],[80.1921,14.5638],[80.1921,14.5629],[80.1918,14.5629],[80.1918,14.5618],[80.1915,14.5618],[80.1915,14.5607],[80.1913,14.5607],[80.1913,14.5593],[80.191,14.5593],[80.191,14.5582],[80.1907,14.5582],[80.1907,14.5574],[80.1904,14.5574],[80.1904,14.5571],[80.1901,14.5571],[80.1901,14.5568],[80.1896,14.5568],[80.1896,14.5565],[80.1893,14.5565],[80.1893,14.5562],[80.189,14.5562],[80.189,14.5557],[80.1888,14.5557],[80.1888,14.5546],[80.1885,14.5546],[80.1885,14.5532],[80.1882,14.5532],[80.1882,14.5521],[80.1879,14.5521],[80.1879,14.5507],[80.1876,14.5507],[80.1876,14.5496],[80.1874,14.5496],[80.1874,14.5485],[80.1871,14.5485],[80.1871,14.5476],[80.1868,14.5476],[80.1868,14.5465],[80.1865,14.5465],[80.1865,14.5457],[80.1862,14.5457],[80.1862,14.5449],[80.186,14.5449],[80.186,14.5438],[80.1857,14.5438],[80.1857,14.5429],[80.1854,14.5429],[80.1854,14.5421],[80.1851,14.5421],[80.1851,14.541],[80.1849,14.541],[80.1849,14.5401],[80.1846,14.5401],[80.1846,14.5393],[80.1843,14.5393],[80.1843,14.5382],[80.184,14.5382],[80.184,14.5374],[80.1837,14.5374],[80.1837,14.5368],[80.1835,14.5368],[80.1835,14.5365],[80.1832,14.5365],[80.1832,14.5363],[80.1829,14.5363],[80.1829,14.536],[80.1826,14.536],[80.1826,14.5357],[80.1824,14.5357],[80.1824,14.5354],[80.1821,14.5354],[80.1821,14.5351],[80.1791,14.5351],[80.1787,14.5351],[80.1787,14.5349],[80.1785,14.5349],[80.1785,14.5346],[80.1779,14.5346],[80.1779,14.5343],[80.1776,14.5343],[80.1776,14.534],[80.1771,14.534],[80.1771,14.5338],[80.1768,14.5338],[80.1768,14.5335],[80.1762,14.5335],[80.1762,14.5332],[80.1754,14.5332],[80.1754,14.5338],[80.1751,14.5338],[80.1751,14.534],[80.1749,14.534],[80.1749,14.5346],[80.1746,14.5346],[80.1746,14.5351],[80.1743,14.5351],[80.1743,14.5354],[80.174,14.5354],[80.174,14.5357],[80.1726,14.5357],[80.1726,14.5351],[80.1724,14.5351],[80.1724,14.5346],[80.1726,14.5346],[80.1726,14.5337],[80.1729,14.5338],[80.1729,14.5326],[80.1732,14.5326],[80.1732,14.5321],[80.1735,14.5321],[80.1735,14.5318],[80.174,14.5318],[80.174,14.5315],[80.1765,14.5315],[80.1765,14.5318],[80.1782,14.5318],[80.1782,14.5321],[80.1785,14.5321],[80.1785,14.5324],[80.1787,14.5324],[80.1787,14.5326],[80.179,14.5326],[80.179,14.5332],[80.1793,14.5332],[80.1793,14.5335],[80.1796,14.5335],[80.1796,14.5338],[80.1807,14.5338],[80.1807,14.5335],[80.181,14.5335],[80.181,14.5332],[80.1813,14.5332],[80.1813,14.5329],[80.1815,14.5329],[80.1815,14.5324],[80.1818,14.5324],[80.1818,14.5318],[80.1821,14.5318],[80.1821,14.5315],[80.1826,14.5315],[80.1826,14.5304],[80.1824,14.5304],[80.1824,14.5288],[80.1821,14.5288],[80.1821,14.5274],[80.1818,14.5274],[80.1818,14.5251],[80.1815,14.5251],[80.1815,14.5235],[80.1813,14.5235],[80.1813,14.5215],[80.181,14.5215],[80.181,14.5196],[80.1807,14.5196],[80.1807,14.5179],[80.1804,14.5179],[80.1804,14.516],[80.1801,14.516],[80.1801,14.514],[80.1799,14.514],[80.1799,14.5124],[80.1796,14.5124],[80.1796,14.5096],[80.1793,14.5096],[80.1793,14.5057],[80.179,14.5057],[80.179,14.5018],[80.1787,14.5018],[80.1787,14.4979],[80.1785,14.4979],[80.1785,14.494],[80.1782,14.494],[80.1782,14.4907],[80.1779,14.4907],[80.1779,14.4874],[80.1776,14.4874],[80.1776,14.4843],[80.1774,14.4843],[80.1774,14.4813],[80.1771,14.4813],[80.1771,14.4779],[80.1768,14.4779],[80.1768,14.4749],[80.1765,14.4749],[80.1765,14.471],[80.1762,14.471],[80.1762,14.466],[80.176,14.466],[80.176,14.461],[80.1757,14.461],[80.1757,14.4563],[80.1754,14.4563],[80.1754,14.4513],[80.1751,14.4513],[80.1751,14.4471],[80.1749,14.4471],[80.1749,14.4438],[80.1746,14.4438],[80.1746,14.4404],[80.1743,14.4404],[80.1743,14.4371],[80.174,14.4371],[80.174,14.4337],[80.1738,14.4337],[80.1738,14.4304],[80.1735,14.4304],[80.1735,14.4257],[80.1732,14.4257],[80.1732,14.4196],[80.1729,14.4196],[80.1729,14.4129],[80.1726,14.4129],[80.1726,14.4057],[80.1724,14.4057],[80.1724,14.3901],[80.1721,14.3901],[80.1721,14.3874],[80.1724,14.3874],[80.1724,14.3862],[80.1718,14.3862],[80.1718,14.3849],[80.1721,14.3849],[80.1721,14.3826],[80.1718,14.3826],[80.1718,14.381],[80.1715,14.381],[80.1715,14.3793],[80.1712,14.3793],[80.1712,14.3776],[80.171,14.3776],[80.171,14.376],[80.1707,14.376],[80.1707,14.3746],[80.1704,14.3746],[80.1704,14.3707],[80.171,14.3707],[80.171,14.3701],[80.1704,14.3701],[80.1704,14.3696],[80.1701,14.3696],[80.1701,14.3646],[80.1699,14.3646],[80.1699,14.3607],[80.1696,14.3607],[80.1696,14.3596],[80.1693,14.3596],[80.1693,14.359],[80.1696,14.359],[80.1696,14.3588],[80.1693,14.3588],[80.1693,14.3582],[80.169,14.3582],[80.169,14.3571],[80.1687,14.3571],[80.1687,14.3557],[80.1685,14.3557],[80.1685,14.3543],[80.1682,14.3543],[80.1682,14.3537],[80.1685,14.3537],[80.1685,14.3532],[80.1682,14.3532],[80.1682,14.3524],[80.1679,14.3524],[80.1679,14.3518],[80.1676,14.3518],[80.1676,14.3501],[80.1674,14.3501],[80.1674,14.3496],[80.1671,14.3496],[80.1671,14.349],[80.1668,14.349],[80.1668,14.3482],[80.1665,14.3482],[80.1665,14.3476],[80.1663,14.3476],[80.1663,14.3468],[80.166,14.3468],[80.166,14.3449],[80.1657,14.3449],[80.1657,14.3446],[80.1654,14.3446],[80.1654,14.3435],[80.1657,14.3435],[80.1657,14.3429],[80.1654,14.3429],[80.1654,14.3424],[80.1651,14.3424],[80.1651,14.3418],[80.1649,14.3418],[80.1649,14.3404],[80.1646,14.3404],[80.1646,14.3402],[80.1643,14.3402],[80.1643,14.3399],[80.164,14.3399],[80.164,14.339],[80.1637,14.339],[80.1637,14.3385],[80.1635,14.3385],[80.1635,14.3379],[80.1632,14.3379],[80.1632,14.3374],[80.1629,14.3374],[80.1629,14.3365],[80.1626,14.3365],[80.1626,14.336],[80.1624,14.336],[80.1624,14.3354],[80.1621,14.3354],[80.1621,14.3349],[80.1616,14.3349],[80.1612,14.3349],[80.1612,14.334],[80.1612,14.3337],[80.1611,14.3337],[80.161,14.3337],[80.161,14.3336],[80.161,14.3332],[80.1607,14.3332],[80.1607,14.3324],[80.1604,14.3324],[80.1604,14.3318],[80.1601,14.3318],[80.1601,14.3313],[80.1599,14.3313],[80.1599,14.3304],[80.1596,14.3304],[80.1596,14.3299],[80.1593,14.3299],[80.1593,14.3293],[80.159,14.3293],[80.159,14.3285],[80.1588,14.3285],[80.1588,14.3279],[80.1585,14.3279],[80.1585,14.3274],[80.1582,14.3274],[80.1582,14.3271],[80.1579,14.3271],[80.1579,14.3268],[80.1576,14.3268],[80.1576,14.326],[80.1574,14.326],[80.1574,14.3254],[80.1571,14.3254],[80.1571,14.3249],[80.1568,14.3249],[80.1568,14.324],[80.1565,14.324],[80.1565,14.3235],[80.1563,14.3235],[80.1563,14.3229],[80.156,14.3229],[80.156,14.3221],[80.1557,14.3221],[80.1557,14.3215],[80.1554,14.3215],[80.1554,14.321],[80.1551,14.321],[80.1551,14.3201],[80.1549,14.3201],[80.1549,14.3196],[80.1546,14.3196],[80.1546,14.3188],[80.1543,14.3188],[80.1543,14.3182],[80.154,14.3182],[80.154,14.3174],[80.1537,14.3174],[80.1537,14.3168],[80.1535,14.3168],[80.1535,14.316],[80.1532,14.316],[80.1532,14.3154],[80.1529,14.3154],[80.1529,14.3146],[80.1526,14.3146],[80.1526,14.314],[80.1524,14.314],[80.1524,14.314],[80.1524,14.3138],[80.1524,14.3132],[80.1521,14.3132],[80.1521,14.313],[80.1521,14.3126],[80.152,14.3126],[80.1518,14.3126],[80.1518,14.3122],[80.1518,14.3118],[80.1517,14.3118],[80.1515,14.3118],[80.1515,14.3114],[80.1515,14.3112],[80.1513,14.3112],[80.1513,14.3104],[80.1512,14.3104],[80.151,14.3104],[80.151,14.31],[80.151,14.3099],[80.1507,14.3099],[80.1507,14.3095],[80.1507,14.3093],[80.1506,14.3093],[80.1504,14.3093],[80.1504,14.309],[80.1504,14.3085],[80.1501,14.3085],[80.1501,14.3079],[80.1499,14.3079],[80.1499,14.3071],[80.1496,14.3071],[80.1496,14.3065],[80.1493,14.3065],[80.1493,14.3057],[80.149,14.3057],[80.149,14.3051],[80.1488,14.3051],[80.1488,14.3043],[80.1485,14.3043],[80.1485,14.3038],[80.1482,14.3038],[80.1482,14.3029],[80.1479,14.3029],[80.1479,14.3024],[80.1476,14.3024],[80.1476,14.3015],[80.1473,14.3015],[80.1473,14.301],[80.1471,14.301],[80.1471,14.3001],[80.1468,14.3001],[80.1468,14.2996],[80.1465,14.2996],[80.1465,14.2987],[80.1462,14.2988],[80.1462,14.2979],[80.146,14.2979],[80.146,14.2968],[80.1457,14.2968],[80.1457,14.296],[80.1454,14.296],[80.1454,14.2951],[80.1451,14.2951],[80.1451,14.2943],[80.1449,14.2943],[80.1449,14.2935],[80.1446,14.2935],[80.1446,14.2924],[80.1443,14.2924],[80.1443,14.2915],[80.144,14.2915],[80.144,14.2907],[80.1438,14.2907],[80.1438,14.2899],[80.1435,14.2899],[80.1435,14.289],[80.1432,14.289],[80.1432,14.2879],[80.1429,14.2879],[80.1429,14.2871],[80.1426,14.2871],[80.1426,14.2863],[80.1424,14.2863],[80.1424,14.2854],[80.1421,14.2854],[80.1421,14.2843],[80.1418,14.2843],[80.1418,14.2832],[80.1415,14.2832],[80.1415,14.2821],[80.1413,14.2821],[80.1413,14.281],[80.141,14.281],[80.141,14.2799],[80.1407,14.2799],[80.1407,14.2788],[80.1404,14.2788],[80.1404,14.2779],[80.1401,14.2779],[80.1401,14.2768],[80.1399,14.2768],[80.1399,14.2757],[80.1396,14.2757],[80.1396,14.2746],[80.1393,14.2746],[80.1393,14.2735],[80.139,14.2735],[80.139,14.2724],[80.1387,14.2724],[80.1387,14.2701],[80.1385,14.2701],[80.1385,14.2668],[80.1382,14.2668],[80.1382,14.2635],[80.1379,14.2635],[80.1379,14.2585],[80.1376,14.2585],[80.1376,14.2537],[80.1374,14.2537],[80.1374,14.2526],[80.1371,14.2526],[80.1371,14.2521],[80.1368,14.2521],[80.1368,14.2518],[80.1365,14.2518],[80.1365,14.2515],[80.1357,14.2515],[80.1357,14.2507],[80.1354,14.2507],[80.1354,14.2493],[80.1351,14.2493],[80.1351,14.2482],[80.1349,14.2482],[80.1349,14.2468],[80.1346,14.2468],[80.1346,14.2454],[80.1343,14.2454],[80.1343,14.2443],[80.134,14.2443],[80.134,14.2437],[80.134,14.2429],[80.1338,14.2429],[80.1338,14.2424],[80.1343,14.2424],[80.1346,14.2424],[80.1346,14.241],[80.1349,14.241],[80.1349,14.2399],[80.1346,14.2399],[80.1346,14.2393],[80.1343,14.2393],[80.1343,14.2388],[80.134,14.2388],[80.134,14.2382],[80.1338,14.2382],[80.1338,14.2376],[80.1335,14.2376],[80.1335,14.2371],[80.1332,14.2371],[80.1332,14.2365],[80.1329,14.2365],[80.1329,14.2357],[80.1326,14.2357],[80.1326,14.2346],[80.1324,14.2346],[80.1324,14.2332],[80.1321,14.2332],[80.1321,14.2318],[80.1318,14.2318],[80.1318,14.2307],[80.1315,14.2307],[80.1315,14.2293],[80.1312,14.2293],[80.1312,14.2276],[80.131,14.2276],[80.131,14.226],[80.1307,14.226],[80.1307,14.2243],[80.1304,14.2243],[80.1304,14.2229],[80.1301,14.2229],[80.1301,14.2212],[80.1299,14.2212],[80.1299,14.2196],[80.1296,14.2196],[80.1296,14.2179],[80.1293,14.2179],[80.1293,14.2165],[80.129,14.2165],[80.129,14.2149],[80.1287,14.2149],[80.1287,14.2132],[80.1285,14.2132],[80.1285,14.2115],[80.1282,14.2115],[80.1282,14.2107],[80.129,14.2107],[80.129,14.2101],[80.1287,14.2101],[80.1287,14.2093],[80.1285,14.2093],[80.1285,14.2079],[80.1282,14.2079],[80.1282,14.2065],[80.1279,14.2065],[80.1279,14.2051],[80.1282,14.2051],[80.1282,14.2046],[80.1285,14.2046],[80.1285,14.2043],[80.1282,14.2043],[80.1282,14.2037],[80.1279,14.2037],[80.1279,14.2013],[80.1276,14.2013],[80.1276,14.1996],[80.1279,14.1996],[80.1279,14.199],[80.1276,14.199],[80.1276,14.1985],[80.1279,14.1985],[80.1279,14.1946],[80.1276,14.1946],[80.1276,14.1943],[80.1274,14.1943],[80.1274,14.194],[80.1271,14.194],[80.1271,14.1929],[80.1274,14.1929],[80.1274,14.1921],[80.1276,14.1921],[80.1276,14.1915],[80.1274,14.1915],[80.1274,14.1913],[80.1271,14.1913],[80.1271,14.1901],[80.1268,14.1901],[80.1268,14.1899],[80.1271,14.1899],[80.1271,14.1896],[80.1268,14.1896],[80.1268,14.1893],[80.1271,14.1893],[80.1271,14.1865],[80.1274,14.1865],[80.1274,14.1854],[80.1271,14.1854],[80.1271,14.1846],[80.1265,14.1846],[80.1265,14.184],[80.1268,14.184],[80.1268,14.1838],[80.1271,14.1838],[80.1271,14.1832],[80.1274,14.1832],[80.1274,14.1826],[80.1271,14.1826],[80.1271,14.181],[80.1268,14.181],[80.1268,14.1807],[80.1265,14.1807],[80.1265,14.1788],[80.1268,14.1788],[80.1268,14.1782],[80.1265,14.1782],[80.1265,14.1776],[80.1262,14.1776],[80.1262,14.1768],[80.1265,14.1768],[80.1265,14.1765],[80.1268,14.1765],[80.1268,14.1754],[80.1265,14.1754],[80.1265,14.1751],[80.1268,14.1751],[80.1268,14.1749],[80.1265,14.1749],[80.1265,14.1746],[80.1268,14.1746],[80.1268,14.1737],[80.1265,14.1737],[80.1265,14.1732],[80.1263,14.1732],[80.1263,14.1713],[80.1268,14.1713],[80.1268,14.1696],[80.1265,14.1696],[80.1265,14.1693],[80.1262,14.1693],[80.1262,14.169],[80.1265,14.169],[80.1265,14.1688],[80.1268,14.1688],[80.1268,14.1679],[80.1271,14.1679],[80.1271,14.1676],[80.1268,14.1676],[80.1268,14.1668],[80.1271,14.1668],[80.1271,14.1665],[80.1268,14.1665],[80.1268,14.1662],[80.1265,14.1662],[80.1265,14.1646],[80.1268,14.1646],[80.1268,14.1637],[80.1271,14.1638],[80.1271,14.1626],[80.1268,14.1626],[80.1268,14.1621],[80.1271,14.1621],[80.1271,14.1604],[80.1274,14.1604],[80.1274,14.1601],[80.1271,14.1601],[80.1271,14.1599],[80.1268,14.1599],[80.1268,14.1596],[80.1265,14.1596],[80.1265,14.159],[80.1262,14.159],[80.1262,14.1588],[80.126,14.1588],[80.126,14.1585],[80.1263,14.1585],[80.1263,14.1579],[80.1265,14.1579],[80.1265,14.1574],[80.1268,14.1574],[80.1268,14.156],[80.1265,14.156],[80.1265,14.1543],[80.1268,14.1543],[80.1268,14.1529],[80.1271,14.1529],[80.1271,14.1526],[80.1274,14.1526],[80.1274,14.1521],[80.1276,14.1521],[80.1276,14.1501],[80.1274,14.1501],[80.1274,14.1496],[80.1271,14.1496],[80.1271,14.1493],[80.1274,14.1493],[80.1274,14.1488],[80.1276,14.1488],[80.1276,14.1479],[80.1274,14.1479],[80.1274,14.1476],[80.1271,14.1476],[80.1271,14.1468],[80.1274,14.1468],[80.1274,14.1465],[80.1279,14.1465],[80.1279,14.1454],[80.1282,14.1454],[80.1282,14.1438],[80.1279,14.1438],[80.1279,14.1429],[80.1276,14.1429],[80.1276,14.1424],[80.1279,14.1424],[80.1279,14.1421],[80.1282,14.1421],[80.1282,14.1407],[80.1279,14.1407],[80.1279,14.1404],[80.1276,14.1404],[80.1276,14.1401],[80.1282,14.1401],[80.1282,14.1399],[80.1285,14.1399],[80.1285,14.1393],[80.1282,14.1393],[80.1282,14.139],[80.1285,14.139],[80.1285,14.1379],[80.1287,14.1379],[80.1287,14.1376],[80.1285,14.1376],[80.1285,14.1374],[80.1288,14.1374],[80.1288,14.1357],[80.129,14.1357],[80.129,14.1343],[80.1287,14.1343],[80.1287,14.1332],[80.129,14.1332],[80.129,14.1315],[80.1293,14.1315],[80.1293,14.1296],[80.1296,14.1296],[80.1296,14.129],[80.1293,14.129],[80.1293,14.1285],[80.1296,14.1285],[80.1296,14.1282],[80.1293,14.1282],[80.1293,14.1276],[80.1296,14.1276],[80.1296,14.1271],[80.1293,14.1271],[80.1293,14.1257],[80.1296,14.1257],[80.1296,14.1237],[80.1287,14.1237],[80.1287,14.124],[80.1285,14.124],[80.1285,14.1237],[80.1282,14.1237],[80.1282,14.1235],[80.1279,14.1235],[80.1279,14.1232],[80.1276,14.1232],[80.1276,14.1229],[80.1274,14.1229],[80.1274,14.1226],[80.1262,14.1226],[80.1262,14.124],[80.126,14.124],[80.126,14.126],[80.1263,14.126],[80.1263,14.1274],[80.1268,14.1274],[80.1268,14.1271],[80.1274,14.1271],[80.1274,14.1276],[80.1276,14.1276],[80.1276,14.1279],[80.1279,14.1279],[80.1279,14.1296],[80.1276,14.1296],[80.1276,14.1299],[80.1274,14.1299],[80.1274,14.1304],[80.1271,14.1304],[80.1271,14.1321],[80.1274,14.1321],[80.1274,14.1326],[80.1271,14.1326],[80.1271,14.1338],[80.1268,14.1338],[80.1268,14.1343],[80.126,14.1343],[80.126,14.134],[80.1257,14.134],[80.1257,14.1329],[80.1254,14.1329],[80.1254,14.1318],[80.1257,14.1318],[80.1257,14.1304],[80.1254,14.1304],[80.1254,14.1301],[80.1257,14.1301],[80.1257,14.1299],[80.1254,14.1299],[80.1254,14.1285],[80.1251,14.1285],[80.1251,14.1249],[80.1254,14.1249],[80.1254,14.1204],[80.1251,14.1204],[80.1251,14.1201],[80.1249,14.1201],[80.1249,14.1196],[80.1246,14.1196],[80.1246,14.1193],[80.1243,14.1193],[80.1243,14.1185],[80.1237,14.1185],[80.1237,14.1179],[80.1235,14.1179],[80.1235,14.1176],[80.1232,14.1176],[80.1232,14.1171],[80.1229,14.1171],[80.1229,14.1168],[80.1226,14.1168],[80.1226,14.1165],[80.1224,14.1165],[80.1224,14.116],[80.1221,14.116],[80.1221,14.1146],[80.1224,14.1146],[80.1224,14.1143],[80.1226,14.1143],[80.1226,14.1146],[80.1229,14.1146],[80.1229,14.1154],[80.1232,14.1154],[80.1232,14.1163],[80.1235,14.1163],[80.1235,14.1168],[80.1237,14.1168],[80.1237,14.1174],[80.124,14.1174],[80.124,14.1176],[80.1243,14.1176],[80.1243,14.1179],[80.1246,14.1179],[80.1246,14.1182],[80.1249,14.1182],[80.1249,14.1185],[80.1251,14.1185],[80.1251,14.1187],[80.1257,14.1187],[80.1257,14.1182],[80.126,14.1182],[80.126,14.1171],[80.1263,14.1171],[80.1263,14.116],[80.1265,14.116],[80.1265,14.1154],[80.1262,14.1154],[80.1262,14.1151],[80.1265,14.1151],[80.1265,14.1118],[80.1268,14.1118],[80.1268,14.1115],[80.1276,14.1115],[80.1276,14.1118],[80.1282,14.1118],[80.1282,14.1121],[80.1287,14.1121],[80.1287,14.1126],[80.129,14.1126],[80.129,14.1129],[80.1293,14.1129],[80.1293,14.1132],[80.1296,14.1132],[80.1296,14.1135],[80.1299,14.1135],[80.1299,14.114],[80.129,14.114],[80.129,14.1137],[80.1287,14.1137],[80.1287,14.1135],[80.1276,14.1135],[80.1276,14.119],[80.1271,14.119],[80.1271,14.1204],[80.1274,14.1204],[80.1274,14.121],[80.1276,14.121],[80.1276,14.1213],[80.1279,14.1213],[80.1279,14.1215],[80.1296,14.1215],[80.1296,14.1213],[80.1299,14.1213],[80.1299,14.1199],[80.1301,14.1199],[80.1301,14.1196],[80.131,14.1196],[80.131,14.1185],[80.1312,14.1185],[80.1312,14.1168],[80.131,14.1168],[80.131,14.1157],[80.1312,14.1157],[80.1312,14.1137],[80.1315,14.1137],[80.1315,14.1129],[80.1318,14.1129],[80.1318,14.1124],[80.1315,14.1124],[80.1315,14.1118],[80.1318,14.1118],[80.1318,14.1074],[80.1321,14.1074],[80.1321,14.1049],[80.1324,14.1049],[80.1324,14.1032],[80.1326,14.1032],[80.1326,14.1026],[80.1329,14.1026],[80.1329,14.1018],[80.1326,14.1018],[80.1326,14.1004],[80.1329,14.1004],[80.1329,14.0993],[80.1332,14.0993],[80.1332,14.0974],[80.1335,14.0974],[80.1335,14.0963],[80.1338,14.0963],[80.1338,14.0949],[80.134,14.0949],[80.134,14.0935],[80.1343,14.0935],[80.1343,14.0924],[80.1346,14.0924],[80.1346,14.0913],[80.1349,14.0913],[80.1349,14.0904],[80.1351,14.0904],[80.1351,14.0893],[80.1354,14.0893],[80.1354,14.0879],[80.1357,14.0879],[80.1357,14.0862],[80.136,14.0862],[80.136,14.0843],[80.1363,14.0843],[80.1363,14.0826],[80.1365,14.0826],[80.1365,14.0807],[80.1368,14.0807],[80.1368,14.079],[80.1371,14.079],[80.1371,14.0774],[80.1374,14.0774],[80.1374,14.076],[80.1376,14.076],[80.1376,14.0751],[80.1379,14.0751],[80.1379,14.074],[80.1382,14.074],[80.1382,14.0732],[80.1385,14.0732],[80.1385,14.0724],[80.1382,14.0724],[80.1382,14.0721],[80.1385,14.0721],[80.1385,14.0718],[80.1387,14.0718],[80.1387,14.0715],[80.139,14.0715],[80.139,14.0712],[80.1393,14.0712],[80.1393,14.071],[80.1396,14.071],[80.1396,14.0707],[80.1399,14.0707],[80.1399,14.0701],[80.1401,14.0701],[80.1401,14.0699],[80.141,14.0699],[80.141,14.069],[80.1413,14.069],[80.1413,14.0682],[80.1415,14.0682],[80.1415,14.0679],[80.1413,14.0679],[80.1413,14.0665],[80.1415,14.0665],[80.1415,14.0651],[80.1413,14.0651],[80.1413,14.0638],[80.141,14.0638],[80.141,14.0621],[80.1413,14.0621],[80.1413,14.0615],[80.141,14.0615],[80.141,14.0604],[80.1413,14.0604],[80.1413,14.0601],[80.1415,14.0601],[80.1415,14.0599],[80.1418,14.0599],[80.1418,14.0596],[80.1421,14.0596],[80.1421,14.0593],[80.1424,14.0593],[80.1424,14.0579],[80.1426,14.0579],[80.1426,14.0565],[80.1424,14.0565],[80.1424,14.056],[80.1429,14.056],[80.1429,14.0554],[80.1426,14.0554],[80.1426,14.0546],[80.1429,14.0546],[80.1429,14.054],[80.1432,14.054],[80.1432,14.0518],[80.1435,14.0518],[80.1435,14.0507],[80.1438,14.0507],[80.1438,14.0501],[80.144,14.0501],[80.144,14.0496],[80.1443,14.0496],[80.1443,14.0493],[80.1446,14.0493],[80.1446,14.049],[80.1449,14.049],[80.1449,14.0482],[80.1446,14.0482],[80.1446,14.0476],[80.1443,14.0476],[80.1443,14.0474],[80.1446,14.0474],[80.1446,14.0465],[80.1449,14.0465],[80.1449,14.0463],[80.1451,14.0463],[80.1451,14.046],[80.1449,14.046],[80.1449,14.0454],[80.1451,14.0454],[80.1451,14.0443],[80.1454,14.0443],[80.1454,14.0432],[80.1457,14.0432],[80.1457,14.041],[80.146,14.041],[80.146,14.0404],[80.1462,14.0404],[80.1462,14.0399],[80.1465,14.0399],[80.1465,14.039],[80.1468,14.039],[80.1468,14.0382],[80.1471,14.0382],[80.1471,14.0374],[80.1474,14.0374],[80.1474,14.0368],[80.1476,14.0368],[80.1476,14.036],[80.1479,14.036],[80.1479,14.0351],[80.1482,14.0351],[80.1482,14.0326],[80.1485,14.0326],[80.1485,14.0302],[80.1482,14.0302],[80.1482,14.0288],[80.1479,14.0288],[80.1479,14.0279],[80.1482,14.0279],[80.1482,14.0274],[80.1485,14.0274],[80.1485,14.0268],[80.1488,14.0268],[80.1488,14.0263],[80.149,14.0263],[80.149,14.0257],[80.1493,14.0257],[80.1493,14.0254],[80.1496,14.0254],[80.1496,14.0249],[80.1499,14.0249],[80.1499,14.0243],[80.1501,14.0243],[80.1501,14.0238],[80.1504,14.0238],[80.1504,14.0215],[80.1501,14.0215],[80.1501,14.021],[80.1499,14.021],[80.1499,14.0204],[80.1496,14.0204],[80.1496,14.0188],[80.1499,14.0188],[80.1499,14.019],[80.1501,14.019],[80.1501,14.0193],[80.1504,14.0193],[80.1504,14.0196],[80.1507,14.0196],[80.1507,14.0199],[80.151,14.0199],[80.151,14.0201],[80.1513,14.0201],[80.1513,14.0204],[80.1518,14.0204],[80.1518,14.0207],[80.1521,14.0207],[80.1521,14.021],[80.1524,14.021],[80.1524,14.0213],[80.1526,14.0213],[80.1526,14.0215],[80.1529,14.0215],[80.1529,14.0218],[80.1532,14.0218],[80.1532,14.0229],[80.1529,14.0229],[80.1529,14.0238],[80.1526,14.0238],[80.1526,14.024],[80.1524,14.024],[80.1524,14.0249],[80.1521,14.0249],[80.1521,14.0254],[80.1518,14.0254],[80.1518,14.026],[80.1515,14.026],[80.1515,14.0268],[80.1513,14.0268],[80.1513,14.0274],[80.1507,14.0274],[80.1507,14.0279],[80.1504,14.0279],[80.1504,14.0293],[80.1507,14.0293],[80.1507,14.0304],[80.1515,14.0304],[80.1515,14.0302],[80.1518,14.0302],[80.1518,14.0296],[80.1521,14.0296],[80.1521,14.0285],[80.1524,14.0285],[80.1524,14.0274],[80.1526,14.0274],[80.1526,14.0263],[80.1529,14.0263],[80.1529,14.0251],[80.1532,14.0251],[80.1532,14.0246],[80.1535,14.0246],[80.1535,14.024],[80.1537,14.024],[80.1537,14.0235],[80.154,14.0235],[80.154,14.0229],[80.1543,14.0229],[80.1543,14.0224],[80.1546,14.0224],[80.1546,14.0218],[80.1549,14.0218],[80.1549,14.0213],[80.1551,14.0213],[80.1551,14.0207],[80.1554,14.0207],[80.1554,14.0196],[80.1551,14.0196],[80.1551,14.0193],[80.1546,14.0193],[80.1546,14.0182],[80.1549,14.0182],[80.1549,14.0162],[80.1546,14.0162],[80.1546,14.0151],[80.1543,14.0151],[80.1543,14.0129],[80.1546,14.0129],[80.1546,14.0115],[80.1549,14.0115],[80.1549,14.011],[80.1551,14.011],[80.1551,14.0104],[80.1554,14.0104],[80.1554,14.0101],[80.1557,14.0101],[80.1557,14.0099],[80.156,14.0099],[80.156,14.0093],[80.1563,14.0093],[80.1563,14.009],[80.1565,14.009],[80.1565,14.0088],[80.1568,14.0088],[80.1568,14.0082],[80.1571,14.0082],[80.1571,14.0079],[80.1574,14.0079],[80.1574,14.0074],[80.1576,14.0074],[80.1576,14.0065],[80.1579,14.0065],[80.1579,14.0049],[80.1576,14.0049],[80.1576,14.0001],[80.1579,14.0001],[80.1579,13.9999],[80.1582,13.9999],[80.1582,13.9996],[80.1585,13.9996],[80.1585,13.999],[80.1587,13.999],[80.1599,13.999],[80.1599,13.9985],[80.1601,13.9985],[80.1601,13.9976],[80.1604,13.9976],[80.1604,13.9968],[80.1607,13.9968],[80.1607,13.996],[80.161,13.996],[80.161,13.9951],[80.1612,13.9951],[80.1612,13.9943],[80.1615,13.9943],[80.1615,13.991],[80.1607,13.991],[80.1607,13.9913],[80.1599,13.9913],[80.1599,13.9907],[80.1601,13.9907],[80.1601,13.9901],[80.1604,13.9901],[80.1604,13.9896],[80.1607,13.9896],[80.1607,13.989],[80.161,13.989],[80.161,13.9888],[80.1612,13.9888],[80.1612,13.9882],[80.1615,13.9882],[80.1615,13.9879],[80.1624,13.9879],[80.1624,13.9882],[80.1629,13.9882],[80.1629,13.9879],[80.1637,13.9879],[80.1637,13.9874],[80.164,13.9874],[80.164,13.9857],[80.1637,13.9857],[80.1637,13.9851],[80.1632,13.9851],[80.1632,13.9854],[80.1629,13.9854],[80.1629,13.9857],[80.1624,13.9857],[80.1624,13.984],[80.1626,13.984],[80.1626,13.9835],[80.1629,13.9835],[80.1629,13.9826],[80.1632,13.9826],[80.1632,13.9821],[80.1635,13.9821],[80.1635,13.981],[80.1637,13.981],[80.1637,13.9793],[80.164,13.9793],[80.164,13.9785],[80.1643,13.9785],[80.1643,13.9782],[80.1649,13.9782],[80.1649,13.9779],[80.1651,13.9779],[80.1651,13.9776],[80.1654,13.9776],[80.1654,13.9774],[80.166,13.9774],[80.166,13.9771],[80.1663,13.9771],[80.1663,13.9765],[80.1665,13.9765],[80.1665,13.9763],[80.1668,13.9763],[80.1668,13.9757],[80.1671,13.9757],[80.1671,13.9751],[80.1674,13.9751],[80.1674,13.9746],[80.1676,13.9746],[80.1676,13.974],[80.1679,13.974],[80.1679,13.9735],[80.1682,13.9735],[80.1682,13.9732],[80.1685,13.9732],[80.1685,13.9729],[80.169,13.9729],[80.169,13.9721],[80.1693,13.9721],[80.1693,13.9704],[80.1696,13.9704],[80.1696,13.9671],[80.1699,13.9671],[80.1699,13.9643],[80.1696,13.9643],[80.1696,13.9637],[80.1704,13.9637],[80.1704,13.964],[80.1707,13.964],[80.1707,13.9643],[80.171,13.9643],[80.171,13.9646],[80.1712,13.9646],[80.1712,13.9643],[80.1715,13.9643],[80.1715,13.9632],[80.1718,13.9632],[80.1718,13.9615],[80.1721,13.9615],[80.1721,13.9601],[80.1729,13.9601],[80.1729,13.961],[80.1732,13.961],[80.1732,13.9615],[80.1738,13.9615],[80.1738,13.9635],[80.1735,13.9635],[80.1735,13.9643],[80.1732,13.9643],[80.1732,13.9651],[80.1729,13.9651],[80.1729,13.966],[80.1726,13.966],[80.1726,13.9668],[80.1724,13.9668],[80.1724,13.9676],[80.1721,13.9676],[80.1721,13.9685],[80.1718,13.9685],[80.1718,13.9693],[80.1715,13.9693],[80.1715,13.9701],[80.1712,13.9701],[80.1712,13.971],[80.171,13.971],[80.171,13.9715],[80.1707,13.9715],[80.1707,13.9718],[80.1704,13.9718],[80.1704,13.9721],[80.1701,13.9721],[80.1701,13.9726],[80.1699,13.9726],[80.1699,13.9729],[80.1696,13.9729],[80.1696,13.9732],[80.1693,13.9732],[80.1693,13.9738],[80.1696,13.9738],[80.1696,13.9743],[80.1699,13.9743],[80.1699,13.9749],[80.1701,13.9749],[80.1701,13.9754],[80.169,13.9754],[80.169,13.976],[80.1687,13.976],[80.1687,13.9765],[80.1685,13.9765],[80.1685,13.9768],[80.1682,13.9768],[80.1682,13.9774],[80.1679,13.9774],[80.1679,13.9779],[80.1676,13.9779],[80.1676,13.9782],[80.1679,13.9782],[80.1679,13.9785],[80.1682,13.9785],[80.1682,13.9787],[80.1687,13.9787],[80.1687,13.9793],[80.1685,13.9793],[80.1685,13.9801],[80.1682,13.9801],[80.1682,13.9807],[80.1679,13.9807],[80.1679,13.9813],[80.1676,13.9813],[80.1676,13.9824],[80.1674,13.9824],[80.1674,13.9826],[80.1671,13.9826],[80.1671,13.9829],[80.1665,13.9829],[80.1665,13.9824],[80.1663,13.9824],[80.1663,13.9813],[80.166,13.9813],[80.166,13.9807],[80.1657,13.9807],[80.1657,13.9804],[80.1651,13.9804],[80.1651,13.9807],[80.1649,13.9807],[80.1649,13.9815],[80.1646,13.9815],[80.1646,13.9824],[80.1649,13.9824],[80.1649,13.9835],[80.1651,13.9835],[80.1651,13.9843],[80.1654,13.9843],[80.1654,13.9854],[80.1657,13.9854],[80.1657,13.986],[80.166,13.986],[80.166,13.9862],[80.1663,13.9862],[80.1663,13.986],[80.1668,13.986],[80.1668,13.9865],[80.1665,13.9865],[80.1665,13.9876],[80.1663,13.9876],[80.1663,13.9882],[80.166,13.9882],[80.166,13.9888],[80.1657,13.9888],[80.1657,13.9893],[80.1654,13.9893],[80.1654,13.9901],[80.1651,13.9901],[80.1651,13.991],[80.1649,13.991],[80.1649,13.9924],[80.1646,13.9924],[80.1646,13.9935],[80.1643,13.9935],[80.1643,13.994],[80.164,13.994],[80.164,13.9946],[80.1637,13.9946],[80.1637,13.9951],[80.1635,13.9951],[80.1635,13.9957],[80.1632,13.9957],[80.1632,13.996],[80.1629,13.996],[80.1629,13.9965],[80.1626,13.9965],[80.1626,13.9971],[80.1623,13.9971],[80.1623,13.9976],[80.1626,13.9976],[80.1626,13.9982],[80.1623,13.9982],[80.1623,13.9988],[80.1621,13.9988],[80.1621,14.0001],[80.1618,14.0001],[80.1618,14.0007],[80.1615,14.0007],[80.1615,14.001],[80.1612,14.001],[80.1612,14.0013],[80.161,14.0013],[80.161,14.0026],[80.1607,14.0026],[80.1607,14.0037],[80.1604,14.0037],[80.1604,14.0054],[80.1601,14.0054],[80.1601,14.006],[80.1599,14.006],[80.1599,14.0065],[80.1596,14.0065],[80.1596,14.0074],[80.1593,14.0074],[80.1593,14.0076],[80.159,14.0076],[80.159,14.0082],[80.1588,14.0082],[80.1588,14.0088],[80.1585,14.0088],[80.1585,14.009],[80.1582,14.009],[80.1582,14.0093],[80.1579,14.0093],[80.1579,14.0096],[80.1576,14.0096],[80.1576,14.0099],[80.1574,14.0099],[80.1574,14.0107],[80.1571,14.0107],[80.1571,14.0124],[80.1568,14.0124],[80.1568,14.0138],[80.1565,14.0138],[80.1565,14.0149],[80.1563,14.0149],[80.1563,14.016],[80.156,14.016],[80.156,14.0171],[80.1557,14.0171],[80.1557,14.0176],[80.1563,14.0176],[80.1563,14.0174],[80.1565,14.0174],[80.1565,14.0165],[80.1568,14.0165],[80.1568,14.0162],[80.1574,14.0162],[80.1574,14.0154],[80.1576,14.0154],[80.1576,14.0146],[80.1579,14.0146],[80.1579,14.014],[80.1582,14.014],[80.1582,14.0135],[80.1585,14.0135],[80.1585,14.0126],[80.1588,14.0126],[80.1588,14.0118],[80.159,14.0118],[80.159,14.0112],[80.1593,14.0112],[80.1593,14.0093],[80.1596,14.0093],[80.1596,14.009],[80.1599,14.009],[80.1599,14.0088],[80.1601,14.0088],[80.1601,14.0085],[80.1604,14.0085],[80.1604,14.0076],[80.1607,14.0076],[80.1607,14.0065],[80.161,14.0065],[80.161,14.006],[80.1612,14.006],[80.1612,14.0057],[80.1615,14.0057],[80.1615,14.0046],[80.1618,14.0046],[80.1618,14.004],[80.1621,14.004],[80.1621,14.0035],[80.1624,14.0035],[80.1624,14.0029],[80.1626,14.0029],[80.1626,14.0021],[80.1629,14.0021],[80.1629,14.0018],[80.1632,14.0018],[80.1632,14.0015],[80.1635,14.0015],[80.1635,14.001],[80.1637,14.001],[80.1637,13.9999],[80.1637,13.9996],[80.164,13.9996],[80.164,13.9993],[80.1643,13.9993],[80.1643,13.9988],[80.1646,13.9988],[80.1646,13.9982],[80.1649,13.9982],[80.1649,13.9979],[80.1651,13.9979],[80.1651,13.9974],[80.1654,13.9974],[80.1654,13.9968],[80.1657,13.9968],[80.1657,13.9963],[80.166,13.9963],[80.166,13.9949],[80.1663,13.9949],[80.1663,13.994],[80.1665,13.994],[80.1665,13.9935],[80.1668,13.9935],[80.1668,13.9932],[80.1671,13.9932],[80.1671,13.9929],[80.1674,13.9929],[80.1674,13.9926],[80.1676,13.9926],[80.1676,13.9913],[80.1679,13.9913],[80.1679,13.9907],[80.1682,13.9907],[80.1682,13.9904],[80.1685,13.9904],[80.1685,13.9901],[80.1687,13.9901],[80.1687,13.9899],[80.169,13.9899],[80.169,13.9893],[80.1693,13.9893],[80.1693,13.9888],[80.1696,13.9888],[80.1696,13.9876],[80.1693,13.9876],[80.1693,13.9871],[80.1696,13.9871],[80.1696,13.9868],[80.1699,13.9868],[80.1699,13.9865],[80.1701,13.9865],[80.1701,13.986],[80.1704,13.986],[80.1704,13.9857],[80.1707,13.9857],[80.1707,13.9851],[80.1704,13.9851],[80.1704,13.9849],[80.171,13.9849],[80.171,13.9846],[80.1712,13.9846],[80.1712,13.9843],[80.1715,13.9843],[80.1715,13.984],[80.1718,13.984],[80.1718,13.9826],[80.1721,13.9826],[80.1721,13.9818],[80.1724,13.9818],[80.1724,13.9807],[80.1726,13.9807],[80.1726,13.9801],[80.1729,13.9801],[80.1729,13.9796],[80.1732,13.9796],[80.1732,13.9793],[80.1735,13.9793],[80.1735,13.979],[80.1738,13.979],[80.1738,13.9787],[80.174,13.9787],[80.174,13.9779],[80.1743,13.9779],[80.1743,13.9768],[80.1746,13.9768],[80.1746,13.9763],[80.1749,13.9763],[80.1749,13.9757],[80.1751,13.9757],[80.1751,13.9751],[80.1754,13.9751],[80.1754,13.9749],[80.176,13.9749],[80.176,13.9743],[80.1762,13.9743],[80.1762,13.9732],[80.1765,13.9732],[80.1765,13.9726],[80.1768,13.9726],[80.1768,13.9721],[80.1771,13.9721],[80.1771,13.971],[80.1774,13.971],[80.1774,13.9707],[80.1776,13.9707],[80.1776,13.9704],[80.1779,13.9704],[80.1779,13.9699],[80.1782,13.9699],[80.1782,13.969],[80.1785,13.969],[80.1785,13.9688],[80.1787,13.9688],[80.1787,13.9679],[80.179,13.9679],[80.179,13.9674],[80.1793,13.9674],[80.1793,13.9671],[80.1796,13.9671],[80.1796,13.9665],[80.1799,13.9665],[80.1799,13.9654],[80.1801,13.9654],[80.1801,13.9649],[80.1804,13.9649],[80.1804,13.964],[80.1807,13.964],[80.1807,13.9635],[80.181,13.9635],[80.181,13.9629],[80.1813,13.9629],[80.1813,13.9618],[80.181,13.9618],[80.181,13.961],[80.1813,13.961],[80.1813,13.9607],[80.1815,13.9607],[80.1815,13.9604],[80.1818,13.9604],[80.1818,13.9599],[80.1821,13.9599],[80.1821,13.9596],[80.1824,13.9596],[80.1824,13.9593],[80.1826,13.9593],[80.1826,13.959],[80.1829,13.959],[80.1829,13.9588],[80.1832,13.9588],[80.1832,13.9585],[80.1835,13.9585],[80.1835,13.9574],[80.1837,13.9574],[80.1837,13.9568],[80.184,13.9568],[80.184,13.956],[80.1843,13.956],[80.1843,13.9554],[80.1846,13.9554],[80.1846,13.9546],[80.1849,13.9546],[80.1849,13.954],[80.1851,13.954],[80.1851,13.9535],[80.1854,13.9535],[80.1854,13.9526],[80.1857,13.9526],[80.1857,13.9521],[80.186,13.9521],[80.186,13.9512],[80.1862,13.9513],[80.1862,13.9507],[80.1865,13.9507],[80.1865,13.9501],[80.1868,13.9501],[80.1868,13.9476],[80.1871,13.9476],[80.1871,13.9471],[80.1874,13.9471],[80.1874,13.9465],[80.1876,13.9465],[80.1876,13.9463],[80.1879,13.9463],[80.1879,13.9457],[80.1882,13.9457],[80.1882,13.9443],[80.1885,13.9443],[80.1885,13.9438],[80.1888,13.9438],[80.1888,13.9435],[80.189,13.9435],[80.189,13.9432],[80.1893,13.9432],[80.1893,13.9426],[80.1896,13.9426],[80.1896,13.9418],[80.1899,13.9418],[80.1899,13.941],[80.1901,13.941],[80.1901,13.9396],[80.1904,13.9396],[80.1904,13.939],[80.1907,13.939],[80.1907,13.9388],[80.191,13.9388],[80.191,13.9382],[80.1913,13.9382],[80.1913,13.9376],[80.1915,13.9376],[80.1915,13.9371],[80.1918,13.9371],[80.1918,13.9357],[80.1921,13.9357],[80.1921,13.9351],[80.1924,13.9351],[80.1924,13.9343],[80.1926,13.9343],[80.1926,13.9329],[80.1929,13.9329],[80.1929,13.9321],[80.1932,13.9321],[80.1932,13.9315],[80.1935,13.9315],[80.1935,13.9304],[80.1937,13.9304],[80.1937,13.9296],[80.194,13.9296],[80.194,13.9288],[80.1943,13.9288],[80.1943,13.9282],[80.1946,13.9282],[80.1946,13.9276],[80.1949,13.9276],[80.1949,13.9274],[80.1951,13.9274],[80.1951,13.9268],[80.1954,13.9268],[80.1954,13.9246],[80.1957,13.9246],[80.1957,13.9237],[80.196,13.9238],[80.196,13.9235],[80.1963,13.9235],[80.1963,13.9226],[80.1965,13.9226],[80.1965,13.9218],[80.1968,13.9218],[80.1968,13.9213],[80.1971,13.9213],[80.1971,13.9207],[80.1974,13.9207],[80.1974,13.9201],[80.1976,13.9201],[80.1976,13.9196],[80.1979,13.9196],[80.1979,13.9187],[80.1982,13.9188],[80.1982,13.9185],[80.1979,13.9185],[80.1979,13.9182],[80.1982,13.9182],[80.1982,13.9179],[80.1985,13.9179],[80.1985,13.9174],[80.1988,13.9174],[80.1988,13.9171],[80.199,13.9171],[80.199,13.9165],[80.1993,13.9165],[80.1993,13.916],[80.1996,13.916],[80.1996,13.9157],[80.1999,13.9157],[80.1999,13.9151],[80.2001,13.9151],[80.2001,13.9146],[80.2004,13.9146],[80.2004,13.914],[80.2007,13.914],[80.2007,13.9129],[80.201,13.9129],[80.201,13.9126],[80.2012,13.9126],[80.2012,13.9121],[80.2015,13.9121],[80.2015,13.911],[80.2021,13.911],[80.2021,13.9107],[80.2024,13.9107],[80.2024,13.9104],[80.2026,13.9104],[80.2026,13.9096],[80.2029,13.9096],[80.2029,13.909],[80.2032,13.909],[80.2032,13.9087],[80.2038,13.9087],[80.2038,13.9082],[80.204,13.9082],[80.204,13.9076],[80.2043,13.9076],[80.2043,13.9071],[80.2046,13.9071],[80.2046,13.9065],[80.2049,13.9065],[80.2049,13.9057],[80.2051,13.9057],[80.2051,13.9054],[80.2054,13.9054],[80.2054,13.9051],[80.2057,13.9051],[80.2057,13.9046],[80.206,13.9046],[80.206,13.904],[80.2063,13.904],[80.2063,13.9035],[80.2065,13.9035],[80.2065,13.9029],[80.2068,13.9029],[80.2068,13.9026],[80.2071,13.9026],[80.2071,13.9024],[80.2074,13.9024],[80.2074,13.9018],[80.2076,13.9018],[80.2076,13.9013],[80.2079,13.9013],[80.2079,13.901],[80.2082,13.901],[80.2082,13.9007],[80.2085,13.9007],[80.2085,13.8999],[80.2087,13.8999],[80.2087,13.8993],[80.209,13.8993],[80.209,13.8982],[80.2087,13.8982],[80.2087,13.8974],[80.209,13.8974],[80.209,13.8971],[80.2101,13.8971],[80.2101,13.8968],[80.2104,13.8968],[80.2104,13.8965],[80.2107,13.8965],[80.2107,13.8957],[80.211,13.8957],[80.211,13.8951],[80.2113,13.8951],[80.2113,13.8938],[80.2115,13.8938],[80.2115,13.8932],[80.2121,13.8932],[80.2121,13.8929],[80.2124,13.8929],[80.2124,13.8924],[80.2126,13.8924],[80.2126,13.8915],[80.2129,13.8915],[80.2129,13.8907],[80.2132,13.8907],[80.2132,13.8901],[80.2135,13.8901],[80.2135,13.8893],[80.2138,13.8893],[80.2138,13.8882],[80.214,13.8882],[80.214,13.8874],[80.2143,13.8874],[80.2143,13.8868],[80.2146,13.8868],[80.2146,13.8865],[80.2149,13.8865],[80.2149,13.8863],[80.2151,13.8863],[80.2151,13.886],[80.2154,13.886],[80.2154,13.8857],[80.2157,13.8857],[80.2157,13.8854],[80.216,13.8854],[80.216,13.8851],[80.2162,13.8851],[80.2162,13.8846],[80.2165,13.8846],[80.2165,13.884],[80.2168,13.884],[80.2168,13.8835],[80.2171,13.8835],[80.2171,13.8826],[80.2174,13.8827],[80.2174,13.8821],[80.2176,13.8821],[80.2176,13.881],[80.2179,13.881],[80.2179,13.8804],[80.2182,13.8804],[80.2182,13.8801],[80.2185,13.8801],[80.2185,13.8799],[80.2188,13.8799],[80.2188,13.879],[80.219,13.879],[80.219,13.8785],[80.2193,13.8785],[80.2193,13.8779],[80.2196,13.8779],[80.2196,13.8774],[80.2199,13.8774],[80.2199,13.8768],[80.2201,13.8768],[80.2201,13.876],[80.2204,13.876],[80.2204,13.8751],[80.2207,13.8751],[80.2207,13.8743],[80.221,13.8743],[80.221,13.8732],[80.2213,13.8732],[80.2213,13.8724],[80.2215,13.8724],[80.2215,13.8715],[80.2218,13.8715],[80.2218,13.8707],[80.2221,13.8707],[80.2221,13.8699],[80.2224,13.8699],[80.2224,13.8688],[80.2226,13.8688],[80.2226,13.8679],[80.2229,13.8679],[80.2229,13.8668],[80.2232,13.8668],[80.2232,13.866],[80.2235,13.866],[80.2235,13.8649],[80.2237,13.8649],[80.2237,13.8638],[80.224,13.8638],[80.224,13.8629],[80.2243,13.8629],[80.2243,13.8618],[80.2246,13.8618],[80.2246,13.861],[80.2249,13.861],[80.2249,13.8599],[80.2251,13.8599],[80.2251,13.8585],[80.2254,13.8585],[80.2254,13.8565],[80.2257,13.8565],[80.2257,13.8557],[80.226,13.8557],[80.226,13.8549],[80.2262,13.8549],[80.2262,13.8543],[80.2265,13.8543],[80.2265,13.8538],[80.2268,13.8538],[80.2268,13.8524],[80.2271,13.8524],[80.2271,13.8518],[80.2274,13.8518],[80.2274,13.8512],[80.2276,13.8512],[80.2276,13.8507],[80.2279,13.8507],[80.2279,13.8501],[80.2282,13.8501],[80.2282,13.8499],[80.2285,13.8499],[80.2285,13.8488],[80.2288,13.8488],[80.2288,13.8474],[80.229,13.8474],[80.229,13.8468],[80.2293,13.8468],[80.2293,13.8462],[80.2296,13.8462],[80.2296,13.846],[80.2299,13.846],[80.2299,13.8451],[80.2301,13.8451],[80.2301,13.8449],[80.2304,13.8449],[80.2304,13.8443],[80.2307,13.8443],[80.2307,13.8438],[80.231,13.8438],[80.231,13.8424],[80.2312,13.8424],[80.2312,13.8421],[80.2315,13.8421],[80.2315,13.8415],[80.2318,13.8415],[80.2318,13.8413],[80.2321,13.8413],[80.2321,13.8404],[80.2324,13.8404],[80.2324,13.8399],[80.2326,13.8399],[80.2326,13.8387],[80.2329,13.8388],[80.2329,13.8382],[80.2332,13.8382],[80.2332,13.8376],[80.2335,13.8376],[80.2335,13.8374],[80.2337,13.8374],[80.2337,13.8365],[80.234,13.8365],[80.234,13.8354],[80.2343,13.8354],[80.2343,13.8346],[80.2346,13.8346],[80.2346,13.834],[80.2349,13.834],[80.2349,13.8332],[80.2351,13.8332],[80.2351,13.8324],[80.2354,13.8324],[80.2354,13.8318],[80.2357,13.8318],[80.2357,13.8315],[80.236,13.8315],[80.236,13.8313],[80.2363,13.8313],[80.2363,13.831],[80.2368,13.831],[80.2368,13.8307],[80.2371,13.8307],[80.2371,13.8301],[80.2374,13.8301],[80.2374,13.8293],[80.2376,13.8293],[80.2376,13.8285],[80.2379,13.8285],[80.2379,13.8276],[80.2382,13.8276],[80.2382,13.8268],[80.2385,13.8268],[80.2385,13.8263],[80.2387,13.8263],[80.2387,13.826],[80.239,13.826],[80.239,13.8257],[80.2393,13.8257],[80.2393,13.8251],[80.2396,13.8251],[80.2396,13.8249],[80.2399,13.8249],[80.2399,13.8246],[80.2401,13.8246],[80.2401,13.8243],[80.2404,13.8243],[80.2404,13.824],[80.2407,13.824],[80.2407,13.8237],[80.241,13.8237],[80.241,13.8235],[80.2412,13.8235],[80.2412,13.8232],[80.2415,13.8232],[80.2415,13.8229],[80.2421,13.8229],[80.2421,13.8226],[80.2424,13.8226],[80.2424,13.8224],[80.2426,13.8224],[80.2426,13.8221],[80.2429,13.8221],[80.2429,13.8218],[80.2432,13.8218],[80.2432,13.8215],[80.2435,13.8215],[80.2435,13.821],[80.2438,13.821],[80.2438,13.8207],[80.244,13.8207],[80.244,13.8204],[80.2443,13.8204],[80.2443,13.8199],[80.2446,13.8199],[80.2446,13.8196],[80.2449,13.8196],[80.2449,13.8171],[80.2451,13.8171],[80.2451,13.814],[80.2454,13.814],[80.2454,13.8124],[80.2457,13.8124],[80.2457,13.8107],[80.246,13.8107],[80.246,13.8093],[80.2462,13.8093],[80.2462,13.8085],[80.2465,13.8085],[80.2465,13.8076],[80.2468,13.8076],[80.2468,13.8068],[80.2471,13.8068],[80.2471,13.806],[80.2474,13.806],[80.2474,13.8051],[80.2476,13.8051],[80.2476,13.804],[80.2479,13.804],[80.2479,13.8029],[80.2482,13.8029],[80.2482,13.8015],[80.2485,13.8015],[80.2485,13.8004],[80.2487,13.8004],[80.2487,13.7996],[80.2479,13.7996],[80.2479,13.7993],[80.2476,13.7993],[80.2476,13.7985],[80.2479,13.7985],[80.2479,13.7982],[80.2482,13.7982],[80.2482,13.7979],[80.2485,13.7979],[80.2485,13.7976],[80.2487,13.7976],[80.2487,13.7974],[80.249,13.7974],[80.249,13.7971],[80.2493,13.7971],[80.2493,13.7963],[80.2496,13.7963],[80.2496,13.7957],[80.2499,13.7957],[80.2499,13.7951],[80.2501,13.7951],[80.2501,13.7937],[80.2504,13.7937],[80.2504,13.7907],[80.2501,13.7907],[80.2501,13.7893],[80.2504,13.7893],[80.2504,13.7882],[80.2507,13.7882],[80.2507,13.7871],[80.251,13.7871],[80.251,13.7862],[80.2515,13.7863],[80.2515,13.7854],[80.2518,13.7854],[80.2518,13.7843],[80.2521,13.7843],[80.2521,13.7829],[80.2524,13.7829],[80.2524,13.781],[80.2521,13.781],[80.2521,13.7804],[80.2524,13.7804],[80.2524,13.7801],[80.2521,13.7801],[80.2521,13.7788],[80.2518,13.7788],[80.2518,13.7779],[80.2515,13.7779],[80.2515,13.776],[80.2513,13.776],[80.2513,13.7751],[80.251,13.7751],[80.251,13.7749],[80.2513,13.7749],[80.2513,13.7746],[80.251,13.7746],[80.251,13.7738],[80.2507,13.7738],[80.2507,13.7732],[80.2504,13.7732],[80.2504,13.7715],[80.2501,13.7715],[80.2501,13.771],[80.2499,13.771],[80.2499,13.7685],[80.2496,13.7685],[80.2496,13.7679],[80.2493,13.7679],[80.2493,13.7671],[80.249,13.7671],[80.249,13.766],[80.2493,13.766],[80.2493,13.7646],[80.249,13.7646],[80.249,13.7626],[80.2487,13.7626],[80.2487,13.7618],[80.2485,13.7618],[80.2485,13.7615],[80.2482,13.7615],[80.2482,13.7599],[80.2479,13.7599],[80.2479,13.7593],[80.2476,13.7593],[80.2476,13.7579],[80.2474,13.7579],[80.2474,13.7574],[80.2471,13.7574],[80.2471,13.7568],[80.2468,13.7568],[80.2468,13.7563],[80.2465,13.7563],[80.2465,13.7557],[80.2462,13.7557],[80.2462,13.7546],[80.246,13.7546],[80.246,13.754],[80.2457,13.754],[80.2457,13.7532],[80.2454,13.7532],[80.2454,13.7521],[80.2451,13.7521],[80.2451,13.751],[80.2449,13.751],[80.2449,13.7504],[80.2446,13.7504],[80.2446,13.7496],[80.2449,13.7496],[80.2449,13.7487],[80.2446,13.7487],[80.2446,13.7482],[80.2443,13.7482],[80.2443,13.7479],[80.244,13.7479],[80.244,13.7474],[80.2438,13.7474],[80.2438,13.7471],[80.2435,13.7471],[80.2435,13.7465],[80.2432,13.7465],[80.2432,13.7443],[80.2429,13.7443],[80.2429,13.7437],[80.2426,13.7437],[80.2426,13.7435],[80.2424,13.7435],[80.2424,13.7432],[80.2421,13.7432],[80.2421,13.7418],[80.2418,13.7418],[80.2418,13.7404],[80.2415,13.7404],[80.2415,13.739],[80.2412,13.739],[80.2412,13.7376],[80.241,13.7376],[80.241,13.7374],[80.2407,13.7374],[80.2407,13.736],[80.2404,13.736],[80.2404,13.734],[80.2401,13.734],[80.2401,13.7335],[80.2399,13.7335],[80.2399,13.7315],[80.2396,13.7315],[80.2396,13.7313],[80.2393,13.7313],[80.2393,13.7296],[80.239,13.7296],[80.239,13.7279],[80.2387,13.7279],[80.2387,13.7265],[80.2385,13.7265],[80.2385,13.7249],[80.2382,13.7249],[80.2382,13.7232],[80.2379,13.7232],[80.2379,13.7226],[80.2376,13.7226],[80.2376,13.7218],[80.2379,13.7218],[80.2379,13.7204],[80.2376,13.7204],[80.2376,13.719],[80.2374,13.719],[80.2374,13.7168],[80.2371,13.7168],[80.2371,13.716],[80.2368,13.716],[80.2368,13.7137],[80.2365,13.7138],[80.2365,13.7132],[80.2363,13.7132],[80.2363,13.7093],[80.236,13.7093],[80.236,13.7088],[80.2357,13.7088],[80.2357,13.7068],[80.2354,13.7068],[80.2354,13.7035],[80.2351,13.7035],[80.2351,13.7013],[80.2349,13.7013],[80.2349,13.7004],[80.2346,13.7004],[80.2346,13.6982],[80.2349,13.6982],[80.2349,13.6976],[80.2343,13.6976],[80.2343,13.6974],[80.234,13.6974],[80.234,13.6971],[80.2343,13.6971],[80.2343,13.6951],[80.234,13.6951],[80.234,13.694],[80.2343,13.694],[80.2343,13.6932],[80.234,13.6932],[80.234,13.6918],[80.2343,13.6918],[80.2343,13.6907],[80.234,13.6907],[80.234,13.6904],[80.2337,13.6904],[80.2337,13.6893],[80.2335,13.6893],[80.2335,13.689],[80.2337,13.689],[80.2337,13.6862],[80.2335,13.6862],[80.2335,13.6837],[80.2337,13.6837],[80.2337,13.6829],[80.234,13.6829],[80.234,13.6826],[80.2337,13.6826],[80.2337,13.6818],[80.2335,13.6818],[80.2335,13.6815],[80.2332,13.6815],[80.2332,13.681],[80.2335,13.681],[80.2335,13.6804],[80.2337,13.6804],[80.2337,13.6776],[80.2335,13.6776],[80.2335,13.6774],[80.2337,13.6774],[80.2337,13.6757],[80.2335,13.6757],[80.2335,13.6732],[80.2337,13.6732],[80.2337,13.6729],[80.2335,13.6729],[80.2335,13.6721],[80.2332,13.6721],[80.2332,13.6707],[80.2329,13.6707],[80.2329,13.6704],[80.2326,13.6704],[80.2326,13.6696],[80.2329,13.6696],[80.2329,13.6693],[80.2337,13.6693],[80.2337,13.669],[80.2335,13.669],[80.2335,13.6687],[80.2332,13.6687],[80.2332,13.6676],[80.2335,13.6676],[80.2335,13.6674],[80.234,13.6674],[80.234,13.6665],[80.2337,13.6665],[80.2337,13.666],[80.2335,13.666],[80.2335,13.6654],[80.2332,13.6654],[80.2332,13.6646],[80.2329,13.6646],[80.2329,13.6637],[80.2335,13.6637],[80.2335,13.6635],[80.234,13.6635],[80.234,13.6632],[80.2337,13.6632],[80.2337,13.6615],[80.234,13.6615],[80.234,13.6599],[80.2343,13.6599],[80.2343,13.6579],[80.234,13.6579],[80.234,13.656],[80.2343,13.656],[80.2343,13.6551],[80.234,13.6551],[80.234,13.6549],[80.2343,13.6549],[80.2343,13.654],[80.2346,13.654],[80.2346,13.6526],[80.2349,13.6526],[80.2349,13.6515],[80.2346,13.6515],[80.2346,13.6499],[80.2349,13.6499],[80.2349,13.6488],[80.2351,13.6488],[80.2351,13.6482],[80.2354,13.6482],[80.2354,13.6471],[80.2357,13.6471],[80.2357,13.6451],[80.236,13.6451],[80.236,13.6415],[80.2363,13.6415],[80.2363,13.6399],[80.2365,13.6399],[80.2365,13.6385],[80.2368,13.6385],[80.2368,13.6376],[80.2371,13.6376],[80.2371,13.6365],[80.2374,13.6365],[80.2374,13.634],[80.2376,13.634],[80.2376,13.6332],[80.2379,13.6332],[80.2379,13.6326],[80.2382,13.6326],[80.2382,13.6318],[80.2385,13.6318],[80.2385,13.6304],[80.2387,13.6304],[80.2387,13.6293],[80.2385,13.6293],[80.2385,13.6287],[80.2387,13.6287],[80.2387,13.6279],[80.239,13.6279],[80.239,13.6271],[80.2393,13.6271],[80.2393,13.6262],[80.2396,13.6262],[80.2396,13.6251],[80.2399,13.6251],[80.2399,13.6246],[80.2401,13.6246],[80.2401,13.6232],[80.2404,13.6232],[80.2404,13.6224],[80.2407,13.6224],[80.2407,13.6218],[80.241,13.6218],[80.241,13.6213],[80.2412,13.6213],[80.2412,13.6196],[80.2415,13.6196],[80.2415,13.619],[80.2418,13.619],[80.2418,13.6174],[80.2421,13.6174],[80.2421,13.6163],[80.2424,13.6163],[80.2424,13.6157],[80.2426,13.6157],[80.2426,13.6154],[80.2429,13.6154],[80.2429,13.6149],[80.2432,13.6149],[80.2432,13.6138],[80.2435,13.6138],[80.2435,13.6135],[80.2438,13.6135],[80.2438,13.6129],[80.244,13.6129],[80.244,13.6124],[80.2443,13.6124],[80.2443,13.6115],[80.2446,13.6115],[80.2446,13.611],[80.2449,13.611],[80.2449,13.6104],[80.2451,13.6104],[80.2451,13.6099],[80.2454,13.6099],[80.2454,13.6093],[80.2457,13.6093],[80.2457,13.6088],[80.246,13.6088],[80.246,13.6082],[80.2462,13.6082],[80.2462,13.6076],[80.2465,13.6076],[80.2465,13.6071],[80.2468,13.6071],[80.2468,13.6065],[80.2471,13.6065],[80.2471,13.6062],[80.2474,13.6062],[80.2474,13.6057],[80.2476,13.6057],[80.2476,13.6051],[80.2479,13.6051],[80.2479,13.6046],[80.2482,13.6046],[80.2482,13.604],[80.2485,13.604],[80.2485,13.6035],[80.2487,13.6035],[80.2487,13.6029],[80.249,13.6029],[80.249,13.6024],[80.2493,13.6024],[80.2493,13.6018],[80.2496,13.6018],[80.2496,13.6013],[80.2499,13.6013],[80.2499,13.6007],[80.2501,13.6007],[80.2501,13.6004],[80.2504,13.6004],[80.2504,13.5999],[80.2507,13.5999],[80.2507,13.5993],[80.251,13.5993],[80.251,13.5988],[80.2513,13.5988],[80.2513,13.5985],[80.2515,13.5985],[80.2515,13.5979],[80.2518,13.5979],[80.2518,13.5974],[80.2521,13.5974],[80.2521,13.5971],[80.2524,13.5971],[80.2524,13.5965],[80.2526,13.5965],[80.2526,13.5963],[80.2529,13.5963],[80.2529,13.596],[80.2532,13.596],[80.2532,13.5954],[80.2535,13.5954],[80.2535,13.5951],[80.2537,13.5951],[80.2537,13.5949],[80.2535,13.5949],[80.2535,13.5943],[80.2537,13.5943],[80.2537,13.5938],[80.254,13.5938],[80.254,13.5935],[80.2538,13.5935],[80.2538,13.5932],[80.254,13.5932],[80.254,13.5929],[80.2546,13.5929],[80.2546,13.5924],[80.2549,13.5924],[80.2549,13.5913],[80.2551,13.5913],[80.2551,13.5907],[80.2554,13.5907],[80.2554,13.5899],[80.2557,13.5899],[80.2557,13.5896],[80.256,13.5896],[80.256,13.5893],[80.2562,13.5893],[80.2562,13.5885],[80.2565,13.5885],[80.2565,13.5879],[80.2568,13.5879],[80.2568,13.5874],[80.2571,13.5874],[80.2571,13.5868],[80.2574,13.5868],[80.2574,13.5863],[80.2576,13.5863],[80.2576,13.586],[80.2579,13.586],[80.2579,13.5854],[80.2582,13.5854],[80.2582,13.5851],[80.2585,13.5851],[80.2585,13.5846],[80.2587,13.5846],[80.2587,13.584],[80.259,13.584],[80.259,13.5813],[80.2593,13.5813],[80.2593,13.581],[80.2596,13.581],[80.2596,13.5804],[80.2599,13.5804],[80.2599,13.5799],[80.2601,13.5799],[80.2601,13.5793],[80.2604,13.5793],[80.2604,13.579],[80.2607,13.579],[80.2607,13.5785],[80.261,13.5785],[80.261,13.5782],[80.2613,13.5782],[80.2613,13.5779],[80.2615,13.5779],[80.2615,13.5774],[80.2618,13.5774],[80.2618,13.5765],[80.2621,13.5765],[80.2621,13.5763],[80.2624,13.5763],[80.2624,13.5757],[80.2626,13.5757],[80.2626,13.5754],[80.2629,13.5754],[80.2629,13.5749],[80.2632,13.5749],[80.2632,13.574],[80.2635,13.574],[80.2635,13.5738],[80.2637,13.5738],[80.2637,13.5729],[80.264,13.5729],[80.264,13.5721],[80.2643,13.5721],[80.2643,13.5712],[80.2646,13.5713],[80.2646,13.5707],[80.2649,13.5707],[80.2649,13.5701],[80.2651,13.5701],[80.2651,13.5699],[80.2654,13.5699],[80.2654,13.5693],[80.2657,13.5693],[80.2657,13.5688],[80.266,13.5688],[80.266,13.5682],[80.2663,13.5682],[80.2663,13.5676],[80.2665,13.5676],[80.2665,13.5668],[80.2668,13.5668],[80.2668,13.5663],[80.2671,13.5663],[80.2671,13.5657],[80.2674,13.5657],[80.2674,13.5651],[80.2676,13.5651],[80.2676,13.5646],[80.2679,13.5646],[80.2679,13.564],[80.2682,13.564],[80.2682,13.5632],[80.2685,13.5632],[80.2685,13.5626],[80.2688,13.5626],[80.2688,13.5621],[80.269,13.5621],[80.269,13.5615],[80.2693,13.5615],[80.2693,13.561],[80.2696,13.561],[80.2696,13.5601],[80.2699,13.5601],[80.2699,13.5596],[80.2701,13.5596],[80.2701,13.559],[80.2704,13.559],[80.2704,13.5585],[80.2707,13.5585],[80.2707,13.5579],[80.271,13.5579],[80.271,13.5574],[80.2712,13.5574],[80.2712,13.5565],[80.2715,13.5565],[80.2715,13.556],[80.2718,13.556],[80.2718,13.5551],[80.2721,13.5551],[80.2721,13.5546],[80.2724,13.5546],[80.2724,13.5538],[80.2726,13.5538],[80.2726,13.5529],[80.2729,13.5529],[80.2729,13.5524],[80.2732,13.5524],[80.2732,13.5515],[80.2735,13.5515],[80.2735,13.551],[80.2738,13.551],[80.2738,13.5501],[80.274,13.5501],[80.274,13.5496],[80.2743,13.5496],[80.2743,13.5487],[80.2746,13.5488],[80.2746,13.5479],[80.2749,13.5479],[80.2749,13.5474],[80.2751,13.5474],[80.2751,13.5465],[80.2754,13.5465],[80.2754,13.546],[80.2757,13.546],[80.2757,13.5451],[80.276,13.5451],[80.276,13.5446],[80.2763,13.5446],[80.2763,13.5437],[80.2765,13.5438],[80.2765,13.5429],[80.2768,13.5429],[80.2768,13.5423],[80.2771,13.5424],[80.2771,13.5415],[80.2774,13.5415],[80.2774,13.541],[80.2776,13.541],[80.2776,13.5401],[80.2779,13.5401],[80.2779,13.5396],[80.2782,13.5396],[80.2782,13.5387],[80.2785,13.5388],[80.2785,13.5379],[80.2787,13.5379],[80.2787,13.5374],[80.279,13.5374],[80.279,13.5365],[80.2793,13.5365],[80.2793,13.536],[80.2796,13.536],[80.2796,13.5351],[80.2799,13.5351],[80.2799,13.5346],[80.2801,13.5346],[80.2801,13.5337],[80.2804,13.5337],[80.2804,13.5329],[80.2807,13.5329],[80.2807,13.5324],[80.281,13.5324],[80.281,13.5315],[80.2813,13.5315],[80.2813,13.531],[80.2815,13.531],[80.2815,13.5304],[80.2818,13.5304],[80.2818,13.5296],[80.2821,13.5296],[80.2821,13.529],[80.2824,13.529],[80.2824,13.5285],[80.2826,13.5285],[80.2826,13.5276],[80.2829,13.5276],[80.2829,13.5271],[80.2832,13.5271],[80.2832,13.5265],[80.2835,13.5265],[80.2835,13.5257],[80.2838,13.5257],[80.2838,13.5249],[80.284,13.5249],[80.284,13.524],[80.2843,13.524],[80.2843,13.5235],[80.2846,13.5235],[80.2846,13.5226],[80.2849,13.5226],[80.2849,13.5218],[80.2851,13.5218],[80.2851,13.521],[80.2854,13.521],[80.2854,13.5201],[80.2857,13.5201],[80.2857,13.5196],[80.286,13.5196],[80.286,13.5187],[80.2862,13.5187],[80.2862,13.5179],[80.2865,13.5179],[80.2865,13.5171],[80.2868,13.5171],[80.2868,13.5162],[80.2871,13.5163],[80.2871,13.5154],[80.2874,13.5154],[80.2874,13.5146],[80.2876,13.5146],[80.2876,13.5135],[80.2879,13.5135],[80.2879,13.5126],[80.2882,13.5126],[80.2882,13.5118],[80.2885,13.5118],[80.2885,13.511],[80.2887,13.511],[80.2887,13.5101],[80.289,13.5101],[80.289,13.5093],[80.2893,13.5093],[80.2893,13.5085],[80.2896,13.5085],[80.2896,13.5076],[80.2899,13.5076],[80.2899,13.5068],[80.2901,13.5068],[80.2901,13.5057],[80.2904,13.5057],[80.2904,13.5049],[80.2907,13.5049],[80.2907,13.504],[80.291,13.504],[80.291,13.5032],[80.2913,13.5032],[80.2913,13.5024],[80.2915,13.5024],[80.2915,13.5013],[80.2918,13.5013],[80.2918,13.5001],[80.2921,13.5001],[80.2921,13.499],[80.2924,13.499],[80.2924,13.4979],[80.2926,13.4979],[80.2926,13.4976],[80.2929,13.4976],[80.2929,13.4971],[80.2932,13.4971],[80.2932,13.4965],[80.2935,13.4965],[80.2935,13.4957],[80.2937,13.4957],[80.2937,13.4949],[80.294,13.4949],[80.294,13.494],[80.2943,13.494],[80.2943,13.4929],[80.2946,13.4929],[80.2946,13.4918],[80.2949,13.4918],[80.2949,13.4907],[80.2951,13.4907],[80.2951,13.4896],[80.2954,13.4896],[80.2954,13.4885],[80.2957,13.4885],[80.2957,13.4876],[80.296,13.4876],[80.296,13.4865],[80.2962,13.4865],[80.2962,13.4857],[80.2965,13.4857],[80.2965,13.4851],[80.2968,13.4851],[80.2968,13.4846],[80.2971,13.4846],[80.2971,13.4838],[80.2974,13.4838],[80.2974,13.4832],[80.2976,13.4832],[80.2976,13.4824],[80.2979,13.4824],[80.2979,13.4818],[80.2982,13.4818],[80.2982,13.4813],[80.2985,13.4813],[80.2985,13.4804],[80.2988,13.4804],[80.2988,13.4799],[80.299,13.4799],[80.299,13.4793],[80.2993,13.4793],[80.2993,13.4788],[80.2996,13.4788],[80.2996,13.4782],[80.2999,13.4782],[80.2999,13.4779],[80.3001,13.4779],[80.3001,13.4774],[80.3004,13.4774],[80.3004,13.4768],[80.3007,13.4768],[80.3007,13.4765],[80.301,13.4765],[80.301,13.476],[80.3012,13.476],[80.3012,13.4757],[80.3015,13.4757],[80.3015,13.4751],[80.3018,13.4751],[80.3018,13.4746],[80.3015,13.4746],[80.3015,13.4738],[80.3012,13.4738],[80.3012,13.4732],[80.301,13.4732],[80.301,13.4726],[80.3012,13.4726],[80.3012,13.4724],[80.3015,13.4724],[80.3015,13.4721],[80.3018,13.4721],[80.3018,13.4718],[80.3021,13.4718],[80.3021,13.4715],[80.3024,13.4715],[80.3024,13.4712],[80.3026,13.4712],[80.3026,13.471],[80.3032,13.471],[80.3032,13.4707],[80.304,13.4707],[80.304,13.4704],[80.3043,13.4704],[80.3043,13.4701],[80.3046,13.4701],[80.3046,13.4699],[80.3049,13.4699],[80.3049,13.4696],[80.3051,13.4696],[80.3051,13.4693],[80.3054,13.4693],[80.3054,13.469],[80.3057,13.469],[80.3057,13.4688],[80.306,13.4688],[80.306,13.4685],[80.3063,13.4685],[80.3063,13.4682],[80.3065,13.4682],[80.3065,13.4679],[80.3068,13.4679],[80.3068,13.4676],[80.3071,13.4676],[80.3071,13.4674],[80.3074,13.4674],[80.3074,13.4671],[80.3076,13.4671],[80.3076,13.4665],[80.3079,13.4665],[80.3079,13.466],[80.3082,13.466],[80.3082,13.4654],[80.3085,13.4654],[80.3085,13.4649],[80.3087,13.4649],[80.3087,13.464],[80.309,13.464],[80.309,13.4632],[80.3093,13.4632],[80.3093,13.4626],[80.3096,13.4626],[80.3096,13.4618],[80.3099,13.4618],[80.3099,13.4613],[80.3101,13.4613],[80.3101,13.4604],[80.3104,13.4604],[80.3104,13.4596],[80.3107,13.4596],[80.3107,13.459],[80.311,13.459],[80.311,13.4579],[80.3112,13.4579],[80.3112,13.4565],[80.3115,13.4565],[80.3115,13.4551],[80.3118,13.4551],[80.3118,13.454],[80.3121,13.454],[80.3121,13.4529],[80.3118,13.4529],[80.3118,13.4521],[80.3115,13.4521],[80.3115,13.4515],[80.3112,13.4515],[80.3112,13.451],[80.3124,13.451],[80.3124,13.4507],[80.3129,13.4507],[80.3129,13.4504],[80.3135,13.4504],[80.3135,13.4499],[80.3138,13.4499],[80.3138,13.4468],[80.314,13.4468],[80.314,13.4462],[80.3143,13.4462],[80.3143,13.4457],[80.3146,13.4457],[80.3146,13.4451],[80.3149,13.4451],[80.3149,13.4446],[80.3151,13.4446],[80.3151,13.4438],[80.3149,13.4438],[80.3149,13.4435],[80.3151,13.4435],[80.3151,13.4426],[80.3154,13.4426],[80.3154,13.4418],[80.3151,13.4418],[80.3151,13.4404],[80.3154,13.4404],[80.3154,13.4374],[80.3157,13.4374],[80.3157,13.4371],[80.316,13.4371],[80.316,13.436],[80.3154,13.436],[80.3154,13.4357],[80.3151,13.4357],[80.3151,13.4354],[80.3154,13.4354],[80.3154,13.4346],[80.3151,13.4346],[80.3151,13.4338],[80.3149,13.4338],[80.3149,13.4335],[80.3129,13.4335],[80.3129,13.4332],[80.3121,13.4332],[80.3121,13.4329],[80.3115,13.4329],[80.3115,13.4326],[80.3107,13.4326],[80.3107,13.4329],[80.3104,13.4329],[80.3104,13.4326],[80.3099,13.4326],[80.3099,13.4329],[80.3082,13.4329],[80.3082,13.4332],[80.3076,13.4332],[80.3076,13.4335],[80.3074,13.4335],[80.3074,13.4338],[80.3068,13.4338],[80.3068,13.434],[80.3065,13.434],[80.3065,13.4343],[80.306,13.4343],[80.306,13.4346],[80.3057,13.4346],[80.3057,13.4349],[80.3054,13.4349],[80.3054,13.4354],[80.3051,13.4354],[80.3051,13.4357],[80.3049,13.4357],[80.3049,13.436],[80.3046,13.436],[80.3046,13.4365],[80.3043,13.4365],[80.3043,13.4368],[80.304,13.4368],[80.304,13.4371],[80.3037,13.4371],[80.3037,13.4376],[80.3035,13.4376],[80.3035,13.4379],[80.3032,13.4379],[80.3032,13.4382],[80.3029,13.4382],[80.3029,13.4387],[80.3026,13.4387],[80.3026,13.439],[80.3024,13.439],[80.3024,13.4393],[80.3021,13.4393],[80.3021,13.4399],[80.3018,13.4399],[80.3018,13.4401],[80.3015,13.4401],[80.3015,13.4404],[80.301,13.4404],[80.301,13.4407],[80.3007,13.4407],[80.3007,13.441],[80.3001,13.441],[80.3001,13.4412],[80.2999,13.4412],[80.2999,13.4415],[80.2996,13.4415],[80.2996,13.4418],[80.299,13.4418],[80.299,13.4421],[80.2988,13.4421],[80.2988,13.4424],[80.2985,13.4424],[80.2985,13.4426],[80.2979,13.4426],[80.2979,13.4429],[80.2976,13.4429],[80.2976,13.4432],[80.2968,13.4432],[80.2968,13.4435],[80.2965,13.4435],[80.2965,13.4438],[80.2962,13.4438],[80.2962,13.444],[80.296,13.444],[80.296,13.4443],[80.2957,13.4443],[80.2957,13.4446],[80.2954,13.4446],[80.2954,13.4449],[80.2951,13.4449],[80.2951,13.4451],[80.2949,13.4451],[80.2949,13.4454],[80.2946,13.4454],[80.2946,13.4457],[80.2943,13.4457],[80.2943,13.446],[80.294,13.446],[80.294,13.4462],[80.2937,13.4462],[80.2937,13.4465],[80.2935,13.4465],[80.2935,13.4468],[80.2932,13.4468],[80.2932,13.4471],[80.2929,13.4471],[80.2929,13.4476],[80.2926,13.4476],[80.2926,13.4485],[80.2924,13.4485],[80.2924,13.4493],[80.2921,13.4493],[80.2921,13.4504],[80.2918,13.4504],[80.2918,13.4513],[80.2915,13.4513],[80.2915,13.4521],[80.2913,13.4521],[80.2913,13.4526],[80.291,13.4526],[80.291,13.4532],[80.2907,13.4532],[80.2907,13.4537],[80.2904,13.4537],[80.2904,13.4546],[80.2901,13.4546],[80.2901,13.4551],[80.2899,13.4551],[80.2899,13.4557],[80.2896,13.4557],[80.2896,13.4563],[80.2893,13.4563],[80.2893,13.4568],[80.289,13.4568],[80.289,13.4574],[80.2887,13.4574],[80.2887,13.4576],[80.2885,13.4576],[80.2885,13.4582],[80.2882,13.4582],[80.2882,13.4588],[80.2879,13.4588],[80.2879,13.4593],[80.2876,13.4593],[80.2876,13.4601],[80.2874,13.4601],[80.2874,13.461],[80.2871,13.461],[80.2871,13.4621],[80.2868,13.4621],[80.2868,13.4629],[80.2865,13.4629],[80.2865,13.4635],[80.2862,13.4635],[80.2862,13.4638],[80.286,13.4638],[80.286,13.4649],[80.2857,13.4649],[80.2857,13.4663],[80.2854,13.4663],[80.2854,13.4671],[80.2862,13.4671],[80.2862,13.4665],[80.2865,13.4665],[80.2865,13.4663],[80.2868,13.4663],[80.2868,13.4651],[80.2871,13.4651],[80.2871,13.4654],[80.2874,13.4654],[80.2874,13.466],[80.2876,13.466],[80.2876,13.4674],[80.2874,13.4674],[80.2874,13.469],[80.2876,13.469],[80.2876,13.4693],[80.2879,13.4693],[80.2879,13.4707],[80.2882,13.4707],[80.2882,13.4712],[80.2879,13.4712],[80.2879,13.4715],[80.2882,13.4715],[80.2882,13.4732],[80.2879,13.4732],[80.2879,13.4735],[80.2882,13.4735],[80.2882,13.4743],[80.2879,13.4743],[80.2879,13.4746],[80.2876,13.4746],[80.2876,13.4749],[80.2874,13.4749],[80.2874,13.4751],[80.2871,13.4751],[80.2871,13.4757],[80.2874,13.4757],[80.2874,13.4763],[80.2871,13.4763],[80.2871,13.4768],[80.2868,13.4768],[80.2868,13.4771],[80.2865,13.4771],[80.2865,13.4768],[80.286,13.4768],[80.286,13.4765],[80.2857,13.4765],[80.2857,13.4763],[80.2849,13.4763],[80.2849,13.4768],[80.2846,13.4768],[80.2846,13.4774],[80.2849,13.4774],[80.2849,13.4785],[80.2851,13.4785],[80.2851,13.4796],[80.2849,13.4796],[80.2849,13.4799],[80.2846,13.4799],[80.2846,13.4807],[80.2843,13.4807],[80.2843,13.481],[80.284,13.481],[80.284,13.4818],[80.2838,13.4818],[80.2838,13.4824],[80.2835,13.4824],[80.2835,13.4829],[80.2838,13.4829],[80.2838,13.4832],[80.284,13.4832],[80.284,13.4838],[80.2843,13.4838],[80.2843,13.484],[80.284,13.484],[80.284,13.4843],[80.2835,13.4843],[80.2835,13.4846],[80.2832,13.4846],[80.2832,13.4849],[80.2829,13.4849],[80.2829,13.4851],[80.2826,13.4851],[80.2826,13.4854],[80.2824,13.4854],[80.2824,13.486],[80.2821,13.486],[80.2821,13.4865],[80.2818,13.4865],[80.2818,13.4871],[80.2815,13.4871],[80.2815,13.4876],[80.2818,13.4876],[80.2818,13.4885],[80.2815,13.4885],[80.2815,13.489],[80.2813,13.489],[80.2813,13.4912],[80.2815,13.4912],[80.2815,13.4918],[80.2818,13.4918],[80.2818,13.4999],[80.2815,13.4999],[80.2815,13.5007],[80.2813,13.5007],[80.2813,13.5013],[80.281,13.5013],[80.281,13.5021],[80.2807,13.5021],[80.2807,13.5024],[80.2804,13.5024],[80.2804,13.5029],[80.2801,13.5029],[80.2801,13.5032],[80.2799,13.5032],[80.2799,13.5037],[80.2796,13.5037],[80.2796,13.5043],[80.2793,13.5043],[80.2793,13.5049],[80.279,13.5049],[80.279,13.5063],[80.2787,13.5063],[80.2787,13.5071],[80.2785,13.5071],[80.2785,13.5082],[80.2782,13.5082],[80.2782,13.5093],[80.2779,13.5093],[80.2779,13.5124],[80.2776,13.5124],[80.2776,13.5126],[80.2774,13.5126],[80.2774,13.5129],[80.2776,13.5129],[80.2776,13.5176],[80.2779,13.5176],[80.2779,13.5207],[80.2776,13.5207],[80.2776,13.5213],[80.2774,13.5212],[80.2774,13.5221],[80.2771,13.5221],[80.2771,13.5229],[80.2768,13.5229],[80.2768,13.5235],[80.2765,13.5235],[80.2765,13.5243],[80.2763,13.5243],[80.2763,13.5249],[80.276,13.5249],[80.276,13.5251],[80.2754,13.5251],[80.2754,13.5249],[80.2751,13.5249],[80.2751,13.524],[80.2754,13.524],[80.2754,13.5229],[80.2757,13.5229],[80.2757,13.5213],[80.276,13.5213],[80.276,13.519],[80.2763,13.519],[80.2763,13.5171],[80.276,13.5171],[80.276,13.5157],[80.2757,13.5157],[80.2757,13.5151],[80.2754,13.5151],[80.2754,13.5146],[80.2749,13.5146],[80.2749,13.5143],[80.2743,13.5143],[80.2743,13.5146],[80.2737,13.5146],[80.2737,13.5165],[80.2726,13.5165],[80.2726,13.5187],[80.2724,13.5187],[80.2724,13.5204],[80.2721,13.5204],[80.2721,13.5224],[80.2718,13.5224],[80.2718,13.5235],[80.2712,13.5235],[80.2712,13.5238],[80.2707,13.5238],[80.2707,13.524],[80.2701,13.524],[80.2701,13.5243],[80.2699,13.5243],[80.2699,13.524],[80.2696,13.524],[80.2696,13.5238],[80.269,13.5238],[80.269,13.5235],[80.2688,13.5235],[80.2688,13.5232],[80.2685,13.5232],[80.2685,13.5229],[80.2682,13.5229],[80.2682,13.5226],[80.2679,13.5226],[80.2679,13.5224],[80.2676,13.5224],[80.2676,13.5221],[80.2674,13.5221],[80.2674,13.5218],[80.266,13.5218],[80.266,13.5221],[80.2657,13.5221],[80.2657,13.5224],[80.2654,13.5224],[80.2654,13.5226],[80.2651,13.5226],[80.2651,13.5229],[80.2649,13.5229],[80.2649,13.5232],[80.2646,13.5232],[80.2646,13.5235],[80.2643,13.5235],[80.2643,13.5243],[80.2646,13.5243],[80.2646,13.5246],[80.2651,13.5246],[80.2651,13.5249],[80.2657,13.5249],[80.2657,13.5251],[80.2663,13.5251],[80.2663,13.5254],[80.2668,13.5254],[80.2668,13.5257],[80.2674,13.5257],[80.2674,13.526],[80.2676,13.526],[80.2676,13.5263],[80.2682,13.5263],[80.2682,13.5265],[80.2685,13.5265],[80.2685,13.5268],[80.269,13.5268],[80.269,13.5271],[80.2693,13.5271],[80.2693,13.5282],[80.2701,13.5282],[80.2701,13.5285],[80.2704,13.5285],[80.2704,13.529],[80.2701,13.529],[80.2701,13.5299],[80.2699,13.5299],[80.2699,13.5304],[80.2696,13.5304],[80.2696,13.5313],[80.2693,13.5313],[80.2693,13.5318],[80.269,13.5318],[80.269,13.5324],[80.2688,13.5324],[80.2688,13.5329],[80.2685,13.5329],[80.2685,13.5335],[80.2682,13.5335],[80.2682,13.534],[80.2679,13.534],[80.2679,13.5346],[80.2676,13.5346],[80.2676,13.5354],[80.2674,13.5354],[80.2674,13.5365],[80.2671,13.5365],[80.2671,13.5376],[80.2674,13.5376],[80.2674,13.5382],[80.2676,13.5382],[80.2676,13.5388],[80.2679,13.5388],[80.2679,13.5399],[80.2676,13.5399],[80.2676,13.5413],[80.2674,13.5413],[80.2674,13.5426],[80.2671,13.5426],[80.2671,13.544],[80.2668,13.544],[80.2668,13.5449],[80.2665,13.5449],[80.2665,13.5454],[80.2663,13.5454],[80.2663,13.546],[80.266,13.546],[80.266,13.5465],[80.2657,13.5465],[80.2657,13.5471],[80.2654,13.5471],[80.2654,13.5476],[80.2651,13.5476],[80.2651,13.5482],[80.2649,13.5482],[80.2649,13.5488],[80.2646,13.5487],[80.2646,13.5515],[80.2649,13.5515],[80.2649,13.5526],[80.2651,13.5526],[80.2651,13.5554],[80.2649,13.5554],[80.2649,13.5585],[80.2646,13.5585],[80.2646,13.5601],[80.2643,13.5601],[80.2643,13.5612],[80.264,13.5612],[80.264,13.5615],[80.2637,13.5615],[80.2637,13.5621],[80.2635,13.5621],[80.2635,13.5624],[80.2632,13.5624],[80.2632,13.5626],[80.2629,13.5626],[80.2629,13.5629],[80.2626,13.5629],[80.2626,13.5635],[80.2624,13.5635],[80.2624,13.5638],[80.2621,13.5638],[80.2621,13.564],[80.2618,13.564],[80.2618,13.5643],[80.2615,13.5643],[80.2615,13.5646],[80.2613,13.5646],[80.2613,13.5649],[80.261,13.5649],[80.261,13.5651],[80.2607,13.5651],[80.2607,13.5654],[80.2601,13.5654],[80.2601,13.5657],[80.2599,13.5657],[80.2599,13.566],[80.2596,13.566],[80.2596,13.5663],[80.2593,13.5663],[80.2593,13.5665],[80.259,13.5665],[80.259,13.5668],[80.2588,13.5668],[80.2588,13.5671],[80.2585,13.5671],[80.2585,13.5674],[80.2582,13.5674],[80.2582,13.5676],[80.2579,13.5676],[80.2579,13.5679],[80.2574,13.5679],[80.2574,13.5682],[80.2571,13.5682],[80.2571,13.5685],[80.2568,13.5685],[80.2568,13.5688],[80.2562,13.5688],[80.2562,13.569],[80.256,13.569],[80.256,13.5693],[80.2557,13.5693],[80.2557,13.5696],[80.2554,13.5696],[80.2554,13.5699],[80.2551,13.5699],[80.2551,13.5701],[80.2546,13.5701],[80.2546,13.5704],[80.2543,13.5704],[80.2543,13.5707],[80.254,13.5707],[80.254,13.571],[80.2529,13.571],[80.2529,13.5713],[80.2521,13.5713],[80.2521,13.5715],[80.251,13.5715],[80.251,13.5718],[80.2504,13.5718],[80.2504,13.5721],[80.2499,13.5721],[80.2499,13.5735],[80.2501,13.5735],[80.2501,13.5749],[80.2504,13.5749],[80.2504,13.5751],[80.2507,13.5751],[80.2507,13.5757],[80.251,13.5757],[80.251,13.576],[80.2513,13.576],[80.2513,13.5776],[80.251,13.5776],[80.251,13.5787],[80.2507,13.5787],[80.2507,13.5793],[80.2504,13.5793],[80.2504,13.5796],[80.2501,13.5796],[80.2501,13.5799],[80.2499,13.5799],[80.2499,13.5804],[80.2496,13.5804],[80.2496,13.5807],[80.2493,13.5807],[80.2493,13.581],[80.249,13.581],[80.249,13.5813],[80.2485,13.5813],[80.2485,13.5815],[80.2482,13.5815],[80.2482,13.5818],[80.2476,13.5818],[80.2476,13.5821],[80.2474,13.5821],[80.2474,13.5824],[80.2471,13.5824],[80.2471,13.5826],[80.2465,13.5826],[80.2465,13.5829],[80.2462,13.5829],[80.2462,13.584],[80.246,13.584],[80.246,13.5843],[80.2454,13.5843],[80.2454,13.5846],[80.2451,13.5846],[80.2451,13.5849],[80.2449,13.5849],[80.2449,13.5851],[80.2446,13.5851],[80.2446,13.5854],[80.2443,13.5854],[80.2443,13.5863],[80.244,13.5863],[80.244,13.5871],[80.2438,13.5871],[80.2438,13.5877],[80.2435,13.5877],[80.2435,13.5879],[80.2432,13.5879],[80.2432,13.5893],[80.2429,13.5893],[80.2429,13.5901],[80.2426,13.5901],[80.2426,13.591],[80.2424,13.591],[80.2424,13.5918],[80.2426,13.5918],[80.2426,13.5924],[80.2424,13.5924],[80.2424,13.5935],[80.2421,13.5935],[80.2421,13.5946],[80.2418,13.5946],[80.2418,13.5954],[80.2415,13.5954],[80.2415,13.5957],[80.2412,13.5957],[80.2412,13.596],[80.241,13.596],[80.241,13.5968],[80.2407,13.5968],[80.2407,13.5971],[80.2404,13.5971],[80.2404,13.5974],[80.2401,13.5974],[80.2401,13.5976],[80.2399,13.5976],[80.2399,13.5979],[80.2396,13.5979],[80.2396,13.5985],[80.2393,13.5985],[80.2393,13.5988],[80.239,13.5988],[80.239,13.599],[80.2385,13.599],[80.2385,13.5993],[80.2382,13.5993],[80.2382,13.5996],[80.2379,13.5996],[80.2379,13.5999],[80.2374,13.5999],[80.2374,13.6004],[80.2371,13.6004],[80.2371,13.6007],[80.2368,13.6007],[80.2368,13.601],[80.2365,13.601],[80.2365,13.6013],[80.2363,13.6013],[80.2363,13.6015],[80.236,13.6015],[80.236,13.6018],[80.2354,13.6018],[80.2354,13.6021],[80.2351,13.6021],[80.2351,13.6024],[80.2346,13.6024],[80.2346,13.6026],[80.2343,13.6026],[80.2343,13.6029],[80.234,13.6029],[80.234,13.6032],[80.2335,13.6032],[80.2335,13.6035],[80.2332,13.6035],[80.2332,13.6038],[80.2326,13.6038],[80.2326,13.604],[80.2325,13.604],[80.2324,13.604],[80.2324,13.6043],[80.2318,13.6043],[80.2318,13.6046],[80.231,13.6046],[80.231,13.6049],[80.2307,13.6049],[80.2307,13.6051],[80.2304,13.6051],[80.2304,13.6054],[80.2299,13.6054],[80.2299,13.6057],[80.2296,13.6057],[80.2296,13.606],[80.2293,13.606],[80.2293,13.6062],[80.229,13.6062],[80.229,13.6065],[80.2279,13.6065],[80.2279,13.6068],[80.2274,13.6068],[80.2274,13.6071],[80.2271,13.6071],[80.2271,13.6074],[80.2268,13.6074],[80.2268,13.6076],[80.2265,13.6076],[80.2265,13.6079],[80.2268,13.6079],[80.2268,13.6082],[80.2271,13.6082],[80.2271,13.6088],[80.2265,13.6088],[80.2265,13.609],[80.2254,13.609],[80.2254,13.6099],[80.2249,13.6099],[80.2249,13.6118],[80.2246,13.6118],[80.2246,13.6126],[80.2243,13.6126],[80.2243,13.6129],[80.224,13.6129],[80.224,13.6135],[80.2237,13.6135],[80.2237,13.6138],[80.2235,13.6138],[80.2235,13.614],[80.2232,13.614],[80.2232,13.6143],[80.2229,13.6143],[80.2229,13.6149],[80.2226,13.6149],[80.2226,13.6151],[80.2224,13.6151],[80.2224,13.616],[80.2218,13.616],[80.2218,13.6163],[80.2215,13.6163],[80.2215,13.6171],[80.2213,13.6171],[80.2213,13.6179],[80.221,13.6179],[80.221,13.6185],[80.2207,13.6185],[80.2207,13.6193],[80.2204,13.6193],[80.2204,13.6196],[80.2201,13.6196],[80.2201,13.6201],[80.2199,13.6201],[80.2199,13.6207],[80.2196,13.6207],[80.2196,13.621],[80.2193,13.621],[80.2193,13.6213],[80.219,13.6213],[80.219,13.6215],[80.2188,13.6215],[80.2188,13.6218],[80.2185,13.6218],[80.2185,13.6226],[80.2182,13.6226],[80.2182,13.6235],[80.2176,13.6235],[80.2176,13.6238],[80.2174,13.6238],[80.2174,13.624],[80.2171,13.624],[80.2171,13.6243],[80.2168,13.6243],[80.2168,13.6246],[80.2165,13.6246],[80.2165,13.6249],[80.2162,13.6249],[80.2162,13.6251],[80.216,13.6251],[80.216,13.6254],[80.2157,13.6254],[80.2157,13.6257],[80.2154,13.6257],[80.2154,13.626],[80.2151,13.626],[80.2151,13.6262],[80.2149,13.6262],[80.2149,13.6265],[80.2146,13.6265],[80.2146,13.6268],[80.2143,13.6268],[80.2143,13.6271],[80.214,13.6271],[80.214,13.6274],[80.2135,13.6274],[80.2135,13.6276],[80.2129,13.6276],[80.2129,13.6279],[80.2124,13.6279],[80.2124,13.6282],[80.2118,13.6282],[80.2118,13.6285],[80.2113,13.6285],[80.2113,13.6287],[80.2107,13.6287],[80.2107,13.629],[80.2104,13.629],[80.2104,13.6293],[80.2099,13.6293],[80.2099,13.6296],[80.209,13.6296],[80.209,13.6299],[80.2079,13.6299],[80.2079,13.6301],[80.2071,13.6301],[80.2071,13.6304],[80.2068,13.6304],[80.2068,13.6307],[80.2065,13.6307],[80.2065,13.631],[80.206,13.631],[80.206,13.6313],[80.2054,13.6313],[80.2054,13.6315],[80.2046,13.6315],[80.2046,13.6318],[80.204,13.6318],[80.204,13.6321],[80.2035,13.6321],[80.2035,13.6318],[80.2032,13.6318],[80.2032,13.6321],[80.2024,13.6321],[80.2024,13.6324],[80.2021,13.6324],[80.2021,13.6326],[80.2018,13.6326],[80.2018,13.6332],[80.2012,13.6332],[80.2012,13.6335],[80.201,13.6335],[80.201,13.6337],[80.2004,13.6337],[80.2004,13.6335],[80.1999,13.6335],[80.1999,13.6337],[80.1993,13.6337],[80.1993,13.634],[80.199,13.634],[80.199,13.6351],[80.1988,13.6351],[80.1988,13.6354],[80.1985,13.6354],[80.1985,13.6357],[80.1979,13.6357],[80.1979,13.636],[80.1974,13.636],[80.1974,13.6362],[80.1971,13.6362],[80.1971,13.6365],[80.1965,13.6365],[80.1965,13.6368],[80.1963,13.6368],[80.1963,13.6371],[80.1957,13.6371],[80.1957,13.6374],[80.1951,13.6374],[80.1951,13.6376],[80.1949,13.6376],[80.1949,13.6379],[80.1943,13.6379],[80.1943,13.6382],[80.194,13.6382],[80.194,13.6388],[80.1937,13.6387],[80.1937,13.6393],[80.1935,13.6393],[80.1935,13.6396],[80.1932,13.6396],[80.1932,13.6399],[80.1926,13.6399],[80.1926,13.6401],[80.1924,13.6401],[80.1924,13.6404],[80.1918,13.6404],[80.1918,13.641],[80.1915,13.641],[80.1915,13.6412],[80.191,13.6412],[80.191,13.6418],[80.1907,13.6418],[80.1907,13.6421],[80.1904,13.6421],[80.1904,13.6424],[80.1901,13.6424],[80.1901,13.6426],[80.1899,13.6426],[80.1899,13.6432],[80.1896,13.6432],[80.1896,13.6438],[80.1893,13.6438],[80.1893,13.644],[80.189,13.644],[80.189,13.6443],[80.1888,13.6443],[80.1888,13.6449],[80.1885,13.6449],[80.1885,13.6468],[80.1882,13.6468],[80.1882,13.6479],[80.1879,13.6479],[80.1879,13.6482],[80.1876,13.6482],[80.1876,13.6493],[80.1879,13.6493],[80.1879,13.6515],[80.1882,13.6515],[80.1882,13.6538],[80.1885,13.6538],[80.1885,13.6546],[80.1888,13.6546],[80.1888,13.6557],[80.189,13.6557],[80.189,13.6565],[80.1893,13.6565],[80.1893,13.6579],[80.1896,13.6579],[80.1896,13.6582],[80.1893,13.6582],[80.1893,13.6585],[80.1896,13.6585],[80.1896,13.6596],[80.1899,13.6596],[80.1899,13.6601],[80.1901,13.6601],[80.1901,13.6624],[80.1899,13.6624],[80.1899,13.6626],[80.1901,13.6626],[80.1901,13.6632],[80.1899,13.6632],[80.1899,13.6643],[80.1896,13.6643],[80.1896,13.6649],[80.1893,13.6649],[80.1893,13.666],[80.189,13.666],[80.189,13.6668],[80.1888,13.6668],[80.1888,13.6674],[80.1885,13.6674],[80.1885,13.6676],[80.1882,13.6676],[80.1882,13.6679],[80.1879,13.6679],[80.1879,13.6687],[80.1876,13.6687],[80.1876,13.669],[80.1874,13.669],[80.1874,13.6696],[80.1871,13.6696],[80.1871,13.6701],[80.1865,13.6701],[80.1865,13.6704],[80.1862,13.6704],[80.1862,13.671],[80.186,13.671],[80.186,13.6713],[80.1854,13.6713],[80.1854,13.6715],[80.1849,13.6715],[80.1849,13.6721],[80.1843,13.6721],[80.1843,13.6726],[80.184,13.6726],[80.184,13.6729],[80.1837,13.6729],[80.1837,13.6735],[80.1835,13.6735],[80.1835,13.6738],[80.1832,13.6738],[80.1832,13.6743],[80.1826,13.6743],[80.1826,13.6746],[80.1821,13.6746],[80.1821,13.6749],[80.1818,13.6749],[80.1818,13.6751],[80.1815,13.6751],[80.1815,13.6754],[80.181,13.6754],[80.181,13.6757],[80.1804,13.6757],[80.1804,13.6763],[80.1799,13.6763],[80.1799,13.6765],[80.1796,13.6765],[80.1796,13.6768],[80.1793,13.6768],[80.1793,13.6771],[80.179,13.6771],[80.179,13.6779],[80.1785,13.6779],[80.1785,13.6785],[80.1782,13.6785],[80.1782,13.6788],[80.1776,13.6788],[80.1776,13.679],[80.1779,13.679],[80.1779,13.6793],[80.1776,13.6793],[80.1776,13.6796],[80.1774,13.6796],[80.1774,13.6801],[80.1771,13.6801],[80.1771,13.6804],[80.1768,13.6804],[80.1768,13.6807],[80.1765,13.6807],[80.1765,13.681],[80.1762,13.681],[80.1762,13.6813],[80.176,13.6813],[80.176,13.6815],[80.1751,13.6815],[80.1751,13.6818],[80.1746,13.6818],[80.1746,13.6821],[80.174,13.6821],[80.174,13.6824],[80.1738,13.6824],[80.1738,13.6832],[80.1735,13.6832],[80.1735,13.6835],[80.1729,13.6835],[80.1729,13.6837],[80.1726,13.6837],[80.1726,13.6849],[80.1724,13.6849],[80.1724,13.6854],[80.1721,13.6854],[80.1721,13.686],[80.1718,13.686],[80.1718,13.6862],[80.1715,13.6862],[80.1715,13.6874],[80.1718,13.6874],[80.1718,13.6879],[80.1715,13.6879],[80.1715,13.6885],[80.1712,13.6885],[80.1712,13.6888],[80.171,13.6888],[80.171,13.6896],[80.1704,13.6896],[80.1704,13.6899],[80.1699,13.6899],[80.1699,13.6896],[80.1696,13.6896],[80.1696,13.6893],[80.1693,13.6893],[80.1693,13.6882],[80.169,13.6882],[80.169,13.6874],[80.1687,13.6874],[80.1687,13.6868],[80.1665,13.6868],[80.1665,13.6871],[80.1663,13.6871],[80.1663,13.6876],[80.166,13.6876],[80.166,13.6882],[80.1657,13.6882],[80.1657,13.6888],[80.1649,13.6888],[80.1649,13.689],[80.1643,13.689],[80.1643,13.6893],[80.164,13.6893],[80.164,13.6896],[80.1637,13.6896],[80.1637,13.6899],[80.1635,13.6899],[80.1635,13.6901],[80.1632,13.6901],[80.1632,13.6904],[80.1629,13.6904],[80.1629,13.6907],[80.1626,13.6907],[80.1626,13.691],[80.1623,13.691],[80.1623,13.6915],[80.1621,13.6915],[80.1621,13.6918],[80.1618,13.6918],[80.1618,13.6943],[80.1615,13.6943],[80.1615,13.6946],[80.1612,13.6946],[80.1612,13.6949],[80.161,13.6949],[80.161,13.6951],[80.1607,13.6951],[80.1607,13.6954],[80.1604,13.6954],[80.1604,13.6957],[80.1601,13.6957],[80.1601,13.6963],[80.1599,13.6963],[80.1599,13.6968],[80.1596,13.6968],[80.1596,13.6974],[80.1593,13.6974],[80.1593,13.6976],[80.159,13.6976],[80.159,13.6979],[80.1585,13.6979],[80.1585,13.6982],[80.1582,13.6982],[80.1582,13.6985],[80.1579,13.6985],[80.1579,13.699],[80.1576,13.699],[80.1576,13.6993],[80.1574,13.6993],[80.1574,13.6999],[80.1571,13.6999],[80.1571,13.7],[80.1571,13.7001],[80.1568,13.7001],[80.1568,13.7004],[80.1565,13.7004],[80.1565,13.7007],[80.1563,13.7007],[80.1563,13.701],[80.156,13.701],[80.156,13.7013],[80.1557,13.7013],[80.1557,13.7015],[80.1554,13.7015],[80.1554,13.7018],[80.1551,13.7018],[80.1551,13.7021],[80.1549,13.7021],[80.1549,13.7026],[80.1546,13.7026],[80.1546,13.7029],[80.154,13.7029],[80.154,13.7032],[80.1535,13.7032],[80.1535,13.7029],[80.1521,13.7029],[80.1521,13.7032],[80.1515,13.7032],[80.1515,13.7026],[80.1493,13.7026],[80.1493,13.7029],[80.1488,13.7029],[80.1488,13.7032],[80.1485,13.7032],[80.1485,13.7038],[80.1482,13.7038],[80.1482,13.704],[80.1479,13.704],[80.1479,13.7043],[80.1476,13.7043],[80.1476,13.704],[80.1473,13.704],[80.1473,13.7038],[80.1471,13.7038],[80.1471,13.7026],[80.1468,13.7026],[80.1468,13.7021],[80.1465,13.7021],[80.1465,13.7015],[80.146,13.7015],[80.146,13.7013],[80.1454,13.7013],[80.1454,13.701],[80.1446,13.701],[80.1446,13.7013],[80.1443,13.7013],[80.1443,13.7015],[80.144,13.7015],[80.144,13.7021],[80.1438,13.7021],[80.1438,13.7026],[80.1435,13.7026],[80.1435,13.7032],[80.1432,13.7032],[80.1432,13.7038],[80.1426,13.7038],[80.1426,13.704],[80.1424,13.704],[80.1424,13.7043],[80.1421,13.7043],[80.1421,13.7049],[80.1424,13.7049],[80.1424,13.7054],[80.1421,13.7054],[80.1421,13.7068],[80.1418,13.7068],[80.1418,13.7074],[80.1413,13.7074],[80.1413,13.7079],[80.141,13.7079],[80.141,13.7082],[80.1407,13.7082],[80.1407,13.7085],[80.1404,13.7085],[80.1404,13.7088],[80.1401,13.7087],[80.1401,13.7099],[80.1399,13.7099],[80.1399,13.7104],[80.1401,13.7104],[80.1401,13.7107],[80.141,13.7107],[80.141,13.7104],[80.1413,13.7104],[80.1413,13.7099],[80.1424,13.7099],[80.1424,13.7104],[80.1421,13.7104],[80.1421,13.7113],[80.1418,13.7113],[80.1418,13.7115],[80.1415,13.7115],[80.1415,13.7126],[80.1413,13.7126],[80.1413,13.7129],[80.141,13.7129],[80.141,13.7132],[80.1404,13.7132],[80.1404,13.7135],[80.1396,13.7135],[80.1396,13.7129],[80.139,13.7129],[80.139,13.7132],[80.1382,13.7132],[80.1382,13.7138],[80.1379,13.7137],[80.1379,13.714],[80.1376,13.714],[80.1376,13.7146],[80.1371,13.7146],[80.1371,13.7149],[80.1368,13.7149],[80.1368,13.716],[80.1365,13.716],[80.1365,13.7168],[80.1363,13.7168],[80.1363,13.7171],[80.136,13.7171],[80.136,13.7176],[80.136,13.7188],[80.1365,13.7188],[80.1365,13.7185],[80.1368,13.7185],[80.1368,13.7182],[80.1371,13.7182],[80.1371,13.7179],[80.1374,13.7179],[80.1374,13.7176],[80.1376,13.7176],[80.1376,13.7174],[80.1379,13.7174],[80.1379,13.7171],[80.1382,13.7171],[80.1382,13.7168],[80.1385,13.7168],[80.1385,13.7165],[80.1387,13.7165],[80.1387,13.7163],[80.139,13.7163],[80.139,13.7157],[80.1393,13.7157],[80.1393,13.7151],[80.1396,13.7151],[80.1396,13.7146],[80.1399,13.7146],[80.1399,13.7143],[80.1404,13.7143],[80.1404,13.7154],[80.1401,13.7154],[80.1401,13.7171],[80.1404,13.7171],[80.1404,13.7182],[80.1407,13.7182],[80.1407,13.7188],[80.1424,13.7188],[80.1424,13.7185],[80.144,13.7185],[80.144,13.7188],[80.1443,13.7188],[80.1443,13.719],[80.1446,13.719],[80.1446,13.7193],[80.1451,13.7193],[80.1451,13.7196],[80.1454,13.7196],[80.1454,13.7199],[80.1457,13.7199],[80.1457,13.7202],[80.146,13.7202],[80.146,13.7204],[80.1465,13.7204],[80.1465,13.7207],[80.1471,13.7207],[80.1471,13.721],[80.1468,13.721],[80.1468,13.7215],[80.1465,13.7215],[80.1465,13.7221],[80.1462,13.7221],[80.1462,13.7224],[80.1465,13.7224],[80.1465,13.7229],[80.1468,13.7229],[80.1468,13.7235],[80.1471,13.7235],[80.1471,13.7243],[80.1454,13.7243],[80.1454,13.724],[80.144,13.724],[80.144,13.7238],[80.1423,13.7238],[80.1421,13.7238],[80.1421,13.7235],[80.1418,13.7235],[80.1418,13.7232],[80.1413,13.7232],[80.1413,13.7229],[80.1407,13.7229],[80.1407,13.7235],[80.1404,13.7235],[80.1404,13.724],[80.1401,13.724],[80.1401,13.7243],[80.141,13.7243],[80.141,13.7246],[80.1415,13.7246],[80.1415,13.7251],[80.141,13.7251],[80.141,13.7254],[80.1396,13.7254],[80.1396,13.726],[80.1393,13.726],[80.1393,13.7263],[80.1387,13.7263],[80.1387,13.726],[80.1382,13.726],[80.1382,13.7257],[80.1374,13.7257],[80.1374,13.726],[80.1365,13.726],[80.1365,13.7263],[80.1346,13.7263],[80.1346,13.726],[80.1329,13.726],[80.1329,13.7257],[80.1324,13.7257],[80.1315,13.7257],[80.1315,13.7246],[80.1312,13.7246],[80.1312,13.7238],[80.1299,13.7238],[80.1299,13.7224],[80.1301,13.7224],[80.1301,13.7221],[80.1304,13.7221],[80.1304,13.7218],[80.1305,13.7218],[80.1307,13.7218],[80.1307,13.7171],[80.1307,13.7135],[80.131,13.7135],[80.131,13.7129],[80.1312,13.7129],[80.1312,13.7126],[80.1315,13.7126],[80.1315,13.7121],[80.1326,13.7121],[80.1326,13.7118],[80.1332,13.7118],[80.1332,13.7115],[80.1357,13.7115],[80.1357,13.7132],[80.136,13.7132],[80.136,13.7135],[80.1363,13.7135],[80.1363,13.7138],[80.1365,13.7138],[80.1365,13.7132],[80.1368,13.7132],[80.1368,13.7129],[80.1371,13.7129],[80.1371,13.7126],[80.1374,13.7126],[80.1374,13.7121],[80.1376,13.7121],[80.1376,13.7115],[80.1379,13.7115],[80.1379,13.7104],[80.1382,13.7104],[80.1382,13.7088],[80.1385,13.7088],[80.1385,13.7079],[80.1382,13.7079],[80.1382,13.7068],[80.1385,13.7068],[80.1385,13.7062],[80.1387,13.7062],[80.1387,13.706],[80.1393,13.706],[80.1393,13.7057],[80.1396,13.7057],[80.1396,13.7046],[80.1399,13.7046],[80.1399,13.7024],[80.1401,13.7024],[80.1401,13.7007],[80.1404,13.7007],[80.1404,13.7004],[80.1413,13.7004],[80.1413,13.701],[80.1415,13.701],[80.1415,13.7015],[80.1418,13.7015],[80.1418,13.7021],[80.1429,13.7021],[80.1429,13.699],[80.1426,13.699],[80.1426,13.6988],[80.1424,13.6988],[80.1424,13.6985],[80.1421,13.6985],[80.1421,13.6979],[80.1418,13.6979],[80.1418,13.6957],[80.1415,13.6957],[80.1415,13.694],[80.1413,13.694],[80.1413,13.6932],[80.141,13.6932],[80.141,13.6926],[80.1407,13.6926],[80.1407,13.6921],[80.1404,13.6921],[80.1404,13.6918],[80.1401,13.6918],[80.1401,13.6912],[80.1399,13.6912],[80.1399,13.6907],[80.1401,13.6907],[80.1401,13.6904],[80.1404,13.6904],[80.1404,13.6899],[80.1407,13.6899],[80.1407,13.689],[80.1413,13.689],[80.1413,13.6882],[80.141,13.6882],[80.141,13.6876],[80.1413,13.6876],[80.1413,13.6862],[80.1415,13.6862],[80.1415,13.6843],[80.1418,13.6843],[80.1418,13.6829],[80.1421,13.6829],[80.1421,13.6826],[80.1421,13.6818],[80.1424,13.6818],[80.1424,13.6804],[80.1426,13.6804],[80.1426,13.6713],[80.1429,13.6713],[80.1429,13.6693],[80.1435,13.6693],[80.1435,13.6682],[80.1438,13.6682],[80.1438,13.6663],[80.144,13.6663],[80.144,13.6651],[80.1443,13.6651],[80.1443,13.6649],[80.1446,13.6649],[80.1446,13.6646],[80.1449,13.6646],[80.1449,13.6643],[80.1451,13.6643],[80.1451,13.664],[80.1454,13.664],[80.1454,13.6637],[80.1457,13.6637],[80.1457,13.6632],[80.146,13.6632],[80.146,13.6629],[80.1462,13.6629],[80.1462,13.6626],[80.1465,13.6626],[80.1465,13.6624],[80.1468,13.6624],[80.1468,13.6618],[80.1471,13.6618],[80.1471,13.6607],[80.1474,13.6607],[80.1474,13.6596],[80.1476,13.6596],[80.1476,13.6582],[80.1474,13.6582],[80.1474,13.656],[80.1471,13.656],[80.1471,13.6546],[80.1468,13.6546],[80.1468,13.6538],[80.1465,13.6538],[80.1465,13.6529],[80.1462,13.6529],[80.1462,13.6524],[80.146,13.6524],[80.146,13.6515],[80.1457,13.6515],[80.1457,13.6507],[80.146,13.6507],[80.146,13.6499],[80.1462,13.6499],[80.1462,13.649],[80.1465,13.649],[80.1465,13.6485],[80.1468,13.6485],[80.1468,13.6474],[80.1471,13.6474],[80.1471,13.6463],[80.1468,13.6463],[80.1468,13.646],[80.1465,13.646],[80.1465,13.6457],[80.146,13.6457],[80.146,13.6454],[80.1457,13.6454],[80.1457,13.6451],[80.1454,13.6451],[80.1454,13.6449],[80.1451,13.6449],[80.1451,13.6446],[80.144,13.6446],[80.144,13.6407],[80.1438,13.6407],[80.1438,13.6399],[80.144,13.6399],[80.144,13.6396],[80.1438,13.6396],[80.1438,13.6376],[80.1432,13.6376],[80.1432,13.6351],[80.1438,13.6351],[80.1438,13.6349],[80.1443,13.6349],[80.1443,13.6335],[80.144,13.6335],[80.144,13.6332],[80.1443,13.6332],[80.1443,13.6329],[80.1446,13.6329],[80.1446,13.6321],[80.1449,13.6321],[80.1449,13.6299],[80.1446,13.6299],[80.1446,13.629],[80.1443,13.629],[80.1443,13.6276],[80.144,13.6276],[80.144,13.6271],[80.1438,13.6271],[80.1438,13.6265],[80.1435,13.6265],[80.1435,13.6251],[80.1432,13.6251],[80.1432,13.624],[80.1429,13.624],[80.1429,13.6232],[80.1426,13.6232],[80.1426,13.6229],[80.1424,13.6229],[80.1424,13.6224],[80.1421,13.6224],[80.1421,13.6221],[80.1418,13.6221],[80.1418,13.6218],[80.1415,13.6218],[80.1415,13.6213],[80.1413,13.6213],[80.1413,13.621],[80.141,13.621],[80.141,13.619],[80.1407,13.619],[80.1407,13.6188],[80.1404,13.6188],[80.1404,13.6182],[80.1401,13.6182],[80.1401,13.6176],[80.1399,13.6176],[80.1399,13.6165],[80.1396,13.6165],[80.1396,13.6157],[80.1393,13.6157],[80.1393,13.6149],[80.139,13.6149],[80.139,13.6143],[80.1387,13.6143],[80.1387,13.6135],[80.1385,13.6135],[80.1385,13.6129],[80.1382,13.6129],[80.1382,13.6126],[80.1379,13.6126],[80.1379,13.6124],[80.1376,13.6124],[80.1376,13.6121],[80.1371,13.6121],[80.1371,13.6118],[80.1368,13.6118],[80.1368,13.6115],[80.1365,13.6115],[80.1365,13.6112],[80.1363,13.6112],[80.1363,13.611],[80.1351,13.611],[80.1351,13.6107],[80.134,13.6107],[80.134,13.6104],[80.1329,13.6104],[80.1329,13.6101],[80.1307,13.6101],[80.1307,13.6104],[80.1301,13.6104],[80.1301,13.6107],[80.1299,13.6107],[80.1299,13.611],[80.1293,13.611],[80.1293,13.6107],[80.1276,13.6107],[80.1276,13.611],[80.1271,13.611],[80.1271,13.6112],[80.1268,13.6112],[80.1268,13.6115],[80.1265,13.6115],[80.1262,13.6115],[80.1262,13.6118],[80.126,13.6118],[80.126,13.6124],[80.1257,13.6124],[80.1257,13.6129],[80.1254,13.6129],[80.1254,13.6135],[80.1251,13.6135],[80.1251,13.6138],[80.1243,13.6138],[80.1243,13.614],[80.124,13.614],[80.124,13.6143],[80.1237,13.6143],[80.1237,13.6146],[80.1235,13.6146],[80.1235,13.6149],[80.1232,13.6149],[80.1232,13.6154],[80.1229,13.6154],[80.1229,13.616],[80.1226,13.616],[80.1226,13.6165],[80.1224,13.6165],[80.1224,13.6168],[80.1221,13.6168],[80.1221,13.6171],[80.1218,13.6171],[80.1218,13.6176],[80.1215,13.6176],[80.1215,13.6179],[80.1212,13.6179],[80.1212,13.6182],[80.121,13.6182],[80.121,13.6188],[80.1207,13.6188],[80.1207,13.619],[80.1204,13.619],[80.1204,13.6193],[80.1201,13.6193],[80.1201,13.6199],[80.1199,13.6199],[80.1199,13.6201],[80.1196,13.6201],[80.1196,13.6204],[80.119,13.6204],[80.119,13.6207],[80.1188,13.6207],[80.1188,13.621],[80.1185,13.621],[80.1185,13.6221],[80.1188,13.6221],[80.1188,13.6226],[80.119,13.6226],[80.119,13.6229],[80.1193,13.6229],[80.1193,13.624],[80.1196,13.624],[80.1196,13.6254],[80.1193,13.6254],[80.1193,13.6265],[80.119,13.6265],[80.119,13.6271],[80.1188,13.6271],[80.1188,13.6279],[80.1185,13.6279],[80.1185,13.6282],[80.1188,13.6282],[80.1188,13.6285],[80.1185,13.6285],[80.1185,13.6287],[80.1182,13.6287],[80.1182,13.6293],[80.1179,13.6293],[80.1179,13.6296],[80.1176,13.6296],[80.1176,13.6301],[80.1174,13.6301],[80.1174,13.6304],[80.1171,13.6304],[80.1171,13.631],[80.1168,13.631],[80.1168,13.6313],[80.1165,13.6313],[80.1165,13.6315],[80.116,13.6315],[80.116,13.6318],[80.1157,13.6318],[80.1157,13.6321],[80.1154,13.6321],[80.1154,13.6324],[80.1149,13.6324],[80.1149,13.6326],[80.1146,13.6326],[80.1146,13.6329],[80.1143,13.6329],[80.1143,13.6332],[80.1137,13.6332],[80.1137,13.6335],[80.1135,13.6335],[80.1135,13.6338],[80.1134,13.634],[80.1132,13.634],[80.1132,13.6343],[80.1129,13.6343],[80.1129,13.6346],[80.1126,13.6346],[80.1126,13.6351],[80.1124,13.6351],[80.1124,13.6354],[80.1121,13.6354],[80.1121,13.6357],[80.1118,13.6357],[80.1118,13.6365],[80.1115,13.6365],[80.1115,13.6371],[80.1112,13.6371],[80.1112,13.6376],[80.111,13.6376],[80.111,13.6388],[80.1107,13.6387],[80.1107,13.6393],[80.1104,13.6393],[80.1104,13.6396],[80.1101,13.6396],[80.1101,13.6399],[80.1099,13.6399],[80.1099,13.6404],[80.1096,13.6404],[80.1096,13.641],[80.1093,13.641],[80.1093,13.6418],[80.109,13.6418],[80.109,13.6421],[80.1087,13.6421],[80.1087,13.6454],[80.109,13.6454],[80.109,13.646],[80.1093,13.646],[80.1093,13.6468],[80.109,13.6468],[80.109,13.6482],[80.1093,13.6482],[80.1093,13.6488],[80.109,13.6488],[80.109,13.6499],[80.1087,13.6499],[80.1087,13.651],[80.1085,13.651],[80.1085,13.6521],[80.1082,13.6521],[80.1082,13.6532],[80.1079,13.6532],[80.1079,13.6543],[80.1082,13.6543],[80.1082,13.6554],[80.1085,13.6554],[80.1085,13.6565],[80.1087,13.6565],[80.1087,13.6568],[80.1087,13.6574],[80.109,13.6574],[80.109,13.6576],[80.1096,13.6576],[80.1096,13.6579],[80.1099,13.6579],[80.1099,13.6582],[80.1124,13.6582],[80.1124,13.6579],[80.114,13.6579],[80.114,13.6576],[80.1162,13.6576],[80.1162,13.6587],[80.1182,13.6587],[80.1182,13.6557],[80.1179,13.6557],[80.1179,13.6554],[80.1176,13.6554],[80.1176,13.6551],[80.1174,13.6551],[80.1174,13.6549],[80.1171,13.6549],[80.1171,13.6563],[80.1154,13.6563],[80.1154,13.656],[80.1151,13.656],[80.1151,13.6559],[80.1151,13.6554],[80.1149,13.6554],[80.1149,13.6551],[80.1151,13.6551],[80.1151,13.6546],[80.1154,13.6546],[80.1154,13.6543],[80.1157,13.6543],[80.1157,13.654],[80.116,13.654],[80.116,13.6535],[80.1162,13.6535],[80.1162,13.6532],[80.1174,13.6532],[80.1174,13.6538],[80.1179,13.6538],[80.1179,13.6535],[80.1182,13.6535],[80.1182,13.6529],[80.1184,13.6529],[80.1185,13.6529],[80.1185,13.6526],[80.1188,13.6526],[80.1188,13.6521],[80.119,13.6521],[80.119,13.6515],[80.1193,13.6515],[80.1193,13.6513],[80.1196,13.6513],[80.1196,13.6507],[80.1199,13.6507],[80.1199,13.6501],[80.1196,13.6501],[80.1196,13.6493],[80.1193,13.6493],[80.1193,13.6488],[80.119,13.6488],[80.119,13.6482],[80.1188,13.6482],[80.1188,13.6479],[80.1182,13.6479],[80.1182,13.6476],[80.1179,13.6476],[80.1179,13.6474],[80.1176,13.6474],[80.1176,13.6471],[80.1174,13.6471],[80.1174,13.6468],[80.1168,13.6468],[80.1168,13.6465],[80.1165,13.6465],[80.1165,13.6463],[80.1162,13.6463],[80.1162,13.646],[80.1158,13.646],[80.1157,13.646],[80.1157,13.6457],[80.1154,13.6457],[80.1154,13.6454],[80.1151,13.6454],[80.1151,13.6451],[80.1149,13.6451],[80.1149,13.6449],[80.1143,13.6449],[80.1143,13.6446],[80.114,13.6446],[80.114,13.6443],[80.1137,13.6443],[80.1137,13.644],[80.1135,13.644],[80.1135,13.6438],[80.1132,13.6438],[80.1132,13.6435],[80.1129,13.6435],[80.1129,13.6432],[80.1126,13.6432],[80.1126,13.6429],[80.1118,13.6429],[80.1118,13.6421],[80.1124,13.6421],[80.1124,13.6418],[80.1137,13.6418],[80.1137,13.6421],[80.114,13.6421],[80.114,13.6426],[80.1143,13.6426],[80.1143,13.6429],[80.1149,13.6429],[80.1149,13.6432],[80.1152,13.6432],[80.1154,13.6432],[80.1154,13.6435],[80.116,13.6435],[80.116,13.6438],[80.1165,13.6438],[80.1165,13.644],[80.1171,13.644],[80.1171,13.6443],[80.1179,13.6443],[80.1179,13.6446],[80.1185,13.6446],[80.1185,13.6449],[80.119,13.6449],[80.119,13.6451],[80.1196,13.6451],[80.1196,13.6454],[80.1201,13.6454],[80.1201,13.6457],[80.1207,13.6457],[80.1207,13.646],[80.1204,13.646],[80.1204,13.6463],[80.1201,13.6463],[80.1201,13.6485],[80.1204,13.6485],[80.1204,13.649],[80.1207,13.649],[80.1207,13.6499],[80.121,13.6499],[80.121,13.6507],[80.1212,13.6507],[80.1212,13.6513],[80.1215,13.6513],[80.1215,13.6518],[80.1218,13.6518],[80.1218,13.6529],[80.1215,13.6529],[80.1215,13.6546],[80.1212,13.6546],[80.1212,13.6548],[80.1212,13.6554],[80.1201,13.6554],[80.1201,13.656],[80.1199,13.656],[80.1199,13.6565],[80.1201,13.6565],[80.1201,13.6574],[80.1204,13.6574],[80.1204,13.6604],[80.1201,13.6604],[80.1201,13.661],[80.1199,13.661],[80.1199,13.6618],[80.1196,13.6618],[80.1196,13.6632],[80.1199,13.6632],[80.1199,13.6637],[80.1201,13.6637],[80.1201,13.664],[80.1215,13.664],[80.1215,13.6643],[80.1221,13.6643],[80.1221,13.6649],[80.1224,13.6649],[80.1224,13.6654],[80.1226,13.6654],[80.1226,13.666],[80.1229,13.666],[80.1229,13.6665],[80.1232,13.6665],[80.1232,13.6668],[80.1235,13.6668],[80.1235,13.6674],[80.1237,13.6674],[80.1237,13.6679],[80.124,13.6679],[80.124,13.6685],[80.1243,13.6685],[80.1243,13.669],[80.1246,13.669],[80.1246,13.6696],[80.1249,13.6696],[80.1249,13.6699],[80.1254,13.6699],[80.1254,13.6696],[80.126,13.6696],[80.126,13.6704],[80.1257,13.6704],[80.1257,13.6713],[80.1254,13.6713],[80.1254,13.6724],[80.1251,13.6724],[80.1251,13.6732],[80.1249,13.6732],[80.1249,13.6757],[80.1249,13.6768],[80.1246,13.6768],[80.1246,13.6771],[80.1243,13.6771],[80.1243,13.6776],[80.124,13.6776],[80.124,13.6779],[80.1224,13.6779],[80.1224,13.6782],[80.1204,13.6782],[80.1204,13.6771],[80.1207,13.6771],[80.1207,13.6765],[80.121,13.6765],[80.121,13.676],[80.1212,13.676],[80.1212,13.6754],[80.1215,13.6754],[80.1215,13.6749],[80.1218,13.6749],[80.1218,13.674],[80.1215,13.674],[80.1215,13.6726],[80.1212,13.6726],[80.1212,13.6715],[80.121,13.6715],[80.121,13.6707],[80.1196,13.6707],[80.1196,13.671],[80.1188,13.671],[80.1188,13.6713],[80.1179,13.6713],[80.1179,13.6715],[80.1176,13.6715],[80.1176,13.6718],[80.1174,13.6718],[80.1174,13.6721],[80.1168,13.6721],[80.1168,13.6724],[80.1165,13.6724],[80.1165,13.6726],[80.1162,13.6726],[80.1162,13.6729],[80.116,13.6729],[80.116,13.6732],[80.1157,13.6732],[80.1157,13.6738],[80.1154,13.6738],[80.1154,13.6743],[80.1151,13.6743],[80.1151,13.6749],[80.1149,13.6749],[80.1149,13.6754],[80.1146,13.6754],[80.1146,13.676],[80.1135,13.676],[80.1135,13.6754],[80.1132,13.6754],[80.1132,13.6746],[80.1129,13.6746],[80.1129,13.674],[80.1126,13.674],[80.1126,13.6735],[80.1124,13.6735],[80.1124,13.6732],[80.1121,13.6732],[80.1121,13.6726],[80.1118,13.6726],[80.1118,13.6724],[80.1115,13.6724],[80.1115,13.6718],[80.1112,13.6718],[80.1112,13.6715],[80.109,13.6715],[80.109,13.6713],[80.1085,13.6713],[80.1085,13.6726],[80.1082,13.6726],[80.1082,13.6735],[80.1076,13.6735],[80.1076,13.6738],[80.1074,13.6738],[80.1074,13.674],[80.1068,13.674],[80.1068,13.6743],[80.1074,13.6743],[80.1074,13.6746],[80.1076,13.6746],[80.1076,13.6774],[80.1074,13.6774],[80.1074,13.6785],[80.1076,13.6785],[80.1076,13.6788],[80.1079,13.6788],[80.1079,13.6793],[80.1082,13.6793],[80.1082,13.6799],[80.1085,13.6799],[80.1085,13.6807],[80.1082,13.6807],[80.1082,13.6813],[80.1079,13.6813],[80.1079,13.6815],[80.1076,13.6815],[80.1076,13.6821],[80.1074,13.6821],[80.1074,13.6826],[80.1071,13.6826],[80.1071,13.6832],[80.1068,13.6832],[80.1068,13.6835],[80.1065,13.6835],[80.1065,13.6837],[80.1062,13.6837],[80.1062,13.684],[80.1065,13.684],[80.1065,13.6843],[80.1085,13.6843],[80.1085,13.6846],[80.1087,13.6846],[80.1087,13.6851],[80.109,13.6851],[80.109,13.6857],[80.1087,13.6857],[80.1087,13.6862],[80.1085,13.6862],[80.1085,13.6868],[80.1082,13.6868],[80.1082,13.6885],[80.1085,13.6885],[80.1085,13.6899],[80.1087,13.6899],[80.1087,13.6901],[80.109,13.6901],[80.109,13.6904],[80.1093,13.6904],[80.1093,13.6907],[80.1096,13.6907],[80.1096,13.691],[80.1099,13.691],[80.1099,13.6912],[80.1101,13.6912],[80.1101,13.6915],[80.1107,13.6915],[80.1107,13.6918],[80.111,13.6918],[80.111,13.6921],[80.1112,13.6921],[80.1112,13.6926],[80.1115,13.6926],[80.1115,13.6938],[80.1113,13.6938],[80.1113,13.6946],[80.111,13.6946],[80.111,13.6949],[80.1107,13.6949],[80.1107,13.6954],[80.1104,13.6954],[80.1104,13.6957],[80.1101,13.6957],[80.1101,13.696],[80.1099,13.696],[80.1099,13.6963],[80.1096,13.6963],[80.1096,13.6968],[80.1093,13.6968],[80.1093,13.6971],[80.109,13.6971],[80.109,13.6974],[80.1087,13.6974],[80.1087,13.6979],[80.1085,13.6979],[80.1085,13.6985],[80.1082,13.6985],[80.1082,13.699],[80.1079,13.699],[80.1079,13.6993],[80.1076,13.6993],[80.1076,13.6996],[80.1074,13.6996],[80.1074,13.6999],[80.1071,13.6999],[80.1071,13.7001],[80.1068,13.7001],[80.1068,13.7007],[80.1071,13.7007],[80.1071,13.7018],[80.1074,13.7018],[80.1074,13.7029],[80.1076,13.7029],[80.1076,13.7038],[80.1079,13.7037],[80.1079,13.7039],[80.1079,13.7062],[80.1082,13.7062],[80.1082,13.7068],[80.1085,13.7068],[80.1085,13.7071],[80.109,13.7071],[80.109,13.7074],[80.1093,13.7074],[80.1093,13.7079],[80.109,13.7079],[80.109,13.7085],[80.1087,13.7085],[80.1087,13.7088],[80.1085,13.7088],[80.1085,13.709],[80.1082,13.709],[80.1082,13.7093],[80.1068,13.7093],[80.1068,13.709],[80.1065,13.709],[80.1065,13.7085],[80.1062,13.7085],[80.1062,13.7079],[80.106,13.7079],[80.106,13.7076],[80.1051,13.7076],[80.1051,13.7074],[80.1043,13.7074],[80.1043,13.7071],[80.1046,13.7071],[80.1046,13.7065],[80.1049,13.7065],[80.1049,13.7035],[80.1046,13.7035],[80.1046,13.7032],[80.1043,13.7032],[80.1043,13.7029],[80.104,13.7029],[80.104,13.7024],[80.1038,13.7024],[80.1038,13.7021],[80.1035,13.7021],[80.1035,13.7018],[80.1029,13.7018],[80.1029,13.7021],[80.1018,13.7021],[80.1018,13.7024],[80.1007,13.7024],[80.1007,13.7021],[80.1004,13.7021],[80.1004,13.699],[80.1007,13.699],[80.1007,13.6985],[80.101,13.6985],[80.101,13.6982],[80.1012,13.6982],[80.1012,13.6976],[80.1015,13.6976],[80.1015,13.6971],[80.1018,13.6971],[80.1018,13.6968],[80.1021,13.6968],[80.1021,13.6963],[80.1024,13.6963],[80.1024,13.696],[80.1026,13.696],[80.1026,13.6954],[80.1029,13.6954],[80.1029,13.6951],[80.106,13.6951],[80.106,13.6949],[80.1065,13.6949],[80.1065,13.6946],[80.1068,13.6946],[80.1068,13.6943],[80.1074,13.6943],[80.1074,13.693],[80.1074,13.6929],[80.1076,13.6929],[80.1076,13.6915],[80.1074,13.6915],[80.1074,13.6912],[80.1068,13.6912],[80.1068,13.691],[80.1065,13.691],[80.1065,13.6907],[80.1062,13.6907],[80.1062,13.6904],[80.1057,13.6904],[80.1057,13.6901],[80.1054,13.6901],[80.1054,13.6896],[80.1051,13.6896],[80.1051,13.689],[80.1049,13.689],[80.1049,13.6885],[80.1046,13.6885],[80.1046,13.6879],[80.1043,13.6879],[80.1043,13.6876],[80.1038,13.6876],[80.1038,13.6874],[80.1032,13.6874],[80.1032,13.6871],[80.1026,13.6871],[80.1026,13.6868],[80.1018,13.6868],[80.1018,13.6871],[80.101,13.6871],[80.101,13.679],[80.1012,13.679],[80.1012,13.6788],[80.101,13.6788],[80.101,13.6785],[80.1007,13.6785],[80.1007,13.6779],[80.101,13.6779],[80.101,13.6768],[80.1012,13.6768],[80.1012,13.676],[80.1015,13.676],[80.1015,13.6749],[80.1018,13.6749],[80.1018,13.6738],[80.1021,13.6738],[80.1021,13.6726],[80.1024,13.6726],[80.1024,13.6674],[80.1026,13.6674],[80.1026,13.6671],[80.1035,13.6671],[80.1035,13.6654],[80.1038,13.6654],[80.1038,13.6626],[80.104,13.6626],[80.104,13.6615],[80.1043,13.6615],[80.1043,13.6604],[80.1046,13.6604],[80.1046,13.659],[80.1043,13.659],[80.1043,13.6576],[80.104,13.6576],[80.104,13.6565],[80.1038,13.6565],[80.1038,13.6562],[80.1038,13.6551],[80.1035,13.6551],[80.1035,13.6543],[80.1032,13.6543],[80.1032,13.654],[80.1029,13.654],[80.1029,13.6537],[80.1026,13.6538],[80.1026,13.6535],[80.1021,13.6535],[80.1021,13.6532],[80.1018,13.6532],[80.1018,13.6529],[80.1015,13.6529],[80.1015,13.6526],[80.0976,13.6526],[80.0976,13.6532],[80.0974,13.6532],[80.0974,13.6538],[80.0971,13.6537],[80.0971,13.6543],[80.0974,13.6543],[80.0974,13.6549],[80.0974,13.6554],[80.0976,13.6554],[80.0976,13.6565],[80.0979,13.6565],[80.0979,13.6576],[80.0982,13.6576],[80.0982,13.6596],[80.0985,13.6596],[80.0985,13.6613],[80.0982,13.6613],[80.0982,13.6615],[80.0974,13.6615],[80.0974,13.6613],[80.0971,13.6613],[80.0971,13.661],[80.0968,13.661],[80.0968,13.6604],[80.0965,13.6604],[80.0965,13.6599],[80.0963,13.6599],[80.0963,13.6596],[80.096,13.6596],[80.096,13.659],[80.0957,13.659],[80.0957,13.6587],[80.0954,13.6587],[80.0954,13.6582],[80.0951,13.6582],[80.0951,13.6576],[80.0949,13.6576],[80.0949,13.6574],[80.0946,13.6574],[80.0946,13.6568],[80.0943,13.6568],[80.0943,13.6565],[80.094,13.6565],[80.094,13.656],[80.0938,13.656],[80.0938,13.6554],[80.0935,13.6554],[80.0935,13.6551],[80.0932,13.6551],[80.0932,13.6546],[80.0929,13.6546],[80.0929,13.6543],[80.0924,13.6543],[80.0924,13.6541],[80.0924,13.654],[80.0918,13.654],[80.0918,13.6537],[80.089,13.6538],[80.089,13.6539],[80.089,13.654],[80.0888,13.654],[80.0888,13.6554],[80.0893,13.6554],[80.0893,13.6557],[80.0896,13.6557],[80.0896,13.656],[80.0901,13.656],[80.0901,13.6563],[80.0904,13.6563],[80.0904,13.6565],[80.091,13.6565],[80.091,13.6568],[80.0912,13.6568],[80.0912,13.6574],[80.0915,13.6574],[80.0915,13.6576],[80.0918,13.6576],[80.0918,13.6582],[80.0921,13.6582],[80.0921,13.6587],[80.0924,13.6587],[80.0924,13.659],[80.0926,13.659],[80.0926,13.6596],[80.0929,13.6596],[80.0929,13.6599],[80.0932,13.6599],[80.0932,13.6604],[80.0935,13.6604],[80.0935,13.661],[80.0938,13.661],[80.0938,13.6613],[80.094,13.6613],[80.094,13.6618],[80.0943,13.6618],[80.0943,13.6621],[80.0954,13.6621],[80.0954,13.6626],[80.0957,13.6626],[80.0957,13.6632],[80.096,13.6632],[80.096,13.6637],[80.0963,13.6637],[80.0963,13.6643],[80.0965,13.6643],[80.0965,13.6649],[80.0968,13.6649],[80.0968,13.6657],[80.0965,13.6657],[80.0965,13.6668],[80.0963,13.6668],[80.0963,13.6679],[80.096,13.6679],[80.096,13.6685],[80.0957,13.6685],[80.0957,13.6687],[80.0946,13.6687],[80.0946,13.6682],[80.0943,13.6682],[80.0943,13.6676],[80.094,13.6676],[80.094,13.6674],[80.0935,13.6674],[80.0935,13.6671],[80.0932,13.6671],[80.0932,13.6668],[80.0926,13.6668],[80.0926,13.6665],[80.0924,13.6665],[80.0924,13.6663],[80.0921,13.6663],[80.0921,13.666],[80.0915,13.666],[80.0915,13.6657],[80.0912,13.6657],[80.0912,13.6654],[80.091,13.6654],[80.091,13.6651],[80.0904,13.6651],[80.0904,13.6649],[80.0901,13.6649],[80.0901,13.6646],[80.0893,13.6646],[80.0893,13.6651],[80.089,13.6651],[80.089,13.6657],[80.0879,13.6657],[80.0879,13.6654],[80.0876,13.6654],[80.0876,13.6649],[80.0874,13.6649],[80.0874,13.6643],[80.0871,13.6643],[80.0871,13.6637],[80.0868,13.6637],[80.0868,13.6635],[80.0865,13.6635],[80.0865,13.6629],[80.0863,13.6629],[80.0863,13.6624],[80.086,13.6624],[80.086,13.6621],[80.0857,13.6621],[80.0857,13.6615],[80.0854,13.6615],[80.0854,13.6613],[80.0851,13.6613],[80.0851,13.6607],[80.0843,13.6607],[80.0843,13.6596],[80.084,13.6596],[80.084,13.6585],[80.0837,13.6585],[80.0837,13.6582],[80.0835,13.6582],[80.0835,13.6579],[80.0829,13.6579],[80.0829,13.6576],[80.0826,13.6576],[80.0826,13.6574],[80.0824,13.6574],[80.0824,13.6571],[80.0821,13.6571],[80.0821,13.6568],[80.0818,13.6568],[80.0818,13.6565],[80.0813,13.6565],[80.0813,13.6563],[80.081,13.6563],[80.081,13.656],[80.0793,13.656],[80.0793,13.6551],[80.0796,13.6551],[80.0796,13.6546],[80.0801,13.6546],[80.0801,13.6526],[80.0799,13.6526],[80.0799,13.6518],[80.0801,13.6518],[80.0801,13.6515],[80.0804,13.6515],[80.0804,13.6513],[80.0807,13.6513],[80.0807,13.651],[80.081,13.651],[80.081,13.6507],[80.0813,13.6507],[80.0813,13.6504],[80.0824,13.6504],[80.0824,13.651],[80.0832,13.651],[80.0832,13.6507],[80.0837,13.6507],[80.0837,13.6504],[80.084,13.6504],[80.084,13.6501],[80.0874,13.6501],[80.0874,13.6504],[80.0901,13.6504],[80.0901,13.651],[80.0907,13.651],[80.0907,13.6513],[80.0912,13.6513],[80.0912,13.651],[80.0918,13.651],[80.0918,13.6496],[80.0915,13.6496],[80.0915,13.6493],[80.091,13.6493],[80.091,13.6488],[80.0932,13.6488],[80.0932,13.6485],[80.0938,13.6485],[80.0938,13.6482],[80.0943,13.6482],[80.0943,13.6479],[80.0949,13.6479],[80.0949,13.6474],[80.0943,13.6474],[80.0943,13.6468],[80.094,13.6468],[80.094,13.6465],[80.0938,13.6465],[80.0938,13.6463],[80.0935,13.6463],[80.0935,13.646],[80.0924,13.646],[80.0924,13.6457],[80.0915,13.6457],[80.0915,13.6454],[80.0911,13.6454],[80.0888,13.6454],[80.0888,13.6457],[80.0846,13.6457],[80.0846,13.6454],[80.084,13.6454],[80.084,13.6451],[80.0835,13.6451],[80.0835,13.6449],[80.0829,13.6449],[80.0829,13.6446],[80.0826,13.6446],[80.0826,13.6449],[80.0824,13.6449],[80.0824,13.6446],[80.0815,13.6446],[80.0815,13.6443],[80.081,13.6443],[80.081,13.644],[80.0807,13.644],[80.0807,13.6435],[80.0801,13.6435],[80.0801,13.6432],[80.0793,13.6432],[80.0793,13.6429],[80.079,13.6429],[80.079,13.6426],[80.0788,13.6426],[80.0788,13.6424],[80.0782,13.6424],[80.0782,13.6421],[80.0776,13.6421],[80.0776,13.6418],[80.0774,13.6418],[80.0774,13.6415],[80.0768,13.6415],[80.0768,13.6412],[80.0765,13.6412],[80.0765,13.641],[80.0762,13.641],[80.0762,13.6407],[80.0757,13.6407],[80.0757,13.6404],[80.0754,13.6404],[80.0754,13.6401],[80.0751,13.6401],[80.0751,13.6396],[80.0746,13.6396],[80.0746,13.639],[80.0743,13.639],[80.0743,13.6387],[80.074,13.6388],[80.074,13.6382],[80.0738,13.6382],[80.0738,13.6379],[80.0735,13.6379],[80.0735,13.6374],[80.0732,13.6374],[80.0732,13.6371],[80.0726,13.6371],[80.0726,13.6365],[80.0724,13.6365],[80.0724,13.636],[80.0721,13.636],[80.0721,13.6354],[80.0718,13.6354],[80.0718,13.6349],[80.0715,13.6349],[80.0715,13.6337],[80.0713,13.6337],[80.0713,13.6326],[80.071,13.6326],[80.071,13.6318],[80.0707,13.6318],[80.0707,13.6307],[80.0704,13.6307],[80.0704,13.6282],[80.0707,13.6282],[80.0707,13.6276],[80.071,13.6276],[80.071,13.6274],[80.0713,13.6274],[80.0713,13.6268],[80.0715,13.6268],[80.0715,13.6257],[80.0718,13.6257],[80.0718,13.6247],[80.0718,13.6224],[80.0715,13.6224],[80.0715,13.621],[80.0713,13.621],[80.0713,13.6199],[80.071,13.6199],[80.071,13.6174],[80.0713,13.6174],[80.0713,13.6146],[80.0718,13.6146],[80.0718,13.6143],[80.0724,13.6143],[80.0724,13.614],[80.0743,13.614],[80.0743,13.6138],[80.0749,13.6138],[80.0749,13.6135],[80.0751,13.6135],[80.0751,13.6132],[80.0754,13.6132],[80.0754,13.6124],[80.0757,13.6124],[80.0757,13.6118],[80.076,13.6118],[80.076,13.6115],[80.0762,13.6115],[80.0762,13.6107],[80.076,13.6107],[80.076,13.6101],[80.0757,13.6101],[80.0757,13.6099],[80.0754,13.6099],[80.0754,13.6096],[80.0751,13.6096],[80.0751,13.6088],[80.0749,13.6088],[80.0749,13.6085],[80.0743,13.6085],[80.0743,13.6082],[80.0721,13.6082],[80.0721,13.6079],[80.0718,13.6079],[80.0718,13.6076],[80.0715,13.6076],[80.0715,13.6074],[80.0713,13.6074],[80.0713,13.6071],[80.071,13.6071],[80.071,13.6068],[80.0707,13.6068],[80.0707,13.6065],[80.071,13.6065],[80.071,13.606],[80.0713,13.606],[80.0713,13.6054],[80.0699,13.6054],[80.0699,13.6046],[80.0701,13.6046],[80.0701,13.6029],[80.0699,13.6029],[80.0699,13.6024],[80.0693,13.6024],[80.0693,13.6021],[80.0682,13.6021],[80.0682,13.6032],[80.0676,13.6032],[80.0676,13.6029],[80.0674,13.6029],[80.0674,13.6026],[80.0663,13.6026],[80.0663,13.6024],[80.0657,13.6024],[80.0657,13.6021],[80.0654,13.6021],[80.0654,13.6012],[80.0651,13.6013],[80.0651,13.601],[80.0649,13.601],[80.0649,13.6007],[80.0643,13.6007],[80.0643,13.6004],[80.064,13.6004],[80.064,13.6001],[80.0638,13.6001],[80.0638,13.5999],[80.0632,13.5999],[80.0632,13.5996],[80.0629,13.5996],[80.0629,13.599],[80.0626,13.599],[80.0626,13.5974],[80.0624,13.5974],[80.0624,13.5971],[80.0621,13.5971],[80.0621,13.5965],[80.0615,13.5965],[80.0615,13.5963],[80.0612,13.5963],[80.0612,13.5957],[80.061,13.5957],[80.061,13.5951],[80.0604,13.5951],[80.0604,13.5949],[80.0599,13.5949],[80.0599,13.5946],[80.0593,13.5946],[80.0593,13.5943],[80.0587,13.5943],[80.0587,13.5946],[80.0582,13.5946],[80.0582,13.5949],[80.0576,13.5949],[80.0576,13.5951],[80.0574,13.5951],[80.0574,13.5954],[80.0571,13.5954],[80.0571,13.5951],[80.0568,13.5951],[80.0568,13.5954],[80.0565,13.5954],[80.0565,13.5963],[80.056,13.5963],[80.056,13.596],[80.0557,13.596],[80.0557,13.5957],[80.0554,13.5957],[80.0554,13.5954],[80.0551,13.5954],[80.0551,13.5951],[80.0549,13.5951],[80.0549,13.5949],[80.0543,13.5949],[80.0543,13.5946],[80.054,13.5946],[80.054,13.594],[80.0543,13.594],[80.0543,13.5935],[80.0546,13.5935],[80.0546,13.5929],[80.0549,13.5929],[80.0549,13.5918],[80.0551,13.5918],[80.0551,13.591],[80.0554,13.591],[80.0554,13.5907],[80.0549,13.5907],[80.0549,13.5904],[80.0524,13.5904],[80.0524,13.5901],[80.0521,13.5901],[80.0521,13.5899],[80.0515,13.5899],[80.0515,13.5896],[80.0512,13.5896],[80.0512,13.589],[80.051,13.589],[80.051,13.5882],[80.0512,13.5882],[80.0512,13.5876],[80.0515,13.5877],[80.0515,13.5874],[80.0518,13.5874],[80.0518,13.5871],[80.0521,13.5871],[80.0521,13.5868],[80.0524,13.5868],[80.0524,13.5854],[80.0526,13.5854],[80.0526,13.5849],[80.0529,13.5849],[80.0529,13.5843],[80.0532,13.5843],[80.0532,13.584],[80.0535,13.584],[80.0535,13.5838],[80.0532,13.5838],[80.0532,13.5835],[80.0535,13.5835],[80.0535,13.5829],[80.0537,13.5829],[80.0537,13.5824],[80.054,13.5824],[80.054,13.5818],[80.0543,13.5818],[80.0543,13.5815],[80.0546,13.5815],[80.0546,13.5813],[80.0549,13.5813],[80.0549,13.5807],[80.0551,13.5807],[80.0551,13.5804],[80.0554,13.5804],[80.0554,13.5801],[80.0557,13.5801],[80.0557,13.5799],[80.056,13.5799],[80.056,13.5796],[80.0563,13.5796],[80.0563,13.5793],[80.0565,13.5793],[80.0565,13.579],[80.0568,13.579],[80.0568,13.5787],[80.0571,13.5787],[80.0571,13.5785],[80.0574,13.5785],[80.0574,13.5779],[80.0576,13.5779],[80.0576,13.5776],[80.0579,13.5776],[80.0579,13.5774],[80.0582,13.5774],[80.0582,13.5771],[80.0585,13.5771],[80.0585,13.5768],[80.0587,13.5768],[80.0587,13.5765],[80.059,13.5765],[80.059,13.5763],[80.0593,13.5763],[80.0593,13.576],[80.0599,13.576],[80.0599,13.5757],[80.0601,13.5757],[80.0601,13.5754],[80.0607,13.5754],[80.0607,13.5751],[80.061,13.5751],[80.061,13.5749],[80.0615,13.5749],[80.0615,13.5746],[80.0618,13.5746],[80.0618,13.5743],[80.0624,13.5743],[80.0624,13.574],[80.0629,13.574],[80.0629,13.5738],[80.0638,13.5738],[80.0638,13.5735],[80.0643,13.5735],[80.0643,13.5732],[80.0651,13.5732],[80.0651,13.5729],[80.0657,13.5729],[80.0657,13.5727],[80.0665,13.5727],[80.0665,13.5721],[80.0668,13.5721],[80.0668,13.5712],[80.0671,13.5713],[80.0671,13.5707],[80.0674,13.5707],[80.0674,13.5699],[80.0676,13.5699],[80.0676,13.569],[80.0679,13.569],[80.0679,13.5682],[80.0682,13.5682],[80.0682,13.5674],[80.0685,13.5674],[80.0685,13.5668],[80.0687,13.5668],[80.0687,13.566],[80.069,13.566],[80.069,13.5654],[80.0693,13.5654],[80.0693,13.5649],[80.0696,13.5649],[80.0696,13.5646],[80.0699,13.5646],[80.0699,13.5643],[80.0701,13.5643],[80.0701,13.5638],[80.0704,13.5638],[80.0704,13.5635],[80.0707,13.5635],[80.0707,13.5632],[80.071,13.5632],[80.071,13.5626],[80.0713,13.5626],[80.0713,13.5621],[80.0715,13.5621],[80.0715,13.5615],[80.0718,13.5615],[80.0718,13.5607],[80.0721,13.5607],[80.0721,13.5601],[80.0724,13.5601],[80.0724,13.5593],[80.0726,13.5593],[80.0726,13.5588],[80.0729,13.5588],[80.0729,13.5582],[80.0735,13.5582],[80.0735,13.5579],[80.074,13.5579],[80.074,13.5576],[80.0746,13.5576],[80.0746,13.5574],[80.0749,13.5574],[80.0749,13.5571],[80.0754,13.5571],[80.0754,13.5568],[80.076,13.5568],[80.076,13.5565],[80.0765,13.5565],[80.0765,13.556],[80.0768,13.556],[80.0768,13.5551],[80.0771,13.5551],[80.0771,13.5546],[80.0774,13.5546],[80.0774,13.554],[80.0785,13.554],[80.0785,13.5538],[80.0799,13.5538],[80.0799,13.5535],[80.081,13.5535],[80.081,13.5532],[80.0821,13.5532],[80.0821,13.5529],[80.0832,13.5529],[80.0832,13.5526],[80.0846,13.5526],[80.0846,13.5524],[80.0857,13.5524],[80.0857,13.5521],[80.0863,13.5521],[80.0863,13.5518],[80.0865,13.5518],[80.0865,13.5515],[80.0871,13.5515],[80.0871,13.5513],[80.0874,13.5513],[80.0874,13.551],[80.0879,13.551],[80.0879,13.5501],[80.0882,13.5501],[80.0882,13.5488],[80.0885,13.5488],[80.0885,13.5476],[80.0882,13.5476],[80.0882,13.5471],[80.0885,13.5471],[80.0885,13.5465],[80.0888,13.5465],[80.0888,13.546],[80.089,13.546],[80.089,13.5457],[80.0893,13.5457],[80.0893,13.5451],[80.0896,13.5451],[80.0896,13.5446],[80.0899,13.5446],[80.0899,13.5443],[80.0901,13.5443],[80.0901,13.5438],[80.0904,13.5438],[80.0904,13.5432],[80.0907,13.5432],[80.0907,13.5429],[80.0915,13.5429],[80.0915,13.5426],[80.0921,13.5426],[80.0921,13.5423],[80.0929,13.5424],[80.0929,13.5421],[80.0935,13.5421],[80.0935,13.5418],[80.0943,13.5418],[80.0943,13.5415],[80.0951,13.5415],[80.0951,13.5413],[80.0957,13.5413],[80.0957,13.541],[80.0965,13.541],[80.0965,13.5407],[80.0968,13.5407],[80.0968,13.5401],[80.0971,13.5401],[80.0971,13.5396],[80.0974,13.5396],[80.0974,13.5379],[80.0976,13.5379],[80.0976,13.5365],[80.0982,13.5365],[80.0982,13.5363],[80.099,13.5363],[80.099,13.536],[80.0996,13.536],[80.0996,13.5351],[80.0993,13.5351],[80.0993,13.534],[80.099,13.534],[80.099,13.5329],[80.0987,13.5329],[80.0987,13.5318],[80.0985,13.5318],[80.0985,13.5313],[80.0987,13.5313],[80.0987,13.5307],[80.099,13.5307],[80.099,13.5304],[80.0993,13.5304],[80.0993,13.5299],[80.0996,13.5299],[80.0996,13.5296],[80.0999,13.5296],[80.0999,13.529],[80.1001,13.529],[80.1001,13.5288],[80.1007,13.5288],[80.1007,13.5285],[80.1012,13.5285],[80.1012,13.5282],[80.1018,13.5282],[80.1018,13.5279],[80.1026,13.5279],[80.1026,13.5276],[80.1032,13.5276],[80.1032,13.5274],[80.1038,13.5274],[80.1038,13.5265],[80.104,13.5265],[80.104,13.5254],[80.1043,13.5254],[80.1043,13.5249],[80.1049,13.5249],[80.1049,13.5246],[80.1054,13.5246],[80.1054,13.5243],[80.106,13.5243],[80.106,13.524],[80.1065,13.524],[80.1065,13.5238],[80.1068,13.5238],[80.1068,13.5232],[80.1071,13.5232],[80.1071,13.5226],[80.1074,13.5226],[80.1074,13.5224],[80.1076,13.5224],[80.1076,13.5218],[80.1079,13.5218],[80.1079,13.5213],[80.1082,13.5213],[80.1082,13.521],[80.1085,13.521],[80.1085,13.5204],[80.1087,13.5204],[80.1087,13.5199],[80.109,13.5199],[80.109,13.5193],[80.1101,13.5193],[80.1101,13.519],[80.1107,13.519],[80.1107,13.5187],[80.1115,13.5187],[80.1115,13.5185],[80.1121,13.5185],[80.1121,13.5176],[80.1118,13.5176],[80.1118,13.5165],[80.1121,13.5165],[80.1121,13.5168],[80.1124,13.5168],[80.1124,13.5171],[80.1126,13.5171],[80.1126,13.5174],[80.1129,13.5174],[80.1129,13.5176],[80.1149,13.5176],[80.1149,13.5174],[80.116,13.5174],[80.116,13.5171],[80.1174,13.5171],[80.1174,13.5165],[80.1176,13.5165],[80.1176,13.516],[80.1179,13.516],[80.1179,13.5154],[80.1182,13.5154],[80.1182,13.5151],[80.119,13.5151],[80.119,13.5146],[80.1193,13.5146],[80.1193,13.5138],[80.1196,13.5138],[80.1196,13.5121],[80.1193,13.5121],[80.1193,13.5118],[80.1176,13.5118],[80.1176,13.5121],[80.1171,13.5121],[80.1171,13.5124],[80.1162,13.5124],[80.1162,13.5115],[80.116,13.5115],[80.116,13.5104],[80.1157,13.5104],[80.1157,13.5093],[80.1149,13.5093],[80.1149,13.509],[80.1143,13.509],[80.1143,13.5088],[80.1146,13.5088],[80.1146,13.5085],[80.1149,13.5085],[80.1149,13.5082],[80.1151,13.5082],[80.1151,13.5079],[80.1154,13.5079],[80.1154,13.5076],[80.116,13.5076],[80.116,13.5074],[80.1165,13.5074],[80.1165,13.5071],[80.1171,13.5071],[80.1171,13.5068],[80.1176,13.5068],[80.1176,13.5071],[80.1174,13.5071],[80.1174,13.5076],[80.1171,13.5076],[80.1171,13.5082],[80.1168,13.5082],[80.1168,13.5107],[80.1179,13.5107],[80.1179,13.5085],[80.1182,13.5085],[80.1182,13.5065],[80.1185,13.5065],[80.1185,13.5062],[80.119,13.5063],[80.119,13.506],[80.1201,13.506],[80.1201,13.5057],[80.1212,13.5057],[80.1212,13.5054],[80.1224,13.5054],[80.1224,13.5051],[80.1232,13.5051],[80.1232,13.5054],[80.1243,13.5054],[80.1243,13.5057],[80.1254,13.5057],[80.1254,13.5063],[80.1257,13.5063],[80.1257,13.5071],[80.126,13.5071],[80.126,13.5076],[80.1263,13.5076],[80.1263,13.5085],[80.1265,13.5085],[80.1265,13.5093],[80.1268,13.5093],[80.1268,13.5113],[80.1265,13.5113],[80.1265,13.5132],[80.1263,13.5132],[80.1263,13.5135],[80.126,13.5135],[80.126,13.5138],[80.1254,13.5138],[80.1254,13.514],[80.1251,13.514],[80.1251,13.5143],[80.1249,13.5143],[80.1249,13.5157],[80.1251,13.5157],[80.1251,13.516],[80.1254,13.516],[80.1254,13.5165],[80.1257,13.5165],[80.1257,13.5168],[80.1268,13.5168],[80.1268,13.5171],[80.1285,13.5171],[80.1285,13.5168],[80.129,13.5168],[80.129,13.5165],[80.1299,13.5165],[80.1299,13.5163],[80.1304,13.5163],[80.1304,13.516],[80.131,13.516],[80.131,13.5157],[80.1315,13.5157],[80.1315,13.5154],[80.1318,13.5154],[80.1318,13.5151],[80.1324,13.5151],[80.1324,13.5149],[80.1329,13.5149],[80.1329,13.5146],[80.1332,13.5146],[80.1332,13.5143],[80.1338,13.5143],[80.1338,13.514],[80.134,13.514],[80.134,13.5138],[80.1343,13.5138],[80.1343,13.5135],[80.1349,13.5135],[80.1349,13.5132],[80.1351,13.5132],[80.1351,13.5129],[80.1357,13.5129],[80.1357,13.5126],[80.136,13.5126],[80.136,13.5124],[80.1382,13.5124],[80.1382,13.5121],[80.1385,13.5121],[80.1385,13.5118],[80.1387,13.5118],[80.1387,13.5115],[80.139,13.5115],[80.139,13.5113],[80.1393,13.5113],[80.1393,13.5107],[80.1396,13.5107],[80.1396,13.5104],[80.1399,13.5104],[80.1399,13.5101],[80.1401,13.5101],[80.1401,13.5099],[80.1404,13.5099],[80.1404,13.5096],[80.1407,13.5096],[80.1407,13.5093],[80.141,13.5093],[80.141,13.509],[80.1413,13.509],[80.1413,13.5088],[80.1415,13.5088],[80.1415,13.5085],[80.1418,13.5085],[80.1418,13.5082],[80.1421,13.5082],[80.1421,13.5079],[80.1424,13.5079],[80.1424,13.5076],[80.1426,13.5076],[80.1426,13.5074],[80.1429,13.5074],[80.1429,13.5071],[80.1432,13.5071],[80.1432,13.5065],[80.1435,13.5065],[80.1435,13.506],[80.1438,13.506],[80.1438,13.5054],[80.144,13.5054],[80.144,13.5046],[80.1443,13.5046],[80.1443,13.504],[80.1446,13.504],[80.1446,13.5035],[80.1449,13.5035],[80.1449,13.5029],[80.1451,13.5029],[80.1451,13.5021],[80.1454,13.5021],[80.1454,13.5015],[80.1457,13.5015],[80.1457,13.501],[80.146,13.501],[80.146,13.5004],[80.1462,13.5004],[80.1462,13.4999],[80.1465,13.4999],[80.1465,13.4993],[80.1468,13.4993],[80.1468,13.4987],[80.1471,13.4987],[80.1471,13.4982],[80.1474,13.4982],[80.1474,13.4979],[80.1476,13.4979],[80.1476,13.4974],[80.1479,13.4974],[80.1479,13.4971],[80.1482,13.4971],[80.1482,13.4968],[80.1488,13.4968],[80.1488,13.4965],[80.149,13.4965],[80.149,13.4963],[80.1496,13.4963],[80.1496,13.496],[80.1499,13.496],[80.1499,13.4957],[80.1501,13.4957],[80.1501,13.4954],[80.1507,13.4954],[80.1507,13.4951],[80.151,13.4951],[80.151,13.4949],[80.1515,13.4949],[80.1515,13.4946],[80.1518,13.4946],[80.1518,13.4943],[80.1524,13.4943],[80.1524,13.494],[80.1532,13.494],[80.1532,13.4938],[80.1543,13.4938],[80.1543,13.4935],[80.1549,13.4935],[80.1549,13.4932],[80.1557,13.4932],[80.1557,13.4929],[80.1563,13.4929],[80.1563,13.4926],[80.1571,13.4926],[80.1571,13.4924],[80.1574,13.4924],[80.1574,13.4921],[80.1576,13.4921],[80.1576,13.4918],[80.1579,13.4918],[80.1579,13.4915],[80.1585,13.4915],[80.1585,13.4912],[80.1588,13.4912],[80.1588,13.491],[80.159,13.491],[80.159,13.4907],[80.1596,13.4907],[80.1596,13.4904],[80.1601,13.4904],[80.1601,13.4901],[80.161,13.4901],[80.161,13.4899],[80.1615,13.4899],[80.1615,13.4896],[80.1626,13.4896],[80.1626,13.4899],[80.1637,13.4899],[80.1637,13.4901],[80.1646,13.4901],[80.1646,13.4904],[80.1657,13.4904],[80.1657,13.4907],[80.1671,13.4907],[80.1671,13.4904],[80.1674,13.4904],[80.1674,13.4901],[80.1679,13.4901],[80.1679,13.4899],[80.1682,13.4899],[80.1682,13.4901],[80.1685,13.4901],[80.1685,13.4904],[80.169,13.4904],[80.169,13.4907],[80.1693,13.4907],[80.1693,13.491],[80.1696,13.491],[80.1696,13.4912],[80.1699,13.4912],[80.1699,13.4915],[80.1704,13.4915],[80.1704,13.4918],[80.1707,13.4918],[80.1707,13.4921],[80.171,13.4921],[80.171,13.4924],[80.1715,13.4924],[80.1715,13.4926],[80.1721,13.4926],[80.1721,13.4929],[80.1726,13.4929],[80.1726,13.4932],[80.1732,13.4932],[80.1732,13.4935],[80.1738,13.4935],[80.1738,13.4938],[80.1743,13.4938],[80.1743,13.494],[80.1751,13.494],[80.1751,13.4943],[80.1762,13.4943],[80.1762,13.4946],[80.1771,13.4946],[80.1771,13.4949],[80.1796,13.4949],[80.1796,13.4946],[80.1813,13.4946],[80.1813,13.4943],[80.1815,13.4943],[80.1815,13.4937],[80.1818,13.4938],[80.1818,13.4935],[80.1821,13.4935],[80.1821,13.4932],[80.1826,13.4932],[80.1826,13.4929],[80.1832,13.4929],[80.1832,13.4926],[80.1835,13.4926],[80.1835,13.4924],[80.184,13.4924],[80.184,13.4921],[80.1846,13.4921],[80.1846,13.4918],[80.1857,13.4918],[80.1857,13.4915],[80.1876,13.4915],[80.1876,13.4912],[80.1893,13.4912],[80.1893,13.491],[80.191,13.491],[80.191,13.4907],[80.1926,13.4907],[80.1926,13.4904],[80.194,13.4904],[80.194,13.4901],[80.1957,13.4901],[80.1957,13.4899],[80.1974,13.4899],[80.1974,13.4896],[80.199,13.4896],[80.199,13.4893],[80.2007,13.4893],[80.2007,13.489],[80.2024,13.489],[80.2024,13.4888],[80.204,13.4888],[80.204,13.4885],[80.2049,13.4885],[80.2049,13.4882],[80.2057,13.4882],[80.2057,13.4879],[80.2065,13.4879],[80.2065,13.4876],[80.2076,13.4876],[80.2076,13.4874],[80.2085,13.4874],[80.2085,13.4871],[80.2093,13.4871],[80.2093,13.4868],[80.2115,13.4868],[80.2115,13.4865],[80.214,13.4865],[80.214,13.4863],[80.2162,13.4863],[80.2162,13.486],[80.2257,13.486],[80.2257,13.4857],[80.2262,13.4857],[80.2262,13.4854],[80.2271,13.4854],[80.2271,13.4851],[80.2279,13.4851],[80.2279,13.4849],[80.2285,13.4849],[80.2285,13.4851],[80.2299,13.4851],[80.2299,13.4854],[80.2301,13.4854],[80.2301,13.4851],[80.2304,13.4851],[80.2304,13.4849],[80.231,13.4849],[80.231,13.4846],[80.2312,13.4846],[80.2312,13.4843],[80.2343,13.4843],[80.2343,13.484],[80.2371,13.484],[80.2371,13.4843],[80.2374,13.4843],[80.2374,13.4846],[80.2371,13.4846],[80.2371,13.4849],[80.2368,13.4849],[80.2368,13.4851],[80.2365,13.4851],[80.2365,13.4854],[80.2363,13.4854],[80.2363,13.4857],[80.236,13.4857],[80.236,13.486],[80.2354,13.486],[80.2354,13.4863],[80.2349,13.4863],[80.2349,13.4868],[80.2346,13.4868],[80.2346,13.4874],[80.2343,13.4874],[80.2343,13.4879],[80.2365,13.4879],[80.2365,13.4876],[80.2368,13.4876],[80.2368,13.4874],[80.2374,13.4874],[80.2374,13.4871],[80.2376,13.4871],[80.2376,13.4868],[80.2382,13.4868],[80.2382,13.4865],[80.2385,13.4865],[80.2385,13.4863],[80.2387,13.4863],[80.2387,13.486],[80.2387,13.486],[80.239,13.486],[80.239,13.4854],[80.2393,13.4854],[80.2393,13.4851],[80.2396,13.4851],[80.2396,13.4849],[80.2399,13.4849],[80.2399,13.4843],[80.2401,13.4843],[80.2401,13.4838],[80.2404,13.4838],[80.2404,13.4832],[80.2407,13.4832],[80.2407,13.4826],[80.241,13.4826],[80.241,13.4821],[80.2415,13.4821],[80.2415,13.4818],[80.2421,13.4818],[80.2421,13.4815],[80.2426,13.4815],[80.2426,13.4813],[80.2429,13.4813],[80.2429,13.481],[80.2435,13.481],[80.2435,13.4807],[80.244,13.4807],[80.244,13.4804],[80.2446,13.4804],[80.2446,13.4801],[80.2449,13.4801],[80.2449,13.4799],[80.2451,13.4799],[80.2451,13.4796],[80.2454,13.4796],[80.2454,13.4793],[80.2457,13.4793],[80.2457,13.479],[80.246,13.479],[80.246,13.4785],[80.2462,13.4785],[80.2462,13.4782],[80.2465,13.4782],[80.2465,13.4779],[80.2468,13.4779],[80.2468,13.4776],[80.2471,13.4776],[80.2471,13.4774],[80.2474,13.4774],[80.2474,13.4757],[80.2476,13.4757],[80.2476,13.4754],[80.2474,13.4754],[80.2474,13.4743],[80.2471,13.4743],[80.2471,13.4735],[80.2468,13.4735],[80.2468,13.4732],[80.2471,13.4732],[80.2471,13.4729],[80.2474,13.4729],[80.2474,13.4726],[80.2499,13.4726],[80.2499,13.4724],[80.2504,13.4724],[80.2504,13.4721],[80.2515,13.4721],[80.2515,13.4724],[80.2532,13.4724],[80.2532,13.4726],[80.2535,13.4726],[80.2535,13.4729],[80.254,13.4729],[80.254,13.4732],[80.2543,13.4732],[80.2543,13.4735],[80.2546,13.4735],[80.2546,13.4738],[80.2549,13.4738],[80.2549,13.474],[80.2551,13.474],[80.2551,13.4743],[80.2593,13.4743],[80.2593,13.474],[80.2599,13.474],[80.2599,13.4738],[80.2604,13.4738],[80.2604,13.4735],[80.261,13.4735],[80.261,13.4732],[80.2615,13.4732],[80.2615,13.4729],[80.2621,13.4729],[80.2621,13.4726],[80.2624,13.4726],[80.2624,13.4721],[80.2626,13.4721],[80.2626,13.4718],[80.2629,13.4718],[80.2629,13.4715],[80.2632,13.4715],[80.2632,13.471],[80.2635,13.471],[80.2635,13.4707],[80.2637,13.4707],[80.2637,13.4704],[80.264,13.4704],[80.264,13.4699],[80.2643,13.4699],[80.2643,13.4696],[80.2646,13.4696],[80.2646,13.469],[80.2649,13.469],[80.2649,13.4685],[80.2651,13.4685],[80.2651,13.4679],[80.2654,13.4679],[80.2654,13.4676],[80.2657,13.4676],[80.2657,13.4674],[80.2663,13.4674],[80.2663,13.4671],[80.2665,13.4671],[80.2665,13.4668],[80.2671,13.4668],[80.2671,13.4629],[80.2674,13.4629],[80.2674,13.4593],[80.2668,13.4593],[80.2668,13.4588],[80.2671,13.4588],[80.2671,13.4582],[80.2674,13.4582],[80.2674,13.4579],[80.2676,13.4579],[80.2676,13.4576],[80.2682,13.4576],[80.2682,13.4574],[80.2685,13.4574],[80.2685,13.4571],[80.269,13.4571],[80.269,13.4549],[80.2693,13.4549],[80.2693,13.4543],[80.2696,13.4543],[80.2696,13.4537],[80.2699,13.4537],[80.2699,13.4532],[80.2701,13.4532],[80.2701,13.4526],[80.2704,13.4526],[80.2704,13.4521],[80.2707,13.4521],[80.2707,13.4515],[80.271,13.4515],[80.271,13.451],[80.2712,13.451],[80.2712,13.4504],[80.2715,13.4504],[80.2715,13.4499],[80.2718,13.4499],[80.2718,13.449],[80.2721,13.449],[80.2721,13.4485],[80.2724,13.4485],[80.2724,13.4476],[80.2726,13.4476],[80.2726,13.4471],[80.2729,13.4471],[80.2729,13.4465],[80.2732,13.4465],[80.2732,13.4457],[80.2735,13.4457],[80.2735,13.4451],[80.2737,13.4451],[80.2737,13.4446],[80.274,13.4446],[80.274,13.4443],[80.2743,13.4443],[80.2743,13.444],[80.2746,13.444],[80.2746,13.4438],[80.2749,13.4438],[80.2749,13.4435],[80.2751,13.4435],[80.2751,13.4432],[80.2754,13.4432],[80.2754,13.4429],[80.2757,13.4429],[80.2757,13.4424],[80.276,13.4424],[80.276,13.4421],[80.2763,13.4421],[80.2763,13.4418],[80.2765,13.4418],[80.2765,13.4415],[80.2768,13.4415],[80.2768,13.4412],[80.2771,13.4412],[80.2771,13.441],[80.2774,13.441],[80.2774,13.4407],[80.2776,13.4407],[80.2776,13.4404],[80.2771,13.4404],[80.2771,13.4401],[80.2763,13.4401],[80.2763,13.4399],[80.2771,13.4399],[80.2771,13.4396],[80.2779,13.4396],[80.2779,13.4393],[80.2787,13.4393],[80.2787,13.439],[80.2799,13.439],[80.2799,13.4387],[80.2807,13.4387],[80.2807,13.4382],[80.281,13.4382],[80.281,13.4376],[80.2787,13.4376],[80.2787,13.4379],[80.2754,13.4379],[80.2754,13.4374],[80.2751,13.4374],[80.2751,13.4351],[80.2754,13.4351],[80.2754,13.4315],[80.2751,13.4315],[80.2751,13.431],[80.2749,13.431],[80.2749,13.4307],[80.2746,13.4307],[80.2746,13.4304],[80.2743,13.4304],[80.2743,13.4299],[80.274,13.4299],[80.274,13.4296],[80.2738,13.4296],[80.2738,13.429],[80.2735,13.429],[80.2735,13.4288],[80.2732,13.4288],[80.2732,13.4285],[80.2729,13.4285],[80.2729,13.4279],[80.2726,13.4279],[80.2726,13.4276],[80.2724,13.4276],[80.2724,13.4274],[80.2721,13.4274],[80.2721,13.4268],[80.2718,13.4268],[80.2718,13.4263],[80.2715,13.4263],[80.2715,13.4257],[80.2712,13.4257],[80.2712,13.4251],[80.271,13.4252],[80.271,13.4246],[80.2707,13.4246],[80.2707,13.424],[80.2704,13.424],[80.2704,13.4235],[80.2701,13.4235],[80.2701,13.4229],[80.2699,13.4229],[80.2699,13.4221],[80.2696,13.4221],[80.2696,13.421],[80.2693,13.421],[80.2693,13.4201],[80.269,13.4201],[80.269,13.4193],[80.2688,13.4193],[80.2688,13.4182],[80.2685,13.4182],[80.2685,13.4174],[80.2688,13.4174],[80.2688,13.4176],[80.269,13.4176],[80.269,13.4182],[80.2693,13.4182],[80.2693,13.4187],[80.2696,13.4187],[80.2696,13.4193],[80.2699,13.4193],[80.2699,13.4199],[80.2701,13.4199],[80.2701,13.4207],[80.2704,13.4207],[80.2704,13.4213],[80.2707,13.4213],[80.2707,13.4221],[80.271,13.4221],[80.271,13.4226],[80.2712,13.4226],[80.2712,13.4232],[80.2715,13.4232],[80.2715,13.4243],[80.2718,13.4243],[80.2718,13.4254],[80.2721,13.4254],[80.2721,13.426],[80.2724,13.426],[80.2724,13.4263],[80.2726,13.4263],[80.2726,13.4265],[80.2729,13.4265],[80.2729,13.4271],[80.2732,13.4271],[80.2732,13.4274],[80.2735,13.4274],[80.2735,13.4279],[80.2738,13.4279],[80.2738,13.4282],[80.274,13.4282],[80.274,13.4285],[80.2743,13.4285],[80.2743,13.429],[80.2746,13.429],[80.2746,13.4293],[80.2751,13.4293],[80.2751,13.4296],[80.2754,13.4296],[80.2754,13.4299],[80.2757,13.4299],[80.2757,13.4304],[80.276,13.4304],[80.276,13.4307],[80.2763,13.4307],[80.2763,13.4313],[80.2765,13.4313],[80.2765,13.4318],[80.2768,13.4318],[80.2768,13.4338],[80.2771,13.4338],[80.2771,13.4349],[80.2774,13.4349],[80.2774,13.4354],[80.2776,13.4354],[80.2776,13.4357],[80.279,13.4357],[80.279,13.4354],[80.2813,13.4354],[80.2813,13.4357],[80.2826,13.4357],[80.2826,13.4354],[80.2829,13.4354],[80.2829,13.4351],[80.2832,13.4351],[80.2832,13.4346],[80.2835,13.4346],[80.2835,13.4343],[80.2838,13.4343],[80.2838,13.434],[80.284,13.434],[80.284,13.4338],[80.2843,13.4338],[80.2843,13.4335],[80.2846,13.4335],[80.2846,13.4332],[80.2849,13.4332],[80.2849,13.4329],[80.2851,13.4329],[80.2851,13.4326],[80.286,13.4326],[80.286,13.4329],[80.2862,13.4329],[80.2862,13.4332],[80.2868,13.4332],[80.2868,13.4335],[80.2871,13.4335],[80.2871,13.4338],[80.2874,13.4338],[80.2874,13.434],[80.2879,13.434],[80.2879,13.4343],[80.2882,13.4343],[80.2882,13.4346],[80.2887,13.4346],[80.2887,13.4349],[80.2901,13.4349],[80.2901,13.4346],[80.2904,13.4346],[80.2904,13.4343],[80.2907,13.4343],[80.2907,13.4338],[80.291,13.4338],[80.291,13.4335],[80.2913,13.4335],[80.2913,13.4332],[80.2915,13.4332],[80.2915,13.4329],[80.2918,13.4329],[80.2918,13.4326],[80.2921,13.4326],[80.2921,13.4324],[80.2924,13.4324],[80.2924,13.4318],[80.2926,13.4318],[80.2926,13.4315],[80.2929,13.4315],[80.2929,13.4313],[80.2937,13.4313],[80.2937,13.431],[80.294,13.431],[80.294,13.4307],[80.2943,13.4307],[80.2943,13.4293],[80.2946,13.4293],[80.2946,13.4288],[80.2949,13.4288],[80.2949,13.4274],[80.2954,13.4274],[80.2954,13.4271],[80.2974,13.4271],[80.2974,13.4268],[80.2976,13.4268],[80.2976,13.4265],[80.2979,13.4265],[80.2979,13.4268],[80.2992,13.4268],[80.3004,13.4268],[80.3004,13.4265],[80.3007,13.4265],[80.3007,13.4252],[80.3015,13.4252],[80.3015,13.4246],[80.3012,13.4246],[80.3012,13.4243],[80.301,13.4243],[80.301,13.4237],[80.3012,13.4237],[80.3012,13.4235],[80.301,13.4235],[80.301,13.4229],[80.3007,13.4229],[80.3007,13.4224],[80.3004,13.4224],[80.3004,13.4215],[80.3001,13.4215],[80.3001,13.421],[80.2999,13.421],[80.2999,13.4199],[80.2996,13.4199],[80.2996,13.419],[80.2999,13.419],[80.2999,13.4185],[80.3001,13.4185],[80.3001,13.4179],[80.3004,13.4179],[80.3004,13.4176],[80.3007,13.4176],[80.3007,13.4174],[80.3012,13.4174],[80.3012,13.4171],[80.3015,13.4171],[80.3015,13.4165],[80.3018,13.4165],[80.3018,13.4163],[80.3024,13.4163],[80.3024,13.416],[80.3026,13.416],[80.3026,13.4174],[80.3024,13.4174],[80.3024,13.4187],[80.3021,13.4187],[80.3021,13.4193],[80.3018,13.4193],[80.3018,13.4196],[80.3015,13.4196],[80.3015,13.4218],[80.3018,13.4218],[80.3018,13.4221],[80.3021,13.4221],[80.3021,13.4229],[80.3024,13.4229],[80.3024,13.4232],[80.3026,13.4232],[80.3026,13.4235],[80.3029,13.4235],[80.3029,13.424],[80.3032,13.424],[80.3032,13.4243],[80.3035,13.4243],[80.3035,13.4249],[80.3037,13.4249],[80.3037,13.4252],[80.304,13.4252],[80.304,13.4254],[80.3046,13.4254],[80.3046,13.4257],[80.3049,13.4257],[80.3049,13.426],[80.3054,13.426],[80.3054,13.4263],[80.3057,13.4263],[80.3057,13.4265],[80.3063,13.4265],[80.3063,13.4268],[80.3065,13.4268],[80.3065,13.4271],[80.3068,13.4271],[80.3068,13.4274],[80.3074,13.4274],[80.3074,13.4276],[80.3082,13.4276],[80.3082,13.4279],[80.3093,13.4279],[80.3093,13.4282],[80.3104,13.4282],[80.3104,13.4279],[80.3107,13.4279],[80.3107,13.4282],[80.3126,13.4282],[80.3126,13.4279],[80.313,13.4279],[80.3127,13.4263],[80.3128,13.4262],[80.312,13.4225],[80.3115,13.4218],[80.3116,13.4181],[80.3128,13.4059],[80.3145,13.3992],[80.3148,13.3918],[80.3153,13.3797],[80.3165,13.3764],[80.3155,13.3755],[80.315,13.3746],[80.3154,13.3715],[80.3121,13.3694],[80.3076,13.3735],[80.3067,13.3746],[80.3065,13.3748],[80.3018,13.3779],[80.2969,13.3813],[80.2931,13.3834],[80.2821,13.3855],[80.2792,13.3874],[80.2773,13.3883],[80.276,13.3891],[80.2739,13.3977],[80.2741,13.3984],[80.2749,13.3989],[80.2763,13.3994],[80.2772,13.3992],[80.2789,13.3991],[80.2798,13.3996],[80.2802,13.4003],[80.28,13.4021],[80.2779,13.4075],[80.2716,13.4132],[80.268,13.4143],[80.2661,13.418],[80.2653,13.4211],[80.2649,13.4283],[80.2646,13.4356],[80.2634,13.4394],[80.2599,13.4474],[80.2583,13.4493],[80.2558,13.454],[80.2536,13.4557],[80.252,13.4589],[80.2506,13.4597],[80.2506,13.4606],[80.2472,13.4636],[80.2464,13.4654],[80.2459,13.4657],[80.2442,13.467],[80.2436,13.4678],[80.2422,13.4687],[80.2409,13.4702],[80.235,13.4739],[80.2303,13.4768],[80.222,13.4803],[80.2162,13.4818],[80.2118,13.4823],[80.2094,13.4818],[80.2037,13.478],[80.1941,13.4762],[80.1818,13.4778],[80.1794,13.4783],[80.1757,13.479],[80.1658,13.4778],[80.1651,13.478],[80.1646,13.4779],[80.1631,13.4776],[80.1584,13.4783],[80.1565,13.4789],[80.1542,13.4789],[80.1521,13.4789],[80.1507,13.48],[80.1474,13.4828],[80.1447,13.4847],[80.1446,13.4856],[80.1376,13.4912],[80.1362,13.492],[80.1355,13.4922],[80.1354,13.4931],[80.1327,13.4959],[80.1307,13.4971],[80.1295,13.4973],[80.1289,13.4976],[80.1286,13.4986],[80.1279,13.499],[80.1208,13.5024],[80.1069,13.5039],[80.105,13.5036],[80.1004,13.5052],[80.0994,13.5063],[80.0967,13.5082],[80.0957,13.5098],[80.0938,13.5136],[80.0887,13.5255],[80.0879,13.526],[80.0877,13.5266],[80.0867,13.5272],[80.0794,13.5294],[80.0763,13.5261],[80.0758,13.5268],[80.0728,13.5339],[80.0694,13.5376],[80.0672,13.5359],[80.0656,13.5348],[80.0595,13.5325],[80.051,13.5305],[80.0454,13.522],[80.0341,13.5218],[80.0295,13.5236],[80.0175,13.5251],[80.0145,13.5285],[80.0077,13.5324],[79.9941,13.5296],[79.9897,13.5268],[79.9893,13.519],[79.9897,13.513],[79.9902,13.5101],[80.0004,13.5124],[80.0062,13.5151],[80.0084,13.5083],[80.0136,13.5039],[80.0191,13.5017],[80.0256,13.504],[80.0328,13.5018],[80.037,13.4994],[80.0372,13.4928],[80.036,13.4845],[80.0248,13.4867],[80.0189,13.4864],[80.0059,13.4878],[80.0044,13.4783],[79.9954,13.4595],[79.9908,13.4592],[79.9906,13.4621],[79.9875,13.4619],[79.9683,13.4564],[79.9619,13.4513],[79.9622,13.4441],[79.9631,13.4406],[79.961,13.4277],[79.9632,13.4179],[79.9585,13.4129],[79.9509,13.4081],[79.9443,13.4108],[79.936,13.4096],[79.9325,13.4044],[79.9356,13.3906],[79.9356,13.3848],[79.9503,13.382],[79.9536,13.3741],[79.948,13.3672],[79.9397,13.3691],[79.9406,13.361],[79.94,13.3581],[79.9287,13.3435],[79.9255,13.3359],[79.9171,13.341],[79.9107,13.3437],[79.9063,13.3391],[79.9039,13.3333],[79.8974,13.3295],[79.8918,13.3246],[79.8861,13.3213],[79.8802,13.3204],[79.875,13.3174],[79.8706,13.3118],[79.8652,13.3107],[79.8589,13.3137],[79.8557,13.3081],[79.8512,13.3034],[79.8391,13.3033],[79.8368,13.303],[79.8306,13.3021],[79.824,13.3023],[79.8085,13.3051],[79.8003,13.3043],[79.795,13.2986],[79.7923,13.2916],[79.7873,13.2846],[79.7798,13.2821],[79.7742,13.2851],[79.7684,13.2896],[79.7541,13.3028],[79.7506,13.2988],[79.7498,13.2909],[79.7461,13.28],[79.7415,13.2767],[79.7296,13.2751],[79.7213,13.2722],[79.7218,13.2657],[79.7394,13.2544],[79.7456,13.2482],[79.7528,13.2438],[79.7754,13.2341],[79.7833,13.2282],[79.7849,13.2235],[79.7833,13.2179],[79.7773,13.2172],[79.7736,13.2175],[79.7672,13.2133],[79.7633,13.2089],[79.7577,13.2056],[79.7518,13.2048],[79.7444,13.1949],[79.7383,13.1983],[79.7375,13.2055],[79.7337,13.2102],[79.7325,13.215],[79.7265,13.2174],[79.7228,13.2219],[79.7186,13.2226],[79.7157,13.2144],[79.7114,13.2105],[79.7057,13.2092],[79.6996,13.2027],[79.6924,13.2075],[79.6888,13.2074],[79.6894,13.2113],[79.6957,13.2238],[79.696,13.2339],[79.6919,13.2385],[79.6846,13.2338],[79.6807,13.2284],[79.6733,13.2295],[79.6711,13.2358],[79.6738,13.247],[79.6843,13.2567],[79.6816,13.2656],[79.6793,13.2693],[79.6685,13.2819],[79.6659,13.2733],[79.6626,13.2681],[79.6574,13.2685],[79.6534,13.2746],[79.6486,13.2734],[79.6438,13.2734],[79.6385,13.2762],[79.6325,13.2735],[79.6307,13.2682],[79.6296,13.2609],[79.6243,13.262],[79.6208,13.259],[79.6152,13.2605],[79.6108,13.2646],[79.6051,13.2674],[79.6011,13.2677],[79.5949,13.263],[79.5887,13.2604],[79.5864,13.2535],[79.5854,13.2471],[79.5803,13.2454],[79.571,13.2474],[79.5654,13.2494],[79.5548,13.2592],[79.5487,13.2671],[79.5463,13.274],[79.5414,13.2789],[79.5392,13.2898],[79.5389,13.3009],[79.5358,13.3111],[79.5227,13.3159],[79.5095,13.3147],[79.4978,13.3148],[79.4872,13.3166],[79.4793,13.3215],[79.4546,13.3243],[79.4289,13.3236],[79.4173,13.322],[79.4014,13.3158],[79.3746,13.303],[79.3856,13.2947],[79.399,13.2892],[79.4054,13.2854],[79.4218,13.2867],[79.425,13.2813],[79.4184,13.2746],[79.418,13.2691],[79.419,13.2663],[79.4123,13.2575],[79.4087,13.2467],[79.4073,13.2377],[79.4097,13.2282],[79.4087,13.2196],[79.4108,13.2122],[79.417,13.2122],[79.4182,13.2185],[79.4269,13.2227],[79.4361,13.2298],[79.4425,13.2292],[79.4454,13.2217],[79.4455,13.2168],[79.4216,13.2085],[79.4232,13.2038],[79.4232,13.1989],[79.4216,13.1932],[79.4238,13.1875],[79.4206,13.1845],[79.4133,13.1858],[79.3979,13.1864],[79.3926,13.1845],[79.3844,13.1847],[79.3784,13.1824],[79.369,13.1763],[79.3708,13.1686],[79.3672,13.1656],[79.3649,13.1604],[79.3612,13.156],[79.3547,13.1613],[79.3478,13.163],[79.3471,13.154],[79.3478,13.1438],[79.3469,13.1402],[79.3467,13.1349],[79.3546,13.1298],[79.3501,13.1255],[79.3444,13.1236],[79.3378,13.1232],[79.3353,13.1275],[79.3307,13.1212],[79.3167,13.1194],[79.3124,13.1138],[79.3097,13.1069],[79.31,13.0999],[79.3079,13.0969],[79.2975,13.0974],[79.2988,13.1148],[79.2881,13.1183],[79.285,13.1229],[79.2775,13.1197],[79.2738,13.1209],[79.2727,13.1267],[79.2713,13.1381],[79.2674,13.1412],[79.2612,13.1407],[79.2565,13.1365],[79.2527,13.1413],[79.2514,13.1462],[79.2472,13.1481],[79.2442,13.1412],[79.2433,13.1334],[79.2367,13.1268],[79.233,13.1277],[79.2264,13.1346],[79.2183,13.1356],[79.2147,13.1277],[79.2183,13.1204],[79.2224,13.116],[79.2183,13.1103],[79.2183,13.1039],[79.2143,13.0968],[79.2074,13.0914],[79.2022,13.0903],[79.1933,13.0897],[79.1889,13.0846],[79.187,13.0771],[79.1835,13.0729],[79.1807,13.067],[79.1791,13.0601],[79.1694,13.053],[79.1747,13.0497],[79.1723,13.0437],[79.1765,13.0383],[79.177,13.0334],[79.1766,13.0298],[79.1744,13.0253],[79.1731,13.0193],[79.1706,13.0157],[79.1612,13.0118],[79.1527,13.0073],[79.1416,13.0098],[79.1311,13.0168],[79.1193,13.0226],[79.1044,13.0242],[79.0828,13.0125],[79.0691,13.0142],[79.0606,13.0208],[79.054,13.0282],[79.0533,13.038],[79.0439,13.0437],[79.0335,13.0457],[79.0259,13.0496],[79.0228,13.0564],[79.0114,13.0578],[79.0004,13.0579],[78.9952,13.063],[78.9883,13.0727],[78.9817,13.0762],[78.9796,13.0765],[78.9717,13.0751],[78.9647,13.0728],[78.9629,13.0716],[78.9592,13.0654],[78.9551,13.0649],[78.95,13.0661],[78.9458,13.0635],[78.9366,13.07],[78.9301,13.066],[78.9144,13.0678],[78.912,13.0633],[78.9108,13.0561],[78.9087,13.0505],[78.9009,13.0521],[78.8935,13.0351],[78.8984,13.0317],[78.9044,13.0311],[78.9174,13.0325],[78.9204,13.0286],[78.9275,13.0235],[78.9286,13.0215],[78.9246,13.0186],[78.923,13.0218],[78.9159,13.0231],[78.8901,13.0198],[78.8819,13.0198],[78.8794,13.0255],[78.8809,13.0443],[78.8804,13.0696],[78.8835,13.082],[78.876,13.0862],[78.8703,13.0869],[78.8647,13.0847],[78.8607,13.0795],[78.8584,13.0711],[78.8439,13.0715],[78.8323,13.0696],[78.8134,13.0746],[78.8081,13.0779],[78.8009,13.0755],[78.7942,13.0698],[78.7866,13.0622],[78.7831,13.0564],[78.7775,13.0532],[78.7545,13.047],[78.746,13.0454],[78.7395,13.0455],[78.7322,13.0504],[78.7255,13.0528],[78.7024,13.0562],[78.7013,13.0443],[78.696,13.0125],[78.6938,13.0044],[78.6794,13.009],[78.6686,13.0111],[78.6511,13.0179],[78.649,13.0164],[78.6451,13.0073],[78.6417,13.0016],[78.6373,12.9968],[78.6284,12.9897],[78.6205,12.9825],[78.6137,12.9789],[78.6202,12.9739],[78.6379,12.9544],[78.629,12.9531],[78.6357,12.9383],[78.6467,12.919],[78.6375,12.9159],[78.6307,12.916],[78.6277,12.9179],[78.6257,12.9192],[78.6248,12.9142],[78.6197,12.9021],[78.6155,12.8932],[78.6122,12.8886],[78.606,12.8737],[78.6046,12.866],[78.6044,12.8574],[78.599,12.8495],[78.5916,12.8385],[78.5923,12.8368],[78.5938,12.833],[78.5956,12.8155],[78.5977,12.8111],[78.5882,12.8048],[78.5906,12.7979],[78.5898,12.7924],[78.5825,12.7853],[78.5829,12.7762],[78.5819,12.7708],[78.5801,12.7672],[78.5777,12.7659],[78.5657,12.759],[78.5668,12.7521],[78.5616,12.7526],[78.5581,12.7516],[78.5541,12.7461],[78.5509,12.7468],[78.5466,12.7456],[78.5455,12.7439],[78.5503,12.7388],[78.5456,12.7286],[78.5509,12.7262],[78.5539,12.7261],[78.5522,12.7204],[78.5482,12.715],[78.5455,12.7074],[78.5493,12.7007],[78.5522,12.6971],[78.552,12.6943],[78.548,12.6954],[78.5451,12.6926],[78.5477,12.6891],[78.5477,12.6856],[78.5447,12.6844],[78.5437,12.6846],[78.5414,12.685],[78.5398,12.6842],[78.5313,12.6799],[78.5277,12.679],[78.5244,12.6797],[78.5202,12.687],[78.5185,12.6924],[78.5209,12.6972],[78.5256,12.6947],[78.5275,12.6973],[78.5264,12.7012],[78.516,12.7035],[78.5162,12.7062],[78.5162,12.7064],[78.5147,12.707],[78.5123,12.708],[78.5109,12.7217],[78.5094,12.7198],[78.5074,12.7131],[78.5036,12.7134],[78.5032,12.7181],[78.5018,12.7215],[78.4971,12.7241],[78.4943,12.7304],[78.4889,12.732],[78.4844,12.7348],[78.4797,12.73],[78.4844,12.7231],[78.4915,12.7171],[78.4936,12.7112],[78.509,12.7049],[78.5105,12.7018],[78.5098,12.6988],[78.5046,12.698],[78.5039,12.6933],[78.4998,12.6969],[78.4979,12.6985],[78.4949,12.7037],[78.4934,12.7035],[78.4941,12.6979],[78.493,12.6937],[78.4909,12.6933],[78.4875,12.6926],[78.4863,12.6905],[78.4896,12.6866],[78.4936,12.6858],[78.4934,12.681],[78.4974,12.6792],[78.4971,12.6765],[78.4941,12.6747],[78.4934,12.6696],[78.4886,12.6633],[78.4741,12.6592],[78.4577,12.6622],[78.4594,12.6388],[78.4629,12.6354],[78.4619,12.6323],[78.4591,12.6315],[78.4601,12.6205],[78.4596,12.6174],[78.4548,12.612],[78.4514,12.6158],[78.4474,12.6165],[78.4394,12.6169],[78.4249,12.6149],[78.4183,12.6206],[78.4123,12.6183],[78.4071,12.6175],[78.3998,12.6133],[78.3996,12.6134],[78.3975,12.6136],[78.3861,12.6139],[78.3742,12.6131],[78.3683,12.6118],[78.3605,12.6151],[78.3484,12.6236],[78.3388,12.6319],[78.3294,12.6384],[78.3224,12.6372],[78.3088,12.65],[78.295,12.6542],[78.2905,12.6529],[78.2889,12.6566],[78.287,12.6581],[78.2842,12.6676],[78.2672,12.6874],[78.2644,12.6918],[78.2391,12.6924],[78.2327,12.6938],[78.2274,12.6893],[78.2266,12.6801],[78.2281,12.6739],[78.214,12.6748],[78.2001,12.6756],[78.1968,12.6786],[78.1953,12.68],[78.1898,12.6813],[78.1895,12.6836],[78.1988,12.6887],[78.1993,12.69],[78.1947,12.6953],[78.1961,12.6967],[78.2,12.6962],[78.2032,12.699],[78.2098,12.6993],[78.2138,12.7024],[78.2203,12.7033],[78.2272,12.7152],[78.2289,12.7202],[78.2193,12.747],[78.2199,12.7496],[78.2206,12.7526],[78.2251,12.7549],[78.2295,12.762],[78.2354,12.7876],[78.2402,12.8031],[78.2419,12.8123],[78.2411,12.8474],[78.2447,12.8511],[78.2487,12.8498],[78.2538,12.8496],[78.2581,12.8556],[78.2626,12.8566],[78.2706,12.8505],[78.2757,12.8492],[78.3031,12.8472],[78.3062,12.8565],[78.3041,12.8658],[78.3111,12.8654],[78.3216,12.8629],[78.3227,12.8679],[78.3275,12.874],[78.3227,12.8762],[78.3214,12.8717],[78.3162,12.8722],[78.3109,12.8738],[78.31,12.8765],[78.3133,12.8798],[78.3124,12.8833],[78.3135,12.8886],[78.3165,12.8926],[78.3222,12.8896],[78.3272,12.8892],[78.3383,12.9065],[78.3377,12.9131],[78.3383,12.9158],[78.344,12.9181],[78.3404,12.922],[78.3408,12.9249],[78.3454,12.9281],[78.361,12.9116],[78.3687,12.9018],[78.3783,12.8952],[78.3834,12.8954],[78.3851,12.8963],[78.3884,12.9055],[78.3995,12.8962],[78.4029,12.8913],[78.4115,12.8909],[78.4173,12.889],[78.4247,12.8934],[78.4249,12.8982],[78.4264,12.9021],[78.4358,12.9007],[78.4357,12.8889],[78.4383,12.8862],[78.4385,12.8797],[78.4464,12.8747],[78.4527,12.8655],[78.4521,12.8557],[78.4542,12.8532],[78.4569,12.8661],[78.4583,12.8797],[78.4561,12.8928],[78.4491,12.8967],[78.4429,12.9041],[78.4412,12.9056],[78.4345,12.9083],[78.4259,12.9171],[78.4214,12.9235],[78.4204,12.929],[78.4233,12.9338],[78.4246,12.9382],[78.4198,12.9467],[78.4206,12.9476],[78.4274,12.9505],[78.4238,12.9544],[78.4228,12.9577],[78.4219,12.9627],[78.4227,12.9686],[78.4257,12.9698],[78.4336,12.9688],[78.4579,12.9632],[78.4576,12.9707],[78.4594,12.9758],[78.4614,12.9791],[78.4554,12.9901],[78.4523,13.0038],[78.4526,13.0086],[78.4504,13.0149],[78.4499,13.0258],[78.4506,13.0282],[78.4516,13.0315],[78.455,13.0326],[78.4611,13.032],[78.4647,13.0349],[78.467,13.0414],[78.4711,13.0439],[78.4774,13.0432],[78.4811,13.0444],[78.4875,13.0494],[78.4879,13.0497],[78.5046,13.0528],[78.5048,13.0594],[78.4986,13.0698],[78.4996,13.0758],[78.5019,13.0817],[78.5068,13.0842],[78.5138,13.0847],[78.5148,13.0911],[78.528,13.0974],[78.5224,13.0997],[78.5162,13.1008],[78.5111,13.1063],[78.5087,13.1133],[78.5088,13.1196],[78.5129,13.1202],[78.5214,13.1291],[78.5354,13.1307],[78.5367,13.1369],[78.5327,13.1421],[78.5337,13.1461],[78.5388,13.1516],[78.5469,13.1534],[78.5581,13.1523],[78.5613,13.1557],[78.5654,13.1568],[78.5691,13.1565],[78.5657,13.1718],[78.5647,13.174],[78.5633,13.1774],[78.5594,13.1798],[78.5565,13.1798],[78.5535,13.1799],[78.5469,13.1786],[78.5425,13.1802],[78.5409,13.1873],[78.5533,13.1892],[78.5584,13.1922],[78.5601,13.1982],[78.5659,13.2009],[78.5687,13.2043],[78.5643,13.2081],[78.5572,13.212],[78.5589,13.2271],[78.5594,13.2304],[78.5599,13.2334],[78.5632,13.2384],[78.5685,13.2435],[78.5722,13.2486],[78.5775,13.262],[78.5761,13.2671],[78.5672,13.2718],[78.5644,13.2834],[78.5616,13.288],[78.5601,13.2933],[78.5557,13.2994],[78.5541,13.2983],[78.5532,13.2846],[78.5506,13.276],[78.5472,13.2727],[78.5436,13.2732],[78.5356,13.2761],[78.5333,13.276],[78.5288,13.2759],[78.5256,13.2693],[78.5238,13.2606],[78.5223,13.2581],[78.5208,13.2556],[78.5155,13.2571],[78.512,13.26],[78.5083,13.2695],[78.5039,13.2725],[78.5012,13.2772],[78.4952,13.2792],[78.4835,13.2881],[78.4726,13.2911],[78.4702,13.2939],[78.4717,13.3079],[78.4664,13.3101],[78.4605,13.3079],[78.4542,13.3041],[78.4479,13.3028],[78.4451,13.3014],[78.4413,13.2995],[78.4379,13.2988],[78.436,13.2984],[78.4303,13.3078],[78.4291,13.3171],[78.4268,13.3181],[78.4245,13.3191],[78.4208,13.3191],[78.4153,13.3171],[78.4071,13.3101],[78.4021,13.3074],[78.3913,13.3037],[78.3829,13.3141],[78.3791,13.3169],[78.3751,13.3186],[78.367,13.32],[78.3679,13.3285],[78.3713,13.3324],[78.3775,13.3313],[78.3754,13.3264],[78.379,13.3245],[78.3846,13.3235],[78.3884,13.3185],[78.3913,13.3237],[78.3952,13.3226],[78.3974,13.3323],[78.3925,13.3355],[78.3849,13.3382],[78.3837,13.3424],[78.3748,13.3464],[78.3682,13.3483],[78.364,13.3483],[78.3605,13.347],[78.3584,13.3468],[78.3564,13.3467],[78.3552,13.3551],[78.3598,13.3643],[78.3644,13.3705],[78.3687,13.3798],[78.3713,13.391],[78.3713,13.3972],[78.3695,13.4089],[78.3673,13.415],[78.3653,13.4244],[78.367,13.4313],[78.3646,13.4369],[78.3642,13.4379],[78.3642,13.4456],[78.3626,13.4521],[78.3636,13.4592],[78.3673,13.4669],[78.3674,13.482],[78.3683,13.4898],[78.3673,13.4952],[78.3696,13.4999],[78.3742,13.5055],[78.3731,13.5123],[78.3855,13.5317],[78.386,13.544],[78.3978,13.5662],[78.3939,13.5707],[78.3908,13.5781],[78.3803,13.5813],[78.3671,13.5803],[78.3614,13.5789],[78.3437,13.5778],[78.3228,13.583],[78.3125,13.5835],[78.2918,13.5788],[78.2806,13.5777],[78.2654,13.5782],[78.2583,13.5753],[78.2497,13.5743],[78.2366,13.5845],[78.2277,13.5872],[78.2226,13.5771],[78.2184,13.578],[78.2148,13.5801],[78.2085,13.5819],[78.2024,13.568],[78.1958,13.5607],[78.189,13.5564],[78.1833,13.5564],[78.1816,13.5592],[78.1801,13.5642],[78.1811,13.5737],[78.1795,13.5789],[78.1886,13.5884],[78.1937,13.5949],[78.1954,13.6016],[78.1939,13.6162],[78.1858,13.6212],[78.1656,13.621],[78.1605,13.6234],[78.159,13.6452],[78.1558,13.6487],[78.1462,13.6497],[78.1291,13.6483],[78.1232,13.6489],[78.1159,13.6456],[78.1074,13.6471],[78.0939,13.6403],[78.0906,13.633],[78.0863,13.6335],[78.0807,13.6353],[78.0797,13.6445],[78.08,13.6504],[78.0728,13.6552],[78.0659,13.6645],[78.0583,13.667],[78.0609,13.6718],[78.0641,13.6746],[78.0654,13.6801],[78.0626,13.6856],[78.0641,13.6882],[78.0852,13.6806],[78.0999,13.6826],[78.1054,13.6844],[78.1072,13.6984],[78.1099,13.704],[78.1094,13.7102],[78.1055,13.7146],[78.1004,13.718],[78.0974,13.7232],[78.0933,13.7276],[78.0849,13.7335],[78.0893,13.743],[78.0953,13.7503],[78.1012,13.753],[78.1065,13.7568],[78.111,13.7618],[78.1182,13.7769],[78.1152,13.7877],[78.109,13.7984],[78.1077,13.8036],[78.1173,13.8218],[78.1135,13.8409],[78.106,13.8535],[78.0974,13.8528],[78.0884,13.8549],[78.0749,13.8549],[78.0709,13.872],[78.068,13.8745],[78.0603,13.8768],[78.0547,13.8794],[78.0483,13.8845],[78.0412,13.8867],[78.0427,13.8734],[78.0429,13.8638],[78.0413,13.8581],[78.0378,13.8528],[78.0156,13.8544],[78.0103,13.8565],[78.0048,13.8617],[77.9915,13.8624],[77.9852,13.8617],[77.9823,13.8568],[77.9812,13.8488],[77.9704,13.8266],[77.9658,13.8202],[77.9446,13.82],[77.9481,13.8248],[77.9481,13.8294],[77.9457,13.8398],[77.9418,13.8711],[77.9425,13.8802],[77.9495,13.8845],[77.9716,13.8886],[77.978,13.8933],[77.9747,13.9053],[77.9746,13.9123],[77.9734,13.9199],[77.9735,13.9242],[77.978,13.9376],[77.9786,13.9477],[77.9664,13.9506],[77.9613,13.95],[77.9553,13.9419],[77.9543,13.937],[77.9508,13.9279],[77.9491,13.9267],[77.946,13.9284],[77.9389,13.9246],[77.9356,13.9179],[77.9297,13.9088],[77.9198,13.8987],[77.9116,13.8972],[77.9059,13.8995],[77.9005,13.9023],[77.8957,13.9077],[77.8897,13.9114],[77.8873,13.9177],[77.8879,13.9277],[77.887,13.9312],[77.8624,13.9268],[77.8541,13.9271],[77.846,13.9283],[77.8301,13.9272],[77.8216,13.9305],[77.8183,13.9349],[77.8142,13.931],[77.8085,13.9226],[77.8064,13.9176],[77.8064,13.9086],[77.8074,13.9032],[77.8111,13.8947],[77.8147,13.8911],[77.821,13.8892],[77.825,13.8799],[77.8272,13.8716],[77.8192,13.866],[77.8277,13.8606],[77.8108,13.8521],[77.8078,13.8467],[77.8028,13.8407],[77.7945,13.841],[77.7864,13.8399],[77.776,13.8359],[77.7741,13.8317],[77.7774,13.8241],[77.7803,13.82],[77.7804,13.8167],[77.7785,13.8129],[77.7692,13.8085],[77.7553,13.8075],[77.7482,13.8062],[77.741,13.8038],[77.7336,13.8034],[77.7284,13.8017],[77.7185,13.7927],[77.7129,13.7905],[77.7151,13.7833],[77.7128,13.7747],[77.7142,13.7608],[77.7131,13.7507],[77.7135,13.7462],[77.711,13.7377],[77.7087,13.7327],[77.7074,13.7342],[77.7022,13.731],[77.6955,13.7614],[77.6847,13.7586],[77.6788,13.7557],[77.6685,13.7523],[77.6637,13.7523],[77.6698,13.7626],[77.6718,13.7701],[77.6702,13.7775],[77.664,13.7759],[77.6566,13.7767],[77.6491,13.7758],[77.6143,13.7603],[77.6105,13.7554],[77.6126,13.7469],[77.6338,13.7413],[77.6367,13.7352],[77.6336,13.7328],[77.6285,13.7299],[77.6212,13.7274],[77.6156,13.7284],[77.6043,13.7426],[77.5956,13.7436],[77.5869,13.7368],[77.5815,13.7306],[77.5736,13.7267],[77.5666,13.7294],[77.5561,13.7165],[77.5481,13.7204],[77.5451,13.7282],[77.5416,13.7349],[77.5395,13.7437],[77.5295,13.7459],[77.5197,13.7438],[77.5151,13.737],[77.5227,13.7311],[77.5266,13.7253],[77.5275,13.719],[77.5278,13.707],[77.5256,13.6972],[77.5215,13.6879],[77.5123,13.6857],[77.508,13.6888],[77.5069,13.6927],[77.5068,13.7005],[77.5028,13.7044],[77.4873,13.7068],[77.4797,13.7032],[77.4824,13.6988],[77.4835,13.6917],[77.4851,13.6867],[77.4829,13.6797],[77.4765,13.6776],[77.4498,13.6758],[77.4448,13.6958],[77.446,13.7006],[77.4534,13.7041],[77.4568,13.7126],[77.4581,13.723],[77.4581,13.7303],[77.4601,13.7339],[77.4626,13.7436],[77.4621,13.7491],[77.4587,13.7498],[77.454,13.778],[77.4524,13.7804],[77.4508,13.7855],[77.4527,13.7913],[77.4575,13.7971],[77.4556,13.7998],[77.4468,13.802],[77.4406,13.8023],[77.4355,13.7992],[77.4287,13.788],[77.4201,13.789],[77.4169,13.7909],[77.4195,13.7958],[77.4193,13.7997],[77.4147,13.8002],[77.4116,13.7989],[77.4087,13.7993],[77.4082,13.8025],[77.4137,13.8074],[77.4128,13.8118],[77.4151,13.8154],[77.4247,13.8267],[77.4262,13.8297],[77.4245,13.8351],[77.4187,13.8335],[77.4039,13.8314],[77.3992,13.8324],[77.3898,13.8329],[77.3811,13.8313],[77.3729,13.8313],[77.3731,13.8382],[77.3675,13.8432],[77.3595,13.8457],[77.3522,13.8444],[77.347,13.8396],[77.3399,13.8348],[77.3347,13.8294],[77.3272,13.8248],[77.32,13.8258],[77.3162,13.8397],[77.3109,13.8511],[77.3069,13.8572],[77.296,13.8536],[77.2897,13.85],[77.2855,13.846],[77.2829,13.841],[77.2751,13.8428],[77.256,13.8395],[77.2504,13.8395],[77.253,13.8561],[77.2437,13.8603],[77.2407,13.8659],[77.2393,13.8736],[77.2388,13.8815],[77.2416,13.8889],[77.2401,13.8941],[77.2338,13.8949],[77.2255,13.8955],[77.2219,13.8888],[77.2209,13.8818],[77.217,13.8693],[77.2115,13.8614],[77.2081,13.8604],[77.2088,13.8784],[77.2049,13.8812],[77.2026,13.8748],[77.201,13.8665],[77.1969,13.8595],[77.1927,13.8562],[77.1788,13.8598],[77.1751,13.8614],[77.1782,13.8714],[77.1796,13.8783],[77.1792,13.8833],[77.1813,13.8912],[77.1822,13.9013],[77.1816,13.9108],[77.177,13.9174],[77.1701,13.9163],[77.1596,13.9085],[77.1559,13.8998],[77.157,13.8913],[77.1617,13.8824],[77.1624,13.8763],[77.1649,13.8662],[77.1625,13.857],[77.1482,13.8598],[77.1394,13.859],[77.1302,13.8499],[77.1239,13.8494],[77.1253,13.843],[77.1405,13.8379],[77.1458,13.8349],[77.1479,13.8289],[77.1579,13.8255],[77.1622,13.8207],[77.1619,13.8155],[77.1562,13.8113],[77.1554,13.8074],[77.1563,13.8038],[77.1541,13.8006],[77.1557,13.7981],[77.156,13.7933],[77.1585,13.7871],[77.1641,13.7804],[77.1692,13.7756],[77.1713,13.772],[77.1696,13.7614],[77.1666,13.7547],[77.1582,13.7549],[77.1467,13.7548],[77.1375,13.7557],[77.1341,13.753],[77.1235,13.7509],[77.1109,13.7546],[77.0953,13.7609],[77.0858,13.7581],[77.0852,13.7546],[77.0804,13.7534],[77.0793,13.746],[77.0806,13.7374],[77.0715,13.7388],[77.06,13.7389],[77.0547,13.7445],[77.0473,13.7561],[77.0352,13.7693],[77.0264,13.7714],[77.0199,13.7699],[77.0184,13.7617],[77.0138,13.7475],[77.0114,13.7327],[77.0019,13.7367],[76.9939,13.7415],[76.9926,13.7426],[76.9917,13.7453],[76.9921,13.7495],[76.9901,13.7531],[76.989,13.7602],[76.9863,13.7665],[76.9844,13.7766],[76.9812,13.7858],[76.9848,13.7887],[76.9858,13.793],[76.9837,13.8042],[76.98,13.8072],[76.9688,13.8102],[76.9684,13.8144],[76.9716,13.8189],[76.9765,13.8214],[76.984,13.8277],[76.9863,13.8392],[76.9899,13.8395],[76.9941,13.839],[77.006,13.8501],[77.0071,13.8542],[77.008,13.8629],[77.0123,13.8641],[77.0126,13.8672],[77.0117,13.8714],[77.0166,13.8877],[77.0173,13.8934],[77.0278,13.8972],[77.0413,13.8974],[77.0358,13.9256],[77.0186,13.9348],[77.014,13.9395],[77.0081,13.9474],[76.9994,13.9504],[76.9951,13.9527],[76.9943,13.9534],[76.989,13.9567],[76.9902,13.9703],[76.9913,13.9758],[76.9944,13.9815],[76.985,13.9875],[76.9773,13.9939],[76.9776,13.9939],[76.9752,13.9966],[76.9642,14.0022],[76.9486,14.0068],[76.9447,14.0107],[76.9423,14.0155],[76.9408,14.0206],[76.9311,14.0227],[76.9337,14.0407],[76.938,14.0476],[76.9433,14.0472],[76.9497,14.0478],[76.9715,14.0524],[76.9742,14.0577],[76.975,14.0653],[76.9723,14.0684],[76.9718,14.0757],[76.9681,14.0797],[76.9601,14.083],[76.9514,14.0854],[76.9463,14.0853],[76.9485,14.0914],[76.9482,14.0966],[76.9466,14.103],[76.9429,14.1119],[76.9374,14.1152],[76.927,14.1272],[76.9224,14.129],[76.9171,14.1245],[76.9125,14.1221],[76.8985,14.1269],[76.8909,14.1278],[76.8837,14.131],[76.8869,14.1362],[76.8892,14.1509],[76.8914,14.159],[76.8968,14.1619],[76.9172,14.1577],[76.923,14.1634],[76.937,14.1659],[76.9392,14.1677],[76.9415,14.178],[76.9392,14.1868],[76.9416,14.1893],[76.944,14.1883],[76.9491,14.1838],[76.9538,14.181],[76.9585,14.1755],[76.9657,14.1743],[76.9728,14.1743],[76.9782,14.1729],[76.9863,14.1725],[76.9944,14.1737],[77.0061,14.1749],[77.014,14.173],[77.0198,14.1727],[77.0213,14.1684],[77.0211,14.1643],[77.016,14.1527],[77.0149,14.1322],[77.0138,14.1274],[77.0192,14.1253],[77.0203,14.1223],[77.0164,14.1175],[77.017,14.112],[77.0166,14.1061],[77.0083,14.0981],[77.0104,14.092],[77.0147,14.0887],[77.024,14.0834],[77.0245,14.0772],[77.0202,14.0614],[77.0237,14.0533],[77.0285,14.052],[77.0349,14.0514],[77.0432,14.0517],[77.0512,14.0496],[77.069,14.0472],[77.0695,14.0394],[77.0765,14.038],[77.0908,14.0383],[77.0967,14.0407],[77.104,14.0406],[77.1102,14.042],[77.1211,14.0422],[77.1247,14.0347],[77.1278,14.0187],[77.134,14.0097],[77.1329,14.0042],[77.1343,13.9981],[77.1395,13.9972],[77.1444,13.9935],[77.1446,13.9935],[77.1473,13.9916],[77.1544,13.9906],[77.1584,13.9935],[77.1582,13.9935],[77.1628,13.9978],[77.1617,14.0062],[77.1714,14.0086],[77.1946,14.0029],[77.2077,14.0049],[77.2188,14.0079],[77.2273,14.008],[77.2426,14.0063],[77.2558,14.021],[77.2645,14.0265],[77.2715,14.0281],[77.2742,14.0162],[77.2726,14.008],[77.2785,14.0069],[77.2852,14.0115],[77.2923,14.0145],[77.298,14.023],[77.3036,14.0267],[77.3135,14.0248],[77.3165,14.0215],[77.317,14.0153],[77.3202,14.0093],[77.3241,14.0053],[77.3301,13.9949],[77.3297,13.9934],[77.3298,13.9934],[77.3303,13.9904],[77.3335,13.9881],[77.3457,13.9856],[77.3538,13.9823],[77.3534,13.9763],[77.3469,13.9606],[77.3472,13.9554],[77.3437,13.9509],[77.362,13.9455],[77.3626,13.9423],[77.3526,13.9285],[77.3426,13.9122],[77.3435,13.906],[77.3459,13.9033],[77.3483,13.8965],[77.3588,13.8956],[77.3904,13.8977],[77.3919,13.8799],[77.3963,13.8804],[77.3971,13.8805],[77.4085,13.8888],[77.419,13.8949],[77.4256,13.9021],[77.4274,13.9092],[77.4225,13.912],[77.4102,13.9146],[77.4084,13.9216],[77.4077,13.9361],[77.4226,13.939],[77.4287,13.9433],[77.429,13.9564],[77.4309,13.962],[77.4306,13.9688],[77.4266,13.9733],[77.4205,13.9769],[77.4102,13.9769],[77.3865,13.974],[77.3757,13.9691],[77.3727,13.9755],[77.3732,13.9817],[77.3799,13.9933],[77.3834,14.0074],[77.3751,14.0121],[77.3623,14.016],[77.3501,14.0165],[77.3441,14.0191],[77.3262,14.0229],[77.3313,14.0398],[77.3345,14.0478],[77.338,14.0538],[77.3501,14.0534],[77.3586,14.0589],[77.3614,14.066],[77.3724,14.0719],[77.3797,14.0904],[77.3857,14.0935],[77.3954,14.1034],[77.3964,14.1106],[77.3944,14.1146],[77.3897,14.1186],[77.3804,14.1166],[77.3733,14.1126],[77.3589,14.1087],[77.3525,14.1054],[77.3485,14.0993],[77.3445,14.096],[77.3465,14.1104],[77.3465,14.1179],[77.3477,14.1243],[77.3549,14.1237],[77.365,14.1271],[77.3767,14.1296],[77.3787,14.1383],[77.3826,14.1477],[77.3896,14.1535],[77.3897,14.1653],[77.3975,14.1665],[77.4097,14.1697],[77.4163,14.1693],[77.4235,14.1651],[77.4539,14.163],[77.4633,14.1642],[77.4885,14.1531],[77.5004,14.151],[77.5027,14.1571],[77.5068,14.1642],[77.5104,14.172],[77.5094,14.177],[77.5041,14.1807],[77.5011,14.1932],[77.4997,14.2045],[77.4931,14.214],[77.4929,14.2201],[77.4901,14.2276],[77.4963,14.2404],[77.4988,14.2495],[77.4994,14.2605],[77.4963,14.2718],[77.4921,14.2713],[77.4844,14.2753],[77.4793,14.2848],[77.4791,14.2837],[77.4684,14.2794],[77.4547,14.2722],[77.4436,14.2776],[77.4424,14.2909],[77.4423,14.3098],[77.4275,14.3048],[77.4259,14.3208],[77.4207,14.322],[77.4093,14.3271],[77.3949,14.3292],[77.3857,14.3249],[77.3788,14.3171],[77.3739,14.3051],[77.375,14.2952],[77.3812,14.283],[77.385,14.2725],[77.3843,14.2656],[77.3899,14.2614],[77.401,14.2604],[77.4048,14.2486],[77.4062,14.2367],[77.4091,14.2236],[77.4147,14.2171],[77.4157,14.212],[77.4149,14.2032],[77.3912,14.1909],[77.3838,14.1918],[77.3801,14.2026],[77.3816,14.2102],[77.3766,14.2167],[77.3643,14.2233],[77.3554,14.23],[77.3592,14.2436],[77.3583,14.2603],[77.3593,14.2693],[77.3534,14.2707],[77.3434,14.2705],[77.3206,14.2735],[77.3075,14.2738],[77.2955,14.2765],[77.2855,14.2747],[77.2796,14.2761],[77.2819,14.2905],[77.2827,14.3023],[77.2811,14.3311],[77.2733,14.3318],[77.2673,14.327],[77.2579,14.3257],[77.2513,14.3206],[77.2451,14.3145],[77.232,14.3111],[77.2229,14.315],[77.2098,14.313],[77.1964,14.3143],[77.1795,14.3264],[77.1767,14.3263],[77.1719,14.3302],[77.1642,14.3305],[77.1598,14.3362],[77.1522,14.3377],[77.1464,14.3322],[77.1405,14.3361],[77.1355,14.334],[77.1319,14.3306],[77.1326,14.324],[77.1309,14.3138],[77.1258,14.3015],[77.1173,14.2914],[77.1119,14.2875],[77.1105,14.2749],[77.1069,14.2618],[77.1155,14.2568],[77.1116,14.2485],[77.113,14.2399],[77.1105,14.232],[77.1099,14.2215],[77.1051,14.2133],[77.0952,14.2095],[77.0849,14.2085],[77.0753,14.2093],[77.0676,14.2179],[77.0602,14.2242],[77.0553,14.2323],[77.0496,14.2395],[77.0406,14.2408],[77.033,14.2405],[77.0246,14.2367],[77.0125,14.2351],[77.0041,14.2316],[76.9946,14.2356],[76.9928,14.233],[76.9894,14.2364],[76.9825,14.2382],[76.9756,14.2374],[76.9697,14.2352],[76.9616,14.2359],[76.9514,14.2342],[76.9435,14.2363],[76.9378,14.2401],[76.936,14.2488],[76.9336,14.2535],[76.9258,14.2644],[76.9249,14.2722],[76.9355,14.2766],[76.9438,14.2817],[76.9487,14.2868],[76.9501,14.294],[76.9467,14.3004],[76.9429,14.3054],[76.9366,14.3084],[76.9231,14.3097],[76.9168,14.3123],[76.9062,14.3153],[76.899,14.3192],[76.8854,14.3396],[76.8791,14.3464],[76.8786,14.3514],[76.8831,14.3903],[76.8868,14.3925],[76.8923,14.3929],[76.8966,14.3945],[76.9012,14.3983],[76.9131,14.4136],[76.919,14.4115],[76.9368,14.4013],[76.9416,14.3995],[76.9436,14.4033],[76.9447,14.4089],[76.9443,14.4252],[76.9427,14.4398],[76.9438,14.4451],[76.9586,14.4454],[76.9644,14.4517],[76.9742,14.4704],[76.9734,14.4783],[76.9691,14.4791],[76.9558,14.4796],[76.9454,14.4822],[76.9065,14.4842],[76.8943,14.4808],[76.8855,14.4759],[76.8803,14.4705],[76.8702,14.4684],[76.8638,14.4747],[76.8604,14.4871],[76.8542,14.4989],[76.8439,14.5091],[76.8321,14.5151],[76.8284,14.5222],[76.8276,14.5231],[76.8197,14.5203],[76.8109,14.5238],[76.8051,14.5249],[76.7997,14.5277],[76.7947,14.5407],[76.7862,14.5531],[76.7841,14.562],[76.7782,14.5793],[76.7763,14.5903],[76.7744,14.5906],[76.7728,14.5872],[76.7609,14.5963],[76.7602,14.602],[76.763,14.6119],[76.7695,14.6563],[76.7713,14.6738],[76.7811,14.6905],[76.7855,14.7071],[76.7981,14.7346],[76.795,14.7411],[76.7881,14.7518],[76.7864,14.7619],[76.7813,14.7743],[76.7803,14.7793],[76.811,14.7814],[76.8167,14.7825],[76.8174,14.7854],[76.8207,14.7866],[76.8264,14.787],[76.8314,14.7841],[76.8338,14.7849],[76.835,14.8001],[76.8372,14.8041],[76.8469,14.8023],[76.8487,14.804],[76.8496,14.8118],[76.8485,14.8143],[76.8445,14.8156],[76.843,14.8243],[76.8403,14.8281],[76.8401,14.83],[76.8444,14.8333],[76.8494,14.8387],[76.8541,14.8614],[76.8517,14.8625],[76.8509,14.8729],[76.8491,14.8799],[76.8433,14.8815],[76.8438,14.8864],[76.8461,14.8903],[76.8603,14.8912],[76.8627,14.9018],[76.8639,14.9117],[76.8635,14.9156],[76.8655,14.9376],[76.8637,14.9552],[76.8645,14.964],[76.8412,14.9612],[76.8359,14.9591],[76.8326,14.9535],[76.8279,14.951],[76.8236,14.9536],[76.8203,14.9592],[76.8155,14.9638],[76.7969,14.9629],[76.7721,14.9686],[76.7638,14.9699],[76.7619,14.9753],[76.7586,14.9795],[76.757,14.983],[76.7592,14.9851],[76.7624,14.9895],[76.7652,14.9891],[76.7662,14.9908],[76.7681,14.9956],[76.7695,15.0006],[76.7797,15.0059],[76.7846,15.0167],[76.7818,15.0233],[76.7808,15.0342],[76.775,15.044],[76.7711,15.0541],[76.7708,15.0583],[76.7726,15.0651],[76.7757,15.0692],[76.7742,15.0714],[76.7764,15.0733],[76.7786,15.0716],[76.7839,15.0757],[76.7822,15.0788],[76.7842,15.0808],[76.7876,15.0804],[76.7969,15.0908],[76.8119,15.0802],[76.8213,15.0749],[76.8294,15.0743],[76.8374,15.0725],[76.8432,15.0662],[76.8606,15.0567],[76.8641,15.05],[76.8698,15.044],[76.8767,15.0287],[76.8887,15.0318],[76.8962,15.0319],[76.9054,15.0293],[76.9135,15.031],[76.9194,15.0285],[76.9317,15.0263],[76.9427,15.027],[76.9507,15.0244],[76.9668,15.0132],[76.9818,15.0104],[76.9835,15.0204],[76.9957,15.0237],[76.9986,15.0271],[77.0007,15.0296],[77.0093,15.0296],[77.023,15.0277],[77.0375,15.0276],[77.0469,15.0292],[77.0488,15.0239],[77.0464,15.016],[77.041,15.0055],[77.0509,15.0043],[77.0615,15.0015],[77.0686,15.0011],[77.0788,15],[77.0805,15.0079],[77.0821,15.0223],[77.0883,15.023],[77.0908,15.0277],[77.1017,15.0273],[77.1096,15.0286],[77.1116,15.0381],[77.1161,15.0401],[77.1184,15.0506],[77.1209,15.0551],[77.1255,15.0682],[77.1276,15.0936],[77.1394,15.0999],[77.1477,15.1073],[77.154,15.1205],[77.1528,15.1316],[77.1354,15.136],[77.1321,15.1427],[77.137,15.1493],[77.1455,15.1507],[77.1531,15.1488],[77.1577,15.149],[77.1593,15.1521],[77.1588,15.1579],[77.1632,15.1613],[77.1645,15.1685],[77.1615,15.1822],[77.1582,15.1938],[77.1558,15.1943],[77.15,15.2079],[77.1471,15.2088],[77.1414,15.2181],[77.1209,15.2212],[77.1235,15.2333],[77.1327,15.2346],[77.1403,15.2516],[77.1467,15.2503],[77.1579,15.2514],[77.1653,15.251],[77.1641,15.2591],[77.1577,15.2604],[77.1499,15.2669],[77.1452,15.2661],[77.1449,15.2693],[77.148,15.271],[77.1487,15.2779],[77.1479,15.2857],[77.1388,15.2855],[77.1237,15.2876],[77.1154,15.2899],[77.1134,15.3191],[77.1102,15.3207],[77.1097,15.3273],[77.0993,15.3266],[77.0691,15.3195],[77.0616,15.3219],[77.0631,15.3281],[77.0629,15.3379],[77.0578,15.3432],[77.0426,15.3522],[77.038,15.3588],[77.0423,15.3748],[77.0438,15.3837],[77.041,15.3915],[77.0333,15.3963],[77.0285,15.4013],[77.0269,15.4078],[77.031,15.4183],[77.0305,15.4263],[77.0274,15.4352],[77.0238,15.4386],[77.0153,15.4411],[77.0061,15.4482],[77.002,15.4554],[77.0007,15.4617],[76.996,15.4675],[76.989,15.4732],[76.9761,15.482],[76.9704,15.4909],[76.9701,15.495],[76.9719,15.5063],[76.9817,15.5048],[76.9909,15.5011],[76.996,15.4997],[77.0054,15.5028],[77.0266,15.5],[77.0287,15.5086],[77.0289,15.5251],[77.0237,15.5764],[77.0244,15.5844],[77.0289,15.5983],[77.0284,15.6068],[77.0271,15.6293],[77.0293,15.6338],[77.0327,15.632],[77.036,15.6324],[77.0689,15.6409],[77.0814,15.6528],[77.0889,15.6475],[77.0959,15.6441],[77.1006,15.6392],[77.1039,15.6339],[77.1162,15.6251],[77.1209,15.6372],[77.125,15.6591],[77.1191,15.6621],[77.1105,15.6713],[77.1008,15.6789],[77.0759,15.6909],[77.0779,15.6934],[77.0816,15.6953],[77.0844,15.709],[77.0763,15.7104],[77.0763,15.7214],[77.063,15.7237],[77.0471,15.725],[77.0472,15.7332],[77.0432,15.7345],[77.0467,15.7513],[77.0517,15.7501],[77.0532,15.7589],[77.0485,15.7608],[77.0497,15.7641],[77.0537,15.7636],[77.0566,15.7723],[77.0598,15.7788],[77.0625,15.7784],[77.0672,15.7961],[77.0615,15.7979],[77.0639,15.8232],[77.0523,15.8243],[77.0499,15.8201],[77.0415,15.8217],[77.0384,15.8255],[77.0339,15.8244],[77.0282,15.8256],[77.0244,15.8295],[77.0223,15.8318],[77.029,15.8449],[77.0332,15.8531],[77.041,15.864],[77.0525,15.8763],[77.0582,15.8872],[77.066,15.8993],[77.0768,15.9097],[77.0901,15.9179],[77.1046,15.9245],[77.1207,15.9288],[77.1299,15.9304],[77.1368,15.9362],[77.1434,15.9406],[77.1571,15.9445],[77.1707,15.9455],[77.1806,15.9501],[77.1878,15.9507],[77.203,15.9499],[77.2187,15.9516],[77.2271,15.9516],[77.2361,15.9527],[77.2441,15.9568],[77.2489,15.9577],[77.2581,15.954],[77.2632,15.9514],[77.2824,15.9474],[77.2918,15.95],[77.3002,15.9505],[77.3148,15.9452],[77.3352,15.9433],[77.3536,15.9437],[77.3599,15.9416],[77.3681,15.936],[77.3762,15.9333],[77.3856,15.9345],[77.3927,15.9368],[77.4,15.9355],[77.4076,15.9357],[77.4164,15.938],[77.4219,15.9413],[77.4264,15.9423],[77.4365,15.939],[77.4525,15.9315],[77.467,15.9276],[77.4833,15.9281],[77.4973,15.9263],[77.5095,15.9209],[77.5317,15.9161],[77.5488,15.9137],[77.5716,15.9123],[77.5801,15.9102],[77.5884,15.907],[77.5987,15.9087],[77.6064,15.9117],[77.6138,15.9078],[77.6188,15.9038],[77.6257,15.8991],[77.632,15.8918],[77.6396,15.8831],[77.6482,15.8789],[77.6589,15.8765],[77.6835,15.8739],[77.6925,15.8753],[77.6994,15.8804],[77.7073,15.8841],[77.7161,15.8866],[77.7249,15.8848],[77.732,15.8822],[77.7388,15.8785],[77.7496,15.8759],[77.76,15.8768],[77.7702,15.8733],[77.7789,15.8693],[77.7898,15.8666],[77.7992,15.8653],[77.8092,15.867],[77.8177,15.8695],[77.8253,15.8738],[77.8338,15.8755],[77.8398,15.8739],[77.8501,15.8738],[77.8557,15.8758],[77.8669,15.8924],[77.8764,15.896],[77.8877,15.8959],[77.9076,15.8849],[77.9283,15.8765],[77.944,15.8749],[77.9631,15.8759],[77.9729,15.8741],[77.9936,15.861],[78.0019,15.8592],[78.0066,15.872],[78.0147,15.8888],[78.017,15.8951],[78.0242,15.8986],[78.0288,15.9027],[78.0363,15.9021],[78.0398,15.8981],[78.0407,15.8722],[78.0489,15.8708],[78.0585,15.8504],[78.0637,15.8446],[78.1011,15.8279],[78.1096,15.8272],[78.1198,15.8303],[78.1269,15.8349],[78.1258,15.8489],[78.1379,15.8502],[78.1484,15.85],[78.1509,15.849],[78.1647,15.849],[78.1687,15.8532],[78.1707,15.8664],[78.1738,15.8725],[78.1791,15.8798],[78.1815,15.8877],[78.1792,15.8949],[78.18,15.9004],[78.1967,15.9122],[78.2054,15.9171],[78.2279,15.9235],[78.238,15.9291],[78.2429,15.937],[78.244,15.947],[78.2474,15.96],[78.2484,15.9683],[78.2511,15.9708],[78.2529,15.9784],[78.2597,15.9947],[78.2587,16.0051],[78.2514,16.0257],[78.2567,16.0313],[78.2682,16.0348],[78.2811,16.0321],[78.2922,16.0285],[78.3162,16.0292],[78.3236,16.0372],[78.3311,16.0471],[78.3404,16.0528],[78.3531,16.0545],[78.37,16.0598],[78.3842,16.0718],[78.4057,16.0809],[78.421,16.0828],[78.451,16.081],[78.4956,16.0731],[78.5208,16.0651],[78.5329,16.0623],[78.5469,16.0562],[78.5591,16.0564],[78.5671,16.0619],[78.5764,16.0703],[78.5926,16.0872],[78.6035,16.0964],[78.617,16.0989],[78.6365,16.0914],[78.6467,16.0827],[78.6578,16.0714],[78.6684,16.0558],[78.675,16.049],[78.6866,16.0404],[78.7137,16.0267],[78.726,16.023],[78.739,16.0211],[78.7539,16.021],[78.775,16.0236],[78.79,16.0327],[78.808,16.0462],[78.8138,16.0522],[78.8216,16.0622],[78.8365,16.0874],[78.8394,16.0942],[78.8403,16.1028],[78.8381,16.1109],[78.8339,16.1201],[78.8313,16.133],[78.8305,16.1422],[78.8321,16.1518],[78.8378,16.1567],[78.8463,16.1595],[78.8565,16.1586],[78.8629,16.1531],[78.8663,16.1439],[78.868,16.1353],[78.8694,16.1216],[78.8727,16.1102],[78.8891,16.0986],[78.9012,16.0976],[78.9105,16.1052],[78.9134,16.1088],[78.9173,16.1135],[78.9219,16.1219],[78.9209,16.1337],[78.9056,16.1649],[78.9055,16.1819],[78.9081,16.191],[78.9255,16.2023],[78.9411,16.2098],[78.959,16.2172],[78.9781,16.2231],[78.9924,16.2283],[79.0102,16.2404],[79.0201,16.2443],[79.0309,16.2457],[79.0425,16.245],[79.0541,16.2426],[79.0686,16.2381],[79.123,16.2379],[79.1332,16.2364],[79.1425,16.2293],[79.1512,16.2246],[79.1627,16.2202],[79.1766,16.2171],[79.192,16.2227],[79.2075,16.2307],[79.2187,16.2396],[79.2251,16.2501],[79.2298,16.3002],[79.2279,16.3368],[79.2232,16.3504],[79.2115,16.3628],[79.2133,16.3744],[79.2126,16.3938],[79.215,16.4158],[79.2191,16.4382],[79.2264,16.4525],[79.2362,16.4585],[79.2351,16.4707],[79.2309,16.4817],[79.2241,16.4921],[79.2253,16.5082],[79.2304,16.5193],[79.2608,16.5464],[79.2661,16.5615],[79.2824,16.5654],[79.2951,16.5674],[79.3198,16.5759],[79.3333,16.5785],[79.3455,16.5796],[79.4027,16.5804],[79.4266,16.5825],[79.4345,16.5857],[79.4432,16.5937],[79.4506,16.6091],[79.4701,16.6187],[79.4972,16.6305],[79.5121,16.6337],[79.5367,16.6316],[79.554,16.6346],[79.5636,16.6381],[79.574,16.6436],[79.5856,16.6514],[79.5999,16.6633],[79.6168,16.6646],[79.6333,16.6609],[79.648,16.662],[79.6555,16.6741],[79.6686,16.684],[79.683,16.6904],[79.7227,16.6926],[79.7338,16.698],[79.7505,16.7201],[79.7631,16.7271],[79.7749,16.7295],[79.7834,16.7248],[79.8103,16.6905],[79.8259,16.6915],[79.8446,16.6965],[79.8618,16.6982],[79.8733,16.6887],[79.8807,16.6762],[79.8909,16.6496],[79.9021,16.6378],[79.9138,16.6331],[79.9237,16.6307],[79.9426,16.6326],[79.9582,16.642],[79.973,16.6595],[79.9915,16.6926],[79.9937,16.6944],[80.0024,16.7029],[80.0167,16.7118],[80.0233,16.7185],[80.0328,16.7318],[80.0434,16.7397],[80.0479,16.7452],[80.0516,16.7713],[80.0577,16.7819],[80.0649,16.8025],[80.0697,16.8136],[80.0418,16.8261],[80.0367,16.8324],[80.0344,16.8391],[80.0344,16.8478],[80.0331,16.8524],[80.0138,16.8529],[79.9941,16.8622],[79.9917,16.8633],[79.9951,16.8773],[80.0028,16.8915],[80.0096,16.9073],[80.0186,16.9188],[80.0285,16.9274],[80.0371,16.9365],[80.0459,16.9653],[80.0842,16.9632],[80.0839,16.9777],[80.0877,16.9874],[80.0995,16.9828],[80.1058,16.9813],[80.1128,16.9823],[80.1147,16.9859],[80.1201,16.9868],[80.1269,16.9853],[80.1339,16.9854],[80.1406,16.9933],[80.1425,17.0015],[80.1491,17.0081],[80.1672,17.0236],[80.1705,17.0304],[80.1821,17.0449],[80.1943,17.0425],[80.1961,17.0257],[80.1955,17.018],[80.2013,17.0131],[80.2132,17.0192],[80.2178,17.0196],[80.2322,17.0049],[80.2357,17.0023],[80.2411,17.0028],[80.2503,17.0074],[80.2622,17.0106],[80.2762,16.9932],[80.289,16.9768],[80.3014,16.9559],[80.304,16.9395],[80.3078,16.9238],[80.3154,16.9124],[80.3133,16.912],[80.3161,16.8947],[80.316,16.884],[80.3184,16.8774],[80.3192,16.8709],[80.3273,16.871],[80.3373,16.8671],[80.335,16.8557],[80.3509,16.8533],[80.3586,16.8549],[80.3612,16.8504],[80.3647,16.8389],[80.3671,16.8268],[80.3729,16.8111],[80.3759,16.8106],[80.3778,16.8125],[80.3794,16.8195],[80.3942,16.8252],[80.3991,16.8316],[80.4002,16.837],[80.3997,16.8497],[80.4187,16.8423],[80.4214,16.8371],[80.4228,16.8293],[80.4321,16.8272],[80.4318,16.8239],[80.4448,16.8194],[80.4526,16.8153],[80.4551,16.8065],[80.4564,16.79],[80.471,16.7883],[80.4791,16.785],[80.4846,16.7813],[80.4895,16.7759],[80.511,16.7699],[80.5181,16.7688],[80.5301,16.7701],[80.5465,16.7677],[80.5628,16.7628],[80.5693,16.7708],[80.5975,16.7851],[80.6041,16.7878],[80.5978,16.792],[80.5936,16.7979],[80.5858,16.8067],[80.5718,16.8121],[80.567,16.8171],[80.5612,16.8171],[80.556,16.8184],[80.5546,16.8248],[80.5624,16.8363],[80.564,16.8426],[80.5648,16.8499],[80.565,16.869],[80.5765,16.8731],[80.5867,16.8739],[80.5858,16.8872],[80.5834,16.8906],[80.5812,16.8968],[80.5821,16.9031],[80.5859,16.9043],[80.5894,16.9071],[80.5903,16.9116],[80.5891,16.9167],[80.5842,16.9265],[80.5695,16.9269],[80.5317,16.9502],[80.5207,16.9364],[80.5098,16.9424],[80.4913,16.9482],[80.4869,16.9369],[80.4856,16.927],[80.4878,16.9174],[80.4769,16.9212],[80.4699,16.9265],[80.4632,16.9302],[80.4531,16.9383],[80.4425,16.9449],[80.4123,16.9542],[80.3976,16.957],[80.3808,16.9625],[80.3604,16.9705],[80.3582,16.9706],[80.3611,16.9745],[80.3697,16.983],[80.3716,16.9871],[80.3712,16.9932],[80.3712,16.9958],[80.382,17],[80.3865,17.0029],[80.3879,17.0073],[80.3887,17.0141],[80.3838,17.0198],[80.3779,17.0233],[80.3772,17.0279],[80.3784,17.0341],[80.3716,17.0475],[80.3678,17.0527],[80.367,17.0566],[80.3742,17.0631],[80.3791,17.0662],[80.3901,17.0762],[80.3932,17.0778],[80.3951,17.0776],[80.3973,17.0739],[80.3998,17.0653],[80.3989,17.0598],[80.4009,17.0542],[80.4143,17.0418],[80.4178,17.0286],[80.4205,17.0249],[80.4327,17.0218],[80.4462,17.017],[80.4529,17.037],[80.4642,17.0372],[80.4717,17.0381],[80.4751,17.0428],[80.4822,17.0503],[80.4847,17.0563],[80.4846,17.0676],[80.4868,17.0829],[80.4887,17.0873],[80.4924,17.0924],[80.4965,17.1013],[80.4961,17.1079],[80.5117,17.1062],[80.5194,17.1082],[80.5292,17.1136],[80.5354,17.1198],[80.5417,17.1204],[80.5491,17.1236],[80.5602,17.138],[80.5735,17.1353],[80.5803,17.131],[80.5951,17.1196],[80.6039,17.1155],[80.6129,17.1166],[80.6165,17.1157],[80.6239,17.1119],[80.6298,17.11],[80.6252,17.1017],[80.6364,17.097],[80.6463,17.0945],[80.6566,17.0878],[80.6554,17.084],[80.6444,17.0771],[80.6378,17.0719],[80.6377,17.0656],[80.6339,17.0589],[80.6396,17.0551],[80.6492,17.0546],[80.6606,17.0567],[80.6678,17.0599],[80.6756,17.0613],[80.6814,17.0643],[80.684,17.0687],[80.6952,17.0683],[80.7126,17.0655],[80.7257,17.0646],[80.7466,17.0549],[80.7661,17.0503],[80.7802,17.0488],[80.7853,17.0476],[80.7928,17.043],[80.8032,17.0425],[80.8232,17.0378],[80.8293,17.0323],[80.8325,17.0257],[80.8449,17.0328],[80.8505,17.0402],[80.8549,17.044],[80.8588,17.0509],[80.8565,17.0685],[80.8625,17.0815],[80.8624,17.0856],[80.8642,17.0958],[80.855,17.1114],[80.8635,17.118],[80.8668,17.1246],[80.8703,17.1463],[80.8768,17.1452],[80.8889,17.1411],[80.8962,17.1408],[80.904,17.1411],[80.9094,17.1425],[80.9133,17.146],[80.9122,17.1535],[80.914,17.1608],[80.9149,17.1698],[80.913,17.1738],[80.9085,17.178],[80.907,17.1838],[80.9076,17.1929],[80.9053,17.2013],[80.9138,17.2053],[80.9206,17.2058],[80.9306,17.205],[80.939,17.2004],[80.9477,17.1933],[80.956,17.1882],[80.9663,17.1845],[80.9852,17.1794],[80.9913,17.1797],[80.9977,17.182],[81.0054,17.1844],[81.0262,17.1867],[81.0315,17.1924],[81.0349,17.1973],[81.04,17.1999],[81.0439,17.2045],[81.0465,17.2138],[81.0538,17.2101],[81.0622,17.2041],[81.0845,17.2136],[81.1182,17.2246],[81.1455,17.2317],[81.1628,17.2326],[81.168,17.2423],[81.1806,17.2546],[81.1746,17.2604],[81.1711,17.2667],[81.1706,17.2965],[81.172,17.3055],[81.1782,17.3145],[81.1815,17.3222],[81.1903,17.3274],[81.2188,17.3217],[81.2343,17.3228],[81.2575,17.3227],[81.2622,17.3219],[81.2672,17.32],[81.2818,17.3298],[81.2892,17.3375],[81.2988,17.3521],[81.3016,17.3597],[81.3116,17.3748],[81.3225,17.3892],[81.3247,17.3906],[81.3304,17.3921],[81.3373,17.39],[81.3429,17.3854],[81.3433,17.3757],[81.3498,17.3685],[81.364,17.3603],[81.3718,17.3572],[81.3786,17.3561],[81.3852,17.3551],[81.4064,17.3614],[81.4156,17.3616],[81.4183,17.3664],[81.4201,17.3722],[81.4336,17.3749],[81.4415,17.3817],[81.4461,17.3907],[81.4516,17.3983],[81.4573,17.4054],[81.4722,17.4195],[81.482,17.4322],[81.4934,17.4488],[81.4954,17.4538],[81.4959,17.4604],[81.4937,17.466],[81.4936,17.477],[81.4982,17.49],[81.4995,17.5015],[81.498,17.5101],[81.4995,17.5315],[81.5014,17.5394],[81.5091,17.5493],[81.5137,17.5573],[81.5203,17.5646],[81.5237,17.5697],[81.5239,17.5726],[81.5209,17.5757],[81.5127,17.583],[81.5029,17.5899],[81.5079,17.5953],[81.5093,17.5983],[81.5093,17.6036],[81.5119,17.6099],[81.519,17.6188],[81.5341,17.6304],[81.5443,17.6453],[81.5461,17.6507],[81.5536,17.6664],[81.5602,17.6767],[81.5682,17.6828],[81.5712,17.6879],[81.5711,17.7029],[81.572,17.7118],[81.573,17.7187],[81.5766,17.7261],[81.5819,17.7307],[81.6092,17.7436],[81.6128,17.7469],[81.6186,17.7586],[81.6231,17.7628],[81.6419,17.7656],[81.653,17.7656],[81.6747,17.7671],[81.6848,17.7706],[81.6914,17.7757],[81.6982,17.7845],[81.704,17.7996],[81.7095,17.8051],[81.7234,17.8152],[81.7296,17.8193],[81.7389,17.8216],[81.7529,17.8183],[81.7639,17.8299],[81.7824,17.832],[81.7878,17.8392],[81.7944,17.8442],[81.7928,17.8525],[81.7875,17.8625],[81.7814,17.8707],[81.7689,17.8787],[81.7634,17.8854],[81.7583,17.8934],[81.7622,17.8966],[81.7757,17.9048],[81.7824,17.9097],[81.786,17.9136],[81.7893,17.9214],[81.7941,17.9297],[81.801,17.9361],[81.8198,17.9455],[81.8333,17.951],[81.8397,17.9501],[81.8468,17.9508],[81.8741,17.9598],[81.8851,17.9658],[81.8993,17.9685],[81.9045,17.9735],[81.9137,17.9799],[81.9247,17.9809],[81.9361,17.9841],[81.9518,17.9921],[81.9571,17.9971],[81.964,17.9999],[81.9731,18.0057],[81.9805,18.0113],[81.9859,18.0143],[81.9889,18.0203],[81.9915,18.0218],[82.0017,18.0237],[82.0021,18.0282],[82.0047,18.0343],[82.0016,18.0448],[82.0066,18.0492],[82.0168,18.0551],[82.0247,18.0579],[82.0299,18.0565],[82.0326,18.0517],[82.0452,18.0456],[82.0509,18.0445],[82.0597,18.0451],[82.0656,18.0489],[82.0655,18.0513],[82.061,18.054],[82.059,18.0585],[82.0644,18.0584],[82.0699,18.0604],[82.0722,18.0656],[82.0801,18.0604],[82.0892,18.0574],[82.0924,18.0528],[82.108,18.054],[82.1106,18.0577],[82.1133,18.0578],[82.1193,18.0512],[82.1271,18.051],[82.1292,18.0487],[82.1304,18.0409],[82.1324,18.0356],[82.1423,18.0436],[82.1473,18.0404],[82.1603,18.0436],[82.1637,18.0416],[82.1731,18.0256],[82.1769,18.0209],[82.1742,18.0155],[82.1774,18.0106],[82.1851,18.0074],[82.191,18.009],[82.1969,18.0087],[82.2078,18.0007],[82.2182,17.9942],[82.223,17.9929],[82.2308,17.9937],[82.237,17.992],[82.2383,17.9839],[82.2417,17.9798],[82.2532,17.9802],[82.2611,17.9824],[82.2673,17.9864],[82.2689,17.992],[82.2705,17.9977],[82.2708,18.0107],[82.2689,18.0199],[82.2662,18.0257],[82.2582,18.0349],[82.2622,18.0363],[82.2646,18.039],[82.2651,18.0431],[82.267,18.0483],[82.2789,18.0549],[82.283,18.0558],[82.2851,18.0594],[82.2878,18.0606],[82.2979,18.062],[82.2964,18.0576],[82.2928,18.0543],[82.2965,18.0461],[82.3011,18.044],[82.3063,18.045],[82.3044,18.0396],[82.3055,18.0378],[82.3096,18.0384],[82.3132,18.0348],[82.317,18.036],[82.313,18.0452],[82.3157,18.0467],[82.3173,18.0485],[82.3196,18.0486],[82.3218,18.0502],[82.3262,18.0465],[82.3249,18.0427],[82.3298,18.0404],[82.3363,18.0473],[82.3369,18.0491],[82.3432,18.0678],[82.3419,18.0713],[82.3436,18.075],[82.3432,18.0825],[82.3406,18.0871],[82.3347,18.0899],[82.3322,18.0941],[82.3325,18.107],[82.3303,18.119],[82.3354,18.1273],[82.3334,18.1424],[82.3383,18.138],[82.3449,18.1346],[82.3576,18.1251],[82.3618,18.1292],[82.3643,18.1349],[82.3652,18.1397],[82.359,18.1491],[82.3487,18.1618],[82.3416,18.1634],[82.333,18.1634],[82.3248,18.1664],[82.3193,18.1714],[82.3103,18.1746],[82.3082,18.1813],[82.3094,18.1894],[82.3061,18.1957],[82.3197,18.201],[82.3328,18.2158],[82.3267,18.2162],[82.3213,18.2225],[82.3225,18.2281],[82.3302,18.2313],[82.331,18.2334],[82.332,18.2401],[82.3318,18.2468],[82.3339,18.2523],[82.3369,18.2662],[82.3437,18.2717],[82.3671,18.2709],[82.3719,18.2741],[82.3822,18.2843],[82.3854,18.2891],[82.3874,18.3006],[82.393,18.3064],[82.3884,18.3112],[82.3844,18.3187],[82.3805,18.3193],[82.3751,18.318],[82.3692,18.3178],[82.3652,18.3164],[82.358,18.3082],[82.3546,18.309],[82.3487,18.3062],[82.3429,18.3073],[82.341,18.3107],[82.3344,18.3171],[82.3364,18.3201],[82.3454,18.3218],[82.3502,18.3289],[82.3566,18.3336],[82.3601,18.3437],[82.3695,18.3504],[82.3764,18.3533],[82.3797,18.3574],[82.3788,18.3617],[82.3811,18.3667],[82.3844,18.3691],[82.3844,18.3724],[82.3784,18.3781],[82.3752,18.3831],[82.3749,18.3928],[82.3725,18.3981],[82.366,18.4034],[82.3613,18.4099],[82.366,18.413],[82.367,18.4172],[82.3717,18.4202],[82.3776,18.422],[82.3807,18.4264],[82.3823,18.4317],[82.3974,18.4516],[82.4122,18.4647],[82.4203,18.4699],[82.4269,18.477],[82.4291,18.4851],[82.4371,18.4973],[82.4499,18.5114],[82.4534,18.517],[82.474,18.5368],[82.4816,18.5385],[82.4853,18.5337],[82.4819,18.5327],[82.4778,18.5315],[82.4757,18.5294],[82.4815,18.5151],[82.4982,18.506],[82.4988,18.5033],[82.4992,18.5018],[82.502,18.5017],[82.5042,18.5055],[82.5074,18.5081],[82.5143,18.5036],[82.5175,18.5056],[82.5231,18.5039],[82.5239,18.4993],[82.522,18.497],[82.5232,18.4935],[82.5245,18.4898],[82.5201,18.4873],[82.5198,18.4849],[82.5195,18.4825],[82.5245,18.4828],[82.5275,18.4777],[82.521,18.4724],[82.5257,18.4705],[82.5275,18.4682],[82.5218,18.4618],[82.5177,18.4593],[82.5168,18.4572],[82.5161,18.4559],[82.5232,18.4528],[82.5204,18.4505],[82.5212,18.4471],[82.5232,18.4458],[82.5267,18.4473],[82.5294,18.4429],[82.5288,18.4403],[82.5302,18.4343],[82.5331,18.4341],[82.5356,18.4367],[82.539,18.4381],[82.5384,18.4432],[82.5442,18.4413],[82.5477,18.4418],[82.5501,18.4389],[82.5538,18.4377],[82.5511,18.4339],[82.5502,18.4265],[82.5461,18.4241],[82.5451,18.4172],[82.5397,18.4169],[82.5376,18.4122],[82.5359,18.4083],[82.537,18.4042],[82.5397,18.4036],[82.5406,18.4034],[82.5403,18.4019],[82.5326,18.3968],[82.5323,18.3934],[82.5352,18.3896],[82.5423,18.389],[82.5494,18.3835],[82.5517,18.3871],[82.556,18.3885],[82.5652,18.384],[82.5706,18.3842],[82.5756,18.3799],[82.5773,18.3773],[82.5808,18.3789],[82.5892,18.3771],[82.5936,18.3705],[82.599,18.3716],[82.6005,18.3687],[82.6009,18.3661],[82.5977,18.3626],[82.5993,18.36],[82.5976,18.3562],[82.5986,18.354],[82.6057,18.3528],[82.6087,18.3512],[82.6113,18.3465],[82.6079,18.3417],[82.5992,18.3424],[82.5978,18.3416],[82.5965,18.3409],[82.5976,18.3336],[82.6003,18.3308],[82.6038,18.3204],[82.6021,18.3173],[82.5957,18.3159],[82.5923,18.3179],[82.5897,18.3195],[82.5886,18.3185],[82.586,18.3159],[82.5833,18.3114],[82.5781,18.3094],[82.5764,18.3068],[82.5798,18.301],[82.5811,18.3009],[82.5827,18.3008],[82.5878,18.302],[82.591,18.292],[82.5903,18.2878],[82.5876,18.2848],[82.5856,18.281],[82.5872,18.2794],[82.5884,18.2783],[82.5885,18.275],[82.5843,18.2732],[82.5807,18.2701],[82.5832,18.2666],[82.5855,18.2661],[82.5872,18.2658],[82.5887,18.2621],[82.5892,18.2567],[82.5983,18.2545],[82.6008,18.252],[82.6095,18.2493],[82.6118,18.2465],[82.611,18.2438],[82.6134,18.2394],[82.6164,18.2381],[82.6204,18.2364],[82.6269,18.2287],[82.6289,18.2287],[82.6317,18.2285],[82.6372,18.2349],[82.6453,18.2404],[82.6476,18.2447],[82.6449,18.2571],[82.6491,18.2638],[82.6522,18.2721],[82.6565,18.2788],[82.6588,18.2866],[82.6649,18.2906],[82.6726,18.2922],[82.6754,18.2924],[82.6818,18.2928],[82.6903,18.2971],[82.6937,18.2973],[82.6981,18.2963],[82.7005,18.2998],[82.7017,18.3048],[82.7026,18.3085],[82.7067,18.3106],[82.7109,18.3128],[82.7173,18.3148],[82.7253,18.3116],[82.7343,18.3133],[82.7328,18.3179],[82.7378,18.3199],[82.7464,18.3199],[82.7506,18.3233],[82.751,18.3283],[82.7545,18.3298],[82.7585,18.3272],[82.7618,18.3278],[82.7671,18.3311],[82.7714,18.3397],[82.7842,18.3542],[82.7779,18.3709],[82.781,18.3725],[82.7876,18.3782],[82.7868,18.3846],[82.7875,18.3902],[82.7933,18.395],[82.7874,18.3998],[82.7812,18.3995],[82.7816,18.4043],[82.7785,18.4095],[82.7762,18.4155],[82.7762,18.4197],[82.7871,18.4267],[82.792,18.4331],[82.7992,18.4394],[82.8184,18.4385],[82.8187,18.4334],[82.8242,18.4299],[82.8301,18.4261],[82.8358,18.4242],[82.8363,18.4195],[82.837,18.4143],[82.8398,18.4118],[82.8449,18.4098],[82.8486,18.415],[82.856,18.4108],[82.863,18.4079],[82.87,18.4062],[82.8771,18.4118],[82.8794,18.4146],[82.8846,18.4128],[82.8884,18.4063],[82.8908,18.3986],[82.891,18.3922],[82.8849,18.3786],[82.8919,18.3669],[82.8985,18.3593],[82.9027,18.3559],[82.9084,18.3594],[82.9117,18.3574],[82.9151,18.3564],[82.9201,18.3597],[82.9276,18.361],[82.9327,18.3514],[82.9455,18.3505],[82.9482,18.3521],[82.952,18.3543],[82.956,18.3558],[82.9598,18.3572],[82.9688,18.3576],[82.9764,18.3549],[82.9784,18.361],[82.9812,18.3658],[82.9861,18.3659],[82.9876,18.3695],[82.992,18.375],[82.9929,18.3748],[82.9971,18.3749],[83.0035,18.3769],[83.0116,18.3782],[83.0172,18.3845],[83.0201,18.3835],[83.0238,18.3764],[83.0319,18.3733],[83.037,18.3698],[83.0395,18.3701],[83.0534,18.3753],[83.0562,18.3773],[83.0658,18.3894],[83.0665,18.3923],[83.0658,18.3932],[83.0637,18.3957],[83.059,18.399],[83.0558,18.4044],[83.0553,18.4081],[83.0604,18.4134],[83.0605,18.4135],[83.0606,18.4192],[83.0621,18.4209],[83.0612,18.4239],[83.0598,18.4286],[83.0583,18.4291],[83.0486,18.4249],[83.0426,18.4183],[83.0374,18.4189],[83.0356,18.4201],[83.0333,18.4233],[83.0382,18.4267],[83.039,18.432],[83.0373,18.4348],[83.0323,18.4362],[83.0248,18.4367],[83.018,18.4404],[83.0154,18.4444],[83.0164,18.4477],[83.0246,18.4537],[83.0267,18.4569],[83.0341,18.4608],[83.037,18.4631],[83.0438,18.4721],[83.0518,18.4775],[83.0552,18.4881],[83.0604,18.4944],[83.0651,18.4976],[83.0688,18.502],[83.0732,18.5147],[83.0823,18.5272],[83.0885,18.5328],[83.0893,18.5379],[83.0871,18.5411],[83.0715,18.5425],[83.0574,18.5347],[83.0541,18.5348],[83.0512,18.5349],[83.0451,18.5393],[83.0402,18.5449],[83.0325,18.5479],[83.0337,18.5583],[83.0255,18.5643],[83.0269,18.568],[83.0311,18.5718],[83.0338,18.5757],[83.0365,18.5776],[83.0417,18.5773],[83.042,18.5773],[83.0447,18.5782],[83.0511,18.5831],[83.0539,18.5865],[83.053,18.5899],[83.0521,18.5931],[83.0495,18.5949],[83.0489,18.5953],[83.0411,18.5967],[83.0407,18.5953],[83.0397,18.5921],[83.0378,18.5887],[83.0311,18.5836],[83.0277,18.5823],[83.0159,18.5848],[83.008,18.5884],[83.0095,18.5914],[83.0203,18.6054],[83.0213,18.6105],[83.0174,18.6234],[83.0146,18.6263],[83.0113,18.6277],[83.0093,18.6315],[83.0095,18.6335],[83.0097,18.6365],[83.0115,18.639],[83.0226,18.6444],[83.0362,18.6477],[83.051,18.6542],[83.0515,18.6632],[83.0558,18.6671],[83.0708,18.6893],[83.0699,18.6919],[83.0691,18.6941],[83.0707,18.6972],[83.0779,18.7053],[83.0857,18.71],[83.0881,18.7124],[83.0896,18.7163],[83.0908,18.7193],[83.0926,18.7218],[83.0955,18.7231],[83.0992,18.7269],[83.106,18.7385],[83.1165,18.748],[83.1175,18.7505],[83.1122,18.7583],[83.1158,18.7621],[83.133,18.7724],[83.1388,18.7711],[83.1449,18.7669],[83.1469,18.7632],[83.1508,18.7587],[83.1562,18.7573],[83.1685,18.7591],[83.1739,18.7568],[83.177,18.7544],[83.1808,18.7483],[83.1854,18.7441],[83.1918,18.7418],[83.2017,18.7422],[83.2034,18.7404],[83.2019,18.7361],[83.2024,18.7325],[83.2063,18.7287],[83.2063,18.728],[83.2064,18.7274],[83.2037,18.7235],[83.2033,18.7196],[83.2051,18.7159],[83.2068,18.7175],[83.2092,18.7245],[83.2125,18.7345],[83.2136,18.736],[83.2145,18.7372],[83.2203,18.742],[83.2224,18.7451],[83.223,18.748],[83.2227,18.7486],[83.2219,18.752],[83.2173,18.759],[83.2171,18.7636],[83.2194,18.7658],[83.221,18.7659],[83.2227,18.7659],[83.2265,18.7649],[83.2293,18.7641],[83.2396,18.7588],[83.2451,18.7581],[83.2554,18.7588],[83.2594,18.7576],[83.2661,18.757],[83.2699,18.7598],[83.2717,18.7632],[83.2712,18.7673],[83.2691,18.7708],[83.2699,18.7753],[83.2753,18.7854],[83.2795,18.7896],[83.2921,18.7925],[83.3004,18.7979],[83.3042,18.7989],[83.314,18.7958],[83.3183,18.7958],[83.323,18.7983],[83.3261,18.7948],[83.3298,18.7937],[83.3333,18.7927],[83.3359,18.7932],[83.3369,18.7947],[83.3376,18.7957],[83.3381,18.8004],[83.3393,18.8031],[83.3407,18.8035],[83.3443,18.8029],[83.3478,18.8013],[83.3525,18.8002],[83.3563,18.8001],[83.3585,18.8018],[83.3602,18.8045],[83.36,18.8074],[83.3501,18.8216],[83.3535,18.8275],[83.3589,18.832],[83.3603,18.832],[83.3623,18.8321],[83.3728,18.8212],[83.3764,18.822],[83.3831,18.8261],[83.3865,18.8258],[83.3963,18.8307],[83.3987,18.8335],[83.3969,18.8492],[83.3979,18.8526],[83.3999,18.8537],[83.4068,18.8537],[83.4088,18.8545],[83.4107,18.8568],[83.4113,18.8593],[83.4059,18.8653],[83.4043,18.866],[83.4018,18.8671],[83.3943,18.8682],[83.3878,18.871],[83.3854,18.8733],[83.3857,18.8755],[83.3789,18.8803],[83.3739,18.8859],[83.3725,18.8898],[83.3744,18.8919],[83.3833,18.8972],[83.3839,18.8997],[83.381,18.9018],[83.3768,18.9025],[83.3672,18.9004],[83.3663,18.9005],[83.3605,18.9012],[83.3578,18.9037],[83.3565,18.9048],[83.3502,18.9159],[83.3477,18.921],[83.3466,18.9269],[83.3479,18.9321],[83.349,18.9338],[83.3552,18.933],[83.3628,18.9301],[83.3641,18.9228],[83.371,18.9171],[83.3738,18.9168],[83.3763,18.9178],[83.3797,18.9215],[83.3802,18.9233],[83.3674,18.9335],[83.3639,18.9379],[83.3608,18.9481],[83.3611,18.9534],[83.3602,18.9539],[83.3589,18.9547],[83.3544,18.9545],[83.349,18.9561],[83.3458,18.9571],[83.345,18.9563],[83.3448,18.9452],[83.3433,18.9352],[83.3398,18.9332],[83.3397,18.9328],[83.3395,18.9319],[83.3395,18.9295],[83.3396,18.9262],[83.3414,18.9184],[83.3391,18.9162],[83.3345,18.9158],[83.329,18.9169],[83.322,18.9233],[83.3199,18.9258],[83.3189,18.9284],[83.3185,18.9336],[83.3212,18.936],[83.3311,18.9376],[83.333,18.9393],[83.3325,18.9434],[83.331,18.9458],[83.3289,18.9468],[83.327,18.9479],[83.326,18.9502],[83.3257,18.9529],[83.3269,18.9573],[83.3256,18.959],[83.3206,18.961],[83.3198,18.9613],[83.3133,18.9666],[83.3096,18.9768],[83.3091,18.9804],[83.3077,18.9832],[83.3043,18.987],[83.3053,18.9897],[83.3078,18.9909],[83.3164,18.9904],[83.3254,18.9888],[83.3292,18.9882],[83.3312,18.9901],[83.3308,18.9926],[83.3301,18.997],[83.3307,18.9984],[83.3327,18.9998],[83.335,19.0067],[83.3409,19.0092],[83.3463,19.0099],[83.355,19.0094],[83.358,19.0061],[83.3623,18.9947],[83.3675,18.9936],[83.3772,18.9947],[83.3847,18.9973],[83.3888,19],[83.393,18.9991],[83.3961,18.9958],[83.4014,18.9964],[83.4023,18.9952],[83.4046,18.9932],[83.4069,18.9951],[83.4089,18.9962],[83.4106,18.9926],[83.4114,18.9887],[83.4088,18.9799],[83.4148,18.9779],[83.4329,18.9614],[83.4365,18.9579],[83.44,18.9502],[83.4427,18.9477],[83.4468,18.9456],[83.4512,18.9445],[83.4555,18.9456],[83.4623,18.9592],[83.4622,18.9636],[83.4615,18.9679],[83.4589,18.9704],[83.4583,18.9725],[83.4603,18.9808],[83.4577,18.9825],[83.4502,18.9824],[83.4491,18.9926],[83.4482,18.9959],[83.4485,18.9996],[83.4502,19.0019],[83.4533,19.0025],[83.4585,19.0021],[83.4675,18.9989],[83.4718,18.999],[83.4746,19.0003],[83.4766,19.0041],[83.4751,19.0115],[83.478,19.0212],[83.4774,19.0255],[83.4654,19.0362],[83.4628,19.044],[83.4633,19.0526],[83.4567,19.0561],[83.4574,19.0598],[83.4591,19.0635],[83.4583,19.0671],[83.4594,19.0697],[83.4638,19.0714],[83.4675,19.0699],[83.4703,19.0703],[83.472,19.0727],[83.4732,19.0778],[83.477,19.0753],[83.4782,19.0702],[83.4804,19.0665],[83.4925,19.055],[83.4936,19.0531],[83.4963,19.0555],[83.5004,19.0621],[83.5029,19.0647],[83.5054,19.0648],[83.5062,19.0543],[83.5085,19.0499],[83.5107,19.048],[83.5098,19.0401],[83.5101,19.0362],[83.5132,19.0303],[83.5137,19.0248],[83.5082,19.022],[83.5039,19.0262],[83.4993,19.0271],[83.4936,19.0268],[83.4926,19.024],[83.4929,19.018],[83.4954,19.0111],[83.5046,19.0101],[83.5153,19.0049],[83.5314,19.0054],[83.5331,19.0125],[83.5331,19.0194],[83.5348,19.0286],[83.5358,19.0303],[83.5428,19.0368],[83.5477,19.045],[83.5523,19.0472],[83.5515,19.0504],[83.5449,19.0621],[83.5449,19.0694],[83.5464,19.0738],[83.5515,19.0779],[83.555,19.0781],[83.5607,19.0662],[83.5604,19.064],[83.5571,19.06],[83.5564,19.0558],[83.5577,19.0514],[83.5611,19.0504],[83.5674,19.0523],[83.5788,19.0498],[83.5808,19.0551],[83.5818,19.0628],[83.5822,19.0756],[83.5844,19.0797],[83.5876,19.0831],[83.5932,19.0849],[83.5999,19.0848],[83.6044,19.0882],[83.6044,19.0929],[83.5968,19.1052],[83.5943,19.1106],[83.5937,19.1155],[83.5943,19.1203],[83.6005,19.1277],[83.6052,19.131],[83.6106,19.1309],[83.6141,19.1338],[83.6191,19.1419],[83.6227,19.1447],[83.6202,19.1486],[83.6212,19.1519],[83.6233,19.1536],[83.6285,19.1497],[83.6302,19.1448],[83.6284,19.1315],[83.6298,19.127],[83.6333,19.1244],[83.6456,19.1231],[83.6494,19.1219],[83.6507,19.1184],[83.6497,19.1148],[83.6463,19.1145],[83.6447,19.1133],[83.6459,19.1087],[83.6478,19.1059],[83.6479,19.1023],[83.6503,19.1001],[83.6575,19.0878],[83.6581,19.0821],[83.6569,19.0749],[83.6597,19.0697],[83.6626,19.0665],[83.6667,19.0645],[83.6764,19.0525],[83.6844,19.0439],[83.6942,19.0211],[83.697,19.0165],[83.6998,19.015],[83.7168,19.0144],[83.7213,19.0134],[83.7233,19.0119],[83.7198,19.0043],[83.7148,19.0021],[83.7094,19.002],[83.705,18.9995],[83.7044,18.9953],[83.7047,18.9925],[83.7048,18.992],[83.7057,18.9852],[83.7088,18.9838],[83.7114,18.985],[83.7169,18.9825],[83.7263,18.9756],[83.7275,18.9661],[83.73,18.9602],[83.7365,18.939],[83.7399,18.9341],[83.7414,18.9303],[83.7421,18.9231],[83.7458,18.9182],[83.7561,18.9167],[83.7628,18.9065],[83.7675,18.9024],[83.7705,18.9016],[83.7713,18.9013],[83.7774,18.9044],[83.7801,18.9077],[83.7772,18.9191],[83.7699,18.933],[83.7653,18.9364],[83.7615,18.9446],[83.7552,18.942],[83.7504,18.9444],[83.7484,18.9514],[83.749,18.9584],[83.746,18.9632],[83.7417,18.9671],[83.7396,18.9784],[83.7411,18.9839],[83.7492,18.9907],[83.7506,18.9924],[83.7513,18.9933],[83.7524,18.9933],[83.7535,18.9932],[83.7547,18.9934],[83.7558,18.9936],[83.757,18.9939],[83.7578,18.9946],[83.7585,18.9955],[83.7595,18.9961],[83.7606,18.9965],[83.7617,18.9968],[83.7629,18.9971],[83.7641,18.9973],[83.7652,18.9976],[83.7664,18.998],[83.7675,18.9984],[83.7685,18.9991],[83.7694,18.9998],[83.7702,19.0006],[83.7707,19.0016],[83.7711,19.0026],[83.7716,19.0037],[83.772,19.0047],[83.7726,19.0057],[83.7732,19.0066],[83.7739,19.0075],[83.7747,19.0082],[83.7757,19.009],[83.7766,19.0095],[83.7777,19.0099],[83.7789,19.01],[83.7804,19.0099],[83.7815,19.0098],[83.7826,19.0096],[83.7838,19.0093],[83.7849,19.0091],[83.786,19.0088],[83.787,19.0084],[83.7883,19.0078],[83.7889,18.9983],[83.7912,18.9924],[83.8025,18.9818],[83.8081,18.9684],[83.8106,18.9648],[83.8148,18.9532],[83.8161,18.9487],[83.8134,18.9336],[83.8149,18.93],[83.8189,18.9261],[83.8212,18.922],[83.8169,18.9094],[83.8185,18.9071],[83.8231,18.9055],[83.8349,18.9093],[83.8377,18.9086],[83.8403,18.9041],[83.8416,18.8976],[83.8423,18.8882],[83.8367,18.8727],[83.836,18.8691],[83.8371,18.8647],[83.8437,18.8514],[83.848,18.8476],[83.8591,18.843],[83.8643,18.839],[83.8669,18.8235],[83.8702,18.8184],[83.8739,18.8178],[83.8832,18.8197],[83.8846,18.8178],[83.8854,18.81],[83.8869,18.8054],[83.8906,18.8069],[83.8955,18.8149],[83.8986,18.8164],[83.902,18.8169],[83.9078,18.8164],[83.9206,18.8116],[83.9227,18.8085],[83.9264,18.8066],[83.9336,18.8069],[83.9357,18.8031],[83.9366,18.7992],[83.9398,18.7966],[83.9437,18.7963],[83.949,18.797],[83.9512,18.8],[83.9556,18.8031],[83.964,18.8041],[83.9694,18.8038],[83.9823,18.8],[83.9915,18.8047],[84,18.8048],[84.0074,18.8042],[84.0125,18.8006],[84.0159,18.8014],[84.0197,18.7976],[84.0223,18.7986],[84.0237,18.8012],[84.0271,18.8022],[84.0307,18.8003],[84.0308,18.7954],[84.0343,18.7901],[84.0387,18.7874],[84.0479,18.7835],[84.0476,18.7799],[84.0497,18.7773],[84.048,18.7744],[84.0492,18.7707],[84.0536,18.7684],[84.0586,18.7681],[84.0605,18.7627],[84.0658,18.7517],[84.0699,18.7498],[84.0779,18.7489],[84.0793,18.7461],[84.0818,18.7446],[84.0856,18.7452],[84.0888,18.7471],[84.0916,18.7452],[84.1007,18.7527],[84.1076,18.7548],[84.1141,18.7551],[84.1189,18.753],[84.1229,18.7483],[84.1295,18.7529],[84.1279,18.7613],[84.1314,18.7648],[84.135,18.7668],[84.1404,18.7677],[84.1481,18.7718],[84.1514,18.7758],[84.1549,18.776],[84.1593,18.775],[84.1603,18.7723],[84.1582,18.7692],[84.1626,18.7686],[84.167,18.7701],[84.1798,18.769],[84.1815,18.7775],[84.1865,18.7796],[84.1903,18.7767],[84.2038,18.7826],[84.2167,18.7873],[84.2215,18.7865],[84.2243,18.7843],[84.227,18.7872],[84.2307,18.7856],[84.2312,18.7801],[84.246,18.7734],[84.2522,18.7725],[84.2589,18.7748],[84.2642,18.7805],[84.2682,18.7803],[84.2732,18.7825],[84.2753,18.7872],[84.2785,18.7897],[84.2839,18.7908],[84.3004,18.7817],[84.3043,18.7807],[84.3072,18.7817],[84.3089,18.7784],[84.3125,18.7792],[84.3129,18.7822],[84.3157,18.7862],[84.327,18.7897],[84.3322,18.792],[84.3336,18.7951],[84.3295,18.8045],[84.3293,18.809],[84.3441,18.8119],[84.3408,18.8183],[84.3424,18.8215],[84.3443,18.8227],[84.3452,18.8268],[84.3444,18.8327],[84.3381,18.8362],[84.336,18.8414],[84.3341,18.8516],[84.3341,18.858],[84.3344,18.8638],[84.336,18.8667],[84.3398,18.8659],[84.3444,18.8628],[84.347,18.86],[84.3515,18.8509],[84.3541,18.8515],[84.3552,18.8526],[84.3583,18.8513],[84.3624,18.8511],[84.3693,18.859],[84.3715,18.8634],[84.3716,18.8672],[84.3662,18.8717],[84.3613,18.8727],[84.3596,18.8719],[84.3538,18.8751],[84.3518,18.8778],[84.3514,18.8832],[84.3547,18.8829],[84.3714,18.8754],[84.3741,18.8765],[84.3781,18.8741],[84.3832,18.8693],[84.3862,18.8717],[84.3876,18.8777],[84.3861,18.883],[84.379,18.8855],[84.3742,18.8889],[84.3677,18.8893],[84.3649,18.8932],[84.3653,18.8963],[84.3698,18.8958],[84.3741,18.894],[84.3785,18.8932],[84.3869,18.8899],[84.394,18.8859],[84.3978,18.8861],[84.4098,18.8906],[84.4121,18.8939],[84.4107,18.8983],[84.4077,18.9011],[84.4062,18.9061],[84.4096,18.9081],[84.418,18.9007],[84.4203,18.9049],[84.4294,18.9137],[84.42,18.9297],[84.4171,18.9333],[84.4156,18.938],[84.4203,18.9494],[84.4345,18.9632],[84.4377,18.9657],[84.4406,18.9669],[84.4347,18.9768],[84.428,18.9826],[84.4264,18.984],[84.4256,18.9892],[84.4261,18.9918],[84.4253,18.9953],[84.42,19.0008],[84.418,19.005],[84.4154,19.0081],[84.4146,19.0124],[84.4151,19.0139],[84.42,19.0125],[84.4222,19.0085],[84.4298,19.0012],[84.433,19.0019],[84.4374,18.9975],[84.4441,18.9946],[84.4482,18.9917],[84.4522,18.9883],[84.4628,18.9833],[84.4717,18.9812],[84.4731,18.9826],[84.4757,18.9917],[84.4755,18.996],[84.4778,19.0079],[84.4821,19.0099],[84.4894,19.021],[84.4978,19.0249],[84.5031,19.0293],[84.5071,19.0354],[84.5099,19.0375],[84.5272,19.0387],[84.5315,19.0441],[84.5348,19.0454],[84.5477,19.0461],[84.5536,19.0474],[84.5597,19.0596],[84.5661,19.065],[84.568,19.0635],[84.5685,19.0606],[84.5706,19.0604],[84.5764,19.0646],[84.5781,19.0621],[84.5751,19.0375],[84.5736,19.0351],[84.5753,19.0272],[84.5781,19.0189],[84.5877,19.013],[84.5901,19.0134],[84.597,19.0197],[84.6005,19.0329],[84.6076,19.0454],[84.6095,19.0467],[84.6142,19.0467],[84.6124,19.0497],[84.6115,19.0537],[84.6127,19.0548],[84.6233,19.0557],[84.6254,19.0528],[84.6261,19.0503],[84.6301,19.0496],[84.6344,19.0555],[84.6368,19.0571],[84.6477,19.0561],[84.6545,19.0523],[84.659,19.0636],[84.6632,19.0645],[84.6646,19.0663],[84.6596,19.0709],[84.6542,19.081],[84.6487,19.0842],[84.6446,19.0845],[84.6347,19.0787],[84.6336,19.0746],[84.6314,19.0726],[84.6244,19.0744],[84.6198,19.0765],[84.6166,19.0852],[84.6168,19.09],[84.6144,19.0923],[84.6096,19.0909],[84.6056,19.0926],[84.6029,19.0966],[84.5958,19.1152],[84.5917,19.1211],[84.5918,19.1238],[84.5946,19.1235],[84.6094,19.1175],[84.6255,19.1183],[84.6293,19.1207],[84.6404,19.1222],[84.6417,19.1248],[84.6473,19.1204],[84.6534,19.1229],[84.6573,19.1214],[84.6612,19.1219],[84.6645,19.1282],[84.6659,19.1353],[84.6654,19.1447],[84.6633,19.1475],[84.665,19.1567],[84.6693,19.1557],[84.6733,19.1569],[84.6781,19.1535],[84.6814,19.1497],[84.6921,19.1517],[84.6976,19.1503],[84.7021,19.1511],[84.7052,19.149],[84.7065,19.1436],[84.6973,19.1251],[84.6939,19.1216],[84.6938,19.1195],[84.6978,19.1156],[84.6983,19.1103],[84.6975,19.1088],[84.7119,19.1],[84.719,19.0958],[84.719,19.0951],[84.7202,19.0951],[84.7204,19.0951],[84.7204,19.0951],[84.7204,19.0949],[84.7207,19.0949],[84.7207,19.0943],[84.721,19.0943],[84.721,19.0938],[84.7207,19.0938],[84.7207,19.0929],[84.721,19.0929],[84.721,19.0921],[84.7213,19.0921],[84.7213,19.0918],[84.7215,19.0918],[84.7215,19.0915],[84.7218,19.0915],[84.7218,19.0912],[84.7224,19.0912],[84.7224,19.091],[84.7226,19.091],[84.7226,19.0904],[84.7224,19.0904],[84.7224,19.0899],[84.7226,19.0899],[84.7226,19.0896],[84.7232,19.0896],[84.7232,19.0899],[84.7235,19.0899],[84.7235,19.0901],[84.7237,19.0901],[84.7237,19.0904],[84.724,19.0904],[84.724,19.0907],[84.7243,19.0907],[84.7243,19.0904],[84.7249,19.0904],[84.7249,19.0901],[84.7254,19.0901],[84.7254,19.0899],[84.7257,19.0899],[84.7257,19.0901],[84.7262,19.0901],[84.7262,19.0899],[84.7282,19.0899],[84.7282,19.0896],[84.7297,19.0896],[84.7299,19.0896],[84.7299,19.0893],[84.7302,19.0893],[84.761,19.0713],[84.761,19.071],[84.7607,19.071],[84.7607,19.0707],[84.7604,19.0707],[84.7604,19.0704],[84.7601,19.0704],[84.7601,19.0699],[84.7599,19.0699],[84.7599,19.0696],[84.7596,19.0696],[84.7596,19.0693],[84.7593,19.0693],[84.7593,19.0688],[84.759,19.0688],[84.759,19.0685],[84.7588,19.0685],[84.7588,19.0682],[84.7585,19.0682],[84.7585,19.0676],[84.7582,19.0676],[84.7582,19.0668],[84.7579,19.0668],[84.7579,19.066],[84.7576,19.066],[84.7576,19.0657],[84.7574,19.0657],[84.7574,19.0654],[84.7571,19.0654],[84.7571,19.0651],[84.7568,19.0651],[84.7568,19.0649],[84.7562,19.0649],[84.7562,19.0646],[84.756,19.0646],[84.756,19.064],[84.7557,19.064],[84.7557,19.0638],[84.7554,19.0638],[84.7554,19.0635],[84.7551,19.0635],[84.7551,19.0626],[84.7549,19.0626],[84.7549,19.0615],[84.7546,19.0615],[84.7546,19.0613],[84.7543,19.0613],[84.7543,19.061],[84.754,19.061],[84.754,19.0607],[84.7538,19.0607],[84.7538,19.0599],[84.7535,19.0599],[84.7535,19.0596],[84.7532,19.0596],[84.7532,19.0593],[84.7529,19.0593],[84.7529,19.059],[84.7526,19.059],[84.7526,19.0587],[84.7524,19.0587],[84.7524,19.0585],[84.7521,19.0585],[84.7521,19.0579],[84.7518,19.0579],[84.7518,19.0576],[84.7513,19.0576],[84.7513,19.0571],[84.751,19.0571],[84.751,19.0568],[84.7507,19.0568],[84.7507,19.0562],[84.7504,19.0563],[84.7504,19.0554],[84.7501,19.0554],[84.7501,19.0551],[84.7499,19.0551],[84.7499,19.0549],[84.7496,19.0549],[84.7496,19.0543],[84.7493,19.0543],[84.7493,19.054],[84.749,19.054],[84.749,19.0538],[84.7487,19.0538],[84.7487,19.0532],[84.7485,19.0532],[84.7485,19.0529],[84.7479,19.0529],[84.7479,19.0526],[84.7476,19.0526],[84.7476,19.0524],[84.7474,19.0524],[84.7474,19.0518],[84.7471,19.0518],[84.7471,19.0513],[84.7468,19.0513],[84.7468,19.0507],[84.7465,19.0507],[84.7465,19.0496],[84.7462,19.0496],[84.7462,19.0485],[84.746,19.0485],[84.746,19.0482],[84.7454,19.0482],[84.7454,19.0479],[84.7451,19.0479],[84.7451,19.0476],[84.7449,19.0476],[84.7449,19.0474],[84.7443,19.0474],[84.7443,19.0471],[84.744,19.0471],[84.744,19.0468],[84.7435,19.0468],[84.7435,19.0462],[84.7432,19.0462],[84.7432,19.0454],[84.7424,19.0454],[84.7424,19.0446],[84.7421,19.0446],[84.7421,19.0443],[84.7418,19.0443],[84.7418,19.0438],[84.7412,19.0438],[84.7412,19.0435],[84.741,19.0435],[84.741,19.0432],[84.7407,19.0432],[84.7407,19.0429],[84.7404,19.0429],[84.7404,19.0421],[84.7401,19.0421],[84.7401,19.0413],[84.7399,19.0413],[84.7399,19.0404],[84.7396,19.0404],[84.7396,19.0399],[84.7393,19.0399],[84.7393,19.0393],[84.739,19.0393],[84.739,19.039],[84.7385,19.039],[84.7385,19.0387],[84.7382,19.0387],[84.7379,19.0387],[84.7379,19.0385],[84.7376,19.0385],[84.7376,19.0379],[84.7371,19.0379],[84.7371,19.0376],[84.7365,19.0376],[84.7365,19.0374],[84.7363,19.0374],[84.7363,19.0368],[84.736,19.0368],[84.736,19.0365],[84.7357,19.0365],[84.7357,19.0363],[84.7354,19.0363],[84.7354,19.0357],[84.7351,19.0357],[84.7351,19.0351],[84.7349,19.0351],[84.7349,19.0349],[84.7343,19.0349],[84.7343,19.034],[84.734,19.034],[84.734,19.0335],[84.7335,19.0335],[84.7335,19.0332],[84.7332,19.0332],[84.7332,19.0329],[84.7329,19.0329],[84.7329,19.0326],[84.7326,19.0326],[84.7326,19.0324],[84.7324,19.0324],[84.7324,19.0312],[84.7321,19.0312],[84.7321,19.031],[84.7318,19.031],[84.7318,19.0307],[84.7315,19.0307],[84.7315,19.0304],[84.7313,19.0304],[84.7313,19.0301],[84.7307,19.0301],[84.7307,19.0299],[84.7304,19.0299],[84.7304,19.0293],[84.7301,19.0293],[84.7301,19.029],[84.7299,19.029],[84.7299,19.0287],[84.7296,19.0287],[84.7296,19.0285],[84.7293,19.0285],[84.7293,19.0279],[84.7288,19.0279],[84.7288,19.0268],[84.7282,19.0268],[84.7282,19.0263],[84.7279,19.0263],[84.7279,19.026],[84.7276,19.026],[84.7276,19.0257],[84.7274,19.0257],[84.7274,19.0251],[84.7268,19.0251],[84.7268,19.0249],[84.7265,19.0249],[84.7265,19.0246],[84.7262,19.0246],[84.7262,19.0243],[84.726,19.0243],[84.726,19.0238],[84.7257,19.0238],[84.7257,19.0235],[84.7257,19.0229],[84.7256,19.0229],[84.7254,19.0229],[84.7254,19.0226],[84.7251,19.0226],[84.7251,19.0224],[84.7249,19.0224],[84.7249,19.0218],[84.7243,19.0218],[84.7243,19.0215],[84.724,19.0215],[84.724,19.0207],[84.7237,19.0207],[84.7237,19.0204],[84.7235,19.0204],[84.7235,19.0203],[84.7235,19.0201],[84.723,19.0201],[84.7229,19.0201],[84.7229,19.0199],[84.7226,19.0199],[84.7226,19.0193],[84.7224,19.0193],[84.7224,19.0187],[84.7221,19.0187],[84.7221,19.0185],[84.7218,19.0185],[84.7218,19.0182],[84.7215,19.0182],[84.7215,19.0176],[84.7213,19.0176],[84.7213,19.0174],[84.721,19.0174],[84.721,19.0168],[84.7207,19.0168],[84.7207,19.0165],[84.7204,19.0165],[84.7204,19.0163],[84.7199,19.0163],[84.7199,19.016],[84.7196,19.016],[84.7196,19.0146],[84.7193,19.0146],[84.7193,19.0143],[84.7188,19.0143],[84.7188,19.014],[84.7182,19.014],[84.7182,19.0138],[84.7179,19.0138],[84.7179,19.0132],[84.7176,19.0132],[84.7176,19.0126],[84.7174,19.0126],[84.7174,19.0124],[84.7171,19.0124],[84.7171,19.0121],[84.7168,19.0121],[84.7168,19.0118],[84.716,19.0118],[84.716,19.0112],[84.7157,19.0112],[84.7157,19.0107],[84.7154,19.0107],[84.7154,19.0104],[84.7149,19.0104],[84.7149,19.0101],[84.7146,19.0101],[84.7146,19.0096],[84.7143,19.0096],[84.7143,19.0093],[84.714,19.0093],[84.714,19.0085],[84.7138,19.0085],[84.7138,19.0082],[84.7135,19.0082],[84.7135,19.0079],[84.7132,19.0079],[84.7132,19.0076],[84.7129,19.0076],[84.7129,19.0074],[84.7126,19.0074],[84.7126,19.0068],[84.7124,19.0068],[84.7124,19.0065],[84.7121,19.0065],[84.7121,19.006],[84.7118,19.006],[84.7118,19.0057],[84.7115,19.0057],[84.7115,19.0054],[84.711,19.0054],[84.711,19.0052],[84.7107,19.0052],[84.7107,19.0049],[84.7101,19.0049],[84.7101,19.004],[84.7099,19.004],[84.7099,19.0035],[84.7093,19.0035],[84.7093,19.0032],[84.709,19.0032],[84.709,19.0026],[84.7087,19.0026],[84.7087,19.0021],[84.7085,19.0021],[84.7085,19.0015],[84.7082,19.0015],[84.7082,19.0004],[84.7079,19.0004],[84.7079,19.0001],[84.7079,18.9999],[84.7079,18.9996],[84.7076,18.9996],[84.7076,18.9993],[84.7074,18.9993],[84.7074,18.9988],[84.7071,18.9988],[84.7071,18.9985],[84.7068,18.9985],[84.7068,18.9982],[84.7065,18.9982],[84.7065,18.9976],[84.7063,18.9976],[84.7063,18.9974],[84.706,18.9974],[84.706,18.9971],[84.7057,18.9971],[84.7057,18.9965],[84.7054,18.9965],[84.7054,18.9963],[84.7051,18.9963],[84.7051,18.996],[84.7049,18.996],[84.7049,18.9954],[84.7046,18.9954],[84.7046,18.9951],[84.7043,18.9951],[84.7043,18.9949],[84.704,18.9949],[84.704,18.9943],[84.7038,18.9943],[84.7038,18.994],[84.7035,18.994],[84.7035,18.9935],[84.7032,18.9935],[84.7032,18.9932],[84.7029,18.9932],[84.7029,18.9926],[84.7026,18.9926],[84.7026,18.9924],[84.7024,18.9924],[84.7024,18.9921],[84.7021,18.9921],[84.7021,18.9915],[84.7018,18.9915],[84.7018,18.9912],[84.7015,18.9912],[84.7015,18.991],[84.7012,18.991],[84.7012,18.9904],[84.701,18.9904],[84.701,18.9901],[84.7007,18.9901],[84.7007,18.9899],[84.7004,18.9899],[84.7004,18.9896],[84.7001,18.9896],[84.7001,18.989],[84.6999,18.989],[84.6999,18.9888],[84.6996,18.9888],[84.6996,18.9885],[84.6993,18.9885],[84.6993,18.9882],[84.699,18.9882],[84.699,18.9879],[84.6988,18.9879],[84.6988,18.9874],[84.6985,18.9874],[84.6985,18.9871],[84.6982,18.9871],[84.6982,18.9868],[84.6979,18.9868],[84.6979,18.9865],[84.6976,18.9865],[84.6976,18.986],[84.6974,18.986],[84.6974,18.9857],[84.6971,18.9857],[84.6971,18.9854],[84.6968,18.9854],[84.6968,18.9851],[84.6965,18.9851],[84.6965,18.9846],[84.6963,18.9846],[84.6963,18.9843],[84.696,18.9843],[84.696,18.984],[84.6957,18.984],[84.6957,18.9837],[84.6954,18.9837],[84.6954,18.9832],[84.6951,18.9832],[84.6951,18.9829],[84.6949,18.9829],[84.6949,18.9826],[84.6946,18.9826],[84.6946,18.9821],[84.6943,18.9821],[84.6943,18.9818],[84.694,18.9818],[84.694,18.9815],[84.6937,18.9815],[84.6937,18.9813],[84.6935,18.9813],[84.6935,18.9807],[84.6932,18.9807],[84.6932,18.9804],[84.6929,18.9804],[84.6929,18.9801],[84.6926,18.9801],[84.6926,18.9799],[84.6924,18.9799],[84.6924,18.9793],[84.6921,18.9793],[84.6921,18.979],[84.6918,18.979],[84.6918,18.9787],[84.6915,18.9787],[84.6915,18.9782],[84.6912,18.9782],[84.6912,18.9779],[84.691,18.9779],[84.691,18.9776],[84.6907,18.9776],[84.6907,18.9771],[84.6904,18.9771],[84.6904,18.9768],[84.6901,18.9768],[84.6901,18.9762],[84.6899,18.9762],[84.6899,18.976],[84.6896,18.976],[84.6896,18.9754],[84.6893,18.9754],[84.6893,18.9751],[84.689,18.9751],[84.689,18.9748],[84.6888,18.9749],[84.6888,18.9743],[84.6885,18.9743],[84.6885,18.9738],[84.6882,18.9738],[84.6882,18.9732],[84.6879,18.9732],[84.6879,18.9729],[84.6876,18.9729],[84.6876,18.9724],[84.6874,18.9724],[84.6874,18.9726],[84.6871,18.9726],[84.6871,18.9724],[84.6868,18.9724],[84.6868,18.9718],[84.6865,18.9718],[84.6865,18.9721],[84.686,18.9721],[84.686,18.9718],[84.6857,18.9718],[84.6857,18.9715],[84.6854,18.9715],[84.6854,18.971],[84.6849,18.971],[84.6849,18.9707],[84.6846,18.9707],[84.6846,18.9704],[84.6843,18.9704],[84.6843,18.9701],[84.684,18.9701],[84.684,18.9699],[84.6837,18.9699],[84.6837,18.9696],[84.6835,18.9696],[84.6835,18.9693],[84.6832,18.9693],[84.6832,18.9696],[84.6749,18.9696],[84.6749,18.9699],[84.674,18.9699],[84.674,18.9701],[84.6732,18.9701],[84.6732,18.9704],[84.6726,18.9704],[84.6726,18.9707],[84.6724,18.9707],[84.6724,18.9704],[84.6704,18.9704],[84.6704,18.9701],[84.6699,18.9701],[84.6699,18.9699],[84.6696,18.9699],[84.6696,18.9696],[84.6687,18.9696],[84.6687,18.9693],[84.6685,18.9693],[84.6685,18.969],[84.6679,18.969],[84.6679,18.9688],[84.6676,18.9688],[84.6676,18.9682],[84.6674,18.9682],[84.6674,18.9679],[84.6671,18.9679],[84.6671,18.9676],[84.6668,18.9676],[84.6668,18.9674],[84.6665,18.9674],[84.6665,18.9671],[84.6663,18.9671],[84.6663,18.9668],[84.666,18.9668],[84.666,18.9665],[84.6654,18.9665],[84.6654,18.9662],[84.6651,18.9662],[84.6651,18.966],[84.6648,18.966],[84.6648,18.9657],[84.6646,18.9657],[84.6646,18.9643],[84.6643,18.9643],[84.6643,18.9638],[84.664,18.9638],[84.664,18.9618],[84.6637,18.9618],[84.6637,18.9615],[84.664,18.9615],[84.664,18.9613],[84.6646,18.9613],[84.6646,18.9615],[84.6648,18.9615],[84.6648,18.9618],[84.6657,18.9618],[84.6657,18.9613],[84.666,18.9613],[84.666,18.9579],[84.6663,18.9579],[84.6663,18.9576],[84.6665,18.9576],[84.6665,18.9574],[84.6674,18.9574],[84.6674,18.9571],[84.6679,18.9571],[84.6679,18.9574],[84.6687,18.9574],[84.6687,18.9576],[84.6693,18.9576],[84.6693,18.9579],[84.6696,18.9579],[84.6696,18.9582],[84.6699,18.9582],[84.6699,18.9585],[84.6701,18.9585],[84.6701,18.9587],[84.6704,18.9587],[84.6704,18.959],[84.6707,18.959],[84.6707,18.9593],[84.671,18.9593],[84.671,18.9596],[84.6712,18.9596],[84.6712,18.9599],[84.6715,18.9599],[84.6715,18.9601],[84.6718,18.9601],[84.6718,18.9604],[84.6721,18.9604],[84.6721,18.9607],[84.6724,18.9607],[84.6724,18.961],[84.6726,18.961],[84.6726,18.9613],[84.6729,18.9613],[84.6729,18.9618],[84.6735,18.9618],[84.6735,18.9621],[84.6738,18.9621],[84.6738,18.9632],[84.674,18.9632],[84.674,18.9635],[84.6743,18.9635],[84.6743,18.9638],[84.6746,18.9638],[84.6746,18.964],[84.6754,18.964],[84.6754,18.9643],[84.6757,18.9643],[84.6757,18.9646],[84.676,18.9646],[84.676,18.9654],[84.6762,18.9654],[84.6762,18.9657],[84.6765,18.9657],[84.6765,18.966],[84.6768,18.966],[84.6768,18.9662],[84.6771,18.9662],[84.6771,18.9665],[84.6776,18.9665],[84.6776,18.9668],[84.6779,18.9668],[84.6779,18.9671],[84.6782,18.9671],[84.6782,18.9674],[84.6793,18.9674],[84.6793,18.9676],[84.6799,18.9676],[84.6799,18.9679],[84.6802,18.9679],[84.6802,18.9682],[84.6799,18.9682],[84.6799,18.9685],[84.6801,18.9685],[84.6801,18.9688],[84.6818,18.9688],[84.6818,18.9685],[84.6821,18.9685],[84.6821,18.9682],[84.6826,18.9682],[84.6826,18.9679],[84.6829,18.9679],[84.6829,18.9676],[84.6832,18.9676],[84.6832,18.9668],[84.6829,18.9668],[84.6829,18.9665],[84.6826,18.9665],[84.6826,18.9662],[84.6824,18.9662],[84.6824,18.966],[84.6821,18.966],[84.6821,18.9657],[84.6818,18.9657],[84.6818,18.9654],[84.6815,18.9654],[84.6815,18.9651],[84.6813,18.9651],[84.6813,18.9649],[84.681,18.9649],[84.681,18.9646],[84.6807,18.9646],[84.6807,18.9643],[84.6804,18.9643],[84.6804,18.964],[84.6802,18.964],[84.6802,18.9638],[84.6799,18.9638],[84.6799,18.9635],[84.6796,18.9635],[84.6796,18.9632],[84.6793,18.9632],[84.6793,18.9629],[84.679,18.9629],[84.679,18.9626],[84.6787,18.9626],[84.6787,18.9621],[84.6785,18.9621],[84.6785,18.9618],[84.6782,18.9618],[84.6782,18.9615],[84.6779,18.9615],[84.6779,18.9613],[84.6776,18.9613],[84.6776,18.961],[84.6774,18.961],[84.6774,18.9607],[84.6771,18.9607],[84.6771,18.9604],[84.6768,18.9604],[84.6768,18.9601],[84.6765,18.9601],[84.6765,18.9599],[84.6762,18.9599],[84.6762,18.9596],[84.676,18.9596],[84.676,18.9593],[84.6757,18.9593],[84.6757,18.959],[84.6751,18.959],[84.6751,18.9587],[84.6746,18.9587],[84.6746,18.9585],[84.6743,18.9585],[84.6743,18.9582],[84.674,18.9582],[84.674,18.9576],[84.6738,18.9576],[84.6738,18.9571],[84.6735,18.9571],[84.6735,18.9568],[84.6732,18.9568],[84.6732,18.9563],[84.6721,18.9563],[84.6721,18.956],[84.6715,18.956],[84.6715,18.9557],[84.6712,18.9557],[84.6712,18.9554],[84.671,18.9554],[84.671,18.9549],[84.6707,18.9549],[84.6707,18.9543],[84.6704,18.9543],[84.6704,18.9538],[84.6701,18.9538],[84.6701,18.9532],[84.6699,18.9532],[84.6699,18.9526],[84.6696,18.9526],[84.6696,18.9521],[84.6693,18.9521],[84.6693,18.9515],[84.669,18.9515],[84.669,18.9512],[84.6687,18.9512],[84.6687,18.951],[84.6685,18.951],[84.6685,18.9507],[84.6679,18.9507],[84.6679,18.9504],[84.6676,18.9504],[84.6676,18.9501],[84.6674,18.9501],[84.6674,18.9499],[84.6671,18.9499],[84.6671,18.9496],[84.6668,18.9496],[84.6668,18.9493],[84.6663,18.9493],[84.6663,18.949],[84.666,18.949],[84.666,18.9487],[84.6657,18.9487],[84.6657,18.9485],[84.6654,18.9485],[84.6654,18.9482],[84.6651,18.9482],[84.6651,18.9479],[84.6646,18.9479],[84.6646,18.9476],[84.6643,18.9476],[84.6643,18.9474],[84.664,18.9474],[84.664,18.9471],[84.6637,18.9471],[84.6637,18.9468],[84.6635,18.9468],[84.6635,18.9465],[84.6629,18.9465],[84.6629,18.9463],[84.6626,18.9463],[84.6626,18.946],[84.6624,18.946],[84.6624,18.9457],[84.6621,18.9457],[84.6621,18.9454],[84.6618,18.9454],[84.6618,18.9451],[84.6612,18.9451],[84.6612,18.9449],[84.661,18.9449],[84.661,18.9446],[84.6607,18.9446],[84.6607,18.9443],[84.6604,18.9443],[84.6604,18.944],[84.6601,18.944],[84.6601,18.9438],[84.6599,18.9438],[84.6599,18.9435],[84.6596,18.9435],[84.6596,18.9432],[84.6593,18.9432],[84.6593,18.9429],[84.6588,18.9429],[84.6588,18.9426],[84.6585,18.9426],[84.6585,18.9424],[84.6582,18.9424],[84.6582,18.9421],[84.6579,18.9421],[84.6579,18.9418],[84.6576,18.9418],[84.6576,18.9415],[84.6574,18.9415],[84.6574,18.9412],[84.6571,18.9412],[84.6571,18.941],[84.6568,18.941],[84.6568,18.9407],[84.6565,18.9407],[84.6565,18.9404],[84.656,18.9404],[84.656,18.9401],[84.6557,18.9401],[84.6557,18.9399],[84.6554,18.9399],[84.6554,18.9396],[84.6551,18.9396],[84.6551,18.9393],[84.6549,18.9393],[84.6549,18.939],[84.6546,18.939],[84.6546,18.9387],[84.6543,18.9387],[84.6543,18.9385],[84.654,18.9385],[84.654,18.9382],[84.6537,18.9382],[84.6537,18.9379],[84.6535,18.9379],[84.6535,18.9376],[84.6529,18.9376],[84.6529,18.9374],[84.6526,18.9374],[84.6526,18.9371],[84.6524,18.9371],[84.6524,18.9368],[84.6521,18.9368],[84.6521,18.9365],[84.6518,18.9365],[84.6518,18.9363],[84.6515,18.9363],[84.6515,18.936],[84.6513,18.936],[84.6513,18.9357],[84.651,18.9357],[84.651,18.9354],[84.6507,18.9354],[84.6507,18.9351],[84.6504,18.9351],[84.6504,18.9349],[84.6501,18.9349],[84.6501,18.9346],[84.6496,18.9346],[84.6496,18.9343],[84.6493,18.9343],[84.6493,18.934],[84.649,18.934],[84.649,18.9338],[84.6488,18.9338],[84.6488,18.9335],[84.6485,18.9335],[84.6485,18.9332],[84.6482,18.9332],[84.6482,18.9329],[84.6479,18.9329],[84.6479,18.9326],[84.6476,18.9326],[84.6476,18.9324],[84.6474,18.9324],[84.6474,18.9321],[84.6471,18.9321],[84.6471,18.9318],[84.6468,18.9318],[84.6468,18.9315],[84.6465,18.9315],[84.6465,18.9312],[84.646,18.9312],[84.646,18.931],[84.6457,18.931],[84.6457,18.9307],[84.6454,18.9307],[84.6454,18.9304],[84.6451,18.9304],[84.6451,18.9301],[84.6449,18.9301],[84.6449,18.9299],[84.6446,18.9299],[84.6446,18.9296],[84.6443,18.9296],[84.6443,18.9293],[84.644,18.9293],[84.644,18.929],[84.6438,18.929],[84.6438,18.9288],[84.6435,18.9288],[84.6435,18.9285],[84.6432,18.9285],[84.6432,18.9282],[84.6429,18.9282],[84.6429,18.9279],[84.6426,18.9279],[84.6426,18.9276],[84.6421,18.9276],[84.6421,18.9274],[84.6418,18.9274],[84.6418,18.9271],[84.6415,18.9271],[84.6415,18.9268],[84.6413,18.9268],[84.6413,18.9265],[84.641,18.9265],[84.641,18.9263],[84.6407,18.9263],[84.6407,18.926],[84.6404,18.926],[84.6404,18.9257],[84.6401,18.9257],[84.6401,18.9254],[84.6399,18.9254],[84.6399,18.9253],[84.6399,18.9251],[84.6396,18.9251],[84.6396,18.9249],[84.6387,18.9249],[84.6387,18.9246],[84.6385,18.9246],[84.6385,18.9243],[84.6382,18.9243],[84.6382,18.924],[84.6379,18.924],[84.6379,18.9235],[84.6376,18.9235],[84.6376,18.9232],[84.6374,18.9232],[84.6374,18.9229],[84.6371,18.9229],[84.6371,18.9226],[84.6368,18.9226],[84.6368,18.9224],[84.6365,18.9224],[84.6365,18.9221],[84.6363,18.9221],[84.6363,18.9218],[84.636,18.9218],[84.636,18.9215],[84.6357,18.9215],[84.6357,18.9212],[84.6354,18.9212],[84.6354,18.921],[84.6351,18.921],[84.6351,18.9207],[84.6346,18.9207],[84.6346,18.9204],[84.6343,18.9204],[84.6343,18.9201],[84.634,18.9201],[84.634,18.9199],[84.6338,18.9199],[84.6338,18.9196],[84.6335,18.9196],[84.6335,18.9199],[84.6332,18.9199],[84.6332,18.9196],[84.6329,18.9196],[84.6329,18.9188],[84.6326,18.9188],[84.6326,18.9182],[84.6324,18.9182],[84.6324,18.9179],[84.6321,18.9179],[84.6321,18.9176],[84.6318,18.9176],[84.6318,18.9171],[84.6315,18.9171],[84.6315,18.9168],[84.6312,18.9168],[84.6312,18.9165],[84.631,18.9165],[84.631,18.9163],[84.6301,18.9163],[84.6301,18.916],[84.6296,18.916],[84.6296,18.9157],[84.629,18.9157],[84.629,18.9154],[84.6287,18.9154],[84.6287,18.9151],[84.6282,18.9151],[84.6282,18.9149],[84.6279,18.9149],[84.6279,18.9146],[84.6276,18.9146],[84.6276,18.9143],[84.6274,18.9143],[84.6274,18.914],[84.6271,18.914],[84.6271,18.9137],[84.6268,18.9137],[84.6268,18.9135],[84.6265,18.9135],[84.6265,18.9129],[84.6263,18.9129],[84.6263,18.9126],[84.626,18.9126],[84.626,18.9121],[84.6257,18.9121],[84.6257,18.9118],[84.6254,18.9118],[84.6254,18.9115],[84.6251,18.9115],[84.6251,18.9112],[84.6249,18.9112],[84.6249,18.911],[84.6246,18.911],[84.6246,18.9107],[84.6237,18.9107],[84.6237,18.9104],[84.6235,18.9104],[84.6235,18.9101],[84.6232,18.9101],[84.6232,18.9096],[84.6229,18.9096],[84.6229,18.9093],[84.6226,18.9093],[84.6226,18.909],[84.6224,18.909],[84.6224,18.9087],[84.6218,18.9088],[84.6218,18.9085],[84.6215,18.9085],[84.6215,18.9082],[84.6212,18.9082],[84.6212,18.9079],[84.621,18.9079],[84.621,18.9074],[84.6207,18.9074],[84.6207,18.9071],[84.6204,18.9071],[84.6204,18.9068],[84.6201,18.9068],[84.6201,18.9065],[84.6199,18.9065],[84.6199,18.9063],[84.6196,18.9063],[84.6196,18.906],[84.6193,18.906],[84.6193,18.9057],[84.619,18.9057],[84.619,18.9054],[84.6188,18.9054],[84.6188,18.9051],[84.6185,18.9051],[84.6185,18.9049],[84.6182,18.9049],[84.6182,18.9046],[84.6179,18.9046],[84.6179,18.9043],[84.6176,18.9043],[84.6176,18.904],[84.6171,18.904],[84.6171,18.9037],[84.6165,18.9037],[84.6165,18.9035],[84.6162,18.9035],[84.6162,18.9032],[84.6157,18.9032],[84.6157,18.9029],[84.6154,18.9029],[84.6154,18.9026],[84.6151,18.9026],[84.6151,18.9024],[84.6146,18.9024],[84.6146,18.9021],[84.6143,18.9021],[84.6143,18.9018],[84.614,18.9018],[84.614,18.9015],[84.6137,18.9015],[84.6137,18.9013],[84.6135,18.9013],[84.6135,18.901],[84.6132,18.901],[84.6132,18.9007],[84.6129,18.9007],[84.6129,18.9004],[84.6126,18.9004],[84.6126,18.9001],[84.6124,18.9001],[84.6124,18.8999],[84.6118,18.8999],[84.6118,18.8996],[84.6115,18.8996],[84.6115,18.8993],[84.6118,18.8993],[84.6118,18.8987],[84.6115,18.8987],[84.6115,18.8985],[84.6113,18.8985],[84.6113,18.8982],[84.6107,18.8982],[84.6107,18.8979],[84.6104,18.8979],[84.6104,18.8976],[84.6101,18.8976],[84.6101,18.8971],[84.6099,18.8971],[84.6099,18.8968],[84.6093,18.8968],[84.6093,18.8965],[84.609,18.8965],[84.609,18.8962],[84.6087,18.8962],[84.6087,18.8957],[84.6085,18.8957],[84.6085,18.8954],[84.6082,18.8954],[84.6082,18.8951],[84.6079,18.8951],[84.6079,18.8949],[84.6076,18.8949],[84.6076,18.8946],[84.6074,18.8946],[84.6074,18.894],[84.6071,18.894],[84.6071,18.8943],[84.6068,18.8943],[84.6068,18.894],[84.6065,18.894],[84.6065,18.8929],[84.6062,18.8929],[84.6062,18.8921],[84.606,18.8921],[84.606,18.8918],[84.6054,18.8918],[84.6054,18.8915],[84.6051,18.8915],[84.6051,18.8913],[84.6049,18.8913],[84.6049,18.8907],[84.6046,18.8907],[84.6046,18.8901],[84.6043,18.8901],[84.6043,18.8899],[84.604,18.8899],[84.604,18.8896],[84.6038,18.8896],[84.6038,18.8893],[84.6035,18.8893],[84.6035,18.889],[84.6029,18.889],[84.6029,18.8888],[84.6026,18.8888],[84.6026,18.8885],[84.6024,18.8885],[84.6024,18.8882],[84.6021,18.8882],[84.6021,18.8879],[84.6018,18.8879],[84.6018,18.8874],[84.6021,18.8874],[84.6021,18.8868],[84.6018,18.8868],[84.6018,18.8871],[84.6015,18.8871],[84.6015,18.8868],[84.6012,18.8868],[84.6012,18.8865],[84.601,18.8865],[84.601,18.886],[84.6007,18.886],[84.6007,18.8857],[84.6004,18.8857],[84.6004,18.8851],[84.6001,18.8851],[84.6001,18.8849],[84.5999,18.8849],[84.5999,18.8846],[84.5996,18.8846],[84.5996,18.8843],[84.5993,18.8843],[84.5993,18.884],[84.599,18.884],[84.599,18.8832],[84.5987,18.8832],[84.5987,18.8826],[84.5985,18.8826],[84.5985,18.8821],[84.5982,18.8821],[84.5982,18.8818],[84.5976,18.8818],[84.5976,18.8815],[84.5974,18.8815],[84.5974,18.8813],[84.5971,18.8813],[84.5971,18.881],[84.5965,18.881],[84.5965,18.8807],[84.5963,18.8807],[84.5963,18.8804],[84.596,18.8804],[84.596,18.8799],[84.5957,18.8799],[84.5957,18.8796],[84.5954,18.8796],[84.5954,18.8793],[84.5951,18.8793],[84.5951,18.879],[84.5949,18.879],[84.5949,18.8788],[84.5946,18.8788],[84.5946,18.8785],[84.5943,18.8785],[84.5943,18.8782],[84.594,18.8782],[84.594,18.8776],[84.5938,18.8776],[84.5938,18.8774],[84.5935,18.8774],[84.5935,18.8771],[84.5932,18.8771],[84.5932,18.8765],[84.5929,18.8765],[84.5929,18.8763],[84.5926,18.8763],[84.5926,18.876],[84.5924,18.876],[84.5924,18.8757],[84.5921,18.8757],[84.5921,18.8754],[84.5918,18.8754],[84.5918,18.8751],[84.5915,18.8751],[84.5915,18.8749],[84.5912,18.8749],[84.5912,18.8746],[84.5907,18.8746],[84.5907,18.8743],[84.5904,18.8743],[84.5904,18.8738],[84.5901,18.8738],[84.5901,18.8735],[84.5899,18.8735],[84.5899,18.8732],[84.5896,18.8732],[84.5896,18.8729],[84.589,18.8729],[84.589,18.8726],[84.5885,18.8726],[84.5885,18.8729],[84.5868,18.8729],[84.5868,18.8732],[84.5863,18.8732],[84.5863,18.8735],[84.5857,18.8735],[84.5857,18.8738],[84.5854,18.8738],[84.5854,18.874],[84.5851,18.874],[84.5851,18.8743],[84.5846,18.8743],[84.5846,18.8749],[84.5843,18.8749],[84.5843,18.8751],[84.584,18.8751],[84.584,18.8754],[84.5837,18.8754],[84.5837,18.8757],[84.5835,18.8757],[84.5835,18.8763],[84.5832,18.8763],[84.5832,18.8765],[84.5829,18.8765],[84.5829,18.8763],[84.5826,18.8763],[84.5826,18.8757],[84.5829,18.8757],[84.5829,18.8751],[84.5832,18.8751],[84.5832,18.8749],[84.5835,18.8749],[84.5835,18.8746],[84.5837,18.8746],[84.5837,18.8743],[84.584,18.8743],[84.584,18.874],[84.5843,18.874],[84.5843,18.8738],[84.5846,18.8738],[84.5846,18.8732],[84.5849,18.8732],[84.5849,18.8729],[84.5854,18.8729],[84.5854,18.8726],[84.586,18.8726],[84.586,18.8724],[84.5863,18.8724],[84.5863,18.8721],[84.5865,18.8721],[84.5865,18.8704],[84.5863,18.8704],[84.5863,18.8699],[84.586,18.8699],[84.586,18.8682],[84.5857,18.8682],[84.5857,18.8679],[84.5854,18.8679],[84.5854,18.8674],[84.5851,18.8674],[84.5851,18.8668],[84.5849,18.8668],[84.5849,18.8657],[84.5846,18.8657],[84.5846,18.8651],[84.5843,18.8651],[84.5843,18.8646],[84.584,18.8646],[84.584,18.8643],[84.5838,18.8643],[84.5838,18.864],[84.5826,18.864],[84.5826,18.8638],[84.5821,18.8638],[84.5821,18.8635],[84.5818,18.8635],[84.5818,18.8632],[84.5821,18.8632],[84.5821,18.8629],[84.5818,18.8629],[84.5818,18.8626],[84.5815,18.8626],[84.5815,18.8625],[84.5815,18.8624],[84.5813,18.8624],[84.5813,18.8599],[84.581,18.8599],[84.581,18.8582],[84.5807,18.8582],[84.5807,18.8576],[84.5804,18.8577],[84.5804,18.8574],[84.5801,18.8574],[84.5801,18.8571],[84.5799,18.8571],[84.5799,18.8565],[84.5796,18.8565],[84.5796,18.8563],[84.5793,18.8563],[84.5793,18.8551],[84.579,18.8551],[84.579,18.8543],[84.5788,18.8543],[84.5788,18.8535],[84.5785,18.8535],[84.5785,18.8526],[84.5782,18.8526],[84.5782,18.8521],[84.5779,18.8521],[84.5779,18.8518],[84.5776,18.8518],[84.5776,18.8512],[84.5774,18.8512],[84.5774,18.851],[84.5771,18.851],[84.5771,18.8504],[84.5768,18.8504],[84.5768,18.8499],[84.5765,18.8499],[84.5765,18.8493],[84.5762,18.8493],[84.5762,18.8488],[84.576,18.8488],[84.576,18.8474],[84.5757,18.8474],[84.5757,18.8429],[84.576,18.8429],[84.576,18.8424],[84.5757,18.8424],[84.5757,18.8401],[84.576,18.8401],[84.576,18.8393],[84.5762,18.8393],[84.5762,18.839],[84.5765,18.839],[84.5765,18.8388],[84.5768,18.8388],[84.5768,18.8382],[84.5765,18.8382],[84.5765,18.8371],[84.5762,18.8371],[84.5762,18.8368],[84.5757,18.8368],[84.5757,18.8365],[84.5751,18.8365],[84.5751,18.8363],[84.5749,18.8363],[84.5749,18.836],[84.5746,18.836],[84.5746,18.8357],[84.574,18.8357],[84.574,18.8354],[84.5738,18.8354],[84.5738,18.8351],[84.5735,18.8351],[84.5735,18.8349],[84.5728,18.8349],[84.5726,18.8349],[84.5726,18.8346],[84.5721,18.8346],[84.5721,18.8343],[84.5718,18.8343],[84.5718,18.834],[84.5715,18.834],[84.5715,18.8338],[84.5713,18.8338],[84.5713,18.8332],[84.571,18.8332],[84.571,18.8329],[84.5704,18.8329],[84.5704,18.8326],[84.5701,18.8326],[84.5701,18.8324],[84.5699,18.8324],[84.5699,18.8321],[84.5696,18.8321],[84.5696,18.8318],[84.5693,18.8318],[84.5693,18.8315],[84.569,18.8315],[84.569,18.8312],[84.5688,18.8312],[84.5688,18.831],[84.5685,18.831],[84.5685,18.8307],[84.5684,18.8307],[84.5682,18.8307],[84.5682,18.8306],[84.5682,18.8304],[84.568,18.8304],[84.5679,18.8304],[84.5679,18.8301],[84.5676,18.8301],[84.5674,18.8301],[84.5674,18.83],[84.5674,18.8299],[84.5672,18.8299],[84.5668,18.8299],[84.5668,18.8296],[84.5665,18.8296],[84.5665,18.8294],[84.5665,18.829],[84.5662,18.829],[84.5662,18.8288],[84.5657,18.8288],[84.5657,18.8285],[84.5654,18.8285],[84.5654,18.8282],[84.5651,18.8282],[84.5649,18.8282],[84.5649,18.8279],[84.5646,18.8279],[84.5646,18.8277],[84.5643,18.8276],[84.5643,18.8274],[84.5643,18.8271],[84.564,18.8271],[84.564,18.8265],[84.5639,18.8265],[84.5638,18.8265],[84.5638,18.8263],[84.5635,18.8263],[84.5635,18.826],[84.5632,18.826],[84.5632,18.8257],[84.5629,18.8257],[84.5629,18.8251],[84.5632,18.8251],[84.5632,18.8249],[84.5629,18.8249],[84.5629,18.8246],[84.5626,18.8246],[84.5626,18.8243],[84.5624,18.8243],[84.5624,18.824],[84.5621,18.824],[84.5621,18.8237],[84.5618,18.8237],[84.5618,18.8232],[84.5615,18.8232],[84.5615,18.8229],[84.5612,18.8229],[84.5612,18.8226],[84.561,18.8226],[84.561,18.8224],[84.5607,18.8224],[84.5607,18.8221],[84.5604,18.8221],[84.5604,18.8218],[84.5601,18.8218],[84.5601,18.8213],[84.5599,18.8213],[84.5599,18.821],[84.5596,18.821],[84.5596,18.8207],[84.5593,18.8207],[84.5593,18.8204],[84.559,18.8204],[84.559,18.8199],[84.5587,18.8199],[84.5587,18.8193],[84.5585,18.8193],[84.5585,18.8188],[84.5582,18.8188],[84.5582,18.8185],[84.5579,18.8185],[84.5579,18.8179],[84.5576,18.8179],[84.5576,18.8176],[84.5574,18.8176],[84.5574,18.8174],[84.5571,18.8174],[84.5571,18.816],[84.5568,18.816],[84.5568,18.8151],[84.5565,18.8151],[84.5565,18.8126],[84.5563,18.8126],[84.5563,18.8107],[84.556,18.8107],[84.556,18.8096],[84.5557,18.8096],[84.5557,18.8093],[84.5554,18.8093],[84.5554,18.8085],[84.5557,18.8085],[84.5557,18.8074],[84.5554,18.8074],[84.5554,18.8068],[84.5551,18.8068],[84.5551,18.8054],[84.5549,18.8054],[84.5549,18.8051],[84.5546,18.8051],[84.5546,18.8046],[84.5543,18.8046],[84.5543,18.804],[84.554,18.804],[84.554,18.8029],[84.5537,18.8029],[84.5537,18.8024],[84.554,18.8024],[84.554,18.8001],[84.554,18.7985],[84.5543,18.7985],[84.5543,18.7979],[84.5546,18.7979],[84.5546,18.796],[84.554,18.796],[84.554,18.7957],[84.5537,18.7957],[84.5537,18.7954],[84.5535,18.7954],[84.5535,18.7951],[84.5532,18.7951],[84.5532,18.7949],[84.5529,18.7949],[84.5529,18.7946],[84.5532,18.7946],[84.5532,18.7943],[84.5535,18.7943],[84.5535,18.794],[84.5537,18.794],[84.5537,18.7929],[84.554,18.7929],[84.554,18.7926],[84.5537,18.7926],[84.5537,18.7924],[84.5535,18.7924],[84.5535,18.7918],[84.5532,18.7918],[84.5532,18.7915],[84.5529,18.7915],[84.5529,18.7924],[84.5526,18.7924],[84.5526,18.7926],[84.5524,18.7926],[84.5524,18.7929],[84.5515,18.7929],[84.5515,18.7926],[84.5512,18.7926],[84.5512,18.7912],[84.5507,18.7912],[84.5507,18.791],[84.5501,18.791],[84.5501,18.7907],[84.5493,18.7907],[84.5493,18.7912],[84.5492,18.7912],[84.549,18.7912],[84.549,18.791],[84.5485,18.791],[84.5485,18.7907],[84.5482,18.7907],[84.5482,18.7901],[84.5491,18.7901],[84.5493,18.7901],[84.5493,18.7899],[84.549,18.7899],[84.549,18.7897],[84.549,18.7893],[84.5488,18.7893],[84.5488,18.7887],[84.5485,18.7887],[84.5485,18.7885],[84.5482,18.7885],[84.5482,18.7882],[84.5479,18.7882],[84.5479,18.7879],[84.5477,18.7879],[84.5477,18.7876],[84.5465,18.7876],[84.5465,18.7868],[84.5462,18.7868],[84.5462,18.7863],[84.546,18.7863],[84.546,18.7857],[84.5457,18.7857],[84.5457,18.7854],[84.5451,18.7854],[84.5451,18.7851],[84.5446,18.7851],[84.5446,18.7849],[84.5443,18.7849],[84.5443,18.7846],[84.544,18.7846],[84.544,18.7843],[84.5437,18.7843],[84.5437,18.784],[84.5432,18.784],[84.5432,18.7838],[84.5429,18.7838],[84.5429,18.7835],[84.5426,18.7835],[84.5426,18.7832],[84.5424,18.7832],[84.5424,18.7826],[84.5421,18.7826],[84.5421,18.7824],[84.5415,18.7824],[84.5415,18.7818],[84.5413,18.7818],[84.5413,18.7815],[84.541,18.7815],[84.541,18.7813],[84.5401,18.7813],[84.5401,18.781],[84.5399,18.781],[84.5399,18.7804],[84.5396,18.7804],[84.5396,18.7801],[84.539,18.7801],[84.539,18.7796],[84.5387,18.7796],[84.5387,18.7793],[84.5385,18.7793],[84.5385,18.779],[84.5379,18.779],[84.5379,18.7787],[84.5371,18.7787],[84.5371,18.7779],[84.5368,18.7779],[84.5368,18.7774],[84.5365,18.7774],[84.5365,18.7765],[84.536,18.7765],[84.536,18.7762],[84.5357,18.7763],[84.5357,18.776],[84.5354,18.776],[84.5354,18.7757],[84.5351,18.7757],[84.5351,18.7754],[84.5346,18.7754],[84.5346,18.7751],[84.5343,18.7751],[84.5343,18.7749],[84.534,18.7749],[84.534,18.7746],[84.5338,18.7746],[84.5338,18.7743],[84.5332,18.7743],[84.5332,18.7738],[84.5326,18.7738],[84.5326,18.7735],[84.5324,18.7735],[84.5324,18.7732],[84.5321,18.7732],[84.5321,18.7729],[84.5318,18.7729],[84.5318,18.7724],[84.5315,18.7724],[84.5315,18.7721],[84.5307,18.7721],[84.5307,18.7718],[84.5301,18.7718],[84.5301,18.7715],[84.5296,18.7715],[84.5296,18.7707],[84.5293,18.7707],[84.5293,18.7704],[84.529,18.7704],[84.529,18.7701],[84.5282,18.7701],[84.5282,18.7699],[84.5276,18.7699],[84.5276,18.7696],[84.5274,18.7696],[84.5274,18.7693],[84.5265,18.7693],[84.5265,18.769],[84.5263,18.769],[84.5263,18.7674],[84.524,18.7674],[84.524,18.7671],[84.5238,18.7671],[84.5238,18.7668],[84.5235,18.7668],[84.5235,18.7665],[84.5232,18.7665],[84.5232,18.7663],[84.5226,18.7663],[84.5226,18.766],[84.5221,18.766],[84.5221,18.7657],[84.5215,18.7657],[84.5215,18.7654],[84.5212,18.7654],[84.5212,18.7649],[84.521,18.7649],[84.521,18.7646],[84.5204,18.7646],[84.5204,18.7643],[84.5199,18.7643],[84.5199,18.764],[84.5196,18.764],[84.5196,18.7635],[84.5188,18.7635],[84.5188,18.7632],[84.5185,18.7632],[84.5185,18.7626],[84.5182,18.7626],[84.5182,18.7624],[84.5176,18.7624],[84.5176,18.7621],[84.5171,18.7621],[84.5171,18.7618],[84.5165,18.7618],[84.5165,18.7615],[84.5163,18.7615],[84.5163,18.7612],[84.516,18.7612],[84.516,18.761],[84.5157,18.761],[84.5157,18.7607],[84.5154,18.7607],[84.5154,18.7604],[84.5149,18.7604],[84.5149,18.7601],[84.5146,18.7601],[84.5146,18.7599],[84.5137,18.7599],[84.5137,18.7596],[84.5135,18.7596],[84.5135,18.7593],[84.5129,18.7593],[84.5129,18.7588],[84.5124,18.7588],[84.5124,18.7585],[84.5118,18.7585],[84.5118,18.7582],[84.5113,18.7582],[84.5113,18.7579],[84.511,18.7579],[84.511,18.7576],[84.5104,18.7576],[84.5104,18.7574],[84.5101,18.7574],[84.5101,18.7571],[84.5099,18.7571],[84.5099,18.7568],[84.5096,18.7568],[84.5096,18.7565],[84.5093,18.7565],[84.5093,18.7563],[84.5088,18.7563],[84.5088,18.7557],[84.5085,18.7557],[84.5085,18.7554],[84.5082,18.7554],[84.5082,18.7551],[84.5079,18.7551],[84.5079,18.7549],[84.5074,18.7549],[84.5074,18.7546],[84.5071,18.7546],[84.5071,18.7543],[84.5068,18.7543],[84.5068,18.754],[84.5065,18.754],[84.5065,18.7538],[84.506,18.7538],[84.506,18.7535],[84.5054,18.7535],[84.5054,18.7532],[84.5051,18.7532],[84.5051,18.7529],[84.5049,18.7529],[84.5049,18.7526],[84.5046,18.7526],[84.5046,18.7524],[84.5043,18.7524],[84.5043,18.7521],[84.504,18.7521],[84.504,18.7515],[84.5035,18.7515],[84.5035,18.7512],[84.5032,18.7512],[84.5032,18.751],[84.5021,18.751],[84.5021,18.7504],[84.5018,18.7504],[84.5018,18.7501],[84.5015,18.7501],[84.5015,18.7499],[84.5013,18.7499],[84.5013,18.7496],[84.501,18.7496],[84.501,18.7493],[84.5007,18.7493],[84.5007,18.749],[84.5004,18.749],[84.5004,18.7482],[84.5001,18.7482],[84.5001,18.7479],[84.4993,18.7479],[84.4993,18.7474],[84.4987,18.7474],[84.4987,18.7471],[84.4985,18.7471],[84.4985,18.7468],[84.4982,18.7468],[84.4982,18.7465],[84.4979,18.7465],[84.4979,18.7463],[84.4976,18.7463],[84.4976,18.746],[84.4974,18.746],[84.4974,18.7457],[84.4965,18.7457],[84.4965,18.7454],[84.496,18.7454],[84.496,18.7449],[84.4957,18.7449],[84.4957,18.7443],[84.4954,18.7443],[84.4954,18.744],[84.4951,18.744],[84.4951,18.7437],[84.4949,18.7437],[84.4949,18.7435],[84.4946,18.7435],[84.4946,18.7429],[84.4943,18.7429],[84.4943,18.7426],[84.494,18.7426],[84.494,18.7424],[84.4935,18.7424],[84.4935,18.7421],[84.4932,18.7421],[84.4932,18.7418],[84.4926,18.7418],[84.4926,18.7415],[84.4924,18.7415],[84.4924,18.7413],[84.4921,18.7413],[84.4921,18.741],[84.4918,18.741],[84.4918,18.7407],[84.4915,18.7407],[84.4915,18.7404],[84.4912,18.7404],[84.4912,18.7401],[84.491,18.7401],[84.491,18.7399],[84.4907,18.7399],[84.4907,18.7396],[84.4904,18.7396],[84.4904,18.7393],[84.4901,18.7393],[84.4901,18.7388],[84.4899,18.7388],[84.4899,18.7385],[84.4896,18.7385],[84.4896,18.7379],[84.4893,18.7379],[84.4893,18.7374],[84.489,18.7374],[84.489,18.7371],[84.4887,18.7371],[84.4887,18.7368],[84.4885,18.7368],[84.4885,18.7365],[84.4882,18.7365],[84.4882,18.7362],[84.4879,18.7362],[84.4879,18.736],[84.4876,18.736],[84.4876,18.7357],[84.4874,18.7357],[84.4874,18.7343],[84.4871,18.7343],[84.4871,18.7337],[84.4868,18.7337],[84.4868,18.7332],[84.4865,18.7332],[84.4865,18.7326],[84.4863,18.7326],[84.4863,18.7324],[84.4857,18.7324],[84.4857,18.7321],[84.4854,18.7321],[84.4854,18.7318],[84.4851,18.7318],[84.4851,18.731],[84.4849,18.731],[84.4849,18.7304],[84.4846,18.7304],[84.4846,18.7299],[84.484,18.7299],[84.484,18.7296],[84.4837,18.7296],[84.4837,18.7293],[84.4835,18.7293],[84.4835,18.729],[84.4832,18.729],[84.4832,18.7288],[84.4829,18.7288],[84.4829,18.7282],[84.4826,18.7282],[84.4826,18.7279],[84.4824,18.7279],[84.4824,18.7276],[84.4821,18.7276],[84.4821,18.7274],[84.4818,18.7274],[84.4818,18.7271],[84.4812,18.7271],[84.4812,18.7268],[84.481,18.7268],[84.481,18.7265],[84.4804,18.7265],[84.4804,18.7263],[84.4801,18.7263],[84.4801,18.726],[84.4799,18.726],[84.4799,18.7257],[84.4796,18.7257],[84.4796,18.7254],[84.479,18.7254],[84.479,18.7249],[84.4788,18.7249],[84.4788,18.7246],[84.4782,18.7246],[84.4782,18.7243],[84.4776,18.7243],[84.4776,18.724],[84.4774,18.724],[84.4774,18.7237],[84.4768,18.7237],[84.4768,18.7229],[84.4765,18.7229],[84.4765,18.7226],[84.4757,18.7226],[84.4757,18.7224],[84.4754,18.7224],[84.4754,18.7221],[84.4751,18.7221],[84.4751,18.7215],[84.4749,18.7215],[84.4749,18.7213],[84.4746,18.7213],[84.4746,18.721],[84.4743,18.721],[84.4743,18.7207],[84.4737,18.7207],[84.4737,18.7204],[84.4735,18.7204],[84.4735,18.7201],[84.4732,18.7201],[84.4732,18.7199],[84.4729,18.7199],[84.4729,18.7196],[84.4726,18.7196],[84.4726,18.7193],[84.4724,18.7193],[84.4724,18.719],[84.4721,18.719],[84.4721,18.7188],[84.4718,18.7188],[84.4718,18.7185],[84.4715,18.7185],[84.4715,18.7179],[84.4713,18.7179],[84.4713,18.7176],[84.471,18.7176],[84.471,18.7171],[84.4707,18.7171],[84.4707,18.7165],[84.4704,18.7165],[84.4704,18.7163],[84.4701,18.7163],[84.4701,18.716],[84.4699,18.716],[84.4699,18.7157],[84.4693,18.7157],[84.4693,18.7151],[84.469,18.7151],[84.469,18.7149],[84.4688,18.7149],[84.4688,18.7143],[84.4685,18.7143],[84.4685,18.714],[84.4682,18.714],[84.4682,18.7138],[84.4679,18.7138],[84.4679,18.7135],[84.4676,18.7135],[84.4676,18.7132],[84.466,18.7132],[84.466,18.7129],[84.4657,18.7129],[84.4657,18.7115],[84.4654,18.7115],[84.4654,18.711],[84.4651,18.711],[84.4651,18.7107],[84.4649,18.7107],[84.4649,18.7101],[84.4646,18.7101],[84.4646,18.7099],[84.4643,18.7099],[84.4643,18.7096],[84.464,18.7096],[84.464,18.7093],[84.4638,18.7093],[84.4638,18.7087],[84.4635,18.7087],[84.4635,18.7085],[84.4629,18.7085],[84.4629,18.7082],[84.4626,18.7082],[84.4626,18.7079],[84.4624,18.7079],[84.4624,18.7074],[84.4621,18.7074],[84.4621,18.7065],[84.4618,18.7065],[84.4618,18.706],[84.4615,18.706],[84.4615,18.7051],[84.4613,18.7051],[84.4613,18.7049],[84.461,18.7049],[84.461,18.7046],[84.4607,18.7046],[84.4607,18.7035],[84.4604,18.7035],[84.4604,18.7032],[84.4601,18.7032],[84.4601,18.7026],[84.4599,18.7026],[84.4599,18.7021],[84.4596,18.7021],[84.4596,18.7018],[84.4585,18.7018],[84.4585,18.7013],[84.4582,18.7013],[84.4582,18.701],[84.4579,18.701],[84.4579,18.7007],[84.4576,18.7007],[84.4576,18.7001],[84.4574,18.7001],[84.4574,18.6996],[84.4571,18.6996],[84.4571,18.699],[84.4568,18.699],[84.4568,18.6982],[84.4565,18.6982],[84.4565,18.6979],[84.4563,18.6979],[84.4563,18.6976],[84.456,18.6976],[84.456,18.6974],[84.4557,18.6974],[84.4557,18.6968],[84.4549,18.6968],[84.4549,18.6965],[84.4546,18.6965],[84.4546,18.6963],[84.4543,18.6963],[84.4543,18.696],[84.454,18.696],[84.454,18.6954],[84.4538,18.6954],[84.4538,18.6951],[84.4535,18.6951],[84.4535,18.6949],[84.4532,18.6949],[84.4532,18.6943],[84.4529,18.6943],[84.4529,18.694],[84.4526,18.694],[84.4526,18.6938],[84.4524,18.6938],[84.4524,18.6935],[84.4521,18.6935],[84.4521,18.6929],[84.4518,18.6929],[84.4518,18.6924],[84.4512,18.6924],[84.4512,18.6921],[84.451,18.6921],[84.451,18.6915],[84.4507,18.6915],[84.4507,18.6912],[84.4504,18.6912],[84.4504,18.691],[84.4501,18.691],[84.4501,18.6907],[84.4499,18.6907],[84.4499,18.6904],[84.4496,18.6904],[84.4496,18.6901],[84.4493,18.6901],[84.4493,18.6899],[84.449,18.6899],[84.449,18.6896],[84.4488,18.6896],[84.4488,18.689],[84.4485,18.689],[84.4485,18.6887],[84.4482,18.6888],[84.4482,18.6885],[84.4479,18.6885],[84.4479,18.6882],[84.4476,18.6882],[84.4476,18.6879],[84.4474,18.6879],[84.4474,18.6874],[84.4471,18.6874],[84.4471,18.6871],[84.4468,18.6871],[84.4468,18.6868],[84.4465,18.6868],[84.4465,18.6863],[84.4463,18.6863],[84.4463,18.686],[84.446,18.686],[84.446,18.6857],[84.4457,18.6857],[84.4457,18.6851],[84.4454,18.6851],[84.4454,18.6846],[84.4451,18.6846],[84.4451,18.6843],[84.4449,18.6843],[84.4449,18.684],[84.4446,18.684],[84.4446,18.6837],[84.4443,18.6837],[84.4443,18.6835],[84.444,18.6835],[84.444,18.6832],[84.4437,18.6832],[84.4437,18.6829],[84.4435,18.6829],[84.4435,18.6826],[84.4432,18.6826],[84.4432,18.6824],[84.4429,18.6824],[84.4429,18.6821],[84.4424,18.6821],[84.4424,18.6818],[84.4421,18.6818],[84.4421,18.6812],[84.4418,18.6812],[84.4418,18.6804],[84.4412,18.6804],[84.4412,18.6801],[84.441,18.6801],[84.441,18.6793],[84.4407,18.6793],[84.4407,18.6785],[84.441,18.6785],[84.441,18.6782],[84.4413,18.6782],[84.4413,18.6779],[84.4415,18.6779],[84.4415,18.676],[84.4413,18.676],[84.4413,18.6749],[84.441,18.6749],[84.441,18.6738],[84.4407,18.6738],[84.4407,18.6724],[84.4404,18.6724],[84.4404,18.6718],[84.4401,18.6718],[84.4401,18.6685],[84.4404,18.6685],[84.4404,18.6676],[84.4407,18.6676],[84.4407,18.6673],[84.4407,18.6665],[84.4404,18.6665],[84.4404,18.6657],[84.4407,18.6657],[84.4407,18.664],[84.4399,18.664],[84.4399,18.6643],[84.439,18.6643],[84.439,18.664],[84.4388,18.664],[84.4388,18.6632],[84.4385,18.6632],[84.4385,18.6629],[84.4382,18.6629],[84.4382,18.6624],[84.4379,18.6624],[84.4379,18.6618],[84.4374,18.6618],[84.4374,18.6615],[84.4371,18.6615],[84.4371,18.6613],[84.4368,18.6613],[84.4368,18.6615],[84.4365,18.6615],[84.4365,18.6613],[84.4363,18.6613],[84.4363,18.661],[84.436,18.661],[84.436,18.6607],[84.4357,18.6607],[84.4357,18.6601],[84.4354,18.6601],[84.4354,18.6596],[84.4351,18.6596],[84.4351,18.6585],[84.4349,18.6585],[84.4349,18.6576],[84.4346,18.6576],[84.4346,18.6574],[84.4343,18.6574],[84.4343,18.6571],[84.434,18.6571],[84.434,18.6568],[84.4337,18.6568],[84.4337,18.6565],[84.4335,18.6565],[84.4335,18.6562],[84.4332,18.6562],[84.4332,18.656],[84.4329,18.656],[84.4329,18.6554],[84.4326,18.6554],[84.4326,18.6551],[84.4324,18.6551],[84.4324,18.6549],[84.4321,18.6549],[84.4321,18.6543],[84.4315,18.6543],[84.4315,18.654],[84.4313,18.654],[84.431,18.654],[84.431,18.6537],[84.4307,18.6537],[84.4307,18.6535],[84.4304,18.6535],[84.4304,18.6529],[84.4299,18.6529],[84.4299,18.6526],[84.429,18.6526],[84.429,18.6524],[84.4287,18.6524],[84.4287,18.6521],[84.4276,18.6521],[84.4276,18.6518],[84.4279,18.6518],[84.4279,18.6515],[84.4276,18.6515],[84.4276,18.6513],[84.4271,18.6513],[84.4271,18.6507],[84.4268,18.6507],[84.4268,18.6504],[84.4265,18.6504],[84.4265,18.6501],[84.4262,18.6501],[84.4262,18.6499],[84.426,18.6499],[84.426,18.6496],[84.4257,18.6496],[84.4257,18.6493],[84.4254,18.6493],[84.4254,18.649],[84.4251,18.649],[84.4251,18.6488],[84.4249,18.6488],[84.4249,18.6482],[84.4246,18.6482],[84.4246,18.6479],[84.4243,18.6479],[84.4243,18.6476],[84.424,18.6476],[84.424,18.6474],[84.4238,18.6474],[84.4238,18.6471],[84.4235,18.6471],[84.4235,18.6468],[84.4232,18.6468],[84.4232,18.6465],[84.4229,18.6465],[84.4229,18.646],[84.4226,18.646],[84.4226,18.6457],[84.4224,18.6457],[84.4224,18.6454],[84.4218,18.6454],[84.4218,18.6451],[84.4212,18.6451],[84.4212,18.6443],[84.421,18.6443],[84.421,18.644],[84.4207,18.644],[84.4207,18.6437],[84.4196,18.6437],[84.4196,18.6435],[84.419,18.6435],[84.419,18.6432],[84.4187,18.6432],[84.4187,18.6429],[84.4185,18.6429],[84.4185,18.6424],[84.4182,18.6424],[84.4182,18.6421],[84.4179,18.6421],[84.4179,18.6418],[84.4176,18.6418],[84.4176,18.6415],[84.4174,18.6415],[84.4174,18.6413],[84.4171,18.6413],[84.4171,18.6407],[84.4168,18.6407],[84.4168,18.6404],[84.4165,18.6404],[84.4165,18.6401],[84.4154,18.6401],[84.4154,18.6399],[84.4146,18.6399],[84.4146,18.6393],[84.4143,18.6393],[84.4143,18.639],[84.414,18.639],[84.414,18.6388],[84.4137,18.6388],[84.4137,18.6385],[84.4135,18.6385],[84.4135,18.6382],[84.4132,18.6382],[84.4132,18.6379],[84.4129,18.6379],[84.4129,18.6376],[84.4126,18.6376],[84.4126,18.6374],[84.4124,18.6374],[84.4124,18.6371],[84.4121,18.6371],[84.4121,18.6368],[84.4118,18.6368],[84.4118,18.6365],[84.4115,18.6365],[84.4115,18.6362],[84.4112,18.6362],[84.4112,18.636],[84.411,18.636],[84.411,18.6357],[84.4104,18.6357],[84.4104,18.6354],[84.4101,18.6354],[84.4101,18.6351],[84.4099,18.6351],[84.4099,18.6348],[84.4096,18.6349],[84.4096,18.6346],[84.4093,18.6346],[84.4093,18.6343],[84.409,18.6343],[84.409,18.634],[84.4088,18.634],[84.4088,18.6338],[84.4082,18.6338],[84.4082,18.6335],[84.4079,18.6335],[84.4079,18.6332],[84.4076,18.6332],[84.4076,18.6329],[84.4074,18.6329],[84.4074,18.6326],[84.4071,18.6326],[84.4071,18.6324],[84.4068,18.6324],[84.4068,18.6321],[84.4063,18.6321],[84.4063,18.6318],[84.406,18.6318],[84.406,18.6315],[84.4057,18.6315],[84.4057,18.6312],[84.4054,18.6312],[84.4054,18.631],[84.4051,18.631],[84.4051,18.6307],[84.4049,18.6307],[84.4049,18.6304],[84.4046,18.6304],[84.4046,18.6301],[84.4043,18.6301],[84.4043,18.6299],[84.4037,18.6299],[84.4037,18.6296],[84.4035,18.6296],[84.4035,18.6293],[84.4032,18.6293],[84.4032,18.629],[84.4026,18.629],[84.4026,18.6287],[84.4024,18.6287],[84.4024,18.6285],[84.4021,18.6285],[84.4021,18.6282],[84.4018,18.6282],[84.4018,18.6279],[84.4013,18.6279],[84.4013,18.6276],[84.401,18.6276],[84.401,18.6274],[84.4007,18.6274],[84.4007,18.6268],[84.4004,18.6268],[84.4004,18.6263],[84.4001,18.6263],[84.4001,18.626],[84.3999,18.626],[84.3999,18.6257],[84.3996,18.6257],[84.3996,18.6254],[84.3993,18.6254],[84.3993,18.6251],[84.3988,18.6251],[84.3988,18.6249],[84.3985,18.6249],[84.3985,18.6246],[84.3979,18.6246],[84.3979,18.6243],[84.3976,18.6243],[84.3976,18.624],[84.3974,18.624],[84.3974,18.6238],[84.3971,18.6238],[84.3971,18.6235],[84.3968,18.6235],[84.3968,18.6229],[84.3965,18.6229],[84.3965,18.6226],[84.3962,18.6226],[84.3962,18.6224],[84.396,18.6224],[84.396,18.6221],[84.3957,18.6221],[84.3957,18.6218],[84.3954,18.6218],[84.3954,18.6215],[84.3951,18.6215],[84.3951,18.6213],[84.3949,18.6213],[84.3949,18.621],[84.3943,18.621],[84.3943,18.6207],[84.394,18.6207],[84.394,18.6204],[84.3938,18.6204],[84.3938,18.6199],[84.3932,18.6199],[84.3932,18.6196],[84.3929,18.6196],[84.3929,18.6193],[84.3926,18.6193],[84.3926,18.619],[84.3924,18.619],[84.3924,18.6188],[84.3918,18.6188],[84.3918,18.6185],[84.3913,18.6185],[84.3913,18.6182],[84.391,18.6182],[84.391,18.6179],[84.3907,18.6179],[84.3907,18.6174],[84.3904,18.6174],[84.3904,18.6171],[84.3901,18.6171],[84.3901,18.6168],[84.3899,18.6168],[84.3899,18.6165],[84.3896,18.6165],[84.3896,18.6162],[84.3893,18.6162],[84.3893,18.616],[84.3885,18.616],[84.3885,18.6157],[84.3876,18.6157],[84.3876,18.6146],[84.3874,18.6146],[84.3874,18.6143],[84.3871,18.6143],[84.3871,18.614],[84.3868,18.614],[84.3868,18.6137],[84.3865,18.6138],[84.3865,18.6135],[84.3863,18.6135],[84.3863,18.6129],[84.386,18.6129],[84.386,18.6126],[84.3854,18.6126],[84.3854,18.6124],[84.3851,18.6124],[84.3851,18.6121],[84.3849,18.6121],[84.3849,18.6118],[84.384,18.6118],[84.384,18.6115],[84.3835,18.6115],[84.3835,18.6112],[84.3832,18.6112],[84.3832,18.6107],[84.3829,18.6107],[84.3829,18.6104],[84.3826,18.6104],[84.3826,18.6101],[84.3824,18.6101],[84.3824,18.6096],[84.3821,18.6096],[84.3821,18.6093],[84.3815,18.6093],[84.3815,18.609],[84.3812,18.609],[84.3812,18.6087],[84.381,18.6087],[84.381,18.6082],[84.3804,18.6082],[84.3804,18.6079],[84.3799,18.6079],[84.3799,18.6074],[84.3796,18.6074],[84.3796,18.6071],[84.3788,18.6071],[84.3788,18.6068],[84.3785,18.6068],[84.3785,18.6065],[84.3782,18.6065],[84.3782,18.6063],[84.3779,18.6063],[84.3779,18.606],[84.3776,18.606],[84.3776,18.6054],[84.3774,18.6054],[84.3774,18.6051],[84.3771,18.6051],[84.3771,18.6049],[84.3768,18.6049],[84.3768,18.6046],[84.3765,18.6046],[84.3765,18.6043],[84.3763,18.6043],[84.3763,18.6035],[84.376,18.6035],[84.376,18.6032],[84.3757,18.6032],[84.3757,18.6026],[84.3754,18.6026],[84.3754,18.6024],[84.3751,18.6024],[84.3751,18.6021],[84.3749,18.6021],[84.3749,18.6018],[84.3743,18.6018],[84.3743,18.6015],[84.374,18.6015],[84.374,18.6012],[84.3735,18.6012],[84.3735,18.601],[84.3732,18.601],[84.3732,18.6007],[84.3729,18.6007],[84.3729,18.6001],[84.3726,18.6001],[84.3726,18.5999],[84.3724,18.5999],[84.3724,18.5996],[84.3721,18.5996],[84.3721,18.5993],[84.3718,18.5993],[84.3718,18.599],[84.3715,18.599],[84.3715,18.5985],[84.3712,18.5985],[84.3712,18.5982],[84.371,18.5982],[84.371,18.5979],[84.3707,18.5979],[84.3707,18.5976],[84.3704,18.5976],[84.3704,18.5971],[84.3701,18.5971],[84.3701,18.5968],[84.3699,18.5968],[84.3699,18.5965],[84.3696,18.5965],[84.3696,18.5963],[84.3693,18.5963],[84.3693,18.5957],[84.369,18.5957],[84.369,18.5954],[84.3688,18.5954],[84.3688,18.5951],[84.3685,18.5951],[84.3685,18.5949],[84.3682,18.5949],[84.3682,18.5946],[84.3679,18.5946],[84.3679,18.594],[84.3676,18.594],[84.3676,18.5938],[84.3674,18.5938],[84.3674,18.5935],[84.3671,18.5935],[84.3671,18.5932],[84.3668,18.5932],[84.3668,18.5926],[84.3665,18.5926],[84.3665,18.5924],[84.3662,18.5924],[84.3662,18.5921],[84.366,18.5921],[84.366,18.5918],[84.3657,18.5918],[84.3657,18.5912],[84.3654,18.5912],[84.3654,18.591],[84.3651,18.591],[84.3651,18.5907],[84.3649,18.5907],[84.3649,18.5904],[84.3646,18.5904],[84.3646,18.5901],[84.3643,18.5901],[84.3643,18.5896],[84.364,18.5896],[84.364,18.5893],[84.3637,18.5893],[84.3637,18.589],[84.3635,18.589],[84.3635,18.5888],[84.3632,18.5888],[84.3632,18.5885],[84.3629,18.5885],[84.3629,18.5876],[84.3626,18.5876],[84.3626,18.5874],[84.3624,18.5874],[84.3624,18.5871],[84.3621,18.5871],[84.3621,18.5868],[84.3618,18.5868],[84.3618,18.5863],[84.3615,18.5863],[84.3615,18.5849],[84.3613,18.5849],[84.3613,18.5843],[84.361,18.5843],[84.361,18.584],[84.3607,18.584],[84.3607,18.5835],[84.3604,18.5835],[84.3604,18.5821],[84.3601,18.5821],[84.3601,18.5818],[84.3599,18.5818],[84.3599,18.5815],[84.3596,18.5815],[84.3596,18.5813],[84.3593,18.5813],[84.3593,18.581],[84.359,18.581],[84.359,18.5807],[84.3587,18.5807],[84.3587,18.5801],[84.3585,18.5801],[84.3585,18.5799],[84.3582,18.5799],[84.3582,18.5796],[84.3579,18.5796],[84.3579,18.5788],[84.3576,18.5788],[84.3576,18.5771],[84.3574,18.5771],[84.3574,18.5768],[84.3571,18.5768],[84.3571,18.5765],[84.3568,18.5765],[84.3568,18.5762],[84.3565,18.5762],[84.3565,18.576],[84.3562,18.576],[84.3562,18.5757],[84.356,18.5757],[84.356,18.5749],[84.3557,18.5749],[84.3557,18.5696],[84.356,18.5696],[84.356,18.5688],[84.3557,18.5688],[84.3557,18.5685],[84.3554,18.5685],[84.3554,18.5674],[84.3551,18.5674],[84.3551,18.5669],[84.3551,18.5657],[84.3549,18.5657],[84.3549,18.5643],[84.3546,18.5643],[84.3546,18.564],[84.3543,18.564],[84.3543,18.5637],[84.354,18.5637],[84.354,18.5632],[84.3536,18.5632],[84.3532,18.5632],[84.3532,18.5629],[84.3518,18.5629],[84.3518,18.5626],[84.3507,18.5626],[84.3507,18.5624],[84.3501,18.5624],[84.3501,18.5626],[84.3493,18.5626],[84.3493,18.5624],[84.3482,18.5624],[84.3482,18.5621],[84.3465,18.5621],[84.3465,18.5624],[84.3463,18.5624],[84.3463,18.5621],[84.346,18.5621],[84.346,18.5618],[84.3451,18.5618],[84.3451,18.5615],[84.3443,18.5615],[84.3443,18.5613],[84.344,18.5613],[84.344,18.561],[84.3438,18.561],[84.3438,18.5607],[84.3435,18.5607],[84.3435,18.5601],[84.3432,18.5601],[84.3432,18.5599],[84.3429,18.5599],[84.3429,18.5596],[84.3426,18.5596],[84.3426,18.5593],[84.3424,18.5593],[84.3424,18.559],[84.3421,18.559],[84.3421,18.5588],[84.3418,18.5588],[84.3418,18.5582],[84.3415,18.5582],[84.3415,18.5579],[84.3412,18.5579],[84.3412,18.5576],[84.341,18.5576],[84.341,18.5571],[84.3408,18.5571],[84.3407,18.5571],[84.3407,18.5562],[84.3404,18.5562],[84.3404,18.5557],[84.3401,18.5557],[84.3401,18.5551],[84.3399,18.5551],[84.3399,18.5546],[84.3401,18.5546],[84.3401,18.5537],[84.3404,18.5538],[84.3404,18.5532],[84.3407,18.5532],[84.3407,18.5526],[84.3404,18.5526],[84.3404,18.5524],[84.3401,18.5524],[84.3401,18.5521],[84.3399,18.5521],[84.3399,18.5518],[84.3396,18.5518],[84.3396,18.5515],[84.3393,18.5515],[84.3393,18.551],[84.339,18.551],[84.339,18.5507],[84.3399,18.5507],[84.3399,18.551],[84.3404,18.551],[84.3404,18.5512],[84.3412,18.5512],[84.3412,18.5515],[84.3415,18.5515],[84.3415,18.5518],[84.3418,18.5518],[84.3418,18.5526],[84.3415,18.5526],[84.3415,18.5547],[84.3415,18.556],[84.3418,18.556],[84.3418,18.5562],[84.3421,18.5562],[84.3421,18.5565],[84.3426,18.5565],[84.3426,18.5568],[84.3429,18.5568],[84.3429,18.5571],[84.3432,18.5571],[84.3432,18.5576],[84.3435,18.5576],[84.3435,18.5579],[84.344,18.5579],[84.344,18.5582],[84.3443,18.5582],[84.3443,18.5585],[84.3446,18.5585],[84.3446,18.5588],[84.3449,18.5588],[84.3449,18.559],[84.3454,18.559],[84.3454,18.5593],[84.3457,18.5593],[84.3457,18.5596],[84.3474,18.5596],[84.3474,18.5599],[84.3485,18.5599],[84.3485,18.5601],[84.3496,18.5601],[84.3496,18.5604],[84.3504,18.5604],[84.3504,18.5607],[84.3512,18.5607],[84.3512,18.561],[84.3526,18.561],[84.3526,18.5613],[84.3529,18.5613],[84.3529,18.5615],[84.3531,18.5615],[84.3532,18.5615],[84.3532,18.5618],[84.3535,18.5618],[84.3535,18.5621],[84.3543,18.5621],[84.3543,18.5624],[84.3546,18.5624],[84.3546,18.5626],[84.3551,18.5626],[84.3551,18.5629],[84.3557,18.5629],[84.3557,18.5632],[84.3565,18.5632],[84.3565,18.5613],[84.3562,18.5613],[84.3562,18.5607],[84.356,18.5607],[84.356,18.5599],[84.3557,18.5599],[84.3557,18.5596],[84.3554,18.5596],[84.3554,18.5585],[84.3557,18.5585],[84.3557,18.5582],[84.356,18.5582],[84.356,18.5574],[84.3562,18.5574],[84.3562,18.5568],[84.356,18.5568],[84.356,18.5565],[84.3557,18.5565],[84.3557,18.5562],[84.3551,18.5562],[84.3551,18.556],[84.3543,18.556],[84.3543,18.5557],[84.3538,18.5557],[84.3538,18.5554],[84.3535,18.5554],[84.3535,18.5551],[84.3529,18.5551],[84.3529,18.5549],[84.3526,18.5549],[84.3526,18.5546],[84.3524,18.5546],[84.3524,18.5543],[84.3521,18.5543],[84.3521,18.554],[84.3518,18.554],[84.3518,18.5538],[84.3512,18.5538],[84.3512,18.5535],[84.351,18.5535],[84.351,18.5532],[84.3507,18.5532],[84.3507,18.5529],[84.3504,18.5529],[84.3504,18.5526],[84.3499,18.5526],[84.3499,18.5524],[84.3496,18.5524],[84.3496,18.5521],[84.3493,18.5521],[84.3493,18.5518],[84.349,18.5518],[84.349,18.5515],[84.3487,18.5515],[84.3487,18.5512],[84.3482,18.5512],[84.3482,18.551],[84.3479,18.551],[84.3479,18.5507],[84.3476,18.5507],[84.3476,18.5504],[84.3474,18.5504],[84.3474,18.5501],[84.3468,18.5501],[84.3468,18.5499],[84.3465,18.5499],[84.3465,18.5496],[84.3463,18.5496],[84.3463,18.5493],[84.346,18.5493],[84.346,18.549],[84.3457,18.549],[84.3457,18.5487],[84.3451,18.5487],[84.3451,18.5485],[84.3449,18.5485],[84.3449,18.5482],[84.3446,18.5482],[84.3446,18.5479],[84.3443,18.5479],[84.3443,18.5476],[84.3438,18.5476],[84.3438,18.5474],[84.3435,18.5474],[84.3435,18.5471],[84.3432,18.5471],[84.3432,18.5468],[84.3429,18.5468],[84.3429,18.5465],[84.3424,18.5465],[84.3424,18.5462],[84.3421,18.5462],[84.3421,18.546],[84.3418,18.546],[84.3418,18.5457],[84.3415,18.5457],[84.3415,18.5454],[84.3412,18.5454],[84.3412,18.5451],[84.3407,18.5451],[84.3407,18.5449],[84.3404,18.5449],[84.3404,18.5446],[84.3401,18.5446],[84.3401,18.5443],[84.3399,18.5443],[84.3399,18.544],[84.3393,18.544],[84.3393,18.5438],[84.339,18.5438],[84.339,18.5435],[84.3388,18.5435],[84.3388,18.5432],[84.3385,18.5432],[84.3385,18.5429],[84.3382,18.5429],[84.3382,18.5426],[84.3377,18.5426],[84.3376,18.5424],[84.3374,18.5424],[84.3374,18.5421],[84.3372,18.5421],[84.3371,18.5421],[84.3371,18.542],[84.3371,18.5418],[84.3369,18.5418],[84.3368,18.5418],[84.3368,18.5416],[84.3368,18.5415],[84.3366,18.5415],[84.3363,18.5415],[84.3363,18.5413],[84.336,18.5413],[84.336,18.541],[84.3358,18.541],[84.3357,18.541],[84.3357,18.5407],[84.3354,18.5407],[84.3354,18.5404],[84.3351,18.5404],[84.3351,18.5401],[84.3346,18.5401],[84.3346,18.5399],[84.3343,18.5399],[84.3343,18.5396],[84.334,18.5396],[84.334,18.5393],[84.3337,18.5393],[84.3337,18.539],[84.3332,18.539],[84.3332,18.5388],[84.3329,18.5388],[84.3329,18.5385],[84.3326,18.5385],[84.3326,18.5382],[84.3324,18.5382],[84.3324,18.5379],[84.3321,18.5379],[84.3321,18.5376],[84.3315,18.5376],[84.3315,18.5374],[84.3313,18.5374],[84.3313,18.5371],[84.331,18.5371],[84.331,18.5368],[84.3307,18.5368],[84.3307,18.5365],[84.3301,18.5365],[84.3301,18.5362],[84.3299,18.5362],[84.3299,18.536],[84.3296,18.536],[84.3296,18.5357],[84.3293,18.5357],[84.3293,18.5354],[84.329,18.5354],[84.329,18.5351],[84.3285,18.5351],[84.3285,18.5349],[84.3282,18.5349],[84.3282,18.5346],[84.3279,18.5346],[84.3279,18.5343],[84.3276,18.5343],[84.3276,18.534],[84.3271,18.534],[84.3271,18.5338],[84.3268,18.5338],[84.3268,18.5335],[84.3265,18.5335],[84.3265,18.5332],[84.3262,18.5332],[84.3262,18.5329],[84.326,18.5329],[84.326,18.5326],[84.3254,18.5326],[84.3254,18.5324],[84.3251,18.5324],[84.3251,18.5321],[84.3249,18.5321],[84.3249,18.5318],[84.3246,18.5318],[84.3246,18.5315],[84.324,18.5315],[84.324,18.5313],[84.3238,18.5313],[84.3238,18.531],[84.3235,18.531],[84.3235,18.5307],[84.3232,18.5307],[84.3232,18.5304],[84.3226,18.5304],[84.3226,18.5301],[84.3224,18.5301],[84.3224,18.5299],[84.3221,18.5299],[84.3221,18.5296],[84.3218,18.5296],[84.3218,18.5293],[84.3215,18.5293],[84.3215,18.529],[84.321,18.529],[84.321,18.5287],[84.3207,18.5287],[84.3207,18.5285],[84.3204,18.5285],[84.3204,18.5282],[84.3201,18.5282],[84.3201,18.5279],[84.3196,18.5279],[84.3196,18.5276],[84.3193,18.5276],[84.3193,18.5274],[84.319,18.5274],[84.319,18.5271],[84.3187,18.5271],[84.3187,18.5268],[84.3185,18.5268],[84.3185,18.5265],[84.3179,18.5265],[84.3179,18.5263],[84.3176,18.5263],[84.3176,18.526],[84.3174,18.526],[84.3174,18.5257],[84.3171,18.5257],[84.3171,18.5254],[84.3165,18.5254],[84.3165,18.5251],[84.3162,18.5251],[84.3162,18.5249],[84.316,18.5249],[84.316,18.5246],[84.3157,18.5246],[84.3157,18.5243],[84.3154,18.5243],[84.3154,18.524],[84.3149,18.524],[84.3149,18.5237],[84.3146,18.5237],[84.3146,18.5235],[84.3143,18.5235],[84.3143,18.5232],[84.314,18.5232],[84.314,18.5229],[84.3135,18.5229],[84.3135,18.5226],[84.3132,18.5226],[84.3132,18.5224],[84.3129,18.5224],[84.3129,18.5221],[84.3124,18.5221],[84.3124,18.5218],[84.3121,18.5218],[84.3121,18.5215],[84.3118,18.5215],[84.3118,18.5212],[84.3112,18.5212],[84.3112,18.521],[84.311,18.521],[84.311,18.5207],[84.3107,18.5207],[84.3107,18.5204],[84.3104,18.5204],[84.3104,18.5201],[84.3099,18.5201],[84.3099,18.5199],[84.3096,18.5199],[84.3096,18.5196],[84.3093,18.5196],[84.3093,18.5193],[84.3087,18.5193],[84.3087,18.519],[84.3085,18.519],[84.3085,18.5188],[84.3082,18.5188],[84.3082,18.5185],[84.3076,18.5185],[84.3076,18.5182],[84.3074,18.5182],[84.3074,18.5179],[84.3071,18.5179],[84.3071,18.5176],[84.3065,18.5176],[84.3065,18.5174],[84.3063,18.5174],[84.3063,18.5171],[84.306,18.5171],[84.306,18.5168],[84.3057,18.5168],[84.3057,18.5165],[84.3051,18.5165],[84.3051,18.5163],[84.3049,18.5163],[84.3049,18.516],[84.3046,18.516],[84.3046,18.5157],[84.304,18.5157],[84.304,18.5154],[84.3037,18.5154],[84.3037,18.5151],[84.3035,18.5151],[84.3035,18.5149],[84.3029,18.5149],[84.3029,18.5146],[84.3026,18.5146],[84.3026,18.5143],[84.3024,18.5143],[84.3024,18.514],[84.3021,18.514],[84.3021,18.5138],[84.3015,18.5138],[84.3015,18.5135],[84.3012,18.5135],[84.3012,18.5132],[84.301,18.5132],[84.301,18.5129],[84.3004,18.5129],[84.3004,18.5126],[84.3001,18.5126],[84.3001,18.5124],[84.2999,18.5124],[84.2999,18.5121],[84.2993,18.5121],[84.2993,18.5118],[84.299,18.5118],[84.299,18.5115],[84.2988,18.5115],[84.2988,18.5113],[84.2985,18.5113],[84.2985,18.511],[84.2979,18.511],[84.2979,18.5107],[84.2976,18.5107],[84.2976,18.5104],[84.2974,18.5104],[84.2974,18.5101],[84.2971,18.5101],[84.2971,18.5099],[84.2965,18.5099],[84.2965,18.5096],[84.2962,18.5096],[84.2962,18.5093],[84.296,18.5093],[84.296,18.509],[84.2954,18.509],[84.2954,18.5088],[84.2951,18.5088],[84.2951,18.5085],[84.2949,18.5085],[84.2949,18.5082],[84.2946,18.5082],[84.2946,18.5079],[84.294,18.5079],[84.294,18.5076],[84.2937,18.5076],[84.2937,18.5074],[84.2935,18.5074],[84.2935,18.5071],[84.2932,18.5071],[84.2932,18.5068],[84.2926,18.5068],[84.2926,18.5065],[84.2924,18.5065],[84.2924,18.5063],[84.2921,18.5063],[84.2921,18.506],[84.2918,18.506],[84.2918,18.5057],[84.2913,18.5057],[84.2913,18.5054],[84.291,18.5054],[84.291,18.5051],[84.2907,18.5051],[84.2907,18.5049],[84.2904,18.5049],[84.2904,18.5046],[84.2899,18.5046],[84.2899,18.5043],[84.2896,18.5043],[84.2896,18.504],[84.2893,18.504],[84.2893,18.5037],[84.2887,18.5037],[84.2887,18.5035],[84.2885,18.5035],[84.2885,18.5032],[84.2882,18.5032],[84.2882,18.5029],[84.2879,18.5029],[84.2879,18.5026],[84.2874,18.5026],[84.2874,18.5024],[84.2871,18.5024],[84.2871,18.5021],[84.2868,18.5021],[84.2868,18.5018],[84.2865,18.5018],[84.2865,18.5015],[84.286,18.5015],[84.286,18.5013],[84.2857,18.5013],[84.2857,18.501],[84.2854,18.501],[84.2854,18.5007],[84.2851,18.5007],[84.2851,18.5004],[84.2849,18.5004],[84.2849,18.5001],[84.2843,18.5001],[84.2843,18.4999],[84.284,18.4999],[84.284,18.4996],[84.2838,18.4996],[84.2838,18.4993],[84.2835,18.4993],[84.2835,18.499],[84.2832,18.499],[84.2832,18.4988],[84.2829,18.4988],[84.2829,18.4985],[84.2826,18.4985],[84.2826,18.4982],[84.2821,18.4982],[84.2821,18.4979],[84.2818,18.4979],[84.2818,18.4976],[84.2815,18.4976],[84.2815,18.4974],[84.2813,18.4974],[84.2813,18.4971],[84.281,18.4971],[84.281,18.4968],[84.2807,18.4968],[84.2807,18.4965],[84.2801,18.4965],[84.2801,18.4962],[84.2799,18.4962],[84.2799,18.496],[84.2796,18.496],[84.2796,18.4957],[84.2793,18.4957],[84.2793,18.4954],[84.279,18.4954],[84.279,18.4951],[84.2787,18.4951],[84.2787,18.4949],[84.2782,18.4949],[84.2782,18.4946],[84.2779,18.4946],[84.2779,18.4943],[84.2776,18.4943],[84.2776,18.494],[84.2774,18.494],[84.2774,18.4937],[84.2771,18.4937],[84.2771,18.4935],[84.2768,18.4935],[84.2768,18.4932],[84.2765,18.4932],[84.2765,18.4929],[84.276,18.4929],[84.276,18.4927],[84.276,18.4926],[84.2757,18.4926],[84.2757,18.4924],[84.2754,18.4924],[84.2754,18.4921],[84.2751,18.4921],[84.2751,18.4918],[84.2749,18.4918],[84.2749,18.4915],[84.2746,18.4915],[84.2746,18.4913],[84.274,18.4913],[84.274,18.491],[84.2738,18.491],[84.2738,18.4907],[84.2735,18.4907],[84.2735,18.4904],[84.2732,18.4904],[84.2732,18.4901],[84.2729,18.4901],[84.2729,18.4899],[84.2726,18.4899],[84.2726,18.4896],[84.2721,18.4896],[84.2721,18.4893],[84.2718,18.4893],[84.2718,18.489],[84.2715,18.489],[84.2715,18.4888],[84.2712,18.4888],[84.2712,18.4885],[84.271,18.4885],[84.271,18.4882],[84.2707,18.4882],[84.2707,18.4879],[84.2704,18.4879],[84.2704,18.4876],[84.2699,18.4876],[84.2699,18.4874],[84.2696,18.4874],[84.2696,18.4871],[84.2693,18.4871],[84.2693,18.4868],[84.269,18.4868],[84.269,18.4865],[84.2688,18.4865],[84.2688,18.4863],[84.2685,18.4863],[84.2685,18.486],[84.2679,18.486],[84.2679,18.4857],[84.2676,18.4857],[84.2676,18.4854],[84.2674,18.4854],[84.2674,18.4851],[84.2671,18.4851],[84.2671,18.4849],[84.2668,18.4849],[84.2668,18.4846],[84.2665,18.4846],[84.2665,18.4843],[84.2663,18.4843],[84.2663,18.484],[84.2657,18.484],[84.2657,18.4837],[84.2654,18.4837],[84.2654,18.4835],[84.2651,18.4835],[84.2651,18.4832],[84.2649,18.4832],[84.2649,18.4829],[84.2646,18.4829],[84.2646,18.4826],[84.2643,18.4826],[84.2643,18.4824],[84.2637,18.4824],[84.2637,18.4821],[84.2635,18.4821],[84.2635,18.4818],[84.2632,18.4818],[84.2632,18.4815],[84.2629,18.4815],[84.2629,18.4813],[84.2626,18.4813],[84.2626,18.481],[84.2624,18.481],[84.2624,18.4807],[84.2618,18.4807],[84.2618,18.4804],[84.2615,18.4804],[84.2615,18.4801],[84.2613,18.4801],[84.2613,18.4799],[84.261,18.4799],[84.261,18.4796],[84.2607,18.4796],[84.2607,18.4793],[84.2604,18.4793],[84.2604,18.479],[84.2601,18.479],[84.2601,18.4788],[84.2596,18.4788],[84.2596,18.4785],[84.2593,18.4785],[84.2593,18.4782],[84.259,18.4782],[84.259,18.4779],[84.2588,18.4779],[84.2588,18.4776],[84.2585,18.4776],[84.2585,18.4774],[84.2582,18.4774],[84.2582,18.4771],[84.2576,18.4771],[84.2576,18.4768],[84.2574,18.4768],[84.2574,18.4765],[84.2571,18.4765],[84.2571,18.4762],[84.2568,18.4762],[84.2568,18.476],[84.2565,18.476],[84.2565,18.4757],[84.2562,18.4757],[84.2562,18.4754],[84.2557,18.4754],[84.2557,18.4751],[84.2554,18.4751],[84.2554,18.4749],[84.2551,18.4749],[84.2551,18.4746],[84.2549,18.4746],[84.2549,18.4743],[84.2546,18.4743],[84.2546,18.474],[84.2543,18.474],[84.2543,18.4738],[84.254,18.4738],[84.254,18.4735],[84.2535,18.4735],[84.2535,18.4732],[84.2532,18.4732],[84.2532,18.4729],[84.2529,18.4729],[84.2529,18.4726],[84.2526,18.4726],[84.2526,18.4724],[84.2524,18.4724],[84.2524,18.4721],[84.2521,18.4721],[84.2521,18.4718],[84.2518,18.4718],[84.2518,18.4715],[84.2515,18.4715],[84.2515,18.4712],[84.2513,18.4712],[84.2513,18.471],[84.2507,18.471],[84.2507,18.4707],[84.2504,18.4707],[84.2504,18.4704],[84.2501,18.4704],[84.2501,18.4701],[84.2499,18.4701],[84.2499,18.4699],[84.2496,18.4699],[84.2496,18.4696],[84.2493,18.4696],[84.2493,18.4693],[84.249,18.4693],[84.249,18.469],[84.2487,18.469],[84.2487,18.4687],[84.2485,18.4687],[84.2485,18.4685],[84.2482,18.4685],[84.2482,18.4682],[84.2479,18.4682],[84.2479,18.4679],[84.2474,18.4679],[84.2474,18.4676],[84.2471,18.4676],[84.2471,18.4674],[84.2468,18.4674],[84.2468,18.4671],[84.2465,18.4671],[84.2465,18.4668],[84.2462,18.4668],[84.2462,18.4665],[84.246,18.4665],[84.246,18.4662],[84.2457,18.4662],[84.2457,18.466],[84.2454,18.466],[84.2454,18.4657],[84.2451,18.4657],[84.2451,18.4654],[84.2449,18.4654],[84.2449,18.4651],[84.2446,18.4651],[84.2446,18.4649],[84.244,18.4649],[84.244,18.4646],[84.2438,18.4646],[84.2438,18.4643],[84.2435,18.4643],[84.2435,18.464],[84.2432,18.464],[84.2432,18.4638],[84.2429,18.4638],[84.2429,18.4635],[84.2426,18.4635],[84.2426,18.4632],[84.2424,18.4632],[84.2424,18.4629],[84.2421,18.4629],[84.2421,18.4626],[84.2418,18.4626],[84.2418,18.4624],[84.2415,18.4624],[84.2415,18.4621],[84.2412,18.4621],[84.2412,18.4618],[84.2407,18.4618],[84.2407,18.4615],[84.2404,18.4615],[84.2404,18.4613],[84.2401,18.4613],[84.2401,18.461],[84.2399,18.461],[84.2399,18.4607],[84.2396,18.4607],[84.2396,18.4604],[84.2393,18.4604],[84.2393,18.4601],[84.239,18.4601],[84.239,18.4599],[84.2387,18.4599],[84.2387,18.4596],[84.2385,18.4596],[84.2385,18.4593],[84.2382,18.4593],[84.2382,18.459],[84.2379,18.459],[84.2379,18.4588],[84.2374,18.4588],[84.2374,18.4585],[84.2371,18.4585],[84.2371,18.4582],[84.2368,18.4582],[84.2368,18.4579],[84.2365,18.4579],[84.2365,18.4576],[84.2363,18.4576],[84.2363,18.4574],[84.236,18.4574],[84.236,18.4571],[84.2357,18.4571],[84.2357,18.4568],[84.2354,18.4568],[84.2354,18.4565],[84.2351,18.4565],[84.2351,18.4562],[84.2349,18.4562],[84.2349,18.456],[84.2346,18.456],[84.2346,18.4557],[84.234,18.4557],[84.234,18.4554],[84.2337,18.4554],[84.2337,18.4551],[84.2335,18.4551],[84.2335,18.4549],[84.2332,18.4549],[84.2332,18.4546],[84.2329,18.4546],[84.2329,18.4543],[84.2326,18.4543],[84.2326,18.454],[84.2324,18.454],[84.2324,18.4538],[84.2321,18.4538],[84.2321,18.4535],[84.2318,18.4535],[84.2318,18.4532],[84.2315,18.4532],[84.2315,18.4529],[84.2312,18.4529],[84.2312,18.4526],[84.2307,18.4526],[84.2307,18.4524],[84.2304,18.4524],[84.2304,18.4521],[84.2301,18.4521],[84.2301,18.4518],[84.2299,18.4518],[84.2299,18.4515],[84.2296,18.4515],[84.2296,18.4512],[84.2293,18.4513],[84.2293,18.451],[84.229,18.451],[84.229,18.4507],[84.2288,18.4507],[84.2288,18.4504],[84.2285,18.4504],[84.2285,18.4501],[84.2282,18.4501],[84.2282,18.4499],[84.2279,18.4499],[84.2279,18.4496],[84.2276,18.4496],[84.2276,18.4493],[84.2274,18.4493],[84.2274,18.449],[84.2268,18.449],[84.2268,18.4487],[84.2265,18.4487],[84.2265,18.4485],[84.2262,18.4485],[84.2262,18.4482],[84.226,18.4482],[84.226,18.4479],[84.2257,18.4479],[84.2257,18.4476],[84.2254,18.4476],[84.2254,18.4474],[84.2251,18.4474],[84.2251,18.4471],[84.2249,18.4471],[84.2249,18.4468],[84.2246,18.4468],[84.2246,18.4465],[84.2243,18.4465],[84.2243,18.4463],[84.224,18.4463],[84.224,18.446],[84.2237,18.446],[84.2237,18.4457],[84.2235,18.4457],[84.2235,18.4454],[84.2229,18.4454],[84.2229,18.4451],[84.2226,18.4451],[84.2226,18.4449],[84.2224,18.4449],[84.2224,18.4446],[84.2221,18.4446],[84.2221,18.4443],[84.2218,18.4443],[84.2218,18.444],[84.2215,18.444],[84.2215,18.4437],[84.2213,18.4437],[84.2213,18.4435],[84.221,18.4435],[84.221,18.4432],[84.2207,18.4432],[84.2207,18.4429],[84.2204,18.4429],[84.2204,18.4426],[84.2201,18.4426],[84.2201,18.4424],[84.2199,18.4424],[84.2199,18.4421],[84.2196,18.4421],[84.2196,18.4418],[84.219,18.4418],[84.219,18.4415],[84.2188,18.4415],[84.2188,18.4412],[84.2185,18.4412],[84.2185,18.441],[84.2182,18.441],[84.2182,18.4407],[84.2179,18.4407],[84.2179,18.4404],[84.2176,18.4404],[84.2176,18.4401],[84.2174,18.4401],[84.2174,18.4399],[84.2171,18.4399],[84.2171,18.4396],[84.2168,18.4396],[84.2168,18.4393],[84.2165,18.4393],[84.2165,18.439],[84.2162,18.439],[84.2162,18.4388],[84.216,18.4388],[84.216,18.4385],[84.2157,18.4385],[84.2157,18.4382],[84.2154,18.4382],[84.2154,18.4379],[84.2151,18.4379],[84.2151,18.4376],[84.2149,18.4376],[84.2149,18.4374],[84.2146,18.4374],[84.2146,18.4371],[84.2143,18.4371],[84.2143,18.4368],[84.214,18.4368],[84.214,18.4365],[84.2135,18.4365],[84.2135,18.4363],[84.2132,18.4363],[84.2132,18.436],[84.2129,18.436],[84.2129,18.4357],[84.2126,18.4357],[84.2126,18.4354],[84.2124,18.4354],[84.2124,18.4351],[84.2121,18.4351],[84.2121,18.4349],[84.2118,18.4349],[84.2118,18.4346],[84.2115,18.4346],[84.2115,18.4343],[84.2113,18.4343],[84.2113,18.434],[84.211,18.434],[84.211,18.4338],[84.2107,18.4338],[84.2107,18.4335],[84.2104,18.4335],[84.2104,18.4332],[84.2101,18.4332],[84.2101,18.4329],[84.2099,18.4329],[84.2099,18.4324],[84.2096,18.4324],[84.2096,18.4321],[84.2093,18.4321],[84.2093,18.4318],[84.209,18.4318],[84.209,18.4315],[84.2087,18.4315],[84.2087,18.4313],[84.2085,18.4313],[84.2085,18.431],[84.2082,18.431],[84.2082,18.4307],[84.2079,18.4307],[84.2079,18.4304],[84.2076,18.4304],[84.2076,18.4301],[84.2071,18.4301],[84.2071,18.4299],[84.2068,18.4299],[84.2068,18.4296],[84.2065,18.4296],[84.2065,18.4293],[84.2063,18.4293],[84.2063,18.429],[84.206,18.429],[84.206,18.4287],[84.2057,18.4287],[84.2057,18.4285],[84.2054,18.4285],[84.2054,18.4282],[84.2051,18.4282],[84.2051,18.4279],[84.2049,18.4279],[84.2049,18.4276],[84.204,18.4276],[84.204,18.4274],[84.2038,18.4274],[84.2038,18.4271],[84.2032,18.4271],[84.2032,18.4268],[84.2029,18.4268],[84.2029,18.4265],[84.2026,18.4265],[84.2026,18.4263],[84.2021,18.4263],[84.2021,18.4257],[84.2018,18.4257],[84.2018,18.4254],[84.2021,18.4254],[84.2021,18.4251],[84.2018,18.4251],[84.2018,18.4249],[84.2015,18.4249],[84.2015,18.4246],[84.201,18.4246],[84.201,18.4243],[84.2007,18.4243],[84.2007,18.424],[84.2004,18.424],[84.2004,18.4237],[84.2001,18.4237],[84.2001,18.4235],[84.1999,18.4235],[84.1999,18.4232],[84.1996,18.4232],[84.1996,18.4229],[84.199,18.4229],[84.199,18.4226],[84.1988,18.4226],[84.1988,18.4224],[84.1985,18.4224],[84.1985,18.4221],[84.1982,18.4221],[84.1982,18.4218],[84.1979,18.4218],[84.1979,18.4215],[84.1976,18.4215],[84.1976,18.4213],[84.1971,18.4213],[84.1971,18.421],[84.1968,18.421],[84.1968,18.4207],[84.1965,18.4207],[84.1965,18.4204],[84.196,18.4204],[84.196,18.4201],[84.1957,18.4201],[84.1957,18.4196],[84.1954,18.4196],[84.1954,18.419],[84.1951,18.419],[84.1951,18.4188],[84.1949,18.4188],[84.1949,18.4179],[84.1943,18.4179],[84.1943,18.4176],[84.194,18.4176],[84.194,18.4174],[84.1937,18.4174],[84.1937,18.4171],[84.1935,18.4171],[84.1935,18.4168],[84.1932,18.4168],[84.1932,18.4165],[84.1929,18.4165],[84.1929,18.4162],[84.1926,18.4162],[84.1926,18.416],[84.1921,18.416],[84.1921,18.4157],[84.1918,18.4157],[84.1918,18.4154],[84.191,18.4154],[84.191,18.4151],[84.1904,18.4151],[84.1904,18.4149],[84.1901,18.4149],[84.1901,18.4146],[84.1899,18.4146],[84.1899,18.414],[84.1893,18.414],[84.1893,18.4137],[84.189,18.4137],[84.189,18.4135],[84.1888,18.4135],[84.1888,18.4132],[84.1885,18.4132],[84.1885,18.4124],[84.1882,18.4124],[84.1882,18.4121],[84.1879,18.4121],[84.1879,18.4118],[84.1876,18.4118],[84.1876,18.4115],[84.1874,18.4115],[84.1874,18.4113],[84.1871,18.4113],[84.1871,18.411],[84.1868,18.411],[84.1868,18.4107],[84.1865,18.4107],[84.1865,18.4104],[84.1862,18.4104],[84.1862,18.4101],[84.186,18.4101],[84.186,18.4096],[84.1857,18.4096],[84.1857,18.4093],[84.1854,18.4093],[84.1854,18.409],[84.1851,18.409],[84.1851,18.4088],[84.1849,18.4088],[84.1849,18.4085],[84.1846,18.4085],[84.1846,18.4082],[84.1843,18.4082],[84.1843,18.4079],[84.184,18.4079],[84.184,18.4076],[84.1837,18.4076],[84.1837,18.4074],[84.1835,18.4074],[84.1835,18.4071],[84.1832,18.4071],[84.1832,18.4068],[84.1829,18.4068],[84.1829,18.4065],[84.1826,18.4065],[84.1826,18.4063],[84.1824,18.4063],[84.1824,18.406],[84.1821,18.406],[84.1821,18.4057],[84.1818,18.4057],[84.1818,18.4054],[84.1815,18.4054],[84.1815,18.4051],[84.1813,18.4051],[84.1813,18.4049],[84.181,18.4049],[84.181,18.4046],[84.1807,18.4046],[84.1807,18.4043],[84.1804,18.4043],[84.1804,18.404],[84.1799,18.404],[84.1799,18.4038],[84.1796,18.4038],[84.1796,18.4035],[84.1793,18.4035],[84.1793,18.4032],[84.179,18.4032],[84.179,18.4029],[84.1787,18.4029],[84.1787,18.4026],[84.1785,18.4026],[84.1785,18.4024],[84.1782,18.4024],[84.1782,18.4021],[84.1779,18.4021],[84.1779,18.4018],[84.1776,18.4018],[84.1776,18.4015],[84.1774,18.4015],[84.1774,18.4013],[84.1771,18.4013],[84.1771,18.401],[84.1768,18.401],[84.1768,18.4007],[84.1765,18.4007],[84.1765,18.4004],[84.1762,18.4004],[84.1762,18.4001],[84.176,18.4001],[84.176,18.3999],[84.1757,18.3999],[84.1757,18.3996],[84.1754,18.3996],[84.1754,18.3993],[84.1751,18.3993],[84.1751,18.3988],[84.1749,18.3988],[84.1749,18.3985],[84.1746,18.3985],[84.1746,18.3982],[84.1743,18.3982],[84.1743,18.3979],[84.174,18.3979],[84.174,18.3976],[84.1738,18.3976],[84.1738,18.3974],[84.1735,18.3974],[84.1735,18.3971],[84.1732,18.3971],[84.1732,18.3968],[84.1729,18.3968],[84.1729,18.3965],[84.1726,18.3965],[84.1726,18.3962],[84.1724,18.3962],[84.1724,18.396],[84.1721,18.396],[84.1721,18.3957],[84.1718,18.3957],[84.1718,18.3954],[84.1715,18.3954],[84.1715,18.3949],[84.1712,18.3949],[84.1712,18.3946],[84.171,18.3946],[84.171,18.3943],[84.1707,18.3943],[84.1707,18.394],[84.1704,18.394],[84.1704,18.3938],[84.1701,18.3938],[84.1701,18.3935],[84.1699,18.3935],[84.1699,18.3932],[84.1696,18.3932],[84.1696,18.3929],[84.1693,18.3929],[84.1693,18.3926],[84.169,18.3926],[84.169,18.3924],[84.1687,18.3924],[84.1687,18.3921],[84.1685,18.3921],[84.1685,18.3918],[84.1682,18.3918],[84.1682,18.3915],[84.1679,18.3915],[84.1679,18.3912],[84.1676,18.3912],[84.1676,18.391],[84.1674,18.391],[84.1674,18.3907],[84.1671,18.3907],[84.1671,18.3904],[84.1668,18.3904],[84.1668,18.3901],[84.1665,18.3901],[84.1665,18.3899],[84.1663,18.3899],[84.1663,18.3896],[84.166,18.3896],[84.166,18.3893],[84.1657,18.3893],[84.1657,18.3887],[84.1654,18.3887],[84.1654,18.3885],[84.1651,18.3885],[84.1651,18.3882],[84.1649,18.3882],[84.1649,18.3879],[84.1646,18.3879],[84.1646,18.3876],[84.1643,18.3876],[84.1643,18.3874],[84.164,18.3874],[84.164,18.3871],[84.1637,18.3871],[84.1637,18.3868],[84.1635,18.3868],[84.1635,18.3865],[84.1632,18.3865],[84.1632,18.3862],[84.1629,18.3862],[84.1629,18.386],[84.1626,18.386],[84.1626,18.3857],[84.1624,18.3857],[84.1624,18.3854],[84.1621,18.3854],[84.1621,18.3852],[84.1618,18.3852],[84.1618,18.3849],[84.1615,18.3849],[84.1615,18.3846],[84.1612,18.3846],[84.1612,18.3843],[84.161,18.3843],[84.161,18.384],[84.1607,18.384],[84.1607,18.3838],[84.1604,18.3838],[84.1604,18.3835],[84.1601,18.3835],[84.1601,18.3832],[84.1599,18.3832],[84.1599,18.3829],[84.1596,18.3829],[84.1596,18.3826],[84.1593,18.3826],[84.1593,18.3824],[84.159,18.3824],[84.159,18.3821],[84.1588,18.3821],[84.1588,18.3818],[84.1585,18.3818],[84.1585,18.3815],[84.1582,18.3815],[84.1582,18.3813],[84.1579,18.3813],[84.1579,18.381],[84.1576,18.381],[84.1576,18.3807],[84.1574,18.3807],[84.1574,18.3804],[84.1571,18.3804],[84.1571,18.3801],[84.1568,18.3801],[84.1568,18.3799],[84.1565,18.3799],[84.1565,18.3796],[84.1563,18.3796],[84.1563,18.3793],[84.156,18.3793],[84.156,18.379],[84.1557,18.379],[84.1557,18.3788],[84.1554,18.3788],[84.1554,18.3785],[84.1551,18.3785],[84.1551,18.3782],[84.1549,18.3782],[84.1549,18.3779],[84.1546,18.3779],[84.1546,18.3776],[84.1543,18.3776],[84.1543,18.3774],[84.154,18.3774],[84.154,18.3771],[84.1537,18.3771],[84.1537,18.3768],[84.1535,18.3768],[84.1535,18.3765],[84.1532,18.3765],[84.1532,18.376],[84.1529,18.376],[84.1529,18.3757],[84.1526,18.3757],[84.1526,18.3754],[84.1524,18.3754],[84.1524,18.3751],[84.1521,18.3751],[84.1521,18.3749],[84.1518,18.3749],[84.1518,18.3746],[84.1515,18.3746],[84.1515,18.3743],[84.1513,18.3743],[84.1513,18.374],[84.151,18.374],[84.151,18.3738],[84.1507,18.3738],[84.1507,18.3735],[84.1504,18.3735],[84.1504,18.3729],[84.1501,18.3729],[84.1501,18.3724],[84.1496,18.3724],[84.1496,18.3721],[84.1493,18.3721],[84.1493,18.3718],[84.149,18.3718],[84.149,18.3713],[84.1488,18.3713],[84.1488,18.3704],[84.1485,18.3704],[84.1485,18.3699],[84.1482,18.3699],[84.1482,18.3693],[84.1479,18.3693],[84.1479,18.3687],[84.1476,18.3687],[84.1476,18.3685],[84.1474,18.3685],[84.1474,18.3682],[84.1471,18.3682],[84.1471,18.3674],[84.1468,18.3674],[84.1468,18.3665],[84.1465,18.3665],[84.1465,18.366],[84.1462,18.366],[84.1462,18.3657],[84.146,18.3657],[84.146,18.364],[84.1457,18.364],[84.1457,18.3637],[84.1454,18.3637],[84.1454,18.3632],[84.1451,18.3632],[84.1451,18.3626],[84.1449,18.3626],[84.1449,18.3624],[84.1443,18.3624],[84.1443,18.3621],[84.144,18.3621],[84.144,18.3612],[84.1438,18.3612],[84.1438,18.3609],[84.1438,18.3607],[84.1435,18.3607],[84.1435,18.3601],[84.1432,18.3601],[84.1432,18.3599],[84.1429,18.3599],[84.1429,18.3593],[84.1426,18.3593],[84.1426,18.3587],[84.1424,18.3587],[84.1424,18.3585],[84.1421,18.3585],[84.1421,18.3582],[84.1418,18.3582],[84.1418,18.3579],[84.1415,18.3579],[84.1415,18.3576],[84.1412,18.3576],[84.1412,18.3568],[84.141,18.3568],[84.141,18.3563],[84.1407,18.3563],[84.1407,18.356],[84.1404,18.356],[84.1404,18.3557],[84.1401,18.3557],[84.1401,18.3554],[84.1399,18.3554],[84.1399,18.3549],[84.1396,18.3549],[84.1396,18.3546],[84.1393,18.3546],[84.1393,18.354],[84.139,18.354],[84.139,18.3538],[84.1387,18.3538],[84.1387,18.3532],[84.1385,18.3532],[84.1385,18.3526],[84.1382,18.3526],[84.1382,18.3518],[84.1379,18.3518],[84.1379,18.3513],[84.1376,18.3513],[84.1376,18.3507],[84.1374,18.3507],[84.1374,18.3499],[84.1371,18.3499],[84.1371,18.3493],[84.1365,18.3493],[84.1365,18.349],[84.136,18.349],[84.136,18.3487],[84.1357,18.3487],[84.1357,18.3485],[84.1354,18.3485],[84.1354,18.3482],[84.1351,18.3482],[84.1351,18.3479],[84.1349,18.3479],[84.1349,18.3476],[84.1346,18.3476],[84.1346,18.3474],[84.1343,18.3474],[84.1343,18.3471],[84.1332,18.3471],[84.1332,18.3468],[84.1321,18.3468],[84.1321,18.3474],[84.1318,18.3474],[84.1318,18.3485],[84.1312,18.3485],[84.1312,18.3493],[84.1304,18.3493],[84.1304,18.3496],[84.1299,18.3496],[84.1299,18.3499],[84.1293,18.3499],[84.1293,18.3501],[84.129,18.3501],[84.129,18.3504],[84.1285,18.3504],[84.1285,18.3507],[84.1282,18.3507],[84.1282,18.351],[84.1279,18.351],[84.1279,18.3513],[84.1271,18.3513],[84.1271,18.3515],[84.1265,18.3515],[84.1265,18.3518],[84.126,18.3518],[84.126,18.3515],[84.1257,18.3515],[84.1257,18.3513],[84.126,18.3513],[84.126,18.351],[84.1263,18.351],[84.1263,18.3507],[84.1268,18.3507],[84.1268,18.3501],[84.1271,18.3501],[84.1271,18.3496],[84.1274,18.3496],[84.1274,18.3493],[84.1276,18.3493],[84.1276,18.349],[84.1274,18.349],[84.1274,18.3482],[84.1271,18.3482],[84.1271,18.3468],[84.1274,18.3468],[84.1274,18.3465],[84.1279,18.3465],[84.1279,18.3468],[84.1282,18.3468],[84.1282,18.3471],[84.1279,18.3471],[84.1279,18.3479],[84.1282,18.3479],[84.1282,18.3476],[84.1285,18.3476],[84.1285,18.3474],[84.1287,18.3474],[84.1287,18.3471],[84.129,18.3471],[84.129,18.346],[84.1285,18.346],[84.1285,18.3457],[84.1282,18.3457],[84.1282,18.3454],[84.1279,18.3454],[84.1279,18.3451],[84.1282,18.3451],[84.1282,18.3449],[84.1288,18.3449],[84.1288,18.3446],[84.129,18.3446],[84.129,18.3443],[84.1293,18.3443],[84.1293,18.3432],[84.1285,18.3432],[84.1285,18.3429],[84.1263,18.3429],[84.1263,18.3432],[84.1257,18.3432],[84.1257,18.3435],[84.1249,18.3435],[84.1249,18.3432],[84.1243,18.3432],[84.1243,18.3429],[84.1249,18.3429],[84.1249,18.3426],[84.1251,18.3426],[84.1251,18.3424],[84.1257,18.3424],[84.1257,18.3421],[84.126,18.3421],[84.126,18.3415],[84.1263,18.3415],[84.1263,18.3412],[84.1268,18.3412],[84.1268,18.341],[84.1274,18.341],[84.1274,18.3404],[84.1271,18.3404],[84.1271,18.3399],[84.1268,18.3399],[84.1268,18.339],[84.1265,18.339],[84.1265,18.3385],[84.1268,18.3385],[84.1268,18.3371],[84.1271,18.3371],[84.1271,18.3368],[84.1274,18.3368],[84.1274,18.3362],[84.1271,18.3362],[84.1271,18.3351],[84.1268,18.3351],[84.1268,18.334],[84.1265,18.334],[84.1265,18.3329],[84.1263,18.3329],[84.1263,18.3318],[84.126,18.3318],[84.126,18.3301],[84.1257,18.3301],[84.1257,18.3288],[84.1254,18.3288],[84.1254,18.3282],[84.1249,18.3282],[84.1249,18.3285],[84.1246,18.3285],[84.1246,18.3288],[84.1235,18.3288],[84.1235,18.3271],[84.1237,18.3271],[84.1237,18.3265],[84.124,18.3265],[84.124,18.3257],[84.1243,18.3257],[84.1243,18.3254],[84.1246,18.3254],[84.1246,18.3251],[84.1249,18.3251],[84.1249,18.3248],[84.1251,18.3249],[84.1251,18.3246],[84.126,18.3246],[84.126,18.3257],[84.1263,18.3257],[84.1263,18.3263],[84.1268,18.3263],[84.1268,18.3265],[84.1271,18.3265],[84.1271,18.3263],[84.1274,18.3263],[84.1274,18.3248],[84.1276,18.3249],[84.1276,18.3229],[84.1279,18.3229],[84.1279,18.3207],[84.1282,18.3207],[84.1282,18.3196],[84.1285,18.3196],[84.1285,18.319],[84.1287,18.319],[84.1287,18.3185],[84.129,18.3185],[84.129,18.3182],[84.1293,18.3182],[84.1293,18.3176],[84.1296,18.3176],[84.1296,18.3168],[84.1293,18.3168],[84.1293,18.316],[84.1296,18.316],[84.1296,18.3157],[84.1299,18.3157],[84.1299,18.3151],[84.1296,18.3151],[84.1296,18.3143],[84.129,18.3143],[84.129,18.314],[84.1285,18.314],[84.1285,18.3138],[84.1282,18.3138],[84.1282,18.3135],[84.1276,18.3135],[84.1276,18.3132],[84.1274,18.3132],[84.1274,18.3129],[84.1271,18.3129],[84.1271,18.3121],[84.1268,18.3121],[84.1268,18.3115],[84.1265,18.3115],[84.1265,18.3113],[84.126,18.3113],[84.126,18.311],[84.1257,18.311],[84.1257,18.3104],[84.1254,18.3104],[84.1254,18.3101],[84.1251,18.3101],[84.1251,18.3099],[84.1249,18.3099],[84.1249,18.3096],[84.1246,18.3096],[84.1246,18.3093],[84.124,18.3093],[84.124,18.309],[84.1235,18.309],[84.1235,18.3087],[84.1229,18.3087],[84.1229,18.3085],[84.1226,18.3085],[84.1226,18.3082],[84.1221,18.3082],[84.1221,18.3079],[84.121,18.3079],[84.121,18.3082],[84.1201,18.3082],[84.1201,18.3079],[84.1199,18.3079],[84.1199,18.3076],[84.1196,18.3076],[84.1196,18.3074],[84.119,18.3074],[84.119,18.3071],[84.1188,18.3071],[84.1188,18.3068],[84.1186,18.3068],[84.1185,18.3068],[84.1185,18.3065],[84.1182,18.3065],[84.1182,18.3062],[84.1176,18.3062],[84.1176,18.306],[84.1171,18.306],[84.1171,18.3057],[84.1168,18.3057],[84.1168,18.3054],[84.1162,18.3054],[84.1162,18.3051],[84.1157,18.3051],[84.1157,18.3049],[84.1154,18.3049],[84.1154,18.3046],[84.1149,18.3046],[84.1149,18.3043],[84.1143,18.3043],[84.1143,18.304],[84.114,18.304],[84.114,18.3037],[84.1135,18.3037],[84.1135,18.3035],[84.1132,18.3035],[84.1132,18.3032],[84.1126,18.3032],[84.1126,18.3029],[84.1121,18.3029],[84.1121,18.3026],[84.1118,18.3026],[84.1118,18.3024],[84.1113,18.3024],[84.1113,18.3021],[84.1107,18.3021],[84.1107,18.3018],[84.1104,18.3018],[84.1104,18.3015],[84.1099,18.3015],[84.1099,18.3013],[84.1093,18.3013],[84.1093,18.301],[84.109,18.301],[84.109,18.3007],[84.1085,18.3007],[84.1085,18.3004],[84.1079,18.3004],[84.1079,18.3001],[84.1076,18.3001],[84.1076,18.2999],[84.1071,18.2999],[84.1071,18.2996],[84.1065,18.2996],[84.1065,18.2993],[84.1062,18.2993],[84.1062,18.299],[84.1057,18.299],[84.1057,18.2988],[84.1051,18.2988],[84.1051,18.2985],[84.1049,18.2985],[84.1049,18.2982],[84.1043,18.2982],[84.1043,18.2979],[84.1038,18.2979],[84.1038,18.2976],[84.1035,18.2976],[84.1035,18.2974],[84.1029,18.2974],[84.1029,18.2971],[84.1026,18.2971],[84.1026,18.2968],[84.1021,18.2968],[84.1021,18.2965],[84.1015,18.2965],[84.1015,18.2962],[84.1012,18.2962],[84.1012,18.296],[84.1007,18.296],[84.1007,18.2957],[84.1001,18.2957],[84.1001,18.2954],[84.0999,18.2954],[84.0999,18.2951],[84.0993,18.2951],[84.0993,18.2949],[84.0987,18.2949],[84.0987,18.2946],[84.0985,18.2946],[84.0985,18.2943],[84.0979,18.2943],[84.0979,18.294],[84.0974,18.294],[84.0974,18.2938],[84.0968,18.2938],[84.0968,18.2935],[84.0965,18.2935],[84.0965,18.2932],[84.096,18.2932],[84.096,18.2929],[84.0954,18.2929],[84.0954,18.2926],[84.0949,18.2926],[84.0949,18.2924],[84.0946,18.2924],[84.0946,18.2921],[84.094,18.2921],[84.094,18.2918],[84.0935,18.2918],[84.0935,18.2915],[84.0929,18.2915],[84.0929,18.2913],[84.0926,18.2913],[84.0926,18.291],[84.0921,18.291],[84.0921,18.2907],[84.0915,18.2907],[84.0915,18.2904],[84.0912,18.2904],[84.0912,18.2901],[84.0907,18.2901],[84.0907,18.2899],[84.0901,18.2899],[84.0901,18.2896],[84.0896,18.2896],[84.0896,18.2893],[84.0893,18.2893],[84.0893,18.289],[84.0888,18.289],[84.0888,18.2887],[84.0885,18.2887],[84.0885,18.289],[84.0879,18.289],[84.0879,18.2887],[84.0876,18.2887],[84.0876,18.2882],[84.0874,18.2882],[84.0874,18.2879],[84.086,18.2879],[84.086,18.2876],[84.0857,18.2876],[84.0857,18.2854],[84.0854,18.2854],[84.0854,18.2851],[84.0851,18.2851],[84.0851,18.2849],[84.0849,18.2849],[84.0849,18.2846],[84.0843,18.2846],[84.0843,18.2843],[84.084,18.2843],[84.084,18.284],[84.0837,18.284],[84.0837,18.2837],[84.084,18.2837],[84.084,18.2835],[84.0829,18.2835],[84.0829,18.2832],[84.0821,18.2832],[84.0821,18.2829],[84.0818,18.2829],[84.0818,18.2826],[84.0815,18.2826],[84.0815,18.2824],[84.081,18.2824],[84.081,18.2821],[84.0807,18.2821],[84.0807,18.2815],[84.0799,18.2815],[84.0799,18.2812],[84.0796,18.2812],[84.0796,18.281],[84.0793,18.281],[84.0793,18.2807],[84.0785,18.2807],[84.0785,18.2804],[84.0782,18.2804],[84.0782,18.2801],[84.0776,18.2801],[84.0776,18.2799],[84.0774,18.2799],[84.0774,18.2796],[84.0771,18.2796],[84.0771,18.279],[84.0768,18.279],[84.0768,18.2787],[84.0765,18.2787],[84.0765,18.2782],[84.0762,18.2782],[84.0762,18.2779],[84.076,18.2779],[84.076,18.2776],[84.0754,18.2776],[84.0754,18.2774],[84.0746,18.2774],[84.0746,18.2771],[84.074,18.2771],[84.074,18.2768],[84.0738,18.2768],[84.0738,18.2765],[84.0721,18.2765],[84.0721,18.2763],[84.0704,18.2763],[84.0704,18.276],[84.0696,18.276],[84.0696,18.2757],[84.069,18.2757],[84.069,18.2754],[84.0685,18.2754],[84.0685,18.2751],[84.0679,18.2751],[84.0679,18.2749],[84.0674,18.2749],[84.0674,18.2746],[84.0668,18.2746],[84.0668,18.2743],[84.0662,18.2743],[84.0662,18.274],[84.0657,18.274],[84.0657,18.2738],[84.0649,18.2738],[84.0649,18.2735],[84.0643,18.2735],[84.0643,18.2732],[84.0638,18.2732],[84.0638,18.2729],[84.0632,18.2729],[84.0632,18.2726],[84.0626,18.2726],[84.0626,18.2724],[84.0621,18.2724],[84.0621,18.2721],[84.0615,18.2721],[84.0615,18.2718],[84.061,18.2718],[84.061,18.2715],[84.0602,18.2715],[84.0602,18.2713],[84.0596,18.2713],[84.0596,18.271],[84.059,18.271],[84.059,18.2707],[84.0585,18.2707],[84.0585,18.2704],[84.0579,18.2704],[84.0579,18.2701],[84.0574,18.2701],[84.0574,18.2699],[84.0568,18.2699],[84.0568,18.2696],[84.056,18.2696],[84.056,18.2693],[84.0554,18.2693],[84.0554,18.269],[84.0549,18.269],[84.0549,18.2687],[84.0543,18.2687],[84.0543,18.2685],[84.0537,18.2685],[84.0537,18.2682],[84.0532,18.2682],[84.0532,18.2679],[84.0526,18.2679],[84.0526,18.2676],[84.0521,18.2676],[84.0521,18.2674],[84.0512,18.2674],[84.0512,18.2671],[84.0507,18.2671],[84.0507,18.2668],[84.0501,18.2668],[84.0501,18.2665],[84.0496,18.2665],[84.0496,18.2663],[84.049,18.2663],[84.049,18.266],[84.0485,18.266],[84.0485,18.2657],[84.0479,18.2657],[84.0479,18.2654],[84.0474,18.2654],[84.0474,18.2651],[84.0465,18.2651],[84.0465,18.2649],[84.046,18.2649],[84.046,18.2646],[84.0454,18.2646],[84.0454,18.2643],[84.0449,18.2643],[84.0449,18.264],[84.0443,18.264],[84.0443,18.2638],[84.0437,18.2638],[84.0437,18.2635],[84.0429,18.2635],[84.0429,18.2632],[84.0424,18.2632],[84.0424,18.2629],[84.0418,18.2629],[84.0418,18.2626],[84.0413,18.2626],[84.0413,18.2624],[84.0401,18.2624],[84.0401,18.2621],[84.0393,18.2621],[84.0393,18.2618],[84.039,18.2618],[84.039,18.2615],[84.0387,18.2615],[84.0387,18.2612],[84.0382,18.2612],[84.0382,18.261],[84.0376,18.261],[84.0376,18.2607],[84.0371,18.2607],[84.0371,18.2604],[84.0365,18.2604],[84.0365,18.2601],[84.0357,18.2601],[84.0357,18.2599],[84.0351,18.2599],[84.0351,18.2596],[84.0346,18.2596],[84.0346,18.2593],[84.034,18.2593],[84.034,18.259],[84.0335,18.259],[84.0335,18.2588],[84.0329,18.2588],[84.0329,18.2585],[84.0321,18.2585],[84.0321,18.2582],[84.0315,18.2582],[84.0315,18.2579],[84.031,18.2579],[84.031,18.2576],[84.0304,18.2576],[84.0304,18.2574],[84.0298,18.2574],[84.0298,18.2571],[84.0293,18.2571],[84.0293,18.2568],[84.0285,18.2568],[84.0285,18.2565],[84.0279,18.2565],[84.0279,18.2562],[84.0274,18.2562],[84.0274,18.256],[84.0268,18.256],[84.0268,18.2557],[84.0263,18.2557],[84.0263,18.2554],[84.0257,18.2554],[84.0257,18.2551],[84.0249,18.2551],[84.0249,18.2549],[84.0243,18.2549],[84.0243,18.2546],[84.0238,18.2546],[84.0238,18.2543],[84.0232,18.2543],[84.0232,18.254],[84.0226,18.254],[84.0226,18.2537],[84.0221,18.2537],[84.0221,18.2535],[84.0215,18.2535],[84.0215,18.2532],[84.021,18.2532],[84.021,18.2529],[84.0204,18.2529],[84.0204,18.2526],[84.0199,18.2526],[84.0199,18.2524],[84.0193,18.2524],[84.0193,18.2521],[84.0188,18.2521],[84.0188,18.2518],[84.0182,18.2518],[84.0182,18.2515],[84.0176,18.2515],[84.0176,18.2513],[84.0171,18.2513],[84.0171,18.251],[84.0165,18.251],[84.0165,18.2507],[84.016,18.2507],[84.016,18.251],[84.0151,18.251],[84.0151,18.2507],[84.014,18.2507],[84.014,18.2504],[84.0126,18.2504],[84.0126,18.2501],[84.0118,18.2501],[84.0118,18.2499],[84.0113,18.2499],[84.0113,18.2496],[84.011,18.2496],[84.011,18.2493],[84.0107,18.2493],[84.0107,18.249],[84.0104,18.249],[84.0104,18.2482],[84.0101,18.2482],[84.0101,18.2479],[84.0099,18.2479],[84.0099,18.2476],[84.0096,18.2476],[84.0096,18.2479],[84.009,18.2479],[84.009,18.2476],[84.0088,18.2476],[84.0088,18.2474],[84.0085,18.2474],[84.0085,18.2471],[84.0079,18.2471],[84.0079,18.2468],[84.0076,18.2468],[84.0076,18.2465],[84.0074,18.2465],[84.0074,18.2463],[84.0068,18.2463],[84.0068,18.246],[84.006,18.246],[84.006,18.2457],[84.0054,18.2457],[84.0054,18.2454],[84.0049,18.2454],[84.0049,18.246],[84.0046,18.246],[84.0046,18.2463],[84.004,18.2463],[84.004,18.246],[84.0038,18.246],[84.0038,18.2457],[84.0035,18.2457],[84.0035,18.2454],[84.0032,18.2454],[84.0032,18.2449],[84.0029,18.2449],[84.0029,18.244],[84.0024,18.244],[84.0024,18.2438],[84.0018,18.2438],[84.0018,18.2435],[84.0013,18.2435],[84.0013,18.2432],[84.0007,18.2432],[84.0007,18.2429],[83.9999,18.2429],[83.999,18.2429],[83.999,18.2426],[83.9985,18.2426],[83.9985,18.2424],[83.9982,18.2424],[83.9982,18.2421],[83.9976,18.2421],[83.9976,18.2418],[83.9974,18.2418],[83.9974,18.2415],[83.9965,18.2415],[83.9965,18.2412],[83.9962,18.2412],[83.9962,18.241],[83.9957,18.241],[83.9957,18.2407],[83.9954,18.2407],[83.9954,18.2404],[83.9949,18.2404],[83.9949,18.2401],[83.9943,18.2401],[83.9943,18.2399],[83.9937,18.2399],[83.9937,18.2396],[83.9932,18.2396],[83.9932,18.2393],[83.9926,18.2393],[83.9926,18.239],[83.9921,18.239],[83.9921,18.2388],[83.9912,18.2388],[83.9912,18.2385],[83.9907,18.2385],[83.9907,18.2382],[83.9901,18.2382],[83.9901,18.2379],[83.9896,18.2379],[83.9896,18.2376],[83.989,18.2376],[83.989,18.2374],[83.9885,18.2374],[83.9885,18.2371],[83.9879,18.2371],[83.9879,18.2368],[83.9874,18.2368],[83.9874,18.2365],[83.9868,18.2365],[83.9868,18.2362],[83.9863,18.2362],[83.9863,18.236],[83.9857,18.236],[83.9857,18.2357],[83.9851,18.2357],[83.9851,18.2354],[83.9843,18.2354],[83.9843,18.2351],[83.984,18.2351],[83.984,18.2349],[83.9835,18.2349],[83.9835,18.2346],[83.9826,18.2346],[83.9826,18.2343],[83.9821,18.2343],[83.9821,18.234],[83.9815,18.234],[83.9815,18.2337],[83.981,18.2337],[83.981,18.2335],[83.9804,18.2335],[83.9804,18.2332],[83.9801,18.2332],[83.9801,18.2329],[83.9796,18.2329],[83.9796,18.2326],[83.9785,18.2326],[83.9785,18.2324],[83.9782,18.2324],[83.9782,18.2321],[83.9776,18.2321],[83.9776,18.2318],[83.9771,18.2318],[83.9771,18.2315],[83.9765,18.2315],[83.9765,18.2313],[83.976,18.2313],[83.976,18.231],[83.9757,18.231],[83.9757,18.2307],[83.9754,18.2307],[83.9754,18.2304],[83.9746,18.2304],[83.9746,18.2301],[83.974,18.2301],[83.974,18.2299],[83.9735,18.2299],[83.9735,18.2296],[83.9726,18.2296],[83.9726,18.2293],[83.9724,18.2293],[83.9724,18.229],[83.9721,18.229],[83.9721,18.2287],[83.9704,18.2287],[83.9704,18.2282],[83.9701,18.2282],[83.9701,18.2279],[83.9699,18.2279],[83.9699,18.2276],[83.9696,18.2276],[83.9696,18.2274],[83.9693,18.2274],[83.9693,18.2271],[83.9688,18.2271],[83.9688,18.2268],[83.9682,18.2268],[83.9682,18.2265],[83.9676,18.2265],[83.9676,18.2262],[83.9671,18.2262],[83.9671,18.226],[83.9668,18.226],[83.9668,18.2257],[83.9662,18.2257],[83.9662,18.2254],[83.9654,18.2254],[83.9654,18.2251],[83.9646,18.2251],[83.9646,18.2249],[83.9643,18.2249],[83.9643,18.2246],[83.964,18.2246],[83.964,18.2243],[83.9638,18.2243],[83.9638,18.224],[83.9624,18.224],[83.9624,18.2238],[83.9621,18.2238],[83.9621,18.2235],[83.9615,18.2235],[83.9615,18.2232],[83.9613,18.2232],[83.9613,18.2229],[83.961,18.2229],[83.961,18.2227],[83.9604,18.2227],[83.9604,18.2224],[83.9601,18.2224],[83.9601,18.2221],[83.959,18.2221],[83.959,18.2218],[83.9587,18.2218],[83.9587,18.2215],[83.9585,18.2215],[83.9585,18.2213],[83.9582,18.2213],[83.9582,18.221],[83.9568,18.221],[83.9568,18.2207],[83.9565,18.2207],[83.9565,18.2204],[83.956,18.2204],[83.956,18.2201],[83.9554,18.2201],[83.9554,18.2199],[83.9549,18.2199],[83.9549,18.2196],[83.9546,18.2196],[83.9546,18.2193],[83.9543,18.2193],[83.9543,18.219],[83.9535,18.219],[83.9535,18.2188],[83.9529,18.2188],[83.9529,18.2185],[83.9524,18.2185],[83.9524,18.2182],[83.9518,18.2182],[83.9518,18.2179],[83.9515,18.2179],[83.9515,18.2176],[83.9512,18.2176],[83.9512,18.2174],[83.951,18.2174],[83.951,18.2171],[83.9507,18.2171],[83.9507,18.2168],[83.9496,18.2168],[83.9496,18.2171],[83.949,18.2171],[83.949,18.2168],[83.9488,18.2168],[83.9488,18.2162],[83.9482,18.2162],[83.9482,18.216],[83.9471,18.216],[83.9471,18.2157],[83.9463,18.2157],[83.9463,18.2154],[83.9449,18.2154],[83.9449,18.2151],[83.9446,18.2151],[83.9446,18.2149],[83.944,18.2149],[83.944,18.2146],[83.9432,18.2146],[83.9432,18.2143],[83.9424,18.2143],[83.9424,18.214],[83.9388,18.214],[83.9388,18.2143],[83.9365,18.2143],[83.9365,18.214],[83.9357,18.214],[83.9357,18.2143],[83.9343,18.2143],[83.9343,18.2138],[83.9346,18.2138],[83.9346,18.2129],[83.9349,18.2129],[83.9349,18.2126],[83.9351,18.2126],[83.9351,18.2124],[83.9354,18.2124],[83.9354,18.2121],[83.9362,18.2121],[83.9362,18.2118],[83.9365,18.2118],[83.9365,18.2115],[83.9368,18.2115],[83.9368,18.2113],[83.9371,18.2113],[83.9371,18.2107],[83.936,18.2107],[83.936,18.2104],[83.9343,18.2104],[83.9343,18.2101],[83.934,18.2101],[83.934,18.2099],[83.9329,18.2099],[83.9329,18.2096],[83.9324,18.2096],[83.9324,18.209],[83.9321,18.209],[83.9321,18.2087],[83.931,18.2087],[83.929,18.2087],[83.929,18.2085],[83.9276,18.2085],[83.9276,18.2082],[83.9271,18.2082],[83.9271,18.2079],[83.9262,18.2079],[83.9262,18.2076],[83.9235,18.2076],[83.9235,18.2074],[83.9224,18.2074],[83.9224,18.2071],[83.9215,18.2071],[83.9215,18.2068],[83.9207,18.2068],[83.9207,18.2065],[83.9204,18.2065],[83.9204,18.2063],[83.9193,18.2063],[83.9193,18.2065],[83.919,18.2065],[83.9182,18.2065],[83.9182,18.2063],[83.9176,18.2063],[83.9176,18.206],[83.9171,18.206],[83.9171,18.2057],[83.9163,18.2057],[83.9163,18.2054],[83.9154,18.2054],[83.9154,18.2051],[83.9146,18.2051],[83.9146,18.2049],[83.9137,18.2049],[83.9137,18.2046],[83.9129,18.2046],[83.9129,18.2043],[83.9118,18.2043],[83.9118,18.204],[83.9112,18.204],[83.9112,18.2038],[83.9096,18.2038],[83.9096,18.2035],[83.9082,18.2035],[83.9082,18.2032],[83.9076,18.2032],[83.9076,18.2029],[83.9071,18.2029],[83.9071,18.2026],[83.9068,18.2026],[83.9068,18.2024],[83.9065,18.2024],[83.9065,18.2021],[83.9054,18.2021],[83.9054,18.2018],[83.9043,18.2018],[83.9043,18.2015],[83.9035,18.2015],[83.9035,18.2012],[83.9032,18.2012],[83.9032,18.2015],[83.9024,18.2015],[83.9024,18.2012],[83.9013,18.2012],[83.9013,18.201],[83.901,18.201],[83.901,18.2007],[83.9004,18.2007],[83.9004,18.2004],[83.899,18.2004],[83.899,18.2001],[83.8985,18.2001],[83.8985,18.1999],[83.8982,18.1999],[83.8982,18.1996],[83.8976,18.1996],[83.8976,18.1993],[83.8965,18.1993],[83.8965,18.199],[83.896,18.199],[83.896,18.1987],[83.8954,18.1987],[83.8954,18.1985],[83.8946,18.1985],[83.8946,18.1982],[83.8926,18.1982],[83.8926,18.1979],[83.8921,18.1979],[83.8921,18.1976],[83.8918,18.1976],[83.8918,18.1974],[83.8913,18.1974],[83.8913,18.1971],[83.8907,18.1971],[83.8907,18.1968],[83.8893,18.1968],[83.8893,18.1963],[83.8887,18.1963],[83.8887,18.196],[83.8885,18.196],[83.8885,18.1957],[83.8882,18.1957],[83.8882,18.1954],[83.8879,18.1954],[83.8879,18.1951],[83.8871,18.1951],[83.8871,18.1954],[83.8863,18.1954],[83.8863,18.1951],[83.886,18.1951],[83.886,18.1949],[83.8857,18.1949],[83.8857,18.1946],[83.8849,18.1946],[83.8849,18.194],[83.8846,18.194],[83.8846,18.1938],[83.8843,18.1938],[83.8843,18.1935],[83.8838,18.1935],[83.8838,18.1932],[83.8826,18.1932],[83.8826,18.1929],[83.8823,18.1929],[83.8823,18.1926],[83.8818,18.1926],[83.8818,18.1923],[83.8812,18.1924],[83.8812,18.1921],[83.8801,18.1921],[83.8801,18.1915],[83.8799,18.1915],[83.8799,18.1913],[83.8796,18.1913],[83.8796,18.191],[83.8788,18.191],[83.8788,18.1907],[83.8785,18.1907],[83.8785,18.1904],[83.8779,18.1904],[83.8779,18.1901],[83.8774,18.1901],[83.8774,18.1899],[83.8771,18.1899],[83.8771,18.1896],[83.8768,18.1896],[83.8768,18.1893],[83.8765,18.1893],[83.8765,18.189],[83.8763,18.189],[83.8763,18.1882],[83.8757,18.1882],[83.8757,18.1879],[83.8749,18.1879],[83.8749,18.1876],[83.8746,18.1876],[83.8746,18.1863],[83.8743,18.1863],[83.8743,18.186],[83.874,18.186],[83.874,18.1849],[83.8743,18.1849],[83.8743,18.1843],[83.874,18.1843],[83.874,18.184],[83.8737,18.184],[83.8737,18.1838],[83.8735,18.1838],[83.8735,18.1835],[83.8732,18.1835],[83.8732,18.1832],[83.8729,18.1832],[83.8729,18.1829],[83.8726,18.1829],[83.8726,18.1826],[83.8724,18.1826],[83.8724,18.1824],[83.8721,18.1824],[83.8721,18.1821],[83.8715,18.1821],[83.8715,18.1818],[83.8712,18.1818],[83.8712,18.1815],[83.871,18.1815],[83.871,18.1812],[83.8707,18.1812],[83.8707,18.1807],[83.8704,18.1807],[83.8704,18.1804],[83.8701,18.1804],[83.8701,18.1801],[83.8699,18.1801],[83.8699,18.1799],[83.8696,18.1799],[83.8696,18.1796],[83.8682,18.1796],[83.8682,18.1793],[83.8673,18.1793],[83.8673,18.179],[83.8671,18.179],[83.8671,18.1788],[83.8662,18.1788],[83.8662,18.1785],[83.8657,18.1785],[83.8657,18.1782],[83.8654,18.1782],[83.8654,18.1779],[83.8651,18.1779],[83.8651,18.1776],[83.8646,18.1776],[83.8646,18.1773],[83.8643,18.1774],[83.8643,18.1771],[83.8635,18.1771],[83.8635,18.1768],[83.8632,18.1768],[83.8632,18.1762],[83.8629,18.1762],[83.8629,18.176],[83.8626,18.176],[83.8626,18.1757],[83.8613,18.1757],[83.8613,18.1754],[83.8607,18.1754],[83.8607,18.1751],[83.8604,18.1751],[83.8604,18.1749],[83.8599,18.1749],[83.8599,18.1746],[83.8587,18.1746],[83.8587,18.1743],[83.8582,18.1743],[83.8582,18.174],[83.8579,18.174],[83.8579,18.1737],[83.8576,18.1737],[83.8576,18.1735],[83.8571,18.1735],[83.8571,18.1732],[83.8565,18.1732],[83.8565,18.1729],[83.856,18.1729],[83.856,18.1726],[83.8543,18.1726],[83.8543,18.1724],[83.8535,18.1724],[83.8535,18.1726],[83.8532,18.1726],[83.8532,18.1724],[83.851,18.1724],[83.851,18.1718],[83.8512,18.1718],[83.8512,18.1715],[83.8504,18.1715],[83.8504,18.1712],[83.8496,18.1712],[83.8496,18.171],[83.8487,18.171],[83.8487,18.1707],[83.8482,18.1707],[83.8482,18.1704],[83.8474,18.1704],[83.8474,18.1701],[83.8465,18.1701],[83.8465,18.1699],[83.8457,18.1699],[83.8457,18.1696],[83.8449,18.1696],[83.8449,18.1693],[83.844,18.1693],[83.844,18.169],[83.8432,18.169],[83.8432,18.1688],[83.8424,18.1688],[83.8424,18.1685],[83.8418,18.1685],[83.8418,18.1682],[83.841,18.1682],[83.841,18.1679],[83.8401,18.1679],[83.8401,18.1676],[83.8393,18.1676],[83.8393,18.1674],[83.8379,18.1674],[83.8379,18.1676],[83.8376,18.1676],[83.8376,18.1674],[83.8374,18.1674],[83.8374,18.1671],[83.8368,18.1671],[83.8368,18.1668],[83.8363,18.1668],[83.8363,18.1665],[83.8357,18.1665],[83.8357,18.1663],[83.8354,18.1663],[83.8354,18.166],[83.8349,18.166],[83.8349,18.1657],[83.834,18.1657],[83.834,18.1654],[83.8332,18.1654],[83.8332,18.1651],[83.8318,18.1651],[83.8318,18.1649],[83.8296,18.1649],[83.8296,18.1646],[83.8293,18.1646],[83.8293,18.164],[83.8285,18.164],[83.8285,18.1638],[83.8279,18.1638],[83.8279,18.1635],[83.8271,18.1635],[83.8271,18.1632],[83.8265,18.1632],[83.8265,18.1629],[83.8257,18.1629],[83.8257,18.1626],[83.8251,18.1626],[83.8251,18.1624],[83.8246,18.1624],[83.8246,18.1621],[83.8238,18.1621],[83.8238,18.1618],[83.8232,18.1618],[83.8232,18.1615],[83.8224,18.1615],[83.8224,18.1613],[83.8218,18.1613],[83.8218,18.161],[83.8213,18.161],[83.8213,18.1607],[83.8204,18.1607],[83.8204,18.1604],[83.8199,18.1604],[83.8199,18.1601],[83.819,18.1601],[83.819,18.1599],[83.8185,18.1599],[83.8185,18.1596],[83.8176,18.1596],[83.8176,18.1593],[83.8171,18.1593],[83.8171,18.159],[83.8163,18.159],[83.8163,18.1588],[83.8157,18.1588],[83.8157,18.1585],[83.8149,18.1585],[83.8149,18.1582],[83.8143,18.1582],[83.8143,18.1579],[83.8135,18.1579],[83.8135,18.1576],[83.8126,18.1576],[83.8126,18.1574],[83.8118,18.1574],[83.8118,18.1571],[83.8112,18.1571],[83.8112,18.1568],[83.8104,18.1568],[83.8104,18.1565],[83.8082,18.1565],[83.8082,18.1562],[83.8079,18.1563],[83.8079,18.156],[83.8076,18.156],[83.8076,18.1557],[83.8074,18.1557],[83.8074,18.1554],[83.8068,18.1554],[83.8068,18.1551],[83.8065,18.1551],[83.8065,18.1549],[83.8063,18.1549],[83.8063,18.1546],[83.8054,18.1546],[83.8054,18.1543],[83.8049,18.1543],[83.8049,18.154],[83.804,18.154],[83.804,18.1537],[83.8032,18.1537],[83.8032,18.1535],[83.8026,18.1535],[83.8026,18.1532],[83.8018,18.1532],[83.8018,18.1529],[83.8013,18.1529],[83.8013,18.1526],[83.8004,18.1526],[83.8004,18.1524],[83.7996,18.1524],[83.7996,18.1521],[83.799,18.1521],[83.799,18.1518],[83.7982,18.1518],[83.7982,18.1515],[83.7974,18.1515],[83.7974,18.1513],[83.7968,18.1513],[83.7968,18.151],[83.796,18.151],[83.796,18.1507],[83.794,18.1507],[83.794,18.151],[83.7935,18.151],[83.7935,18.1504],[83.7929,18.1504],[83.7929,18.1499],[83.7926,18.1499],[83.7926,18.1496],[83.7924,18.1496],[83.7924,18.1493],[83.7918,18.1493],[83.7918,18.149],[83.7915,18.149],[83.7915,18.1487],[83.791,18.1487],[83.791,18.1485],[83.7907,18.1485],[83.7907,18.1482],[83.7899,18.1482],[83.7899,18.1479],[83.7882,18.1479],[83.7882,18.1476],[83.7874,18.1476],[83.7874,18.1474],[83.7846,18.1474],[83.7846,18.1471],[83.7843,18.1471],[83.7843,18.1468],[83.7838,18.1468],[83.7838,18.1465],[83.7832,18.1465],[83.7832,18.1462],[83.7826,18.1462],[83.7826,18.146],[83.7821,18.146],[83.7821,18.1457],[83.7818,18.1457],[83.7818,18.1454],[83.7813,18.1454],[83.7813,18.1451],[83.781,18.1451],[83.781,18.1449],[83.7804,18.1449],[83.7804,18.1446],[83.7799,18.1446],[83.7799,18.1443],[83.7796,18.1443],[83.7796,18.144],[83.779,18.144],[83.779,18.1438],[83.7785,18.1438],[83.7785,18.1435],[83.7779,18.1435],[83.7779,18.1432],[83.7776,18.1432],[83.7776,18.1429],[83.7771,18.1429],[83.7771,18.1426],[83.7765,18.1426],[83.7765,18.1421],[83.7751,18.1421],[83.7751,18.1418],[83.7743,18.1418],[83.7743,18.1415],[83.774,18.1415],[83.774,18.1412],[83.7738,18.1413],[83.7738,18.141],[83.7735,18.141],[83.7735,18.1407],[83.7732,18.1407],[83.7732,18.1404],[83.7729,18.1404],[83.7729,18.1401],[83.7724,18.1401],[83.7724,18.1399],[83.7715,18.1399],[83.7715,18.1396],[83.7704,18.1396],[83.7704,18.1393],[83.7696,18.1393],[83.7696,18.139],[83.7688,18.139],[83.7688,18.1388],[83.7676,18.1388],[83.7676,18.1385],[83.7668,18.1385],[83.7668,18.1379],[83.7665,18.1379],[83.7665,18.1376],[83.7663,18.1376],[83.7663,18.1374],[83.7657,18.1374],[83.7657,18.1371],[83.7651,18.1371],[83.7651,18.1368],[83.7646,18.1368],[83.7646,18.136],[83.7643,18.136],[83.7643,18.1357],[83.7626,18.1357],[83.7626,18.1354],[83.7618,18.1354],[83.7618,18.1351],[83.7607,18.1351],[83.7607,18.1349],[83.7601,18.1349],[83.7601,18.1346],[83.7596,18.1346],[83.7596,18.1343],[83.759,18.1343],[83.759,18.134],[83.7588,18.134],[83.7588,18.1338],[83.7585,18.1338],[83.7585,18.1335],[83.7579,18.1335],[83.7579,18.1332],[83.7571,18.1332],[83.7571,18.1329],[83.7565,18.1329],[83.7565,18.1326],[83.756,18.1326],[83.756,18.1324],[83.7554,18.1324],[83.7554,18.1321],[83.7549,18.1321],[83.7549,18.1318],[83.7543,18.1318],[83.7543,18.1313],[83.7535,18.1313],[83.7535,18.131],[83.7526,18.131],[83.7526,18.1307],[83.7521,18.1307],[83.7521,18.1304],[83.7515,18.1304],[83.7515,18.1301],[83.7513,18.1301],[83.7513,18.1299],[83.7504,18.1299],[83.7504,18.1296],[83.7499,18.1296],[83.7499,18.1293],[83.7496,18.1293],[83.7496,18.129],[83.749,18.129],[83.749,18.1287],[83.7485,18.1287],[83.7485,18.1285],[83.7482,18.1285],[83.7482,18.1282],[83.7476,18.1282],[83.7476,18.1279],[83.7471,18.1279],[83.7471,18.1276],[83.7468,18.1276],[83.7468,18.1274],[83.7462,18.1274],[83.7462,18.1271],[83.7457,18.1271],[83.7457,18.1268],[83.7454,18.1268],[83.7454,18.1265],[83.7449,18.1265],[83.7449,18.1263],[83.7443,18.1263],[83.7443,18.126],[83.744,18.126],[83.744,18.1257],[83.7435,18.1257],[83.7435,18.1254],[83.7426,18.1254],[83.7426,18.1251],[83.7424,18.1251],[83.7424,18.1249],[83.7415,18.1249],[83.7415,18.1246],[83.7407,18.1246],[83.7407,18.1243],[83.7401,18.1243],[83.7401,18.124],[83.7396,18.124],[83.7396,18.1238],[83.739,18.1238],[83.739,18.1235],[83.7385,18.1235],[83.7385,18.1232],[83.7379,18.1232],[83.7379,18.1229],[83.7374,18.1229],[83.7374,18.1226],[83.7368,18.1226],[83.7368,18.1224],[83.7363,18.1224],[83.7363,18.1221],[83.7357,18.1221],[83.7357,18.1218],[83.7351,18.1218],[83.7351,18.1215],[83.7346,18.1215],[83.7346,18.1212],[83.734,18.1212],[83.734,18.121],[83.7335,18.121],[83.7335,18.1207],[83.7329,18.1207],[83.7329,18.1204],[83.7324,18.1204],[83.7324,18.1201],[83.7321,18.1201],[83.7321,18.1199],[83.7315,18.1199],[83.7315,18.1196],[83.731,18.1196],[83.731,18.1193],[83.7304,18.1193],[83.7304,18.119],[83.7299,18.119],[83.7299,18.1187],[83.7293,18.1187],[83.7293,18.1185],[83.7288,18.1185],[83.7288,18.1182],[83.7282,18.1182],[83.7282,18.1179],[83.7285,18.1179],[83.7285,18.1176],[83.7282,18.1176],[83.7282,18.1174],[83.7276,18.1174],[83.7276,18.1171],[83.7262,18.1171],[83.7262,18.1168],[83.726,18.1168],[83.726,18.1165],[83.7254,18.1165],[83.7254,18.1163],[83.7251,18.1163],[83.7251,18.116],[83.7246,18.116],[83.7246,18.1157],[83.724,18.1157],[83.724,18.1154],[83.7237,18.1154],[83.7237,18.1151],[83.7232,18.1151],[83.7232,18.1149],[83.7224,18.1149],[83.7224,18.1146],[83.7213,18.1146],[83.7213,18.1143],[83.721,18.1143],[83.721,18.1138],[83.7193,18.1138],[83.7193,18.1135],[83.7188,18.1135],[83.7188,18.1129],[83.7185,18.1129],[83.7185,18.1126],[83.7179,18.1126],[83.7179,18.1124],[83.7176,18.1124],[83.7176,18.1121],[83.7171,18.1121],[83.7171,18.1118],[83.7168,18.1118],[83.7168,18.1115],[83.7162,18.1115],[83.7162,18.1113],[83.7154,18.1113],[83.7154,18.111],[83.7143,18.111],[83.7143,18.1107],[83.7135,18.1107],[83.7135,18.1104],[83.7132,18.1104],[83.7132,18.1101],[83.7126,18.1101],[83.7126,18.1099],[83.7121,18.1099],[83.7121,18.1096],[83.7115,18.1096],[83.7115,18.1093],[83.711,18.1093],[83.711,18.109],[83.7107,18.109],[83.7107,18.1085],[83.7104,18.1085],[83.7104,18.1082],[83.7101,18.1082],[83.7101,18.1079],[83.7096,18.1079],[83.7096,18.1076],[83.709,18.1076],[83.709,18.1074],[83.7087,18.1074],[83.7087,18.1071],[83.7085,18.1071],[83.7085,18.1068],[83.7076,18.1068],[83.7076,18.1065],[83.7074,18.1065],[83.7074,18.1063],[83.7071,18.1063],[83.7071,18.106],[83.7068,18.106],[83.7068,18.1057],[83.7054,18.1057],[83.7054,18.1054],[83.7051,18.1054],[83.7051,18.1051],[83.7049,18.1051],[83.7049,18.1049],[83.7043,18.1049],[83.7043,18.1046],[83.704,18.1046],[83.704,18.1043],[83.7038,18.1043],[83.7038,18.104],[83.7032,18.104],[83.7032,18.1038],[83.7021,18.1038],[83.7021,18.1035],[83.7015,18.1035],[83.7015,18.1032],[83.7012,18.1032],[83.7012,18.1029],[83.7007,18.1029],[83.7007,18.1026],[83.7001,18.1026],[83.7001,18.1024],[83.6996,18.1024],[83.6996,18.1021],[83.699,18.1021],[83.699,18.1018],[83.6985,18.1018],[83.6985,18.1015],[83.6982,18.1015],[83.6982,18.1012],[83.6979,18.1012],[83.6979,18.1007],[83.6974,18.1007],[83.6974,18.1004],[83.6965,18.1004],[83.6965,18.1001],[83.6957,18.1001],[83.6957,18.0999],[83.6951,18.0999],[83.6951,18.0996],[83.6949,18.0996],[83.6949,18.0993],[83.6943,18.0993],[83.6943,18.099],[83.694,18.099],[83.694,18.0988],[83.6937,18.0988],[83.6937,18.0985],[83.6935,18.0985],[83.6935,18.0982],[83.6929,18.0982],[83.6929,18.0979],[83.6924,18.0979],[83.6924,18.0976],[83.6918,18.0976],[83.6918,18.0974],[83.6912,18.0974],[83.6912,18.0971],[83.691,18.0971],[83.691,18.0968],[83.6904,18.0968],[83.6904,18.0965],[83.6899,18.0965],[83.6899,18.0963],[83.6893,18.0963],[83.6893,18.096],[83.689,18.096],[83.689,18.0957],[83.6888,18.0957],[83.6888,18.0954],[83.6882,18.0954],[83.6882,18.0951],[83.6879,18.0951],[83.6879,18.0949],[83.6876,18.0949],[83.6876,18.0946],[83.6874,18.0946],[83.6874,18.0943],[83.686,18.0943],[83.686,18.094],[83.6854,18.094],[83.6854,18.0937],[83.6851,18.0937],[83.6851,18.0935],[83.6849,18.0935],[83.6849,18.0932],[83.6843,18.0932],[83.6843,18.0929],[83.684,18.0929],[83.684,18.0926],[83.6835,18.0926],[83.6835,18.0924],[83.6832,18.0924],[83.6832,18.0921],[83.6826,18.0921],[83.6826,18.0918],[83.6821,18.0918],[83.6821,18.0915],[83.6818,18.0915],[83.6818,18.0912],[83.6813,18.0912],[83.6813,18.091],[83.6807,18.091],[83.6807,18.0907],[83.6804,18.0907],[83.6804,18.0904],[83.6799,18.0904],[83.6799,18.0901],[83.6796,18.0901],[83.6796,18.0899],[83.6785,18.0899],[83.6785,18.0893],[83.6782,18.0893],[83.6782,18.089],[83.6776,18.089],[83.6776,18.0888],[83.6771,18.0888],[83.6771,18.0885],[83.6768,18.0885],[83.6768,18.0882],[83.6762,18.0882],[83.6762,18.0879],[83.676,18.0879],[83.676,18.0882],[83.6754,18.0882],[83.6754,18.0879],[83.6751,18.0879],[83.6751,18.0874],[83.6749,18.0874],[83.6749,18.0871],[83.6746,18.0871],[83.6746,18.0868],[83.6732,18.0868],[83.6732,18.0865],[83.6729,18.0865],[83.6729,18.0863],[83.6726,18.0863],[83.6726,18.086],[83.6721,18.086],[83.6721,18.0857],[83.6718,18.0857],[83.6718,18.0854],[83.6712,18.0854],[83.6712,18.0851],[83.671,18.0851],[83.671,18.0846],[83.6707,18.0846],[83.6707,18.0843],[83.6701,18.0843],[83.6701,18.084],[83.6696,18.084],[83.6696,18.0838],[83.6693,18.0838],[83.6693,18.0835],[83.669,18.0835],[83.669,18.0832],[83.6687,18.0832],[83.6687,18.0829],[83.6685,18.0829],[83.6685,18.0826],[83.6682,18.0826],[83.6682,18.0824],[83.6679,18.0824],[83.6679,18.0821],[83.6676,18.0821],[83.6676,18.0818],[83.6674,18.0818],[83.6674,18.0815],[83.6668,18.0815],[83.6668,18.0813],[83.6665,18.0813],[83.6665,18.081],[83.6663,18.081],[83.6663,18.0807],[83.666,18.0807],[83.666,18.0801],[83.6657,18.0801],[83.6657,18.0796],[83.6654,18.0796],[83.6654,18.0793],[83.6649,18.0793],[83.6649,18.079],[83.6646,18.079],[83.6646,18.0788],[83.664,18.0788],[83.664,18.0785],[83.6637,18.0785],[83.6637,18.0782],[83.6632,18.0782],[83.6632,18.0779],[83.6629,18.0779],[83.6629,18.0776],[83.6624,18.0776],[83.6624,18.0774],[83.6621,18.0774],[83.6621,18.0771],[83.6618,18.0771],[83.6618,18.0768],[83.6615,18.0768],[83.6615,18.0765],[83.661,18.0765],[83.661,18.0763],[83.6607,18.0763],[83.6607,18.076],[83.6601,18.076],[83.6601,18.0757],[83.6596,18.0757],[83.6596,18.0755],[83.6596,18.0754],[83.6588,18.0754],[83.6588,18.0751],[83.6582,18.0751],[83.6582,18.0749],[83.6579,18.0749],[83.6579,18.0746],[83.6576,18.0746],[83.6576,18.0743],[83.6574,18.0743],[83.6574,18.074],[83.6565,18.074],[83.6565,18.0729],[83.6568,18.0729],[83.6568,18.0724],[83.6565,18.0724],[83.6565,18.0715],[83.6557,18.0715],[83.6557,18.0713],[83.6551,18.0713],[83.6551,18.071],[83.6546,18.071],[83.6546,18.0707],[83.6543,18.0707],[83.6543,18.0701],[83.654,18.0701],[83.654,18.0699],[83.6535,18.0699],[83.6535,18.0696],[83.6526,18.0696],[83.6526,18.0693],[83.6524,18.0693],[83.6524,18.069],[83.6518,18.069],[83.6518,18.0688],[83.6515,18.0688],[83.6515,18.0685],[83.651,18.0685],[83.651,18.0682],[83.6499,18.0682],[83.6499,18.0679],[83.6496,18.0679],[83.6496,18.0676],[83.6482,18.0676],[83.6482,18.0674],[83.6479,18.0674],[83.6479,18.0668],[83.6474,18.0668],[83.6474,18.0665],[83.6471,18.0665],[83.6471,18.0662],[83.6468,18.0662],[83.6468,18.066],[83.6465,18.066],[83.6465,18.0657],[83.6462,18.0657],[83.6462,18.0651],[83.646,18.0651],[83.646,18.0649],[83.6457,18.0649],[83.6457,18.0646],[83.6451,18.0646],[83.6451,18.0643],[83.6449,18.0643],[83.6449,18.064],[83.6446,18.064],[83.6446,18.0632],[83.6443,18.0632],[83.6443,18.0629],[83.644,18.0629],[83.644,18.0621],[83.6438,18.0621],[83.6438,18.0618],[83.6424,18.0618],[83.6424,18.0615],[83.6415,18.0615],[83.6415,18.0613],[83.641,18.0613],[83.641,18.061],[83.6404,18.061],[83.6404,18.0607],[83.6399,18.0607],[83.6399,18.0604],[83.639,18.0604],[83.639,18.0602],[83.6385,18.0602],[83.6385,18.0599],[83.6379,18.0599],[83.6379,18.0596],[83.6376,18.0596],[83.6376,18.0593],[83.6374,18.0593],[83.6374,18.059],[83.6368,18.059],[83.6368,18.0588],[83.6365,18.0588],[83.6365,18.0585],[83.636,18.0585],[83.636,18.0582],[83.6351,18.0582],[83.6351,18.0579],[83.6349,18.0579],[83.6349,18.0576],[83.6346,18.0576],[83.6346,18.0571],[83.6343,18.0571],[83.6343,18.0568],[83.634,18.0568],[83.634,18.0563],[83.6335,18.0563],[83.6335,18.056],[83.6329,18.056],[83.6329,18.0557],[83.6326,18.0557],[83.6326,18.0554],[83.6324,18.0554],[83.6324,18.0549],[83.6321,18.0549],[83.6321,18.0546],[83.6318,18.0546],[83.6318,18.0543],[83.6312,18.0543],[83.6312,18.054],[83.6307,18.054],[83.6307,18.0537],[83.6304,18.0538],[83.6304,18.0535],[83.6299,18.0535],[83.6299,18.0532],[83.6296,18.0532],[83.6296,18.0529],[83.6287,18.0529],[83.6287,18.0526],[83.6285,18.0526],[83.6285,18.0524],[83.6263,18.0524],[83.6263,18.0521],[83.626,18.0521],[83.626,18.0513],[83.6257,18.0513],[83.6257,18.051],[83.6251,18.051],[83.6251,18.0507],[83.6246,18.0507],[83.6246,18.0504],[83.6243,18.0504],[83.6243,18.0499],[83.6235,18.0499],[83.6235,18.0496],[83.6229,18.0496],[83.6229,18.0493],[83.6226,18.0493],[83.6226,18.049],[83.6221,18.049],[83.6221,18.0487],[83.6218,18.0487],[83.6218,18.0485],[83.6212,18.0485],[83.6212,18.0482],[83.621,18.0482],[83.621,18.0479],[83.6204,18.0479],[83.6204,18.0476],[83.6201,18.0476],[83.6201,18.0474],[83.6196,18.0474],[83.6196,18.0471],[83.6193,18.0471],[83.6193,18.0468],[83.6185,18.0468],[83.6185,18.0465],[83.6182,18.0465],[83.6182,18.0462],[83.6179,18.0462],[83.6179,18.046],[83.6174,18.046],[83.6174,18.0457],[83.6171,18.0457],[83.6171,18.0454],[83.6165,18.0454],[83.6165,18.0451],[83.616,18.0451],[83.616,18.0448],[83.6157,18.0449],[83.6157,18.0446],[83.6149,18.0446],[83.6149,18.0443],[83.6143,18.0443],[83.6143,18.044],[83.614,18.044],[83.614,18.0438],[83.6135,18.0438],[83.6135,18.0435],[83.6126,18.0435],[83.6126,18.0432],[83.6121,18.0432],[83.6121,18.0429],[83.6118,18.0429],[83.6118,18.0426],[83.6107,18.0426],[83.6107,18.0424],[83.6104,18.0424],[83.6104,18.0421],[83.6101,18.0421],[83.6101,18.0418],[83.6099,18.0418],[83.6099,18.0415],[83.6096,18.0415],[83.6096,18.0412],[83.609,18.0412],[83.609,18.041],[83.6085,18.041],[83.6085,18.0407],[83.6082,18.0407],[83.6082,18.0404],[83.6079,18.0404],[83.6079,18.0396],[83.6076,18.0396],[83.6076,18.039],[83.6071,18.039],[83.6071,18.0387],[83.606,18.0387],[83.606,18.0385],[83.6054,18.0385],[83.6054,18.0382],[83.6051,18.0382],[83.6051,18.0379],[83.6049,18.0379],[83.6049,18.0376],[83.6043,18.0376],[83.6043,18.0374],[83.604,18.0374],[83.604,18.0371],[83.6035,18.0371],[83.6035,18.0368],[83.6032,18.0368],[83.6032,18.0363],[83.6029,18.0363],[83.6029,18.036],[83.6026,18.036],[83.6026,18.0357],[83.6024,18.0357],[83.6024,18.0351],[83.6021,18.0351],[83.6021,18.0349],[83.6015,18.0349],[83.6015,18.0346],[83.601,18.0346],[83.601,18.0343],[83.6007,18.0343],[83.6007,18.034],[83.6001,18.034],[83.6001,18.0338],[83.5999,18.0338],[83.5999,18.0335],[83.5996,18.0335],[83.5996,18.0332],[83.5993,18.0332],[83.5993,18.0329],[83.599,18.0329],[83.599,18.0326],[83.5987,18.0326],[83.5987,18.0324],[83.5982,18.0324],[83.5982,18.0321],[83.5976,18.0321],[83.5976,18.0318],[83.5974,18.0318],[83.5974,18.0315],[83.5971,18.0315],[83.5971,18.0313],[83.5968,18.0313],[83.5968,18.031],[83.5965,18.031],[83.5965,18.0307],[83.5963,18.0307],[83.5963,18.0304],[83.596,18.0304],[83.596,18.0301],[83.5957,18.0301],[83.5957,18.0298],[83.5954,18.0299],[83.5954,18.0296],[83.5951,18.0296],[83.5951,18.0293],[83.5946,18.0293],[83.5946,18.029],[83.5943,18.029],[83.5943,18.0287],[83.5938,18.0287],[83.5938,18.0285],[83.5935,18.0285],[83.5935,18.0282],[83.5932,18.0282],[83.5932,18.0279],[83.5929,18.0279],[83.5929,18.0276],[83.5924,18.0276],[83.5924,18.0274],[83.5921,18.0274],[83.5921,18.0271],[83.5918,18.0271],[83.5918,18.0268],[83.5915,18.0268],[83.5915,18.0265],[83.5912,18.0265],[83.5912,18.0263],[83.5907,18.0263],[83.5907,18.026],[83.5904,18.026],[83.5904,18.0257],[83.5901,18.0257],[83.5901,18.0254],[83.5899,18.0254],[83.5899,18.0251],[83.5896,18.0251],[83.5896,18.0249],[83.5885,18.0249],[83.5885,18.0246],[83.5882,18.0246],[83.5882,18.0243],[83.5879,18.0243],[83.5879,18.024],[83.5876,18.024],[83.5876,18.0238],[83.5871,18.0238],[83.5871,18.0235],[83.5868,18.0235],[83.5868,18.0232],[83.5865,18.0232],[83.5865,18.0229],[83.586,18.0229],[83.586,18.0226],[83.5857,18.0226],[83.5857,18.0221],[83.5854,18.0221],[83.5854,18.0218],[83.5851,18.0218],[83.5851,18.0215],[83.5849,18.0215],[83.5849,18.0212],[83.584,18.0212],[83.584,18.0215],[83.5832,18.0215],[83.5832,18.0212],[83.5829,18.0212],[83.5829,18.021],[83.5826,18.021],[83.5826,18.0207],[83.5824,18.0207],[83.5824,18.0201],[83.5821,18.0201],[83.5821,18.0199],[83.5818,18.0199],[83.5818,18.0196],[83.5815,18.0196],[83.5815,18.0193],[83.5813,18.0193],[83.5813,18.0196],[83.5804,18.0196],[83.5804,18.0193],[83.5801,18.0193],[83.5801,18.019],[83.5799,18.019],[83.5799,18.0185],[83.5796,18.0185],[83.5796,18.0182],[83.5788,18.0182],[83.5788,18.0179],[83.5779,18.0179],[83.5779,18.0176],[83.5776,18.0176],[83.5776,18.0174],[83.5774,18.0174],[83.5774,18.0171],[83.5768,18.0171],[83.5768,18.0168],[83.5757,18.0168],[83.5757,18.0165],[83.5751,18.0165],[83.5751,18.0163],[83.5743,18.0163],[83.5743,18.0171],[83.574,18.0171],[83.574,18.0179],[83.5735,18.0179],[83.5735,18.0182],[83.5726,18.0182],[83.5726,18.0176],[83.5723,18.0176],[83.5723,18.0171],[83.5721,18.0171],[83.5721,18.0163],[83.5729,18.0163],[83.5729,18.0157],[83.5732,18.0157],[83.5732,18.0154],[83.5729,18.0154],[83.5729,18.0149],[83.5726,18.0149],[83.5726,18.0146],[83.5715,18.0146],[83.5715,18.0143],[83.5704,18.0143],[83.5704,18.0137],[83.5701,18.0137],[83.5701,18.0132],[83.5699,18.0132],[83.5699,18.0129],[83.5693,18.0129],[83.5693,18.0126],[83.5685,18.0126],[83.5685,18.0124],[83.5682,18.0124],[83.5682,18.0118],[83.5674,18.0118],[83.5674,18.0115],[83.5671,18.0115],[83.5671,18.0112],[83.5649,18.0112],[83.5649,18.011],[83.5646,18.011],[83.5646,18.0101],[83.5649,18.0101],[83.5649,18.0099],[83.5657,18.0099],[83.5657,18.0088],[83.566,18.0088],[83.566,18.0085],[83.5663,18.0085],[83.5663,18.0076],[83.566,18.0076],[83.566,18.0074],[83.5657,18.0074],[83.5657,18.0068],[83.5654,18.0068],[83.5654,18.0065],[83.5651,18.0065],[83.5651,18.0063],[83.5649,18.0063],[83.5649,18.0057],[83.5646,18.0057],[83.5646,18.0054],[83.5643,18.0054],[83.5643,18.0051],[83.5646,18.0051],[83.5646,18.0049],[83.5643,18.0049],[83.5643,18.0045],[83.5643,18.0043],[83.564,18.0043],[83.564,18.004],[83.5638,18.004],[83.5638,18.0032],[83.5635,18.0032],[83.5635,18.0029],[83.5629,18.0029],[83.5629,18.0026],[83.5612,18.0026],[83.5612,18.0024],[83.561,18.0024],[83.561,18.0018],[83.5604,18.0018],[83.5604,18.0004],[83.5601,18.0004],[83.5601,18.0001],[83.5599,18.0001],[83.5599,17.9999],[83.5599,17.9996],[83.5596,17.9996],[83.5596,17.999],[83.5593,17.999],[83.5593,17.9971],[83.559,17.9971],[83.559,17.9968],[83.5587,17.9968],[83.5587,17.9929],[83.559,17.9929],[83.559,17.9915],[83.5593,17.9915],[83.5593,17.9904],[83.5596,17.9904],[83.5596,17.9899],[83.5599,17.9899],[83.5599,17.9896],[83.5601,17.9896],[83.5601,17.9893],[83.5604,17.9893],[83.5604,17.9879],[83.5601,17.9879],[83.5601,17.9874],[83.5599,17.9874],[83.5599,17.9868],[83.5596,17.9868],[83.5596,17.9862],[83.5593,17.9862],[83.5593,17.9857],[83.559,17.9857],[83.559,17.9835],[83.5587,17.9835],[83.5587,17.9832],[83.5585,17.9832],[83.5585,17.9829],[83.5582,17.9829],[83.5582,17.9826],[83.5579,17.9826],[83.5579,17.9824],[83.5576,17.9824],[83.5576,17.9821],[83.5574,17.9821],[83.5574,17.9815],[83.5571,17.9815],[83.5571,17.9813],[83.5568,17.9813],[83.5568,17.981],[83.5565,17.981],[83.5565,17.9804],[83.5563,17.9804],[83.5563,17.9801],[83.556,17.9801],[83.556,17.9799],[83.5557,17.9799],[83.5557,17.9796],[83.5551,17.9796],[83.5551,17.9793],[83.5549,17.9793],[83.5549,17.979],[83.5546,17.979],[83.5546,17.9787],[83.5543,17.9788],[83.5543,17.9785],[83.554,17.9785],[83.554,17.9782],[83.5535,17.9782],[83.5535,17.9779],[83.5532,17.9779],[83.5532,17.9776],[83.5529,17.9776],[83.5529,17.9774],[83.5526,17.9774],[83.5526,17.9771],[83.5524,17.9771],[83.5524,17.9768],[83.5521,17.9768],[83.5521,17.9765],[83.5515,17.9765],[83.5515,17.9763],[83.5512,17.9763],[83.5512,17.976],[83.551,17.976],[83.551,17.9757],[83.5507,17.9757],[83.5507,17.9754],[83.5504,17.9754],[83.5504,17.9749],[83.5501,17.9749],[83.5501,17.9746],[83.5499,17.9746],[83.5499,17.9743],[83.5496,17.9743],[83.5496,17.9738],[83.5493,17.9738],[83.5493,17.9735],[83.549,17.9735],[83.549,17.9732],[83.5488,17.9732],[83.5488,17.9726],[83.5485,17.9726],[83.5485,17.9724],[83.5482,17.9724],[83.5482,17.9721],[83.5479,17.9721],[83.5479,17.9718],[83.5476,17.9718],[83.5476,17.9715],[83.5474,17.9715],[83.5474,17.9713],[83.5471,17.9713],[83.5471,17.971],[83.5468,17.971],[83.5468,17.9701],[83.5465,17.9701],[83.5465,17.969],[83.5462,17.969],[83.5462,17.9679],[83.546,17.9679],[83.546,17.9671],[83.5457,17.9671],[83.5457,17.9665],[83.5454,17.9665],[83.5454,17.966],[83.5451,17.966],[83.5451,17.9657],[83.5449,17.9657],[83.5449,17.9651],[83.5446,17.9651],[83.5446,17.9646],[83.5443,17.9646],[83.5443,17.964],[83.544,17.964],[83.544,17.9635],[83.5437,17.9635],[83.5437,17.9632],[83.5435,17.9632],[83.5435,17.9629],[83.5432,17.9629],[83.5432,17.9626],[83.5429,17.9626],[83.5429,17.9624],[83.5426,17.9624],[83.5426,17.9621],[83.5421,17.9621],[83.5421,17.9618],[83.5418,17.9618],[83.5418,17.9615],[83.5415,17.9615],[83.5415,17.9613],[83.5413,17.9613],[83.5413,17.961],[83.541,17.961],[83.541,17.9607],[83.5407,17.9607],[83.5407,17.9604],[83.5404,17.9604],[83.5404,17.9601],[83.5399,17.9601],[83.5399,17.9599],[83.5396,17.9599],[83.5396,17.9596],[83.5393,17.9596],[83.5393,17.9593],[83.539,17.9593],[83.539,17.959],[83.5385,17.959],[83.5385,17.9587],[83.5382,17.9587],[83.5382,17.9585],[83.5379,17.9585],[83.5379,17.9582],[83.5376,17.9582],[83.5376,17.9579],[83.5371,17.9579],[83.5371,17.9576],[83.5368,17.9576],[83.5368,17.9574],[83.5365,17.9574],[83.5365,17.9571],[83.5362,17.9571],[83.5362,17.9568],[83.536,17.9568],[83.536,17.9565],[83.5357,17.9565],[83.5357,17.9563],[83.5351,17.9563],[83.5351,17.956],[83.5349,17.956],[83.5349,17.9557],[83.5346,17.9557],[83.5346,17.9554],[83.5343,17.9554],[83.5343,17.9551],[83.534,17.9551],[83.534,17.9549],[83.5338,17.9549],[83.5338,17.9543],[83.5335,17.9543],[83.5335,17.954],[83.5332,17.954],[83.5332,17.9535],[83.5329,17.9535],[83.5329,17.9532],[83.5326,17.9532],[83.5326,17.9529],[83.5324,17.9529],[83.5324,17.9524],[83.5321,17.9524],[83.5321,17.9521],[83.5318,17.9521],[83.5318,17.9518],[83.5315,17.9518],[83.5315,17.9515],[83.5313,17.9515],[83.5313,17.9513],[83.531,17.9513],[83.531,17.9507],[83.5307,17.9507],[83.5307,17.9504],[83.5304,17.9504],[83.5304,17.9501],[83.5301,17.9501],[83.5301,17.9499],[83.5299,17.9499],[83.5299,17.9496],[83.5296,17.9496],[83.5296,17.9493],[83.5287,17.9493],[83.5287,17.949],[83.5282,17.949],[83.5282,17.9488],[83.5274,17.9488],[83.5274,17.9485],[83.5268,17.9485],[83.5268,17.9482],[83.526,17.9482],[83.526,17.9479],[83.5254,17.9479],[83.5254,17.9476],[83.5249,17.9476],[83.5249,17.9474],[83.5243,17.9474],[83.5243,17.9471],[83.5238,17.9471],[83.5238,17.9468],[83.5232,17.9468],[83.5232,17.9465],[83.5226,17.9465],[83.5226,17.9463],[83.5221,17.9463],[83.5221,17.946],[83.5215,17.946],[83.5215,17.9457],[83.521,17.9457],[83.521,17.9454],[83.5204,17.9454],[83.5204,17.9451],[83.5201,17.9451],[83.5201,17.9449],[83.5196,17.9449],[83.5196,17.9446],[83.5193,17.9446],[83.5193,17.9443],[83.5188,17.9443],[83.5188,17.944],[83.5185,17.944],[83.5185,17.9438],[83.5179,17.9438],[83.5179,17.9435],[83.5176,17.9435],[83.5176,17.9432],[83.5171,17.9432],[83.5171,17.9429],[83.5168,17.9429],[83.5168,17.9426],[83.5163,17.9426],[83.5163,17.9424],[83.516,17.9424],[83.516,17.9421],[83.5157,17.9421],[83.5157,17.9418],[83.5151,17.9418],[83.5151,17.9415],[83.5149,17.9415],[83.5149,17.9412],[83.5143,17.9412],[83.5143,17.941],[83.514,17.941],[83.514,17.9407],[83.5137,17.9407],[83.5137,17.9401],[83.5135,17.9401],[83.5135,17.9399],[83.5132,17.9399],[83.5132,17.9396],[83.5129,17.9396],[83.5129,17.9393],[83.5126,17.9393],[83.5126,17.9388],[83.5124,17.9388],[83.5124,17.9385],[83.5121,17.9385],[83.5121,17.9382],[83.5118,17.9382],[83.5118,17.9379],[83.5113,17.9379],[83.5113,17.9376],[83.511,17.9376],[83.511,17.9374],[83.5104,17.9374],[83.5104,17.9371],[83.5099,17.9371],[83.5099,17.9368],[83.5096,17.9368],[83.5096,17.9365],[83.509,17.9365],[83.509,17.9363],[83.5085,17.9363],[83.5085,17.936],[83.5079,17.936],[83.5079,17.9357],[83.5076,17.9357],[83.5076,17.9354],[83.5071,17.9354],[83.5071,17.9351],[83.5065,17.9351],[83.5065,17.9349],[83.506,17.9349],[83.506,17.9346],[83.5054,17.9346],[83.5054,17.9343],[83.5049,17.9343],[83.5049,17.934],[83.5043,17.934],[83.5043,17.9337],[83.5037,17.9337],[83.5037,17.9335],[83.5032,17.9335],[83.5032,17.9332],[83.5026,17.9332],[83.5026,17.9329],[83.5021,17.9329],[83.5021,17.9326],[83.5015,17.9326],[83.5015,17.9324],[83.501,17.9324],[83.501,17.9321],[83.5004,17.9321],[83.5004,17.9318],[83.4999,17.9318],[83.4999,17.9315],[83.499,17.9315],[83.499,17.9312],[83.4985,17.9312],[83.4985,17.931],[83.4979,17.931],[83.4979,17.9307],[83.4974,17.9307],[83.4974,17.9304],[83.4968,17.9304],[83.4968,17.9301],[83.4965,17.9301],[83.4965,17.9299],[83.496,17.9299],[83.496,17.9296],[83.4954,17.9296],[83.4954,17.9293],[83.4949,17.9293],[83.4949,17.929],[83.4943,17.929],[83.4943,17.9288],[83.494,17.9288],[83.494,17.9285],[83.4935,17.9285],[83.4935,17.9282],[83.4932,17.9282],[83.4932,17.9279],[83.4929,17.9279],[83.4929,17.9277],[83.4924,17.9277],[83.4924,17.9274],[83.4921,17.9274],[83.4921,17.9271],[83.4918,17.9271],[83.4918,17.9268],[83.4913,17.9268],[83.4913,17.9265],[83.4904,17.9265],[83.4904,17.9263],[83.4899,17.9263],[83.4899,17.926],[83.489,17.926],[83.489,17.9257],[83.4879,17.9257],[83.4879,17.9254],[83.4876,17.9254],[83.4876,17.9251],[83.4874,17.9251],[83.4874,17.9249],[83.4871,17.9249],[83.4871,17.9243],[83.4868,17.9243],[83.4868,17.924],[83.4865,17.924],[83.4865,17.9238],[83.4863,17.9238],[83.4863,17.9235],[83.4857,17.9235],[83.4857,17.9232],[83.4854,17.9232],[83.4854,17.9229],[83.4849,17.9229],[83.4849,17.9226],[83.4843,17.9226],[83.4843,17.9224],[83.484,17.9224],[83.484,17.9221],[83.4835,17.9221],[83.4835,17.9218],[83.4829,17.9218],[83.4829,17.9215],[83.4824,17.9215],[83.4824,17.9212],[83.4821,17.9212],[83.4821,17.921],[83.4815,17.921],[83.4815,17.9207],[83.481,17.9207],[83.481,17.9204],[83.4807,17.9204],[83.4807,17.9201],[83.4801,17.9201],[83.4801,17.9199],[83.4796,17.9199],[83.4796,17.9196],[83.4793,17.9196],[83.4793,17.9193],[83.4788,17.9193],[83.4788,17.919],[83.4782,17.919],[83.4782,17.9188],[83.4776,17.9188],[83.4776,17.9185],[83.4774,17.9185],[83.4774,17.9182],[83.4768,17.9182],[83.4768,17.9179],[83.4765,17.9179],[83.4765,17.9176],[83.476,17.9176],[83.476,17.9174],[83.4757,17.9174],[83.4757,17.9171],[83.4751,17.9171],[83.4751,17.9168],[83.4749,17.9168],[83.4749,17.9165],[83.4743,17.9165],[83.4743,17.9163],[83.474,17.9163],[83.474,17.916],[83.4735,17.916],[83.4735,17.9157],[83.4732,17.9157],[83.4732,17.9154],[83.4724,17.9154],[83.4724,17.9151],[83.4718,17.9151],[83.4718,17.9149],[83.4707,17.9149],[83.4707,17.9146],[83.4701,17.9146],[83.4701,17.9143],[83.4699,17.9143],[83.4699,17.914],[83.4696,17.914],[83.4696,17.9137],[83.4693,17.9137],[83.4693,17.9135],[83.469,17.9135],[83.469,17.9132],[83.4688,17.9132],[83.4688,17.9129],[83.4685,17.9129],[83.4685,17.9127],[83.4682,17.9127],[83.4682,17.9124],[83.4679,17.9124],[83.4679,17.9121],[83.4676,17.9121],[83.4676,17.9118],[83.4674,17.9118],[83.4674,17.9115],[83.4671,17.9115],[83.4671,17.9113],[83.4668,17.9113],[83.4668,17.9107],[83.4665,17.9107],[83.4665,17.9104],[83.4662,17.9104],[83.4662,17.9101],[83.466,17.9101],[83.466,17.9099],[83.4657,17.9099],[83.4657,17.9096],[83.4654,17.9096],[83.4654,17.9093],[83.4651,17.9093],[83.4651,17.909],[83.4649,17.909],[83.4649,17.9088],[83.4646,17.9088],[83.4646,17.9085],[83.4643,17.9085],[83.4643,17.9082],[83.464,17.9082],[83.464,17.9079],[83.4638,17.9079],[83.4638,17.9076],[83.4632,17.9076],[83.4632,17.9074],[83.4629,17.9074],[83.4629,17.9071],[83.4626,17.9071],[83.4626,17.9068],[83.4624,17.9068],[83.4624,17.9065],[83.4621,17.9065],[83.4621,17.9062],[83.4618,17.9062],[83.4618,17.906],[83.4615,17.906],[83.4615,17.9057],[83.4613,17.9057],[83.4613,17.9054],[83.461,17.9054],[83.461,17.9051],[83.4607,17.9051],[83.4607,17.9049],[83.4604,17.9049],[83.4604,17.9046],[83.4601,17.9046],[83.4601,17.9054],[83.4604,17.9054],[83.4604,17.906],[83.4607,17.906],[83.4607,17.9071],[83.4604,17.9071],[83.4604,17.9076],[83.4601,17.9076],[83.4601,17.9088],[83.4599,17.9088],[83.4599,17.9124],[83.4596,17.9124],[83.4596,17.9146],[83.4593,17.9146],[83.4593,17.9185],[83.4596,17.9185],[83.4596,17.9201],[83.459,17.9201],[83.459,17.9204],[83.4587,17.9204],[83.4587,17.921],[83.4585,17.921],[83.4585,17.9212],[83.4579,17.9212],[83.4579,17.921],[83.4576,17.921],[83.4576,17.9207],[83.4574,17.9207],[83.4574,17.919],[83.4576,17.919],[83.4576,17.9188],[83.4579,17.9188],[83.4579,17.9185],[83.4582,17.9185],[83.4582,17.9121],[83.4585,17.9121],[83.4585,17.911],[83.4587,17.911],[83.4587,17.9085],[83.459,17.9085],[83.459,17.9057],[83.4587,17.9057],[83.4587,17.9054],[83.4585,17.9054],[83.4585,17.9051],[83.4582,17.9051],[83.4582,17.9049],[83.4576,17.9049],[83.4576,17.9046],[83.4571,17.9046],[83.4571,17.9043],[83.4568,17.9043],[83.4568,17.904],[83.4563,17.904],[83.4563,17.9037],[83.456,17.9037],[83.456,17.9035],[83.4557,17.9035],[83.4557,17.9032],[83.454,17.9032],[83.454,17.9029],[83.4535,17.9029],[83.4535,17.9026],[83.4532,17.9026],[83.4532,17.9018],[83.4526,17.9018],[83.4526,17.9013],[83.4524,17.9013],[83.4524,17.901],[83.4521,17.901],[83.4521,17.9007],[83.4518,17.9007],[83.4518,17.9001],[83.4515,17.9001],[83.4515,17.8965],[83.4518,17.8965],[83.4518,17.8957],[83.4521,17.8957],[83.4521,17.8951],[83.4524,17.8951],[83.4524,17.8946],[83.4526,17.8946],[83.4526,17.8943],[83.4529,17.8943],[83.4529,17.894],[83.4535,17.894],[83.4535,17.8938],[83.454,17.8938],[83.454,17.8935],[83.4543,17.8935],[83.4543,17.8932],[83.4546,17.8932],[83.4546,17.8926],[83.4549,17.8926],[83.4549,17.8924],[83.4551,17.8924],[83.4551,17.8921],[83.4554,17.8921],[83.4554,17.8904],[83.4551,17.8904],[83.4551,17.889],[83.4549,17.889],[83.4549,17.8882],[83.4546,17.8882],[83.4546,17.8876],[83.4543,17.8876],[83.4543,17.8874],[83.454,17.8874],[83.454,17.8868],[83.4538,17.8868],[83.4538,17.8865],[83.4535,17.8865],[83.4535,17.8862],[83.4529,17.8862],[83.4529,17.886],[83.4526,17.886],[83.4526,17.8857],[83.4524,17.8857],[83.4524,17.8854],[83.4518,17.8854],[83.4518,17.8851],[83.4512,17.8851],[83.4512,17.8849],[83.451,17.8849],[83.451,17.8846],[83.4507,17.8846],[83.4507,17.8843],[83.4504,17.8843],[83.4504,17.884],[83.4501,17.884],[83.4501,17.8838],[83.4496,17.8838],[83.4496,17.8835],[83.4493,17.8835],[83.4493,17.8832],[83.449,17.8832],[83.449,17.8829],[83.4488,17.8829],[83.4488,17.8826],[83.4485,17.8826],[83.4485,17.8824],[83.4482,17.8824],[83.4482,17.8821],[83.4479,17.8821],[83.4479,17.8818],[83.4476,17.8818],[83.4476,17.8815],[83.4474,17.8815],[83.4474,17.8813],[83.4471,17.8813],[83.4471,17.881],[83.4468,17.881],[83.4468,17.8807],[83.4465,17.8807],[83.4465,17.8801],[83.4464,17.8801],[83.4463,17.8801],[83.4463,17.8796],[83.446,17.8796],[83.446,17.879],[83.4457,17.879],[83.4457,17.8785],[83.4454,17.8785],[83.4454,17.8779],[83.4451,17.8779],[83.4451,17.8774],[83.4449,17.8774],[83.4449,17.8768],[83.4446,17.8768],[83.4446,17.8751],[83.4443,17.8751],[83.4443,17.8732],[83.444,17.8732],[83.444,17.8726],[83.4437,17.8726],[83.4437,17.8724],[83.4429,17.8724],[83.4429,17.8721],[83.4424,17.8721],[83.4424,17.8718],[83.4415,17.8718],[83.4415,17.8715],[83.4407,17.8715],[83.4407,17.8713],[83.4396,17.8713],[83.4396,17.871],[83.439,17.871],[83.439,17.8707],[83.4388,17.8707],[83.4388,17.8704],[83.4382,17.8704],[83.4382,17.8701],[83.4379,17.8701],[83.4379,17.8699],[83.4374,17.8699],[83.4374,17.8696],[83.4371,17.8696],[83.4371,17.8693],[83.4365,17.8693],[83.4365,17.869],[83.4362,17.869],[83.4362,17.8687],[83.4357,17.8687],[83.4357,17.8685],[83.4354,17.8685],[83.4354,17.8682],[83.4349,17.8682],[83.4349,17.8679],[83.4343,17.8679],[83.4343,17.8676],[83.4337,17.8676],[83.4337,17.8673],[83.4335,17.8674],[83.4335,17.8671],[83.4332,17.8671],[83.4332,17.8668],[83.4326,17.8668],[83.4326,17.8665],[83.4321,17.8665],[83.4321,17.8663],[83.4318,17.8663],[83.4318,17.866],[83.4313,17.866],[83.4313,17.8657],[83.431,17.8657],[83.431,17.8654],[83.4304,17.8654],[83.4304,17.8651],[83.4299,17.8651],[83.4299,17.8649],[83.4296,17.8649],[83.4296,17.8646],[83.429,17.8646],[83.429,17.8643],[83.4287,17.8643],[83.4287,17.864],[83.4282,17.864],[83.4282,17.8638],[83.4279,17.8638],[83.4279,17.8635],[83.4274,17.8635],[83.4274,17.8632],[83.4271,17.8632],[83.4271,17.8629],[83.4268,17.8629],[83.4268,17.8626],[83.4262,17.8626],[83.4262,17.8624],[83.426,17.8624],[83.426,17.8621],[83.4257,17.8621],[83.4257,17.8618],[83.4251,17.8618],[83.4251,17.8615],[83.4249,17.8615],[83.4249,17.8612],[83.4246,17.8612],[83.4246,17.861],[83.424,17.861],[83.424,17.8607],[83.4238,17.8607],[83.4238,17.8604],[83.4235,17.8604],[83.4235,17.8601],[83.4232,17.8601],[83.4232,17.8599],[83.4226,17.8599],[83.4226,17.8596],[83.4224,17.8596],[83.4224,17.8593],[83.4221,17.8593],[83.4221,17.859],[83.4215,17.859],[83.4215,17.8587],[83.4212,17.8587],[83.4212,17.8585],[83.4207,17.8585],[83.4207,17.8582],[83.4204,17.8582],[83.4204,17.8579],[83.4201,17.8579],[83.4201,17.8576],[83.4199,17.8576],[83.4199,17.8574],[83.4193,17.8574],[83.4193,17.8571],[83.419,17.8571],[83.419,17.8568],[83.4187,17.8568],[83.4187,17.8563],[83.4185,17.8563],[83.4185,17.856],[83.4182,17.856],[83.4182,17.8557],[83.4179,17.8557],[83.4179,17.8551],[83.4176,17.8551],[83.4176,17.8549],[83.4171,17.8549],[83.4171,17.8546],[83.4168,17.8546],[83.4168,17.8538],[83.4165,17.8538],[83.4165,17.8535],[83.4163,17.8535],[83.4163,17.8529],[83.416,17.8529],[83.416,17.8526],[83.4157,17.8526],[83.4157,17.8524],[83.4151,17.8524],[83.4151,17.8521],[83.4149,17.8521],[83.4149,17.8518],[83.4146,17.8518],[83.4146,17.8512],[83.4143,17.8512],[83.4143,17.851],[83.414,17.851],[83.414,17.8499],[83.4137,17.8499],[83.4137,17.8496],[83.4135,17.8496],[83.4135,17.849],[83.4132,17.849],[83.4132,17.8488],[83.4129,17.8488],[83.4129,17.8482],[83.4126,17.8482],[83.4126,17.8479],[83.4124,17.8479],[83.4124,17.8476],[83.4121,17.8476],[83.4121,17.8471],[83.4118,17.8471],[83.4118,17.8463],[83.4115,17.8463],[83.4115,17.846],[83.4112,17.846],[83.4112,17.8454],[83.411,17.8454],[83.411,17.8449],[83.4107,17.8449],[83.4107,17.8443],[83.4104,17.8443],[83.4104,17.8438],[83.4101,17.8438],[83.4101,17.8435],[83.4099,17.8435],[83.4099,17.8399],[83.4101,17.8399],[83.4101,17.839],[83.4104,17.839],[83.4104,17.8385],[83.4107,17.8385],[83.4107,17.8376],[83.411,17.8376],[83.411,17.8371],[83.4112,17.8371],[83.4112,17.8368],[83.4115,17.8368],[83.4115,17.8365],[83.4118,17.8365],[83.4118,17.8363],[83.4124,17.8363],[83.4124,17.836],[83.4126,17.836],[83.4126,17.8357],[83.4129,17.8357],[83.4129,17.8354],[83.4154,17.8354],[83.4154,17.8351],[83.4157,17.8351],[83.4157,17.8337],[83.416,17.8337],[83.416,17.8301],[83.4157,17.8301],[83.4157,17.8232],[83.4154,17.8232],[83.4154,17.8226],[83.4151,17.8226],[83.4151,17.8218],[83.4149,17.8218],[83.4149,17.821],[83.4146,17.821],[83.4146,17.8204],[83.4143,17.8204],[83.4143,17.8199],[83.414,17.8199],[83.414,17.8193],[83.4137,17.8193],[83.4137,17.819],[83.4135,17.819],[83.4135,17.8188],[83.4132,17.8188],[83.4132,17.8182],[83.4129,17.8182],[83.4129,17.8179],[83.4126,17.8179],[83.4126,17.8174],[83.4124,17.8174],[83.4124,17.8168],[83.4121,17.8168],[83.4121,17.8163],[83.4118,17.8163],[83.4118,17.8157],[83.4115,17.8157],[83.4115,17.8151],[83.4112,17.8151],[83.4112,17.8143],[83.411,17.8143],[83.411,17.8138],[83.4107,17.8138],[83.4107,17.8121],[83.4104,17.8121],[83.4104,17.8118],[83.4101,17.8118],[83.4101,17.8104],[83.4099,17.8104],[83.4099,17.8101],[83.4093,17.8101],[83.4093,17.8099],[83.409,17.8099],[83.409,17.8096],[83.4088,17.8096],[83.4088,17.8093],[83.4085,17.8093],[83.4085,17.809],[83.4079,17.809],[83.4079,17.8088],[83.4076,17.8088],[83.4076,17.8085],[83.4074,17.8085],[83.4074,17.8082],[83.4071,17.8082],[83.4071,17.8079],[83.4065,17.8079],[83.4065,17.8074],[83.4063,17.8074],[83.4063,17.8071],[83.406,17.8071],[83.406,17.8068],[83.4057,17.8068],[83.4057,17.8065],[83.4054,17.8065],[83.4054,17.8062],[83.4051,17.8062],[83.4051,17.806],[83.4049,17.806],[83.4049,17.8057],[83.4046,17.8057],[83.4046,17.8054],[83.4043,17.8054],[83.4043,17.8051],[83.404,17.8051],[83.404,17.8049],[83.4037,17.8049],[83.4037,17.8046],[83.4035,17.8046],[83.4035,17.8043],[83.4032,17.8043],[83.4032,17.804],[83.4029,17.804],[83.4029,17.8038],[83.4024,17.8038],[83.4024,17.8035],[83.4021,17.8035],[83.4021,17.8032],[83.4015,17.8032],[83.4015,17.8026],[83.401,17.8026],[83.401,17.8024],[83.4007,17.8024],[83.4007,17.8021],[83.4001,17.8021],[83.4001,17.8018],[83.3999,17.8018],[83.3999,17.8015],[83.3993,17.8015],[83.3993,17.8013],[83.3988,17.8013],[83.3988,17.8007],[83.3985,17.8007],[83.3985,17.8001],[83.3982,17.8001],[83.3982,17.7996],[83.3979,17.7996],[83.3979,17.799],[83.3976,17.799],[83.3976,17.7985],[83.3974,17.7985],[83.3974,17.7979],[83.3971,17.7979],[83.3971,17.7976],[83.3965,17.7976],[83.3965,17.7974],[83.3961,17.7974],[83.3957,17.7974],[83.3957,17.7968],[83.3954,17.7968],[83.3954,17.7965],[83.3949,17.7965],[83.3949,17.7962],[83.3943,17.7962],[83.3943,17.796],[83.394,17.796],[83.394,17.7957],[83.3938,17.7957],[83.3938,17.7954],[83.3932,17.7954],[83.3932,17.7951],[83.3929,17.7951],[83.3929,17.7949],[83.3924,17.7949],[83.3924,17.7946],[83.3921,17.7946],[83.3921,17.7943],[83.3918,17.7943],[83.3918,17.794],[83.3915,17.794],[83.3915,17.7938],[83.3913,17.7938],[83.3913,17.7929],[83.391,17.7929],[83.391,17.7926],[83.3907,17.7926],[83.3907,17.7921],[83.3904,17.7921],[83.3904,17.7913],[83.3901,17.7913],[83.3901,17.7907],[83.3899,17.7907],[83.3899,17.7904],[83.3896,17.7904],[83.3896,17.7901],[83.3893,17.7901],[83.3893,17.7899],[83.389,17.7899],[83.389,17.7896],[83.3882,17.7896],[83.3882,17.7887],[83.3879,17.7887],[83.3879,17.7885],[83.3876,17.7885],[83.3876,17.7882],[83.3874,17.7882],[83.3874,17.7879],[83.3871,17.7879],[83.3871,17.7876],[83.3868,17.7876],[83.3868,17.7868],[83.3865,17.7868],[83.3865,17.7863],[83.3863,17.7863],[83.3863,17.786],[83.386,17.786],[83.386,17.7854],[83.3857,17.7854],[83.3857,17.7849],[83.3854,17.7849],[83.3854,17.7843],[83.3851,17.7843],[83.3851,17.7838],[83.3849,17.7838],[83.3849,17.7824],[83.3851,17.7824],[83.3851,17.7813],[83.3854,17.7813],[83.3854,17.781],[83.3857,17.781],[83.3857,17.7801],[83.386,17.7801],[83.386,17.779],[83.3857,17.779],[83.3857,17.7785],[83.3854,17.7785],[83.3854,17.7779],[83.3851,17.7779],[83.3851,17.7776],[83.3849,17.7776],[83.3849,17.7774],[83.3846,17.7774],[83.3846,17.7771],[83.384,17.7771],[83.384,17.7768],[83.3838,17.7768],[83.3838,17.7765],[83.3835,17.7765],[83.3835,17.7763],[83.3832,17.7763],[83.3832,17.776],[83.3826,17.776],[83.3826,17.7757],[83.3821,17.7757],[83.3821,17.7754],[83.3815,17.7754],[83.3815,17.7751],[83.381,17.7751],[83.381,17.7749],[83.3807,17.7749],[83.3807,17.7746],[83.3801,17.7746],[83.3801,17.7743],[83.3799,17.7743],[83.3799,17.774],[83.3796,17.774],[83.3796,17.7738],[83.379,17.7738],[83.379,17.7735],[83.3788,17.7735],[83.3788,17.7732],[83.3785,17.7732],[83.3785,17.7729],[83.3779,17.7729],[83.3779,17.7726],[83.3776,17.7726],[83.3776,17.7724],[83.3774,17.7724],[83.3774,17.7721],[83.3768,17.7721],[83.3768,17.7718],[83.3765,17.7718],[83.3765,17.7715],[83.376,17.7715],[83.376,17.7712],[83.3757,17.7712],[83.3757,17.771],[83.3754,17.771],[83.3754,17.7707],[83.3749,17.7707],[83.3749,17.7704],[83.3746,17.7704],[83.3746,17.7701],[83.3743,17.7701],[83.3743,17.7699],[83.3737,17.7699],[83.3737,17.7696],[83.3735,17.7696],[83.3735,17.7693],[83.3729,17.7693],[83.3729,17.769],[83.3724,17.769],[83.3724,17.7688],[83.3718,17.7688],[83.3718,17.7685],[83.3715,17.7685],[83.3715,17.7682],[83.371,17.7682],[83.371,17.7679],[83.3704,17.7679],[83.3704,17.7676],[83.3699,17.7676],[83.3699,17.7674],[83.3693,17.7674],[83.3693,17.7671],[83.3688,17.7671],[83.3688,17.7668],[83.3682,17.7668],[83.3682,17.7665],[83.3676,17.7665],[83.3676,17.7663],[83.3674,17.7663],[83.3674,17.766],[83.3668,17.766],[83.3668,17.7657],[83.3662,17.7657],[83.3662,17.7654],[83.3657,17.7654],[83.3657,17.7652],[83.3646,17.7652],[83.3646,17.7649],[83.364,17.7649],[83.364,17.7646],[83.3637,17.7646],[83.3637,17.7643],[83.3635,17.7643],[83.3635,17.764],[83.3632,17.764],[83.3632,17.7638],[83.3626,17.7638],[83.3626,17.7635],[83.3624,17.7635],[83.3624,17.7632],[83.3621,17.7632],[83.3621,17.7629],[83.3615,17.7629],[83.3615,17.7626],[83.3613,17.7626],[83.3613,17.7624],[83.361,17.7624],[83.361,17.7621],[83.3607,17.7621],[83.3607,17.7618],[83.3604,17.7618],[83.3604,17.7615],[83.3599,17.7615],[83.3599,17.7612],[83.359,17.7612],[83.359,17.761],[83.3587,17.761],[83.3587,17.7607],[83.3582,17.7607],[83.3582,17.7604],[83.3579,17.7604],[83.3579,17.7601],[83.3576,17.7601],[83.3576,17.7599],[83.3571,17.7599],[83.3571,17.7596],[83.3568,17.7596],[83.3568,17.7593],[83.3565,17.7593],[83.3565,17.759],[83.3562,17.759],[83.3562,17.7588],[83.356,17.7588],[83.356,17.7585],[83.3557,17.7585],[83.3557,17.7582],[83.3554,17.7582],[83.3554,17.7579],[83.3551,17.7579],[83.3551,17.7576],[83.3549,17.7576],[83.3549,17.7574],[83.3546,17.7574],[83.3546,17.7571],[83.3543,17.7571],[83.3543,17.756],[83.354,17.756],[83.354,17.7557],[83.3538,17.7557],[83.3538,17.7554],[83.3535,17.7554],[83.3535,17.7549],[83.3532,17.7549],[83.3532,17.7543],[83.3529,17.7543],[83.3529,17.754],[83.3526,17.754],[83.3526,17.7535],[83.3524,17.7535],[83.3524,17.7532],[83.3521,17.7532],[83.3521,17.7526],[83.3518,17.7526],[83.3518,17.7524],[83.3515,17.7524],[83.3515,17.7521],[83.3512,17.7521],[83.3512,17.7518],[83.351,17.7518],[83.351,17.7515],[83.3507,17.7515],[83.3507,17.7513],[83.3504,17.7513],[83.3504,17.751],[83.3499,17.751],[83.3499,17.7507],[83.349,17.7507],[83.349,17.7504],[83.3493,17.7504],[83.3493,17.7499],[83.3496,17.7499],[83.3496,17.7496],[83.3499,17.7496],[83.3499,17.7493],[83.3504,17.7493],[83.3504,17.7488],[83.3507,17.7488],[83.3507,17.7482],[83.351,17.7482],[83.351,17.7476],[83.3507,17.7476],[83.3507,17.7471],[83.3504,17.7471],[83.3504,17.7465],[83.3501,17.7465],[83.3501,17.7463],[83.3499,17.7463],[83.3499,17.746],[83.3496,17.746],[83.3496,17.7457],[83.3493,17.7457],[83.3493,17.7454],[83.349,17.7454],[83.349,17.7451],[83.3487,17.7451],[83.3487,17.7449],[83.3474,17.7449],[83.3474,17.7446],[83.3465,17.7446],[83.3465,17.7443],[83.3463,17.7443],[83.3463,17.7437],[83.346,17.7437],[83.346,17.7432],[83.3457,17.7432],[83.3457,17.7426],[83.3454,17.7426],[83.3454,17.7424],[83.3451,17.7424],[83.3451,17.7418],[83.3449,17.7418],[83.3449,17.7413],[83.3446,17.7413],[83.3446,17.7407],[83.3443,17.7407],[83.3443,17.7401],[83.344,17.7401],[83.344,17.7396],[83.3438,17.7396],[83.3438,17.739],[83.3435,17.739],[83.3435,17.7385],[83.3432,17.7385],[83.3432,17.7379],[83.3429,17.7379],[83.3429,17.7374],[83.3426,17.7374],[83.3426,17.7354],[83.3429,17.7354],[83.3429,17.7339],[83.3429,17.7335],[83.3432,17.7335],[83.3432,17.7326],[83.3435,17.7326],[83.3435,17.7315],[83.3438,17.7315],[83.3438,17.7313],[83.344,17.7313],[83.344,17.7304],[83.3443,17.7304],[83.3443,17.7299],[83.3446,17.7299],[83.3446,17.7296],[83.3451,17.7296],[83.3451,17.7293],[83.3457,17.7293],[83.3457,17.7282],[83.3454,17.7282],[83.3454,17.7274],[83.3451,17.7274],[83.3451,17.7265],[83.3449,17.7265],[83.3449,17.7257],[83.3446,17.7257],[83.3446,17.7251],[83.3443,17.7251],[83.3443,17.7249],[83.3438,17.7249],[83.3438,17.7246],[83.3432,17.7246],[83.3432,17.724],[83.3429,17.724],[83.3429,17.7238],[83.3426,17.7238],[83.3426,17.7235],[83.3421,17.7235],[83.3421,17.7232],[83.3418,17.7232],[83.3418,17.7229],[83.3412,17.7229],[83.3412,17.7226],[83.3407,17.7226],[83.3407,17.7224],[83.3404,17.7224],[83.3404,17.7221],[83.3399,17.7221],[83.3399,17.7218],[83.3393,17.7218],[83.3393,17.7215],[83.3388,17.7215],[83.3388,17.7213],[83.3385,17.7213],[83.3382,17.7213],[83.3382,17.721],[83.3374,17.721],[83.3374,17.7207],[83.3368,17.7207],[83.3368,17.7204],[83.3363,17.7204],[83.3363,17.7201],[83.3357,17.7201],[83.3357,17.7199],[83.3351,17.7199],[83.3351,17.7196],[83.3346,17.7196],[83.3346,17.7193],[83.3337,17.7193],[83.3337,17.719],[83.3332,17.719],[83.3332,17.7187],[83.3326,17.7187],[83.3326,17.7185],[83.3321,17.7185],[83.3321,17.7182],[83.3315,17.7182],[83.3315,17.7179],[83.331,17.7179],[83.331,17.7176],[83.3304,17.7176],[83.3304,17.7174],[83.3299,17.7174],[83.3299,17.7171],[83.3293,17.7171],[83.3293,17.7168],[83.3288,17.7168],[83.3288,17.7165],[83.3282,17.7165],[83.3282,17.7162],[83.3276,17.7162],[83.3276,17.716],[83.3271,17.716],[83.3271,17.7157],[83.3265,17.7157],[83.3265,17.7154],[83.326,17.7154],[83.326,17.7151],[83.3254,17.7151],[83.3254,17.7149],[83.3249,17.7149],[83.3249,17.7146],[83.3243,17.7146],[83.3243,17.7143],[83.3238,17.7143],[83.3238,17.714],[83.3232,17.714],[83.3232,17.7138],[83.3229,17.7138],[83.3229,17.7135],[83.3224,17.7135],[83.3224,17.7132],[83.3218,17.7132],[83.3218,17.7129],[83.3213,17.7129],[83.3213,17.7126],[83.321,17.7126],[83.321,17.7124],[83.3204,17.7124],[83.3204,17.7121],[83.3199,17.7121],[83.3199,17.7118],[83.3193,17.7118],[83.3193,17.7115],[83.319,17.7115],[83.319,17.7113],[83.3185,17.7113],[83.3185,17.711],[83.3179,17.711],[83.3179,17.7107],[83.3174,17.7107],[83.3174,17.7104],[83.3171,17.7104],[83.3171,17.7101],[83.3165,17.7101],[83.3165,17.7099],[83.3163,17.7099],[83.3163,17.7096],[83.316,17.7096],[83.316,17.7093],[83.3154,17.7093],[83.3154,17.709],[83.3151,17.709],[83.3151,17.7087],[83.3149,17.7087],[83.3149,17.7085],[83.3146,17.7085],[83.3146,17.7082],[83.3143,17.7082],[83.3143,17.7079],[83.314,17.7079],[83.314,17.7076],[83.3135,17.7076],[83.3135,17.7074],[83.3132,17.7074],[83.3132,17.7071],[83.3129,17.7071],[83.3129,17.7068],[83.3126,17.7068],[83.3126,17.7065],[83.3124,17.7065],[83.3124,17.7063],[83.3121,17.7063],[83.3121,17.706],[83.3115,17.706],[83.3115,17.7057],[83.3112,17.7057],[83.3112,17.7054],[83.311,17.7054],[83.311,17.7051],[83.3107,17.7051],[83.3107,17.7049],[83.3101,17.7049],[83.3101,17.7046],[83.3099,17.7046],[83.3099,17.7043],[83.3096,17.7043],[83.3096,17.704],[83.309,17.704],[83.309,17.7038],[83.3087,17.7038],[83.3087,17.7035],[83.3085,17.7035],[83.3085,17.7032],[83.3082,17.7032],[83.3082,17.7029],[83.3076,17.7029],[83.3076,17.7026],[83.3074,17.7026],[83.3074,17.7024],[83.3071,17.7024],[83.3071,17.7021],[83.3065,17.7021],[83.3065,17.7018],[83.3063,17.7018],[83.3063,17.7013],[83.306,17.7013],[83.306,17.7004],[83.3057,17.7004],[83.3057,17.6982],[83.306,17.6982],[83.306,17.6979],[83.3063,17.6979],[83.3063,17.6974],[83.3051,17.6974],[83.3051,17.6976],[83.3049,17.6976],[83.3049,17.6979],[83.3046,17.6979],[83.3046,17.6982],[83.3032,17.6982],[83.3032,17.6979],[83.3026,17.6979],[83.3026,17.6976],[83.3024,17.6976],[83.3024,17.6968],[83.3026,17.6968],[83.3026,17.6965],[83.3029,17.6965],[83.3029,17.6963],[83.3032,17.6963],[83.3032,17.696],[83.3035,17.696],[83.3035,17.6957],[83.3037,17.6957],[83.3037,17.6954],[83.304,17.6954],[83.304,17.6951],[83.3054,17.6951],[83.3054,17.6954],[83.3057,17.6954],[83.3057,17.696],[83.306,17.696],[83.306,17.6963],[83.3063,17.6963],[83.3063,17.6965],[83.3065,17.6965],[83.3065,17.6968],[83.3068,17.6968],[83.3068,17.6971],[83.3074,17.6971],[83.3074,17.6974],[83.3076,17.6974],[83.3076,17.6976],[83.3082,17.6976],[83.3082,17.6968],[83.3076,17.6968],[83.3076,17.6965],[83.3074,17.6965],[83.3074,17.6963],[83.3071,17.6963],[83.3071,17.6957],[83.3068,17.6957],[83.3068,17.6951],[83.3065,17.6951],[83.3065,17.6915],[83.3065,17.6912],[83.3068,17.6912],[83.3068,17.6893],[83.3065,17.6893],[83.3065,17.6882],[83.306,17.6882],[83.306,17.6893],[83.3063,17.6893],[83.3063,17.691],[83.306,17.691],[83.306,17.6912],[83.306,17.6929],[83.3057,17.6929],[83.3057,17.6932],[83.3024,17.6932],[83.3024,17.6938],[83.3021,17.6938],[83.3021,17.6943],[83.3018,17.6943],[83.3018,17.6949],[83.3015,17.6949],[83.3015,17.6954],[83.3012,17.6954],[83.3012,17.696],[83.3001,17.696],[83.3001,17.6957],[83.2999,17.6957],[83.2999,17.6954],[83.2993,17.6954],[83.2993,17.6951],[83.2996,17.6951],[83.2996,17.6949],[83.2999,17.6949],[83.2999,17.6946],[83.3001,17.6946],[83.3001,17.6943],[83.3004,17.6943],[83.3004,17.694],[83.3007,17.694],[83.3007,17.6938],[83.3012,17.6938],[83.3012,17.6935],[83.3015,17.6935],[83.3015,17.6932],[83.3018,17.6932],[83.3018,17.6929],[83.3015,17.6929],[83.3015,17.6926],[83.3012,17.6926],[83.3012,17.6921],[83.301,17.6921],[83.301,17.6924],[83.3007,17.6924],[83.3007,17.6926],[83.3004,17.6926],[83.3004,17.6929],[83.2999,17.6929],[83.2999,17.6932],[83.2996,17.6932],[83.2996,17.6935],[83.299,17.6935],[83.299,17.6938],[83.2988,17.6938],[83.2988,17.694],[83.2985,17.694],[83.2985,17.6943],[83.2976,17.6943],[83.2976,17.694],[83.2974,17.694],[83.2974,17.6938],[83.2971,17.6938],[83.2971,17.6932],[83.2974,17.6932],[83.2974,17.6929],[83.2976,17.6929],[83.2976,17.6926],[83.2982,17.6926],[83.2982,17.6924],[83.2988,17.6924],[83.2988,17.6921],[83.299,17.6921],[83.299,17.6918],[83.2993,17.6918],[83.2993,17.6915],[83.2996,17.6915],[83.2996,17.6904],[83.2988,17.6904],[83.2988,17.6907],[83.2982,17.6907],[83.2982,17.6912],[83.2979,17.6912],[83.2979,17.6915],[83.2976,17.6915],[83.2976,17.6918],[83.2971,17.6918],[83.2971,17.6915],[83.2968,17.6915],[83.2968,17.6912],[83.2965,17.6912],[83.2965,17.691],[83.2962,17.691],[83.2962,17.6907],[83.296,17.6907],[83.296,17.6904],[83.2957,17.6904],[83.2957,17.6901],[83.2954,17.6901],[83.2954,17.6899],[83.2951,17.6899],[83.2951,17.6896],[83.2949,17.6896],[83.2949,17.6893],[83.294,17.6893],[83.294,17.689],[83.2932,17.689],[83.2932,17.6888],[83.291,17.6888],[83.291,17.6885],[83.2896,17.6885],[83.2896,17.6882],[83.2879,17.6882],[83.2879,17.6879],[83.2862,17.6879],[83.2862,17.6882],[83.286,17.6882],[83.286,17.6885],[83.2843,17.6885],[83.2843,17.6888],[83.284,17.6888],[83.284,17.689],[83.2835,17.689],[83.2835,17.6893],[83.2824,17.6893],[83.2824,17.6901],[83.2821,17.6901],[83.2821,17.6924],[83.2824,17.6924],[83.2824,17.6938],[83.2821,17.6938],[83.2821,17.6946],[83.2818,17.6946],[83.2818,17.6949],[83.2804,17.6949],[83.2804,17.6946],[83.2799,17.6946],[83.2799,17.6949],[83.2796,17.6949],[83.2796,17.6954],[83.2793,17.6954],[83.2793,17.696],[83.279,17.696],[83.279,17.6968],[83.2787,17.6968],[83.2787,17.6993],[83.2785,17.6993],[83.2785,17.7001],[83.2782,17.7001],[83.2782,17.7004],[83.2779,17.7004],[83.2779,17.7007],[83.2776,17.7007],[83.2776,17.701],[83.2774,17.701],[83.2774,17.7013],[83.2768,17.7013],[83.2768,17.7021],[83.2765,17.7021],[83.2765,17.7024],[83.2763,17.7024],[83.2763,17.7029],[83.276,17.7029],[83.276,17.7032],[83.2757,17.7032],[83.2757,17.7035],[83.2754,17.7035],[83.2754,17.7038],[83.2751,17.7038],[83.2751,17.704],[83.2746,17.704],[83.2746,17.7043],[83.2743,17.7043],[83.2743,17.7049],[83.274,17.7049],[83.274,17.7051],[83.2738,17.7051],[83.2738,17.7054],[83.2735,17.7054],[83.2735,17.706],[83.2732,17.706],[83.2732,17.7065],[83.2729,17.7065],[83.2729,17.7071],[83.2726,17.7071],[83.2726,17.709],[83.2729,17.709],[83.2729,17.7093],[83.2732,17.7093],[83.2732,17.7107],[83.2729,17.7107],[83.2729,17.7113],[83.2726,17.7113],[83.2726,17.7118],[83.2724,17.7118],[83.2724,17.7121],[83.2721,17.7121],[83.2721,17.7124],[83.2718,17.7124],[83.2718,17.7126],[83.2707,17.7126],[83.2707,17.7129],[83.2701,17.7129],[83.2701,17.7126],[83.2696,17.7126],[83.2696,17.7124],[83.2693,17.7124],[83.2693,17.7121],[83.269,17.7121],[83.269,17.7118],[83.2685,17.7118],[83.2685,17.7115],[83.2682,17.7115],[83.2682,17.7113],[83.2679,17.7113],[83.2679,17.711],[83.2676,17.711],[83.2676,17.7107],[83.2674,17.7107],[83.2674,17.7101],[83.2668,17.7101],[83.2668,17.7104],[83.2663,17.7104],[83.2663,17.7107],[83.2657,17.7107],[83.2657,17.711],[83.2654,17.711],[83.2654,17.7113],[83.2637,17.7113],[83.2637,17.711],[83.2635,17.711],[83.2635,17.7096],[83.2637,17.7096],[83.2637,17.709],[83.264,17.709],[83.264,17.7087],[83.2646,17.7087],[83.2646,17.7085],[83.2649,17.7085],[83.2649,17.7082],[83.2651,17.7082],[83.2651,17.7079],[83.2663,17.7079],[83.2663,17.706],[83.266,17.706],[83.266,17.7057],[83.2646,17.7057],[83.2646,17.7054],[83.2635,17.7054],[83.2635,17.7051],[83.2632,17.7051],[83.2632,17.7043],[83.2635,17.7043],[83.2635,17.704],[83.2643,17.704],[83.2643,17.7043],[83.2654,17.7043],[83.2654,17.7046],[83.266,17.7046],[83.266,17.7049],[83.2693,17.7049],[83.2693,17.7051],[83.2718,17.7051],[83.2718,17.7046],[83.2721,17.7046],[83.2721,17.7043],[83.2724,17.7043],[83.2724,17.7032],[83.2726,17.7032],[83.2726,17.7029],[83.2729,17.7029],[83.2729,17.7024],[83.2732,17.7024],[83.2732,17.7021],[83.2735,17.7021],[83.2735,17.7018],[83.2738,17.7018],[83.2738,17.7013],[83.274,17.7013],[83.274,17.7004],[83.2743,17.7004],[83.2743,17.7001],[83.2746,17.7001],[83.2746,17.6996],[83.2749,17.6996],[83.2749,17.6993],[83.2751,17.6993],[83.2751,17.699],[83.2754,17.699],[83.2754,17.6987],[83.2757,17.6987],[83.2757,17.6985],[83.276,17.6985],[83.276,17.6982],[83.2763,17.6982],[83.2763,17.6979],[83.2765,17.6979],[83.2765,17.6976],[83.2768,17.6976],[83.2768,17.6974],[83.2774,17.6974],[83.2774,17.6971],[83.2776,17.6971],[83.2776,17.6965],[83.2779,17.6965],[83.2779,17.696],[83.2782,17.696],[83.2782,17.6954],[83.2785,17.6954],[83.2785,17.6949],[83.2787,17.6949],[83.2787,17.6943],[83.279,17.6943],[83.279,17.694],[83.2785,17.694],[83.2785,17.6929],[83.2787,17.6929],[83.2787,17.6924],[83.279,17.6924],[83.279,17.6918],[83.2793,17.6918],[83.2793,17.6915],[83.2796,17.6915],[83.2796,17.6912],[83.2799,17.6912],[83.2799,17.691],[83.2801,17.691],[83.2801,17.6907],[83.2807,17.6907],[83.2807,17.6904],[83.281,17.6904],[83.281,17.6901],[83.2813,17.6901],[83.2813,17.6896],[83.2815,17.6896],[83.2815,17.6887],[83.2818,17.6888],[83.2818,17.6882],[83.2821,17.6882],[83.2821,17.6879],[83.2824,17.6879],[83.2824,17.6876],[83.2835,17.6876],[83.2835,17.6874],[83.2849,17.6874],[83.2849,17.6876],[83.2857,17.6876],[83.2857,17.6874],[83.286,17.6874],[83.286,17.6871],[83.2882,17.6871],[83.2882,17.6874],[83.2904,17.6874],[83.2904,17.6876],[83.2913,17.6876],[83.2913,17.6879],[83.2924,17.6879],[83.2924,17.6876],[83.2932,17.6876],[83.2932,17.6874],[83.2935,17.6874],[83.2935,17.6871],[83.2937,17.6871],[83.2937,17.6868],[83.294,17.6868],[83.294,17.6865],[83.2943,17.6865],[83.2943,17.686],[83.2946,17.686],[83.2946,17.6857],[83.2954,17.6857],[83.2954,17.686],[83.296,17.686],[83.296,17.6863],[83.2962,17.6863],[83.2962,17.6865],[83.2971,17.6865],[83.2971,17.6868],[83.2976,17.6868],[83.2976,17.6865],[83.298,17.6865],[83.2982,17.6865],[83.2982,17.6854],[83.2968,17.6854],[83.2968,17.6851],[83.2957,17.6851],[83.2957,17.6849],[83.2955,17.6849],[83.2946,17.6849],[83.2946,17.6839],[83.2946,17.6835],[83.2943,17.6835],[83.2943,17.6824],[83.2949,17.6824],[83.2949,17.6815],[83.2951,17.6815],[83.2951,17.6812],[83.2957,17.6812],[83.2957,17.681],[83.296,17.681],[83.296,17.6793],[83.2957,17.6793],[83.2957,17.6785],[83.2954,17.6785],[83.2954,17.6751],[83.2951,17.6751],[83.2951,17.6749],[83.2949,17.6749],[83.2949,17.6743],[83.2946,17.6743],[83.2946,17.674],[83.2943,17.674],[83.2943,17.6737],[83.294,17.6737],[83.294,17.6732],[83.2937,17.6732],[83.2937,17.6729],[83.2935,17.6729],[83.2935,17.6724],[83.2929,17.6724],[83.2929,17.6721],[83.2926,17.6721],[83.2926,17.6718],[83.2921,17.6718],[83.2921,17.6715],[83.2918,17.6715],[83.2918,17.6712],[83.2913,17.6712],[83.2913,17.671],[83.291,17.671],[83.291,17.6707],[83.2904,17.6707],[83.2904,17.6704],[83.2901,17.6704],[83.2901,17.6699],[83.2899,17.6699],[83.2899,17.6696],[83.2893,17.6696],[83.2893,17.6693],[83.289,17.6693],[83.289,17.669],[83.2887,17.669],[83.2887,17.6687],[83.2882,17.6688],[83.2882,17.6685],[83.2881,17.6685],[83.2879,17.6685],[83.2879,17.6682],[83.2876,17.6682],[83.2876,17.6679],[83.2874,17.6679],[83.2874,17.6676],[83.2868,17.6676],[83.2868,17.6674],[83.2865,17.6674],[83.2865,17.6671],[83.2862,17.6671],[83.2862,17.6668],[83.286,17.6668],[83.286,17.6665],[83.2854,17.6665],[83.2854,17.6663],[83.2851,17.6663],[83.2851,17.6657],[83.2846,17.6657],[83.2846,17.6654],[83.2843,17.6654],[83.2843,17.6651],[83.284,17.6651],[83.284,17.6649],[83.2838,17.6649],[83.2838,17.6646],[83.2835,17.6646],[83.2835,17.6637],[83.2838,17.6637],[83.2838,17.6635],[83.284,17.6635],[83.284,17.6632],[83.2838,17.6632],[83.2838,17.6626],[83.2835,17.6626],[83.2835,17.6618],[83.2832,17.6618],[83.2832,17.6613],[83.2829,17.6613],[83.2829,17.6607],[83.2826,17.6607],[83.2826,17.6601],[83.2824,17.6601],[83.2824,17.6599],[83.2813,17.6599],[83.2813,17.6596],[83.2801,17.6596],[83.2801,17.6593],[83.279,17.6593],[83.279,17.659],[83.2776,17.659],[83.2776,17.6588],[83.2774,17.6588],[83.2774,17.6585],[83.2765,17.6585],[83.2765,17.6579],[83.2763,17.6579],[83.2763,17.6576],[83.2757,17.6576],[83.2757,17.6574],[83.2749,17.6574],[83.2749,17.6571],[83.2743,17.6571],[83.2743,17.6568],[83.2735,17.6568],[83.2735,17.6565],[83.2729,17.6565],[83.2729,17.6563],[83.2724,17.6563],[83.2724,17.656],[83.2718,17.656],[83.2718,17.6557],[83.2712,17.6557],[83.2712,17.6554],[83.2707,17.6554],[83.2707,17.6551],[83.2701,17.6551],[83.2701,17.6549],[83.2696,17.6549],[83.2696,17.6546],[83.269,17.6546],[83.269,17.6543],[83.2688,17.6543],[83.2688,17.654],[83.2682,17.654],[83.2682,17.6538],[83.2676,17.6538],[83.2676,17.6535],[83.2671,17.6535],[83.2671,17.6532],[83.2665,17.6532],[83.2665,17.6529],[83.266,17.6529],[83.266,17.6526],[83.2654,17.6526],[83.2654,17.6524],[83.2649,17.6524],[83.2649,17.6521],[83.2643,17.6521],[83.2643,17.6518],[83.2637,17.6518],[83.2637,17.6515],[83.2632,17.6515],[83.2632,17.6513],[83.2626,17.6513],[83.2626,17.651],[83.2618,17.651],[83.2618,17.6507],[83.2615,17.6507],[83.2615,17.6504],[83.2613,17.6504],[83.2613,17.6501],[83.2607,17.6501],[83.2607,17.649],[83.261,17.649],[83.261,17.6488],[83.2613,17.6488],[83.2613,17.6476],[83.261,17.6476],[83.261,17.6474],[83.2607,17.6474],[83.2607,17.6471],[83.2601,17.6471],[83.2601,17.6468],[83.2599,17.6468],[83.2599,17.646],[83.2601,17.646],[83.2601,17.6457],[83.2604,17.6457],[83.2604,17.6454],[83.2601,17.6454],[83.2601,17.644],[83.2599,17.644],[83.2599,17.6438],[83.2593,17.6438],[83.2593,17.6435],[83.259,17.6435],[83.259,17.6432],[83.2588,17.6432],[83.2588,17.6429],[83.2579,17.6429],[83.2579,17.6426],[83.2574,17.6426],[83.2574,17.6424],[83.2568,17.6424],[83.2568,17.6421],[83.2565,17.6421],[83.2565,17.6418],[83.2557,17.6418],[83.2557,17.6415],[83.2549,17.6415],[83.2549,17.6413],[83.2546,17.6413],[83.2546,17.641],[83.254,17.641],[83.254,17.6407],[83.2538,17.6407],[83.2538,17.6404],[83.2532,17.6404],[83.2532,17.6401],[83.2526,17.6401],[83.2526,17.6399],[83.2521,17.6399],[83.2521,17.6396],[83.2518,17.6396],[83.2518,17.6393],[83.2507,17.6393],[83.2507,17.639],[83.2501,17.639],[83.2501,17.6388],[83.2496,17.6388],[83.2496,17.6385],[83.249,17.6385],[83.249,17.6382],[83.2482,17.6382],[83.2482,17.6379],[83.2476,17.6379],[83.2476,17.6376],[83.2474,17.6376],[83.2474,17.6374],[83.2468,17.6374],[83.2468,17.6371],[83.2462,17.6371],[83.2462,17.6368],[83.246,17.6368],[83.246,17.6365],[83.2454,17.6365],[83.2454,17.6362],[83.2449,17.6362],[83.2449,17.636],[83.2446,17.636],[83.2446,17.6357],[83.244,17.6357],[83.244,17.6354],[83.2429,17.6354],[83.2429,17.6351],[83.2426,17.6351],[83.2426,17.6349],[83.2424,17.6349],[83.2424,17.6346],[83.2418,17.6346],[83.2418,17.6343],[83.2412,17.6343],[83.2412,17.634],[83.241,17.634],[83.241,17.6338],[83.2407,17.6338],[83.2407,17.6335],[83.2401,17.6335],[83.2401,17.6332],[83.2399,17.6332],[83.2399,17.6326],[83.2396,17.6326],[83.2396,17.6324],[83.2393,17.6324],[83.2393,17.6321],[83.2387,17.6321],[83.2387,17.6318],[83.2385,17.6318],[83.2385,17.6315],[83.2382,17.6315],[83.2382,17.6313],[83.2379,17.6313],[83.2379,17.631],[83.2376,17.631],[83.2376,17.6307],[83.2374,17.6307],[83.2374,17.6304],[83.2371,17.6304],[83.2371,17.6301],[83.2368,17.6301],[83.2368,17.6299],[83.2363,17.6299],[83.2363,17.6296],[83.236,17.6296],[83.236,17.6293],[83.2357,17.6293],[83.2357,17.629],[83.2354,17.629],[83.2354,17.6285],[83.2351,17.6285],[83.2351,17.6282],[83.2349,17.6282],[83.2349,17.6276],[83.2346,17.6276],[83.2346,17.6274],[83.2343,17.6274],[83.2343,17.6268],[83.234,17.6268],[83.234,17.6265],[83.2337,17.6265],[83.2337,17.626],[83.2335,17.626],[83.2335,17.6257],[83.2332,17.6257],[83.2332,17.6251],[83.2329,17.6251],[83.2329,17.6243],[83.2326,17.6243],[83.2326,17.6226],[83.2324,17.6226],[83.2324,17.6193],[83.2326,17.6193],[83.2326,17.619],[83.2335,17.619],[83.2335,17.6187],[83.2337,17.6187],[83.2337,17.6174],[83.2335,17.6174],[83.2335,17.6171],[83.2332,17.6171],[83.2332,17.6168],[83.2329,17.6168],[83.2329,17.6165],[83.2326,17.6165],[83.2326,17.6157],[83.2329,17.6157],[83.2329,17.6151],[83.2331,17.6151],[83.2332,17.6151],[83.2332,17.6146],[83.2335,17.6146],[83.2335,17.614],[83.2337,17.614],[83.2337,17.6138],[83.234,17.6138],[83.234,17.6135],[83.2343,17.6135],[83.2343,17.6132],[83.2349,17.6132],[83.2349,17.6129],[83.2351,17.6129],[83.2351,17.6126],[83.236,17.6126],[83.236,17.6129],[83.2365,17.6129],[83.2365,17.6132],[83.2368,17.6132],[83.2368,17.6135],[83.2376,17.6135],[83.2376,17.6138],[83.2382,17.6138],[83.2382,17.6135],[83.2385,17.6135],[83.2385,17.6126],[83.2382,17.6126],[83.2382,17.6118],[83.2379,17.6118],[83.2379,17.6115],[83.2374,17.6115],[83.2374,17.6112],[83.2368,17.6112],[83.2368,17.611],[83.236,17.611],[83.236,17.6112],[83.2357,17.6112],[83.2357,17.611],[83.2354,17.611],[83.2354,17.6107],[83.2349,17.6107],[83.2349,17.6104],[83.2346,17.6104],[83.2346,17.6101],[83.2343,17.6101],[83.2343,17.6099],[83.234,17.6099],[83.234,17.6096],[83.2335,17.6096],[83.2335,17.6093],[83.2332,17.6093],[83.2332,17.609],[83.2329,17.609],[83.2329,17.6087],[83.2324,17.6087],[83.2324,17.6085],[83.2321,17.6085],[83.2321,17.6082],[83.2318,17.6082],[83.2318,17.6079],[83.2315,17.6079],[83.2315,17.6076],[83.2312,17.6076],[83.2312,17.6074],[83.231,17.6074],[83.231,17.6071],[83.2304,17.6071],[83.2304,17.6068],[83.2299,17.6068],[83.2299,17.6065],[83.2296,17.6065],[83.2296,17.6063],[83.2288,17.6063],[83.2288,17.606],[83.2276,17.606],[83.2276,17.6057],[83.2271,17.6057],[83.2271,17.6054],[83.2268,17.6054],[83.2268,17.6051],[83.2265,17.6051],[83.2265,17.6049],[83.226,17.6049],[83.226,17.6046],[83.2254,17.6046],[83.2254,17.6043],[83.2251,17.6043],[83.2251,17.604],[83.2249,17.604],[83.2249,17.6038],[83.2246,17.6038],[83.2246,17.6035],[83.224,17.6035],[83.224,17.6032],[83.2235,17.6032],[83.2235,17.6029],[83.2232,17.6029],[83.2232,17.6026],[83.2229,17.6026],[83.2229,17.6024],[83.2224,17.6024],[83.2224,17.6021],[83.2218,17.6021],[83.2218,17.6018],[83.221,17.6018],[83.221,17.6015],[83.2207,17.6015],[83.2207,17.6012],[83.2196,17.6012],[83.2196,17.601],[83.219,17.601],[83.219,17.6007],[83.2188,17.6007],[83.2188,17.6004],[83.2185,17.6004],[83.2185,17.6001],[83.2179,17.6001],[83.2179,17.5999],[83.2176,17.5999],[83.2176,17.5996],[83.2174,17.5996],[83.2174,17.5993],[83.2168,17.5993],[83.2168,17.599],[83.2165,17.599],[83.2165,17.5988],[83.2162,17.5988],[83.2162,17.5985],[83.216,17.5985],[83.216,17.5982],[83.2157,17.5982],[83.2157,17.5979],[83.2154,17.5979],[83.2154,17.5968],[83.2157,17.5968],[83.2157,17.5965],[83.216,17.5965],[83.216,17.5954],[83.2157,17.5954],[83.2157,17.594],[83.2151,17.594],[83.2151,17.5938],[83.2149,17.5938],[83.2149,17.5932],[83.2146,17.5932],[83.2146,17.5929],[83.2143,17.5929],[83.2143,17.5926],[83.214,17.5926],[83.214,17.5915],[83.2138,17.5915],[83.2138,17.5912],[83.2135,17.5912],[83.2135,17.591],[83.2129,17.591],[83.2129,17.5907],[83.2118,17.5907],[83.2118,17.5904],[83.2079,17.5904],[83.2079,17.5901],[83.2074,17.5901],[83.2074,17.5899],[83.2068,17.5899],[83.2068,17.5896],[83.2063,17.5896],[83.2063,17.5893],[83.2057,17.5893],[83.2057,17.589],[83.2049,17.589],[83.2049,17.5888],[83.2046,17.5888],[83.2046,17.5885],[83.2035,17.5885],[83.2035,17.5882],[83.2032,17.5882],[83.2032,17.5879],[83.2029,17.5879],[83.2029,17.5876],[83.2026,17.5876],[83.2026,17.5874],[83.2021,17.5874],[83.2021,17.5871],[83.201,17.5871],[83.201,17.5868],[83.2004,17.5868],[83.2004,17.5865],[83.1999,17.5865],[83.1999,17.5863],[83.199,17.5863],[83.199,17.586],[83.1988,17.586],[83.1988,17.5857],[83.1979,17.5857],[83.1979,17.5854],[83.1974,17.5854],[83.1974,17.5851],[83.1971,17.5851],[83.1971,17.5849],[83.1968,17.5849],[83.1968,17.5846],[83.1965,17.5846],[83.1965,17.5843],[83.196,17.5843],[83.196,17.584],[83.1951,17.584],[83.1951,17.5837],[83.1943,17.5837],[83.1943,17.5835],[83.1937,17.5835],[83.1937,17.5832],[83.1926,17.5832],[83.1926,17.5829],[83.1921,17.5829],[83.1921,17.5826],[83.1918,17.5826],[83.1918,17.5824],[83.191,17.5824],[83.191,17.5821],[83.1901,17.5821],[83.1901,17.5818],[83.1896,17.5818],[83.1896,17.5815],[83.1888,17.5815],[83.1888,17.5812],[83.1882,17.5813],[83.1882,17.581],[83.1874,17.581],[83.1874,17.5807],[83.1868,17.5807],[83.1868,17.5804],[83.1862,17.5804],[83.1862,17.5801],[83.1857,17.5801],[83.1857,17.5799],[83.1851,17.5799],[83.1851,17.5796],[83.1843,17.5796],[83.1843,17.5793],[83.1837,17.5793],[83.1837,17.579],[83.1832,17.579],[83.1832,17.5788],[83.1826,17.5788],[83.1826,17.5785],[83.1821,17.5785],[83.1821,17.5782],[83.1815,17.5782],[83.1815,17.5779],[83.181,17.5779],[83.181,17.5776],[83.1804,17.5776],[83.1804,17.5774],[83.1796,17.5774],[83.1796,17.5771],[83.179,17.5771],[83.179,17.5768],[83.1785,17.5768],[83.1785,17.5765],[83.1779,17.5765],[83.1779,17.5763],[83.1774,17.5763],[83.1774,17.576],[83.1768,17.576],[83.1768,17.5757],[83.1762,17.5757],[83.1762,17.5754],[83.1757,17.5754],[83.1757,17.5751],[83.1754,17.5751],[83.1754,17.5749],[83.1751,17.5749],[83.1751,17.5746],[83.1743,17.5746],[83.1743,17.5743],[83.174,17.5743],[83.174,17.574],[83.1735,17.574],[83.1735,17.5737],[83.1729,17.5737],[83.1729,17.5735],[83.1724,17.5735],[83.1724,17.5732],[83.1721,17.5732],[83.1721,17.5729],[83.1718,17.5729],[83.1718,17.5726],[83.1712,17.5726],[83.1712,17.5723],[83.171,17.5724],[83.171,17.5718],[83.1707,17.5718],[83.1707,17.5715],[83.1704,17.5715],[83.1704,17.5713],[83.1701,17.5713],[83.1701,17.5707],[83.1699,17.5707],[83.1699,17.5701],[83.1696,17.5701],[83.1696,17.5674],[83.1693,17.5674],[83.1693,17.5668],[83.169,17.5668],[83.169,17.5662],[83.1687,17.5662],[83.1687,17.566],[83.1685,17.566],[83.1685,17.5657],[83.1682,17.5657],[83.1682,17.5654],[83.1676,17.5654],[83.1676,17.5651],[83.1674,17.5651],[83.1674,17.5649],[83.1671,17.5649],[83.1671,17.5646],[83.1668,17.5646],[83.1668,17.564],[83.1665,17.564],[83.1665,17.5638],[83.166,17.5638],[83.166,17.5635],[83.1657,17.5635],[83.1657,17.5632],[83.1651,17.5632],[83.1651,17.5629],[83.1649,17.5629],[83.1649,17.5626],[83.1643,17.5626],[83.1643,17.5624],[83.1637,17.5624],[83.1637,17.5621],[83.1635,17.5621],[83.1635,17.5618],[83.1629,17.5618],[83.1629,17.5615],[83.1624,17.5615],[83.1624,17.5613],[83.1615,17.5613],[83.1615,17.561],[83.161,17.561],[83.161,17.5607],[83.1599,17.5607],[83.1599,17.5604],[83.1593,17.5604],[83.1593,17.5601],[83.159,17.5601],[83.159,17.5599],[83.1576,17.5599],[83.1576,17.5596],[83.1571,17.5596],[83.1571,17.5593],[83.1565,17.5593],[83.1565,17.559],[83.1551,17.559],[83.1551,17.5588],[83.1543,17.5588],[83.1543,17.5585],[83.1532,17.5585],[83.1532,17.5582],[83.1524,17.5582],[83.1524,17.5579],[83.1507,17.5579],[83.1507,17.5576],[83.1499,17.5576],[83.1499,17.5574],[83.1485,17.5574],[83.1485,17.5571],[83.1479,17.5571],[83.1479,17.5568],[83.1471,17.5568],[83.1471,17.5565],[83.1468,17.5565],[83.1468,17.5562],[83.1454,17.5562],[83.1454,17.556],[83.1449,17.556],[83.1449,17.5557],[83.1443,17.5557],[83.1443,17.556],[83.1438,17.556],[83.1438,17.5557],[83.1426,17.5557],[83.1426,17.5554],[83.1418,17.5554],[83.1418,17.5551],[83.1407,17.5551],[83.1407,17.5549],[83.1401,17.5549],[83.1401,17.5546],[83.1387,17.5546],[83.1387,17.5543],[83.1374,17.5543],[83.1374,17.554],[83.1365,17.554],[83.1365,17.5538],[83.1354,17.5538],[83.1354,17.5535],[83.1346,17.5535],[83.1346,17.5532],[83.1338,17.5532],[83.1338,17.5529],[83.1329,17.5529],[83.1329,17.5526],[83.1326,17.5526],[83.1326,17.5524],[83.1324,17.5524],[83.1324,17.5521],[83.1321,17.5521],[83.1321,17.5524],[83.131,17.5524],[83.131,17.5521],[83.1296,17.5521],[83.1296,17.5518],[83.1287,17.5518],[83.1287,17.5515],[83.1276,17.5515],[83.1276,17.5513],[83.1265,17.5513],[83.1265,17.551],[83.1254,17.551],[83.1254,17.5507],[83.1243,17.5507],[83.1243,17.5504],[83.1235,17.5504],[83.1235,17.5501],[83.1226,17.5501],[83.1226,17.5499],[83.1218,17.5499],[83.1218,17.5496],[83.1212,17.5496],[83.1212,17.5493],[83.1204,17.5493],[83.1204,17.549],[83.1188,17.549],[83.1188,17.5488],[83.1176,17.5488],[83.1176,17.5485],[83.1165,17.5485],[83.1165,17.5482],[83.1157,17.5482],[83.1157,17.5479],[83.1149,17.5479],[83.1149,17.5476],[83.1137,17.5476],[83.1137,17.5474],[83.1129,17.5474],[83.1129,17.5471],[83.1121,17.5471],[83.1121,17.5468],[83.1115,17.5468],[83.1115,17.5465],[83.111,17.5465],[83.1107,17.5465],[83.1107,17.5462],[83.1099,17.5462],[83.1099,17.546],[83.1093,17.546],[83.1093,17.5457],[83.1085,17.5457],[83.1085,17.5454],[83.1079,17.5454],[83.1079,17.5451],[83.1071,17.5451],[83.1071,17.5449],[83.1065,17.5449],[83.1065,17.5446],[83.1057,17.5446],[83.1057,17.5443],[83.1051,17.5443],[83.1051,17.544],[83.1043,17.544],[83.1043,17.5438],[83.1038,17.5438],[83.1038,17.5435],[83.1032,17.5435],[83.1032,17.5432],[83.1026,17.5432],[83.1026,17.5429],[83.1018,17.5429],[83.1018,17.5426],[83.1012,17.5426],[83.1012,17.5424],[83.1007,17.5424],[83.1007,17.5421],[83.1001,17.5421],[83.1001,17.5418],[83.0993,17.5418],[83.0993,17.5415],[83.0987,17.5415],[83.0987,17.5413],[83.0982,17.5413],[83.0982,17.541],[83.0976,17.541],[83.0976,17.5407],[83.0968,17.5407],[83.0968,17.5404],[83.0963,17.5404],[83.0963,17.5401],[83.0957,17.5401],[83.0957,17.5399],[83.0951,17.5399],[83.0951,17.5396],[83.0943,17.5396],[83.0943,17.5393],[83.0915,17.5393],[83.0915,17.539],[83.0912,17.539],[83.0912,17.5382],[83.0915,17.5382],[83.0915,17.5376],[83.0912,17.5376],[83.0912,17.5374],[83.091,17.5374],[83.091,17.5371],[83.0907,17.5371],[83.0907,17.5365],[83.0906,17.5365],[83.0904,17.5365],[83.0904,17.5363],[83.0904,17.5362],[83.0901,17.5362],[83.0901,17.536],[83.0901,17.5357],[83.0899,17.5357],[83.0899,17.5351],[83.0896,17.5351],[83.0896,17.5349],[83.0893,17.5349],[83.0893,17.5343],[83.089,17.5343],[83.089,17.534],[83.0888,17.534],[83.0888,17.5338],[83.0885,17.5338],[83.0885,17.5335],[83.0878,17.5335],[83.0876,17.5335],[83.0876,17.5332],[83.0871,17.5332],[83.0871,17.5329],[83.0863,17.5329],[83.0863,17.5326],[83.0854,17.5326],[83.0854,17.5324],[83.0837,17.5324],[83.0837,17.5321],[83.0829,17.5321],[83.0829,17.5318],[83.081,17.5318],[83.081,17.5315],[83.0807,17.5315],[83.0807,17.5313],[83.0799,17.5313],[83.0799,17.531],[83.079,17.531],[83.079,17.5307],[83.0774,17.5307],[83.0774,17.5304],[83.0768,17.5304],[83.0768,17.5301],[83.0762,17.5301],[83.0762,17.5299],[83.0749,17.5299],[83.0749,17.5296],[83.0743,17.5296],[83.0743,17.5293],[83.0721,17.5293],[83.0721,17.529],[83.0718,17.529],[83.0718,17.5287],[83.0713,17.5287],[83.0713,17.5285],[83.071,17.5285],[83.071,17.5282],[83.0707,17.5282],[83.0707,17.5279],[83.0699,17.5279],[83.0699,17.5276],[83.0696,17.5276],[83.0696,17.5274],[83.0687,17.5274],[83.0687,17.5271],[83.0679,17.5271],[83.0679,17.5268],[83.0674,17.5268],[83.0674,17.5265],[83.0671,17.5265],[83.0671,17.5263],[83.0668,17.5263],[83.0668,17.5249],[83.0665,17.5249],[83.0665,17.5246],[83.066,17.5246],[83.066,17.5249],[83.0657,17.5249],[83.0657,17.5251],[83.0654,17.5251],[83.0654,17.5254],[83.0651,17.5254],[83.0651,17.5257],[83.0643,17.5257],[83.0643,17.5254],[83.0635,17.5254],[83.0635,17.5251],[83.0621,17.5251],[83.0621,17.5249],[83.0593,17.5249],[83.0593,17.5246],[83.059,17.5246],[83.059,17.5243],[83.0585,17.5243],[83.0585,17.524],[83.0579,17.524],[83.0579,17.5235],[83.0576,17.5235],[83.0576,17.5232],[83.0568,17.5232],[83.0568,17.5226],[83.0565,17.5226],[83.0565,17.5224],[83.0563,17.5224],[83.0563,17.5221],[83.0557,17.5221],[83.0557,17.5218],[83.0549,17.5218],[83.0549,17.5215],[83.054,17.5215],[83.054,17.5212],[83.0532,17.5212],[83.0532,17.521],[83.0526,17.521],[83.0526,17.5207],[83.0518,17.5207],[83.0518,17.5204],[83.0512,17.5204],[83.0512,17.5201],[83.0504,17.5201],[83.0504,17.5199],[83.0496,17.5199],[83.0496,17.5196],[83.049,17.5196],[83.049,17.5193],[83.0482,17.5193],[83.0482,17.519],[83.0474,17.519],[83.0474,17.5188],[83.0468,17.5188],[83.0468,17.5185],[83.046,17.5185],[83.046,17.5182],[83.0451,17.5182],[83.0451,17.5179],[83.0446,17.5179],[83.0446,17.5176],[83.0437,17.5176],[83.0437,17.5174],[83.0429,17.5174],[83.0429,17.5171],[83.0424,17.5171],[83.0424,17.5168],[83.0415,17.5168],[83.0415,17.5165],[83.041,17.5165],[83.041,17.5163],[83.0407,17.5163],[83.0407,17.516],[83.0393,17.516],[83.0393,17.5157],[83.0387,17.5157],[83.0387,17.5154],[83.0379,17.5154],[83.0379,17.5151],[83.0374,17.5151],[83.0374,17.5149],[83.0368,17.5149],[83.0368,17.5146],[83.036,17.5146],[83.036,17.5143],[83.0351,17.5143],[83.0351,17.514],[83.0343,17.514],[83.0343,17.5138],[83.0335,17.5138],[83.0335,17.5135],[83.0329,17.5135],[83.0329,17.5132],[83.0326,17.5132],[83.0326,17.5129],[83.0321,17.5129],[83.0321,17.5126],[83.0313,17.5126],[83.0313,17.5124],[83.0307,17.5124],[83.0307,17.5121],[83.0301,17.5121],[83.0301,17.5118],[83.0296,17.5118],[83.0296,17.5115],[83.029,17.5115],[83.029,17.5112],[83.0285,17.5112],[83.0285,17.511],[83.0282,17.511],[83.0282,17.5107],[83.0276,17.5107],[83.0276,17.5104],[83.0271,17.5104],[83.0271,17.5101],[83.0265,17.5101],[83.0265,17.5099],[83.026,17.5099],[83.026,17.5096],[83.0254,17.5096],[83.0254,17.5093],[83.0249,17.5093],[83.0249,17.509],[83.0243,17.509],[83.0243,17.5088],[83.0238,17.5088],[83.0238,17.5085],[83.0232,17.5085],[83.0232,17.5082],[83.0226,17.5082],[83.0226,17.5079],[83.0221,17.5079],[83.0221,17.5076],[83.0215,17.5076],[83.0215,17.5074],[83.021,17.5074],[83.021,17.5071],[83.0204,17.5071],[83.0204,17.5068],[83.0199,17.5068],[83.0199,17.5065],[83.0193,17.5065],[83.0193,17.5063],[83.0188,17.5063],[83.0188,17.506],[83.0182,17.506],[83.0182,17.5057],[83.0179,17.5057],[83.0179,17.5054],[83.0174,17.5054],[83.0174,17.5051],[83.0168,17.5051],[83.0168,17.5049],[83.0163,17.5049],[83.0163,17.5046],[83.0157,17.5046],[83.0157,17.5043],[83.0151,17.5043],[83.0151,17.504],[83.0146,17.504],[83.0146,17.5037],[83.014,17.5037],[83.014,17.5035],[83.0135,17.5035],[83.0135,17.5032],[83.0129,17.5032],[83.0129,17.5029],[83.0126,17.5029],[83.0126,17.5026],[83.0121,17.5026],[83.0121,17.5024],[83.0118,17.5024],[83.0118,17.5021],[83.0115,17.5021],[83.0115,17.5018],[83.0113,17.5018],[83.0113,17.5015],[83.0107,17.5015],[83.0107,17.5013],[83.0104,17.5013],[83.0104,17.501],[83.0101,17.501],[83.0101,17.5007],[83.0099,17.5007],[83.0099,17.5004],[83.0093,17.5004],[83.0093,17.5001],[83.009,17.5001],[83.009,17.4999],[83.0088,17.4999],[83.0088,17.4996],[83.0082,17.4996],[83.0082,17.4993],[83.0079,17.4993],[83.0079,17.499],[83.0076,17.499],[83.0076,17.4988],[83.0074,17.4988],[83.0074,17.4985],[83.0071,17.4985],[83.0071,17.4982],[83.0068,17.4982],[83.0068,17.4976],[83.0065,17.4976],[83.0065,17.4974],[83.0062,17.4974],[83.0062,17.4971],[83.006,17.4971],[83.006,17.4965],[83.0057,17.4965],[83.0057,17.4963],[83.0054,17.4963],[83.0054,17.496],[83.0051,17.496],[83.0051,17.4957],[83.0049,17.4957],[83.0049,17.4949],[83.0046,17.4949],[83.0046,17.494],[83.0043,17.494],[83.0043,17.4935],[83.004,17.4935],[83.004,17.4926],[83.0037,17.4926],[83.0037,17.4901],[83.004,17.4901],[83.004,17.4896],[83.0043,17.4896],[83.0043,17.4893],[83.0044,17.4893],[83.0046,17.4893],[83.0046,17.489],[83.0049,17.489],[83.0049,17.4888],[83.0051,17.4888],[83.0051,17.4885],[83.0054,17.4885],[83.0054,17.4879],[83.0051,17.4879],[83.0051,17.4876],[83.0046,17.4876],[83.0046,17.4874],[83.004,17.4874],[83.004,17.4871],[83.0035,17.4871],[83.0035,17.4868],[83.0029,17.4868],[83.0029,17.4865],[83.0026,17.4865],[83.0026,17.4862],[83.0024,17.4862],[83.0024,17.486],[83.0021,17.486],[83.0021,17.4857],[83.0018,17.4857],[83.0018,17.4854],[83.0015,17.4854],[83.0015,17.4851],[83.0013,17.4851],[83.0013,17.4849],[83.0007,17.4849],[83.0007,17.4846],[83.0004,17.4846],[83.0004,17.4843],[83.0001,17.4843],[83.0001,17.484],[82.9999,17.484],[82.9999,17.4837],[82.9996,17.4837],[82.9996,17.4835],[82.9993,17.4835],[82.9993,17.4832],[82.999,17.4832],[82.999,17.4829],[82.9987,17.4829],[82.9987,17.4826],[82.9985,17.4826],[82.9985,17.4824],[82.9979,17.4824],[82.9979,17.4821],[82.9974,17.4821],[82.9974,17.4818],[82.9971,17.4818],[82.9971,17.4815],[82.9968,17.4815],[82.9965,17.4815],[82.9965,17.4813],[82.996,17.4813],[82.996,17.481],[82.9957,17.481],[82.9957,17.4807],[82.9951,17.4807],[82.9951,17.4804],[82.9949,17.4804],[82.9949,17.4801],[82.9946,17.4801],[82.9946,17.4799],[82.994,17.4799],[82.994,17.4796],[82.9938,17.4796],[82.9938,17.4774],[82.994,17.4774],[82.994,17.4771],[82.9946,17.4771],[82.9946,17.4768],[82.9949,17.4768],[82.9949,17.4765],[82.9951,17.4765],[82.9951,17.476],[82.9954,17.476],[82.9954,17.4754],[82.9951,17.4754],[82.9951,17.4749],[82.9949,17.4749],[82.9949,17.4746],[82.9943,17.4746],[82.9943,17.4743],[82.9938,17.4743],[82.9938,17.474],[82.9929,17.474],[82.9929,17.4738],[82.9926,17.4738],[82.9926,17.4735],[82.9915,17.4735],[82.9915,17.4732],[82.9912,17.4732],[82.9912,17.4729],[82.991,17.4729],[82.991,17.4726],[82.9907,17.4726],[82.9907,17.4724],[82.9901,17.4724],[82.9901,17.4721],[82.9893,17.4721],[82.9893,17.4718],[82.9887,17.4718],[82.9887,17.4715],[82.9882,17.4715],[82.9882,17.4713],[82.9876,17.4713],[82.9876,17.471],[82.9871,17.471],[82.9871,17.4707],[82.9865,17.4707],[82.9865,17.4704],[82.9857,17.4704],[82.9857,17.4701],[82.9851,17.4701],[82.9851,17.4699],[82.9843,17.4699],[82.9843,17.4696],[82.9835,17.4696],[82.9835,17.4693],[82.9829,17.4693],[82.9829,17.469],[82.9821,17.469],[82.9821,17.4688],[82.9812,17.4688],[82.9812,17.4685],[82.9804,17.4685],[82.9804,17.4682],[82.9799,17.4682],[82.9799,17.4679],[82.979,17.4679],[82.979,17.4676],[82.9782,17.4676],[82.9782,17.4674],[82.9776,17.4674],[82.9776,17.4671],[82.9768,17.4671],[82.9768,17.4668],[82.976,17.4668],[82.976,17.4665],[82.9754,17.4665],[82.9754,17.4662],[82.9746,17.4662],[82.9746,17.466],[82.9737,17.466],[82.9737,17.4657],[82.9729,17.4657],[82.9729,17.4654],[82.9724,17.4654],[82.9724,17.4651],[82.9715,17.4651],[82.9715,17.4649],[82.9707,17.4649],[82.9707,17.4646],[82.9696,17.4646],[82.9696,17.4643],[82.9688,17.4643],[82.9688,17.464],[82.9676,17.464],[82.9676,17.4638],[82.9668,17.4638],[82.9668,17.4635],[82.9657,17.4635],[82.9657,17.4632],[82.9649,17.4632],[82.9649,17.4629],[82.9638,17.4629],[82.9638,17.4626],[82.9629,17.4626],[82.9629,17.4624],[82.9615,17.4624],[82.9615,17.4621],[82.9613,17.4621],[82.9613,17.4618],[82.9607,17.4618],[82.9607,17.4615],[82.9604,17.4615],[82.9604,17.4613],[82.9601,17.4613],[82.9601,17.461],[82.959,17.461],[82.959,17.4607],[82.9579,17.4607],[82.9579,17.4604],[82.956,17.4604],[82.956,17.4601],[82.9551,17.4601],[82.9551,17.4599],[82.954,17.4599],[82.954,17.4596],[82.9535,17.4596],[82.9535,17.4593],[82.9529,17.4593],[82.9529,17.459],[82.9526,17.459],[82.9526,17.4587],[82.9523,17.4587],[82.9523,17.4585],[82.951,17.4585],[82.951,17.4582],[82.9507,17.4582],[82.9507,17.4579],[82.9504,17.4579],[82.9504,17.4576],[82.9501,17.4576],[82.9501,17.4571],[82.9499,17.4571],[82.9499,17.456],[82.9501,17.456],[82.9501,17.4549],[82.9499,17.4549],[82.9499,17.4546],[82.9496,17.4546],[82.9496,17.4543],[82.949,17.4543],[82.949,17.454],[82.9488,17.454],[82.9488,17.4538],[82.9485,17.4538],[82.9485,17.4532],[82.9482,17.4532],[82.9482,17.4529],[82.9479,17.4529],[82.9479,17.4526],[82.9476,17.4526],[82.9476,17.4524],[82.9471,17.4524],[82.9471,17.4521],[82.9465,17.4521],[82.9465,17.4518],[82.946,17.4518],[82.946,17.4515],[82.9454,17.4515],[82.9454,17.4513],[82.9429,17.4513],[82.9429,17.4515],[82.9421,17.4515],[82.9421,17.4513],[82.9415,17.4513],[82.9415,17.451],[82.941,17.451],[82.941,17.4507],[82.9407,17.4507],[82.9407,17.4504],[82.9399,17.4504],[82.9399,17.4501],[82.939,17.4501],[82.939,17.4499],[82.9385,17.4499],[82.9385,17.4496],[82.9379,17.4496],[82.9379,17.4493],[82.9373,17.4493],[82.9373,17.449],[82.9368,17.449],[82.9368,17.4487],[82.9362,17.4487],[82.9362,17.4485],[82.9357,17.4485],[82.9357,17.4482],[82.9351,17.4482],[82.9351,17.4479],[82.9343,17.4479],[82.9343,17.4476],[82.9337,17.4476],[82.9337,17.4474],[82.9332,17.4474],[82.9332,17.4471],[82.9326,17.4471],[82.9326,17.4468],[82.9321,17.4468],[82.9321,17.4465],[82.9315,17.4465],[82.9315,17.4463],[82.931,17.4463],[82.931,17.446],[82.9304,17.446],[82.9304,17.4457],[82.9299,17.4457],[82.9299,17.4454],[82.9296,17.4454],[82.9296,17.4451],[82.929,17.4451],[82.929,17.4449],[82.9285,17.4449],[82.9285,17.4446],[82.9279,17.4446],[82.9279,17.4443],[82.9274,17.4443],[82.9274,17.444],[82.9268,17.444],[82.9268,17.4438],[82.9262,17.4438],[82.9262,17.4435],[82.9254,17.4435],[82.9254,17.4432],[82.924,17.4432],[82.924,17.4429],[82.9232,17.4429],[82.9232,17.4426],[82.9221,17.4426],[82.9221,17.4424],[82.9218,17.4424],[82.9218,17.4421],[82.9207,17.4421],[82.9207,17.4418],[82.9201,17.4418],[82.9201,17.4415],[82.9193,17.4415],[82.9193,17.4412],[82.9185,17.4412],[82.9185,17.441],[82.9176,17.441],[82.9176,17.4407],[82.9171,17.4407],[82.9171,17.4404],[82.9162,17.4404],[82.9162,17.4401],[82.9157,17.4401],[82.9157,17.4399],[82.9149,17.4399],[82.9149,17.4396],[82.9143,17.4396],[82.9143,17.4393],[82.9135,17.4393],[82.9135,17.439],[82.9129,17.439],[82.9129,17.4388],[82.9121,17.4388],[82.9121,17.4385],[82.9115,17.4385],[82.9115,17.4382],[82.9107,17.4382],[82.9107,17.4379],[82.9101,17.4379],[82.9101,17.4376],[82.9093,17.4376],[82.9093,17.4374],[82.9085,17.4374],[82.9085,17.4371],[82.9079,17.4371],[82.9079,17.4368],[82.9071,17.4368],[82.9071,17.4365],[82.9068,17.4365],[82.9068,17.4363],[82.9063,17.4363],[82.9063,17.436],[82.9057,17.436],[82.9057,17.4357],[82.9051,17.4357],[82.9051,17.4354],[82.9043,17.4354],[82.9043,17.4351],[82.9037,17.4351],[82.9037,17.4349],[82.9035,17.4349],[82.9035,17.4346],[82.9029,17.4346],[82.9029,17.4343],[82.9024,17.4343],[82.9024,17.434],[82.9018,17.434],[82.9018,17.4338],[82.9012,17.4338],[82.9012,17.4335],[82.9007,17.4335],[82.9007,17.4332],[82.8999,17.4332],[82.8999,17.4329],[82.8993,17.4329],[82.8993,17.4326],[82.8988,17.4326],[82.8988,17.4324],[82.8979,17.4324],[82.8979,17.4321],[82.8974,17.4321],[82.8974,17.4318],[82.8968,17.4318],[82.8968,17.4315],[82.896,17.4315],[82.896,17.4312],[82.8954,17.4312],[82.8954,17.431],[82.8949,17.431],[82.8949,17.4307],[82.894,17.4307],[82.894,17.4304],[82.8935,17.4304],[82.8935,17.4301],[82.8929,17.4301],[82.8929,17.4299],[82.8921,17.4299],[82.8921,17.4296],[82.8915,17.4296],[82.8915,17.4293],[82.8907,17.4293],[82.8907,17.429],[82.8901,17.429],[82.8901,17.4287],[82.8893,17.4287],[82.8893,17.4285],[82.8887,17.4285],[82.8887,17.4282],[82.8879,17.4282],[82.8879,17.4279],[82.8874,17.4279],[82.8874,17.4276],[82.8865,17.4276],[82.8865,17.4274],[82.8857,17.4274],[82.8857,17.4271],[82.8849,17.4271],[82.8849,17.4268],[82.8846,17.4268],[82.8846,17.4265],[82.884,17.4265],[82.884,17.4263],[82.8835,17.4263],[82.8835,17.426],[82.8832,17.426],[82.8832,17.4257],[82.8829,17.4257],[82.8829,17.4254],[82.8824,17.4254],[82.8824,17.4251],[82.8821,17.4251],[82.8821,17.4246],[82.8818,17.4246],[82.8818,17.4243],[82.8815,17.4243],[82.8815,17.4237],[82.8812,17.4237],[82.8812,17.4235],[82.881,17.4235],[82.881,17.4232],[82.8807,17.4232],[82.8807,17.4229],[82.8804,17.4229],[82.8804,17.4226],[82.8801,17.4226],[82.8801,17.4224],[82.8799,17.4224],[82.8799,17.4221],[82.8796,17.4221],[82.8796,17.4215],[82.8793,17.4215],[82.8793,17.4212],[82.879,17.4212],[82.879,17.421],[82.8788,17.421],[82.8788,17.4207],[82.8785,17.4207],[82.8785,17.4204],[82.8779,17.4204],[82.8779,17.4201],[82.8749,17.4201],[82.8749,17.4204],[82.8743,17.4204],[82.8743,17.4207],[82.8737,17.4207],[82.8737,17.421],[82.8735,17.421],[82.8735,17.4215],[82.8732,17.4215],[82.8732,17.4221],[82.8729,17.4221],[82.8729,17.4229],[82.8726,17.4229],[82.8726,17.4235],[82.8729,17.4235],[82.8729,17.4249],[82.8732,17.4249],[82.8732,17.4257],[82.8735,17.4257],[82.8735,17.4274],[82.8732,17.4274],[82.8732,17.4285],[82.8735,17.4285],[82.8735,17.429],[82.8737,17.429],[82.8737,17.4293],[82.874,17.4293],[82.874,17.4296],[82.8743,17.4296],[82.8743,17.4299],[82.8749,17.4299],[82.8749,17.4301],[82.8751,17.4301],[82.8751,17.4304],[82.876,17.4304],[82.876,17.4307],[82.8763,17.4307],[82.8763,17.431],[82.8768,17.431],[82.8768,17.4312],[82.8774,17.4312],[82.8774,17.4315],[82.8776,17.4315],[82.8776,17.4321],[82.8779,17.4321],[82.8779,17.4324],[82.8782,17.4324],[82.8782,17.4329],[82.8785,17.4329],[82.8785,17.4332],[82.8788,17.4332],[82.8788,17.4335],[82.879,17.4335],[82.879,17.4338],[82.8793,17.4338],[82.8793,17.4343],[82.8796,17.4343],[82.8796,17.4346],[82.8799,17.4346],[82.8799,17.4349],[82.8801,17.4349],[82.8801,17.4354],[82.8804,17.4354],[82.8804,17.4363],[82.8796,17.4363],[82.8796,17.436],[82.8793,17.436],[82.8793,17.4351],[82.879,17.4351],[82.879,17.4349],[82.8787,17.4349],[82.8787,17.4346],[82.8785,17.4346],[82.8785,17.4343],[82.8782,17.4343],[82.8782,17.434],[82.8779,17.434],[82.8779,17.4338],[82.8776,17.4338],[82.8776,17.4335],[82.8771,17.4335],[82.8771,17.4332],[82.8765,17.4332],[82.8765,17.4329],[82.8763,17.4329],[82.8763,17.4326],[82.8757,17.4326],[82.8757,17.4324],[82.8754,17.4324],[82.8754,17.4321],[82.8737,17.4321],[82.8737,17.4318],[82.8735,17.4318],[82.8735,17.4315],[82.8732,17.4315],[82.8732,17.4312],[82.8729,17.4312],[82.8729,17.4307],[82.8726,17.4307],[82.8726,17.4304],[82.8724,17.4304],[82.8724,17.4299],[82.8721,17.4299],[82.8721,17.4293],[82.8718,17.4293],[82.8718,17.4285],[82.8715,17.4285],[82.8715,17.426],[82.8712,17.426],[82.8712,17.4254],[82.8707,17.4254],[82.8707,17.4251],[82.8704,17.4251],[82.8704,17.4249],[82.8701,17.4249],[82.8701,17.4235],[82.8699,17.4235],[82.8699,17.4229],[82.8696,17.4229],[82.8696,17.4226],[82.869,17.4226],[82.869,17.4224],[82.8688,17.4224],[82.8688,17.4218],[82.8682,17.4218],[82.8682,17.4207],[82.8679,17.4207],[82.8679,17.419],[82.8682,17.419],[82.8682,17.4188],[82.8685,17.4188],[82.8685,17.4185],[82.869,17.4185],[82.869,17.4182],[82.8701,17.4182],[82.8701,17.4179],[82.8707,17.4179],[82.8707,17.4176],[82.871,17.4176],[82.871,17.4174],[82.8713,17.4174],[82.8712,17.4165],[82.8707,17.4165],[82.8707,17.4163],[82.8701,17.4163],[82.8701,17.416],[82.8699,17.416],[82.8699,17.4157],[82.8693,17.4157],[82.8693,17.4154],[82.8679,17.4154],[82.8679,17.4151],[82.8671,17.4151],[82.8671,17.4149],[82.8665,17.4149],[82.8665,17.4146],[82.8657,17.4146],[82.8657,17.4143],[82.8649,17.4143],[82.8649,17.414],[82.8643,17.414],[82.8643,17.4137],[82.8629,17.4137],[82.8629,17.4135],[82.8613,17.4135],[82.8613,17.4132],[82.8596,17.4132],[82.8596,17.4129],[82.8587,17.4129],[82.8587,17.4126],[82.8579,17.4126],[82.8579,17.4124],[82.8571,17.4124],[82.8571,17.4121],[82.8565,17.4121],[82.8565,17.4118],[82.8557,17.4118],[82.8557,17.4115],[82.8549,17.4115],[82.8549,17.4113],[82.854,17.4113],[82.854,17.411],[82.8532,17.411],[82.8532,17.4107],[82.8524,17.4107],[82.8524,17.4104],[82.8518,17.4104],[82.8518,17.4101],[82.851,17.4101],[82.851,17.4099],[82.8501,17.4099],[82.8501,17.4096],[82.8493,17.4096],[82.8493,17.4093],[82.8485,17.4093],[82.8485,17.409],[82.8476,17.409],[82.8476,17.4088],[82.8471,17.4088],[82.8471,17.4085],[82.8463,17.4085],[82.8463,17.4082],[82.8454,17.4082],[82.8454,17.4079],[82.8446,17.4079],[82.8446,17.4076],[82.8443,17.4076],[82.8443,17.4074],[82.8435,17.4074],[82.8435,17.4071],[82.8426,17.4071],[82.8426,17.4068],[82.8415,17.4068],[82.8415,17.4065],[82.8407,17.4065],[82.8407,17.4063],[82.8396,17.4063],[82.8396,17.406],[82.839,17.406],[82.839,17.4057],[82.8382,17.4057],[82.8382,17.4054],[82.8376,17.4054],[82.8376,17.4051],[82.8371,17.4051],[82.8371,17.4049],[82.8363,17.4049],[82.8363,17.4046],[82.8357,17.4046],[82.8357,17.4043],[82.8352,17.4043],[82.8352,17.404],[82.8346,17.404],[82.8346,17.4037],[82.8337,17.4037],[82.8337,17.4035],[82.8332,17.4035],[82.8332,17.4032],[82.8326,17.4032],[82.8326,17.4029],[82.8318,17.4029],[82.8318,17.4026],[82.8313,17.4026],[82.8313,17.4024],[82.8307,17.4024],[82.8307,17.4021],[82.8299,17.4021],[82.8299,17.4018],[82.8293,17.4018],[82.8293,17.4015],[82.8288,17.4015],[82.8288,17.4013],[82.8279,17.4013],[82.8279,17.401],[82.8274,17.401],[82.8274,17.4007],[82.8268,17.4007],[82.8268,17.4004],[82.826,17.4004],[82.826,17.4001],[82.8254,17.4001],[82.8254,17.3999],[82.8249,17.3999],[82.8249,17.3996],[82.8243,17.3996],[82.8243,17.3993],[82.8235,17.3993],[82.8235,17.399],[82.8229,17.399],[82.8229,17.3988],[82.8224,17.3988],[82.8224,17.3985],[82.8215,17.3985],[82.8215,17.3982],[82.821,17.3982],[82.821,17.3979],[82.8204,17.3979],[82.8204,17.3976],[82.8199,17.3976],[82.8199,17.3974],[82.8196,17.3974],[82.8196,17.3971],[82.8187,17.3971],[82.8187,17.3968],[82.8182,17.3968],[82.8182,17.3965],[82.8179,17.3965],[82.8179,17.3962],[82.8174,17.3962],[82.8174,17.396],[82.8168,17.396],[82.8168,17.3957],[82.8163,17.3957],[82.8163,17.3954],[82.8157,17.3954],[82.8157,17.3951],[82.8149,17.3951],[82.8149,17.3948],[82.8143,17.3949],[82.8143,17.3946],[82.8138,17.3946],[82.8138,17.3943],[82.8132,17.3943],[82.8132,17.394],[82.8124,17.394],[82.8124,17.3938],[82.8118,17.3938],[82.8118,17.3935],[82.8112,17.3935],[82.8112,17.3932],[82.8107,17.3932],[82.8107,17.3929],[82.8101,17.3929],[82.8101,17.3926],[82.8093,17.3926],[82.8093,17.3924],[82.8087,17.3924],[82.8087,17.3921],[82.8082,17.3921],[82.8082,17.3918],[82.8076,17.3918],[82.8076,17.3915],[82.8071,17.3915],[82.8071,17.3913],[82.8063,17.3913],[82.8063,17.391],[82.8057,17.391],[82.8057,17.3907],[82.8051,17.3907],[82.8051,17.3904],[82.8046,17.3904],[82.8046,17.3901],[82.8037,17.3901],[82.8037,17.3899],[82.8032,17.3899],[82.8032,17.3896],[82.8026,17.3896],[82.8026,17.3893],[82.8021,17.3893],[82.8021,17.389],[82.8015,17.389],[82.8015,17.3888],[82.8007,17.3888],[82.8007,17.3885],[82.8001,17.3885],[82.8001,17.3882],[82.7996,17.3882],[82.7996,17.3879],[82.799,17.3879],[82.799,17.3876],[82.7982,17.3876],[82.7982,17.3874],[82.7976,17.3874],[82.7976,17.3871],[82.7971,17.3871],[82.7971,17.3868],[82.7965,17.3868],[82.7965,17.3865],[82.7957,17.3865],[82.7957,17.3862],[82.7951,17.3862],[82.7951,17.386],[82.7946,17.386],[82.7946,17.3857],[82.7937,17.3857],[82.7937,17.3854],[82.7932,17.3854],[82.7932,17.3851],[82.7926,17.3851],[82.7926,17.3849],[82.7918,17.3849],[82.7918,17.3846],[82.7913,17.3846],[82.7913,17.3843],[82.7907,17.3843],[82.7907,17.384],[82.7898,17.384],[82.7898,17.3838],[82.7893,17.3838],[82.7893,17.3835],[82.7887,17.3835],[82.7887,17.3832],[82.7882,17.3832],[82.7882,17.3829],[82.7874,17.3829],[82.7874,17.3826],[82.7868,17.3826],[82.7868,17.3824],[82.7862,17.3824],[82.7862,17.3821],[82.7854,17.3821],[82.7854,17.3818],[82.7849,17.3818],[82.7849,17.3815],[82.7843,17.3815],[82.7843,17.3813],[82.7835,17.3813],[82.7835,17.381],[82.7829,17.381],[82.7829,17.3807],[82.7824,17.3807],[82.7824,17.3804],[82.7815,17.3804],[82.7815,17.3801],[82.781,17.3801],[82.781,17.3799],[82.7804,17.3799],[82.7804,17.3796],[82.7796,17.3796],[82.7796,17.3793],[82.779,17.3793],[82.779,17.379],[82.7785,17.379],[82.7785,17.3787],[82.7776,17.3787],[82.7776,17.3785],[82.7771,17.3785],[82.7771,17.3782],[82.7765,17.3782],[82.7765,17.3779],[82.776,17.3779],[82.776,17.3776],[82.7751,17.3776],[82.7751,17.3774],[82.7746,17.3774],[82.7746,17.3771],[82.774,17.3771],[82.774,17.3768],[82.7732,17.3768],[82.7732,17.3765],[82.7726,17.3765],[82.7726,17.3762],[82.7721,17.3762],[82.7721,17.376],[82.7715,17.376],[82.7715,17.3757],[82.7707,17.3757],[82.7707,17.3754],[82.7701,17.3754],[82.7701,17.3751],[82.7696,17.3751],[82.7696,17.3749],[82.769,17.3749],[82.769,17.3746],[82.7682,17.3746],[82.7682,17.3743],[82.7676,17.3743],[82.7676,17.374],[82.7671,17.374],[82.7671,17.3737],[82.7663,17.3738],[82.7663,17.3735],[82.7657,17.3735],[82.7657,17.3732],[82.7651,17.3732],[82.7651,17.3729],[82.7643,17.3729],[82.7643,17.3726],[82.7637,17.3726],[82.7637,17.3724],[82.7632,17.3724],[82.7632,17.3721],[82.7626,17.3721],[82.7626,17.3718],[82.7618,17.3718],[82.7618,17.3715],[82.7613,17.3715],[82.7613,17.3713],[82.7607,17.3713],[82.7607,17.371],[82.7601,17.371],[82.7601,17.3707],[82.7593,17.3707],[82.7593,17.3704],[82.7588,17.3704],[82.7588,17.3701],[82.7579,17.3701],[82.7579,17.3699],[82.7574,17.3699],[82.7574,17.3696],[82.7568,17.3696],[82.7568,17.3693],[82.7562,17.3693],[82.7562,17.369],[82.7557,17.369],[82.7557,17.3687],[82.7551,17.3687],[82.7551,17.3685],[82.7546,17.3685],[82.7546,17.3682],[82.754,17.3682],[82.754,17.3679],[82.7537,17.3679],[82.7537,17.3676],[82.7532,17.3676],[82.7532,17.3674],[82.7526,17.3674],[82.7526,17.3671],[82.7521,17.3671],[82.7521,17.3668],[82.7515,17.3668],[82.7515,17.3665],[82.751,17.3665],[82.751,17.3663],[82.7504,17.3663],[82.7504,17.366],[82.7501,17.366],[82.7501,17.3657],[82.7496,17.3657],[82.7496,17.3654],[82.749,17.3654],[82.749,17.3651],[82.7485,17.3651],[82.7485,17.3649],[82.7482,17.3649],[82.7482,17.3646],[82.7476,17.3646],[82.7476,17.3643],[82.7471,17.3643],[82.7471,17.364],[82.7462,17.364],[82.7462,17.3638],[82.7454,17.3638],[82.7454,17.3635],[82.7449,17.3635],[82.7449,17.3632],[82.7443,17.3632],[82.7443,17.3629],[82.7435,17.3629],[82.7435,17.3626],[82.7429,17.3626],[82.7429,17.3624],[82.7421,17.3624],[82.7421,17.3621],[82.7415,17.3621],[82.7415,17.3618],[82.741,17.3618],[82.741,17.3615],[82.7401,17.3615],[82.7401,17.3612],[82.7399,17.3612],[82.7399,17.361],[82.7387,17.361],[82.7387,17.3607],[82.7385,17.3607],[82.7385,17.3604],[82.7376,17.3604],[82.7376,17.3601],[82.7374,17.3601],[82.7374,17.3599],[82.7371,17.3599],[82.7371,17.3596],[82.7368,17.3596],[82.7368,17.3593],[82.7354,17.3593],[82.7354,17.359],[82.7349,17.359],[82.7349,17.3587],[82.7343,17.3587],[82.7343,17.3585],[82.7337,17.3585],[82.7337,17.3582],[82.7335,17.3582],[82.7335,17.3579],[82.7329,17.3579],[82.7329,17.3576],[82.7324,17.3576],[82.7324,17.3574],[82.7318,17.3574],[82.7318,17.3571],[82.7312,17.3571],[82.7312,17.3568],[82.7307,17.3568],[82.7307,17.3565],[82.7301,17.3565],[82.7301,17.3563],[82.7296,17.3563],[82.7296,17.356],[82.729,17.356],[82.729,17.3557],[82.7285,17.3557],[82.7285,17.3554],[82.7279,17.3554],[82.7279,17.3551],[82.7274,17.3551],[82.7274,17.3549],[82.7268,17.3549],[82.7268,17.3546],[82.7262,17.3546],[82.7262,17.3543],[82.7257,17.3543],[82.7257,17.354],[82.7251,17.354],[82.7251,17.3538],[82.7246,17.3538],[82.7246,17.3535],[82.7237,17.3535],[82.7237,17.3532],[82.7232,17.3532],[82.7232,17.3529],[82.7226,17.3529],[82.7226,17.3526],[82.7221,17.3526],[82.7221,17.3524],[82.7215,17.3524],[82.7215,17.3521],[82.721,17.3521],[82.721,17.3518],[82.7204,17.3518],[82.7204,17.3515],[82.7199,17.3515],[82.7199,17.3512],[82.7193,17.3512],[82.7193,17.351],[82.7188,17.351],[82.7188,17.3507],[82.7182,17.3507],[82.7182,17.3504],[82.7176,17.3504],[82.7176,17.3501],[82.7171,17.3501],[82.7171,17.3499],[82.7165,17.3499],[82.7165,17.3496],[82.716,17.3496],[82.716,17.3493],[82.7154,17.3493],[82.7154,17.349],[82.7151,17.349],[82.7151,17.3487],[82.7146,17.3487],[82.7146,17.3485],[82.714,17.3485],[82.714,17.3482],[82.7135,17.3482],[82.7135,17.3479],[82.7129,17.3479],[82.7129,17.3476],[82.7124,17.3476],[82.7124,17.3474],[82.7118,17.3474],[82.7118,17.3471],[82.7113,17.3471],[82.7113,17.3468],[82.7107,17.3468],[82.7107,17.3465],[82.7101,17.3465],[82.7101,17.3463],[82.7096,17.3463],[82.7096,17.346],[82.709,17.346],[82.709,17.3457],[82.7085,17.3457],[82.7085,17.3454],[82.7079,17.3454],[82.7079,17.3451],[82.7074,17.3451],[82.7074,17.3449],[82.7065,17.3449],[82.7065,17.3446],[82.7063,17.3446],[82.7063,17.3443],[82.706,17.3443],[82.706,17.344],[82.7057,17.344],[82.7057,17.3438],[82.7035,17.3438],[82.7035,17.3435],[82.7029,17.3435],[82.7029,17.3432],[82.7024,17.3432],[82.7024,17.3429],[82.7021,17.3429],[82.7021,17.3426],[82.7015,17.3426],[82.7015,17.3424],[82.701,17.3424],[82.701,17.3421],[82.7004,17.3421],[82.7004,17.3418],[82.6999,17.3418],[82.6999,17.3415],[82.6993,17.3415],[82.6993,17.3412],[82.699,17.3412],[82.699,17.341],[82.6985,17.341],[82.6985,17.3407],[82.6979,17.3407],[82.6979,17.3404],[82.6974,17.3404],[82.6974,17.3401],[82.6968,17.3401],[82.6968,17.3399],[82.6963,17.3399],[82.6963,17.3396],[82.6957,17.3396],[82.6957,17.3393],[82.6951,17.3393],[82.6951,17.339],[82.6946,17.339],[82.6946,17.3388],[82.694,17.3388],[82.694,17.3385],[82.6935,17.3385],[82.6935,17.3382],[82.6929,17.3382],[82.6929,17.3379],[82.6926,17.3379],[82.6926,17.3376],[82.6921,17.3376],[82.6921,17.3374],[82.6915,17.3374],[82.6915,17.3371],[82.691,17.3371],[82.691,17.3368],[82.6904,17.3368],[82.6904,17.3365],[82.6899,17.3365],[82.6899,17.3363],[82.6893,17.3363],[82.6893,17.336],[82.6888,17.336],[82.6888,17.3357],[82.6882,17.3357],[82.6882,17.3354],[82.6877,17.3354],[82.6877,17.3351],[82.6871,17.3351],[82.6871,17.3349],[82.6865,17.3349],[82.6865,17.3346],[82.686,17.3346],[82.686,17.3343],[82.6857,17.3343],[82.6857,17.334],[82.6851,17.334],[82.6851,17.3337],[82.6846,17.3337],[82.6846,17.3335],[82.684,17.3335],[82.684,17.3332],[82.6835,17.3332],[82.6835,17.3329],[82.6829,17.3329],[82.6829,17.3326],[82.6826,17.3326],[82.6826,17.3324],[82.6821,17.3324],[82.6821,17.3321],[82.6815,17.3321],[82.6815,17.3318],[82.681,17.3318],[82.681,17.3315],[82.6804,17.3315],[82.6804,17.3313],[82.6799,17.3313],[82.6799,17.331],[82.6796,17.331],[82.6796,17.3307],[82.679,17.3307],[82.679,17.3304],[82.6785,17.3304],[82.6785,17.3301],[82.6779,17.3301],[82.6779,17.3299],[82.6774,17.3299],[82.6774,17.3296],[82.6768,17.3296],[82.6768,17.3293],[82.6765,17.3293],[82.6765,17.329],[82.676,17.329],[82.676,17.3288],[82.6754,17.3288],[82.6754,17.3285],[82.6749,17.3285],[82.6749,17.3282],[82.6743,17.3282],[82.6743,17.3279],[82.6738,17.3279],[82.6738,17.3276],[82.6735,17.3276],[82.6735,17.3274],[82.6729,17.3274],[82.6729,17.3271],[82.6724,17.3271],[82.6724,17.3268],[82.6718,17.3268],[82.6718,17.3265],[82.6715,17.3265],[82.6715,17.3263],[82.671,17.3263],[82.671,17.326],[82.6704,17.326],[82.6704,17.3257],[82.6699,17.3257],[82.6699,17.3254],[82.6696,17.3254],[82.6696,17.3251],[82.669,17.3251],[82.669,17.3249],[82.6685,17.3249],[82.6685,17.3246],[82.6679,17.3246],[82.6679,17.3243],[82.6674,17.3243],[82.6674,17.324],[82.6671,17.324],[82.6671,17.3237],[82.6665,17.3237],[82.6665,17.3235],[82.666,17.3235],[82.666,17.3232],[82.6654,17.3232],[82.6654,17.3229],[82.6651,17.3229],[82.6651,17.3226],[82.6646,17.3226],[82.6646,17.3224],[82.664,17.3224],[82.664,17.3221],[82.6635,17.3221],[82.6635,17.3218],[82.6632,17.3218],[82.6632,17.3215],[82.6626,17.3215],[82.6626,17.3213],[82.6621,17.3213],[82.6621,17.321],[82.6615,17.321],[82.6615,17.3207],[82.6612,17.3207],[82.6612,17.3204],[82.6607,17.3204],[82.6607,17.3201],[82.6604,17.3201],[82.6604,17.3199],[82.6601,17.3199],[82.6601,17.3196],[82.6599,17.3196],[82.6599,17.3193],[82.6593,17.3193],[82.6593,17.319],[82.6588,17.319],[82.6588,17.3188],[82.6582,17.3188],[82.6582,17.3185],[82.6579,17.3185],[82.6579,17.3182],[82.6574,17.3182],[82.6574,17.3179],[82.6571,17.3179],[82.6571,17.3176],[82.6565,17.3176],[82.6565,17.3174],[82.656,17.3174],[82.656,17.3171],[82.6551,17.3171],[82.6551,17.3168],[82.6546,17.3168],[82.6546,17.3165],[82.6543,17.3165],[82.6543,17.3162],[82.654,17.3162],[82.654,17.316],[82.6535,17.316],[82.6535,17.3157],[82.6529,17.3157],[82.6529,17.3154],[82.6526,17.3154],[82.6526,17.3151],[82.6521,17.3151],[82.6521,17.3149],[82.6515,17.3149],[82.6515,17.3146],[82.6507,17.3146],[82.6507,17.3143],[82.6501,17.3143],[82.6501,17.314],[82.6499,17.314],[82.6499,17.3138],[82.6496,17.3138],[82.6496,17.3135],[82.649,17.3135],[82.649,17.3132],[82.6488,17.3132],[82.6488,17.3129],[82.6482,17.3129],[82.6482,17.3126],[82.6474,17.3126],[82.6474,17.3124],[82.6465,17.3124],[82.6465,17.3121],[82.6462,17.3121],[82.6462,17.3118],[82.646,17.3118],[82.646,17.3115],[82.6457,17.3115],[82.6457,17.3113],[82.6446,17.3113],[82.6446,17.311],[82.6435,17.311],[82.6435,17.3107],[82.6432,17.3107],[82.6432,17.3104],[82.6426,17.3104],[82.6426,17.3101],[82.6423,17.3101],[82.6423,17.3099],[82.6415,17.3099],[82.6415,17.3096],[82.641,17.3096],[82.641,17.3093],[82.6404,17.3093],[82.6404,17.309],[82.6393,17.309],[82.6393,17.3088],[82.6387,17.3088],[82.6387,17.3085],[82.6385,17.3085],[82.6385,17.3082],[82.6382,17.3082],[82.6382,17.3079],[82.6379,17.3079],[82.6379,17.3076],[82.6376,17.3076],[82.6376,17.3074],[82.6371,17.3074],[82.6371,17.3071],[82.6368,17.3071],[82.6368,17.3065],[82.6365,17.3065],[82.6365,17.3062],[82.636,17.3062],[82.636,17.306],[82.6357,17.306],[82.6357,17.3057],[82.6351,17.3057],[82.6351,17.3054],[82.6349,17.3054],[82.6349,17.3051],[82.6346,17.3051],[82.6346,17.3049],[82.634,17.3049],[82.634,17.3046],[82.6338,17.3046],[82.6338,17.3043],[82.6329,17.3043],[82.6329,17.304],[82.6326,17.304],[82.6326,17.3038],[82.6318,17.3038],[82.6318,17.3035],[82.6312,17.3035],[82.6312,17.3032],[82.631,17.3032],[82.631,17.3029],[82.6304,17.3029],[82.6304,17.3026],[82.6301,17.3026],[82.6301,17.3024],[82.6299,17.3024],[82.6299,17.3021],[82.6296,17.3021],[82.6296,17.3018],[82.6285,17.3018],[82.6285,17.3015],[82.6279,17.3015],[82.6279,17.3013],[82.6276,17.3013],[82.6276,17.301],[82.6274,17.301],[82.6274,17.3007],[82.626,17.3007],[82.626,17.3004],[82.6254,17.3004],[82.6254,17.3001],[82.6246,17.3001],[82.6246,17.2999],[82.6243,17.2999],[82.6243,17.2996],[82.6237,17.2996],[82.6237,17.2993],[82.6232,17.2993],[82.6232,17.299],[82.6229,17.299],[82.6229,17.2987],[82.6226,17.2987],[82.6226,17.2985],[82.6221,17.2985],[82.6221,17.2982],[82.6218,17.2982],[82.6218,17.2979],[82.6212,17.2979],[82.6212,17.2976],[82.6207,17.2976],[82.6207,17.2974],[82.6204,17.2974],[82.6204,17.2971],[82.6201,17.2971],[82.6201,17.2968],[82.6193,17.2968],[82.6193,17.2965],[82.619,17.2965],[82.619,17.2962],[82.6188,17.2962],[82.6188,17.296],[82.6182,17.296],[82.6182,17.2957],[82.6179,17.2957],[82.6179,17.2954],[82.6171,17.2954],[82.6171,17.2951],[82.6168,17.2951],[82.6168,17.2949],[82.6165,17.2949],[82.6165,17.2946],[82.6162,17.2946],[82.6162,17.2943],[82.616,17.2943],[82.616,17.294],[82.6154,17.294],[82.6154,17.2938],[82.6151,17.2938],[82.6151,17.2935],[82.6146,17.2935],[82.6146,17.2932],[82.6137,17.2932],[82.6137,17.2929],[82.6135,17.2929],[82.6135,17.2926],[82.6126,17.2926],[82.6126,17.2924],[82.6124,17.2924],[82.6124,17.2921],[82.6115,17.2921],[82.6115,17.2924],[82.6113,17.2924],[82.6113,17.2938],[82.611,17.2938],[82.611,17.294],[82.6104,17.294],[82.6104,17.2943],[82.6101,17.2943],[82.6101,17.2946],[82.6099,17.2946],[82.6099,17.2949],[82.6096,17.2949],[82.6096,17.2951],[82.6093,17.2951],[82.6093,17.2954],[82.6087,17.2954],[82.6087,17.296],[82.6085,17.296],[82.6085,17.2962],[82.6076,17.2962],[82.6076,17.2954],[82.6079,17.2954],[82.6079,17.2951],[82.6082,17.2951],[82.6082,17.2946],[82.6085,17.2946],[82.6085,17.2935],[82.609,17.2935],[82.609,17.2932],[82.6093,17.2932],[82.6093,17.2926],[82.6096,17.2926],[82.6096,17.2918],[82.6099,17.2918],[82.6099,17.2904],[82.6096,17.2904],[82.6096,17.2901],[82.6093,17.2901],[82.6093,17.2899],[82.6087,17.2899],[82.6087,17.2896],[82.6085,17.2896],[82.6085,17.2893],[82.6079,17.2893],[82.6079,17.289],[82.6071,17.289],[82.6071,17.2887],[82.6062,17.2887],[82.6062,17.2885],[82.606,17.2885],[82.606,17.2882],[82.6057,17.2882],[82.6057,17.2879],[82.6051,17.2879],[82.6051,17.2876],[82.6043,17.2876],[82.6043,17.2874],[82.6035,17.2874],[82.6035,17.2871],[82.6024,17.2871],[82.6024,17.2868],[82.6015,17.2868],[82.6015,17.2865],[82.601,17.2865],[82.601,17.2862],[82.5993,17.2863],[82.5993,17.286],[82.5976,17.286],[82.5976,17.2863],[82.5957,17.2863],[82.5957,17.286],[82.5954,17.286],[82.5954,17.2854],[82.5957,17.2854],[82.5957,17.2851],[82.5963,17.2851],[82.5963,17.2849],[82.5965,17.2849],[82.5965,17.2846],[82.5968,17.2846],[82.5968,17.2843],[82.5971,17.2843],[82.5971,17.284],[82.5974,17.284],[82.5974,17.2838],[82.5968,17.2838],[82.5968,17.2835],[82.5965,17.2835],[82.5965,17.2832],[82.5963,17.2832],[82.5963,17.2829],[82.596,17.2829],[82.596,17.2826],[82.5954,17.2826],[82.5954,17.2824],[82.5943,17.2824],[82.5943,17.2818],[82.594,17.2818],[82.594,17.2815],[82.5935,17.2815],[82.5935,17.2812],[82.5932,17.2812],[82.5932,17.281],[82.5926,17.281],[82.5926,17.2807],[82.5924,17.2807],[82.5924,17.2804],[82.5918,17.2804],[82.5918,17.2801],[82.5912,17.2801],[82.5912,17.2799],[82.5907,17.2799],[82.5907,17.2796],[82.5901,17.2796],[82.5901,17.2793],[82.5896,17.2793],[82.5896,17.279],[82.5893,17.279],[82.5893,17.2787],[82.5888,17.2787],[82.5888,17.2785],[82.5882,17.2785],[82.5882,17.2779],[82.5876,17.2779],[82.5876,17.2776],[82.5865,17.2776],[82.5865,17.2774],[82.586,17.2774],[82.586,17.2771],[82.5857,17.2771],[82.5857,17.2768],[82.5854,17.2768],[82.5854,17.2765],[82.5849,17.2765],[82.5849,17.2763],[82.5843,17.2763],[82.5843,17.276],[82.5837,17.276],[82.5837,17.2757],[82.5835,17.2757],[82.5835,17.2754],[82.5832,17.2754],[82.5832,17.2751],[82.5824,17.2751],[82.5824,17.2749],[82.5821,17.2749],[82.5821,17.2746],[82.5815,17.2746],[82.5815,17.2743],[82.5813,17.2743],[82.5813,17.274],[82.581,17.274],[82.581,17.2738],[82.5799,17.2738],[82.5799,17.2735],[82.5796,17.2735],[82.5796,17.2732],[82.579,17.2732],[82.579,17.2729],[82.5785,17.2729],[82.5785,17.2724],[82.5782,17.2724],[82.5782,17.2721],[82.5779,17.2721],[82.5779,17.2718],[82.5774,17.2718],[82.5774,17.2715],[82.5768,17.2715],[82.5768,17.2712],[82.5765,17.2712],[82.5765,17.271],[82.5762,17.271],[82.5762,17.2707],[82.5757,17.2707],[82.5757,17.2704],[82.5749,17.2704],[82.5749,17.2701],[82.5743,17.2701],[82.5743,17.2699],[82.574,17.2699],[82.574,17.2696],[82.5738,17.2696],[82.5738,17.2693],[82.5732,17.2693],[82.5732,17.269],[82.5729,17.269],[82.5729,17.2687],[82.5726,17.2687],[82.5726,17.2685],[82.5718,17.2685],[82.5718,17.2682],[82.5713,17.2682],[82.5713,17.2679],[82.571,17.2679],[82.571,17.2676],[82.5707,17.2676],[82.5707,17.2674],[82.5704,17.2674],[82.5704,17.2671],[82.5699,17.2671],[82.5699,17.2668],[82.5696,17.2668],[82.5696,17.2663],[82.5693,17.2663],[82.5693,17.266],[82.5679,17.266],[82.5679,17.2657],[82.5676,17.2657],[82.5676,17.2654],[82.5671,17.2654],[82.5671,17.2651],[82.5668,17.2651],[82.5668,17.2649],[82.5665,17.2649],[82.5665,17.2646],[82.5663,17.2646],[82.5663,17.2643],[82.566,17.2643],[82.566,17.264],[82.5649,17.264],[82.5649,17.2638],[82.5643,17.2638],[82.5643,17.2635],[82.5638,17.2635],[82.5638,17.2632],[82.5629,17.2632],[82.5629,17.2629],[82.5626,17.2629],[82.5626,17.2626],[82.5621,17.2626],[82.5621,17.2624],[82.5618,17.2624],[82.5618,17.2621],[82.5615,17.2621],[82.5615,17.2618],[82.561,17.2618],[82.561,17.2615],[82.5607,17.2615],[82.5607,17.2612],[82.5604,17.2612],[82.5604,17.261],[82.5599,17.261],[82.5599,17.2607],[82.5596,17.2607],[82.5596,17.2604],[82.559,17.2604],[82.559,17.2601],[82.5585,17.2601],[82.5585,17.2599],[82.5582,17.2599],[82.5582,17.2596],[82.5579,17.2596],[82.5579,17.2593],[82.5574,17.2593],[82.5574,17.259],[82.5571,17.259],[82.5571,17.2588],[82.5563,17.2588],[82.5563,17.2585],[82.5557,17.2585],[82.5557,17.2582],[82.5551,17.2582],[82.5551,17.2579],[82.5549,17.2579],[82.5549,17.2576],[82.5546,17.2576],[82.5546,17.2574],[82.5537,17.2574],[82.5537,17.2571],[82.5532,17.2571],[82.5532,17.2568],[82.5529,17.2568],[82.5529,17.2565],[82.5524,17.2565],[82.5524,17.2563],[82.5518,17.2563],[82.5518,17.2557],[82.5512,17.2557],[82.5512,17.2554],[82.551,17.2554],[82.551,17.2551],[82.5501,17.2551],[82.5501,17.2549],[82.5499,17.2549],[82.5499,17.2546],[82.5496,17.2546],[82.5496,17.2543],[82.549,17.2543],[82.549,17.2537],[82.5485,17.2537],[82.5485,17.2535],[82.5482,17.2535],[82.5482,17.2532],[82.5476,17.2532],[82.5476,17.2529],[82.5474,17.2529],[82.5474,17.2526],[82.5471,17.2526],[82.5471,17.2524],[82.5468,17.2524],[82.5468,17.2521],[82.5465,17.2521],[82.5465,17.2518],[82.5457,17.2518],[82.5457,17.2515],[82.5451,17.2515],[82.5451,17.2513],[82.5446,17.2513],[82.5446,17.251],[82.5443,17.251],[82.5443,17.2504],[82.5437,17.2504],[82.5437,17.2501],[82.5429,17.2501],[82.5429,17.2499],[82.5426,17.2499],[82.5426,17.2496],[82.5418,17.2496],[82.5418,17.2493],[82.5415,17.2493],[82.5415,17.249],[82.5413,17.249],[82.5413,17.2488],[82.541,17.2488],[82.541,17.2482],[82.5407,17.2482],[82.5407,17.2479],[82.5401,17.2479],[82.5401,17.2476],[82.5399,17.2476],[82.5399,17.2474],[82.5393,17.2474],[82.5393,17.2471],[82.5385,17.2471],[82.5385,17.2468],[82.5382,17.2468],[82.5382,17.2465],[82.5379,17.2465],[82.5379,17.2463],[82.5376,17.2463],[82.5374,17.2463],[82.5374,17.246],[82.5368,17.246],[82.5368,17.2457],[82.5362,17.2457],[82.5362,17.2454],[82.536,17.2454],[82.536,17.2451],[82.5357,17.2451],[82.5357,17.2449],[82.5349,17.2449],[82.5349,17.2446],[82.5343,17.2446],[82.5343,17.2443],[82.5338,17.2443],[82.5338,17.244],[82.5335,17.244],[82.5335,17.2437],[82.5329,17.2437],[82.5329,17.2435],[82.5324,17.2435],[82.5324,17.2432],[82.5321,17.2432],[82.5321,17.2429],[82.5315,17.2429],[82.5315,17.2426],[82.5313,17.2426],[82.5313,17.2424],[82.531,17.2424],[82.531,17.2421],[82.5307,17.2421],[82.5307,17.2418],[82.5304,17.2418],[82.5304,17.2415],[82.5301,17.2415],[82.5301,17.2412],[82.5299,17.2412],[82.5299,17.2407],[82.5296,17.2407],[82.5296,17.2404],[82.5293,17.2404],[82.5293,17.2401],[82.529,17.2401],[82.529,17.2399],[82.5285,17.2399],[82.5285,17.2396],[82.5279,17.2396],[82.5279,17.2393],[82.5271,17.2393],[82.5271,17.239],[82.5265,17.239],[82.5265,17.2388],[82.5263,17.2388],[82.5263,17.2382],[82.526,17.2382],[82.526,17.2379],[82.5254,17.2379],[82.5254,17.2376],[82.5249,17.2376],[82.5249,17.2374],[82.5243,17.2374],[82.5243,17.2371],[82.524,17.2371],[82.524,17.2368],[82.5238,17.2368],[82.5238,17.2365],[82.5235,17.2365],[82.5235,17.2362],[82.5232,17.2362],[82.5232,17.236],[82.5226,17.236],[82.5226,17.2357],[82.5224,17.2357],[82.5224,17.2354],[82.5218,17.2354],[82.5218,17.2351],[82.5212,17.2351],[82.5212,17.2349],[82.5207,17.2349],[82.5207,17.2346],[82.5199,17.2346],[82.5199,17.2343],[82.5193,17.2343],[82.5193,17.234],[82.519,17.234],[82.519,17.2337],[82.5188,17.2337],[82.5188,17.2335],[82.5185,17.2335],[82.5185,17.2332],[82.5182,17.2332],[82.5182,17.2329],[82.5176,17.2329],[82.5176,17.2326],[82.5174,17.2326],[82.5174,17.2321],[82.5171,17.2321],[82.5171,17.2318],[82.5168,17.2318],[82.5168,17.2315],[82.5165,17.2315],[82.5165,17.2313],[82.5157,17.2313],[82.5157,17.231],[82.5154,17.231],[82.5154,17.2307],[82.5146,17.2307],[82.5146,17.2304],[82.5143,17.2304],[82.5143,17.2301],[82.514,17.2301],[82.514,17.2299],[82.5137,17.2299],[82.5137,17.2293],[82.5135,17.2293],[82.5135,17.2288],[82.5124,17.2288],[82.5124,17.2285],[82.5118,17.2285],[82.5118,17.2282],[82.5115,17.2282],[82.5115,17.2279],[82.5113,17.2279],[82.5113,17.2276],[82.511,17.2276],[82.511,17.2274],[82.5104,17.2274],[82.5104,17.2271],[82.5101,17.2271],[82.5101,17.2268],[82.5099,17.2268],[82.5099,17.2265],[82.5093,17.2265],[82.5093,17.2262],[82.5082,17.2262],[82.5082,17.226],[82.5079,17.226],[82.5079,17.2257],[82.5076,17.2257],[82.5076,17.2254],[82.5074,17.2254],[82.5074,17.2251],[82.5068,17.2251],[82.5068,17.2249],[82.5065,17.2249],[82.5065,17.2246],[82.5062,17.2246],[82.5062,17.2243],[82.506,17.2243],[82.506,17.224],[82.5051,17.224],[82.5051,17.2238],[82.5049,17.2238],[82.5049,17.2235],[82.5043,17.2235],[82.5043,17.2232],[82.504,17.2232],[82.504,17.2229],[82.5035,17.2229],[82.5035,17.2226],[82.5029,17.2226],[82.5029,17.2224],[82.5026,17.2224],[82.5026,17.2221],[82.5021,17.2221],[82.5021,17.2218],[82.5018,17.2218],[82.5018,17.2215],[82.5013,17.2215],[82.5013,17.2213],[82.501,17.2213],[82.501,17.221],[82.5004,17.221],[82.5004,17.2204],[82.5001,17.2204],[82.5001,17.2199],[82.4996,17.2199],[82.4996,17.2196],[82.4987,17.2196],[82.4987,17.2193],[82.4985,17.2193],[82.4985,17.219],[82.4979,17.219],[82.4979,17.2188],[82.4976,17.2188],[82.4976,17.2185],[82.4971,17.2185],[82.4971,17.2182],[82.4965,17.2182],[82.4965,17.2179],[82.4962,17.2179],[82.4962,17.2176],[82.496,17.2176],[82.496,17.2174],[82.4957,17.2174],[82.4957,17.2171],[82.4951,17.2171],[82.4951,17.2168],[82.4946,17.2168],[82.4946,17.2165],[82.4943,17.2165],[82.4943,17.2162],[82.494,17.2162],[82.494,17.216],[82.4935,17.216],[82.4935,17.2157],[82.4932,17.2157],[82.4932,17.2154],[82.4926,17.2154],[82.4926,17.2151],[82.4921,17.2151],[82.4921,17.2149],[82.4918,17.2149],[82.4918,17.2146],[82.4915,17.2146],[82.4915,17.2143],[82.491,17.2143],[82.491,17.214],[82.4901,17.214],[82.4901,17.2138],[82.4899,17.2138],[82.4899,17.2135],[82.4896,17.2135],[82.4896,17.2132],[82.4893,17.2132],[82.4893,17.2129],[82.489,17.2129],[82.489,17.2126],[82.4887,17.2126],[82.4887,17.2124],[82.4882,17.2124],[82.4882,17.2118],[82.4879,17.2118],[82.4879,17.2115],[82.4876,17.2115],[82.4876,17.2112],[82.4871,17.2113],[82.4871,17.211],[82.4865,17.211],[82.4865,17.2107],[82.4863,17.2107],[82.4863,17.2101],[82.486,17.2101],[82.486,17.2099],[82.4854,17.2099],[82.4854,17.2096],[82.4849,17.2096],[82.4849,17.2093],[82.4843,17.2093],[82.4843,17.209],[82.484,17.209],[82.484,17.2087],[82.4835,17.2087],[82.4835,17.2085],[82.4832,17.2085],[82.4832,17.2082],[82.4829,17.2082],[82.4829,17.2079],[82.4824,17.2079],[82.4824,17.2076],[82.4821,17.2076],[82.4821,17.2074],[82.4818,17.2074],[82.4818,17.2071],[82.4812,17.2071],[82.4812,17.2068],[82.481,17.2068],[82.481,17.2065],[82.4804,17.2065],[82.4804,17.2063],[82.4801,17.2063],[82.4801,17.206],[82.4796,17.206],[82.4796,17.2057],[82.4793,17.2057],[82.4793,17.2054],[82.4788,17.2054],[82.4788,17.2051],[82.4785,17.2051],[82.4785,17.2049],[82.4776,17.2049],[82.4776,17.2046],[82.4774,17.2046],[82.4774,17.2043],[82.4771,17.2043],[82.4771,17.204],[82.4768,17.204],[82.4768,17.2038],[82.4765,17.2038],[82.4765,17.2032],[82.476,17.2032],[82.476,17.2026],[82.4757,17.2026],[82.4757,17.2024],[82.4754,17.2024],[82.4754,17.2021],[82.4751,17.2021],[82.4751,17.2018],[82.4749,17.2018],[82.4749,17.2015],[82.4746,17.2015],[82.4746,17.2013],[82.4743,17.2013],[82.4743,17.201],[82.474,17.201],[82.474,17.2007],[82.4735,17.2007],[82.4735,17.2004],[82.4732,17.2004],[82.4732,17.2001],[82.4729,17.2001],[82.4729,17.1999],[82.4726,17.1999],[82.4726,17.1996],[82.4724,17.1996],[82.4724,17.1993],[82.4721,17.1993],[82.4721,17.199],[82.4715,17.199],[82.4715,17.1987],[82.4713,17.1987],[82.4713,17.1985],[82.471,17.1985],[82.471,17.1982],[82.4707,17.1982],[82.4707,17.1979],[82.4701,17.1979],[82.4701,17.1976],[82.4699,17.1976],[82.4699,17.1974],[82.4696,17.1974],[82.4696,17.1971],[82.4693,17.1971],[82.4693,17.1968],[82.4688,17.1968],[82.4688,17.1965],[82.4685,17.1965],[82.4685,17.1963],[82.4682,17.1963],[82.4682,17.196],[82.4679,17.196],[82.4679,17.1957],[82.4674,17.1957],[82.4674,17.1954],[82.4671,17.1954],[82.4671,17.1951],[82.4668,17.1951],[82.4668,17.1949],[82.4665,17.1949],[82.4665,17.1946],[82.466,17.1946],[82.466,17.1943],[82.4657,17.1943],[82.4657,17.194],[82.4654,17.194],[82.4654,17.1938],[82.4651,17.1938],[82.4651,17.1935],[82.4646,17.1935],[82.4646,17.1932],[82.4643,17.1932],[82.4643,17.1929],[82.464,17.1929],[82.464,17.1926],[82.4638,17.1926],[82.4638,17.1924],[82.4632,17.1924],[82.4632,17.1921],[82.4629,17.1921],[82.4629,17.1918],[82.4626,17.1918],[82.4626,17.1915],[82.4624,17.1915],[82.4624,17.1912],[82.4618,17.1912],[82.4618,17.191],[82.4615,17.191],[82.4615,17.1907],[82.4613,17.1907],[82.4613,17.1904],[82.461,17.1904],[82.461,17.1901],[82.4607,17.1901],[82.4607,17.1899],[82.4601,17.1899],[82.4601,17.1896],[82.4599,17.1896],[82.4599,17.1893],[82.4596,17.1893],[82.4596,17.189],[82.4593,17.189],[82.4593,17.1887],[82.459,17.1887],[82.459,17.1885],[82.4587,17.1885],[82.4587,17.1882],[82.4582,17.1882],[82.4582,17.1879],[82.4579,17.1879],[82.4579,17.1876],[82.4576,17.1876],[82.4576,17.1874],[82.4574,17.1874],[82.4574,17.1871],[82.4571,17.1871],[82.4571,17.1868],[82.4565,17.1868],[82.4565,17.1865],[82.4563,17.1865],[82.4563,17.1863],[82.456,17.1863],[82.456,17.186],[82.4557,17.186],[82.4557,17.1857],[82.4554,17.1857],[82.4554,17.1854],[82.4551,17.1854],[82.4551,17.1851],[82.4549,17.1851],[82.4549,17.1849],[82.4543,17.1849],[82.4543,17.1846],[82.454,17.1846],[82.454,17.1843],[82.4538,17.1843],[82.4538,17.184],[82.4535,17.184],[82.4535,17.1838],[82.4532,17.1838],[82.4532,17.1835],[82.4526,17.1835],[82.4526,17.1832],[82.4524,17.1832],[82.4524,17.1829],[82.4518,17.1829],[82.4518,17.1826],[82.4515,17.1826],[82.4515,17.1824],[82.451,17.1824],[82.451,17.1821],[82.4507,17.1821],[82.4507,17.1818],[82.4501,17.1818],[82.4501,17.1815],[82.4499,17.1815],[82.4499,17.1813],[82.4493,17.1813],[82.4493,17.181],[82.449,17.181],[82.449,17.1807],[82.4485,17.1807],[82.4485,17.1804],[82.4482,17.1804],[82.4482,17.1801],[82.4479,17.1801],[82.4479,17.1799],[82.4476,17.1799],[82.4476,17.1796],[82.4474,17.1796],[82.4474,17.1793],[82.4471,17.1793],[82.4471,17.179],[82.4465,17.179],[82.4465,17.1788],[82.4463,17.1788],[82.4463,17.1785],[82.446,17.1785],[82.446,17.1782],[82.4457,17.1782],[82.4457,17.1779],[82.4454,17.1779],[82.4454,17.1776],[82.4451,17.1776],[82.4451,17.1774],[82.4449,17.1774],[82.4449,17.1771],[82.4446,17.1771],[82.4446,17.1768],[82.4443,17.1768],[82.4443,17.1765],[82.4437,17.1765],[82.4437,17.1763],[82.4435,17.1763],[82.4435,17.176],[82.4432,17.176],[82.4432,17.1757],[82.4429,17.1757],[82.4429,17.1754],[82.4426,17.1754],[82.4426,17.1751],[82.4424,17.1751],[82.4424,17.1749],[82.4418,17.1749],[82.4418,17.1746],[82.4415,17.1746],[82.4415,17.1743],[82.4412,17.1743],[82.4412,17.174],[82.4407,17.174],[82.4407,17.1737],[82.4401,17.1737],[82.4401,17.1735],[82.4399,17.1735],[82.4399,17.1732],[82.4396,17.1732],[82.4396,17.1729],[82.4393,17.1729],[82.4393,17.1726],[82.439,17.1726],[82.439,17.1721],[82.4388,17.1721],[82.4388,17.1715],[82.4385,17.1715],[82.4385,17.1712],[82.4379,17.1712],[82.4379,17.171],[82.4376,17.171],[82.4376,17.1704],[82.4374,17.1704],[82.4374,17.1696],[82.4371,17.1696],[82.4371,17.1693],[82.4368,17.1693],[82.4368,17.169],[82.4365,17.169],[82.4365,17.1688],[82.436,17.1688],[82.436,17.1685],[82.4357,17.1685],[82.4357,17.1682],[82.4351,17.1682],[82.4351,17.1679],[82.4346,17.1679],[82.4346,17.1676],[82.4343,17.1676],[82.4343,17.1674],[82.434,17.1674],[82.434,17.1671],[82.4337,17.1671],[82.4337,17.1668],[82.4335,17.1668],[82.4335,17.1665],[82.4326,17.1665],[82.4326,17.1663],[82.4324,17.1663],[82.4324,17.166],[82.4321,17.166],[82.4321,17.1657],[82.4315,17.1657],[82.4315,17.1654],[82.4313,17.1654],[82.4313,17.1651],[82.431,17.1651],[82.431,17.1646],[82.4307,17.1646],[82.4307,17.1643],[82.4304,17.1643],[82.4304,17.164],[82.4299,17.164],[82.4299,17.1637],[82.4296,17.1637],[82.4296,17.1635],[82.429,17.1635],[82.429,17.1632],[82.4287,17.1632],[82.4287,17.1629],[82.4285,17.1629],[82.4285,17.1626],[82.4282,17.1626],[82.4282,17.1621],[82.4276,17.1621],[82.4276,17.1618],[82.4274,17.1618],[82.4274,17.1615],[82.4271,17.1615],[82.4271,17.1612],[82.4268,17.1612],[82.4268,17.161],[82.4265,17.161],[82.4265,17.1607],[82.4262,17.1607],[82.4262,17.1604],[82.426,17.1604],[82.426,17.1601],[82.4257,17.1601],[82.4257,17.1599],[82.4254,17.1599],[82.4254,17.1596],[82.4249,17.1596],[82.4249,17.1593],[82.4246,17.1593],[82.4246,17.159],[82.4243,17.159],[82.4243,17.1588],[82.424,17.1588],[82.424,17.1585],[82.4238,17.1585],[82.4238,17.1582],[82.4235,17.1582],[82.4235,17.1579],[82.4232,17.1579],[82.4232,17.1576],[82.4229,17.1576],[82.4229,17.1574],[82.4226,17.1574],[82.4226,17.1571],[82.4224,17.1571],[82.4224,17.1568],[82.4221,17.1568],[82.4221,17.1565],[82.4218,17.1565],[82.4218,17.1563],[82.4215,17.1563],[82.4215,17.156],[82.421,17.156],[82.421,17.1554],[82.4207,17.1554],[82.4207,17.1551],[82.4204,17.1551],[82.4204,17.1549],[82.4201,17.1549],[82.4201,17.1546],[82.4199,17.1546],[82.4199,17.1543],[82.4196,17.1543],[82.4196,17.154],[82.419,17.154],[82.419,17.1535],[82.4187,17.1535],[82.4187,17.1532],[82.4185,17.1532],[82.4185,17.1526],[82.4182,17.1526],[82.4182,17.1524],[82.4179,17.1524],[82.4179,17.1521],[82.4174,17.1521],[82.4174,17.1518],[82.4168,17.1518],[82.4168,17.1515],[82.4165,17.1515],[82.4165,17.1513],[82.4163,17.1513],[82.4163,17.151],[82.416,17.151],[82.416,17.1507],[82.4157,17.1507],[82.4157,17.1504],[82.4154,17.1504],[82.4154,17.1501],[82.4151,17.1501],[82.4151,17.1499],[82.4149,17.1499],[82.4149,17.1496],[82.414,17.1496],[82.414,17.149],[82.4136,17.149],[82.4132,17.149],[82.4132,17.1488],[82.4129,17.1488],[82.4129,17.1485],[82.4126,17.1485],[82.4126,17.1482],[82.4124,17.1482],[82.4124,17.1479],[82.4121,17.1479],[82.4121,17.1476],[82.4118,17.1476],[82.4118,17.1474],[82.4115,17.1474],[82.4115,17.1471],[82.4112,17.1471],[82.4112,17.1468],[82.411,17.1468],[82.411,17.1465],[82.4107,17.1465],[82.4107,17.1462],[82.4104,17.1462],[82.4104,17.146],[82.4101,17.146],[82.4101,17.1457],[82.4099,17.1457],[82.4099,17.1454],[82.4096,17.1454],[82.4096,17.1451],[82.4093,17.1451],[82.4093,17.1449],[82.409,17.1449],[82.409,17.1446],[82.4088,17.1446],[82.4088,17.1443],[82.4085,17.1443],[82.4085,17.144],[82.4082,17.144],[82.4082,17.1438],[82.4079,17.1438],[82.4079,17.1435],[82.4076,17.1435],[82.4076,17.1432],[82.4071,17.1432],[82.4071,17.1429],[82.4068,17.1429],[82.4068,17.1426],[82.4065,17.1426],[82.4065,17.1424],[82.4063,17.1424],[82.4063,17.1418],[82.406,17.1418],[82.406,17.1415],[82.4057,17.1415],[82.4057,17.1413],[82.4054,17.1413],[82.4054,17.141],[82.4051,17.141],[82.4051,17.1407],[82.4049,17.1407],[82.4049,17.1401],[82.4046,17.1401],[82.4046,17.1399],[82.4043,17.1399],[82.4043,17.1396],[82.4037,17.1396],[82.4037,17.1393],[82.4035,17.1393],[82.4035,17.139],[82.4029,17.139],[82.4029,17.1388],[82.4026,17.1388],[82.4026,17.1385],[82.4021,17.1385],[82.4021,17.1382],[82.4018,17.1382],[82.4018,17.1379],[82.4013,17.1379],[82.4013,17.1376],[82.401,17.1376],[82.401,17.1374],[82.4004,17.1374],[82.4004,17.1371],[82.4001,17.1371],[82.4001,17.1368],[82.3996,17.1368],[82.3996,17.1365],[82.3993,17.1365],[82.3993,17.1362],[82.399,17.1362],[82.399,17.1357],[82.3988,17.1357],[82.3988,17.1354],[82.3985,17.1354],[82.3985,17.1351],[82.3982,17.1351],[82.3982,17.1349],[82.3979,17.1349],[82.3979,17.1343],[82.3976,17.1343],[82.3976,17.134],[82.3974,17.134],[82.3974,17.1338],[82.3971,17.1338],[82.3971,17.1335],[82.3968,17.1335],[82.3968,17.1329],[82.3965,17.1329],[82.3965,17.1326],[82.3962,17.1326],[82.3962,17.1324],[82.396,17.1324],[82.396,17.1321],[82.3957,17.1321],[82.3957,17.1318],[82.3954,17.1318],[82.3954,17.1315],[82.3951,17.1315],[82.3951,17.1313],[82.3949,17.1313],[82.3949,17.131],[82.3943,17.131],[82.3943,17.1307],[82.394,17.1307],[82.394,17.1304],[82.3938,17.1304],[82.3938,17.1301],[82.3935,17.1301],[82.3935,17.1299],[82.3932,17.1299],[82.3932,17.1296],[82.3929,17.1296],[82.3929,17.1293],[82.3926,17.1293],[82.3926,17.129],[82.3924,17.129],[82.3924,17.1287],[82.3921,17.1287],[82.3921,17.1285],[82.3918,17.1285],[82.3918,17.1282],[82.3915,17.1282],[82.3915,17.1279],[82.3913,17.1279],[82.3913,17.1276],[82.391,17.1276],[82.391,17.1274],[82.3907,17.1274],[82.3907,17.1271],[82.3904,17.1271],[82.3904,17.1265],[82.3901,17.1265],[82.3901,17.1263],[82.3899,17.1263],[82.3899,17.1257],[82.3893,17.1257],[82.3893,17.1254],[82.389,17.1254],[82.389,17.1251],[82.3887,17.1251],[82.3887,17.1249],[82.3885,17.1249],[82.3885,17.1246],[82.3882,17.1246],[82.3882,17.1243],[82.3876,17.1243],[82.3876,17.124],[82.3874,17.124],[82.3874,17.1238],[82.3871,17.1238],[82.3871,17.1235],[82.3868,17.1235],[82.3868,17.1232],[82.3865,17.1232],[82.3865,17.1229],[82.3863,17.1229],[82.3863,17.1226],[82.386,17.1226],[82.386,17.1224],[82.3854,17.1224],[82.3854,17.1221],[82.3851,17.1221],[82.3851,17.1218],[82.3849,17.1218],[82.3849,17.1215],[82.3846,17.1215],[82.3846,17.1213],[82.3843,17.1213],[82.3843,17.121],[82.384,17.121],[82.384,17.1207],[82.3838,17.1207],[82.3838,17.1204],[82.3835,17.1204],[82.3835,17.1201],[82.3832,17.1201],[82.3832,17.1199],[82.3829,17.1199],[82.3829,17.1196],[82.3826,17.1196],[82.3826,17.1193],[82.3821,17.1193],[82.3821,17.119],[82.3818,17.119],[82.3818,17.1187],[82.3815,17.1187],[82.3815,17.1185],[82.3812,17.1185],[82.3812,17.1182],[82.381,17.1182],[82.381,17.1179],[82.3807,17.1179],[82.3807,17.1176],[82.3804,17.1176],[82.3804,17.1174],[82.3801,17.1174],[82.3801,17.1171],[82.3799,17.1171],[82.3799,17.1168],[82.3796,17.1168],[82.3796,17.1165],[82.3793,17.1165],[82.3793,17.116],[82.379,17.116],[82.379,17.1157],[82.3788,17.1157],[82.3788,17.1154],[82.3785,17.1154],[82.3785,17.1151],[82.3782,17.1151],[82.3782,17.1149],[82.3779,17.1149],[82.3779,17.1146],[82.3774,17.1146],[82.3774,17.1143],[82.3771,17.1143],[82.3771,17.114],[82.3768,17.114],[82.3768,17.1138],[82.3765,17.1138],[82.3765,17.1135],[82.3763,17.1135],[82.3763,17.1132],[82.376,17.1132],[82.376,17.1129],[82.3757,17.1129],[82.3757,17.1126],[82.3754,17.1126],[82.3754,17.1124],[82.3751,17.1124],[82.3751,17.1121],[82.3749,17.1121],[82.3749,17.1118],[82.3746,17.1118],[82.3746,17.1115],[82.3743,17.1115],[82.3743,17.1112],[82.374,17.1112],[82.374,17.111],[82.3737,17.111],[82.3737,17.1107],[82.3732,17.1107],[82.3732,17.1104],[82.3729,17.1104],[82.3729,17.1101],[82.3726,17.1101],[82.3726,17.1099],[82.3724,17.1099],[82.3724,17.1096],[82.3721,17.1096],[82.3721,17.1093],[82.3718,17.1093],[82.3718,17.1087],[82.3715,17.1087],[82.3715,17.1085],[82.371,17.1085],[82.371,17.1082],[82.3704,17.1082],[82.3704,17.1079],[82.3701,17.1079],[82.3701,17.1074],[82.3699,17.1074],[82.3699,17.1071],[82.3696,17.1071],[82.3696,17.1068],[82.369,17.1068],[82.369,17.1065],[82.3688,17.1065],[82.3688,17.1063],[82.3676,17.1063],[82.3676,17.106],[82.3674,17.106],[82.3674,17.1063],[82.3671,17.1063],[82.3671,17.1065],[82.3665,17.1065],[82.3665,17.1068],[82.3662,17.1068],[82.3662,17.1071],[82.366,17.1071],[82.366,17.1076],[82.3657,17.1076],[82.3657,17.1082],[82.3654,17.1082],[82.3654,17.1085],[82.3651,17.1085],[82.3651,17.1101],[82.3654,17.1101],[82.3654,17.1104],[82.366,17.1104],[82.366,17.1107],[82.3662,17.1107],[82.3662,17.111],[82.3665,17.111],[82.3665,17.1112],[82.3668,17.1112],[82.3668,17.1115],[82.3671,17.1115],[82.3671,17.1118],[82.3674,17.1118],[82.3674,17.1121],[82.3676,17.1121],[82.3676,17.1124],[82.3679,17.1124],[82.3679,17.1129],[82.3682,17.1129],[82.3682,17.1135],[82.3685,17.1135],[82.3685,17.1174],[82.3688,17.1174],[82.3688,17.1179],[82.369,17.1179],[82.369,17.1187],[82.3685,17.1187],[82.3685,17.1185],[82.3682,17.1185],[82.3682,17.1182],[82.3679,17.1182],[82.3679,17.1174],[82.3676,17.1174],[82.3676,17.1138],[82.3674,17.1138],[82.3674,17.1135],[82.3671,17.1135],[82.3671,17.1132],[82.3668,17.1132],[82.3668,17.1126],[82.3665,17.1126],[82.3665,17.1124],[82.3662,17.1124],[82.3662,17.1121],[82.3654,17.1121],[82.3654,17.1118],[82.3651,17.1118],[82.3651,17.1115],[82.3649,17.1115],[82.3649,17.1112],[82.3646,17.1112],[82.3646,17.111],[82.3643,17.111],[82.3643,17.1107],[82.364,17.1107],[82.364,17.1104],[82.3637,17.1104],[82.3637,17.1099],[82.3635,17.1099],[82.3635,17.1093],[82.3632,17.1093],[82.3632,17.1076],[82.3635,17.1076],[82.3635,17.1074],[82.364,17.1074],[82.364,17.1071],[82.3643,17.1071],[82.3643,17.1068],[82.3646,17.1068],[82.3646,17.1065],[82.3649,17.1065],[82.3649,17.1063],[82.3651,17.1063],[82.3651,17.106],[82.3654,17.106],[82.3654,17.1057],[82.3657,17.1057],[82.3657,17.1046],[82.3654,17.1046],[82.3654,17.1043],[82.3651,17.1043],[82.3651,17.104],[82.3649,17.104],[82.3649,17.1038],[82.3646,17.1038],[82.3646,17.1035],[82.3643,17.1035],[82.3643,17.1032],[82.3637,17.1032],[82.3637,17.1029],[82.3635,17.1029],[82.3635,17.1026],[82.3629,17.1026],[82.3629,17.1024],[82.3626,17.1024],[82.3626,17.1018],[82.3624,17.1018],[82.3624,17.1015],[82.3621,17.1015],[82.3621,17.1012],[82.3618,17.1012],[82.3618,17.101],[82.3615,17.101],[82.3615,17.1007],[82.361,17.1007],[82.361,17.1004],[82.3607,17.1004],[82.3607,17.0998],[82.3604,17.0999],[82.3604,17.0993],[82.3601,17.0993],[82.3601,17.099],[82.3599,17.099],[82.3599,17.0988],[82.3596,17.0988],[82.3596,17.0985],[82.3593,17.0985],[82.3593,17.0982],[82.359,17.0982],[82.359,17.0979],[82.3587,17.0979],[82.3587,17.0971],[82.3585,17.0971],[82.3585,17.0968],[82.3582,17.0968],[82.3582,17.0965],[82.3579,17.0965],[82.3579,17.0963],[82.3576,17.0963],[82.3576,17.096],[82.3574,17.096],[82.3574,17.0957],[82.3571,17.0957],[82.3571,17.0954],[82.3568,17.0954],[82.3568,17.0951],[82.3565,17.0951],[82.3565,17.0949],[82.3562,17.0949],[82.3562,17.0946],[82.356,17.0946],[82.356,17.0943],[82.3554,17.0943],[82.3554,17.0946],[82.3551,17.0946],[82.3551,17.0949],[82.3549,17.0949],[82.3549,17.0957],[82.3546,17.0957],[82.3546,17.0963],[82.3543,17.0963],[82.3543,17.0965],[82.354,17.0965],[82.354,17.0968],[82.3538,17.0968],[82.3538,17.0971],[82.3535,17.0971],[82.3535,17.0976],[82.3532,17.0976],[82.3532,17.0979],[82.3529,17.0979],[82.3529,17.0982],[82.3515,17.0982],[82.3515,17.0979],[82.3512,17.0979],[82.3512,17.0974],[82.3515,17.0974],[82.3515,17.0971],[82.3521,17.0971],[82.3521,17.0968],[82.3524,17.0968],[82.3524,17.0965],[82.3526,17.0965],[82.3526,17.0963],[82.3529,17.0963],[82.3529,17.0957],[82.3532,17.0957],[82.3532,17.0937],[82.3529,17.0937],[82.3529,17.0932],[82.3526,17.0932],[82.3526,17.0926],[82.3524,17.0926],[82.3524,17.0924],[82.3521,17.0924],[82.3521,17.0921],[82.3518,17.0921],[82.3518,17.0915],[82.3515,17.0915],[82.3515,17.0912],[82.3512,17.0912],[82.3512,17.0907],[82.351,17.0907],[82.351,17.0901],[82.3507,17.0901],[82.3507,17.0899],[82.3501,17.0899],[82.3501,17.0896],[82.3499,17.0896],[82.3499,17.0893],[82.3496,17.0893],[82.3496,17.089],[82.3493,17.089],[82.3493,17.0888],[82.349,17.0888],[82.349,17.0885],[82.3487,17.0885],[82.3487,17.0882],[82.3482,17.0882],[82.3482,17.0879],[82.3479,17.0879],[82.3479,17.0876],[82.3476,17.0876],[82.3476,17.0874],[82.3474,17.0874],[82.3474,17.0871],[82.3471,17.0871],[82.3471,17.0868],[82.3468,17.0868],[82.3468,17.0865],[82.3465,17.0865],[82.3465,17.0863],[82.3463,17.0863],[82.3463,17.086],[82.346,17.086],[82.346,17.0857],[82.3454,17.0857],[82.3454,17.0854],[82.3451,17.0854],[82.3451,17.0851],[82.3449,17.0851],[82.3449,17.0849],[82.3446,17.0849],[82.3446,17.0846],[82.3443,17.0846],[82.3443,17.0843],[82.344,17.0843],[82.344,17.084],[82.3438,17.084],[82.3438,17.0837],[82.3435,17.0837],[82.3435,17.0835],[82.3432,17.0835],[82.3432,17.0832],[82.3429,17.0832],[82.3429,17.0829],[82.3426,17.0829],[82.3426,17.0826],[82.3424,17.0826],[82.3424,17.0824],[82.3421,17.0824],[82.3421,17.0821],[82.3418,17.0821],[82.3418,17.0818],[82.3415,17.0818],[82.3415,17.0815],[82.3412,17.0815],[82.3412,17.0812],[82.341,17.0812],[82.341,17.081],[82.3407,17.081],[82.3407,17.0807],[82.3404,17.0807],[82.3404,17.0804],[82.3401,17.0804],[82.3401,17.0801],[82.3399,17.0801],[82.3399,17.0799],[82.3396,17.0799],[82.3396,17.0796],[82.3393,17.0796],[82.3393,17.0793],[82.339,17.0793],[82.339,17.079],[82.3388,17.079],[82.3388,17.0788],[82.3385,17.0788],[82.3385,17.0785],[82.3382,17.0785],[82.3382,17.0782],[82.3379,17.0782],[82.3379,17.0779],[82.3376,17.0779],[82.3376,17.0776],[82.3374,17.0776],[82.3374,17.0774],[82.3371,17.0774],[82.3371,17.0771],[82.3365,17.0771],[82.3365,17.0768],[82.3363,17.0768],[82.3363,17.0765],[82.336,17.0765],[82.336,17.0763],[82.3357,17.0763],[82.3357,17.076],[82.3354,17.076],[82.3354,17.0757],[82.3351,17.0757],[82.3351,17.0754],[82.3349,17.0754],[82.3349,17.0749],[82.3346,17.0749],[82.3346,17.0746],[82.3343,17.0746],[82.3343,17.0743],[82.334,17.0743],[82.334,17.074],[82.3337,17.074],[82.3337,17.0737],[82.3332,17.0737],[82.3332,17.0735],[82.3329,17.0735],[82.3329,17.0732],[82.3326,17.0732],[82.3326,17.0729],[82.3324,17.0729],[82.3324,17.0726],[82.3318,17.0726],[82.3318,17.0724],[82.3315,17.0724],[82.3315,17.0718],[82.3313,17.0718],[82.3313,17.0715],[82.331,17.0715],[82.331,17.0713],[82.3307,17.0713],[82.3307,17.071],[82.3304,17.071],[82.3304,17.0707],[82.3301,17.0707],[82.3301,17.0704],[82.3299,17.0704],[82.3299,17.0701],[82.3296,17.0701],[82.3296,17.0699],[82.3293,17.0699],[82.3293,17.0696],[82.329,17.0696],[82.329,17.0693],[82.3288,17.0693],[82.3288,17.069],[82.3285,17.069],[82.3285,17.0688],[82.3282,17.0688],[82.3282,17.0685],[82.3279,17.0685],[82.3279,17.0682],[82.3276,17.0682],[82.3276,17.0679],[82.3274,17.0679],[82.3274,17.0676],[82.3271,17.0676],[82.3271,17.0674],[82.3268,17.0674],[82.3268,17.0671],[82.3265,17.0671],[82.3265,17.0668],[82.3262,17.0668],[82.3262,17.0665],[82.326,17.0665],[82.326,17.0662],[82.3257,17.0662],[82.3257,17.066],[82.3254,17.066],[82.3254,17.0657],[82.3251,17.0657],[82.3251,17.0654],[82.3249,17.0654],[82.3249,17.0651],[82.3246,17.0651],[82.3246,17.0649],[82.3243,17.0649],[82.3243,17.0646],[82.324,17.0646],[82.324,17.0643],[82.3238,17.0643],[82.3238,17.064],[82.3235,17.064],[82.3235,17.0637],[82.3232,17.0637],[82.3232,17.0635],[82.3229,17.0635],[82.3229,17.0629],[82.3226,17.0629],[82.3226,17.0626],[82.3224,17.0626],[82.3224,17.0624],[82.3221,17.0624],[82.3221,17.0621],[82.3218,17.0621],[82.3218,17.0618],[82.3215,17.0618],[82.3215,17.0615],[82.3213,17.0615],[82.3213,17.0613],[82.321,17.0613],[82.321,17.061],[82.3207,17.061],[82.3207,17.0607],[82.3204,17.0607],[82.3204,17.0604],[82.3201,17.0604],[82.3201,17.0601],[82.3199,17.0601],[82.3199,17.0599],[82.3196,17.0599],[82.3196,17.0596],[82.3193,17.0596],[82.3193,17.0593],[82.319,17.0593],[82.319,17.0588],[82.3187,17.0588],[82.3187,17.0585],[82.3185,17.0585],[82.3185,17.0582],[82.3182,17.0582],[82.3182,17.0579],[82.3179,17.0579],[82.3179,17.0576],[82.3176,17.0576],[82.3176,17.0574],[82.3174,17.0574],[82.3174,17.0571],[82.3171,17.0571],[82.3171,17.0568],[82.3168,17.0568],[82.3168,17.0565],[82.3165,17.0565],[82.3165,17.0562],[82.3162,17.0562],[82.3162,17.056],[82.316,17.056],[82.316,17.0557],[82.3157,17.0557],[82.3157,17.0551],[82.3154,17.0551],[82.3154,17.0549],[82.3151,17.0549],[82.3151,17.0546],[82.3149,17.0546],[82.3149,17.0543],[82.3146,17.0543],[82.3146,17.054],[82.3143,17.054],[82.3143,17.0537],[82.314,17.0537],[82.314,17.0535],[82.3138,17.0535],[82.3138,17.0532],[82.3135,17.0532],[82.3135,17.0529],[82.3132,17.0529],[82.3132,17.0524],[82.3129,17.0524],[82.3129,17.0521],[82.3126,17.0521],[82.3126,17.0518],[82.3124,17.0518],[82.3124,17.0515],[82.3121,17.0515],[82.3121,17.0513],[82.3118,17.0513],[82.3118,17.051],[82.3115,17.051],[82.3115,17.0507],[82.3112,17.0507],[82.3112,17.0504],[82.311,17.0504],[82.311,17.0501],[82.3107,17.0501],[82.3107,17.0496],[82.3104,17.0496],[82.3104,17.0493],[82.3101,17.0493],[82.3101,17.049],[82.3099,17.049],[82.3099,17.0487],[82.3096,17.0487],[82.3096,17.0485],[82.3093,17.0485],[82.3093,17.0482],[82.309,17.0482],[82.309,17.0479],[82.3087,17.0479],[82.3087,17.0476],[82.3085,17.0476],[82.3085,17.0471],[82.3082,17.0471],[82.3082,17.0468],[82.3079,17.0468],[82.3079,17.0465],[82.3076,17.0465],[82.3076,17.0462],[82.3074,17.0462],[82.3074,17.046],[82.3071,17.046],[82.3071,17.0457],[82.3068,17.0457],[82.3068,17.0451],[82.3065,17.0451],[82.3065,17.0449],[82.3063,17.0449],[82.3063,17.0446],[82.306,17.0446],[82.306,17.0443],[82.3057,17.0443],[82.3057,17.044],[82.3054,17.044],[82.3054,17.0435],[82.3051,17.0435],[82.3051,17.0432],[82.3049,17.0432],[82.3049,17.0429],[82.3046,17.0429],[82.3046,17.0426],[82.3043,17.0426],[82.3043,17.0424],[82.304,17.0424],[82.304,17.0421],[82.3037,17.0421],[82.3037,17.0415],[82.3035,17.0415],[82.3035,17.0413],[82.3032,17.0413],[82.3032,17.041],[82.3029,17.041],[82.3029,17.0407],[82.3026,17.0407],[82.3026,17.0401],[82.3024,17.0401],[82.3024,17.0399],[82.3021,17.0399],[82.3021,17.0393],[82.3018,17.0393],[82.3018,17.0387],[82.3015,17.0387],[82.3015,17.0385],[82.3012,17.0385],[82.3012,17.0379],[82.301,17.0379],[82.301,17.0376],[82.3007,17.0376],[82.3007,17.0371],[82.3004,17.0371],[82.3004,17.0365],[82.3001,17.0365],[82.3001,17.0363],[82.2999,17.0363],[82.2999,17.0357],[82.2996,17.0357],[82.2996,17.0354],[82.2993,17.0354],[82.2993,17.0349],[82.299,17.0349],[82.299,17.0343],[82.2988,17.0343],[82.2988,17.034],[82.2985,17.034],[82.2985,17.0335],[82.2982,17.0335],[82.2982,17.0332],[82.2979,17.0332],[82.2979,17.0329],[82.2976,17.0329],[82.2976,17.0327],[82.2976,17.0324],[82.2974,17.0324],[82.2974,17.0318],[82.2971,17.0318],[82.2971,17.0313],[82.2968,17.0313],[82.2968,17.031],[82.2965,17.031],[82.2965,17.0304],[82.2962,17.0304],[82.2962,17.0299],[82.296,17.0299],[82.296,17.0296],[82.2957,17.0296],[82.2957,17.029],[82.2954,17.029],[82.2954,17.0287],[82.2951,17.0287],[82.2951,17.0282],[82.2949,17.0282],[82.2949,17.0276],[82.2946,17.0276],[82.2946,17.0274],[82.2943,17.0274],[82.2943,17.0268],[82.294,17.0268],[82.294,17.0263],[82.2937,17.0263],[82.2937,17.0257],[82.2935,17.0257],[82.2935,17.0251],[82.2932,17.0251],[82.2932,17.0243],[82.2929,17.0243],[82.2929,17.0238],[82.2926,17.0238],[82.2926,17.0229],[82.2924,17.0229],[82.2924,17.0224],[82.2921,17.0224],[82.2921,17.0218],[82.2918,17.0218],[82.2918,17.021],[82.2915,17.021],[82.2915,17.0204],[82.2913,17.0204],[82.2913,17.0199],[82.291,17.0199],[82.291,17.0193],[82.2907,17.0193],[82.2907,17.0185],[82.2904,17.0185],[82.2904,17.0179],[82.2901,17.0179],[82.2901,17.0176],[82.2899,17.0176],[82.2899,17.0171],[82.2896,17.0171],[82.2896,17.0165],[82.2893,17.0165],[82.2893,17.016],[82.289,17.016],[82.289,17.0154],[82.2887,17.0154],[82.2887,17.0149],[82.2885,17.0149],[82.2885,17.0146],[82.2882,17.0146],[82.2882,17.014],[82.2879,17.014],[82.2879,17.0137],[82.2876,17.0137],[82.2876,17.0135],[82.2874,17.0135],[82.2874,17.0126],[82.2871,17.0126],[82.2871,17.0121],[82.2868,17.0121],[82.2868,17.0115],[82.2865,17.0115],[82.2865,17.011],[82.2862,17.011],[82.2862,17.0104],[82.286,17.0104],[82.286,17.0099],[82.2857,17.0099],[82.2857,17.009],[82.2854,17.009],[82.2854,17.0082],[82.2851,17.0082],[82.2851,17.0074],[82.2849,17.0074],[82.2849,17.0065],[82.2846,17.0065],[82.2846,17.0057],[82.2843,17.0057],[82.2843,17.0046],[82.284,17.0046],[82.284,17.0037],[82.2838,17.0037],[82.2838,17.0029],[82.2835,17.0029],[82.2835,17.0024],[82.2832,17.0024],[82.2832,17.0012],[82.2829,17.0012],[82.2829,17.0004],[82.2826,17.0004],[82.2826,17.0001],[82.2824,17.0001],[82.2824,16.9999],[82.2824,16.9996],[82.2821,16.9996],[82.2821,16.9993],[82.2818,16.9993],[82.2818,16.999],[82.2815,16.999],[82.2815,16.9988],[82.2812,16.9988],[82.2812,16.9985],[82.281,16.9985],[82.281,16.9982],[82.2807,16.9982],[82.2807,16.9979],[82.2804,16.9979],[82.2804,16.9976],[82.2801,16.9976],[82.2801,16.9974],[82.2799,16.9974],[82.2799,16.9963],[82.2796,16.9963],[82.2796,16.9951],[82.2793,16.9951],[82.2793,16.9946],[82.279,16.9946],[82.279,16.994],[82.2787,16.994],[82.2787,16.9932],[82.2785,16.9932],[82.2785,16.9921],[82.2782,16.9921],[82.2782,16.9909],[82.2782,16.9904],[82.2785,16.9904],[82.2785,16.9893],[82.2787,16.9893],[82.2787,16.989],[82.2793,16.989],[82.2793,16.9882],[82.2796,16.9882],[82.2796,16.9879],[82.2799,16.9879],[82.2799,16.9871],[82.2801,16.9871],[82.2801,16.9865],[82.2804,16.9865],[82.2804,16.9862],[82.281,16.9862],[82.281,16.986],[82.2813,16.986],[82.2813,16.9851],[82.2815,16.9851],[82.2815,16.9849],[82.2826,16.9849],[82.2826,16.9846],[82.2835,16.9846],[82.2835,16.9843],[82.2843,16.9843],[82.2843,16.9846],[82.2851,16.9846],[82.2851,16.9843],[82.2854,16.9843],[82.2854,16.984],[82.2857,16.984],[82.2857,16.9832],[82.2854,16.9832],[82.2854,16.9829],[82.2851,16.9829],[82.2851,16.9827],[82.2846,16.9827],[82.2846,16.9824],[82.2838,16.9824],[82.2838,16.9827],[82.2829,16.9827],[82.2829,16.9829],[82.2815,16.9829],[82.2815,16.9827],[82.2812,16.9827],[82.2812,16.9829],[82.2807,16.9829],[82.2807,16.9835],[82.2796,16.9835],[82.2796,16.9837],[82.2782,16.9837],[82.2782,16.9835],[82.2776,16.9835],[82.2776,16.9832],[82.2774,16.9832],[82.2774,16.9829],[82.2771,16.9829],[82.2771,16.9827],[82.2768,16.9827],[82.2768,16.9824],[82.2765,16.9824],[82.2765,16.9818],[82.2763,16.9818],[82.2763,16.9807],[82.276,16.9807],[82.276,16.9796],[82.2757,16.9796],[82.2757,16.9771],[82.276,16.9771],[82.276,16.9768],[82.2771,16.9768],[82.2771,16.9765],[82.2796,16.9765],[82.2796,16.9768],[82.2801,16.9768],[82.2801,16.9771],[82.2807,16.9771],[82.2807,16.9774],[82.2826,16.9774],[82.2826,16.9771],[82.2838,16.9771],[82.2838,16.9768],[82.284,16.9768],[82.284,16.9765],[82.2838,16.9765],[82.2838,16.9757],[82.284,16.9757],[82.284,16.974],[82.2838,16.974],[82.2838,16.9735],[82.2832,16.9735],[82.2832,16.9732],[82.2835,16.9732],[82.2835,16.9726],[82.2838,16.9726],[82.2838,16.9715],[82.2835,16.9715],[82.2835,16.9713],[82.2832,16.9713],[82.2832,16.971],[82.2799,16.971],[82.2799,16.9713],[82.2782,16.9713],[82.2782,16.971],[82.2768,16.971],[82.2768,16.9713],[82.2754,16.9713],[82.2754,16.9707],[82.2751,16.9707],[82.2751,16.9704],[82.2749,16.9704],[82.2749,16.9701],[82.2746,16.9701],[82.2746,16.9696],[82.2743,16.9696],[82.2743,16.9693],[82.274,16.9693],[82.274,16.969],[82.2738,16.969],[82.2738,16.9685],[82.2735,16.9685],[82.2735,16.9679],[82.2732,16.9679],[82.2732,16.9674],[82.2729,16.9674],[82.2729,16.9668],[82.2726,16.9668],[82.2726,16.9662],[82.2724,16.9662],[82.2724,16.9646],[82.2721,16.9646],[82.2721,16.9638],[82.2718,16.9638],[82.2718,16.9629],[82.2715,16.9629],[82.2715,16.9624],[82.2712,16.9624],[82.2712,16.9621],[82.271,16.9621],[82.271,16.9618],[82.2707,16.9618],[82.2707,16.9613],[82.2704,16.9613],[82.2704,16.9601],[82.2701,16.9601],[82.2701,16.959],[82.2699,16.959],[82.2699,16.9565],[82.2696,16.9565],[82.2696,16.956],[82.2693,16.956],[82.2693,16.9543],[82.2696,16.9543],[82.2696,16.9532],[82.2693,16.9532],[82.2693,16.9518],[82.269,16.9518],[82.269,16.951],[82.2693,16.951],[82.2693,16.9507],[82.2696,16.9507],[82.2696,16.9501],[82.2699,16.9501],[82.2699,16.9496],[82.2701,16.9496],[82.2701,16.9493],[82.2704,16.9493],[82.2704,16.949],[82.2707,16.949],[82.2707,16.9487],[82.271,16.9487],[82.271,16.9485],[82.2735,16.9485],[82.2735,16.9479],[82.2738,16.9479],[82.2738,16.9476],[82.2732,16.9476],[82.2732,16.9474],[82.2729,16.9474],[82.2729,16.9471],[82.2726,16.9471],[82.2726,16.9468],[82.2724,16.9468],[82.2724,16.9457],[82.2721,16.9457],[82.2721,16.9449],[82.2718,16.9449],[82.2718,16.944],[82.2715,16.944],[82.2715,16.9415],[82.2718,16.9415],[82.2718,16.941],[82.2715,16.941],[82.2715,16.9404],[82.2707,16.9404],[82.2707,16.9407],[82.2696,16.9407],[82.2696,16.9404],[82.2693,16.9404],[82.2693,16.9401],[82.269,16.9401],[82.269,16.9399],[82.2688,16.9399],[82.2688,16.9396],[82.2685,16.9396],[82.2685,16.9393],[82.2682,16.9393],[82.2682,16.939],[82.2637,16.939],[82.2637,16.9388],[82.2635,16.9388],[82.2635,16.9385],[82.2632,16.9385],[82.2632,16.9382],[82.2629,16.9382],[82.2629,16.9379],[82.2626,16.9379],[82.2626,16.9378],[82.2626,16.9376],[82.2621,16.9376],[82.2621,16.9373],[82.2618,16.9374],[82.2618,16.9371],[82.2613,16.9371],[82.2613,16.9368],[82.259,16.9368],[82.259,16.9365],[82.2588,16.9365],[82.2588,16.9368],[82.2549,16.9368],[82.2549,16.9365],[82.254,16.9365],[82.254,16.9363],[82.2535,16.9363],[82.2535,16.936],[82.2529,16.936],[82.2529,16.9357],[82.2524,16.9357],[82.2524,16.9354],[82.2518,16.9354],[82.2518,16.9351],[82.2515,16.9351],[82.2515,16.9349],[82.251,16.9349],[82.251,16.9346],[82.2507,16.9346],[82.2507,16.934],[82.2504,16.934],[82.2504,16.9332],[82.2501,16.9332],[82.2501,16.9321],[82.2499,16.9321],[82.2499,16.931],[82.2496,16.931],[82.2496,16.9304],[82.249,16.9304],[82.249,16.9296],[82.2493,16.9296],[82.2493,16.929],[82.249,16.929],[82.249,16.9285],[82.2493,16.9285],[82.2493,16.9279],[82.2496,16.9279],[82.2496,16.9274],[82.2493,16.9274],[82.2493,16.9243],[82.2496,16.9243],[82.2496,16.9235],[82.2493,16.9235],[82.2493,16.9232],[82.2496,16.9232],[82.2496,16.9226],[82.2499,16.9226],[82.2499,16.9223],[82.2499,16.9221],[82.2501,16.9221],[82.2501,16.9188],[82.2499,16.9188],[82.2499,16.9176],[82.2496,16.9176],[82.2496,16.9154],[82.2499,16.9154],[82.2499,16.9149],[82.2501,16.9149],[82.2501,16.9143],[82.2504,16.9143],[82.2504,16.9137],[82.2507,16.9137],[82.2507,16.9093],[82.2504,16.9093],[82.2504,16.909],[82.2501,16.909],[82.2501,16.9088],[82.2499,16.9088],[82.2499,16.9082],[82.2496,16.9082],[82.2496,16.9076],[82.2493,16.9076],[82.2493,16.9074],[82.2501,16.9074],[82.2501,16.9071],[82.2504,16.9071],[82.2504,16.9065],[82.2507,16.9065],[82.2507,16.906],[82.251,16.906],[82.251,16.9057],[82.2515,16.9057],[82.2515,16.9054],[82.2521,16.9054],[82.2521,16.9051],[82.2526,16.9051],[82.2526,16.9049],[82.2532,16.9049],[82.2532,16.9046],[82.2535,16.9046],[82.2535,16.9043],[82.2538,16.9043],[82.2538,16.904],[82.254,16.904],[82.254,16.9037],[82.2543,16.9037],[82.2543,16.9035],[82.2546,16.9035],[82.2546,16.9032],[82.2549,16.9032],[82.2549,16.9024],[82.2551,16.9024],[82.2551,16.9015],[82.2554,16.9015],[82.2554,16.9007],[82.2557,16.9007],[82.2557,16.9001],[82.256,16.9001],[82.256,16.8988],[82.2562,16.8988],[82.2562,16.8979],[82.2565,16.8979],[82.2565,16.8971],[82.2568,16.8971],[82.2568,16.8962],[82.2571,16.8962],[82.2571,16.8951],[82.2574,16.8951],[82.2574,16.8926],[82.2576,16.8926],[82.2576,16.8924],[82.2574,16.8924],[82.2574,16.8918],[82.2571,16.8918],[82.2571,16.8913],[82.2568,16.8913],[82.2568,16.889],[82.2571,16.889],[82.2571,16.8882],[82.2568,16.8882],[82.2568,16.8876],[82.2565,16.8876],[82.2565,16.8874],[82.2562,16.8874],[82.2562,16.8865],[82.2568,16.8865],[82.2568,16.8868],[82.2574,16.8868],[82.2574,16.8871],[82.2576,16.8871],[82.2576,16.8874],[82.2579,16.8874],[82.2579,16.8876],[82.2582,16.8876],[82.2582,16.8879],[82.2585,16.8879],[82.2585,16.8882],[82.2596,16.8882],[82.2596,16.8885],[82.2601,16.8885],[82.2601,16.8882],[82.2604,16.8882],[82.2604,16.8876],[82.2607,16.8876],[82.2607,16.8874],[82.261,16.8874],[82.261,16.8871],[82.2615,16.8871],[82.2615,16.8868],[82.2621,16.8868],[82.2621,16.8865],[82.2629,16.8865],[82.2629,16.8863],[82.2635,16.8863],[82.2635,16.886],[82.264,16.886],[82.264,16.8857],[82.2649,16.8857],[82.2649,16.8854],[82.2654,16.8854],[82.2654,16.8851],[82.2657,16.8851],[82.2657,16.8849],[82.266,16.8849],[82.266,16.8846],[82.2663,16.8846],[82.2663,16.8843],[82.2665,16.8843],[82.2665,16.8838],[82.2668,16.8838],[82.2668,16.8835],[82.2671,16.8835],[82.2671,16.8832],[82.2674,16.8832],[82.2674,16.8826],[82.2676,16.8826],[82.2676,16.8824],[82.2679,16.8824],[82.2679,16.8821],[82.2682,16.8821],[82.2682,16.8815],[82.2685,16.8815],[82.2685,16.881],[82.2688,16.881],[82.2688,16.8804],[82.269,16.8804],[82.269,16.8799],[82.2693,16.8799],[82.2693,16.879],[82.2696,16.879],[82.2696,16.8779],[82.2699,16.8779],[82.2699,16.8757],[82.2707,16.8757],[82.2707,16.8754],[82.2724,16.8754],[82.2724,16.8757],[82.2726,16.8757],[82.2726,16.8754],[82.2738,16.8754],[82.2738,16.8757],[82.2743,16.8757],[82.2743,16.876],[82.2751,16.876],[82.2751,16.8763],[82.2757,16.8763],[82.2757,16.8765],[82.2763,16.8765],[82.2763,16.8768],[82.2768,16.8768],[82.2768,16.8771],[82.2776,16.8771],[82.2776,16.8774],[82.2782,16.8774],[82.2782,16.8776],[82.2818,16.8776],[82.2818,16.8774],[82.2821,16.8774],[82.2821,16.8768],[82.2824,16.8768],[82.2824,16.8765],[82.2826,16.8765],[82.2826,16.8763],[82.2829,16.8763],[82.2829,16.876],[82.2832,16.876],[82.2832,16.8757],[82.2835,16.8757],[82.2835,16.8754],[82.2838,16.8754],[82.2838,16.8751],[82.284,16.8751],[82.284,16.8749],[82.2843,16.8749],[82.2843,16.8746],[82.2849,16.8746],[82.2849,16.874],[82.2851,16.874],[82.2851,16.8735],[82.2854,16.8735],[82.2854,16.8721],[82.2851,16.8721],[82.2851,16.8715],[82.2849,16.8715],[82.2849,16.869],[82.2846,16.869],[82.2846,16.8685],[82.2843,16.8685],[82.2843,16.8679],[82.284,16.8679],[82.284,16.8674],[82.2838,16.8674],[82.2838,16.8671],[82.2835,16.8671],[82.2835,16.8668],[82.2832,16.8668],[82.2832,16.8662],[82.2829,16.8662],[82.2829,16.866],[82.2826,16.866],[82.2826,16.8654],[82.2824,16.8654],[82.2824,16.8651],[82.2832,16.8651],[82.2832,16.8654],[82.2835,16.8654],[82.2835,16.8657],[82.2838,16.8657],[82.2838,16.8662],[82.284,16.8662],[82.284,16.8665],[82.2843,16.8665],[82.2843,16.8668],[82.2846,16.8668],[82.2846,16.8674],[82.2849,16.8674],[82.2849,16.8679],[82.2851,16.8679],[82.2851,16.8685],[82.2854,16.8685],[82.2854,16.8693],[82.2857,16.8693],[82.2857,16.8699],[82.286,16.8699],[82.286,16.8704],[82.2862,16.8704],[82.2862,16.871],[82.2865,16.871],[82.2865,16.8715],[82.2868,16.8715],[82.2868,16.8726],[82.2865,16.8726],[82.2865,16.874],[82.2862,16.874],[82.2862,16.8749],[82.286,16.8749],[82.286,16.8751],[82.2857,16.8751],[82.2857,16.8768],[82.2862,16.8768],[82.2862,16.8771],[82.2865,16.8771],[82.2865,16.8768],[82.2868,16.8768],[82.2868,16.876],[82.2871,16.876],[82.2871,16.8757],[82.2876,16.8757],[82.2876,16.8754],[82.2885,16.8754],[82.2885,16.8738],[82.2887,16.8738],[82.2887,16.8726],[82.289,16.8726],[82.289,16.8724],[82.2896,16.8724],[82.2896,16.8721],[82.2899,16.8721],[82.2899,16.8718],[82.2904,16.8718],[82.2904,16.8715],[82.2915,16.8715],[82.2915,16.8713],[82.2918,16.8713],[82.2918,16.871],[82.2921,16.871],[82.2921,16.8707],[82.2924,16.8707],[82.2924,16.8704],[82.2926,16.8704],[82.2926,16.8701],[82.2929,16.8701],[82.2929,16.8699],[82.2932,16.8699],[82.2932,16.8696],[82.2937,16.8696],[82.2937,16.8693],[82.294,16.8693],[82.294,16.869],[82.2957,16.869],[82.2957,16.8687],[82.296,16.8687],[82.296,16.8685],[82.2962,16.8685],[82.2962,16.8682],[82.2968,16.8682],[82.2968,16.8679],[82.2971,16.8679],[82.2971,16.8676],[82.2974,16.8676],[82.2974,16.8674],[82.2979,16.8674],[82.2979,16.8671],[82.2982,16.8671],[82.2982,16.8668],[82.2988,16.8668],[82.2988,16.8665],[82.2996,16.8665],[82.2996,16.8662],[82.2999,16.8662],[82.2999,16.8657],[82.3001,16.8657],[82.3001,16.8654],[82.301,16.8654],[82.301,16.8651],[82.3012,16.8651],[82.3012,16.8649],[82.3015,16.8649],[82.3015,16.8646],[82.3018,16.8646],[82.3018,16.8643],[82.3026,16.8643],[82.3026,16.8638],[82.3029,16.8638],[82.3029,16.8635],[82.3032,16.8635],[82.3032,16.8632],[82.3037,16.8632],[82.3037,16.8629],[82.304,16.8629],[82.304,16.8626],[82.3043,16.8626],[82.3043,16.8624],[82.3046,16.8624],[82.3046,16.8618],[82.3049,16.8618],[82.3049,16.8615],[82.3051,16.8615],[82.3051,16.861],[82.3054,16.861],[82.3054,16.8607],[82.306,16.8607],[82.306,16.8604],[82.3065,16.8604],[82.3065,16.8601],[82.3068,16.8601],[82.3068,16.8596],[82.3071,16.8596],[82.3071,16.8593],[82.3074,16.8593],[82.3074,16.859],[82.3076,16.859],[82.3076,16.8585],[82.3079,16.8585],[82.3079,16.8582],[82.3082,16.8582],[82.3082,16.8579],[82.3085,16.8579],[82.3085,16.8576],[82.309,16.8576],[82.309,16.8574],[82.3093,16.8574],[82.3093,16.8571],[82.3096,16.8571],[82.3096,16.8568],[82.3099,16.8568],[82.3099,16.8565],[82.3101,16.8565],[82.3101,16.856],[82.3104,16.856],[82.3104,16.8557],[82.3107,16.8557],[82.3107,16.8554],[82.311,16.8554],[82.311,16.8551],[82.3112,16.8551],[82.3112,16.8549],[82.3115,16.8549],[82.3115,16.8543],[82.3118,16.8543],[82.3118,16.854],[82.3121,16.854],[82.3121,16.8535],[82.3124,16.8535],[82.3124,16.8529],[82.3126,16.8529],[82.3126,16.8524],[82.3129,16.8524],[82.3129,16.8518],[82.3132,16.8518],[82.3132,16.851],[82.3135,16.851],[82.3135,16.8499],[82.3138,16.8499],[82.3138,16.849],[82.314,16.849],[82.314,16.8479],[82.3143,16.8479],[82.3143,16.8468],[82.3146,16.8468],[82.3146,16.8446],[82.3143,16.8446],[82.3143,16.8435],[82.314,16.8435],[82.314,16.8429],[82.3138,16.8429],[82.3138,16.8426],[82.3135,16.8426],[82.3135,16.8424],[82.3132,16.8424],[82.3132,16.8418],[82.3129,16.8418],[82.3129,16.8415],[82.3126,16.8415],[82.3126,16.8412],[82.3124,16.8412],[82.3124,16.841],[82.3121,16.841],[82.3121,16.8407],[82.3118,16.8407],[82.3118,16.8401],[82.3126,16.8401],[82.3126,16.8404],[82.3129,16.8404],[82.3129,16.8407],[82.3135,16.8407],[82.3135,16.841],[82.3138,16.841],[82.3138,16.8412],[82.314,16.8412],[82.314,16.8418],[82.3143,16.8418],[82.3143,16.8421],[82.3146,16.8421],[82.3146,16.8424],[82.3149,16.8424],[82.3149,16.8426],[82.3151,16.8426],[82.3151,16.8429],[82.3154,16.8429],[82.3154,16.8435],[82.3157,16.8435],[82.3157,16.8438],[82.316,16.8438],[82.316,16.844],[82.3162,16.844],[82.3162,16.8443],[82.3168,16.8443],[82.3168,16.8457],[82.3171,16.8457],[82.3171,16.8463],[82.3174,16.8463],[82.3174,16.8471],[82.3176,16.8471],[82.3176,16.8482],[82.3179,16.8482],[82.3179,16.8496],[82.3182,16.8496],[82.3182,16.8501],[82.3185,16.8501],[82.3185,16.8504],[82.3187,16.8504],[82.3187,16.8507],[82.319,16.8507],[82.319,16.8512],[82.3193,16.8512],[82.3193,16.8515],[82.3196,16.8515],[82.3196,16.8518],[82.3199,16.8518],[82.3199,16.8521],[82.3201,16.8521],[82.3201,16.8524],[82.3204,16.8524],[82.3204,16.8526],[82.321,16.8526],[82.321,16.8529],[82.3213,16.8529],[82.3213,16.8532],[82.3215,16.8532],[82.3215,16.8535],[82.3218,16.8535],[82.3218,16.8537],[82.3221,16.8537],[82.3221,16.854],[82.3232,16.854],[82.3232,16.8543],[82.324,16.8543],[82.324,16.8546],[82.3251,16.8546],[82.3251,16.8549],[82.3254,16.8549],[82.3254,16.8551],[82.3257,16.8551],[82.3257,16.8554],[82.3315,16.8554],[82.3315,16.8557],[82.3321,16.8557],[82.3321,16.856],[82.3324,16.856],[82.3324,16.8563],[82.334,16.8563],[82.334,16.8565],[82.3346,16.8565],[82.3346,16.8568],[82.336,16.8568],[82.336,16.8565],[82.3376,16.8565],[82.3376,16.8563],[82.3382,16.8563],[82.3382,16.856],[82.3388,16.856],[82.3388,16.8557],[82.3393,16.8557],[82.3393,16.8554],[82.3396,16.8554],[82.3396,16.8551],[82.3399,16.8551],[82.3399,16.8549],[82.3401,16.8549],[82.3401,16.8546],[82.341,16.8546],[82.341,16.8543],[82.3418,16.8543],[82.3418,16.854],[82.3424,16.854],[82.3424,16.8537],[82.3429,16.8537],[82.3429,16.8535],[82.3438,16.8535],[82.3438,16.8532],[82.3451,16.8532],[82.3451,16.8529],[82.3457,16.8529],[82.3457,16.8526],[82.3463,16.8526],[82.3463,16.8524],[82.3468,16.8524],[82.3468,16.8521],[82.3474,16.8521],[82.3474,16.8518],[82.3479,16.8518],[82.3479,16.8515],[82.3485,16.8515],[82.3485,16.8512],[82.3487,16.8512],[82.3487,16.851],[82.3496,16.851],[82.3496,16.8512],[82.3501,16.8512],[82.3501,16.8515],[82.3507,16.8515],[82.3507,16.8518],[82.3524,16.8518],[82.3524,16.8515],[82.3543,16.8515],[82.3543,16.8518],[82.3549,16.8518],[82.3549,16.8521],[82.3551,16.8521],[82.3551,16.8526],[82.3554,16.8526],[82.3554,16.8532],[82.3557,16.8532],[82.3557,16.8537],[82.356,16.8537],[82.356,16.8546],[82.3557,16.8546],[82.3557,16.8549],[82.3554,16.8549],[82.3554,16.8554],[82.3551,16.8554],[82.3551,16.8557],[82.3549,16.8557],[82.3549,16.8563],[82.3551,16.8563],[82.3551,16.8574],[82.3554,16.8574],[82.3554,16.8585],[82.3557,16.8585],[82.3557,16.859],[82.356,16.859],[82.356,16.8599],[82.3562,16.8599],[82.3562,16.8604],[82.356,16.8604],[82.356,16.8612],[82.3557,16.8612],[82.3557,16.8638],[82.3554,16.8638],[82.3554,16.8646],[82.3551,16.8646],[82.3551,16.8657],[82.3554,16.8657],[82.3554,16.8665],[82.356,16.8665],[82.356,16.8687],[82.3562,16.8687],[82.3562,16.869],[82.3565,16.869],[82.3565,16.8696],[82.3568,16.8696],[82.3568,16.8715],[82.3571,16.8715],[82.3571,16.8721],[82.3574,16.8721],[82.3574,16.8724],[82.3575,16.8724],[82.3576,16.8724],[82.3576,16.8726],[82.3579,16.8726],[82.3579,16.8729],[82.3582,16.8729],[82.3582,16.8732],[82.3585,16.8732],[82.3585,16.8735],[82.3587,16.8735],[82.3587,16.874],[82.359,16.874],[82.359,16.8749],[82.3587,16.8749],[82.3587,16.8751],[82.3585,16.8751],[82.3585,16.8757],[82.3582,16.8757],[82.3582,16.8765],[82.3585,16.8765],[82.3585,16.8774],[82.3587,16.8774],[82.3587,16.8779],[82.359,16.8779],[82.359,16.8785],[82.3593,16.8785],[82.3593,16.8787],[82.3599,16.8787],[82.3599,16.879],[82.3601,16.879],[82.3601,16.8796],[82.3604,16.8796],[82.3604,16.8799],[82.3607,16.8799],[82.3607,16.8807],[82.361,16.8807],[82.361,16.8818],[82.3613,16.8818],[82.3613,16.8835],[82.3615,16.8835],[82.3615,16.8854],[82.3613,16.8854],[82.3613,16.8865],[82.3615,16.8865],[82.3615,16.8874],[82.3618,16.8874],[82.3618,16.8879],[82.3621,16.8879],[82.3621,16.8932],[82.3618,16.8932],[82.3618,16.8937],[82.3615,16.8937],[82.3615,16.8974],[82.3618,16.8974],[82.3618,16.901],[82.3621,16.901],[82.3621,16.9021],[82.3624,16.9021],[82.3624,16.9026],[82.3621,16.9026],[82.3621,16.9032],[82.3624,16.9032],[82.3624,16.9049],[82.3626,16.9049],[82.3626,16.906],[82.3629,16.906],[82.363,16.9068],[82.3632,16.9068],[82.3632,16.9071],[82.3629,16.9071],[82.3629,16.9076],[82.3632,16.9076],[82.3632,16.909],[82.3635,16.909],[82.3635,16.9101],[82.3632,16.9101],[82.3632,16.911],[82.3629,16.911],[82.3629,16.9124],[82.3626,16.9124],[82.3626,16.914],[82.3624,16.914],[82.3624,16.9174],[82.3621,16.9174],[82.3621,16.9229],[82.3618,16.9229],[82.3618,16.9251],[82.3615,16.9251],[82.3615,16.9274],[82.3613,16.9274],[82.3613,16.9293],[82.361,16.9293],[82.361,16.9312],[82.3607,16.9312],[82.3607,16.9335],[82.3604,16.9335],[82.3604,16.936],[82.3601,16.936],[82.3601,16.9368],[82.3599,16.9368],[82.3599,16.9385],[82.3596,16.9385],[82.3596,16.9404],[82.3593,16.9404],[82.3593,16.9412],[82.359,16.9412],[82.359,16.944],[82.3593,16.944],[82.3593,16.9443],[82.3587,16.9443],[82.3587,16.9446],[82.3585,16.9446],[82.3585,16.9468],[82.3582,16.9468],[82.3582,16.9471],[82.3579,16.9471],[82.3579,16.9493],[82.3576,16.9493],[82.3576,16.951],[82.3574,16.951],[82.3574,16.9515],[82.3571,16.9515],[82.3571,16.9521],[82.3568,16.9521],[82.3568,16.9532],[82.3565,16.9532],[82.3565,16.9538],[82.3562,16.9538],[82.3562,16.9543],[82.356,16.9543],[82.356,16.9549],[82.3557,16.9549],[82.3557,16.9551],[82.3554,16.9551],[82.3554,16.9557],[82.3551,16.9557],[82.3551,16.9563],[82.3549,16.9563],[82.3549,16.9565],[82.354,16.9565],[82.354,16.9568],[82.3538,16.9568],[82.3538,16.9571],[82.3535,16.9571],[82.3535,16.9574],[82.3532,16.9574],[82.3532,16.9579],[82.3529,16.9579],[82.3529,16.9582],[82.3526,16.9582],[82.3526,16.9585],[82.3524,16.9585],[82.3524,16.9587],[82.3518,16.9587],[82.3518,16.959],[82.3515,16.959],[82.3515,16.9593],[82.351,16.9593],[82.351,16.9596],[82.3507,16.9596],[82.3507,16.9599],[82.3501,16.9599],[82.3501,16.9601],[82.3499,16.9601],[82.3499,16.9604],[82.3496,16.9604],[82.3496,16.961],[82.3493,16.961],[82.3493,16.9613],[82.349,16.9613],[82.349,16.9615],[82.3485,16.9615],[82.3485,16.9618],[82.3465,16.9618],[82.3465,16.9621],[82.3463,16.9621],[82.3463,16.9624],[82.346,16.9624],[82.346,16.9626],[82.3454,16.9626],[82.3454,16.9629],[82.3451,16.9629],[82.3451,16.9632],[82.3449,16.9632],[82.3449,16.9638],[82.3446,16.9638],[82.3446,16.964],[82.344,16.964],[82.344,16.9643],[82.3435,16.9643],[82.3435,16.9646],[82.3432,16.9646],[82.3432,16.9649],[82.3426,16.9649],[82.3426,16.9651],[82.3421,16.9651],[82.3421,16.9654],[82.341,16.9654],[82.341,16.9657],[82.3404,16.9657],[82.3404,16.9662],[82.3401,16.9662],[82.3401,16.9671],[82.3393,16.9671],[82.3393,16.9676],[82.339,16.9676],[82.339,16.969],[82.3388,16.969],[82.3388,16.9696],[82.3385,16.9696],[82.3385,16.9704],[82.3382,16.9704],[82.3382,16.971],[82.3379,16.971],[82.3379,16.9713],[82.3376,16.9713],[82.3376,16.9718],[82.3374,16.9718],[82.3374,16.9721],[82.3371,16.9721],[82.3371,16.9724],[82.3368,16.9724],[82.3368,16.9726],[82.3365,16.9726],[82.3365,16.9732],[82.3363,16.9732],[82.3363,16.9735],[82.336,16.9735],[82.336,16.9749],[82.3357,16.9749],[82.3357,16.9757],[82.3354,16.9757],[82.3354,16.9765],[82.3351,16.9765],[82.3351,16.9768],[82.3349,16.9768],[82.3349,16.9771],[82.3346,16.9771],[82.3346,16.9774],[82.3343,16.9774],[82.3343,16.9776],[82.334,16.9776],[82.334,16.9779],[82.3337,16.9779],[82.3337,16.9785],[82.3335,16.9785],[82.3335,16.979],[82.3332,16.979],[82.3332,16.9799],[82.3329,16.9799],[82.3329,16.9801],[82.3326,16.9801],[82.3326,16.9804],[82.3324,16.9804],[82.3324,16.9807],[82.3321,16.9807],[82.3321,16.9813],[82.3318,16.9813],[82.3318,16.9815],[82.3296,16.9815],[82.3296,16.9818],[82.329,16.9818],[82.329,16.9821],[82.3288,16.9821],[82.3288,16.9824],[82.3285,16.9824],[82.3285,16.9827],[82.3279,16.9827],[82.3279,16.9829],[82.3276,16.9829],[82.3276,16.9832],[82.3274,16.9832],[82.3274,16.9835],[82.3271,16.9835],[82.3271,16.9843],[82.3268,16.9843],[82.3268,16.9849],[82.3265,16.9849],[82.3265,16.9851],[82.3262,16.9851],[82.3262,16.9857],[82.326,16.9857],[82.326,16.986],[82.3257,16.986],[82.3257,16.9862],[82.3254,16.9862],[82.3254,16.9868],[82.3251,16.9868],[82.3251,16.9871],[82.3249,16.9871],[82.3249,16.9876],[82.3246,16.9876],[82.3246,16.9882],[82.3243,16.9882],[82.3243,16.9888],[82.3246,16.9888],[82.3246,16.989],[82.3249,16.989],[82.3249,16.9893],[82.3251,16.9893],[82.3251,16.9896],[82.3254,16.9896],[82.3254,16.9901],[82.3257,16.9901],[82.3257,16.9904],[82.326,16.9904],[82.326,16.9907],[82.3262,16.9907],[82.3262,16.991],[82.3279,16.991],[82.3279,16.9907],[82.3285,16.9907],[82.3285,16.991],[82.3293,16.991],[82.3293,16.9913],[82.3296,16.9913],[82.3296,16.991],[82.3315,16.991],[82.3315,16.9907],[82.3321,16.9907],[82.3321,16.9904],[82.3326,16.9904],[82.3326,16.9901],[82.3335,16.9901],[82.3335,16.9899],[82.334,16.9899],[82.334,16.9896],[82.3346,16.9896],[82.3346,16.9893],[82.3354,16.9893],[82.3354,16.989],[82.3357,16.989],[82.3357,16.9888],[82.3363,16.9888],[82.3363,16.9885],[82.3365,16.9885],[82.3365,16.9882],[82.3371,16.9882],[82.3371,16.9879],[82.3374,16.9879],[82.3374,16.9876],[82.3379,16.9876],[82.3379,16.9874],[82.3382,16.9874],[82.3382,16.9871],[82.3388,16.9871],[82.3388,16.9868],[82.339,16.9868],[82.339,16.9865],[82.3396,16.9865],[82.3396,16.9862],[82.3399,16.9862],[82.3399,16.986],[82.3404,16.986],[82.3404,16.9857],[82.3407,16.9857],[82.3407,16.9854],[82.3412,16.9854],[82.3412,16.9851],[82.3415,16.9851],[82.3415,16.9849],[82.3418,16.9849],[82.3418,16.9846],[82.3424,16.9846],[82.3424,16.9843],[82.3426,16.9843],[82.3426,16.984],[82.3429,16.984],[82.3429,16.9837],[82.3432,16.9837],[82.3432,16.9835],[82.3438,16.9835],[82.3438,16.9832],[82.344,16.9832],[82.344,16.9829],[82.3443,16.9829],[82.3443,16.9827],[82.3449,16.9827],[82.3449,16.9824],[82.3451,16.9824],[82.3451,16.9821],[82.3454,16.9821],[82.3454,16.9818],[82.3457,16.9818],[82.3457,16.9815],[82.3463,16.9815],[82.3463,16.9813],[82.3465,16.9813],[82.3465,16.981],[82.3468,16.981],[82.3468,16.9807],[82.3471,16.9807],[82.3471,16.9804],[82.3474,16.9804],[82.3474,16.9801],[82.3476,16.9801],[82.3476,16.9796],[82.3479,16.9796],[82.3479,16.9793],[82.3482,16.9793],[82.3482,16.979],[82.3485,16.979],[82.3485,16.9788],[82.3487,16.9788],[82.3487,16.9785],[82.349,16.9785],[82.349,16.9779],[82.3493,16.9779],[82.3493,16.9774],[82.3496,16.9774],[82.3496,16.9771],[82.3499,16.9771],[82.3499,16.9765],[82.3501,16.9765],[82.3501,16.9762],[82.3504,16.9762],[82.3504,16.9757],[82.3507,16.9757],[82.3507,16.9751],[82.351,16.9751],[82.351,16.9749],[82.3512,16.9749],[82.3512,16.9743],[82.3515,16.9743],[82.3515,16.9737],[82.3518,16.9737],[82.3518,16.9735],[82.3521,16.9735],[82.3521,16.9729],[82.3524,16.9729],[82.3524,16.9724],[82.3526,16.9724],[82.3526,16.9721],[82.3529,16.9721],[82.3529,16.9715],[82.3532,16.9715],[82.3532,16.9713],[82.3535,16.9713],[82.3535,16.9707],[82.3538,16.9707],[82.3538,16.9701],[82.354,16.9701],[82.354,16.9699],[82.3543,16.9699],[82.3543,16.9693],[82.3546,16.9693],[82.3546,16.969],[82.3549,16.969],[82.3549,16.9685],[82.3551,16.9685],[82.3551,16.9682],[82.3554,16.9682],[82.3554,16.9676],[82.3557,16.9676],[82.3557,16.9671],[82.356,16.9671],[82.356,16.9668],[82.3562,16.9668],[82.3562,16.9662],[82.3565,16.9662],[82.3565,16.966],[82.3568,16.966],[82.3568,16.9654],[82.3571,16.9654],[82.3571,16.9651],[82.3574,16.9651],[82.3574,16.9646],[82.3576,16.9646],[82.3576,16.9638],[82.3579,16.9638],[82.3579,16.9626],[82.3582,16.9626],[82.3582,16.9613],[82.3585,16.9613],[82.3585,16.9601],[82.3587,16.9601],[82.3587,16.9582],[82.359,16.9582],[82.359,16.9571],[82.3593,16.9571],[82.3593,16.956],[82.3596,16.956],[82.3596,16.9549],[82.3599,16.9549],[82.3599,16.9538],[82.3601,16.9538],[82.3601,16.9501],[82.3604,16.9501],[82.3604,16.9468],[82.3607,16.9468],[82.3607,16.9457],[82.361,16.9457],[82.361,16.9446],[82.3613,16.9446],[82.3613,16.9435],[82.3615,16.9435],[82.3615,16.9421],[82.3618,16.9421],[82.3618,16.9404],[82.3621,16.9404],[82.3621,16.9387],[82.3624,16.9388],[82.3624,16.9371],[82.3626,16.9371],[82.3626,16.9365],[82.3624,16.9365],[82.3624,16.9363],[82.3626,16.9363],[82.3626,16.9324],[82.3629,16.9324],[82.3629,16.9299],[82.3632,16.9299],[82.3632,16.9282],[82.3635,16.9282],[82.3635,16.9268],[82.3637,16.9268],[82.3637,16.9251],[82.364,16.9251],[82.364,16.9229],[82.3643,16.9229],[82.3643,16.9201],[82.3646,16.9201],[82.3646,16.919],[82.3649,16.919],[82.3649,16.9168],[82.3651,16.9168],[82.3651,16.9154],[82.3654,16.9154],[82.3654,16.9062],[82.3657,16.9062],[82.3657,16.9021],[82.3654,16.9021],[82.3654,16.8996],[82.3651,16.8996],[82.3651,16.8968],[82.3649,16.8968],[82.3649,16.8943],[82.3646,16.8943],[82.3646,16.8918],[82.3643,16.8918],[82.3643,16.8893],[82.364,16.8893],[82.364,16.8868],[82.3637,16.8868],[82.3637,16.8843],[82.3635,16.8843],[82.3635,16.8849],[82.3632,16.8849],[82.3632,16.8854],[82.3626,16.8854],[82.3626,16.8849],[82.3624,16.8849],[82.3624,16.8843],[82.3621,16.8843],[82.3621,16.8826],[82.3618,16.8826],[82.3618,16.8813],[82.3615,16.8813],[82.3615,16.8807],[82.3613,16.8807],[82.3613,16.8785],[82.361,16.8785],[82.361,16.8779],[82.3607,16.8779],[82.3607,16.8776],[82.3604,16.8776],[82.3604,16.8771],[82.3601,16.8771],[82.3601,16.8743],[82.3599,16.8743],[82.3599,16.8726],[82.3596,16.8726],[82.3596,16.8718],[82.3593,16.8718],[82.3593,16.871],[82.359,16.871],[82.359,16.8701],[82.3587,16.8701],[82.3587,16.8685],[82.359,16.8685],[82.359,16.8668],[82.3587,16.8668],[82.3587,16.8662],[82.3585,16.8662],[82.3585,16.8657],[82.3582,16.8657],[82.3582,16.8651],[82.3579,16.8651],[82.3579,16.8596],[82.3576,16.8596],[82.3576,16.8565],[82.3575,16.8565],[82.3574,16.8565],[82.3574,16.8555],[82.3574,16.8543],[82.3576,16.8543],[82.3576,16.8532],[82.3579,16.8532],[82.3579,16.8537],[82.3582,16.8537],[82.3582,16.854],[82.3585,16.854],[82.3585,16.8537],[82.3587,16.8537],[82.3587,16.8526],[82.359,16.8526],[82.359,16.8512],[82.3587,16.8512],[82.3587,16.8507],[82.3585,16.8507],[82.3585,16.8504],[82.3587,16.8504],[82.3587,16.8499],[82.359,16.8499],[82.359,16.8488],[82.3587,16.8488],[82.3587,16.8485],[82.3585,16.8485],[82.3585,16.8482],[82.3582,16.8482],[82.3582,16.8471],[82.3579,16.8471],[82.3579,16.8463],[82.3576,16.8463],[82.3576,16.8457],[82.3579,16.8457],[82.3579,16.8454],[82.3582,16.8454],[82.3582,16.8446],[82.3585,16.8446],[82.3585,16.8443],[82.3582,16.8443],[82.3582,16.8432],[82.3579,16.8432],[82.3579,16.8426],[82.3576,16.8426],[82.3576,16.8424],[82.3574,16.8424],[82.3574,16.8415],[82.3571,16.8415],[82.3571,16.8412],[82.3568,16.8412],[82.3568,16.841],[82.3565,16.841],[82.3565,16.8404],[82.3562,16.8404],[82.3562,16.8385],[82.356,16.8385],[82.356,16.8376],[82.3554,16.8376],[82.3554,16.8374],[82.3551,16.8374],[82.3551,16.8368],[82.3549,16.8368],[82.3549,16.8357],[82.3546,16.8357],[82.3546,16.8337],[82.3543,16.8337],[82.3543,16.8326],[82.354,16.8326],[82.354,16.8321],[82.3538,16.8321],[82.3538,16.8318],[82.3535,16.8318],[82.3535,16.8307],[82.3532,16.8307],[82.3532,16.8276],[82.3535,16.8276],[82.3535,16.8265],[82.3532,16.8265],[82.3532,16.8262],[82.3529,16.8262],[82.3529,16.8243],[82.3526,16.8243],[82.3526,16.8235],[82.3529,16.8235],[82.3529,16.8229],[82.3532,16.8229],[82.3532,16.8224],[82.3529,16.8224],[82.3529,16.8221],[82.3521,16.8221],[82.3521,16.8218],[82.3518,16.8218],[82.3518,16.821],[82.3521,16.821],[82.3521,16.8204],[82.3524,16.8204],[82.3524,16.8193],[82.3521,16.8193],[82.3521,16.8182],[82.3518,16.8182],[82.3518,16.8179],[82.3515,16.8179],[82.3515,16.8176],[82.3512,16.8176],[82.3512,16.8168],[82.351,16.8168],[82.351,16.816],[82.3507,16.816],[82.3507,16.8151],[82.3504,16.8151],[82.3504,16.8146],[82.3501,16.8146],[82.3501,16.814],[82.3499,16.814],[82.3499,16.8137],[82.3496,16.8137],[82.3496,16.8132],[82.3493,16.8132],[82.3493,16.8124],[82.349,16.8124],[82.349,16.8118],[82.3493,16.8118],[82.3493,16.8104],[82.349,16.8104],[82.349,16.8096],[82.3487,16.8096],[82.3487,16.8093],[82.3485,16.8093],[82.3485,16.8085],[82.3482,16.8085],[82.3482,16.8082],[82.3485,16.8082],[82.3485,16.8079],[82.3487,16.8079],[82.3488,16.8082],[82.349,16.8082],[82.349,16.8085],[82.3493,16.8085],[82.3493,16.8093],[82.3496,16.8093],[82.3496,16.8099],[82.3493,16.8099],[82.3493,16.8101],[82.3496,16.8101],[82.3496,16.8104],[82.3499,16.8104],[82.3499,16.8107],[82.3504,16.8107],[82.3504,16.8113],[82.3507,16.8113],[82.3507,16.8121],[82.351,16.8121],[82.351,16.8126],[82.3512,16.8126],[82.3512,16.8137],[82.3518,16.8137],[82.3518,16.814],[82.3515,16.814],[82.3515,16.8143],[82.3518,16.8143],[82.3518,16.8154],[82.3521,16.8154],[82.3521,16.816],[82.3524,16.816],[82.3524,16.8165],[82.3526,16.8165],[82.3526,16.8171],[82.3529,16.8171],[82.3529,16.8179],[82.3532,16.8179],[82.3532,16.8182],[82.3535,16.8182],[82.3535,16.8185],[82.3546,16.8185],[82.3546,16.8182],[82.3549,16.8182],[82.3549,16.8176],[82.3551,16.8176],[82.3551,16.8171],[82.3554,16.8171],[82.3554,16.8164],[82.3554,16.8163],[82.3557,16.8163],[82.3557,16.8151],[82.356,16.8151],[82.356,16.8146],[82.3557,16.8146],[82.3557,16.8121],[82.3554,16.8121],[82.3554,16.811],[82.3551,16.811],[82.3551,16.8101],[82.3549,16.8101],[82.3549,16.8082],[82.3546,16.8082],[82.3546,16.8071],[82.3543,16.8071],[82.3543,16.8065],[82.354,16.8065],[82.354,16.8062],[82.3538,16.8062],[82.3538,16.8057],[82.3535,16.8057],[82.3535,16.8046],[82.3532,16.8046],[82.3532,16.804],[82.3535,16.804],[82.3535,16.8035],[82.3532,16.8035],[82.3532,16.8024],[82.3529,16.8024],[82.3529,16.8015],[82.3526,16.8015],[82.3526,16.8007],[82.3524,16.8007],[82.3524,16.8001],[82.3521,16.8001],[82.3521,16.7996],[82.3518,16.7996],[82.3518,16.7976],[82.3515,16.7976],[82.3515,16.7965],[82.3512,16.7965],[82.3512,16.7957],[82.3515,16.7957],[82.3515,16.7926],[82.3512,16.7926],[82.3512,16.7913],[82.351,16.7913],[82.351,16.7901],[82.3507,16.7901],[82.3507,16.7896],[82.3504,16.7896],[82.3504,16.7893],[82.3501,16.7893],[82.3501,16.7885],[82.3499,16.7885],[82.3499,16.7876],[82.3496,16.7876],[82.3496,16.7874],[82.3493,16.7874],[82.3493,16.7871],[82.349,16.7871],[82.349,16.7862],[82.3493,16.7862],[82.3493,16.786],[82.3496,16.786],[82.3496,16.7846],[82.349,16.7846],[82.349,16.7843],[82.3474,16.7843],[82.3474,16.7838],[82.3471,16.7838],[82.3471,16.7818],[82.3468,16.7818],[82.3468,16.7813],[82.3465,16.7813],[82.3465,16.7804],[82.3463,16.7804],[82.3463,16.7793],[82.346,16.7793],[82.346,16.7782],[82.3457,16.7782],[82.3457,16.7771],[82.3454,16.7771],[82.3454,16.7754],[82.3451,16.7754],[82.3451,16.7732],[82.3449,16.7732],[82.3449,16.7715],[82.3446,16.7715],[82.3446,16.7704],[82.3443,16.7704],[82.3443,16.7674],[82.3446,16.7674],[82.3446,16.7671],[82.3443,16.7671],[82.3443,16.7668],[82.344,16.7668],[82.344,16.7665],[82.3438,16.7665],[82.3438,16.7663],[82.3429,16.7663],[82.3429,16.7651],[82.3426,16.7651],[82.3426,16.7643],[82.3429,16.7643],[82.3429,16.764],[82.3435,16.764],[82.3435,16.7638],[82.3438,16.7638],[82.3438,16.7632],[82.3435,16.7632],[82.3435,16.7629],[82.3432,16.7629],[82.3432,16.7626],[82.3429,16.7626],[82.3429,16.7621],[82.3432,16.7621],[82.3432,16.7612],[82.3435,16.7612],[82.3435,16.7601],[82.3432,16.7601],[82.3432,16.7588],[82.3429,16.7588],[82.3429,16.7579],[82.3426,16.7579],[82.3426,16.7574],[82.3424,16.7574],[82.3424,16.7557],[82.3421,16.7557],[82.3421,16.7554],[82.3418,16.7554],[82.3418,16.7546],[82.3415,16.7546],[82.3415,16.7535],[82.3412,16.7535],[82.3412,16.7521],[82.3415,16.7521],[82.3415,16.7507],[82.3412,16.7507],[82.3412,16.7501],[82.341,16.7501],[82.341,16.7499],[82.3412,16.7499],[82.3412,16.7482],[82.3415,16.7482],[82.3415,16.7462],[82.3412,16.7462],[82.3412,16.746],[82.341,16.746],[82.341,16.7449],[82.3412,16.7449],[82.3412,16.7446],[82.3415,16.7446],[82.3415,16.7443],[82.3418,16.7443],[82.3418,16.7432],[82.3421,16.7432],[82.3421,16.7404],[82.3424,16.7404],[82.3424,16.7393],[82.3426,16.7393],[82.3426,16.7382],[82.3429,16.7382],[82.3429,16.7379],[82.3426,16.7379],[82.3426,16.7376],[82.3424,16.7376],[82.3424,16.7374],[82.3421,16.7374],[82.3421,16.7368],[82.3418,16.7368],[82.3418,16.7363],[82.3415,16.7363],[82.3415,16.736],[82.3392,16.736],[82.3363,16.736],[82.3363,16.7357],[82.3354,16.7357],[82.3354,16.7354],[82.3343,16.7354],[82.3343,16.7351],[82.3326,16.7351],[82.3326,16.7349],[82.3324,16.7349],[82.3324,16.7351],[82.3299,16.7351],[82.3299,16.7349],[82.3276,16.7349],[82.3276,16.7346],[82.3279,16.7346],[82.3279,16.7343],[82.3274,16.7343],[82.3274,16.734],[82.3268,16.734],[82.3268,16.7337],[82.3262,16.7337],[82.3262,16.7335],[82.3257,16.7335],[82.3257,16.7337],[82.3254,16.7337],[82.3254,16.7346],[82.3251,16.7346],[82.3251,16.7354],[82.3246,16.7354],[82.3246,16.7357],[82.324,16.7357],[82.324,16.7354],[82.3232,16.7354],[82.3232,16.7351],[82.3226,16.7351],[82.3226,16.7349],[82.3224,16.7349],[82.3224,16.7346],[82.3218,16.7346],[82.3218,16.7343],[82.3207,16.7343],[82.3207,16.734],[82.3199,16.734],[82.3199,16.7337],[82.3197,16.7337],[82.3187,16.7337],[82.3187,16.7335],[82.3179,16.7335],[82.3179,16.7332],[82.3176,16.7332],[82.3176,16.7329],[82.3174,16.7329],[82.3174,16.7326],[82.3165,16.7326],[82.3165,16.7321],[82.3163,16.7321],[82.3163,16.7318],[82.3149,16.7318],[82.3149,16.7321],[82.3143,16.7321],[82.3143,16.7324],[82.314,16.7324],[82.314,16.7326],[82.3129,16.7326],[82.3129,16.7332],[82.3126,16.7332],[82.3126,16.7335],[82.3118,16.7335],[82.3118,16.7329],[82.3115,16.7329],[82.3115,16.7318],[82.3112,16.7318],[82.3112,16.7307],[82.311,16.7307],[82.311,16.7299],[82.3112,16.7299],[82.3112,16.7296],[82.3115,16.7296],[82.3115,16.729],[82.3118,16.729],[82.3118,16.7288],[82.3121,16.7288],[82.3121,16.7282],[82.3124,16.7282],[82.3124,16.7274],[82.3126,16.7274],[82.3126,16.7265],[82.3124,16.7265],[82.3124,16.7262],[82.3121,16.7262],[82.3121,16.7257],[82.3118,16.7257],[82.3118,16.7251],[82.3115,16.7251],[82.3115,16.7249],[82.3112,16.7249],[82.3112,16.7246],[82.311,16.7246],[82.311,16.7243],[82.3107,16.7243],[82.3107,16.7238],[82.3104,16.7238],[82.3104,16.7235],[82.3101,16.7235],[82.3101,16.7232],[82.3099,16.7232],[82.3099,16.7229],[82.3096,16.7229],[82.3096,16.7224],[82.3093,16.7224],[82.3093,16.7221],[82.309,16.7221],[82.309,16.7215],[82.3087,16.7215],[82.3087,16.721],[82.3085,16.721],[82.3085,16.7207],[82.3082,16.7207],[82.3082,16.7204],[82.3079,16.7204],[82.3079,16.7199],[82.3076,16.7199],[82.3076,16.7193],[82.3074,16.7193],[82.3074,16.719],[82.3065,16.719],[82.3065,16.7185],[82.306,16.7185],[82.306,16.7182],[82.3057,16.7182],[82.3057,16.7176],[82.3054,16.7176],[82.3054,16.7174],[82.3051,16.7174],[82.3051,16.7171],[82.3049,16.7171],[82.3049,16.7165],[82.3043,16.7165],[82.3043,16.7162],[82.304,16.7162],[82.304,16.716],[82.3035,16.716],[82.3035,16.7157],[82.3029,16.7157],[82.3029,16.7154],[82.3026,16.7154],[82.3026,16.7151],[82.3015,16.7151],[82.3015,16.7149],[82.3004,16.7149],[82.3004,16.7146],[82.2999,16.7146],[82.2999,16.7143],[82.2995,16.7143]]]]}}]}