{"type":"FeatureCollection","name":"Karnataka","crs":{"type":"name","properties":{"name":"urn:ogc:def:crs:OGC:1.3:CRS84"}},"features":[{"type":"Feature","properties":{"ID_0":105,"ISO":"IND","NAME_0":"India","ID_1":17,"NAME_1":"Karnataka","TYPE_1":"State","ENGTYPE_1":"State","NL_NAME_1":null,"VARNAME_1":"Maisur|Mysore"},"geometry":{"type":"MultiPolygon","coordinates":[[[[74.671,13.1999],[74.671,13.1996],[74.6715,13.1996],[74.6715,13.1993],[74.6721,13.1993],[74.6721,13.199],[74.6726,13.199],[74.6726,13.1987],[74.6729,13.1987],[74.6729,13.1979],[74.6726,13.1979],[74.6726,13.1968],[74.6732,13.1968],[74.6732,13.1974],[74.6738,13.1974],[74.6738,13.1979],[74.674,13.1979],[74.674,13.1976],[74.6743,13.1976],[74.6743,13.1971],[74.6746,13.1971],[74.6746,13.1965],[74.6749,13.1965],[74.6749,13.196],[74.6751,13.196],[74.6751,13.1957],[74.6754,13.1957],[74.6754,13.1954],[74.6757,13.1954],[74.6757,13.1951],[74.676,13.1951],[74.676,13.1949],[74.6762,13.1949],[74.6762,13.1938],[74.6765,13.1938],[74.6765,13.1929],[74.6762,13.1929],[74.6762,13.1921],[74.676,13.1921],[74.676,13.1915],[74.6757,13.1915],[74.6757,13.1921],[74.6754,13.1921],[74.6754,13.1926],[74.6751,13.1926],[74.6751,13.1929],[74.6749,13.1929],[74.6749,13.1935],[74.6746,13.1935],[74.6746,13.194],[74.6743,13.194],[74.6743,13.1943],[74.674,13.1943],[74.674,13.1949],[74.6738,13.1949],[74.6738,13.1954],[74.6735,13.1954],[74.6735,13.1957],[74.6721,13.1957],[74.6721,13.1962],[74.6718,13.1962],[74.6718,13.1965],[74.6715,13.1965],[74.6715,13.1971],[74.6712,13.1971],[74.6712,13.1974],[74.671,13.1974],[74.671,13.1976],[74.6707,13.1976],[74.6707,13.1982],[74.6704,13.1982],[74.6704,13.1985],[74.6701,13.1985],[74.6701,13.199],[74.6699,13.199],[74.6699,13.1996],[74.6701,13.1996],[74.6701,13.1999],[74.671,13.1999]]],[[[74.7285,13.2829],[74.7285,13.2826],[74.7288,13.2826],[74.7288,13.2821],[74.7285,13.2821],[74.7285,13.2818],[74.7282,13.2818],[74.7282,13.2815],[74.7276,13.2815],[74.7276,13.2813],[74.7274,13.2813],[74.7274,13.2807],[74.7276,13.2807],[74.7276,13.2801],[74.7279,13.2801],[74.7279,13.2796],[74.7282,13.2796],[74.7282,13.279],[74.7279,13.279],[74.7279,13.2785],[74.7274,13.2785],[74.7274,13.2787],[74.7268,13.2787],[74.7268,13.279],[74.7265,13.279],[74.7265,13.2793],[74.726,13.2793],[74.726,13.2796],[74.7257,13.2796],[74.7257,13.2799],[74.7251,13.2799],[74.7251,13.2801],[74.7254,13.2801],[74.7254,13.2804],[74.7257,13.2804],[74.7257,13.2807],[74.726,13.2807],[74.726,13.281],[74.7262,13.281],[74.7262,13.2813],[74.7265,13.2813],[74.7265,13.2815],[74.7268,13.2815],[74.7268,13.282],[74.7268,13.2821],[74.7271,13.2821],[74.7271,13.2824],[74.7274,13.2824],[74.7274,13.2826],[74.7279,13.2826],[74.7279,13.2829],[74.7285,13.2829]]],[[[74.7004,13.2843],[74.7004,13.2835],[74.7007,13.2835],[74.7007,13.2829],[74.701,13.2829],[74.701,13.2832],[74.7012,13.2832],[74.7012,13.2793],[74.701,13.2793],[74.701,13.2787],[74.6993,13.2787],[74.6993,13.279],[74.699,13.279],[74.699,13.2796],[74.6988,13.2796],[74.6988,13.2815],[74.6996,13.2815],[74.6996,13.2821],[74.6993,13.2821],[74.6993,13.2832],[74.6996,13.2832],[74.6996,13.284],[74.6999,13.284],[74.6999,13.2843],[74.7004,13.2843]]],[[[74.7237,13.2896],[74.7237,13.2893],[74.7243,13.2893],[74.7243,13.289],[74.7249,13.289],[74.7249,13.2887],[74.7254,13.2887],[74.7254,13.2885],[74.7257,13.2885],[74.7257,13.2882],[74.7262,13.2882],[74.7262,13.2879],[74.7268,13.2879],[74.7268,13.2876],[74.7274,13.2876],[74.7274,13.2874],[74.7276,13.2874],[74.7276,13.2871],[74.728,13.2871],[74.7285,13.2871],[74.7285,13.2865],[74.7282,13.2865],[74.7282,13.286],[74.7279,13.286],[74.7276,13.286],[74.7276,13.2857],[74.7265,13.2857],[74.7265,13.2854],[74.7262,13.2854],[74.7262,13.2851],[74.7254,13.2851],[74.7254,13.2854],[74.7249,13.2854],[74.7249,13.2851],[74.7246,13.2851],[74.7246,13.2854],[74.7243,13.2854],[74.7243,13.286],[74.724,13.286],[74.724,13.2863],[74.7237,13.2863],[74.7237,13.2865],[74.7235,13.2865],[74.7235,13.2868],[74.7232,13.2868],[74.7232,13.2871],[74.7229,13.2871],[74.7229,13.2874],[74.7227,13.2874],[74.7226,13.2876],[74.7224,13.2876],[74.7224,13.2893],[74.7227,13.2893],[74.7232,13.2893],[74.7232,13.2896],[74.7237,13.2896]]],[[[74.6907,13.334],[74.6907,13.3338],[74.691,13.3338],[74.691,13.3332],[74.6913,13.3332],[74.6913,13.3329],[74.6915,13.3329],[74.6915,13.3324],[74.6918,13.3324],[74.6918,13.3321],[74.6921,13.3321],[74.6921,13.3316],[74.6921,13.3315],[74.6924,13.3315],[74.6924,13.3307],[74.6899,13.3307],[74.6899,13.3325],[74.6899,13.3338],[74.6896,13.3338],[74.6896,13.334],[74.6907,13.334]]],[[[74.689,13.341],[74.689,13.3393],[74.6893,13.3393],[74.6893,13.3388],[74.6896,13.3388],[74.6896,13.3382],[74.6899,13.3382],[74.6899,13.3372],[74.6899,13.3354],[74.689,13.3354],[74.689,13.3351],[74.6887,13.3351],[74.6876,13.3351],[74.6876,13.3357],[74.6882,13.3357],[74.6882,13.336],[74.6885,13.336],[74.6885,13.3368],[74.6879,13.3368],[74.6879,13.3371],[74.6874,13.3371],[74.6874,13.3368],[74.6857,13.3368],[74.6857,13.3371],[74.686,13.3371],[74.686,13.3374],[74.6865,13.3374],[74.6865,13.3376],[74.6868,13.3376],[74.6868,13.339],[74.6871,13.339],[74.6871,13.3404],[74.6874,13.3404],[74.6874,13.3407],[74.6876,13.3407],[74.6876,13.341],[74.689,13.341]]],[[[74.6826,13.3485],[74.6826,13.3482],[74.6829,13.3482],[74.6829,13.3476],[74.6832,13.3476],[74.6832,13.3471],[74.6835,13.3471],[74.6835,13.3465],[74.6837,13.3465],[74.6837,13.3459],[74.6837,13.3457],[74.684,13.3457],[74.684,13.3451],[74.6849,13.3451],[74.6849,13.3449],[74.6851,13.3449],[74.6851,13.3446],[74.6854,13.3446],[74.6854,13.344],[74.6857,13.344],[74.6857,13.3437],[74.686,13.3438],[74.686,13.3435],[74.6862,13.3435],[74.6862,13.3432],[74.6865,13.3432],[74.6865,13.3429],[74.6868,13.3429],[74.6868,13.3424],[74.6871,13.3424],[74.6871,13.3421],[74.6874,13.3421],[74.6874,13.3415],[74.6871,13.3415],[74.6871,13.3413],[74.6865,13.3413],[74.6865,13.341],[74.6857,13.341],[74.6857,13.3407],[74.6849,13.3407],[74.6849,13.3415],[74.6851,13.3415],[74.6851,13.3424],[74.6837,13.3424],[74.6837,13.3426],[74.6835,13.3426],[74.6835,13.3429],[74.6828,13.3429],[74.6815,13.3429],[74.6815,13.3432],[74.6818,13.3432],[74.6818,13.344],[74.6815,13.344],[74.6815,13.3443],[74.6813,13.3443],[74.6813,13.3446],[74.681,13.3446],[74.681,13.3449],[74.6824,13.3449],[74.6824,13.3451],[74.6821,13.3451],[74.6821,13.3457],[74.6818,13.3457],[74.6818,13.3474],[74.6815,13.3474],[74.6815,13.3485],[74.6826,13.3485]]],[[[74.6715,13.3832],[74.6715,13.3829],[74.6718,13.3829],[74.6718,13.3826],[74.6721,13.3826],[74.6721,13.3824],[74.6724,13.3824],[74.6724,13.3821],[74.6727,13.3821],[74.6735,13.3821],[74.6735,13.3818],[74.6736,13.3818],[74.6738,13.3818],[74.6738,13.3815],[74.6739,13.3815],[74.674,13.3815],[74.674,13.3813],[74.6743,13.3813],[74.6743,13.381],[74.6746,13.381],[74.6746,13.3807],[74.6749,13.3807],[74.6749,13.3796],[74.6749,13.3779],[74.6746,13.3779],[74.6746,13.3774],[74.6749,13.3774],[74.6749,13.3765],[74.6751,13.3765],[74.6751,13.3757],[74.6735,13.3757],[74.6735,13.376],[74.6732,13.376],[74.6732,13.3765],[74.6729,13.3765],[74.6729,13.3768],[74.6726,13.3768],[74.6726,13.3771],[74.6724,13.3771],[74.6724,13.3774],[74.6721,13.3774],[74.6721,13.3779],[74.6718,13.3779],[74.6718,13.3785],[74.6715,13.3785],[74.6715,13.379],[74.6712,13.379],[74.6712,13.3793],[74.671,13.3793],[74.671,13.3796],[74.6704,13.3796],[74.6704,13.3799],[74.6701,13.3799],[74.6701,13.3801],[74.6704,13.3801],[74.6704,13.3807],[74.6701,13.3807],[74.6701,13.381],[74.671,13.381],[74.671,13.3815],[74.6707,13.3815],[74.6707,13.3817],[74.6707,13.3821],[74.6704,13.3821],[74.6704,13.3829],[74.6707,13.3829],[74.6707,13.3832],[74.6715,13.3832]]],[[[74.4829,14.0112],[74.4829,14.011],[74.4832,14.011],[74.4832,14.0104],[74.4835,14.0104],[74.4835,14.0093],[74.4832,14.0093],[74.4832,14.0079],[74.4826,14.0079],[74.4826,14.0077],[74.4829,14.0076],[74.4829,14.0065],[74.4826,14.0065],[74.4826,14.0062],[74.4821,14.0062],[74.4821,14.0054],[74.4815,14.0054],[74.4815,14.0049],[74.4804,14.0049],[74.4804,14.0051],[74.4799,14.0051],[74.4799,14.0054],[74.4796,14.0054],[74.4796,14.0057],[74.4793,14.0057],[74.4793,14.0062],[74.479,14.0062],[74.479,14.0074],[74.4788,14.0074],[74.4788,14.0079],[74.4785,14.0079],[74.4785,14.0093],[74.4788,14.0093],[74.4788,14.0099],[74.479,14.0099],[74.479,14.0107],[74.4799,14.0107],[74.4799,14.011],[74.4804,14.011],[74.4804,14.0112],[74.4805,14.0112],[74.4829,14.0112]]],[[[74.3262,14.0207],[74.3262,14.0204],[74.3268,14.0204],[74.3268,14.0199],[74.3271,14.0199],[74.3271,14.0196],[74.3274,14.0196],[74.3274,14.0193],[74.3276,14.0193],[74.3276,14.019],[74.3279,14.019],[74.3279,14.0188],[74.3296,14.0188],[74.3296,14.0185],[74.3299,14.0185],[74.3299,14.0182],[74.3304,14.0182],[74.3304,14.0168],[74.3301,14.0168],[74.3301,14.0165],[74.3299,14.0165],[74.3299,14.0154],[74.3296,14.0154],[74.3296,14.0151],[74.3293,14.0151],[74.3293,14.0149],[74.329,14.0149],[74.329,14.0146],[74.3285,14.0146],[74.3285,14.0138],[74.3288,14.0138],[74.3288,14.0129],[74.3285,14.0129],[74.3285,14.0126],[74.3288,14.0126],[74.3288,14.0124],[74.3285,14.0124],[74.3285,14.0118],[74.3279,14.0118],[74.3279,14.0115],[74.3276,14.0115],[74.3276,14.0112],[74.3265,14.0112],[74.3265,14.0115],[74.326,14.0115],[74.326,14.0118],[74.3257,14.0118],[74.3257,14.0124],[74.3254,14.0124],[74.3254,14.0129],[74.3257,14.0129],[74.3257,14.0132],[74.3254,14.0132],[74.3254,14.0138],[74.3251,14.0138],[74.3251,14.0143],[74.3246,14.0143],[74.3246,14.0146],[74.3243,14.0146],[74.3243,14.0151],[74.3238,14.0151],[74.3238,14.0154],[74.3235,14.0154],[74.3235,14.0174],[74.3232,14.0174],[74.3232,14.0176],[74.3235,14.0176],[74.3235,14.0185],[74.3238,14.0185],[74.3238,14.0196],[74.324,14.0196],[74.324,14.0204],[74.3246,14.0204],[74.3246,14.0207],[74.3262,14.0207]]],[[[74.4032,14.3154],[74.4032,14.3151],[74.404,14.3151],[74.404,14.3149],[74.4043,14.3149],[74.4043,14.3146],[74.4046,14.3146],[74.4046,14.3143],[74.4049,14.3143],[74.4049,14.314],[74.4051,14.314],[74.4051,14.3132],[74.4049,14.3132],[74.4049,14.3129],[74.4046,14.3129],[74.4046,14.3126],[74.404,14.3126],[74.404,14.3129],[74.4037,14.3129],[74.4037,14.3126],[74.4029,14.3126],[74.4029,14.3124],[74.4024,14.3124],[74.4024,14.3121],[74.4001,14.3121],[74.4001,14.3124],[74.3997,14.3124],[74.3993,14.3124],[74.3993,14.3126],[74.399,14.3126],[74.399,14.3135],[74.3996,14.3135],[74.3996,14.3138],[74.4001,14.3138],[74.4004,14.3138],[74.4004,14.314],[74.4007,14.314],[74.4007,14.3143],[74.401,14.3143],[74.401,14.3149],[74.4015,14.3149],[74.4015,14.3151],[74.4016,14.3151],[74.4018,14.3152],[74.4018,14.3154],[74.4025,14.3154],[74.403,14.3154],[74.4032,14.3154]]],[[[74.3651,14.5526],[74.3651,14.5524],[74.366,14.5524],[74.366,14.5521],[74.3677,14.5521],[74.3721,14.5521],[74.3721,14.5524],[74.3729,14.5524],[74.3729,14.5521],[74.3732,14.5521],[74.3732,14.5518],[74.3735,14.5518],[74.3735,14.5515],[74.3737,14.5515],[74.3737,14.5513],[74.374,14.5513],[74.374,14.551],[74.3743,14.551],[74.3743,14.5504],[74.3746,14.5504],[74.3746,14.5501],[74.3749,14.5501],[74.3749,14.5499],[74.3751,14.5499],[74.3751,14.5496],[74.3754,14.5496],[74.3754,14.5493],[74.3757,14.5493],[74.3757,14.549],[74.376,14.549],[74.376,14.5487],[74.3763,14.5487],[74.3763,14.5468],[74.3779,14.5468],[74.3779,14.546],[74.3782,14.546],[74.3782,14.5454],[74.3771,14.5454],[74.3771,14.5451],[74.376,14.5451],[74.376,14.5449],[74.3757,14.5449],[74.3757,14.5446],[74.3751,14.5446],[74.3751,14.5443],[74.3749,14.5443],[74.3749,14.544],[74.3743,14.544],[74.3743,14.5435],[74.374,14.5435],[74.374,14.5429],[74.3743,14.5429],[74.3743,14.5426],[74.3746,14.5426],[74.3746,14.5424],[74.3749,14.5424],[74.3749,14.5421],[74.3751,14.5421],[74.3751,14.5418],[74.374,14.5418],[74.3735,14.5418],[74.3735,14.5415],[74.3712,14.5415],[74.3712,14.5418],[74.3704,14.5418],[74.3704,14.5421],[74.3679,14.5421],[74.3679,14.5418],[74.3676,14.5418],[74.3676,14.5415],[74.3674,14.5415],[74.3674,14.5412],[74.3668,14.5412],[74.3668,14.5415],[74.3665,14.5415],[74.3665,14.5418],[74.366,14.5418],[74.366,14.5421],[74.3654,14.5421],[74.3654,14.5424],[74.3651,14.5424],[74.3651,14.5426],[74.3646,14.5426],[74.3646,14.5429],[74.3643,14.5429],[74.3643,14.5432],[74.364,14.5432],[74.3637,14.5432],[74.3637,14.5438],[74.3635,14.5437],[74.3635,14.5446],[74.3632,14.5446],[74.3632,14.5449],[74.3635,14.5449],[74.3635,14.5457],[74.3637,14.5457],[74.3637,14.5465],[74.364,14.5465],[74.364,14.5493],[74.3637,14.5493],[74.3637,14.5521],[74.364,14.5521],[74.364,14.5526],[74.3651,14.5526]]],[[[74.2538,14.706],[74.2538,14.7057],[74.2543,14.7057],[74.2543,14.7054],[74.2554,14.7054],[74.2554,14.7051],[74.2551,14.7051],[74.2551,14.7049],[74.2549,14.7049],[74.2549,14.7043],[74.2551,14.7043],[74.2551,14.7038],[74.2537,14.7038],[74.2537,14.7043],[74.2535,14.7043],[74.2535,14.704],[74.2532,14.704],[74.2532,14.7038],[74.2524,14.7038],[74.2524,14.704],[74.2518,14.704],[74.2518,14.7043],[74.2515,14.7043],[74.2515,14.7049],[74.2518,14.7049],[74.2518,14.7051],[74.2521,14.7051],[74.2521,14.7054],[74.2524,14.7054],[74.2524,14.7057],[74.2526,14.7057],[74.2526,14.706],[74.2538,14.706]]],[[[74.2407,14.7113],[74.2407,14.711],[74.241,14.711],[74.241,14.7099],[74.2404,14.7099],[74.2404,14.7093],[74.2401,14.7093],[74.2401,14.709],[74.2396,14.709],[74.2396,14.7087],[74.2385,14.7087],[74.2385,14.709],[74.2379,14.709],[74.2379,14.7104],[74.2382,14.7104],[74.2382,14.7107],[74.2387,14.7107],[74.2387,14.711],[74.2396,14.711],[74.2396,14.7113],[74.2407,14.7113]]],[[[74.1554,14.7418],[74.1554,14.7415],[74.156,14.7415],[74.156,14.7413],[74.1565,14.7413],[74.1565,14.741],[74.1568,14.741],[74.1568,14.7404],[74.1571,14.7404],[74.1571,14.7401],[74.1574,14.7401],[74.1574,14.7399],[74.1576,14.7399],[74.1576,14.7396],[74.1579,14.7396],[74.1579,14.7393],[74.1582,14.7393],[74.1582,14.7388],[74.1579,14.7388],[74.1579,14.7382],[74.1576,14.7382],[74.1576,14.7379],[74.1574,14.7379],[74.1574,14.7376],[74.1565,14.7376],[74.1565,14.7379],[74.1563,14.7379],[74.1563,14.7382],[74.156,14.7382],[74.156,14.7388],[74.1557,14.7388],[74.1557,14.739],[74.1554,14.739],[74.1554,14.7393],[74.1549,14.7393],[74.1549,14.7396],[74.1543,14.7396],[74.1543,14.7399],[74.154,14.7399],[74.154,14.7401],[74.1532,14.7401],[74.1532,14.7413],[74.1535,14.7413],[74.1535,14.7415],[74.1537,14.7415],[74.1537,14.7418],[74.1554,14.7418]]],[[[74.1113,14.7615],[74.1113,14.7612],[74.1115,14.7612],[74.1115,14.7596],[74.1118,14.7596],[74.1118,14.759],[74.1121,14.759],[74.1121,14.7588],[74.1124,14.7588],[74.1124,14.7585],[74.1126,14.7585],[74.1126,14.7582],[74.1129,14.7582],[74.1129,14.7579],[74.1135,14.7579],[74.1135,14.7576],[74.1137,14.7576],[74.1137,14.7574],[74.114,14.7574],[74.114,14.7571],[74.1143,14.7571],[74.1143,14.7568],[74.1149,14.7568],[74.1149,14.7565],[74.1154,14.7565],[74.1154,14.7563],[74.1157,14.7563],[74.1157,14.7557],[74.116,14.7557],[74.116,14.7554],[74.1165,14.7554],[74.1165,14.7551],[74.1188,14.7551],[74.1188,14.7549],[74.1198,14.7549],[74.1199,14.7549],[74.1199,14.7547],[74.1199,14.7543],[74.1201,14.7543],[74.1201,14.7535],[74.1199,14.7535],[74.1199,14.7532],[74.119,14.7532],[74.119,14.7535],[74.1188,14.7535],[74.1188,14.7537],[74.1165,14.7537],[74.1146,14.7537],[74.1146,14.754],[74.114,14.754],[74.114,14.7543],[74.1135,14.7543],[74.1135,14.7546],[74.1129,14.7546],[74.1129,14.7549],[74.1126,14.7549],[74.1126,14.7551],[74.1115,14.7551],[74.1115,14.7546],[74.111,14.7546],[74.111,14.7543],[74.1107,14.7543],[74.1107,14.754],[74.1098,14.754],[74.1098,14.7549],[74.1101,14.7549],[74.1101,14.7551],[74.1104,14.7551],[74.1104,14.7565],[74.1101,14.7565],[74.1101,14.7568],[74.1099,14.7568],[74.1099,14.7571],[74.1096,14.7571],[74.1096,14.7574],[74.109,14.7574],[74.109,14.7576],[74.1087,14.7576],[74.1087,14.7588],[74.1079,14.7587],[74.1079,14.7596],[74.1082,14.7596],[74.1082,14.7599],[74.1085,14.7599],[74.1085,14.7601],[74.1087,14.7601],[74.1087,14.7604],[74.109,14.7604],[74.109,14.7607],[74.1093,14.7607],[74.1093,14.761],[74.1096,14.761],[74.1096,14.7612],[74.1101,14.7612],[74.1101,14.7615],[74.1113,14.7615]]],[[[74.0879,14.796],[74.0879,14.7957],[74.0888,14.7957],[74.0888,14.7954],[74.089,14.7954],[74.089,14.7938],[74.0874,14.7938],[74.0874,14.7943],[74.0871,14.7943],[74.0871,14.7946],[74.0868,14.7946],[74.0868,14.7949],[74.0863,14.7949],[74.0863,14.7957],[74.0865,14.7957],[74.0865,14.796],[74.0879,14.796]]],[[[74.0565,14.8171],[74.0565,14.8168],[74.0568,14.8168],[74.0568,14.8165],[74.0565,14.8165],[74.0565,14.8162],[74.0563,14.8162],[74.0563,14.816],[74.056,14.816],[74.056,14.8162],[74.0557,14.8162],[74.0557,14.816],[74.0546,14.816],[74.0546,14.8162],[74.0543,14.8162],[74.0543,14.8165],[74.0546,14.8165],[74.0546,14.8168],[74.0549,14.8168],[74.0549,14.8171],[74.0565,14.8171]]],[[[74.064,14.8212],[74.064,14.821],[74.0646,14.821],[74.0646,14.8207],[74.0651,14.8207],[74.0651,14.8204],[74.0654,14.8204],[74.0654,14.8201],[74.0657,14.8201],[74.0657,14.8199],[74.0654,14.8199],[74.0654,14.8196],[74.0649,14.8196],[74.0649,14.8193],[74.0629,14.8193],[74.0629,14.8196],[74.0626,14.8196],[74.0626,14.8207],[74.0629,14.8207],[74.0629,14.821],[74.0632,14.821],[74.0632,14.8212],[74.064,14.8212]]],[[[74.0593,14.8215],[74.0593,14.8212],[74.0618,14.8212],[74.0618,14.8207],[74.0621,14.8207],[74.0621,14.8204],[74.0618,14.8204],[74.0618,14.8201],[74.0615,14.8201],[74.0615,14.8199],[74.061,14.8199],[74.061,14.8196],[74.0596,14.8196],[74.0596,14.8193],[74.0582,14.8193],[74.0582,14.819],[74.0574,14.819],[74.0574,14.8196],[74.0571,14.8196],[74.0571,14.8201],[74.0574,14.8201],[74.0574,14.8204],[74.0579,14.8204],[74.0579,14.8207],[74.0582,14.8207],[74.0582,14.8212],[74.0585,14.8212],[74.0585,14.8215],[74.0593,14.8215]]],[[[74.094,14.8385],[74.094,14.8382],[74.0943,14.8382],[74.0943,14.8376],[74.0946,14.8376],[74.0946,14.8371],[74.0949,14.8371],[74.0949,14.8368],[74.094,14.8368],[74.094,14.8363],[74.0938,14.8363],[74.0938,14.836],[74.0929,14.836],[74.0929,14.8371],[74.0932,14.8371],[74.0932,14.8382],[74.0935,14.8382],[74.0935,14.8385],[74.094,14.8385]]],[[[74.0985,14.846],[74.0985,14.8457],[74.0987,14.8457],[74.0987,14.8454],[74.0993,14.8454],[74.0993,14.8451],[74.0999,14.8451],[74.0999,14.8449],[74.1004,14.8449],[74.1004,14.8446],[74.1021,14.8446],[74.1021,14.8432],[74.1019,14.8432],[74.1018,14.8432],[74.1018,14.8429],[74.1015,14.8429],[74.1015,14.8426],[74.101,14.8426],[74.101,14.8421],[74.1004,14.8421],[74.1004,14.8418],[74.0987,14.8418],[74.0987,14.8421],[74.0979,14.8421],[74.0979,14.8424],[74.0976,14.8424],[74.0976,14.8426],[74.0974,14.8426],[74.0974,14.8429],[74.0971,14.8429],[74.0971,14.8435],[74.0968,14.8435],[74.0968,14.8449],[74.0965,14.8449],[74.0965,14.846],[74.0985,14.846]]],[[[74.0971,14.8785],[74.0971,14.8779],[74.0974,14.8779],[74.0974,14.8771],[74.0968,14.8771],[74.0968,14.8768],[74.0963,14.8768],[74.0963,14.8765],[74.0957,14.8765],[74.0957,14.8763],[74.0951,14.8763],[74.0951,14.876],[74.0943,14.876],[74.0943,14.8765],[74.094,14.8765],[74.094,14.8771],[74.0943,14.8771],[74.0943,14.8776],[74.0946,14.8776],[74.0946,14.8779],[74.0951,14.8779],[74.0951,14.8782],[74.0957,14.8782],[74.0957,14.8785],[74.0971,14.8785]]],[[[77.3373,18.4354],[77.3421,18.4303],[77.3453,18.4344],[77.3541,18.4487],[77.3696,18.4477],[77.3654,18.4381],[77.3644,18.4298],[77.3698,18.4007],[77.3926,18.397],[77.4005,18.3978],[77.4101,18.3885],[77.4079,18.3785],[77.4007,18.3702],[77.3918,18.3659],[77.3982,18.3535],[77.3983,18.3475],[77.3959,18.3446],[77.3928,18.3457],[77.3928,18.3405],[77.3892,18.3408],[77.3862,18.3382],[77.3793,18.3391],[77.3809,18.3319],[77.378,18.3287],[77.3739,18.3295],[77.367,18.3223],[77.3554,18.3185],[77.3588,18.3106],[77.3625,18.3083],[77.3813,18.306],[77.3926,18.3009],[77.3963,18.303],[77.4078,18.2996],[77.425,18.3047],[77.4278,18.3092],[77.4364,18.3065],[77.4346,18.293],[77.4369,18.282],[77.4449,18.2772],[77.4452,18.2701],[77.4508,18.266],[77.4654,18.26],[77.4692,18.2632],[77.4748,18.2623],[77.4803,18.2687],[77.4922,18.2659],[77.4977,18.2733],[77.5102,18.2784],[77.5126,18.282],[77.5084,18.3022],[77.5095,18.3067],[77.5198,18.3074],[77.5239,18.303],[77.5396,18.2938],[77.55,18.2913],[77.561,18.2831],[77.5707,18.2905],[77.5746,18.2893],[77.5743,18.2868],[77.5838,18.2831],[77.5978,18.2812],[77.603,18.278],[77.599,18.2729],[77.5919,18.2618],[77.5815,18.2563],[77.5725,18.2406],[77.5768,18.2331],[77.5811,18.2227],[77.585,18.2167],[77.5744,18.1999],[77.5643,18.2006],[77.5643,18.19],[77.57,18.1892],[77.5725,18.1789],[77.5775,18.1683],[77.5794,18.1621],[77.5892,18.1535],[77.5978,18.1518],[77.5935,18.1279],[77.5966,18.121],[77.6006,18.0994],[77.5975,18.0843],[77.5898,18.0803],[77.5774,18.0769],[77.5673,18.0763],[77.5605,18.0711],[77.5567,18.0622],[77.5474,18.0636],[77.5457,18.0538],[77.5481,18.048],[77.5521,18.0469],[77.5531,18.0347],[77.5578,18.0352],[77.5745,18.0307],[77.585,18.0248],[77.5872,18.0133],[77.5922,18.0102],[77.5995,18.0157],[77.6067,18.018],[77.6101,18.0105],[77.6159,18.0061],[77.6223,18.0047],[77.6239,18.0012],[77.6215,17.9983],[77.6288,17.9925],[77.6327,17.9951],[77.6382,17.9965],[77.6423,17.9959],[77.6462,17.9932],[77.6478,17.9873],[77.6498,17.9859],[77.6489,17.9784],[77.6436,17.9734],[77.6474,17.9704],[77.6534,17.9694],[77.652,17.9643],[77.6443,17.9627],[77.6428,17.9573],[77.6474,17.9532],[77.644,17.9464],[77.6406,17.9496],[77.6356,17.9505],[77.6318,17.9535],[77.6297,17.963],[77.6237,17.9578],[77.629,17.9538],[77.6289,17.9485],[77.6243,17.9437],[77.62,17.9445],[77.6168,17.9381],[77.6195,17.9301],[77.6187,17.9218],[77.6189,17.9135],[77.6166,17.9029],[77.6044,17.9055],[77.5998,17.9037],[77.5852,17.9082],[77.5831,17.8984],[77.5852,17.8925],[77.5925,17.8795],[77.5978,17.8771],[77.5967,17.8705],[77.5928,17.8698],[77.5813,17.8757],[77.5777,17.8712],[77.5727,17.8728],[77.5674,17.8661],[77.566,17.8496],[77.5622,17.8491],[77.5635,17.842],[77.5592,17.8386],[77.5543,17.8305],[77.5497,17.818],[77.5448,17.817],[77.5437,17.8263],[77.526,17.8268],[77.5261,17.8117],[77.5181,17.8077],[77.5109,17.8014],[77.507,17.793],[77.5045,17.7826],[77.5093,17.7801],[77.523,17.7796],[77.5276,17.7767],[77.5345,17.7747],[77.537,17.7705],[77.5545,17.7613],[77.566,17.7641],[77.562,17.7471],[77.5546,17.7411],[77.5519,17.7344],[77.5441,17.7334],[77.5394,17.7254],[77.534,17.7252],[77.5276,17.7271],[77.5226,17.724],[77.5095,17.72],[77.5054,17.7145],[77.4943,17.716],[77.4917,17.7129],[77.4893,17.7068],[77.4845,17.7036],[77.4811,17.7069],[77.4787,17.703],[77.4742,17.7014],[77.4716,17.704],[77.4579,17.699],[77.4546,17.6941],[77.4503,17.6913],[77.4514,17.6877],[77.451,17.6809],[77.4491,17.6661],[77.4456,17.6575],[77.445,17.6484],[77.4475,17.6471],[77.4508,17.6324],[77.4532,17.6308],[77.4488,17.6228],[77.4458,17.6123],[77.4465,17.6072],[77.4413,17.6066],[77.4405,17.6041],[77.4421,17.5958],[77.4399,17.5815],[77.4612,17.577],[77.4652,17.5747],[77.4691,17.5682],[77.4721,17.5691],[77.4741,17.5651],[77.49,17.5663],[77.4956,17.55],[77.4956,17.5465],[77.4968,17.5434],[77.5016,17.5409],[77.5097,17.5492],[77.5139,17.5572],[77.5274,17.5732],[77.5321,17.5731],[77.5367,17.5713],[77.544,17.5546],[77.5484,17.5495],[77.5528,17.55],[77.5561,17.5522],[77.5608,17.5535],[77.5854,17.5584],[77.5854,17.562],[77.5898,17.5628],[77.5919,17.5551],[77.5925,17.5491],[77.5917,17.5327],[77.5993,17.534],[77.6033,17.5307],[77.608,17.5311],[77.6166,17.5294],[77.6212,17.5223],[77.6332,17.5231],[77.6453,17.5188],[77.6499,17.5211],[77.6566,17.5213],[77.6612,17.5148],[77.6661,17.51],[77.6789,17.5051],[77.682,17.5067],[77.6833,17.504],[77.6856,17.5056],[77.688,17.4985],[77.687,17.4916],[77.6847,17.4852],[77.684,17.4729],[77.6649,17.4763],[77.6481,17.4812],[77.649,17.4916],[77.6528,17.5033],[77.6479,17.4994],[77.6442,17.4949],[77.6426,17.4834],[77.6404,17.476],[77.634,17.4722],[77.6266,17.4712],[77.6156,17.4714],[77.6109,17.4699],[77.6101,17.4646],[77.6114,17.4529],[77.6106,17.4442],[77.6045,17.4431],[77.5959,17.4427],[77.5904,17.4481],[77.5732,17.4542],[77.572,17.4386],[77.5726,17.4295],[77.5578,17.4353],[77.5488,17.4349],[77.5335,17.441],[77.5234,17.4367],[77.5101,17.4273],[77.5107,17.4125],[77.5267,17.406],[77.5336,17.4061],[77.5355,17.4041],[77.5336,17.3988],[77.5213,17.3863],[77.5266,17.3788],[77.5302,17.3779],[77.528,17.3721],[77.5208,17.3621],[77.5098,17.3593],[77.4991,17.3541],[77.4924,17.3555],[77.4826,17.3545],[77.4745,17.3592],[77.4724,17.3632],[77.4753,17.3682],[77.4793,17.3696],[77.4516,17.3705],[77.4499,17.3631],[77.4498,17.35],[77.453,17.3488],[77.4564,17.345],[77.4551,17.3379],[77.4525,17.3279],[77.4514,17.3272],[77.4496,17.3149],[77.448,17.3135],[77.4404,17.2978],[77.4378,17.2967],[77.434,17.2883],[77.447,17.2888],[77.4528,17.2866],[77.4545,17.2759],[77.4497,17.2699],[77.4425,17.2686],[77.4374,17.2614],[77.4226,17.2533],[77.4205,17.2493],[77.42,17.2416],[77.4178,17.2328],[77.4149,17.2299],[77.4055,17.2374],[77.3988,17.2319],[77.3959,17.2329],[77.3923,17.2286],[77.384,17.2233],[77.3804,17.2198],[77.3813,17.2163],[77.3846,17.213],[77.3932,17.2115],[77.399,17.2115],[77.3988,17.2088],[77.3934,17.2069],[77.3915,17.1924],[77.3817,17.1937],[77.3767,17.193],[77.3708,17.1901],[77.3675,17.1832],[77.3684,17.1765],[77.3635,17.1695],[77.3649,17.1649],[77.36,17.1616],[77.3669,17.1513],[77.3754,17.1487],[77.3763,17.1379],[77.3989,17.1319],[77.4037,17.1232],[77.4118,17.1205],[77.4235,17.1141],[77.4338,17.1112],[77.4386,17.1146],[77.4484,17.1115],[77.4524,17.1076],[77.4626,17.1041],[77.4603,17.0928],[77.4639,17.0867],[77.4684,17.0811],[77.4769,17.0762],[77.4778,17.0723],[77.4754,17.0699],[77.4781,17.061],[77.4831,17.0534],[77.4868,17.0447],[77.4919,17.0388],[77.4932,17.033],[77.492,17.0217],[77.4982,17.0152],[77.4994,17.0073],[77.4936,17.0058],[77.4832,16.9987],[77.482,16.9972],[77.4784,16.9902],[77.48,16.9752],[77.4792,16.968],[77.4737,16.9595],[77.4692,16.9538],[77.4641,16.9527],[77.4647,16.9464],[77.4643,16.9398],[77.466,16.9346],[77.4635,16.929],[77.4646,16.9249],[77.4679,16.9242],[77.4677,16.9171],[77.4654,16.9141],[77.4601,16.9129],[77.4534,16.909],[77.4539,16.9063],[77.4558,16.9047],[77.4543,16.8861],[77.4522,16.8816],[77.4576,16.8793],[77.4603,16.8545],[77.4604,16.8441],[77.4566,16.8237],[77.4594,16.8178],[77.4627,16.8045],[77.4658,16.8008],[77.4718,16.7963],[77.4716,16.7852],[77.4711,16.7791],[77.4673,16.7766],[77.4445,16.78],[77.4375,16.7832],[77.4353,16.7776],[77.4372,16.7631],[77.4353,16.7495],[77.4313,16.7364],[77.4278,16.7295],[77.4257,16.7271],[77.4263,16.7227],[77.4276,16.7211],[77.4267,16.7184],[77.4241,16.7178],[77.4234,16.7145],[77.4254,16.7118],[77.43,16.7117],[77.4333,16.7091],[77.4374,16.7075],[77.4454,16.7138],[77.4485,16.7136],[77.4563,16.7107],[77.461,16.7132],[77.4668,16.7119],[77.4688,16.7087],[77.4675,16.7024],[77.4675,16.6968],[77.465,16.6783],[77.4617,16.6724],[77.4464,16.6742],[77.4372,16.6666],[77.4166,16.6628],[77.4168,16.6548],[77.4212,16.652],[77.4281,16.6501],[77.4303,16.6447],[77.4325,16.6431],[77.4362,16.6425],[77.4329,16.6376],[77.4384,16.6362],[77.4441,16.6358],[77.4485,16.6388],[77.4548,16.6449],[77.4614,16.6488],[77.4694,16.6469],[77.4713,16.6435],[77.4659,16.6359],[77.4625,16.6292],[77.4613,16.6248],[77.4556,16.62],[77.4538,16.6138],[77.4539,16.6074],[77.4636,16.6048],[77.4647,16.5974],[77.4642,16.5951],[77.4603,16.5956],[77.4588,16.5921],[77.4613,16.5907],[77.4642,16.5872],[77.4642,16.5842],[77.4604,16.5835],[77.4564,16.581],[77.4433,16.5821],[77.4367,16.5812],[77.421,16.5652],[77.4173,16.5639],[77.4021,16.5663],[77.3975,16.5634],[77.3914,16.5652],[77.3903,16.5597],[77.3926,16.5595],[77.3948,16.5582],[77.3965,16.5555],[77.3971,16.5529],[77.4004,16.5502],[77.4016,16.5468],[77.4157,16.544],[77.4153,16.5178],[77.412,16.5138],[77.4006,16.516],[77.3935,16.5149],[77.3887,16.5121],[77.3812,16.5115],[77.3791,16.5107],[77.3729,16.506],[77.3691,16.5021],[77.3673,16.4938],[77.3672,16.4869],[77.3663,16.4841],[77.3582,16.4832],[77.3516,16.4833],[77.3479,16.4855],[77.3436,16.4849],[77.3437,16.4821],[77.33,16.4807],[77.3244,16.4809],[77.3136,16.4876],[77.3091,16.4893],[77.2966,16.4915],[77.2969,16.4859],[77.2958,16.4813],[77.292,16.4736],[77.2854,16.4715],[77.2515,16.4679],[77.2445,16.4722],[77.2389,16.4729],[77.2352,16.4681],[77.2525,16.4533],[77.2582,16.4473],[77.2644,16.4301],[77.2693,16.4231],[77.2748,16.4177],[77.2782,16.4107],[77.2847,16.403],[77.2946,16.3996],[77.307,16.394],[77.3327,16.3883],[77.3429,16.3797],[77.3525,16.3766],[77.3732,16.3799],[77.3881,16.3718],[77.4011,16.366],[77.4117,16.3627],[77.4222,16.3628],[77.4278,16.3651],[77.4352,16.3727],[77.4381,16.3744],[77.449,16.3758],[77.4613,16.3754],[77.4814,16.3778],[77.4945,16.3758],[77.5101,16.3702],[77.5189,16.3701],[77.5286,16.3584],[77.5352,16.3529],[77.5443,16.3498],[77.5495,16.3447],[77.5545,16.3416],[77.5718,16.336],[77.5864,16.3379],[77.5916,16.3375],[77.5844,16.328],[77.5866,16.3204],[77.5908,16.312],[77.591,16.3046],[77.5884,16.2957],[77.5923,16.2901],[77.5903,16.2869],[77.5807,16.2861],[77.5743,16.2889],[77.5693,16.2948],[77.565,16.2977],[77.5495,16.2907],[77.5432,16.2871],[77.5398,16.2826],[77.5338,16.2626],[77.5258,16.267],[77.5244,16.2698],[77.5193,16.2709],[77.5131,16.2707],[77.5012,16.2678],[77.5002,16.2607],[77.499,16.2579],[77.4876,16.2498],[77.4889,16.2418],[77.4888,16.2243],[77.4936,16.223],[77.5022,16.2248],[77.5108,16.2233],[77.5112,16.2172],[77.5088,16.2149],[77.5023,16.2157],[77.4953,16.213],[77.4937,16.2062],[77.4949,16.1954],[77.4949,16.1871],[77.4884,16.1787],[77.4836,16.1586],[77.4868,16.1531],[77.4881,16.1474],[77.4886,16.1265],[77.4867,16.1158],[77.4902,16.1162],[77.4954,16.1147],[77.5027,16.1095],[77.5094,16.1035],[77.5035,16.1015],[77.4979,16.0972],[77.4929,16.0838],[77.493,16.0796],[77.5029,16.0732],[77.4995,16.0543],[77.4962,16.0548],[77.4945,16.0498],[77.4957,16.0477],[77.4907,16.0306],[77.4921,16.0256],[77.4988,16.0172],[77.4986,16.0139],[77.5003,16.0114],[77.5017,16.0055],[77.5101,16.0023],[77.5084,15.9958],[77.5055,15.9788],[77.5055,15.9727],[77.509,15.9674],[77.5149,15.9632],[77.5159,15.9575],[77.5146,15.9434],[77.5095,15.9209],[77.4973,15.9263],[77.4833,15.9281],[77.467,15.9276],[77.4525,15.9315],[77.4365,15.939],[77.4264,15.9423],[77.4219,15.9413],[77.4164,15.938],[77.4076,15.9357],[77.4,15.9355],[77.3927,15.9368],[77.3856,15.9345],[77.3762,15.9333],[77.3681,15.936],[77.3599,15.9416],[77.3536,15.9437],[77.3352,15.9433],[77.3148,15.9452],[77.3002,15.9505],[77.2918,15.95],[77.2824,15.9474],[77.2632,15.9514],[77.2581,15.954],[77.2489,15.9577],[77.2441,15.9568],[77.2361,15.9527],[77.2271,15.9516],[77.2187,15.9516],[77.203,15.9499],[77.1878,15.9507],[77.1806,15.9501],[77.1707,15.9455],[77.1571,15.9445],[77.1434,15.9406],[77.1368,15.9362],[77.1299,15.9304],[77.1207,15.9288],[77.1046,15.9245],[77.0901,15.9179],[77.0768,15.9097],[77.066,15.8993],[77.0582,15.8872],[77.0525,15.8763],[77.041,15.864],[77.0332,15.8531],[77.029,15.8449],[77.0223,15.8318],[77.0244,15.8295],[77.0282,15.8256],[77.0339,15.8244],[77.0384,15.8255],[77.0415,15.8217],[77.0499,15.8201],[77.0523,15.8243],[77.0639,15.8232],[77.0615,15.7979],[77.0672,15.7961],[77.0625,15.7784],[77.0598,15.7788],[77.0566,15.7723],[77.0537,15.7636],[77.0497,15.7641],[77.0485,15.7608],[77.0532,15.7589],[77.0517,15.7501],[77.0467,15.7513],[77.0432,15.7345],[77.0472,15.7332],[77.0471,15.725],[77.063,15.7237],[77.0763,15.7214],[77.0763,15.7104],[77.0844,15.709],[77.0816,15.6953],[77.0779,15.6934],[77.0759,15.6909],[77.1008,15.6789],[77.1105,15.6713],[77.1191,15.6621],[77.125,15.6591],[77.1209,15.6372],[77.1162,15.6251],[77.1039,15.6339],[77.1006,15.6392],[77.0959,15.6441],[77.0889,15.6475],[77.0814,15.6528],[77.0689,15.6409],[77.036,15.6324],[77.0327,15.632],[77.0293,15.6338],[77.0271,15.6293],[77.0284,15.6068],[77.0289,15.5983],[77.0244,15.5844],[77.0237,15.5764],[77.0289,15.5251],[77.0287,15.5086],[77.0266,15.5],[77.0054,15.5028],[76.996,15.4997],[76.9909,15.5011],[76.9817,15.5048],[76.9719,15.5063],[76.9701,15.495],[76.9704,15.4909],[76.9761,15.482],[76.989,15.4732],[76.996,15.4675],[77.0007,15.4617],[77.002,15.4554],[77.0061,15.4482],[77.0153,15.4411],[77.0238,15.4386],[77.0274,15.4352],[77.0305,15.4263],[77.031,15.4183],[77.0269,15.4078],[77.0285,15.4013],[77.0333,15.3963],[77.041,15.3915],[77.0438,15.3837],[77.0423,15.3748],[77.038,15.3588],[77.0426,15.3522],[77.0578,15.3432],[77.0629,15.3379],[77.0631,15.3281],[77.0616,15.3219],[77.0691,15.3195],[77.0993,15.3266],[77.1097,15.3273],[77.1102,15.3207],[77.1134,15.3191],[77.1154,15.2899],[77.1237,15.2876],[77.1388,15.2855],[77.1479,15.2857],[77.1487,15.2779],[77.148,15.271],[77.1449,15.2693],[77.1452,15.2661],[77.1499,15.2669],[77.1577,15.2604],[77.1641,15.2591],[77.1653,15.251],[77.1579,15.2514],[77.1467,15.2503],[77.1403,15.2516],[77.1327,15.2346],[77.1235,15.2333],[77.1209,15.2212],[77.1414,15.2181],[77.1471,15.2088],[77.15,15.2079],[77.1558,15.1943],[77.1582,15.1938],[77.1615,15.1822],[77.1645,15.1685],[77.1632,15.1613],[77.1588,15.1579],[77.1593,15.1521],[77.1577,15.149],[77.1531,15.1488],[77.1455,15.1507],[77.137,15.1493],[77.1321,15.1427],[77.1354,15.136],[77.1528,15.1316],[77.154,15.1205],[77.1477,15.1073],[77.1394,15.0999],[77.1276,15.0936],[77.1255,15.0682],[77.1209,15.0551],[77.1184,15.0506],[77.1161,15.0401],[77.1116,15.0381],[77.1096,15.0286],[77.1017,15.0273],[77.0908,15.0277],[77.0883,15.023],[77.0821,15.0223],[77.0805,15.0079],[77.0788,15],[77.0686,15.0011],[77.0615,15.0015],[77.0509,15.0043],[77.041,15.0055],[77.0464,15.016],[77.0488,15.0239],[77.0469,15.0292],[77.0375,15.0276],[77.023,15.0277],[77.0093,15.0296],[77.0007,15.0296],[76.9986,15.0271],[76.9957,15.0237],[76.9835,15.0204],[76.9818,15.0104],[76.9668,15.0132],[76.9507,15.0244],[76.9427,15.027],[76.9317,15.0263],[76.9194,15.0285],[76.9135,15.031],[76.9054,15.0293],[76.8962,15.0319],[76.8887,15.0318],[76.8767,15.0287],[76.8698,15.044],[76.8641,15.05],[76.8606,15.0567],[76.8432,15.0662],[76.8374,15.0725],[76.8294,15.0743],[76.8213,15.0749],[76.8119,15.0802],[76.7969,15.0908],[76.7876,15.0804],[76.7842,15.0808],[76.7822,15.0788],[76.7839,15.0757],[76.7786,15.0716],[76.7764,15.0733],[76.7742,15.0714],[76.7757,15.0692],[76.7726,15.0651],[76.7708,15.0583],[76.7711,15.0541],[76.775,15.044],[76.7808,15.0342],[76.7818,15.0233],[76.7846,15.0167],[76.7797,15.0059],[76.7695,15.0006],[76.7681,14.9956],[76.7662,14.9908],[76.7652,14.9891],[76.7624,14.9895],[76.7592,14.9851],[76.757,14.983],[76.7586,14.9795],[76.7619,14.9753],[76.7638,14.9699],[76.7721,14.9686],[76.7969,14.9629],[76.8155,14.9638],[76.8203,14.9592],[76.8236,14.9536],[76.8279,14.951],[76.8326,14.9535],[76.8359,14.9591],[76.8412,14.9612],[76.8645,14.964],[76.8637,14.9552],[76.8655,14.9376],[76.8635,14.9156],[76.8639,14.9117],[76.8627,14.9018],[76.8603,14.8912],[76.8461,14.8903],[76.8438,14.8864],[76.8433,14.8815],[76.8491,14.8799],[76.8509,14.8729],[76.8517,14.8625],[76.8541,14.8614],[76.8494,14.8387],[76.8444,14.8333],[76.8401,14.83],[76.8403,14.8281],[76.843,14.8243],[76.8445,14.8156],[76.8485,14.8143],[76.8496,14.8118],[76.8487,14.804],[76.8469,14.8023],[76.8372,14.8041],[76.835,14.8001],[76.8338,14.7849],[76.8314,14.7841],[76.8264,14.787],[76.8207,14.7866],[76.8174,14.7854],[76.8167,14.7825],[76.811,14.7814],[76.7803,14.7793],[76.7813,14.7743],[76.7864,14.7619],[76.7881,14.7518],[76.795,14.7411],[76.7981,14.7346],[76.7855,14.7071],[76.7811,14.6905],[76.7713,14.6738],[76.7695,14.6563],[76.763,14.6119],[76.7602,14.602],[76.7609,14.5963],[76.7728,14.5872],[76.7744,14.5906],[76.7763,14.5903],[76.7782,14.5793],[76.7841,14.562],[76.7862,14.5531],[76.7947,14.5407],[76.7997,14.5277],[76.8051,14.5249],[76.8109,14.5238],[76.8197,14.5203],[76.8276,14.5231],[76.8284,14.5222],[76.8321,14.5151],[76.8439,14.5091],[76.8542,14.4989],[76.8604,14.4871],[76.8638,14.4747],[76.8702,14.4684],[76.8803,14.4705],[76.8855,14.4759],[76.8943,14.4808],[76.9065,14.4842],[76.9454,14.4822],[76.9558,14.4796],[76.9691,14.4791],[76.9734,14.4783],[76.9742,14.4704],[76.9644,14.4517],[76.9586,14.4454],[76.9438,14.4451],[76.9427,14.4398],[76.9443,14.4252],[76.9447,14.4089],[76.9436,14.4033],[76.9416,14.3995],[76.9368,14.4013],[76.919,14.4115],[76.9131,14.4136],[76.9012,14.3983],[76.8966,14.3945],[76.8923,14.3929],[76.8868,14.3925],[76.8831,14.3903],[76.8786,14.3514],[76.8791,14.3464],[76.8854,14.3396],[76.899,14.3192],[76.9062,14.3153],[76.9168,14.3123],[76.9231,14.3097],[76.9366,14.3084],[76.9429,14.3054],[76.9467,14.3004],[76.9501,14.294],[76.9487,14.2868],[76.9438,14.2817],[76.9355,14.2766],[76.9249,14.2722],[76.9258,14.2644],[76.9336,14.2535],[76.936,14.2488],[76.9378,14.2401],[76.9435,14.2363],[76.9514,14.2342],[76.9616,14.2359],[76.9697,14.2352],[76.9756,14.2374],[76.9825,14.2382],[76.9894,14.2364],[76.9928,14.233],[76.9946,14.2356],[77.0041,14.2316],[77.0125,14.2351],[77.0246,14.2367],[77.033,14.2405],[77.0406,14.2408],[77.0496,14.2395],[77.0553,14.2323],[77.0602,14.2242],[77.0676,14.2179],[77.0753,14.2093],[77.0849,14.2085],[77.0952,14.2095],[77.1051,14.2133],[77.1099,14.2215],[77.1105,14.232],[77.113,14.2399],[77.1116,14.2485],[77.1155,14.2568],[77.1069,14.2618],[77.1105,14.2749],[77.1119,14.2875],[77.1173,14.2914],[77.1258,14.3015],[77.1309,14.3138],[77.1326,14.324],[77.1319,14.3306],[77.1355,14.334],[77.1405,14.3361],[77.1464,14.3322],[77.1522,14.3377],[77.1598,14.3362],[77.1642,14.3305],[77.1719,14.3302],[77.1767,14.3263],[77.1795,14.3264],[77.1964,14.3143],[77.2098,14.313],[77.2229,14.315],[77.232,14.3111],[77.2451,14.3145],[77.2513,14.3206],[77.2579,14.3257],[77.2673,14.327],[77.2733,14.3318],[77.2811,14.3311],[77.2827,14.3023],[77.2819,14.2905],[77.2796,14.2761],[77.2855,14.2747],[77.2955,14.2765],[77.3075,14.2738],[77.3206,14.2735],[77.3434,14.2705],[77.3534,14.2707],[77.3593,14.2693],[77.3583,14.2603],[77.3592,14.2436],[77.3554,14.23],[77.3643,14.2233],[77.3766,14.2167],[77.3816,14.2102],[77.3801,14.2026],[77.3838,14.1918],[77.3912,14.1909],[77.4149,14.2032],[77.4157,14.212],[77.4147,14.2171],[77.4091,14.2236],[77.4062,14.2367],[77.4048,14.2486],[77.401,14.2604],[77.3899,14.2614],[77.3843,14.2656],[77.385,14.2725],[77.3812,14.283],[77.375,14.2952],[77.3739,14.3051],[77.3788,14.3171],[77.3857,14.3249],[77.3949,14.3292],[77.4093,14.3271],[77.4207,14.322],[77.4259,14.3208],[77.4275,14.3048],[77.4423,14.3098],[77.4424,14.2909],[77.4436,14.2776],[77.4547,14.2722],[77.4684,14.2794],[77.4791,14.2837],[77.4793,14.2848],[77.4844,14.2753],[77.4921,14.2713],[77.4963,14.2718],[77.4994,14.2605],[77.4988,14.2495],[77.4963,14.2404],[77.4901,14.2276],[77.4929,14.2201],[77.4931,14.214],[77.4997,14.2045],[77.5011,14.1932],[77.5041,14.1807],[77.5094,14.177],[77.5104,14.172],[77.5068,14.1642],[77.5027,14.1571],[77.5004,14.151],[77.4885,14.1531],[77.4633,14.1642],[77.4539,14.163],[77.4235,14.1651],[77.4163,14.1693],[77.4097,14.1697],[77.3975,14.1665],[77.3897,14.1653],[77.3896,14.1535],[77.3826,14.1477],[77.3787,14.1383],[77.3767,14.1296],[77.365,14.1271],[77.3549,14.1237],[77.3477,14.1243],[77.3465,14.1179],[77.3465,14.1104],[77.3445,14.096],[77.3485,14.0993],[77.3525,14.1054],[77.3589,14.1087],[77.3733,14.1126],[77.3804,14.1166],[77.3897,14.1186],[77.3944,14.1146],[77.3964,14.1106],[77.3954,14.1034],[77.3857,14.0935],[77.3797,14.0904],[77.3724,14.0719],[77.3614,14.066],[77.3586,14.0589],[77.3501,14.0534],[77.338,14.0538],[77.3345,14.0478],[77.3313,14.0398],[77.3262,14.0229],[77.3441,14.0191],[77.3501,14.0165],[77.3623,14.016],[77.3751,14.0121],[77.3834,14.0074],[77.3799,13.9933],[77.3732,13.9817],[77.3727,13.9755],[77.3757,13.9691],[77.3865,13.974],[77.4102,13.9769],[77.4205,13.9769],[77.4266,13.9733],[77.4306,13.9688],[77.4309,13.962],[77.429,13.9564],[77.4287,13.9433],[77.4226,13.939],[77.4077,13.9361],[77.4084,13.9216],[77.4102,13.9146],[77.4225,13.912],[77.4274,13.9092],[77.4256,13.9021],[77.419,13.8949],[77.4085,13.8888],[77.3971,13.8805],[77.3963,13.8804],[77.3919,13.8799],[77.3904,13.8977],[77.3588,13.8956],[77.3483,13.8965],[77.3459,13.9033],[77.3435,13.906],[77.3426,13.9122],[77.3526,13.9285],[77.3626,13.9423],[77.362,13.9455],[77.3437,13.9509],[77.3472,13.9554],[77.3469,13.9606],[77.3534,13.9763],[77.3538,13.9823],[77.3457,13.9856],[77.3335,13.9881],[77.3303,13.9904],[77.3298,13.9934],[77.3297,13.9934],[77.3301,13.9949],[77.3241,14.0053],[77.3202,14.0093],[77.317,14.0153],[77.3165,14.0215],[77.3135,14.0248],[77.3036,14.0267],[77.298,14.023],[77.2923,14.0145],[77.2852,14.0115],[77.2785,14.0069],[77.2726,14.008],[77.2742,14.0162],[77.2715,14.0281],[77.2645,14.0265],[77.2558,14.021],[77.2426,14.0063],[77.2273,14.008],[77.2188,14.0079],[77.2077,14.0049],[77.1946,14.0029],[77.1714,14.0086],[77.1617,14.0062],[77.1628,13.9978],[77.1582,13.9935],[77.1584,13.9935],[77.1544,13.9906],[77.1473,13.9916],[77.1446,13.9935],[77.1444,13.9935],[77.1395,13.9972],[77.1343,13.9981],[77.1329,14.0042],[77.134,14.0097],[77.1278,14.0187],[77.1247,14.0347],[77.1211,14.0422],[77.1102,14.042],[77.104,14.0406],[77.0967,14.0407],[77.0908,14.0383],[77.0765,14.038],[77.0695,14.0394],[77.069,14.0472],[77.0512,14.0496],[77.0432,14.0517],[77.0349,14.0514],[77.0285,14.052],[77.0237,14.0533],[77.0202,14.0614],[77.0245,14.0772],[77.024,14.0834],[77.0147,14.0887],[77.0104,14.092],[77.0083,14.0981],[77.0166,14.1061],[77.017,14.112],[77.0164,14.1175],[77.0203,14.1223],[77.0192,14.1253],[77.0138,14.1274],[77.0149,14.1322],[77.016,14.1527],[77.0211,14.1643],[77.0213,14.1684],[77.0198,14.1727],[77.014,14.173],[77.0061,14.1749],[76.9944,14.1737],[76.9863,14.1725],[76.9782,14.1729],[76.9728,14.1743],[76.9657,14.1743],[76.9585,14.1755],[76.9538,14.181],[76.9491,14.1838],[76.944,14.1883],[76.9416,14.1893],[76.9392,14.1868],[76.9415,14.178],[76.9392,14.1677],[76.937,14.1659],[76.923,14.1634],[76.9172,14.1577],[76.8968,14.1619],[76.8914,14.159],[76.8892,14.1509],[76.8869,14.1362],[76.8837,14.131],[76.8909,14.1278],[76.8985,14.1269],[76.9125,14.1221],[76.9171,14.1245],[76.9224,14.129],[76.927,14.1272],[76.9374,14.1152],[76.9429,14.1119],[76.9466,14.103],[76.9482,14.0966],[76.9485,14.0914],[76.9463,14.0853],[76.9514,14.0854],[76.9601,14.083],[76.9681,14.0797],[76.9718,14.0757],[76.9723,14.0684],[76.975,14.0653],[76.9742,14.0577],[76.9715,14.0524],[76.9497,14.0478],[76.9433,14.0472],[76.938,14.0476],[76.9337,14.0407],[76.9311,14.0227],[76.9408,14.0206],[76.9423,14.0155],[76.9447,14.0107],[76.9486,14.0068],[76.9642,14.0022],[76.9752,13.9966],[76.9776,13.9939],[76.9773,13.9939],[76.985,13.9875],[76.9944,13.9815],[76.9913,13.9758],[76.9902,13.9703],[76.989,13.9567],[76.9943,13.9534],[76.9951,13.9527],[76.9994,13.9504],[77.0081,13.9474],[77.014,13.9395],[77.0186,13.9348],[77.0358,13.9256],[77.0413,13.8974],[77.0278,13.8972],[77.0173,13.8934],[77.0166,13.8877],[77.0117,13.8714],[77.0126,13.8672],[77.0123,13.8641],[77.008,13.8629],[77.0071,13.8542],[77.006,13.8501],[76.9941,13.839],[76.9899,13.8395],[76.9863,13.8392],[76.984,13.8277],[76.9765,13.8214],[76.9716,13.8189],[76.9684,13.8144],[76.9688,13.8102],[76.98,13.8072],[76.9837,13.8042],[76.9858,13.793],[76.9848,13.7887],[76.9812,13.7858],[76.9844,13.7766],[76.9863,13.7665],[76.989,13.7602],[76.9901,13.7531],[76.9921,13.7495],[76.9917,13.7453],[76.9926,13.7426],[76.9939,13.7415],[77.0019,13.7367],[77.0114,13.7327],[77.0138,13.7475],[77.0184,13.7617],[77.0199,13.7699],[77.0264,13.7714],[77.0352,13.7693],[77.0473,13.7561],[77.0547,13.7445],[77.06,13.7389],[77.0715,13.7388],[77.0806,13.7374],[77.0793,13.746],[77.0804,13.7534],[77.0852,13.7546],[77.0858,13.7581],[77.0953,13.7609],[77.1109,13.7546],[77.1235,13.7509],[77.1341,13.753],[77.1375,13.7557],[77.1467,13.7548],[77.1582,13.7549],[77.1666,13.7547],[77.1696,13.7614],[77.1713,13.772],[77.1692,13.7756],[77.1641,13.7804],[77.1585,13.7871],[77.156,13.7933],[77.1557,13.7981],[77.1541,13.8006],[77.1563,13.8038],[77.1554,13.8074],[77.1562,13.8113],[77.1619,13.8155],[77.1622,13.8207],[77.1579,13.8255],[77.1479,13.8289],[77.1458,13.8349],[77.1405,13.8379],[77.1253,13.843],[77.1239,13.8494],[77.1302,13.8499],[77.1394,13.859],[77.1482,13.8598],[77.1625,13.857],[77.1649,13.8662],[77.1624,13.8763],[77.1617,13.8824],[77.157,13.8913],[77.1559,13.8998],[77.1596,13.9085],[77.1701,13.9163],[77.177,13.9174],[77.1816,13.9108],[77.1822,13.9013],[77.1813,13.8912],[77.1792,13.8833],[77.1796,13.8783],[77.1782,13.8714],[77.1751,13.8614],[77.1788,13.8598],[77.1927,13.8562],[77.1969,13.8595],[77.201,13.8665],[77.2026,13.8748],[77.2049,13.8812],[77.2088,13.8784],[77.2081,13.8604],[77.2115,13.8614],[77.217,13.8693],[77.2209,13.8818],[77.2219,13.8888],[77.2255,13.8955],[77.2338,13.8949],[77.2401,13.8941],[77.2416,13.8889],[77.2388,13.8815],[77.2393,13.8736],[77.2407,13.8659],[77.2437,13.8603],[77.253,13.8561],[77.2504,13.8395],[77.256,13.8395],[77.2751,13.8428],[77.2829,13.841],[77.2855,13.846],[77.2897,13.85],[77.296,13.8536],[77.3069,13.8572],[77.3109,13.8511],[77.3162,13.8397],[77.32,13.8258],[77.3272,13.8248],[77.3347,13.8294],[77.3399,13.8348],[77.347,13.8396],[77.3522,13.8444],[77.3595,13.8457],[77.3675,13.8432],[77.3731,13.8382],[77.3729,13.8313],[77.3811,13.8313],[77.3898,13.8329],[77.3992,13.8324],[77.4039,13.8314],[77.4187,13.8335],[77.4245,13.8351],[77.4262,13.8297],[77.4247,13.8267],[77.4151,13.8154],[77.4128,13.8118],[77.4137,13.8074],[77.4082,13.8025],[77.4087,13.7993],[77.4116,13.7989],[77.4147,13.8002],[77.4193,13.7997],[77.4195,13.7958],[77.4169,13.7909],[77.4201,13.789],[77.4287,13.788],[77.4355,13.7992],[77.4406,13.8023],[77.4468,13.802],[77.4556,13.7998],[77.4575,13.7971],[77.4527,13.7913],[77.4508,13.7855],[77.4524,13.7804],[77.454,13.778],[77.4587,13.7498],[77.4621,13.7491],[77.4626,13.7436],[77.4601,13.7339],[77.4581,13.7303],[77.4581,13.723],[77.4568,13.7126],[77.4534,13.7041],[77.446,13.7006],[77.4448,13.6958],[77.4498,13.6758],[77.4765,13.6776],[77.4829,13.6797],[77.4851,13.6867],[77.4835,13.6917],[77.4824,13.6988],[77.4797,13.7032],[77.4873,13.7068],[77.5028,13.7044],[77.5068,13.7005],[77.5069,13.6927],[77.508,13.6888],[77.5123,13.6857],[77.5215,13.6879],[77.5256,13.6972],[77.5278,13.707],[77.5275,13.719],[77.5266,13.7253],[77.5227,13.7311],[77.5151,13.737],[77.5197,13.7438],[77.5295,13.7459],[77.5395,13.7437],[77.5416,13.7349],[77.5451,13.7282],[77.5481,13.7204],[77.5561,13.7165],[77.5666,13.7294],[77.5736,13.7267],[77.5815,13.7306],[77.5869,13.7368],[77.5956,13.7436],[77.6043,13.7426],[77.6156,13.7284],[77.6212,13.7274],[77.6285,13.7299],[77.6336,13.7328],[77.6367,13.7352],[77.6338,13.7413],[77.6126,13.7469],[77.6105,13.7554],[77.6143,13.7603],[77.6491,13.7758],[77.6566,13.7767],[77.664,13.7759],[77.6702,13.7775],[77.6718,13.7701],[77.6698,13.7626],[77.6637,13.7523],[77.6685,13.7523],[77.6788,13.7557],[77.6847,13.7586],[77.6955,13.7614],[77.7022,13.731],[77.7074,13.7342],[77.7087,13.7327],[77.711,13.7377],[77.7135,13.7462],[77.7131,13.7507],[77.7142,13.7608],[77.7128,13.7747],[77.7151,13.7833],[77.7129,13.7905],[77.7185,13.7927],[77.7284,13.8017],[77.7336,13.8034],[77.741,13.8038],[77.7482,13.8062],[77.7553,13.8075],[77.7692,13.8085],[77.7785,13.8129],[77.7804,13.8167],[77.7803,13.82],[77.7774,13.8241],[77.7741,13.8317],[77.776,13.8359],[77.7864,13.8399],[77.7945,13.841],[77.8028,13.8407],[77.8078,13.8467],[77.8108,13.8521],[77.8277,13.8606],[77.8192,13.866],[77.8272,13.8716],[77.825,13.8799],[77.821,13.8892],[77.8147,13.8911],[77.8111,13.8947],[77.8074,13.9032],[77.8064,13.9086],[77.8064,13.9176],[77.8085,13.9226],[77.8142,13.931],[77.8183,13.9349],[77.8216,13.9305],[77.8301,13.9272],[77.846,13.9283],[77.8541,13.9271],[77.8624,13.9268],[77.887,13.9312],[77.8879,13.9277],[77.8873,13.9177],[77.8897,13.9114],[77.8957,13.9077],[77.9005,13.9023],[77.9059,13.8995],[77.9116,13.8972],[77.9198,13.8987],[77.9297,13.9088],[77.9356,13.9179],[77.9389,13.9246],[77.946,13.9284],[77.9491,13.9267],[77.9508,13.9279],[77.9543,13.937],[77.9553,13.9419],[77.9613,13.95],[77.9664,13.9506],[77.9786,13.9477],[77.978,13.9376],[77.9735,13.9242],[77.9734,13.9199],[77.9746,13.9123],[77.9747,13.9053],[77.978,13.8933],[77.9716,13.8886],[77.9495,13.8845],[77.9425,13.8802],[77.9418,13.8711],[77.9457,13.8398],[77.9481,13.8294],[77.9481,13.8248],[77.9446,13.82],[77.9658,13.8202],[77.9704,13.8266],[77.9812,13.8488],[77.9823,13.8568],[77.9852,13.8617],[77.9915,13.8624],[78.0048,13.8617],[78.0103,13.8565],[78.0156,13.8544],[78.0378,13.8528],[78.0413,13.8581],[78.0429,13.8638],[78.0427,13.8734],[78.0412,13.8867],[78.0483,13.8845],[78.0547,13.8794],[78.0603,13.8768],[78.068,13.8745],[78.0709,13.872],[78.0749,13.8549],[78.0884,13.8549],[78.0974,13.8528],[78.106,13.8535],[78.1135,13.8409],[78.1173,13.8218],[78.1077,13.8036],[78.109,13.7984],[78.1152,13.7877],[78.1182,13.7769],[78.111,13.7618],[78.1065,13.7568],[78.1012,13.753],[78.0953,13.7503],[78.0893,13.743],[78.0849,13.7335],[78.0933,13.7276],[78.0974,13.7232],[78.1004,13.718],[78.1055,13.7146],[78.1094,13.7102],[78.1099,13.704],[78.1072,13.6984],[78.1054,13.6844],[78.0999,13.6826],[78.0852,13.6806],[78.0641,13.6882],[78.0626,13.6856],[78.0654,13.6801],[78.0641,13.6746],[78.0609,13.6718],[78.0583,13.667],[78.0659,13.6645],[78.0728,13.6552],[78.08,13.6504],[78.0797,13.6445],[78.0807,13.6353],[78.0863,13.6335],[78.0906,13.633],[78.0939,13.6403],[78.1074,13.6471],[78.1159,13.6456],[78.1232,13.6489],[78.1291,13.6483],[78.1462,13.6497],[78.1558,13.6487],[78.159,13.6452],[78.1605,13.6234],[78.1656,13.621],[78.1858,13.6212],[78.1939,13.6162],[78.1954,13.6016],[78.1937,13.5949],[78.1886,13.5884],[78.1795,13.5789],[78.1811,13.5737],[78.1801,13.5642],[78.1816,13.5592],[78.1833,13.5564],[78.189,13.5564],[78.1958,13.5607],[78.2024,13.568],[78.2085,13.5819],[78.2148,13.5801],[78.2184,13.578],[78.2226,13.5771],[78.2277,13.5872],[78.2366,13.5845],[78.2497,13.5743],[78.2583,13.5753],[78.2654,13.5782],[78.2806,13.5777],[78.2918,13.5788],[78.3125,13.5835],[78.3228,13.583],[78.3437,13.5778],[78.3614,13.5789],[78.3671,13.5803],[78.3803,13.5813],[78.3908,13.5781],[78.3939,13.5707],[78.3978,13.5662],[78.386,13.544],[78.3855,13.5317],[78.3731,13.5123],[78.3742,13.5055],[78.3696,13.4999],[78.3673,13.4952],[78.3683,13.4898],[78.3674,13.482],[78.3673,13.4669],[78.3636,13.4592],[78.3626,13.4521],[78.3642,13.4456],[78.3642,13.4379],[78.3646,13.4369],[78.367,13.4313],[78.3653,13.4244],[78.3673,13.415],[78.3695,13.4089],[78.3713,13.3972],[78.3713,13.391],[78.3687,13.3798],[78.3644,13.3705],[78.3598,13.3643],[78.3552,13.3551],[78.3564,13.3467],[78.3584,13.3468],[78.3605,13.347],[78.364,13.3483],[78.3682,13.3483],[78.3748,13.3464],[78.3837,13.3424],[78.3849,13.3382],[78.3925,13.3355],[78.3974,13.3323],[78.3952,13.3226],[78.3913,13.3237],[78.3884,13.3185],[78.3846,13.3235],[78.379,13.3245],[78.3754,13.3264],[78.3775,13.3313],[78.3713,13.3324],[78.3679,13.3285],[78.367,13.32],[78.3751,13.3186],[78.3791,13.3169],[78.3829,13.3141],[78.3913,13.3037],[78.4021,13.3074],[78.4071,13.3101],[78.4153,13.3171],[78.4208,13.3191],[78.4245,13.3191],[78.4268,13.3181],[78.4291,13.3171],[78.4303,13.3078],[78.436,13.2984],[78.4379,13.2988],[78.4413,13.2995],[78.4451,13.3014],[78.4479,13.3028],[78.4542,13.3041],[78.4605,13.3079],[78.4664,13.3101],[78.4717,13.3079],[78.4702,13.2939],[78.4726,13.2911],[78.4835,13.2881],[78.4952,13.2792],[78.5012,13.2772],[78.5039,13.2725],[78.5083,13.2695],[78.512,13.26],[78.5155,13.2571],[78.5208,13.2556],[78.5223,13.2581],[78.5238,13.2606],[78.5256,13.2693],[78.5288,13.2759],[78.5333,13.276],[78.5356,13.2761],[78.5436,13.2732],[78.5472,13.2727],[78.5506,13.276],[78.5532,13.2846],[78.5541,13.2983],[78.5557,13.2994],[78.5601,13.2933],[78.5616,13.288],[78.5644,13.2834],[78.5672,13.2718],[78.5761,13.2671],[78.5775,13.262],[78.5722,13.2486],[78.5685,13.2435],[78.5632,13.2384],[78.5599,13.2334],[78.5594,13.2304],[78.5589,13.2271],[78.5572,13.212],[78.5643,13.2081],[78.5687,13.2043],[78.5659,13.2009],[78.5601,13.1982],[78.5584,13.1922],[78.5533,13.1892],[78.5409,13.1873],[78.5425,13.1802],[78.5469,13.1786],[78.5535,13.1799],[78.5565,13.1798],[78.5594,13.1798],[78.5633,13.1774],[78.5647,13.174],[78.5657,13.1718],[78.5691,13.1565],[78.5654,13.1568],[78.5613,13.1557],[78.5581,13.1523],[78.5469,13.1534],[78.5388,13.1516],[78.5337,13.1461],[78.5327,13.1421],[78.5367,13.1369],[78.5354,13.1307],[78.5214,13.1291],[78.5129,13.1202],[78.5088,13.1196],[78.5087,13.1133],[78.5111,13.1063],[78.5162,13.1008],[78.5224,13.0997],[78.528,13.0974],[78.5148,13.0911],[78.5138,13.0847],[78.5068,13.0842],[78.5019,13.0817],[78.4996,13.0758],[78.4986,13.0698],[78.5048,13.0594],[78.5046,13.0528],[78.4879,13.0497],[78.4875,13.0494],[78.4811,13.0444],[78.4774,13.0432],[78.4711,13.0439],[78.467,13.0414],[78.4647,13.0349],[78.4611,13.032],[78.455,13.0326],[78.4516,13.0315],[78.4506,13.0282],[78.4499,13.0258],[78.4504,13.0149],[78.4526,13.0086],[78.4523,13.0038],[78.4554,12.9901],[78.4614,12.9791],[78.4594,12.9758],[78.4576,12.9707],[78.4579,12.9632],[78.4336,12.9688],[78.4257,12.9698],[78.4227,12.9686],[78.4219,12.9627],[78.4228,12.9577],[78.4238,12.9544],[78.4274,12.9505],[78.4206,12.9476],[78.4198,12.9467],[78.4246,12.9382],[78.4233,12.9338],[78.4204,12.929],[78.4214,12.9235],[78.4259,12.9171],[78.4345,12.9083],[78.4412,12.9056],[78.4429,12.9041],[78.4491,12.8967],[78.4561,12.8928],[78.4583,12.8797],[78.4569,12.8661],[78.4542,12.8532],[78.4521,12.8557],[78.4527,12.8655],[78.4464,12.8747],[78.4385,12.8797],[78.4383,12.8862],[78.4357,12.8889],[78.4358,12.9007],[78.4264,12.9021],[78.4249,12.8982],[78.4247,12.8934],[78.4173,12.889],[78.4115,12.8909],[78.4029,12.8913],[78.3995,12.8962],[78.3884,12.9055],[78.3851,12.8963],[78.3834,12.8954],[78.3783,12.8952],[78.3687,12.9018],[78.361,12.9116],[78.3454,12.9281],[78.3408,12.9249],[78.3404,12.922],[78.344,12.9181],[78.3383,12.9158],[78.3377,12.9131],[78.3383,12.9065],[78.3272,12.8892],[78.3222,12.8896],[78.3165,12.8926],[78.3135,12.8886],[78.3124,12.8833],[78.3133,12.8798],[78.31,12.8765],[78.3109,12.8738],[78.3162,12.8722],[78.3214,12.8717],[78.3227,12.8762],[78.3275,12.874],[78.3227,12.8679],[78.3216,12.8629],[78.3111,12.8654],[78.3041,12.8658],[78.3062,12.8565],[78.3031,12.8472],[78.2757,12.8492],[78.2706,12.8505],[78.2626,12.8566],[78.2581,12.8556],[78.2538,12.8496],[78.2487,12.8498],[78.2447,12.8511],[78.2411,12.8474],[78.2419,12.8123],[78.2402,12.8031],[78.2354,12.7876],[78.2295,12.762],[78.2251,12.7549],[78.2206,12.7526],[78.2125,12.7551],[78.2023,12.7551],[78.1989,12.7551],[78.1954,12.7575],[78.1902,12.7611],[78.184,12.7626],[78.1787,12.7599],[78.1753,12.7633],[78.1662,12.765],[78.1616,12.7623],[78.1581,12.7602],[78.1477,12.7633],[78.143,12.7666],[78.1365,12.7692],[78.1316,12.7697],[78.1271,12.7702],[78.1207,12.77],[78.1178,12.7799],[78.1145,12.7871],[78.1095,12.7914],[78.1021,12.7934],[78.0977,12.7959],[78.0951,12.8002],[78.0865,12.8033],[78.0825,12.8092],[78.0761,12.8205],[78.0737,12.8213],[78.0659,12.8189],[78.0664,12.8267],[78.0646,12.8302],[78.0514,12.8323],[78.0506,12.8386],[78.0467,12.8424],[78.042,12.8421],[78.04,12.8382],[78.0222,12.8412],[78.0196,12.8462],[78.0149,12.8459],[78.0144,12.843],[78.0169,12.8384],[78.0168,12.8335],[78.0091,12.8337],[78.0071,12.8282],[78.008,12.823],[78.0071,12.82],[78.0038,12.8179],[77.9999,12.819],[77.9933,12.8137],[78.0033,12.8058],[78.0056,12.8033],[78.0015,12.7954],[77.9897,12.7972],[77.986,12.7953],[77.9814,12.7956],[77.9813,12.8104],[77.9746,12.8144],[77.9736,12.8182],[77.9713,12.8226],[77.9575,12.8215],[77.955,12.8252],[77.958,12.8363],[77.9552,12.8387],[77.9513,12.8379],[77.9468,12.8381],[77.9486,12.8481],[77.9456,12.8493],[77.9386,12.8497],[77.9335,12.8448],[77.9326,12.8396],[77.9361,12.8338],[77.9399,12.8293],[77.933,12.8129],[77.9248,12.8137],[77.9208,12.8162],[77.9183,12.8192],[77.9105,12.8197],[77.9092,12.822],[77.9118,12.8324],[77.9149,12.839],[77.9153,12.8443],[77.9184,12.8474],[77.9278,12.8505],[77.9288,12.8543],[77.9311,12.8562],[77.9344,12.856],[77.9336,12.8617],[77.9197,12.8635],[77.9184,12.8689],[77.9287,12.8714],[77.929,12.8748],[77.9243,12.8778],[77.9177,12.8784],[77.9144,12.8735],[77.9093,12.873],[77.9022,12.8734],[77.9005,12.8679],[77.8943,12.8682],[77.8875,12.8669],[77.8823,12.8584],[77.878,12.8593],[77.8669,12.8586],[77.8622,12.8569],[77.8588,12.8576],[77.8545,12.8567],[77.8494,12.8579],[77.8441,12.8559],[77.8396,12.8559],[77.8364,12.8576],[77.8309,12.8579],[77.8256,12.859],[77.8222,12.8546],[77.8221,12.8498],[77.817,12.849],[77.8136,12.844],[77.809,12.8427],[77.8049,12.8428],[77.7998,12.8378],[77.792,12.8398],[77.7895,12.8388],[77.7886,12.8354],[77.7849,12.8338],[77.7836,12.8283],[77.788,12.8236],[77.7923,12.8214],[77.801,12.8208],[77.7987,12.8118],[77.8007,12.8056],[77.7988,12.8049],[77.7944,12.8058],[77.7914,12.7963],[77.7965,12.7896],[77.7995,12.7869],[77.7979,12.7829],[77.7935,12.7839],[77.7879,12.7813],[77.783,12.7761],[77.7815,12.771],[77.7716,12.7598],[77.7716,12.7548],[77.7738,12.7511],[77.7783,12.7479],[77.785,12.7451],[77.7829,12.7388],[77.7781,12.7337],[77.767,12.7296],[77.7584,12.7293],[77.7531,12.7251],[77.7517,12.7184],[77.7556,12.7156],[77.763,12.7145],[77.7615,12.7077],[77.7573,12.704],[77.756,12.6971],[77.7502,12.6872],[77.7471,12.6866],[77.74,12.6886],[77.7336,12.6915],[77.7273,12.6829],[77.7309,12.678],[77.7332,12.6719],[77.7314,12.664],[77.7232,12.6632],[77.7184,12.662],[77.7153,12.663],[77.7141,12.6654],[77.7141,12.6703],[77.7038,12.6737],[77.7018,12.6582],[77.6955,12.6512],[77.6875,12.6519],[77.6784,12.649],[77.6733,12.6504],[77.6678,12.6506],[77.6674,12.6528],[77.6693,12.6619],[77.6659,12.6644],[77.6703,12.6712],[77.6543,12.6742],[77.6388,12.6701],[77.6329,12.6701],[77.6094,12.6634],[77.5978,12.659],[77.5903,12.6575],[77.5893,12.6483],[77.588,12.6427],[77.5894,12.6366],[77.5917,12.6328],[77.5955,12.6304],[77.5948,12.6271],[77.5978,12.621],[77.5935,12.6166],[77.5854,12.6119],[77.5821,12.6051],[77.5815,12.5842],[77.5742,12.5672],[77.5712,12.5635],[77.5701,12.5579],[77.5724,12.5404],[77.5764,12.5368],[77.5776,12.5235],[77.5798,12.5115],[77.5785,12.507],[77.5952,12.5037],[77.6052,12.5033],[77.6064,12.4998],[77.6047,12.4949],[77.6018,12.4917],[77.5825,12.4763],[77.5754,12.4684],[77.5966,12.4646],[77.6108,12.478],[77.6173,12.4855],[77.6252,12.4773],[77.6217,12.4544],[77.6182,12.4431],[77.6201,12.4381],[77.6169,12.4246],[77.6171,12.4187],[77.6207,12.4138],[77.6201,12.4085],[77.6158,12.4049],[77.6133,12.3978],[77.6109,12.3856],[77.6099,12.3736],[77.6075,12.3677],[77.6063,12.3603],[77.6038,12.3538],[77.6002,12.3512],[77.5912,12.3492],[77.5862,12.3363],[77.5753,12.3263],[77.5686,12.3242],[77.566,12.3167],[77.5561,12.2972],[77.5452,12.2927],[77.5427,12.2837],[77.5395,12.2824],[77.5235,12.281],[77.5183,12.2695],[77.5021,12.2663],[77.498,12.2684],[77.4932,12.2728],[77.4906,12.2731],[77.4842,12.2698],[77.4784,12.2697],[77.4752,12.266],[77.4702,12.2619],[77.4672,12.2532],[77.4667,12.2485],[77.4635,12.244],[77.463,12.2358],[77.4668,12.234],[77.4737,12.2249],[77.4723,12.2173],[77.4684,12.2102],[77.4657,12.2023],[77.4692,12.1965],[77.4749,12.1958],[77.4788,12.194],[77.4825,12.1901],[77.4925,12.1872],[77.5113,12.184],[77.5198,12.1887],[77.5245,12.1882],[77.5281,12.19],[77.531,12.1901],[77.5334,12.1938],[77.5385,12.1945],[77.5467,12.1904],[77.5558,12.1871],[77.5653,12.1905],[77.5696,12.1881],[77.5842,12.1888],[77.5911,12.1906],[77.5966,12.1953],[77.6041,12.1952],[77.6105,12.1916],[77.6158,12.1898],[77.6214,12.1917],[77.6256,12.1897],[77.6289,12.1863],[77.633,12.1864],[77.6447,12.1886],[77.6554,12.1877],[77.6681,12.1837],[77.6728,12.1814],[77.7013,12.1726],[77.7108,12.1733],[77.7195,12.1715],[77.7264,12.1673],[77.7291,12.16],[77.732,12.1546],[77.7391,12.1479],[77.7405,12.1426],[77.7402,12.1293],[77.7442,12.1267],[77.7473,12.1223],[77.7528,12.118],[77.767,12.1091],[77.7684,12.1056],[77.7664,12.101],[77.7628,12.0975],[77.7583,12.0944],[77.7563,12.092],[77.7505,12.0805],[77.7461,12.0693],[77.734,12.0602],[77.7204,12.0534],[77.7156,12.0485],[77.7126,12.0414],[77.7072,12.0333],[77.7016,12.0271],[77.6941,12.0152],[77.6895,12.0099],[77.6812,11.9912],[77.681,11.9912],[77.6772,11.9843],[77.6671,11.9589],[77.6637,11.953],[77.6647,11.9397],[77.6604,11.9381],[77.6548,11.9374],[77.6468,11.9387],[77.6434,11.9442],[77.6395,11.9428],[77.6367,11.9403],[77.6302,11.938],[77.6152,11.9341],[77.6037,11.9303],[77.596,11.9293],[77.5914,11.9263],[77.5857,11.9295],[77.579,11.9283],[77.5733,11.924],[77.548,11.9307],[77.5313,11.9265],[77.5237,11.9215],[77.514,11.9257],[77.511,11.9253],[77.5006,11.9272],[77.4904,11.9297],[77.4844,11.9324],[77.4828,11.9287],[77.4839,11.9215],[77.4822,11.9121],[77.4795,11.9004],[77.4773,11.8953],[77.476,11.8896],[77.4772,11.8818],[77.4769,11.876],[77.4737,11.8778],[77.4704,11.8836],[77.4674,11.8832],[77.4633,11.8873],[77.4539,11.8906],[77.4528,11.8885],[77.4539,11.8819],[77.453,11.8759],[77.4533,11.8709],[77.4552,11.8673],[77.4539,11.8573],[77.4521,11.8532],[77.4525,11.8491],[77.451,11.8443],[77.4554,11.8427],[77.4563,11.8391],[77.4516,11.8234],[77.4466,11.8163],[77.4465,11.8115],[77.4425,11.8065],[77.4409,11.7913],[77.4362,11.7818],[77.4321,11.7789],[77.4303,11.7767],[77.4311,11.7717],[77.4238,11.7661],[77.4207,11.7603],[77.4193,11.7507],[77.4135,11.7512],[77.4125,11.7561],[77.4125,11.7623],[77.4065,11.7623],[77.4015,11.764],[77.3819,11.7762],[77.3622,11.7758],[77.3595,11.7788],[77.3552,11.7784],[77.3509,11.7686],[77.3457,11.7641],[77.3261,11.7589],[77.3136,11.77],[77.3062,11.7787],[77.2905,11.7942],[77.2848,11.7984],[77.2824,11.7929],[77.2783,11.7897],[77.2723,11.7912],[77.2485,11.8009],[77.2417,11.8025],[77.2413,11.794],[77.2371,11.7882],[77.2271,11.7837],[77.2164,11.7848],[77.2039,11.7845],[77.1897,11.7828],[77.1784,11.7795],[77.1723,11.7757],[77.1659,11.7742],[77.1554,11.7743],[77.1438,11.7713],[77.1372,11.772],[77.1346,11.7664],[77.131,11.7624],[77.1274,11.7609],[77.1197,11.7634],[77.1139,11.7618],[77.111,11.7631],[77.1028,11.7631],[77.1053,11.7595],[77.1061,11.7562],[77.1057,11.7506],[77.1032,11.7459],[77.1054,11.7316],[77.1083,11.7224],[77.1093,11.7128],[77.1037,11.7155],[77.0963,11.7231],[77.0759,11.7239],[77.0716,11.725],[77.0739,11.7295],[77.0501,11.7577],[77.0544,11.765],[77.0619,11.7721],[77.0565,11.7771],[77.0525,11.7792],[77.0457,11.7792],[77.0413,11.7776],[77.0276,11.7617],[77.0223,11.7647],[77.0303,11.7783],[77.0317,11.784],[77.0277,11.7867],[77.0286,11.7891],[77.0228,11.795],[77.0186,11.7973],[77.0134,11.7992],[77.0088,11.797],[77.0044,11.803],[76.9904,11.7993],[76.9821,11.7995],[76.9728,11.8011],[76.9734,11.7951],[76.9748,11.791],[76.9654,11.7765],[76.9633,11.7708],[76.9596,11.7652],[76.9532,11.7713],[76.9503,11.7754],[76.9444,11.7813],[76.9403,11.781],[76.9358,11.7767],[76.9324,11.7774],[76.9267,11.7809],[76.9135,11.7804],[76.9068,11.7812],[76.8997,11.7833],[76.8934,11.7773],[76.8915,11.7701],[76.888,11.7659],[76.8893,11.7606],[76.8885,11.7504],[76.886,11.7445],[76.8817,11.7301],[76.8809,11.7246],[76.8756,11.7179],[76.8646,11.7105],[76.8536,11.6988],[76.8557,11.6943],[76.8491,11.6872],[76.8462,11.6825],[76.8447,11.6774],[76.8414,11.6698],[76.8384,11.6647],[76.8357,11.6561],[76.8323,11.6527],[76.83,11.649],[76.8285,11.6441],[76.8278,11.6384],[76.8292,11.635],[76.8297,11.6293],[76.8331,11.6253],[76.8388,11.6234],[76.838,11.6188],[76.8383,11.6158],[76.8416,11.6132],[76.8458,11.6116],[76.8459,11.6061],[76.8509,11.6018],[76.8473,11.5886],[76.8438,11.586],[76.8373,11.5745],[76.836,11.584],[76.8335,11.587],[76.8299,11.5898],[76.8236,11.5913],[76.8165,11.5972],[76.8083,11.5962],[76.7908,11.5997],[76.7808,11.6036],[76.7738,11.6034],[76.7514,11.6067],[76.7463,11.6105],[76.741,11.6058],[76.7354,11.6052],[76.7202,11.6051],[76.7075,11.6059],[76.6931,11.6044],[76.679,11.6041],[76.6644,11.6051],[76.6337,11.6035],[76.6257,11.6038],[76.6079,11.6004],[76.6014,11.6012],[76.5967,11.6034],[76.5883,11.6044],[76.5862,11.608],[76.581,11.6094],[76.5748,11.6057],[76.5601,11.6101],[76.5536,11.6129],[76.5532,11.6195],[76.5497,11.627],[76.5471,11.6358],[76.5452,11.6483],[76.5431,11.6565],[76.543,11.663],[76.5404,11.6705],[76.5353,11.677],[76.5247,11.686],[76.5131,11.6942],[76.5042,11.698],[76.4878,11.6855],[76.4853,11.6823],[76.4793,11.6824],[76.4738,11.6842],[76.4737,11.6781],[76.4666,11.6723],[76.4514,11.6551],[76.4313,11.6566],[76.4235,11.6593],[76.4176,11.6634],[76.4102,11.6646],[76.4074,11.6695],[76.4022,11.6831],[76.4029,11.6995],[76.3964,11.7011],[76.4031,11.7068],[76.4063,11.7036],[76.4087,11.7041],[76.4111,11.71],[76.4179,11.7136],[76.4189,11.7171],[76.419,11.7215],[76.4173,11.7259],[76.412,11.7343],[76.4056,11.7334],[76.4066,11.7406],[76.4108,11.7465],[76.4077,11.7533],[76.4044,11.7499],[76.3907,11.7429],[76.3838,11.745],[76.3723,11.7362],[76.356,11.7399],[76.3511,11.7344],[76.3463,11.7305],[76.3409,11.7311],[76.335,11.7306],[76.3243,11.7387],[76.3176,11.7404],[76.3105,11.7439],[76.3031,11.7696],[76.3,11.7762],[76.2947,11.7781],[76.2837,11.7849],[76.2751,11.8008],[76.272,11.8035],[76.2654,11.8004],[76.2531,11.7998],[76.2444,11.7953],[76.2321,11.7965],[76.2185,11.8],[76.2143,11.8042],[76.212,11.8143],[76.2055,11.8196],[76.2072,11.8318],[76.2051,11.8387],[76.2034,11.8491],[76.2009,11.8541],[76.1961,11.8555],[76.184,11.8638],[76.1737,11.8624],[76.1626,11.86],[76.1494,11.861],[76.139,11.8571],[76.1256,11.8448],[76.1204,11.8443],[76.1165,11.843],[76.1081,11.8512],[76.1093,11.8586],[76.1087,11.8706],[76.1074,11.8763],[76.1087,11.9281],[76.1079,11.9706],[76.0913,11.9616],[76.081,11.9607],[76.0728,11.9613],[76.0667,11.9583],[76.0478,11.9445],[76.0419,11.9433],[76.0385,11.939],[76.0296,11.9328],[76.023,11.9347],[76.0184,11.935],[76.0139,11.9333],[76.004,11.9319],[75.9982,11.9236],[75.9944,11.9233],[75.9834,11.9254],[75.9799,11.9247],[75.9763,11.925],[75.9726,11.9276],[75.9679,11.927],[75.9589,11.9286],[75.9549,11.9315],[75.9484,11.9339],[75.9372,11.9328],[75.9311,11.9311],[75.9252,11.9329],[75.9196,11.9356],[75.9154,11.934],[75.9038,11.9348],[75.8944,11.9365],[75.8897,11.9381],[75.8833,11.9389],[75.8767,11.9407],[75.8659,11.9456],[75.8511,11.957],[75.8466,11.9647],[75.8444,11.9703],[75.8397,11.9728],[75.8306,11.9746],[75.827,11.978],[75.8244,11.9843],[75.8236,11.9946],[75.8238,11.9946],[75.8275,12.0028],[75.8266,12.0058],[75.8235,12.0093],[75.8119,12.0161],[75.812,12.022],[75.8102,12.0241],[75.8,12.0303],[75.7982,12.0327],[75.7986,12.0397],[75.7979,12.0416],[75.7933,12.0475],[75.7962,12.0495],[75.8017,12.068],[75.7997,12.0712],[75.7953,12.0742],[75.7896,12.0746],[75.7837,12.0764],[75.7679,12.0775],[75.763,12.0786],[75.7581,12.0772],[75.7519,12.0774],[75.7476,12.0734],[75.7429,12.0718],[75.7389,12.0722],[75.7344,12.0677],[75.7281,12.0641],[75.7171,12.0621],[75.7147,12.0653],[75.7142,12.0692],[75.7175,12.0775],[75.7171,12.0784],[75.7065,12.0828],[75.7007,12.0835],[75.7003,12.088],[75.7016,12.1003],[75.692,12.1026],[75.6842,12.1022],[75.6816,12.0966],[75.6783,12.0931],[75.6727,12.0907],[75.6676,12.09],[75.6624,12.0912],[75.6582,12.0943],[75.6528,12.1013],[75.6516,12.104],[75.6481,12.1056],[75.6475,12.1148],[75.643,12.1199],[75.6443,12.1237],[75.6439,12.1271],[75.6425,12.1308],[75.6407,12.1332],[75.6376,12.1338],[75.6368,12.1404],[75.6351,12.1424],[75.6294,12.1416],[75.6269,12.1451],[75.6171,12.1489],[75.6113,12.1459],[75.6081,12.1487],[75.6021,12.1468],[75.5976,12.1465],[75.5947,12.1454],[75.5932,12.143],[75.5914,12.143],[75.5872,12.1483],[75.5827,12.1504],[75.5768,12.1508],[75.5704,12.1655],[75.5638,12.1668],[75.5596,12.1687],[75.5553,12.1763],[75.5524,12.1761],[75.5511,12.1844],[75.5488,12.1884],[75.5439,12.192],[75.5404,12.1924],[75.5379,12.1954],[75.5337,12.1961],[75.533,12.1991],[75.5369,12.2035],[75.538,12.2068],[75.5379,12.2111],[75.5253,12.2196],[75.5248,12.225],[75.5234,12.2289],[75.5185,12.2306],[75.5199,12.2332],[75.5193,12.2359],[75.5167,12.2438],[75.5131,12.2493],[75.5114,12.2504],[75.5111,12.2533],[75.5039,12.2597],[75.5039,12.2632],[75.502,12.264],[75.494,12.2651],[75.4925,12.2668],[75.4867,12.2815],[75.4827,12.2862],[75.4672,12.2954],[75.4584,12.2886],[75.4414,12.29],[75.4361,12.2918],[75.4307,12.292],[75.4274,12.2907],[75.4237,12.287],[75.4191,12.2864],[75.4216,12.291],[75.4304,12.2995],[75.4299,12.3022],[75.4231,12.3081],[75.42,12.3145],[75.4199,12.3195],[75.4163,12.3215],[75.4144,12.3338],[75.4112,12.3378],[75.4101,12.3413],[75.4143,12.3439],[75.4177,12.3484],[75.4194,12.3525],[75.4214,12.3619],[75.4214,12.3667],[75.4189,12.3695],[75.4115,12.3746],[75.4034,12.3726],[75.4011,12.3757],[75.3971,12.3752],[75.3943,12.3798],[75.3907,12.3834],[75.3858,12.3856],[75.3812,12.3848],[75.3786,12.3867],[75.3762,12.3925],[75.3722,12.3957],[75.3697,12.4018],[75.3656,12.407],[75.3705,12.4289],[75.3694,12.4456],[75.3659,12.4491],[75.3666,12.4517],[75.3858,12.4507],[75.3919,12.4451],[75.4035,12.4476],[75.4091,12.4499],[75.4147,12.4541],[75.4168,12.4589],[75.4225,12.4601],[75.4243,12.4663],[75.4205,12.4715],[75.4202,12.4797],[75.4145,12.4967],[75.4089,12.4942],[75.4042,12.4896],[75.401,12.4906],[75.3973,12.4978],[75.3949,12.4976],[75.3919,12.4925],[75.3866,12.4919],[75.3831,12.4927],[75.3811,12.4915],[75.3795,12.4879],[75.3772,12.4864],[75.3722,12.4855],[75.37,12.4835],[75.3706,12.481],[75.373,12.4772],[75.3721,12.4688],[75.3627,12.4649],[75.3594,12.46],[75.3556,12.458],[75.3409,12.456],[75.3368,12.4578],[75.3405,12.4646],[75.3383,12.4733],[75.3394,12.4796],[75.339,12.4829],[75.3356,12.485],[75.3348,12.4902],[75.3281,12.4918],[75.3206,12.4913],[75.3142,12.492],[75.3101,12.4958],[75.3074,12.4974],[75.3049,12.4968],[75.3043,12.4975],[75.3047,12.5173],[75.3,12.5169],[75.2961,12.5197],[75.2918,12.5207],[75.2858,12.5199],[75.2811,12.5181],[75.2796,12.5234],[75.2724,12.5399],[75.2709,12.5535],[75.2726,12.5589],[75.2768,12.5641],[75.2835,12.5642],[75.2868,12.565],[75.2914,12.5749],[75.295,12.5749],[75.3031,12.5735],[75.3098,12.5716],[75.3162,12.5687],[75.3194,12.5737],[75.3263,12.5744],[75.3285,12.5771],[75.3279,12.5852],[75.3185,12.5851],[75.3083,12.5879],[75.3056,12.5949],[75.3015,12.5991],[75.2983,12.5984],[75.2939,12.5955],[75.2911,12.5966],[75.2889,12.6046],[75.281,12.608],[75.2767,12.6117],[75.2703,12.609],[75.2679,12.6057],[75.2621,12.593],[75.2588,12.591],[75.2562,12.5857],[75.2502,12.5792],[75.2495,12.5749],[75.24,12.574],[75.2387,12.5725],[75.2382,12.5641],[75.2363,12.5618],[75.2313,12.5608],[75.2229,12.5626],[75.2169,12.5711],[75.214,12.5734],[75.2108,12.584],[75.2075,12.583],[75.2034,12.5806],[75.2046,12.5867],[75.2075,12.5885],[75.209,12.5915],[75.2095,12.5973],[75.2073,12.5999],[75.2024,12.6027],[75.1987,12.6062],[75.1995,12.6131],[75.2028,12.6231],[75.2014,12.6251],[75.1944,12.6254],[75.1899,12.6271],[75.1826,12.6274],[75.1775,12.6222],[75.17,12.6166],[75.1628,12.6176],[75.1592,12.6171],[75.1549,12.6196],[75.1477,12.6287],[75.143,12.6333],[75.1412,12.6378],[75.1503,12.6419],[75.1512,12.6434],[75.1516,12.6494],[75.1551,12.6537],[75.1613,12.6641],[75.1611,12.6657],[75.1557,12.666],[75.1507,12.6689],[75.1506,12.6763],[75.1445,12.6729],[75.1392,12.6728],[75.1367,12.6712],[75.1319,12.6708],[75.1269,12.6733],[75.1208,12.6736],[75.1127,12.6759],[75.1087,12.6849],[75.1044,12.6916],[75.0993,12.6934],[75.0916,12.6947],[75.0861,12.6978],[75.0824,12.6932],[75.085,12.6897],[75.0874,12.676],[75.0867,12.6709],[75.0849,12.6705],[75.0831,12.6664],[75.0794,12.6666],[75.0752,12.6654],[75.0703,12.658],[75.066,12.658],[75.0609,12.6615],[75.0583,12.6586],[75.0553,12.6601],[75.0478,12.6601],[75.0448,12.6633],[75.0431,12.6706],[75.0447,12.6874],[75.0486,12.6883],[75.0521,12.687],[75.0546,12.6836],[75.0568,12.6867],[75.0522,12.6982],[75.0557,12.7034],[75.0529,12.7098],[75.0497,12.7147],[75.0462,12.7163],[75.0431,12.7155],[75.0381,12.7186],[75.0314,12.717],[75.0257,12.7143],[75.023,12.7156],[75.0191,12.7148],[75.0143,12.7078],[75.0071,12.7092],[75.004,12.7117],[75.0031,12.7137],[75.0109,12.7193],[75.0122,12.7228],[75.0002,12.7274],[74.993,12.7331],[74.9902,12.7311],[74.9884,12.7319],[74.9869,12.7288],[74.9848,12.7299],[74.9844,12.7359],[74.9861,12.7385],[74.9899,12.7373],[74.9918,12.7382],[74.9953,12.7448],[75.0003,12.7516],[75.0043,12.754],[75.0071,12.7571],[75.0086,12.7604],[75.0078,12.7651],[75.0052,12.7693],[75.0041,12.7736],[75.0053,12.7855],[75.0039,12.7856],[75.0003,12.7835],[74.996,12.788],[74.9923,12.7905],[74.9895,12.7908],[74.9888,12.7892],[74.9926,12.7836],[74.9873,12.7779],[74.9819,12.7752],[74.9707,12.7726],[74.969,12.7729],[74.9686,12.7763],[74.9673,12.7769],[74.9654,12.7748],[74.9634,12.7748],[74.9603,12.779],[74.9542,12.7793],[74.9373,12.7722],[74.9294,12.7713],[74.9091,12.763],[74.908,12.7626],[74.9051,12.7599],[74.9014,12.7595],[74.8978,12.7554],[74.8945,12.7561],[74.8918,12.7545],[74.8887,12.7524],[74.8856,12.7488],[74.8799,12.7493],[74.878,12.7502],[74.8777,12.7523],[74.8759,12.7553],[74.8671,12.7545],[74.8671,12.7546],[74.8674,12.7546],[74.8674,12.7563],[74.8671,12.7563],[74.8671,12.7576],[74.8668,12.7576],[74.8668,12.7582],[74.8665,12.7582],[74.8665,12.7588],[74.8662,12.7588],[74.8662,12.7593],[74.866,12.7593],[74.866,12.7599],[74.8657,12.7598],[74.8657,12.7604],[74.8654,12.7604],[74.8654,12.7607],[74.8649,12.7607],[74.8649,12.7601],[74.8646,12.7601],[74.8646,12.7598],[74.8643,12.7598],[74.8643,12.7604],[74.8637,12.7604],[74.8637,12.761],[74.8635,12.761],[74.8635,12.7618],[74.8632,12.7618],[74.8632,12.7626],[74.8629,12.7626],[74.8629,12.7632],[74.8626,12.7632],[74.8626,12.764],[74.8624,12.764],[74.8624,12.7646],[74.8621,12.7646],[74.8621,12.7654],[74.8618,12.7654],[74.8618,12.766],[74.8615,12.766],[74.8615,12.7662],[74.8615,12.7668],[74.8613,12.7668],[74.8613,12.7671],[74.8613,12.7676],[74.861,12.7676],[74.861,12.768],[74.861,12.7682],[74.8607,12.7682],[74.8607,12.7689],[74.8607,12.769],[74.8604,12.769],[74.8604,12.7694],[74.8604,12.7696],[74.8602,12.7696],[74.8601,12.7704],[74.8599,12.7704],[74.8599,12.771],[74.8596,12.771],[74.8596,12.7718],[74.8593,12.7718],[74.8593,12.7724],[74.859,12.7724],[74.859,12.7732],[74.8587,12.7732],[74.8587,12.774],[74.8585,12.774],[74.8585,12.7746],[74.8582,12.7746],[74.8582,12.7754],[74.8579,12.7754],[74.8579,12.7763],[74.8576,12.7763],[74.8576,12.7768],[74.8574,12.7768],[74.8574,12.7776],[74.8571,12.7776],[74.8571,12.7782],[74.8568,12.7782],[74.8568,12.7788],[74.8565,12.7788],[74.8565,12.7796],[74.8562,12.7796],[74.8562,12.7801],[74.856,12.7801],[74.856,12.781],[74.8557,12.781],[74.8557,12.7815],[74.8554,12.7815],[74.8554,12.7821],[74.8551,12.7821],[74.8551,12.7826],[74.8549,12.7826],[74.8549,12.7832],[74.8546,12.7832],[74.8546,12.7838],[74.8543,12.7838],[74.8543,12.7843],[74.854,12.7843],[74.854,12.7849],[74.8538,12.7849],[74.8538,12.7854],[74.8535,12.7854],[74.8535,12.786],[74.8532,12.786],[74.8532,12.7865],[74.8529,12.7865],[74.8529,12.7871],[74.8526,12.7871],[74.8526,12.7876],[74.8524,12.7876],[74.8524,12.7879],[74.8521,12.7879],[74.8521,12.7882],[74.8518,12.7882],[74.8518,12.7888],[74.8515,12.7888],[74.8515,12.789],[74.851,12.789],[74.851,12.7893],[74.8507,12.7893],[74.8507,12.7896],[74.8504,12.7896],[74.8504,12.7902],[74.8501,12.7902],[74.8501,12.7904],[74.8496,12.7904],[74.8496,12.791],[74.8493,12.791],[74.8493,12.7921],[74.849,12.7921],[74.849,12.7924],[74.8487,12.7924],[74.8487,12.7926],[74.8485,12.7926],[74.8485,12.7932],[74.8479,12.7932],[74.8479,12.7938],[74.8476,12.7938],[74.8476,12.794],[74.8474,12.794],[74.8474,12.7943],[74.8471,12.7943],[74.8471,12.7946],[74.8465,12.7946],[74.8465,12.7951],[74.8463,12.7951],[74.8463,12.796],[74.846,12.796],[74.846,12.7965],[74.8457,12.7965],[74.8457,12.7968],[74.8454,12.7968],[74.8454,12.7971],[74.8457,12.7971],[74.8457,12.7974],[74.8454,12.7974],[74.8454,12.7976],[74.8451,12.7976],[74.8451,12.7982],[74.8449,12.7982],[74.8449,12.799],[74.8446,12.799],[74.8446,12.8001],[74.8443,12.8001],[74.8443,12.8004],[74.844,12.8004],[74.844,12.801],[74.8438,12.801],[74.8438,12.8021],[74.8435,12.8021],[74.8435,12.8038],[74.8432,12.8038],[74.8432,12.8046],[74.8429,12.8046],[74.8429,12.8054],[74.8426,12.8054],[74.8426,12.806],[74.8424,12.806],[74.8424,12.8068],[74.8421,12.8068],[74.8421,12.8076],[74.8418,12.8076],[74.8418,12.8085],[74.8415,12.8085],[74.8415,12.809],[74.8412,12.809],[74.8412,12.8096],[74.841,12.8096],[74.841,12.8101],[74.8407,12.8101],[74.8407,12.811],[74.8404,12.811],[74.8404,12.8115],[74.8401,12.8115],[74.8401,12.8121],[74.8399,12.8121],[74.8399,12.8124],[74.8401,12.8124],[74.8401,12.8129],[74.8399,12.8129],[74.8399,12.8135],[74.8396,12.8135],[74.8396,12.8138],[74.8393,12.8138],[74.8393,12.8149],[74.839,12.8149],[74.839,12.8165],[74.8388,12.8165],[74.8388,12.8176],[74.8382,12.8176],[74.8382,12.8179],[74.8379,12.8179],[74.8379,12.819],[74.8376,12.819],[74.8376,12.8199],[74.8374,12.8199],[74.8374,12.8204],[74.8371,12.8204],[74.8371,12.8213],[74.8368,12.8213],[74.8368,12.8215],[74.8365,12.8215],[74.8365,12.8229],[74.8363,12.8229],[74.8363,12.824],[74.836,12.824],[74.836,12.8246],[74.8357,12.8246],[74.8357,12.8254],[74.8354,12.8254],[74.8354,12.826],[74.8351,12.826],[74.8351,12.8263],[74.8354,12.8263],[74.8354,12.8265],[74.8351,12.8265],[74.8351,12.8274],[74.8349,12.8274],[74.8349,12.8285],[74.8346,12.8285],[74.8346,12.8293],[74.8343,12.8293],[74.8343,12.8299],[74.834,12.8299],[74.834,12.8307],[74.8337,12.8307],[74.8337,12.8313],[74.8337,12.8318],[74.8335,12.8318],[74.8335,12.8321],[74.8333,12.8321],[74.8332,12.8323],[74.8332,12.8332],[74.8329,12.8332],[74.8329,12.834],[74.8326,12.834],[74.8326,12.8346],[74.8321,12.8346],[74.8321,12.8354],[74.8315,12.8354],[74.8315,12.836],[74.8313,12.836],[74.8313,12.8374],[74.831,12.8374],[74.831,12.8376],[74.8307,12.8376],[74.8307,12.8382],[74.8304,12.8382],[74.8304,12.8393],[74.8301,12.8393],[74.8301,12.8401],[74.8296,12.8401],[74.8296,12.8407],[74.8293,12.8407],[74.8293,12.8413],[74.829,12.8413],[74.829,12.8418],[74.8288,12.8418],[74.8288,12.8432],[74.8285,12.8432],[74.8285,12.8435],[74.829,12.8435],[74.829,12.8432],[74.8293,12.8432],[74.8293,12.8426],[74.8299,12.8426],[74.8299,12.8429],[74.8296,12.8429],[74.8296,12.844],[74.8293,12.844],[74.8293,12.8449],[74.829,12.8449],[74.829,12.8457],[74.8288,12.8457],[74.8288,12.8465],[74.829,12.8465],[74.829,12.8468],[74.8276,12.8468],[74.8276,12.8471],[74.8265,12.8471],[74.8265,12.8474],[74.8256,12.8474],[74.8254,12.8474],[74.8254,12.8471],[74.8249,12.8471],[74.8249,12.8468],[74.8243,12.8468],[74.8243,12.8465],[74.8238,12.8465],[74.8238,12.8471],[74.8235,12.8471],[74.8235,12.8482],[74.8232,12.8482],[74.8232,12.8493],[74.8229,12.8493],[74.8229,12.8496],[74.8226,12.8496],[74.8226,12.8504],[74.8224,12.8504],[74.8224,12.851],[74.8218,12.851],[74.8218,12.8512],[74.8215,12.8512],[74.8215,12.8521],[74.8213,12.8521],[74.8213,12.8524],[74.821,12.8524],[74.821,12.8529],[74.8213,12.8529],[74.8213,12.8568],[74.821,12.8568],[74.821,12.8585],[74.8207,12.8585],[74.8207,12.8593],[74.8204,12.8593],[74.8204,12.8604],[74.8201,12.8604],[74.8201,12.861],[74.8199,12.861],[74.8199,12.8626],[74.8196,12.8626],[74.8196,12.8629],[74.8199,12.8629],[74.8199,12.8632],[74.8196,12.8632],[74.8196,12.8638],[74.8193,12.8638],[74.8193,12.8646],[74.819,12.8646],[74.819,12.8668],[74.8187,12.8668],[74.8187,12.8671],[74.8185,12.8671],[74.8185,12.8676],[74.8182,12.8676],[74.8182,12.8688],[74.8184,12.8687],[74.8185,12.8687],[74.8185,12.8701],[74.8182,12.8701],[74.8182,12.8704],[74.8179,12.8704],[74.8179,12.8707],[74.8182,12.8707],[74.8182,12.8721],[74.8179,12.8721],[74.8179,12.8724],[74.8176,12.8724],[74.8176,12.8729],[74.8174,12.8729],[74.8174,12.8738],[74.8176,12.8737],[74.8176,12.8757],[74.8174,12.8757],[74.8174,12.8766],[74.8174,12.8768],[74.8171,12.8768],[74.8171,12.8772],[74.8171,12.8774],[74.8168,12.8774],[74.8168,12.8776],[74.8165,12.8776],[74.8165,12.8784],[74.8165,12.879],[74.8162,12.879],[74.8162,12.8801],[74.816,12.8801],[74.816,12.8821],[74.8157,12.8821],[74.8157,12.8843],[74.8154,12.8843],[74.8154,12.8854],[74.8151,12.8854],[74.8151,12.8857],[74.8154,12.8857],[74.8154,12.886],[74.8151,12.886],[74.8151,12.8862],[74.8149,12.8862],[74.8149,12.8868],[74.8146,12.8868],[74.8146,12.8874],[74.8143,12.8874],[74.8143,12.8876],[74.814,12.8876],[74.814,12.8896],[74.8138,12.8896],[74.8138,12.8904],[74.814,12.8904],[74.814,12.891],[74.8138,12.891],[74.8138,12.8921],[74.8135,12.8921],[74.8135,12.8935],[74.8132,12.8935],[74.8132,12.894],[74.8129,12.894],[74.8129,12.8965],[74.8126,12.8965],[74.8126,12.8976],[74.8124,12.8976],[74.8124,12.8982],[74.8121,12.8982],[74.8121,12.899],[74.8118,12.899],[74.8118,12.9007],[74.8115,12.9007],[74.8115,12.9018],[74.8112,12.9018],[74.8112,12.9021],[74.811,12.9021],[74.811,12.9026],[74.8107,12.9026],[74.8107,12.9035],[74.811,12.9035],[74.811,12.9037],[74.8107,12.9037],[74.8107,12.9051],[74.811,12.9051],[74.811,12.906],[74.8104,12.906],[74.8104,12.9074],[74.8099,12.9074],[74.8099,12.911],[74.8096,12.911],[74.8096,12.9113],[74.8093,12.9113],[74.8093,12.9118],[74.809,12.9118],[74.809,12.9135],[74.8087,12.9135],[74.8087,12.9137],[74.8085,12.9137],[74.8085,12.9149],[74.8082,12.9149],[74.8082,12.9163],[74.8079,12.9163],[74.8079,12.9171],[74.8076,12.9171],[74.8076,12.9174],[74.8079,12.9174],[74.8079,12.9182],[74.8076,12.9182],[74.8076,12.9188],[74.8074,12.9188],[74.8074,12.919],[74.8071,12.919],[74.8071,12.9193],[74.8068,12.9193],[74.8068,12.921],[74.8071,12.921],[74.8071,12.9213],[74.8074,12.9213],[74.8074,12.9215],[74.8076,12.9215],[74.8076,12.9221],[74.8079,12.9221],[74.8079,12.9224],[74.8076,12.9224],[74.8076,12.9246],[74.809,12.9246],[74.809,12.9243],[74.8096,12.9243],[74.8096,12.924],[74.8099,12.924],[74.8099,12.9235],[74.8104,12.9235],[74.8104,12.9226],[74.8107,12.9226],[74.8107,12.9221],[74.811,12.9221],[74.811,12.9215],[74.8113,12.9215],[74.8113,12.9207],[74.8115,12.9207],[74.8115,12.9201],[74.8118,12.9201],[74.8118,12.9196],[74.8121,12.9196],[74.8121,12.919],[74.8124,12.919],[74.8124,12.9188],[74.8129,12.9188],[74.8129,12.9185],[74.8138,12.9185],[74.8138,12.919],[74.814,12.919],[74.814,12.9207],[74.8143,12.9207],[74.8143,12.9213],[74.814,12.9213],[74.814,12.9215],[74.8138,12.9215],[74.8138,12.9224],[74.8143,12.9224],[74.8143,12.9229],[74.8154,12.9229],[74.8154,12.9232],[74.8157,12.9232],[74.8157,12.9235],[74.816,12.9235],[74.816,12.9238],[74.8162,12.9238],[74.8162,12.924],[74.8165,12.924],[74.8165,12.9243],[74.8168,12.9243],[74.8168,12.9246],[74.8174,12.9246],[74.8174,12.9249],[74.8176,12.9249],[74.8176,12.9251],[74.8179,12.9251],[74.8179,12.9254],[74.8182,12.9254],[74.8182,12.9257],[74.8185,12.9257],[74.8185,12.926],[74.8187,12.926],[74.8187,12.9263],[74.8193,12.9263],[74.8193,12.9265],[74.8196,12.9265],[74.8196,12.9268],[74.8199,12.9268],[74.8199,12.9271],[74.8201,12.9271],[74.8201,12.9274],[74.8204,12.9274],[74.8204,12.9276],[74.8207,12.9276],[74.8207,12.9279],[74.821,12.9279],[74.821,12.9293],[74.8207,12.9293],[74.8207,12.9299],[74.8204,12.9299],[74.8204,12.9304],[74.8201,12.9304],[74.8201,12.9307],[74.8193,12.9307],[74.8193,12.9304],[74.8182,12.9304],[74.8182,12.931],[74.8179,12.931],[74.8179,12.9312],[74.8174,12.9312],[74.8174,12.931],[74.8171,12.931],[74.8171,12.9307],[74.8168,12.9307],[74.8168,12.9304],[74.8171,12.9304],[74.8171,12.9299],[74.8168,12.9299],[74.8168,12.9296],[74.8162,12.9296],[74.8162,12.9299],[74.8154,12.9299],[74.8154,12.9301],[74.8149,12.9301],[74.8149,12.9304],[74.8146,12.9304],[74.8146,12.9307],[74.8138,12.9307],[74.8138,12.931],[74.8132,12.931],[74.8132,12.9307],[74.8124,12.9307],[74.8124,12.9304],[74.8115,12.9304],[74.8115,12.9301],[74.811,12.9301],[74.811,12.9299],[74.8107,12.9299],[74.8107,12.9296],[74.809,12.9296],[74.809,12.9293],[74.8085,12.9293],[74.8085,12.929],[74.8076,12.929],[74.8076,12.9288],[74.8071,12.9288],[74.8071,12.9282],[74.8068,12.9282],[74.8068,12.9285],[74.8065,12.9285],[74.8065,12.929],[74.8063,12.929],[74.8063,12.9299],[74.806,12.9299],[74.806,12.9307],[74.8057,12.9307],[74.8057,12.931],[74.8051,12.931],[74.8051,12.9312],[74.8043,12.9312],[74.8043,12.931],[74.8035,12.931],[74.8035,12.9307],[74.8029,12.9307],[74.8029,12.9312],[74.8024,12.9312],[74.8024,12.9318],[74.8029,12.9318],[74.8029,12.9321],[74.8032,12.9321],[74.8032,12.9324],[74.8035,12.9324],[74.8035,12.9332],[74.8037,12.9332],[74.8037,12.9335],[74.804,12.9335],[74.804,12.9338],[74.8043,12.9338],[74.8043,12.9351],[74.804,12.9351],[74.804,12.9371],[74.8037,12.9371],[74.8037,12.9388],[74.8035,12.9388],[74.8035,12.9401],[74.8032,12.9401],[74.8032,12.9415],[74.8029,12.9415],[74.8029,12.9432],[74.8026,12.9432],[74.8026,12.9446],[74.8024,12.9446],[74.8024,12.946],[74.8021,12.946],[74.8021,12.9476],[74.8018,12.9476],[74.8018,12.949],[74.8015,12.949],[74.8015,12.9507],[74.8012,12.9507],[74.8012,12.9521],[74.801,12.9521],[74.801,12.9535],[74.8007,12.9535],[74.8007,12.954],[74.8007,12.9551],[74.8004,12.9551],[74.8004,12.9556],[74.8004,12.9565],[74.8001,12.9565],[74.8001,12.9568],[74.8001,12.9579],[74.7999,12.9579],[74.7999,12.958],[74.7999,12.9596],[74.7996,12.9596],[74.7996,12.961],[74.7993,12.961],[74.7993,12.9626],[74.799,12.9626],[74.799,12.964],[74.7988,12.964],[74.7988,12.9657],[74.7985,12.9657],[74.7985,12.9671],[74.7982,12.9671],[74.7982,12.9685],[74.7979,12.9685],[74.7979,12.9701],[74.7976,12.9701],[74.7976,12.9715],[74.7974,12.9715],[74.7974,12.9732],[74.7971,12.9732],[74.7971,12.9743],[74.7968,12.9743],[74.7968,12.9751],[74.7965,12.9751],[74.7965,12.976],[74.7962,12.976],[74.7962,12.9771],[74.796,12.9771],[74.796,12.9785],[74.7957,12.9785],[74.7957,12.9793],[74.7954,12.9793],[74.7954,12.981],[74.7951,12.981],[74.7951,12.9826],[74.7949,12.9826],[74.7949,12.9843],[74.7946,12.9843],[74.7946,12.986],[74.7943,12.986],[74.7943,12.9882],[74.794,12.9882],[74.794,12.989],[74.7937,12.989],[74.7937,12.9901],[74.7935,12.9901],[74.7935,12.9913],[74.7932,12.9913],[74.7932,12.9924],[74.7929,12.9924],[74.7929,12.9932],[74.7926,12.9932],[74.7926,12.9943],[74.7925,12.9943],[74.7924,12.9943],[74.7924,12.9954],[74.7921,12.9954],[74.7921,12.9963],[74.7918,12.9963],[74.7918,12.9974],[74.7915,12.9974],[74.7915,12.9985],[74.7913,12.9985],[74.7913,12.9996],[74.791,12.9996],[74.791,13.0001],[74.7907,13.0001],[74.7907,13.0004],[74.7904,13.0004],[74.7904,13.0007],[74.7901,13.0007],[74.7901,13.0015],[74.7904,13.0015],[74.7904,13.0024],[74.7901,13.0024],[74.7901,13.0035],[74.7896,13.0035],[74.7896,13.0038],[74.7893,13.0037],[74.7893,13.0057],[74.789,13.0057],[74.789,13.0076],[74.7887,13.0076],[74.7887,13.0088],[74.7885,13.0087],[74.7885,13.0107],[74.7879,13.0107],[74.7879,13.0135],[74.7876,13.0135],[74.7876,13.014],[74.7878,13.014],[74.7879,13.014],[74.7879,13.0146],[74.7876,13.0146],[74.7876,13.0157],[74.7874,13.0157],[74.7874,13.0171],[74.7871,13.0171],[74.7871,13.0176],[74.7868,13.0176],[74.7868,13.0193],[74.7865,13.0193],[74.7865,13.0199],[74.7862,13.0199],[74.7862,13.0221],[74.786,13.0221],[74.786,13.0229],[74.7857,13.0229],[74.7857,13.0246],[74.7854,13.0246],[74.7854,13.0263],[74.7851,13.0263],[74.7851,13.0274],[74.7849,13.0274],[74.7849,13.0288],[74.7846,13.0288],[74.7846,13.0307],[74.7843,13.0307],[74.7843,13.0318],[74.784,13.0318],[74.784,13.0329],[74.7838,13.0329],[74.7838,13.034],[74.7835,13.034],[74.7835,13.0349],[74.7832,13.0349],[74.7832,13.0365],[74.7829,13.0365],[74.7829,13.0385],[74.7826,13.0385],[74.7826,13.0396],[74.7824,13.0396],[74.7824,13.0404],[74.7821,13.0404],[74.7821,13.041],[74.7818,13.041],[74.7818,13.0413],[74.7821,13.0413],[74.7821,13.0415],[74.7818,13.0415],[74.7818,13.0418],[74.7821,13.0418],[74.7821,13.0421],[74.7818,13.0421],[74.7818,13.0435],[74.7815,13.0435],[74.7815,13.0446],[74.7813,13.0446],[74.7813,13.0451],[74.781,13.0451],[74.781,13.0454],[74.7813,13.0454],[74.7813,13.0457],[74.781,13.0457],[74.781,13.0471],[74.7807,13.0471],[74.7807,13.0482],[74.7804,13.0482],[74.7804,13.0499],[74.7801,13.0499],[74.7801,13.0507],[74.7799,13.0507],[74.7799,13.051],[74.7801,13.051],[74.7801,13.0524],[74.7796,13.0524],[74.7796,13.0526],[74.7793,13.0526],[74.7793,13.0529],[74.7799,13.0529],[74.7799,13.0535],[74.7796,13.0535],[74.7796,13.054],[74.7793,13.054],[74.7793,13.0543],[74.779,13.0543],[74.779,13.0571],[74.779,13.0579],[74.7787,13.0579],[74.7787,13.0585],[74.7785,13.0585],[74.7785,13.0604],[74.7782,13.0604],[74.7782,13.0621],[74.7779,13.0621],[74.7779,13.0626],[74.7782,13.0626],[74.7782,13.0643],[74.7779,13.0643],[74.7779,13.0649],[74.7776,13.0649],[74.7776,13.0654],[74.7774,13.0654],[74.7774,13.066],[74.7771,13.066],[74.7771,13.0665],[74.7768,13.0665],[74.7768,13.0676],[74.7765,13.0676],[74.7765,13.0693],[74.7763,13.0693],[74.7763,13.0708],[74.7763,13.071],[74.776,13.071],[74.776,13.0712],[74.776,13.0732],[74.7757,13.0732],[74.7757,13.0737],[74.7754,13.0737],[74.7754,13.0757],[74.7751,13.0757],[74.7751,13.0771],[74.7749,13.0771],[74.7749,13.0776],[74.7746,13.0776],[74.7746,13.0782],[74.7765,13.0782],[74.7765,13.0774],[74.7768,13.0774],[74.7768,13.0771],[74.7765,13.0771],[74.7765,13.0765],[74.7768,13.0765],[74.7768,13.0763],[74.7771,13.0763],[74.7771,13.0751],[74.7774,13.0751],[74.7774,13.074],[74.7776,13.074],[74.7776,13.0732],[74.7779,13.0732],[74.7779,13.0726],[74.7782,13.0726],[74.7782,13.0724],[74.7785,13.0724],[74.7785,13.0721],[74.7787,13.0721],[74.7787,13.0715],[74.779,13.0715],[74.779,13.0712],[74.7793,13.0712],[74.7793,13.0707],[74.7796,13.0707],[74.7796,13.0649],[74.7796,13.0646],[74.7797,13.0646],[74.7799,13.0646],[74.7799,13.0642],[74.7799,13.0626],[74.7801,13.0626],[74.7801,13.0621],[74.7804,13.0621],[74.7804,13.0615],[74.7807,13.0615],[74.7807,13.0613],[74.781,13.0612],[74.781,13.061],[74.7813,13.061],[74.7813,13.0604],[74.7818,13.0604],[74.7818,13.0601],[74.7821,13.0601],[74.7821,13.0599],[74.7824,13.0599],[74.7824,13.0596],[74.7826,13.0596],[74.7826,13.0593],[74.7832,13.0593],[74.7832,13.059],[74.7842,13.059],[74.7843,13.0593],[74.7846,13.0593],[74.7846,13.0604],[74.7844,13.0604],[74.7843,13.0604],[74.7843,13.061],[74.784,13.061],[74.784,13.0613],[74.7838,13.0613],[74.7838,13.0615],[74.7832,13.0615],[74.7832,13.0618],[74.7829,13.0618],[74.7829,13.0624],[74.7826,13.0624],[74.7826,13.0626],[74.7824,13.0626],[74.7824,13.0632],[74.7821,13.0632],[74.7821,13.0637],[74.7815,13.0637],[74.7815,13.064],[74.781,13.064],[74.781,13.0643],[74.7807,13.0643],[74.7807,13.0651],[74.7813,13.0651],[74.7813,13.066],[74.7815,13.066],[74.7815,13.0671],[74.7813,13.0671],[74.7813,13.0676],[74.781,13.0676],[74.781,13.0685],[74.7807,13.0685],[74.7807,13.0699],[74.7804,13.0699],[74.7804,13.071],[74.7801,13.071],[74.7801,13.0715],[74.7799,13.0715],[74.7799,13.0721],[74.7796,13.0721],[74.7796,13.0726],[74.7793,13.0726],[74.7793,13.0732],[74.7796,13.0732],[74.7796,13.0735],[74.7793,13.0735],[74.7793,13.0743],[74.779,13.0743],[74.779,13.0757],[74.7787,13.0757],[74.7787,13.076],[74.7785,13.076],[74.7785,13.0782],[74.7787,13.0782],[74.7787,13.0785],[74.779,13.0785],[74.779,13.0796],[74.7793,13.0796],[74.7793,13.0799],[74.779,13.0799],[74.779,13.0813],[74.7793,13.0813],[74.7793,13.0821],[74.779,13.0821],[74.779,13.0824],[74.7793,13.0824],[74.7793,13.0832],[74.7796,13.0832],[74.7796,13.0835],[74.7799,13.0835],[74.7799,13.0838],[74.7801,13.0837],[74.7801,13.0846],[74.7804,13.0846],[74.7804,13.0849],[74.7807,13.0849],[74.7807,13.086],[74.781,13.086],[74.781,13.0865],[74.7811,13.0865],[74.7813,13.0865],[74.7813,13.0871],[74.7815,13.0871],[74.7815,13.0874],[74.7818,13.0874],[74.7818,13.0879],[74.7821,13.0879],[74.7821,13.0882],[74.7824,13.0882],[74.7824,13.0891],[74.7824,13.0899],[74.7821,13.0899],[74.7821,13.091],[74.7818,13.091],[74.7818,13.0912],[74.7815,13.0912],[74.7815,13.0918],[74.7813,13.0918],[74.7813,13.0924],[74.781,13.0924],[74.781,13.0926],[74.7804,13.0926],[74.7804,13.0932],[74.7801,13.0932],[74.7801,13.0935],[74.7799,13.0935],[74.7799,13.0946],[74.7796,13.0946],[74.7796,13.0968],[74.7799,13.0968],[74.7799,13.0979],[74.7801,13.0979],[74.7801,13.0982],[74.7804,13.0982],[74.7804,13.0988],[74.7807,13.0988],[74.7807,13.0991],[74.7807,13.0993],[74.7813,13.0993],[74.7813,13.0996],[74.7827,13.0996],[74.7839,13.0996],[74.7843,13.0996],[74.7843,13.0993],[74.7849,13.0993],[74.7849,13.099],[74.7854,13.099],[74.7854,13.0988],[74.7862,13.0988],[74.7862,13.0985],[74.7868,13.0985],[74.7868,13.0982],[74.7874,13.0982],[74.7874,13.0979],[74.7896,13.0979],[74.7896,13.0988],[74.7874,13.0988],[74.7874,13.099],[74.7868,13.099],[74.7868,13.0993],[74.7862,13.0993],[74.7862,13.0996],[74.7854,13.0996],[74.7854,13.0999],[74.7849,13.0999],[74.7849,13.1002],[74.7843,13.1002],[74.7843,13.1004],[74.7813,13.1004],[74.7813,13.1002],[74.7807,13.1002],[74.7807,13.0999],[74.7801,13.0999],[74.7801,13.0996],[74.7799,13.0996],[74.7799,13.0993],[74.7785,13.0993],[74.7785,13.0988],[74.7782,13.0988],[74.7782,13.0982],[74.7779,13.0982],[74.7779,13.0974],[74.778,13.0974],[74.7782,13.0974],[74.7782,13.0962],[74.7779,13.0962],[74.7779,13.0951],[74.7782,13.0951],[74.7782,13.0949],[74.7779,13.0949],[74.7779,13.0932],[74.7782,13.0932],[74.7782,13.0926],[74.7785,13.0926],[74.7785,13.0921],[74.779,13.0921],[74.779,13.0918],[74.7793,13.0918],[74.7793,13.091],[74.7796,13.091],[74.7796,13.0907],[74.7799,13.0907],[74.7799,13.0899],[74.7801,13.0899],[74.7801,13.0896],[74.7799,13.0896],[74.7799,13.0893],[74.7796,13.0893],[74.7796,13.0882],[74.7793,13.0882],[74.7793,13.0863],[74.779,13.0863],[74.779,13.0857],[74.7785,13.0857],[74.7785,13.0854],[74.7782,13.0854],[74.7782,13.0857],[74.7779,13.0857],[74.7779,13.086],[74.7771,13.086],[74.7771,13.0854],[74.7765,13.0854],[74.7765,13.0846],[74.7763,13.0846],[74.7763,13.0815],[74.776,13.0815],[74.776,13.0818],[74.7757,13.0818],[74.7757,13.0821],[74.7751,13.0821],[74.7751,13.0826],[74.7743,13.0826],[74.7743,13.0828],[74.7743,13.0829],[74.774,13.0829],[74.774,13.0832],[74.7735,13.0832],[74.7735,13.0838],[74.7732,13.0837],[74.7732,13.0846],[74.7729,13.0846],[74.7729,13.0854],[74.7726,13.0854],[74.7726,13.0863],[74.7724,13.0863],[74.7724,13.0874],[74.7721,13.0874],[74.7721,13.0896],[74.7718,13.0896],[74.7718,13.0901],[74.7715,13.0901],[74.7715,13.0907],[74.7712,13.0907],[74.7712,13.0918],[74.771,13.0918],[74.771,13.0924],[74.7707,13.0924],[74.7707,13.0938],[74.7704,13.0938],[74.7704,13.0943],[74.7701,13.0943],[74.7701,13.0949],[74.7699,13.0949],[74.7699,13.0954],[74.7696,13.0954],[74.7696,13.0971],[74.7693,13.0971],[74.7693,13.0993],[74.769,13.0993],[74.769,13.1004],[74.7688,13.1004],[74.7688,13.1012],[74.7685,13.1012],[74.7685,13.1015],[74.7682,13.1015],[74.7682,13.1021],[74.7685,13.1021],[74.7685,13.1032],[74.7682,13.1032],[74.7682,13.1038],[74.7679,13.1038],[74.7679,13.1051],[74.7676,13.1051],[74.7676,13.1071],[74.7674,13.1071],[74.7674,13.1082],[74.7671,13.1082],[74.7671,13.1093],[74.7668,13.1093],[74.7668,13.1107],[74.7665,13.1107],[74.7665,13.1118],[74.7663,13.1118],[74.7663,13.1132],[74.766,13.1132],[74.766,13.1143],[74.7657,13.1143],[74.7657,13.1154],[74.7654,13.1154],[74.7654,13.116],[74.7651,13.116],[74.7651,13.1168],[74.7649,13.1168],[74.7649,13.1174],[74.7646,13.1174],[74.7646,13.1196],[74.7643,13.1196],[74.7643,13.1218],[74.764,13.1218],[74.764,13.1226],[74.7637,13.1226],[74.7637,13.1237],[74.7635,13.1237],[74.7635,13.1246],[74.7632,13.1246],[74.7632,13.1254],[74.7629,13.1254],[74.7629,13.1265],[74.7626,13.1265],[74.7626,13.1274],[74.7624,13.1274],[74.7624,13.1307],[74.7621,13.1307],[74.7621,13.131],[74.7618,13.131],[74.7618,13.1313],[74.7615,13.1313],[74.7615,13.1335],[74.7613,13.1335],[74.7613,13.1343],[74.761,13.1343],[74.761,13.1349],[74.7607,13.1349],[74.7607,13.1363],[74.7604,13.1363],[74.7604,13.1388],[74.7601,13.1388],[74.7601,13.1393],[74.7599,13.1393],[74.7599,13.141],[74.7596,13.141],[74.7596,13.1421],[74.7593,13.1421],[74.7593,13.1432],[74.759,13.1432],[74.759,13.144],[74.7588,13.144],[74.7588,13.1446],[74.7585,13.1446],[74.7585,13.1471],[74.7579,13.1471],[74.7579,13.1507],[74.7576,13.1507],[74.7576,13.1515],[74.7574,13.1515],[74.7574,13.1524],[74.7571,13.1524],[74.7571,13.1525],[74.7571,13.1535],[74.757,13.1535],[74.7568,13.1535],[74.7568,13.1547],[74.7568,13.1549],[74.7565,13.1549],[74.7565,13.1557],[74.7562,13.1557],[74.7562,13.1565],[74.756,13.1565],[74.756,13.1579],[74.7557,13.1579],[74.7557,13.1588],[74.7554,13.1588],[74.7554,13.1599],[74.7551,13.1599],[74.7551,13.1607],[74.7549,13.1607],[74.7549,13.1629],[74.7546,13.1629],[74.7546,13.1638],[74.7543,13.1637],[74.7543,13.1646],[74.754,13.1646],[74.754,13.1654],[74.7537,13.1654],[74.7537,13.1663],[74.7535,13.1663],[74.7535,13.1674],[74.7532,13.1674],[74.7532,13.1682],[74.7529,13.1682],[74.7529,13.1693],[74.7526,13.1693],[74.7526,13.1699],[74.7524,13.1699],[74.7524,13.1701],[74.7521,13.1701],[74.7521,13.1724],[74.7518,13.1724],[74.7518,13.1732],[74.7515,13.1732],[74.7515,13.1743],[74.7513,13.1743],[74.7513,13.1751],[74.751,13.1751],[74.751,13.1765],[74.7504,13.1765],[74.7504,13.1768],[74.7501,13.1768],[74.7501,13.179],[74.7499,13.179],[74.7499,13.1796],[74.7496,13.1796],[74.7496,13.1799],[74.7493,13.1799],[74.7493,13.1815],[74.749,13.1815],[74.749,13.1821],[74.7487,13.1821],[74.7487,13.1826],[74.7485,13.1826],[74.7485,13.1835],[74.7485,13.1838],[74.7482,13.1838],[74.7482,13.1843],[74.7479,13.1843],[74.7479,13.1851],[74.7476,13.1851],[74.7476,13.186],[74.7474,13.186],[74.7474,13.1865],[74.7471,13.1865],[74.7471,13.1868],[74.7468,13.1868],[74.7468,13.1874],[74.7465,13.1874],[74.7465,13.1879],[74.7464,13.1879],[74.7462,13.1879],[74.7462,13.1882],[74.746,13.1882],[74.746,13.1888],[74.7457,13.1888],[74.7457,13.1896],[74.7454,13.1896],[74.7454,13.1898],[74.7454,13.1901],[74.7451,13.1901],[74.7451,13.1902],[74.7451,13.1907],[74.745,13.1907],[74.7449,13.1907],[74.7449,13.191],[74.7446,13.191],[74.7446,13.1912],[74.7443,13.1912],[74.7443,13.1918],[74.744,13.1918],[74.744,13.1929],[74.7438,13.1929],[74.7438,13.1938],[74.7435,13.1938],[74.7435,13.1949],[74.7435,13.1982],[74.7432,13.1982],[74.7432,13.2001],[74.7429,13.2001],[74.7429,13.2015],[74.7426,13.2015],[74.7426,13.2026],[74.7424,13.2026],[74.7424,13.2037],[74.7421,13.2037],[74.7421,13.2046],[74.7418,13.2046],[74.7418,13.2057],[74.7415,13.2057],[74.7415,13.2068],[74.7412,13.2068],[74.7412,13.2076],[74.741,13.2076],[74.741,13.2085],[74.7407,13.2085],[74.7407,13.209],[74.7404,13.209],[74.7404,13.2093],[74.7401,13.2093],[74.7401,13.2121],[74.7399,13.2121],[74.7399,13.2138],[74.7396,13.2138],[74.7396,13.2149],[74.7393,13.2149],[74.7393,13.2157],[74.739,13.2157],[74.739,13.2171],[74.7387,13.2171],[74.7387,13.2188],[74.7385,13.2188],[74.7385,13.2201],[74.7382,13.2201],[74.7382,13.2207],[74.7379,13.2207],[74.7379,13.2215],[74.7376,13.2215],[74.7376,13.2224],[74.7374,13.2224],[74.7374,13.2226],[74.7371,13.2226],[74.7371,13.2229],[74.7368,13.2229],[74.7368,13.2232],[74.7365,13.2232],[74.7365,13.2235],[74.7363,13.2235],[74.7363,13.2238],[74.736,13.2238],[74.736,13.224],[74.7357,13.224],[74.7357,13.2285],[74.7354,13.2285],[74.7354,13.2293],[74.7351,13.2293],[74.7351,13.2304],[74.7349,13.2304],[74.7349,13.2315],[74.7346,13.2315],[74.7346,13.2326],[74.7343,13.2326],[74.7343,13.2338],[74.734,13.2338],[74.734,13.2351],[74.7337,13.2351],[74.7337,13.2357],[74.734,13.2357],[74.734,13.2362],[74.7337,13.2362],[74.7337,13.2371],[74.7335,13.2371],[74.7335,13.2388],[74.7332,13.2388],[74.7332,13.2404],[74.7329,13.2404],[74.7329,13.2418],[74.7326,13.2418],[74.7326,13.2435],[74.7324,13.2435],[74.7324,13.2451],[74.7321,13.2451],[74.7321,13.2474],[74.7318,13.2474],[74.7318,13.2493],[74.7315,13.2493],[74.7315,13.2504],[74.7312,13.2504],[74.7312,13.2515],[74.731,13.2515],[74.731,13.2526],[74.7307,13.2526],[74.7307,13.2537],[74.7304,13.2537],[74.7304,13.2549],[74.7301,13.2549],[74.7301,13.2563],[74.7299,13.2563],[74.7299,13.2576],[74.7296,13.2576],[74.7296,13.2587],[74.7293,13.2587],[74.7293,13.2601],[74.729,13.2601],[74.729,13.2612],[74.7288,13.2612],[74.7288,13.2624],[74.7285,13.2624],[74.7285,13.2635],[74.7282,13.2635],[74.7282,13.2646],[74.7279,13.2646],[74.7279,13.2657],[74.7276,13.2657],[74.7276,13.2668],[74.7274,13.2668],[74.7274,13.2679],[74.7271,13.2679],[74.7271,13.269],[74.7268,13.269],[74.7268,13.2701],[74.7265,13.2701],[74.7265,13.2707],[74.7262,13.2707],[74.7262,13.2713],[74.726,13.2713],[74.726,13.2718],[74.7257,13.2718],[74.7257,13.2724],[74.7254,13.2724],[74.7254,13.2729],[74.7251,13.2729],[74.7251,13.2735],[74.7249,13.2735],[74.7249,13.274],[74.7246,13.274],[74.7246,13.2746],[74.7243,13.2746],[74.7243,13.2754],[74.724,13.2754],[74.724,13.2765],[74.7237,13.2765],[74.7237,13.2774],[74.7235,13.2774],[74.7235,13.2782],[74.7232,13.2782],[74.7232,13.2787],[74.7229,13.2787],[74.7229,13.2793],[74.7226,13.2793],[74.7226,13.2801],[74.7224,13.2801],[74.7224,13.2807],[74.7221,13.2807],[74.7221,13.2813],[74.7218,13.2813],[74.7218,13.2818],[74.7215,13.2818],[74.7215,13.2826],[74.7213,13.2826],[74.7213,13.2832],[74.721,13.2832],[74.721,13.284],[74.7207,13.284],[74.7207,13.2871],[74.7204,13.2871],[74.7204,13.2876],[74.7201,13.2876],[74.7201,13.2882],[74.7199,13.2882],[74.7199,13.2907],[74.7196,13.2907],[74.7196,13.2943],[74.7199,13.2943],[74.7199,13.2963],[74.7196,13.2963],[74.7196,13.2968],[74.7193,13.2968],[74.7193,13.2974],[74.719,13.2974],[74.719,13.2996],[74.7188,13.2996],[74.7188,13.3024],[74.7185,13.3024],[74.7185,13.3038],[74.7182,13.3038],[74.7182,13.3051],[74.7179,13.3051],[74.7179,13.3068],[74.7176,13.3068],[74.7176,13.3082],[74.7174,13.3082],[74.7174,13.3093],[74.7176,13.3093],[74.7176,13.3099],[74.7174,13.3099],[74.7174,13.3104],[74.7171,13.3104],[74.7171,13.311],[74.7168,13.311],[74.7168,13.3118],[74.7165,13.3118],[74.7165,13.3126],[74.7162,13.3126],[74.7162,13.3138],[74.716,13.3138],[74.716,13.3146],[74.7157,13.3146],[74.7157,13.3157],[74.7154,13.3157],[74.7154,13.3168],[74.7151,13.3168],[74.7151,13.3174],[74.7149,13.3174],[74.7149,13.3179],[74.7146,13.3179],[74.7146,13.3185],[74.7143,13.3185],[74.7143,13.319],[74.714,13.319],[74.714,13.3215],[74.7138,13.3215],[74.7138,13.3221],[74.7135,13.3221],[74.7135,13.3226],[74.7132,13.3226],[74.7132,13.3232],[74.7129,13.3232],[74.7129,13.3238],[74.7126,13.3238],[74.7126,13.3243],[74.7124,13.3243],[74.7124,13.3254],[74.7121,13.3254],[74.7121,13.3271],[74.7118,13.3271],[74.7118,13.3282],[74.7115,13.3282],[74.7115,13.329],[74.7113,13.329],[74.7113,13.3296],[74.711,13.3296],[74.711,13.3301],[74.7107,13.3301],[74.7107,13.3307],[74.7104,13.3307],[74.7104,13.3312],[74.7101,13.3312],[74.7101,13.3318],[74.7099,13.3318],[74.7099,13.3324],[74.7096,13.3324],[74.7096,13.3329],[74.7093,13.3329],[74.7093,13.3332],[74.709,13.3332],[74.709,13.3338],[74.7087,13.3338],[74.7087,13.334],[74.7085,13.334],[74.7085,13.3343],[74.7082,13.3343],[74.7082,13.3349],[74.7079,13.3349],[74.7079,13.3351],[74.7076,13.3351],[74.7076,13.3357],[74.7074,13.3357],[74.7074,13.3363],[74.7071,13.3363],[74.7071,13.3365],[74.7068,13.3365],[74.7068,13.3371],[74.7065,13.3371],[74.7065,13.3374],[74.7063,13.3374],[74.7063,13.3376],[74.706,13.3376],[74.706,13.3379],[74.7057,13.3379],[74.7057,13.3382],[74.7054,13.3382],[74.7054,13.3385],[74.7051,13.3385],[74.7051,13.3388],[74.7049,13.3388],[74.7049,13.339],[74.7047,13.339],[74.7046,13.339],[74.7046,13.3393],[74.704,13.3393],[74.704,13.3396],[74.7038,13.3396],[74.7038,13.3399],[74.7032,13.3399],[74.7032,13.3401],[74.7029,13.3401],[74.7029,13.3404],[74.7024,13.3404],[74.7024,13.3407],[74.7018,13.3407],[74.7018,13.341],[74.7015,13.341],[74.7015,13.3413],[74.701,13.3413],[74.701,13.3415],[74.7007,13.3415],[74.7007,13.3418],[74.7001,13.3418],[74.7001,13.3421],[74.6996,13.3421],[74.6996,13.3424],[74.6993,13.3424],[74.6993,13.3426],[74.6988,13.3426],[74.6988,13.3429],[74.6985,13.3429],[74.6985,13.3432],[74.6979,13.3432],[74.6979,13.3435],[74.6974,13.3435],[74.6974,13.3438],[74.6971,13.3437],[74.6971,13.344],[74.6965,13.344],[74.6965,13.3443],[74.696,13.3443],[74.696,13.3446],[74.6957,13.3446],[74.6957,13.3449],[74.6951,13.3449],[74.6951,13.3451],[74.6949,13.3451],[74.6949,13.3454],[74.6946,13.3454],[74.6946,13.3457],[74.6943,13.3457],[74.6943,13.346],[74.694,13.346],[74.694,13.3463],[74.6937,13.3463],[74.6937,13.3465],[74.6935,13.3465],[74.6935,13.3468],[74.6929,13.3468],[74.6929,13.3471],[74.6926,13.3471],[74.6926,13.3474],[74.6924,13.3474],[74.6924,13.3476],[74.6918,13.3476],[74.6918,13.3479],[74.6913,13.3479],[74.6913,13.3482],[74.691,13.3482],[74.691,13.3485],[74.6904,13.3485],[74.6904,13.349],[74.6912,13.349],[74.6912,13.3488],[74.6918,13.3488],[74.6918,13.3485],[74.6924,13.3485],[74.6924,13.3482],[74.6929,13.3482],[74.6929,13.3479],[74.6932,13.3479],[74.6932,13.3476],[74.6937,13.3476],[74.6937,13.3474],[74.6943,13.3474],[74.6943,13.3471],[74.6949,13.3471],[74.6949,13.3468],[74.6954,13.3468],[74.6954,13.3465],[74.696,13.3465],[74.696,13.3463],[74.6965,13.3463],[74.6965,13.346],[74.6968,13.346],[74.6968,13.3457],[74.6974,13.3457],[74.6974,13.3454],[74.6976,13.3454],[74.6976,13.3451],[74.6982,13.3451],[74.6982,13.3449],[74.6985,13.3449],[74.6985,13.3446],[74.699,13.3446],[74.699,13.3443],[74.6993,13.3443],[74.6993,13.344],[74.6999,13.344],[74.6999,13.3437],[74.7001,13.3438],[74.7001,13.3435],[74.7007,13.3435],[74.7007,13.3432],[74.7012,13.3432],[74.7012,13.3429],[74.7018,13.3429],[74.7018,13.3426],[74.7024,13.3426],[74.7024,13.3424],[74.7026,13.3424],[74.7026,13.3421],[74.7032,13.3421],[74.7032,13.3418],[74.7038,13.3418],[74.7038,13.3415],[74.7043,13.3415],[74.7043,13.3413],[74.7051,13.3413],[74.7051,13.3401],[74.7053,13.3401],[74.7054,13.3401],[74.7054,13.3396],[74.706,13.3396],[74.706,13.3393],[74.7061,13.3393],[74.7063,13.3393],[74.7063,13.3391],[74.7063,13.339],[74.7065,13.339],[74.7065,13.3388],[74.7071,13.3388],[74.7071,13.3385],[74.7065,13.3385],[74.7065,13.3382],[74.7068,13.3382],[74.7068,13.3379],[74.7069,13.3379],[74.7074,13.3379],[74.7074,13.3376],[74.7076,13.3376],[74.7076,13.3374],[74.7082,13.3374],[74.7082,13.3371],[74.7085,13.3371],[74.7085,13.3368],[74.709,13.3368],[74.709,13.3365],[74.7093,13.3365],[74.7093,13.3351],[74.7096,13.3351],[74.7096,13.3349],[74.7099,13.3349],[74.7099,13.3343],[74.7101,13.3343],[74.7101,13.334],[74.7104,13.334],[74.7104,13.3338],[74.7107,13.3338],[74.7107,13.3335],[74.711,13.3335],[74.711,13.3332],[74.7113,13.3332],[74.7113,13.3326],[74.7115,13.3326],[74.7115,13.3324],[74.7118,13.3324],[74.7118,13.3321],[74.7121,13.3321],[74.7121,13.3318],[74.7124,13.3318],[74.7124,13.3315],[74.7126,13.3315],[74.7126,13.331],[74.7129,13.331],[74.7129,13.3307],[74.7132,13.3307],[74.7132,13.3296],[74.7135,13.3296],[74.7135,13.3285],[74.7138,13.3285],[74.7138,13.3276],[74.714,13.3276],[74.714,13.3265],[74.7143,13.3265],[74.7143,13.3263],[74.7146,13.3263],[74.7146,13.3257],[74.7149,13.3257],[74.7149,13.3254],[74.7151,13.3254],[74.7151,13.3249],[74.7154,13.3249],[74.7154,13.3237],[74.7157,13.3238],[74.7157,13.3229],[74.716,13.3229],[74.716,13.3224],[74.7162,13.3224],[74.7162,13.3218],[74.7162,13.3213],[74.7165,13.3213],[74.7165,13.3211],[74.7165,13.3196],[74.7168,13.3196],[74.7168,13.3179],[74.7171,13.3179],[74.7171,13.3146],[74.7174,13.3146],[74.7174,13.3135],[74.7176,13.3135],[74.7176,13.3118],[74.7179,13.3118],[74.7179,13.311],[74.7182,13.311],[74.7182,13.3107],[74.7179,13.3107],[74.7179,13.3099],[74.7182,13.3099],[74.7182,13.309],[74.7185,13.309],[74.7185,13.3082],[74.7188,13.3082],[74.7188,13.3071],[74.719,13.3071],[74.719,13.306],[74.7193,13.306],[74.7193,13.3051],[74.7196,13.3051],[74.7196,13.3046],[74.7199,13.3046],[74.7199,13.3013],[74.7196,13.3013],[74.7196,13.3001],[74.7199,13.3001],[74.7199,13.2985],[74.7201,13.2985],[74.7201,13.2965],[74.7204,13.2965],[74.7204,13.2913],[74.7207,13.2913],[74.7207,13.289],[74.721,13.289],[74.721,13.2874],[74.7213,13.2874],[74.7213,13.2863],[74.7215,13.2863],[74.7215,13.2851],[74.7218,13.2851],[74.7218,13.284],[74.7221,13.284],[74.7221,13.2835],[74.7224,13.2835],[74.7224,13.2832],[74.7226,13.2832],[74.7226,13.2826],[74.7229,13.2826],[74.7229,13.2821],[74.7232,13.2821],[74.7232,13.2815],[74.7235,13.2815],[74.7235,13.2807],[74.7237,13.2807],[74.7237,13.2799],[74.724,13.2799],[74.724,13.2796],[74.7243,13.2796],[74.7243,13.279],[74.7246,13.279],[74.7246,13.2787],[74.7249,13.2787],[74.7249,13.2785],[74.7251,13.2785],[74.7251,13.2782],[74.7257,13.2782],[74.7257,13.2779],[74.726,13.2779],[74.726,13.2777],[74.7265,13.2777],[74.7265,13.2774],[74.7268,13.2774],[74.7268,13.2771],[74.7271,13.2771],[74.7271,13.2768],[74.7285,13.2768],[74.7285,13.2771],[74.729,13.2771],[74.729,13.2779],[74.7288,13.2779],[74.7288,13.279],[74.729,13.279],[74.729,13.2804],[74.7293,13.2804],[74.7293,13.2815],[74.7296,13.2815],[74.7296,13.2824],[74.7301,13.2824],[74.7301,13.2832],[74.7304,13.2832],[74.7304,13.2835],[74.7301,13.2835],[74.7301,13.2843],[74.7299,13.2843],[74.7299,13.2846],[74.7293,13.2846],[74.7293,13.2849],[74.729,13.2849],[74.729,13.2854],[74.7293,13.2854],[74.7293,13.2857],[74.7301,13.2857],[74.7301,13.286],[74.7315,13.286],[74.7315,13.2863],[74.7321,13.2863],[74.7321,13.2865],[74.7324,13.2865],[74.7324,13.2868],[74.7329,13.2868],[74.7329,13.2871],[74.7335,13.2871],[74.7335,13.2874],[74.7337,13.2874],[74.7337,13.2876],[74.734,13.2876],[74.734,13.2879],[74.7343,13.2879],[74.7343,13.2882],[74.7349,13.2882],[74.7349,13.2885],[74.7354,13.2885],[74.7354,13.2887],[74.7357,13.2887],[74.7357,13.2893],[74.736,13.2893],[74.736,13.2896],[74.7357,13.2896],[74.7357,13.2901],[74.7351,13.2901],[74.7351,13.2904],[74.7337,13.2904],[74.7337,13.2901],[74.7329,13.2901],[74.7329,13.2899],[74.7326,13.2899],[74.7326,13.2896],[74.7324,13.2896],[74.7324,13.2893],[74.7321,13.2893],[74.7321,13.2887],[74.7318,13.2887],[74.7318,13.2882],[74.7315,13.2882],[74.7315,13.2876],[74.7312,13.2876],[74.7312,13.2874],[74.7293,13.2874],[74.7293,13.2876],[74.7296,13.2876],[74.7296,13.2879],[74.7288,13.2879],[74.7288,13.2882],[74.7279,13.2882],[74.7279,13.2885],[74.7276,13.2885],[74.7274,13.2885],[74.7274,13.2887],[74.7265,13.2887],[74.7265,13.289],[74.726,13.289],[74.726,13.2893],[74.7251,13.2893],[74.7251,13.2896],[74.7246,13.2896],[74.7246,13.2899],[74.7243,13.2899],[74.7243,13.2901],[74.7237,13.2901],[74.7237,13.291],[74.7235,13.291],[74.7235,13.2918],[74.7232,13.2918],[74.7232,13.2926],[74.7229,13.2926],[74.7229,13.2935],[74.7226,13.2935],[74.7226,13.294],[74.7224,13.294],[74.7224,13.2951],[74.7225,13.2951],[74.7226,13.2951],[74.7226,13.2965],[74.7229,13.2965],[74.7229,13.2976],[74.7232,13.2976],[74.7232,13.2988],[74.7235,13.2988],[74.7235,13.299],[74.7232,13.299],[74.7232,13.2996],[74.7229,13.2996],[74.7229,13.2999],[74.7226,13.2999],[74.7226,13.3004],[74.7229,13.3004],[74.7229,13.301],[74.7232,13.301],[74.7232,13.3018],[74.7235,13.3018],[74.7235,13.3021],[74.7232,13.3021],[74.7232,13.3029],[74.7229,13.3029],[74.7229,13.3035],[74.7226,13.3035],[74.7226,13.3046],[74.7224,13.3046],[74.7224,13.3049],[74.7218,13.3049],[74.7218,13.305],[74.7218,13.3051],[74.7215,13.3051],[74.7215,13.3057],[74.7218,13.3057],[74.7221,13.3057],[74.7221,13.306],[74.7224,13.306],[74.7224,13.3063],[74.7221,13.3063],[74.7221,13.3065],[74.7224,13.3065],[74.7224,13.3074],[74.7221,13.3074],[74.7221,13.3082],[74.7218,13.3082],[74.7218,13.3088],[74.7215,13.3088],[74.7215,13.3093],[74.7213,13.3093],[74.7213,13.3101],[74.721,13.3101],[74.721,13.3124],[74.7207,13.3124],[74.7207,13.3135],[74.7204,13.3135],[74.7204,13.3146],[74.7201,13.3146],[74.7201,13.3154],[74.7199,13.3154],[74.7199,13.3157],[74.7201,13.3157],[74.7201,13.316],[74.7199,13.316],[74.7199,13.3168],[74.7196,13.3168],[74.7196,13.319],[74.7193,13.319],[74.7193,13.3201],[74.719,13.3201],[74.719,13.3204],[74.7188,13.3204],[74.7188,13.3215],[74.7185,13.3215],[74.7185,13.3221],[74.7188,13.3221],[74.7188,13.3232],[74.7185,13.3232],[74.7185,13.3238],[74.7188,13.3238],[74.7188,13.3243],[74.7185,13.3243],[74.7185,13.3246],[74.7188,13.3246],[74.7188,13.3249],[74.7185,13.3249],[74.7185,13.3254],[74.7182,13.3254],[74.7182,13.326],[74.7176,13.326],[74.7176,13.3274],[74.7174,13.3274],[74.7174,13.3276],[74.7171,13.3276],[74.7171,13.3282],[74.7168,13.3282],[74.7168,13.329],[74.7165,13.329],[74.7165,13.3296],[74.716,13.3296],[74.716,13.3299],[74.7157,13.3299],[74.7157,13.3301],[74.7151,13.3301],[74.7151,13.3307],[74.7149,13.3307],[74.7149,13.3312],[74.7146,13.3312],[74.7146,13.3321],[74.7143,13.3321],[74.7143,13.3326],[74.714,13.3326],[74.714,13.3332],[74.7143,13.3332],[74.7143,13.3346],[74.714,13.3346],[74.714,13.3349],[74.7138,13.3349],[74.7138,13.3354],[74.7135,13.3354],[74.7135,13.3357],[74.7129,13.3357],[74.7129,13.3363],[74.7126,13.3363],[74.7126,13.3365],[74.7121,13.3365],[74.7121,13.3371],[74.7118,13.3371],[74.7118,13.3376],[74.7115,13.3376],[74.7115,13.3382],[74.7113,13.3382],[74.7113,13.3404],[74.7115,13.3404],[74.7115,13.3413],[74.7113,13.3413],[74.7113,13.3418],[74.7104,13.3418],[74.7104,13.3415],[74.7099,13.3415],[74.7099,13.341],[74.7096,13.341],[74.7096,13.3404],[74.7093,13.3404],[74.7093,13.3401],[74.709,13.3401],[74.709,13.3404],[74.7087,13.3404],[74.7087,13.3407],[74.7082,13.3407],[74.7082,13.341],[74.7079,13.341],[74.7079,13.3413],[74.7074,13.3413],[74.7074,13.3415],[74.7068,13.3415],[74.7068,13.3418],[74.7063,13.3418],[74.7063,13.3421],[74.706,13.3421],[74.706,13.3426],[74.7054,13.3426],[74.7054,13.3429],[74.7051,13.3429],[74.7051,13.3432],[74.7049,13.3432],[74.7049,13.3435],[74.7046,13.3435],[74.7046,13.3438],[74.7043,13.3437],[74.7043,13.3443],[74.7032,13.3443],[74.7032,13.3446],[74.7018,13.3446],[74.7018,13.3449],[74.7007,13.3449],[74.7007,13.3451],[74.6996,13.3451],[74.6996,13.3454],[74.699,13.3454],[74.699,13.3457],[74.6985,13.3457],[74.6985,13.346],[74.6982,13.346],[74.6982,13.3463],[74.6976,13.3463],[74.6976,13.3465],[74.6971,13.3465],[74.6971,13.3468],[74.6965,13.3468],[74.6965,13.3471],[74.6963,13.3471],[74.6963,13.3474],[74.6957,13.3474],[74.6957,13.3476],[74.6951,13.3476],[74.6951,13.3479],[74.6954,13.3479],[74.6954,13.3482],[74.696,13.3482],[74.696,13.3485],[74.6963,13.3485],[74.6963,13.3488],[74.6965,13.3488],[74.6965,13.3493],[74.6968,13.3493],[74.6968,13.3496],[74.6974,13.3496],[74.6974,13.3499],[74.6976,13.3499],[74.6976,13.351],[74.6979,13.351],[74.6979,13.3526],[74.6982,13.3526],[74.6982,13.3546],[74.6979,13.3546],[74.6979,13.3565],[74.6976,13.3565],[74.6976,13.359],[74.6979,13.359],[74.6979,13.3596],[74.6982,13.3596],[74.6982,13.3599],[74.6985,13.3599],[74.6985,13.3601],[74.6988,13.3601],[74.6988,13.361],[74.6985,13.361],[74.6985,13.3621],[74.6982,13.3621],[74.6982,13.3624],[74.6979,13.3624],[74.6979,13.364],[74.6976,13.364],[74.6976,13.3674],[74.6974,13.3674],[74.6974,13.3707],[74.6971,13.3707],[74.6971,13.374],[74.6968,13.374],[74.6968,13.3746],[74.6965,13.3746],[74.6965,13.3757],[74.6963,13.3757],[74.6963,13.3768],[74.696,13.3768],[74.696,13.379],[74.6957,13.379],[74.6957,13.3829],[74.696,13.3829],[74.696,13.3871],[74.6963,13.3871],[74.6963,13.3904],[74.6965,13.3904],[74.6965,13.3929],[74.6968,13.3929],[74.6968,13.3931],[74.6968,13.3951],[74.6971,13.3951],[74.6971,13.3976],[74.6974,13.3976],[74.6974,13.4024],[74.6971,13.4024],[74.6971,13.4065],[74.6968,13.4065],[74.6968,13.4093],[74.6965,13.4093],[74.6965,13.4121],[74.6963,13.4121],[74.6963,13.4171],[74.696,13.4171],[74.696,13.4185],[74.6957,13.4185],[74.6957,13.4196],[74.6954,13.4196],[74.6954,13.421],[74.6951,13.421],[74.6951,13.4232],[74.6949,13.4232],[74.6949,13.4263],[74.6946,13.4263],[74.6946,13.4296],[74.6943,13.4296],[74.6943,13.4385],[74.694,13.4385],[74.694,13.4461],[74.694,13.4465],[74.6938,13.4465],[74.6937,13.4465],[74.6937,13.4468],[74.6937,13.4476],[74.694,13.4476],[74.694,13.4485],[74.6943,13.4485],[74.6943,13.4493],[74.6946,13.4493],[74.6946,13.4499],[74.6943,13.4499],[74.6943,13.454],[74.694,13.454],[74.694,13.4546],[74.6937,13.4546],[74.6937,13.4549],[74.6935,13.4549],[74.6935,13.4554],[74.6932,13.4554],[74.6932,13.456],[74.6929,13.456],[74.6929,13.4565],[74.6926,13.4565],[74.6926,13.4571],[74.6924,13.4571],[74.6924,13.4574],[74.6921,13.4574],[74.6921,13.4579],[74.6918,13.4579],[74.6918,13.4582],[74.6915,13.4582],[74.6915,13.4588],[74.6912,13.4588],[74.6912,13.459],[74.691,13.459],[74.691,13.4596],[74.6907,13.4596],[74.6907,13.4607],[74.6904,13.4607],[74.6904,13.4629],[74.6901,13.4629],[74.6901,13.4636],[74.6901,13.4649],[74.6899,13.4649],[74.6899,13.4671],[74.6896,13.4671],[74.6896,13.469],[74.6893,13.469],[74.6893,13.4712],[74.689,13.4712],[74.689,13.4743],[74.6888,13.4743],[74.6888,13.4788],[74.6885,13.4788],[74.6885,13.4829],[74.6882,13.4829],[74.6882,13.4863],[74.6879,13.4863],[74.6879,13.4899],[74.6876,13.4899],[74.6876,13.4926],[74.6874,13.4926],[74.6874,13.4946],[74.6871,13.4946],[74.6871,13.4968],[74.6868,13.4968],[74.6868,13.4987],[74.6865,13.4987],[74.6865,13.5007],[74.6862,13.5007],[74.6862,13.5029],[74.686,13.5029],[74.686,13.5057],[74.6857,13.5057],[74.6857,13.5093],[74.6854,13.5093],[74.6854,13.5135],[74.6851,13.5135],[74.6851,13.5171],[74.6849,13.5171],[74.6849,13.5187],[74.6846,13.5187],[74.6846,13.5204],[74.6843,13.5204],[74.6843,13.5229],[74.684,13.5229],[74.684,13.5257],[74.6837,13.5257],[74.6837,13.5285],[74.6835,13.5285],[74.6835,13.5307],[74.6832,13.5307],[74.6832,13.5318],[74.6829,13.5318],[74.6829,13.5337],[74.6826,13.5337],[74.6826,13.5365],[74.6824,13.5365],[74.6824,13.5382],[74.6824,13.5393],[74.6821,13.5393],[74.6821,13.5421],[74.6818,13.5421],[74.6818,13.5449],[74.6815,13.5449],[74.6815,13.5474],[74.6813,13.5474],[74.6813,13.549],[74.681,13.549],[74.681,13.5507],[74.6807,13.5507],[74.6807,13.5526],[74.6804,13.5526],[74.6804,13.5543],[74.6801,13.5543],[74.6801,13.556],[74.6799,13.556],[74.6799,13.5579],[74.6796,13.5579],[74.6796,13.5596],[74.6793,13.5596],[74.6793,13.5612],[74.679,13.5612],[74.679,13.5632],[74.6787,13.5632],[74.6787,13.5651],[74.6785,13.5651],[74.6785,13.5671],[74.6782,13.5671],[74.6782,13.569],[74.6779,13.569],[74.6779,13.571],[74.6776,13.571],[74.6776,13.5729],[74.6774,13.5729],[74.6774,13.5749],[74.6771,13.5749],[74.6771,13.5765],[74.6768,13.5765],[74.6768,13.5785],[74.6765,13.5785],[74.6765,13.5804],[74.6762,13.5804],[74.6762,13.5809],[74.6762,13.5824],[74.6761,13.5824],[74.676,13.5824],[74.676,13.5839],[74.6759,13.5843],[74.6757,13.5843],[74.6757,13.5863],[74.6754,13.5863],[74.6754,13.5882],[74.6751,13.5882],[74.6751,13.5899],[74.6749,13.5899],[74.6749,13.5915],[74.6746,13.5915],[74.6746,13.5929],[74.6743,13.5929],[74.6743,13.5946],[74.674,13.5946],[74.674,13.596],[74.6738,13.596],[74.6738,13.5974],[74.6735,13.5974],[74.6735,13.599],[74.6732,13.599],[74.6732,13.6004],[74.6729,13.6004],[74.6729,13.6021],[74.6726,13.6021],[74.6726,13.6035],[74.6724,13.6035],[74.6724,13.6051],[74.6721,13.6051],[74.6721,13.6062],[74.6721,13.6065],[74.6718,13.6065],[74.6718,13.6072],[74.6718,13.6082],[74.6715,13.6082],[74.6715,13.6086],[74.6715,13.6096],[74.6712,13.6096],[74.6712,13.61],[74.6712,13.6112],[74.6711,13.6112],[74.671,13.6112],[74.671,13.6126],[74.6707,13.6126],[74.6707,13.614],[74.6704,13.614],[74.6704,13.6157],[74.6701,13.6157],[74.6701,13.6171],[74.67,13.6171],[74.6699,13.6171],[74.6699,13.6176],[74.6699,13.6188],[74.6696,13.6188],[74.6696,13.6201],[74.6693,13.6201],[74.6693,13.6218],[74.669,13.6218],[74.669,13.6232],[74.6687,13.6232],[74.6687,13.6249],[74.6685,13.6249],[74.6685,13.6265],[74.6682,13.6265],[74.6682,13.628],[74.6682,13.6282],[74.6679,13.6282],[74.6679,13.6293],[74.6682,13.6293],[74.6682,13.6299],[74.6685,13.6299],[74.6685,13.6304],[74.6687,13.6304],[74.6687,13.631],[74.669,13.631],[74.669,13.6315],[74.6693,13.6315],[74.6693,13.6321],[74.6696,13.6321],[74.6696,13.6324],[74.6699,13.6324],[74.6699,13.6326],[74.6704,13.6326],[74.6704,13.6329],[74.6707,13.6329],[74.6707,13.6337],[74.6704,13.6337],[74.6704,13.6349],[74.6701,13.6349],[74.6701,13.636],[74.6699,13.636],[74.6699,13.6371],[74.6696,13.6371],[74.6696,13.6382],[74.6693,13.6382],[74.6693,13.6385],[74.6682,13.6385],[74.6682,13.6388],[74.6679,13.6387],[74.6679,13.6393],[74.6676,13.6393],[74.6676,13.6396],[74.6674,13.6396],[74.6674,13.6399],[74.6671,13.6399],[74.6671,13.6407],[74.6668,13.6407],[74.6668,13.6412],[74.6665,13.6412],[74.6665,13.6415],[74.6663,13.6415],[74.6663,13.6418],[74.6657,13.6418],[74.6657,13.6421],[74.6654,13.6421],[74.6654,13.6424],[74.6651,13.6424],[74.6651,13.6429],[74.6649,13.6429],[74.6649,13.644],[74.6646,13.644],[74.6646,13.6482],[74.6643,13.6482],[74.6643,13.649],[74.664,13.649],[74.664,13.6496],[74.6638,13.6496],[74.6638,13.6504],[74.6635,13.6504],[74.6635,13.6513],[74.6632,13.6512],[74.6632,13.6521],[74.6629,13.6521],[74.6629,13.6529],[74.6626,13.6529],[74.6626,13.6535],[74.6624,13.6535],[74.6624,13.6543],[74.6621,13.6543],[74.6621,13.6549],[74.6618,13.6549],[74.6618,13.6554],[74.6615,13.6554],[74.6615,13.6557],[74.6612,13.6557],[74.6612,13.656],[74.661,13.656],[74.661,13.6565],[74.6607,13.6565],[74.6607,13.6568],[74.6599,13.6568],[74.6599,13.6571],[74.6596,13.6571],[74.6596,13.6574],[74.6593,13.6574],[74.6593,13.6576],[74.659,13.6576],[74.659,13.6579],[74.6588,13.6579],[74.6588,13.6582],[74.6585,13.6582],[74.6585,13.6585],[74.6582,13.6585],[74.6582,13.6587],[74.6579,13.6587],[74.6579,13.659],[74.6576,13.659],[74.6576,13.6596],[74.6574,13.6596],[74.6574,13.6599],[74.6571,13.6599],[74.6571,13.6601],[74.6568,13.6601],[74.6568,13.6604],[74.6565,13.6604],[74.6565,13.6607],[74.6563,13.6607],[74.6563,13.6613],[74.656,13.6613],[74.656,13.6615],[74.6557,13.6615],[74.6557,13.6618],[74.6554,13.6618],[74.6554,13.6621],[74.6551,13.6621],[74.6551,13.6624],[74.6549,13.6624],[74.6549,13.6629],[74.6546,13.6629],[74.6546,13.6632],[74.6543,13.6632],[74.6543,13.6635],[74.654,13.6635],[74.654,13.6637],[74.6537,13.6637],[74.6537,13.664],[74.6535,13.664],[74.6535,13.6646],[74.6532,13.6646],[74.6532,13.6649],[74.6529,13.6649],[74.6529,13.6651],[74.6521,13.6651],[74.6521,13.6657],[74.6518,13.6657],[74.6518,13.666],[74.6515,13.666],[74.6515,13.6663],[74.6513,13.6663],[74.6513,13.6668],[74.651,13.6668],[74.651,13.6676],[74.6507,13.6676],[74.6507,13.6693],[74.6504,13.6693],[74.6504,13.671],[74.6501,13.671],[74.6501,13.6721],[74.6499,13.6721],[74.6499,13.6726],[74.6496,13.6726],[74.6496,13.6732],[74.6493,13.6732],[74.6493,13.6738],[74.649,13.6738],[74.649,13.6743],[74.6488,13.6743],[74.6488,13.6749],[74.6485,13.6749],[74.6485,13.6754],[74.6482,13.6754],[74.6482,13.676],[74.6479,13.676],[74.6479,13.6765],[74.6476,13.6765],[74.6476,13.6771],[74.6474,13.6771],[74.6474,13.6776],[74.6471,13.6776],[74.6471,13.6782],[74.6468,13.6782],[74.6468,13.6788],[74.6465,13.6788],[74.6465,13.6793],[74.6462,13.6793],[74.6462,13.6801],[74.646,13.6801],[74.646,13.6813],[74.6457,13.6812],[74.6457,13.6821],[74.6454,13.6821],[74.6454,13.6829],[74.6451,13.6829],[74.6451,13.684],[74.6449,13.684],[74.6449,13.6849],[74.6446,13.6849],[74.6446,13.686],[74.6443,13.686],[74.6443,13.6896],[74.644,13.6896],[74.644,13.6915],[74.644,13.6938],[74.6438,13.6938],[74.6438,13.6954],[74.6435,13.6954],[74.6435,13.6971],[74.6432,13.6971],[74.6432,13.6976],[74.6432,13.6988],[74.6429,13.6988],[74.6429,13.7004],[74.6426,13.7004],[74.6426,13.7021],[74.6424,13.7021],[74.6424,13.7038],[74.6421,13.7037],[74.6421,13.7057],[74.6418,13.7057],[74.6418,13.7074],[74.6415,13.7074],[74.6415,13.7093],[74.6413,13.7093],[74.6413,13.711],[74.641,13.711],[74.641,13.7129],[74.6407,13.7129],[74.6407,13.7146],[74.6404,13.7146],[74.6404,13.7163],[74.6401,13.7163],[74.6401,13.7171],[74.6401,13.7179],[74.6399,13.7179],[74.6399,13.7196],[74.6396,13.7196],[74.6396,13.7212],[74.6393,13.7212],[74.6393,13.7229],[74.639,13.7229],[74.639,13.7246],[74.6387,13.7246],[74.6387,13.7263],[74.6385,13.7263],[74.6385,13.7279],[74.6382,13.7279],[74.6382,13.7296],[74.6379,13.7296],[74.6379,13.7313],[74.6376,13.7313],[74.6376,13.7329],[74.6374,13.7329],[74.6374,13.7346],[74.6371,13.7346],[74.6371,13.7363],[74.6368,13.7362],[74.6368,13.7382],[74.6365,13.7382],[74.6365,13.7399],[74.6363,13.7399],[74.6363,13.7415],[74.636,13.7415],[74.636,13.7435],[74.6357,13.7435],[74.6357,13.7451],[74.6354,13.7451],[74.6354,13.7468],[74.6351,13.7468],[74.6351,13.7479],[74.6349,13.7479],[74.6349,13.7493],[74.6346,13.7493],[74.6346,13.7507],[74.6343,13.7507],[74.6343,13.7518],[74.634,13.7518],[74.634,13.7532],[74.6338,13.7532],[74.6338,13.7546],[74.6335,13.7546],[74.6335,13.7557],[74.6332,13.7557],[74.6332,13.7571],[74.6329,13.7571],[74.6329,13.7575],[74.6329,13.7585],[74.6328,13.7585],[74.6326,13.7585],[74.6326,13.7594],[74.6326,13.7596],[74.6324,13.7596],[74.6324,13.7612],[74.6324,13.7629],[74.6321,13.7629],[74.6321,13.7638],[74.6321,13.764],[74.6318,13.764],[74.6318,13.7646],[74.6315,13.7646],[74.6315,13.7651],[74.6312,13.7651],[74.6312,13.7657],[74.631,13.7657],[74.631,13.7668],[74.6307,13.7668],[74.6307,13.7685],[74.6304,13.7685],[74.6304,13.7701],[74.6301,13.7701],[74.6301,13.7718],[74.6299,13.7718],[74.6299,13.7735],[74.6296,13.7735],[74.6296,13.7751],[74.6293,13.7751],[74.6293,13.7768],[74.629,13.7768],[74.629,13.7804],[74.6288,13.7804],[74.6288,13.7807],[74.6285,13.7807],[74.6285,13.7815],[74.6282,13.7815],[74.6282,13.7832],[74.6279,13.7832],[74.6279,13.7849],[74.6276,13.7849],[74.6276,13.786],[74.6274,13.786],[74.6274,13.7868],[74.6271,13.7868],[74.6271,13.7879],[74.6268,13.7879],[74.6268,13.7888],[74.6265,13.7887],[74.6265,13.7896],[74.6263,13.7896],[74.6263,13.7904],[74.626,13.7904],[74.626,13.7915],[74.6257,13.7915],[74.6257,13.7924],[74.6254,13.7924],[74.6254,13.7932],[74.6257,13.7932],[74.6257,13.7943],[74.626,13.7943],[74.626,13.7953],[74.626,13.7954],[74.6263,13.7954],[74.6263,13.7963],[74.626,13.7963],[74.626,13.7971],[74.6257,13.7971],[74.6257,13.7965],[74.6254,13.7965],[74.6251,13.7965],[74.6251,13.7968],[74.6246,13.7968],[74.6246,13.7971],[74.6243,13.7971],[74.6243,13.7982],[74.624,13.7982],[74.624,13.7987],[74.6237,13.7987],[74.6237,13.799],[74.6235,13.799],[74.6235,13.8001],[74.6232,13.8001],[74.6232,13.8013],[74.6229,13.8012],[74.6229,13.8026],[74.6226,13.8026],[74.6226,13.804],[74.6224,13.804],[74.6224,13.8054],[74.6221,13.8054],[74.6221,13.8068],[74.6218,13.8068],[74.6218,13.8082],[74.6215,13.8082],[74.6215,13.8096],[74.6212,13.8096],[74.6212,13.811],[74.621,13.811],[74.621,13.8124],[74.6207,13.8124],[74.6207,13.8138],[74.6204,13.8138],[74.6204,13.8151],[74.6201,13.8151],[74.6201,13.8165],[74.6199,13.8165],[74.6199,13.8179],[74.6196,13.8179],[74.6196,13.8193],[74.6193,13.8193],[74.6193,13.8207],[74.619,13.8207],[74.619,13.8221],[74.6188,13.8221],[74.6188,13.8235],[74.6185,13.8235],[74.6185,13.8249],[74.6182,13.8249],[74.6182,13.8263],[74.6179,13.8263],[74.6179,13.8268],[74.6171,13.8268],[74.6171,13.8279],[74.6168,13.8279],[74.6168,13.8301],[74.6165,13.8301],[74.6165,13.8318],[74.6162,13.8318],[74.6162,13.8329],[74.616,13.8329],[74.616,13.834],[74.6157,13.834],[74.6157,13.8351],[74.6154,13.8351],[74.6154,13.836],[74.6151,13.836],[74.6151,13.8371],[74.6149,13.8371],[74.6149,13.8382],[74.6146,13.8382],[74.6146,13.839],[74.6143,13.839],[74.6143,13.8401],[74.614,13.8401],[74.614,13.8413],[74.6137,13.8413],[74.6137,13.8422],[74.6137,13.8424],[74.6135,13.8424],[74.6135,13.8432],[74.6132,13.8432],[74.6132,13.8442],[74.6132,13.8443],[74.6129,13.8443],[74.6129,13.8452],[74.6129,13.8454],[74.6126,13.8454],[74.6126,13.8461],[74.6126,13.8465],[74.6125,13.8465],[74.6124,13.8465],[74.6124,13.8471],[74.6124,13.8476],[74.6122,13.8476],[74.6121,13.8476],[74.6121,13.8481],[74.6121,13.8488],[74.6118,13.8488],[74.6118,13.8491],[74.6118,13.8499],[74.6115,13.8499],[74.6115,13.8501],[74.6115,13.851],[74.6113,13.851],[74.6113,13.8521],[74.611,13.8521],[74.611,13.8532],[74.6107,13.8532],[74.6107,13.854],[74.6104,13.854],[74.6104,13.8549],[74.6101,13.8549],[74.6101,13.8551],[74.6101,13.856],[74.6099,13.856],[74.6099,13.8568],[74.6096,13.8568],[74.6096,13.8576],[74.6093,13.8576],[74.6093,13.8588],[74.609,13.8588],[74.609,13.8596],[74.6087,13.8596],[74.6087,13.8604],[74.6085,13.8604],[74.6085,13.8613],[74.6082,13.8613],[74.6082,13.8624],[74.6079,13.8624],[74.6079,13.8632],[74.6076,13.8632],[74.6076,13.864],[74.6074,13.864],[74.6074,13.8651],[74.6071,13.8651],[74.6071,13.866],[74.6068,13.866],[74.6068,13.8665],[74.6079,13.8665],[74.6079,13.866],[74.6082,13.866],[74.6082,13.8651],[74.6085,13.8651],[74.6085,13.8643],[74.6087,13.8643],[74.6087,13.8635],[74.609,13.8635],[74.609,13.8626],[74.6093,13.8626],[74.6093,13.8621],[74.6096,13.8621],[74.6096,13.8618],[74.6099,13.8618],[74.6099,13.8613],[74.6101,13.8613],[74.6101,13.861],[74.6104,13.861],[74.6104,13.8607],[74.611,13.8607],[74.611,13.8604],[74.6113,13.8604],[74.6113,13.8601],[74.6118,13.8601],[74.6118,13.8585],[74.6121,13.8585],[74.6121,13.8551],[74.6124,13.8551],[74.6124,13.8549],[74.6126,13.8549],[74.6126,13.8546],[74.6129,13.8546],[74.6129,13.854],[74.6132,13.854],[74.6132,13.8535],[74.6135,13.8535],[74.6135,13.8532],[74.6135,13.8529],[74.6137,13.8529],[74.6137,13.8524],[74.614,13.8524],[74.614,13.8521],[74.6143,13.8521],[74.6143,13.8515],[74.6146,13.8515],[74.6146,13.8512],[74.6154,13.8512],[74.6154,13.851],[74.6162,13.851],[74.6162,13.8507],[74.6171,13.8507],[74.6174,13.8507],[74.6174,13.8505],[74.6174,13.8504],[74.6175,13.8504],[74.6185,13.8504],[74.6185,13.8501],[74.619,13.8501],[74.619,13.8499],[74.6199,13.8499],[74.6199,13.8496],[74.621,13.8496],[74.621,13.8493],[74.6218,13.8493],[74.6218,13.849],[74.6229,13.849],[74.6229,13.8488],[74.624,13.8488],[74.624,13.8485],[74.6254,13.8485],[74.6254,13.8482],[74.6265,13.8482],[74.6265,13.8479],[74.6277,13.8479],[74.6304,13.8479],[74.6304,13.8482],[74.6312,13.8482],[74.6312,13.8485],[74.6321,13.8485],[74.6321,13.8488],[74.6332,13.8488],[74.6332,13.849],[74.6329,13.849],[74.6329,13.8499],[74.6307,13.8499],[74.6307,13.8496],[74.6301,13.8496],[74.6301,13.8493],[74.6293,13.8493],[74.6293,13.849],[74.6287,13.849],[74.6287,13.8488],[74.6282,13.8488],[74.6282,13.849],[74.6279,13.849],[74.6279,13.8493],[74.6274,13.8493],[74.6249,13.8493],[74.6249,13.8496],[74.6246,13.8496],[74.6246,13.8499],[74.624,13.8499],[74.624,13.8501],[74.6237,13.8501],[74.6237,13.8504],[74.6232,13.8504],[74.6232,13.8507],[74.6229,13.8507],[74.6229,13.851],[74.6212,13.851],[74.6212,13.8507],[74.621,13.8507],[74.621,13.8504],[74.6199,13.8504],[74.6199,13.8507],[74.6193,13.8507],[74.6193,13.851],[74.6185,13.851],[74.6185,13.8515],[74.6171,13.8515],[74.6171,13.8518],[74.6158,13.8518],[74.6157,13.8518],[74.6157,13.8521],[74.6154,13.8521],[74.6154,13.8526],[74.6151,13.8526],[74.6151,13.8532],[74.6149,13.8532],[74.6149,13.8535],[74.6146,13.8535],[74.6146,13.854],[74.6143,13.854],[74.6143,13.8543],[74.614,13.8543],[74.614,13.8549],[74.6143,13.8549],[74.6143,13.8554],[74.614,13.8554],[74.614,13.8557],[74.6137,13.8557],[74.6137,13.856],[74.6135,13.856],[74.6135,13.8563],[74.6132,13.8563],[74.6132,13.8576],[74.6129,13.8576],[74.6129,13.859],[74.6135,13.859],[74.6135,13.8593],[74.6176,13.8593],[74.6176,13.8596],[74.6174,13.8596],[74.6174,13.8597],[74.6174,13.8599],[74.6161,13.8599],[74.6126,13.8599],[74.6126,13.8604],[74.6124,13.8604],[74.6124,13.861],[74.6118,13.861],[74.6118,13.8618],[74.6121,13.8618],[74.6121,13.8627],[74.6121,13.8629],[74.6118,13.8629],[74.6118,13.8635],[74.6115,13.8635],[74.6115,13.8638],[74.6113,13.8638],[74.6113,13.8643],[74.611,13.8643],[74.611,13.8645],[74.611,13.8649],[74.6107,13.8649],[74.6107,13.866],[74.6104,13.866],[74.6104,13.8674],[74.6101,13.8674],[74.6101,13.8676],[74.6099,13.8676],[74.6099,13.8679],[74.609,13.8679],[74.609,13.8682],[74.6085,13.8682],[74.6085,13.8685],[74.6076,13.8685],[74.6076,13.8688],[74.6071,13.8688],[74.6071,13.869],[74.6067,13.869],[74.606,13.869],[74.606,13.8693],[74.6057,13.8693],[74.6057,13.8696],[74.6054,13.8696],[74.6054,13.8699],[74.6051,13.8699],[74.6051,13.8701],[74.6049,13.8701],[74.6049,13.8707],[74.6046,13.8707],[74.6046,13.871],[74.6043,13.871],[74.6043,13.8712],[74.604,13.8712],[74.604,13.8721],[74.6032,13.8721],[74.6032,13.8724],[74.6026,13.8724],[74.6026,13.8726],[74.6018,13.8726],[74.6018,13.874],[74.6015,13.874],[74.6015,13.8749],[74.6012,13.8749],[74.6012,13.8757],[74.601,13.8757],[74.601,13.8765],[74.6007,13.8765],[74.6007,13.8774],[74.6004,13.8774],[74.6004,13.8779],[74.6001,13.8779],[74.6001,13.8785],[74.5999,13.8785],[74.5999,13.879],[74.5996,13.879],[74.5996,13.8796],[74.5993,13.8796],[74.5993,13.8799],[74.599,13.8799],[74.599,13.8804],[74.5987,13.8804],[74.5987,13.881],[74.5985,13.881],[74.5985,13.8815],[74.5982,13.8815],[74.5982,13.8821],[74.5979,13.8821],[74.5979,13.8824],[74.5976,13.8824],[74.5976,13.8829],[74.5974,13.8829],[74.5974,13.8835],[74.5971,13.8835],[74.5971,13.884],[74.5968,13.884],[74.5968,13.8846],[74.5965,13.8846],[74.5965,13.8851],[74.5963,13.8851],[74.5963,13.8857],[74.596,13.8857],[74.596,13.8863],[74.5957,13.8863],[74.5957,13.8868],[74.5954,13.8868],[74.5954,13.8874],[74.5951,13.8874],[74.5951,13.8879],[74.5949,13.8879],[74.5949,13.8885],[74.5946,13.8885],[74.5946,13.8901],[74.5943,13.8901],[74.5943,13.8921],[74.594,13.8921],[74.594,13.8932],[74.5938,13.8932],[74.5938,13.894],[74.5935,13.894],[74.5935,13.8951],[74.5932,13.8951],[74.5932,13.8963],[74.5929,13.8963],[74.5929,13.8977],[74.5926,13.8977],[74.5926,13.8993],[74.5924,13.8993],[74.5924,13.901],[74.5921,13.901],[74.5921,13.9026],[74.5918,13.9026],[74.5918,13.9043],[74.5915,13.9043],[74.5915,13.906],[74.5912,13.906],[74.5912,13.9071],[74.591,13.9071],[74.591,13.9076],[74.5907,13.9076],[74.5907,13.9085],[74.5904,13.9085],[74.5904,13.9093],[74.5901,13.9093],[74.5901,13.9099],[74.5899,13.9099],[74.5899,13.9107],[74.5896,13.9107],[74.5896,13.9113],[74.5893,13.9113],[74.5893,13.9121],[74.589,13.9121],[74.589,13.9126],[74.5888,13.9126],[74.5888,13.9138],[74.5885,13.9138],[74.5885,13.9143],[74.5882,13.9143],[74.5882,13.9149],[74.5879,13.9149],[74.5879,13.9157],[74.5876,13.9157],[74.5876,13.9165],[74.5874,13.9165],[74.5874,13.9174],[74.5871,13.9174],[74.5871,13.9182],[74.5868,13.9182],[74.5868,13.9188],[74.5865,13.9188],[74.5865,13.9193],[74.5863,13.9193],[74.5863,13.9199],[74.586,13.9199],[74.586,13.9204],[74.5857,13.9204],[74.5857,13.921],[74.5854,13.921],[74.5854,13.9215],[74.5851,13.9215],[74.5851,13.9221],[74.5849,13.9221],[74.5849,13.9226],[74.5846,13.9226],[74.5846,13.9232],[74.5843,13.9232],[74.5843,13.9235],[74.584,13.9235],[74.584,13.9236],[74.584,13.924],[74.5837,13.924],[74.5837,13.9243],[74.5835,13.9243],[74.5835,13.9246],[74.5832,13.9246],[74.5832,13.9249],[74.583,13.9249],[74.5829,13.9249],[74.5829,13.9251],[74.5824,13.9251],[74.5824,13.9254],[74.5793,13.9254],[74.5793,13.9257],[74.579,13.9257],[74.579,13.9263],[74.5788,13.9263],[74.5788,13.9271],[74.5785,13.9271],[74.5785,13.9276],[74.5782,13.9276],[74.5782,13.9285],[74.5779,13.9285],[74.5779,13.929],[74.5776,13.929],[74.5776,13.9299],[74.5774,13.9299],[74.5774,13.9304],[74.5771,13.9304],[74.5771,13.9312],[74.5768,13.9312],[74.5768,13.9318],[74.5765,13.9318],[74.5765,13.9326],[74.5762,13.9326],[74.5762,13.9332],[74.576,13.9332],[74.576,13.9338],[74.5757,13.9338],[74.5757,13.9343],[74.5754,13.9343],[74.5754,13.9349],[74.5751,13.9349],[74.5751,13.9354],[74.5749,13.9354],[74.5749,13.936],[74.5746,13.936],[74.5746,13.9365],[74.5743,13.9365],[74.5743,13.9371],[74.574,13.9371],[74.574,13.9376],[74.5738,13.9376],[74.5738,13.9382],[74.5735,13.9382],[74.5735,13.9388],[74.5732,13.9388],[74.5732,13.9393],[74.5729,13.9393],[74.5729,13.9399],[74.5726,13.9399],[74.5726,13.9404],[74.5724,13.9404],[74.5724,13.941],[74.5721,13.941],[74.5721,13.9415],[74.5718,13.9415],[74.5718,13.9421],[74.5715,13.9421],[74.5715,13.9429],[74.5713,13.9429],[74.5713,13.9438],[74.571,13.9438],[74.571,13.9443],[74.5707,13.9443],[74.5707,13.9451],[74.5704,13.9451],[74.5704,13.9453],[74.5704,13.946],[74.5701,13.946],[74.5701,13.9465],[74.5699,13.9465],[74.5699,13.9468],[74.5696,13.9468],[74.5696,13.9471],[74.569,13.9471],[74.569,13.9476],[74.5685,13.9476],[74.5685,13.9479],[74.5682,13.9479],[74.5682,13.9482],[74.5679,13.9482],[74.5679,13.9485],[74.5674,13.9485],[74.5674,13.9487],[74.5668,13.9487],[74.5668,13.949],[74.566,13.949],[74.566,13.9487],[74.5657,13.9487],[74.5657,13.9485],[74.5651,13.9485],[74.5651,13.9482],[74.5649,13.9482],[74.5649,13.9479],[74.5643,13.9479],[74.5643,13.9476],[74.564,13.9476],[74.564,13.9472],[74.564,13.9471],[74.5638,13.9471],[74.5638,13.9462],[74.5635,13.9463],[74.5635,13.9457],[74.5632,13.9457],[74.5632,13.9454],[74.5615,13.9454],[74.5615,13.9457],[74.5604,13.9457],[74.5604,13.946],[74.5601,13.946],[74.5601,13.9463],[74.5604,13.9463],[74.5604,13.9465],[74.5601,13.9465],[74.5601,13.9474],[74.5599,13.9474],[74.5599,13.9482],[74.5599,13.949],[74.5596,13.949],[74.5596,13.9493],[74.5593,13.9493],[74.5593,13.9496],[74.559,13.9496],[74.559,13.9499],[74.5587,13.9499],[74.5587,13.9501],[74.5585,13.9501],[74.5585,13.9504],[74.5582,13.9504],[74.5582,13.9507],[74.5579,13.9507],[74.5579,13.951],[74.5576,13.951],[74.5576,13.9513],[74.5554,13.9513],[74.5554,13.951],[74.5543,13.951],[74.5543,13.9507],[74.5532,13.9507],[74.5532,13.9504],[74.5529,13.9504],[74.5529,13.9501],[74.5526,13.9501],[74.5526,13.95],[74.5526,13.9499],[74.5521,13.9499],[74.5521,13.9496],[74.5518,13.9496],[74.5518,13.9493],[74.5515,13.9493],[74.5515,13.949],[74.5512,13.949],[74.5512,13.9487],[74.5507,13.9487],[74.5507,13.9485],[74.5504,13.9485],[74.5504,13.9482],[74.5499,13.9482],[74.5499,13.9485],[74.5488,13.9485],[74.5488,13.9487],[74.5485,13.9488],[74.5485,13.951],[74.5482,13.951],[74.5482,13.9518],[74.5479,13.9518],[74.5479,13.9528],[74.5479,13.9529],[74.5478,13.9529],[74.5476,13.9529],[74.5476,13.9537],[74.5474,13.9537],[74.5474,13.9543],[74.5471,13.9543],[74.5471,13.9549],[74.5468,13.9549],[74.5468,13.9554],[74.5465,13.9554],[74.5465,13.956],[74.5462,13.956],[74.5462,13.9565],[74.5449,13.9565],[74.5449,13.9568],[74.5435,13.9568],[74.5435,13.9571],[74.5421,13.9571],[74.5421,13.9574],[74.5418,13.9574],[74.5418,13.9576],[74.5415,13.9576],[74.5415,13.9579],[74.5414,13.9579],[74.5413,13.9579],[74.5413,13.9588],[74.541,13.9587],[74.541,13.9596],[74.5407,13.9596],[74.5407,13.9618],[74.5407,13.9624],[74.5406,13.9624],[74.5404,13.9624],[74.5404,13.9629],[74.5399,13.9629],[74.5399,13.9635],[74.5396,13.9635],[74.5396,13.9643],[74.539,13.9643],[74.539,13.9649],[74.5387,13.9649],[74.5387,13.9651],[74.5385,13.9651],[74.5385,13.9654],[74.5379,13.9654],[74.5379,13.9657],[74.5376,13.9657],[74.5376,13.966],[74.5371,13.966],[74.5371,13.9663],[74.5368,13.9663],[74.5368,13.9665],[74.536,13.9665],[74.536,13.9668],[74.5354,13.9668],[74.5354,13.9665],[74.5349,13.9665],[74.5349,13.9663],[74.5346,13.9663],[74.5346,13.9657],[74.5343,13.9657],[74.5343,13.9651],[74.534,13.9651],[74.534,13.9646],[74.5318,13.9646],[74.5318,13.9649],[74.5315,13.9649],[74.5315,13.969],[74.5312,13.969],[74.5312,13.9699],[74.531,13.9699],[74.531,13.9701],[74.5307,13.9701],[74.5307,13.9704],[74.5304,13.9704],[74.5304,13.971],[74.5301,13.971],[74.5301,13.9713],[74.5299,13.9713],[74.5299,13.9718],[74.5296,13.9718],[74.5296,13.9721],[74.5293,13.9721],[74.5293,13.9724],[74.529,13.9724],[74.529,13.9726],[74.5287,13.9726],[74.5287,13.9729],[74.5282,13.9729],[74.5282,13.9732],[74.5274,13.9732],[74.5274,13.9735],[74.5265,13.9735],[74.5265,13.9738],[74.5254,13.9738],[74.5254,13.9743],[74.5251,13.9743],[74.5251,13.9746],[74.5249,13.9746],[74.5249,13.9751],[74.5246,13.9751],[74.5246,13.9754],[74.5243,13.9754],[74.5243,13.9757],[74.524,13.9757],[74.524,13.9763],[74.5238,13.9763],[74.5238,13.9765],[74.5235,13.9765],[74.5235,13.9776],[74.5229,13.9776],[74.5229,13.9779],[74.5226,13.9779],[74.5226,13.9785],[74.5221,13.9785],[74.5221,13.979],[74.5218,13.979],[74.5218,13.9796],[74.5215,13.9796],[74.5215,13.9799],[74.5212,13.9799],[74.5212,13.9804],[74.521,13.9804],[74.521,13.981],[74.5207,13.981],[74.5207,13.9813],[74.5204,13.9813],[74.5204,13.9818],[74.5201,13.9818],[74.5201,13.9824],[74.5199,13.9824],[74.5199,13.9826],[74.519,13.9826],[74.519,13.9829],[74.5182,13.9829],[74.5182,13.9832],[74.5179,13.9832],[74.5179,13.9835],[74.5176,13.9835],[74.5176,13.984],[74.5174,13.984],[74.5174,13.9843],[74.5171,13.9843],[74.5171,13.9846],[74.5165,13.9846],[74.5165,13.9849],[74.5163,13.9849],[74.5163,13.9851],[74.516,13.9851],[74.516,13.9854],[74.5157,13.9854],[74.5157,13.9857],[74.5151,13.9857],[74.5151,13.986],[74.5149,13.986],[74.5149,13.9862],[74.5146,13.9862],[74.5146,13.9876],[74.5143,13.9876],[74.5143,13.9901],[74.514,13.9901],[74.514,13.9918],[74.5137,13.9918],[74.5137,13.9924],[74.5135,13.9924],[74.5135,13.9929],[74.5132,13.9929],[74.5132,13.9957],[74.5129,13.9957],[74.5129,13.9963],[74.5126,13.9963],[74.5126,13.9968],[74.5124,13.9968],[74.5124,13.9971],[74.5121,13.9971],[74.5121,13.9974],[74.5118,13.9974],[74.5118,13.9979],[74.5115,13.9979],[74.5115,13.9988],[74.5113,13.9988],[74.5113,13.999],[74.511,13.999],[74.511,13.9993],[74.5099,13.9993],[74.5099,13.9999],[74.5099,14.0001],[74.5101,14.0001],[74.5101,14.001],[74.5099,14.001],[74.5099,14.0013],[74.5096,14.0013],[74.5096,14.0018],[74.5093,14.0018],[74.5093,14.0021],[74.509,14.0021],[74.509,14.0026],[74.5088,14.0026],[74.5088,14.0046],[74.509,14.0046],[74.509,14.0071],[74.5088,14.0071],[74.5088,14.0076],[74.5085,14.0076],[74.5085,14.0082],[74.5082,14.0082],[74.5082,14.009],[74.5079,14.009],[74.5079,14.0096],[74.5076,14.0096],[74.5076,14.0101],[74.5074,14.0101],[74.5074,14.011],[74.5071,14.011],[74.5071,14.0115],[74.5068,14.0115],[74.5068,14.0124],[74.5065,14.0124],[74.5065,14.0129],[74.5062,14.0129],[74.5062,14.0135],[74.506,14.0135],[74.506,14.0143],[74.5057,14.0143],[74.5057,14.0149],[74.5054,14.0149],[74.5054,14.0154],[74.5051,14.0154],[74.5051,14.016],[74.5049,14.016],[74.5049,14.0165],[74.5046,14.0165],[74.5046,14.0171],[74.5043,14.0171],[74.5043,14.0176],[74.504,14.0176],[74.504,14.0182],[74.5037,14.0182],[74.5037,14.0188],[74.5035,14.0188],[74.5035,14.0193],[74.5032,14.0193],[74.5032,14.0199],[74.5029,14.0199],[74.5029,14.0204],[74.5026,14.0204],[74.5026,14.021],[74.5024,14.021],[74.5024,14.0215],[74.5021,14.0215],[74.5021,14.0221],[74.5018,14.0221],[74.5018,14.0226],[74.5015,14.0226],[74.5015,14.0238],[74.5013,14.0238],[74.5013,14.0249],[74.5015,14.0249],[74.5015,14.0251],[74.5021,14.0251],[74.5021,14.0254],[74.5024,14.0254],[74.5024,14.0263],[74.5029,14.0263],[74.5029,14.0265],[74.5049,14.0265],[74.5049,14.0263],[74.5057,14.0263],[74.5057,14.0265],[74.506,14.0265],[74.506,14.0268],[74.5062,14.0268],[74.5062,14.0271],[74.5065,14.0271],[74.5065,14.0274],[74.5068,14.0274],[74.5068,14.0276],[74.5076,14.0276],[74.5076,14.0279],[74.511,14.0279],[74.511,14.0276],[74.5113,14.0276],[74.5113,14.0279],[74.5119,14.0279],[74.5121,14.0279],[74.5121,14.0276],[74.5135,14.0276],[74.5135,14.0274],[74.514,14.0274],[74.514,14.0271],[74.5146,14.0271],[74.5146,14.0268],[74.5151,14.0268],[74.5151,14.0265],[74.5157,14.0265],[74.5157,14.0263],[74.5176,14.0263],[74.5176,14.0268],[74.5179,14.0268],[74.5179,14.0271],[74.5176,14.0271],[74.5176,14.0274],[74.5174,14.0274],[74.5174,14.0276],[74.5168,14.0276],[74.5168,14.0279],[74.5165,14.0279],[74.5165,14.0282],[74.516,14.0282],[74.516,14.0285],[74.5157,14.0285],[74.5157,14.0288],[74.5154,14.0288],[74.5154,14.029],[74.5151,14.029],[74.5151,14.0293],[74.5146,14.0293],[74.5146,14.0296],[74.5137,14.0296],[74.5137,14.0299],[74.5135,14.0299],[74.5129,14.0299],[74.5129,14.0302],[74.5124,14.0302],[74.5124,14.0304],[74.5118,14.0304],[74.5118,14.0307],[74.5115,14.0307],[74.5115,14.031],[74.511,14.031],[74.511,14.0313],[74.5104,14.0313],[74.5104,14.0315],[74.509,14.0315],[74.509,14.0318],[74.5085,14.0318],[74.5085,14.0321],[74.5081,14.0321],[74.5079,14.0321],[74.5079,14.0324],[74.5074,14.0324],[74.5074,14.0329],[74.5071,14.0329],[74.5071,14.0332],[74.5068,14.0332],[74.5068,14.0337],[74.5065,14.0337],[74.5065,14.0343],[74.5071,14.0343],[74.5071,14.0346],[74.5074,14.0346],[74.5074,14.0354],[74.5076,14.0354],[74.5076,14.0363],[74.5079,14.0363],[74.5079,14.0371],[74.5082,14.0371],[74.5082,14.0379],[74.5085,14.0379],[74.5085,14.0382],[74.5088,14.0382],[74.5088,14.0387],[74.509,14.0387],[74.509,14.039],[74.5071,14.039],[74.5071,14.0382],[74.5068,14.0382],[74.5068,14.0376],[74.5062,14.0376],[74.5062,14.0374],[74.506,14.0374],[74.506,14.0376],[74.5057,14.0376],[74.5057,14.0382],[74.5054,14.0382],[74.5054,14.0387],[74.5051,14.0387],[74.5051,14.0393],[74.5049,14.0393],[74.5049,14.0396],[74.5049,14.0399],[74.5046,14.0399],[74.5046,14.0406],[74.5046,14.0418],[74.5043,14.0418],[74.504,14.0418],[74.504,14.0413],[74.5037,14.0413],[74.5037,14.0407],[74.5035,14.0407],[74.5035,14.039],[74.5038,14.039],[74.5038,14.0376],[74.504,14.0376],[74.504,14.0374],[74.5043,14.0374],[74.5043,14.0368],[74.5046,14.0368],[74.5046,14.0365],[74.5049,14.0365],[74.5049,14.036],[74.5046,14.036],[74.5046,14.0354],[74.5043,14.0354],[74.5043,14.034],[74.5049,14.034],[74.5049,14.0335],[74.5057,14.0335],[74.5057,14.0329],[74.506,14.0329],[74.506,14.0326],[74.5051,14.0326],[74.5051,14.0321],[74.5054,14.0321],[74.5054,14.0315],[74.5057,14.0315],[74.5057,14.0313],[74.506,14.0313],[74.506,14.0304],[74.5062,14.0304],[74.5062,14.0299],[74.5057,14.0299],[74.5057,14.0296],[74.5054,14.0296],[74.5054,14.0293],[74.5049,14.0293],[74.5049,14.029],[74.5043,14.029],[74.5043,14.0288],[74.504,14.0288],[74.504,14.0285],[74.5035,14.0285],[74.5035,14.0282],[74.5032,14.0282],[74.5032,14.0279],[74.5026,14.0279],[74.5026,14.0276],[74.5024,14.0276],[74.5024,14.0274],[74.5021,14.0274],[74.5021,14.0271],[74.5018,14.0271],[74.5018,14.0274],[74.5013,14.0274],[74.5013,14.0271],[74.501,14.0271],[74.501,14.029],[74.5007,14.029],[74.5007,14.0318],[74.501,14.0318],[74.501,14.0365],[74.5007,14.0365],[74.5007,14.0407],[74.5004,14.0407],[74.5004,14.0432],[74.5001,14.0432],[74.5001,14.0449],[74.4999,14.0449],[74.4999,14.0465],[74.4996,14.0465],[74.4996,14.0482],[74.4993,14.0482],[74.4993,14.0499],[74.499,14.0499],[74.499,14.0513],[74.4987,14.0513],[74.4987,14.0524],[74.4985,14.0524],[74.4985,14.0535],[74.4982,14.0535],[74.4982,14.0546],[74.4979,14.0546],[74.4979,14.0557],[74.4976,14.0557],[74.4976,14.0568],[74.4974,14.0568],[74.4974,14.0579],[74.4971,14.0579],[74.4971,14.059],[74.4968,14.059],[74.4968,14.0601],[74.4965,14.0601],[74.4965,14.0612],[74.4962,14.0612],[74.4962,14.0624],[74.496,14.0624],[74.496,14.0635],[74.4957,14.0635],[74.4957,14.0643],[74.4954,14.0643],[74.4954,14.0654],[74.4951,14.0654],[74.4951,14.0665],[74.4949,14.0665],[74.4949,14.0676],[74.4946,14.0676],[74.4946,14.069],[74.4943,14.069],[74.4943,14.0704],[74.494,14.0704],[74.494,14.0718],[74.4938,14.0718],[74.4938,14.0732],[74.4935,14.0732],[74.4935,14.0743],[74.4932,14.0743],[74.4932,14.0757],[74.4929,14.0757],[74.4929,14.0771],[74.4926,14.0771],[74.4926,14.0785],[74.4924,14.0785],[74.4924,14.0793],[74.4921,14.0793],[74.4921,14.0799],[74.4918,14.0799],[74.4918,14.0804],[74.4915,14.0804],[74.4915,14.081],[74.4912,14.081],[74.4912,14.0815],[74.491,14.0815],[74.491,14.0821],[74.4907,14.0821],[74.4907,14.0826],[74.4904,14.0826],[74.4904,14.0829],[74.4901,14.0829],[74.4901,14.0835],[74.4899,14.0835],[74.4899,14.084],[74.4896,14.084],[74.4896,14.0846],[74.4893,14.0846],[74.4893,14.0851],[74.489,14.0851],[74.489,14.0857],[74.4887,14.0857],[74.4887,14.0862],[74.4885,14.0862],[74.4885,14.0868],[74.4882,14.0868],[74.4882,14.0885],[74.4885,14.0885],[74.4885,14.0907],[74.4882,14.0907],[74.4882,14.0918],[74.4879,14.0918],[74.4879,14.0926],[74.4874,14.0926],[74.4874,14.0929],[74.4871,14.0929],[74.4871,14.0932],[74.4865,14.0932],[74.4865,14.0935],[74.4846,14.0935],[74.4846,14.0929],[74.4843,14.0929],[74.4843,14.0921],[74.4837,14.0921],[74.4837,14.0924],[74.4835,14.0924],[74.4835,14.0926],[74.4829,14.0926],[74.4829,14.0929],[74.4826,14.0929],[74.4826,14.0932],[74.4815,14.0932],[74.4815,14.0929],[74.4807,14.0929],[74.4807,14.0932],[74.4804,14.0932],[74.4804,14.0938],[74.4807,14.0938],[74.4807,14.0943],[74.481,14.0943],[74.481,14.0949],[74.4826,14.0949],[74.4826,14.0951],[74.4829,14.0951],[74.4829,14.0954],[74.4832,14.0954],[74.4832,14.0951],[74.4837,14.0951],[74.4837,14.0949],[74.4851,14.0949],[74.4851,14.0946],[74.486,14.0946],[74.486,14.0951],[74.4863,14.0951],[74.4863,14.096],[74.4865,14.096],[74.4865,14.0965],[74.4868,14.0965],[74.4868,14.0974],[74.4871,14.0974],[74.4871,14.0996],[74.4874,14.0996],[74.4874,14.1026],[74.4876,14.1026],[74.4876,14.1054],[74.4879,14.1054],[74.4879,14.1104],[74.4876,14.1104],[74.4876,14.1118],[74.4868,14.1118],[74.4868,14.1107],[74.4865,14.1107],[74.4865,14.1099],[74.4863,14.1099],[74.4863,14.1104],[74.486,14.1104],[74.486,14.111],[74.4857,14.111],[74.4857,14.1118],[74.4854,14.1118],[74.4854,14.1124],[74.4851,14.1124],[74.4851,14.1135],[74.4849,14.1135],[74.4849,14.1151],[74.4846,14.1151],[74.4846,14.1165],[74.4843,14.1165],[74.4843,14.1182],[74.484,14.1182],[74.484,14.1199],[74.4837,14.1199],[74.4837,14.1213],[74.4835,14.1213],[74.4835,14.1229],[74.4832,14.1229],[74.4832,14.1243],[74.4829,14.1243],[74.4829,14.126],[74.4826,14.126],[74.4826,14.1276],[74.4824,14.1276],[74.4824,14.129],[74.4821,14.129],[74.4821,14.1307],[74.4818,14.1307],[74.4818,14.1318],[74.4815,14.1318],[74.4815,14.1326],[74.4812,14.1326],[74.4812,14.1335],[74.481,14.1335],[74.481,14.1343],[74.4807,14.1343],[74.4807,14.1351],[74.4804,14.1351],[74.4804,14.1362],[74.4801,14.1363],[74.4801,14.137],[74.4801,14.1371],[74.4799,14.1371],[74.4799,14.1379],[74.4796,14.1379],[74.4796,14.1388],[74.4793,14.1388],[74.4793,14.1393],[74.479,14.1393],[74.479,14.1399],[74.4782,14.1399],[74.4782,14.1401],[74.4774,14.1401],[74.4774,14.1404],[74.4765,14.1404],[74.4765,14.1407],[74.4768,14.1407],[74.4768,14.141],[74.4771,14.141],[74.4771,14.1415],[74.4774,14.1415],[74.4774,14.1421],[74.4776,14.1421],[74.4776,14.1426],[74.4779,14.1426],[74.4779,14.1432],[74.4782,14.1432],[74.4782,14.1438],[74.4785,14.1438],[74.4785,14.1474],[74.4782,14.1474],[74.4782,14.149],[74.4779,14.149],[74.4779,14.1499],[74.4785,14.1499],[74.4785,14.1496],[74.479,14.1496],[74.479,14.1501],[74.4788,14.1501],[74.4788,14.1507],[74.4785,14.1507],[74.4785,14.1513],[74.4782,14.1513],[74.4782,14.1518],[74.4779,14.1518],[74.4779,14.1524],[74.4776,14.1524],[74.4776,14.1529],[74.4774,14.1529],[74.4774,14.1535],[74.4771,14.1535],[74.4771,14.154],[74.4768,14.154],[74.4768,14.1551],[74.4765,14.1551],[74.4765,14.1565],[74.4762,14.1565],[74.4762,14.1579],[74.476,14.1579],[74.476,14.1593],[74.4757,14.1593],[74.4757,14.1604],[74.4754,14.1604],[74.4754,14.1618],[74.4751,14.1618],[74.4751,14.1632],[74.4749,14.1632],[74.4749,14.1646],[74.4746,14.1646],[74.4746,14.1654],[74.4743,14.1654],[74.4743,14.166],[74.474,14.166],[74.474,14.1671],[74.4743,14.1671],[74.4743,14.1688],[74.474,14.1688],[74.474,14.1693],[74.4737,14.1693],[74.4737,14.1699],[74.4735,14.1699],[74.4735,14.171],[74.4732,14.171],[74.4732,14.1721],[74.4729,14.1721],[74.4729,14.1732],[74.4726,14.1732],[74.4726,14.1743],[74.4724,14.1743],[74.4724,14.1754],[74.4721,14.1754],[74.4721,14.1765],[74.4718,14.1765],[74.4718,14.1774],[74.4715,14.1774],[74.4715,14.1779],[74.4713,14.1779],[74.4713,14.1785],[74.471,14.1785],[74.471,14.1807],[74.4707,14.1807],[74.4707,14.1832],[74.471,14.1832],[74.471,14.1835],[74.4707,14.1835],[74.4707,14.1838],[74.4704,14.1838],[74.4704,14.1843],[74.4701,14.1843],[74.4701,14.1854],[74.4699,14.1854],[74.4699,14.1863],[74.4696,14.1862],[74.4696,14.1871],[74.4693,14.1871],[74.4693,14.1882],[74.469,14.1882],[74.469,14.1888],[74.4688,14.1888],[74.4688,14.189],[74.4685,14.189],[74.4685,14.1896],[74.4682,14.1896],[74.4682,14.1901],[74.4679,14.1901],[74.4679,14.191],[74.4676,14.191],[74.4676,14.1915],[74.4674,14.1915],[74.4674,14.1921],[74.4671,14.1921],[74.4671,14.1929],[74.4668,14.1929],[74.4668,14.1935],[74.4665,14.1935],[74.4665,14.1963],[74.4668,14.1963],[74.4668,14.1968],[74.4665,14.1968],[74.4665,14.1974],[74.4662,14.1974],[74.4662,14.1976],[74.466,14.1976],[74.466,14.1982],[74.4657,14.1982],[74.4657,14.1985],[74.4654,14.1985],[74.4654,14.199],[74.4651,14.199],[74.4651,14.1993],[74.4649,14.1993],[74.4649,14.1996],[74.4646,14.1996],[74.4646,14.1999],[74.464,14.1999],[74.464,14.2001],[74.4638,14.2001],[74.4638,14.2004],[74.4635,14.2004],[74.4635,14.2007],[74.4632,14.2007],[74.4632,14.201],[74.4601,14.201],[74.4601,14.2008],[74.4601,14.2007],[74.4599,14.2007],[74.4599,14.2001],[74.4596,14.2001],[74.4596,14.1999],[74.4593,14.1999],[74.4593,14.1996],[74.459,14.1996],[74.459,14.1993],[74.4587,14.1993],[74.4587,14.199],[74.4585,14.199],[74.4585,14.1987],[74.4582,14.1987],[74.4582,14.1985],[74.4579,14.1985],[74.4579,14.1987],[74.4576,14.1987],[74.4576,14.199],[74.4571,14.199],[74.4571,14.1993],[74.4568,14.1993],[74.4568,14.1996],[74.4563,14.1996],[74.4563,14.1999],[74.456,14.1999],[74.456,14.2001],[74.4549,14.2001],[74.4549,14.1999],[74.4546,14.1999],[74.4546,14.1996],[74.4543,14.1996],[74.4543,14.1993],[74.454,14.1993],[74.454,14.1999],[74.4538,14.1999],[74.4538,14.2004],[74.4535,14.2004],[74.4535,14.201],[74.4532,14.201],[74.4532,14.2015],[74.4535,14.2015],[74.4535,14.2018],[74.4538,14.2018],[74.4538,14.2024],[74.454,14.2024],[74.454,14.2026],[74.4543,14.2026],[74.4543,14.2029],[74.454,14.2029],[74.454,14.2032],[74.4538,14.2032],[74.4538,14.2035],[74.4535,14.2035],[74.4535,14.2037],[74.4532,14.2037],[74.4532,14.204],[74.4529,14.204],[74.4529,14.2043],[74.4526,14.2043],[74.4526,14.2049],[74.4524,14.2049],[74.4524,14.2054],[74.4526,14.2054],[74.4526,14.2065],[74.4529,14.2065],[74.4529,14.2074],[74.4524,14.2074],[74.4524,14.2077],[74.4515,14.2077],[74.4515,14.2079],[74.451,14.2079],[74.451,14.2082],[74.4507,14.2082],[74.4507,14.2088],[74.4504,14.2088],[74.4504,14.2099],[74.4507,14.2099],[74.4507,14.2101],[74.451,14.2101],[74.451,14.2107],[74.4507,14.2107],[74.4507,14.211],[74.4504,14.211],[74.4504,14.2115],[74.4501,14.2115],[74.4501,14.2118],[74.449,14.2118],[74.449,14.2129],[74.4493,14.2129],[74.4493,14.2135],[74.4496,14.2135],[74.4496,14.2157],[74.4493,14.2157],[74.4493,14.2165],[74.4485,14.2165],[74.4485,14.2174],[74.4488,14.2174],[74.4488,14.2182],[74.4482,14.2182],[74.4482,14.2185],[74.4479,14.2185],[74.4479,14.2188],[74.4476,14.2188],[74.4476,14.219],[74.4474,14.219],[74.4474,14.2193],[74.4471,14.2193],[74.4471,14.2196],[74.446,14.2196],[74.446,14.2199],[74.4454,14.2199],[74.4454,14.2201],[74.4446,14.2201],[74.4446,14.2204],[74.444,14.2204],[74.444,14.2224],[74.4437,14.2224],[74.4437,14.2226],[74.4435,14.2226],[74.4435,14.2229],[74.4432,14.2229],[74.4432,14.2232],[74.4429,14.2232],[74.4429,14.2235],[74.4426,14.2235],[74.4426,14.2238],[74.4418,14.2238],[74.4418,14.2249],[74.4415,14.2249],[74.4415,14.2262],[74.4421,14.2262],[74.4421,14.2265],[74.4424,14.2265],[74.4424,14.2268],[74.4426,14.2268],[74.4426,14.2271],[74.4429,14.2271],[74.4429,14.2279],[74.4426,14.2279],[74.4426,14.229],[74.4424,14.229],[74.4424,14.2299],[74.4421,14.2299],[74.4421,14.2307],[74.4418,14.2307],[74.4418,14.2315],[74.4415,14.2315],[74.4415,14.2324],[74.4413,14.2324],[74.4413,14.2332],[74.441,14.2332],[74.441,14.234],[74.4407,14.234],[74.4407,14.2349],[74.4404,14.2349],[74.4404,14.2357],[74.4401,14.2357],[74.4401,14.2365],[74.4399,14.2365],[74.4399,14.2374],[74.4396,14.2374],[74.4396,14.2382],[74.4393,14.2382],[74.4393,14.239],[74.439,14.239],[74.439,14.2399],[74.4388,14.2399],[74.4388,14.2407],[74.4385,14.2407],[74.4385,14.2413],[74.4382,14.2413],[74.4382,14.2421],[74.4379,14.2421],[74.4379,14.2429],[74.4376,14.2429],[74.4376,14.2435],[74.4374,14.2435],[74.4374,14.2443],[74.4371,14.2443],[74.4371,14.2451],[74.4368,14.2451],[74.4368,14.2457],[74.4365,14.2457],[74.4365,14.2465],[74.4362,14.2465],[74.4362,14.2476],[74.436,14.2476],[74.436,14.2488],[74.4357,14.2487],[74.4357,14.2496],[74.4354,14.2496],[74.4354,14.2507],[74.4351,14.2507],[74.4351,14.2515],[74.4349,14.2515],[74.4349,14.2526],[74.4346,14.2526],[74.4346,14.2537],[74.4343,14.2537],[74.4343,14.2546],[74.434,14.2546],[74.434,14.2554],[74.4337,14.2554],[74.4337,14.256],[74.4335,14.256],[74.4335,14.2568],[74.4332,14.2568],[74.4332,14.2576],[74.4329,14.2576],[74.4329,14.2582],[74.4326,14.2582],[74.4326,14.259],[74.4324,14.259],[74.4324,14.2601],[74.4321,14.2601],[74.4321,14.2615],[74.4318,14.2615],[74.4318,14.2621],[74.4315,14.2621],[74.4315,14.2626],[74.4313,14.2626],[74.4313,14.2632],[74.431,14.2632],[74.431,14.2638],[74.4307,14.2638],[74.4307,14.2646],[74.4304,14.2646],[74.4304,14.2651],[74.4301,14.2651],[74.4301,14.2657],[74.4299,14.2657],[74.4299,14.2663],[74.4296,14.2662],[74.4296,14.2671],[74.4293,14.2671],[74.4293,14.2682],[74.429,14.2682],[74.429,14.269],[74.4287,14.269],[74.4287,14.2699],[74.4285,14.2699],[74.4285,14.271],[74.4282,14.271],[74.4282,14.2718],[74.4279,14.2718],[74.4279,14.2726],[74.4276,14.2726],[74.4276,14.2737],[74.4274,14.2737],[74.4274,14.2746],[74.4271,14.2746],[74.4271,14.2757],[74.4268,14.2757],[74.4268,14.2765],[74.4265,14.2765],[74.4265,14.2774],[74.4262,14.2774],[74.4262,14.2785],[74.426,14.2785],[74.426,14.2793],[74.4262,14.2793],[74.4262,14.2801],[74.4265,14.2801],[74.4265,14.2813],[74.4262,14.2813],[74.4262,14.2824],[74.426,14.2824],[74.426,14.2826],[74.4257,14.2826],[74.4257,14.2829],[74.4254,14.2829],[74.4254,14.2835],[74.4251,14.2835],[74.4251,14.2837],[74.4249,14.2837],[74.4249,14.2849],[74.4246,14.2849],[74.4246,14.2863],[74.4243,14.2863],[74.4243,14.2874],[74.424,14.2874],[74.424,14.2885],[74.4238,14.2885],[74.4238,14.2896],[74.4235,14.2896],[74.4235,14.2907],[74.4238,14.2907],[74.4238,14.2918],[74.424,14.2918],[74.424,14.2926],[74.4243,14.2926],[74.4243,14.2935],[74.4246,14.2935],[74.4246,14.2946],[74.4249,14.2946],[74.4249,14.2954],[74.4246,14.2954],[74.4246,14.2965],[74.4243,14.2965],[74.4243,14.2971],[74.424,14.2971],[74.424,14.2976],[74.4238,14.2976],[74.4238,14.2978],[74.4238,14.2982],[74.4236,14.2982],[74.4235,14.2982],[74.4235,14.2987],[74.4229,14.2988],[74.4229,14.299],[74.4221,14.299],[74.4221,14.2993],[74.4212,14.2993],[74.4212,14.2996],[74.421,14.2996],[74.421,14.3001],[74.4207,14.3001],[74.4207,14.3007],[74.4204,14.3007],[74.4204,14.3012],[74.4201,14.3012],[74.4201,14.3015],[74.4199,14.3015],[74.4199,14.3021],[74.4196,14.3021],[74.4196,14.3026],[74.4193,14.3026],[74.4193,14.3032],[74.419,14.3032],[74.419,14.3038],[74.4187,14.3038],[74.4187,14.3043],[74.4185,14.3043],[74.4185,14.3046],[74.4182,14.3046],[74.4182,14.3051],[74.4179,14.3051],[74.4179,14.3057],[74.4176,14.3057],[74.4176,14.3062],[74.4174,14.3062],[74.4174,14.3068],[74.4171,14.3068],[74.4171,14.3074],[74.4168,14.3074],[74.4168,14.3079],[74.4165,14.3079],[74.4165,14.3085],[74.4163,14.3085],[74.4163,14.3093],[74.4165,14.3093],[74.4165,14.3096],[74.4163,14.3096],[74.4163,14.3107],[74.416,14.3107],[74.416,14.3112],[74.4157,14.3112],[74.4157,14.3118],[74.4154,14.3118],[74.4154,14.3124],[74.4151,14.3124],[74.4151,14.3126],[74.4149,14.3126],[74.4149,14.3132],[74.4146,14.3132],[74.4146,14.3138],[74.4143,14.3138],[74.4143,14.3143],[74.414,14.3143],[74.414,14.3149],[74.4137,14.3149],[74.4137,14.3157],[74.4135,14.3157],[74.4135,14.3174],[74.4132,14.3174],[74.4132,14.3221],[74.4135,14.3221],[74.4135,14.3251],[74.4132,14.3251],[74.4132,14.3274],[74.4129,14.3274],[74.4129,14.3296],[74.4126,14.3296],[74.4126,14.331],[74.4124,14.331],[74.4124,14.3318],[74.4121,14.3318],[74.4121,14.3324],[74.4118,14.3324],[74.4118,14.3332],[74.4115,14.3332],[74.4115,14.334],[74.4112,14.334],[74.4112,14.3349],[74.411,14.3349],[74.411,14.3354],[74.4107,14.3354],[74.4107,14.3363],[74.4104,14.3363],[74.4104,14.3371],[74.4101,14.3371],[74.4101,14.3382],[74.4099,14.3382],[74.4099,14.3393],[74.4096,14.3393],[74.4096,14.3402],[74.4093,14.3401],[74.4093,14.3411],[74.4093,14.3413],[74.409,14.3413],[74.409,14.3424],[74.4088,14.3424],[74.4088,14.3435],[74.4085,14.3435],[74.4085,14.3449],[74.4082,14.3449],[74.4082,14.3468],[74.4079,14.3468],[74.4079,14.3488],[74.4076,14.3488],[74.4076,14.3526],[74.4074,14.3526],[74.4074,14.3537],[74.4071,14.3537],[74.4071,14.3549],[74.4068,14.3549],[74.4068,14.3554],[74.4065,14.3554],[74.4065,14.3557],[74.4063,14.3557],[74.4063,14.356],[74.406,14.356],[74.406,14.3563],[74.4054,14.3563],[74.4054,14.3565],[74.4051,14.3565],[74.4051,14.3568],[74.4049,14.3568],[74.4049,14.3571],[74.4046,14.3571],[74.4046,14.3582],[74.4051,14.3582],[74.4051,14.3585],[74.4054,14.3585],[74.4054,14.3588],[74.4057,14.3588],[74.4057,14.359],[74.406,14.359],[74.406,14.3593],[74.4063,14.3593],[74.4063,14.3607],[74.406,14.3607],[74.406,14.3612],[74.4054,14.3612],[74.4054,14.3615],[74.4051,14.3615],[74.4051,14.3621],[74.4049,14.3621],[74.4049,14.3626],[74.4046,14.3626],[74.4046,14.3638],[74.4049,14.3638],[74.4049,14.3654],[74.4057,14.3654],[74.4057,14.3651],[74.4063,14.3651],[74.4063,14.3671],[74.4057,14.3671],[74.4057,14.3668],[74.4054,14.3668],[74.4054,14.3665],[74.4051,14.3665],[74.4051,14.3663],[74.4049,14.3663],[74.4049,14.366],[74.4046,14.366],[74.4046,14.3663],[74.4043,14.3663],[74.4043,14.3665],[74.404,14.3665],[74.404,14.3668],[74.4035,14.3668],[74.4035,14.3671],[74.4032,14.3671],[74.4032,14.3674],[74.4029,14.3674],[74.4029,14.3679],[74.4026,14.3679],[74.4026,14.3685],[74.4024,14.3685],[74.4024,14.3693],[74.4026,14.3693],[74.4026,14.3701],[74.4029,14.3701],[74.4029,14.371],[74.4032,14.371],[74.4032,14.3715],[74.4051,14.3715],[74.4051,14.3721],[74.4054,14.3721],[74.4054,14.3729],[74.4051,14.3729],[74.4051,14.374],[74.4049,14.374],[74.4049,14.3749],[74.4046,14.3749],[74.4046,14.376],[74.4043,14.376],[74.4043,14.3768],[74.404,14.3768],[74.404,14.3776],[74.4037,14.3776],[74.4037,14.3785],[74.4035,14.3785],[74.4035,14.3796],[74.4032,14.3796],[74.4032,14.3804],[74.4029,14.3804],[74.4029,14.3812],[74.4026,14.3812],[74.4026,14.3824],[74.4024,14.3824],[74.4024,14.3835],[74.4021,14.3835],[74.4021,14.3846],[74.4018,14.3846],[74.4018,14.386],[74.4015,14.386],[74.4015,14.3871],[74.4013,14.3871],[74.4013,14.3885],[74.401,14.3885],[74.401,14.3896],[74.4007,14.3896],[74.4007,14.3907],[74.4004,14.3907],[74.4004,14.3918],[74.4001,14.3918],[74.4001,14.3929],[74.3999,14.3929],[74.3999,14.394],[74.3996,14.394],[74.3996,14.3949],[74.3993,14.3949],[74.3993,14.396],[74.399,14.396],[74.399,14.3968],[74.3987,14.3968],[74.3987,14.3979],[74.3985,14.3979],[74.3985,14.399],[74.3982,14.399],[74.3982,14.3999],[74.3979,14.3999],[74.3979,14.4007],[74.3976,14.4007],[74.3976,14.4018],[74.3974,14.4018],[74.3974,14.4026],[74.3971,14.4026],[74.3971,14.4035],[74.3968,14.4035],[74.3968,14.4046],[74.3965,14.4046],[74.3965,14.4054],[74.3962,14.4054],[74.3962,14.4063],[74.396,14.4063],[74.396,14.4068],[74.3957,14.4068],[74.3957,14.4076],[74.396,14.4076],[74.396,14.4088],[74.3962,14.4087],[74.3962,14.4096],[74.396,14.4096],[74.396,14.4101],[74.3957,14.4101],[74.3957,14.4107],[74.3954,14.4107],[74.3954,14.4113],[74.3951,14.4113],[74.3951,14.4118],[74.3949,14.4118],[74.3949,14.4126],[74.3946,14.4126],[74.3946,14.4132],[74.3943,14.4132],[74.3943,14.4137],[74.394,14.4137],[74.394,14.4149],[74.3938,14.4149],[74.3938,14.4163],[74.3935,14.4163],[74.3935,14.4168],[74.3932,14.4168],[74.3932,14.4176],[74.3929,14.4176],[74.3929,14.4181],[74.3926,14.4182],[74.3926,14.4188],[74.3921,14.4187],[74.3882,14.4188],[74.3882,14.4185],[74.3871,14.4185],[74.3871,14.4182],[74.3874,14.4182],[74.3874,14.4179],[74.3876,14.4179],[74.3876,14.4176],[74.3879,14.4176],[74.3879,14.4174],[74.3882,14.4174],[74.3882,14.4171],[74.3868,14.4171],[74.3868,14.4174],[74.3865,14.4174],[74.3865,14.4176],[74.386,14.4176],[74.386,14.4179],[74.3857,14.4179],[74.3857,14.4182],[74.3854,14.4182],[74.3854,14.4185],[74.384,14.4185],[74.384,14.4188],[74.3835,14.4187],[74.3835,14.4196],[74.3832,14.4196],[74.3832,14.4204],[74.3824,14.4204],[74.3824,14.4207],[74.3821,14.4207],[74.3821,14.4213],[74.3818,14.4213],[74.3818,14.4224],[74.3815,14.4224],[74.3815,14.4229],[74.3812,14.4229],[74.3812,14.4235],[74.381,14.4235],[74.381,14.424],[74.3812,14.424],[74.3812,14.4246],[74.3818,14.4246],[74.3818,14.4249],[74.3824,14.4249],[74.3824,14.4246],[74.3829,14.4246],[74.3829,14.4243],[74.384,14.4243],[74.384,14.4249],[74.3843,14.4249],[74.3843,14.4263],[74.3846,14.4263],[74.3846,14.4279],[74.3843,14.4279],[74.3843,14.4282],[74.3838,14.4282],[74.3838,14.4285],[74.3835,14.4285],[74.3835,14.4288],[74.3832,14.4288],[74.3832,14.429],[74.3826,14.429],[74.3826,14.4293],[74.3824,14.4293],[74.3824,14.4296],[74.3796,14.4296],[74.3796,14.4315],[74.3801,14.4315],[74.3801,14.4318],[74.3804,14.4318],[74.3804,14.4321],[74.381,14.4321],[74.381,14.4324],[74.3812,14.4324],[74.3812,14.4321],[74.3815,14.4321],[74.3815,14.4318],[74.3818,14.4318],[74.3818,14.4315],[74.3826,14.4315],[74.3826,14.4321],[74.3829,14.4321],[74.3829,14.4332],[74.3832,14.4332],[74.3832,14.434],[74.3829,14.434],[74.3829,14.4343],[74.3826,14.4343],[74.3826,14.4349],[74.3824,14.4349],[74.3824,14.436],[74.3821,14.436],[74.3821,14.4368],[74.3818,14.4368],[74.3818,14.4371],[74.3821,14.4371],[74.3821,14.4376],[74.3824,14.4376],[74.3824,14.4399],[74.3821,14.4399],[74.3821,14.4418],[74.3818,14.4418],[74.3818,14.4424],[74.3815,14.4424],[74.3815,14.4429],[74.3812,14.4429],[74.3812,14.4435],[74.381,14.4435],[74.381,14.444],[74.3807,14.444],[74.3807,14.4446],[74.3804,14.4446],[74.3804,14.4457],[74.3807,14.4457],[74.3807,14.4471],[74.3804,14.4471],[74.3804,14.4479],[74.3801,14.4479],[74.3801,14.4487],[74.3799,14.4487],[74.3799,14.4496],[74.3796,14.4496],[74.3796,14.4501],[74.3793,14.4501],[74.3793,14.451],[74.379,14.451],[74.379,14.4518],[74.3788,14.4518],[74.3788,14.4524],[74.3785,14.4524],[74.3785,14.4532],[74.3782,14.4532],[74.3782,14.454],[74.3779,14.454],[74.3779,14.4546],[74.3776,14.4546],[74.3776,14.4551],[74.3774,14.4551],[74.3774,14.4557],[74.3771,14.4557],[74.3771,14.4563],[74.3768,14.4563],[74.3768,14.4568],[74.3765,14.4568],[74.3765,14.4574],[74.3763,14.4573],[74.3763,14.4588],[74.376,14.4587],[74.376,14.4607],[74.3757,14.4607],[74.3757,14.4615],[74.3754,14.4615],[74.3754,14.4621],[74.3751,14.4621],[74.3751,14.4629],[74.3749,14.4629],[74.3749,14.4638],[74.3746,14.4637],[74.3746,14.4646],[74.3743,14.4646],[74.3743,14.4654],[74.374,14.4654],[74.374,14.4665],[74.3737,14.4665],[74.3737,14.4674],[74.3735,14.4674],[74.3735,14.4682],[74.3732,14.4682],[74.3732,14.469],[74.3729,14.469],[74.3729,14.4699],[74.3726,14.4699],[74.3726,14.4704],[74.3724,14.4704],[74.3724,14.471],[74.3721,14.471],[74.3721,14.4715],[74.3718,14.4715],[74.3718,14.4724],[74.3715,14.4724],[74.3715,14.4729],[74.3712,14.4729],[74.3712,14.4735],[74.371,14.4735],[74.371,14.474],[74.3707,14.474],[74.3707,14.4749],[74.3704,14.4749],[74.3704,14.4754],[74.3701,14.4754],[74.3701,14.476],[74.3699,14.476],[74.3699,14.4768],[74.3696,14.4768],[74.3696,14.4774],[74.3693,14.4774],[74.3693,14.4779],[74.369,14.4779],[74.369,14.4785],[74.3687,14.4785],[74.3687,14.4793],[74.3685,14.4793],[74.3685,14.4799],[74.3682,14.4799],[74.3682,14.4804],[74.3679,14.4804],[74.3679,14.481],[74.3676,14.481],[74.3676,14.4818],[74.3674,14.4818],[74.3674,14.4824],[74.3671,14.4824],[74.3671,14.4829],[74.3668,14.4829],[74.3668,14.4838],[74.3665,14.4838],[74.3665,14.4843],[74.3662,14.4843],[74.3662,14.4851],[74.366,14.4851],[74.366,14.4857],[74.3657,14.4857],[74.3657,14.4863],[74.3654,14.4862],[74.3654,14.4871],[74.3651,14.4871],[74.3651,14.4876],[74.3649,14.4876],[74.3649,14.4885],[74.3646,14.4885],[74.3646,14.489],[74.3643,14.489],[74.3643,14.4896],[74.364,14.4896],[74.364,14.4904],[74.3637,14.4904],[74.3637,14.491],[74.3635,14.491],[74.3635,14.4918],[74.3632,14.4918],[74.3632,14.4924],[74.3629,14.4924],[74.3629,14.4929],[74.3626,14.4929],[74.3626,14.4937],[74.3624,14.4937],[74.3624,14.4943],[74.3621,14.4943],[74.3621,14.4951],[74.3618,14.4951],[74.3618,14.496],[74.3615,14.496],[74.3615,14.4965],[74.3613,14.4965],[74.3613,14.4974],[74.361,14.4974],[74.361,14.4982],[74.3607,14.4982],[74.3607,14.499],[74.3604,14.499],[74.3604,14.4999],[74.3601,14.4999],[74.3601,14.5004],[74.3599,14.5004],[74.3599,14.5013],[74.3596,14.5013],[74.3596,14.5018],[74.3585,14.5018],[74.3585,14.5021],[74.3576,14.5021],[74.3576,14.5018],[74.3574,14.5018],[74.3574,14.5013],[74.3571,14.5013],[74.3571,14.501],[74.3554,14.501],[74.3554,14.5013],[74.3551,14.5013],[74.3551,14.5015],[74.3549,14.5015],[74.3549,14.5018],[74.3546,14.5018],[74.3546,14.5021],[74.3543,14.5021],[74.3543,14.5024],[74.354,14.5024],[74.354,14.5029],[74.3538,14.5029],[74.3538,14.5038],[74.354,14.5038],[74.354,14.5046],[74.3543,14.5046],[74.3543,14.5049],[74.354,14.5049],[74.354,14.5071],[74.3543,14.5071],[74.3543,14.5074],[74.3549,14.5074],[74.3549,14.5082],[74.3546,14.5082],[74.3546,14.5088],[74.3551,14.5088],[74.3551,14.509],[74.356,14.509],[74.356,14.5093],[74.3565,14.5093],[74.3565,14.5096],[74.3571,14.5096],[74.3571,14.5099],[74.3576,14.5099],[74.3576,14.5101],[74.3582,14.5101],[74.3582,14.5104],[74.3593,14.5104],[74.3593,14.511],[74.359,14.511],[74.359,14.5121],[74.3587,14.5121],[74.3587,14.5132],[74.3585,14.5132],[74.3585,14.5154],[74.3587,14.5154],[74.3587,14.516],[74.359,14.516],[74.359,14.5165],[74.3593,14.5165],[74.3593,14.5168],[74.3596,14.5168],[74.3596,14.5174],[74.3599,14.5174],[74.3599,14.5177],[74.3601,14.5176],[74.3601,14.5182],[74.3604,14.5182],[74.3604,14.5188],[74.3607,14.5188],[74.3607,14.519],[74.3613,14.519],[74.3613,14.5193],[74.3607,14.5193],[74.3607,14.5199],[74.361,14.5199],[74.361,14.5201],[74.3615,14.5201],[74.3615,14.5204],[74.3621,14.5204],[74.3621,14.5207],[74.3626,14.5207],[74.3626,14.521],[74.3632,14.521],[74.3632,14.5212],[74.3643,14.5212],[74.3643,14.5215],[74.3646,14.5215],[74.3646,14.5221],[74.3649,14.5221],[74.3649,14.5224],[74.3651,14.5224],[74.3651,14.5226],[74.3654,14.5226],[74.3654,14.5229],[74.366,14.5229],[74.366,14.5232],[74.3662,14.5232],[74.3662,14.5235],[74.3674,14.5235],[74.3674,14.524],[74.3676,14.524],[74.3676,14.5243],[74.3679,14.5243],[74.3679,14.5251],[74.3682,14.5251],[74.3682,14.5257],[74.3685,14.5257],[74.3685,14.5263],[74.3687,14.5263],[74.3687,14.5268],[74.369,14.5268],[74.369,14.5274],[74.3693,14.5274],[74.3693,14.5276],[74.3707,14.5276],[74.3707,14.5279],[74.3724,14.5279],[74.3724,14.5276],[74.3726,14.5276],[74.3726,14.5274],[74.3729,14.5274],[74.3729,14.5271],[74.3732,14.5271],[74.3732,14.5268],[74.3735,14.5268],[74.3735,14.5265],[74.3737,14.5265],[74.3737,14.526],[74.374,14.526],[74.374,14.5257],[74.3743,14.5257],[74.3743,14.5254],[74.3746,14.5254],[74.3746,14.5249],[74.3749,14.5249],[74.3749,14.5246],[74.3751,14.5246],[74.3751,14.5243],[74.3754,14.5243],[74.3754,14.5238],[74.3757,14.5238],[74.3757,14.5235],[74.376,14.5235],[74.376,14.5229],[74.3763,14.5229],[74.3763,14.5224],[74.3765,14.5224],[74.3765,14.5226],[74.3768,14.5226],[74.3768,14.5229],[74.3774,14.5229],[74.3774,14.5232],[74.3776,14.5232],[74.3776,14.5235],[74.3779,14.5235],[74.3779,14.5238],[74.3785,14.5238],[74.3785,14.524],[74.3787,14.524],[74.3787,14.5243],[74.3793,14.5243],[74.3793,14.5246],[74.3796,14.5246],[74.3796,14.5254],[74.3793,14.5254],[74.3793,14.526],[74.379,14.526],[74.379,14.5263],[74.3787,14.5263],[74.3787,14.5268],[74.3785,14.5268],[74.3785,14.5271],[74.3782,14.5271],[74.3782,14.5276],[74.3779,14.5276],[74.3779,14.5282],[74.3776,14.5282],[74.3776,14.5288],[74.3774,14.5288],[74.3774,14.5299],[74.3771,14.5299],[74.3771,14.531],[74.3768,14.531],[74.3768,14.5315],[74.3765,14.5315],[74.3765,14.5321],[74.3763,14.5321],[74.3763,14.5326],[74.376,14.5326],[74.376,14.5332],[74.3757,14.5332],[74.3757,14.5338],[74.3754,14.5338],[74.3754,14.5343],[74.3749,14.5343],[74.3749,14.5346],[74.3746,14.5346],[74.3746,14.5349],[74.3743,14.5349],[74.3743,14.5354],[74.3737,14.5354],[74.3737,14.5357],[74.3735,14.5357],[74.3735,14.5363],[74.3732,14.5363],[74.3732,14.5371],[74.3737,14.5371],[74.3737,14.5374],[74.3746,14.5374],[74.3746,14.5368],[74.3749,14.5368],[74.3749,14.5363],[74.3751,14.5363],[74.3751,14.5357],[74.3754,14.5357],[74.3754,14.5351],[74.3757,14.5351],[74.3757,14.5346],[74.376,14.5346],[74.376,14.534],[74.3763,14.534],[74.3763,14.5338],[74.3765,14.5338],[74.3765,14.5335],[74.3768,14.5335],[74.3768,14.5332],[74.3771,14.5332],[74.3771,14.5329],[74.3774,14.5329],[74.3774,14.5326],[74.3793,14.5326],[74.3793,14.5324],[74.3796,14.5324],[74.3796,14.5318],[74.3799,14.5318],[74.3799,14.5315],[74.3801,14.5315],[74.3801,14.5313],[74.3804,14.5313],[74.3804,14.5307],[74.3807,14.5307],[74.3807,14.5304],[74.381,14.5304],[74.381,14.5301],[74.3812,14.5301],[74.3812,14.5296],[74.3815,14.5296],[74.3815,14.5293],[74.3818,14.5293],[74.3818,14.529],[74.3821,14.529],[74.3821,14.5285],[74.3824,14.5285],[74.3824,14.5282],[74.3826,14.5282],[74.3826,14.5276],[74.3829,14.5276],[74.3829,14.5271],[74.3832,14.5271],[74.3832,14.5262],[74.3835,14.5263],[74.3835,14.5257],[74.3838,14.5257],[74.3838,14.5249],[74.384,14.5249],[74.384,14.5243],[74.3843,14.5243],[74.3843,14.5238],[74.3865,14.5238],[74.3865,14.5248],[74.3865,14.5288],[74.3871,14.5288],[74.3871,14.529],[74.3874,14.529],[74.3874,14.5293],[74.3879,14.5293],[74.3879,14.5296],[74.3893,14.5296],[74.3893,14.5293],[74.3907,14.5293],[74.3907,14.529],[74.3929,14.529],[74.3929,14.5293],[74.3935,14.5293],[74.3935,14.5304],[74.3932,14.5304],[74.3932,14.5313],[74.3907,14.5313],[74.3907,14.5315],[74.3904,14.5315],[74.3904,14.5321],[74.3901,14.5321],[74.3901,14.5326],[74.3899,14.5326],[74.3899,14.5332],[74.3896,14.5332],[74.3896,14.5338],[74.3893,14.5338],[74.3893,14.534],[74.3874,14.534],[74.3874,14.5338],[74.3871,14.5338],[74.3871,14.5332],[74.3868,14.5332],[74.3868,14.5329],[74.3865,14.5329],[74.3865,14.5324],[74.3863,14.5324],[74.3863,14.5318],[74.386,14.5318],[74.386,14.5315],[74.3857,14.5315],[74.3857,14.531],[74.3854,14.531],[74.3854,14.5307],[74.384,14.5307],[74.384,14.5313],[74.3843,14.5313],[74.3843,14.5318],[74.3846,14.5318],[74.3846,14.5324],[74.3849,14.5324],[74.3849,14.5329],[74.3851,14.5329],[74.3851,14.5335],[74.3854,14.5335],[74.3854,14.5343],[74.3851,14.5343],[74.3851,14.5351],[74.3846,14.5351],[74.3846,14.5354],[74.3843,14.5354],[74.3843,14.5357],[74.3838,14.5357],[74.3838,14.536],[74.3835,14.536],[74.3835,14.5363],[74.3832,14.5363],[74.3829,14.5363],[74.3829,14.5371],[74.383,14.5371],[74.3832,14.5371],[74.3832,14.5388],[74.3835,14.5388],[74.3835,14.5404],[74.3838,14.5404],[74.3838,14.5435],[74.3851,14.5435],[74.3851,14.5438],[74.3854,14.5438],[74.3854,14.544],[74.386,14.544],[74.386,14.5443],[74.3863,14.5443],[74.3863,14.5446],[74.3865,14.5446],[74.3865,14.5449],[74.3868,14.5449],[74.3868,14.5451],[74.3871,14.5451],[74.3871,14.5457],[74.3874,14.5457],[74.3874,14.5468],[74.3871,14.5468],[74.3871,14.5471],[74.3868,14.5471],[74.3868,14.5474],[74.3865,14.5474],[74.3865,14.5476],[74.3863,14.5476],[74.3863,14.5479],[74.386,14.5479],[74.386,14.5485],[74.3857,14.5485],[74.3857,14.5487],[74.3854,14.5487],[74.3854,14.549],[74.3851,14.549],[74.3851,14.5493],[74.3849,14.5493],[74.3849,14.5499],[74.3846,14.5499],[74.3846,14.5501],[74.3843,14.5501],[74.3843,14.5504],[74.384,14.5504],[74.384,14.5507],[74.3838,14.5507],[74.3838,14.551],[74.3835,14.551],[74.3835,14.5515],[74.3832,14.5515],[74.3832,14.5518],[74.3824,14.5518],[74.3824,14.5513],[74.3821,14.5513],[74.3821,14.551],[74.3818,14.551],[74.3818,14.5504],[74.3815,14.5504],[74.3815,14.5501],[74.3812,14.5501],[74.3812,14.5499],[74.381,14.5499],[74.381,14.5493],[74.3796,14.5493],[74.3796,14.549],[74.379,14.549],[74.379,14.5487],[74.3785,14.5487],[74.3785,14.5485],[74.3779,14.5485],[74.3779,14.549],[74.3776,14.549],[74.3776,14.5493],[74.3774,14.5493],[74.3774,14.5496],[74.3771,14.5496],[74.3771,14.5501],[74.3768,14.5501],[74.3768,14.5504],[74.3765,14.5504],[74.3765,14.5507],[74.3763,14.5507],[74.3763,14.5513],[74.376,14.5513],[74.376,14.5515],[74.3754,14.5515],[74.3754,14.5518],[74.3751,14.5518],[74.3751,14.5521],[74.3746,14.5521],[74.3746,14.5524],[74.374,14.5524],[74.374,14.5526],[74.3737,14.5526],[74.3737,14.5529],[74.3732,14.5529],[74.3732,14.5532],[74.3729,14.5532],[74.3729,14.5535],[74.3726,14.5535],[74.3726,14.5538],[74.3715,14.5538],[74.3715,14.5535],[74.3712,14.5535],[74.3712,14.5532],[74.3707,14.5532],[74.3707,14.5529],[74.3701,14.5529],[74.3701,14.5526],[74.3679,14.5526],[74.3665,14.5526],[74.3665,14.5529],[74.366,14.5529],[74.366,14.5532],[74.3654,14.5532],[74.3654,14.5535],[74.3649,14.5535],[74.3649,14.5538],[74.3646,14.5538],[74.3646,14.554],[74.3649,14.554],[74.3649,14.5546],[74.3651,14.5546],[74.3651,14.5551],[74.3654,14.5551],[74.3654,14.5554],[74.3657,14.5554],[74.3657,14.5557],[74.3662,14.5557],[74.3662,14.556],[74.3665,14.556],[74.3665,14.5562],[74.3668,14.5562],[74.3668,14.5565],[74.3671,14.5565],[74.3671,14.5568],[74.3674,14.5568],[74.3674,14.5571],[74.3676,14.5571],[74.3676,14.5574],[74.3682,14.5574],[74.3682,14.5576],[74.3685,14.5576],[74.3685,14.5579],[74.3688,14.5579],[74.3688,14.5585],[74.369,14.5585],[74.369,14.5593],[74.3693,14.5593],[74.3693,14.5601],[74.3696,14.5601],[74.3696,14.561],[74.3699,14.561],[74.3699,14.5618],[74.3701,14.5618],[74.3701,14.5624],[74.3704,14.5624],[74.3704,14.5626],[74.371,14.5626],[74.371,14.5629],[74.3712,14.5629],[74.3712,14.5632],[74.3715,14.5632],[74.3715,14.5635],[74.3718,14.5635],[74.3718,14.5638],[74.3724,14.5638],[74.3724,14.564],[74.3726,14.564],[74.3726,14.5643],[74.3735,14.5643],[74.3735,14.564],[74.374,14.564],[74.374,14.5638],[74.3749,14.5638],[74.3749,14.5635],[74.376,14.5635],[74.376,14.5638],[74.3763,14.5638],[74.3763,14.5643],[74.3757,14.5643],[74.3757,14.5646],[74.3751,14.5646],[74.3751,14.5649],[74.3746,14.5649],[74.3746,14.5651],[74.3749,14.5651],[74.3749,14.5657],[74.3751,14.5657],[74.3751,14.5665],[74.3754,14.5665],[74.3754,14.5676],[74.3757,14.5676],[74.3757,14.5682],[74.376,14.5682],[74.376,14.5687],[74.3763,14.5687],[74.3763,14.571],[74.3776,14.571],[74.3776,14.5724],[74.3774,14.5724],[74.3774,14.5726],[74.3771,14.5726],[74.3771,14.5729],[74.3765,14.5729],[74.3765,14.5732],[74.3763,14.5732],[74.3763,14.5735],[74.376,14.5735],[74.376,14.5737],[74.3737,14.5737],[74.3737,14.5735],[74.3715,14.5735],[74.3715,14.5732],[74.3712,14.5732],[74.3712,14.5729],[74.371,14.5729],[74.371,14.5724],[74.3707,14.5724],[74.3707,14.5721],[74.3704,14.5721],[74.3704,14.5718],[74.3701,14.5718],[74.3701,14.5715],[74.3699,14.5715],[74.3699,14.571],[74.3696,14.571],[74.3696,14.5707],[74.3693,14.5707],[74.3693,14.5704],[74.369,14.5704],[74.369,14.5701],[74.3687,14.5701],[74.3687,14.5696],[74.3685,14.5696],[74.3685,14.5693],[74.3682,14.5693],[74.3682,14.569],[74.3674,14.569],[74.3674,14.5687],[74.3665,14.5687],[74.3665,14.5685],[74.3657,14.5685],[74.3657,14.5679],[74.366,14.5679],[74.366,14.5676],[74.3657,14.5676],[74.3657,14.5674],[74.3654,14.5674],[74.3654,14.5668],[74.3651,14.5668],[74.3651,14.5665],[74.3649,14.5665],[74.3649,14.5663],[74.3607,14.5663],[74.3607,14.566],[74.3604,14.566],[74.3604,14.5657],[74.3601,14.5657],[74.3601,14.5654],[74.3599,14.5654],[74.3599,14.5651],[74.3596,14.5651],[74.3596,14.5649],[74.3593,14.5649],[74.3593,14.5643],[74.359,14.5643],[74.359,14.564],[74.3587,14.564],[74.3587,14.5638],[74.3585,14.5638],[74.3585,14.5635],[74.3582,14.5635],[74.3582,14.5632],[74.3579,14.5632],[74.3579,14.5629],[74.3574,14.5629],[74.3574,14.5626],[74.3565,14.5626],[74.3565,14.5621],[74.3568,14.5621],[74.3568,14.5615],[74.3571,14.5615],[74.3571,14.561],[74.3574,14.561],[74.3574,14.5604],[74.3576,14.5604],[74.3576,14.5599],[74.3579,14.5599],[74.3579,14.5593],[74.3582,14.5593],[74.3582,14.5588],[74.3585,14.5588],[74.3585,14.5582],[74.3587,14.5582],[74.3587,14.5576],[74.359,14.5576],[74.359,14.5571],[74.3593,14.5571],[74.3593,14.5565],[74.3596,14.5565],[74.3596,14.556],[74.3599,14.556],[74.3599,14.5532],[74.3596,14.5532],[74.3596,14.5518],[74.3599,14.5518],[74.3599,14.5507],[74.3601,14.5507],[74.3601,14.5504],[74.3604,14.5504],[74.3604,14.5501],[74.3601,14.5501],[74.3601,14.5496],[74.3599,14.5496],[74.3599,14.549],[74.3596,14.549],[74.3596,14.5485],[74.3593,14.5485],[74.3593,14.5479],[74.359,14.5479],[74.359,14.5474],[74.3587,14.5474],[74.3587,14.5468],[74.3585,14.5468],[74.3585,14.5463],[74.3582,14.5463],[74.3582,14.546],[74.3576,14.546],[74.3576,14.5457],[74.3571,14.5457],[74.3571,14.5454],[74.3565,14.5454],[74.3565,14.5451],[74.356,14.5451],[74.356,14.5449],[74.3554,14.5449],[74.3554,14.5446],[74.3551,14.5446],[74.3551,14.5443],[74.3549,14.5443],[74.3549,14.5438],[74.3546,14.5438],[74.3546,14.5435],[74.3543,14.5435],[74.3543,14.5429],[74.354,14.5429],[74.354,14.5432],[74.3535,14.5432],[74.3535,14.5435],[74.3529,14.5435],[74.3529,14.5438],[74.3524,14.5438],[74.3524,14.544],[74.3518,14.544],[74.3518,14.5443],[74.3512,14.5443],[74.3512,14.5446],[74.3507,14.5446],[74.3507,14.5449],[74.3501,14.5449],[74.3501,14.5451],[74.3496,14.5451],[74.3496,14.5463],[74.3493,14.5463],[74.3493,14.5468],[74.349,14.5468],[74.349,14.5474],[74.3487,14.5474],[74.3487,14.5479],[74.3485,14.5479],[74.3485,14.5485],[74.3482,14.5485],[74.3482,14.549],[74.3479,14.549],[74.3479,14.5496],[74.3476,14.5496],[74.3476,14.5499],[74.3474,14.5499],[74.3474,14.5504],[74.3471,14.5504],[74.3471,14.551],[74.3468,14.551],[74.3468,14.5515],[74.3465,14.5515],[74.3465,14.5521],[74.3463,14.5521],[74.3463,14.5526],[74.346,14.5526],[74.346,14.5532],[74.3457,14.5532],[74.3457,14.5543],[74.3454,14.5543],[74.3454,14.5565],[74.3451,14.5565],[74.3451,14.5579],[74.3454,14.5579],[74.3454,14.5582],[74.3457,14.5582],[74.3457,14.5588],[74.346,14.5588],[74.346,14.559],[74.3463,14.559],[74.3463,14.5593],[74.3465,14.5593],[74.3465,14.5599],[74.3468,14.5599],[74.3468,14.5607],[74.3465,14.5607],[74.3465,14.561],[74.346,14.561],[74.346,14.5613],[74.3457,14.5613],[74.3457,14.5615],[74.3451,14.5615],[74.3451,14.5618],[74.3449,14.5618],[74.3449,14.5621],[74.3443,14.5621],[74.3443,14.5624],[74.344,14.5624],[74.344,14.5626],[74.3438,14.5626],[74.3438,14.5629],[74.3432,14.5629],[74.3432,14.5632],[74.3429,14.5632],[74.3429,14.5635],[74.3424,14.5635],[74.3424,14.5638],[74.3421,14.5638],[74.3421,14.5643],[74.3418,14.5643],[74.3418,14.5651],[74.3415,14.5651],[74.3415,14.566],[74.3412,14.566],[74.3412,14.5665],[74.341,14.5665],[74.341,14.5674],[74.3407,14.5674],[74.3407,14.5682],[74.3404,14.5682],[74.3404,14.5687],[74.3374,14.5687],[74.3374,14.5682],[74.3371,14.5682],[74.3371,14.5676],[74.3368,14.5676],[74.3368,14.5671],[74.3365,14.5671],[74.3365,14.5665],[74.3363,14.5665],[74.3363,14.566],[74.336,14.566],[74.336,14.5654],[74.3357,14.5654],[74.3357,14.5649],[74.3354,14.5649],[74.3354,14.5638],[74.3351,14.5638],[74.3351,14.5626],[74.3354,14.5626],[74.3354,14.5621],[74.3357,14.5621],[74.3357,14.5618],[74.336,14.5618],[74.336,14.5613],[74.3363,14.5613],[74.3363,14.5607],[74.3365,14.5607],[74.3365,14.5604],[74.3368,14.5604],[74.3368,14.5599],[74.3371,14.5599],[74.3371,14.5596],[74.3374,14.5596],[74.3374,14.559],[74.3376,14.559],[74.3376,14.5585],[74.3379,14.5585],[74.3379,14.5582],[74.3382,14.5582],[74.3382,14.5576],[74.3385,14.5576],[74.3385,14.5568],[74.3388,14.5568],[74.3388,14.5554],[74.339,14.5554],[74.339,14.5546],[74.3388,14.5546],[74.3388,14.554],[74.3385,14.554],[74.3385,14.5538],[74.3382,14.5538],[74.3382,14.5535],[74.3385,14.5535],[74.3385,14.5532],[74.3388,14.5532],[74.3388,14.5529],[74.3393,14.5529],[74.3393,14.5526],[74.3396,14.5526],[74.3396,14.5524],[74.3401,14.5524],[74.3401,14.5521],[74.3404,14.5521],[74.3404,14.5518],[74.341,14.5518],[74.341,14.5515],[74.3412,14.5515],[74.3412,14.5513],[74.3415,14.5513],[74.3415,14.551],[74.3418,14.551],[74.3418,14.5504],[74.3421,14.5504],[74.3421,14.5501],[74.3424,14.5501],[74.3424,14.5499],[74.3426,14.5499],[74.3426,14.5496],[74.3429,14.5496],[74.3429,14.5493],[74.3432,14.5493],[74.3432,14.5487],[74.3435,14.5487],[74.3435,14.5485],[74.3438,14.5485],[74.3438,14.5482],[74.344,14.5482],[74.344,14.5476],[74.3443,14.5476],[74.3443,14.5474],[74.3446,14.5474],[74.3446,14.5471],[74.3449,14.5471],[74.3449,14.5465],[74.3451,14.5465],[74.3451,14.5463],[74.3454,14.5463],[74.3454,14.546],[74.3457,14.546],[74.3457,14.5454],[74.3463,14.5454],[74.3463,14.5468],[74.3465,14.5468],[74.3465,14.5471],[74.3468,14.5471],[74.3468,14.5474],[74.3474,14.5474],[74.3474,14.5476],[74.3479,14.5476],[74.3479,14.5465],[74.3482,14.5465],[74.3482,14.5463],[74.3471,14.5463],[74.3471,14.5449],[74.3474,14.5449],[74.3474,14.544],[74.3499,14.544],[74.3499,14.5435],[74.3501,14.5435],[74.3501,14.5424],[74.3504,14.5424],[74.3504,14.5418],[74.351,14.5418],[74.351,14.5415],[74.3515,14.5415],[74.3515,14.5412],[74.3521,14.5412],[74.3521,14.541],[74.3526,14.541],[74.3526,14.5407],[74.3524,14.5407],[74.3524,14.5401],[74.3521,14.5401],[74.3521,14.5399],[74.3518,14.5399],[74.3518,14.5393],[74.3515,14.5393],[74.3515,14.5388],[74.3518,14.5388],[74.3518,14.5379],[74.3521,14.5379],[74.3521,14.5376],[74.3518,14.5376],[74.3518,14.5374],[74.3515,14.5374],[74.3515,14.5363],[74.3512,14.5363],[74.3512,14.5335],[74.3515,14.5335],[74.3515,14.5329],[74.3518,14.5329],[74.3518,14.5321],[74.3524,14.5321],[74.3524,14.5315],[74.3529,14.5315],[74.3529,14.5313],[74.3532,14.5313],[74.3532,14.5307],[74.3535,14.5307],[74.3535,14.5301],[74.3538,14.5301],[74.3538,14.5296],[74.354,14.5296],[74.354,14.529],[74.3543,14.529],[74.3543,14.5285],[74.3546,14.5285],[74.3546,14.5282],[74.3549,14.5282],[74.3549,14.5276],[74.3551,14.5276],[74.3551,14.5268],[74.3554,14.5268],[74.3554,14.5263],[74.3557,14.5263],[74.3557,14.5251],[74.356,14.5251],[74.356,14.524],[74.3562,14.524],[74.3562,14.5229],[74.356,14.5229],[74.356,14.5221],[74.3554,14.5221],[74.3554,14.5218],[74.3546,14.5218],[74.3546,14.5215],[74.354,14.5215],[74.354,14.5212],[74.3499,14.5212],[74.3499,14.5215],[74.3496,14.5215],[74.3496,14.5212],[74.3493,14.5212],[74.3493,14.5207],[74.349,14.5207],[74.349,14.5204],[74.3451,14.5204],[74.3451,14.5201],[74.3449,14.5201],[74.3449,14.5199],[74.3446,14.5199],[74.3446,14.5196],[74.3443,14.5196],[74.3443,14.5188],[74.344,14.5188],[74.344,14.5177],[74.3438,14.5177],[74.3438,14.5174],[74.3435,14.5174],[74.3435,14.5171],[74.3432,14.5171],[74.3432,14.5165],[74.3429,14.5165],[74.3429,14.516],[74.3426,14.516],[74.3426,14.5154],[74.3424,14.5154],[74.3424,14.5149],[74.3421,14.5149],[74.3421,14.5143],[74.3418,14.5143],[74.3418,14.514],[74.3412,14.514],[74.3412,14.5138],[74.3399,14.5138],[74.3399,14.514],[74.3396,14.514],[74.3396,14.5143],[74.3393,14.5143],[74.3393,14.5146],[74.339,14.5146],[74.339,14.5149],[74.3388,14.5149],[74.3388,14.5151],[74.3385,14.5151],[74.3385,14.5154],[74.3382,14.5154],[74.3382,14.5157],[74.3379,14.5157],[74.3379,14.5171],[74.3382,14.5171],[74.3382,14.5174],[74.3376,14.5174],[74.3376,14.5177],[74.3374,14.5177],[74.3374,14.5179],[74.3332,14.5179],[74.3332,14.5174],[74.3329,14.5174],[74.3329,14.5171],[74.3324,14.5171],[74.3324,14.5174],[74.3318,14.5174],[74.3318,14.5177],[74.3301,14.5177],[74.3301,14.5163],[74.3279,14.5162],[74.3276,14.5163],[74.3276,14.516],[74.3274,14.516],[74.3274,14.5157],[74.3271,14.5157],[74.3271,14.5154],[74.3268,14.5154],[74.3268,14.5151],[74.3265,14.5151],[74.3265,14.5149],[74.3262,14.5149],[74.3262,14.5146],[74.326,14.5146],[74.326,14.5149],[74.3257,14.5149],[74.3257,14.5169],[74.3257,14.5177],[74.3254,14.5177],[74.3254,14.5188],[74.3251,14.5188],[74.3251,14.5196],[74.3229,14.5196],[74.3229,14.5174],[74.3218,14.5174],[74.3218,14.5179],[74.3221,14.5179],[74.3221,14.5188],[74.3218,14.5188],[74.3218,14.5193],[74.3215,14.5193],[74.3215,14.5196],[74.3187,14.5196],[74.3187,14.519],[74.3185,14.519],[74.3185,14.5185],[74.3187,14.5185],[74.3187,14.5182],[74.319,14.5182],[74.319,14.5179],[74.3193,14.5179],[74.3193,14.5171],[74.319,14.5171],[74.319,14.5162],[74.3187,14.5163],[74.3187,14.5168],[74.3185,14.5168],[74.3185,14.5177],[74.3182,14.5176],[74.3182,14.5185],[74.3179,14.5185],[74.3179,14.519],[74.3162,14.519],[74.3162,14.5193],[74.316,14.5193],[74.316,14.5196],[74.3157,14.5196],[74.3157,14.5199],[74.3154,14.5199],[74.3154,14.5201],[74.3151,14.5201],[74.3151,14.5204],[74.3149,14.5204],[74.3149,14.5207],[74.3143,14.5207],[74.3143,14.521],[74.314,14.521],[74.314,14.5212],[74.3121,14.5212],[74.3121,14.521],[74.3104,14.521],[74.3104,14.5207],[74.3096,14.5207],[74.3096,14.5212],[74.3099,14.5212],[74.3099,14.5221],[74.3101,14.5221],[74.3101,14.5226],[74.3104,14.5226],[74.3104,14.5232],[74.3101,14.5232],[74.3101,14.5238],[74.3104,14.5238],[74.3104,14.524],[74.3107,14.524],[74.3107,14.5246],[74.311,14.5246],[74.311,14.5249],[74.3115,14.5249],[74.3115,14.5251],[74.3124,14.5251],[74.3124,14.5254],[74.3129,14.5254],[74.3129,14.5257],[74.3146,14.5257],[74.3146,14.526],[74.3149,14.526],[74.3149,14.5263],[74.3151,14.5263],[74.3151,14.5268],[74.3154,14.5268],[74.3154,14.5274],[74.3157,14.5274],[74.3157,14.5288],[74.3154,14.5288],[74.3154,14.5304],[74.3149,14.5304],[74.3149,14.5307],[74.3143,14.5307],[74.3143,14.531],[74.3132,14.531],[74.3132,14.5313],[74.3124,14.5313],[74.3124,14.5315],[74.3118,14.5315],[74.3118,14.5318],[74.3115,14.5318],[74.3115,14.5321],[74.311,14.5321],[74.311,14.5335],[74.3107,14.5335],[74.3107,14.5363],[74.3104,14.5363],[74.3104,14.5376],[74.3101,14.5376],[74.3101,14.5382],[74.3099,14.5382],[74.3099,14.5388],[74.3101,14.5388],[74.3101,14.539],[74.3104,14.539],[74.3104,14.5393],[74.3107,14.5393],[74.3107,14.5396],[74.3112,14.5396],[74.3112,14.5399],[74.3118,14.5399],[74.3118,14.5401],[74.3138,14.5401],[74.3138,14.5404],[74.314,14.5404],[74.314,14.5424],[74.3138,14.5424],[74.3138,14.5446],[74.3135,14.5446],[74.3135,14.5454],[74.3132,14.5454],[74.3132,14.5463],[74.3129,14.5463],[74.3129,14.5471],[74.3126,14.5471],[74.3126,14.5476],[74.3124,14.5476],[74.3124,14.5485],[74.3121,14.5485],[74.3121,14.5493],[74.3118,14.5493],[74.3118,14.5501],[74.3115,14.5501],[74.3115,14.551],[74.3112,14.551],[74.3112,14.5518],[74.311,14.5518],[74.311,14.5524],[74.3107,14.5524],[74.3107,14.5529],[74.3104,14.5529],[74.3104,14.5535],[74.3101,14.5535],[74.3101,14.554],[74.3099,14.554],[74.3099,14.5546],[74.3096,14.5546],[74.3096,14.5551],[74.3093,14.5551],[74.3093,14.556],[74.309,14.556],[74.309,14.5565],[74.3087,14.5565],[74.3087,14.5571],[74.3085,14.5571],[74.3085,14.5576],[74.3082,14.5576],[74.3082,14.5582],[74.3079,14.5582],[74.3079,14.5588],[74.3076,14.5588],[74.3076,14.5593],[74.3074,14.5593],[74.3074,14.5601],[74.3071,14.5601],[74.3071,14.5607],[74.3068,14.5607],[74.3068,14.5613],[74.3065,14.5613],[74.3065,14.5618],[74.3063,14.5618],[74.3063,14.5626],[74.306,14.5626],[74.306,14.5632],[74.3057,14.5632],[74.3057,14.5638],[74.3054,14.5638],[74.3054,14.5643],[74.3051,14.5643],[74.3051,14.5651],[74.3049,14.5651],[74.3049,14.5657],[74.3046,14.5657],[74.3046,14.5663],[74.3043,14.5663],[74.3043,14.5668],[74.304,14.5668],[74.304,14.5674],[74.3037,14.5674],[74.3037,14.5682],[74.3035,14.5682],[74.3035,14.5687],[74.3032,14.5687],[74.3032,14.5693],[74.3029,14.5693],[74.3029,14.5699],[74.3026,14.5699],[74.3027,14.5707],[74.3024,14.5707],[74.3024,14.5713],[74.3021,14.5712],[74.3021,14.5721],[74.3018,14.5721],[74.3018,14.5724],[74.3015,14.5724],[74.3015,14.5735],[74.3012,14.5735],[74.3012,14.5737],[74.301,14.5737],[74.301,14.5743],[74.3007,14.5743],[74.3007,14.5749],[74.3004,14.5749],[74.3004,14.5771],[74.3001,14.5771],[74.3001,14.5776],[74.2999,14.5776],[74.2999,14.5782],[74.2996,14.5782],[74.2996,14.5787],[74.2993,14.5787],[74.2993,14.5796],[74.299,14.5796],[74.299,14.5801],[74.2988,14.5801],[74.2988,14.5807],[74.2985,14.5807],[74.2985,14.5813],[74.2982,14.5813],[74.2982,14.5818],[74.2979,14.5818],[74.2979,14.5824],[74.2976,14.5824],[74.2976,14.5829],[74.2974,14.5829],[74.2974,14.5835],[74.2971,14.5835],[74.2971,14.584],[74.2968,14.584],[74.2968,14.5846],[74.2965,14.5846],[74.2965,14.5851],[74.2962,14.5851],[74.2962,14.5857],[74.296,14.5857],[74.296,14.5863],[74.2957,14.5863],[74.2957,14.5868],[74.2954,14.5868],[74.2954,14.5874],[74.2951,14.5874],[74.2951,14.5879],[74.2949,14.5879],[74.2949,14.5885],[74.2946,14.5885],[74.2946,14.589],[74.2943,14.589],[74.2943,14.5899],[74.294,14.5899],[74.294,14.5904],[74.2937,14.5904],[74.2937,14.5913],[74.2935,14.5913],[74.2935,14.5918],[74.2932,14.5918],[74.2932,14.5924],[74.2929,14.5924],[74.2929,14.5929],[74.2924,14.5929],[74.2924,14.5935],[74.2921,14.5935],[74.2921,14.594],[74.2918,14.594],[74.2918,14.5946],[74.2915,14.5946],[74.2915,14.5949],[74.2913,14.5949],[74.2913,14.5954],[74.291,14.5954],[74.291,14.596],[74.2907,14.596],[74.2907,14.5971],[74.291,14.5971],[74.291,14.5979],[74.2929,14.5979],[74.2929,14.5976],[74.2935,14.5976],[74.2935,14.5974],[74.294,14.5974],[74.294,14.5971],[74.2949,14.5971],[74.2949,14.5974],[74.2946,14.5974],[74.2946,14.6006],[74.2946,14.6015],[74.2932,14.6015],[74.2932,14.6018],[74.2918,14.6018],[74.2918,14.6021],[74.2913,14.6021],[74.2913,14.6024],[74.291,14.6024],[74.291,14.6026],[74.2904,14.6026],[74.2904,14.6029],[74.2899,14.6029],[74.2899,14.6032],[74.2896,14.6032],[74.2896,14.6035],[74.289,14.6035],[74.289,14.6038],[74.2885,14.6038],[74.2885,14.604],[74.2882,14.604],[74.2882,14.6043],[74.2876,14.6043],[74.2876,14.6046],[74.2874,14.6046],[74.2874,14.6049],[74.2868,14.6049],[74.2868,14.6051],[74.2865,14.6051],[74.2865,14.6054],[74.2862,14.6054],[74.2862,14.6057],[74.2857,14.6057],[74.2857,14.606],[74.2854,14.606],[74.2854,14.6063],[74.2849,14.6063],[74.2849,14.6065],[74.2846,14.6065],[74.2846,14.6068],[74.2843,14.6068],[74.2843,14.6071],[74.2838,14.6071],[74.2838,14.6074],[74.2835,14.6074],[74.2835,14.6076],[74.2832,14.6076],[74.2832,14.6079],[74.2826,14.6079],[74.2826,14.6082],[74.2824,14.6082],[74.2824,14.6085],[74.2821,14.6085],[74.2821,14.6088],[74.2818,14.6088],[74.2818,14.609],[74.2815,14.609],[74.2815,14.6093],[74.281,14.6093],[74.281,14.6096],[74.2807,14.6096],[74.2807,14.6099],[74.2804,14.6099],[74.2804,14.6101],[74.2801,14.6101],[74.2801,14.6104],[74.2799,14.6104],[74.2799,14.611],[74.2796,14.611],[74.2796,14.6118],[74.2793,14.6118],[74.2793,14.6129],[74.279,14.6129],[74.279,14.6138],[74.2787,14.6138],[74.2787,14.6168],[74.2785,14.6168],[74.2785,14.6174],[74.2782,14.6174],[74.2782,14.6179],[74.2779,14.6179],[74.2779,14.6188],[74.2776,14.6188],[74.2776,14.6193],[74.2774,14.6193],[74.2774,14.6201],[74.2771,14.6201],[74.2771,14.6207],[74.2768,14.6207],[74.2768,14.6212],[74.2763,14.6212],[74.2763,14.6215],[74.276,14.6215],[74.276,14.6224],[74.2757,14.6224],[74.2757,14.6229],[74.2754,14.6229],[74.2754,14.6238],[74.2751,14.6238],[74.2751,14.624],[74.2749,14.624],[74.2749,14.6243],[74.2746,14.6243],[74.2746,14.6246],[74.274,14.6246],[74.274,14.6249],[74.2738,14.6249],[74.2738,14.6265],[74.2735,14.6265],[74.2735,14.6271],[74.2726,14.6271],[74.2726,14.6268],[74.2718,14.6268],[74.2718,14.6265],[74.2715,14.6265],[74.2715,14.6263],[74.2704,14.6263],[74.2704,14.6265],[74.2699,14.6265],[74.2699,14.6268],[74.2696,14.6268],[74.2696,14.6287],[74.2699,14.6287],[74.2699,14.629],[74.2701,14.629],[74.2701,14.6296],[74.2707,14.6296],[74.2707,14.6301],[74.2704,14.6301],[74.2704,14.6307],[74.2707,14.6307],[74.2707,14.631],[74.2721,14.631],[74.2721,14.6304],[74.2723,14.6304],[74.2723,14.6301],[74.2729,14.6301],[74.2729,14.6299],[74.2732,14.6299],[74.2732,14.6296],[74.2735,14.6296],[74.2735,14.6293],[74.2738,14.6293],[74.2738,14.629],[74.2743,14.629],[74.2743,14.6287],[74.2754,14.6287],[74.2754,14.6285],[74.2763,14.6285],[74.2763,14.6282],[74.2765,14.6282],[74.2765,14.6279],[74.2771,14.6279],[74.2771,14.6276],[74.2779,14.6276],[74.2779,14.6274],[74.2785,14.6274],[74.2785,14.6271],[74.279,14.6271],[74.279,14.6268],[74.2801,14.6268],[74.2801,14.6271],[74.2813,14.6271],[74.2813,14.6274],[74.2815,14.6274],[74.2815,14.6279],[74.2818,14.6279],[74.2818,14.6285],[74.2821,14.6285],[74.2821,14.629],[74.2824,14.629],[74.2824,14.6296],[74.2826,14.6296],[74.2826,14.6301],[74.2829,14.6301],[74.2829,14.6304],[74.2832,14.6304],[74.2832,14.6307],[74.2838,14.6307],[74.2838,14.631],[74.284,14.631],[74.284,14.634],[74.2843,14.634],[74.2843,14.636],[74.2846,14.636],[74.2846,14.6382],[74.2849,14.6382],[74.2849,14.6401],[74.2846,14.6401],[74.2846,14.6424],[74.2843,14.6424],[74.2843,14.6443],[74.284,14.6443],[74.284,14.6454],[74.2838,14.6454],[74.2838,14.646],[74.2835,14.646],[74.2835,14.6465],[74.2832,14.6465],[74.2832,14.6468],[74.2826,14.6468],[74.2826,14.6474],[74.2824,14.6474],[74.2824,14.6485],[74.2821,14.6485],[74.2821,14.649],[74.279,14.649],[74.279,14.6496],[74.2793,14.6496],[74.2793,14.6499],[74.2799,14.6499],[74.2799,14.6502],[74.2801,14.6502],[74.2801,14.6504],[74.2807,14.6504],[74.2807,14.6507],[74.281,14.6507],[74.281,14.651],[74.2813,14.651],[74.2813,14.6513],[74.2815,14.6513],[74.2815,14.6515],[74.2818,14.6515],[74.2818,14.6521],[74.2821,14.6521],[74.2821,14.6524],[74.2824,14.6524],[74.2824,14.6526],[74.2821,14.6526],[74.2821,14.6532],[74.2818,14.6532],[74.2818,14.6535],[74.2815,14.6535],[74.2815,14.654],[74.2813,14.654],[74.2813,14.6546],[74.281,14.6546],[74.281,14.6549],[74.2807,14.6549],[74.2807,14.6554],[74.2804,14.6554],[74.2804,14.6557],[74.2801,14.6557],[74.2801,14.656],[74.2799,14.656],[74.2799,14.6563],[74.2796,14.6563],[74.2796,14.6565],[74.279,14.6565],[74.279,14.6563],[74.2787,14.6563],[74.2787,14.6568],[74.2785,14.6568],[74.2785,14.6576],[74.2782,14.6576],[74.2782,14.6579],[74.2779,14.6579],[74.2779,14.6582],[74.2782,14.6582],[74.2782,14.6587],[74.2785,14.6587],[74.2785,14.6593],[74.2787,14.6593],[74.2787,14.6599],[74.279,14.6599],[74.279,14.6604],[74.2796,14.6604],[74.2796,14.6607],[74.2801,14.6607],[74.2801,14.661],[74.2813,14.661],[74.2813,14.6613],[74.2815,14.6613],[74.2815,14.6618],[74.2818,14.6618],[74.2818,14.6621],[74.2821,14.6621],[74.2821,14.6626],[74.2824,14.6626],[74.2824,14.6629],[74.2829,14.6629],[74.2829,14.6635],[74.2826,14.6635],[74.2826,14.6637],[74.281,14.6637],[74.281,14.6632],[74.2809,14.6632],[74.2807,14.6632],[74.2807,14.6629],[74.2804,14.6629],[74.2804,14.6626],[74.2801,14.6626],[74.2801,14.6621],[74.2799,14.6621],[74.2799,14.6618],[74.2796,14.6618],[74.2796,14.6615],[74.279,14.6615],[74.279,14.6613],[74.2785,14.6613],[74.2785,14.661],[74.2779,14.661],[74.2779,14.6607],[74.2774,14.6607],[74.2774,14.6604],[74.2771,14.6604],[74.2771,14.6601],[74.2765,14.6601],[74.2765,14.6599],[74.2763,14.6599],[74.2763,14.6601],[74.2757,14.6601],[74.2757,14.6604],[74.2754,14.6604],[74.2754,14.6607],[74.2757,14.6607],[74.2757,14.661],[74.2763,14.661],[74.2763,14.6613],[74.2765,14.6613],[74.2765,14.6615],[74.2768,14.6615],[74.2768,14.6618],[74.2785,14.6618],[74.2785,14.6621],[74.279,14.6621],[74.279,14.6626],[74.2787,14.6626],[74.2787,14.6637],[74.2785,14.6637],[74.2785,14.6643],[74.2782,14.6643],[74.2782,14.6649],[74.2779,14.6649],[74.2779,14.6654],[74.2776,14.6654],[74.2776,14.6657],[74.2771,14.6657],[74.2771,14.666],[74.2754,14.666],[74.2754,14.6663],[74.2757,14.6663],[74.2757,14.6668],[74.276,14.6668],[74.276,14.6671],[74.2763,14.6671],[74.2763,14.6674],[74.2765,14.6674],[74.2765,14.6676],[74.2768,14.6676],[74.2768,14.6679],[74.2771,14.6679],[74.2771,14.6685],[74.2774,14.6685],[74.2774,14.6688],[74.2776,14.6688],[74.2776,14.669],[74.2774,14.669],[74.2774,14.6696],[74.2765,14.6696],[74.2765,14.6699],[74.276,14.6699],[74.276,14.6701],[74.2763,14.6701],[74.2763,14.6707],[74.2765,14.6707],[74.2765,14.6713],[74.2768,14.6713],[74.2768,14.6718],[74.2771,14.6718],[74.2771,14.6724],[74.2774,14.6724],[74.2774,14.6726],[74.2776,14.6726],[74.2776,14.6724],[74.2779,14.6724],[74.2779,14.6721],[74.2782,14.6721],[74.2782,14.6718],[74.2787,14.6718],[74.2787,14.6715],[74.279,14.6715],[74.279,14.6713],[74.2793,14.6713],[74.2793,14.671],[74.2804,14.671],[74.2804,14.6713],[74.2807,14.6713],[74.2807,14.6718],[74.281,14.6718],[74.281,14.6721],[74.2813,14.6721],[74.2813,14.6726],[74.2815,14.6726],[74.2815,14.6732],[74.2818,14.6732],[74.2818,14.6779],[74.2815,14.6779],[74.2815,14.6785],[74.2813,14.6785],[74.2813,14.679],[74.281,14.679],[74.281,14.6796],[74.2807,14.6796],[74.2807,14.6801],[74.2804,14.6801],[74.2804,14.6807],[74.2801,14.6807],[74.2801,14.6812],[74.2799,14.6812],[74.2799,14.6821],[74.2796,14.6821],[74.2796,14.6826],[74.2793,14.6826],[74.2793,14.6832],[74.279,14.6832],[74.279,14.6838],[74.2787,14.6838],[74.2787,14.6843],[74.2785,14.6843],[74.2785,14.6849],[74.2782,14.6849],[74.2782,14.6854],[74.2779,14.6854],[74.2779,14.686],[74.2776,14.686],[74.2776,14.6865],[74.2774,14.6865],[74.2774,14.6868],[74.2771,14.6868],[74.2771,14.6874],[74.2768,14.6874],[74.2768,14.6879],[74.2765,14.6879],[74.2765,14.6882],[74.2763,14.6882],[74.2763,14.6888],[74.276,14.6888],[74.276,14.6893],[74.2757,14.6893],[74.2757,14.6899],[74.2754,14.6899],[74.2754,14.6904],[74.2751,14.6904],[74.2751,14.691],[74.2749,14.691],[74.2749,14.6915],[74.2746,14.6915],[74.2746,14.6924],[74.2743,14.6924],[74.2743,14.6929],[74.274,14.6929],[74.274,14.6935],[74.2738,14.6935],[74.2738,14.694],[74.2735,14.694],[74.2735,14.6946],[74.2732,14.6946],[74.2732,14.6949],[74.2729,14.6949],[74.2729,14.6951],[74.2726,14.6951],[74.2726,14.6954],[74.2724,14.6954],[74.2724,14.696],[74.2721,14.696],[74.2721,14.6964],[74.2721,14.6965],[74.2718,14.6965],[74.2718,14.6971],[74.2715,14.6971],[74.2715,14.6976],[74.2712,14.6976],[74.2712,14.6982],[74.271,14.6982],[74.271,14.6988],[74.2707,14.6988],[74.2707,14.6996],[74.2704,14.6996],[74.2704,14.7001],[74.2701,14.7001],[74.2701,14.7007],[74.2699,14.7007],[74.2699,14.7013],[74.2696,14.7013],[74.2696,14.7018],[74.2693,14.7018],[74.2693,14.7024],[74.269,14.7024],[74.269,14.7026],[74.2688,14.7026],[74.2688,14.7029],[74.2685,14.7029],[74.2685,14.7032],[74.2682,14.7032],[74.2682,14.7035],[74.2679,14.7035],[74.2679,14.7038],[74.2676,14.7038],[74.2676,14.704],[74.2674,14.704],[74.2674,14.7043],[74.2671,14.7043],[74.2671,14.7046],[74.2668,14.7046],[74.2668,14.7049],[74.2665,14.7049],[74.2665,14.7051],[74.2637,14.7051],[74.2637,14.7049],[74.2629,14.7049],[74.2629,14.7054],[74.2626,14.7054],[74.2626,14.7057],[74.2621,14.7057],[74.2621,14.706],[74.2618,14.706],[74.2618,14.7063],[74.2613,14.7063],[74.2613,14.7065],[74.261,14.7065],[74.261,14.7071],[74.2596,14.7071],[74.2596,14.7068],[74.2588,14.7068],[74.2588,14.7065],[74.2585,14.7065],[74.2585,14.7068],[74.2576,14.7068],[74.2576,14.7065],[74.2573,14.7065],[74.2573,14.7063],[74.2571,14.7063],[74.2571,14.706],[74.2568,14.706],[74.2568,14.7065],[74.2565,14.7065],[74.2565,14.7079],[74.2585,14.7079],[74.2585,14.7087],[74.2599,14.7087],[74.2599,14.709],[74.2604,14.709],[74.2604,14.7093],[74.2607,14.7093],[74.2607,14.7096],[74.261,14.7096],[74.261,14.7099],[74.2615,14.7099],[74.2615,14.7101],[74.2618,14.7101],[74.2618,14.7104],[74.2624,14.7104],[74.2624,14.7107],[74.2626,14.7107],[74.2626,14.711],[74.2632,14.711],[74.2632,14.7113],[74.2635,14.7113],[74.2635,14.7115],[74.264,14.7115],[74.264,14.7118],[74.2646,14.7118],[74.2646,14.7121],[74.266,14.7121],[74.266,14.7124],[74.2671,14.7124],[74.2671,14.7126],[74.2674,14.7126],[74.2674,14.7132],[74.2671,14.7132],[74.2671,14.7138],[74.2668,14.7138],[74.2668,14.7143],[74.2665,14.7143],[74.2665,14.7149],[74.2663,14.7149],[74.2663,14.7151],[74.266,14.7151],[74.266,14.7154],[74.2657,14.7154],[74.2657,14.7157],[74.2649,14.7157],[74.2649,14.7143],[74.2646,14.7143],[74.2646,14.714],[74.2637,14.714],[74.2637,14.7171],[74.2635,14.7171],[74.2635,14.7176],[74.2632,14.7176],[74.2632,14.7179],[74.2629,14.7179],[74.2629,14.7185],[74.2626,14.7185],[74.2626,14.7188],[74.2624,14.7188],[74.2624,14.7193],[74.2621,14.7193],[74.2621,14.7196],[74.2618,14.7196],[74.2618,14.7201],[74.2615,14.7201],[74.2615,14.7204],[74.2613,14.7204],[74.2613,14.721],[74.261,14.721],[74.261,14.7215],[74.2607,14.7215],[74.2607,14.7221],[74.2604,14.7221],[74.2604,14.7224],[74.2601,14.7224],[74.2601,14.7229],[74.2599,14.7229],[74.2599,14.7235],[74.2596,14.7235],[74.2596,14.724],[74.2593,14.724],[74.2593,14.7243],[74.259,14.7243],[74.259,14.7249],[74.2588,14.7249],[74.2588,14.7254],[74.2585,14.7254],[74.2585,14.726],[74.2582,14.726],[74.2582,14.7263],[74.2579,14.7263],[74.2579,14.7268],[74.2576,14.7268],[74.2576,14.7271],[74.2573,14.7271],[74.2573,14.7274],[74.2571,14.7274],[74.2571,14.7279],[74.2568,14.7279],[74.2568,14.7282],[74.2565,14.7282],[74.2565,14.7287],[74.2562,14.7287],[74.2562,14.729],[74.256,14.729],[74.256,14.7296],[74.2557,14.7296],[74.2557,14.7299],[74.2554,14.7299],[74.2554,14.7301],[74.2551,14.7301],[74.2551,14.7307],[74.2549,14.7307],[74.2549,14.731],[74.2546,14.731],[74.2546,14.7315],[74.2543,14.7315],[74.2543,14.7318],[74.254,14.7318],[74.254,14.7321],[74.2537,14.7321],[74.2537,14.7324],[74.2532,14.7324],[74.2532,14.7326],[74.2529,14.7326],[74.2529,14.7329],[74.2526,14.7329],[74.2526,14.7332],[74.2524,14.7332],[74.2524,14.7335],[74.2518,14.7335],[74.2518,14.7338],[74.2515,14.7338],[74.2515,14.734],[74.2513,14.734],[74.2513,14.7343],[74.251,14.7343],[74.251,14.7346],[74.2507,14.7346],[74.2507,14.7349],[74.2501,14.7349],[74.2501,14.7351],[74.2499,14.7351],[74.2499,14.7354],[74.2496,14.7354],[74.2496,14.7392],[74.2496,14.7396],[74.2491,14.7396],[74.249,14.7396],[74.249,14.7399],[74.2487,14.7399],[74.2487,14.7401],[74.2485,14.7401],[74.2482,14.7401],[74.2482,14.7403],[74.2482,14.7404],[74.2479,14.7404],[74.2479,14.7407],[74.2474,14.7407],[74.2474,14.741],[74.2471,14.741],[74.2471,14.7413],[74.2465,14.7413],[74.2465,14.7415],[74.2462,14.7415],[74.2462,14.7418],[74.2457,14.7418],[74.2457,14.7421],[74.2454,14.7421],[74.2454,14.7424],[74.2449,14.7424],[74.2449,14.7426],[74.2446,14.7426],[74.2446,14.7429],[74.2443,14.7429],[74.2443,14.7432],[74.2438,14.7432],[74.2438,14.7435],[74.2432,14.7435],[74.2432,14.7437],[74.2429,14.7437],[74.2429,14.744],[74.2424,14.744],[74.2424,14.7443],[74.2421,14.7443],[74.2421,14.7446],[74.2415,14.7446],[74.2415,14.7449],[74.2412,14.7449],[74.2412,14.7451],[74.2407,14.7451],[74.2407,14.7454],[74.2401,14.7454],[74.2401,14.7457],[74.2396,14.7457],[74.2396,14.746],[74.2393,14.746],[74.2393,14.7463],[74.2387,14.7462],[74.2387,14.7465],[74.2382,14.7465],[74.2382,14.7468],[74.2379,14.7468],[74.2379,14.7471],[74.2374,14.7471],[74.2374,14.7474],[74.236,14.7474],[74.236,14.7476],[74.2346,14.7476],[74.2346,14.7479],[74.2326,14.7479],[74.2326,14.7476],[74.2321,14.7476],[74.2321,14.7474],[74.2312,14.7474],[74.2312,14.7471],[74.2307,14.7471],[74.2307,14.7468],[74.2299,14.7468],[74.2299,14.7465],[74.2293,14.7465],[74.2293,14.7462],[74.2288,14.7463],[74.2288,14.746],[74.2282,14.746],[74.2282,14.7457],[74.2276,14.7457],[74.2276,14.7451],[74.2274,14.7451],[74.2274,14.7446],[74.2276,14.7446],[74.2276,14.7443],[74.2274,14.7443],[74.2274,14.744],[74.2276,14.744],[74.2276,14.7432],[74.2279,14.7432],[74.2279,14.7426],[74.2282,14.7426],[74.2282,14.7424],[74.2285,14.7424],[74.2285,14.7413],[74.229,14.7413],[74.229,14.741],[74.2288,14.741],[74.2288,14.7407],[74.229,14.7407],[74.229,14.7404],[74.2288,14.7404],[74.2288,14.7393],[74.2285,14.7393],[74.2285,14.7382],[74.2288,14.7382],[74.2288,14.7376],[74.2282,14.7376],[74.2282,14.7371],[74.2262,14.7371],[74.2262,14.7368],[74.2232,14.7368],[74.2232,14.7365],[74.2229,14.7365],[74.2229,14.736],[74.2226,14.736],[74.2226,14.7354],[74.2215,14.7354],[74.2215,14.7357],[74.2213,14.7357],[74.2213,14.736],[74.2207,14.736],[74.2207,14.7362],[74.2201,14.7362],[74.2201,14.7365],[74.2196,14.7365],[74.2196,14.7368],[74.2182,14.7368],[74.2182,14.7365],[74.2176,14.7365],[74.2176,14.7362],[74.2165,14.7362],[74.2165,14.736],[74.2162,14.736],[74.2162,14.7354],[74.2157,14.7354],[74.2157,14.7351],[74.2151,14.7351],[74.2151,14.7349],[74.2149,14.7349],[74.2149,14.7346],[74.2129,14.7346],[74.2129,14.7343],[74.2126,14.7343],[74.2126,14.734],[74.2124,14.734],[74.2124,14.7338],[74.2121,14.7338],[74.2121,14.7335],[74.2118,14.7335],[74.2118,14.7332],[74.2113,14.7332],[74.2113,14.7329],[74.211,14.7329],[74.211,14.7332],[74.2104,14.7332],[74.2104,14.7335],[74.2099,14.7335],[74.2099,14.7338],[74.2096,14.7338],[74.2096,14.734],[74.2093,14.734],[74.2093,14.7349],[74.209,14.7349],[74.209,14.7368],[74.2087,14.7368],[74.2087,14.7371],[74.2085,14.7371],[74.2085,14.7374],[74.2074,14.7374],[74.2074,14.7376],[74.2071,14.7376],[74.2071,14.7374],[74.2065,14.7374],[74.2065,14.7371],[74.206,14.7371],[74.206,14.7368],[74.2057,14.7368],[74.2057,14.7365],[74.2051,14.7365],[74.2051,14.736],[74.2049,14.736],[74.2049,14.7354],[74.2043,14.7354],[74.2043,14.7351],[74.204,14.7351],[74.204,14.7349],[74.2038,14.7349],[74.2038,14.7346],[74.2035,14.7346],[74.2035,14.7329],[74.2032,14.7329],[74.2032,14.7326],[74.2035,14.7326],[74.2035,14.7324],[74.2038,14.7324],[74.2038,14.7312],[74.204,14.7312],[74.204,14.731],[74.2046,14.731],[74.2046,14.7307],[74.2051,14.7307],[74.2051,14.7301],[74.2057,14.7301],[74.2057,14.7299],[74.206,14.7299],[74.206,14.7293],[74.2063,14.7293],[74.2063,14.7274],[74.2065,14.7274],[74.2065,14.7263],[74.2068,14.7263],[74.2068,14.7251],[74.2071,14.7251],[74.2071,14.7243],[74.2074,14.7243],[74.2074,14.7238],[74.2076,14.7238],[74.2076,14.7235],[74.2074,14.7235],[74.2074,14.7232],[74.2079,14.7232],[74.2079,14.7221],[74.2082,14.7221],[74.2082,14.7215],[74.2079,14.7215],[74.2079,14.7213],[74.2082,14.7213],[74.2082,14.721],[74.2085,14.721],[74.2085,14.7199],[74.2087,14.7199],[74.2087,14.7176],[74.2085,14.7176],[74.2085,14.7174],[74.2082,14.7174],[74.2082,14.7176],[74.2079,14.7176],[74.2079,14.7174],[74.2076,14.7174],[74.2076,14.7176],[74.2065,14.7176],[74.2065,14.7179],[74.2059,14.7179],[74.2049,14.7179],[74.2049,14.7182],[74.2046,14.7182],[74.2046,14.7185],[74.204,14.7185],[74.204,14.7188],[74.2035,14.7188],[74.2035,14.7193],[74.2032,14.7193],[74.2032,14.7196],[74.2026,14.7196],[74.2026,14.7199],[74.2021,14.7199],[74.2021,14.7201],[74.2015,14.7201],[74.2015,14.7204],[74.2012,14.7204],[74.2012,14.7207],[74.2007,14.7207],[74.2007,14.7213],[74.2001,14.7213],[74.2001,14.7218],[74.1999,14.7218],[74.1999,14.7221],[74.1996,14.7221],[74.1996,14.7224],[74.1993,14.7224],[74.1993,14.7226],[74.199,14.7226],[74.199,14.7232],[74.1985,14.7232],[74.1985,14.7235],[74.1982,14.7235],[74.1982,14.724],[74.1976,14.724],[74.1976,14.7243],[74.1974,14.7243],[74.1974,14.724],[74.1971,14.724],[74.1971,14.7243],[74.1965,14.7243],[74.1965,14.7246],[74.1954,14.7246],[74.1954,14.7249],[74.194,14.7249],[74.194,14.7251],[74.1937,14.7251],[74.1937,14.7254],[74.1932,14.7254],[74.1932,14.7257],[74.1924,14.7257],[74.1924,14.7274],[74.1926,14.7274],[74.1926,14.7279],[74.1929,14.7279],[74.1929,14.7282],[74.1932,14.7282],[74.1932,14.7285],[74.1935,14.7285],[74.1935,14.7287],[74.1937,14.7287],[74.1937,14.729],[74.194,14.729],[74.194,14.7296],[74.1943,14.7296],[74.1943,14.7299],[74.1946,14.7299],[74.1946,14.7301],[74.1943,14.7301],[74.1943,14.7307],[74.194,14.7307],[74.194,14.7312],[74.1937,14.7312],[74.1937,14.7315],[74.1935,14.7315],[74.1935,14.7319],[74.1935,14.7351],[74.1929,14.7351],[74.1929,14.7357],[74.1926,14.7357],[74.1926,14.7362],[74.1924,14.7362],[74.1924,14.7365],[74.1921,14.7365],[74.1921,14.7368],[74.1918,14.7368],[74.1918,14.7371],[74.1915,14.7371],[74.1915,14.7376],[74.1913,14.7376],[74.1913,14.7379],[74.191,14.7379],[74.191,14.7382],[74.1907,14.7382],[74.1907,14.7385],[74.1904,14.7385],[74.1904,14.7388],[74.1901,14.7388],[74.1901,14.739],[74.1899,14.739],[74.1899,14.7396],[74.1896,14.7396],[74.1896,14.7399],[74.1893,14.7399],[74.1893,14.7401],[74.189,14.7401],[74.189,14.7404],[74.1888,14.7404],[74.1888,14.741],[74.1885,14.741],[74.1885,14.7413],[74.1882,14.7413],[74.1882,14.7415],[74.1879,14.7415],[74.1879,14.7421],[74.1876,14.7421],[74.1876,14.7424],[74.1871,14.7424],[74.1871,14.7426],[74.1865,14.7426],[74.1865,14.7429],[74.1861,14.7429],[74.186,14.7429],[74.186,14.7432],[74.1858,14.7432],[74.1854,14.7432],[74.1854,14.7435],[74.1854,14.7437],[74.1851,14.7437],[74.1851,14.7446],[74.1849,14.7446],[74.1849,14.7449],[74.1846,14.7449],[74.1846,14.7451],[74.1843,14.7451],[74.1843,14.7454],[74.184,14.7454],[74.184,14.7457],[74.1837,14.7457],[74.1837,14.746],[74.1835,14.746],[74.1835,14.7463],[74.1832,14.7462],[74.1832,14.7465],[74.1829,14.7465],[74.1829,14.7468],[74.1826,14.7468],[74.1826,14.7471],[74.1824,14.7471],[74.1824,14.7474],[74.1821,14.7474],[74.1821,14.7476],[74.1818,14.7476],[74.1818,14.7479],[74.1815,14.7479],[74.1815,14.7482],[74.1813,14.7482],[74.1813,14.7485],[74.1807,14.7485],[74.1807,14.7488],[74.1804,14.7488],[74.1804,14.749],[74.1801,14.749],[74.1801,14.7493],[74.1796,14.7493],[74.1796,14.7496],[74.1793,14.7496],[74.1793,14.7499],[74.1762,14.7499],[74.1762,14.7496],[74.1757,14.7496],[74.1757,14.7501],[74.1754,14.7501],[74.1754,14.7504],[74.1751,14.7504],[74.1751,14.7507],[74.1749,14.7507],[74.1749,14.751],[74.1746,14.751],[74.1746,14.7513],[74.1732,14.7513],[74.1726,14.7513],[74.1726,14.751],[74.1718,14.751],[74.1718,14.7513],[74.1715,14.7513],[74.1715,14.7515],[74.171,14.7515],[74.171,14.7518],[74.1707,14.7518],[74.1707,14.7521],[74.1704,14.7521],[74.1704,14.7524],[74.1682,14.7524],[74.1682,14.7526],[74.1674,14.7526],[74.1674,14.7529],[74.1667,14.7529],[74.1637,14.7529],[74.1637,14.7532],[74.1635,14.7532],[74.1635,14.7537],[74.1637,14.7537],[74.1637,14.754],[74.164,14.754],[74.164,14.7543],[74.1643,14.7543],[74.1643,14.7546],[74.1646,14.7546],[74.1646,14.7549],[74.1649,14.7549],[74.1649,14.7557],[74.1651,14.7557],[74.1651,14.756],[74.1654,14.756],[74.1654,14.7568],[74.1651,14.7568],[74.1651,14.7571],[74.1654,14.7571],[74.1654,14.7593],[74.1651,14.7593],[74.1651,14.7601],[74.1649,14.7601],[74.1649,14.761],[74.1651,14.761],[74.1651,14.7615],[74.1654,14.7615],[74.1654,14.7621],[74.1657,14.7621],[74.1657,14.7626],[74.166,14.7626],[74.166,14.7629],[74.1663,14.7629],[74.1663,14.7632],[74.1671,14.7632],[74.1671,14.7635],[74.1674,14.7635],[74.1674,14.7629],[74.1679,14.7629],[74.1679,14.7632],[74.1682,14.7632],[74.1682,14.7635],[74.1685,14.7635],[74.1685,14.764],[74.1687,14.764],[74.1687,14.7643],[74.1685,14.7643],[74.1685,14.7646],[74.1682,14.7646],[74.1682,14.7649],[74.1679,14.7649],[74.1679,14.7651],[74.1676,14.7651],[74.1676,14.7654],[74.1674,14.7654],[74.1674,14.7657],[74.1671,14.7657],[74.1671,14.7662],[74.1668,14.7662],[74.1668,14.7665],[74.1663,14.7665],[74.1663,14.7662],[74.1657,14.7662],[74.1657,14.766],[74.1654,14.766],[74.1654,14.7657],[74.1651,14.7657],[74.1651,14.7646],[74.1649,14.7646],[74.1649,14.7632],[74.1646,14.7632],[74.1646,14.7629],[74.1643,14.7629],[74.1643,14.7624],[74.164,14.7624],[74.164,14.7618],[74.1637,14.7618],[74.1637,14.7601],[74.164,14.7601],[74.164,14.7596],[74.1637,14.7596],[74.1637,14.7574],[74.164,14.7574],[74.164,14.756],[74.1637,14.756],[74.1637,14.7554],[74.1635,14.7554],[74.1635,14.7549],[74.1632,14.7549],[74.1632,14.7546],[74.1626,14.7546],[74.1626,14.7549],[74.1599,14.7549],[74.1599,14.7546],[74.1596,14.7546],[74.1596,14.7543],[74.159,14.7543],[74.159,14.754],[74.1588,14.754],[74.1588,14.7529],[74.1585,14.7529],[74.1585,14.7521],[74.1601,14.7521],[74.1604,14.7521],[74.1604,14.7518],[74.1601,14.7518],[74.1601,14.7515],[74.1599,14.7515],[74.1599,14.7513],[74.1596,14.7513],[74.1596,14.751],[74.1593,14.751],[74.1593,14.7507],[74.159,14.7507],[74.159,14.7504],[74.1588,14.7504],[74.1588,14.749],[74.159,14.749],[74.159,14.7462],[74.1588,14.7463],[74.1588,14.7457],[74.1579,14.7457],[74.1579,14.7454],[74.1574,14.7454],[74.1574,14.7451],[74.1568,14.7451],[74.1568,14.7454],[74.156,14.7454],[74.156,14.7457],[74.1554,14.7457],[74.1554,14.746],[74.1532,14.746],[74.1532,14.7465],[74.1529,14.7465],[74.1529,14.7471],[74.1521,14.7471],[74.1521,14.7474],[74.1518,14.7474],[74.1518,14.7476],[74.1515,14.7476],[74.1515,14.7479],[74.151,14.7479],[74.151,14.7482],[74.1507,14.7482],[74.1507,14.7488],[74.151,14.7488],[74.151,14.7499],[74.1507,14.7499],[74.1507,14.7515],[74.151,14.7515],[74.151,14.7518],[74.1513,14.7518],[74.1513,14.7521],[74.151,14.7521],[74.151,14.7524],[74.1513,14.7524],[74.1513,14.7529],[74.1515,14.7529],[74.1515,14.7535],[74.1518,14.7535],[74.1518,14.7537],[74.1521,14.7537],[74.1521,14.7543],[74.1524,14.7543],[74.1524,14.7549],[74.1529,14.7549],[74.1529,14.7557],[74.1532,14.7557],[74.1532,14.756],[74.1535,14.756],[74.1535,14.7565],[74.154,14.7565],[74.154,14.7568],[74.1543,14.7568],[74.1543,14.7574],[74.1546,14.7574],[74.1546,14.7579],[74.1549,14.7579],[74.1549,14.7585],[74.156,14.7585],[74.156,14.7582],[74.1565,14.7582],[74.1565,14.7585],[74.1571,14.7585],[74.1571,14.7588],[74.1574,14.7587],[74.1574,14.7607],[74.1571,14.7607],[74.1571,14.7612],[74.1568,14.7612],[74.1568,14.7618],[74.1565,14.7618],[74.1565,14.7624],[74.1563,14.7624],[74.1563,14.7629],[74.156,14.7629],[74.156,14.7632],[74.1557,14.7632],[74.1557,14.7635],[74.1554,14.7635],[74.1554,14.7638],[74.1552,14.7638],[74.1552,14.764],[74.1549,14.764],[74.1549,14.7643],[74.1546,14.7643],[74.1546,14.7646],[74.1543,14.7646],[74.1543,14.7649],[74.154,14.7649],[74.154,14.7651],[74.1537,14.7651],[74.1537,14.7654],[74.1535,14.7654],[74.1535,14.7657],[74.1532,14.7657],[74.1532,14.766],[74.1529,14.766],[74.1529,14.7662],[74.1526,14.7662],[74.1526,14.7665],[74.1524,14.7665],[74.1524,14.7668],[74.1521,14.7668],[74.1521,14.7671],[74.1518,14.7671],[74.1518,14.7674],[74.1515,14.7674],[74.1515,14.7676],[74.1513,14.7676],[74.1513,14.7679],[74.151,14.7679],[74.151,14.7682],[74.1507,14.7682],[74.1507,14.7685],[74.1504,14.7685],[74.1504,14.769],[74.1501,14.769],[74.1501,14.7693],[74.1499,14.7693],[74.1499,14.7696],[74.1496,14.7696],[74.1496,14.7699],[74.1493,14.7699],[74.1493,14.7701],[74.149,14.7701],[74.149,14.7704],[74.1488,14.7704],[74.1488,14.7707],[74.1485,14.7707],[74.1485,14.771],[74.1482,14.771],[74.1482,14.7712],[74.1479,14.7712],[74.1479,14.7715],[74.1476,14.7715],[74.1476,14.7718],[74.1474,14.7718],[74.1474,14.7721],[74.1471,14.7721],[74.1471,14.7724],[74.1468,14.7724],[74.1468,14.7729],[74.1465,14.7729],[74.1465,14.7732],[74.1462,14.7732],[74.1462,14.7735],[74.1457,14.7735],[74.1457,14.7738],[74.1457,14.7743],[74.1454,14.7743],[74.1454,14.7749],[74.1451,14.7749],[74.1451,14.7751],[74.1449,14.7751],[74.1449,14.7754],[74.1446,14.7754],[74.1446,14.776],[74.144,14.776],[74.144,14.7768],[74.1438,14.7768],[74.1438,14.7771],[74.1432,14.7771],[74.1432,14.7774],[74.1429,14.7774],[74.1429,14.7779],[74.1424,14.7779],[74.1424,14.7782],[74.1418,14.7782],[74.1418,14.7785],[74.1415,14.7785],[74.1415,14.779],[74.141,14.779],[74.141,14.7793],[74.1404,14.7793],[74.1404,14.7796],[74.1402,14.7796],[74.1402,14.7801],[74.1396,14.7801],[74.1396,14.7804],[74.1387,14.7804],[74.1387,14.7807],[74.1385,14.7807],[74.1385,14.7804],[74.1379,14.7804],[74.1379,14.7801],[74.1376,14.7801],[74.1376,14.7799],[74.1374,14.7799],[74.1374,14.7796],[74.1371,14.7796],[74.1371,14.7793],[74.1368,14.7793],[74.1368,14.7788],[74.1365,14.7788],[74.1365,14.7785],[74.136,14.7785],[74.136,14.7782],[74.1357,14.7782],[74.1357,14.7779],[74.1354,14.7779],[74.1354,14.7776],[74.1346,14.7776],[74.1346,14.7779],[74.134,14.7779],[74.134,14.7785],[74.1338,14.7785],[74.1338,14.779],[74.1335,14.779],[74.1335,14.7796],[74.1332,14.7796],[74.1332,14.7799],[74.1326,14.7799],[74.1326,14.7801],[74.1324,14.7801],[74.1324,14.7804],[74.1282,14.7804],[74.1282,14.7801],[74.1276,14.7801],[74.1276,14.7796],[74.1274,14.7796],[74.1274,14.7793],[74.1271,14.7793],[74.1271,14.779],[74.1269,14.779],[74.1265,14.779],[74.1265,14.7785],[74.1263,14.7785],[74.1263,14.7779],[74.126,14.7779],[74.126,14.7776],[74.1257,14.7776],[74.1257,14.7768],[74.1254,14.7768],[74.1254,14.7765],[74.1257,14.7765],[74.1257,14.7763],[74.1254,14.7763],[74.1254,14.776],[74.1257,14.776],[74.1257,14.7749],[74.1254,14.7749],[74.1254,14.7746],[74.1218,14.7746],[74.1218,14.7743],[74.1215,14.7743],[74.1215,14.7746],[74.1201,14.7746],[74.1201,14.7749],[74.119,14.7749],[74.119,14.7754],[74.1188,14.7754],[74.1188,14.7757],[74.119,14.7757],[74.119,14.776],[74.1188,14.776],[74.1188,14.7763],[74.119,14.7763],[74.119,14.7765],[74.1188,14.7765],[74.1188,14.7779],[74.119,14.7779],[74.119,14.7782],[74.1196,14.7782],[74.1196,14.7785],[74.1201,14.7785],[74.1201,14.779],[74.1204,14.779],[74.1204,14.7796],[74.121,14.7796],[74.121,14.7801],[74.1212,14.7801],[74.1212,14.7807],[74.1215,14.7807],[74.1215,14.7815],[74.1212,14.7816],[74.1212,14.7818],[74.121,14.7818],[74.121,14.7824],[74.1207,14.7823],[74.1207,14.7829],[74.1204,14.7829],[74.1204,14.7835],[74.1201,14.7835],[74.1201,14.7838],[74.1199,14.7838],[74.1199,14.7843],[74.1196,14.7843],[74.1196,14.7849],[74.1193,14.7849],[74.1193,14.7854],[74.119,14.7854],[74.119,14.786],[74.1188,14.786],[74.1188,14.7863],[74.1185,14.7863],[74.1185,14.7865],[74.1182,14.7865],[74.1182,14.7868],[74.1176,14.7868],[74.1176,14.7871],[74.1174,14.7871],[74.1174,14.7874],[74.1171,14.7874],[74.1171,14.7876],[74.1168,14.7876],[74.1168,14.7879],[74.1165,14.7879],[74.1165,14.7882],[74.116,14.7882],[74.116,14.7879],[74.115,14.7879],[74.1146,14.7879],[74.1146,14.7876],[74.114,14.7876],[74.114,14.7871],[74.1137,14.7871],[74.1137,14.7865],[74.1132,14.7865],[74.1132,14.7863],[74.1129,14.7863],[74.1129,14.786],[74.1124,14.786],[74.1124,14.7857],[74.1121,14.7857],[74.1121,14.7849],[74.111,14.7849],[74.111,14.7846],[74.1101,14.7846],[74.1101,14.7849],[74.1098,14.7849],[74.1098,14.7851],[74.1096,14.7851],[74.1096,14.7871],[74.1099,14.7871],[74.1099,14.7882],[74.1101,14.7882],[74.1101,14.789],[74.1104,14.789],[74.1104,14.7899],[74.1101,14.7899],[74.1101,14.7904],[74.1099,14.7904],[74.1099,14.7907],[74.1096,14.7907],[74.1096,14.791],[74.1093,14.791],[74.1093,14.7914],[74.1093,14.7918],[74.109,14.7918],[74.109,14.7932],[74.1085,14.7932],[74.1085,14.7935],[74.1074,14.7935],[74.1074,14.7932],[74.1065,14.7932],[74.1065,14.7929],[74.106,14.7929],[74.106,14.7926],[74.1055,14.7926],[74.1049,14.7926],[74.1049,14.7924],[74.1035,14.7924],[74.1035,14.7926],[74.1032,14.7926],[74.1032,14.7924],[74.1029,14.7924],[74.1029,14.7926],[74.1021,14.7926],[74.1021,14.7929],[74.1018,14.7929],[74.1018,14.7935],[74.1021,14.7935],[74.1021,14.7938],[74.1029,14.7938],[74.1029,14.794],[74.1026,14.794],[74.1026,14.7942],[74.1026,14.7946],[74.1024,14.7946],[74.1024,14.7951],[74.1021,14.7951],[74.1021,14.7954],[74.1018,14.7954],[74.1018,14.7957],[74.1015,14.7957],[74.1015,14.796],[74.1012,14.796],[74.1012,14.7963],[74.101,14.7963],[74.101,14.7965],[74.1007,14.7965],[74.1007,14.7974],[74.1004,14.7974],[74.1004,14.7976],[74.1001,14.7976],[74.1001,14.7982],[74.0999,14.7982],[74.0999,14.7985],[74.0996,14.7985],[74.0996,14.7982],[74.0993,14.7982],[74.0993,14.7985],[74.0987,14.7985],[74.0987,14.7988],[74.0971,14.7988],[74.0971,14.7985],[74.0965,14.7985],[74.0965,14.7988],[74.0954,14.7988],[74.0954,14.7993],[74.0951,14.7993],[74.0951,14.7999],[74.0949,14.7999],[74.0949,14.8001],[74.0946,14.8001],[74.0946,14.8004],[74.0943,14.8004],[74.0943,14.801],[74.094,14.801],[74.094,14.8013],[74.0938,14.8013],[74.0938,14.8015],[74.0935,14.8015],[74.0935,14.8024],[74.0932,14.8024],[74.0932,14.8026],[74.0929,14.8026],[74.0929,14.8032],[74.0926,14.8032],[74.0926,14.804],[74.0929,14.804],[74.0929,14.8051],[74.0932,14.8051],[74.0932,14.8054],[74.0935,14.8054],[74.0935,14.806],[74.094,14.806],[74.094,14.8063],[74.0946,14.8062],[74.0946,14.8065],[74.0963,14.8065],[74.0963,14.8068],[74.0968,14.8068],[74.0968,14.8065],[74.0976,14.8065],[74.0976,14.8068],[74.0999,14.8068],[74.0999,14.8071],[74.1001,14.8071],[74.1001,14.8068],[74.1004,14.8068],[74.1004,14.8071],[74.1015,14.8071],[74.1015,14.8074],[74.1021,14.8074],[74.1021,14.8071],[74.1024,14.8071],[74.1024,14.8068],[74.1026,14.8068],[74.1026,14.8065],[74.1029,14.8065],[74.1029,14.806],[74.1035,14.806],[74.1035,14.8057],[74.1043,14.8057],[74.1043,14.8054],[74.1046,14.8054],[74.1046,14.8057],[74.1051,14.8057],[74.1051,14.806],[74.1054,14.806],[74.1054,14.8063],[74.1062,14.8063],[74.1062,14.8068],[74.1079,14.8068],[74.1079,14.8071],[74.1085,14.8071],[74.1085,14.8065],[74.1093,14.8065],[74.1093,14.8062],[74.1098,14.8063],[74.1098,14.806],[74.1104,14.806],[74.1104,14.8057],[74.1107,14.8057],[74.1107,14.8054],[74.1121,14.8054],[74.1121,14.806],[74.1124,14.806],[74.1124,14.8074],[74.1126,14.8074],[74.1126,14.8076],[74.1132,14.8076],[74.1132,14.8065],[74.1135,14.8065],[74.1135,14.8051],[74.114,14.8051],[74.114,14.8046],[74.1143,14.8046],[74.1143,14.8043],[74.1146,14.8043],[74.1146,14.8021],[74.114,14.8021],[74.114,14.8013],[74.1137,14.8013],[74.1137,14.801],[74.1135,14.801],[74.1135,14.8007],[74.1132,14.8007],[74.1132,14.8004],[74.1129,14.8004],[74.1129,14.8001],[74.1126,14.8001],[74.1126,14.7999],[74.1126,14.7996],[74.1124,14.7996],[74.1124,14.7993],[74.1121,14.7993],[74.1121,14.799],[74.1115,14.799],[74.1115,14.7988],[74.1113,14.7988],[74.1113,14.7985],[74.111,14.7985],[74.111,14.7982],[74.1113,14.7982],[74.1113,14.7976],[74.1115,14.7976],[74.1115,14.7971],[74.1118,14.7971],[74.1118,14.7968],[74.1135,14.7968],[74.1135,14.7979],[74.1129,14.7979],[74.1129,14.7985],[74.1132,14.7985],[74.1132,14.799],[74.1135,14.799],[74.1135,14.7993],[74.1137,14.7993],[74.1137,14.7996],[74.114,14.7996],[74.114,14.7999],[74.1143,14.7999],[74.1143,14.8001],[74.1146,14.8001],[74.1146,14.8004],[74.1149,14.8004],[74.1149,14.8007],[74.1151,14.8007],[74.1151,14.801],[74.1154,14.801],[74.1154,14.8013],[74.1157,14.8013],[74.1157,14.8015],[74.116,14.8015],[74.116,14.8021],[74.1162,14.8021],[74.1162,14.8024],[74.1174,14.8024],[74.1174,14.8021],[74.1176,14.8021],[74.1176,14.8018],[74.1185,14.8018],[74.1185,14.8015],[74.1201,14.8015],[74.1201,14.8018],[74.1204,14.8018],[74.1204,14.8021],[74.121,14.8021],[74.121,14.8024],[74.1212,14.8024],[74.1212,14.8026],[74.1215,14.8026],[74.1215,14.8032],[74.1218,14.8032],[74.1218,14.8038],[74.1221,14.8038],[74.1221,14.8043],[74.1224,14.8043],[74.1224,14.8046],[74.1226,14.8046],[74.1226,14.8049],[74.1235,14.8049],[74.1235,14.8054],[74.1237,14.8054],[74.1237,14.8057],[74.124,14.8057],[74.124,14.8063],[74.1243,14.8062],[74.1243,14.8065],[74.1246,14.8065],[74.1246,14.8076],[74.1243,14.8076],[74.1243,14.8079],[74.1246,14.8079],[74.1246,14.8082],[74.1243,14.8082],[74.1243,14.8093],[74.1246,14.8093],[74.1246,14.8099],[74.1249,14.8099],[74.1249,14.811],[74.1254,14.811],[74.1254,14.8118],[74.1257,14.8118],[74.1257,14.8137],[74.126,14.8137],[74.126,14.816],[74.1263,14.816],[74.1263,14.8199],[74.126,14.8199],[74.126,14.8246],[74.1257,14.8246],[74.1257,14.8251],[74.1254,14.8251],[74.1254,14.8257],[74.1251,14.8257],[74.1251,14.8263],[74.1254,14.8263],[74.1254,14.8268],[74.1257,14.8268],[74.1257,14.8274],[74.1254,14.8274],[74.1254,14.8282],[74.1251,14.8282],[74.1251,14.8293],[74.1248,14.8293],[74.1248,14.8318],[74.1246,14.8318],[74.1246,14.8374],[74.1254,14.8374],[74.1254,14.8375],[74.1254,14.8376],[74.1257,14.8376],[74.1257,14.8379],[74.126,14.8379],[74.126,14.8382],[74.1263,14.8382],[74.1263,14.8385],[74.1265,14.8385],[74.1265,14.839],[74.1268,14.839],[74.1268,14.8393],[74.1271,14.8393],[74.1271,14.8396],[74.1274,14.8396],[74.1274,14.8399],[74.1279,14.8399],[74.1279,14.8401],[74.1296,14.8401],[74.1296,14.8399],[74.1304,14.8399],[74.1304,14.8402],[74.1304,14.8424],[74.1307,14.8424],[74.1307,14.8444],[74.1307,14.8446],[74.1309,14.8446],[74.131,14.8462],[74.1282,14.8462],[74.1282,14.8465],[74.1279,14.8465],[74.1279,14.8468],[74.1276,14.8468],[74.1276,14.8471],[74.1257,14.8471],[74.1257,14.8474],[74.1246,14.8474],[74.1246,14.8476],[74.1243,14.8476],[74.1243,14.8479],[74.1237,14.8479],[74.1237,14.8482],[74.1235,14.8482],[74.1235,14.8485],[74.1229,14.8485],[74.1229,14.8488],[74.1226,14.8488],[74.1226,14.849],[74.1224,14.849],[74.1224,14.8493],[74.1218,14.8493],[74.1218,14.8496],[74.1212,14.8496],[74.1212,14.8499],[74.121,14.8499],[74.121,14.8501],[74.1199,14.8501],[74.1199,14.8504],[74.1193,14.8504],[74.1193,14.8507],[74.1188,14.8507],[74.1188,14.851],[74.1182,14.851],[74.1182,14.8512],[74.1176,14.8512],[74.1176,14.8515],[74.1172,14.8515],[74.1171,14.8515],[74.1171,14.8518],[74.1165,14.8518],[74.1165,14.8521],[74.116,14.8521],[74.116,14.8524],[74.1154,14.8524],[74.1154,14.8526],[74.1149,14.8526],[74.1149,14.8529],[74.1146,14.8529],[74.1146,14.8532],[74.114,14.8532],[74.114,14.8529],[74.1143,14.8529],[74.1143,14.8526],[74.114,14.8526],[74.114,14.8524],[74.1143,14.8524],[74.1143,14.8521],[74.1146,14.8521],[74.1146,14.8518],[74.1149,14.8518],[74.1149,14.8515],[74.1154,14.8515],[74.1154,14.8512],[74.1157,14.8512],[74.1157,14.851],[74.116,14.851],[74.116,14.8507],[74.1162,14.8507],[74.1162,14.8504],[74.1168,14.8504],[74.1168,14.8501],[74.1171,14.8501],[74.1171,14.8499],[74.1176,14.8499],[74.1176,14.8498],[74.1176,14.8496],[74.1179,14.8496],[74.1179,14.8493],[74.1185,14.8493],[74.1185,14.849],[74.1188,14.849],[74.1188,14.8488],[74.119,14.8488],[74.119,14.8485],[74.1196,14.8485],[74.1196,14.8482],[74.1201,14.8482],[74.1201,14.8479],[74.1207,14.8479],[74.1207,14.8476],[74.1218,14.8476],[74.1218,14.8474],[74.1224,14.8474],[74.1224,14.8471],[74.1232,14.8471],[74.1232,14.8468],[74.1237,14.8468],[74.1237,14.8465],[74.1243,14.8465],[74.1243,14.8462],[74.1248,14.8462],[74.1248,14.846],[74.1246,14.846],[74.1246,14.8451],[74.124,14.8451],[74.124,14.8449],[74.1229,14.8449],[74.1229,14.8446],[74.1226,14.8446],[74.1226,14.8443],[74.1221,14.8443],[74.1221,14.844],[74.1204,14.844],[74.1204,14.8438],[74.1192,14.8438],[74.1168,14.8438],[74.1168,14.844],[74.1162,14.844],[74.1162,14.8443],[74.1154,14.8443],[74.1154,14.8446],[74.1149,14.8446],[74.1149,14.8449],[74.114,14.8449],[74.114,14.8451],[74.1135,14.8451],[74.1135,14.8454],[74.1132,14.8454],[74.1132,14.8457],[74.1129,14.8457],[74.1129,14.846],[74.1126,14.846],[74.1126,14.8465],[74.1124,14.8465],[74.1124,14.8468],[74.1121,14.8468],[74.1121,14.8476],[74.1118,14.8476],[74.1118,14.8488],[74.1115,14.8488],[74.1115,14.8518],[74.1118,14.8518],[74.1118,14.856],[74.1115,14.856],[74.1115,14.8588],[74.1113,14.8588],[74.1113,14.8596],[74.111,14.8596],[74.111,14.8604],[74.1107,14.8604],[74.1107,14.8613],[74.1104,14.8613],[74.1104,14.8618],[74.1101,14.8618],[74.1101,14.8626],[74.1099,14.8626],[74.1099,14.8635],[74.1096,14.8635],[74.1096,14.864],[74.1093,14.864],[74.1093,14.8646],[74.109,14.8646],[74.109,14.8651],[74.1087,14.8651],[74.1087,14.8657],[74.1085,14.8657],[74.1085,14.8665],[74.1082,14.8665],[74.1082,14.8674],[74.1079,14.8674],[74.1079,14.8682],[74.1076,14.8682],[74.1076,14.869],[74.1074,14.869],[74.1074,14.8699],[74.1071,14.8699],[74.1071,14.8707],[74.1068,14.8707],[74.1068,14.8713],[74.1065,14.8713],[74.1065,14.8715],[74.1062,14.8715],[74.1062,14.8718],[74.106,14.8718],[74.106,14.8724],[74.1057,14.8724],[74.1057,14.8726],[74.1054,14.8726],[74.1054,14.8729],[74.1051,14.8729],[74.1051,14.8732],[74.1049,14.8732],[74.1049,14.8735],[74.1046,14.8735],[74.1046,14.874],[74.1043,14.874],[74.1043,14.8743],[74.104,14.8743],[74.104,14.8754],[74.1038,14.8754],[74.1038,14.8768],[74.1035,14.8768],[74.1035,14.8771],[74.1032,14.8771],[74.1032,14.8774],[74.1029,14.8774],[74.1029,14.8776],[74.1026,14.8776],[74.1026,14.8779],[74.1024,14.8779],[74.1024,14.8782],[74.1021,14.8782],[74.1021,14.8785],[74.1018,14.8785],[74.1018,14.8787],[74.1015,14.8787],[74.1015,14.879],[74.1012,14.879],[74.1012,14.8793],[74.1007,14.8793],[74.1007,14.8796],[74.1004,14.8796],[74.1004,14.8799],[74.1001,14.8799],[74.1001,14.8801],[74.0996,14.8801],[74.0996,14.8804],[74.0993,14.8804],[74.0993,14.8813],[74.0996,14.8813],[74.0996,14.8824],[74.0999,14.8824],[74.0999,14.8832],[74.1001,14.8832],[74.1001,14.8871],[74.1004,14.8871],[74.1004,14.891],[74.1001,14.891],[74.1001,14.8915],[74.0999,14.8915],[74.0999,14.8919],[74.0999,14.8921],[74.0996,14.8921],[74.0996,14.8926],[74.0993,14.8926],[74.0993,14.8932],[74.099,14.8932],[74.099,14.8937],[74.0987,14.8937],[74.0987,14.8943],[74.0985,14.8943],[74.0985,14.8949],[74.0979,14.8949],[74.0979,14.8951],[74.0976,14.8951],[74.0976,14.8954],[74.0974,14.8954],[74.0974,14.8957],[74.1033,14.9015],[74.1042,14.9038],[74.1131,14.9112],[74.1173,14.9096],[74.1227,14.9126],[74.1265,14.9132],[74.132,14.9127],[74.1334,14.9159],[74.1362,14.9197],[74.1394,14.9205],[74.1457,14.9174],[74.1492,14.9185],[74.1539,14.9173],[74.1634,14.9133],[74.1698,14.9093],[74.1754,14.9089],[74.1774,14.9132],[74.1752,14.9162],[74.1738,14.9179],[74.166,14.9368],[74.1661,14.9394],[74.1697,14.9422],[74.1699,14.9473],[74.1722,14.951],[74.1804,14.953],[74.1866,14.9534],[74.1903,14.9517],[74.1925,14.945],[74.1974,14.9433],[74.2042,14.9379],[74.2041,14.9321],[74.2031,14.9274],[74.2118,14.9214],[74.2193,14.9314],[74.2247,14.9413],[74.2417,14.9465],[74.2439,14.9575],[74.2464,14.9587],[74.251,14.9608],[74.2566,14.9584],[74.2621,14.9576],[74.2643,14.9632],[74.2666,14.9668],[74.2701,14.9666],[74.271,14.9715],[74.2739,14.9752],[74.271,14.9804],[74.2617,14.9908],[74.2664,14.993],[74.2707,14.9949],[74.2716,14.9977],[74.2713,14.9977],[74.271,14.9988],[74.2729,15.0015],[74.2718,15.0025],[74.2764,15.0096],[74.2819,15.0156],[74.2898,15.0216],[74.2894,15.0266],[74.2891,15.0301],[74.2931,15.0337],[74.3023,15.0399],[74.3012,15.0441],[74.295,15.0543],[74.2953,15.0627],[74.289,15.0658],[74.2872,15.0694],[74.2838,15.094],[74.2783,15.0959],[74.2811,15.1018],[74.2857,15.1037],[74.2882,15.1056],[74.2906,15.1166],[74.2931,15.12],[74.2914,15.1233],[74.2897,15.13],[74.2912,15.1354],[74.2896,15.1431],[74.2926,15.1477],[74.2978,15.1463],[74.3014,15.1499],[74.3109,15.162],[74.3181,15.1753],[74.3219,15.1841],[74.317,15.1911],[74.3158,15.1963],[74.3156,15.2032],[74.3145,15.2056],[74.3116,15.2071],[74.3107,15.209],[74.3101,15.2134],[74.3067,15.219],[74.3067,15.2232],[74.3021,15.2281],[74.2943,15.232],[74.2787,15.2372],[74.2708,15.2385],[74.2635,15.2419],[74.2617,15.2437],[74.2593,15.25],[74.2575,15.2576],[74.2679,15.2584],[74.2702,15.2609],[74.2728,15.2678],[74.2766,15.2744],[74.283,15.2813],[74.2891,15.2791],[74.2955,15.2831],[74.3,15.2823],[74.3023,15.2859],[74.3098,15.2832],[74.3184,15.2819],[74.3341,15.2829],[74.3417,15.2929],[74.3404,15.2968],[74.328,15.3133],[74.3233,15.3296],[74.3284,15.3434],[74.326,15.3472],[74.3226,15.3573],[74.3236,15.362],[74.3286,15.3655],[74.3284,15.3673],[74.3128,15.3749],[74.3057,15.3805],[74.29,15.3812],[74.2862,15.3826],[74.2826,15.3886],[74.2845,15.4015],[74.2814,15.409],[74.2774,15.4149],[74.2756,15.4239],[74.2827,15.4333],[74.28,15.4359],[74.283,15.4375],[74.2825,15.4431],[74.2799,15.4508],[74.2726,15.4652],[74.2563,15.4895],[74.2572,15.4968],[74.2608,15.5008],[74.2681,15.5059],[74.2819,15.513],[74.2838,15.5195],[74.2828,15.5205],[74.2873,15.526],[74.2856,15.5342],[74.2829,15.5416],[74.2789,15.5487],[74.2726,15.5543],[74.2699,15.5612],[74.2676,15.5634],[74.2646,15.5608],[74.2543,15.5658],[74.2544,15.5725],[74.2574,15.5755],[74.2564,15.5826],[74.2652,15.5902],[74.2655,15.6016],[74.2685,15.6096],[74.2675,15.617],[74.2625,15.6229],[74.2594,15.6245],[74.2544,15.6231],[74.2525,15.6238],[74.2545,15.6296],[74.2572,15.6339],[74.2565,15.6468],[74.2553,15.6542],[74.245,15.6656],[74.2419,15.6659],[74.2368,15.6619],[74.2316,15.6665],[74.2241,15.6589],[74.2284,15.6545],[74.2288,15.653],[74.2241,15.6503],[74.2132,15.649],[74.2099,15.6541],[74.212,15.6585],[74.2115,15.661],[74.1963,15.6649],[74.1945,15.6721],[74.1981,15.6737],[74.1977,15.6789],[74.1901,15.681],[74.183,15.6774],[74.1787,15.6714],[74.1754,15.6702],[74.1734,15.6521],[74.1659,15.6524],[74.1632,15.6486],[74.155,15.6498],[74.1469,15.6487],[74.1428,15.6471],[74.129,15.6502],[74.126,15.6503],[74.1214,15.6537],[74.1121,15.655],[74.1045,15.6592],[74.098,15.666],[74.0965,15.6708],[74.1006,15.6723],[74.1062,15.6706],[74.1175,15.6708],[74.127,15.6737],[74.1336,15.6784],[74.1389,15.6862],[74.1404,15.6946],[74.1389,15.699],[74.1415,15.7004],[74.1389,15.7063],[74.1355,15.7093],[74.1348,15.716],[74.1306,15.7179],[74.1349,15.7222],[74.1405,15.7217],[74.1419,15.7232],[74.143,15.7272],[74.1474,15.7301],[74.1505,15.7317],[74.1553,15.7323],[74.1601,15.7343],[74.1623,15.7421],[74.1677,15.7493],[74.1712,15.75],[74.1971,15.7502],[74.2044,15.7534],[74.2113,15.7586],[74.2146,15.766],[74.2157,15.7739],[74.2174,15.7788],[74.2225,15.7817],[74.2273,15.7857],[74.2355,15.7868],[74.2389,15.7845],[74.2403,15.7808],[74.2352,15.7596],[74.2352,15.754],[74.239,15.7521],[74.2439,15.7444],[74.2501,15.7412],[74.2589,15.7434],[74.2661,15.747],[74.2709,15.7519],[74.274,15.7531],[74.2849,15.7433],[74.2922,15.7393],[74.313,15.7483],[74.3147,15.7521],[74.3186,15.7534],[74.3241,15.7565],[74.325,15.7613],[74.3276,15.7682],[74.3298,15.7704],[74.3345,15.7677],[74.3423,15.7655],[74.3468,15.7631],[74.3509,15.7634],[74.3649,15.7737],[74.3679,15.7816],[74.3708,15.7822],[74.3755,15.7967],[74.3758,15.8012],[74.3745,15.8045],[74.374,15.8104],[74.3692,15.8122],[74.3664,15.8155],[74.3707,15.8172],[74.3734,15.8258],[74.3745,15.8275],[74.3863,15.8333],[74.3894,15.8363],[74.3893,15.8441],[74.3874,15.8471],[74.3538,15.8481],[74.3464,15.8493],[74.3445,15.8521],[74.3534,15.8557],[74.353,15.8592],[74.3641,15.8702],[74.367,15.8711],[74.3674,15.8732],[74.37,15.8757],[74.3706,15.88],[74.3705,15.8904],[74.3741,15.8916],[74.3745,15.8899],[74.3728,15.8877],[74.3766,15.8849],[74.3831,15.8778],[74.3856,15.8732],[74.3879,15.8639],[74.3885,15.8572],[74.3923,15.8574],[74.3934,15.8518],[74.4031,15.849],[74.4065,15.8519],[74.4116,15.8526],[74.4122,15.8576],[74.3992,15.8743],[74.4025,15.8783],[74.4016,15.8873],[74.3993,15.8958],[74.3984,15.8977],[74.3923,15.8993],[74.3919,15.9012],[74.402,15.9111],[74.4123,15.9252],[74.4352,15.9512],[74.4423,15.9655],[74.4439,15.9743],[74.45,15.9832],[74.4485,15.9864],[74.4484,15.9883],[74.4502,15.9926],[74.4497,15.9985],[74.4534,16.0058],[74.4564,16.0089],[74.4639,16.0226],[74.4671,16.0303],[74.4677,16.0336],[74.4703,16.0405],[74.468,16.0467],[74.4638,16.0477],[74.4559,16.0522],[74.448,16.0524],[74.4405,16.057],[74.4363,16.0567],[74.4321,16.0551],[74.4229,16.0532],[74.4155,16.0511],[74.4112,16.049],[74.4096,16.0471],[74.4093,16.0453],[74.3961,16.0396],[74.3901,16.0351],[74.3786,16.0366],[74.3782,16.0393],[74.3789,16.0434],[74.3817,16.0536],[74.3801,16.0548],[74.3708,16.051],[74.3682,16.053],[74.371,16.0596],[74.3751,16.0634],[74.3801,16.0696],[74.3806,16.073],[74.3796,16.0768],[74.381,16.0783],[74.3868,16.0781],[74.3905,16.0799],[74.3972,16.0784],[74.3983,16.0801],[74.3973,16.0871],[74.4041,16.091],[74.4076,16.0907],[74.4152,16.0918],[74.4161,16.096],[74.4185,16.1009],[74.4228,16.1026],[74.4346,16.1106],[74.438,16.1082],[74.4445,16.1052],[74.4549,16.1027],[74.46,16.1029],[74.4645,16.1021],[74.478,16.0919],[74.4789,16.0879],[74.4819,16.087],[74.4891,16.0873],[74.4904,16.0904],[74.4928,16.0928],[74.4926,16.0955],[74.4935,16.0986],[74.4964,16.1016],[74.4971,16.1124],[74.491,16.142],[74.4871,16.1431],[74.4858,16.147],[74.49,16.1472],[74.4947,16.155],[74.4953,16.169],[74.4978,16.1813],[74.5018,16.1854],[74.5091,16.1878],[74.5129,16.1883],[74.5129,16.1894],[74.5125,16.1958],[74.5108,16.1988],[74.5132,16.1992],[74.5133,16.2012],[74.5032,16.2116],[74.5021,16.2141],[74.503,16.2162],[74.5077,16.2213],[74.5083,16.2229],[74.5031,16.231],[74.4951,16.236],[74.4948,16.238],[74.4841,16.2467],[74.4808,16.2443],[74.4761,16.239],[74.4732,16.2385],[74.4634,16.2418],[74.4615,16.2438],[74.4612,16.2484],[74.4428,16.2496],[74.4418,16.2542],[74.4409,16.2527],[74.4363,16.2548],[74.4225,16.2575],[74.4208,16.2639],[74.4216,16.2715],[74.4212,16.2806],[74.418,16.2809],[74.4008,16.2763],[74.3913,16.2756],[74.3904,16.2902],[74.3874,16.2903],[74.3801,16.2935],[74.3738,16.2903],[74.3696,16.2907],[74.3626,16.2871],[74.3585,16.2888],[74.3561,16.2909],[74.3546,16.2898],[74.3533,16.2918],[74.3517,16.2882],[74.3603,16.2819],[74.3599,16.2796],[74.3551,16.2745],[74.3521,16.2745],[74.3507,16.2763],[74.3494,16.2751],[74.3495,16.2733],[74.3439,16.2721],[74.3404,16.2676],[74.3371,16.2657],[74.3338,16.2681],[74.3307,16.2729],[74.3287,16.2794],[74.3293,16.2811],[74.3322,16.2841],[74.3318,16.2862],[74.3364,16.2902],[74.3427,16.2888],[74.3487,16.2915],[74.3448,16.3033],[74.3412,16.3028],[74.3401,16.304],[74.3423,16.3051],[74.3406,16.3116],[74.3321,16.3108],[74.331,16.315],[74.3315,16.3164],[74.3357,16.315],[74.34,16.3169],[74.3373,16.3234],[74.3334,16.3237],[74.3299,16.3224],[74.323,16.3251],[74.324,16.3274],[74.3273,16.3292],[74.3291,16.3326],[74.3248,16.3367],[74.3235,16.3399],[74.3282,16.3411],[74.3344,16.3405],[74.3316,16.3465],[74.3237,16.3536],[74.3315,16.3556],[74.3322,16.357],[74.3276,16.3681],[74.3278,16.3703],[74.3255,16.3792],[74.3326,16.3756],[74.3347,16.3829],[74.335,16.3887],[74.336,16.3896],[74.3403,16.391],[74.3431,16.3907],[74.3458,16.3895],[74.3477,16.386],[74.3486,16.3804],[74.3511,16.3768],[74.3519,16.3663],[74.3617,16.3647],[74.3596,16.3788],[74.3687,16.3912],[74.3691,16.3943],[74.3678,16.3985],[74.3646,16.4032],[74.3595,16.404],[74.3492,16.4039],[74.3493,16.3994],[74.3427,16.4005],[74.3419,16.4052],[74.3382,16.4134],[74.3373,16.4202],[74.3438,16.4255],[74.3405,16.433],[74.3406,16.4362],[74.3422,16.4396],[74.3425,16.4423],[74.339,16.4449],[74.3388,16.4466],[74.34,16.4481],[74.3389,16.4522],[74.3356,16.4531],[74.3305,16.4528],[74.3219,16.45],[74.3148,16.4532],[74.3071,16.4596],[74.3046,16.4608],[74.3024,16.4611],[74.3014,16.4591],[74.2963,16.459],[74.2964,16.4667],[74.2948,16.4744],[74.2976,16.4816],[74.3006,16.4996],[74.2999,16.5026],[74.2889,16.5038],[74.2833,16.496],[74.2805,16.4894],[74.281,16.4858],[74.2825,16.4826],[74.2784,16.4796],[74.2688,16.476],[74.2652,16.4824],[74.2645,16.4855],[74.2621,16.4887],[74.2601,16.4909],[74.2532,16.4949],[74.2557,16.4968],[74.2631,16.499],[74.2786,16.501],[74.2858,16.5034],[74.2867,16.5068],[74.2844,16.5165],[74.2819,16.5206],[74.2766,16.5206],[74.2755,16.5252],[74.272,16.5334],[74.2716,16.5387],[74.2764,16.5445],[74.2843,16.5431],[74.2882,16.5395],[74.2867,16.5294],[74.2871,16.5273],[74.2896,16.5253],[74.2896,16.5226],[74.2948,16.5293],[74.2945,16.5315],[74.2976,16.5319],[74.3069,16.5292],[74.3089,16.524],[74.3085,16.5219],[74.3116,16.5069],[74.3135,16.5033],[74.3141,16.5021],[74.3215,16.5027],[74.3239,16.5063],[74.3227,16.519],[74.3232,16.5322],[74.3222,16.5391],[74.3222,16.5445],[74.3238,16.5515],[74.3294,16.5535],[74.3322,16.5537],[74.3402,16.5501],[74.3461,16.5464],[74.3551,16.5531],[74.3597,16.5537],[74.3631,16.5562],[74.3656,16.5571],[74.3692,16.5533],[74.3629,16.5486],[74.3646,16.5437],[74.3626,16.5387],[74.3661,16.5376],[74.3711,16.5377],[74.3854,16.5274],[74.3899,16.5279],[74.3929,16.5311],[74.3957,16.5357],[74.3955,16.5595],[74.4011,16.5609],[74.4008,16.5635],[74.3984,16.5654],[74.4012,16.5709],[74.4022,16.5747],[74.4035,16.5787],[74.4137,16.5802],[74.4223,16.5835],[74.4288,16.5827],[74.4335,16.5944],[74.4408,16.5987],[74.447,16.6003],[74.4725,16.6048],[74.4708,16.615],[74.4714,16.6218],[74.4698,16.6235],[74.4645,16.634],[74.4628,16.6445],[74.4652,16.6469],[74.4648,16.653],[74.4701,16.6552],[74.4774,16.6608],[74.4813,16.6541],[74.4859,16.6391],[74.4898,16.6361],[74.4918,16.6323],[74.4955,16.6277],[74.498,16.6266],[74.5017,16.6271],[74.5103,16.6315],[74.5301,16.6306],[74.5514,16.6332],[74.5494,16.6155],[74.5502,16.609],[74.5499,16.5922],[74.5546,16.5924],[74.5656,16.5904],[74.5698,16.5812],[74.5651,16.5746],[74.5597,16.5714],[74.5591,16.5671],[74.5597,16.5597],[74.5622,16.558],[74.5655,16.5578],[74.5691,16.5564],[74.5741,16.552],[74.5815,16.5518],[74.5815,16.555],[74.592,16.5555],[74.5925,16.5573],[74.5916,16.5588],[74.5918,16.5607],[74.5934,16.5638],[74.5959,16.5644],[74.6048,16.5621],[74.617,16.568],[74.6226,16.5736],[74.6244,16.5776],[74.6239,16.5819],[74.627,16.5809],[74.6307,16.5777],[74.6364,16.5757],[74.6405,16.5819],[74.6394,16.5944],[74.6397,16.5995],[74.6411,16.6047],[74.6428,16.6068],[74.6477,16.6081],[74.6517,16.607],[74.6639,16.6011],[74.6688,16.6027],[74.6753,16.606],[74.6786,16.6066],[74.6904,16.6045],[74.6934,16.6073],[74.6946,16.6108],[74.6943,16.6152],[74.6912,16.6181],[74.6853,16.6199],[74.6739,16.6285],[74.666,16.6287],[74.663,16.6322],[74.6605,16.6376],[74.6688,16.6556],[74.6717,16.6635],[74.6961,16.675],[74.6946,16.6786],[74.6873,16.679],[74.6875,16.6817],[74.689,16.6841],[74.6956,16.6858],[74.695,16.6924],[74.6959,16.7105],[74.6982,16.7152],[74.7078,16.7131],[74.7224,16.7133],[74.7366,16.7158],[74.7482,16.7221],[74.7541,16.7262],[74.7561,16.7296],[74.7638,16.7368],[74.7694,16.7395],[74.775,16.7408],[74.7756,16.744],[74.779,16.7486],[74.7911,16.7481],[74.8004,16.7457],[74.8041,16.7508],[74.8503,16.7603],[74.855,16.7708],[74.8684,16.7711],[74.8926,16.7687],[74.907,16.7698],[74.9238,16.77],[74.9159,16.7857],[74.9158,16.8102],[74.9131,16.8307],[74.9133,16.8414],[74.912,16.8559],[74.9278,16.8633],[74.9315,16.8695],[74.9371,16.8692],[74.9398,16.8723],[74.9397,16.8765],[74.9451,16.8771],[74.9486,16.8801],[74.9561,16.8773],[74.9641,16.8779],[74.9673,16.9054],[74.9528,16.9065],[74.948,16.9092],[74.9441,16.9133],[74.9382,16.9165],[74.9369,16.9207],[74.927,16.9256],[74.9285,16.9352],[74.9384,16.941],[74.9483,16.9358],[74.9524,16.9362],[74.9545,16.93],[74.958,16.9291],[74.96,16.9329],[74.9667,16.9356],[74.9695,16.9359],[74.9753,16.9346],[74.9814,16.9306],[74.9858,16.929],[74.9945,16.935],[74.9995,16.9419],[75.0037,16.9458],[75.0114,16.9426],[75.0303,16.9415],[75.0301,16.9311],[75.0319,16.9257],[75.0345,16.9287],[75.0454,16.9343],[75.0481,16.9387],[75.0508,16.9397],[75.0552,16.9389],[75.0654,16.9393],[75.0829,16.9466],[75.0904,16.9487],[75.0941,16.9472],[75.0947,16.9212],[75.098,16.9139],[75.1069,16.9095],[75.1188,16.91],[75.122,16.9072],[75.1236,16.9004],[75.1276,16.8972],[75.1384,16.8929],[75.1371,16.8846],[75.1384,16.8783],[75.1411,16.8735],[75.1505,16.8694],[75.1644,16.8656],[75.1718,16.8648],[75.1808,16.8675],[75.1897,16.8735],[75.1925,16.8696],[75.189,16.8619],[75.1832,16.842],[75.1883,16.8409],[75.2159,16.8403],[75.23,16.8409],[75.2329,16.8455],[75.2357,16.8542],[75.241,16.863],[75.2434,16.8645],[75.2487,16.8645],[75.258,16.8621],[75.2683,16.8609],[75.2828,16.8742],[75.2857,16.8788],[75.2875,16.8832],[75.2918,16.9011],[75.2856,16.9094],[75.2836,16.9429],[75.2846,16.9536],[75.2884,16.9548],[75.2947,16.9541],[75.3061,16.9547],[75.338,16.9535],[75.3453,16.9525],[75.3596,16.9569],[75.3644,16.9636],[75.3717,16.9687],[75.3948,16.9764],[75.4168,16.9695],[75.431,16.9635],[75.4389,16.9709],[75.4438,16.9795],[75.4535,16.9827],[75.4679,16.9853],[75.4686,16.9796],[75.4825,16.976],[75.4897,16.9654],[75.4918,16.9578],[75.4926,16.9515],[75.493,16.9452],[75.4925,16.9429],[75.5019,16.9454],[75.5093,16.9486],[75.5107,16.9473],[75.517,16.9519],[75.5241,16.9587],[75.53,16.9658],[75.5329,16.9667],[75.5428,16.9631],[75.5585,16.9643],[75.5703,16.9636],[75.5693,16.9989],[75.5699,17.0062],[75.5758,17.0078],[75.5994,17.0052],[75.6095,17.0031],[75.6097,16.9989],[75.6107,16.9696],[75.621,16.9678],[75.6309,16.9671],[75.6363,16.9658],[75.6394,16.9592],[75.645,16.951],[75.6496,16.952],[75.6556,16.9561],[75.6637,16.9579],[75.6714,16.9585],[75.6746,16.9603],[75.6784,16.9639],[75.6746,16.9694],[75.6726,16.9741],[75.6694,16.9756],[75.6688,16.9778],[75.6687,16.9832],[75.6705,16.9988],[75.6731,17.0262],[75.6722,17.0357],[75.6622,17.0324],[75.654,17.0306],[75.6482,17.0327],[75.6438,17.0364],[75.6479,17.0466],[75.6544,17.0551],[75.6627,17.0618],[75.671,17.0616],[75.6784,17.0629],[75.6811,17.0711],[75.6801,17.0783],[75.6774,17.0877],[75.6785,17.0942],[75.6755,17.1011],[75.6741,17.1136],[75.6536,17.1131],[75.6527,17.1327],[75.6497,17.1332],[75.6487,17.1388],[75.6427,17.1476],[75.6314,17.1601],[75.628,17.1701],[75.6285,17.1807],[75.6302,17.1814],[75.6307,17.1862],[75.6426,17.1882],[75.6436,17.1941],[75.6574,17.2038],[75.6621,17.2083],[75.6639,17.2138],[75.6628,17.2279],[75.6609,17.24],[75.6599,17.2614],[75.6575,17.2706],[75.6323,17.2722],[75.6334,17.2774],[75.6311,17.2798],[75.6279,17.2881],[75.6247,17.2938],[75.606,17.3033],[75.6137,17.3194],[75.616,17.3288],[75.6131,17.3423],[75.5981,17.3451],[75.5899,17.3497],[75.5848,17.3498],[75.5841,17.3513],[75.5785,17.3829],[75.5837,17.3822],[75.5882,17.383],[75.5982,17.3861],[75.6033,17.3899],[75.6106,17.392],[75.6158,17.3919],[75.6167,17.3986],[75.615,17.4096],[75.6106,17.4171],[75.6101,17.4195],[75.6154,17.422],[75.6187,17.4391],[75.6253,17.4581],[75.6313,17.4612],[75.6329,17.4696],[75.6356,17.4775],[75.6496,17.4734],[75.6562,17.4675],[75.6623,17.4597],[75.6704,17.4593],[75.6776,17.458],[75.6808,17.454],[75.6808,17.4362],[75.6871,17.4173],[75.6912,17.4126],[75.6972,17.4106],[75.7081,17.4083],[75.7152,17.4089],[75.7224,17.4118],[75.729,17.4195],[75.734,17.4217],[75.737,17.4219],[75.7505,17.4129],[75.7588,17.4084],[75.7641,17.4084],[75.7698,17.4068],[75.7766,17.3882],[75.7823,17.3788],[75.791,17.373],[75.8023,17.3701],[75.8113,17.3699],[75.8151,17.3738],[75.8176,17.3807],[75.8177,17.388],[75.8163,17.3978],[75.8173,17.4012],[75.8203,17.4066],[75.822,17.4197],[75.8247,17.4228],[75.8278,17.4237],[75.8389,17.4205],[75.8479,17.4153],[75.856,17.4077],[75.8591,17.389],[75.862,17.3859],[75.8649,17.3864],[75.8767,17.397],[75.8789,17.4003],[75.8791,17.4049],[75.8771,17.4114],[75.8784,17.4165],[75.8824,17.419],[75.8872,17.4173],[75.8903,17.4136],[75.8944,17.4059],[75.8964,17.395],[75.897,17.377],[75.8964,17.37],[75.892,17.3608],[75.8937,17.3536],[75.8981,17.3508],[75.9107,17.3458],[75.9162,17.339],[75.9312,17.3241],[75.9417,17.3249],[75.9598,17.3338],[75.9715,17.3365],[75.9807,17.3362],[76.0003,17.3377],[76.0042,17.3428],[76.0091,17.3475],[76.0155,17.3506],[76.0213,17.3493],[76.0367,17.349],[76.0545,17.3543],[76.0605,17.3539],[76.0632,17.3519],[76.0735,17.3323],[76.0787,17.3301],[76.085,17.3321],[76.0869,17.3337],[76.087,17.3384],[76.0925,17.3437],[76.0941,17.3471],[76.0905,17.3506],[76.0928,17.3544],[76.096,17.3578],[76.102,17.3623],[76.1167,17.3662],[76.1212,17.3663],[76.1376,17.3526],[76.1457,17.3479],[76.1631,17.3409],[76.1642,17.3193],[76.1638,17.3003],[76.1719,17.2976],[76.1758,17.2972],[76.1838,17.311],[76.1826,17.3143],[76.1789,17.3139],[76.1763,17.3215],[76.1735,17.3322],[76.1723,17.3487],[76.176,17.3524],[76.1829,17.3565],[76.1932,17.3586],[76.2035,17.3588],[76.229,17.3632],[76.2304,17.3703],[76.2444,17.3747],[76.2467,17.3679],[76.2504,17.3667],[76.2489,17.3621],[76.25,17.3579],[76.2563,17.3574],[76.2649,17.3582],[76.2702,17.3565],[76.2726,17.3479],[76.2759,17.3305],[76.2858,17.3304],[76.2959,17.3286],[76.305,17.3285],[76.3172,17.3294],[76.3184,17.3318],[76.313,17.3433],[76.317,17.3454],[76.3347,17.3498],[76.3436,17.3499],[76.3506,17.3277],[76.3523,17.3106],[76.3594,17.3103],[76.3817,17.3118],[76.3839,17.3195],[76.393,17.3363],[76.402,17.344],[76.4106,17.3477],[76.4105,17.3541],[76.4081,17.3693],[76.362,17.3751],[76.37,17.4079],[76.3699,17.423],[76.3732,17.4344],[76.3639,17.4356],[76.342,17.4338],[76.3337,17.4323],[76.3308,17.4616],[76.3308,17.4688],[76.3378,17.4704],[76.3428,17.4704],[76.35,17.4721],[76.3723,17.4858],[76.375,17.4935],[76.3666,17.4953],[76.3552,17.4942],[76.3459,17.4916],[76.3435,17.4944],[76.3437,17.5081],[76.3463,17.5115],[76.356,17.5134],[76.3664,17.5167],[76.3661,17.5222],[76.3646,17.5285],[76.3609,17.5363],[76.3548,17.5387],[76.3458,17.5402],[76.34,17.5426],[76.3372,17.5552],[76.3342,17.5635],[76.3329,17.5738],[76.3317,17.5949],[76.3364,17.596],[76.3487,17.5954],[76.3595,17.5963],[76.373,17.5979],[76.3821,17.6008],[76.4157,17.6042],[76.4182,17.6058],[76.4207,17.6142],[76.4241,17.6215],[76.4258,17.6283],[76.4272,17.6398],[76.4287,17.6444],[76.4348,17.6445],[76.4428,17.6419],[76.4408,17.6494],[76.4515,17.6515],[76.4523,17.6555],[76.4893,17.6607],[76.4846,17.6696],[76.4844,17.6844],[76.4856,17.6927],[76.4864,17.7135],[76.4923,17.7149],[76.511,17.7159],[76.5236,17.7152],[76.5248,17.7229],[76.525,17.7347],[76.5237,17.7589],[76.5263,17.7594],[76.5316,17.7585],[76.5382,17.7589],[76.5598,17.7631],[76.5675,17.7629],[76.5733,17.76],[76.5694,17.7564],[76.5646,17.7537],[76.5681,17.7398],[76.5694,17.7037],[76.5732,17.7022],[76.5772,17.7031],[76.587,17.7079],[76.5932,17.7176],[76.5988,17.728],[76.6041,17.7558],[76.6069,17.7596],[76.6095,17.766],[76.6144,17.7683],[76.6234,17.7579],[76.627,17.756],[76.6298,17.7419],[76.6307,17.729],[76.6374,17.7241],[76.6508,17.7208],[76.6552,17.7164],[76.6581,17.7085],[76.6598,17.6992],[76.6631,17.6879],[76.6716,17.6891],[76.6781,17.6873],[76.6883,17.6785],[76.6906,17.68],[76.6931,17.6938],[76.6912,17.6981],[76.6909,17.7019],[76.6924,17.7053],[76.7008,17.7073],[76.7035,17.7186],[76.7021,17.7237],[76.6982,17.726],[76.7035,17.7291],[76.7276,17.737],[76.7265,17.7404],[76.7219,17.748],[76.718,17.7479],[76.7191,17.7613],[76.721,17.7676],[76.7172,17.7698],[76.7128,17.7714],[76.7124,17.7751],[76.7157,17.7819],[76.7194,17.7853],[76.7246,17.7851],[76.7394,17.7791],[76.7436,17.7808],[76.744,17.7835],[76.7478,17.7836],[76.7489,17.7864],[76.7628,17.7871],[76.7663,17.7966],[76.77,17.797],[76.7763,17.7994],[76.7798,17.8059],[76.7795,17.8103],[76.7814,17.8151],[76.7848,17.8196],[76.7882,17.8265],[76.7855,17.8315],[76.7797,17.8363],[76.7657,17.8508],[76.7643,17.8495],[76.7597,17.8521],[76.7546,17.8566],[76.7458,17.8583],[76.7375,17.8571],[76.7396,17.8836],[76.7396,17.892],[76.7407,17.898],[76.743,17.899],[76.766,17.8984],[76.7701,17.8924],[76.7731,17.8852],[76.7738,17.8822],[76.7733,17.8787],[76.7746,17.877],[76.7974,17.8693],[76.8028,17.8683],[76.8063,17.8705],[76.8054,17.8742],[76.8082,17.8831],[76.8111,17.8841],[76.8171,17.8831],[76.8204,17.8845],[76.8331,17.8827],[76.8318,17.8907],[76.8469,17.8964],[76.8538,17.8978],[76.8719,17.8947],[76.8753,17.8927],[76.8812,17.8931],[76.8832,17.8971],[76.8894,17.8972],[76.8924,17.9029],[76.8937,17.9074],[76.8966,17.908],[76.9002,17.9147],[76.9132,17.9138],[76.9164,17.9151],[76.9183,17.9231],[76.9192,17.9367],[76.9132,17.9372],[76.9173,17.9605],[76.9182,17.9729],[76.9196,17.9854],[76.9197,17.9906],[76.9176,17.9963],[76.9185,17.9987],[76.9182,18.0019],[76.9177,18.0123],[76.9202,18.0138],[76.9194,18.022],[76.9177,18.0332],[76.9386,18.0372],[76.9521,18.0377],[76.9546,18.0397],[76.9543,18.0427],[76.9486,18.0457],[76.9484,18.0487],[76.9506,18.0583],[76.9527,18.0634],[76.9495,18.0683],[76.947,18.0738],[76.9497,18.0823],[76.9548,18.0854],[76.9643,18.0882],[76.9673,18.0926],[76.9683,18.0971],[76.9586,18.1064],[76.9534,18.1101],[76.9425,18.1114],[76.9322,18.111],[76.9226,18.1161],[76.9223,18.1202],[76.9242,18.1245],[76.93,18.1323],[76.9318,18.1366],[76.9277,18.1399],[76.9254,18.1448],[76.9334,18.1579],[76.9438,18.1547],[76.951,18.1725],[76.9541,18.1849],[76.9588,18.1861],[76.9709,18.1869],[76.9799,18.1874],[76.9806,18.1894],[76.9879,18.1885],[76.9915,18.1867],[76.993,18.1821],[76.9955,18.1784],[76.9953,18.1733],[76.9978,18.1668],[77.024,18.1627],[77.0227,18.1712],[77.0217,18.1782],[77.0303,18.1793],[77.0324,18.183],[77.0328,18.1838],[77.0381,18.1813],[77.0494,18.1732],[77.0503,18.1613],[77.0577,18.1559],[77.0577,18.1524],[77.0691,18.1494],[77.0862,18.1503],[77.0893,18.156],[77.0927,18.157],[77.0966,18.1581],[77.1089,18.1527],[77.1163,18.1676],[77.1029,18.1863],[77.0989,18.1911],[77.0955,18.1951],[77.1066,18.2018],[77.1166,18.2024],[77.121,18.2067],[77.1311,18.2062],[77.1395,18.2072],[77.1422,18.216],[77.15,18.2166],[77.1506,18.2215],[77.1488,18.2215],[77.1477,18.2214],[77.1478,18.2376],[77.1514,18.2379],[77.1572,18.2531],[77.1657,18.2559],[77.1674,18.2735],[77.1705,18.2809],[77.1778,18.2819],[77.1917,18.2743],[77.1988,18.2792],[77.2062,18.278],[77.2045,18.2905],[77.1976,18.2955],[77.1954,18.3127],[77.2001,18.3192],[77.21,18.3137],[77.2169,18.3249],[77.223,18.3378],[77.2273,18.3449],[77.2214,18.3472],[77.2308,18.3656],[77.2416,18.3664],[77.245,18.3706],[77.2329,18.3861],[77.2364,18.3998],[77.2402,18.4086],[77.2491,18.4083],[77.2584,18.4104],[77.2646,18.4184],[77.2948,18.4327],[77.3023,18.4385],[77.3133,18.4394],[77.3174,18.4538],[77.3256,18.4551],[77.326,18.4489],[77.3327,18.4485],[77.3334,18.4419],[77.3373,18.4354]]]]}}]}