{"type":"FeatureCollection","name":"Kerala","crs":{"type":"name","properties":{"name":"urn:ogc:def:crs:OGC:1.3:CRS84"}},"features":[{"type":"Feature","properties":{"ID_0":105,"ISO":"IND","NAME_0":"India","ID_1":18,"NAME_1":"Kerala","TYPE_1":"State","ENGTYPE_1":"State","NL_NAME_1":null,"VARNAME_1":null},"geometry":{"type":"MultiPolygon","coordinates":[[[[76.4674,9.541],[76.4674,9.5407],[76.4685,9.5407],[76.4685,9.5404],[76.469,9.5404],[76.469,9.5401],[76.4696,9.5401],[76.4696,9.5399],[76.4707,9.5399],[76.4707,9.5396],[76.4715,9.5396],[76.4715,9.5393],[76.4724,9.5393],[76.4724,9.539],[76.4735,9.539],[76.4735,9.5388],[76.4743,9.5388],[76.4743,9.5385],[76.4746,9.5385],[76.4746,9.5382],[76.4762,9.5382],[76.4762,9.5379],[76.4768,9.5379],[76.4768,9.5376],[76.4776,9.5376],[76.4776,9.5374],[76.4785,9.5374],[76.4785,9.5371],[76.479,9.5371],[76.479,9.5365],[76.4793,9.5365],[76.4793,9.5301],[76.479,9.5301],[76.479,9.5299],[76.4713,9.5299],[76.4713,9.5296],[76.4676,9.5296],[76.4676,9.5293],[76.4674,9.5293],[76.4674,9.5296],[76.4665,9.5296],[76.4665,9.5299],[76.466,9.5299],[76.466,9.5351],[76.4662,9.5351],[76.4662,9.5363],[76.466,9.5363],[76.466,9.5393],[76.4662,9.5393],[76.4662,9.541],[76.4674,9.541]]],[[[76.4043,9.5415],[76.4043,9.5399],[76.4046,9.5399],[76.4046,9.5371],[76.4049,9.5371],[76.4049,9.5276],[76.4021,9.5276],[76.4021,9.5274],[76.3832,9.5274],[76.3832,9.5276],[76.3829,9.5276],[76.3829,9.5288],[76.3826,9.5288],[76.3826,9.529],[76.3829,9.529],[76.3829,9.5304],[76.3826,9.5304],[76.3826,9.5307],[76.3829,9.5307],[76.3829,9.5321],[76.3826,9.5321],[76.3826,9.5329],[76.3821,9.5329],[76.3821,9.5338],[76.3824,9.5338],[76.3824,9.534],[76.3829,9.534],[76.3829,9.5343],[76.3838,9.5343],[76.3838,9.5346],[76.3846,9.5346],[76.3846,9.5349],[76.3851,9.5349],[76.3851,9.5351],[76.386,9.5351],[76.386,9.5354],[76.3868,9.5354],[76.3868,9.5357],[76.3876,9.5357],[76.3876,9.536],[76.3885,9.536],[76.3885,9.5363],[76.389,9.5362],[76.389,9.5365],[76.3899,9.5365],[76.3899,9.5368],[76.3907,9.5368],[76.3907,9.5371],[76.3915,9.5371],[76.3915,9.5374],[76.3924,9.5374],[76.3924,9.5376],[76.3932,9.5376],[76.3932,9.5379],[76.3938,9.5379],[76.3938,9.5382],[76.3946,9.5382],[76.3946,9.5385],[76.3954,9.5385],[76.3954,9.5388],[76.3962,9.5388],[76.3962,9.539],[76.3971,9.539],[76.3971,9.5393],[76.3976,9.5393],[76.3976,9.5396],[76.3985,9.5396],[76.3985,9.5399],[76.3993,9.5399],[76.3993,9.5401],[76.4001,9.5401],[76.4001,9.5404],[76.401,9.5404],[76.401,9.5407],[76.4015,9.5407],[76.4015,9.541],[76.4024,9.541],[76.4024,9.5412],[76.4032,9.5412],[76.4032,9.5415],[76.4043,9.5415]]],[[[76.4346,9.5515],[76.4346,9.5513],[76.4349,9.5513],[76.4349,9.5482],[76.4346,9.5482],[76.4346,9.5472],[76.4346,9.5401],[76.4343,9.5401],[76.4343,9.5324],[76.434,9.5324],[76.434,9.5285],[76.4279,9.5285],[76.4279,9.5282],[76.4212,9.5282],[76.4212,9.5279],[76.4146,9.5279],[76.4146,9.5276],[76.4063,9.5276],[76.4063,9.5299],[76.406,9.5299],[76.406,9.5354],[76.4057,9.5354],[76.4057,9.5401],[76.4054,9.5401],[76.4054,9.5421],[76.4057,9.5421],[76.4057,9.5424],[76.4065,9.5424],[76.4065,9.5427],[76.4074,9.5427],[76.4074,9.5429],[76.4082,9.5429],[76.4082,9.5432],[76.409,9.5432],[76.409,9.5435],[76.4101,9.5435],[76.4101,9.5437],[76.411,9.5437],[76.411,9.544],[76.4116,9.544],[76.4118,9.544],[76.4118,9.5443],[76.4126,9.5443],[76.4126,9.5446],[76.4135,9.5446],[76.4135,9.5449],[76.4143,9.5449],[76.4143,9.5451],[76.4151,9.5451],[76.4151,9.5454],[76.416,9.5454],[76.416,9.5457],[76.4168,9.5457],[76.4168,9.546],[76.4176,9.546],[76.4176,9.5463],[76.4185,9.5463],[76.4185,9.5465],[76.419,9.5465],[76.419,9.5468],[76.4199,9.5468],[76.4199,9.5471],[76.4207,9.5471],[76.4207,9.5474],[76.4215,9.5474],[76.4215,9.5476],[76.4224,9.5476],[76.4224,9.5479],[76.4232,9.5479],[76.4232,9.5482],[76.424,9.5482],[76.424,9.5485],[76.4249,9.5485],[76.4249,9.5487],[76.4254,9.5487],[76.4254,9.549],[76.4262,9.549],[76.4262,9.5493],[76.4271,9.5493],[76.4271,9.5496],[76.4282,9.5496],[76.4282,9.5499],[76.4287,9.5499],[76.4287,9.5501],[76.4301,9.5501],[76.4301,9.5504],[76.4313,9.5504],[76.4313,9.5507],[76.4321,9.5507],[76.4321,9.551],[76.4335,9.551],[76.4335,9.5513],[76.4343,9.5513],[76.4343,9.5515],[76.4346,9.5515]]],[[[76.4368,9.5515],[76.4368,9.5513],[76.4374,9.5513],[76.4374,9.551],[76.4376,9.551],[76.4376,9.5507],[76.4385,9.5507],[76.4385,9.5504],[76.4388,9.5504],[76.4388,9.5501],[76.4399,9.5501],[76.4399,9.5499],[76.4407,9.5499],[76.4407,9.5496],[76.4413,9.5496],[76.4413,9.5493],[76.4421,9.5493],[76.4421,9.5491],[76.4421,9.549],[76.4429,9.549],[76.4429,9.5487],[76.4437,9.5487],[76.4437,9.5485],[76.4446,9.5485],[76.4446,9.5482],[76.4449,9.5482],[76.4449,9.5479],[76.4454,9.5479],[76.4454,9.5476],[76.4474,9.5476],[76.4474,9.5474],[76.4482,9.5474],[76.4482,9.5471],[76.449,9.5471],[76.449,9.5468],[76.4496,9.5468],[76.4496,9.5465],[76.4499,9.5465],[76.4499,9.5463],[76.4507,9.5463],[76.4507,9.546],[76.4521,9.546],[76.4521,9.5457],[76.4529,9.5457],[76.4529,9.5454],[76.454,9.5454],[76.454,9.5451],[76.4551,9.5451],[76.4551,9.5449],[76.4557,9.5449],[76.4557,9.5446],[76.4565,9.5446],[76.4565,9.5443],[76.4574,9.5443],[76.4574,9.544],[76.4582,9.544],[76.4582,9.5437],[76.4585,9.5437],[76.4585,9.5435],[76.4593,9.5435],[76.4593,9.5432],[76.4601,9.5432],[76.4601,9.5429],[76.461,9.5429],[76.461,9.5427],[76.4618,9.5427],[76.4618,9.5424],[76.4626,9.5424],[76.4626,9.5421],[76.4632,9.5421],[76.4632,9.5418],[76.464,9.5418],[76.464,9.5415],[76.4646,9.5415],[76.4646,9.5404],[76.4649,9.5404],[76.4649,9.5376],[76.4646,9.5376],[76.4646,9.5368],[76.4643,9.5368],[76.4643,9.5363],[76.4646,9.5363],[76.4646,9.5346],[76.4643,9.5346],[76.4643,9.5343],[76.4646,9.5343],[76.4646,9.5304],[76.4643,9.5304],[76.4643,9.5299],[76.4626,9.5299],[76.4626,9.5296],[76.4618,9.5296],[76.4618,9.5299],[76.4604,9.5299],[76.4604,9.5296],[76.4579,9.5296],[76.4579,9.5293],[76.4538,9.5293],[76.4538,9.5296],[76.4532,9.5296],[76.4532,9.5293],[76.4465,9.5293],[76.4465,9.529],[76.4451,9.529],[76.4451,9.5293],[76.4443,9.5293],[76.4443,9.529],[76.4424,9.529],[76.4424,9.5288],[76.4401,9.5288],[76.4401,9.5285],[76.4396,9.5285],[76.4396,9.5282],[76.4393,9.5282],[76.4393,9.5279],[76.4385,9.5279],[76.4385,9.5282],[76.4371,9.5282],[76.4371,9.5285],[76.4368,9.5285],[76.4368,9.5282],[76.436,9.5282],[76.436,9.5285],[76.4354,9.5285],[76.4354,9.5382],[76.4357,9.5382],[76.4357,9.546],[76.436,9.546],[76.436,9.5476],[76.436,9.5515],[76.4368,9.5515]]],[[[76.4143,9.5632],[76.4143,9.5629],[76.4146,9.5629],[76.4146,9.5624],[76.4149,9.5624],[76.4149,9.5607],[76.4151,9.5607],[76.4151,9.5601],[76.4154,9.5601],[76.4154,9.5599],[76.4151,9.5599],[76.4151,9.5596],[76.4154,9.5596],[76.4154,9.559],[76.4157,9.559],[76.4157,9.5582],[76.4163,9.5582],[76.4163,9.5576],[76.4171,9.5576],[76.4171,9.5574],[76.4182,9.5574],[76.4182,9.5571],[76.419,9.5571],[76.419,9.5568],[76.4196,9.5568],[76.4196,9.5571],[76.4201,9.5571],[76.4201,9.5568],[76.4212,9.5568],[76.4212,9.5565],[76.4215,9.5565],[76.4215,9.5563],[76.4221,9.5563],[76.4221,9.556],[76.4229,9.556],[76.4229,9.5557],[76.4232,9.5557],[76.4232,9.5549],[76.4238,9.5549],[76.4238,9.554],[76.424,9.554],[76.424,9.5535],[76.4243,9.5535],[76.4243,9.5526],[76.4246,9.5526],[76.4246,9.5521],[76.4249,9.5521],[76.4249,9.5515],[76.4251,9.5515],[76.4251,9.551],[76.4257,9.551],[76.4257,9.5499],[76.4249,9.5499],[76.4249,9.5496],[76.424,9.5496],[76.424,9.5493],[76.4232,9.5493],[76.4232,9.549],[76.4224,9.549],[76.4224,9.5487],[76.4215,9.5487],[76.4215,9.5485],[76.4207,9.5485],[76.4207,9.5482],[76.4199,9.5482],[76.4199,9.5479],[76.419,9.5479],[76.419,9.5476],[76.4182,9.5476],[76.4182,9.5474],[76.4174,9.5474],[76.4174,9.5471],[76.4165,9.5471],[76.4165,9.5468],[76.4157,9.5468],[76.4157,9.5465],[76.4151,9.5465],[76.4151,9.5463],[76.4143,9.5463],[76.4143,9.546],[76.4135,9.546],[76.4135,9.5457],[76.4129,9.5457],[76.4129,9.5454],[76.4121,9.5454],[76.4121,9.5451],[76.4115,9.5451],[76.4115,9.5449],[76.4109,9.5449],[76.4107,9.5449],[76.4107,9.5446],[76.4099,9.5446],[76.4099,9.5443],[76.4093,9.5443],[76.4093,9.544],[76.4085,9.544],[76.4085,9.5437],[76.4076,9.5437],[76.4076,9.5435],[76.4068,9.5435],[76.4068,9.5432],[76.4057,9.5432],[76.4057,9.5429],[76.4049,9.5429],[76.4049,9.5427],[76.4037,9.5427],[76.4037,9.5424],[76.4032,9.5424],[76.4032,9.5421],[76.4021,9.5421],[76.4021,9.5418],[76.4013,9.5418],[76.4013,9.5415],[76.4004,9.5415],[76.4004,9.5412],[76.3996,9.5412],[76.3996,9.541],[76.399,9.541],[76.399,9.5407],[76.3982,9.5407],[76.3982,9.5404],[76.3976,9.5404],[76.3976,9.5401],[76.3968,9.5401],[76.3968,9.5399],[76.396,9.5399],[76.396,9.5396],[76.3954,9.5396],[76.3954,9.5393],[76.3946,9.5393],[76.3946,9.539],[76.394,9.539],[76.394,9.5388],[76.3932,9.5388],[76.3932,9.5385],[76.3924,9.5385],[76.3924,9.5382],[76.3918,9.5382],[76.3918,9.5379],[76.391,9.5379],[76.391,9.5376],[76.3904,9.5376],[76.3904,9.5374],[76.3896,9.5374],[76.3896,9.5371],[76.3887,9.5371],[76.3887,9.5368],[76.3882,9.5368],[76.3882,9.5365],[76.3874,9.5365],[76.3874,9.5362],[76.3868,9.5363],[76.3868,9.536],[76.386,9.536],[76.386,9.5357],[76.3854,9.5357],[76.3854,9.5354],[76.3846,9.5354],[76.3846,9.5351],[76.384,9.5351],[76.384,9.5349],[76.3829,9.5349],[76.3829,9.537],[76.3829,9.5374],[76.3826,9.5374],[76.3826,9.5407],[76.3824,9.5407],[76.3824,9.5418],[76.3821,9.5418],[76.3821,9.5432],[76.3826,9.5432],[76.3826,9.5435],[76.3835,9.5435],[76.3835,9.5437],[76.384,9.5437],[76.384,9.544],[76.3846,9.544],[76.3846,9.5443],[76.3851,9.5443],[76.3851,9.5446],[76.386,9.5446],[76.386,9.5449],[76.3865,9.5449],[76.3865,9.5451],[76.3871,9.5451],[76.3871,9.5454],[76.3876,9.5454],[76.3876,9.5457],[76.3885,9.5457],[76.3885,9.546],[76.389,9.546],[76.389,9.5463],[76.3896,9.5463],[76.3896,9.5465],[76.3901,9.5465],[76.3901,9.5468],[76.3907,9.5468],[76.3907,9.5471],[76.3913,9.5471],[76.3913,9.5474],[76.3918,9.5474],[76.3918,9.5476],[76.3924,9.5476],[76.3924,9.5479],[76.3929,9.5479],[76.3929,9.5482],[76.3935,9.5482],[76.3935,9.5485],[76.394,9.5485],[76.394,9.5487],[76.3946,9.5487],[76.3946,9.549],[76.3951,9.549],[76.3951,9.5493],[76.3957,9.5493],[76.3957,9.5496],[76.3962,9.5496],[76.3962,9.5499],[76.3968,9.5499],[76.3968,9.5501],[76.3974,9.5501],[76.3974,9.5504],[76.3979,9.5504],[76.3979,9.5507],[76.3985,9.5507],[76.3985,9.551],[76.399,9.551],[76.399,9.5513],[76.3996,9.5513],[76.3996,9.5515],[76.4001,9.5515],[76.4001,9.5518],[76.4004,9.5518],[76.4004,9.5521],[76.401,9.5521],[76.401,9.5524],[76.4015,9.5524],[76.4015,9.5526],[76.402,9.5526],[76.4021,9.5526],[76.4021,9.5529],[76.4026,9.5529],[76.4026,9.5532],[76.4035,9.5532],[76.4035,9.5535],[76.4043,9.5535],[76.4043,9.5538],[76.4046,9.5538],[76.4046,9.5565],[76.4043,9.5565],[76.4043,9.5585],[76.4046,9.5585],[76.4046,9.559],[76.4037,9.559],[76.4037,9.5593],[76.4043,9.5593],[76.4043,9.5596],[76.4046,9.5596],[76.4046,9.5599],[76.4049,9.5599],[76.4049,9.5601],[76.4054,9.5601],[76.4054,9.5604],[76.4063,9.5604],[76.4063,9.5607],[76.4068,9.5607],[76.4068,9.561],[76.4074,9.561],[76.4074,9.5613],[76.4077,9.5613],[76.4079,9.5613],[76.4079,9.5615],[76.409,9.5615],[76.409,9.5618],[76.4099,9.5618],[76.4099,9.5621],[76.411,9.5621],[76.411,9.5624],[76.4118,9.5624],[76.4118,9.5626],[76.4126,9.5626],[76.4126,9.5629],[76.4132,9.5629],[76.4132,9.5632],[76.4143,9.5632]]],[[[76.3854,9.6207],[76.3854,9.6204],[76.386,9.6204],[76.386,9.6201],[76.3863,9.6201],[76.3863,9.6204],[76.3865,9.6204],[76.3865,9.6199],[76.3868,9.6199],[76.3868,9.6201],[76.3871,9.6201],[76.3871,9.6199],[76.3876,9.6199],[76.3876,9.6193],[76.3879,9.6193],[76.3879,9.619],[76.3876,9.619],[76.3876,9.6176],[76.3874,9.6176],[76.3874,9.6174],[76.3871,9.6174],[76.3871,9.6168],[76.3868,9.6168],[76.3868,9.6157],[76.3865,9.6157],[76.3865,9.6154],[76.3863,9.6154],[76.3863,9.6157],[76.386,9.6157],[76.386,9.6146],[76.3854,9.6146],[76.3854,9.6143],[76.3851,9.6143],[76.3851,9.6138],[76.3849,9.6138],[76.3849,9.6135],[76.3846,9.6135],[76.3846,9.6137],[76.384,9.6138],[76.384,9.6146],[76.3843,9.6146],[76.3843,9.6149],[76.3832,9.6149],[76.3832,9.6154],[76.3829,9.6154],[76.3829,9.6157],[76.3824,9.6157],[76.3824,9.616],[76.3821,9.616],[76.3821,9.6163],[76.3818,9.6163],[76.3818,9.6179],[76.3821,9.6179],[76.3821,9.6185],[76.3824,9.6185],[76.3824,9.619],[76.3826,9.619],[76.3826,9.6193],[76.384,9.6193],[76.384,9.6199],[76.3843,9.6199],[76.3843,9.6201],[76.3846,9.6201],[76.3846,9.6204],[76.3851,9.6204],[76.3851,9.6207],[76.3854,9.6207]]],[[[76.3812,9.7146],[76.3807,9.7146],[76.3807,9.7151],[76.381,9.7151],[76.381,9.7168],[76.3812,9.7168],[76.3812,9.7171],[76.3818,9.7171],[76.3818,9.7165],[76.3815,9.7165],[76.3815,9.7149],[76.3812,9.7149],[76.3812,9.7146]]],[[[76.3715,9.7585],[76.3715,9.7579],[76.3718,9.7579],[76.3718,9.7563],[76.3721,9.7563],[76.3721,9.7551],[76.3724,9.7551],[76.3724,9.7549],[76.3721,9.7549],[76.3721,9.7546],[76.3721,9.7543],[76.3724,9.7543],[76.3724,9.754],[76.3726,9.754],[76.3726,9.7532],[76.3729,9.7532],[76.3729,9.7524],[76.3732,9.7524],[76.3732,9.7518],[76.3729,9.7518],[76.3729,9.7513],[76.3721,9.7513],[76.3721,9.7515],[76.3718,9.7515],[76.3718,9.7521],[76.3715,9.7521],[76.3715,9.7526],[76.3712,9.7526],[76.3712,9.7535],[76.371,9.7535],[76.371,9.7546],[76.3707,9.7546],[76.3707,9.7554],[76.3704,9.7554],[76.3704,9.756],[76.3704,9.7565],[76.3701,9.7565],[76.3701,9.7579],[76.3704,9.7579],[76.3704,9.7582],[76.3712,9.7582],[76.3712,9.7585],[76.3715,9.7585]]],[[[76.324,9.8257],[76.324,9.8254],[76.3246,9.8254],[76.3246,9.8249],[76.3249,9.8249],[76.3249,9.8243],[76.3251,9.8243],[76.3251,9.8238],[76.3254,9.8238],[76.3254,9.8232],[76.3257,9.8232],[76.3257,9.8229],[76.326,9.8229],[76.326,9.8224],[76.3265,9.8224],[76.3265,9.8226],[76.3268,9.8226],[76.3268,9.8229],[76.3271,9.8229],[76.3271,9.8235],[76.3276,9.8235],[76.3276,9.8232],[76.3285,9.8232],[76.3285,9.8218],[76.3276,9.8218],[76.3276,9.821],[76.3274,9.821],[76.3274,9.8196],[76.3276,9.8196],[76.3276,9.8185],[76.3279,9.8185],[76.3279,9.8179],[76.3285,9.8179],[76.3285,9.8176],[76.329,9.8176],[76.329,9.8174],[76.3288,9.8174],[76.3288,9.8168],[76.3285,9.8168],[76.3285,9.8162],[76.3288,9.8162],[76.3288,9.816],[76.3285,9.816],[76.3285,9.8157],[76.3282,9.8157],[76.3282,9.8154],[76.3279,9.8154],[76.3279,9.8143],[76.3276,9.8143],[76.3276,9.8121],[76.3274,9.8121],[76.3274,9.8104],[76.3271,9.8104],[76.3271,9.8096],[76.3268,9.8096],[76.3268,9.8087],[76.3265,9.8087],[76.3265,9.8082],[76.3268,9.8082],[76.3268,9.8079],[76.3265,9.8079],[76.3265,9.8076],[76.3254,9.8076],[76.3254,9.8074],[76.3243,9.8074],[76.3243,9.8076],[76.3238,9.8076],[76.3238,9.8079],[76.3232,9.8079],[76.3232,9.809],[76.3229,9.809],[76.3229,9.811],[76.3232,9.811],[76.3232,9.8124],[76.3235,9.8124],[76.3235,9.8135],[76.3232,9.8135],[76.3232,9.8149],[76.3229,9.8149],[76.3229,9.8171],[76.3232,9.8171],[76.3232,9.8215],[76.3229,9.8215],[76.3229,9.8226],[76.3226,9.8226],[76.3226,9.8238],[76.3229,9.8238],[76.3229,9.8249],[76.3232,9.8249],[76.3232,9.8254],[76.3235,9.8254],[76.3235,9.8257],[76.324,9.8257]]],[[[76.3724,9.8257],[76.3724,9.8254],[76.3729,9.8254],[76.3729,9.8251],[76.3732,9.8251],[76.3732,9.8249],[76.3735,9.8249],[76.3735,9.8246],[76.3732,9.8246],[76.3732,9.8215],[76.3724,9.8215],[76.3724,9.8221],[76.3721,9.8221],[76.3721,9.8232],[76.3718,9.8232],[76.3718,9.8254],[76.3715,9.8254],[76.3715,9.8257],[76.3724,9.8257]]],[[[76.3685,9.8268],[76.3685,9.8265],[76.3696,9.8265],[76.3696,9.8263],[76.3699,9.8263],[76.3699,9.8257],[76.3701,9.8257],[76.3701,9.8251],[76.3704,9.8251],[76.3704,9.8243],[76.3701,9.8243],[76.3701,9.824],[76.3699,9.824],[76.3699,9.8243],[76.3696,9.8243],[76.3696,9.8246],[76.3693,9.8246],[76.3693,9.8249],[76.3685,9.8249],[76.3685,9.8251],[76.3674,9.8251],[76.3674,9.8254],[76.3671,9.8254],[76.3671,9.8257],[76.3668,9.8257],[76.3668,9.8268],[76.3685,9.8268]]],[[[76.3785,9.8396],[76.3785,9.839],[76.3787,9.839],[76.3787,9.8385],[76.379,9.8385],[76.379,9.8379],[76.3793,9.8379],[76.3793,9.8371],[76.3788,9.8371],[76.3788,9.8368],[76.3782,9.8368],[76.3782,9.8365],[76.3771,9.8365],[76.3771,9.8368],[76.3763,9.8368],[76.3763,9.8374],[76.3765,9.8374],[76.3765,9.8379],[76.3768,9.8379],[76.3768,9.8385],[76.3771,9.8385],[76.3771,9.839],[76.3774,9.839],[76.3774,9.8393],[76.3779,9.8393],[76.3779,9.8396],[76.3785,9.8396]]],[[[76.3776,9.8415],[76.3776,9.8407],[76.3774,9.8407],[76.3774,9.8404],[76.3771,9.8404],[76.3771,9.8401],[76.3768,9.8401],[76.3768,9.8399],[76.3765,9.8399],[76.3765,9.8393],[76.3763,9.8393],[76.3763,9.839],[76.376,9.839],[76.376,9.8388],[76.3757,9.8388],[76.3757,9.8382],[76.3754,9.8382],[76.3754,9.8379],[76.3751,9.8379],[76.3751,9.8376],[76.3749,9.8376],[76.3749,9.8379],[76.374,9.8379],[76.374,9.8385],[76.3737,9.8385],[76.3737,9.839],[76.3735,9.839],[76.3735,9.8393],[76.3732,9.8393],[76.3732,9.8399],[76.3729,9.8399],[76.3729,9.8404],[76.3726,9.8404],[76.3726,9.8407],[76.3732,9.8407],[76.3732,9.841],[76.3735,9.841],[76.3735,9.8413],[76.3763,9.8413],[76.3763,9.8415],[76.3776,9.8415]]],[[[76.2893,9.8474],[76.2893,9.8471],[76.2899,9.8471],[76.2899,9.8468],[76.2904,9.8468],[76.2904,9.8462],[76.2901,9.8462],[76.2901,9.8457],[76.2899,9.8457],[76.2899,9.8451],[76.2896,9.8451],[76.2896,9.8446],[76.2893,9.8446],[76.2893,9.8443],[76.2887,9.8443],[76.2887,9.844],[76.2882,9.844],[76.2882,9.8443],[76.2879,9.8443],[76.2879,9.8446],[76.2876,9.8446],[76.2876,9.8457],[76.2879,9.8457],[76.2879,9.8468],[76.2882,9.8468],[76.2882,9.8471],[76.2885,9.8471],[76.2885,9.8474],[76.2893,9.8474]]],[[[76.3496,9.8746],[76.3496,9.874],[76.3499,9.874],[76.3499,9.8732],[76.3501,9.8732],[76.3501,9.8721],[76.3499,9.8721],[76.3499,9.871],[76.3501,9.871],[76.3501,9.8704],[76.3504,9.8704],[76.3504,9.8699],[76.3507,9.8699],[76.3507,9.8693],[76.351,9.8693],[76.351,9.8685],[76.3512,9.8685],[76.3512,9.8676],[76.3515,9.8677],[76.3515,9.8671],[76.3518,9.8671],[76.3518,9.8663],[76.3521,9.8663],[76.3521,9.8657],[76.3524,9.8657],[76.3524,9.8651],[76.3526,9.8651],[76.3526,9.8649],[76.3529,9.8649],[76.3529,9.8646],[76.3535,9.8646],[76.3535,9.8643],[76.3538,9.8643],[76.3538,9.864],[76.3543,9.864],[76.3543,9.8637],[76.3549,9.8637],[76.3549,9.8635],[76.3554,9.8635],[76.3554,9.8629],[76.3557,9.8629],[76.3557,9.8624],[76.356,9.8624],[76.356,9.8618],[76.3562,9.8618],[76.3562,9.8607],[76.3565,9.8607],[76.3565,9.8599],[76.3574,9.8599],[76.3574,9.8596],[76.3585,9.8596],[76.3585,9.8593],[76.3593,9.8593],[76.3593,9.859],[76.3604,9.859],[76.3604,9.8588],[76.3607,9.8588],[76.3607,9.8582],[76.361,9.8582],[76.361,9.8579],[76.3613,9.8579],[76.3613,9.8576],[76.3615,9.8576],[76.3615,9.8574],[76.3618,9.8574],[76.3618,9.8571],[76.3621,9.8571],[76.3621,9.8568],[76.3624,9.8568],[76.3624,9.8565],[76.3626,9.8565],[76.3626,9.8562],[76.3629,9.8562],[76.3629,9.856],[76.3643,9.856],[76.3643,9.8557],[76.3655,9.8557],[76.366,9.8557],[76.366,9.8554],[76.3662,9.8554],[76.3662,9.8546],[76.366,9.8546],[76.366,9.8532],[76.3662,9.8532],[76.3662,9.8526],[76.3665,9.8526],[76.3665,9.8521],[76.3668,9.8521],[76.3668,9.8518],[76.3671,9.8518],[76.3671,9.8517],[76.3671,9.8513],[76.3673,9.8513],[76.3674,9.8513],[76.3674,9.851],[76.3676,9.851],[76.3676,9.8507],[76.3679,9.8507],[76.3679,9.8493],[76.3676,9.8493],[76.3676,9.8476],[76.3674,9.8476],[76.3674,9.8474],[76.3676,9.8474],[76.3676,9.8462],[76.3679,9.8462],[76.3679,9.8443],[76.3676,9.8443],[76.3676,9.844],[76.3679,9.844],[76.3679,9.8438],[76.3682,9.8438],[76.3682,9.8429],[76.3685,9.8429],[76.3685,9.8424],[76.3688,9.8424],[76.3688,9.8418],[76.369,9.8418],[76.369,9.8413],[76.3693,9.8413],[76.3693,9.841],[76.3696,9.841],[76.3696,9.8399],[76.3699,9.8399],[76.3699,9.8396],[76.3696,9.8396],[76.3696,9.839],[76.3699,9.839],[76.3699,9.8382],[76.3701,9.8382],[76.3701,9.8374],[76.3704,9.8374],[76.3704,9.8365],[76.371,9.8365],[76.371,9.8354],[76.3712,9.8354],[76.3712,9.8349],[76.3715,9.8349],[76.3715,9.8343],[76.3718,9.8343],[76.3718,9.8329],[76.3721,9.8329],[76.3721,9.8313],[76.3718,9.8313],[76.3718,9.831],[76.371,9.831],[76.371,9.8307],[76.3701,9.8307],[76.3701,9.8304],[76.3693,9.8304],[76.3693,9.8301],[76.3629,9.8301],[76.3629,9.8304],[76.3615,9.8304],[76.3615,9.8307],[76.3604,9.8307],[76.3604,9.831],[76.3599,9.831],[76.3599,9.8313],[76.3594,9.8313],[76.3593,9.8313],[76.3593,9.8315],[76.3593,9.8318],[76.3592,9.8318],[76.359,9.8318],[76.359,9.8321],[76.3579,9.8321],[76.3579,9.8324],[76.3574,9.8324],[76.3574,9.8326],[76.3571,9.8326],[76.3571,9.8329],[76.3568,9.8329],[76.3568,9.8332],[76.3565,9.8332],[76.3565,9.8335],[76.356,9.8335],[76.356,9.8338],[76.3557,9.8338],[76.3557,9.834],[76.3554,9.834],[76.3554,9.8338],[76.3551,9.8338],[76.3551,9.834],[76.3546,9.834],[76.3546,9.8343],[76.354,9.8343],[76.354,9.8346],[76.3538,9.8346],[76.3538,9.8351],[76.3532,9.8351],[76.3532,9.8354],[76.3529,9.8354],[76.3529,9.8357],[76.3526,9.8357],[76.3526,9.836],[76.3524,9.836],[76.3524,9.8362],[76.3518,9.8362],[76.3518,9.8365],[76.3515,9.8365],[76.3515,9.8368],[76.351,9.8368],[76.351,9.8374],[76.3504,9.8374],[76.3504,9.8376],[76.3499,9.8376],[76.3499,9.8379],[76.3496,9.8379],[76.3496,9.8385],[76.349,9.8385],[76.349,9.8393],[76.3487,9.8393],[76.3487,9.8401],[76.349,9.8401],[76.349,9.8404],[76.3499,9.8404],[76.3499,9.841],[76.3501,9.841],[76.3501,9.8413],[76.3507,9.8413],[76.3507,9.8415],[76.351,9.8415],[76.351,9.8418],[76.3512,9.8418],[76.3512,9.8421],[76.3515,9.8421],[76.3515,9.8426],[76.3518,9.8426],[76.3518,9.844],[76.3515,9.844],[76.3515,9.8449],[76.3512,9.8449],[76.3512,9.846],[76.3514,9.846],[76.3515,9.846],[76.3515,9.8465],[76.3518,9.8465],[76.3518,9.8476],[76.3515,9.8476],[76.3515,9.8482],[76.3518,9.8482],[76.3518,9.8496],[76.3521,9.8496],[76.3521,9.8499],[76.3518,9.8499],[76.3518,9.8501],[76.3521,9.8501],[76.3521,9.8524],[76.3524,9.8524],[76.3524,9.8529],[76.3526,9.8529],[76.3526,9.8538],[76.3529,9.8538],[76.3529,9.8546],[76.3526,9.8546],[76.3526,9.8557],[76.3524,9.8557],[76.3524,9.8576],[76.3521,9.8576],[76.3521,9.8582],[76.3518,9.8582],[76.3518,9.8588],[76.3515,9.8588],[76.3515,9.8593],[76.3512,9.8593],[76.3512,9.8596],[76.3507,9.8596],[76.3507,9.8599],[76.3504,9.8599],[76.3504,9.8601],[76.3501,9.8601],[76.3501,9.8604],[76.3499,9.8604],[76.3499,9.8607],[76.3487,9.8607],[76.3487,9.861],[76.3482,9.861],[76.3482,9.8618],[76.3485,9.8618],[76.3485,9.8621],[76.3487,9.8621],[76.3487,9.8626],[76.349,9.8626],[76.349,9.8632],[76.3493,9.8632],[76.3493,9.864],[76.349,9.864],[76.349,9.8657],[76.3493,9.8657],[76.3493,9.8668],[76.349,9.8668],[76.349,9.8671],[76.3485,9.8671],[76.3485,9.8674],[76.3479,9.8674],[76.3479,9.8679],[76.3476,9.8679],[76.3476,9.8682],[76.3474,9.8682],[76.3474,9.8693],[76.3471,9.8693],[76.3471,9.8696],[76.3474,9.8696],[76.3474,9.8701],[76.3476,9.8701],[76.3476,9.8707],[76.3479,9.8707],[76.3479,9.8715],[76.3482,9.8715],[76.3482,9.8726],[76.3485,9.8726],[76.3485,9.8735],[76.3487,9.8735],[76.3487,9.8743],[76.3493,9.8743],[76.3493,9.8746],[76.3496,9.8746]]],[[[76.3085,9.9215],[76.3085,9.9213],[76.3087,9.9213],[76.3087,9.9207],[76.309,9.9207],[76.309,9.9204],[76.3093,9.9204],[76.3093,9.9199],[76.3096,9.9199],[76.3096,9.9193],[76.3099,9.9193],[76.3099,9.9187],[76.3101,9.9187],[76.3101,9.9176],[76.3104,9.9176],[76.3104,9.9171],[76.3107,9.9171],[76.3107,9.9168],[76.311,9.9168],[76.311,9.9165],[76.3112,9.9165],[76.3112,9.9162],[76.3115,9.9162],[76.3115,9.916],[76.3118,9.916],[76.3118,9.9157],[76.3124,9.9157],[76.3124,9.9154],[76.3126,9.9154],[76.3126,9.9126],[76.3124,9.9126],[76.3124,9.9121],[76.3121,9.9121],[76.3121,9.9115],[76.3118,9.9115],[76.3118,9.911],[76.3115,9.911],[76.3115,9.9104],[76.3112,9.9104],[76.3112,9.9099],[76.311,9.9099],[76.311,9.909],[76.3112,9.909],[76.3112,9.9082],[76.3115,9.9082],[76.3115,9.9079],[76.3118,9.9079],[76.3118,9.9076],[76.3121,9.9076],[76.3121,9.9074],[76.3124,9.9074],[76.3124,9.9071],[76.3126,9.9071],[76.3126,9.9068],[76.3129,9.9068],[76.3129,9.9065],[76.3132,9.9065],[76.3132,9.9063],[76.3138,9.9063],[76.3138,9.906],[76.314,9.906],[76.314,9.9057],[76.3143,9.9057],[76.3143,9.9054],[76.3146,9.9054],[76.3146,9.9051],[76.3151,9.9051],[76.3151,9.9049],[76.3154,9.9049],[76.3154,9.9046],[76.3157,9.9046],[76.3157,9.9043],[76.316,9.9043],[76.316,9.904],[76.3162,9.904],[76.3162,9.9035],[76.3165,9.9035],[76.3165,9.9032],[76.3168,9.9032],[76.3168,9.9029],[76.3171,9.9029],[76.3171,9.9021],[76.3168,9.9021],[76.3168,9.9007],[76.3165,9.9007],[76.3165,9.9001],[76.3162,9.9001],[76.3162,9.8996],[76.316,9.8996],[76.316,9.899],[76.3157,9.899],[76.3157,9.8982],[76.3154,9.8982],[76.3154,9.8965],[76.3157,9.8965],[76.3157,9.8951],[76.316,9.8951],[76.316,9.8946],[76.3163,9.8946],[76.3163,9.894],[76.3165,9.894],[76.3165,9.8935],[76.3168,9.8935],[76.3168,9.8926],[76.3171,9.8926],[76.3171,9.8915],[76.3174,9.8915],[76.3174,9.8904],[76.3176,9.8904],[76.3176,9.8868],[76.3174,9.8868],[76.3174,9.8865],[76.316,9.8865],[76.316,9.8868],[76.3146,9.8868],[76.3146,9.8871],[76.3135,9.8871],[76.3135,9.8874],[76.3123,9.8874],[76.3104,9.8874],[76.3104,9.8876],[76.3101,9.8876],[76.3101,9.8882],[76.3099,9.8882],[76.3099,9.8885],[76.3096,9.8885],[76.3096,9.8888],[76.3093,9.8887],[76.3093,9.8899],[76.309,9.8899],[76.309,9.8907],[76.3087,9.8907],[76.3087,9.8915],[76.3085,9.8915],[76.3085,9.8921],[76.3082,9.8921],[76.3082,9.8929],[76.3079,9.8929],[76.3079,9.8938],[76.3076,9.8938],[76.3076,9.8948],[76.3076,9.8954],[76.3074,9.8954],[76.3074,9.8971],[76.3071,9.8971],[76.3071,9.8976],[76.3068,9.8976],[76.3068,9.8982],[76.3065,9.8982],[76.3065,9.899],[76.3063,9.899],[76.3063,9.8996],[76.306,9.8996],[76.306,9.9001],[76.3057,9.9001],[76.3057,9.901],[76.3054,9.901],[76.3054,9.9013],[76.3051,9.9013],[76.3051,9.9018],[76.3049,9.9018],[76.3049,9.9024],[76.3046,9.9024],[76.3046,9.9029],[76.3043,9.9029],[76.3043,9.904],[76.3046,9.904],[76.3046,9.9051],[76.3049,9.9051],[76.3049,9.9063],[76.3046,9.9063],[76.3046,9.9068],[76.3043,9.9068],[76.3043,9.9088],[76.3046,9.9087],[76.3046,9.9099],[76.3049,9.9099],[76.3049,9.911],[76.3051,9.911],[76.3051,9.9121],[76.3054,9.9121],[76.3054,9.9135],[76.3057,9.9135],[76.3057,9.9146],[76.3054,9.9146],[76.3054,9.9151],[76.3051,9.9151],[76.3051,9.916],[76.3049,9.916],[76.3049,9.9179],[76.3046,9.9179],[76.3046,9.9196],[76.3049,9.9196],[76.3049,9.9199],[76.3051,9.9199],[76.3051,9.9201],[76.3054,9.9201],[76.3054,9.9204],[76.3057,9.9204],[76.3057,9.9207],[76.306,9.9207],[76.306,9.921],[76.3068,9.921],[76.3068,9.9213],[76.3076,9.9213],[76.3076,9.9215],[76.3085,9.9215]]],[[[76.2607,9.9707],[76.2607,9.9704],[76.2621,9.9704],[76.2621,9.9701],[76.2629,9.9701],[76.2629,9.9698],[76.2646,9.9699],[76.2646,9.9696],[76.2649,9.9696],[76.2649,9.9693],[76.266,9.9693],[76.266,9.969],[76.2663,9.969],[76.2663,9.9693],[76.2671,9.9693],[76.2671,9.969],[76.2676,9.969],[76.2676,9.9688],[76.2678,9.9688],[76.2688,9.9688],[76.2688,9.9685],[76.2693,9.9685],[76.2693,9.9682],[76.2701,9.9682],[76.2701,9.9679],[76.2715,9.9679],[76.2715,9.9676],[76.2718,9.9676],[76.2718,9.9674],[76.2724,9.9674],[76.2724,9.9668],[76.2726,9.9668],[76.2726,9.9665],[76.2729,9.9665],[76.2729,9.9663],[76.2749,9.9663],[76.2749,9.9654],[76.2751,9.9654],[76.2751,9.9646],[76.2754,9.9646],[76.2754,9.9635],[76.2757,9.9635],[76.2757,9.9632],[76.2763,9.9632],[76.2763,9.9624],[76.2768,9.9624],[76.2768,9.9621],[76.2771,9.9621],[76.2771,9.9613],[76.2774,9.9613],[76.2774,9.9607],[76.2776,9.9607],[76.2776,9.9604],[76.2779,9.9604],[76.2779,9.9599],[76.2782,9.9599],[76.2782,9.9593],[76.2785,9.9593],[76.2785,9.9588],[76.2787,9.9588],[76.2787,9.9582],[76.279,9.9582],[76.279,9.9579],[76.2793,9.9579],[76.2793,9.9574],[76.2796,9.9574],[76.2796,9.9571],[76.2799,9.9571],[76.2799,9.9568],[76.2804,9.9568],[76.2804,9.9563],[76.2807,9.9563],[76.2807,9.9546],[76.2801,9.9546],[76.2801,9.9543],[76.2804,9.9543],[76.2804,9.9537],[76.2815,9.9537],[76.2815,9.9532],[76.2818,9.9532],[76.2818,9.9526],[76.2821,9.9526],[76.2821,9.9521],[76.2824,9.9521],[76.2824,9.9518],[76.2826,9.9518],[76.2826,9.9513],[76.2829,9.9513],[76.2829,9.9507],[76.2832,9.9507],[76.2832,9.9501],[76.2835,9.9501],[76.2835,9.9496],[76.2838,9.9496],[76.2838,9.949],[76.284,9.949],[76.284,9.9482],[76.2843,9.9482],[76.2843,9.9476],[76.2846,9.9476],[76.2846,9.9468],[76.2849,9.9468],[76.2849,9.9463],[76.2851,9.9463],[76.2851,9.9457],[76.2854,9.9457],[76.2854,9.9449],[76.2857,9.9449],[76.2857,9.9443],[76.286,9.9443],[76.286,9.9435],[76.2862,9.9435],[76.2862,9.9429],[76.2865,9.9429],[76.2865,9.9424],[76.2868,9.9424],[76.2868,9.9418],[76.2871,9.9418],[76.2871,9.9412],[76.2874,9.9412],[76.2874,9.9407],[76.2876,9.9407],[76.2876,9.9401],[76.2879,9.9401],[76.2879,9.9396],[76.2882,9.9396],[76.2882,9.939],[76.2885,9.939],[76.2885,9.9385],[76.2887,9.9385],[76.2887,9.9379],[76.289,9.9379],[76.289,9.9376],[76.2893,9.9376],[76.2893,9.9374],[76.2896,9.9374],[76.2896,9.9368],[76.2899,9.9368],[76.2899,9.9363],[76.2901,9.9363],[76.2901,9.9357],[76.2904,9.9357],[76.2904,9.9351],[76.2907,9.9351],[76.2907,9.9346],[76.291,9.9346],[76.291,9.934],[76.2913,9.934],[76.2913,9.9335],[76.2915,9.9335],[76.2915,9.9329],[76.2918,9.9329],[76.2918,9.9321],[76.2921,9.9321],[76.2921,9.9315],[76.2923,9.9315],[76.2924,9.9315],[76.2924,9.931],[76.2926,9.931],[76.2926,9.9301],[76.2929,9.9301],[76.2929,9.9296],[76.2932,9.9296],[76.2932,9.9288],[76.2935,9.9288],[76.2935,9.9282],[76.2937,9.9282],[76.2937,9.9276],[76.294,9.9276],[76.294,9.9257],[76.2932,9.9257],[76.2932,9.9254],[76.2929,9.9254],[76.2929,9.9257],[76.2921,9.9257],[76.2921,9.926],[76.2917,9.926],[76.291,9.926],[76.291,9.9263],[76.2901,9.9263],[76.2901,9.9265],[76.2893,9.9265],[76.2893,9.9268],[76.2885,9.9268],[76.2885,9.9271],[76.2879,9.9271],[76.2879,9.9274],[76.2871,9.9274],[76.2871,9.9276],[76.2865,9.9276],[76.2865,9.9279],[76.2857,9.9279],[76.2857,9.9282],[76.2853,9.9282],[76.2851,9.9282],[76.2851,9.9285],[76.2843,9.9285],[76.2843,9.9288],[76.2838,9.9288],[76.2838,9.929],[76.2829,9.929],[76.2829,9.9293],[76.2824,9.9293],[76.2824,9.9296],[76.2815,9.9296],[76.2815,9.9299],[76.281,9.9299],[76.281,9.9301],[76.2801,9.9301],[76.2801,9.9304],[76.2796,9.9304],[76.2796,9.9307],[76.2787,9.9307],[76.2787,9.931],[76.2782,9.931],[76.2782,9.9313],[76.2776,9.9313],[76.2776,9.9315],[76.2771,9.9315],[76.2771,9.9318],[76.2768,9.9318],[76.2768,9.9321],[76.2763,9.9321],[76.2763,9.9324],[76.276,9.9324],[76.276,9.9326],[76.2751,9.9326],[76.2751,9.9329],[76.275,9.9329],[76.2746,9.9329],[76.2746,9.9332],[76.274,9.9332],[76.274,9.9335],[76.2735,9.9335],[76.2735,9.9338],[76.2732,9.9337],[76.2732,9.934],[76.2724,9.934],[76.2724,9.9343],[76.2718,9.9343],[76.2718,9.9346],[76.2715,9.9346],[76.2715,9.9349],[76.2712,9.9349],[76.2712,9.9351],[76.271,9.9351],[76.271,9.9354],[76.2707,9.9354],[76.2707,9.9357],[76.2704,9.9357],[76.2704,9.9363],[76.2701,9.9363],[76.2701,9.9365],[76.2699,9.9365],[76.2699,9.9368],[76.2696,9.9368],[76.2696,9.9371],[76.2693,9.9371],[76.2693,9.9374],[76.269,9.9374],[76.269,9.9379],[76.2688,9.9379],[76.2688,9.9382],[76.2685,9.9382],[76.2685,9.9385],[76.2682,9.9385],[76.2682,9.9388],[76.2679,9.9388],[76.2679,9.939],[76.2676,9.939],[76.2676,9.9393],[76.2674,9.9393],[76.2674,9.9399],[76.2671,9.9399],[76.2671,9.941],[76.2668,9.941],[76.2668,9.9429],[76.2671,9.9429],[76.2671,9.9437],[76.2674,9.9437],[76.2674,9.9443],[76.2671,9.9443],[76.2671,9.9446],[76.2668,9.9446],[76.2668,9.9449],[76.2665,9.9449],[76.2665,9.9454],[76.2663,9.9454],[76.2663,9.946],[76.266,9.946],[76.266,9.9468],[76.2657,9.9468],[76.2657,9.9482],[76.266,9.9482],[76.266,9.949],[76.2663,9.949],[76.2663,9.9492],[76.2663,9.9501],[76.2665,9.9501],[76.2665,9.9521],[76.2663,9.9521],[76.2663,9.9535],[76.266,9.9535],[76.266,9.9551],[76.2657,9.9551],[76.2657,9.9557],[76.266,9.9557],[76.266,9.9574],[76.2657,9.9574],[76.2657,9.9576],[76.266,9.9576],[76.266,9.9579],[76.2657,9.9579],[76.2657,9.9585],[76.2654,9.9585],[76.2654,9.9599],[76.2651,9.9599],[76.2651,9.9615],[76.2649,9.9615],[76.2649,9.9621],[76.2646,9.9621],[76.2646,9.9624],[76.2643,9.9624],[76.2643,9.9629],[76.2637,9.9629],[76.2637,9.9635],[76.2635,9.9635],[76.2635,9.9638],[76.2629,9.9638],[76.2629,9.9643],[76.2624,9.9643],[76.2624,9.9646],[76.2615,9.9646],[76.2615,9.9649],[76.2613,9.9649],[76.2613,9.9651],[76.261,9.9651],[76.261,9.9654],[76.2604,9.9654],[76.2604,9.9657],[76.2601,9.9657],[76.2601,9.966],[76.2596,9.966],[76.2596,9.9663],[76.2593,9.9663],[76.2593,9.9665],[76.259,9.9665],[76.259,9.9671],[76.2588,9.9671],[76.2588,9.9674],[76.2585,9.9674],[76.2585,9.9676],[76.2582,9.9676],[76.2582,9.9679],[76.2579,9.9679],[76.2579,9.9682],[76.2576,9.9682],[76.2576,9.969],[76.2579,9.969],[76.2579,9.9696],[76.2582,9.9696],[76.2582,9.9704],[76.2588,9.9704],[76.2588,9.9707],[76.2607,9.9707]]],[[[76.2724,9.9729],[76.2724,9.9721],[76.2726,9.9721],[76.2726,9.9718],[76.2724,9.9718],[76.2724,9.9715],[76.2718,9.9715],[76.2718,9.9712],[76.271,9.9712],[76.271,9.971],[76.2696,9.971],[76.2696,9.9712],[76.2693,9.9712],[76.2693,9.9718],[76.269,9.9718],[76.269,9.9721],[76.2688,9.9721],[76.2688,9.9726],[76.2701,9.9726],[76.2701,9.9724],[76.271,9.9724],[76.271,9.9726],[76.2715,9.9726],[76.2715,9.9729],[76.2724,9.9729]]],[[[76.2443,9.981],[76.2443,9.9785],[76.244,9.9785],[76.244,9.9782],[76.2432,9.9782],[76.2432,9.9785],[76.2429,9.9785],[76.2429,9.9796],[76.2432,9.9796],[76.2432,9.9804],[76.2435,9.9804],[76.2435,9.9807],[76.2438,9.9807],[76.2438,9.981],[76.2443,9.981]]],[[[76.2682,10.0029],[76.2682,10.0026],[76.2685,10.0026],[76.2685,10.0021],[76.2688,10.0021],[76.2688,10.0015],[76.269,10.0015],[76.269,10.0013],[76.2693,10.0013],[76.2693,10.001],[76.2696,10.001],[76.2696,10.0004],[76.2699,10.0004],[76.2699,9.9999],[76.2699,9.9987],[76.2696,9.9988],[76.2696,9.9979],[76.2693,9.9979],[76.2693,9.9971],[76.269,9.9971],[76.269,9.9968],[76.2682,9.9968],[76.2682,9.9971],[76.2679,9.9971],[76.2679,9.9999],[76.2676,9.9999],[76.2676,10.0002],[76.2674,10.0002],[76.2674,10.0013],[76.2671,10.0013],[76.2671,10.0015],[76.2668,10.0015],[76.2668,10.0026],[76.2674,10.0026],[76.2674,10.0029],[76.2682,10.0029]]],[[[76.2418,10.0143],[76.2418,10.014],[76.2421,10.014],[76.2421,10.0138],[76.2426,10.0138],[76.2426,10.0135],[76.2432,10.0135],[76.2432,10.0132],[76.2438,10.0132],[76.2438,10.0124],[76.244,10.0124],[76.244,10.0121],[76.2443,10.0121],[76.2443,10.0118],[76.2446,10.0118],[76.2446,10.0107],[76.2449,10.0107],[76.2449,10.0104],[76.2451,10.0104],[76.2451,10.0101],[76.2457,10.0101],[76.2457,10.0099],[76.2462,10.0099],[76.2462,10.0096],[76.2468,10.0096],[76.2468,10.0093],[76.2479,10.0093],[76.2479,10.009],[76.2482,10.009],[76.2482,10.0087],[76.2487,10.0087],[76.2487,10.0085],[76.249,10.0085],[76.249,10.0082],[76.2499,10.0082],[76.2499,10.0079],[76.2507,10.0079],[76.2507,10.0074],[76.251,10.0074],[76.251,10.0071],[76.2515,10.0071],[76.2515,10.0068],[76.2518,10.0068],[76.2518,10.0065],[76.2524,10.0065],[76.2524,10.0063],[76.2526,10.0063],[76.2526,10.006],[76.2532,10.006],[76.2532,10.0049],[76.2535,10.0049],[76.2535,10.0026],[76.2537,10.0026],[76.2537,10.0013],[76.254,10.0013],[76.254,10.0007],[76.2543,10.0007],[76.2543,10.0004],[76.2546,10.0004],[76.2546,9.9999],[76.2546,9.9996],[76.2549,9.9996],[76.2549,9.999],[76.2551,9.999],[76.2551,9.9985],[76.2554,9.9985],[76.2554,9.9979],[76.2557,9.9979],[76.2557,9.9974],[76.256,9.9974],[76.256,9.9965],[76.2562,9.9965],[76.2562,9.996],[76.2565,9.996],[76.2565,9.9954],[76.2568,9.9954],[76.2568,9.9946],[76.2571,9.9946],[76.2571,9.9943],[76.2568,9.9943],[76.2568,9.994],[76.2571,9.994],[76.2571,9.9937],[76.2574,9.9938],[76.2574,9.9924],[76.2576,9.9924],[76.2576,9.9921],[76.2579,9.9921],[76.2579,9.9913],[76.2582,9.9913],[76.2582,9.991],[76.2585,9.991],[76.2585,9.9901],[76.2588,9.9901],[76.2588,9.9896],[76.2585,9.9896],[76.2585,9.9871],[76.2588,9.9871],[76.2588,9.9854],[76.259,9.9854],[76.259,9.984],[76.2593,9.984],[76.2593,9.9832],[76.2596,9.9832],[76.2596,9.9826],[76.2599,9.9826],[76.2599,9.9824],[76.2601,9.9824],[76.2601,9.9815],[76.2599,9.9815],[76.2599,9.981],[76.2596,9.981],[76.2596,9.9807],[76.259,9.9807],[76.259,9.9804],[76.2585,9.9804],[76.2585,9.9801],[76.2582,9.9801],[76.2582,9.9799],[76.2576,9.9799],[76.2576,9.9796],[76.2571,9.9796],[76.2571,9.9793],[76.2565,9.9793],[76.2565,9.979],[76.256,9.979],[76.256,9.9788],[76.2551,9.9788],[76.2551,9.9785],[76.2546,9.9785],[76.2546,9.9782],[76.2538,9.9782],[76.2538,9.9776],[76.2532,9.9776],[76.2532,9.9774],[76.2526,9.9774],[76.2526,9.9771],[76.2521,9.9771],[76.2521,9.9768],[76.2515,9.9768],[76.2515,9.9765],[76.2507,9.9765],[76.2507,9.9762],[76.2496,9.9762],[76.2496,9.976],[76.2482,9.976],[76.2482,9.9762],[76.2474,9.9762],[76.2474,9.9765],[76.2465,9.9765],[76.2465,9.9771],[76.2465,9.9843],[76.2462,9.9843],[76.2462,9.9845],[76.2462,9.9871],[76.246,9.9871],[76.246,9.9882],[76.2457,9.9882],[76.2457,9.9893],[76.2454,9.9893],[76.2454,9.9904],[76.2451,9.9904],[76.2451,9.9913],[76.2449,9.9913],[76.2449,9.9918],[76.2446,9.9918],[76.2446,9.9926],[76.2443,9.9926],[76.2443,9.9936],[76.2443,9.9946],[76.244,9.9946],[76.244,9.9957],[76.2437,9.9957],[76.2437,9.9968],[76.2435,9.9968],[76.2435,9.9976],[76.2432,9.9976],[76.2432,9.9985],[76.2435,9.9985],[76.2435,9.9999],[76.2435,10.0002],[76.2437,10.0002],[76.2437,10.0004],[76.244,10.0004],[76.244,10.001],[76.2437,10.001],[76.2437,10.0015],[76.2435,10.0015],[76.2435,10.0037],[76.2437,10.0037],[76.2437,10.004],[76.2435,10.004],[76.2435,10.0043],[76.2432,10.0043],[76.2432,10.0046],[76.2429,10.0046],[76.2429,10.0049],[76.2426,10.0049],[76.2426,10.0051],[76.2424,10.0051],[76.2424,10.0054],[76.2421,10.0054],[76.2421,10.006],[76.2418,10.006],[76.2418,10.0063],[76.2415,10.0063],[76.2415,10.0068],[76.2412,10.0068],[76.2412,10.0079],[76.241,10.0079],[76.241,10.0099],[76.2407,10.0099],[76.2407,10.0113],[76.2404,10.0113],[76.2404,10.0118],[76.2401,10.0118],[76.2401,10.0129],[76.2399,10.0129],[76.2399,10.014],[76.2401,10.014],[76.2401,10.0143],[76.2407,10.0143],[76.2407,10.014],[76.2412,10.014],[76.2412,10.0143],[76.2418,10.0143]]],[[[76.2529,10.0171],[76.2529,10.0138],[76.2535,10.0138],[76.2535,10.0135],[76.2538,10.0135],[76.2538,10.0129],[76.2535,10.0129],[76.2535,10.0126],[76.2537,10.0126],[76.2537,10.0124],[76.2518,10.0124],[76.2518,10.0132],[76.2513,10.0132],[76.2513,10.0135],[76.251,10.0135],[76.251,10.0138],[76.2504,10.0138],[76.2504,10.0143],[76.2515,10.0143],[76.2515,10.014],[76.2521,10.014],[76.2521,10.0152],[76.2518,10.0152],[76.2518,10.0163],[76.2521,10.0162],[76.2521,10.0171],[76.2529,10.0171]]],[[[76.2618,10.0299],[76.2618,10.0293],[76.2615,10.0293],[76.2615,10.029],[76.2613,10.029],[76.2613,10.0288],[76.261,10.0288],[76.261,10.0285],[76.2604,10.0285],[76.2604,10.0274],[76.2601,10.0274],[76.2601,10.0265],[76.2596,10.0265],[76.2596,10.0257],[76.2593,10.0257],[76.2593,10.0251],[76.2582,10.0251],[76.2582,10.0257],[76.2585,10.0257],[76.2585,10.0271],[76.2588,10.0271],[76.2588,10.0276],[76.259,10.0276],[76.259,10.0282],[76.2593,10.0282],[76.2593,10.0288],[76.2596,10.0288],[76.2596,10.0293],[76.2599,10.0293],[76.2599,10.0296],[76.2604,10.0296],[76.2604,10.0299],[76.2618,10.0299]]],[[[76.266,10.0307],[76.266,10.0301],[76.2657,10.0301],[76.2657,10.0279],[76.266,10.0279],[76.266,10.0271],[76.2663,10.0271],[76.2663,10.0265],[76.2665,10.0265],[76.2665,10.026],[76.2668,10.026],[76.2668,10.0254],[76.2671,10.0254],[76.2671,10.0229],[76.2657,10.0229],[76.2657,10.0226],[76.264,10.0226],[76.264,10.0224],[76.2626,10.0224],[76.2626,10.0218],[76.2632,10.0218],[76.2632,10.0215],[76.2635,10.0215],[76.2635,10.021],[76.2637,10.021],[76.2637,10.0207],[76.264,10.0207],[76.264,10.0204],[76.2643,10.0204],[76.2643,10.0199],[76.2646,10.0199],[76.2646,10.0196],[76.2649,10.0196],[76.2649,10.0193],[76.2651,10.0193],[76.2651,10.0188],[76.2649,10.0188],[76.2649,10.0185],[76.2626,10.0185],[76.2626,10.0188],[76.2621,10.0188],[76.2621,10.019],[76.2618,10.019],[76.2618,10.0193],[76.2615,10.0193],[76.2615,10.0199],[76.2613,10.0199],[76.2613,10.0201],[76.2607,10.0201],[76.2607,10.0204],[76.2604,10.0204],[76.2604,10.0207],[76.2599,10.0207],[76.2599,10.021],[76.259,10.021],[76.259,10.0215],[76.2588,10.0215],[76.2588,10.0218],[76.2585,10.0218],[76.2585,10.0224],[76.2582,10.0224],[76.2582,10.0229],[76.2579,10.0229],[76.2579,10.0237],[76.2582,10.0237],[76.2582,10.0243],[76.259,10.0243],[76.259,10.0246],[76.2593,10.0246],[76.2593,10.0249],[76.2599,10.0249],[76.2599,10.0251],[76.2601,10.0251],[76.2601,10.0254],[76.2604,10.0254],[76.2604,10.0257],[76.2607,10.0257],[76.2607,10.0274],[76.2613,10.0274],[76.2613,10.0276],[76.2615,10.0276],[76.2615,10.0282],[76.2618,10.0282],[76.2618,10.0288],[76.2624,10.0288],[76.2624,10.029],[76.2626,10.029],[76.2626,10.0293],[76.2624,10.0293],[76.2624,10.0296],[76.2621,10.0296],[76.2621,10.0301],[76.2618,10.0301],[76.2618,10.0304],[76.2657,10.0304],[76.2657,10.0307],[76.266,10.0307]]],[[[76.2399,10.1024],[76.2399,10.1021],[76.2401,10.1021],[76.2401,10.1018],[76.2407,10.1018],[76.2407,10.1015],[76.2412,10.1015],[76.2412,10.1013],[76.2415,10.1013],[76.2415,10.101],[76.2421,10.101],[76.2421,10.1007],[76.2426,10.1007],[76.2426,10.0996],[76.2429,10.0996],[76.2429,10.0993],[76.2432,10.0993],[76.2432,10.099],[76.2435,10.099],[76.2435,10.0988],[76.2437,10.0988],[76.2437,10.0985],[76.2446,10.0985],[76.2446,10.0982],[76.2449,10.0982],[76.2449,10.0979],[76.2451,10.0979],[76.2451,10.0976],[76.2454,10.0976],[76.2454,10.0974],[76.246,10.0974],[76.246,10.0971],[76.2462,10.0971],[76.2462,10.0968],[76.2465,10.0968],[76.2465,10.096],[76.2468,10.096],[76.2468,10.0951],[76.2471,10.0951],[76.2471,10.0946],[76.2474,10.0946],[76.2474,10.094],[76.2476,10.094],[76.2476,10.0935],[76.2479,10.0935],[76.2479,10.0929],[76.2482,10.0929],[76.2482,10.0907],[76.2476,10.0907],[76.2476,10.0913],[76.2474,10.0913],[76.2474,10.0918],[76.2471,10.0918],[76.2471,10.0924],[76.2468,10.0924],[76.2468,10.0929],[76.2465,10.0929],[76.2465,10.0932],[76.2462,10.0932],[76.2462,10.0938],[76.246,10.0938],[76.246,10.0949],[76.2454,10.0949],[76.2454,10.0957],[76.2451,10.0957],[76.2451,10.0965],[76.2437,10.0965],[76.2437,10.0968],[76.2435,10.0968],[76.2435,10.0974],[76.2426,10.0974],[76.2426,10.0971],[76.2424,10.0971],[76.2424,10.0968],[76.2418,10.0968],[76.2418,10.0918],[76.2404,10.0918],[76.2404,10.0929],[76.2407,10.0929],[76.2407,10.0949],[76.2404,10.0949],[76.2404,10.0957],[76.2401,10.0957],[76.2401,10.0962],[76.2404,10.0962],[76.2404,10.0968],[76.2407,10.0968],[76.2407,10.0974],[76.2421,10.0974],[76.2421,10.0976],[76.2432,10.0976],[76.2432,10.0979],[76.2426,10.0979],[76.2426,10.0982],[76.2421,10.0982],[76.2421,10.0985],[76.2393,10.0985],[76.2393,10.0988],[76.239,10.0988],[76.239,10.0993],[76.2387,10.0993],[76.2387,10.0996],[76.239,10.0996],[76.239,10.0999],[76.2387,10.0999],[76.2387,10.1004],[76.2385,10.1004],[76.2385,10.101],[76.2382,10.101],[76.2382,10.1013],[76.2379,10.1013],[76.2379,10.1018],[76.2385,10.1018],[76.2385,10.1021],[76.239,10.1021],[76.239,10.1024],[76.2399,10.1024]]],[[[76.0521,10.5354],[76.0521,10.5346],[76.0518,10.5346],[76.0518,10.534],[76.0515,10.534],[76.0515,10.5338],[76.0507,10.5338],[76.0507,10.5335],[76.0504,10.5335],[76.0504,10.5338],[76.0493,10.5338],[76.0493,10.5343],[76.0496,10.5343],[76.0496,10.5346],[76.0499,10.5346],[76.0499,10.5349],[76.0501,10.5349],[76.0501,10.5351],[76.0507,10.5351],[76.0507,10.5354],[76.0521,10.5354]]],[[[76.051,10.539],[76.051,10.5387],[76.0512,10.5387],[76.0512,10.5379],[76.0515,10.5379],[76.0515,10.5374],[76.0512,10.5374],[76.0512,10.5365],[76.0507,10.5365],[76.0507,10.5363],[76.0499,10.5363],[76.0499,10.536],[76.0493,10.536],[76.0493,10.5371],[76.049,10.5371],[76.049,10.5379],[76.0496,10.5379],[76.0496,10.539],[76.051,10.539]]],[[[75.8382,11.1343],[75.8382,11.134],[75.8385,11.134],[75.8385,11.1337],[75.8382,11.1337],[75.8382,11.1331],[75.8382,11.1326],[75.8379,11.1326],[75.8379,11.1318],[75.8376,11.1318],[75.8376,11.1313],[75.8374,11.1313],[75.8374,11.1307],[75.8371,11.1307],[75.8371,11.1299],[75.8368,11.1299],[75.8368,11.1293],[75.8365,11.1293],[75.8365,11.1288],[75.8363,11.1288],[75.8363,11.1282],[75.836,11.1282],[75.836,11.1279],[75.8354,11.1279],[75.8354,11.1276],[75.8346,11.1276],[75.8346,11.1274],[75.834,11.1274],[75.834,11.1271],[75.8332,11.1271],[75.8332,11.1268],[75.8324,11.1268],[75.8324,11.1265],[75.8315,11.1265],[75.8315,11.1271],[75.8313,11.1271],[75.8313,11.1276],[75.831,11.1276],[75.831,11.129],[75.8304,11.129],[75.8304,11.1293],[75.8301,11.1293],[75.8301,11.1299],[75.8315,11.1299],[75.8315,11.1304],[75.8324,11.1304],[75.8324,11.1307],[75.8326,11.1307],[75.8326,11.1313],[75.8329,11.1313],[75.8329,11.1315],[75.8332,11.1315],[75.8332,11.1318],[75.8335,11.1318],[75.8335,11.1321],[75.8337,11.1321],[75.8337,11.1324],[75.8343,11.1324],[75.8343,11.1329],[75.8349,11.1329],[75.8349,11.1332],[75.8351,11.1332],[75.8351,11.1335],[75.8357,11.1335],[75.8357,11.1337],[75.8363,11.1337],[75.8363,11.134],[75.8374,11.134],[75.8374,11.1343],[75.8382,11.1343]]],[[[75.8112,11.1618],[75.8112,11.1615],[75.8115,11.1615],[75.8115,11.1607],[75.8112,11.1607],[75.8112,11.1596],[75.811,11.1596],[75.811,11.1593],[75.8101,11.1593],[75.8101,11.1604],[75.8104,11.1604],[75.8104,11.1615],[75.811,11.1615],[75.811,11.1618],[75.8112,11.1618]]],[[[75.3662,11.9421],[75.3662,11.9418],[75.366,11.9418],[75.366,11.9407],[75.3657,11.9407],[75.3657,11.9404],[75.3654,11.9404],[75.3654,11.9401],[75.3651,11.9401],[75.3651,11.9399],[75.3649,11.9399],[75.3649,11.9393],[75.3646,11.9393],[75.3646,11.939],[75.3643,11.939],[75.3643,11.9385],[75.364,11.9385],[75.364,11.9379],[75.3637,11.9379],[75.3637,11.939],[75.364,11.939],[75.364,11.9393],[75.3643,11.9393],[75.3643,11.9401],[75.3646,11.9401],[75.3646,11.9407],[75.3651,11.9407],[75.3651,11.9418],[75.3654,11.9418],[75.3654,11.9424],[75.3657,11.9424],[75.3657,11.9421],[75.366,11.9421],[75.366,11.9424],[75.3662,11.9424],[75.3662,11.9432],[75.3665,11.9432],[75.3665,11.9435],[75.3668,11.9435],[75.3668,11.9421],[75.3662,11.9421]]],[[[75.3679,11.9435],[75.3679,11.9424],[75.3682,11.9424],[75.3682,11.9418],[75.3685,11.9418],[75.3685,11.9412],[75.3682,11.9412],[75.3682,11.9404],[75.3679,11.9404],[75.3679,11.9396],[75.3674,11.9396],[75.3674,11.939],[75.3671,11.939],[75.3671,11.9382],[75.3665,11.9382],[75.3665,11.9379],[75.3662,11.9379],[75.3662,11.9374],[75.366,11.9374],[75.366,11.9371],[75.3657,11.9371],[75.3657,11.9368],[75.3651,11.9368],[75.3651,11.9362],[75.3649,11.9362],[75.3649,11.936],[75.3643,11.936],[75.3643,11.9371],[75.3646,11.9371],[75.3646,11.9379],[75.3649,11.9379],[75.3649,11.9388],[75.3654,11.9388],[75.3654,11.9393],[75.3657,11.9393],[75.3657,11.9399],[75.366,11.9399],[75.366,11.9401],[75.3662,11.9401],[75.3662,11.9404],[75.3665,11.9404],[75.3665,11.9415],[75.3668,11.9415],[75.3668,11.9418],[75.3671,11.9418],[75.3671,11.9429],[75.3674,11.9429],[75.3674,11.9435],[75.3679,11.9435]]],[[[75.3007,11.9635],[75.3007,11.9632],[75.3012,11.9632],[75.3012,11.9629],[75.3015,11.9629],[75.3015,11.9621],[75.3018,11.9621],[75.3018,11.9615],[75.3021,11.9615],[75.3021,11.9612],[75.3024,11.9612],[75.3024,11.9596],[75.3018,11.9596],[75.3018,11.9601],[75.3015,11.9601],[75.3015,11.9604],[75.301,11.9604],[75.301,11.961],[75.3007,11.961],[75.3007,11.9615],[75.3004,11.9615],[75.3004,11.9624],[75.3001,11.9624],[75.3001,11.9629],[75.2999,11.9629],[75.2999,11.9635],[75.3007,11.9635]]],[[[75.2965,11.9685],[75.2965,11.9682],[75.2968,11.9682],[75.2968,11.9679],[75.2971,11.9679],[75.2971,11.9676],[75.2974,11.9676],[75.2974,11.9674],[75.2976,11.9674],[75.2976,11.9671],[75.2979,11.9671],[75.2979,11.9668],[75.2982,11.9668],[75.2982,11.9663],[75.2985,11.9663],[75.2985,11.9657],[75.2988,11.9657],[75.2988,11.9654],[75.2985,11.9654],[75.2985,11.9651],[75.2979,11.9651],[75.2979,11.9654],[75.2976,11.9654],[75.2976,11.9657],[75.2971,11.9657],[75.2971,11.966],[75.2968,11.966],[75.2968,11.9663],[75.2965,11.9663],[75.2965,11.9665],[75.2962,11.9665],[75.2962,11.9671],[75.2957,11.9671],[75.2957,11.9676],[75.2951,11.9676],[75.2951,11.9679],[75.2954,11.9679],[75.2954,11.9682],[75.2957,11.9682],[75.2957,11.9685],[75.2965,11.9685]]],[[[75.2854,11.9871],[75.2854,11.9868],[75.286,11.9868],[75.286,11.9865],[75.2868,11.9865],[75.2868,11.9863],[75.2874,11.9863],[75.2874,11.986],[75.2876,11.986],[75.2876,11.9856],[75.2876,11.9854],[75.2882,11.9854],[75.2882,11.9835],[75.2885,11.9835],[75.2885,11.9826],[75.2887,11.9826],[75.2887,11.9824],[75.289,11.9824],[75.289,11.9821],[75.2893,11.9821],[75.2893,11.9818],[75.2896,11.9818],[75.2896,11.9815],[75.2899,11.9815],[75.2899,11.981],[75.2901,11.981],[75.2901,11.9807],[75.2904,11.9807],[75.2904,11.9801],[75.2907,11.9801],[75.2907,11.9793],[75.291,11.9793],[75.291,11.9788],[75.2913,11.9788],[75.2913,11.9785],[75.2915,11.9785],[75.2915,11.9782],[75.2918,11.9782],[75.2918,11.9776],[75.2921,11.9776],[75.2921,11.9773],[75.2924,11.9774],[75.2924,11.9771],[75.2926,11.9771],[75.2926,11.9768],[75.2929,11.9768],[75.2929,11.9763],[75.2932,11.9763],[75.2932,11.976],[75.2935,11.976],[75.2935,11.9749],[75.2937,11.9749],[75.2937,11.9746],[75.294,11.9746],[75.294,11.974],[75.2943,11.974],[75.2943,11.9738],[75.2946,11.9738],[75.2946,11.9732],[75.2949,11.9732],[75.2949,11.9724],[75.2951,11.9724],[75.2951,11.9715],[75.2954,11.9715],[75.2954,11.971],[75.2957,11.971],[75.2957,11.9699],[75.2962,11.9699],[75.2962,11.9693],[75.2954,11.9693],[75.2954,11.9696],[75.2951,11.9696],[75.2951,11.9699],[75.2946,11.9699],[75.2946,11.9693],[75.294,11.9693],[75.294,11.9696],[75.2937,11.9696],[75.2937,11.9699],[75.2932,11.9699],[75.2932,11.9701],[75.2929,11.9701],[75.2929,11.9704],[75.2924,11.9704],[75.2924,11.9707],[75.2921,11.9707],[75.2921,11.9712],[75.2918,11.9712],[75.2918,11.9715],[75.2915,11.9715],[75.2915,11.9718],[75.2913,11.9718],[75.2913,11.9724],[75.291,11.9724],[75.291,11.9726],[75.2907,11.9726],[75.2907,11.9735],[75.2901,11.9735],[75.2901,11.974],[75.2899,11.974],[75.2899,11.9743],[75.2896,11.9743],[75.2896,11.9746],[75.2893,11.9746],[75.2893,11.9749],[75.289,11.9749],[75.289,11.9768],[75.2887,11.9768],[75.2887,11.9776],[75.2885,11.9776],[75.2885,11.9779],[75.2882,11.9779],[75.2882,11.9785],[75.2879,11.9785],[75.2879,11.9793],[75.2876,11.9793],[75.2876,11.9796],[75.2874,11.9796],[75.2874,11.9801],[75.2871,11.9801],[75.2871,11.9807],[75.2868,11.9807],[75.2868,11.9812],[75.2865,11.9812],[75.2865,11.9821],[75.286,11.9821],[75.286,11.9826],[75.2857,11.9826],[75.2857,11.9838],[75.2854,11.9838],[75.2854,11.9851],[75.2851,11.9851],[75.2851,11.9857],[75.2849,11.9857],[75.2849,11.9868],[75.2851,11.9868],[75.2851,11.9871],[75.2854,11.9871]]],[[[75.2979,12.0174],[75.2979,12.0162],[75.2976,12.0162],[75.2976,12.016],[75.2979,12.016],[75.2979,12.0157],[75.2974,12.0157],[75.2974,12.0151],[75.2971,12.0151],[75.2971,12.0146],[75.2965,12.0146],[75.2965,12.0143],[75.2962,12.0143],[75.2962,12.0138],[75.296,12.0138],[75.296,12.0135],[75.2957,12.0135],[75.2957,12.0132],[75.2951,12.0132],[75.2951,12.0129],[75.294,12.0129],[75.294,12.0126],[75.2913,12.0126],[75.2913,12.0129],[75.2901,12.0129],[75.2901,12.0132],[75.2896,12.0132],[75.2896,12.0135],[75.2893,12.0135],[75.2893,12.0138],[75.2887,12.0138],[75.2887,12.014],[75.2885,12.014],[75.2885,12.0143],[75.2879,12.0143],[75.2879,12.0154],[75.289,12.0154],[75.289,12.0151],[75.2893,12.0151],[75.2893,12.0149],[75.2899,12.0149],[75.2899,12.0146],[75.291,12.0146],[75.291,12.0143],[75.2913,12.0143],[75.2913,12.014],[75.2915,12.014],[75.2915,12.0138],[75.2924,12.0138],[75.2924,12.014],[75.2926,12.014],[75.2926,12.0157],[75.2932,12.0157],[75.2932,12.0154],[75.2943,12.0154],[75.2943,12.0157],[75.2949,12.0157],[75.2949,12.016],[75.2951,12.016],[75.2951,12.0162],[75.2957,12.0162],[75.2957,12.0165],[75.296,12.0165],[75.296,12.0171],[75.2962,12.0171],[75.2962,12.0174],[75.2979,12.0174]]],[[[75.2976,12.0238],[75.2976,12.0235],[75.2982,12.0235],[75.2982,12.0232],[75.2999,12.0232],[75.2999,12.0224],[75.2996,12.0224],[75.2996,12.0221],[75.2976,12.0221],[75.2976,12.0215],[75.2974,12.0215],[75.2974,12.0213],[75.2965,12.0213],[75.2965,12.0215],[75.296,12.0215],[75.296,12.0218],[75.2957,12.0218],[75.2957,12.0221],[75.2954,12.0221],[75.2954,12.0235],[75.2957,12.0235],[75.2957,12.0238],[75.2976,12.0238]]],[[[75.1576,12.1093],[75.1576,12.109],[75.1579,12.109],[75.1579,12.1088],[75.1582,12.1088],[75.1582,12.1085],[75.1582,12.1082],[75.1585,12.1082],[75.1585,12.1076],[75.1588,12.1076],[75.1588,12.1074],[75.1589,12.1074],[75.159,12.1074],[75.159,12.107],[75.159,12.1068],[75.1596,12.1068],[75.1596,12.1063],[75.1599,12.1063],[75.1599,12.106],[75.1604,12.106],[75.1604,12.1057],[75.1607,12.1057],[75.1607,12.1054],[75.161,12.1054],[75.161,12.1049],[75.1612,12.1049],[75.1612,12.1046],[75.1615,12.1046],[75.1615,12.104],[75.1618,12.104],[75.1618,12.1037],[75.1621,12.1038],[75.1621,12.1032],[75.1624,12.1032],[75.1624,12.1026],[75.1629,12.1026],[75.1629,12.1024],[75.1635,12.1024],[75.1635,12.1021],[75.164,12.1021],[75.164,12.1018],[75.1643,12.1018],[75.1643,12.1015],[75.1649,12.1015],[75.1649,12.1007],[75.1651,12.1007],[75.1651,12.1001],[75.1654,12.1001],[75.1654,12.099],[75.1657,12.099],[75.1657,12.0988],[75.1654,12.0988],[75.1654,12.0979],[75.1651,12.0979],[75.1651,12.0976],[75.1654,12.0976],[75.1654,12.0968],[75.1657,12.0968],[75.1657,12.0949],[75.166,12.0949],[75.166,12.0926],[75.1662,12.0926],[75.1662,12.0918],[75.1663,12.0913],[75.1664,12.0913],[75.1665,12.0913],[75.1665,12.0909],[75.1665,12.0904],[75.1662,12.0904],[75.1662,12.0893],[75.1665,12.0893],[75.1665,12.0882],[75.1668,12.0882],[75.1668,12.0879],[75.1671,12.0879],[75.1671,12.0876],[75.1676,12.0876],[75.1676,12.0868],[75.1674,12.0868],[75.1674,12.0865],[75.1676,12.0865],[75.1676,12.0857],[75.1679,12.0857],[75.1679,12.0851],[75.1682,12.0851],[75.1682,12.0849],[75.1685,12.0849],[75.1685,12.0846],[75.1687,12.0846],[75.1687,12.084],[75.169,12.084],[75.169,12.0838],[75.1693,12.0838],[75.1693,12.0832],[75.1696,12.0832],[75.1696,12.0829],[75.1699,12.0829],[75.1699,12.0821],[75.1704,12.0821],[75.1704,12.0815],[75.171,12.0815],[75.171,12.081],[75.1712,12.081],[75.1712,12.0807],[75.1718,12.0807],[75.1718,12.0799],[75.1721,12.0799],[75.1721,12.0796],[75.1724,12.0796],[75.1724,12.0787],[75.1726,12.0787],[75.1726,12.0785],[75.1729,12.0785],[75.1729,12.0779],[75.1732,12.0779],[75.1732,12.0774],[75.1738,12.0774],[75.1738,12.0768],[75.174,12.0768],[75.174,12.0765],[75.1743,12.0765],[75.1743,12.0763],[75.1746,12.0762],[75.1746,12.0746],[75.1749,12.0746],[75.1749,12.0737],[75.1746,12.0738],[75.1746,12.0733],[75.1746,12.0729],[75.1743,12.0729],[75.1743,12.0726],[75.1746,12.0726],[75.1746,12.0724],[75.1743,12.0724],[75.1743,12.0721],[75.1746,12.0721],[75.1746,12.0718],[75.1743,12.0718],[75.1743,12.0704],[75.1746,12.0704],[75.1746,12.0699],[75.1749,12.0699],[75.1749,12.0696],[75.1746,12.0696],[75.1746,12.0693],[75.1749,12.0693],[75.1749,12.0685],[75.1751,12.0685],[75.1751,12.0668],[75.1757,12.0668],[75.1757,12.066],[75.176,12.066],[75.176,12.0657],[75.1765,12.0657],[75.1765,12.0651],[75.1768,12.0651],[75.1768,12.0646],[75.1771,12.0646],[75.1771,12.064],[75.1774,12.064],[75.1774,12.0632],[75.1776,12.0632],[75.1776,12.0626],[75.1779,12.0626],[75.1779,12.0621],[75.1782,12.0621],[75.1782,12.0618],[75.1785,12.0618],[75.1785,12.0613],[75.1787,12.0613],[75.1787,12.0607],[75.1793,12.0607],[75.1793,12.0599],[75.1796,12.0599],[75.1796,12.059],[75.1799,12.059],[75.1799,12.0585],[75.1801,12.0585],[75.1801,12.0571],[75.1804,12.0571],[75.1804,12.056],[75.1807,12.056],[75.1807,12.0551],[75.181,12.0551],[75.181,12.0546],[75.1813,12.0546],[75.1813,12.0538],[75.1815,12.0538],[75.1815,12.0515],[75.1818,12.0515],[75.1818,12.0499],[75.1813,12.0499],[75.1813,12.0504],[75.181,12.0504],[75.181,12.0513],[75.1807,12.0513],[75.1807,12.0515],[75.1804,12.0515],[75.1804,12.0521],[75.1801,12.0521],[75.1801,12.0526],[75.1799,12.0526],[75.1799,12.0532],[75.1796,12.0532],[75.1796,12.0535],[75.1793,12.0535],[75.1793,12.054],[75.179,12.054],[75.179,12.0554],[75.1787,12.0554],[75.1787,12.0557],[75.1785,12.0557],[75.1785,12.0563],[75.1782,12.0563],[75.1782,12.0568],[75.1779,12.0568],[75.1779,12.0574],[75.1776,12.0574],[75.1776,12.0585],[75.1774,12.0585],[75.1774,12.059],[75.1771,12.059],[75.1771,12.0596],[75.1768,12.0596],[75.1768,12.0604],[75.1765,12.0604],[75.1765,12.0613],[75.1762,12.0613],[75.1762,12.0618],[75.176,12.0618],[75.176,12.0621],[75.1757,12.0621],[75.1757,12.0626],[75.1754,12.0626],[75.1754,12.0635],[75.1751,12.0635],[75.1751,12.0646],[75.1749,12.0646],[75.1749,12.0651],[75.1746,12.0651],[75.1746,12.0657],[75.1743,12.0657],[75.1743,12.0665],[75.174,12.0665],[75.174,12.0671],[75.1738,12.0671],[75.1738,12.0676],[75.1735,12.0676],[75.1735,12.0682],[75.1732,12.0682],[75.1732,12.0685],[75.1729,12.0685],[75.1729,12.069],[75.1726,12.069],[75.1726,12.0704],[75.1724,12.0704],[75.1724,12.0707],[75.1721,12.0707],[75.1721,12.0718],[75.1718,12.0718],[75.1718,12.0729],[75.1715,12.0729],[75.1715,12.0732],[75.1712,12.0732],[75.1712,12.0738],[75.171,12.0738],[75.171,12.0743],[75.1707,12.0743],[75.1707,12.0751],[75.1704,12.0751],[75.1704,12.076],[75.1701,12.076],[75.1701,12.0765],[75.1699,12.0765],[75.1699,12.0771],[75.1696,12.0771],[75.1696,12.0782],[75.1693,12.0782],[75.1693,12.079],[75.169,12.079],[75.169,12.0796],[75.1687,12.0796],[75.1687,12.0801],[75.1685,12.0801],[75.1685,12.0807],[75.1682,12.0807],[75.1682,12.0821],[75.1679,12.0821],[75.1679,12.0826],[75.1676,12.0826],[75.1676,12.0832],[75.1674,12.0832],[75.1674,12.0838],[75.1671,12.0838],[75.1671,12.0843],[75.1668,12.0843],[75.1668,12.0849],[75.1665,12.0849],[75.1665,12.0851],[75.1663,12.0851],[75.1663,12.086],[75.166,12.086],[75.166,12.0865],[75.1657,12.0865],[75.1657,12.0874],[75.1654,12.0874],[75.1654,12.0879],[75.1651,12.0879],[75.1651,12.0885],[75.1649,12.0885],[75.1649,12.0887],[75.1646,12.0887],[75.1646,12.0893],[75.1643,12.0893],[75.1643,12.0901],[75.164,12.0901],[75.164,12.0915],[75.1637,12.0915],[75.1637,12.0918],[75.1635,12.0918],[75.1635,12.0926],[75.1632,12.0926],[75.1632,12.0935],[75.1629,12.0935],[75.1629,12.0946],[75.1626,12.0946],[75.1626,12.0954],[75.1624,12.0954],[75.1624,12.096],[75.1621,12.096],[75.1621,12.0962],[75.1618,12.0962],[75.1618,12.0965],[75.1615,12.0965],[75.1615,12.0979],[75.1612,12.0979],[75.1612,12.0985],[75.161,12.0985],[75.161,12.099],[75.1607,12.099],[75.1607,12.0996],[75.1604,12.0996],[75.1604,12.1004],[75.1601,12.1004],[75.1601,12.101],[75.1599,12.101],[75.1599,12.1026],[75.1596,12.1026],[75.1596,12.1029],[75.1593,12.1029],[75.1593,12.104],[75.159,12.104],[75.159,12.1043],[75.1588,12.1043],[75.1588,12.1046],[75.1585,12.1046],[75.1585,12.1054],[75.1582,12.1054],[75.1582,12.106],[75.1579,12.106],[75.1579,12.1065],[75.1576,12.1065],[75.1576,12.1082],[75.1574,12.1082],[75.1574,12.109],[75.1571,12.109],[75.1571,12.1096],[75.1576,12.1096],[75.1576,12.1093]]],[[[75.1635,12.1154],[75.1635,12.1151],[75.1637,12.1151],[75.1637,12.1149],[75.1643,12.1149],[75.1643,12.1146],[75.1646,12.1146],[75.1646,12.1143],[75.1654,12.1143],[75.1654,12.1138],[75.1657,12.1138],[75.1657,12.1135],[75.1665,12.1135],[75.1665,12.1132],[75.1671,12.1132],[75.1671,12.1126],[75.1682,12.1126],[75.1682,12.1124],[75.1687,12.1124],[75.1687,12.1121],[75.169,12.1121],[75.169,12.1118],[75.1693,12.1118],[75.1693,12.1115],[75.1699,12.1115],[75.1699,12.111],[75.1701,12.111],[75.1701,12.1107],[75.1704,12.1107],[75.1704,12.1101],[75.1707,12.1101],[75.1707,12.109],[75.171,12.109],[75.171,12.1088],[75.1707,12.1088],[75.1707,12.1076],[75.1704,12.1076],[75.1704,12.1074],[75.1701,12.1074],[75.1701,12.1065],[75.1699,12.1065],[75.1699,12.1063],[75.1696,12.1063],[75.1696,12.1057],[75.1693,12.1057],[75.1693,12.1046],[75.169,12.1046],[75.169,12.1043],[75.1693,12.1043],[75.1693,12.104],[75.169,12.104],[75.169,12.1037],[75.1693,12.1038],[75.1693,12.1032],[75.1696,12.1032],[75.1696,12.1029],[75.1699,12.1029],[75.1699,12.1018],[75.1701,12.1018],[75.1701,12.1012],[75.1704,12.1012],[75.1704,12.101],[75.171,12.101],[75.171,12.1007],[75.1715,12.1007],[75.1715,12.0993],[75.1712,12.0993],[75.1712,12.0985],[75.171,12.0985],[75.171,12.0982],[75.1707,12.0982],[75.1707,12.0979],[75.1704,12.0979],[75.1704,12.0976],[75.1701,12.0976],[75.1701,12.0971],[75.1699,12.0971],[75.1699,12.0965],[75.1696,12.0965],[75.1696,12.0962],[75.1687,12.0962],[75.1687,12.096],[75.1685,12.096],[75.1685,12.0965],[75.1682,12.0965],[75.1682,12.0971],[75.1679,12.0971],[75.1679,12.0974],[75.1676,12.0974],[75.1676,12.0979],[75.1674,12.0979],[75.1674,12.0985],[75.1671,12.0985],[75.1671,12.0996],[75.1665,12.0996],[75.1665,12.1021],[75.1662,12.1021],[75.1662,12.1024],[75.166,12.1024],[75.166,12.1029],[75.1657,12.1029],[75.1657,12.1032],[75.166,12.1032],[75.166,12.1035],[75.1654,12.1035],[75.1654,12.104],[75.1649,12.104],[75.1649,12.1046],[75.1646,12.1046],[75.1646,12.1049],[75.164,12.1049],[75.164,12.1051],[75.1637,12.1051],[75.1637,12.1054],[75.1629,12.1054],[75.1629,12.106],[75.1626,12.106],[75.1626,12.1068],[75.1629,12.1068],[75.1629,12.1076],[75.1626,12.1076],[75.1626,12.1082],[75.1624,12.1082],[75.1624,12.1085],[75.1621,12.1085],[75.1621,12.109],[75.1618,12.109],[75.1618,12.1096],[75.1615,12.1096],[75.1615,12.1099],[75.1618,12.1099],[75.1618,12.1104],[75.1615,12.1104],[75.1615,12.1107],[75.1618,12.1107],[75.1618,12.1113],[75.161,12.1113],[75.161,12.111],[75.1607,12.111],[75.1607,12.1118],[75.1604,12.1118],[75.1604,12.1143],[75.1607,12.1143],[75.1607,12.1146],[75.1612,12.1146],[75.1612,12.1149],[75.1615,12.1149],[75.1615,12.1151],[75.1626,12.1151],[75.1626,12.1154],[75.1635,12.1154]]],[[[75.194,12.1163],[75.194,12.116],[75.1943,12.116],[75.1943,12.1154],[75.1946,12.1154],[75.1946,12.114],[75.1943,12.114],[75.1943,12.1138],[75.194,12.1138],[75.194,12.1135],[75.1929,12.1135],[75.1929,12.1138],[75.1918,12.1138],[75.1918,12.114],[75.1921,12.114],[75.1921,12.1154],[75.1924,12.1154],[75.1924,12.1157],[75.1926,12.1157],[75.1926,12.116],[75.1932,12.116],[75.1932,12.1163],[75.194,12.1163]]],[[[75.154,12.1426],[75.154,12.1421],[75.1543,12.1421],[75.1543,12.1415],[75.1546,12.1415],[75.1546,12.141],[75.1549,12.141],[75.1549,12.1407],[75.1551,12.1407],[75.1551,12.1404],[75.1554,12.1404],[75.1554,12.1401],[75.1557,12.1401],[75.1557,12.1404],[75.156,12.1404],[75.156,12.1401],[75.1565,12.1401],[75.1565,12.1399],[75.1571,12.1399],[75.1571,12.1396],[75.1576,12.1396],[75.1576,12.139],[75.1579,12.139],[75.1579,12.1388],[75.1588,12.1388],[75.1588,12.1385],[75.159,12.1385],[75.159,12.1382],[75.1593,12.1382],[75.1593,12.1374],[75.1599,12.1374],[75.1599,12.1368],[75.1604,12.1368],[75.1604,12.1363],[75.1607,12.1363],[75.1607,12.136],[75.161,12.136],[75.161,12.1357],[75.1612,12.1357],[75.1612,12.1354],[75.1615,12.1354],[75.1615,12.1349],[75.1618,12.1349],[75.1618,12.134],[75.1621,12.134],[75.1621,12.1332],[75.1618,12.1332],[75.1618,12.1326],[75.1615,12.1326],[75.1615,12.1315],[75.1612,12.1315],[75.1612,12.1313],[75.161,12.1313],[75.161,12.131],[75.1601,12.131],[75.1601,12.1307],[75.1599,12.1307],[75.1599,12.1301],[75.1596,12.1301],[75.1596,12.1276],[75.1599,12.1276],[75.1599,12.1271],[75.1596,12.1271],[75.1596,12.1263],[75.1593,12.1263],[75.1593,12.1254],[75.1596,12.1254],[75.1596,12.1251],[75.1593,12.1251],[75.1593,12.1246],[75.1593,12.1235],[75.159,12.1235],[75.159,12.1226],[75.1588,12.1226],[75.1588,12.1224],[75.159,12.1224],[75.159,12.1215],[75.1588,12.1215],[75.1588,12.1212],[75.1585,12.1212],[75.1585,12.121],[75.1582,12.121],[75.1582,12.1212],[75.1579,12.1212],[75.1579,12.1229],[75.1576,12.1229],[75.1576,12.1243],[75.1571,12.1243],[75.1571,12.1249],[75.1568,12.1249],[75.1568,12.1251],[75.1565,12.1251],[75.1565,12.1254],[75.1563,12.1254],[75.1563,12.126],[75.156,12.126],[75.156,12.1263],[75.1557,12.1263],[75.1557,12.1271],[75.1554,12.1271],[75.1554,12.1274],[75.1549,12.1274],[75.1549,12.1282],[75.1546,12.1282],[75.1546,12.1287],[75.1543,12.1287],[75.1543,12.1299],[75.1537,12.1299],[75.1537,12.131],[75.1535,12.131],[75.1535,12.1315],[75.1532,12.1315],[75.1532,12.1324],[75.1529,12.1324],[75.1529,12.1332],[75.1524,12.1332],[75.1524,12.1335],[75.1521,12.1335],[75.1521,12.1337],[75.1518,12.1337],[75.1518,12.134],[75.1515,12.134],[75.1515,12.1349],[75.1513,12.1349],[75.1513,12.136],[75.151,12.136],[75.151,12.1363],[75.1512,12.1363],[75.1512,12.1365],[75.151,12.1365],[75.151,12.1376],[75.1507,12.1376],[75.1507,12.1385],[75.1501,12.1385],[75.1501,12.139],[75.1499,12.139],[75.1499,12.1396],[75.1496,12.1396],[75.1496,12.141],[75.1501,12.141],[75.1501,12.1415],[75.151,12.1415],[75.151,12.1418],[75.1513,12.1418],[75.1513,12.1421],[75.1518,12.1421],[75.1518,12.1424],[75.1521,12.1424],[75.1521,12.1426],[75.1526,12.1426],[75.1526,12.1424],[75.1529,12.1424],[75.1529,12.1426],[75.154,12.1426]]],[[[75.1354,12.186],[75.1354,12.1857],[75.136,12.1857],[75.136,12.1851],[75.1363,12.1851],[75.1363,12.1846],[75.1365,12.1846],[75.1365,12.1838],[75.1368,12.1838],[75.1368,12.1832],[75.1371,12.1832],[75.1371,12.1826],[75.1376,12.1826],[75.1376,12.1824],[75.1379,12.1824],[75.1379,12.1821],[75.1385,12.1821],[75.1385,12.1818],[75.1387,12.1818],[75.1387,12.1815],[75.139,12.1815],[75.139,12.1812],[75.1396,12.1812],[75.1396,12.181],[75.1399,12.181],[75.1399,12.1807],[75.1404,12.1807],[75.1404,12.1804],[75.1407,12.1804],[75.1407,12.1793],[75.141,12.1793],[75.141,12.1782],[75.1407,12.1782],[75.1407,12.1754],[75.1413,12.1754],[75.1413,12.1746],[75.141,12.1746],[75.141,12.174],[75.1413,12.174],[75.1413,12.1732],[75.1415,12.1732],[75.1415,12.1726],[75.1418,12.1726],[75.1418,12.1718],[75.1421,12.1718],[75.1421,12.1713],[75.1424,12.1713],[75.1424,12.1707],[75.1426,12.1707],[75.1426,12.1704],[75.1429,12.1704],[75.1429,12.1702],[75.1432,12.1702],[75.1432,12.1699],[75.1435,12.1699],[75.1435,12.1696],[75.1438,12.1696],[75.1438,12.169],[75.144,12.169],[75.144,12.1687],[75.1443,12.1687],[75.1443,12.1685],[75.1446,12.1685],[75.1446,12.1682],[75.1449,12.1682],[75.1449,12.1679],[75.1451,12.1679],[75.1451,12.1676],[75.1454,12.1676],[75.1454,12.1674],[75.1457,12.1674],[75.1457,12.1671],[75.146,12.1671],[75.146,12.1668],[75.1462,12.1668],[75.1462,12.1665],[75.1465,12.1665],[75.1465,12.1663],[75.1468,12.1663],[75.1468,12.166],[75.1471,12.166],[75.1471,12.1657],[75.1474,12.1657],[75.1474,12.1654],[75.1476,12.1654],[75.1476,12.1651],[75.1479,12.1651],[75.1479,12.1649],[75.1482,12.1649],[75.1482,12.1643],[75.1485,12.1643],[75.1485,12.164],[75.1488,12.164],[75.1488,12.1638],[75.149,12.1638],[75.149,12.1632],[75.1493,12.1632],[75.1493,12.1624],[75.1496,12.1624],[75.1496,12.1615],[75.1499,12.1615],[75.1499,12.1613],[75.1501,12.1613],[75.1501,12.161],[75.1504,12.161],[75.1504,12.1607],[75.1507,12.1607],[75.1507,12.1604],[75.151,12.1604],[75.151,12.1601],[75.1512,12.1601],[75.1512,12.1599],[75.1515,12.1599],[75.1515,12.1596],[75.1518,12.1596],[75.1518,12.1587],[75.1521,12.1587],[75.1521,12.1582],[75.1518,12.1582],[75.1518,12.156],[75.1515,12.156],[75.1515,12.1557],[75.1518,12.1557],[75.1518,12.1543],[75.1515,12.1543],[75.1515,12.154],[75.1512,12.154],[75.1512,12.1538],[75.1507,12.1538],[75.1507,12.1532],[75.1504,12.1532],[75.1504,12.1529],[75.1501,12.1529],[75.1501,12.1521],[75.1504,12.1521],[75.1504,12.1518],[75.1501,12.1518],[75.1501,12.1504],[75.1504,12.1504],[75.1504,12.1493],[75.1507,12.1493],[75.1507,12.1476],[75.1504,12.1476],[75.1504,12.1474],[75.1507,12.1474],[75.1507,12.1471],[75.1501,12.1471],[75.1501,12.1468],[75.1499,12.1468],[75.1499,12.1474],[75.1496,12.1474],[75.1496,12.1479],[75.1493,12.1479],[75.1493,12.1487],[75.149,12.1487],[75.149,12.1493],[75.1488,12.1493],[75.1488,12.1504],[75.1485,12.1504],[75.1485,12.1513],[75.1482,12.1513],[75.1482,12.1515],[75.1479,12.1515],[75.1479,12.1518],[75.1476,12.1518],[75.1476,12.1524],[75.1474,12.1524],[75.1474,12.1526],[75.1471,12.1526],[75.1471,12.1535],[75.1468,12.1535],[75.1468,12.1546],[75.1465,12.1546],[75.1465,12.156],[75.1462,12.156],[75.1462,12.1571],[75.146,12.1571],[75.146,12.1576],[75.1457,12.1576],[75.1457,12.1582],[75.1454,12.1582],[75.1454,12.1587],[75.1451,12.1587],[75.1451,12.1601],[75.1449,12.1601],[75.1449,12.1624],[75.1446,12.1624],[75.1446,12.164],[75.1443,12.164],[75.1443,12.1651],[75.144,12.1651],[75.144,12.1663],[75.1438,12.1663],[75.1438,12.1674],[75.1435,12.1674],[75.1435,12.1679],[75.1432,12.1679],[75.1432,12.1685],[75.1429,12.1685],[75.1429,12.169],[75.1426,12.169],[75.1426,12.1696],[75.1424,12.1696],[75.1424,12.1702],[75.1421,12.1702],[75.1421,12.1704],[75.1418,12.1704],[75.1418,12.171],[75.1415,12.171],[75.1415,12.1713],[75.1413,12.1713],[75.1413,12.1715],[75.141,12.1715],[75.141,12.1721],[75.1407,12.1721],[75.1407,12.1724],[75.1404,12.1724],[75.1404,12.1729],[75.1401,12.1729],[75.1401,12.1732],[75.1399,12.1732],[75.1399,12.1738],[75.1396,12.1738],[75.1396,12.174],[75.1393,12.174],[75.1393,12.1743],[75.1396,12.1743],[75.1396,12.1749],[75.1393,12.1749],[75.1393,12.1751],[75.139,12.1751],[75.139,12.1757],[75.1387,12.1757],[75.1387,12.1771],[75.1385,12.1771],[75.1385,12.1779],[75.1382,12.1779],[75.1382,12.1785],[75.1376,12.1785],[75.1376,12.1793],[75.1374,12.1793],[75.1374,12.1804],[75.1371,12.1804],[75.1371,12.1824],[75.1368,12.1824],[75.1368,12.1829],[75.1365,12.1829],[75.1365,12.1835],[75.1363,12.1835],[75.1363,12.1838],[75.1357,12.1838],[75.1357,12.1826],[75.1354,12.1826],[75.1354,12.1818],[75.1351,12.1818],[75.1351,12.1815],[75.1349,12.1815],[75.1349,12.1818],[75.1346,12.1818],[75.1346,12.1824],[75.1343,12.1824],[75.1343,12.1838],[75.134,12.1838],[75.134,12.1843],[75.1343,12.1843],[75.1343,12.1846],[75.1346,12.1846],[75.1346,12.1851],[75.1349,12.1851],[75.1349,12.1857],[75.1351,12.1857],[75.1351,12.186],[75.1354,12.186]]],[[[75.1318,12.1915],[75.1318,12.1913],[75.1321,12.1913],[75.1321,12.191],[75.1326,12.191],[75.1326,12.1907],[75.1332,12.1907],[75.1332,12.1901],[75.1335,12.1901],[75.1335,12.1899],[75.1338,12.1899],[75.1338,12.1896],[75.134,12.1896],[75.134,12.1893],[75.1343,12.1893],[75.1343,12.1882],[75.134,12.1882],[75.134,12.1874],[75.1332,12.1874],[75.1332,12.1879],[75.1329,12.1879],[75.1329,12.1882],[75.1326,12.1882],[75.1326,12.1885],[75.1324,12.1885],[75.1324,12.1888],[75.1321,12.1888],[75.1321,12.1893],[75.1318,12.1893],[75.1318,12.1904],[75.1315,12.1904],[75.1315,12.1913],[75.1312,12.1913],[75.1312,12.1915],[75.1318,12.1915]]],[[[75.1301,12.1982],[75.1301,12.1979],[75.1307,12.1979],[75.1307,12.1976],[75.1312,12.1976],[75.1312,12.1968],[75.1315,12.1968],[75.1315,12.1957],[75.1312,12.1957],[75.1312,12.1954],[75.131,12.1954],[75.131,12.1951],[75.1304,12.1951],[75.1304,12.1949],[75.1301,12.1949],[75.1301,12.1946],[75.1293,12.1946],[75.1293,12.1965],[75.1296,12.1965],[75.1296,12.1976],[75.1299,12.1976],[75.1299,12.1982],[75.1301,12.1982]]],[[[75.1265,12.2051],[75.1265,12.2049],[75.1268,12.2049],[75.1268,12.204],[75.1265,12.204],[75.1265,12.2026],[75.1268,12.2026],[75.1268,12.201],[75.1271,12.201],[75.1271,12.1999],[75.1274,12.1999],[75.1274,12.1976],[75.1271,12.1976],[75.1271,12.196],[75.1274,12.196],[75.1274,12.1949],[75.1276,12.1949],[75.1276,12.1943],[75.1279,12.1943],[75.1279,12.194],[75.1282,12.194],[75.1282,12.1938],[75.1285,12.1938],[75.1285,12.1929],[75.1287,12.1929],[75.1287,12.1924],[75.1293,12.1924],[75.1293,12.1921],[75.1296,12.1921],[75.1296,12.1915],[75.1299,12.1915],[75.1299,12.191],[75.1301,12.191],[75.1301,12.1904],[75.1304,12.1904],[75.1304,12.1901],[75.1307,12.1901],[75.1307,12.189],[75.131,12.189],[75.131,12.1885],[75.1307,12.1885],[75.1307,12.1882],[75.131,12.1882],[75.131,12.1865],[75.1312,12.1865],[75.1312,12.1857],[75.131,12.1857],[75.131,12.1854],[75.1312,12.1854],[75.1312,12.1846],[75.1315,12.1846],[75.1315,12.1838],[75.1318,12.1838],[75.1318,12.1832],[75.1321,12.1832],[75.1321,12.1826],[75.1324,12.1826],[75.1324,12.1821],[75.1326,12.1821],[75.1326,12.1815],[75.1329,12.1815],[75.1329,12.181],[75.1332,12.181],[75.1332,12.1804],[75.1335,12.1804],[75.1335,12.1799],[75.1338,12.1799],[75.1338,12.1793],[75.134,12.1793],[75.134,12.1788],[75.1343,12.1788],[75.1343,12.1782],[75.1346,12.1782],[75.1346,12.1776],[75.1349,12.1776],[75.1349,12.1771],[75.1351,12.1771],[75.1351,12.1765],[75.1354,12.1765],[75.1354,12.176],[75.1357,12.176],[75.1357,12.1754],[75.136,12.1754],[75.136,12.1749],[75.1357,12.1749],[75.1357,12.174],[75.1354,12.174],[75.1354,12.1721],[75.1357,12.1721],[75.1357,12.1715],[75.136,12.1715],[75.136,12.171],[75.1363,12.171],[75.1363,12.1707],[75.1365,12.1707],[75.1365,12.1704],[75.1368,12.1704],[75.1368,12.1702],[75.1371,12.1702],[75.1371,12.1699],[75.1374,12.1699],[75.1374,12.1696],[75.1376,12.1696],[75.1376,12.1693],[75.1379,12.1693],[75.1379,12.169],[75.1382,12.169],[75.1382,12.1687],[75.1385,12.1687],[75.1385,12.1685],[75.1387,12.1685],[75.1387,12.1682],[75.139,12.1682],[75.139,12.1679],[75.1393,12.1679],[75.1393,12.1676],[75.1396,12.1676],[75.1396,12.1674],[75.1399,12.1674],[75.1399,12.1671],[75.1401,12.1671],[75.1401,12.1665],[75.1404,12.1665],[75.1404,12.1663],[75.1407,12.1663],[75.1407,12.1657],[75.141,12.1657],[75.141,12.1651],[75.1413,12.1651],[75.1413,12.1649],[75.1415,12.1649],[75.1415,12.1643],[75.1418,12.1643],[75.1418,12.1626],[75.1415,12.1626],[75.1415,12.159],[75.1418,12.159],[75.1418,12.156],[75.1421,12.156],[75.1421,12.1551],[75.1424,12.1551],[75.1424,12.154],[75.1426,12.154],[75.1426,12.1532],[75.1429,12.1532],[75.1429,12.1524],[75.1432,12.1524],[75.1432,12.1518],[75.1435,12.1518],[75.1435,12.1513],[75.1438,12.1513],[75.1438,12.1507],[75.144,12.1507],[75.144,12.1504],[75.1443,12.1504],[75.1443,12.1499],[75.1446,12.1499],[75.1446,12.1493],[75.1449,12.1493],[75.1449,12.1487],[75.1451,12.1487],[75.1451,12.1485],[75.1457,12.1485],[75.1457,12.1482],[75.1462,12.1482],[75.1462,12.1476],[75.1465,12.1476],[75.1465,12.1471],[75.1468,12.1471],[75.1468,12.1465],[75.1471,12.1465],[75.1471,12.146],[75.1474,12.146],[75.1474,12.1454],[75.1476,12.1454],[75.1476,12.1449],[75.1479,12.1449],[75.1479,12.1432],[75.1476,12.1432],[75.1476,12.1415],[75.1474,12.1415],[75.1474,12.1399],[75.1471,12.1399],[75.1471,12.1374],[75.1474,12.1374],[75.1474,12.1365],[75.1474,12.1354],[75.1476,12.1354],[75.1476,12.1346],[75.1479,12.1346],[75.1479,12.1337],[75.1482,12.1337],[75.1482,12.1332],[75.1485,12.1332],[75.1485,12.1324],[75.1488,12.1324],[75.1488,12.1315],[75.149,12.1315],[75.149,12.131],[75.1493,12.131],[75.1493,12.1304],[75.1496,12.1304],[75.1496,12.1299],[75.1499,12.1299],[75.1499,12.129],[75.1501,12.129],[75.1501,12.1285],[75.1504,12.1285],[75.1504,12.1279],[75.1507,12.1279],[75.1507,12.1274],[75.151,12.1274],[75.151,12.1268],[75.1512,12.1268],[75.1512,12.126],[75.1515,12.126],[75.1515,12.1254],[75.1518,12.1254],[75.1518,12.1249],[75.1521,12.1249],[75.1521,12.1243],[75.1524,12.1243],[75.1524,12.1235],[75.1526,12.1235],[75.1526,12.1229],[75.1529,12.1229],[75.1529,12.1224],[75.1532,12.1224],[75.1532,12.1218],[75.1535,12.1218],[75.1535,12.1212],[75.1537,12.1212],[75.1537,12.121],[75.154,12.121],[75.154,12.1207],[75.1543,12.1207],[75.1543,12.1204],[75.1545,12.1204],[75.1546,12.1204],[75.1546,12.12],[75.1546,12.1199],[75.1549,12.1199],[75.1549,12.1196],[75.1551,12.1196],[75.1551,12.1193],[75.1554,12.1193],[75.1554,12.1188],[75.1557,12.1188],[75.1557,12.1182],[75.156,12.1182],[75.156,12.1174],[75.1563,12.1174],[75.1563,12.1168],[75.1565,12.1168],[75.1565,12.1163],[75.1568,12.1163],[75.1568,12.1119],[75.1568,12.111],[75.1571,12.111],[75.1571,12.1104],[75.1573,12.1104],[75.1574,12.1102],[75.1565,12.1101],[75.1565,12.1107],[75.1563,12.1107],[75.1563,12.111],[75.156,12.111],[75.156,12.1115],[75.1557,12.1115],[75.1557,12.1124],[75.1554,12.1124],[75.1554,12.1129],[75.1551,12.1129],[75.1551,12.1135],[75.1549,12.1135],[75.1549,12.1143],[75.1546,12.1143],[75.1546,12.1154],[75.1543,12.1154],[75.1543,12.116],[75.154,12.116],[75.154,12.1163],[75.1537,12.1163],[75.1537,12.1171],[75.1535,12.1171],[75.1535,12.1174],[75.1532,12.1174],[75.1532,12.1179],[75.1529,12.1179],[75.1529,12.1193],[75.1526,12.1193],[75.1526,12.1199],[75.1524,12.1199],[75.1524,12.1204],[75.1521,12.1204],[75.1521,12.1215],[75.1518,12.1215],[75.1518,12.1221],[75.1515,12.1221],[75.1515,12.1229],[75.1513,12.1229],[75.1513,12.1235],[75.151,12.1235],[75.151,12.124],[75.1507,12.124],[75.1507,12.1246],[75.1504,12.1246],[75.1504,12.126],[75.1501,12.126],[75.1501,12.1263],[75.1499,12.1263],[75.1499,12.1268],[75.1496,12.1268],[75.1496,12.1274],[75.1493,12.1274],[75.1493,12.1285],[75.149,12.1285],[75.149,12.1293],[75.1488,12.1293],[75.1488,12.1299],[75.1485,12.1299],[75.1485,12.1304],[75.1482,12.1304],[75.1482,12.1307],[75.1479,12.1307],[75.1479,12.131],[75.1476,12.131],[75.1476,12.1315],[75.1474,12.1315],[75.1474,12.1326],[75.1471,12.1326],[75.1471,12.1329],[75.1468,12.1329],[75.1468,12.1343],[75.1465,12.1343],[75.1465,12.1351],[75.1462,12.1351],[75.1462,12.136],[75.146,12.136],[75.146,12.1368],[75.1457,12.1368],[75.1457,12.1374],[75.1454,12.1374],[75.1454,12.1376],[75.1451,12.1376],[75.1451,12.1382],[75.1449,12.1382],[75.1449,12.1393],[75.1446,12.1393],[75.1446,12.1401],[75.1443,12.1401],[75.1443,12.1407],[75.144,12.1407],[75.144,12.1413],[75.1438,12.1413],[75.1438,12.1418],[75.1435,12.1418],[75.1435,12.1424],[75.1432,12.1424],[75.1432,12.1429],[75.1429,12.1429],[75.1429,12.1435],[75.1426,12.1435],[75.1426,12.1438],[75.1424,12.1438],[75.1424,12.144],[75.1421,12.144],[75.1421,12.1449],[75.1418,12.1449],[75.1418,12.1454],[75.1421,12.1454],[75.1421,12.146],[75.1418,12.146],[75.1418,12.1465],[75.1415,12.1465],[75.1415,12.1471],[75.1413,12.1471],[75.1413,12.1476],[75.141,12.1476],[75.141,12.1485],[75.1407,12.1485],[75.1407,12.149],[75.1404,12.149],[75.1404,12.1493],[75.1401,12.1493],[75.1401,12.1504],[75.1399,12.1504],[75.1399,12.1513],[75.1396,12.1513],[75.1396,12.1518],[75.1393,12.1518],[75.1393,12.1526],[75.139,12.1526],[75.139,12.1532],[75.1387,12.1532],[75.1387,12.1538],[75.1385,12.1538],[75.1385,12.1543],[75.1382,12.1543],[75.1382,12.1549],[75.1379,12.1549],[75.1379,12.1563],[75.1376,12.1563],[75.1376,12.1568],[75.1374,12.1568],[75.1374,12.1571],[75.1371,12.1571],[75.1371,12.1593],[75.1368,12.1593],[75.1368,12.1596],[75.1365,12.1596],[75.1365,12.1607],[75.1363,12.1607],[75.1363,12.1613],[75.136,12.1613],[75.136,12.1618],[75.1357,12.1618],[75.1357,12.1624],[75.1354,12.1624],[75.1354,12.1635],[75.1351,12.1635],[75.1351,12.164],[75.1349,12.164],[75.1349,12.1649],[75.1346,12.1649],[75.1346,12.1657],[75.1343,12.1657],[75.1343,12.1663],[75.134,12.1663],[75.134,12.1668],[75.1338,12.1668],[75.1338,12.1674],[75.1335,12.1674],[75.1335,12.1679],[75.1332,12.1679],[75.1332,12.1687],[75.1326,12.1687],[75.1326,12.1702],[75.1324,12.1702],[75.1324,12.1713],[75.1321,12.1713],[75.1321,12.1718],[75.1318,12.1718],[75.1318,12.1724],[75.1315,12.1724],[75.1315,12.1729],[75.1312,12.1729],[75.1312,12.1738],[75.131,12.1737],[75.131,12.1746],[75.1307,12.1746],[75.1307,12.1754],[75.1304,12.1754],[75.1304,12.1762],[75.1301,12.1762],[75.1301,12.1771],[75.1299,12.1771],[75.1299,12.1776],[75.1296,12.1776],[75.1296,12.1785],[75.1293,12.1785],[75.1293,12.179],[75.129,12.179],[75.129,12.1796],[75.1287,12.1796],[75.1287,12.1812],[75.1285,12.1812],[75.1285,12.1815],[75.1282,12.1815],[75.1282,12.1821],[75.1279,12.1821],[75.1279,12.1824],[75.1276,12.1824],[75.1276,12.1829],[75.1274,12.1829],[75.1274,12.1838],[75.1271,12.1838],[75.1271,12.1846],[75.1268,12.1846],[75.1268,12.1854],[75.1265,12.1854],[75.1265,12.1862],[75.1263,12.1862],[75.1263,12.1868],[75.126,12.1868],[75.126,12.1874],[75.1257,12.1874],[75.1257,12.1876],[75.1254,12.1876],[75.1254,12.1885],[75.1251,12.1885],[75.1251,12.1896],[75.1249,12.1896],[75.1249,12.1901],[75.1246,12.1901],[75.1246,12.1907],[75.1243,12.1907],[75.1243,12.1913],[75.124,12.1913],[75.124,12.1915],[75.1237,12.1915],[75.1237,12.1918],[75.1235,12.1918],[75.1235,12.1924],[75.1237,12.1924],[75.1237,12.1926],[75.124,12.1926],[75.124,12.1929],[75.1243,12.1929],[75.1243,12.1933],[75.1243,12.1935],[75.1237,12.1935],[75.1237,12.194],[75.1235,12.194],[75.1235,12.1943],[75.1232,12.1943],[75.1232,12.1949],[75.1229,12.1949],[75.1229,12.1972],[75.1229,12.1974],[75.1226,12.1974],[75.1226,12.198],[75.1226,12.1985],[75.1225,12.1985],[75.1224,12.1985],[75.1224,12.1988],[75.1226,12.1988],[75.1226,12.1996],[75.1229,12.1996],[75.1229,12.2001],[75.1232,12.2001],[75.1232,12.2013],[75.1235,12.2013],[75.1235,12.2015],[75.1237,12.2015],[75.1237,12.2021],[75.124,12.2021],[75.124,12.2029],[75.1243,12.2029],[75.1243,12.2032],[75.1246,12.2032],[75.1246,12.2035],[75.1249,12.2035],[75.1249,12.2043],[75.1251,12.2043],[75.1251,12.2049],[75.1254,12.2049],[75.1254,12.2051],[75.1265,12.2051]]],[[[74.996,12.788],[75.0003,12.7835],[75.0039,12.7856],[75.0053,12.7855],[75.0041,12.7736],[75.0052,12.7693],[75.0078,12.7651],[75.0086,12.7604],[75.0071,12.7571],[75.0043,12.754],[75.0003,12.7516],[74.9953,12.7448],[74.9918,12.7382],[74.9899,12.7373],[74.9861,12.7385],[74.9844,12.7359],[74.9848,12.7299],[74.9869,12.7288],[74.9884,12.7319],[74.9902,12.7311],[74.993,12.7331],[75.0002,12.7274],[75.0122,12.7228],[75.0109,12.7193],[75.0031,12.7137],[75.004,12.7117],[75.0071,12.7092],[75.0143,12.7078],[75.0191,12.7148],[75.023,12.7156],[75.0257,12.7143],[75.0314,12.717],[75.0381,12.7186],[75.0431,12.7155],[75.0462,12.7163],[75.0497,12.7147],[75.0529,12.7098],[75.0557,12.7034],[75.0522,12.6982],[75.0568,12.6867],[75.0546,12.6836],[75.0521,12.687],[75.0486,12.6883],[75.0447,12.6874],[75.0431,12.6706],[75.0448,12.6633],[75.0478,12.6601],[75.0553,12.6601],[75.0583,12.6586],[75.0609,12.6615],[75.066,12.658],[75.0703,12.658],[75.0752,12.6654],[75.0794,12.6666],[75.0831,12.6664],[75.0849,12.6705],[75.0867,12.6709],[75.0874,12.676],[75.085,12.6897],[75.0824,12.6932],[75.0861,12.6978],[75.0916,12.6947],[75.0993,12.6934],[75.1044,12.6916],[75.1087,12.6849],[75.1127,12.6759],[75.1208,12.6736],[75.1269,12.6733],[75.1319,12.6708],[75.1367,12.6712],[75.1392,12.6728],[75.1445,12.6729],[75.1506,12.6763],[75.1507,12.6689],[75.1557,12.666],[75.1611,12.6657],[75.1613,12.6641],[75.1551,12.6537],[75.1516,12.6494],[75.1512,12.6434],[75.1503,12.6419],[75.1412,12.6378],[75.143,12.6333],[75.1477,12.6287],[75.1549,12.6196],[75.1592,12.6171],[75.1628,12.6176],[75.17,12.6166],[75.1775,12.6222],[75.1826,12.6274],[75.1899,12.6271],[75.1944,12.6254],[75.2014,12.6251],[75.2028,12.6231],[75.1995,12.6131],[75.1987,12.6062],[75.2024,12.6027],[75.2073,12.5999],[75.2095,12.5973],[75.209,12.5915],[75.2075,12.5885],[75.2046,12.5867],[75.2034,12.5806],[75.2075,12.583],[75.2108,12.584],[75.214,12.5734],[75.2169,12.5711],[75.2229,12.5626],[75.2313,12.5608],[75.2363,12.5618],[75.2382,12.5641],[75.2387,12.5725],[75.24,12.574],[75.2495,12.5749],[75.2502,12.5792],[75.2562,12.5857],[75.2588,12.591],[75.2621,12.593],[75.2679,12.6057],[75.2703,12.609],[75.2767,12.6117],[75.281,12.608],[75.2889,12.6046],[75.2911,12.5966],[75.2939,12.5955],[75.2983,12.5984],[75.3015,12.5991],[75.3056,12.5949],[75.3083,12.5879],[75.3185,12.5851],[75.3279,12.5852],[75.3285,12.5771],[75.3263,12.5744],[75.3194,12.5737],[75.3162,12.5687],[75.3098,12.5716],[75.3031,12.5735],[75.295,12.5749],[75.2914,12.5749],[75.2868,12.565],[75.2835,12.5642],[75.2768,12.5641],[75.2726,12.5589],[75.2709,12.5535],[75.2724,12.5399],[75.2796,12.5234],[75.2811,12.5181],[75.2858,12.5199],[75.2918,12.5207],[75.2961,12.5197],[75.3,12.5169],[75.3047,12.5173],[75.3043,12.4975],[75.3049,12.4968],[75.3074,12.4974],[75.3101,12.4958],[75.3142,12.492],[75.3206,12.4913],[75.3281,12.4918],[75.3348,12.4902],[75.3356,12.485],[75.339,12.4829],[75.3394,12.4796],[75.3383,12.4733],[75.3405,12.4646],[75.3368,12.4578],[75.3409,12.456],[75.3556,12.458],[75.3594,12.46],[75.3627,12.4649],[75.3721,12.4688],[75.373,12.4772],[75.3706,12.481],[75.37,12.4835],[75.3722,12.4855],[75.3772,12.4864],[75.3795,12.4879],[75.3811,12.4915],[75.3831,12.4927],[75.3866,12.4919],[75.3919,12.4925],[75.3949,12.4976],[75.3973,12.4978],[75.401,12.4906],[75.4042,12.4896],[75.4089,12.4942],[75.4145,12.4967],[75.4202,12.4797],[75.4205,12.4715],[75.4243,12.4663],[75.4225,12.4601],[75.4168,12.4589],[75.4147,12.4541],[75.4091,12.4499],[75.4035,12.4476],[75.3919,12.4451],[75.3858,12.4507],[75.3666,12.4517],[75.3659,12.4491],[75.3694,12.4456],[75.3705,12.4289],[75.3656,12.407],[75.3697,12.4018],[75.3722,12.3957],[75.3762,12.3925],[75.3786,12.3867],[75.3812,12.3848],[75.3858,12.3856],[75.3907,12.3834],[75.3943,12.3798],[75.3971,12.3752],[75.4011,12.3757],[75.4034,12.3726],[75.4115,12.3746],[75.4189,12.3695],[75.4214,12.3667],[75.4214,12.3619],[75.4194,12.3525],[75.4177,12.3484],[75.4143,12.3439],[75.4101,12.3413],[75.4112,12.3378],[75.4144,12.3338],[75.4163,12.3215],[75.4199,12.3195],[75.42,12.3145],[75.4231,12.3081],[75.4299,12.3022],[75.4304,12.2995],[75.4216,12.291],[75.4191,12.2864],[75.4237,12.287],[75.4274,12.2907],[75.4307,12.292],[75.4361,12.2918],[75.4414,12.29],[75.4584,12.2886],[75.4672,12.2954],[75.4827,12.2862],[75.4867,12.2815],[75.4925,12.2668],[75.494,12.2651],[75.502,12.264],[75.5039,12.2632],[75.5039,12.2597],[75.5111,12.2533],[75.5114,12.2504],[75.5131,12.2493],[75.5167,12.2438],[75.5193,12.2359],[75.5199,12.2332],[75.5185,12.2306],[75.5234,12.2289],[75.5248,12.225],[75.5253,12.2196],[75.5379,12.2111],[75.538,12.2068],[75.5369,12.2035],[75.533,12.1991],[75.5337,12.1961],[75.5379,12.1954],[75.5404,12.1924],[75.5439,12.192],[75.5488,12.1884],[75.5511,12.1844],[75.5524,12.1761],[75.5553,12.1763],[75.5596,12.1687],[75.5638,12.1668],[75.5704,12.1655],[75.5768,12.1508],[75.5827,12.1504],[75.5872,12.1483],[75.5914,12.143],[75.5932,12.143],[75.5947,12.1454],[75.5976,12.1465],[75.6021,12.1468],[75.6081,12.1487],[75.6113,12.1459],[75.6171,12.1489],[75.6269,12.1451],[75.6294,12.1416],[75.6351,12.1424],[75.6368,12.1404],[75.6376,12.1338],[75.6407,12.1332],[75.6425,12.1308],[75.6439,12.1271],[75.6443,12.1237],[75.643,12.1199],[75.6475,12.1148],[75.6481,12.1056],[75.6516,12.104],[75.6528,12.1013],[75.6582,12.0943],[75.6624,12.0912],[75.6676,12.09],[75.6727,12.0907],[75.6783,12.0931],[75.6816,12.0966],[75.6842,12.1022],[75.692,12.1026],[75.7016,12.1003],[75.7003,12.088],[75.7007,12.0835],[75.7065,12.0828],[75.7171,12.0784],[75.7175,12.0775],[75.7142,12.0692],[75.7147,12.0653],[75.7171,12.0621],[75.7281,12.0641],[75.7344,12.0677],[75.7389,12.0722],[75.7429,12.0718],[75.7476,12.0734],[75.7519,12.0774],[75.7581,12.0772],[75.763,12.0786],[75.7679,12.0775],[75.7837,12.0764],[75.7896,12.0746],[75.7953,12.0742],[75.7997,12.0712],[75.8017,12.068],[75.7962,12.0495],[75.7933,12.0475],[75.7979,12.0416],[75.7986,12.0397],[75.7982,12.0327],[75.8,12.0303],[75.8102,12.0241],[75.812,12.022],[75.8119,12.0161],[75.8235,12.0093],[75.8266,12.0058],[75.8275,12.0028],[75.8238,11.9946],[75.8236,11.9946],[75.8244,11.9843],[75.827,11.978],[75.8306,11.9746],[75.8397,11.9728],[75.8444,11.9703],[75.8466,11.9647],[75.8511,11.957],[75.8659,11.9456],[75.8767,11.9407],[75.8833,11.9389],[75.8897,11.9381],[75.8944,11.9365],[75.9038,11.9348],[75.9154,11.934],[75.9196,11.9356],[75.9252,11.9329],[75.9311,11.9311],[75.9372,11.9328],[75.9484,11.9339],[75.9549,11.9315],[75.9589,11.9286],[75.9679,11.927],[75.9726,11.9276],[75.9763,11.925],[75.9799,11.9247],[75.9834,11.9254],[75.9944,11.9233],[75.9982,11.9236],[76.004,11.9319],[76.0139,11.9333],[76.0184,11.935],[76.023,11.9347],[76.0296,11.9328],[76.0385,11.939],[76.0419,11.9433],[76.0478,11.9445],[76.0667,11.9583],[76.0728,11.9613],[76.081,11.9607],[76.0913,11.9616],[76.1079,11.9706],[76.1087,11.9281],[76.1074,11.8763],[76.1087,11.8706],[76.1093,11.8586],[76.1081,11.8512],[76.1165,11.843],[76.1204,11.8443],[76.1256,11.8448],[76.139,11.8571],[76.1494,11.861],[76.1626,11.86],[76.1737,11.8624],[76.184,11.8638],[76.1961,11.8555],[76.2009,11.8541],[76.2034,11.8491],[76.2051,11.8387],[76.2072,11.8318],[76.2055,11.8196],[76.212,11.8143],[76.2143,11.8042],[76.2185,11.8],[76.2321,11.7965],[76.2444,11.7953],[76.2531,11.7998],[76.2654,11.8004],[76.272,11.8035],[76.2751,11.8008],[76.2837,11.7849],[76.2947,11.7781],[76.3,11.7762],[76.3031,11.7696],[76.3105,11.7439],[76.3176,11.7404],[76.3243,11.7387],[76.335,11.7306],[76.3409,11.7311],[76.3463,11.7305],[76.3511,11.7344],[76.356,11.7399],[76.3723,11.7362],[76.3838,11.745],[76.3907,11.7429],[76.4044,11.7499],[76.4077,11.7533],[76.4108,11.7465],[76.4066,11.7406],[76.4056,11.7334],[76.412,11.7343],[76.4173,11.7259],[76.419,11.7215],[76.4189,11.7171],[76.4179,11.7136],[76.4111,11.71],[76.4087,11.7041],[76.4063,11.7036],[76.4031,11.7068],[76.3964,11.7011],[76.4029,11.6995],[76.4022,11.6831],[76.4074,11.6695],[76.4102,11.6646],[76.4176,11.6634],[76.4235,11.6593],[76.4277,11.6475],[76.4298,11.6451],[76.4346,11.6416],[76.4356,11.6377],[76.4342,11.6335],[76.4307,11.6296],[76.4259,11.629],[76.4248,11.6233],[76.4213,11.6251],[76.3962,11.6253],[76.3801,11.6224],[76.3767,11.6147],[76.3768,11.6046],[76.3711,11.6007],[76.3707,11.5935],[76.3654,11.5917],[76.3501,11.5827],[76.3403,11.5806],[76.3356,11.5783],[76.3335,11.5807],[76.3334,11.5851],[76.3286,11.5886],[76.3111,11.5775],[76.3092,11.5696],[76.3052,11.5704],[76.2979,11.5643],[76.2938,11.565],[76.2932,11.5718],[76.2906,11.5806],[76.2859,11.583],[76.2779,11.5835],[76.276,11.59],[76.271,11.5929],[76.2667,11.5893],[76.2597,11.5869],[76.2257,11.5644],[76.2269,11.5597],[76.2345,11.5465],[76.2383,11.5334],[76.2425,11.5288],[76.243,11.5242],[76.2396,11.5209],[76.2332,11.5187],[76.2415,11.5048],[76.2429,11.4987],[76.2448,11.4943],[76.2409,11.4752],[76.2401,11.4596],[76.2473,11.4641],[76.2579,11.4732],[76.2661,11.4687],[76.2781,11.4745],[76.2858,11.4686],[76.2877,11.466],[76.2841,11.4624],[76.289,11.4563],[76.298,11.4589],[76.3059,11.4534],[76.3209,11.4447],[76.3337,11.4587],[76.3391,11.4542],[76.3531,11.4508],[76.3615,11.448],[76.3706,11.4409],[76.3906,11.428],[76.4104,11.4336],[76.41,11.4252],[76.4082,11.4148],[76.4184,11.4053],[76.4393,11.3907],[76.4484,11.3814],[76.4729,11.3753],[76.5101,11.3612],[76.5095,11.3537],[76.5067,11.3477],[76.5095,11.3466],[76.5164,11.349],[76.5299,11.3477],[76.5382,11.3516],[76.5408,11.327],[76.5398,11.321],[76.5352,11.3163],[76.5305,11.3096],[76.5285,11.3034],[76.5305,11.2957],[76.5402,11.2923],[76.5341,11.288],[76.5219,11.2812],[76.5159,11.2725],[76.5131,11.2647],[76.5135,11.262],[76.4881,11.252],[76.4464,11.2305],[76.4429,11.2001],[76.438,11.1945],[76.4403,11.1913],[76.4436,11.1909],[76.4527,11.1802],[76.4588,11.1841],[76.4665,11.1861],[76.4659,11.1987],[76.4748,11.2013],[76.4876,11.2028],[76.5023,11.2029],[76.506,11.202],[76.5102,11.1953],[76.5212,11.1903],[76.5361,11.1893],[76.548,11.1931],[76.5778,11.1968],[76.5933,11.1975],[76.6021,11.1955],[76.623,11.1857],[76.6297,11.1908],[76.6416,11.1965],[76.6534,11.2043],[76.6682,11.2107],[76.6782,11.2188],[76.6778,11.2228],[76.6794,11.227],[76.697,11.2313],[76.7104,11.2183],[76.7205,11.2116],[76.7226,11.2081],[76.7256,11.2089],[76.7265,11.2065],[76.718,11.1983],[76.7179,11.1924],[76.7212,11.1845],[76.7138,11.178],[76.7064,11.1796],[76.7013,11.1745],[76.6968,11.1719],[76.6935,11.1667],[76.689,11.1651],[76.686,11.1577],[76.6912,11.1445],[76.6951,11.1402],[76.6967,11.1327],[76.7001,11.1314],[76.7036,11.132],[76.7056,11.1361],[76.7027,11.1386],[76.703,11.1418],[76.7098,11.1403],[76.7127,11.1329],[76.7154,11.1284],[76.7222,11.1225],[76.7293,11.1254],[76.7349,11.1251],[76.7387,11.1213],[76.7389,11.1149],[76.7406,11.1099],[76.7394,11.1036],[76.735,11.0991],[76.7341,11.0934],[76.7386,11.084],[76.7427,11.086],[76.7457,11.0839],[76.7463,11.0789],[76.748,11.0751],[76.7464,11.0709],[76.7345,11.0639],[76.7344,11.0583],[76.736,11.0545],[76.7371,11.0475],[76.7402,11.0456],[76.7465,11.047],[76.7511,11.0468],[76.7548,11.0392],[76.7623,11.0343],[76.7672,11.0322],[76.7754,11.0343],[76.79,11.0497],[76.7934,11.047],[76.7925,11.0424],[76.7868,11.0323],[76.7818,11.029],[76.757,11.0246],[76.744,11.0259],[76.7324,11.029],[76.7121,11.0325],[76.7065,11.0314],[76.6988,11.0227],[76.6904,11.0175],[76.6798,10.9994],[76.6808,10.9927],[76.6787,10.9861],[76.6778,10.9797],[76.6604,10.9605],[76.6593,10.9505],[76.655,10.9422],[76.6573,10.9387],[76.6556,10.9343],[76.6474,10.929],[76.6492,10.9242],[76.6528,10.92],[76.6749,10.9064],[76.6846,10.9024],[76.693,10.9023],[76.7004,10.9008],[76.7114,10.8956],[76.7185,10.8898],[76.7228,10.8876],[76.7279,10.8868],[76.7308,10.8841],[76.7327,10.881],[76.7394,10.8844],[76.744,10.8849],[76.7491,10.8848],[76.7619,10.8798],[76.7667,10.8817],[76.773,10.8816],[76.7777,10.879],[76.7813,10.8739],[76.7853,10.8715],[76.7909,10.871],[76.8176,10.8618],[76.8209,10.8589],[76.8246,10.8504],[76.8276,10.8471],[76.8341,10.8427],[76.8387,10.8376],[76.8427,10.8319],[76.8452,10.8265],[76.8434,10.8225],[76.8371,10.8155],[76.8404,10.8077],[76.8526,10.8085],[76.86,10.7998],[76.8819,10.8011],[76.8883,10.7999],[76.8915,10.7922],[76.8975,10.7708],[76.8967,10.7661],[76.8939,10.7606],[76.8943,10.7554],[76.8931,10.7504],[76.8904,10.7475],[76.8877,10.743],[76.8868,10.7367],[76.8804,10.7261],[76.8793,10.7202],[76.8813,10.7129],[76.8837,10.7074],[76.881,10.7061],[76.875,10.7067],[76.8651,10.6929],[76.8616,10.6863],[76.8619,10.6806],[76.8598,10.6771],[76.8555,10.6753],[76.8551,10.6724],[76.8633,10.667],[76.8677,10.6662],[76.8702,10.6641],[76.8704,10.6608],[76.8695,10.6564],[76.8722,10.6535],[76.8746,10.6392],[76.8726,10.6294],[76.8595,10.6252],[76.8525,10.6239],[76.8447,10.6263],[76.8382,10.6267],[76.8313,10.6259],[76.8269,10.6271],[76.8224,10.6274],[76.8147,10.626],[76.805,10.6263],[76.8057,10.6208],[76.8033,10.6141],[76.805,10.6091],[76.8085,10.6073],[76.8096,10.6043],[76.8086,10.5945],[76.8154,10.5883],[76.8245,10.5896],[76.8283,10.5883],[76.8297,10.5851],[76.8293,10.5765],[76.826,10.5675],[76.8255,10.5616],[76.8291,10.5571],[76.8302,10.553],[76.8257,10.543],[76.8245,10.5376],[76.832,10.5292],[76.8314,10.5246],[76.8253,10.503],[76.8203,10.4907],[76.821,10.4802],[76.8175,10.4385],[76.8073,10.4149],[76.812,10.4114],[76.815,10.4018],[76.8215,10.4034],[76.8226,10.3989],[76.8226,10.3941],[76.8157,10.3865],[76.8205,10.3818],[76.8246,10.3752],[76.8307,10.3721],[76.8382,10.3626],[76.8393,10.3597],[76.8362,10.353],[76.8358,10.3464],[76.8276,10.3376],[76.8257,10.3342],[76.8268,10.3303],[76.8259,10.32],[76.8242,10.3123],[76.8196,10.3026],[76.8197,10.2952],[76.8249,10.2938],[76.83,10.2911],[76.8319,10.2838],[76.8353,10.2817],[76.8385,10.2776],[76.8399,10.2775],[76.8399,10.2814],[76.8406,10.2836],[76.8507,10.2828],[76.8579,10.2893],[76.8606,10.2907],[76.8643,10.29],[76.8621,10.2825],[76.8616,10.2696],[76.8623,10.2671],[76.8708,10.2641],[76.8771,10.2563],[76.8846,10.2551],[76.8918,10.2431],[76.8936,10.2374],[76.8923,10.2327],[76.8987,10.2326],[76.9012,10.2278],[76.9055,10.2248],[76.9093,10.2232],[76.9203,10.2254],[76.925,10.2298],[76.9278,10.2296],[76.9392,10.2211],[76.9459,10.2228],[76.9523,10.2198],[76.9588,10.2187],[76.9618,10.2158],[76.9673,10.2126],[76.9708,10.2087],[76.9746,10.2139],[76.9815,10.2199],[76.9873,10.2199],[76.9914,10.223],[76.9937,10.2277],[76.9958,10.2294],[76.9994,10.2298],[77.0067,10.2364],[77.0152,10.2376],[77.016,10.241],[77.0186,10.2418],[77.0303,10.2429],[77.0386,10.2482],[77.0425,10.262],[77.0338,10.2722],[77.0461,10.2743],[77.0533,10.2799],[77.0511,10.2829],[77.0519,10.2855],[77.0608,10.2865],[77.0676,10.2902],[77.0734,10.2958],[77.0817,10.2997],[77.088,10.3018],[77.0922,10.3043],[77.1007,10.3045],[77.1083,10.3072],[77.1143,10.3106],[77.1193,10.3155],[77.1267,10.3202],[77.1341,10.3237],[77.1482,10.3341],[77.163,10.3463],[77.1688,10.346],[77.1731,10.344],[77.1814,10.3432],[77.189,10.3462],[77.1927,10.3434],[77.1995,10.342],[77.2144,10.3414],[77.2222,10.3403],[77.2225,10.3285],[77.2183,10.322],[77.2145,10.3058],[77.2172,10.298],[77.2209,10.296],[77.2319,10.2772],[77.2465,10.2576],[77.2505,10.2538],[77.2476,10.2516],[77.2453,10.2486],[77.2448,10.2452],[77.2458,10.2322],[77.2455,10.2263],[77.2465,10.2206],[77.2492,10.2221],[77.2512,10.2244],[77.2542,10.2233],[77.2556,10.2255],[77.2588,10.2239],[77.2662,10.2251],[77.27,10.2243],[77.2748,10.2205],[77.2804,10.2073],[77.2791,10.204],[77.2762,10.2037],[77.2739,10.2015],[77.273,10.1978],[77.2697,10.1968],[77.2714,10.1941],[77.2694,10.1871],[77.2644,10.1797],[77.2591,10.1554],[77.2596,10.1412],[77.2574,10.1359],[77.2576,10.1322],[77.2601,10.1307],[77.261,10.1287],[77.2598,10.1191],[77.255,10.1163],[77.2533,10.1114],[77.2461,10.1124],[77.2399,10.1141],[77.2348,10.1167],[77.2305,10.1201],[77.2251,10.1185],[77.2213,10.1154],[77.2187,10.1113],[77.2154,10.1093],[77.2123,10.1088],[77.206,10.106],[77.2033,10.1036],[77.1979,10.1065],[77.1946,10.1062],[77.1881,10.0957],[77.1878,10.0925],[77.1899,10.091],[77.1898,10.0866],[77.1907,10.0812],[77.1952,10.0735],[77.1991,10.0707],[77.2044,10.0685],[77.2129,10.0585],[77.2182,10.0569],[77.2207,10.0506],[77.2245,10.0455],[77.2307,10.0395],[77.2371,10.0352],[77.2423,10.0262],[77.2456,10.0236],[77.2481,10.0202],[77.2489,10.0158],[77.2444,10.0077],[77.2407,10.0029],[77.2409,10.0001],[77.2477,9.9948],[77.2477,9.9912],[77.2479,9.9912],[77.2451,9.9862],[77.2467,9.9815],[77.2508,9.9814],[77.2488,9.9774],[77.2498,9.9728],[77.2595,9.9662],[77.2614,9.9637],[77.259,9.9534],[77.2553,9.9502],[77.2499,9.9425],[77.2402,9.9431],[77.2366,9.9414],[77.2359,9.9434],[77.2347,9.9428],[77.2345,9.9381],[77.2219,9.9228],[77.2209,9.9178],[77.2169,9.9058],[77.2044,9.8943],[77.2065,9.8778],[77.2027,9.8747],[77.2014,9.8698],[77.1991,9.866],[77.2092,9.8538],[77.2133,9.852],[77.2183,9.8535],[77.2237,9.849],[77.2237,9.843],[77.2138,9.8385],[77.2134,9.8329],[77.215,9.8309],[77.2089,9.8145],[77.2124,9.8129],[77.219,9.8133],[77.2195,9.8088],[77.2271,9.8063],[77.2328,9.7973],[77.232,9.7944],[77.234,9.7885],[77.2267,9.7868],[77.2225,9.7818],[77.2098,9.7799],[77.2107,9.7664],[77.2186,9.76],[77.2124,9.7554],[77.2114,9.7452],[77.206,9.7375],[77.2082,9.7217],[77.1999,9.7173],[77.1899,9.7155],[77.1902,9.7062],[77.189,9.6975],[77.1917,9.6862],[77.1859,9.6782],[77.1848,9.6715],[77.1822,9.6687],[77.1796,9.6604],[77.1725,9.6562],[77.1731,9.6518],[77.1689,9.6516],[77.1657,9.6482],[77.1659,9.638],[77.1606,9.6302],[77.1607,9.6273],[77.1622,9.6198],[77.1546,9.614],[77.1549,9.6084],[77.1519,9.606],[77.1555,9.6015],[77.1673,9.6007],[77.1746,9.5972],[77.1791,9.6015],[77.184,9.6024],[77.186,9.6059],[77.1959,9.6042],[77.1966,9.5957],[77.2008,9.5924],[77.2054,9.5923],[77.2086,9.5888],[77.2091,9.5844],[77.2147,9.5788],[77.2228,9.5728],[77.2299,9.5759],[77.2389,9.5734],[77.242,9.5715],[77.2448,9.5686],[77.2467,9.5687],[77.2505,9.5654],[77.255,9.565],[77.2579,9.5682],[77.2611,9.5667],[77.2753,9.5766],[77.275,9.581],[77.2795,9.5801],[77.2865,9.5873],[77.3043,9.593],[77.309,9.5888],[77.3137,9.5901],[77.3148,9.5886],[77.3108,9.5845],[77.312,9.5782],[77.3098,9.576],[77.3107,9.5704],[77.321,9.5674],[77.3248,9.5632],[77.3285,9.5732],[77.3409,9.5951],[77.3511,9.5893],[77.3513,9.588],[77.3492,9.5865],[77.3462,9.5878],[77.3448,9.5876],[77.3432,9.5848],[77.3409,9.5776],[77.3453,9.5673],[77.3437,9.5638],[77.3405,9.5641],[77.3359,9.5568],[77.3374,9.5549],[77.3381,9.5503],[77.34,9.5491],[77.3466,9.5486],[77.3488,9.5462],[77.3506,9.5403],[77.3505,9.5263],[77.3547,9.5239],[77.361,9.5162],[77.3663,9.5148],[77.3707,9.5087],[77.3868,9.5167],[77.3864,9.5068],[77.3901,9.5046],[77.3949,9.5044],[77.3962,9.4965],[77.3879,9.491],[77.3855,9.4862],[77.3839,9.4791],[77.3841,9.4698],[77.3868,9.4674],[77.3822,9.4612],[77.3774,9.4587],[77.3786,9.4508],[77.3722,9.4453],[77.3677,9.4439],[77.3636,9.4433],[77.3602,9.4437],[77.3566,9.4479],[77.3516,9.4497],[77.3454,9.4453],[77.3429,9.4404],[77.3343,9.4311],[77.3346,9.4239],[77.3319,9.4214],[77.3301,9.4152],[77.3241,9.4082],[77.3217,9.4057],[77.3214,9.4018],[77.3274,9.3941],[77.3276,9.3898],[77.3249,9.3835],[77.3261,9.3805],[77.3258,9.3787],[77.3198,9.3761],[77.3195,9.3633],[77.323,9.3586],[77.32,9.3548],[77.3206,9.3511],[77.3097,9.3346],[77.3113,9.3279],[77.307,9.3276],[77.3001,9.325],[77.2906,9.3277],[77.2869,9.3269],[77.2841,9.3275],[77.2852,9.3212],[77.2823,9.3196],[77.2854,9.3156],[77.2868,9.3101],[77.2868,9.3081],[77.2842,9.3051],[77.2835,9.3009],[77.2777,9.2953],[77.2735,9.2942],[77.2701,9.2918],[77.2668,9.2909],[77.2671,9.2817],[77.2741,9.2632],[77.2676,9.2624],[77.2678,9.2579],[77.2659,9.2553],[77.2657,9.2437],[77.2625,9.2409],[77.2636,9.2319],[77.2595,9.2244],[77.2614,9.217],[77.2668,9.2088],[77.2582,9.2001],[77.2533,9.1934],[77.2503,9.1902],[77.247,9.1893],[77.2397,9.1899],[77.2396,9.1866],[77.2366,9.1792],[77.2433,9.1761],[77.2455,9.176],[77.2484,9.1758],[77.2523,9.165],[77.2496,9.156],[77.2518,9.143],[77.2461,9.1392],[77.2454,9.1355],[77.2377,9.13],[77.2326,9.1179],[77.2302,9.1148],[77.2257,9.1141],[77.217,9.1081],[77.2117,9.1064],[77.2094,9.0976],[77.2048,9.0958],[77.2022,9.0914],[77.1959,9.0884],[77.1897,9.0752],[77.1906,9.07],[77.1928,9.065],[77.1915,9.062],[77.1887,9.0565],[77.1843,9.0506],[77.1829,9.0471],[77.1802,9.0448],[77.1821,9.0365],[77.1701,9.0339],[77.1674,9.0385],[77.1538,9.0366],[77.1482,9.033],[77.1453,9.0272],[77.1469,9.0216],[77.1406,9.0154],[77.1365,9.0131],[77.1322,9.0119],[77.1333,9.0083],[77.1351,9.0055],[77.1342,9],[77.1373,8.9982],[77.1432,8.9979],[77.1439,8.9918],[77.1441,8.9918],[77.1469,8.9869],[77.1584,8.9782],[77.1632,8.9623],[77.1747,8.9569],[77.1753,8.9508],[77.1802,8.947],[77.1812,8.942],[77.1797,8.9375],[77.1816,8.9326],[77.1819,8.9288],[77.1792,8.921],[77.1806,8.9185],[77.1804,8.9157],[77.1848,8.9102],[77.1897,8.9126],[77.1868,8.9157],[77.1898,8.9196],[77.1939,8.9219],[77.1981,8.9193],[77.2047,8.9174],[77.2074,8.9139],[77.202,8.9067],[77.2063,8.8932],[77.2116,8.8931],[77.2147,8.8921],[77.2215,8.8881],[77.2239,8.8851],[77.2232,8.8778],[77.2271,8.8718],[77.232,8.8691],[77.2399,8.8681],[77.2415,8.8648],[77.243,8.8593],[77.2432,8.8551],[77.2404,8.8515],[77.2456,8.8451],[77.246,8.8431],[77.2429,8.8412],[77.247,8.8319],[77.2362,8.8176],[77.232,8.8135],[77.2309,8.8116],[77.2316,8.8071],[77.2274,8.8006],[77.224,8.7983],[77.2174,8.797],[77.2154,8.7867],[77.2147,8.7758],[77.2096,8.7737],[77.2053,8.7704],[77.1984,8.7695],[77.1993,8.7656],[77.2022,8.7609],[77.1978,8.7577],[77.1914,8.7584],[77.183,8.7611],[77.1808,8.7576],[77.1834,8.7534],[77.1837,8.7481],[77.1811,8.7408],[77.1765,8.735],[77.1709,8.7334],[77.1627,8.7352],[77.1572,8.7408],[77.1553,8.7376],[77.1574,8.7312],[77.1629,8.7209],[77.1617,8.7152],[77.167,8.7076],[77.1723,8.7032],[77.1793,8.6996],[77.183,8.69],[77.1877,8.6838],[77.1898,8.6774],[77.1905,8.6712],[77.1871,8.6623],[77.1903,8.6549],[77.1952,8.6487],[77.1985,8.6411],[77.2052,8.6353],[77.2083,8.6312],[77.2124,8.6288],[77.2187,8.6184],[77.2283,8.6129],[77.2279,8.6031],[77.2284,8.5978],[77.2321,8.5921],[77.2376,8.5884],[77.2429,8.5806],[77.2515,8.571],[77.2597,8.5491],[77.2651,8.5426],[77.2652,8.5374],[77.2582,8.5281],[77.2525,8.5171],[77.2475,8.5014],[77.2413,8.4981],[77.2324,8.4959],[77.2275,8.4906],[77.2226,8.4883],[77.2173,8.4961],[77.2064,8.5044],[77.1986,8.5039],[77.192,8.4994],[77.1865,8.4934],[77.1909,8.4882],[77.1946,8.4694],[77.1988,8.4602],[77.2051,8.4555],[77.2091,8.4507],[77.2102,8.4431],[77.2095,8.4377],[77.1988,8.4368],[77.1887,8.4347],[77.1827,8.4275],[77.1804,8.4186],[77.1798,8.4091],[77.1722,8.4017],[77.1671,8.3955],[77.1645,8.3878],[77.1537,8.3774],[77.1494,8.3754],[77.1458,8.3817],[77.1407,8.3828],[77.1348,8.3785],[77.1358,8.3725],[77.1412,8.369],[77.1432,8.3623],[77.1354,8.3517],[77.1358,8.3457],[77.1415,8.3491],[77.1475,8.3546],[77.152,8.3547],[77.1546,8.3514],[77.1568,8.3452],[77.1509,8.3355],[77.1511,8.3309],[77.1532,8.3257],[77.1597,8.3174],[77.1597,8.3125],[77.1548,8.3136],[77.1521,8.3195],[77.1498,8.3219],[77.1447,8.3202],[77.137,8.3201],[77.1306,8.3242],[77.1219,8.3229],[77.1115,8.3165],[77.1088,8.3129],[77.1009,8.3117],[77.1047,8.3016],[77.0982,8.3015],[77.0965,8.2981],[77.0907,8.2975],[77.0907,8.2976],[77.0904,8.2976],[77.0904,8.2979],[77.0899,8.2979],[77.0899,8.2982],[77.0893,8.2982],[77.0893,8.2985],[77.0885,8.2985],[77.0885,8.2988],[77.0882,8.2988],[77.0882,8.2993],[77.0876,8.2993],[77.0876,8.2996],[77.0871,8.2996],[77.0871,8.2999],[77.0868,8.2999],[77.0868,8.3001],[77.0865,8.3001],[77.0865,8.3004],[77.0857,8.3004],[77.0857,8.3007],[77.0854,8.3007],[77.0854,8.3013],[77.0851,8.3013],[77.0851,8.3015],[77.0854,8.3015],[77.0854,8.3024],[77.0851,8.3024],[77.0851,8.3032],[77.0857,8.3032],[77.0857,8.3029],[77.0865,8.3029],[77.0865,8.3032],[77.0863,8.3032],[77.0863,8.3035],[77.086,8.3035],[77.086,8.304],[77.0857,8.304],[77.0857,8.3043],[77.0851,8.3043],[77.0851,8.3046],[77.0846,8.3046],[77.0846,8.3049],[77.084,8.3049],[77.084,8.3051],[77.0835,8.3051],[77.0835,8.3054],[77.0832,8.3054],[77.0832,8.3057],[77.0826,8.3057],[77.0826,8.306],[77.0824,8.306],[77.0824,8.3062],[77.0818,8.3062],[77.0818,8.3068],[77.0815,8.3068],[77.0815,8.3074],[77.0813,8.3074],[77.0813,8.3076],[77.0807,8.3076],[77.0807,8.3079],[77.0804,8.3079],[77.0804,8.3082],[77.0801,8.3082],[77.0801,8.3085],[77.0796,8.3085],[77.0796,8.3088],[77.0793,8.3088],[77.0793,8.309],[77.0785,8.309],[77.0785,8.3085],[77.0779,8.3085],[77.0779,8.3088],[77.0771,8.3088],[77.0771,8.3085],[77.0768,8.3085],[77.0768,8.3088],[77.0765,8.3088],[77.0765,8.309],[77.0762,8.309],[77.0762,8.3093],[77.076,8.3093],[77.076,8.3096],[77.0757,8.3096],[77.0757,8.3099],[77.0754,8.3099],[77.0754,8.3101],[77.0751,8.3101],[77.0751,8.3104],[77.0746,8.3104],[77.0746,8.3107],[77.074,8.3107],[77.074,8.311],[77.0738,8.311],[77.0738,8.3112],[77.0732,8.3112],[77.0732,8.3115],[77.0729,8.3115],[77.0729,8.3118],[77.0724,8.3118],[77.0724,8.3121],[77.0721,8.3121],[77.0721,8.3124],[77.0715,8.3124],[77.0715,8.3126],[77.0713,8.3126],[77.0713,8.3129],[77.0707,8.3129],[77.0707,8.3132],[77.0704,8.3132],[77.0704,8.3135],[77.0699,8.3135],[77.0699,8.3138],[77.0696,8.3138],[77.0696,8.314],[77.069,8.314],[77.069,8.3143],[77.0687,8.3143],[77.0687,8.3146],[77.0682,8.3146],[77.0682,8.3149],[77.0679,8.3149],[77.0679,8.3151],[77.0676,8.3151],[77.0676,8.3154],[77.0674,8.3154],[77.0674,8.3157],[77.0671,8.3157],[77.0671,8.316],[77.0668,8.316],[77.0668,8.3165],[77.0665,8.3165],[77.0665,8.3168],[77.0663,8.3168],[77.0663,8.3171],[77.066,8.3171],[77.066,8.3174],[77.0654,8.3174],[77.0654,8.3176],[77.0651,8.3176],[77.0651,8.3179],[77.0649,8.3179],[77.0649,8.3182],[77.0646,8.3182],[77.0646,8.3185],[77.064,8.3185],[77.064,8.3188],[77.0632,8.3188],[77.0632,8.319],[77.0618,8.319],[77.0618,8.3193],[77.0615,8.3193],[77.0615,8.3199],[77.0612,8.3199],[77.0612,8.3204],[77.0607,8.3204],[77.0607,8.321],[77.0604,8.321],[77.0604,8.3213],[77.0596,8.3213],[77.0596,8.3215],[77.059,8.3215],[77.059,8.3218],[77.0587,8.3218],[77.0587,8.3221],[77.0585,8.3221],[77.0585,8.3224],[77.0579,8.3224],[77.0579,8.3229],[77.0574,8.3229],[77.0574,8.3235],[77.0571,8.3235],[77.0571,8.3237],[77.0568,8.3238],[77.0568,8.324],[77.0565,8.324],[77.0565,8.3243],[77.0563,8.3243],[77.0563,8.3246],[77.0557,8.3246],[77.0557,8.3249],[77.0554,8.3249],[77.0554,8.3251],[77.0551,8.3251],[77.0551,8.3257],[77.0546,8.3257],[77.0546,8.326],[77.054,8.326],[77.054,8.3265],[77.0535,8.3265],[77.0535,8.3268],[77.0529,8.3268],[77.0529,8.3271],[77.0526,8.3271],[77.0526,8.3274],[77.0521,8.3274],[77.0521,8.3276],[77.0515,8.3276],[77.0515,8.3282],[77.0512,8.3282],[77.0512,8.3285],[77.051,8.3285],[77.051,8.329],[77.0504,8.329],[77.0504,8.3293],[77.0501,8.3293],[77.0501,8.3296],[77.0496,8.3296],[77.0496,8.3301],[77.0493,8.3301],[77.0493,8.3304],[77.049,8.3304],[77.049,8.3307],[77.0488,8.3307],[77.0488,8.331],[77.0485,8.331],[77.0485,8.3313],[77.0482,8.3313],[77.0482,8.3318],[77.0479,8.3318],[77.0479,8.3321],[77.0476,8.3321],[77.0476,8.3326],[77.0474,8.3326],[77.0474,8.3332],[77.0471,8.3332],[77.0471,8.3337],[77.046,8.3337],[77.046,8.334],[77.0454,8.334],[77.0454,8.3343],[77.0451,8.3343],[77.0451,8.3346],[77.0449,8.3346],[77.0449,8.3349],[77.0443,8.3349],[77.0443,8.3351],[77.044,8.3351],[77.044,8.3354],[77.0437,8.3354],[77.0437,8.3357],[77.0435,8.3357],[77.0435,8.336],[77.0429,8.336],[77.0429,8.3363],[77.0424,8.3363],[77.0424,8.3365],[77.0421,8.3365],[77.0421,8.3368],[77.0415,8.3368],[77.0415,8.3374],[77.0413,8.3374],[77.0413,8.3376],[77.0407,8.3376],[77.0407,8.3379],[77.0396,8.3379],[77.0396,8.3382],[77.0393,8.3382],[77.0393,8.3388],[77.039,8.3388],[77.039,8.339],[77.0387,8.339],[77.0387,8.3393],[77.0385,8.3393],[77.0385,8.3396],[77.0382,8.3396],[77.0382,8.3399],[77.0379,8.3399],[77.0379,8.3404],[77.0376,8.3404],[77.0376,8.3407],[77.0371,8.3407],[77.0371,8.341],[77.0368,8.341],[77.0368,8.3413],[77.0362,8.3413],[77.0362,8.3415],[77.036,8.3415],[77.036,8.3418],[77.0357,8.3418],[77.0357,8.3421],[77.0351,8.3421],[77.0351,8.3424],[77.0349,8.3424],[77.0349,8.3426],[77.0346,8.3426],[77.0346,8.3429],[77.034,8.3429],[77.034,8.3432],[77.0338,8.3432],[77.0338,8.3438],[77.0335,8.3438],[77.0335,8.344],[77.0329,8.344],[77.0329,8.3443],[77.0326,8.3443],[77.0326,8.3446],[77.0321,8.3446],[77.0321,8.3449],[77.0318,8.3449],[77.0318,8.3451],[77.0315,8.3451],[77.0315,8.3454],[77.0313,8.3454],[77.0313,8.3457],[77.031,8.3457],[77.031,8.346],[77.0307,8.346],[77.0307,8.3463],[77.0304,8.3463],[77.0304,8.3465],[77.0299,8.3465],[77.0299,8.3468],[77.0296,8.3468],[77.0296,8.3471],[77.0293,8.3471],[77.0293,8.3476],[77.029,8.3476],[77.029,8.3479],[77.0287,8.3479],[77.0287,8.3482],[77.0282,8.3482],[77.0282,8.3485],[77.0279,8.3485],[77.0279,8.3488],[77.0276,8.3488],[77.0276,8.349],[77.0268,8.349],[77.0268,8.3493],[77.0263,8.3493],[77.0263,8.3496],[77.026,8.3496],[77.026,8.3499],[77.0257,8.3499],[77.0257,8.3501],[77.0251,8.3501],[77.0251,8.3504],[77.0246,8.3504],[77.0246,8.3507],[77.0243,8.3507],[77.0243,8.351],[77.0238,8.351],[77.0238,8.3513],[77.0235,8.3513],[77.0235,8.3515],[77.0229,8.3515],[77.0229,8.3518],[77.0226,8.3518],[77.0226,8.3521],[77.0221,8.3521],[77.0221,8.3524],[77.0218,8.3524],[77.0218,8.3526],[77.0212,8.3526],[77.0212,8.3529],[77.021,8.3529],[77.021,8.3532],[77.0204,8.3532],[77.0204,8.3535],[77.0201,8.3535],[77.0201,8.3538],[77.0193,8.3538],[77.0193,8.354],[77.019,8.354],[77.019,8.3543],[77.0188,8.3543],[77.0188,8.3549],[77.0185,8.3549],[77.0185,8.3551],[77.0182,8.3551],[77.0182,8.3554],[77.0179,8.3554],[77.0179,8.356],[77.0171,8.356],[77.0171,8.3562],[77.0163,8.3562],[77.0163,8.3565],[77.0151,8.3565],[77.0151,8.3562],[77.0143,8.3562],[77.0143,8.3557],[77.0132,8.3557],[77.0132,8.356],[77.0124,8.356],[77.0124,8.3562],[77.0099,8.3562],[77.0099,8.3565],[77.0096,8.3565],[77.0096,8.3568],[77.0093,8.3568],[77.0093,8.3571],[77.0088,8.3571],[77.0088,8.3574],[77.0085,8.3574],[77.0085,8.3593],[77.0082,8.3593],[77.0082,8.3601],[77.0079,8.3601],[77.0079,8.3615],[77.0076,8.3615],[77.0076,8.3621],[77.0074,8.3621],[77.0074,8.3626],[77.0071,8.3626],[77.0071,8.3632],[77.0068,8.3632],[77.0068,8.3635],[77.0062,8.3635],[77.0062,8.3638],[77.006,8.3638],[77.006,8.364],[77.0054,8.364],[77.0054,8.3643],[77.0051,8.3643],[77.0051,8.3646],[77.0046,8.3646],[77.0046,8.3649],[77.0043,8.3649],[77.0043,8.3651],[77.0035,8.3651],[77.0035,8.3657],[77.0032,8.3657],[77.0032,8.3687],[77.0029,8.3687],[77.0029,8.3693],[77.0026,8.3693],[77.0026,8.3699],[77.0024,8.3699],[77.0024,8.3704],[77.0021,8.3704],[77.0021,8.371],[77.0018,8.371],[77.0018,8.3713],[77.0013,8.3713],[77.0013,8.3715],[77.0001,8.3715],[76.9999,8.3715],[76.9999,8.3718],[76.9993,8.3718],[76.9993,8.3724],[76.999,8.3724],[76.999,8.3729],[76.9987,8.3729],[76.9987,8.3735],[76.9985,8.3735],[76.9985,8.3738],[76.9982,8.3738],[76.9982,8.374],[76.9976,8.374],[76.9976,8.3743],[76.9974,8.3743],[76.9974,8.3746],[76.9971,8.3746],[76.9971,8.3749],[76.9965,8.3749],[76.9965,8.3751],[76.9963,8.3751],[76.9963,8.3754],[76.9957,8.3754],[76.9957,8.376],[76.9954,8.376],[76.9954,8.3763],[76.9938,8.3763],[76.9938,8.3765],[76.9932,8.3765],[76.9932,8.3763],[76.9926,8.3763],[76.9926,8.3757],[76.9921,8.3757],[76.9921,8.3751],[76.9915,8.3751],[76.9915,8.3757],[76.991,8.3757],[76.991,8.376],[76.9907,8.376],[76.9907,8.3768],[76.9904,8.3768],[76.9904,8.3771],[76.9901,8.3771],[76.9901,8.3774],[76.9887,8.3774],[76.9887,8.3771],[76.9885,8.3771],[76.9885,8.376],[76.9887,8.376],[76.9887,8.3754],[76.989,8.3754],[76.989,8.3749],[76.9893,8.3749],[76.9893,8.3746],[76.9896,8.3746],[76.9896,8.3743],[76.9899,8.3743],[76.9899,8.374],[76.9901,8.374],[76.9901,8.3729],[76.9896,8.3729],[76.9896,8.3732],[76.9893,8.3732],[76.9893,8.3738],[76.989,8.3738],[76.989,8.374],[76.9887,8.374],[76.9887,8.3743],[76.9882,8.3743],[76.9882,8.3746],[76.9879,8.3746],[76.9879,8.3749],[76.9876,8.3749],[76.9876,8.3751],[76.9868,8.3751],[76.9868,8.3754],[76.9863,8.3754],[76.9863,8.3757],[76.986,8.3757],[76.986,8.376],[76.9854,8.376],[76.9854,8.3763],[76.9849,8.3763],[76.9849,8.3771],[76.9846,8.3771],[76.9846,8.3779],[76.9843,8.3779],[76.9843,8.3787],[76.984,8.3787],[76.984,8.3793],[76.9835,8.3793],[76.9835,8.3796],[76.9829,8.3796],[76.9829,8.3799],[76.9826,8.3799],[76.9826,8.3801],[76.9824,8.3801],[76.9824,8.3799],[76.9821,8.3799],[76.9821,8.3804],[76.9815,8.3804],[76.9815,8.3807],[76.9812,8.3807],[76.9812,8.381],[76.9804,8.381],[76.9804,8.3813],[76.9801,8.3813],[76.9801,8.3815],[76.9788,8.3815],[76.9788,8.3824],[76.9785,8.3824],[76.9785,8.384],[76.9782,8.384],[76.9782,8.3849],[76.9776,8.3849],[76.9776,8.3851],[76.9768,8.3851],[76.9768,8.3849],[76.9757,8.3849],[76.9757,8.3846],[76.9754,8.3846],[76.9754,8.3851],[76.9749,8.3851],[76.9749,8.3862],[76.9751,8.3862],[76.9751,8.3871],[76.9754,8.3871],[76.9754,8.3876],[76.9757,8.3876],[76.9757,8.3879],[76.9754,8.3879],[76.9754,8.3888],[76.9751,8.3888],[76.9751,8.389],[76.9743,8.389],[76.9743,8.3893],[76.974,8.3893],[76.974,8.3896],[76.9726,8.3896],[76.9726,8.3899],[76.9721,8.3899],[76.9721,8.3904],[76.9718,8.3904],[76.9718,8.3912],[76.9715,8.3912],[76.9715,8.3921],[76.971,8.3921],[76.971,8.3926],[76.9704,8.3926],[76.9704,8.3932],[76.9701,8.3932],[76.9701,8.3935],[76.9699,8.3935],[76.9699,8.394],[76.9696,8.394],[76.9696,8.3943],[76.9699,8.3943],[76.9699,8.3946],[76.9704,8.3946],[76.9704,8.3949],[76.9707,8.3949],[76.9707,8.3951],[76.9715,8.3951],[76.9715,8.3957],[76.9718,8.3957],[76.9718,8.396],[76.9729,8.396],[76.9729,8.3962],[76.9732,8.3962],[76.9732,8.3971],[76.9729,8.3971],[76.9729,8.3976],[76.9726,8.3976],[76.9726,8.3979],[76.9724,8.3979],[76.9724,8.3982],[76.9721,8.3982],[76.9721,8.399],[76.9718,8.399],[76.9718,8.3993],[76.9721,8.3993],[76.9721,8.3996],[76.9715,8.3996],[76.9715,8.4004],[76.9713,8.4004],[76.9713,8.4018],[76.971,8.4018],[76.971,8.4026],[76.9707,8.4026],[76.9707,8.4035],[76.9704,8.4035],[76.9704,8.4038],[76.9701,8.4038],[76.9701,8.4043],[76.9699,8.4043],[76.9699,8.4049],[76.9696,8.4049],[76.9696,8.406],[76.9693,8.406],[76.9693,8.4065],[76.969,8.4065],[76.969,8.4068],[76.9688,8.4068],[76.9688,8.4076],[76.9685,8.4076],[76.9685,8.4082],[76.9682,8.4082],[76.9682,8.4085],[76.9679,8.4085],[76.9679,8.4093],[76.9676,8.4093],[76.9676,8.4096],[76.9674,8.4096],[76.9674,8.4099],[76.9671,8.4099],[76.9671,8.4101],[76.9668,8.4101],[76.9668,8.4107],[76.9662,8.4107],[76.9662,8.4113],[76.9657,8.4113],[76.9657,8.4118],[76.9654,8.4118],[76.9654,8.4124],[76.9651,8.4124],[76.9651,8.4132],[76.9649,8.4132],[76.9649,8.4143],[76.9643,8.4143],[76.9643,8.4149],[76.9638,8.4149],[76.9638,8.4157],[76.9635,8.4157],[76.9635,8.4165],[76.9632,8.4165],[76.9632,8.4174],[76.9626,8.4174],[76.9626,8.4176],[76.9624,8.4176],[76.9624,8.4185],[76.9618,8.4185],[76.9618,8.419],[76.9615,8.419],[76.9615,8.4196],[76.961,8.4196],[76.961,8.4199],[76.9607,8.4199],[76.9607,8.4204],[76.9604,8.4204],[76.9604,8.4207],[76.9601,8.4207],[76.9601,8.4213],[76.9599,8.4213],[76.9599,8.4218],[76.9593,8.4218],[76.9593,8.4221],[76.959,8.4221],[76.959,8.4226],[76.9587,8.4226],[76.9587,8.4229],[76.9585,8.4229],[76.9585,8.4232],[76.9579,8.4232],[76.9579,8.4235],[76.9574,8.4235],[76.9574,8.4238],[76.9571,8.4238],[76.9571,8.424],[76.9568,8.424],[76.9568,8.4243],[76.9565,8.4243],[76.9565,8.4246],[76.9563,8.4246],[76.9563,8.4251],[76.956,8.4251],[76.956,8.4254],[76.9557,8.4254],[76.9557,8.426],[76.9554,8.426],[76.9554,8.4263],[76.9551,8.4263],[76.9551,8.4265],[76.9549,8.4265],[76.9549,8.4271],[76.9546,8.4271],[76.9546,8.4274],[76.9543,8.4274],[76.9543,8.4279],[76.954,8.4279],[76.954,8.4282],[76.9538,8.4282],[76.9538,8.4288],[76.9535,8.4288],[76.9535,8.429],[76.9532,8.429],[76.9532,8.4293],[76.9529,8.4293],[76.9529,8.4296],[76.9526,8.4296],[76.9526,8.4301],[76.9524,8.4301],[76.9524,8.4304],[76.9521,8.4304],[76.9521,8.4318],[76.9515,8.4318],[76.9515,8.4321],[76.9512,8.4321],[76.9512,8.4326],[76.951,8.4326],[76.951,8.4329],[76.9504,8.4329],[76.9504,8.4335],[76.9496,8.4335],[76.9496,8.4337],[76.9493,8.4337],[76.9493,8.4343],[76.949,8.4343],[76.949,8.4346],[76.9488,8.4346],[76.9488,8.4349],[76.9485,8.4348],[76.9485,8.4351],[76.9482,8.4351],[76.9482,8.4357],[76.9479,8.4357],[76.9479,8.436],[76.9476,8.436],[76.9476,8.4363],[76.9471,8.4363],[76.9471,8.4368],[76.9468,8.4368],[76.9468,8.4374],[76.9463,8.4374],[76.9463,8.4376],[76.946,8.4376],[76.946,8.4379],[76.9457,8.4379],[76.9457,8.439],[76.9454,8.439],[76.9454,8.4396],[76.9451,8.4396],[76.9451,8.4399],[76.9446,8.4399],[76.9446,8.4401],[76.9443,8.4401],[76.9443,8.4404],[76.944,8.4404],[76.944,8.4412],[76.9437,8.4412],[76.9437,8.4415],[76.9435,8.4415],[76.9435,8.4421],[76.9432,8.4421],[76.9432,8.4424],[76.9429,8.4424],[76.9429,8.4426],[76.9426,8.4426],[76.9426,8.4429],[76.9424,8.4429],[76.9424,8.4432],[76.9421,8.4432],[76.9421,8.4435],[76.9418,8.4435],[76.9418,8.4438],[76.9415,8.4438],[76.9415,8.4443],[76.941,8.4443],[76.941,8.4446],[76.9407,8.4446],[76.9407,8.4449],[76.9404,8.4449],[76.9404,8.4451],[76.9401,8.4451],[76.9401,8.4457],[76.9399,8.4457],[76.9399,8.4462],[76.9393,8.4462],[76.9393,8.4465],[76.939,8.4465],[76.939,8.4471],[76.9388,8.4471],[76.9388,8.4474],[76.9385,8.4474],[76.9385,8.4476],[76.9382,8.4476],[76.9382,8.4485],[76.9379,8.4485],[76.9379,8.449],[76.9376,8.449],[76.9376,8.4493],[76.9374,8.4493],[76.9374,8.4496],[76.9371,8.4496],[76.9371,8.4499],[76.9368,8.4499],[76.9368,8.4501],[76.9365,8.4501],[76.9365,8.4504],[76.9362,8.4504],[76.9362,8.4507],[76.936,8.4507],[76.936,8.4513],[76.9357,8.4513],[76.9357,8.4515],[76.9351,8.4515],[76.9351,8.4518],[76.9349,8.4518],[76.9349,8.4521],[76.9346,8.4521],[76.9346,8.4526],[76.9343,8.4526],[76.9343,8.4529],[76.934,8.4529],[76.934,8.4532],[76.9337,8.4532],[76.9337,8.4538],[76.9332,8.4538],[76.9332,8.454],[76.9329,8.454],[76.9329,8.4546],[76.9326,8.4546],[76.9326,8.4549],[76.9324,8.4549],[76.9324,8.4551],[76.9318,8.4551],[76.9318,8.4554],[76.9315,8.4554],[76.9315,8.456],[76.9313,8.456],[76.9313,8.4563],[76.931,8.4563],[76.931,8.4568],[76.9304,8.4568],[76.9304,8.4574],[76.9302,8.4574],[76.9302,8.4579],[76.9299,8.4579],[76.9299,8.4582],[76.9293,8.4582],[76.9293,8.4588],[76.9287,8.4588],[76.9287,8.4593],[76.9285,8.4593],[76.9285,8.4596],[76.9282,8.4596],[76.9282,8.4599],[76.9279,8.4599],[76.9279,8.4604],[76.9276,8.4604],[76.9276,8.4607],[76.9274,8.4607],[76.9274,8.4613],[76.9271,8.4613],[76.9271,8.4615],[76.9265,8.4615],[76.9265,8.4618],[76.9262,8.4618],[76.9262,8.4624],[76.9257,8.4624],[76.9257,8.4626],[76.9254,8.4626],[76.9254,8.4632],[76.9251,8.4632],[76.9251,8.4643],[76.9246,8.4643],[76.9246,8.4646],[76.9232,8.4646],[76.9232,8.4652],[76.9229,8.4651],[76.9229,8.4657],[76.9226,8.4657],[76.9226,8.466],[76.9224,8.466],[76.9224,8.4665],[76.9221,8.4665],[76.9221,8.4668],[76.9218,8.4668],[76.9218,8.4674],[76.9215,8.4674],[76.9215,8.4676],[76.9212,8.4676],[76.9212,8.4679],[76.9207,8.4679],[76.9207,8.4682],[76.9204,8.4682],[76.9204,8.4688],[76.9201,8.4688],[76.9201,8.4693],[76.9199,8.4693],[76.9199,8.4696],[76.9193,8.4696],[76.9193,8.4701],[76.919,8.4701],[76.919,8.4704],[76.9187,8.4704],[76.9187,8.4707],[76.9185,8.4707],[76.9185,8.4712],[76.9182,8.4712],[76.9182,8.4715],[76.9179,8.4715],[76.9179,8.4718],[76.9174,8.4718],[76.9174,8.4721],[76.9171,8.4721],[76.9171,8.4724],[76.9168,8.4724],[76.9168,8.4726],[76.9165,8.4726],[76.9165,8.4732],[76.9163,8.4732],[76.9163,8.4735],[76.9157,8.4735],[76.9157,8.474],[76.9154,8.474],[76.9154,8.4746],[76.9151,8.4746],[76.9151,8.4751],[76.9149,8.4751],[76.9149,8.4757],[76.9143,8.4757],[76.9143,8.476],[76.914,8.476],[76.914,8.4762],[76.9135,8.4762],[76.9135,8.4765],[76.9132,8.4765],[76.9132,8.4768],[76.9129,8.4768],[76.9129,8.4771],[76.9126,8.4771],[76.9126,8.4776],[76.9124,8.4776],[76.9124,8.4779],[76.9121,8.4779],[76.9121,8.4788],[76.9118,8.4788],[76.9118,8.4793],[76.9115,8.4793],[76.9115,8.4796],[76.9112,8.4796],[76.9112,8.4801],[76.9107,8.4801],[76.9107,8.4804],[76.9104,8.4804],[76.9104,8.4807],[76.9101,8.4807],[76.9101,8.481],[76.9096,8.481],[76.9096,8.4815],[76.9093,8.4815],[76.9093,8.4818],[76.9088,8.4818],[76.9088,8.4821],[76.9085,8.4821],[76.9085,8.4826],[76.9082,8.4826],[76.9082,8.4829],[76.9079,8.4829],[76.9079,8.4832],[76.9076,8.4832],[76.9076,8.4835],[76.9074,8.4835],[76.9074,8.4838],[76.9071,8.4838],[76.9071,8.484],[76.9068,8.484],[76.9068,8.4843],[76.9065,8.4843],[76.9065,8.4849],[76.9063,8.4849],[76.9063,8.4851],[76.906,8.4851],[76.906,8.4854],[76.9054,8.4854],[76.9054,8.486],[76.9051,8.486],[76.9051,8.4863],[76.9046,8.4863],[76.9046,8.4868],[76.9043,8.4868],[76.9043,8.4871],[76.904,8.4871],[76.904,8.4876],[76.9037,8.4876],[76.9037,8.4879],[76.9032,8.4879],[76.9032,8.4885],[76.9029,8.4885],[76.9029,8.489],[76.9024,8.489],[76.9024,8.4896],[76.9018,8.4896],[76.9018,8.4901],[76.9015,8.4901],[76.9015,8.4907],[76.9013,8.4907],[76.9013,8.491],[76.9007,8.491],[76.9007,8.4915],[76.9004,8.4915],[76.9004,8.4918],[76.8999,8.4918],[76.8999,8.4921],[76.8996,8.4921],[76.8996,8.4929],[76.8993,8.4929],[76.8993,8.4932],[76.899,8.4932],[76.899,8.4935],[76.8985,8.4935],[76.8985,8.4937],[76.8982,8.4937],[76.8982,8.494],[76.8979,8.494],[76.8979,8.4946],[76.8976,8.4946],[76.8976,8.4951],[76.8974,8.4951],[76.8974,8.4954],[76.8971,8.4954],[76.8971,8.4957],[76.8968,8.4957],[76.8968,8.496],[76.8965,8.496],[76.8965,8.4963],[76.8962,8.4963],[76.8962,8.4968],[76.8957,8.4968],[76.8957,8.4971],[76.8954,8.4971],[76.8954,8.4974],[76.8951,8.4974],[76.8951,8.4976],[76.8949,8.4976],[76.8949,8.4982],[76.8946,8.4982],[76.8946,8.4985],[76.8943,8.4985],[76.8943,8.499],[76.894,8.499],[76.894,8.4993],[76.8938,8.4993],[76.8938,8.4996],[76.8932,8.4996],[76.8932,8.4999],[76.8929,8.4999],[76.8929,8.5004],[76.8926,8.5004],[76.8926,8.5007],[76.8924,8.5007],[76.8924,8.5013],[76.8921,8.5013],[76.8921,8.5015],[76.8918,8.5015],[76.8918,8.5018],[76.8915,8.5018],[76.8915,8.5021],[76.8913,8.5021],[76.8913,8.5024],[76.891,8.5024],[76.891,8.5026],[76.8904,8.5026],[76.8904,8.5032],[76.8901,8.5032],[76.8901,8.5037],[76.8899,8.5037],[76.8899,8.504],[76.8896,8.504],[76.8896,8.5043],[76.8893,8.5043],[76.8893,8.5046],[76.889,8.5046],[76.889,8.5054],[76.8887,8.5054],[76.8887,8.5057],[76.8885,8.5057],[76.8885,8.506],[76.8882,8.506],[76.8882,8.5063],[76.8879,8.5063],[76.8879,8.5068],[76.8874,8.5068],[76.8874,8.5071],[76.8871,8.5071],[76.8871,8.5074],[76.8868,8.5074],[76.8868,8.5079],[76.8865,8.5079],[76.8865,8.5082],[76.8863,8.5082],[76.8863,8.5085],[76.886,8.5085],[76.886,8.5088],[76.8857,8.5088],[76.8857,8.509],[76.8854,8.509],[76.8854,8.5096],[76.8851,8.5096],[76.8851,8.5099],[76.8849,8.5099],[76.8849,8.5104],[76.8846,8.5104],[76.8846,8.511],[76.8843,8.511],[76.8843,8.5112],[76.884,8.5113],[76.884,8.5115],[76.8838,8.5115],[76.8838,8.5118],[76.8835,8.5118],[76.8835,8.5121],[76.8832,8.5121],[76.8832,8.5126],[76.8829,8.5126],[76.8829,8.5129],[76.8826,8.5129],[76.8826,8.5132],[76.8824,8.5132],[76.8824,8.5135],[76.8821,8.5135],[76.8821,8.514],[76.8818,8.514],[76.8818,8.5143],[76.8815,8.5143],[76.8815,8.5146],[76.8812,8.5146],[76.8812,8.5149],[76.881,8.5149],[76.881,8.5151],[76.8804,8.5151],[76.8804,8.5157],[76.8801,8.5157],[76.8801,8.5163],[76.8799,8.5163],[76.8799,8.5165],[76.8796,8.5165],[76.8796,8.5168],[76.8793,8.5168],[76.8793,8.5174],[76.8785,8.5174],[76.8785,8.5179],[76.8782,8.5179],[76.8782,8.5185],[76.8779,8.5185],[76.8779,8.519],[76.8776,8.519],[76.8776,8.5193],[76.8774,8.5193],[76.8774,8.5199],[76.8771,8.5199],[76.8771,8.5204],[76.8768,8.5204],[76.8768,8.5207],[76.8765,8.5207],[76.8765,8.5212],[76.8763,8.5212],[76.8763,8.5218],[76.876,8.5218],[76.876,8.5221],[76.8757,8.5221],[76.8757,8.5224],[76.8754,8.5224],[76.8754,8.5226],[76.8751,8.5226],[76.8751,8.5229],[76.8749,8.5229],[76.8749,8.5232],[76.8746,8.5232],[76.8746,8.5238],[76.8743,8.5238],[76.8743,8.524],[76.874,8.524],[76.874,8.5246],[76.8737,8.5246],[76.8737,8.5249],[76.8735,8.5249],[76.8735,8.5251],[76.8732,8.5251],[76.8732,8.5254],[76.8729,8.5254],[76.8729,8.5257],[76.8726,8.5257],[76.8726,8.526],[76.8724,8.526],[76.8724,8.5263],[76.8718,8.5263],[76.8718,8.5265],[76.8715,8.5265],[76.8715,8.5268],[76.8712,8.5268],[76.8712,8.5274],[76.871,8.5274],[76.871,8.5276],[76.8707,8.5276],[76.8707,8.5282],[76.8704,8.5282],[76.8704,8.5285],[76.8701,8.5285],[76.8701,8.5288],[76.8699,8.5288],[76.8699,8.529],[76.8693,8.529],[76.8693,8.5296],[76.869,8.5296],[76.869,8.5301],[76.8688,8.5301],[76.8688,8.5304],[76.8685,8.5304],[76.8685,8.531],[76.8682,8.531],[76.8682,8.5318],[76.8674,8.5318],[76.8674,8.5324],[76.8671,8.5324],[76.8671,8.5329],[76.8668,8.5329],[76.8668,8.5332],[76.8665,8.5332],[76.8665,8.5338],[76.8662,8.5338],[76.8662,8.534],[76.866,8.534],[76.866,8.5346],[76.8657,8.5346],[76.8657,8.5349],[76.8654,8.5349],[76.8654,8.5351],[76.8651,8.5351],[76.8651,8.536],[76.8649,8.536],[76.8649,8.5363],[76.8646,8.5363],[76.8646,8.5368],[76.864,8.5368],[76.864,8.5371],[76.8637,8.5371],[76.8637,8.5374],[76.8635,8.5374],[76.8635,8.5376],[76.8629,8.5376],[76.8629,8.5379],[76.8626,8.5379],[76.8626,8.5385],[76.8621,8.5385],[76.8621,8.5388],[76.8624,8.5388],[76.8624,8.539],[76.8618,8.539],[76.8618,8.5396],[76.8613,8.5396],[76.8613,8.5399],[76.861,8.5399],[76.861,8.5401],[76.8607,8.5401],[76.8607,8.5407],[76.8604,8.5407],[76.8604,8.541],[76.8601,8.541],[76.8601,8.5413],[76.8599,8.5413],[76.8599,8.5415],[76.8596,8.5415],[76.8596,8.5421],[76.8593,8.5421],[76.8593,8.5424],[76.859,8.5424],[76.859,8.5426],[76.8587,8.5426],[76.8587,8.5429],[76.8582,8.5429],[76.8582,8.5435],[76.8579,8.5435],[76.8579,8.544],[76.8576,8.544],[76.8576,8.5446],[76.8574,8.5446],[76.8574,8.5449],[76.8571,8.5449],[76.8571,8.5454],[76.8565,8.5454],[76.8565,8.5457],[76.8562,8.5457],[76.8562,8.546],[76.856,8.546],[76.856,8.5463],[76.8557,8.5462],[76.8557,8.5468],[76.8554,8.5468],[76.8554,8.5471],[76.8551,8.5471],[76.8551,8.5476],[76.8549,8.5476],[76.8549,8.5482],[76.8543,8.5482],[76.8543,8.5485],[76.854,8.5485],[76.854,8.549],[76.8538,8.549],[76.8538,8.5493],[76.8535,8.5493],[76.8535,8.5499],[76.8529,8.5499],[76.8529,8.5504],[76.8524,8.5504],[76.8524,8.5507],[76.8521,8.5507],[76.8521,8.5513],[76.8518,8.5513],[76.8518,8.5518],[76.8515,8.5518],[76.8515,8.5524],[76.8512,8.5524],[76.8512,8.5529],[76.851,8.5529],[76.851,8.5532],[76.8504,8.5532],[76.8504,8.5538],[76.8501,8.5538],[76.8501,8.554],[76.8496,8.554],[76.8496,8.5546],[76.8493,8.5546],[76.8493,8.5549],[76.849,8.5549],[76.849,8.5551],[76.8487,8.5551],[76.8487,8.5557],[76.8485,8.5557],[76.8485,8.556],[76.8482,8.556],[76.8482,8.5565],[76.8479,8.5565],[76.8479,8.5571],[76.8474,8.5571],[76.8474,8.5574],[76.8471,8.5574],[76.8471,8.5579],[76.8468,8.5579],[76.8468,8.5582],[76.8465,8.5582],[76.8465,8.5588],[76.846,8.5588],[76.846,8.5593],[76.8454,8.5593],[76.8454,8.5599],[76.8451,8.5599],[76.8451,8.5601],[76.8446,8.5601],[76.8446,8.5607],[76.8443,8.5607],[76.8443,8.5613],[76.8438,8.5613],[76.8438,8.5615],[76.8435,8.5615],[76.8435,8.5621],[76.8432,8.5621],[76.8432,8.5626],[76.8426,8.5626],[76.8426,8.5629],[76.8424,8.5629],[76.8424,8.5635],[76.8421,8.5635],[76.8421,8.564],[76.8418,8.564],[76.8418,8.5643],[76.8415,8.5643],[76.8415,8.5646],[76.8412,8.5646],[76.8412,8.5649],[76.8407,8.5649],[76.8407,8.5654],[76.8404,8.5654],[76.8404,8.5657],[76.8399,8.5657],[76.8399,8.566],[76.8393,8.566],[76.8393,8.5665],[76.839,8.5665],[76.839,8.5671],[76.8388,8.5671],[76.8388,8.5679],[76.8382,8.5679],[76.8382,8.5688],[76.8379,8.5688],[76.8379,8.569],[76.8376,8.569],[76.8376,8.5696],[76.8371,8.5696],[76.8371,8.5699],[76.8368,8.5699],[76.8368,8.5704],[76.8365,8.5704],[76.8365,8.571],[76.836,8.571],[76.836,8.5715],[76.8357,8.5715],[76.8357,8.5718],[76.8354,8.5718],[76.8354,8.5724],[76.8351,8.5724],[76.8351,8.5726],[76.8349,8.5726],[76.8349,8.5732],[76.8343,8.5732],[76.8343,8.5735],[76.8338,8.5735],[76.8337,8.5737],[76.8335,8.5737],[76.8335,8.574],[76.8332,8.574],[76.8332,8.5746],[76.8329,8.5746],[76.8329,8.5749],[76.8324,8.5749],[76.8324,8.5757],[76.8318,8.5757],[76.8318,8.5763],[76.8315,8.5763],[76.8315,8.5768],[76.8313,8.5768],[76.8313,8.5774],[76.831,8.5774],[76.831,8.5779],[76.8304,8.5779],[76.8304,8.5782],[76.8301,8.5782],[76.8301,8.5785],[76.8296,8.5785],[76.8296,8.579],[76.8293,8.579],[76.8293,8.5793],[76.829,8.5793],[76.829,8.5796],[76.8288,8.5796],[76.8288,8.5799],[76.8282,8.5799],[76.8282,8.5804],[76.8279,8.5804],[76.8279,8.5807],[76.8274,8.5807],[76.8274,8.5818],[76.8271,8.5818],[76.8271,8.5821],[76.8268,8.5821],[76.8268,8.5826],[76.8265,8.5826],[76.8265,8.5829],[76.826,8.5829],[76.826,8.5832],[76.8257,8.5832],[76.8257,8.5837],[76.8251,8.5837],[76.8251,8.584],[76.8249,8.584],[76.8249,8.5849],[76.8246,8.5849],[76.8246,8.5851],[76.8243,8.5851],[76.8243,8.5857],[76.824,8.5857],[76.824,8.586],[76.8238,8.586],[76.8238,8.5863],[76.8235,8.5863],[76.8235,8.5865],[76.8232,8.5865],[76.8232,8.5871],[76.8229,8.5871],[76.8229,8.5874],[76.8226,8.5874],[76.8226,8.5879],[76.8221,8.5879],[76.8221,8.5885],[76.8218,8.5885],[76.8218,8.5888],[76.8215,8.5888],[76.8215,8.589],[76.8213,8.589],[76.8213,8.5893],[76.821,8.5893],[76.821,8.5899],[76.8207,8.5899],[76.8207,8.5901],[76.8204,8.5901],[76.8204,8.5907],[76.8196,8.5907],[76.8196,8.5915],[76.8193,8.5915],[76.8193,8.5921],[76.8187,8.5921],[76.8187,8.5924],[76.8182,8.5924],[76.8182,8.5929],[76.8179,8.5929],[76.8179,8.5935],[76.8176,8.5935],[76.8176,8.594],[76.8174,8.594],[76.8174,8.5943],[76.8171,8.5943],[76.8171,8.5946],[76.8168,8.5946],[76.8168,8.5951],[76.8165,8.5951],[76.8165,8.5954],[76.816,8.5954],[76.816,8.596],[76.8157,8.596],[76.8157,8.5965],[76.8154,8.5965],[76.8154,8.5968],[76.8151,8.5968],[76.8151,8.5971],[76.8149,8.5971],[76.8149,8.5976],[76.8146,8.5976],[76.8146,8.5982],[76.814,8.5982],[76.814,8.5985],[76.8138,8.5985],[76.8138,8.599],[76.8132,8.599],[76.8132,8.5996],[76.8129,8.5996],[76.8129,8.5999],[76.8126,8.5999],[76.8126,8.6004],[76.8124,8.6004],[76.8124,8.6007],[76.8121,8.6007],[76.8121,8.601],[76.8118,8.601],[76.8118,8.6012],[76.8112,8.6012],[76.8112,8.6018],[76.811,8.6018],[76.811,8.6024],[76.8107,8.6024],[76.8107,8.6026],[76.8104,8.6026],[76.8104,8.6032],[76.8099,8.6032],[76.8099,8.6038],[76.8096,8.6038],[76.8096,8.604],[76.8093,8.604],[76.8093,8.6046],[76.809,8.6046],[76.809,8.6051],[76.8085,8.6051],[76.8085,8.6054],[76.8082,8.6054],[76.8082,8.606],[76.8076,8.606],[76.8076,8.6065],[76.8074,8.6065],[76.8074,8.6071],[76.8071,8.6071],[76.8071,8.6074],[76.8068,8.6074],[76.8068,8.6079],[76.8065,8.6079],[76.8065,8.6082],[76.806,8.6082],[76.806,8.6088],[76.8057,8.6088],[76.8057,8.609],[76.8054,8.609],[76.8054,8.6093],[76.8051,8.6093],[76.8051,8.6099],[76.8049,8.6099],[76.8049,8.6101],[76.8046,8.6101],[76.8046,8.6104],[76.8043,8.6104],[76.8043,8.611],[76.804,8.611],[76.804,8.6112],[76.8037,8.6112],[76.8037,8.6115],[76.8035,8.6115],[76.8035,8.6118],[76.8032,8.6118],[76.8032,8.6124],[76.8029,8.6124],[76.8029,8.6125],[76.8029,8.6126],[76.8026,8.6126],[76.8026,8.6129],[76.8024,8.6129],[76.8024,8.6135],[76.8018,8.6135],[76.8018,8.6138],[76.8015,8.6138],[76.8015,8.6143],[76.8012,8.6143],[76.8012,8.6146],[76.801,8.6146],[76.801,8.6151],[76.8007,8.6151],[76.8007,8.6157],[76.8001,8.6157],[76.8001,8.6163],[76.7999,8.6163],[76.7999,8.6165],[76.7996,8.6165],[76.7996,8.6168],[76.7993,8.6168],[76.7993,8.6171],[76.799,8.6171],[76.799,8.6176],[76.7985,8.6176],[76.7985,8.6179],[76.7982,8.6179],[76.7982,8.6185],[76.7979,8.6185],[76.7979,8.619],[76.7974,8.619],[76.7974,8.6193],[76.7968,8.6193],[76.7968,8.6199],[76.7965,8.6199],[76.7965,8.6204],[76.7962,8.6204],[76.7962,8.621],[76.7957,8.621],[76.7957,8.6212],[76.7954,8.6212],[76.7954,8.6218],[76.7951,8.6218],[76.7951,8.6224],[76.7946,8.6224],[76.7946,8.6226],[76.7943,8.6226],[76.7943,8.6232],[76.794,8.6232],[76.794,8.6238],[76.7937,8.6238],[76.7937,8.624],[76.7935,8.624],[76.7935,8.6243],[76.7932,8.6243],[76.7932,8.6246],[76.7929,8.6246],[76.7929,8.6249],[76.7926,8.6249],[76.7926,8.6251],[76.7921,8.6251],[76.7921,8.6254],[76.7918,8.6254],[76.7918,8.6257],[76.7915,8.6257],[76.7915,8.626],[76.7913,8.626],[76.7913,8.6265],[76.791,8.6265],[76.791,8.6268],[76.7907,8.6268],[76.7907,8.6271],[76.7904,8.6271],[76.7904,8.6277],[76.7901,8.6277],[76.7901,8.6279],[76.7899,8.6279],[76.7899,8.6285],[76.7893,8.6285],[76.7893,8.6287],[76.789,8.6287],[76.789,8.629],[76.7887,8.629],[76.7887,8.6293],[76.7885,8.6293],[76.7885,8.6296],[76.7882,8.6296],[76.7882,8.6307],[76.7879,8.6307],[76.7879,8.6313],[76.7868,8.6313],[76.7868,8.6315],[76.7865,8.6315],[76.7865,8.6318],[76.7862,8.6318],[76.7862,8.6321],[76.786,8.6321],[76.786,8.6324],[76.7857,8.6324],[76.7857,8.6329],[76.7854,8.6329],[76.7854,8.6335],[76.7851,8.6335],[76.7851,8.634],[76.7849,8.634],[76.7849,8.6349],[76.7846,8.6349],[76.7846,8.6354],[76.7843,8.6354],[76.7843,8.636],[76.7838,8.636],[76.7838,8.6365],[76.7835,8.6365],[76.7835,8.6368],[76.7829,8.6368],[76.7829,8.6371],[76.7826,8.6371],[76.7826,8.6374],[76.7824,8.6374],[76.7824,8.6379],[76.7821,8.6379],[76.7821,8.6382],[76.7815,8.6382],[76.7815,8.6385],[76.7813,8.6385],[76.7813,8.6393],[76.781,8.6393],[76.781,8.6399],[76.7807,8.6399],[76.7807,8.6401],[76.7804,8.6401],[76.7804,8.6404],[76.7801,8.6404],[76.7801,8.641],[76.7799,8.641],[76.7799,8.6413],[76.7796,8.6413],[76.7796,8.6418],[76.7793,8.6418],[76.7793,8.6421],[76.779,8.6421],[76.779,8.6424],[76.7787,8.6424],[76.7787,8.6429],[76.7785,8.6429],[76.7785,8.6432],[76.7782,8.6432],[76.7782,8.6435],[76.7779,8.6435],[76.7779,8.644],[76.7774,8.644],[76.7774,8.6443],[76.7771,8.6443],[76.7771,8.6449],[76.7768,8.6449],[76.7768,8.6454],[76.7765,8.6454],[76.7765,8.646],[76.7763,8.646],[76.7763,8.6463],[76.776,8.6463],[76.776,8.6465],[76.7757,8.6465],[76.7757,8.6471],[76.7754,8.6471],[76.7754,8.6474],[76.7751,8.6474],[76.7751,8.6476],[76.7749,8.6476],[76.7749,8.6479],[76.7746,8.6479],[76.7746,8.6482],[76.774,8.6482],[76.774,8.6488],[76.7738,8.6488],[76.7738,8.649],[76.7735,8.649],[76.7735,8.6493],[76.7729,8.6493],[76.7729,8.6499],[76.7726,8.6499],[76.7726,8.6504],[76.7724,8.6504],[76.7724,8.651],[76.7721,8.651],[76.7721,8.6513],[76.7718,8.6513],[76.7718,8.6515],[76.7715,8.6515],[76.7715,8.6518],[76.7712,8.6518],[76.7712,8.6521],[76.771,8.6521],[76.771,8.6526],[76.7707,8.6526],[76.7707,8.6529],[76.7704,8.6529],[76.7704,8.6532],[76.7701,8.6532],[76.7701,8.6537],[76.7699,8.6537],[76.7699,8.6543],[76.7693,8.6543],[76.7693,8.6549],[76.769,8.6549],[76.769,8.6551],[76.7688,8.6551],[76.7688,8.6557],[76.7685,8.6557],[76.7685,8.6563],[76.7679,8.6563],[76.7679,8.6565],[76.7676,8.6565],[76.7676,8.6571],[76.7674,8.6571],[76.7674,8.6574],[76.7671,8.6574],[76.7671,8.6576],[76.7668,8.6576],[76.7668,8.6579],[76.7665,8.6579],[76.7665,8.6582],[76.7663,8.6582],[76.7663,8.6585],[76.766,8.6585],[76.766,8.6587],[76.7657,8.6587],[76.7657,8.6593],[76.7654,8.6593],[76.7654,8.6596],[76.7651,8.6596],[76.7651,8.6601],[76.7649,8.6601],[76.7649,8.6604],[76.7646,8.6604],[76.7646,8.6607],[76.7643,8.6607],[76.7643,8.6613],[76.764,8.6613],[76.764,8.6615],[76.7637,8.6615],[76.7637,8.6618],[76.7635,8.6618],[76.7635,8.6621],[76.7629,8.6621],[76.7629,8.6626],[76.7626,8.6626],[76.7626,8.6629],[76.7624,8.6629],[76.7624,8.6635],[76.7618,8.6635],[76.7618,8.6638],[76.7615,8.6638],[76.7615,8.664],[76.7613,8.664],[76.7613,8.6643],[76.761,8.6643],[76.761,8.6649],[76.7607,8.6649],[76.7607,8.6654],[76.7604,8.6654],[76.7604,8.6657],[76.7601,8.6657],[76.7601,8.6663],[76.7599,8.6663],[76.7599,8.6668],[76.7596,8.6668],[76.7596,8.6674],[76.7593,8.6674],[76.7593,8.6676],[76.7588,8.6676],[76.7588,8.6679],[76.7585,8.6679],[76.7585,8.6682],[76.7582,8.6682],[76.7582,8.6685],[76.7579,8.6685],[76.7579,8.6688],[76.7576,8.6687],[76.7576,8.669],[76.7574,8.669],[76.7574,8.6696],[76.7571,8.6696],[76.7571,8.6699],[76.7565,8.6699],[76.7565,8.6701],[76.7557,8.6701],[76.7557,8.6715],[76.7554,8.6715],[76.7554,8.6721],[76.7551,8.6721],[76.7551,8.6724],[76.7546,8.6724],[76.7546,8.6726],[76.7543,8.6726],[76.7543,8.6729],[76.754,8.6729],[76.754,8.6732],[76.7538,8.6732],[76.7538,8.6735],[76.7535,8.6735],[76.7535,8.674],[76.7532,8.674],[76.7532,8.6743],[76.7529,8.6743],[76.7529,8.6749],[76.7526,8.6749],[76.7526,8.6754],[76.7521,8.6754],[76.7521,8.676],[76.7518,8.676],[76.7518,8.6763],[76.7515,8.6763],[76.7515,8.6768],[76.751,8.6768],[76.751,8.6771],[76.7507,8.6771],[76.7507,8.6774],[76.7504,8.6774],[76.7504,8.6776],[76.7499,8.6776],[76.7499,8.6785],[76.7496,8.6785],[76.7496,8.6787],[76.749,8.6787],[76.749,8.6793],[76.7487,8.6793],[76.7487,8.6801],[76.7482,8.6801],[76.7482,8.6804],[76.7479,8.6804],[76.7479,8.6807],[76.7476,8.6807],[76.7476,8.6812],[76.7474,8.6812],[76.7474,8.6818],[76.7468,8.6818],[76.7468,8.6824],[76.7465,8.6824],[76.7465,8.6829],[76.7462,8.6829],[76.7462,8.6832],[76.746,8.6832],[76.746,8.6835],[76.7454,8.6835],[76.7454,8.6838],[76.7451,8.6838],[76.7451,8.6843],[76.7449,8.6843],[76.7449,8.6849],[76.7446,8.6849],[76.7446,8.6851],[76.7443,8.6851],[76.7443,8.6854],[76.744,8.6854],[76.744,8.6857],[76.7438,8.6857],[76.7438,8.6862],[76.7432,8.6862],[76.7432,8.6868],[76.7429,8.6868],[76.7429,8.6874],[76.7424,8.6874],[76.7424,8.6879],[76.7421,8.6879],[76.7421,8.6882],[76.7418,8.6882],[76.7418,8.6885],[76.7415,8.6885],[76.7415,8.6888],[76.7412,8.6888],[76.7412,8.6893],[76.741,8.6893],[76.741,8.6896],[76.7404,8.6896],[76.7404,8.6901],[76.7401,8.6901],[76.7401,8.6907],[76.7399,8.6907],[76.7399,8.691],[76.7396,8.691],[76.7396,8.6912],[76.7393,8.6912],[76.7393,8.6915],[76.739,8.6915],[76.739,8.6918],[76.7387,8.6918],[76.7387,8.6921],[76.7385,8.6921],[76.7385,8.6926],[76.7382,8.6926],[76.7382,8.6929],[76.7379,8.6929],[76.7379,8.6935],[76.7376,8.6935],[76.7376,8.694],[76.7374,8.694],[76.7374,8.6943],[76.7368,8.6943],[76.7368,8.6949],[76.7365,8.6949],[76.7365,8.6954],[76.7363,8.6954],[76.7363,8.6957],[76.736,8.6957],[76.736,8.696],[76.7357,8.696],[76.7357,8.6965],[76.7354,8.6965],[76.7354,8.6968],[76.7351,8.6968],[76.7351,8.6974],[76.7349,8.6974],[76.7349,8.6979],[76.7346,8.6979],[76.7346,8.6982],[76.7343,8.6982],[76.7343,8.6985],[76.7337,8.6985],[76.7337,8.6988],[76.7335,8.6988],[76.7335,8.699],[76.7332,8.699],[76.7332,8.6993],[76.7329,8.6993],[76.7329,8.7001],[76.7326,8.7001],[76.7326,8.7004],[76.7324,8.7004],[76.7324,8.7007],[76.7321,8.7007],[76.7321,8.701],[76.7318,8.701],[76.7318,8.7013],[76.7315,8.7013],[76.7315,8.7015],[76.7312,8.7015],[76.7312,8.7018],[76.731,8.7018],[76.731,8.7021],[76.7307,8.7021],[76.7307,8.7024],[76.7304,8.7024],[76.7304,8.7026],[76.7301,8.7026],[76.7301,8.7029],[76.7299,8.7029],[76.7299,8.7032],[76.7296,8.7032],[76.7296,8.7035],[76.729,8.7035],[76.729,8.7038],[76.7288,8.7038],[76.7288,8.7043],[76.7282,8.7043],[76.7282,8.7051],[76.7279,8.7051],[76.7279,8.7057],[76.7276,8.7057],[76.7276,8.706],[76.7274,8.706],[76.7274,8.7062],[76.7271,8.7062],[76.7271,8.7068],[76.7268,8.7068],[76.7268,8.7071],[76.7265,8.7071],[76.7265,8.7076],[76.726,8.7076],[76.726,8.7082],[76.7257,8.7082],[76.7257,8.7085],[76.7254,8.7085],[76.7254,8.709],[76.7251,8.709],[76.7251,8.7093],[76.7249,8.7093],[76.7249,8.7096],[76.7246,8.7096],[76.7246,8.7099],[76.7243,8.7099],[76.7243,8.7101],[76.724,8.7101],[76.724,8.7107],[76.7235,8.7107],[76.7235,8.711],[76.7232,8.711],[76.7232,8.7115],[76.7229,8.7115],[76.7229,8.7121],[76.7226,8.7121],[76.7226,8.7124],[76.7224,8.7124],[76.7224,8.7126],[76.7221,8.7126],[76.7221,8.7129],[76.7218,8.7129],[76.7218,8.7135],[76.7215,8.7135],[76.7215,8.7138],[76.7213,8.7138],[76.7213,8.714],[76.721,8.714],[76.721,8.7146],[76.7207,8.7146],[76.7207,8.7151],[76.7204,8.7151],[76.7204,8.7154],[76.7201,8.7154],[76.7201,8.7157],[76.7196,8.7157],[76.7196,8.716],[76.7193,8.716],[76.7193,8.7163],[76.719,8.7163],[76.719,8.7165],[76.7188,8.7165],[76.7188,8.7171],[76.7185,8.7171],[76.7185,8.7176],[76.7182,8.7176],[76.7182,8.7179],[76.7176,8.7179],[76.7176,8.7185],[76.7174,8.7185],[76.7174,8.7188],[76.7171,8.7188],[76.7171,8.719],[76.7168,8.719],[76.7168,8.7193],[76.7165,8.7193],[76.7165,8.7196],[76.716,8.7196],[76.716,8.7199],[76.7157,8.7199],[76.7157,8.7201],[76.7154,8.7201],[76.7154,8.7204],[76.7149,8.7204],[76.7149,8.7213],[76.7146,8.7213],[76.7146,8.7215],[76.7143,8.7215],[76.7143,8.7221],[76.714,8.7221],[76.714,8.7224],[76.7138,8.7224],[76.7138,8.7226],[76.7132,8.7226],[76.7132,8.7232],[76.7129,8.7232],[76.7129,8.7235],[76.7126,8.7235],[76.7126,8.7238],[76.7124,8.7238],[76.7124,8.724],[76.7121,8.724],[76.7121,8.7243],[76.7115,8.7243],[76.7115,8.7246],[76.711,8.7246],[76.711,8.7249],[76.7107,8.7249],[76.7107,8.7257],[76.7104,8.7257],[76.7104,8.7265],[76.7101,8.7265],[76.7101,8.7268],[76.7099,8.7268],[76.7099,8.7271],[76.7096,8.7271],[76.7096,8.7274],[76.7085,8.7274],[76.7085,8.7282],[76.7079,8.7282],[76.7079,8.7288],[76.7076,8.7288],[76.7076,8.7293],[76.7071,8.7293],[76.7071,8.7296],[76.7068,8.7296],[76.7068,8.7299],[76.7063,8.7299],[76.7063,8.7307],[76.7057,8.7307],[76.7057,8.7313],[76.7054,8.7312],[76.7054,8.7321],[76.7051,8.7321],[76.7051,8.7329],[76.7049,8.7329],[76.7049,8.7337],[76.7046,8.7337],[76.7046,8.7343],[76.7043,8.7343],[76.7043,8.7346],[76.704,8.7346],[76.704,8.7349],[76.7038,8.7349],[76.7038,8.7351],[76.7032,8.7351],[76.7032,8.7354],[76.7029,8.7354],[76.7029,8.7357],[76.7026,8.7357],[76.7026,8.736],[76.7024,8.736],[76.7024,8.7365],[76.7012,8.7365],[76.7012,8.7368],[76.7007,8.7368],[76.7007,8.7371],[76.7001,8.7371],[76.7001,8.7374],[76.6999,8.7374],[76.6999,8.7376],[76.6996,8.7376],[76.6996,8.7382],[76.6993,8.7382],[76.6993,8.7388],[76.699,8.7388],[76.699,8.7393],[76.6988,8.7393],[76.6988,8.7396],[76.699,8.7396],[76.699,8.7401],[76.6988,8.7401],[76.6988,8.7413],[76.6985,8.7413],[76.6985,8.7424],[76.6982,8.7424],[76.6982,8.7429],[76.6979,8.7429],[76.6979,8.7437],[76.6976,8.7437],[76.6976,8.744],[76.6974,8.744],[76.6974,8.7443],[76.6968,8.7443],[76.6968,8.7451],[76.6965,8.7451],[76.6965,8.7457],[76.6963,8.7457],[76.6963,8.7463],[76.696,8.7463],[76.696,8.7468],[76.6957,8.7468],[76.6957,8.7474],[76.6954,8.7474],[76.6954,8.7479],[76.6949,8.7479],[76.6949,8.7482],[76.6946,8.7482],[76.6946,8.7485],[76.6943,8.7485],[76.6943,8.7493],[76.694,8.7493],[76.694,8.7499],[76.6937,8.7499],[76.6937,8.7507],[76.6935,8.7507],[76.6935,8.751],[76.6932,8.751],[76.6932,8.7513],[76.6929,8.7513],[76.6929,8.7515],[76.6926,8.7515],[76.6926,8.7518],[76.6924,8.7518],[76.6924,8.7521],[76.6918,8.7521],[76.6918,8.7526],[76.6912,8.7526],[76.6912,8.7529],[76.691,8.7529],[76.691,8.7532],[76.6907,8.7532],[76.6907,8.7537],[76.6904,8.7537],[76.6904,8.754],[76.6901,8.754],[76.6901,8.7546],[76.6899,8.7546],[76.6899,8.7549],[76.6896,8.7549],[76.6896,8.7551],[76.6893,8.7551],[76.6893,8.7557],[76.689,8.7557],[76.689,8.756],[76.6888,8.756],[76.6888,8.7565],[76.6885,8.7565],[76.6885,8.7571],[76.6882,8.7571],[76.6882,8.7579],[76.6879,8.7579],[76.6879,8.7588],[76.6876,8.7588],[76.6876,8.759],[76.6874,8.759],[76.6874,8.7596],[76.6871,8.7596],[76.6871,8.7602],[76.6868,8.7602],[76.6868,8.7604],[76.6865,8.7604],[76.6865,8.7607],[76.6862,8.7607],[76.6862,8.761],[76.686,8.761],[76.686,8.7612],[76.6857,8.7612],[76.6857,8.7618],[76.6854,8.7618],[76.6854,8.7621],[76.6851,8.7621],[76.6851,8.7626],[76.6849,8.7626],[76.6849,8.7629],[76.6846,8.7629],[76.6846,8.7638],[76.6843,8.7638],[76.6843,8.764],[76.6837,8.764],[76.6837,8.7643],[76.6835,8.7643],[76.6835,8.7649],[76.6832,8.7649],[76.6832,8.7657],[76.6829,8.7657],[76.6829,8.7665],[76.6832,8.7665],[76.6832,8.7668],[76.6829,8.7668],[76.6829,8.7674],[76.6826,8.7674],[76.6826,8.7676],[76.6824,8.7676],[76.6824,8.7679],[76.6821,8.7679],[76.6821,8.7685],[76.6818,8.7685],[76.6818,8.7693],[76.6815,8.7693],[76.6815,8.7696],[76.6813,8.7696],[76.6813,8.7699],[76.681,8.7699],[76.681,8.7701],[76.6807,8.7701],[76.6807,8.7704],[76.6804,8.7704],[76.6804,8.7707],[76.6801,8.7707],[76.6801,8.7712],[76.6799,8.7712],[76.6799,8.7715],[76.6796,8.7715],[76.6796,8.7726],[76.6793,8.7726],[76.6793,8.7732],[76.679,8.7732],[76.679,8.7735],[76.6787,8.7735],[76.6787,8.7738],[76.6782,8.7738],[76.6782,8.774],[76.6779,8.774],[76.6779,8.7743],[76.6776,8.7743],[76.6776,8.7747],[76.6776,8.7749],[76.6774,8.7749],[76.6774,8.7752],[76.6771,8.7752],[76.6771,8.7754],[76.6768,8.7754],[76.6768,8.7757],[76.6766,8.7757],[76.6765,8.7757],[76.6765,8.7765],[76.6762,8.7765],[76.6762,8.7771],[76.676,8.7771],[76.676,8.7776],[76.6757,8.7776],[76.6757,8.7779],[76.6754,8.7779],[76.6754,8.7782],[76.6751,8.7782],[76.6751,8.7785],[76.6746,8.7785],[76.6746,8.7788],[76.6751,8.7788],[76.6751,8.7793],[76.6749,8.7793],[76.6749,8.779],[76.6746,8.779],[76.6746,8.7793],[76.6743,8.7793],[76.6743,8.7804],[76.674,8.7804],[76.674,8.7807],[76.6732,8.7807],[76.6732,8.7815],[76.6729,8.7815],[76.6729,8.7821],[76.6724,8.7821],[76.6724,8.7824],[76.6721,8.7824],[76.6721,8.7828],[76.6721,8.7829],[76.6718,8.7829],[76.6718,8.7834],[76.6718,8.7838],[76.6715,8.7838],[76.6715,8.7835],[76.6712,8.7835],[76.6713,8.7839],[76.6713,8.7843],[76.6707,8.7843],[76.6707,8.7846],[76.6704,8.7846],[76.6704,8.7849],[76.6707,8.7849],[76.6707,8.7851],[76.6704,8.7851],[76.6704,8.7854],[76.6701,8.7854],[76.6701,8.786],[76.6696,8.786],[76.6696,8.7863],[76.6693,8.7863],[76.6693,8.7865],[76.669,8.7865],[76.669,8.7868],[76.6682,8.7868],[76.6682,8.7874],[76.6679,8.7874],[76.6679,8.7879],[76.6676,8.7879],[76.6676,8.7885],[76.6674,8.7885],[76.6674,8.7887],[76.6668,8.7887],[76.6668,8.7893],[76.6665,8.7893],[76.6665,8.7896],[76.6663,8.7896],[76.6663,8.7901],[76.666,8.7901],[76.666,8.7904],[76.6657,8.7904],[76.6657,8.7907],[76.6646,8.7907],[76.6646,8.791],[76.6643,8.791],[76.6643,8.7915],[76.664,8.7915],[76.664,8.7918],[76.6637,8.7918],[76.6637,8.7926],[76.6635,8.7926],[76.6635,8.7929],[76.6632,8.7929],[76.6632,8.7932],[76.6629,8.7932],[76.6629,8.7935],[76.6626,8.7935],[76.6626,8.794],[76.6624,8.794],[76.6624,8.7943],[76.6618,8.7943],[76.6618,8.7946],[76.6612,8.7946],[76.6612,8.7949],[76.661,8.7949],[76.661,8.7951],[76.6604,8.7951],[76.6604,8.7954],[76.6601,8.7954],[76.6601,8.796],[76.6599,8.796],[76.6599,8.7963],[76.6596,8.7963],[76.6596,8.7976],[76.6593,8.7976],[76.6593,8.7979],[76.659,8.7979],[76.659,8.7982],[76.6588,8.7982],[76.6588,8.7985],[76.6585,8.7985],[76.6585,8.799],[76.6582,8.799],[76.6582,8.7996],[76.6579,8.7996],[76.6579,8.7999],[76.6576,8.7999],[76.6576,8.8001],[76.6571,8.8001],[76.6571,8.8004],[76.6568,8.8004],[76.6568,8.8007],[76.6563,8.8007],[76.6563,8.8013],[76.656,8.8013],[76.656,8.8015],[76.6557,8.8015],[76.6557,8.8021],[76.6554,8.8021],[76.6554,8.8026],[76.6551,8.8026],[76.6551,8.8032],[76.6549,8.8032],[76.6549,8.8035],[76.6546,8.8035],[76.6546,8.8038],[76.6543,8.8038],[76.6543,8.804],[76.654,8.804],[76.654,8.8043],[76.6537,8.8043],[76.6537,8.8049],[76.6535,8.8049],[76.6535,8.8051],[76.6532,8.8051],[76.6532,8.8054],[76.6529,8.8054],[76.6529,8.806],[76.6524,8.806],[76.6524,8.8065],[76.6521,8.8065],[76.6521,8.8068],[76.6518,8.8068],[76.6518,8.8071],[76.6515,8.8071],[76.6515,8.8074],[76.651,8.8074],[76.651,8.8076],[76.6507,8.8076],[76.6507,8.8079],[76.6504,8.8079],[76.6504,8.8088],[76.6501,8.8088],[76.6501,8.809],[76.6499,8.809],[76.6499,8.8096],[76.6493,8.8096],[76.6493,8.8099],[76.649,8.8099],[76.649,8.8101],[76.6488,8.8101],[76.6488,8.8107],[76.6485,8.8107],[76.6485,8.811],[76.6482,8.811],[76.6482,8.8121],[76.6479,8.8121],[76.6479,8.8135],[76.6476,8.8135],[76.6476,8.814],[76.6474,8.814],[76.6474,8.8146],[76.6471,8.8146],[76.6471,8.8151],[76.6468,8.8151],[76.6468,8.8154],[76.6465,8.8154],[76.6465,8.8162],[76.6462,8.8162],[76.6462,8.8165],[76.646,8.8165],[76.646,8.8176],[76.6457,8.8176],[76.6457,8.8179],[76.6451,8.8179],[76.6451,8.8185],[76.6449,8.8185],[76.6449,8.8188],[76.6446,8.8188],[76.6446,8.8193],[76.6443,8.8193],[76.6443,8.8196],[76.644,8.8196],[76.644,8.8199],[76.6438,8.8199],[76.6438,8.8204],[76.6435,8.8204],[76.6435,8.821],[76.6432,8.821],[76.6432,8.8212],[76.6429,8.8212],[76.6429,8.8224],[76.6426,8.8224],[76.6426,8.8226],[76.6424,8.8226],[76.6424,8.8232],[76.6418,8.8232],[76.6418,8.8237],[76.6415,8.8237],[76.6415,8.8243],[76.6413,8.8243],[76.6413,8.8246],[76.641,8.8246],[76.641,8.8249],[76.6407,8.8249],[76.6407,8.8251],[76.6404,8.8251],[76.6404,8.8257],[76.6401,8.8257],[76.6401,8.826],[76.6396,8.826],[76.6396,8.8263],[76.6393,8.8263],[76.6393,8.8265],[76.639,8.8265],[76.639,8.8271],[76.6387,8.8271],[76.6387,8.8274],[76.6385,8.8274],[76.6385,8.8279],[76.6382,8.8279],[76.6382,8.8282],[76.6376,8.8282],[76.6376,8.829],[76.6374,8.829],[76.6374,8.8293],[76.6371,8.8293],[76.6371,8.8296],[76.6365,8.8296],[76.6365,8.8299],[76.6363,8.8299],[76.6363,8.8307],[76.636,8.8307],[76.636,8.831],[76.6357,8.831],[76.6357,8.8313],[76.6351,8.8313],[76.6351,8.8318],[76.6349,8.8318],[76.6349,8.8321],[76.6346,8.8321],[76.6346,8.8324],[76.6343,8.8324],[76.6343,8.8332],[76.634,8.8332],[76.634,8.8335],[76.6338,8.8335],[76.6338,8.8338],[76.6335,8.8338],[76.6335,8.834],[76.6332,8.834],[76.6332,8.8343],[76.6329,8.8343],[76.6329,8.8346],[76.6326,8.8346],[76.6326,8.8351],[76.6321,8.8351],[76.6321,8.8357],[76.6318,8.8357],[76.6318,8.8363],[76.6315,8.8363],[76.6315,8.8365],[76.631,8.8365],[76.631,8.8371],[76.6307,8.8371],[76.6307,8.8374],[76.6304,8.8374],[76.6304,8.8376],[76.6301,8.8376],[76.6301,8.8379],[76.6296,8.8379],[76.6296,8.8382],[76.6293,8.8382],[76.6293,8.8388],[76.629,8.8388],[76.629,8.839],[76.6287,8.839],[76.6287,8.8393],[76.6285,8.8393],[76.6285,8.8399],[76.6282,8.8399],[76.6282,8.8401],[76.6279,8.8401],[76.6279,8.8407],[76.6274,8.8407],[76.6274,8.841],[76.6271,8.841],[76.6271,8.8412],[76.6268,8.8412],[76.6268,8.8415],[76.6265,8.8415],[76.6265,8.8421],[76.6263,8.8421],[76.6263,8.8424],[76.626,8.8424],[76.626,8.8426],[76.6257,8.8426],[76.6257,8.8429],[76.6251,8.8429],[76.6251,8.8432],[76.6249,8.8432],[76.6249,8.8438],[76.6246,8.8438],[76.6246,8.844],[76.6243,8.844],[76.6243,8.8443],[76.6237,8.8443],[76.6237,8.8449],[76.6232,8.8449],[76.6232,8.8454],[76.6226,8.8454],[76.6226,8.846],[76.6224,8.846],[76.6224,8.8465],[76.6221,8.8465],[76.6221,8.8468],[76.6215,8.8468],[76.6215,8.8471],[76.6212,8.8471],[76.6212,8.8476],[76.621,8.8476],[76.621,8.8479],[76.6207,8.8479],[76.6207,8.8482],[76.6204,8.8482],[76.6204,8.8485],[76.6201,8.8485],[76.6201,8.849],[76.6199,8.849],[76.6199,8.8493],[76.6196,8.8493],[76.6196,8.8499],[76.6193,8.8499],[76.6193,8.8504],[76.619,8.8504],[76.619,8.8507],[76.6188,8.8507],[76.6188,8.851],[76.6182,8.851],[76.6182,8.8512],[76.6179,8.8512],[76.6179,8.8515],[76.6174,8.8515],[76.6174,8.8521],[76.6171,8.8521],[76.6171,8.8524],[76.6168,8.8524],[76.6168,8.8526],[76.6165,8.8526],[76.6165,8.8529],[76.6162,8.8529],[76.6162,8.8532],[76.616,8.8532],[76.616,8.8535],[76.6154,8.8535],[76.6154,8.8538],[76.6151,8.8538],[76.6151,8.8543],[76.6146,8.8543],[76.6146,8.8549],[76.6143,8.8549],[76.6143,8.8551],[76.614,8.8551],[76.614,8.8557],[76.6135,8.8557],[76.6135,8.856],[76.6132,8.856],[76.6132,8.8563],[76.6129,8.8562],[76.6129,8.8565],[76.6126,8.8565],[76.6126,8.8568],[76.6124,8.8568],[76.6124,8.8571],[76.6121,8.8571],[76.6121,8.8574],[76.6118,8.8574],[76.6118,8.8576],[76.6115,8.8576],[76.6115,8.8579],[76.6113,8.8579],[76.6113,8.8582],[76.6107,8.8582],[76.6107,8.8585],[76.6104,8.8585],[76.6104,8.8588],[76.6101,8.8588],[76.6101,8.859],[76.6099,8.859],[76.6099,8.8593],[76.6096,8.8593],[76.6096,8.8596],[76.6093,8.8596],[76.6093,8.8599],[76.609,8.8599],[76.609,8.8604],[76.6087,8.8604],[76.6087,8.8607],[76.6082,8.8607],[76.6082,8.8613],[76.6076,8.8613],[76.6076,8.8618],[76.6074,8.8618],[76.6074,8.8621],[76.6071,8.8621],[76.6071,8.8624],[76.6068,8.8624],[76.6068,8.8626],[76.6062,8.8626],[76.6062,8.8629],[76.606,8.8629],[76.606,8.8626],[76.6057,8.8626],[76.6057,8.8629],[76.6051,8.8629],[76.6051,8.8632],[76.6049,8.8632],[76.6049,8.8638],[76.6043,8.8638],[76.6043,8.864],[76.604,8.864],[76.604,8.8643],[76.6038,8.8643],[76.6038,8.8649],[76.6032,8.8649],[76.6032,8.8651],[76.6029,8.8651],[76.6029,8.8654],[76.6026,8.8654],[76.6026,8.8657],[76.6024,8.8657],[76.6024,8.866],[76.6021,8.866],[76.6021,8.8663],[76.6018,8.8663],[76.6018,8.8665],[76.6012,8.8665],[76.6012,8.8668],[76.601,8.8668],[76.601,8.8671],[76.6007,8.8671],[76.6007,8.8674],[76.6001,8.8674],[76.6001,8.8676],[76.5999,8.8676],[76.5999,8.8679],[76.5993,8.8679],[76.5993,8.8682],[76.5987,8.8682],[76.5987,8.8687],[76.5985,8.8687],[76.5985,8.869],[76.5982,8.869],[76.5982,8.8696],[76.5979,8.8696],[76.5979,8.8699],[76.5971,8.8699],[76.5971,8.8701],[76.5965,8.8701],[76.5965,8.8704],[76.5963,8.8704],[76.5963,8.871],[76.5957,8.871],[76.5957,8.8713],[76.5951,8.8713],[76.5951,8.8715],[76.5949,8.8715],[76.5949,8.8718],[76.5946,8.8718],[76.5946,8.8724],[76.5943,8.8724],[76.5943,8.8726],[76.594,8.8726],[76.594,8.8732],[76.5938,8.8732],[76.5938,8.8735],[76.5935,8.8735],[76.5935,8.8737],[76.5926,8.8737],[76.5926,8.874],[76.5924,8.874],[76.5924,8.8743],[76.5918,8.8743],[76.5918,8.8746],[76.591,8.8746],[76.591,8.8749],[76.5904,8.8749],[76.5904,8.8751],[76.5899,8.8751],[76.5899,8.8754],[76.5893,8.8754],[76.5893,8.8757],[76.589,8.8757],[76.589,8.876],[76.5888,8.876],[76.5888,8.8763],[76.5885,8.8763],[76.5885,8.8765],[76.5876,8.8765],[76.5876,8.8768],[76.5871,8.8768],[76.5871,8.8771],[76.5865,8.8771],[76.5865,8.8774],[76.5863,8.8774],[76.5863,8.8776],[76.5857,8.8776],[76.5857,8.8779],[76.5854,8.8779],[76.5854,8.8782],[76.5849,8.8782],[76.5849,8.8785],[76.5846,8.8785],[76.5846,8.8787],[76.584,8.8787],[76.584,8.879],[76.5835,8.879],[76.5835,8.8793],[76.5832,8.8793],[76.5832,8.8796],[76.5826,8.8796],[76.5826,8.8799],[76.5821,8.8799],[76.5821,8.8801],[76.5815,8.8801],[76.5815,8.8804],[76.581,8.8804],[76.581,8.8807],[76.5799,8.8807],[76.5799,8.881],[76.5793,8.881],[76.5793,8.8813],[76.5782,8.8813],[76.5782,8.8815],[76.5771,8.8815],[76.5771,8.8818],[76.576,8.8818],[76.576,8.8821],[76.574,8.8821],[76.574,8.8824],[76.5715,8.8824],[76.5715,8.8821],[76.571,8.8821],[76.571,8.8818],[76.5704,8.8818],[76.5704,8.8815],[76.5696,8.8815],[76.5696,8.8813],[76.5693,8.8813],[76.5693,8.881],[76.569,8.881],[76.569,8.8807],[76.5685,8.8807],[76.5685,8.8804],[76.5679,8.8804],[76.5679,8.8799],[76.5682,8.8799],[76.5682,8.8793],[76.5685,8.8793],[76.5685,8.879],[76.569,8.879],[76.569,8.8787],[76.5693,8.8787],[76.5693,8.8785],[76.5696,8.8785],[76.5696,8.8782],[76.5699,8.8782],[76.5699,8.8779],[76.5701,8.8779],[76.5701,8.8776],[76.5707,8.8776],[76.5707,8.8774],[76.571,8.8774],[76.571,8.8771],[76.5724,8.8771],[76.5724,8.8768],[76.5729,8.8768],[76.5729,8.8765],[76.5732,8.8765],[76.5732,8.8763],[76.5738,8.8763],[76.5738,8.876],[76.5743,8.876],[76.5743,8.8757],[76.5754,8.8757],[76.5754,8.8754],[76.5762,8.8754],[76.5762,8.8751],[76.5771,8.8751],[76.5771,8.8749],[76.5776,8.8749],[76.5776,8.8746],[76.5779,8.8746],[76.5779,8.8743],[76.5782,8.8743],[76.5782,8.874],[76.579,8.874],[76.579,8.8737],[76.5799,8.8737],[76.5799,8.8735],[76.5804,8.8735],[76.5804,8.8732],[76.5807,8.8732],[76.5807,8.8729],[76.581,8.8729],[76.581,8.8726],[76.5824,8.8726],[76.5824,8.8724],[76.5826,8.8724],[76.5826,8.8721],[76.5829,8.8721],[76.5829,8.8718],[76.5832,8.8718],[76.5832,8.8715],[76.5835,8.8715],[76.5835,8.8701],[76.5826,8.8701],[76.5826,8.8704],[76.5821,8.8704],[76.5821,8.8707],[76.5818,8.8707],[76.5818,8.871],[76.5815,8.871],[76.5815,8.8713],[76.5813,8.8713],[76.5813,8.8715],[76.581,8.8715],[76.581,8.8718],[76.5804,8.8718],[76.5804,8.8721],[76.5801,8.8721],[76.5801,8.8724],[76.5799,8.8724],[76.5799,8.8726],[76.5793,8.8726],[76.5793,8.8729],[76.5788,8.8729],[76.5788,8.8732],[76.5774,8.8732],[76.5774,8.8735],[76.5768,8.8735],[76.5768,8.8737],[76.5762,8.8737],[76.5762,8.874],[76.5757,8.874],[76.5757,8.8746],[76.5751,8.8746],[76.5751,8.8749],[76.574,8.8749],[76.574,8.8751],[76.5735,8.8751],[76.5735,8.8754],[76.5729,8.8754],[76.5729,8.8757],[76.5724,8.8757],[76.5724,8.876],[76.5713,8.876],[76.5713,8.8765],[76.571,8.8765],[76.571,8.8768],[76.5699,8.8768],[76.5699,8.8771],[76.5693,8.8771],[76.5693,8.8774],[76.569,8.8774],[76.569,8.8776],[76.5687,8.8776],[76.5687,8.8779],[76.5685,8.8779],[76.5685,8.8782],[76.5682,8.8782],[76.5682,8.8785],[76.5679,8.8785],[76.5679,8.8787],[76.5676,8.8787],[76.5676,8.879],[76.5674,8.879],[76.5674,8.8793],[76.566,8.8793],[76.566,8.8796],[76.5654,8.8796],[76.5654,8.8801],[76.5651,8.8801],[76.5651,8.8807],[76.5649,8.8807],[76.5649,8.8815],[76.5646,8.8815],[76.5646,8.8821],[76.5643,8.8821],[76.5643,8.8824],[76.564,8.8824],[76.564,8.8826],[76.5638,8.8826],[76.5638,8.8829],[76.5635,8.8829],[76.5635,8.8832],[76.5629,8.8832],[76.5629,8.8835],[76.5626,8.8835],[76.5626,8.8838],[76.5624,8.8838],[76.5624,8.8843],[76.5621,8.8843],[76.5621,8.8854],[76.5618,8.8854],[76.5618,8.8862],[76.5615,8.8863],[76.5615,8.8865],[76.5612,8.8865],[76.5612,8.8871],[76.561,8.8871],[76.561,8.8874],[76.5607,8.8874],[76.5607,8.8876],[76.5604,8.8876],[76.5604,8.8879],[76.5601,8.8879],[76.5601,8.8882],[76.5599,8.8882],[76.5599,8.8888],[76.5593,8.8888],[76.5593,8.889],[76.5579,8.889],[76.5579,8.8893],[76.5576,8.8893],[76.5576,8.8899],[76.5574,8.8899],[76.5574,8.8901],[76.5571,8.8901],[76.5571,8.8904],[76.5565,8.8904],[76.5565,8.8907],[76.556,8.8907],[76.556,8.8915],[76.5557,8.8915],[76.5557,8.8918],[76.5551,8.8918],[76.5551,8.8915],[76.5549,8.8915],[76.5549,8.8921],[76.5546,8.8921],[76.5546,8.8924],[76.554,8.8924],[76.554,8.8932],[76.5537,8.8932],[76.5537,8.894],[76.5535,8.894],[76.5535,8.8943],[76.5532,8.8943],[76.5532,8.8946],[76.5529,8.8946],[76.5529,8.8951],[76.5526,8.8951],[76.5526,8.8954],[76.5524,8.8954],[76.5524,8.8957],[76.5518,8.8957],[76.5518,8.896],[76.5515,8.896],[76.5515,8.8965],[76.5512,8.8965],[76.5512,8.8971],[76.551,8.8971],[76.551,8.8976],[76.5507,8.8976],[76.5507,8.8982],[76.5504,8.8982],[76.5504,8.8985],[76.5501,8.8985],[76.5501,8.8988],[76.5499,8.8988],[76.5499,8.9001],[76.5496,8.9001],[76.5496,8.9007],[76.549,8.9007],[76.549,8.901],[76.5485,8.901],[76.5485,8.9013],[76.5479,8.9013],[76.5479,8.9015],[76.5474,8.9015],[76.5474,8.9018],[76.5468,8.9018],[76.5468,8.9021],[76.5465,8.9021],[76.5465,8.9024],[76.5462,8.9024],[76.5462,8.9049],[76.546,8.9049],[76.546,8.9057],[76.5457,8.9057],[76.5457,8.9063],[76.5454,8.9063],[76.5454,8.9068],[76.5451,8.9068],[76.5451,8.9074],[76.5449,8.9074],[76.5449,8.9076],[76.5446,8.9076],[76.5446,8.9079],[76.5443,8.9079],[76.5443,8.9085],[76.544,8.9085],[76.544,8.909],[76.5437,8.909],[76.5437,8.9096],[76.5435,8.9096],[76.5435,8.9099],[76.5432,8.9099],[76.5432,8.9104],[76.5429,8.9104],[76.5429,8.9115],[76.5426,8.9115],[76.5426,8.9124],[76.5424,8.9124],[76.5424,8.9132],[76.5421,8.9132],[76.5421,8.9135],[76.5418,8.9135],[76.5418,8.9149],[76.5415,8.9149],[76.5415,8.9154],[76.5413,8.9154],[76.5413,8.9188],[76.541,8.9187],[76.541,8.9207],[76.5407,8.9207],[76.5407,8.9215],[76.5404,8.9215],[76.5404,8.9227],[76.5407,8.9227],[76.5407,8.9229],[76.5404,8.9229],[76.5404,8.9232],[76.5407,8.9232],[76.5407,8.9238],[76.5404,8.9238],[76.5404,8.924],[76.5401,8.924],[76.5401,8.9243],[76.5404,8.9243],[76.5404,8.9271],[76.5401,8.9271],[76.5401,8.9276],[76.5399,8.9276],[76.5399,8.9288],[76.5396,8.9288],[76.5396,8.929],[76.5393,8.929],[76.5393,8.9296],[76.5393,8.931],[76.539,8.931],[76.539,8.9315],[76.5387,8.9315],[76.5387,8.9318],[76.5385,8.9318],[76.5385,8.9321],[76.5382,8.9321],[76.5382,8.9324],[76.536,8.9324],[76.536,8.9326],[76.5354,8.9326],[76.5354,8.9329],[76.5351,8.9329],[76.5351,8.9335],[76.5357,8.9335],[76.5357,8.9338],[76.5374,8.9338],[76.5374,8.9351],[76.5368,8.9351],[76.5368,8.9354],[76.5354,8.9354],[76.5354,8.936],[76.5357,8.936],[76.5357,8.9363],[76.536,8.9363],[76.536,8.9365],[76.5362,8.9365],[76.5362,8.9368],[76.5365,8.9368],[76.5365,8.9371],[76.5368,8.9371],[76.5368,8.9388],[76.5365,8.9388],[76.5365,8.939],[76.5362,8.939],[76.5362,8.9396],[76.536,8.9396],[76.536,8.9399],[76.5357,8.9399],[76.5357,8.9412],[76.5354,8.9412],[76.5354,8.9435],[76.5351,8.9435],[76.5351,8.9443],[76.5349,8.9443],[76.5349,8.9454],[76.5351,8.9454],[76.5351,8.9474],[76.5349,8.9474],[76.5349,8.9479],[76.5346,8.9479],[76.5346,8.9482],[76.5343,8.9482],[76.5343,8.949],[76.534,8.949],[76.534,8.9501],[76.5338,8.9501],[76.5338,8.9513],[76.5335,8.9513],[76.5335,8.9518],[76.5332,8.9518],[76.5332,8.9526],[76.5329,8.9526],[76.5329,8.954],[76.5326,8.954],[76.5326,8.9546],[76.5324,8.9546],[76.5324,8.9554],[76.5321,8.9554],[76.5321,8.956],[76.5318,8.956],[76.5318,8.9565],[76.5315,8.9565],[76.5315,8.9568],[76.5318,8.9568],[76.5318,8.9574],[76.5315,8.9574],[76.5315,8.9576],[76.5313,8.9576],[76.5313,8.9582],[76.531,8.9582],[76.531,8.9588],[76.5307,8.9587],[76.5307,8.9596],[76.5304,8.9596],[76.5304,8.9613],[76.5301,8.9613],[76.5301,8.9618],[76.5299,8.9618],[76.5299,8.9626],[76.5296,8.9626],[76.5296,8.9635],[76.5293,8.9635],[76.5293,8.964],[76.529,8.964],[76.529,8.9651],[76.5287,8.9651],[76.5287,8.9663],[76.5285,8.9663],[76.5285,8.9665],[76.5282,8.9665],[76.5282,8.9668],[76.5279,8.9668],[76.5279,8.9682],[76.5276,8.9682],[76.5276,8.9685],[76.5279,8.9685],[76.5279,8.9688],[76.5282,8.9688],[76.5282,8.9696],[76.5285,8.9696],[76.5285,8.9699],[76.5282,8.9699],[76.5282,8.9704],[76.5279,8.9704],[76.5279,8.971],[76.5276,8.971],[76.5276,8.9715],[76.5274,8.9715],[76.5274,8.9721],[76.5271,8.9721],[76.5271,8.9726],[76.5268,8.9726],[76.5268,8.9735],[76.5265,8.9735],[76.5265,8.974],[76.5263,8.974],[76.5263,8.9757],[76.526,8.9757],[76.526,8.976],[76.5257,8.976],[76.5257,8.9763],[76.526,8.9763],[76.526,8.9765],[76.5257,8.9765],[76.5257,8.9782],[76.5254,8.9782],[76.5254,8.9788],[76.5251,8.9788],[76.5251,8.9801],[76.5249,8.9801],[76.5249,8.9818],[76.5246,8.9818],[76.5246,8.9824],[76.5243,8.9824],[76.5243,8.9829],[76.524,8.9829],[76.524,8.9838],[76.5238,8.9838],[76.5238,8.984],[76.524,8.984],[76.524,8.9846],[76.5238,8.9846],[76.5238,8.9857],[76.524,8.9857],[76.524,8.9862],[76.5238,8.9862],[76.5238,8.9868],[76.5235,8.9868],[76.5235,8.9876],[76.5232,8.9876],[76.5232,8.9893],[76.5235,8.9893],[76.5235,8.9896],[76.5238,8.9896],[76.5238,8.9901],[76.5235,8.9901],[76.5235,8.9904],[76.5232,8.9904],[76.5232,8.991],[76.5226,8.991],[76.5226,8.9924],[76.5224,8.9924],[76.5224,8.9929],[76.5221,8.9929],[76.5221,8.994],[76.5218,8.994],[76.5218,8.9943],[76.5215,8.9943],[76.5215,8.9963],[76.5212,8.9963],[76.5212,9.0001],[76.5212,9.0007],[76.521,9.0007],[76.521,9.001],[76.5212,9.001],[76.5212,9.0012],[76.5215,9.0012],[76.5215,9.0015],[76.5218,9.0015],[76.5218,9.0018],[76.5221,9.0018],[76.5221,9.0021],[76.5218,9.0021],[76.5218,9.0026],[76.5215,9.0026],[76.5215,9.0029],[76.5212,9.0029],[76.5212,9.0032],[76.5215,9.0032],[76.5215,9.0051],[76.5221,9.0051],[76.5221,9.0054],[76.5224,9.0054],[76.5224,9.0057],[76.5226,9.0057],[76.5226,9.0065],[76.5224,9.0065],[76.5224,9.006],[76.5221,9.006],[76.5221,9.0057],[76.5218,9.0057],[76.5218,9.0054],[76.5207,9.0054],[76.5207,9.006],[76.5204,9.006],[76.5204,9.0065],[76.5201,9.0065],[76.5201,9.0076],[76.5199,9.0076],[76.5199,9.0085],[76.5196,9.0085],[76.5196,9.0099],[76.5193,9.0099],[76.5193,9.0104],[76.519,9.0104],[76.519,9.0107],[76.5188,9.0107],[76.5188,9.0118],[76.519,9.0118],[76.519,9.0135],[76.5188,9.0135],[76.5188,9.0149],[76.5185,9.0149],[76.5185,9.0151],[76.5188,9.0151],[76.5188,9.0154],[76.5185,9.0154],[76.5185,9.0157],[76.5188,9.0157],[76.5188,9.016],[76.5185,9.016],[76.5185,9.0179],[76.5188,9.0179],[76.5188,9.0185],[76.5182,9.0185],[76.5182,9.0188],[76.5179,9.0188],[76.5179,9.0193],[76.5174,9.0193],[76.5174,9.0196],[76.5171,9.0196],[76.5171,9.0201],[76.5168,9.0201],[76.5168,9.0204],[76.5165,9.0204],[76.5165,9.0215],[76.5163,9.0215],[76.5163,9.0221],[76.516,9.0221],[76.516,9.0224],[76.5154,9.0224],[76.5154,9.0229],[76.5151,9.0229],[76.5151,9.0235],[76.5149,9.0235],[76.5149,9.024],[76.5146,9.024],[76.5146,9.0246],[76.5143,9.0246],[76.5143,9.0249],[76.514,9.0249],[76.514,9.0254],[76.5137,9.0254],[76.5137,9.0257],[76.5135,9.0257],[76.5135,9.026],[76.5132,9.026],[76.5132,9.0265],[76.5129,9.0265],[76.5129,9.0271],[76.5126,9.0271],[76.5126,9.0279],[76.5124,9.0279],[76.5124,9.0285],[76.5121,9.0285],[76.5121,9.029],[76.5115,9.029],[76.5115,9.0293],[76.5113,9.0293],[76.5113,9.0296],[76.511,9.0296],[76.511,9.0304],[76.5107,9.0304],[76.5107,9.031],[76.5104,9.031],[76.5104,9.0315],[76.5101,9.0315],[76.5101,9.0324],[76.5099,9.0324],[76.5099,9.0329],[76.5096,9.0329],[76.5096,9.0335],[76.5093,9.0335],[76.5093,9.034],[76.509,9.034],[76.509,9.0343],[76.5088,9.0343],[76.5088,9.0354],[76.5085,9.0354],[76.5085,9.0371],[76.5082,9.0371],[76.5082,9.0374],[76.5079,9.0374],[76.5079,9.0376],[76.5076,9.0376],[76.5076,9.0379],[76.5074,9.0379],[76.5074,9.0385],[76.5071,9.0385],[76.5071,9.0387],[76.5068,9.0387],[76.5068,9.039],[76.5071,9.039],[76.5071,9.0399],[76.5068,9.0399],[76.5068,9.0404],[76.5065,9.0404],[76.5065,9.041],[76.5062,9.041],[76.5062,9.0415],[76.506,9.0415],[76.506,9.0418],[76.5057,9.0418],[76.5057,9.0424],[76.5054,9.0424],[76.5054,9.0435],[76.5051,9.0435],[76.5051,9.0438],[76.5054,9.0437],[76.5054,9.044],[76.5051,9.044],[76.5051,9.0443],[76.5049,9.0443],[76.5049,9.0449],[76.5046,9.0449],[76.5046,9.0454],[76.5043,9.0454],[76.5043,9.046],[76.504,9.046],[76.504,9.0463],[76.5037,9.0463],[76.5037,9.0465],[76.5035,9.0465],[76.5035,9.0476],[76.5032,9.0476],[76.5032,9.0479],[76.5029,9.0479],[76.5029,9.0485],[76.5026,9.0485],[76.5026,9.0493],[76.5024,9.0493],[76.5024,9.0504],[76.5021,9.0504],[76.5021,9.051],[76.5018,9.051],[76.5018,9.0513],[76.5021,9.0513],[76.5021,9.0515],[76.5018,9.0515],[76.5018,9.0518],[76.5015,9.0518],[76.5015,9.0524],[76.5013,9.0524],[76.5013,9.0529],[76.501,9.0529],[76.501,9.0532],[76.5007,9.0532],[76.5007,9.0543],[76.5004,9.0543],[76.5004,9.0549],[76.5001,9.0549],[76.5001,9.0557],[76.4996,9.0557],[76.4996,9.0563],[76.4993,9.0562],[76.4993,9.0574],[76.499,9.0574],[76.499,9.0579],[76.4987,9.0579],[76.4987,9.0582],[76.4985,9.0582],[76.4985,9.0585],[76.4982,9.0585],[76.4982,9.0596],[76.4979,9.0596],[76.4979,9.0601],[76.4976,9.0601],[76.4976,9.0612],[76.4974,9.0612],[76.4974,9.0618],[76.4971,9.0618],[76.4971,9.0629],[76.4968,9.0629],[76.4968,9.0635],[76.4965,9.0635],[76.4965,9.0638],[76.4962,9.0638],[76.4962,9.0643],[76.496,9.0643],[76.496,9.0649],[76.4957,9.0649],[76.4957,9.0657],[76.4954,9.0657],[76.4954,9.0665],[76.4951,9.0665],[76.4951,9.0668],[76.4949,9.0668],[76.4949,9.0674],[76.4946,9.0674],[76.4946,9.0682],[76.4943,9.0682],[76.4943,9.0685],[76.494,9.0685],[76.494,9.069],[76.4938,9.069],[76.4938,9.0693],[76.4935,9.0693],[76.4935,9.0699],[76.4932,9.0699],[76.4932,9.0713],[76.4929,9.0713],[76.4929,9.0718],[76.4926,9.0718],[76.4926,9.0726],[76.4921,9.0726],[76.4921,9.0737],[76.4918,9.0738],[76.4918,9.0746],[76.4915,9.0746],[76.4915,9.0751],[76.4912,9.0751],[76.4912,9.0757],[76.491,9.0757],[76.491,9.0763],[76.4907,9.0763],[76.4907,9.0765],[76.4904,9.0765],[76.4904,9.0768],[76.4901,9.0768],[76.4901,9.0776],[76.4899,9.0776],[76.4899,9.0785],[76.4896,9.0785],[76.4896,9.079],[76.4893,9.079],[76.4893,9.0807],[76.489,9.0807],[76.489,9.0812],[76.4887,9.0812],[76.4887,9.0815],[76.4885,9.0815],[76.4885,9.0821],[76.4882,9.0821],[76.4882,9.0826],[76.4879,9.0826],[76.4879,9.0832],[76.4876,9.0832],[76.4876,9.0835],[76.4874,9.0835],[76.4874,9.0846],[76.4871,9.0846],[76.4871,9.0852],[76.4868,9.0851],[76.4868,9.0857],[76.4865,9.0857],[76.4865,9.0865],[76.4863,9.0865],[76.4863,9.0868],[76.486,9.0868],[76.486,9.0874],[76.4857,9.0874],[76.4857,9.0879],[76.4854,9.0879],[76.4854,9.089],[76.4851,9.089],[76.4851,9.0896],[76.4849,9.0896],[76.4849,9.0904],[76.4843,9.0904],[76.4843,9.0915],[76.484,9.0915],[76.484,9.0921],[76.4837,9.0921],[76.4837,9.0932],[76.4832,9.0932],[76.4832,9.0935],[76.4829,9.0935],[76.4829,9.094],[76.4826,9.094],[76.4826,9.0949],[76.4829,9.0949],[76.4829,9.0954],[76.4826,9.0954],[76.4826,9.0951],[76.4821,9.0951],[76.4821,9.0957],[76.4818,9.0957],[76.4818,9.096],[76.4815,9.096],[76.4815,9.0965],[76.4812,9.0965],[76.4812,9.0974],[76.481,9.0974],[76.481,9.0976],[76.4807,9.0976],[76.4807,9.0979],[76.4804,9.0979],[76.4804,9.099],[76.4801,9.099],[76.4801,9.0996],[76.4799,9.0996],[76.4799,9.1001],[76.4796,9.1001],[76.4796,9.1007],[76.4793,9.1007],[76.4793,9.1018],[76.479,9.1018],[76.479,9.1024],[76.4788,9.1024],[76.4788,9.1035],[76.4785,9.1035],[76.4785,9.1038],[76.4782,9.1038],[76.4782,9.1043],[76.4779,9.1043],[76.4779,9.1049],[76.4776,9.1049],[76.4776,9.1054],[76.4774,9.1054],[76.4774,9.1057],[76.4771,9.1057],[76.4771,9.1063],[76.4768,9.1063],[76.4768,9.1068],[76.4765,9.1068],[76.4765,9.1074],[76.4762,9.1074],[76.4762,9.1076],[76.476,9.1076],[76.476,9.1082],[76.4757,9.1082],[76.4757,9.1085],[76.4754,9.1085],[76.4754,9.109],[76.4751,9.109],[76.4751,9.1101],[76.4746,9.1101],[76.4746,9.1113],[76.4743,9.1113],[76.4743,9.1115],[76.474,9.1115],[76.474,9.1118],[76.4737,9.1118],[76.4737,9.1121],[76.4735,9.1121],[76.4735,9.1132],[76.4732,9.1132],[76.4732,9.1135],[76.4729,9.1135],[76.4729,9.114],[76.4726,9.114],[76.4726,9.1146],[76.4724,9.1146],[76.4724,9.1147],[76.4724,9.1157],[76.4721,9.1157],[76.4721,9.116],[76.4718,9.116],[76.4718,9.1168],[76.4715,9.1168],[76.4715,9.1174],[76.4713,9.1174],[76.4713,9.1182],[76.471,9.1182],[76.471,9.1185],[76.4707,9.1185],[76.4707,9.119],[76.4704,9.119],[76.4704,9.12],[76.4704,9.1201],[76.4701,9.1201],[76.4701,9.1207],[76.4701,9.121],[76.47,9.121],[76.4699,9.121],[76.4699,9.1214],[76.4699,9.1215],[76.4696,9.1215],[76.4696,9.1221],[76.4693,9.1221],[76.4693,9.1226],[76.469,9.1226],[76.469,9.1229],[76.4688,9.1229],[76.4688,9.1235],[76.4685,9.1235],[76.4685,9.124],[76.4682,9.124],[76.4682,9.1246],[76.4679,9.1246],[76.4679,9.1249],[76.4676,9.1249],[76.4676,9.126],[76.4674,9.126],[76.4674,9.1265],[76.4671,9.1265],[76.4671,9.1274],[76.4668,9.1274],[76.4668,9.1282],[76.4665,9.1282],[76.4665,9.1285],[76.4662,9.1285],[76.4662,9.129],[76.466,9.129],[76.466,9.1296],[76.4657,9.1296],[76.4657,9.1301],[76.4654,9.1301],[76.4654,9.1307],[76.4651,9.1307],[76.4651,9.1313],[76.4649,9.1313],[76.4649,9.1318],[76.4646,9.1318],[76.4646,9.1324],[76.4643,9.1324],[76.4643,9.1329],[76.464,9.1329],[76.464,9.1332],[76.4638,9.1332],[76.4638,9.134],[76.4635,9.134],[76.4635,9.1351],[76.4674,9.1351],[76.4674,9.1354],[76.4679,9.1354],[76.4679,9.1357],[76.4682,9.1357],[76.4682,9.136],[76.4685,9.136],[76.4685,9.1365],[76.469,9.1365],[76.4693,9.1365],[76.4693,9.1363],[76.4693,9.1351],[76.469,9.1351],[76.469,9.1349],[76.4688,9.1349],[76.4688,9.1343],[76.4685,9.1343],[76.4685,9.134],[76.4682,9.134],[76.4682,9.1338],[76.4679,9.1338],[76.4679,9.1335],[76.4676,9.1335],[76.4676,9.1332],[76.4671,9.1332],[76.4671,9.1329],[76.4668,9.1329],[76.4668,9.131],[76.4679,9.131],[76.4679,9.1307],[76.4693,9.1307],[76.4693,9.1304],[76.4707,9.1304],[76.4707,9.1301],[76.471,9.1301],[76.471,9.1296],[76.4713,9.1296],[76.4713,9.129],[76.4715,9.129],[76.4715,9.1282],[76.4718,9.1282],[76.4718,9.1271],[76.4721,9.1271],[76.4721,9.1265],[76.4713,9.1265],[76.4713,9.126],[76.4715,9.126],[76.4715,9.1257],[76.4726,9.1257],[76.4726,9.1243],[76.4724,9.1243],[76.4724,9.1238],[76.4721,9.1238],[76.4721,9.1229],[76.4726,9.1229],[76.4726,9.1235],[76.4729,9.1235],[76.4729,9.124],[76.4732,9.124],[76.4732,9.1246],[76.4765,9.1246],[76.4765,9.1254],[76.4762,9.1254],[76.4762,9.1265],[76.476,9.1265],[76.476,9.1268],[76.4735,9.1268],[76.4735,9.1276],[76.4737,9.1276],[76.4737,9.1282],[76.474,9.1282],[76.474,9.1287],[76.4743,9.1287],[76.4743,9.1293],[76.4746,9.1293],[76.4746,9.1304],[76.4743,9.1304],[76.4743,9.1315],[76.4749,9.1315],[76.4749,9.1313],[76.4762,9.1313],[76.4762,9.1315],[76.4765,9.1315],[76.4765,9.1318],[76.4768,9.1318],[76.4768,9.1321],[76.4771,9.1321],[76.4771,9.1335],[76.4774,9.1335],[76.4774,9.1332],[76.4776,9.1332],[76.4776,9.1326],[76.4779,9.1326],[76.4779,9.1321],[76.4782,9.1321],[76.4782,9.1315],[76.4785,9.1315],[76.4785,9.131],[76.4788,9.131],[76.4788,9.129],[76.479,9.129],[76.479,9.1282],[76.4793,9.1282],[76.4793,9.1276],[76.4796,9.1276],[76.4796,9.1271],[76.4799,9.1271],[76.4799,9.1268],[76.4804,9.1268],[76.4804,9.1263],[76.4812,9.1263],[76.4812,9.126],[76.4818,9.126],[76.4818,9.1257],[76.4826,9.1257],[76.4826,9.126],[76.4829,9.126],[76.4829,9.1263],[76.4832,9.1263],[76.4832,9.1265],[76.4835,9.1265],[76.4835,9.1268],[76.4837,9.1268],[76.4837,9.1274],[76.4835,9.1274],[76.4835,9.129],[76.4832,9.129],[76.4832,9.1296],[76.4835,9.1296],[76.4835,9.1299],[76.4832,9.1299],[76.4832,9.1301],[76.4835,9.1301],[76.4835,9.1318],[76.4837,9.1318],[76.4837,9.134],[76.4835,9.134],[76.4835,9.1351],[76.4832,9.1351],[76.4832,9.1371],[76.4837,9.1371],[76.4837,9.1374],[76.484,9.1374],[76.484,9.1376],[76.4843,9.1376],[76.4843,9.1379],[76.4846,9.1379],[76.4846,9.1382],[76.4849,9.1382],[76.4849,9.1393],[76.4846,9.1393],[76.4846,9.1401],[76.4843,9.1401],[76.4843,9.1415],[76.484,9.1415],[76.484,9.1424],[76.4837,9.1424],[76.4837,9.1429],[76.4835,9.1429],[76.4835,9.1446],[76.4832,9.1446],[76.4832,9.1454],[76.4835,9.1454],[76.4835,9.146],[76.4832,9.146],[76.4832,9.1471],[76.4829,9.1471],[76.4829,9.1476],[76.4826,9.1476],[76.4826,9.1479],[76.4824,9.1479],[76.4824,9.1482],[76.4821,9.1482],[76.4821,9.1488],[76.4824,9.1488],[76.4824,9.149],[76.4818,9.149],[76.4818,9.1499],[76.4815,9.1499],[76.4815,9.1507],[76.4812,9.1507],[76.4812,9.1513],[76.481,9.1512],[76.481,9.1515],[76.4807,9.1515],[76.4807,9.1521],[76.4804,9.1521],[76.4804,9.1538],[76.4807,9.1538],[76.4807,9.1557],[76.4804,9.1557],[76.4804,9.1565],[76.4801,9.1565],[76.4801,9.1571],[76.4799,9.1571],[76.4799,9.1582],[76.4796,9.1582],[76.4796,9.1599],[76.4799,9.1599],[76.4799,9.1601],[76.4801,9.1601],[76.4801,9.1607],[76.4804,9.1607],[76.4804,9.1626],[76.4801,9.1626],[76.4801,9.1638],[76.4799,9.1638],[76.4799,9.164],[76.4801,9.164],[76.4801,9.1643],[76.4799,9.1643],[76.4799,9.1646],[76.4801,9.1646],[76.4801,9.1649],[76.4799,9.1649],[76.4799,9.1651],[76.4801,9.1651],[76.4801,9.1657],[76.4804,9.1657],[76.4804,9.1668],[76.481,9.1668],[76.481,9.1671],[76.4818,9.1671],[76.4818,9.1674],[76.4824,9.1674],[76.4824,9.1676],[76.4843,9.1676],[76.4843,9.1674],[76.4849,9.1674],[76.4849,9.1671],[76.4854,9.1671],[76.4854,9.1668],[76.4882,9.1668],[76.4882,9.1671],[76.4885,9.1671],[76.4885,9.1674],[76.4887,9.1674],[76.4887,9.1676],[76.489,9.1676],[76.489,9.1682],[76.4893,9.1682],[76.4893,9.1685],[76.4896,9.1685],[76.4896,9.1687],[76.4899,9.1687],[76.4899,9.169],[76.4901,9.169],[76.4901,9.1696],[76.4904,9.1696],[76.4904,9.1701],[76.4901,9.1701],[76.4901,9.1707],[76.4885,9.1707],[76.4885,9.1704],[76.4879,9.1704],[76.4879,9.1701],[76.4874,9.1701],[76.4874,9.1699],[76.4868,9.1699],[76.4868,9.1696],[76.4863,9.1696],[76.4863,9.1693],[76.4857,9.1693],[76.4857,9.169],[76.4851,9.169],[76.4851,9.1687],[76.4824,9.1687],[76.4824,9.169],[76.4818,9.169],[76.4818,9.1693],[76.4815,9.1693],[76.4815,9.1696],[76.4812,9.1696],[76.4812,9.1699],[76.481,9.1699],[76.481,9.1701],[76.4807,9.1701],[76.4807,9.1707],[76.4804,9.1707],[76.4804,9.171],[76.4799,9.171],[76.4799,9.1701],[76.4796,9.1701],[76.4796,9.1693],[76.4793,9.1693],[76.4793,9.169],[76.479,9.169],[76.479,9.1687],[76.4785,9.1687],[76.4785,9.1685],[76.4782,9.1685],[76.4782,9.1679],[76.4779,9.1679],[76.4779,9.1674],[76.4768,9.1674],[76.4768,9.1671],[76.4762,9.1671],[76.4762,9.1665],[76.4757,9.1665],[76.4757,9.1646],[76.4754,9.1646],[76.4754,9.164],[76.4757,9.164],[76.4757,9.1629],[76.476,9.1629],[76.476,9.1599],[76.4762,9.1599],[76.4762,9.1587],[76.4765,9.1588],[76.4765,9.1576],[76.4771,9.1576],[76.4771,9.1568],[76.4774,9.1568],[76.4774,9.1565],[76.4776,9.1565],[76.4776,9.1563],[76.4779,9.1563],[76.4779,9.1557],[76.4782,9.1557],[76.4782,9.1551],[76.4785,9.1551],[76.4785,9.1549],[76.4788,9.1549],[76.4788,9.154],[76.4785,9.154],[76.4785,9.1532],[76.4782,9.1532],[76.4782,9.1529],[76.4779,9.1529],[76.4779,9.1524],[76.4776,9.1524],[76.4776,9.1521],[76.4774,9.1521],[76.4774,9.1493],[76.4776,9.1493],[76.4776,9.149],[76.4774,9.149],[76.4774,9.1488],[76.4776,9.1488],[76.4776,9.1485],[76.4774,9.1485],[76.4774,9.1479],[76.4768,9.1479],[76.4768,9.1474],[76.4757,9.1474],[76.4757,9.1471],[76.4751,9.1471],[76.4751,9.1468],[76.4749,9.1468],[76.4749,9.1462],[76.4743,9.1462],[76.4743,9.1451],[76.474,9.1451],[76.474,9.1449],[76.4743,9.1449],[76.4743,9.1446],[76.474,9.1446],[76.474,9.144],[76.4743,9.144],[76.4743,9.1438],[76.474,9.1438],[76.474,9.1435],[76.4743,9.1435],[76.4743,9.1432],[76.474,9.1432],[76.474,9.1426],[76.4737,9.1426],[76.4737,9.1424],[76.4735,9.1424],[76.4735,9.1421],[76.4732,9.1421],[76.4732,9.1424],[76.4729,9.1424],[76.4729,9.1421],[76.4715,9.1421],[76.4715,9.1424],[76.4707,9.1424],[76.4707,9.1429],[76.4704,9.1429],[76.4704,9.1438],[76.4701,9.1438],[76.4701,9.1446],[76.4699,9.1446],[76.4699,9.1454],[76.4704,9.1454],[76.4704,9.1457],[76.471,9.1457],[76.471,9.146],[76.4707,9.146],[76.4707,9.1465],[76.4704,9.1465],[76.4704,9.1468],[76.4688,9.1468],[76.4688,9.1471],[76.4686,9.1471],[76.4682,9.1471],[76.4682,9.1476],[76.4685,9.1476],[76.4685,9.1479],[76.4682,9.1479],[76.4682,9.1485],[76.4679,9.1485],[76.4679,9.1496],[76.4676,9.1496],[76.4676,9.1507],[76.4674,9.1507],[76.4674,9.151],[76.4671,9.151],[76.4671,9.1521],[76.4674,9.1521],[76.4674,9.1563],[76.4676,9.1563],[76.4676,9.1571],[76.4674,9.1571],[76.4674,9.1582],[76.4671,9.1582],[76.4671,9.1585],[76.4665,9.1585],[76.4665,9.1588],[76.4662,9.1588],[76.4662,9.159],[76.466,9.159],[76.466,9.1607],[76.4657,9.1607],[76.4657,9.161],[76.4654,9.161],[76.4654,9.1615],[76.4651,9.1615],[76.4651,9.1621],[76.4649,9.1621],[76.4649,9.1624],[76.4646,9.1624],[76.4646,9.1629],[76.4643,9.1629],[76.4643,9.1632],[76.464,9.1632],[76.464,9.1635],[76.4638,9.1635],[76.4638,9.1638],[76.4632,9.1638],[76.4632,9.164],[76.4626,9.164],[76.4626,9.1649],[76.4618,9.1649],[76.4618,9.1646],[76.4604,9.1646],[76.4604,9.1649],[76.4599,9.1649],[76.4599,9.1651],[76.4596,9.1651],[76.4596,9.1657],[76.4593,9.1657],[76.4593,9.166],[76.459,9.166],[76.459,9.1663],[76.4587,9.1662],[76.4587,9.1668],[76.4585,9.1668],[76.4585,9.1671],[76.4579,9.1671],[76.4579,9.1676],[76.4576,9.1676],[76.4576,9.1682],[76.4579,9.1682],[76.4579,9.1687],[76.4576,9.1687],[76.4576,9.1693],[76.4574,9.1693],[76.4574,9.1699],[76.4571,9.1699],[76.4571,9.1704],[76.4568,9.1704],[76.4568,9.171],[76.4565,9.171],[76.4565,9.1715],[76.4563,9.1715],[76.4563,9.1721],[76.456,9.1721],[76.456,9.1724],[76.4557,9.1724],[76.4557,9.1729],[76.4554,9.1729],[76.4554,9.1737],[76.4551,9.1737],[76.4551,9.1743],[76.4549,9.1743],[76.4549,9.1746],[76.4546,9.1746],[76.4546,9.1754],[76.4543,9.1754],[76.4543,9.1765],[76.454,9.1765],[76.454,9.1774],[76.4538,9.1774],[76.4538,9.1785],[76.4535,9.1785],[76.4535,9.179],[76.4532,9.179],[76.4532,9.1801],[76.4529,9.1801],[76.4529,9.1807],[76.4526,9.1807],[76.4526,9.1813],[76.4524,9.1813],[76.4524,9.1815],[76.4521,9.1815],[76.4521,9.1818],[76.4515,9.1818],[76.4515,9.1824],[76.4512,9.1824],[76.4512,9.1835],[76.4507,9.1835],[76.4507,9.184],[76.4504,9.184],[76.4504,9.1846],[76.4501,9.1846],[76.4501,9.1849],[76.4499,9.1849],[76.4499,9.1854],[76.4493,9.1854],[76.4493,9.186],[76.449,9.186],[76.449,9.1865],[76.4488,9.1865],[76.4488,9.1868],[76.4485,9.1868],[76.4485,9.1876],[76.4482,9.1876],[76.4482,9.1885],[76.4479,9.1885],[76.4479,9.189],[76.4476,9.189],[76.4476,9.1896],[76.4474,9.1896],[76.4474,9.1901],[76.4471,9.1901],[76.4471,9.1907],[76.4468,9.1907],[76.4468,9.191],[76.4465,9.191],[76.4465,9.1912],[76.4463,9.1912],[76.4463,9.1921],[76.446,9.1921],[76.446,9.1926],[76.4457,9.1926],[76.4457,9.1935],[76.4454,9.1935],[76.4454,9.1938],[76.4451,9.1938],[76.4451,9.1946],[76.4449,9.1946],[76.4449,9.1951],[76.4446,9.1951],[76.4446,9.1957],[76.4443,9.1957],[76.4443,9.196],[76.444,9.196],[76.444,9.1968],[76.4437,9.1968],[76.4437,9.1974],[76.4435,9.1974],[76.4435,9.1982],[76.4432,9.1982],[76.4432,9.1993],[76.4429,9.1993],[76.4429,9.1999],[76.4426,9.1999],[76.4426,9.2004],[76.4424,9.2004],[76.4424,9.2015],[76.4421,9.2015],[76.4421,9.2024],[76.4418,9.2024],[76.4418,9.2026],[76.4421,9.2026],[76.4421,9.2032],[76.4418,9.2032],[76.4418,9.2046],[76.4415,9.2046],[76.4415,9.2068],[76.4413,9.2068],[76.4413,9.2071],[76.4415,9.2071],[76.4415,9.2074],[76.4412,9.2074],[76.4412,9.2085],[76.441,9.2085],[76.441,9.2099],[76.4407,9.2099],[76.4407,9.2107],[76.4404,9.2107],[76.4404,9.2115],[76.4401,9.2115],[76.4401,9.2121],[76.4399,9.2121],[76.4399,9.2132],[76.4401,9.2132],[76.4401,9.2135],[76.4407,9.2135],[76.4407,9.2143],[76.4404,9.2143],[76.4404,9.2154],[76.4401,9.2154],[76.4401,9.2165],[76.4399,9.2165],[76.4399,9.2174],[76.4396,9.2174],[76.4396,9.2182],[76.4393,9.2182],[76.4393,9.2196],[76.4396,9.2196],[76.4396,9.2238],[76.4399,9.2238],[76.4399,9.2251],[76.4401,9.2251],[76.4401,9.2262],[76.4404,9.2262],[76.4404,9.2304],[76.4401,9.2304],[76.4401,9.2307],[76.4396,9.2307],[76.4396,9.231],[76.4382,9.231],[76.4382,9.2307],[76.4371,9.2307],[76.4371,9.231],[76.4362,9.231],[76.4362,9.2307],[76.4354,9.2307],[76.4354,9.2304],[76.4315,9.2304],[76.4315,9.2307],[76.4313,9.2307],[76.4313,9.2313],[76.431,9.2312],[76.431,9.2318],[76.4307,9.2318],[76.4307,9.2321],[76.4304,9.2321],[76.4304,9.2326],[76.4301,9.2326],[76.4301,9.2329],[76.4299,9.2329],[76.4299,9.2332],[76.429,9.2332],[76.429,9.2335],[76.4287,9.2335],[76.4287,9.2349],[76.4285,9.2349],[76.4285,9.236],[76.4282,9.236],[76.4282,9.2365],[76.4279,9.2365],[76.4279,9.2368],[76.4276,9.2368],[76.4276,9.2374],[76.4274,9.2374],[76.4274,9.2379],[76.4271,9.2379],[76.4271,9.2385],[76.4268,9.2385],[76.4268,9.2396],[76.4265,9.2396],[76.4265,9.2401],[76.4262,9.2401],[76.4262,9.2407],[76.426,9.2407],[76.426,9.2413],[76.4257,9.2413],[76.4257,9.2418],[76.4254,9.2418],[76.4254,9.2424],[76.4251,9.2424],[76.4251,9.2429],[76.4249,9.2429],[76.4249,9.2432],[76.4246,9.2432],[76.4246,9.2438],[76.4243,9.2438],[76.4243,9.2443],[76.424,9.2443],[76.424,9.2449],[76.4238,9.2449],[76.4238,9.2451],[76.4235,9.2451],[76.4235,9.2454],[76.4232,9.2454],[76.4232,9.2457],[76.4226,9.2457],[76.4226,9.2451],[76.4224,9.2451],[76.4224,9.2449],[76.4221,9.2449],[76.4221,9.2443],[76.4218,9.2443],[76.4218,9.2438],[76.4212,9.2438],[76.4212,9.2432],[76.421,9.2432],[76.421,9.2424],[76.4207,9.2424],[76.4207,9.2415],[76.421,9.2415],[76.421,9.241],[76.4212,9.241],[76.4212,9.2404],[76.4215,9.2404],[76.4215,9.2401],[76.4218,9.2401],[76.4218,9.2396],[76.4221,9.2396],[76.4221,9.2393],[76.4224,9.2393],[76.4224,9.2388],[76.4226,9.2387],[76.4226,9.2385],[76.4229,9.2385],[76.4229,9.2379],[76.4232,9.2379],[76.4232,9.2374],[76.4235,9.2374],[76.4235,9.2372],[76.4235,9.2368],[76.4238,9.2368],[76.4238,9.2363],[76.424,9.2363],[76.424,9.2357],[76.4243,9.2357],[76.4243,9.2351],[76.4246,9.2351],[76.4246,9.2346],[76.4249,9.2346],[76.4249,9.234],[76.4251,9.234],[76.4251,9.2335],[76.4254,9.2335],[76.4254,9.2329],[76.4257,9.2329],[76.4257,9.2324],[76.426,9.2324],[76.426,9.2321],[76.4262,9.2321],[76.4262,9.2315],[76.4265,9.2315],[76.4265,9.2312],[76.4268,9.2313],[76.4268,9.231],[76.4271,9.231],[76.4271,9.2304],[76.4274,9.2304],[76.4274,9.2301],[76.4276,9.2301],[76.4276,9.2299],[76.4279,9.2299],[76.4279,9.2293],[76.4282,9.2293],[76.4282,9.2288],[76.4285,9.2288],[76.4285,9.2282],[76.4287,9.2282],[76.4287,9.228],[76.4287,9.2276],[76.429,9.2276],[76.429,9.2271],[76.4293,9.2271],[76.4293,9.2265],[76.4296,9.2265],[76.4296,9.226],[76.4299,9.226],[76.4299,9.2257],[76.4301,9.2257],[76.4301,9.2254],[76.4304,9.2254],[76.4304,9.2251],[76.4307,9.2251],[76.4307,9.2246],[76.431,9.2246],[76.431,9.2243],[76.4307,9.2243],[76.4307,9.224],[76.431,9.224],[76.431,9.2229],[76.4313,9.2229],[76.4313,9.2221],[76.4315,9.2221],[76.4315,9.2218],[76.4318,9.2218],[76.4318,9.2212],[76.4321,9.2212],[76.4321,9.2204],[76.4318,9.2204],[76.4318,9.2201],[76.4315,9.2201],[76.4315,9.2193],[76.4318,9.2193],[76.4318,9.219],[76.4321,9.219],[76.4321,9.2188],[76.4324,9.2188],[76.4324,9.2182],[76.4326,9.2182],[76.4326,9.2176],[76.4329,9.2176],[76.4329,9.2174],[76.4332,9.2174],[76.4332,9.2168],[76.4335,9.2168],[76.4335,9.2162],[76.4337,9.2162],[76.4337,9.2157],[76.434,9.2157],[76.434,9.2151],[76.4343,9.2151],[76.4343,9.2146],[76.4346,9.2146],[76.4346,9.214],[76.4349,9.214],[76.4349,9.2132],[76.4351,9.2132],[76.4351,9.2124],[76.4354,9.2124],[76.4354,9.2118],[76.4357,9.2118],[76.4357,9.2113],[76.436,9.2113],[76.436,9.2104],[76.4362,9.2104],[76.4362,9.2096],[76.436,9.2096],[76.436,9.2087],[76.4362,9.2088],[76.4362,9.2085],[76.436,9.2085],[76.436,9.2082],[76.4362,9.2082],[76.4362,9.2068],[76.4365,9.2068],[76.4365,9.2063],[76.4368,9.2063],[76.4368,9.206],[76.4371,9.206],[76.4371,9.2054],[76.4374,9.2054],[76.4374,9.2049],[76.4376,9.2049],[76.4376,9.2046],[76.4379,9.2046],[76.4379,9.204],[76.4385,9.204],[76.4385,9.2018],[76.4388,9.2018],[76.4388,9.2007],[76.439,9.2007],[76.439,9.199],[76.4393,9.199],[76.4393,9.1965],[76.4396,9.1965],[76.4396,9.1962],[76.4393,9.1962],[76.4393,9.1957],[76.4396,9.1957],[76.4396,9.1954],[76.4399,9.1954],[76.4399,9.1946],[76.4401,9.1946],[76.4401,9.1932],[76.4407,9.1932],[76.4407,9.1926],[76.4404,9.1926],[76.4404,9.1921],[76.4401,9.1921],[76.4401,9.1915],[76.4399,9.1915],[76.4399,9.191],[76.4396,9.191],[76.4396,9.1901],[76.4399,9.1901],[76.4399,9.1896],[76.4401,9.1896],[76.4401,9.1893],[76.4404,9.1893],[76.4404,9.189],[76.441,9.189],[76.441,9.1887],[76.4413,9.1887],[76.4412,9.1885],[76.4415,9.1885],[76.4415,9.1882],[76.4418,9.1882],[76.4418,9.1879],[76.4424,9.1879],[76.4424,9.1871],[76.4426,9.1871],[76.4426,9.1868],[76.4429,9.1868],[76.4429,9.1865],[76.4432,9.1865],[76.4432,9.1863],[76.4435,9.1863],[76.4435,9.186],[76.444,9.186],[76.444,9.1857],[76.4443,9.1857],[76.4443,9.1854],[76.4446,9.1854],[76.4446,9.1851],[76.4449,9.1851],[76.4449,9.1849],[76.4454,9.1849],[76.4454,9.1846],[76.4457,9.1846],[76.4457,9.1843],[76.446,9.1843],[76.446,9.184],[76.4463,9.184],[76.4463,9.1832],[76.4465,9.1832],[76.4465,9.1824],[76.4468,9.1824],[76.4468,9.1818],[76.4471,9.1818],[76.4471,9.1815],[76.4474,9.1815],[76.4474,9.1813],[76.4476,9.1813],[76.4476,9.181],[76.4479,9.181],[76.4479,9.1807],[76.4482,9.1807],[76.4482,9.1804],[76.4485,9.1804],[76.4485,9.1801],[76.4488,9.1801],[76.4488,9.1799],[76.449,9.1799],[76.449,9.1796],[76.4493,9.1796],[76.4493,9.1793],[76.4496,9.1793],[76.4496,9.179],[76.4499,9.179],[76.4499,9.1788],[76.4501,9.1788],[76.4501,9.1785],[76.4515,9.1785],[76.4515,9.1779],[76.4518,9.1779],[76.4518,9.1771],[76.4521,9.1771],[76.4521,9.1751],[76.4524,9.1751],[76.4524,9.1746],[76.4526,9.1746],[76.4526,9.174],[76.4529,9.174],[76.4529,9.1737],[76.4532,9.1737],[76.4532,9.1732],[76.4535,9.1732],[76.4535,9.1729],[76.4538,9.1729],[76.4538,9.1724],[76.4543,9.1724],[76.4543,9.1721],[76.4546,9.1721],[76.4546,9.171],[76.4549,9.171],[76.4549,9.1699],[76.4551,9.1699],[76.4551,9.1693],[76.4554,9.1693],[76.4554,9.1687],[76.4557,9.1687],[76.4557,9.1682],[76.456,9.1682],[76.456,9.1676],[76.4563,9.1676],[76.4563,9.1665],[76.456,9.1665],[76.456,9.1662],[76.4563,9.1663],[76.4563,9.166],[76.4565,9.166],[76.4565,9.1657],[76.4568,9.1657],[76.4568,9.1654],[76.4571,9.1654],[76.4571,9.1651],[76.4574,9.1651],[76.4574,9.1649],[76.4576,9.1649],[76.4576,9.1646],[76.4579,9.1646],[76.4579,9.1635],[76.4582,9.1635],[76.4582,9.1626],[76.4579,9.1626],[76.4579,9.1621],[76.4576,9.1621],[76.4576,9.1618],[76.4574,9.1618],[76.4574,9.1613],[76.4568,9.1613],[76.4568,9.161],[76.4565,9.161],[76.4565,9.1613],[76.4563,9.1613],[76.4563,9.1615],[76.4554,9.1615],[76.4554,9.1613],[76.4549,9.1613],[76.4549,9.161],[76.4546,9.161],[76.4546,9.1607],[76.4543,9.1607],[76.4543,9.1585],[76.4549,9.1585],[76.4549,9.1582],[76.4551,9.1582],[76.4551,9.1579],[76.4554,9.1579],[76.4554,9.1576],[76.4557,9.1576],[76.4557,9.1571],[76.456,9.1571],[76.456,9.1563],[76.4565,9.1563],[76.4565,9.156],[76.4576,9.156],[76.4576,9.1563],[76.4579,9.1563],[76.4579,9.1568],[76.4585,9.1568],[76.4585,9.1585],[76.4587,9.1585],[76.4587,9.1593],[76.459,9.1593],[76.459,9.1599],[76.4596,9.1599],[76.4596,9.1601],[76.4599,9.1601],[76.4599,9.1599],[76.4601,9.1599],[76.4601,9.1596],[76.4604,9.1596],[76.4604,9.159],[76.461,9.159],[76.461,9.1585],[76.461,9.1576],[76.4613,9.1576],[76.4613,9.1568],[76.4615,9.1568],[76.4615,9.1563],[76.4618,9.1563],[76.4618,9.156],[76.4621,9.156],[76.4621,9.1551],[76.4624,9.1551],[76.4624,9.1549],[76.4626,9.1549],[76.4626,9.1543],[76.4629,9.1543],[76.4629,9.154],[76.4632,9.154],[76.4632,9.1538],[76.4635,9.1538],[76.4635,9.1521],[76.4632,9.1521],[76.4632,9.1515],[76.464,9.1515],[76.464,9.151],[76.4643,9.151],[76.4643,9.1504],[76.4646,9.1504],[76.4646,9.1499],[76.4649,9.1499],[76.4649,9.1493],[76.4651,9.1493],[76.4651,9.1482],[76.4657,9.1482],[76.4657,9.1479],[76.4654,9.1479],[76.4654,9.1474],[76.4657,9.1474],[76.4657,9.1468],[76.466,9.1468],[76.466,9.146],[76.4662,9.146],[76.4662,9.1451],[76.4665,9.1451],[76.4665,9.1446],[76.4668,9.1446],[76.4668,9.1438],[76.4671,9.1438],[76.4671,9.1432],[76.4674,9.1432],[76.4674,9.1429],[76.4679,9.1429],[76.4679,9.1424],[76.4676,9.1424],[76.4676,9.1418],[76.4679,9.1418],[76.4679,9.1412],[76.4674,9.1412],[76.4674,9.141],[76.4668,9.141],[76.4668,9.1407],[76.4662,9.1407],[76.4662,9.1404],[76.466,9.1404],[76.466,9.1407],[76.4654,9.1407],[76.4654,9.141],[76.4649,9.141],[76.4649,9.1412],[76.4635,9.1412],[76.4635,9.141],[76.4629,9.141],[76.4629,9.1407],[76.4621,9.1407],[76.4621,9.1401],[76.4618,9.1401],[76.4618,9.1396],[76.4613,9.1396],[76.4613,9.1399],[76.4615,9.1399],[76.4615,9.1404],[76.461,9.1404],[76.461,9.1407],[76.4604,9.1407],[76.4604,9.1418],[76.4601,9.1418],[76.4601,9.1424],[76.46,9.1424],[76.4599,9.1424],[76.4599,9.1429],[76.4596,9.1429],[76.4596,9.1435],[76.4593,9.1435],[76.4593,9.144],[76.459,9.144],[76.459,9.1446],[76.4587,9.1446],[76.4587,9.1457],[76.4585,9.1457],[76.4585,9.1465],[76.4582,9.1465],[76.4582,9.1471],[76.4579,9.1471],[76.4579,9.1479],[76.4576,9.1479],[76.4576,9.1482],[76.4574,9.1482],[76.4574,9.1488],[76.4571,9.1488],[76.4571,9.1499],[76.4568,9.1499],[76.4568,9.1501],[76.4565,9.1501],[76.4565,9.1507],[76.4563,9.1507],[76.4563,9.1513],[76.456,9.1512],[76.456,9.1515],[76.4563,9.1515],[76.4563,9.1518],[76.456,9.1518],[76.456,9.1526],[76.4557,9.1526],[76.4557,9.1529],[76.4554,9.1529],[76.4554,9.1532],[76.4551,9.1532],[76.4551,9.1538],[76.4549,9.1538],[76.4549,9.1543],[76.4546,9.1543],[76.4546,9.1546],[76.4543,9.1546],[76.4543,9.1551],[76.454,9.1551],[76.454,9.1563],[76.4538,9.1563],[76.4538,9.1568],[76.4535,9.1568],[76.4535,9.1571],[76.4532,9.1571],[76.4532,9.1576],[76.4529,9.1576],[76.4529,9.1579],[76.4526,9.1579],[76.4526,9.1585],[76.4524,9.1585],[76.4524,9.1593],[76.4521,9.1593],[76.4521,9.1596],[76.4518,9.1596],[76.4518,9.1607],[76.4515,9.1607],[76.4515,9.1613],[76.4512,9.1612],[76.4512,9.1621],[76.451,9.1621],[76.451,9.1626],[76.4507,9.1626],[76.4507,9.1632],[76.4504,9.1632],[76.4504,9.1635],[76.4501,9.1635],[76.4501,9.164],[76.4499,9.164],[76.4499,9.1646],[76.4496,9.1646],[76.4496,9.1649],[76.4493,9.1649],[76.4493,9.1654],[76.449,9.1654],[76.449,9.1665],[76.4488,9.1665],[76.4488,9.1671],[76.4485,9.1671],[76.4485,9.1676],[76.4482,9.1676],[76.4482,9.1679],[76.4476,9.1679],[76.4476,9.1682],[76.4479,9.1682],[76.4479,9.1685],[76.4476,9.1685],[76.4476,9.1687],[76.4474,9.1687],[76.4474,9.1696],[76.4471,9.1696],[76.4471,9.1704],[76.4465,9.1704],[76.4465,9.171],[76.4463,9.171],[76.4463,9.1718],[76.446,9.1718],[76.446,9.1724],[76.4457,9.1724],[76.4457,9.1729],[76.4454,9.1729],[76.4454,9.1732],[76.4457,9.1732],[76.4457,9.1735],[76.4454,9.1735],[76.4454,9.1737],[76.4451,9.1737],[76.4451,9.1743],[76.4449,9.1743],[76.4449,9.1749],[76.4446,9.1749],[76.4446,9.1754],[76.4443,9.1754],[76.4443,9.1763],[76.444,9.1763],[76.444,9.1768],[76.4437,9.1768],[76.4437,9.1774],[76.4435,9.1774],[76.4435,9.1779],[76.4432,9.1779],[76.4432,9.1782],[76.4429,9.1782],[76.4429,9.179],[76.4426,9.179],[76.4426,9.1799],[76.4424,9.1799],[76.4424,9.1804],[76.4421,9.1804],[76.4421,9.1813],[76.4418,9.1813],[76.4418,9.1826],[76.4415,9.1826],[76.4415,9.1838],[76.4412,9.1838],[76.4412,9.1843],[76.441,9.1843],[76.441,9.1846],[76.4407,9.1846],[76.4407,9.1849],[76.4404,9.1849],[76.4404,9.186],[76.4399,9.186],[76.4399,9.1865],[76.4396,9.1865],[76.4396,9.1871],[76.4393,9.1871],[76.4393,9.1876],[76.4388,9.1876],[76.4388,9.1882],[76.4385,9.1882],[76.4385,9.1887],[76.4382,9.1887],[76.4382,9.1896],[76.4379,9.1896],[76.4379,9.1901],[76.4376,9.1901],[76.4376,9.1912],[76.4374,9.1912],[76.4374,9.1918],[76.4371,9.1918],[76.4371,9.1926],[76.4368,9.1926],[76.4368,9.1932],[76.4365,9.1932],[76.4365,9.1935],[76.4362,9.1935],[76.4362,9.1938],[76.436,9.1938],[76.436,9.1946],[76.4357,9.1946],[76.4357,9.1951],[76.4354,9.1951],[76.4354,9.1962],[76.4351,9.1962],[76.4351,9.1965],[76.4349,9.1965],[76.4349,9.1976],[76.4346,9.1976],[76.4346,9.1982],[76.4343,9.1982],[76.4343,9.1987],[76.434,9.1987],[76.434,9.1996],[76.4337,9.1996],[76.4337,9.2007],[76.4335,9.2007],[76.4335,9.2013],[76.4332,9.2013],[76.4332,9.2015],[76.4329,9.2015],[76.4329,9.2038],[76.4326,9.2038],[76.4326,9.2043],[76.4324,9.2043],[76.4324,9.2046],[76.4321,9.2046],[76.4321,9.2051],[76.4315,9.2051],[76.4315,9.2057],[76.4313,9.2057],[76.4313,9.2065],[76.431,9.2065],[76.431,9.2071],[76.4307,9.2071],[76.4307,9.2079],[76.4304,9.2079],[76.4304,9.2085],[76.4301,9.2085],[76.4301,9.2093],[76.4299,9.2093],[76.4299,9.2099],[76.4296,9.2099],[76.4296,9.2104],[76.4293,9.2104],[76.4293,9.211],[76.429,9.211],[76.429,9.2115],[76.4289,9.2115],[76.4287,9.2115],[76.4287,9.2121],[76.4285,9.2121],[76.4285,9.2126],[76.4282,9.2126],[76.4282,9.2132],[76.4279,9.2132],[76.4279,9.214],[76.4274,9.214],[76.4274,9.2151],[76.4271,9.2151],[76.4271,9.2157],[76.4268,9.2157],[76.4268,9.2162],[76.4265,9.2162],[76.4265,9.2165],[76.4262,9.2165],[76.4262,9.2171],[76.426,9.2171],[76.426,9.2179],[76.4257,9.2179],[76.4257,9.2182],[76.4254,9.2182],[76.4254,9.2185],[76.4251,9.2185],[76.4251,9.219],[76.4249,9.219],[76.4249,9.2199],[76.4246,9.2199],[76.4246,9.2204],[76.4243,9.2204],[76.4243,9.221],[76.424,9.221],[76.424,9.2215],[76.4238,9.2215],[76.4238,9.2224],[76.4235,9.2224],[76.4235,9.2229],[76.4232,9.2229],[76.4232,9.2235],[76.4229,9.2235],[76.4229,9.2243],[76.4226,9.2243],[76.4226,9.2249],[76.4224,9.2249],[76.4224,9.2254],[76.4221,9.2254],[76.4221,9.2262],[76.4218,9.2262],[76.4218,9.2268],[76.4215,9.2268],[76.4215,9.2274],[76.4212,9.2274],[76.4212,9.2279],[76.421,9.2279],[76.421,9.2285],[76.4207,9.2285],[76.4207,9.229],[76.4204,9.229],[76.4204,9.2299],[76.4201,9.2299],[76.4201,9.2304],[76.4199,9.2304],[76.4199,9.231],[76.4196,9.231],[76.4196,9.2315],[76.4193,9.2315],[76.4193,9.2321],[76.419,9.2321],[76.419,9.2329],[76.4187,9.2329],[76.4187,9.2335],[76.4185,9.2335],[76.4185,9.234],[76.4182,9.234],[76.4182,9.2346],[76.4179,9.2346],[76.4179,9.2351],[76.4176,9.2351],[76.4176,9.2357],[76.4174,9.2357],[76.4174,9.2365],[76.4171,9.2365],[76.4171,9.2371],[76.4168,9.2371],[76.4168,9.2376],[76.4165,9.2376],[76.4165,9.2382],[76.4163,9.2382],[76.4163,9.2388],[76.416,9.2388],[76.416,9.2393],[76.4157,9.2393],[76.4157,9.2399],[76.4154,9.2399],[76.4154,9.2404],[76.4151,9.2404],[76.4151,9.2407],[76.4149,9.2407],[76.4149,9.2415],[76.4146,9.2415],[76.4146,9.2418],[76.4146,9.2421],[76.4143,9.2421],[76.4143,9.2426],[76.414,9.2426],[76.414,9.2432],[76.4137,9.2432],[76.4137,9.2438],[76.4135,9.2438],[76.4135,9.2446],[76.4132,9.2446],[76.4132,9.2451],[76.4129,9.2451],[76.4129,9.2457],[76.4126,9.2457],[76.4126,9.2463],[76.4124,9.2463],[76.4124,9.2468],[76.4121,9.2468],[76.4121,9.2471],[76.4118,9.2471],[76.4118,9.2482],[76.4115,9.2482],[76.4115,9.2485],[76.4112,9.2485],[76.4112,9.2487],[76.411,9.2487],[76.411,9.249],[76.4107,9.249],[76.4107,9.251],[76.4104,9.251],[76.4104,9.2513],[76.4101,9.2513],[76.4101,9.2515],[76.4099,9.2515],[76.4099,9.2521],[76.4096,9.2521],[76.4096,9.2524],[76.4093,9.2524],[76.4093,9.2529],[76.409,9.2529],[76.409,9.254],[76.4088,9.254],[76.4088,9.2546],[76.4085,9.2546],[76.4085,9.2551],[76.4082,9.2551],[76.4082,9.2557],[76.4079,9.2557],[76.4079,9.2563],[76.4076,9.2563],[76.4076,9.2568],[76.4074,9.2568],[76.4074,9.2571],[76.4071,9.2571],[76.4071,9.2576],[76.4068,9.2576],[76.4068,9.259],[76.4062,9.259],[76.4062,9.2596],[76.406,9.2596],[76.406,9.2601],[76.4057,9.2601],[76.4057,9.2604],[76.4063,9.2604],[76.4063,9.2607],[76.406,9.2607],[76.406,9.2612],[76.4057,9.2613],[76.4057,9.2618],[76.4054,9.2618],[76.4054,9.2624],[76.4051,9.2624],[76.4051,9.2629],[76.4049,9.2629],[76.4049,9.2635],[76.4046,9.2635],[76.4046,9.264],[76.4043,9.264],[76.4043,9.2646],[76.404,9.2646],[76.404,9.2651],[76.4037,9.2651],[76.4037,9.2657],[76.4035,9.2657],[76.4035,9.2663],[76.4032,9.2663],[76.4032,9.2668],[76.4029,9.2668],[76.4029,9.2674],[76.4026,9.2674],[76.4026,9.2679],[76.4024,9.2679],[76.4024,9.2685],[76.4021,9.2685],[76.4021,9.269],[76.4018,9.269],[76.4018,9.2696],[76.4015,9.2696],[76.4015,9.2701],[76.4013,9.2701],[76.4013,9.2707],[76.401,9.2707],[76.401,9.2713],[76.4007,9.2712],[76.4007,9.2721],[76.4004,9.2721],[76.4004,9.2726],[76.4001,9.2726],[76.4001,9.2735],[76.3999,9.2735],[76.3999,9.274],[76.3996,9.274],[76.3996,9.2749],[76.3993,9.2749],[76.3993,9.2754],[76.399,9.2754],[76.399,9.2763],[76.3988,9.2763],[76.3988,9.2768],[76.3985,9.2768],[76.3985,9.2776],[76.3982,9.2776],[76.3982,9.2782],[76.3979,9.2782],[76.3979,9.279],[76.3976,9.279],[76.3976,9.2796],[76.3974,9.2796],[76.3974,9.2801],[76.3971,9.2801],[76.3971,9.2807],[76.3968,9.2807],[76.3968,9.2813],[76.3965,9.2813],[76.3965,9.2818],[76.3962,9.2818],[76.3962,9.2824],[76.396,9.2824],[76.396,9.2832],[76.3957,9.2832],[76.3957,9.2838],[76.3954,9.2837],[76.3954,9.2846],[76.3951,9.2846],[76.3951,9.2851],[76.3949,9.2851],[76.3949,9.2854],[76.3946,9.2854],[76.3946,9.2857],[76.3943,9.2857],[76.3943,9.286],[76.394,9.286],[76.394,9.2865],[76.3938,9.2865],[76.3938,9.2871],[76.3935,9.2871],[76.3935,9.2876],[76.3932,9.2876],[76.3932,9.2879],[76.3929,9.2879],[76.3929,9.2885],[76.3926,9.2885],[76.3926,9.2888],[76.3929,9.2888],[76.3929,9.2893],[76.3926,9.2893],[76.3926,9.2899],[76.3924,9.2899],[76.3924,9.2904],[76.3921,9.2904],[76.3921,9.2913],[76.3918,9.2913],[76.3918,9.2918],[76.3915,9.2918],[76.3915,9.2924],[76.3913,9.2924],[76.3913,9.2932],[76.391,9.2932],[76.391,9.2938],[76.3907,9.2938],[76.3907,9.2943],[76.3904,9.2943],[76.3904,9.2951],[76.3901,9.2951],[76.3901,9.2957],[76.3899,9.2957],[76.3899,9.2962],[76.3896,9.2962],[76.3896,9.2971],[76.3893,9.2971],[76.3893,9.2976],[76.389,9.2976],[76.389,9.2982],[76.3887,9.2982],[76.3887,9.2987],[76.3885,9.2987],[76.3885,9.2993],[76.3882,9.2993],[76.3882,9.2999],[76.3879,9.2999],[76.3879,9.3004],[76.3876,9.3004],[76.3876,9.301],[76.3874,9.301],[76.3874,9.3015],[76.3871,9.3015],[76.3871,9.3021],[76.3868,9.3021],[76.3868,9.3026],[76.3863,9.3026],[76.3862,9.3029],[76.386,9.3029],[76.386,9.3032],[76.3863,9.3033],[76.3863,9.3035],[76.386,9.3035],[76.386,9.3038],[76.3857,9.3038],[76.3857,9.3043],[76.3854,9.3043],[76.3854,9.3049],[76.3851,9.3049],[76.3851,9.3054],[76.3849,9.3054],[76.3849,9.3057],[76.3846,9.3057],[76.3846,9.3065],[76.3843,9.3065],[76.3843,9.3074],[76.384,9.3074],[76.384,9.3076],[76.3838,9.3076],[76.3838,9.3082],[76.3835,9.3082],[76.3835,9.3085],[76.3832,9.3085],[76.3832,9.309],[76.3829,9.309],[76.3829,9.3099],[76.3824,9.3099],[76.3824,9.3101],[76.3821,9.3101],[76.3821,9.311],[76.3818,9.311],[76.3818,9.3113],[76.3815,9.3113],[76.3815,9.3115],[76.3812,9.3115],[76.3812,9.3121],[76.381,9.3121],[76.381,9.3126],[76.3812,9.3126],[76.3812,9.314],[76.381,9.314],[76.381,9.3149],[76.3807,9.3149],[76.3807,9.3157],[76.3804,9.3157],[76.3804,9.3165],[76.3801,9.3165],[76.3801,9.3171],[76.3799,9.3171],[76.3799,9.3174],[76.3796,9.3174],[76.3796,9.3182],[76.3793,9.3182],[76.3793,9.3188],[76.379,9.3188],[76.379,9.3196],[76.3787,9.3196],[76.3787,9.3201],[76.3785,9.3201],[76.3785,9.3207],[76.3782,9.3207],[76.3782,9.3215],[76.3779,9.3215],[76.3779,9.3221],[76.3776,9.3221],[76.3776,9.3229],[76.3774,9.3229],[76.3774,9.3235],[76.3771,9.3235],[76.3771,9.3243],[76.3768,9.3243],[76.3768,9.3249],[76.3765,9.3249],[76.3765,9.3254],[76.3763,9.3254],[76.3763,9.3263],[76.376,9.3263],[76.376,9.3268],[76.3757,9.3268],[76.3757,9.3276],[76.3754,9.3276],[76.3754,9.3282],[76.3751,9.3282],[76.3751,9.3287],[76.3749,9.3287],[76.3749,9.3296],[76.3746,9.3296],[76.3746,9.3301],[76.3743,9.3301],[76.3743,9.3307],[76.374,9.3307],[76.374,9.3313],[76.3737,9.3313],[76.3737,9.3321],[76.3735,9.3321],[76.3735,9.3326],[76.3732,9.3326],[76.3732,9.3332],[76.3729,9.3332],[76.3729,9.3335],[76.3726,9.3335],[76.3726,9.3349],[76.3724,9.3349],[76.3724,9.3354],[76.3721,9.3354],[76.3721,9.3368],[76.3718,9.3368],[76.3718,9.3371],[76.3715,9.3371],[76.3715,9.3376],[76.3712,9.3376],[76.3712,9.3382],[76.371,9.3382],[76.371,9.339],[76.3707,9.339],[76.3707,9.3396],[76.3704,9.3396],[76.3704,9.3404],[76.3701,9.3404],[76.3701,9.341],[76.3699,9.341],[76.3699,9.3418],[76.3696,9.3418],[76.3696,9.3421],[76.3693,9.3421],[76.3693,9.3432],[76.369,9.3432],[76.369,9.3438],[76.3688,9.3438],[76.3688,9.3443],[76.3685,9.3443],[76.3685,9.3449],[76.3682,9.3449],[76.3682,9.3451],[76.3679,9.3451],[76.3679,9.3457],[76.3676,9.3457],[76.3676,9.3463],[76.3674,9.3463],[76.3674,9.3465],[76.3671,9.3465],[76.3671,9.3471],[76.3668,9.3471],[76.3668,9.3476],[76.3665,9.3476],[76.3665,9.3485],[76.3662,9.3485],[76.3662,9.3496],[76.366,9.3496],[76.366,9.3501],[76.3657,9.3501],[76.3657,9.3504],[76.3654,9.3504],[76.3654,9.3507],[76.3651,9.3507],[76.3651,9.351],[76.3649,9.351],[76.3649,9.3515],[76.3646,9.3515],[76.3646,9.3521],[76.3643,9.3521],[76.3643,9.3524],[76.364,9.3524],[76.364,9.3526],[76.3637,9.3526],[76.3637,9.3532],[76.3635,9.3532],[76.3635,9.354],[76.3632,9.354],[76.3632,9.3549],[76.3629,9.3549],[76.3629,9.3554],[76.3626,9.3554],[76.3626,9.3562],[76.3624,9.3562],[76.3624,9.3571],[76.3621,9.3571],[76.3621,9.3576],[76.3618,9.3576],[76.3618,9.3582],[76.3615,9.3582],[76.3615,9.3585],[76.3613,9.3585],[76.3613,9.3588],[76.361,9.3588],[76.361,9.3593],[76.3607,9.3593],[76.3607,9.3599],[76.3604,9.3599],[76.3604,9.3601],[76.3601,9.3601],[76.3601,9.3607],[76.3599,9.3607],[76.3599,9.3615],[76.3596,9.3615],[76.3596,9.3618],[76.3593,9.3618],[76.3593,9.3632],[76.359,9.3632],[76.359,9.3638],[76.3587,9.3638],[76.3587,9.3646],[76.3585,9.3646],[76.3585,9.3649],[76.3582,9.3649],[76.3582,9.3654],[76.3579,9.3654],[76.3579,9.3663],[76.3576,9.3663],[76.3576,9.3668],[76.3574,9.3668],[76.3574,9.3674],[76.3571,9.3674],[76.3571,9.3682],[76.3568,9.3682],[76.3568,9.369],[76.3565,9.369],[76.3565,9.3693],[76.3562,9.3693],[76.3562,9.3696],[76.356,9.3696],[76.356,9.3699],[76.3557,9.3699],[76.3557,9.3701],[76.3554,9.3701],[76.3554,9.3707],[76.3551,9.3707],[76.3551,9.3713],[76.3549,9.3713],[76.3549,9.3721],[76.3546,9.3721],[76.3546,9.3726],[76.3543,9.3726],[76.3543,9.3732],[76.354,9.3732],[76.354,9.3749],[76.3538,9.3749],[76.3538,9.3754],[76.3535,9.3754],[76.3535,9.3757],[76.3532,9.3757],[76.3532,9.3762],[76.3529,9.3762],[76.3529,9.3768],[76.3526,9.3768],[76.3526,9.3771],[76.3524,9.3771],[76.3524,9.3776],[76.3521,9.3776],[76.3521,9.3779],[76.3518,9.3779],[76.3518,9.3804],[76.3515,9.3804],[76.3515,9.381],[76.351,9.381],[76.351,9.3818],[76.3507,9.3818],[76.3507,9.3824],[76.3504,9.3824],[76.3504,9.3829],[76.3501,9.3829],[76.3501,9.3835],[76.3499,9.3835],[76.3499,9.3843],[76.3496,9.3843],[76.3496,9.3846],[76.3493,9.3846],[76.3493,9.3851],[76.349,9.3851],[76.349,9.386],[76.3487,9.386],[76.3487,9.3874],[76.3485,9.3874],[76.3485,9.3882],[76.3482,9.3882],[76.3482,9.389],[76.3479,9.389],[76.3479,9.3896],[76.3476,9.3896],[76.3476,9.3907],[76.3474,9.3907],[76.3474,9.391],[76.3471,9.391],[76.3471,9.3912],[76.3468,9.3912],[76.3468,9.3915],[76.3465,9.3915],[76.3465,9.3929],[76.3463,9.3929],[76.3463,9.3935],[76.346,9.3935],[76.346,9.394],[76.3457,9.394],[76.3457,9.396],[76.3454,9.396],[76.3454,9.3963],[76.3451,9.3963],[76.3451,9.3968],[76.3446,9.3968],[76.3446,9.3971],[76.3443,9.3971],[76.3443,9.3985],[76.344,9.3985],[76.344,9.3999],[76.3438,9.3999],[76.3438,9.4007],[76.3435,9.4007],[76.3435,9.4013],[76.3432,9.4013],[76.3432,9.4026],[76.3429,9.4026],[76.3429,9.4029],[76.3426,9.4029],[76.3426,9.4035],[76.3424,9.4035],[76.3424,9.404],[76.3421,9.404],[76.3421,9.4046],[76.3418,9.4046],[76.3418,9.4054],[76.3415,9.4054],[76.3415,9.4057],[76.3418,9.4057],[76.3418,9.406],[76.3415,9.406],[76.3415,9.4068],[76.3412,9.4068],[76.3412,9.4076],[76.341,9.4076],[76.341,9.4087],[76.3407,9.4087],[76.3407,9.409],[76.3404,9.409],[76.3404,9.4096],[76.3401,9.4096],[76.3401,9.4101],[76.3399,9.4101],[76.3399,9.4113],[76.3396,9.4113],[76.3396,9.4115],[76.3393,9.4115],[76.3393,9.4135],[76.339,9.4135],[76.339,9.414],[76.3388,9.414],[76.3388,9.4151],[76.3385,9.4151],[76.3385,9.4154],[76.3382,9.4154],[76.3382,9.416],[76.3379,9.416],[76.3379,9.4185],[76.3376,9.4185],[76.3376,9.419],[76.3374,9.419],[76.3374,9.4199],[76.3371,9.4199],[76.3371,9.4207],[76.3368,9.4207],[76.3368,9.4224],[76.3365,9.4224],[76.3365,9.4232],[76.3368,9.4232],[76.3368,9.424],[76.3365,9.424],[76.3365,9.4243],[76.3363,9.4243],[76.3363,9.4249],[76.336,9.4249],[76.336,9.4254],[76.3357,9.4254],[76.3357,9.4257],[76.3354,9.4257],[76.3354,9.4265],[76.3351,9.4265],[76.3351,9.4276],[76.3349,9.4276],[76.3349,9.4279],[76.3346,9.4279],[76.3346,9.4288],[76.3343,9.4287],[76.3343,9.431],[76.334,9.431],[76.334,9.4318],[76.3337,9.4318],[76.3337,9.4324],[76.3335,9.4324],[76.3335,9.4326],[76.3332,9.4326],[76.3332,9.4349],[76.3335,9.4349],[76.3335,9.4354],[76.3337,9.4354],[76.3337,9.4357],[76.334,9.4357],[76.334,9.436],[76.3337,9.436],[76.3337,9.4362],[76.3335,9.4362],[76.3335,9.4365],[76.3332,9.4365],[76.3332,9.4368],[76.3329,9.4368],[76.3329,9.4374],[76.3326,9.4374],[76.3326,9.439],[76.3324,9.439],[76.3324,9.4396],[76.3318,9.4396],[76.3318,9.4399],[76.3315,9.4399],[76.3315,9.4404],[76.3313,9.4404],[76.3313,9.441],[76.3315,9.441],[76.3315,9.4421],[76.3313,9.4421],[76.3313,9.4432],[76.331,9.4432],[76.331,9.4438],[76.3307,9.4438],[76.3307,9.4446],[76.3304,9.4446],[76.3304,9.4454],[76.3301,9.4454],[76.3301,9.446],[76.3299,9.446],[76.3299,9.4463],[76.3296,9.4463],[76.3296,9.4468],[76.3293,9.4468],[76.3293,9.4479],[76.329,9.4479],[76.329,9.4485],[76.3288,9.4485],[76.3288,9.4507],[76.3285,9.4507],[76.3285,9.4513],[76.3282,9.4513],[76.3282,9.4524],[76.3279,9.4524],[76.3279,9.4529],[76.3276,9.4529],[76.3276,9.4532],[76.3274,9.4532],[76.3274,9.4546],[76.3271,9.4546],[76.3271,9.4568],[76.3268,9.4568],[76.3268,9.4579],[76.3265,9.4579],[76.3265,9.4588],[76.326,9.4588],[76.326,9.4604],[76.3257,9.4604],[76.3257,9.4613],[76.3254,9.4613],[76.3254,9.4621],[76.3251,9.4621],[76.3251,9.4654],[76.3249,9.4654],[76.3249,9.4657],[76.3246,9.4657],[76.3246,9.4665],[76.3243,9.4665],[76.3243,9.4671],[76.324,9.4671],[76.324,9.4676],[76.3238,9.4676],[76.3238,9.4699],[76.3235,9.4699],[76.3235,9.4704],[76.3232,9.4704],[76.3232,9.4707],[76.3229,9.4707],[76.3229,9.4724],[76.3226,9.4724],[76.3226,9.4726],[76.3224,9.4726],[76.3224,9.4732],[76.3226,9.4732],[76.3226,9.474],[76.3224,9.474],[76.3224,9.4749],[76.3221,9.4749],[76.3221,9.4754],[76.3218,9.4754],[76.3218,9.4757],[76.3215,9.4757],[76.3215,9.4768],[76.3213,9.4768],[76.3213,9.4796],[76.321,9.4796],[76.321,9.4799],[76.3207,9.4799],[76.3207,9.4804],[76.3204,9.4804],[76.3204,9.481],[76.3201,9.481],[76.3201,9.4815],[76.3199,9.4815],[76.3199,9.4818],[76.3196,9.4818],[76.3196,9.4843],[76.3193,9.4843],[76.3193,9.4865],[76.319,9.4865],[76.319,9.4871],[76.3193,9.4871],[76.3193,9.4876],[76.3196,9.4876],[76.3196,9.4888],[76.3193,9.4888],[76.3193,9.4904],[76.319,9.4904],[76.319,9.491],[76.3187,9.491],[76.3187,9.4913],[76.3185,9.4913],[76.3185,9.4915],[76.3182,9.4915],[76.3182,9.4921],[76.3179,9.4921],[76.3179,9.4926],[76.3182,9.4926],[76.3182,9.4932],[76.3185,9.4932],[76.3185,9.494],[76.3187,9.494],[76.3187,9.4943],[76.3185,9.4943],[76.3185,9.4946],[76.3182,9.4946],[76.3182,9.4954],[76.3179,9.4954],[76.3179,9.496],[76.3176,9.496],[76.3176,9.4963],[76.3174,9.4963],[76.3174,9.4971],[76.3171,9.4971],[76.3171,9.4974],[76.3168,9.4974],[76.3168,9.4979],[76.3165,9.4979],[76.3165,9.4987],[76.3163,9.4987],[76.3163,9.4999],[76.316,9.4999],[76.316,9.5015],[76.3157,9.5015],[76.3157,9.5024],[76.3154,9.5024],[76.3154,9.5038],[76.3151,9.5038],[76.3151,9.5046],[76.3149,9.5046],[76.3149,9.5051],[76.3146,9.5051],[76.3146,9.5065],[76.3143,9.5065],[76.3143,9.5076],[76.314,9.5076],[76.314,9.5088],[76.3138,9.5088],[76.3138,9.5101],[76.3135,9.5101],[76.3135,9.5118],[76.3132,9.5118],[76.3132,9.5132],[76.3129,9.5132],[76.3129,9.5143],[76.3126,9.5143],[76.3126,9.5154],[76.3124,9.5154],[76.3124,9.5176],[76.3121,9.5176],[76.3121,9.5196],[76.3118,9.5196],[76.3118,9.5201],[76.3115,9.5201],[76.3115,9.5207],[76.3112,9.5207],[76.3112,9.5215],[76.311,9.5215],[76.311,9.5229],[76.3107,9.5229],[76.3107,9.524],[76.3104,9.524],[76.3104,9.5251],[76.3107,9.5251],[76.3107,9.5254],[76.3104,9.5254],[76.3104,9.5257],[76.3107,9.5257],[76.3107,9.5263],[76.3102,9.5263],[76.3102,9.5276],[76.3104,9.5276],[76.3104,9.529],[76.3102,9.529],[76.3102,9.5304],[76.3099,9.5304],[76.3099,9.531],[76.3096,9.531],[76.3096,9.5315],[76.3093,9.5315],[76.3093,9.5318],[76.3096,9.5318],[76.3096,9.5332],[76.3093,9.5332],[76.3093,9.5335],[76.309,9.5335],[76.309,9.534],[76.3087,9.534],[76.3087,9.5343],[76.309,9.5343],[76.309,9.5346],[76.3087,9.5346],[76.3087,9.5349],[76.309,9.5349],[76.309,9.5351],[76.3087,9.5351],[76.3087,9.5365],[76.3085,9.5365],[76.3085,9.5371],[76.3087,9.5371],[76.3087,9.5376],[76.3085,9.5376],[76.3085,9.5393],[76.3082,9.5393],[76.3082,9.541],[76.3079,9.541],[76.3079,9.5412],[76.3076,9.5412],[76.3076,9.5427],[76.3079,9.5426],[76.3079,9.5437],[76.3076,9.5437],[76.3076,9.544],[76.3074,9.544],[76.3074,9.5443],[76.3071,9.5443],[76.3071,9.546],[76.3068,9.546],[76.3068,9.5476],[76.3065,9.5476],[76.3065,9.549],[76.3063,9.549],[76.3063,9.5507],[76.306,9.5507],[76.306,9.5529],[76.3057,9.5529],[76.3057,9.5535],[76.3054,9.5535],[76.3054,9.5538],[76.3057,9.5538],[76.3057,9.5551],[76.3054,9.5551],[76.3054,9.5576],[76.3051,9.5576],[76.3051,9.5579],[76.3049,9.5579],[76.3049,9.5582],[76.3046,9.5582],[76.3046,9.5585],[76.3049,9.5585],[76.3049,9.5599],[76.3046,9.5599],[76.3046,9.5601],[76.3049,9.5601],[76.3049,9.5604],[76.3046,9.5604],[76.3046,9.5607],[76.3043,9.5607],[76.3043,9.5613],[76.3046,9.5613],[76.3046,9.5624],[76.3043,9.5624],[76.3043,9.5626],[76.304,9.5626],[76.304,9.5646],[76.3037,9.5646],[76.3037,9.5654],[76.3035,9.5654],[76.3035,9.5685],[76.3032,9.5685],[76.3032,9.5707],[76.3029,9.5707],[76.3029,9.571],[76.3026,9.571],[76.3026,9.5715],[76.3029,9.5715],[76.3029,9.5718],[76.3032,9.5718],[76.3032,9.5724],[76.3029,9.5724],[76.3029,9.5726],[76.3026,9.5726],[76.3026,9.5729],[76.3024,9.5729],[76.3024,9.5732],[76.3021,9.5732],[76.3021,9.5737],[76.3024,9.5737],[76.3024,9.574],[76.3021,9.574],[76.3021,9.5743],[76.3024,9.5743],[76.3024,9.5768],[76.3021,9.5768],[76.3021,9.5782],[76.3018,9.5782],[76.3018,9.5788],[76.3015,9.5787],[76.3015,9.5796],[76.3018,9.5796],[76.3018,9.5799],[76.3015,9.5799],[76.3015,9.5801],[76.3012,9.5801],[76.3012,9.5804],[76.3015,9.5804],[76.3015,9.5832],[76.3018,9.5832],[76.3018,9.5835],[76.3015,9.5835],[76.3015,9.5843],[76.3012,9.5843],[76.3012,9.5846],[76.301,9.5846],[76.301,9.5854],[76.3007,9.5854],[76.3007,9.5857],[76.3004,9.5857],[76.3004,9.586],[76.3001,9.586],[76.3001,9.5863],[76.3004,9.5863],[76.3004,9.5876],[76.3004,9.5901],[76.3001,9.5901],[76.3001,9.5913],[76.2999,9.5913],[76.2999,9.5929],[76.2996,9.5929],[76.2996,9.594],[76.2993,9.594],[76.2993,9.5943],[76.2996,9.5943],[76.2996,9.5954],[76.2999,9.5954],[76.2999,9.5957],[76.2996,9.5957],[76.2996,9.5968],[76.2993,9.5968],[76.2993,9.5985],[76.299,9.5985],[76.299,9.5988],[76.2993,9.5988],[76.2993,9.5993],[76.299,9.5993],[76.299,9.6001],[76.2988,9.6001],[76.2988,9.601],[76.2985,9.601],[76.2985,9.6021],[76.2988,9.6021],[76.2988,9.6029],[76.2985,9.6029],[76.2985,9.6038],[76.2982,9.6038],[76.2982,9.6062],[76.2979,9.6062],[76.2979,9.6068],[76.2976,9.6068],[76.2976,9.6076],[76.2979,9.6076],[76.2979,9.6093],[76.2976,9.6093],[76.2976,9.611],[76.2974,9.611],[76.2974,9.6124],[76.2976,9.6124],[76.2976,9.6126],[76.2974,9.6126],[76.2974,9.6138],[76.2971,9.6138],[76.2971,9.6146],[76.2974,9.6146],[76.2974,9.6149],[76.2971,9.6149],[76.2971,9.6171],[76.2968,9.6171],[76.2968,9.6188],[76.2965,9.6187],[76.2965,9.6196],[76.2962,9.6196],[76.2962,9.6204],[76.296,9.6204],[76.296,9.6218],[76.2962,9.6218],[76.2962,9.6221],[76.2965,9.6221],[76.2965,9.6224],[76.2968,9.6224],[76.2968,9.6226],[76.2974,9.6226],[76.2974,9.6229],[76.2976,9.6229],[76.2976,9.6235],[76.2968,9.6235],[76.2968,9.6237],[76.2962,9.6237],[76.2962,9.6243],[76.296,9.6243],[76.296,9.6257],[76.2957,9.6257],[76.2957,9.6265],[76.2954,9.6265],[76.2954,9.6293],[76.2951,9.6293],[76.2951,9.6315],[76.2949,9.6315],[76.2949,9.6324],[76.2951,9.6324],[76.2951,9.6332],[76.2949,9.6332],[76.2949,9.6343],[76.2946,9.6343],[76.2946,9.6346],[76.2949,9.6346],[76.2949,9.6379],[76.2946,9.6379],[76.2946,9.6385],[76.2943,9.6385],[76.2943,9.6399],[76.2946,9.6399],[76.2946,9.6418],[76.2943,9.6418],[76.2943,9.6429],[76.2946,9.6429],[76.2946,9.6435],[76.2943,9.6435],[76.2943,9.6454],[76.294,9.6454],[76.294,9.6482],[76.2937,9.6482],[76.2937,9.6504],[76.294,9.6504],[76.294,9.6507],[76.2943,9.6507],[76.2943,9.651],[76.2946,9.651],[76.2946,9.6515],[76.2943,9.6515],[76.2943,9.6518],[76.294,9.6518],[76.294,9.6524],[76.2937,9.6524],[76.2937,9.6526],[76.2935,9.6526],[76.2935,9.6543],[76.2932,9.6543],[76.2932,9.6571],[76.2929,9.6571],[76.2929,9.6599],[76.2926,9.6599],[76.2926,9.661],[76.2929,9.661],[76.2929,9.6632],[76.2926,9.6632],[76.2926,9.6635],[76.2924,9.6635],[76.2924,9.6665],[76.2921,9.6665],[76.2921,9.6676],[76.2918,9.6676],[76.2918,9.6699],[76.2915,9.6699],[76.2915,9.6735],[76.2913,9.6735],[76.2913,9.6765],[76.291,9.6765],[76.291,9.6796],[76.2907,9.6796],[76.2907,9.6826],[76.2904,9.6826],[76.2904,9.684],[76.2901,9.684],[76.2901,9.6885],[76.2899,9.6885],[76.2899,9.6896],[76.2896,9.6896],[76.2896,9.6913],[76.2893,9.6913],[76.2893,9.6943],[76.289,9.6943],[76.289,9.6987],[76.2887,9.6988],[76.2887,9.7024],[76.2885,9.7024],[76.2885,9.7046],[76.2882,9.7046],[76.2882,9.7068],[76.2879,9.7068],[76.2879,9.709],[76.2876,9.709],[76.2876,9.7113],[76.2874,9.7113],[76.2874,9.7126],[76.2871,9.7126],[76.2871,9.7143],[76.2874,9.7143],[76.2874,9.7149],[76.2871,9.7149],[76.2871,9.7154],[76.2868,9.7154],[76.2868,9.7171],[76.2871,9.7171],[76.2871,9.7174],[76.2868,9.7174],[76.2868,9.7179],[76.2865,9.7179],[76.2865,9.7204],[76.2862,9.7204],[76.2862,9.7207],[76.2865,9.7207],[76.2865,9.721],[76.2862,9.721],[76.2862,9.7226],[76.286,9.7226],[76.286,9.7238],[76.2862,9.7237],[76.2862,9.7246],[76.286,9.7246],[76.286,9.7282],[76.2857,9.7282],[76.2857,9.729],[76.2854,9.729],[76.2854,9.7312],[76.2851,9.7312],[76.2851,9.7335],[76.2854,9.7335],[76.2854,9.7354],[76.2851,9.7354],[76.2851,9.7368],[76.2849,9.7368],[76.2849,9.7371],[76.2846,9.7371],[76.2846,9.7376],[76.2843,9.7376],[76.2843,9.7385],[76.2846,9.7385],[76.2846,9.7393],[76.2843,9.7393],[76.2843,9.7404],[76.2846,9.7404],[76.2846,9.7407],[76.2843,9.7407],[76.2843,9.7415],[76.284,9.7415],[76.284,9.7421],[76.2843,9.7421],[76.2843,9.744],[76.284,9.744],[76.284,9.7446],[76.2838,9.7446],[76.2838,9.7476],[76.284,9.7476],[76.284,9.7479],[76.2851,9.7479],[76.2851,9.7476],[76.286,9.7476],[76.286,9.7479],[76.2862,9.7479],[76.2862,9.7482],[76.2865,9.7482],[76.2865,9.7499],[76.2862,9.7499],[76.2862,9.7501],[76.286,9.7501],[76.286,9.7504],[76.2854,9.7504],[76.2854,9.7501],[76.2838,9.7501],[76.2838,9.7504],[76.2835,9.7504],[76.2835,9.751],[76.2832,9.751],[76.2832,9.7515],[76.2829,9.7515],[76.2829,9.7532],[76.2832,9.7532],[76.2832,9.754],[76.2829,9.754],[76.2829,9.7546],[76.2826,9.7546],[76.2826,9.7563],[76.2824,9.7563],[76.2824,9.7568],[76.2821,9.7568],[76.2821,9.7574],[76.2824,9.7574],[76.2824,9.7585],[76.2821,9.7585],[76.2821,9.759],[76.2818,9.759],[76.2818,9.761],[76.2815,9.761],[76.2815,9.7612],[76.2818,9.7612],[76.2818,9.7632],[76.2815,9.7632],[76.2815,9.7643],[76.2813,9.7643],[76.2813,9.7654],[76.281,9.7654],[76.281,9.7671],[76.2807,9.7671],[76.2807,9.7688],[76.2804,9.7688],[76.2804,9.7699],[76.2801,9.7699],[76.2801,9.771],[76.2799,9.771],[76.2799,9.7721],[76.2796,9.7721],[76.2796,9.7768],[76.2793,9.7768],[76.2793,9.7771],[76.279,9.7771],[76.279,9.7799],[76.2787,9.7799],[76.2787,9.7804],[76.2785,9.7804],[76.2785,9.7815],[76.2782,9.7815],[76.2782,9.7829],[76.2785,9.7829],[76.2785,9.7832],[76.2782,9.7832],[76.2782,9.7837],[76.2779,9.7837],[76.2779,9.7851],[76.2776,9.7851],[76.2776,9.7871],[76.2774,9.7871],[76.2774,9.7882],[76.2771,9.7882],[76.2771,9.789],[76.2768,9.789],[76.2768,9.7901],[76.2765,9.7901],[76.2765,9.7915],[76.2763,9.7915],[76.2763,9.7918],[76.2765,9.7918],[76.2765,9.7932],[76.2763,9.7932],[76.2763,9.7946],[76.276,9.7946],[76.276,9.7965],[76.2757,9.7965],[76.2757,9.7971],[76.2754,9.7971],[76.2754,9.7976],[76.2751,9.7976],[76.2751,9.7985],[76.2754,9.7985],[76.2754,9.7992],[76.2754,9.7999],[76.2751,9.7999],[76.2751,9.8004],[76.2749,9.8004],[76.2749,9.8032],[76.2746,9.8032],[76.2746,9.804],[76.2743,9.804],[76.2743,9.8043],[76.274,9.8043],[76.274,9.8051],[76.2738,9.8051],[76.2738,9.806],[76.2735,9.806],[76.2735,9.8079],[76.2732,9.8079],[76.2732,9.809],[76.2729,9.809],[76.2729,9.8101],[76.2732,9.8101],[76.2732,9.8108],[76.2732,9.8118],[76.2729,9.8118],[76.2729,9.8126],[76.2726,9.8126],[76.2726,9.8138],[76.2724,9.8138],[76.2724,9.814],[76.2726,9.814],[76.2726,9.8143],[76.2724,9.8143],[76.2724,9.8149],[76.2721,9.8149],[76.2721,9.8165],[76.2718,9.8165],[76.2718,9.8193],[76.2715,9.8193],[76.2715,9.8199],[76.2712,9.8199],[76.2712,9.8201],[76.271,9.8201],[76.271,9.8221],[76.2712,9.8221],[76.2712,9.8224],[76.271,9.8224],[76.271,9.8235],[76.2709,9.8235],[76.2707,9.8235],[76.2707,9.8243],[76.2704,9.8243],[76.2704,9.8265],[76.2701,9.8265],[76.2701,9.8271],[76.2699,9.8271],[76.2699,9.8324],[76.2696,9.8324],[76.2696,9.8338],[76.2693,9.8338],[76.2693,9.834],[76.269,9.834],[76.269,9.8346],[76.2688,9.8346],[76.2688,9.8362],[76.2685,9.8362],[76.2685,9.8368],[76.2688,9.8368],[76.2688,9.8382],[76.2685,9.8382],[76.2685,9.8388],[76.2682,9.8388],[76.2682,9.8401],[76.2679,9.8401],[76.2679,9.841],[76.2676,9.841],[76.2676,9.8415],[76.2674,9.8415],[76.2674,9.8418],[76.2676,9.8418],[76.2676,9.8421],[76.2679,9.8421],[76.2679,9.8426],[76.2676,9.8426],[76.2676,9.8435],[76.2674,9.8435],[76.2674,9.8443],[76.2671,9.8443],[76.2671,9.8454],[76.2668,9.8454],[76.2668,9.8462],[76.2665,9.8462],[76.2665,9.8465],[76.2663,9.8465],[76.2663,9.8485],[76.266,9.8485],[76.266,9.8493],[76.2657,9.8493],[76.2657,9.8501],[76.266,9.8501],[76.266,9.8518],[76.2657,9.8518],[76.2657,9.8524],[76.2654,9.8524],[76.2654,9.8529],[76.2651,9.8529],[76.2651,9.8535],[76.2649,9.8535],[76.2649,9.8554],[76.2651,9.8554],[76.2651,9.8562],[76.2649,9.8562],[76.2649,9.8571],[76.2646,9.8571],[76.2646,9.8574],[76.2643,9.8574],[76.2643,9.8585],[76.264,9.8585],[76.264,9.8593],[76.2637,9.8593],[76.2637,9.8618],[76.2635,9.8618],[76.2635,9.8621],[76.2632,9.8621],[76.2632,9.8651],[76.2629,9.8651],[76.2629,9.8663],[76.2626,9.8663],[76.2626,9.8665],[76.2624,9.8665],[76.2624,9.8679],[76.2626,9.8679],[76.2626,9.8682],[76.2629,9.8682],[76.2629,9.8685],[76.2632,9.8685],[76.2632,9.8699],[76.2629,9.8699],[76.2629,9.8701],[76.2624,9.8701],[76.2624,9.8704],[76.2618,9.8704],[76.2618,9.871],[76.2615,9.871],[76.2615,9.8718],[76.2613,9.8718],[76.2613,9.8732],[76.261,9.8732],[76.261,9.8749],[76.2607,9.8749],[76.2607,9.8782],[76.2604,9.8782],[76.2604,9.8796],[76.2601,9.8796],[76.2601,9.881],[76.2604,9.881],[76.2604,9.8818],[76.2601,9.8818],[76.2601,9.8824],[76.2599,9.8824],[76.2599,9.8826],[76.2596,9.8826],[76.2596,9.8835],[76.2593,9.8835],[76.2593,9.8849],[76.259,9.8849],[76.259,9.8862],[76.2588,9.8863],[76.2588,9.8874],[76.2585,9.8874],[76.2585,9.8885],[76.2582,9.8885],[76.2582,9.8904],[76.2579,9.8904],[76.2579,9.891],[76.2576,9.891],[76.2576,9.8926],[76.2574,9.8926],[76.2574,9.8938],[76.2571,9.8938],[76.2571,9.8951],[76.2568,9.8951],[76.2568,9.8957],[76.2565,9.8957],[76.2565,9.8963],[76.2562,9.8962],[76.2562,9.8976],[76.256,9.8976],[76.256,9.8996],[76.2557,9.8996],[76.2557,9.9007],[76.2554,9.9007],[76.2554,9.9015],[76.2551,9.9015],[76.2551,9.9029],[76.2549,9.9029],[76.2549,9.904],[76.2546,9.904],[76.2546,9.9049],[76.2543,9.9049],[76.2543,9.906],[76.254,9.906],[76.254,9.9071],[76.2537,9.9071],[76.2537,9.9076],[76.2535,9.9076],[76.2535,9.9082],[76.2532,9.9082],[76.2532,9.9093],[76.2529,9.9093],[76.2529,9.9104],[76.2526,9.9104],[76.2526,9.9118],[76.2524,9.9118],[76.2524,9.9129],[76.2521,9.9129],[76.2521,9.914],[76.2518,9.914],[76.2518,9.9154],[76.2515,9.9154],[76.2515,9.9165],[76.2513,9.9165],[76.2513,9.9176],[76.251,9.9176],[76.251,9.9187],[76.2507,9.9187],[76.2507,9.9196],[76.2504,9.9196],[76.2504,9.9201],[76.2501,9.9201],[76.2501,9.921],[76.2499,9.921],[76.2499,9.9218],[76.2496,9.9218],[76.2496,9.9224],[76.2493,9.9224],[76.2493,9.9232],[76.249,9.9232],[76.249,9.924],[76.2487,9.924],[76.2487,9.9249],[76.2485,9.9249],[76.2485,9.9254],[76.2482,9.9254],[76.2482,9.9263],[76.2479,9.9263],[76.2479,9.9271],[76.2476,9.9271],[76.2476,9.9279],[76.2474,9.9279],[76.2474,9.9288],[76.2471,9.9288],[76.2471,9.9296],[76.2468,9.9296],[76.2468,9.9304],[76.2465,9.9304],[76.2465,9.9313],[76.2462,9.9313],[76.2462,9.9321],[76.246,9.9321],[76.246,9.9329],[76.2457,9.9329],[76.2457,9.9335],[76.2454,9.9335],[76.2454,9.9343],[76.2451,9.9343],[76.2451,9.9351],[76.2449,9.9351],[76.2449,9.936],[76.2446,9.936],[76.2446,9.9368],[76.2443,9.9368],[76.2443,9.9371],[76.244,9.9371],[76.244,9.9382],[76.2437,9.9382],[76.2437,9.9393],[76.2435,9.9393],[76.2435,9.9401],[76.2432,9.9401],[76.2432,9.9407],[76.2429,9.9407],[76.2429,9.9415],[76.2426,9.9415],[76.2426,9.9421],[76.2424,9.9421],[76.2424,9.9429],[76.2421,9.9429],[76.2421,9.9437],[76.2418,9.9437],[76.2418,9.9443],[76.2415,9.9443],[76.2415,9.9451],[76.2412,9.9451],[76.2412,9.9457],[76.241,9.9457],[76.241,9.9465],[76.2407,9.9465],[76.2407,9.9471],[76.2404,9.9471],[76.2404,9.9479],[76.2401,9.9479],[76.2401,9.9485],[76.2399,9.9485],[76.2399,9.9493],[76.2396,9.9493],[76.2396,9.9499],[76.2393,9.9499],[76.2393,9.9507],[76.239,9.9507],[76.239,9.9515],[76.2387,9.9515],[76.2387,9.9526],[76.2385,9.9526],[76.2385,9.9535],[76.2382,9.9535],[76.2382,9.9543],[76.2379,9.9543],[76.2379,9.9554],[76.2376,9.9554],[76.2376,9.9563],[76.2374,9.9563],[76.2374,9.9579],[76.2371,9.9579],[76.2371,9.9601],[76.2368,9.9601],[76.2368,9.9629],[76.2371,9.9629],[76.2371,9.964],[76.2371,9.9649],[76.2374,9.9649],[76.2374,9.9654],[76.2376,9.9654],[76.2376,9.9657],[76.2379,9.9657],[76.2379,9.966],[76.2382,9.966],[76.2382,9.9665],[76.2385,9.9665],[76.2385,9.9668],[76.239,9.9668],[76.239,9.9671],[76.2396,9.9671],[76.2396,9.9674],[76.2404,9.9674],[76.2404,9.9676],[76.241,9.9676],[76.241,9.9679],[76.2412,9.9679],[76.2412,9.9682],[76.2429,9.9682],[76.2429,9.9688],[76.2432,9.9688],[76.2432,9.969],[76.2449,9.969],[76.2449,9.9693],[76.2457,9.9693],[76.2457,9.9696],[76.2476,9.9696],[76.2476,9.9699],[76.2485,9.9698],[76.2485,9.9701],[76.249,9.9701],[76.249,9.9698],[76.2499,9.9699],[76.2499,9.9696],[76.2513,9.9696],[76.2513,9.9699],[76.2526,9.9699],[76.2526,9.9696],[76.2532,9.9696],[76.2532,9.9685],[76.2535,9.9685],[76.2535,9.9682],[76.2538,9.9682],[76.2538,9.9671],[76.2543,9.9671],[76.2543,9.9665],[76.2546,9.9665],[76.2546,9.9663],[76.2551,9.9663],[76.2551,9.9657],[76.2554,9.9657],[76.2554,9.9654],[76.256,9.9654],[76.256,9.9651],[76.2562,9.9651],[76.2562,9.9649],[76.2565,9.9649],[76.2565,9.9646],[76.2568,9.9646],[76.2568,9.9643],[76.2574,9.9643],[76.2574,9.964],[76.2579,9.964],[76.2579,9.9638],[76.2582,9.9638],[76.2582,9.9635],[76.2585,9.9635],[76.2585,9.9632],[76.2588,9.9632],[76.2588,9.9629],[76.259,9.9629],[76.259,9.9626],[76.2593,9.9626],[76.2593,9.9624],[76.2599,9.9624],[76.2599,9.9615],[76.2596,9.9615],[76.2596,9.9613],[76.2599,9.9613],[76.2599,9.9601],[76.2601,9.9601],[76.2601,9.9593],[76.2604,9.9593],[76.2604,9.959],[76.2607,9.959],[76.2607,9.9579],[76.261,9.9579],[76.261,9.9568],[76.2613,9.9568],[76.2613,9.956],[76.2615,9.956],[76.2615,9.9554],[76.2618,9.9554],[76.2618,9.9551],[76.2615,9.9551],[76.2615,9.9542],[76.2615,9.9524],[76.2613,9.9524],[76.2613,9.9521],[76.261,9.9521],[76.261,9.9518],[76.2613,9.9518],[76.2613,9.9515],[76.261,9.9515],[76.261,9.9501],[76.2613,9.9501],[76.2613,9.9496],[76.2615,9.9496],[76.2615,9.949],[76.2618,9.949],[76.2618,9.9482],[76.2621,9.9482],[76.2621,9.9446],[76.2618,9.9446],[76.2618,9.9435],[76.2621,9.9435],[76.2621,9.9424],[76.2624,9.9424],[76.2624,9.9412],[76.2626,9.9412],[76.2626,9.9404],[76.2629,9.9404],[76.2629,9.9401],[76.2632,9.9401],[76.2632,9.9396],[76.2635,9.9396],[76.2635,9.9385],[76.2637,9.9385],[76.2637,9.9379],[76.264,9.9379],[76.264,9.9376],[76.2643,9.9376],[76.2643,9.9365],[76.2646,9.9365],[76.2646,9.9357],[76.2649,9.9357],[76.2649,9.9354],[76.2651,9.9354],[76.2651,9.9351],[76.2654,9.9351],[76.2654,9.9346],[76.2657,9.9346],[76.2657,9.9343],[76.266,9.9343],[76.266,9.934],[76.2663,9.934],[76.2663,9.9337],[76.2668,9.9338],[76.2668,9.9329],[76.2671,9.9329],[76.2671,9.9326],[76.2674,9.9326],[76.2674,9.9324],[76.2676,9.9324],[76.2676,9.9321],[76.2688,9.9321],[76.2688,9.9324],[76.269,9.9324],[76.269,9.9321],[76.2693,9.9321],[76.2693,9.9313],[76.2699,9.9313],[76.2699,9.931],[76.2701,9.931],[76.2701,9.9307],[76.2704,9.9307],[76.2704,9.9304],[76.2707,9.9304],[76.2707,9.9301],[76.271,9.9301],[76.271,9.9299],[76.2712,9.9299],[76.2712,9.9296],[76.2718,9.9296],[76.2718,9.9293],[76.2726,9.9293],[76.2726,9.929],[76.2732,9.929],[76.2732,9.9288],[76.2735,9.9288],[76.2735,9.9285],[76.274,9.9285],[76.274,9.9284],[76.274,9.9282],[76.2746,9.9282],[76.2746,9.9279],[76.2751,9.9279],[76.2751,9.9276],[76.2757,9.9276],[76.2757,9.9274],[76.2763,9.9274],[76.2763,9.9271],[76.2765,9.9271],[76.2765,9.9268],[76.2771,9.9268],[76.2771,9.9265],[76.2776,9.9265],[76.2776,9.9263],[76.2782,9.9263],[76.2782,9.926],[76.2785,9.926],[76.2785,9.9257],[76.279,9.9257],[76.279,9.9254],[76.2796,9.9254],[76.2796,9.9251],[76.2801,9.9251],[76.2801,9.9249],[76.2807,9.9249],[76.2807,9.9246],[76.281,9.9246],[76.281,9.9243],[76.2815,9.9243],[76.2815,9.924],[76.2821,9.924],[76.2821,9.9237],[76.2826,9.9237],[76.2826,9.9235],[76.2835,9.9235],[76.2835,9.9232],[76.2843,9.9232],[76.2843,9.9229],[76.2854,9.9229],[76.2854,9.9226],[76.2862,9.9226],[76.2862,9.9224],[76.2871,9.9224],[76.2871,9.9221],[76.2882,9.9221],[76.2882,9.9218],[76.2893,9.9218],[76.2893,9.9215],[76.2926,9.9215],[76.2926,9.9213],[76.2929,9.9213],[76.2929,9.921],[76.2932,9.921],[76.2932,9.9207],[76.2935,9.9207],[76.2935,9.9204],[76.2937,9.9204],[76.2937,9.9201],[76.2943,9.9201],[76.2943,9.9199],[76.2946,9.9199],[76.2946,9.9193],[76.2949,9.9193],[76.2949,9.9185],[76.2951,9.9185],[76.2951,9.9179],[76.2954,9.9179],[76.2954,9.9168],[76.2957,9.9168],[76.2957,9.9154],[76.296,9.9154],[76.296,9.9135],[76.2962,9.9135],[76.2962,9.9091],[76.2962,9.8996],[76.2965,9.8996],[76.2965,9.8974],[76.2968,9.8974],[76.2968,9.8957],[76.2971,9.8957],[76.2971,9.894],[76.2968,9.894],[76.2968,9.8932],[76.2967,9.8932],[76.2965,9.8932],[76.2965,9.8929],[76.2957,9.8929],[76.2957,9.8935],[76.2954,9.8935],[76.2954,9.894],[76.2951,9.894],[76.2951,9.8943],[76.2949,9.8943],[76.2949,9.8946],[76.2946,9.8946],[76.2946,9.8951],[76.2943,9.8951],[76.2943,9.8954],[76.294,9.8954],[76.294,9.8957],[76.2937,9.8957],[76.2937,9.896],[76.2935,9.896],[76.2935,9.8963],[76.2926,9.8963],[76.2926,9.8965],[76.2924,9.8965],[76.2924,9.8968],[76.2921,9.8968],[76.2921,9.8971],[76.2915,9.8971],[76.2915,9.8974],[76.2913,9.8974],[76.2913,9.8976],[76.291,9.8976],[76.291,9.8979],[76.2907,9.8979],[76.2907,9.8982],[76.2904,9.8982],[76.2904,9.8988],[76.2901,9.8988],[76.2901,9.8996],[76.2904,9.8996],[76.2904,9.9018],[76.2901,9.9018],[76.2901,9.9021],[76.2899,9.9021],[76.2899,9.9026],[76.2896,9.9026],[76.2896,9.9038],[76.2893,9.9038],[76.2893,9.9063],[76.2901,9.9063],[76.2901,9.9054],[76.2904,9.9054],[76.2904,9.9035],[76.2907,9.9035],[76.2907,9.9021],[76.291,9.9021],[76.291,9.9018],[76.2935,9.9018],[76.2935,9.9026],[76.2932,9.9026],[76.2932,9.9038],[76.2932,9.904],[76.2929,9.904],[76.2929,9.9049],[76.2929,9.9057],[76.2926,9.9057],[76.2926,9.9059],[76.2926,9.9071],[76.2924,9.9071],[76.2924,9.9079],[76.2921,9.9079],[76.2921,9.9081],[76.2921,9.9085],[76.291,9.9085],[76.291,9.9082],[76.2907,9.9082],[76.2907,9.9079],[76.2904,9.9079],[76.2904,9.9074],[76.2901,9.9074],[76.2901,9.9071],[76.2887,9.9071],[76.2887,9.9076],[76.2885,9.9076],[76.2885,9.9082],[76.2882,9.9082],[76.2882,9.9088],[76.2879,9.9088],[76.2879,9.9093],[76.2865,9.9093],[76.2865,9.909],[76.2862,9.909],[76.2862,9.9088],[76.286,9.9088],[76.286,9.9076],[76.2857,9.9076],[76.2857,9.906],[76.286,9.906],[76.286,9.9043],[76.2862,9.9043],[76.2862,9.9026],[76.2865,9.9026],[76.2865,9.9021],[76.2862,9.9021],[76.2862,9.9024],[76.2837,9.9024],[76.2829,9.9024],[76.2829,9.9026],[76.2818,9.9026],[76.2818,9.9021],[76.2815,9.9021],[76.2815,9.9015],[76.2798,9.9015],[76.2798,9.9013],[76.2787,9.9013],[76.2787,9.901],[76.2776,9.901],[76.2776,9.9007],[76.2765,9.9007],[76.2765,9.9004],[76.2754,9.9004],[76.2754,9.9001],[76.2746,9.9001],[76.2746,9.8999],[76.2726,9.8999],[76.2726,9.9004],[76.2724,9.9004],[76.2724,9.9013],[76.2721,9.9012],[76.2721,9.9021],[76.2718,9.9021],[76.2718,9.9029],[76.2715,9.9029],[76.2715,9.9038],[76.2712,9.9038],[76.2712,9.9043],[76.271,9.9043],[76.271,9.9049],[76.2707,9.9049],[76.2707,9.9054],[76.2704,9.9054],[76.2704,9.906],[76.2701,9.906],[76.2701,9.9065],[76.2699,9.9065],[76.2699,9.9071],[76.2696,9.9071],[76.2696,9.9076],[76.2693,9.9076],[76.2693,9.9079],[76.269,9.9079],[76.269,9.9082],[76.2688,9.9082],[76.2688,9.9088],[76.2685,9.9088],[76.2685,9.909],[76.2682,9.909],[76.2682,9.9093],[76.2679,9.9093],[76.2679,9.9096],[76.2676,9.9096],[76.2676,9.9101],[76.2674,9.9101],[76.2674,9.9118],[76.2671,9.9118],[76.2671,9.9121],[76.2665,9.9121],[76.2665,9.9124],[76.266,9.9124],[76.266,9.9121],[76.2657,9.9121],[76.2657,9.9113],[76.266,9.9113],[76.266,9.9104],[76.2663,9.9104],[76.2663,9.9096],[76.2665,9.9096],[76.2665,9.909],[76.2668,9.909],[76.2668,9.9085],[76.2671,9.9085],[76.2671,9.9079],[76.2674,9.9079],[76.2674,9.9074],[76.2676,9.9074],[76.2676,9.9068],[76.2679,9.9068],[76.2679,9.9063],[76.2682,9.9063],[76.2682,9.9057],[76.2685,9.9057],[76.2685,9.9051],[76.2688,9.9051],[76.2688,9.904],[76.269,9.904],[76.269,9.9038],[76.2701,9.9038],[76.2701,9.9013],[76.2699,9.9013],[76.2699,9.901],[76.2696,9.901],[76.2696,9.9007],[76.2693,9.9007],[76.2693,9.9001],[76.269,9.9001],[76.269,9.8999],[76.2688,9.8999],[76.2688,9.8996],[76.2679,9.8996],[76.2679,9.8993],[76.2676,9.8993],[76.2676,9.899],[76.2674,9.899],[76.2674,9.8988],[76.2671,9.8988],[76.2671,9.8971],[76.2668,9.8971],[76.2668,9.8968],[76.2665,9.8968],[76.2665,9.8965],[76.266,9.8965],[76.266,9.8968],[76.2654,9.8968],[76.2654,9.8971],[76.2651,9.8971],[76.2651,9.8976],[76.2649,9.8976],[76.2649,9.899],[76.264,9.899],[76.264,9.8996],[76.2637,9.8996],[76.2637,9.9001],[76.2635,9.9001],[76.2635,9.9007],[76.2637,9.9007],[76.2637,9.9021],[76.2635,9.9021],[76.2635,9.9032],[76.2632,9.9032],[76.2632,9.904],[76.2629,9.904],[76.2629,9.9051],[76.2626,9.9051],[76.2626,9.9063],[76.2624,9.9063],[76.2624,9.9071],[76.2621,9.9071],[76.2621,9.9079],[76.2618,9.9079],[76.2618,9.9085],[76.2615,9.9085],[76.2615,9.9093],[76.2613,9.9093],[76.2613,9.9101],[76.261,9.9101],[76.261,9.9107],[76.2607,9.9107],[76.2607,9.9113],[76.2604,9.9113],[76.2604,9.9118],[76.2601,9.9118],[76.2601,9.9124],[76.2599,9.9124],[76.2599,9.9126],[76.2593,9.9126],[76.2593,9.9143],[76.259,9.9143],[76.259,9.9149],[76.2588,9.9149],[76.2588,9.9151],[76.2585,9.9151],[76.2585,9.9154],[76.2582,9.9154],[76.2582,9.9157],[76.2574,9.9157],[76.2574,9.9129],[76.2576,9.9129],[76.2576,9.9124],[76.2579,9.9124],[76.2579,9.9121],[76.2582,9.9121],[76.2582,9.9115],[76.2579,9.9115],[76.2579,9.911],[76.2576,9.911],[76.2576,9.9104],[76.2574,9.9104],[76.2574,9.9099],[76.2571,9.9099],[76.2571,9.9093],[76.2574,9.9093],[76.2574,9.909],[76.2579,9.909],[76.2579,9.9088],[76.2585,9.9088],[76.2585,9.9082],[76.2588,9.9082],[76.2588,9.9076],[76.259,9.9076],[76.259,9.9057],[76.2574,9.9057],[76.2574,9.9054],[76.2576,9.9054],[76.2576,9.9049],[76.2579,9.9049],[76.2579,9.9043],[76.2582,9.9043],[76.2582,9.901],[76.2585,9.901],[76.2585,9.8993],[76.2588,9.8993],[76.2588,9.8985],[76.259,9.8985],[76.259,9.8976],[76.2593,9.8976],[76.2593,9.8968],[76.2596,9.8968],[76.2596,9.896],[76.2599,9.896],[76.2599,9.8954],[76.2601,9.8954],[76.2601,9.8949],[76.2604,9.8949],[76.2604,9.894],[76.2607,9.894],[76.2607,9.8935],[76.261,9.8935],[76.261,9.8929],[76.2613,9.8929],[76.2613,9.8915],[76.261,9.8915],[76.261,9.8912],[76.2613,9.8912],[76.2613,9.8907],[76.2615,9.8907],[76.2615,9.8901],[76.2618,9.8901],[76.2618,9.889],[76.2621,9.889],[76.2621,9.8882],[76.2624,9.8882],[76.2624,9.8871],[76.2626,9.8871],[76.2626,9.8854],[76.2629,9.8854],[76.2629,9.884],[76.2632,9.884],[76.2632,9.8832],[76.2635,9.8832],[76.2635,9.8829],[76.2637,9.8829],[76.2637,9.8824],[76.264,9.8824],[76.264,9.8821],[76.2643,9.8821],[76.2643,9.8818],[76.2646,9.8818],[76.2646,9.8813],[76.2649,9.8813],[76.2649,9.881],[76.2651,9.881],[76.2651,9.8796],[76.2654,9.8796],[76.2654,9.8785],[76.2657,9.8785],[76.2657,9.8774],[76.266,9.8774],[76.266,9.8763],[76.2663,9.8763],[76.2663,9.8751],[76.2665,9.8751],[76.2665,9.8737],[76.2668,9.8737],[76.2668,9.8726],[76.2671,9.8726],[76.2671,9.8718],[76.2676,9.8718],[76.2676,9.8715],[76.2682,9.8715],[76.2682,9.871],[76.2685,9.871],[76.2685,9.8701],[76.2688,9.8701],[76.2688,9.869],[76.269,9.869],[76.269,9.8679],[76.2693,9.8679],[76.2693,9.8668],[76.2696,9.8668],[76.2696,9.8663],[76.2707,9.8663],[76.2707,9.8665],[76.2712,9.8665],[76.2712,9.8668],[76.2721,9.8668],[76.2721,9.8671],[76.2726,9.8671],[76.2726,9.8674],[76.2735,9.8674],[76.2735,9.8677],[76.274,9.8677],[76.274,9.8679],[76.2749,9.8679],[76.2749,9.8693],[76.2746,9.8693],[76.2746,9.8704],[76.2743,9.8704],[76.2743,9.8715],[76.274,9.8715],[76.274,9.8726],[76.2738,9.8726],[76.2738,9.8737],[76.274,9.8737],[76.274,9.8743],[76.2749,9.8743],[76.2749,9.874],[76.2751,9.874],[76.2751,9.8737],[76.2757,9.8737],[76.2757,9.8735],[76.276,9.8735],[76.276,9.8726],[76.2763,9.8726],[76.2763,9.8721],[76.276,9.8721],[76.276,9.8715],[76.2763,9.8715],[76.2763,9.8707],[76.2765,9.8707],[76.2765,9.8701],[76.2768,9.8701],[76.2768,9.8696],[76.2771,9.8696],[76.2771,9.8693],[76.2782,9.8693],[76.2782,9.8696],[76.2787,9.8696],[76.2787,9.8699],[76.2793,9.8699],[76.2793,9.8701],[76.2796,9.8701],[76.2796,9.8707],[76.2799,9.8707],[76.2799,9.871],[76.2801,9.871],[76.2801,9.8713],[76.2804,9.8713],[76.2804,9.8715],[76.2807,9.8715],[76.2807,9.8718],[76.281,9.8718],[76.281,9.8737],[76.2813,9.8737],[76.2813,9.874],[76.2815,9.874],[76.2815,9.876],[76.2813,9.876],[76.2813,9.8771],[76.281,9.8771],[76.281,9.8776],[76.2807,9.8776],[76.2807,9.8782],[76.2804,9.8782],[76.2804,9.8788],[76.2801,9.8788],[76.2801,9.8793],[76.2798,9.8793],[76.2798,9.8818],[76.2796,9.8818],[76.2796,9.8832],[76.2793,9.8832],[76.2793,9.8838],[76.279,9.8837],[76.279,9.8846],[76.2787,9.8846],[76.2787,9.8851],[76.2785,9.8851],[76.2785,9.8874],[76.2782,9.8874],[76.2782,9.8876],[76.2779,9.8876],[76.2779,9.8879],[76.2776,9.8879],[76.2776,9.8882],[76.2774,9.8882],[76.2774,9.8888],[76.2771,9.8888],[76.2771,9.8893],[76.2768,9.8893],[76.2768,9.8901],[76.2765,9.8901],[76.2765,9.8912],[76.2763,9.8912],[76.2763,9.8921],[76.276,9.8921],[76.276,9.8932],[76.2757,9.8932],[76.2757,9.894],[76.276,9.894],[76.276,9.8943],[76.2763,9.8943],[76.2763,9.8946],[76.2774,9.8946],[76.2774,9.8943],[76.2779,9.8943],[76.2779,9.894],[76.2785,9.894],[76.2785,9.8938],[76.2787,9.8938],[76.2787,9.8932],[76.279,9.8932],[76.279,9.8879],[76.2796,9.8879],[76.2796,9.8882],[76.2799,9.8882],[76.2799,9.8885],[76.2801,9.8885],[76.2801,9.889],[76.2804,9.889],[76.2804,9.8893],[76.2807,9.8893],[76.2807,9.8896],[76.281,9.8896],[76.281,9.8901],[76.2813,9.8901],[76.2813,9.8904],[76.2815,9.8904],[76.2815,9.8918],[76.2818,9.8918],[76.2818,9.8976],[76.2821,9.8976],[76.2821,9.8988],[76.2826,9.8988],[76.2826,9.899],[76.2832,9.899],[76.2832,9.8993],[76.2838,9.8993],[76.2838,9.8996],[76.2843,9.8996],[76.2843,9.8999],[76.2849,9.8999],[76.2849,9.9004],[76.2857,9.9004],[76.2857,9.9007],[76.2862,9.9007],[76.2862,9.9004],[76.2865,9.9004],[76.2865,9.8999],[76.2868,9.8999],[76.2868,9.8993],[76.2871,9.8993],[76.2871,9.899],[76.2874,9.899],[76.2874,9.8985],[76.2876,9.8985],[76.2876,9.8982],[76.2874,9.8982],[76.2874,9.8979],[76.2871,9.8979],[76.2871,9.8976],[76.2868,9.8976],[76.2868,9.8974],[76.2865,9.8974],[76.2865,9.8971],[76.2862,9.8971],[76.2862,9.8968],[76.286,9.8968],[76.286,9.8963],[76.2862,9.8963],[76.2862,9.8954],[76.2865,9.8954],[76.2865,9.8943],[76.2868,9.8943],[76.2868,9.8932],[76.2871,9.8932],[76.2871,9.8921],[76.2874,9.8921],[76.2874,9.8912],[76.2885,9.8912],[76.2885,9.8904],[76.2887,9.8904],[76.2887,9.8896],[76.289,9.8896],[76.289,9.8885],[76.2893,9.8885],[76.2893,9.8874],[76.2896,9.8874],[76.2896,9.8862],[76.2899,9.8863],[76.2899,9.8849],[76.2901,9.8849],[76.2901,9.8837],[76.2904,9.8838],[76.2904,9.8835],[76.2901,9.8835],[76.2901,9.8829],[76.2904,9.8829],[76.2904,9.8818],[76.2907,9.8818],[76.2907,9.8804],[76.291,9.8804],[76.291,9.8793],[76.2913,9.8793],[76.2913,9.8788],[76.2915,9.8788],[76.2915,9.8781],[76.2915,9.8768],[76.2918,9.8768],[76.2918,9.8749],[76.2921,9.8749],[76.2921,9.8732],[76.2924,9.8732],[76.2924,9.8721],[76.2926,9.8721],[76.2926,9.8715],[76.2929,9.8715],[76.2929,9.8707],[76.2932,9.8707],[76.2932,9.8701],[76.2935,9.8701],[76.2935,9.8696],[76.2937,9.8696],[76.2937,9.8687],[76.294,9.8687],[76.294,9.8682],[76.2943,9.8682],[76.2943,9.8674],[76.2946,9.8674],[76.2946,9.8665],[76.2949,9.8665],[76.2949,9.8629],[76.2946,9.8629],[76.2946,9.8613],[76.2943,9.8613],[76.2943,9.8599],[76.2946,9.8599],[76.2946,9.8588],[76.2949,9.8588],[76.2949,9.8579],[76.2951,9.8579],[76.2951,9.8574],[76.2954,9.8574],[76.2954,9.8571],[76.2957,9.8571],[76.2957,9.8565],[76.296,9.8565],[76.296,9.8562],[76.2962,9.8562],[76.2962,9.8557],[76.2965,9.8557],[76.2965,9.8551],[76.2968,9.8551],[76.2968,9.8546],[76.2971,9.8546],[76.2971,9.8529],[76.2968,9.8529],[76.2968,9.8524],[76.2965,9.8524],[76.2965,9.8518],[76.2962,9.8518],[76.2962,9.8513],[76.2951,9.8513],[76.2951,9.851],[76.2924,9.851],[76.2924,9.8513],[76.2921,9.8513],[76.2921,9.8518],[76.2918,9.8518],[76.2918,9.8521],[76.2896,9.8521],[76.2896,9.8518],[76.289,9.8518],[76.289,9.8515],[76.2885,9.8515],[76.2885,9.8513],[76.2882,9.8513],[76.2882,9.851],[76.2876,9.851],[76.2876,9.8507],[76.2857,9.8507],[76.2849,9.8507],[76.2849,9.8504],[76.2835,9.8504],[76.2835,9.8499],[76.2838,9.8499],[76.2838,9.8488],[76.284,9.8488],[76.284,9.8479],[76.2843,9.8479],[76.2843,9.8471],[76.2846,9.8471],[76.2846,9.8462],[76.2849,9.8462],[76.2849,9.8457],[76.2851,9.8457],[76.2851,9.8449],[76.2854,9.8449],[76.2854,9.8446],[76.2854,9.844],[76.2857,9.844],[76.2857,9.8435],[76.2846,9.8435],[76.2846,9.8432],[76.2843,9.8432],[76.2843,9.8426],[76.284,9.8426],[76.284,9.8421],[76.2838,9.8421],[76.2838,9.8413],[76.2835,9.8413],[76.2835,9.8404],[76.2832,9.8404],[76.2832,9.8396],[76.2829,9.8396],[76.2829,9.839],[76.2832,9.839],[76.2832,9.8385],[76.2835,9.8385],[76.2835,9.8379],[76.2838,9.8379],[76.2838,9.8368],[76.284,9.8368],[76.284,9.8351],[76.2843,9.8351],[76.2843,9.8335],[76.2846,9.8335],[76.2846,9.8326],[76.2851,9.8326],[76.2851,9.8329],[76.286,9.8329],[76.286,9.8332],[76.2868,9.8332],[76.2868,9.8338],[76.2865,9.8338],[76.2865,9.8343],[76.289,9.8343],[76.289,9.8349],[76.2893,9.8349],[76.2893,9.8354],[76.2896,9.8354],[76.2896,9.8374],[76.2899,9.8374],[76.2899,9.8376],[76.2937,9.8376],[76.2937,9.8379],[76.294,9.8379],[76.294,9.8388],[76.2937,9.8388],[76.2937,9.8404],[76.2935,9.8404],[76.2935,9.8421],[76.2932,9.8421],[76.2932,9.8432],[76.2929,9.8432],[76.2929,9.8435],[76.2926,9.8435],[76.2926,9.844],[76.2935,9.844],[76.2935,9.8449],[76.2932,9.8449],[76.2932,9.846],[76.2929,9.846],[76.2929,9.8462],[76.2924,9.8462],[76.2924,9.8465],[76.2918,9.8465],[76.2918,9.8468],[76.2915,9.8468],[76.2915,9.8474],[76.2913,9.8474],[76.2913,9.8479],[76.291,9.8479],[76.291,9.8482],[76.2907,9.8482],[76.2907,9.8488],[76.2904,9.8488],[76.2904,9.849],[76.2907,9.849],[76.2907,9.8493],[76.291,9.8493],[76.291,9.8496],[76.2913,9.8496],[76.2913,9.8499],[76.2924,9.8499],[76.2924,9.8501],[76.2943,9.8501],[76.2943,9.8504],[76.2962,9.8504],[76.2962,9.8507],[76.2971,9.8507],[76.2971,9.8504],[76.2974,9.8504],[76.2974,9.8501],[76.2985,9.8501],[76.2985,9.8499],[76.2988,9.8499],[76.2988,9.8496],[76.2993,9.8496],[76.2993,9.849],[76.299,9.849],[76.299,9.8476],[76.2993,9.8476],[76.2993,9.8451],[76.2996,9.8451],[76.2996,9.8438],[76.3007,9.8438],[76.3007,9.844],[76.301,9.844],[76.301,9.8446],[76.3012,9.8446],[76.3012,9.8449],[76.3015,9.8449],[76.3015,9.8454],[76.3018,9.8454],[76.3018,9.8457],[76.3021,9.8457],[76.3021,9.8462],[76.3024,9.8462],[76.3024,9.8468],[76.3026,9.8468],[76.3026,9.8474],[76.3029,9.8474],[76.3029,9.8493],[76.3026,9.8493],[76.3026,9.8499],[76.3024,9.8499],[76.3024,9.8504],[76.3015,9.8504],[76.3015,9.8501],[76.2999,9.8501],[76.2999,9.8507],[76.2993,9.8507],[76.2993,9.851],[76.2988,9.851],[76.2988,9.8513],[76.299,9.8513],[76.299,9.8515],[76.2993,9.8515],[76.2993,9.8521],[76.3004,9.8521],[76.3004,9.8524],[76.3012,9.8524],[76.3012,9.8526],[76.3015,9.8526],[76.3015,9.8529],[76.3018,9.8529],[76.3018,9.8532],[76.3021,9.8532],[76.3021,9.8535],[76.3025,9.8535],[76.3029,9.8535],[76.3029,9.8538],[76.3025,9.8538],[76.3024,9.8538],[76.3024,9.854],[76.3021,9.854],[76.3021,9.8543],[76.3015,9.8543],[76.3015,9.8546],[76.3012,9.8546],[76.3012,9.8549],[76.3007,9.8549],[76.3007,9.8551],[76.2999,9.8551],[76.2999,9.8554],[76.299,9.8554],[76.299,9.8557],[76.2988,9.8557],[76.2988,9.856],[76.2985,9.856],[76.2985,9.8562],[76.2982,9.8562],[76.2982,9.8565],[76.2979,9.8565],[76.2979,9.8568],[76.2976,9.8568],[76.2976,9.8571],[76.2974,9.8571],[76.2974,9.8576],[76.2971,9.8576],[76.2971,9.8588],[76.2968,9.8588],[76.2968,9.8604],[76.2965,9.8604],[76.2965,9.8626],[76.2968,9.8626],[76.2968,9.8643],[76.2965,9.8643],[76.2965,9.8657],[76.2962,9.8657],[76.2962,9.8663],[76.296,9.8663],[76.296,9.869],[76.2962,9.869],[76.2962,9.8701],[76.296,9.8701],[76.296,9.871],[76.2957,9.871],[76.2957,9.8718],[76.2954,9.8718],[76.2954,9.8732],[76.2957,9.8732],[76.2957,9.8743],[76.2957,9.8754],[76.2954,9.8754],[76.2954,9.876],[76.2951,9.876],[76.2951,9.8763],[76.2954,9.8763],[76.2954,9.8768],[76.2957,9.8768],[76.2957,9.8807],[76.296,9.8807],[76.296,9.8813],[76.2957,9.8813],[76.2957,9.8826],[76.2954,9.8826],[76.2954,9.8829],[76.2951,9.8829],[76.2951,9.8835],[76.2946,9.8835],[76.2946,9.8843],[76.2943,9.8843],[76.2943,9.8851],[76.2946,9.8851],[76.2946,9.8854],[76.2949,9.8854],[76.2949,9.8857],[76.2951,9.8857],[76.2951,9.8863],[76.2954,9.8862],[76.2954,9.8871],[76.2957,9.8871],[76.2957,9.8899],[76.2965,9.8899],[76.2965,9.8896],[76.2976,9.8896],[76.2976,9.8893],[76.2982,9.8893],[76.2982,9.889],[76.2985,9.889],[76.2985,9.8888],[76.2988,9.8888],[76.2988,9.8885],[76.299,9.8885],[76.299,9.8882],[76.2993,9.8882],[76.2993,9.8879],[76.2996,9.8879],[76.2996,9.8876],[76.2999,9.8876],[76.2999,9.8874],[76.3001,9.8874],[76.3001,9.8871],[76.3004,9.8871],[76.3004,9.8865],[76.3007,9.8865],[76.3007,9.8863],[76.301,9.8863],[76.301,9.886],[76.3015,9.886],[76.3015,9.8857],[76.3018,9.8857],[76.3018,9.8854],[76.3021,9.8854],[76.3021,9.8851],[76.3024,9.8851],[76.3024,9.8849],[76.3026,9.8849],[76.3026,9.8846],[76.3029,9.8846],[76.3029,9.8843],[76.3032,9.8843],[76.3032,9.884],[76.3037,9.884],[76.3037,9.8838],[76.304,9.8838],[76.304,9.8835],[76.3049,9.8835],[76.3049,9.8832],[76.3051,9.8832],[76.3051,9.8829],[76.3057,9.8829],[76.3057,9.8826],[76.306,9.8826],[76.306,9.8824],[76.3065,9.8824],[76.3065,9.8821],[76.3068,9.8821],[76.3068,9.8818],[76.3074,9.8818],[76.3074,9.8815],[76.3076,9.8815],[76.3076,9.8813],[76.3082,9.8813],[76.3082,9.881],[76.3085,9.881],[76.3085,9.8804],[76.309,9.8804],[76.309,9.8801],[76.3093,9.8801],[76.3093,9.8799],[76.3099,9.8799],[76.3099,9.8796],[76.3104,9.8796],[76.3104,9.8793],[76.311,9.8793],[76.311,9.879],[76.3118,9.879],[76.3118,9.8788],[76.3124,9.8788],[76.3124,9.8785],[76.3129,9.8785],[76.3129,9.8782],[76.3135,9.8782],[76.3135,9.8779],[76.3143,9.8779],[76.3143,9.8776],[76.3149,9.8776],[76.3149,9.8774],[76.3157,9.8774],[76.3157,9.8771],[76.3165,9.8771],[76.3165,9.8768],[76.3174,9.8768],[76.3174,9.8765],[76.3185,9.8765],[76.3185,9.8763],[76.3193,9.8763],[76.3193,9.8749],[76.319,9.8749],[76.319,9.874],[76.3187,9.874],[76.3187,9.8735],[76.3185,9.8735],[76.3185,9.8729],[76.3182,9.8729],[76.3182,9.8718],[76.3179,9.8718],[76.3179,9.8713],[76.3176,9.8713],[76.3176,9.8701],[76.3174,9.8701],[76.3174,9.869],[76.3171,9.869],[76.3171,9.8682],[76.3168,9.8682],[76.3168,9.8665],[76.3171,9.8665],[76.3171,9.866],[76.3174,9.866],[76.3174,9.8654],[76.3171,9.8654],[76.3171,9.8651],[76.3174,9.8651],[76.3174,9.864],[76.3176,9.864],[76.3176,9.8637],[76.3174,9.8637],[76.3174,9.8626],[76.3171,9.8626],[76.3171,9.8618],[76.3168,9.8618],[76.3168,9.8615],[76.3171,9.8615],[76.3171,9.8612],[76.3168,9.8613],[76.3168,9.861],[76.3171,9.861],[76.3171,9.8601],[76.3168,9.8601],[76.3168,9.8588],[76.3171,9.8588],[76.3171,9.8585],[76.3168,9.8585],[76.3168,9.8579],[76.3171,9.8579],[76.3171,9.8571],[76.3174,9.8571],[76.3174,9.856],[76.3176,9.856],[76.3176,9.8557],[76.3174,9.8557],[76.3174,9.8538],[76.3176,9.8538],[76.3176,9.8535],[76.3174,9.8535],[76.3174,9.8524],[76.3176,9.8524],[76.3176,9.8513],[76.3179,9.8513],[76.3179,9.8501],[76.3182,9.8501],[76.3182,9.8496],[76.3179,9.8496],[76.3179,9.8493],[76.3182,9.8493],[76.3182,9.849],[76.3179,9.849],[76.3179,9.8488],[76.3182,9.8488],[76.3182,9.8485],[76.3179,9.8485],[76.3179,9.8479],[76.3176,9.8479],[76.3176,9.8474],[76.3171,9.8474],[76.3171,9.8468],[76.3168,9.8468],[76.3168,9.8462],[76.3171,9.8462],[76.3171,9.846],[76.3168,9.846],[76.3168,9.8449],[76.3171,9.8449],[76.3171,9.8438],[76.3174,9.8438],[76.3174,9.8432],[76.3176,9.8432],[76.3176,9.8424],[76.3179,9.8424],[76.3179,9.8407],[76.3182,9.8407],[76.3182,9.8396],[76.3185,9.8396],[76.3185,9.8393],[76.3193,9.8393],[76.3193,9.8396],[76.3196,9.8396],[76.3196,9.839],[76.3199,9.839],[76.3199,9.8385],[76.3201,9.8385],[76.3201,9.8374],[76.3204,9.8374],[76.3204,9.8365],[76.3207,9.8365],[76.3207,9.836],[76.321,9.836],[76.321,9.8354],[76.3213,9.8354],[76.3213,9.8349],[76.3215,9.8349],[76.3215,9.8343],[76.3218,9.8343],[76.3218,9.8338],[76.3215,9.8338],[76.3215,9.8332],[76.3213,9.8332],[76.3213,9.8326],[76.321,9.8326],[76.321,9.8313],[76.3207,9.8313],[76.3207,9.8274],[76.321,9.8274],[76.321,9.8243],[76.3213,9.8243],[76.3213,9.824],[76.321,9.824],[76.321,9.8235],[76.3213,9.8235],[76.3213,9.8226],[76.3215,9.8226],[76.3215,9.8218],[76.3218,9.8218],[76.3218,9.8207],[76.3221,9.8207],[76.3221,9.8193],[76.3218,9.8193],[76.3218,9.8182],[76.3215,9.8182],[76.3215,9.8171],[76.3213,9.8171],[76.3213,9.816],[76.3215,9.816],[76.3215,9.8151],[76.3218,9.8151],[76.3218,9.8146],[76.3221,9.8146],[76.3221,9.8126],[76.3218,9.8126],[76.3218,9.8076],[76.3221,9.8076],[76.3221,9.8068],[76.3224,9.8068],[76.3224,9.8063],[76.3226,9.8063],[76.3226,9.806],[76.3229,9.806],[76.3229,9.8057],[76.3251,9.8057],[76.3251,9.806],[76.3254,9.806],[76.3254,9.8057],[76.3257,9.8057],[76.3257,9.804],[76.326,9.804],[76.326,9.8029],[76.3262,9.8029],[76.3262,9.8026],[76.326,9.8026],[76.326,9.8018],[76.3262,9.8018],[76.3262,9.8015],[76.326,9.8015],[76.326,9.801],[76.3262,9.801],[76.3262,9.7999],[76.326,9.7999],[76.326,9.799],[76.3262,9.799],[76.3262,9.7988],[76.326,9.7988],[76.326,9.7982],[76.3257,9.7982],[76.3257,9.7974],[76.3254,9.7974],[76.3254,9.7965],[76.3257,9.7965],[76.3257,9.7951],[76.326,9.7951],[76.326,9.7946],[76.3257,9.7946],[76.3257,9.7943],[76.326,9.7943],[76.326,9.794],[76.3257,9.794],[76.3257,9.7932],[76.3262,9.7932],[76.3262,9.7926],[76.3268,9.7926],[76.3268,9.7921],[76.3271,9.7921],[76.3271,9.7915],[76.3268,9.7915],[76.3268,9.7901],[76.3271,9.7901],[76.3271,9.789],[76.3274,9.789],[76.3274,9.7882],[76.3276,9.7882],[76.3276,9.7879],[76.3279,9.7879],[76.3279,9.7874],[76.3282,9.7874],[76.3282,9.7868],[76.3288,9.7868],[76.3288,9.7865],[76.329,9.7865],[76.329,9.786],[76.3296,9.786],[76.3296,9.7857],[76.3301,9.7857],[76.3301,9.7854],[76.3304,9.7854],[76.3304,9.7851],[76.331,9.7851],[76.331,9.7849],[76.3315,9.7849],[76.3315,9.7846],[76.3318,9.7846],[76.3318,9.7843],[76.3321,9.7843],[76.3321,9.784],[76.3324,9.784],[76.3324,9.7835],[76.3326,9.7835],[76.3326,9.7826],[76.3329,9.7826],[76.3329,9.7824],[76.3332,9.7824],[76.3332,9.7818],[76.3335,9.7818],[76.3335,9.781],[76.3337,9.781],[76.3337,9.7807],[76.334,9.7807],[76.334,9.7801],[76.3343,9.7801],[76.3343,9.7799],[76.3349,9.7799],[76.3349,9.779],[76.3346,9.779],[76.3346,9.7788],[76.334,9.7788],[76.334,9.7785],[76.3337,9.7785],[76.3337,9.7782],[76.3335,9.7782],[76.3335,9.7771],[76.3337,9.7771],[76.3337,9.7768],[76.3335,9.7768],[76.3335,9.7757],[76.3332,9.7757],[76.3332,9.7738],[76.3329,9.7738],[76.3329,9.7732],[76.3335,9.7732],[76.3335,9.7724],[76.3337,9.7724],[76.3337,9.7718],[76.334,9.7718],[76.334,9.771],[76.3343,9.771],[76.3343,9.7707],[76.3346,9.7707],[76.3346,9.7699],[76.3349,9.7699],[76.3349,9.7693],[76.3351,9.7693],[76.3351,9.7688],[76.3354,9.7688],[76.3354,9.7674],[76.3357,9.7674],[76.3357,9.766],[76.336,9.766],[76.336,9.7657],[76.3363,9.7657],[76.3363,9.7654],[76.3371,9.7654],[76.3371,9.7651],[76.3379,9.7651],[76.3379,9.7649],[76.3382,9.7649],[76.3382,9.7646],[76.3385,9.7646],[76.3385,9.7643],[76.3388,9.7643],[76.3388,9.764],[76.339,9.764],[76.339,9.7638],[76.3393,9.7638],[76.3393,9.7635],[76.3396,9.7635],[76.3396,9.7632],[76.3399,9.7632],[76.3399,9.7629],[76.3404,9.7629],[76.3404,9.7612],[76.3401,9.7612],[76.3401,9.7582],[76.3404,9.7582],[76.3404,9.7568],[76.3407,9.7568],[76.3407,9.7563],[76.3404,9.7563],[76.3404,9.7551],[76.3401,9.7551],[76.3401,9.754],[76.3404,9.754],[76.3404,9.7537],[76.3401,9.7537],[76.3401,9.7535],[76.3404,9.7535],[76.3404,9.7532],[76.3399,9.7532],[76.3399,9.7526],[76.3396,9.7526],[76.3396,9.7524],[76.3393,9.7524],[76.3393,9.7526],[76.339,9.7526],[76.339,9.7521],[76.3388,9.7521],[76.3388,9.7518],[76.339,9.7518],[76.339,9.751],[76.3396,9.751],[76.3396,9.7513],[76.3399,9.7513],[76.3399,9.751],[76.3401,9.751],[76.3401,9.7513],[76.3421,9.7513],[76.3421,9.751],[76.3424,9.751],[76.3424,9.7504],[76.3421,9.7504],[76.3421,9.7488],[76.3418,9.7488],[76.3418,9.7476],[76.3421,9.7476],[76.3421,9.7474],[76.3418,9.7474],[76.3418,9.7468],[76.3415,9.7468],[76.3415,9.7463],[76.3412,9.7463],[76.3412,9.7451],[76.341,9.7451],[76.341,9.7443],[76.3407,9.7443],[76.3407,9.7424],[76.341,9.7424],[76.341,9.7413],[76.3412,9.7413],[76.3412,9.7368],[76.3415,9.7368],[76.3415,9.736],[76.3418,9.736],[76.3418,9.7354],[76.3415,9.7354],[76.3415,9.7349],[76.3412,9.7349],[76.3412,9.7315],[76.3415,9.7315],[76.3415,9.7299],[76.3418,9.7299],[76.3418,9.7287],[76.3421,9.7287],[76.3421,9.7279],[76.3424,9.7279],[76.3424,9.7276],[76.3426,9.7276],[76.3426,9.7274],[76.3429,9.7274],[76.3429,9.7271],[76.3432,9.7271],[76.3432,9.7268],[76.3438,9.7268],[76.3438,9.726],[76.3443,9.726],[76.3443,9.7254],[76.3446,9.7254],[76.3446,9.7243],[76.3449,9.7243],[76.3449,9.7238],[76.3451,9.7238],[76.3451,9.7215],[76.3449,9.7215],[76.3449,9.7188],[76.3451,9.7188],[76.3451,9.7171],[76.3449,9.7171],[76.3449,9.716],[76.3451,9.716],[76.3451,9.7157],[76.3449,9.7157],[76.3449,9.7137],[76.3451,9.7138],[76.3451,9.7132],[76.3457,9.7132],[76.3457,9.7129],[76.3463,9.7129],[76.3463,9.7126],[76.3471,9.7126],[76.3471,9.7121],[76.3476,9.7121],[76.3476,9.7118],[76.3482,9.7118],[76.3482,9.7121],[76.349,9.7121],[76.349,9.7132],[76.3487,9.7132],[76.3487,9.7143],[76.3485,9.7143],[76.3485,9.7146],[76.3487,9.7146],[76.3487,9.7174],[76.349,9.7174],[76.349,9.7179],[76.3493,9.7179],[76.3493,9.7182],[76.3496,9.7182],[76.3496,9.719],[76.3499,9.719],[76.3499,9.7204],[76.3496,9.7204],[76.3496,9.7207],[76.3499,9.7207],[76.3499,9.721],[76.3496,9.721],[76.3496,9.7215],[76.3499,9.7215],[76.3499,9.7218],[76.3496,9.7218],[76.3496,9.7221],[76.3499,9.7221],[76.3499,9.7249],[76.3496,9.7249],[76.3496,9.726],[76.3493,9.726],[76.3493,9.7268],[76.349,9.7268],[76.349,9.7271],[76.3487,9.7271],[76.3487,9.7274],[76.3485,9.7274],[76.3485,9.7285],[76.3482,9.7285],[76.3482,9.7299],[76.3479,9.7299],[76.3479,9.7307],[76.3476,9.7307],[76.3476,9.7312],[76.3474,9.7312],[76.3474,9.7315],[76.3471,9.7315],[76.3471,9.7321],[76.3468,9.7321],[76.3468,9.7329],[76.3465,9.7329],[76.3465,9.7332],[76.3463,9.7332],[76.3463,9.7343],[76.346,9.7343],[76.346,9.7362],[76.3457,9.7362],[76.3457,9.7393],[76.3454,9.7393],[76.3454,9.7404],[76.3457,9.7404],[76.3457,9.741],[76.346,9.741],[76.346,9.7413],[76.3465,9.7413],[76.3465,9.7424],[76.3468,9.7424],[76.3468,9.7429],[76.3465,9.7429],[76.3465,9.7435],[76.3468,9.7435],[76.3468,9.7438],[76.3471,9.7438],[76.3471,9.7454],[76.3468,9.7454],[76.3468,9.7468],[76.3465,9.7468],[76.3465,9.7474],[76.3468,9.7474],[76.3468,9.7479],[76.3465,9.7479],[76.3465,9.7504],[76.3463,9.7504],[76.3463,9.7507],[76.346,9.7507],[76.346,9.7513],[76.3457,9.7513],[76.3457,9.7521],[76.3454,9.7521],[76.3454,9.7532],[76.3451,9.7532],[76.3451,9.7537],[76.3449,9.7537],[76.3449,9.7543],[76.3446,9.7543],[76.3446,9.7549],[76.3443,9.7549],[76.3443,9.7551],[76.3438,9.7551],[76.3438,9.7554],[76.3429,9.7554],[76.3429,9.7557],[76.3426,9.7557],[76.3426,9.756],[76.3421,9.756],[76.3421,9.7565],[76.3418,9.7565],[76.3418,9.7571],[76.3415,9.7571],[76.3415,9.7596],[76.3418,9.7596],[76.3418,9.761],[76.3415,9.761],[76.3415,9.7621],[76.3412,9.7621],[76.3412,9.7626],[76.341,9.7626],[76.341,9.7629],[76.3407,9.7629],[76.3407,9.7635],[76.3404,9.7635],[76.3404,9.7638],[76.3401,9.7638],[76.3401,9.764],[76.3399,9.764],[76.3399,9.7646],[76.3396,9.7646],[76.3396,9.7649],[76.3393,9.7649],[76.3393,9.7651],[76.339,9.7651],[76.339,9.7657],[76.3388,9.7657],[76.3388,9.766],[76.3385,9.766],[76.3385,9.7662],[76.3379,9.7662],[76.3379,9.7665],[76.3376,9.7665],[76.3376,9.7671],[76.3374,9.7671],[76.3374,9.7676],[76.3371,9.7676],[76.3371,9.7685],[76.3368,9.7685],[76.3368,9.7693],[76.3365,9.7693],[76.3365,9.7704],[76.3363,9.7704],[76.3363,9.7715],[76.336,9.7715],[76.336,9.7726],[76.3357,9.7726],[76.3357,9.7732],[76.3354,9.7732],[76.3354,9.7738],[76.3357,9.7738],[76.3357,9.7743],[76.336,9.7743],[76.336,9.7749],[76.3357,9.7749],[76.3357,9.776],[76.336,9.776],[76.336,9.7771],[76.3363,9.7771],[76.3363,9.7774],[76.3365,9.7774],[76.3365,9.7782],[76.3368,9.7782],[76.3368,9.779],[76.3365,9.779],[76.3365,9.7793],[76.3363,9.7793],[76.3363,9.7796],[76.3365,9.7796],[76.3365,9.7804],[76.3368,9.7804],[76.3368,9.7807],[76.3365,9.7807],[76.3365,9.781],[76.3368,9.781],[76.3368,9.7821],[76.3371,9.7821],[76.3371,9.7824],[76.3374,9.7824],[76.3374,9.7835],[76.3376,9.7835],[76.3376,9.7854],[76.3374,9.7854],[76.3374,9.7857],[76.3376,9.7857],[76.3376,9.7863],[76.3374,9.7863],[76.3374,9.7871],[76.3371,9.7871],[76.3371,9.7876],[76.3368,9.7876],[76.3368,9.7879],[76.3365,9.7879],[76.3365,9.7887],[76.3363,9.7887],[76.3363,9.789],[76.336,9.789],[76.336,9.7896],[76.3357,9.7896],[76.3357,9.7901],[76.3351,9.7901],[76.3351,9.7907],[76.3349,9.7907],[76.3349,9.791],[76.3351,9.791],[76.3351,9.7915],[76.3349,9.7915],[76.3349,9.7921],[76.3346,9.7921],[76.3346,9.7932],[76.3343,9.7932],[76.3343,9.7938],[76.334,9.7938],[76.334,9.794],[76.3337,9.794],[76.3337,9.7951],[76.3335,9.7951],[76.3335,9.7957],[76.3332,9.7957],[76.3332,9.796],[76.3329,9.796],[76.3329,9.7965],[76.3326,9.7965],[76.3326,9.7971],[76.3321,9.7971],[76.3321,9.7974],[76.3318,9.7974],[76.3318,9.7979],[76.3315,9.7979],[76.3315,9.7982],[76.3313,9.7982],[76.3313,9.7985],[76.3315,9.7985],[76.3315,9.799],[76.3313,9.799],[76.3313,9.7996],[76.331,9.7996],[76.331,9.8004],[76.3307,9.8004],[76.3307,9.8015],[76.3304,9.8015],[76.3304,9.8018],[76.3301,9.8018],[76.3301,9.8043],[76.3299,9.8043],[76.3299,9.8057],[76.3304,9.8057],[76.3304,9.806],[76.3307,9.806],[76.3307,9.8063],[76.3313,9.8063],[76.3313,9.8065],[76.3321,9.8065],[76.3321,9.8068],[76.3326,9.8068],[76.3326,9.8074],[76.3329,9.8074],[76.3329,9.8079],[76.3335,9.8079],[76.3335,9.8082],[76.3343,9.8082],[76.3343,9.8085],[76.3351,9.8085],[76.3351,9.8087],[76.3357,9.8087],[76.3357,9.809],[76.3363,9.809],[76.3363,9.8093],[76.336,9.8093],[76.336,9.8099],[76.3357,9.8099],[76.3357,9.8104],[76.3354,9.8104],[76.3354,9.811],[76.3351,9.811],[76.3351,9.8115],[76.3349,9.8115],[76.3349,9.8124],[76.3346,9.8124],[76.3346,9.8132],[76.3343,9.8132],[76.3343,9.814],[76.334,9.814],[76.334,9.8151],[76.3337,9.8151],[76.3337,9.8185],[76.3335,9.8185],[76.3335,9.8188],[76.3332,9.8188],[76.3332,9.8193],[76.3329,9.8193],[76.3329,9.8201],[76.3326,9.8201],[76.3326,9.8218],[76.3324,9.8218],[76.3324,9.8232],[76.3321,9.8232],[76.3321,9.8243],[76.3318,9.8243],[76.3318,9.8251],[76.3315,9.8251],[76.3315,9.8263],[76.3313,9.8263],[76.3313,9.8268],[76.331,9.8268],[76.331,9.8274],[76.3307,9.8274],[76.3307,9.8279],[76.3304,9.8279],[76.3304,9.8285],[76.3301,9.8285],[76.3301,9.829],[76.3296,9.829],[76.3296,9.8288],[76.3293,9.8288],[76.3293,9.8282],[76.329,9.8282],[76.329,9.8274],[76.3288,9.8274],[76.3288,9.8257],[76.3285,9.8257],[76.3285,9.8243],[76.3279,9.8243],[76.3279,9.8246],[76.3276,9.8246],[76.3276,9.8249],[76.3274,9.8249],[76.3274,9.8251],[76.3271,9.8251],[76.3271,9.8254],[76.3268,9.8254],[76.3268,9.8257],[76.3262,9.8257],[76.3262,9.826],[76.3257,9.826],[76.3257,9.8263],[76.3251,9.8263],[76.3251,9.8265],[76.3243,9.8265],[76.3243,9.8268],[76.3238,9.8268],[76.3238,9.8271],[76.3235,9.8271],[76.3235,9.8274],[76.3232,9.8274],[76.3232,9.8276],[76.3229,9.8276],[76.3229,9.8279],[76.3226,9.8279],[76.3226,9.8285],[76.3224,9.8285],[76.3224,9.829],[76.3221,9.829],[76.3221,9.8296],[76.3218,9.8296],[76.3218,9.8318],[76.3221,9.8318],[76.3221,9.8326],[76.3224,9.8326],[76.3224,9.8338],[76.3226,9.8338],[76.3226,9.8351],[76.3229,9.8351],[76.3229,9.8362],[76.3226,9.8362],[76.3226,9.8368],[76.3224,9.8368],[76.3224,9.8374],[76.3221,9.8374],[76.3221,9.8376],[76.3218,9.8376],[76.3218,9.8379],[76.3215,9.8379],[76.3215,9.8385],[76.3213,9.8385],[76.3213,9.8388],[76.321,9.8388],[76.321,9.839],[76.3207,9.839],[76.3207,9.8396],[76.3204,9.8396],[76.3204,9.8399],[76.3201,9.8399],[76.3201,9.8401],[76.3199,9.8401],[76.3199,9.8407],[76.3196,9.8407],[76.3196,9.8413],[76.3193,9.8413],[76.3193,9.8421],[76.319,9.8421],[76.319,9.8429],[76.3187,9.8429],[76.3187,9.8438],[76.3185,9.8438],[76.3185,9.844],[76.3187,9.844],[76.3187,9.8443],[76.319,9.8443],[76.319,9.8446],[76.3187,9.8446],[76.3187,9.8449],[76.319,9.8449],[76.319,9.8454],[76.3193,9.8454],[76.3193,9.846],[76.3196,9.846],[76.3196,9.8465],[76.3199,9.8465],[76.3199,9.8474],[76.3201,9.8474],[76.3201,9.8476],[76.3204,9.8476],[76.3204,9.8482],[76.3201,9.8482],[76.3201,9.8485],[76.3204,9.8485],[76.3204,9.8504],[76.3207,9.8504],[76.3207,9.8507],[76.3204,9.8507],[76.3204,9.8515],[76.3201,9.8515],[76.3201,9.8521],[76.3199,9.8521],[76.3199,9.8526],[76.3201,9.8526],[76.3201,9.8529],[76.3199,9.8529],[76.3199,9.8535],[76.3201,9.8535],[76.3201,9.8538],[76.3199,9.8538],[76.3199,9.8543],[76.3196,9.8543],[76.3196,9.8549],[76.3199,9.8549],[76.3199,9.8554],[76.3201,9.8554],[76.3201,9.856],[76.3204,9.856],[76.3204,9.8565],[76.3207,9.8565],[76.3207,9.8571],[76.321,9.8571],[76.321,9.8574],[76.321,9.8576],[76.3213,9.8576],[76.3213,9.8582],[76.3215,9.8582],[76.3215,9.8593],[76.3213,9.8593],[76.3213,9.8604],[76.321,9.8604],[76.321,9.861],[76.3207,9.861],[76.3207,9.8615],[76.3204,9.8615],[76.3204,9.8618],[76.3201,9.8618],[76.3201,9.8624],[76.3199,9.8624],[76.3199,9.8646],[76.3196,9.8646],[76.3196,9.8677],[76.3199,9.8676],[76.3199,9.8685],[76.3201,9.8685],[76.3201,9.8707],[76.3204,9.8707],[76.3204,9.871],[76.3207,9.871],[76.3207,9.8713],[76.3213,9.8713],[76.3213,9.8715],[76.3215,9.8715],[76.3215,9.8718],[76.3218,9.8718],[76.3218,9.8715],[76.3221,9.8715],[76.3221,9.8713],[76.3243,9.8713],[76.3243,9.8715],[76.3249,9.8715],[76.3249,9.8718],[76.3257,9.8718],[76.3257,9.8721],[76.3262,9.8721],[76.3262,9.8724],[76.3268,9.8724],[76.3268,9.8726],[76.3304,9.8726],[76.3304,9.8724],[76.3313,9.8724],[76.3313,9.8721],[76.3315,9.8721],[76.3315,9.8715],[76.3318,9.8715],[76.3318,9.8713],[76.3321,9.8713],[76.3321,9.871],[76.3324,9.871],[76.3324,9.8704],[76.3326,9.8704],[76.3326,9.8701],[76.3329,9.8701],[76.3329,9.8699],[76.3332,9.8699],[76.3332,9.8693],[76.3335,9.8693],[76.3335,9.8687],[76.3337,9.8687],[76.3337,9.8682],[76.334,9.8682],[76.334,9.8676],[76.3343,9.8677],[76.3343,9.8671],[76.3346,9.8671],[76.3346,9.8665],[76.3349,9.8665],[76.3349,9.8663],[76.336,9.8663],[76.336,9.866],[76.3363,9.866],[76.3363,9.8657],[76.3365,9.8657],[76.3365,9.8654],[76.3368,9.8654],[76.3368,9.8651],[76.3371,9.8651],[76.3371,9.8649],[76.3374,9.8649],[76.3374,9.8635],[76.3376,9.8635],[76.3376,9.8629],[76.3379,9.8629],[76.3379,9.8621],[76.3382,9.8621],[76.3382,9.861],[76.3385,9.861],[76.3385,9.8603],[76.3385,9.8601],[76.3388,9.8601],[76.3388,9.859],[76.339,9.859],[76.339,9.8579],[76.3396,9.8579],[76.3396,9.8574],[76.3399,9.8574],[76.3399,9.8568],[76.3401,9.8568],[76.3401,9.8565],[76.3399,9.8565],[76.3399,9.8562],[76.3401,9.8562],[76.3401,9.8535],[76.3404,9.8535],[76.3404,9.8529],[76.3401,9.8529],[76.3401,9.8524],[76.3404,9.8524],[76.3404,9.849],[76.3401,9.849],[76.3401,9.8485],[76.3404,9.8485],[76.3404,9.8482],[76.3401,9.8482],[76.3401,9.8465],[76.3404,9.8465],[76.3404,9.846],[76.3401,9.846],[76.3401,9.8454],[76.3399,9.8454],[76.3399,9.8449],[76.3401,9.8449],[76.3401,9.8446],[76.3399,9.8446],[76.3399,9.844],[76.3401,9.844],[76.3401,9.8421],[76.3404,9.8421],[76.3404,9.8418],[76.3401,9.8418],[76.3401,9.8415],[76.3404,9.8415],[76.3404,9.8404],[76.3407,9.8404],[76.3407,9.8399],[76.341,9.8399],[76.341,9.8396],[76.3412,9.8396],[76.3412,9.8385],[76.3415,9.8385],[76.3415,9.8368],[76.3418,9.8368],[76.3418,9.8362],[76.3421,9.8362],[76.3421,9.836],[76.3424,9.836],[76.3424,9.8354],[76.3426,9.8354],[76.3426,9.8349],[76.3429,9.8349],[76.3429,9.8343],[76.3432,9.8343],[76.3432,9.834],[76.3438,9.834],[76.3438,9.8338],[76.344,9.8338],[76.344,9.8335],[76.3443,9.8335],[76.3443,9.8332],[76.3446,9.8332],[76.3446,9.8329],[76.3449,9.8329],[76.3449,9.8326],[76.3454,9.8326],[76.3454,9.8318],[76.3457,9.8318],[76.3457,9.8315],[76.3463,9.8315],[76.3463,9.8313],[76.3468,9.8313],[76.3468,9.831],[76.3474,9.831],[76.3474,9.8307],[76.3476,9.8307],[76.3476,9.8304],[76.3482,9.8304],[76.3482,9.8301],[76.3485,9.8301],[76.3485,9.829],[76.3487,9.829],[76.3487,9.8288],[76.349,9.8288],[76.349,9.8279],[76.3496,9.8279],[76.3496,9.8276],[76.3499,9.8276],[76.3499,9.8274],[76.3507,9.8274],[76.3507,9.8271],[76.351,9.8271],[76.351,9.8268],[76.3512,9.8268],[76.3512,9.8265],[76.3515,9.8265],[76.3515,9.8263],[76.3518,9.8263],[76.3518,9.826],[76.3521,9.826],[76.3521,9.8254],[76.3526,9.8254],[76.3526,9.8251],[76.3532,9.8251],[76.3532,9.8246],[76.3535,9.8246],[76.3535,9.8243],[76.3538,9.8243],[76.3538,9.824],[76.354,9.824],[76.354,9.8238],[76.3543,9.8238],[76.3543,9.8235],[76.3543,9.8232],[76.3549,9.8232],[76.3549,9.8229],[76.3554,9.8229],[76.3554,9.8226],[76.356,9.8226],[76.356,9.8224],[76.3562,9.8224],[76.3562,9.8221],[76.3571,9.8221],[76.3571,9.8218],[76.3574,9.8218],[76.3574,9.8215],[76.3593,9.8215],[76.3593,9.8212],[76.3596,9.8212],[76.3596,9.821],[76.3599,9.821],[76.3599,9.8207],[76.3607,9.8207],[76.3607,9.8204],[76.361,9.8204],[76.361,9.8207],[76.3613,9.8207],[76.3613,9.8204],[76.3615,9.8204],[76.3615,9.8201],[76.3621,9.8201],[76.3621,9.8204],[76.3624,9.8204],[76.3624,9.8201],[76.3643,9.8201],[76.3643,9.8204],[76.3646,9.8204],[76.3646,9.8207],[76.3651,9.8207],[76.3651,9.8212],[76.3649,9.8212],[76.3649,9.8215],[76.3651,9.8215],[76.3651,9.8229],[76.3654,9.8229],[76.3654,9.8226],[76.3657,9.8226],[76.3657,9.8224],[76.366,9.8224],[76.366,9.8226],[76.3665,9.8226],[76.3665,9.8229],[76.3674,9.8229],[76.3674,9.8226],[76.3679,9.8226],[76.3679,9.8224],[76.3682,9.8224],[76.3682,9.8221],[76.3688,9.8221],[76.3688,9.8218],[76.3693,9.8218],[76.3693,9.8215],[76.3696,9.8215],[76.3696,9.8212],[76.3699,9.8212],[76.3699,9.821],[76.3701,9.821],[76.3701,9.8207],[76.3704,9.8207],[76.3704,9.8201],[76.3707,9.8201],[76.3707,9.8174],[76.3704,9.8174],[76.3704,9.8162],[76.3701,9.8162],[76.3701,9.8157],[76.3699,9.8157],[76.3699,9.8151],[76.3696,9.8151],[76.3696,9.8146],[76.3693,9.8146],[76.3693,9.8143],[76.3685,9.8143],[76.3685,9.814],[76.3682,9.814],[76.3682,9.8143],[76.3679,9.8143],[76.3679,9.8146],[76.3676,9.8146],[76.3676,9.8151],[76.3674,9.8151],[76.3674,9.8154],[76.3662,9.8154],[76.3662,9.8151],[76.3649,9.8151],[76.3649,9.8146],[76.3646,9.8146],[76.3646,9.8143],[76.3668,9.8143],[76.3668,9.814],[76.3671,9.814],[76.3671,9.8135],[76.3674,9.8135],[76.3674,9.8126],[76.3671,9.8126],[76.3671,9.811],[76.3668,9.811],[76.3668,9.8107],[76.3665,9.8107],[76.3665,9.8104],[76.366,9.8104],[76.366,9.8101],[76.3657,9.8101],[76.3657,9.8099],[76.3654,9.8099],[76.3654,9.8096],[76.3651,9.8096],[76.3651,9.8093],[76.3649,9.8093],[76.3649,9.809],[76.3646,9.809],[76.3646,9.8087],[76.3643,9.8087],[76.3643,9.8085],[76.364,9.8085],[76.364,9.8082],[76.3637,9.8082],[76.3637,9.8079],[76.3635,9.8079],[76.3635,9.8076],[76.3632,9.8076],[76.3632,9.8074],[76.3629,9.8074],[76.3629,9.8071],[76.3626,9.8071],[76.3626,9.8065],[76.3624,9.8065],[76.3624,9.8063],[76.3621,9.8063],[76.3621,9.8057],[76.3618,9.8057],[76.3618,9.8054],[76.3615,9.8054],[76.3615,9.8049],[76.3613,9.8049],[76.3613,9.8043],[76.361,9.8043],[76.361,9.8038],[76.3607,9.8038],[76.3607,9.8029],[76.3604,9.8029],[76.3604,9.8024],[76.3601,9.8024],[76.3601,9.801],[76.3599,9.801],[76.3599,9.7988],[76.3596,9.7988],[76.3596,9.7968],[76.3599,9.7968],[76.3599,9.7954],[76.3601,9.7954],[76.3601,9.7946],[76.3604,9.7946],[76.3604,9.7937],[76.3607,9.7938],[76.3607,9.7929],[76.361,9.7929],[76.361,9.7921],[76.3613,9.7921],[76.3613,9.791],[76.3615,9.791],[76.3615,9.7896],[76.3618,9.7896],[76.3618,9.789],[76.3621,9.789],[76.3621,9.7887],[76.3624,9.7887],[76.3624,9.7879],[76.3626,9.7879],[76.3626,9.7871],[76.3629,9.7871],[76.3629,9.7865],[76.3632,9.7865],[76.3632,9.786],[76.3635,9.786],[76.3635,9.7858],[76.3635,9.7854],[76.3637,9.7854],[76.3637,9.7849],[76.364,9.7849],[76.364,9.7843],[76.3643,9.7843],[76.3643,9.7837],[76.3646,9.7837],[76.3646,9.7832],[76.3649,9.7832],[76.3649,9.7824],[76.3651,9.7824],[76.3651,9.7818],[76.3654,9.7818],[76.3654,9.7813],[76.3657,9.7813],[76.3657,9.7807],[76.366,9.7807],[76.366,9.7801],[76.3662,9.7801],[76.3662,9.7796],[76.3665,9.7796],[76.3665,9.779],[76.3668,9.779],[76.3668,9.7785],[76.3671,9.7785],[76.3671,9.7776],[76.3674,9.7776],[76.3674,9.7771],[76.3676,9.7771],[76.3676,9.7768],[76.3679,9.7768],[76.3679,9.7754],[76.3682,9.7754],[76.3682,9.7749],[76.3685,9.7749],[76.3685,9.7743],[76.3688,9.7743],[76.3688,9.7726],[76.369,9.7726],[76.369,9.7724],[76.3688,9.7724],[76.3688,9.7713],[76.369,9.7713],[76.369,9.7676],[76.3688,9.7676],[76.3688,9.7674],[76.3685,9.7674],[76.3685,9.7665],[76.3682,9.7665],[76.3682,9.7651],[76.3679,9.7651],[76.3679,9.7629],[76.3676,9.7629],[76.3676,9.7626],[76.3679,9.7626],[76.3679,9.7624],[76.3676,9.7624],[76.3676,9.7618],[76.3674,9.7618],[76.3674,9.7612],[76.3676,9.7612],[76.3676,9.7599],[76.3679,9.7599],[76.3679,9.7587],[76.3682,9.7588],[76.3682,9.7585],[76.3679,9.7585],[76.3679,9.7579],[76.3682,9.7579],[76.3682,9.757],[76.3682,9.7568],[76.3685,9.7568],[76.3685,9.756],[76.3688,9.756],[76.3688,9.7554],[76.3685,9.7554],[76.3685,9.7551],[76.3688,9.7551],[76.3688,9.7543],[76.369,9.7543],[76.369,9.7532],[76.3693,9.7532],[76.3693,9.7521],[76.3696,9.7521],[76.3696,9.7513],[76.3699,9.7513],[76.3699,9.7499],[76.3701,9.7499],[76.3701,9.7488],[76.3704,9.7488],[76.3704,9.7465],[76.3701,9.7465],[76.3701,9.7451],[76.3699,9.7451],[76.3699,9.7446],[76.3696,9.7446],[76.3696,9.7438],[76.3693,9.7438],[76.3693,9.7426],[76.3696,9.7426],[76.3696,9.7424],[76.3701,9.7424],[76.3701,9.7421],[76.3707,9.7421],[76.3707,9.7418],[76.3712,9.7418],[76.3712,9.7415],[76.3718,9.7415],[76.3718,9.7385],[76.3721,9.7385],[76.3721,9.7379],[76.3718,9.7379],[76.3718,9.7376],[76.3715,9.7376],[76.3715,9.7371],[76.3712,9.7371],[76.3712,9.7368],[76.3715,9.7368],[76.3715,9.7365],[76.3712,9.7365],[76.3712,9.736],[76.371,9.736],[76.371,9.7354],[76.3712,9.7354],[76.3712,9.7351],[76.371,9.7351],[76.371,9.7346],[76.3712,9.7346],[76.3712,9.7343],[76.371,9.7343],[76.371,9.734],[76.3707,9.734],[76.3707,9.7335],[76.3704,9.7335],[76.3704,9.7318],[76.3701,9.7318],[76.3701,9.731],[76.3699,9.731],[76.3699,9.7307],[76.3696,9.7307],[76.3696,9.7301],[76.3688,9.7301],[76.3688,9.7299],[76.3685,9.7299],[76.3685,9.7296],[76.3674,9.7296],[76.3674,9.729],[76.3668,9.729],[76.3668,9.7285],[76.3665,9.7285],[76.3665,9.7276],[76.3662,9.7276],[76.3662,9.7274],[76.3665,9.7274],[76.3665,9.726],[76.3662,9.726],[76.3662,9.7226],[76.366,9.7226],[76.366,9.7207],[76.3662,9.7207],[76.3662,9.7199],[76.3668,9.7199],[76.3668,9.719],[76.3671,9.719],[76.3671,9.7174],[76.3668,9.7174],[76.3668,9.7157],[76.3665,9.7157],[76.3665,9.7137],[76.3668,9.7138],[76.3668,9.7135],[76.3665,9.7135],[76.3665,9.7118],[76.3662,9.7118],[76.3662,9.7107],[76.366,9.7107],[76.366,9.7104],[76.3657,9.7104],[76.3657,9.7099],[76.3654,9.7099],[76.3654,9.7093],[76.3651,9.7093],[76.3651,9.709],[76.3649,9.709],[76.3649,9.7085],[76.3646,9.7085],[76.3646,9.7057],[76.3643,9.7057],[76.3643,9.7043],[76.364,9.7043],[76.364,9.7035],[76.3637,9.7035],[76.3637,9.7029],[76.3632,9.7029],[76.3632,9.7026],[76.3624,9.7026],[76.3624,9.7029],[76.3613,9.7029],[76.3613,9.7026],[76.361,9.7026],[76.361,9.7024],[76.3607,9.7024],[76.3607,9.7004],[76.361,9.7004],[76.361,9.7001],[76.3613,9.7001],[76.3613,9.6996],[76.3618,9.6996],[76.3618,9.6993],[76.3624,9.6993],[76.3624,9.6996],[76.3629,9.6996],[76.3629,9.6987],[76.3632,9.6988],[76.3632,9.6985],[76.3635,9.6985],[76.3635,9.6979],[76.3637,9.6979],[76.3637,9.6976],[76.364,9.6976],[76.364,9.6974],[76.3646,9.6974],[76.3646,9.6971],[76.3649,9.6971],[76.3649,9.6968],[76.3651,9.6968],[76.3651,9.6963],[76.3654,9.6963],[76.3654,9.6957],[76.3657,9.6957],[76.3657,9.6951],[76.3654,9.6951],[76.3654,9.6938],[76.3657,9.6938],[76.3657,9.6932],[76.366,9.6932],[76.366,9.6926],[76.3665,9.6926],[76.3665,9.6921],[76.3668,9.6921],[76.3668,9.6918],[76.3674,9.6918],[76.3674,9.6915],[76.3676,9.6915],[76.3676,9.6913],[76.3679,9.6913],[76.3679,9.691],[76.3688,9.691],[76.3688,9.6904],[76.369,9.6904],[76.369,9.6899],[76.3696,9.6899],[76.3696,9.6896],[76.3699,9.6896],[76.3699,9.6888],[76.3701,9.6888],[76.3701,9.6885],[76.3704,9.6885],[76.3704,9.6882],[76.3707,9.6882],[76.3707,9.6871],[76.371,9.6871],[76.371,9.6862],[76.3712,9.6862],[76.3712,9.686],[76.3715,9.686],[76.3715,9.6854],[76.3718,9.6854],[76.3718,9.6851],[76.3724,9.6851],[76.3724,9.6849],[76.3729,9.6849],[76.3729,9.6846],[76.3746,9.6846],[76.3746,9.6843],[76.3751,9.6843],[76.3751,9.6846],[76.3771,9.6846],[76.3771,9.6843],[76.3774,9.6843],[76.3774,9.684],[76.3782,9.684],[76.3782,9.6838],[76.379,9.6838],[76.379,9.6835],[76.381,9.6835],[76.381,9.6832],[76.3815,9.6832],[76.3815,9.6829],[76.3821,9.6829],[76.3821,9.6826],[76.3826,9.6826],[76.3826,9.6824],[76.3829,9.6824],[76.3829,9.6821],[76.3832,9.6821],[76.3832,9.6815],[76.3835,9.6815],[76.3835,9.6801],[76.3832,9.6801],[76.3832,9.6799],[76.3835,9.6799],[76.3835,9.6793],[76.3838,9.6793],[76.3838,9.679],[76.3843,9.679],[76.3843,9.6788],[76.3874,9.6788],[76.3874,9.679],[76.3885,9.679],[76.3885,9.6793],[76.3893,9.6793],[76.3893,9.6796],[76.391,9.6796],[76.391,9.6793],[76.3915,9.6793],[76.3915,9.679],[76.3924,9.679],[76.3924,9.6788],[76.3932,9.6788],[76.3932,9.6785],[76.3935,9.6785],[76.3935,9.6782],[76.3938,9.6782],[76.3938,9.6776],[76.3943,9.6776],[76.3943,9.6771],[76.3946,9.6771],[76.3946,9.6768],[76.3954,9.6768],[76.3954,9.6765],[76.396,9.6765],[76.396,9.6763],[76.3965,9.6763],[76.3965,9.676],[76.3968,9.676],[76.3968,9.6763],[76.3974,9.6763],[76.3974,9.676],[76.3988,9.676],[76.3988,9.6743],[76.3982,9.6743],[76.3982,9.674],[76.3976,9.674],[76.3976,9.6743],[76.3974,9.6743],[76.3974,9.6746],[76.3968,9.6746],[76.3968,9.6749],[76.396,9.6749],[76.396,9.6754],[76.3954,9.6754],[76.3954,9.6757],[76.3951,9.6757],[76.3951,9.6754],[76.3949,9.6754],[76.3949,9.6757],[76.3946,9.6757],[76.3946,9.6751],[76.3943,9.6751],[76.3943,9.6754],[76.394,9.6754],[76.394,9.6751],[76.3938,9.6751],[76.3938,9.6754],[76.3935,9.6754],[76.3935,9.6751],[76.3932,9.6751],[76.3932,9.6743],[76.3929,9.6743],[76.3929,9.6735],[76.3926,9.6735],[76.3926,9.6729],[76.3924,9.6729],[76.3924,9.6724],[76.3921,9.6724],[76.3921,9.6713],[76.3918,9.6713],[76.3918,9.669],[76.3921,9.669],[76.3921,9.6688],[76.3918,9.6688],[76.3918,9.6679],[76.3921,9.6679],[76.3921,9.6674],[76.3918,9.6674],[76.3918,9.6638],[76.3921,9.6638],[76.3921,9.6626],[76.3918,9.6626],[76.3918,9.6624],[76.3921,9.6624],[76.3921,9.6613],[76.3918,9.6613],[76.3918,9.6607],[76.3915,9.6607],[76.3915,9.6599],[76.3913,9.6599],[76.3913,9.6593],[76.391,9.6593],[76.391,9.6587],[76.3907,9.6587],[76.3907,9.6582],[76.3901,9.6582],[76.3901,9.6576],[76.3899,9.6576],[76.3899,9.6574],[76.3893,9.6574],[76.3893,9.6571],[76.389,9.6571],[76.389,9.6565],[76.3885,9.6565],[76.3885,9.6563],[76.3882,9.6563],[76.3882,9.656],[76.3879,9.656],[76.3879,9.6557],[76.3874,9.6557],[76.3874,9.6554],[76.3871,9.6554],[76.3871,9.6551],[76.3868,9.6551],[76.3868,9.6549],[76.3863,9.6549],[76.3863,9.6546],[76.3851,9.6546],[76.3851,9.6543],[76.3843,9.6543],[76.3843,9.654],[76.3838,9.654],[76.3838,9.6538],[76.3832,9.6538],[76.3832,9.6532],[76.3829,9.6532],[76.3829,9.6529],[76.3826,9.6529],[76.3826,9.6526],[76.3824,9.6526],[76.3824,9.6521],[76.3821,9.6521],[76.3821,9.6515],[76.3824,9.6515],[76.3824,9.6487],[76.3821,9.6487],[76.3821,9.6479],[76.3818,9.6479],[76.3818,9.6476],[76.3815,9.6476],[76.3815,9.6457],[76.3812,9.6457],[76.3812,9.6449],[76.381,9.6449],[76.381,9.6429],[76.3807,9.6429],[76.3807,9.6418],[76.3801,9.6418],[76.3801,9.6415],[76.3799,9.6415],[76.3799,9.6413],[76.3801,9.6413],[76.3801,9.641],[76.3799,9.641],[76.3799,9.639],[76.3801,9.639],[76.3801,9.6382],[76.3804,9.6382],[76.3804,9.6376],[76.3807,9.6376],[76.3807,9.6368],[76.381,9.6368],[76.381,9.636],[76.3812,9.636],[76.3812,9.6335],[76.381,9.6335],[76.381,9.6326],[76.3804,9.6326],[76.3804,9.6321],[76.3801,9.6321],[76.3801,9.6313],[76.3799,9.6313],[76.3799,9.6307],[76.3796,9.6307],[76.3796,9.6301],[76.3793,9.6301],[76.3793,9.6293],[76.379,9.6293],[76.379,9.6287],[76.3787,9.6287],[76.3787,9.6279],[76.3785,9.6279],[76.3785,9.6271],[76.3782,9.6271],[76.3782,9.6265],[76.3779,9.6265],[76.3779,9.6257],[76.3776,9.6257],[76.3776,9.6251],[76.3774,9.6251],[76.3774,9.6246],[76.3771,9.6246],[76.3771,9.6243],[76.3768,9.6243],[76.3768,9.6232],[76.3765,9.6232],[76.3765,9.6229],[76.3763,9.6229],[76.3763,9.6226],[76.376,9.6226],[76.376,9.6218],[76.3757,9.6218],[76.3757,9.6215],[76.3746,9.6215],[76.3746,9.6212],[76.374,9.6212],[76.374,9.621],[76.3737,9.621],[76.3737,9.6204],[76.3735,9.6204],[76.3735,9.6199],[76.3729,9.6199],[76.3729,9.6187],[76.3726,9.6188],[76.3726,9.6185],[76.3724,9.6185],[76.3724,9.6182],[76.3721,9.6182],[76.3721,9.6179],[76.3718,9.6179],[76.3718,9.6176],[76.3715,9.6176],[76.3715,9.6174],[76.3712,9.6174],[76.3712,9.6171],[76.371,9.6171],[76.371,9.616],[76.3704,9.616],[76.3704,9.6154],[76.3699,9.6154],[76.3699,9.6146],[76.3696,9.6146],[76.3696,9.6132],[76.3693,9.6132],[76.3693,9.6129],[76.369,9.6129],[76.369,9.6126],[76.3688,9.6126],[76.3688,9.6124],[76.3685,9.6124],[76.3685,9.6121],[76.3682,9.6121],[76.3682,9.6118],[76.3679,9.6118],[76.3679,9.6115],[76.3674,9.6115],[76.3674,9.611],[76.3671,9.611],[76.3671,9.6085],[76.3674,9.6085],[76.3674,9.6076],[76.3671,9.6076],[76.3671,9.6071],[76.3668,9.6071],[76.3668,9.6065],[76.3665,9.6065],[76.3665,9.6057],[76.3662,9.6057],[76.3662,9.6049],[76.366,9.6049],[76.366,9.6035],[76.3662,9.6035],[76.3662,9.6026],[76.366,9.6026],[76.366,9.6012],[76.3657,9.6012],[76.3657,9.6004],[76.3654,9.6004],[76.3654,9.5999],[76.3649,9.5999],[76.3649,9.5996],[76.3646,9.5996],[76.3646,9.5993],[76.3643,9.5993],[76.3643,9.5988],[76.364,9.5988],[76.364,9.5985],[76.3637,9.5985],[76.3637,9.5976],[76.364,9.5976],[76.364,9.5971],[76.3637,9.5971],[76.3637,9.5968],[76.364,9.5968],[76.364,9.5943],[76.3643,9.5943],[76.3643,9.594],[76.3646,9.594],[76.3646,9.5935],[76.3651,9.5935],[76.3651,9.5932],[76.366,9.5932],[76.366,9.5926],[76.3662,9.5926],[76.3662,9.5918],[76.366,9.5918],[76.366,9.5913],[76.3657,9.5913],[76.3657,9.5901],[76.3654,9.5901],[76.3654,9.5893],[76.3651,9.5893],[76.3651,9.589],[76.3654,9.589],[76.3654,9.5885],[76.3657,9.5885],[76.3657,9.5876],[76.366,9.5876],[76.366,9.5874],[76.3662,9.5874],[76.3662,9.5871],[76.3671,9.5871],[76.3671,9.5865],[76.3674,9.5865],[76.3674,9.5851],[76.3676,9.5851],[76.3676,9.5833],[76.3676,9.5832],[76.3674,9.5832],[76.3674,9.5829],[76.3671,9.5829],[76.3671,9.5826],[76.3668,9.5826],[76.3668,9.5821],[76.3665,9.5821],[76.3665,9.5818],[76.3662,9.5818],[76.3662,9.5813],[76.366,9.5813],[76.366,9.5807],[76.3657,9.5807],[76.3657,9.5796],[76.3654,9.5796],[76.3654,9.579],[76.3651,9.579],[76.3651,9.5788],[76.3654,9.5788],[76.3654,9.5785],[76.3649,9.5785],[76.3649,9.5779],[76.3643,9.5779],[76.3643,9.5776],[76.3637,9.5776],[76.3637,9.5779],[76.3632,9.5779],[76.3632,9.5776],[76.3624,9.5776],[76.3624,9.5774],[76.3618,9.5774],[76.3618,9.5771],[76.3613,9.5771],[76.3613,9.5768],[76.3607,9.5768],[76.3607,9.5765],[76.3601,9.5765],[76.3601,9.576],[76.3599,9.576],[76.3599,9.5757],[76.3596,9.5757],[76.3596,9.5749],[76.3593,9.5749],[76.3593,9.5746],[76.3596,9.5746],[76.3596,9.5743],[76.3593,9.5743],[76.3593,9.5693],[76.3596,9.5693],[76.3596,9.5676],[76.3593,9.5676],[76.3593,9.5674],[76.3596,9.5674],[76.3596,9.566],[76.3593,9.566],[76.3593,9.5651],[76.359,9.5651],[76.359,9.5649],[76.3585,9.5649],[76.3585,9.5646],[76.3582,9.5646],[76.3582,9.564],[76.3576,9.564],[76.3576,9.5638],[76.3574,9.5638],[76.3574,9.5615],[76.3576,9.5615],[76.3576,9.5613],[76.3574,9.5613],[76.3574,9.561],[76.3576,9.561],[76.3576,9.5607],[76.3574,9.5607],[76.3574,9.5604],[76.3576,9.5604],[76.3576,9.5593],[76.3579,9.5593],[76.3579,9.559],[76.3576,9.559],[76.3576,9.5579],[76.3574,9.5579],[76.3574,9.5549],[76.3571,9.5549],[76.3571,9.5543],[76.3568,9.5543],[76.3568,9.5526],[76.3565,9.5526],[76.3565,9.5515],[76.3562,9.5515],[76.3562,9.5513],[76.356,9.5513],[76.356,9.5504],[76.3557,9.5504],[76.3557,9.5479],[76.3554,9.5479],[76.3554,9.5474],[76.3551,9.5474],[76.3551,9.5465],[76.3549,9.5465],[76.3549,9.5427],[76.3546,9.5427],[76.3546,9.5418],[76.3543,9.5418],[76.3543,9.5412],[76.354,9.5412],[76.354,9.541],[76.3538,9.541],[76.3538,9.5404],[76.3535,9.5404],[76.3535,9.5399],[76.3532,9.5399],[76.3532,9.5396],[76.3535,9.5396],[76.3535,9.5393],[76.3532,9.5393],[76.3532,9.5379],[76.3535,9.5379],[76.3535,9.5376],[76.3532,9.5376],[76.3532,9.5374],[76.3535,9.5374],[76.3535,9.5368],[76.3532,9.5368],[76.3532,9.5365],[76.3535,9.5365],[76.3535,9.5354],[76.3532,9.5354],[76.3532,9.5349],[76.3535,9.5349],[76.3535,9.5332],[76.354,9.5332],[76.354,9.5326],[76.3543,9.5326],[76.3543,9.531],[76.3546,9.531],[76.3546,9.5307],[76.3549,9.5307],[76.3549,9.5299],[76.3551,9.5299],[76.3551,9.5293],[76.3554,9.5293],[76.3554,9.529],[76.3557,9.529],[76.3557,9.5288],[76.356,9.5288],[76.356,9.5285],[76.3562,9.5285],[76.3562,9.5279],[76.3565,9.5279],[76.3565,9.5271],[76.3568,9.5271],[76.3568,9.526],[76.3571,9.526],[76.3571,9.5254],[76.3574,9.5254],[76.3574,9.5251],[76.3576,9.5251],[76.3576,9.5246],[76.3582,9.5246],[76.3582,9.5249],[76.359,9.5249],[76.359,9.5246],[76.3601,9.5246],[76.3601,9.524],[76.3604,9.524],[76.3604,9.5238],[76.3632,9.5238],[76.3632,9.5235],[76.3637,9.5235],[76.3637,9.5232],[76.3643,9.5232],[76.3643,9.5229],[76.3654,9.5229],[76.3654,9.5226],[76.3665,9.5226],[76.3665,9.5224],[76.3674,9.5224],[76.3674,9.5221],[76.3685,9.5221],[76.3685,9.5218],[76.3712,9.5218],[76.3712,9.5221],[76.3721,9.5221],[76.3726,9.5221],[76.3726,9.5224],[76.374,9.5224],[76.374,9.5226],[76.3746,9.5226],[76.3746,9.5224],[76.3749,9.5224],[76.3749,9.5221],[76.3751,9.5221],[76.3751,9.5218],[76.3754,9.5218],[76.3754,9.5215],[76.3757,9.5215],[76.3757,9.5212],[76.3763,9.5212],[76.3763,9.521],[76.3765,9.521],[76.3765,9.5207],[76.3768,9.5207],[76.3768,9.5204],[76.3771,9.5204],[76.3771,9.5201],[76.3774,9.5201],[76.3774,9.5199],[76.3776,9.5199],[76.3776,9.5196],[76.3782,9.5196],[76.3782,9.5193],[76.3785,9.5193],[76.3785,9.519],[76.3787,9.519],[76.3787,9.5179],[76.3785,9.5179],[76.3785,9.5171],[76.381,9.5171],[76.381,9.5168],[76.3812,9.5168],[76.3812,9.5165],[76.3818,9.5165],[76.3818,9.5162],[76.3821,9.5162],[76.3821,9.516],[76.3826,9.516],[76.3826,9.5143],[76.3829,9.5143],[76.3829,9.5115],[76.3826,9.5115],[76.3826,9.5085],[76.3824,9.5085],[76.3824,9.5065],[76.3832,9.5065],[76.3832,9.5071],[76.3835,9.5071],[76.3835,9.5076],[76.3838,9.5076],[76.3838,9.5104],[76.384,9.5104],[76.384,9.5143],[76.3838,9.5143],[76.3838,9.5165],[76.3835,9.5165],[76.3835,9.5199],[76.3832,9.5199],[76.3832,9.521],[76.3835,9.521],[76.3835,9.5212],[76.3832,9.5212],[76.3832,9.5215],[76.3835,9.5215],[76.3835,9.5235],[76.3832,9.5235],[76.3832,9.526],[76.3885,9.526],[76.3885,9.5263],[76.3962,9.5263],[76.3962,9.5265],[76.404,9.5265],[76.404,9.5268],[76.414,9.5268],[76.414,9.5271],[76.4238,9.5271],[76.4238,9.5274],[76.434,9.5274],[76.434,9.5268],[76.4343,9.5268],[76.4343,9.5265],[76.434,9.5265],[76.434,9.5263],[76.4343,9.5263],[76.4343,9.5249],[76.4346,9.5249],[76.4346,9.5243],[76.4351,9.5243],[76.4351,9.524],[76.4354,9.524],[76.4354,9.5238],[76.4357,9.5238],[76.4357,9.524],[76.436,9.524],[76.436,9.5235],[76.4362,9.5235],[76.4362,9.5232],[76.436,9.5232],[76.436,9.5229],[76.4362,9.5229],[76.4362,9.5226],[76.436,9.5226],[76.436,9.5224],[76.4362,9.5224],[76.4362,9.521],[76.4354,9.521],[76.4354,9.5207],[76.4351,9.5207],[76.4351,9.5204],[76.4346,9.5204],[76.4346,9.5193],[76.4349,9.5193],[76.4349,9.519],[76.4351,9.519],[76.4351,9.5185],[76.436,9.5185],[76.436,9.519],[76.4362,9.519],[76.4362,9.5193],[76.4365,9.5193],[76.4365,9.5201],[76.4371,9.5201],[76.4371,9.5207],[76.4376,9.5207],[76.4376,9.5204],[76.4379,9.5204],[76.4379,9.5199],[76.4382,9.5199],[76.4382,9.5196],[76.4385,9.5196],[76.4385,9.5188],[76.4388,9.5188],[76.4388,9.5179],[76.439,9.5179],[76.439,9.5165],[76.4388,9.5165],[76.4388,9.5162],[76.4385,9.5162],[76.4385,9.5154],[76.4382,9.5154],[76.4382,9.5143],[76.4385,9.5143],[76.4385,9.514],[76.4388,9.514],[76.4388,9.5138],[76.439,9.5138],[76.439,9.5135],[76.4396,9.5135],[76.4396,9.5132],[76.4399,9.5132],[76.4399,9.5129],[76.4404,9.5129],[76.4404,9.5124],[76.4407,9.5124],[76.4407,9.5121],[76.441,9.5121],[76.441,9.5115],[76.4415,9.5115],[76.4415,9.5113],[76.4424,9.5113],[76.4424,9.5115],[76.4426,9.5115],[76.4426,9.5124],[76.4429,9.5124],[76.4429,9.5138],[76.4426,9.5138],[76.4426,9.514],[76.4429,9.514],[76.4429,9.5174],[76.4426,9.5174],[76.4426,9.524],[76.4424,9.524],[76.4424,9.5251],[76.4426,9.5251],[76.4426,9.5254],[76.4424,9.5254],[76.4424,9.5263],[76.4426,9.5262],[76.4426,9.5271],[76.4429,9.5271],[76.4429,9.5276],[76.4485,9.5276],[76.4485,9.5279],[76.4532,9.5279],[76.4532,9.5282],[76.4593,9.5282],[76.4593,9.5279],[76.4596,9.5279],[76.4596,9.5282],[76.4615,9.5282],[76.4615,9.5279],[76.4626,9.5279],[76.4626,9.5282],[76.4639,9.5282],[76.4643,9.5282],[76.4643,9.5285],[76.4668,9.5285],[76.4668,9.5288],[76.4671,9.5288],[76.4671,9.529],[76.4676,9.529],[76.4676,9.5288],[76.4685,9.5288],[76.4685,9.5285],[76.4704,9.5285],[76.4704,9.5288],[76.4715,9.5288],[76.4715,9.5285],[76.4726,9.5285],[76.4726,9.5288],[76.4749,9.5288],[76.4749,9.5285],[76.4757,9.5285],[76.4757,9.5288],[76.479,9.5288],[76.479,9.5282],[76.4793,9.5282],[76.4793,9.5274],[76.479,9.5274],[76.479,9.5271],[76.4793,9.5271],[76.4793,9.5268],[76.479,9.5268],[76.479,9.5246],[76.4793,9.5246],[76.4793,9.5238],[76.4796,9.5238],[76.4796,9.5232],[76.4793,9.5232],[76.4793,9.5185],[76.4796,9.5185],[76.4796,9.5179],[76.4793,9.5179],[76.4793,9.5165],[76.4796,9.5165],[76.4796,9.514],[76.4799,9.514],[76.4799,9.5118],[76.4801,9.5118],[76.4801,9.5113],[76.4804,9.5113],[76.4804,9.5118],[76.4807,9.5118],[76.4807,9.5135],[76.481,9.5135],[76.481,9.5171],[76.4807,9.5171],[76.4807,9.5176],[76.481,9.5176],[76.481,9.519],[76.4807,9.519],[76.4807,9.5229],[76.4804,9.5229],[76.4804,9.5243],[76.4807,9.5243],[76.4807,9.5257],[76.4804,9.5257],[76.4804,9.5274],[76.4807,9.5274],[76.4807,9.529],[76.4826,9.529],[76.4826,9.5293],[76.4832,9.5293],[76.4832,9.529],[76.4849,9.529],[76.4849,9.5293],[76.4854,9.5293],[76.4854,9.529],[76.486,9.529],[76.486,9.5293],[76.489,9.5293],[76.489,9.5296],[76.4893,9.5296],[76.4893,9.5293],[76.4896,9.5293],[76.4896,9.5296],[76.4915,9.5296],[76.4915,9.5293],[76.4929,9.5293],[76.4929,9.5296],[76.4932,9.5296],[76.4932,9.5293],[76.4938,9.5293],[76.4938,9.5296],[76.4946,9.5296],[76.4946,9.5293],[76.496,9.5293],[76.496,9.529],[76.4965,9.529],[76.4965,9.5288],[76.4985,9.5288],[76.4985,9.529],[76.5001,9.529],[76.5001,9.5293],[76.501,9.5293],[76.501,9.5296],[76.5013,9.5296],[76.5013,9.5299],[76.5015,9.5299],[76.5015,9.5301],[76.5018,9.5301],[76.5018,9.5307],[76.5021,9.5307],[76.5021,9.531],[76.5018,9.531],[76.5018,9.5313],[76.4996,9.5313],[76.4996,9.5315],[76.4993,9.5315],[76.4993,9.5318],[76.4987,9.5318],[76.4987,9.5321],[76.4979,9.5321],[76.4979,9.5324],[76.4976,9.5324],[76.4976,9.5329],[76.4974,9.5329],[76.4974,9.5335],[76.4971,9.5335],[76.4971,9.5338],[76.4968,9.5338],[76.4968,9.534],[76.496,9.534],[76.496,9.5343],[76.4957,9.5343],[76.4957,9.5346],[76.4946,9.5346],[76.4946,9.5349],[76.4943,9.5349],[76.4943,9.5351],[76.4932,9.5351],[76.4932,9.5354],[76.4924,9.5354],[76.4924,9.5357],[76.4921,9.5357],[76.4921,9.536],[76.4915,9.536],[76.4915,9.5365],[76.4912,9.5365],[76.4912,9.5374],[76.491,9.5374],[76.491,9.5393],[76.4907,9.5393],[76.4907,9.5404],[76.4904,9.5404],[76.4904,9.5407],[76.4901,9.5407],[76.4901,9.541],[76.4896,9.541],[76.4896,9.5412],[76.489,9.5412],[76.489,9.5415],[76.4879,9.5415],[76.4879,9.5418],[76.4876,9.5418],[76.4876,9.5421],[76.4871,9.5421],[76.4871,9.5424],[76.4857,9.5424],[76.4857,9.5421],[76.4851,9.5421],[76.4851,9.5418],[76.4846,9.5418],[76.4846,9.5415],[76.4843,9.5415],[76.4843,9.5412],[76.484,9.5412],[76.484,9.541],[76.4837,9.541],[76.4837,9.5407],[76.4832,9.5407],[76.4832,9.5404],[76.4829,9.5404],[76.4829,9.5401],[76.4824,9.5401],[76.4824,9.5396],[76.4818,9.5396],[76.4818,9.5393],[76.4812,9.5393],[76.4812,9.539],[76.481,9.539],[76.481,9.5388],[76.4804,9.5388],[76.4804,9.5382],[76.4785,9.5382],[76.4785,9.5385],[76.4779,9.5385],[76.4779,9.5388],[76.4771,9.5388],[76.4771,9.539],[76.4762,9.539],[76.4762,9.5393],[76.4757,9.5393],[76.4757,9.5396],[76.474,9.5396],[76.474,9.5399],[76.4735,9.5399],[76.4735,9.5401],[76.4729,9.5401],[76.4729,9.5404],[76.4726,9.5404],[76.4726,9.5407],[76.471,9.5407],[76.471,9.541],[76.4701,9.541],[76.4701,9.5412],[76.4693,9.5412],[76.4693,9.5415],[76.4685,9.5415],[76.4685,9.5418],[76.4679,9.5418],[76.4679,9.5421],[76.4671,9.5421],[76.4671,9.5424],[76.4665,9.5424],[76.4665,9.5427],[76.4662,9.5427],[76.4662,9.5429],[76.466,9.5429],[76.466,9.5451],[76.4662,9.5451],[76.4662,9.5499],[76.4665,9.5499],[76.4665,9.5504],[76.4662,9.5504],[76.4662,9.5513],[76.466,9.5513],[76.466,9.5515],[76.4662,9.5515],[76.4662,9.5535],[76.4665,9.5535],[76.4665,9.554],[76.4662,9.554],[76.4662,9.5546],[76.4665,9.5546],[76.4665,9.5579],[76.4668,9.5579],[76.4668,9.5585],[76.4665,9.5585],[76.4665,9.5593],[76.4654,9.5593],[76.4654,9.5565],[76.4651,9.5565],[76.4651,9.556],[76.4654,9.556],[76.4654,9.5557],[76.4651,9.5557],[76.4651,9.5543],[76.4654,9.5543],[76.4654,9.5535],[76.4651,9.5535],[76.4651,9.5529],[76.4654,9.5529],[76.4654,9.5513],[76.4651,9.5513],[76.4651,9.5499],[76.4654,9.5499],[76.4654,9.549],[76.4651,9.549],[76.4651,9.5474],[76.4649,9.5474],[76.4649,9.5437],[76.4646,9.5437],[76.4646,9.5435],[76.4635,9.5435],[76.4635,9.5437],[76.4626,9.5437],[76.4626,9.544],[76.4621,9.544],[76.4621,9.5443],[76.4613,9.5443],[76.4613,9.5446],[76.4604,9.5446],[76.4604,9.5449],[76.4587,9.5449],[76.4587,9.5451],[76.4582,9.5451],[76.4582,9.5454],[76.4576,9.5454],[76.4576,9.5457],[76.4563,9.5457],[76.4563,9.546],[76.456,9.546],[76.456,9.5463],[76.4551,9.5463],[76.4551,9.5465],[76.4543,9.5465],[76.4543,9.5468],[76.4524,9.5468],[76.4524,9.5471],[76.4522,9.5471],[76.4518,9.5471],[76.4518,9.5474],[76.4512,9.5474],[76.4512,9.5476],[76.4501,9.5476],[76.4501,9.5479],[76.4493,9.5479],[76.4493,9.5482],[76.4488,9.5482],[76.4488,9.5485],[76.4474,9.5485],[76.4474,9.5487],[76.4468,9.5487],[76.4468,9.549],[76.4465,9.549],[76.4465,9.5493],[76.4449,9.5493],[76.4449,9.5496],[76.444,9.5496],[76.444,9.5499],[76.4437,9.5499],[76.4437,9.5501],[76.4429,9.5501],[76.4429,9.5504],[76.4418,9.5504],[76.4418,9.5507],[76.4413,9.5507],[76.4413,9.551],[76.4404,9.551],[76.4404,9.5513],[76.4399,9.5513],[76.4399,9.5515],[76.4393,9.5515],[76.4393,9.5532],[76.439,9.5532],[76.439,9.5538],[76.4385,9.5538],[76.4385,9.554],[76.4357,9.554],[76.4357,9.5543],[76.4346,9.5543],[76.4346,9.5546],[76.4343,9.5546],[76.4343,9.5549],[76.4335,9.5549],[76.4335,9.5551],[76.4318,9.5551],[76.4318,9.5549],[76.4313,9.5549],[76.4313,9.5551],[76.431,9.5551],[76.431,9.5549],[76.4282,9.5549],[76.4282,9.5551],[76.4265,9.5551],[76.4265,9.5554],[76.426,9.5554],[76.426,9.5557],[76.4254,9.5557],[76.4254,9.556],[76.4249,9.556],[76.4249,9.5563],[76.4246,9.5563],[76.4246,9.5565],[76.4243,9.5565],[76.4243,9.5568],[76.424,9.5568],[76.424,9.5571],[76.4238,9.5571],[76.4238,9.5574],[76.4232,9.5574],[76.4232,9.5576],[76.4226,9.5576],[76.4226,9.5579],[76.4221,9.5579],[76.4221,9.5582],[76.421,9.5582],[76.421,9.5585],[76.4201,9.5585],[76.4201,9.5588],[76.4193,9.5588],[76.4193,9.559],[76.4187,9.559],[76.4187,9.5593],[76.4182,9.5593],[76.4182,9.5596],[76.4179,9.5596],[76.4179,9.5604],[76.4176,9.5604],[76.4176,9.5613],[76.4179,9.5613],[76.4179,9.5624],[76.4182,9.5624],[76.4182,9.5632],[76.4185,9.5632],[76.4185,9.5635],[76.4182,9.5635],[76.4182,9.5643],[76.4179,9.5643],[76.4179,9.5646],[76.4176,9.5646],[76.4176,9.5649],[76.4174,9.5649],[76.4174,9.5651],[76.4168,9.5651],[76.4168,9.5654],[76.4163,9.5654],[76.4163,9.566],[76.416,9.566],[76.416,9.5696],[76.4163,9.5696],[76.4163,9.5699],[76.4165,9.5699],[76.4165,9.5701],[76.4168,9.5701],[76.4168,9.5707],[76.4165,9.5707],[76.4165,9.5718],[76.4168,9.5718],[76.4168,9.5721],[76.4174,9.5721],[76.4174,9.5724],[76.4179,9.5724],[76.4179,9.5732],[76.4182,9.5732],[76.4182,9.574],[76.4185,9.574],[76.4185,9.5746],[76.4187,9.5746],[76.4187,9.5757],[76.4193,9.5757],[76.4193,9.576],[76.4196,9.576],[76.4196,9.5774],[76.4199,9.5774],[76.4199,9.5779],[76.4201,9.5779],[76.4201,9.5782],[76.4204,9.5782],[76.4204,9.5793],[76.4207,9.5793],[76.4207,9.581],[76.421,9.581],[76.421,9.5818],[76.4212,9.5818],[76.4212,9.5826],[76.4215,9.5826],[76.4215,9.5832],[76.4212,9.5832],[76.4212,9.5838],[76.4215,9.5838],[76.4215,9.5846],[76.4218,9.5846],[76.4218,9.5851],[76.4221,9.5851],[76.4221,9.5863],[76.4224,9.5863],[76.4224,9.5874],[76.4226,9.5874],[76.4226,9.5876],[76.4229,9.5876],[76.4229,9.5879],[76.4226,9.5879],[76.4226,9.5882],[76.4229,9.5882],[76.4229,9.5893],[76.4232,9.5893],[76.4232,9.5904],[76.4229,9.5904],[76.4229,9.5915],[76.4232,9.5915],[76.4232,9.5932],[76.4235,9.5932],[76.4235,9.594],[76.4238,9.594],[76.4238,9.5946],[76.424,9.5946],[76.424,9.5951],[76.4243,9.5951],[76.4243,9.596],[76.4246,9.596],[76.4246,9.5965],[76.4249,9.5965],[76.4249,9.5971],[76.4251,9.5971],[76.4251,9.5979],[76.4254,9.5979],[76.4254,9.5988],[76.4257,9.5988],[76.4257,9.5996],[76.426,9.5996],[76.426,9.6007],[76.4262,9.6007],[76.4262,9.6024],[76.4265,9.6024],[76.4265,9.6035],[76.4268,9.6035],[76.4268,9.604],[76.4276,9.604],[76.4276,9.6043],[76.4279,9.6043],[76.4279,9.6046],[76.4282,9.6046],[76.4282,9.6049],[76.4285,9.6049],[76.4285,9.6051],[76.4287,9.6051],[76.4287,9.6057],[76.429,9.6057],[76.429,9.6068],[76.4293,9.6068],[76.4293,9.6082],[76.4296,9.6082],[76.4296,9.6093],[76.4299,9.6093],[76.4299,9.6104],[76.4301,9.6104],[76.4301,9.6113],[76.4299,9.6113],[76.4299,9.6121],[76.4296,9.6121],[76.4296,9.6129],[76.4293,9.6129],[76.4293,9.6135],[76.4285,9.6135],[76.4285,9.6165],[76.4282,9.6165],[76.4282,9.6168],[76.4279,9.6168],[76.4279,9.6174],[76.4274,9.6174],[76.4274,9.6179],[76.4268,9.6179],[76.4268,9.6182],[76.4265,9.6182],[76.4265,9.619],[76.4262,9.619],[76.4262,9.6193],[76.426,9.6193],[76.426,9.6196],[76.4257,9.6196],[76.4257,9.6204],[76.4254,9.6204],[76.4254,9.6215],[76.4251,9.6215],[76.4251,9.6226],[76.4249,9.6226],[76.4249,9.6229],[76.4246,9.6229],[76.4246,9.6235],[76.4243,9.6235],[76.4243,9.6249],[76.424,9.6249],[76.424,9.6254],[76.4238,9.6254],[76.4238,9.6263],[76.4235,9.6263],[76.4235,9.6268],[76.4232,9.6268],[76.4232,9.6271],[76.4235,9.6271],[76.4235,9.6274],[76.4232,9.6274],[76.4232,9.6276],[76.4229,9.6276],[76.4229,9.6282],[76.4226,9.6282],[76.4226,9.6285],[76.4224,9.6285],[76.4224,9.6287],[76.4221,9.6287],[76.4221,9.629],[76.4218,9.629],[76.4218,9.6293],[76.4212,9.6293],[76.4212,9.6296],[76.4207,9.6296],[76.4207,9.6299],[76.4204,9.6299],[76.4204,9.6301],[76.4201,9.6301],[76.4201,9.6304],[76.4193,9.6304],[76.4193,9.6307],[76.4187,9.6307],[76.4187,9.631],[76.4185,9.631],[76.4185,9.6315],[76.4182,9.6315],[76.4182,9.6321],[76.4179,9.6321],[76.4179,9.6326],[76.4176,9.6326],[76.4176,9.6332],[76.4174,9.6332],[76.4174,9.6351],[76.4171,9.6351],[76.4171,9.6363],[76.4174,9.6363],[76.4174,9.6368],[76.4176,9.6368],[76.4176,9.6379],[76.4179,9.6379],[76.4179,9.639],[76.4182,9.639],[76.4182,9.6393],[76.4185,9.6393],[76.4185,9.6396],[76.4187,9.6396],[76.4187,9.6401],[76.419,9.6401],[76.419,9.6404],[76.4193,9.6404],[76.4193,9.6407],[76.4196,9.6407],[76.4196,9.6413],[76.4199,9.6413],[76.4199,9.6415],[76.4207,9.6415],[76.4207,9.6413],[76.421,9.6413],[76.421,9.641],[76.4226,9.641],[76.4226,9.6413],[76.4254,9.6413],[76.4254,9.6418],[76.4251,9.6418],[76.4251,9.6421],[76.4249,9.6421],[76.4249,9.6424],[76.4246,9.6424],[76.4246,9.6429],[76.4243,9.6429],[76.4243,9.6432],[76.424,9.6432],[76.424,9.6435],[76.4238,9.6435],[76.4238,9.6438],[76.4232,9.6438],[76.4232,9.644],[76.4226,9.644],[76.4226,9.6443],[76.4221,9.6443],[76.4221,9.6438],[76.4218,9.6438],[76.4218,9.6435],[76.4215,9.6435],[76.4215,9.6438],[76.4212,9.6438],[76.4212,9.6444],[76.4212,9.6446],[76.421,9.6446],[76.421,9.6451],[76.4204,9.6451],[76.4204,9.6446],[76.4201,9.6446],[76.4201,9.6435],[76.4199,9.6435],[76.4199,9.6432],[76.4199,9.6424],[76.4196,9.6424],[76.4196,9.6418],[76.4193,9.6418],[76.4193,9.6427],[76.4193,9.644],[76.4196,9.644],[76.4196,9.6457],[76.4199,9.6457],[76.4199,9.6463],[76.4201,9.6463],[76.4201,9.6468],[76.4204,9.6468],[76.4204,9.6476],[76.4207,9.6476],[76.4207,9.6482],[76.421,9.6482],[76.421,9.6493],[76.4212,9.6493],[76.4212,9.6504],[76.4204,9.6504],[76.4204,9.6501],[76.4201,9.6501],[76.4201,9.6499],[76.4199,9.6499],[76.4199,9.649],[76.4196,9.649],[76.4196,9.6479],[76.4193,9.6479],[76.4193,9.6474],[76.419,9.6474],[76.419,9.6468],[76.4187,9.6468],[76.4187,9.6463],[76.4185,9.6463],[76.4185,9.6446],[76.4182,9.6446],[76.4182,9.6429],[76.4179,9.6429],[76.4179,9.6424],[76.4174,9.6424],[76.4174,9.6426],[76.4168,9.6426],[76.4168,9.6429],[76.4151,9.6429],[76.4151,9.6432],[76.414,9.6432],[76.414,9.6435],[76.4129,9.6435],[76.4129,9.6438],[76.4121,9.6438],[76.4121,9.644],[76.4112,9.644],[76.4112,9.6443],[76.4107,9.6443],[76.4107,9.6446],[76.4082,9.6446],[76.4082,9.6449],[76.4076,9.6449],[76.4076,9.6451],[76.4074,9.6451],[76.4074,9.6454],[76.4068,9.6454],[76.4063,9.6454],[76.4063,9.6457],[76.4057,9.6457],[76.4057,9.646],[76.4046,9.646],[76.4046,9.6463],[76.4037,9.6463],[76.4037,9.6465],[76.4035,9.6465],[76.4035,9.6468],[76.4032,9.6468],[76.4032,9.6471],[76.4029,9.6471],[76.4029,9.6474],[76.4026,9.6474],[76.4026,9.6493],[76.4029,9.6493],[76.4029,9.6507],[76.4032,9.6507],[76.4032,9.6515],[76.4032,9.6524],[76.4035,9.6524],[76.4035,9.6546],[76.4037,9.6546],[76.4037,9.6551],[76.404,9.6551],[76.404,9.656],[76.4043,9.656],[76.4043,9.6563],[76.404,9.6563],[76.404,9.6565],[76.4043,9.6565],[76.4043,9.6568],[76.404,9.6568],[76.404,9.6571],[76.4043,9.6571],[76.4043,9.6585],[76.4046,9.6585],[76.4046,9.6618],[76.4049,9.6618],[76.4049,9.6624],[76.4051,9.6624],[76.4051,9.6626],[76.4049,9.6626],[76.4049,9.6638],[76.4046,9.6638],[76.4046,9.6646],[76.4054,9.6646],[76.4054,9.6649],[76.4065,9.6649],[76.4065,9.6651],[76.4074,9.6651],[76.4074,9.6649],[76.4076,9.6649],[76.4076,9.6646],[76.4082,9.6646],[76.4082,9.6643],[76.4085,9.6643],[76.4085,9.664],[76.4088,9.664],[76.4088,9.6638],[76.4093,9.6638],[76.4093,9.6635],[76.4096,9.6635],[76.4096,9.6632],[76.4101,9.6632],[76.4101,9.6629],[76.4104,9.6629],[76.4104,9.6626],[76.411,9.6626],[76.411,9.6624],[76.4112,9.6624],[76.4112,9.6621],[76.4118,9.6621],[76.4118,9.6618],[76.4121,9.6618],[76.4121,9.6615],[76.4126,9.6615],[76.4126,9.6613],[76.4129,9.6613],[76.4129,9.661],[76.4135,9.661],[76.4135,9.6607],[76.4137,9.6607],[76.4137,9.6604],[76.4143,9.6604],[76.4143,9.6601],[76.4146,9.6601],[76.4146,9.6599],[76.4151,9.6599],[76.4151,9.6596],[76.4154,9.6596],[76.4154,9.6593],[76.4157,9.6593],[76.4157,9.6587],[76.416,9.6587],[76.416,9.6585],[76.4165,9.6585],[76.4165,9.6582],[76.4171,9.6582],[76.4171,9.6585],[76.4176,9.6585],[76.4176,9.6582],[76.419,9.6582],[76.419,9.6585],[76.4187,9.6585],[76.4187,9.6587],[76.4182,9.6587],[76.4182,9.659],[76.4179,9.659],[76.4179,9.6593],[76.4174,9.6593],[76.4174,9.6596],[76.4171,9.6596],[76.4171,9.6599],[76.4163,9.6599],[76.4163,9.6601],[76.4157,9.6601],[76.4157,9.6604],[76.4151,9.6604],[76.4151,9.6607],[76.4149,9.6607],[76.4149,9.661],[76.4146,9.661],[76.4146,9.6613],[76.4143,9.6613],[76.4143,9.6615],[76.414,9.6615],[76.414,9.6618],[76.4137,9.6618],[76.4137,9.6621],[76.4135,9.6621],[76.4135,9.6624],[76.4132,9.6624],[76.4132,9.6629],[76.4129,9.6629],[76.4129,9.6632],[76.4124,9.6632],[76.4124,9.6635],[76.4121,9.6635],[76.4121,9.6638],[76.4115,9.6638],[76.4115,9.664],[76.411,9.664],[76.411,9.6643],[76.4107,9.6643],[76.4107,9.6646],[76.4101,9.6646],[76.4101,9.6649],[76.4099,9.6649],[76.4099,9.6651],[76.4093,9.6651],[76.4093,9.6654],[76.409,9.6654],[76.409,9.6657],[76.4085,9.6657],[76.4085,9.666],[76.4082,9.666],[76.4082,9.6663],[76.4079,9.6663],[76.4079,9.6665],[76.404,9.6665],[76.404,9.6668],[76.4043,9.6668],[76.4043,9.6674],[76.4046,9.6674],[76.4046,9.6682],[76.4049,9.6682],[76.4049,9.6696],[76.4051,9.6696],[76.4051,9.6715],[76.4049,9.6715],[76.4049,9.6726],[76.4051,9.6726],[76.4051,9.6729],[76.406,9.6729],[76.406,9.6732],[76.4065,9.6732],[76.4065,9.6735],[76.4068,9.6735],[76.4068,9.6738],[76.4071,9.6738],[76.4071,9.6743],[76.4074,9.6743],[76.4074,9.6751],[76.4079,9.6751],[76.4079,9.676],[76.4082,9.676],[76.4082,9.6763],[76.4085,9.6763],[76.4085,9.6765],[76.4088,9.6765],[76.4088,9.6774],[76.409,9.6774],[76.409,9.6776],[76.4093,9.6776],[76.4093,9.6785],[76.4096,9.6785],[76.4096,9.6788],[76.4099,9.6788],[76.4099,9.679],[76.4101,9.679],[76.4101,9.6793],[76.4104,9.6793],[76.4104,9.6801],[76.4107,9.6801],[76.4107,9.6804],[76.411,9.6804],[76.411,9.681],[76.4115,9.681],[76.4115,9.6815],[76.4118,9.6815],[76.4118,9.6818],[76.4121,9.6818],[76.4121,9.6821],[76.4124,9.6821],[76.4124,9.6824],[76.4126,9.6824],[76.4126,9.6829],[76.4129,9.6829],[76.4129,9.6838],[76.4132,9.6838],[76.4132,9.6849],[76.4135,9.6849],[76.4135,9.6857],[76.4137,9.6857],[76.4137,9.6868],[76.414,9.6868],[76.414,9.6879],[76.4143,9.6879],[76.4143,9.689],[76.4146,9.689],[76.4146,9.6902],[76.4149,9.6901],[76.4149,9.6921],[76.4146,9.6921],[76.4146,9.6943],[76.4143,9.6943],[76.4143,9.6954],[76.414,9.6954],[76.414,9.6963],[76.4137,9.6963],[76.4137,9.6968],[76.4132,9.6968],[76.4132,9.6974],[76.4126,9.6974],[76.4126,9.6976],[76.4118,9.6976],[76.4118,9.6979],[76.4107,9.6979],[76.4107,9.6982],[76.4099,9.6982],[76.4099,9.6985],[76.4096,9.6985],[76.4096,9.6987],[76.4093,9.6988],[76.4093,9.699],[76.4088,9.699],[76.4088,9.6993],[76.4085,9.6993],[76.4085,9.6996],[76.4079,9.6996],[76.4079,9.6999],[76.4065,9.6999],[76.4065,9.6996],[76.406,9.6996],[76.406,9.699],[76.4057,9.699],[76.4057,9.6988],[76.4054,9.6988],[76.4054,9.6985],[76.4051,9.6985],[76.4051,9.6982],[76.4043,9.6982],[76.4043,9.6979],[76.404,9.6979],[76.404,9.6976],[76.4037,9.6976],[76.4037,9.6971],[76.4032,9.6971],[76.4032,9.6965],[76.4026,9.6965],[76.4026,9.6963],[76.4007,9.6963],[76.4007,9.6965],[76.4004,9.6965],[76.4004,9.6968],[76.4001,9.6968],[76.4001,9.6971],[76.3996,9.6971],[76.3996,9.6974],[76.3993,9.6974],[76.3993,9.6976],[76.3988,9.6976],[76.3988,9.6987],[76.3985,9.6988],[76.3985,9.6999],[76.3982,9.6999],[76.3982,9.7004],[76.3971,9.7004],[76.3971,9.7007],[76.3968,9.7007],[76.3968,9.701],[76.3965,9.701],[76.3965,9.7013],[76.3962,9.7013],[76.3962,9.7018],[76.3949,9.7018],[76.3949,9.7015],[76.3938,9.7015],[76.3938,9.7013],[76.3929,9.7013],[76.3929,9.701],[76.3924,9.701],[76.3924,9.7007],[76.3874,9.7007],[76.3874,9.701],[76.3854,9.701],[76.3854,9.7013],[76.3846,9.7013],[76.3846,9.7015],[76.384,9.7015],[76.384,9.7021],[76.3835,9.7021],[76.3835,9.7024],[76.3832,9.7024],[76.3832,9.7026],[76.3829,9.7026],[76.3829,9.7035],[76.3826,9.7035],[76.3826,9.7037],[76.3829,9.7037],[76.3829,9.704],[76.3826,9.704],[76.3826,9.7046],[76.3829,9.7046],[76.3829,9.7049],[76.3832,9.7049],[76.3832,9.7054],[76.3835,9.7054],[76.3835,9.706],[76.3838,9.706],[76.3838,9.7068],[76.384,9.7068],[76.384,9.7079],[76.3843,9.7079],[76.3843,9.709],[76.3846,9.709],[76.3846,9.7099],[76.3849,9.7099],[76.3849,9.711],[76.3851,9.711],[76.3851,9.7118],[76.3854,9.7118],[76.3854,9.7124],[76.3857,9.7124],[76.3857,9.7132],[76.386,9.7132],[76.386,9.7138],[76.3863,9.7138],[76.3863,9.7143],[76.3865,9.7143],[76.3865,9.7146],[76.3871,9.7146],[76.3871,9.7149],[76.3874,9.7149],[76.3874,9.7157],[76.3876,9.7157],[76.3876,9.7168],[76.3879,9.7168],[76.3879,9.7179],[76.3882,9.7179],[76.3882,9.719],[76.3885,9.719],[76.3885,9.7204],[76.3887,9.7204],[76.3887,9.7224],[76.389,9.7224],[76.389,9.724],[76.3887,9.724],[76.3887,9.7257],[76.3885,9.7257],[76.3885,9.7271],[76.3887,9.7271],[76.3887,9.7279],[76.389,9.7279],[76.389,9.7287],[76.3893,9.7287],[76.3893,9.7299],[76.3896,9.7299],[76.3896,9.7349],[76.3899,9.7349],[76.3899,9.7362],[76.3901,9.7362],[76.3901,9.7376],[76.3904,9.7376],[76.3904,9.7393],[76.3907,9.7393],[76.3907,9.741],[76.391,9.741],[76.391,9.7421],[76.3907,9.7421],[76.3907,9.7426],[76.3904,9.7426],[76.3904,9.7432],[76.3899,9.7432],[76.3899,9.7457],[76.3901,9.7457],[76.3901,9.746],[76.3899,9.746],[76.3899,9.7463],[76.3901,9.7463],[76.3901,9.7468],[76.3899,9.7468],[76.3899,9.7476],[76.3896,9.7476],[76.3896,9.7479],[76.3893,9.7479],[76.3893,9.7482],[76.389,9.7482],[76.389,9.751],[76.3887,9.751],[76.3887,9.7518],[76.3885,9.7518],[76.3885,9.7529],[76.3882,9.7529],[76.3882,9.7532],[76.3885,9.7532],[76.3885,9.7537],[76.3882,9.7537],[76.3882,9.7554],[76.3879,9.7554],[76.3879,9.756],[76.3876,9.756],[76.3876,9.7565],[76.3874,9.7565],[76.3874,9.7568],[76.3871,9.7568],[76.3871,9.7574],[76.3868,9.7574],[76.3868,9.7585],[76.3865,9.7585],[76.3865,9.7588],[76.3863,9.7587],[76.3863,9.7593],[76.3857,9.7593],[76.3857,9.7599],[76.3854,9.7599],[76.3854,9.7601],[76.3849,9.7601],[76.3849,9.7604],[76.3846,9.7604],[76.3846,9.7607],[76.3843,9.7607],[76.3843,9.761],[76.3838,9.761],[76.3838,9.7612],[76.3835,9.7612],[76.3835,9.7615],[76.3829,9.7615],[76.3829,9.7618],[76.3824,9.7618],[76.3824,9.7621],[76.3818,9.7621],[76.3818,9.7624],[76.3815,9.7624],[76.3815,9.7626],[76.3812,9.7626],[76.3812,9.7632],[76.381,9.7632],[76.381,9.7635],[76.3807,9.7635],[76.3807,9.7638],[76.3804,9.7638],[76.3804,9.764],[76.3801,9.764],[76.3801,9.7646],[76.3796,9.7646],[76.3796,9.7649],[76.3793,9.7649],[76.3793,9.7651],[76.379,9.7651],[76.379,9.7654],[76.3782,9.7654],[76.3782,9.7657],[76.3779,9.7657],[76.3779,9.7682],[76.3776,9.7682],[76.3776,9.7688],[76.3771,9.7688],[76.3771,9.769],[76.3774,9.769],[76.3774,9.7693],[76.3771,9.7693],[76.3771,9.7696],[76.3765,9.7696],[76.3765,9.7699],[76.3763,9.7699],[76.3763,9.7701],[76.376,9.7701],[76.376,9.7704],[76.3754,9.7704],[76.3754,9.7707],[76.3751,9.7707],[76.3751,9.771],[76.3746,9.771],[76.3746,9.7713],[76.374,9.7712],[76.374,9.7718],[76.3737,9.7718],[76.3737,9.7724],[76.3735,9.7724],[76.3735,9.7726],[76.3732,9.7726],[76.3732,9.7738],[76.3735,9.7738],[76.3735,9.7743],[76.3737,9.7743],[76.3737,9.7751],[76.374,9.7751],[76.374,9.7757],[76.3737,9.7757],[76.3737,9.776],[76.374,9.776],[76.374,9.7765],[76.3743,9.7765],[76.3743,9.7776],[76.374,9.7776],[76.374,9.7785],[76.3735,9.7785],[76.3735,9.7788],[76.3729,9.7788],[76.3729,9.779],[76.3721,9.779],[76.3721,9.7793],[76.3715,9.7793],[76.3715,9.7796],[76.3712,9.7796],[76.3712,9.7801],[76.371,9.7801],[76.371,9.781],[76.3712,9.781],[76.3712,9.7818],[76.3718,9.7818],[76.3718,9.7837],[76.3715,9.7837],[76.3715,9.784],[76.3712,9.784],[76.3712,9.7846],[76.371,9.7846],[76.371,9.7849],[76.3707,9.7849],[76.3707,9.7851],[76.3699,9.7851],[76.3699,9.7857],[76.3696,9.7857],[76.3696,9.786],[76.3693,9.786],[76.3693,9.7865],[76.369,9.7865],[76.369,9.7874],[76.3688,9.7874],[76.3688,9.7882],[76.3685,9.7882],[76.3685,9.789],[76.3682,9.789],[76.3682,9.7901],[76.3679,9.7901],[76.3679,9.791],[76.3685,9.791],[76.3685,9.7913],[76.3688,9.7913],[76.3688,9.7918],[76.369,9.7918],[76.369,9.7926],[76.3693,9.7926],[76.3693,9.7932],[76.369,9.7932],[76.369,9.7943],[76.3693,9.7943],[76.3693,9.7946],[76.3696,9.7946],[76.3696,9.7949],[76.3701,9.7949],[76.3701,9.7951],[76.3707,9.7951],[76.3707,9.7954],[76.371,9.7954],[76.371,9.7957],[76.3715,9.7957],[76.3715,9.7963],[76.3718,9.7963],[76.3718,9.7968],[76.3721,9.7968],[76.3721,9.7971],[76.3726,9.7971],[76.3726,9.7974],[76.3729,9.7974],[76.3729,9.7976],[76.3735,9.7976],[76.3735,9.7979],[76.3737,9.7979],[76.3737,9.7982],[76.374,9.7982],[76.374,9.7985],[76.3746,9.7985],[76.3746,9.7982],[76.3749,9.7982],[76.3749,9.7974],[76.3751,9.7974],[76.3751,9.7965],[76.3749,9.7965],[76.3749,9.7963],[76.3746,9.7963],[76.3746,9.796],[76.3743,9.796],[76.3743,9.7957],[76.374,9.7957],[76.374,9.7954],[76.3743,9.7954],[76.3743,9.7949],[76.374,9.7949],[76.374,9.794],[76.3743,9.794],[76.3743,9.7938],[76.3754,9.7938],[76.3754,9.794],[76.3757,9.794],[76.3757,9.7943],[76.3768,9.7943],[76.3768,9.7946],[76.3765,9.7946],[76.3765,9.7951],[76.3763,9.7951],[76.3763,9.7957],[76.376,9.7957],[76.376,9.796],[76.3763,9.796],[76.3763,9.7963],[76.3765,9.7963],[76.3765,9.7965],[76.3768,9.7965],[76.3768,9.7968],[76.3771,9.7968],[76.3771,9.7971],[76.3774,9.7971],[76.3774,9.7974],[76.3776,9.7974],[76.3776,9.7982],[76.3779,9.7982],[76.3779,9.799],[76.3782,9.799],[76.3782,9.7993],[76.3785,9.7993],[76.3785,9.7999],[76.3788,9.7999],[76.3788,9.8007],[76.379,9.8007],[76.379,9.8018],[76.3793,9.8018],[76.3793,9.8021],[76.3796,9.8021],[76.3796,9.8026],[76.3799,9.8026],[76.3799,9.8035],[76.3801,9.8035],[76.3801,9.8046],[76.3804,9.8046],[76.3804,9.8049],[76.3812,9.8049],[76.3812,9.8051],[76.3815,9.8051],[76.3815,9.8054],[76.3824,9.8054],[76.3824,9.8057],[76.3826,9.8057],[76.3826,9.806],[76.3829,9.806],[76.3829,9.8063],[76.3832,9.8063],[76.3832,9.8065],[76.3835,9.8065],[76.3835,9.8071],[76.3838,9.8071],[76.3838,9.8074],[76.384,9.8074],[76.384,9.8079],[76.3846,9.8079],[76.3846,9.8082],[76.3849,9.8082],[76.3849,9.8087],[76.3851,9.8087],[76.3851,9.8093],[76.3854,9.8093],[76.3854,9.8096],[76.3857,9.8096],[76.3857,9.8101],[76.3863,9.8101],[76.3863,9.8107],[76.3865,9.8107],[76.3865,9.811],[76.3868,9.811],[76.3868,9.8115],[76.3871,9.8115],[76.3871,9.8121],[76.3874,9.8121],[76.3874,9.8124],[76.3876,9.8124],[76.3876,9.8129],[76.3879,9.8129],[76.3879,9.8138],[76.3882,9.8138],[76.3882,9.814],[76.3885,9.814],[76.3885,9.8143],[76.3887,9.8143],[76.3887,9.8146],[76.389,9.8146],[76.389,9.8149],[76.3893,9.8149],[76.3893,9.8154],[76.3896,9.8154],[76.3896,9.8157],[76.3899,9.8157],[76.3899,9.8162],[76.3901,9.8162],[76.3901,9.8168],[76.3904,9.8168],[76.3904,9.8199],[76.3901,9.8199],[76.3901,9.8201],[76.3899,9.8201],[76.3899,9.8204],[76.389,9.8204],[76.389,9.8201],[76.3876,9.8201],[76.3876,9.8199],[76.3868,9.8199],[76.3868,9.8196],[76.3857,9.8196],[76.3857,9.8193],[76.3835,9.8193],[76.3835,9.8196],[76.3832,9.8196],[76.3832,9.8201],[76.3829,9.8201],[76.3829,9.821],[76.3826,9.821],[76.3826,9.8221],[76.3824,9.8221],[76.3824,9.8243],[76.3826,9.8243],[76.3826,9.826],[76.3824,9.826],[76.3824,9.8265],[76.3812,9.8265],[76.3812,9.8268],[76.3815,9.8268],[76.3815,9.8271],[76.3818,9.8271],[76.3818,9.8274],[76.3829,9.8274],[76.3829,9.8271],[76.384,9.8271],[76.384,9.8268],[76.3843,9.8268],[76.3843,9.8265],[76.3849,9.8265],[76.3849,9.8263],[76.3851,9.8263],[76.3851,9.826],[76.3857,9.826],[76.3857,9.8257],[76.386,9.8257],[76.386,9.8254],[76.3865,9.8254],[76.3865,9.8251],[76.3868,9.8251],[76.3868,9.8249],[76.3871,9.8249],[76.3871,9.8246],[76.3876,9.8246],[76.3876,9.8243],[76.3879,9.8243],[76.3879,9.824],[76.3885,9.824],[76.3885,9.8238],[76.3887,9.8238],[76.3887,9.8235],[76.389,9.8235],[76.389,9.8232],[76.3896,9.8232],[76.3896,9.8229],[76.3899,9.8229],[76.3899,9.8226],[76.3904,9.8226],[76.3904,9.8224],[76.3907,9.8224],[76.3907,9.8221],[76.3913,9.8221],[76.3913,9.8218],[76.3915,9.8218],[76.3915,9.8212],[76.3918,9.8212],[76.3918,9.821],[76.3921,9.821],[76.3921,9.8204],[76.3924,9.8204],[76.3924,9.8201],[76.3926,9.8201],[76.3926,9.8196],[76.3929,9.8196],[76.3929,9.8193],[76.3932,9.8193],[76.3932,9.819],[76.3935,9.819],[76.3935,9.8188],[76.3938,9.8188],[76.3938,9.8185],[76.394,9.8185],[76.394,9.8182],[76.3943,9.8182],[76.3943,9.8179],[76.3951,9.8179],[76.3951,9.8182],[76.3949,9.8182],[76.3949,9.8188],[76.3946,9.8188],[76.3946,9.819],[76.3943,9.819],[76.3943,9.8196],[76.394,9.8196],[76.394,9.8199],[76.3938,9.8199],[76.3938,9.8204],[76.3935,9.8204],[76.3935,9.8207],[76.3932,9.8207],[76.3932,9.8211],[76.3932,9.8212],[76.3929,9.8212],[76.3929,9.8215],[76.3926,9.8215],[76.3926,9.8221],[76.3924,9.8221],[76.3924,9.8224],[76.3921,9.8224],[76.3921,9.8229],[76.3918,9.8229],[76.3918,9.8232],[76.3915,9.8232],[76.3915,9.8238],[76.3912,9.8238],[76.3912,9.824],[76.391,9.824],[76.391,9.8243],[76.3904,9.8243],[76.3904,9.8246],[76.3901,9.8246],[76.3901,9.8249],[76.3899,9.8249],[76.3899,9.8251],[76.3896,9.8251],[76.3896,9.8254],[76.389,9.8254],[76.389,9.8257],[76.3882,9.8257],[76.3882,9.826],[76.3876,9.826],[76.3876,9.8263],[76.3871,9.8263],[76.3871,9.8265],[76.3863,9.8265],[76.3863,9.8268],[76.3857,9.8268],[76.3857,9.8271],[76.3849,9.8271],[76.3849,9.8274],[76.3846,9.8274],[76.3846,9.8276],[76.3843,9.8276],[76.3843,9.8279],[76.3838,9.8279],[76.3838,9.8282],[76.3835,9.8282],[76.3835,9.8285],[76.3832,9.8285],[76.3832,9.829],[76.3829,9.829],[76.3829,9.8296],[76.3832,9.8296],[76.3832,9.8299],[76.3835,9.8299],[76.3835,9.8318],[76.3829,9.8318],[76.3829,9.8324],[76.3826,9.8324],[76.3826,9.8338],[76.3824,9.8338],[76.3824,9.834],[76.3832,9.834],[76.3832,9.8338],[76.3871,9.8338],[76.3871,9.8351],[76.3874,9.8351],[76.3874,9.836],[76.3871,9.836],[76.3871,9.8371],[76.3868,9.8371],[76.3868,9.8382],[76.3865,9.8382],[76.3865,9.8388],[76.3863,9.8387],[76.3863,9.8407],[76.3857,9.8407],[76.3857,9.841],[76.3854,9.841],[76.3854,9.8413],[76.3849,9.8413],[76.3849,9.8415],[76.3846,9.8415],[76.3846,9.8418],[76.3832,9.8418],[76.3832,9.8415],[76.3826,9.8415],[76.3826,9.8413],[76.3818,9.8413],[76.3818,9.841],[76.3812,9.841],[76.3812,9.8407],[76.3804,9.8407],[76.3804,9.8404],[76.3799,9.8404],[76.3799,9.8413],[76.3801,9.8413],[76.3801,9.8418],[76.381,9.8418],[76.381,9.8421],[76.3815,9.8421],[76.3815,9.8424],[76.3818,9.8424],[76.3818,9.8426],[76.3824,9.8426],[76.3824,9.8429],[76.3832,9.8429],[76.3832,9.8432],[76.3838,9.8432],[76.3838,9.8435],[76.384,9.8435],[76.384,9.8438],[76.3846,9.8438],[76.3846,9.8443],[76.3818,9.8443],[76.3818,9.844],[76.381,9.844],[76.381,9.8438],[76.3799,9.8438],[76.3799,9.844],[76.3796,9.844],[76.3796,9.8443],[76.3793,9.8443],[76.3793,9.8446],[76.379,9.8446],[76.379,9.8449],[76.3785,9.8449],[76.3785,9.8451],[76.3782,9.8451],[76.3782,9.8454],[76.3779,9.8454],[76.3779,9.8457],[76.3776,9.8457],[76.3776,9.846],[76.3768,9.846],[76.3768,9.8457],[76.3771,9.8457],[76.3771,9.8451],[76.3774,9.8451],[76.3774,9.8446],[76.3776,9.8446],[76.3776,9.844],[76.3779,9.844],[76.3779,9.8435],[76.3776,9.8435],[76.3776,9.8432],[76.3771,9.8432],[76.3771,9.8429],[76.3765,9.8429],[76.3765,9.8426],[76.3737,9.8426],[76.3737,9.8424],[76.3729,9.8424],[76.3729,9.8421],[76.3721,9.8421],[76.3721,9.8424],[76.3715,9.8424],[76.3715,9.8443],[76.3718,9.8443],[76.3718,9.8449],[76.3715,9.8449],[76.3715,9.8476],[76.3712,9.8476],[76.3712,9.8479],[76.3715,9.8479],[76.3715,9.8482],[76.3712,9.8482],[76.3712,9.8485],[76.3715,9.8485],[76.3715,9.849],[76.3718,9.849],[76.3718,9.8493],[76.3724,9.8493],[76.3724,9.8496],[76.3743,9.8496],[76.3743,9.8493],[76.3746,9.8493],[76.3746,9.8496],[76.3751,9.8496],[76.3751,9.8499],[76.3757,9.8499],[76.3757,9.8501],[76.376,9.8501],[76.376,9.8504],[76.3763,9.8504],[76.3763,9.8507],[76.3768,9.8507],[76.3768,9.851],[76.3771,9.851],[76.3771,9.8513],[76.3774,9.8513],[76.3774,9.8515],[76.3776,9.8515],[76.3776,9.8518],[76.3782,9.8518],[76.3782,9.8521],[76.3785,9.8521],[76.3785,9.8524],[76.3787,9.8524],[76.3787,9.8526],[76.379,9.8526],[76.379,9.8532],[76.3793,9.8532],[76.3793,9.8535],[76.3796,9.8535],[76.3796,9.8549],[76.3793,9.8549],[76.3793,9.8565],[76.379,9.8565],[76.379,9.8593],[76.3787,9.8593],[76.3787,9.8604],[76.3785,9.8604],[76.3785,9.8613],[76.3782,9.8612],[76.3782,9.8624],[76.3779,9.8624],[76.3779,9.8629],[76.3776,9.8629],[76.3776,9.8637],[76.3774,9.8637],[76.3774,9.8649],[76.3771,9.8649],[76.3771,9.8651],[76.3765,9.8651],[76.3765,9.8654],[76.3763,9.8654],[76.3763,9.8657],[76.376,9.8657],[76.376,9.8663],[76.3757,9.8663],[76.3757,9.8665],[76.3754,9.8665],[76.3754,9.8671],[76.3751,9.8671],[76.3751,9.8674],[76.3749,9.8674],[76.3749,9.8677],[76.3746,9.8677],[76.3746,9.8679],[76.3743,9.8679],[76.3743,9.8685],[76.3737,9.8685],[76.3737,9.8696],[76.3735,9.8696],[76.3735,9.8699],[76.3732,9.8699],[76.3732,9.8701],[76.3729,9.8701],[76.3729,9.8707],[76.3726,9.8707],[76.3726,9.8718],[76.3729,9.8718],[76.3729,9.8721],[76.3726,9.8721],[76.3726,9.8726],[76.3724,9.8726],[76.3724,9.8751],[76.3721,9.8751],[76.3721,9.8763],[76.3718,9.8763],[76.3718,9.8768],[76.3715,9.8768],[76.3715,9.8774],[76.3712,9.8774],[76.3712,9.8779],[76.371,9.8779],[76.371,9.8782],[76.3707,9.8782],[76.3707,9.8785],[76.3704,9.8785],[76.3704,9.879],[76.3701,9.879],[76.3701,9.8799],[76.3699,9.8799],[76.3699,9.8801],[76.3693,9.8801],[76.3693,9.8807],[76.369,9.8807],[76.369,9.881],[76.3688,9.881],[76.3688,9.8815],[76.3685,9.8815],[76.3685,9.8824],[76.3679,9.8824],[76.3679,9.8829],[76.3676,9.8829],[76.3676,9.8832],[76.3674,9.8832],[76.3674,9.8838],[76.3671,9.8837],[76.3671,9.8846],[76.3668,9.8846],[76.3668,9.8854],[76.3665,9.8854],[76.3665,9.8862],[76.3662,9.8863],[76.3662,9.8871],[76.366,9.8871],[76.366,9.8879],[76.3657,9.8879],[76.3657,9.8888],[76.3654,9.8887],[76.3654,9.8899],[76.3651,9.8899],[76.3651,9.8915],[76.3649,9.8915],[76.3649,9.8921],[76.3646,9.8921],[76.3646,9.8926],[76.3643,9.8926],[76.3643,9.8932],[76.364,9.8932],[76.364,9.8935],[76.3637,9.8935],[76.3637,9.8938],[76.3635,9.8938],[76.3635,9.894],[76.3632,9.894],[76.3632,9.8943],[76.3629,9.8943],[76.3629,9.8949],[76.3626,9.8949],[76.3626,9.8954],[76.3624,9.8954],[76.3624,9.8957],[76.3621,9.8957],[76.3621,9.8963],[76.3618,9.8963],[76.3618,9.8968],[76.3615,9.8968],[76.3615,9.8974],[76.3613,9.8974],[76.3613,9.8979],[76.361,9.8979],[76.361,9.8988],[76.3607,9.8988],[76.3607,9.8996],[76.3604,9.8996],[76.3604,9.9001],[76.3601,9.9001],[76.3601,9.901],[76.3599,9.901],[76.3599,9.9018],[76.3596,9.9018],[76.3596,9.9024],[76.3593,9.9024],[76.3593,9.9026],[76.359,9.9026],[76.359,9.9029],[76.3587,9.9029],[76.3587,9.9035],[76.3585,9.9035],[76.3585,9.9038],[76.3582,9.9038],[76.3582,9.9043],[76.3579,9.9043],[76.3579,9.9049],[76.3576,9.9049],[76.3576,9.9054],[76.3574,9.9054],[76.3574,9.906],[76.3571,9.906],[76.3571,9.9065],[76.3568,9.9065],[76.3568,9.9071],[76.3565,9.9071],[76.3565,9.9074],[76.3562,9.9074],[76.3562,9.9079],[76.356,9.9079],[76.356,9.9082],[76.3557,9.9082],[76.3557,9.9085],[76.3554,9.9085],[76.3554,9.909],[76.3551,9.909],[76.3551,9.9093],[76.3549,9.9093],[76.3549,9.9096],[76.3546,9.9096],[76.3546,9.9101],[76.3543,9.9101],[76.3543,9.9104],[76.354,9.9104],[76.354,9.9107],[76.3535,9.9107],[76.3535,9.911],[76.3532,9.911],[76.3532,9.9113],[76.3526,9.9113],[76.3526,9.9115],[76.3524,9.9115],[76.3524,9.9118],[76.3518,9.9118],[76.3518,9.9121],[76.3515,9.9121],[76.3515,9.9124],[76.3463,9.9124],[76.3463,9.9118],[76.346,9.9118],[76.346,9.9113],[76.3457,9.9113],[76.3457,9.9107],[76.3454,9.9107],[76.3454,9.9101],[76.3449,9.9101],[76.3449,9.9104],[76.344,9.9104],[76.344,9.9107],[76.3443,9.9107],[76.3443,9.9118],[76.3446,9.9118],[76.3446,9.9124],[76.3443,9.9124],[76.3443,9.9138],[76.344,9.9138],[76.344,9.914],[76.3438,9.914],[76.3438,9.9149],[76.344,9.9149],[76.344,9.9162],[76.3438,9.9162],[76.3438,9.9165],[76.3432,9.9165],[76.3432,9.9171],[76.3429,9.9171],[76.3429,9.9174],[76.3426,9.9174],[76.3426,9.9176],[76.3418,9.9176],[76.3418,9.9182],[76.3412,9.9182],[76.3412,9.9185],[76.341,9.9185],[76.341,9.9187],[76.3404,9.9187],[76.3404,9.919],[76.3401,9.919],[76.3401,9.9196],[76.3368,9.9196],[76.3368,9.9162],[76.3365,9.9162],[76.3365,9.916],[76.3363,9.916],[76.3363,9.9157],[76.336,9.9157],[76.336,9.9154],[76.3357,9.9154],[76.3357,9.9157],[76.3354,9.9157],[76.3354,9.916],[76.334,9.916],[76.334,9.9162],[76.3326,9.9162],[76.3326,9.916],[76.3324,9.916],[76.3324,9.9157],[76.3321,9.9157],[76.3321,9.9154],[76.3315,9.9154],[76.3315,9.9151],[76.331,9.9151],[76.331,9.9149],[76.3304,9.9149],[76.3304,9.9146],[76.3301,9.9146],[76.3293,9.9146],[76.3293,9.9149],[76.3288,9.9149],[76.3288,9.9151],[76.3282,9.9151],[76.3282,9.9154],[76.3276,9.9154],[76.3276,9.9157],[76.3246,9.9157],[76.3246,9.9154],[76.324,9.9154],[76.324,9.9149],[76.3238,9.9149],[76.3238,9.9143],[76.324,9.9143],[76.324,9.9138],[76.3243,9.9138],[76.3243,9.9135],[76.3249,9.9135],[76.3249,9.9138],[76.3251,9.9138],[76.3251,9.914],[76.3254,9.914],[76.3254,9.9146],[76.3257,9.9146],[76.3257,9.9149],[76.3268,9.9149],[76.3268,9.9151],[76.3271,9.9151],[76.3271,9.9149],[76.3274,9.9149],[76.3274,9.9146],[76.3279,9.9146],[76.3279,9.9143],[76.3282,9.9143],[76.3282,9.9138],[76.3285,9.9138],[76.3285,9.9135],[76.329,9.9135],[76.329,9.9132],[76.3307,9.9132],[76.3307,9.9135],[76.3313,9.9135],[76.3313,9.9138],[76.3318,9.9138],[76.3318,9.914],[76.3326,9.914],[76.3326,9.9135],[76.3329,9.9135],[76.3329,9.9132],[76.3332,9.9132],[76.3332,9.9129],[76.3335,9.9129],[76.3335,9.9124],[76.3337,9.9124],[76.3337,9.9107],[76.334,9.9107],[76.334,9.9093],[76.3343,9.9093],[76.3343,9.9082],[76.3346,9.9082],[76.3346,9.9068],[76.3349,9.9068],[76.3349,9.9063],[76.3351,9.9063],[76.3351,9.9054],[76.3354,9.9054],[76.3354,9.905],[76.3354,9.9046],[76.3357,9.9046],[76.3357,9.904],[76.336,9.904],[76.336,9.9035],[76.337,9.9035],[76.3407,9.9035],[76.3407,9.9032],[76.341,9.9032],[76.341,9.9029],[76.3412,9.9029],[76.3412,9.9022],[76.3412,9.9018],[76.3407,9.9018],[76.3407,9.9015],[76.3401,9.9015],[76.3401,9.9013],[76.3399,9.9013],[76.3399,9.9007],[76.3396,9.9007],[76.3396,9.9004],[76.3393,9.9004],[76.3393,9.8996],[76.3396,9.8996],[76.3396,9.8993],[76.3407,9.8993],[76.3407,9.899],[76.341,9.899],[76.341,9.8985],[76.3412,9.8985],[76.3412,9.8979],[76.341,9.8979],[76.341,9.8963],[76.3407,9.8963],[76.3407,9.8951],[76.3404,9.8951],[76.3404,9.8938],[76.3401,9.8938],[76.3401,9.8921],[76.3404,9.8921],[76.3404,9.8904],[76.3407,9.8904],[76.3407,9.8899],[76.3412,9.8899],[76.3412,9.8896],[76.3415,9.8896],[76.3415,9.8893],[76.3421,9.8893],[76.3421,9.889],[76.3424,9.889],[76.3424,9.8888],[76.3426,9.8888],[76.3426,9.8882],[76.3429,9.8882],[76.3429,9.8876],[76.3432,9.8876],[76.3432,9.8851],[76.3426,9.8851],[76.3426,9.8849],[76.3418,9.8849],[76.3418,9.8846],[76.341,9.8846],[76.341,9.8843],[76.3399,9.8843],[76.3399,9.8846],[76.3393,9.8846],[76.3393,9.8849],[76.3388,9.8849],[76.3388,9.8851],[76.3385,9.8851],[76.3385,9.8854],[76.3382,9.8854],[76.3382,9.886],[76.3379,9.886],[76.3379,9.8862],[76.3376,9.8863],[76.3376,9.8865],[76.3374,9.8865],[76.3374,9.8871],[76.3371,9.8871],[76.3371,9.8874],[76.3368,9.8874],[76.3368,9.8879],[76.3365,9.8879],[76.3365,9.8885],[76.3357,9.8885],[76.3357,9.8888],[76.3351,9.8888],[76.3351,9.889],[76.3349,9.889],[76.3349,9.8893],[76.3346,9.8893],[76.3346,9.8899],[76.3349,9.8899],[76.3349,9.89],[76.3349,9.8901],[76.3351,9.8901],[76.3351,9.8904],[76.3357,9.8904],[76.3357,9.8907],[76.336,9.8907],[76.336,9.891],[76.3363,9.891],[76.3363,9.8926],[76.3365,9.8926],[76.3365,9.8938],[76.3363,9.8938],[76.3363,9.8946],[76.336,9.8946],[76.336,9.8954],[76.3357,9.8954],[76.3357,9.896],[76.3346,9.896],[76.3346,9.8957],[76.3329,9.8957],[76.3329,9.8963],[76.3326,9.8963],[76.3326,9.8968],[76.3324,9.8968],[76.3324,9.8974],[76.3321,9.8974],[76.3321,9.8979],[76.3318,9.8979],[76.3318,9.8985],[76.3315,9.8985],[76.3315,9.899],[76.3313,9.899],[76.3313,9.8993],[76.331,9.8993],[76.331,9.8999],[76.3307,9.8999],[76.3307,9.9007],[76.3304,9.9007],[76.3304,9.9015],[76.3301,9.9015],[76.3301,9.9018],[76.3299,9.9018],[76.3299,9.9021],[76.3296,9.9021],[76.3296,9.9026],[76.3293,9.9026],[76.3293,9.9029],[76.3288,9.9029],[76.3288,9.9021],[76.329,9.9021],[76.329,9.9012],[76.3293,9.9013],[76.3293,9.9007],[76.3296,9.9007],[76.3296,9.8999],[76.3299,9.8999],[76.3299,9.8993],[76.3301,9.8993],[76.3301,9.8988],[76.3304,9.8988],[76.3304,9.8982],[76.3307,9.8982],[76.3307,9.8976],[76.331,9.8976],[76.331,9.8971],[76.3313,9.8971],[76.3313,9.8965],[76.3315,9.8965],[76.3315,9.896],[76.3318,9.896],[76.3318,9.8957],[76.3321,9.8957],[76.3321,9.8954],[76.3326,9.8954],[76.3326,9.8949],[76.3329,9.8949],[76.3329,9.8946],[76.3329,9.8943],[76.3332,9.8943],[76.3332,9.8938],[76.3335,9.8938],[76.3335,9.8935],[76.3332,9.8935],[76.3332,9.8929],[76.3329,9.8929],[76.3329,9.8924],[76.3326,9.8924],[76.3326,9.8907],[76.3329,9.8907],[76.3329,9.889],[76.3332,9.889],[76.3332,9.8885],[76.3335,9.8885],[76.3335,9.8883],[76.3335,9.8879],[76.3337,9.8879],[76.3337,9.8874],[76.334,9.8874],[76.334,9.8871],[76.3343,9.8871],[76.3343,9.8865],[76.3346,9.8865],[76.3346,9.886],[76.3354,9.886],[76.3354,9.8854],[76.3357,9.8854],[76.3357,9.8846],[76.3354,9.8846],[76.3354,9.884],[76.3351,9.884],[76.3351,9.8838],[76.3343,9.8838],[76.3343,9.8835],[76.334,9.8835],[76.334,9.8832],[76.3335,9.8832],[76.3335,9.8829],[76.3333,9.8829],[76.3329,9.8829],[76.3329,9.8826],[76.3326,9.8826],[76.3326,9.8829],[76.3324,9.8829],[76.3324,9.8826],[76.3318,9.8826],[76.3318,9.8824],[76.3315,9.8824],[76.3315,9.8821],[76.3307,9.8821],[76.3307,9.8824],[76.3301,9.8824],[76.3301,9.8826],[76.3296,9.8826],[76.3296,9.8829],[76.3293,9.8829],[76.3293,9.8832],[76.329,9.8832],[76.329,9.8838],[76.3285,9.8838],[76.3285,9.884],[76.3282,9.884],[76.3282,9.8843],[76.3279,9.8843],[76.3279,9.8849],[76.3276,9.8849],[76.3276,9.8854],[76.3274,9.8854],[76.3274,9.886],[76.3271,9.886],[76.3271,9.8862],[76.3262,9.8863],[76.3262,9.8865],[76.3257,9.8865],[76.3257,9.8868],[76.3251,9.8868],[76.3251,9.8871],[76.3249,9.8871],[76.3249,9.8874],[76.3246,9.8874],[76.3246,9.8876],[76.3243,9.8876],[76.3243,9.8879],[76.324,9.8879],[76.324,9.8882],[76.3238,9.8882],[76.3238,9.8885],[76.3221,9.8885],[76.3221,9.8888],[76.3215,9.8888],[76.3215,9.889],[76.3193,9.889],[76.3193,9.8888],[76.3187,9.8888],[76.3187,9.8893],[76.3185,9.8893],[76.3185,9.8901],[76.3187,9.8901],[76.3187,9.8907],[76.3193,9.8907],[76.3193,9.891],[76.3196,9.891],[76.3196,9.8912],[76.3213,9.8912],[76.3213,9.8918],[76.3215,9.8918],[76.3215,9.8924],[76.321,9.8924],[76.321,9.8926],[76.3204,9.8926],[76.3204,9.8929],[76.3196,9.8929],[76.3196,9.8932],[76.3179,9.8932],[76.3179,9.8935],[76.3176,9.8935],[76.3176,9.894],[76.3174,9.894],[76.3174,9.8943],[76.3171,9.8943],[76.3171,9.8957],[76.3168,9.8957],[76.3168,9.8971],[76.3174,9.8971],[76.3174,9.8974],[76.3176,9.8974],[76.3176,9.8976],[76.3179,9.8976],[76.3179,9.8982],[76.3182,9.8982],[76.3182,9.8985],[76.3185,9.8985],[76.3185,9.8988],[76.3187,9.8988],[76.3187,9.8999],[76.3185,9.8999],[76.3185,9.9004],[76.3182,9.9004],[76.3182,9.9021],[76.3179,9.9021],[76.3179,9.9029],[76.3176,9.9029],[76.3176,9.9035],[76.3174,9.9035],[76.3174,9.9038],[76.3171,9.9038],[76.3171,9.9043],[76.3168,9.9043],[76.3168,9.9046],[76.3165,9.9046],[76.3165,9.9049],[76.3162,9.9049],[76.3162,9.9051],[76.3157,9.9051],[76.3157,9.9054],[76.3154,9.9054],[76.3154,9.9057],[76.3151,9.9057],[76.3151,9.906],[76.3149,9.906],[76.3149,9.9065],[76.3146,9.9065],[76.3146,9.9068],[76.3143,9.9068],[76.3143,9.9071],[76.314,9.9071],[76.314,9.9076],[76.3138,9.9076],[76.3138,9.9082],[76.3135,9.9082],[76.3135,9.9088],[76.3132,9.9088],[76.3132,9.9104],[76.3135,9.9104],[76.3135,9.9107],[76.3138,9.9107],[76.3138,9.911],[76.3146,9.911],[76.3146,9.9121],[76.3143,9.9121],[76.3143,9.9132],[76.314,9.9132],[76.314,9.9138],[76.3138,9.9137],[76.3138,9.9146],[76.3135,9.9146],[76.3135,9.9154],[76.3132,9.9154],[76.3132,9.916],[76.3129,9.916],[76.3129,9.9165],[76.3126,9.9165],[76.3126,9.9171],[76.3121,9.9171],[76.3121,9.9174],[76.3118,9.9174],[76.3118,9.9176],[76.3112,9.9176],[76.3112,9.9179],[76.311,9.9179],[76.311,9.9187],[76.3107,9.9187],[76.3107,9.9207],[76.3104,9.9207],[76.3104,9.9221],[76.3101,9.9221],[76.3101,9.9224],[76.3099,9.9224],[76.3099,9.9226],[76.3096,9.9226],[76.3096,9.9229],[76.3093,9.9229],[76.3093,9.9235],[76.309,9.9235],[76.309,9.924],[76.3087,9.924],[76.3087,9.9249],[76.3085,9.9249],[76.3085,9.9254],[76.3082,9.9254],[76.3082,9.9263],[76.3079,9.9263],[76.3079,9.9271],[76.3076,9.9271],[76.3076,9.9276],[76.3074,9.9276],[76.3074,9.9282],[76.3071,9.9282],[76.3071,9.9285],[76.3068,9.9285],[76.3068,9.929],[76.3065,9.929],[76.3065,9.9296],[76.3063,9.9296],[76.3063,9.9299],[76.306,9.9299],[76.306,9.9304],[76.3057,9.9304],[76.3057,9.9307],[76.3054,9.9307],[76.3054,9.9313],[76.3051,9.9313],[76.3051,9.9318],[76.3049,9.9318],[76.3049,9.9324],[76.3046,9.9324],[76.3046,9.9332],[76.3043,9.9332],[76.3043,9.9343],[76.304,9.9343],[76.304,9.9349],[76.3043,9.9349],[76.3043,9.9351],[76.3046,9.9351],[76.3046,9.9354],[76.3049,9.9354],[76.3049,9.9357],[76.3051,9.9357],[76.3051,9.936],[76.3054,9.936],[76.3054,9.9365],[76.3057,9.9365],[76.3057,9.9374],[76.3054,9.9374],[76.3054,9.9376],[76.3054,9.9385],[76.3051,9.9385],[76.3051,9.9396],[76.3049,9.9396],[76.3049,9.9407],[76.3054,9.9407],[76.3054,9.9435],[76.3057,9.9435],[76.3057,9.9437],[76.306,9.9437],[76.306,9.944],[76.3065,9.944],[76.3065,9.9443],[76.3068,9.9443],[76.3068,9.9449],[76.3073,9.9449],[76.3076,9.9449],[76.3076,9.9451],[76.3079,9.9451],[76.3079,9.9449],[76.3082,9.9449],[76.3082,9.9451],[76.309,9.9451],[76.309,9.9454],[76.3104,9.9454],[76.3104,9.9457],[76.311,9.9457],[76.311,9.9463],[76.3112,9.9463],[76.3112,9.9476],[76.3115,9.9476],[76.3115,9.9485],[76.311,9.9485],[76.311,9.9493],[76.3107,9.9493],[76.3107,9.9496],[76.3099,9.9496],[76.3099,9.9493],[76.3087,9.9493],[76.3087,9.949],[76.3082,9.949],[76.3082,9.9485],[76.3079,9.9485],[76.3079,9.9479],[76.3076,9.9479],[76.3076,9.9471],[76.3074,9.9471],[76.3074,9.9462],[76.3068,9.9462],[76.3054,9.9463],[76.3054,9.946],[76.3051,9.946],[76.3051,9.9451],[76.3049,9.9451],[76.3049,9.9437],[76.3046,9.9437],[76.3046,9.9426],[76.3043,9.9426],[76.3043,9.9415],[76.304,9.9415],[76.304,9.9388],[76.3043,9.9388],[76.3043,9.9376],[76.3046,9.9376],[76.3046,9.9371],[76.3046,9.9368],[76.3043,9.9368],[76.3043,9.9363],[76.304,9.9363],[76.304,9.936],[76.3035,9.936],[76.3035,9.9363],[76.3032,9.9363],[76.3032,9.9365],[76.3026,9.9365],[76.3026,9.9368],[76.3024,9.9368],[76.3024,9.9371],[76.3021,9.9371],[76.3021,9.9374],[76.3004,9.9374],[76.3004,9.9368],[76.3001,9.9368],[76.3001,9.936],[76.3004,9.936],[76.3004,9.9354],[76.3007,9.9354],[76.3007,9.9349],[76.3007,9.9349],[76.301,9.9349],[76.301,9.934],[76.3012,9.934],[76.3012,9.9329],[76.3015,9.9329],[76.3015,9.9321],[76.3018,9.9321],[76.3018,9.9315],[76.3021,9.9315],[76.3021,9.9313],[76.3024,9.9313],[76.3024,9.931],[76.3026,9.931],[76.3026,9.9304],[76.3029,9.9304],[76.3029,9.9301],[76.3032,9.9301],[76.3032,9.9299],[76.3035,9.9299],[76.3035,9.9296],[76.3037,9.9296],[76.3037,9.9293],[76.3043,9.9293],[76.3043,9.929],[76.3046,9.929],[76.3046,9.926],[76.3043,9.926],[76.3043,9.9257],[76.3035,9.9257],[76.3035,9.926],[76.3032,9.926],[76.3032,9.9263],[76.3026,9.9263],[76.3026,9.9265],[76.3024,9.9265],[76.3024,9.9268],[76.3018,9.9268],[76.3018,9.9271],[76.3012,9.9271],[76.3012,9.9279],[76.301,9.9279],[76.301,9.9282],[76.3007,9.9282],[76.3007,9.9285],[76.3004,9.9285],[76.3004,9.929],[76.3001,9.929],[76.3001,9.9293],[76.2999,9.9293],[76.2999,9.9299],[76.2996,9.9299],[76.2996,9.9301],[76.2993,9.9301],[76.2993,9.9307],[76.299,9.9307],[76.299,9.9313],[76.2988,9.9313],[76.2987,9.9315],[76.2985,9.9315],[76.2985,9.9321],[76.2982,9.9321],[76.2982,9.9326],[76.2979,9.9326],[76.2979,9.9332],[76.2976,9.9332],[76.2976,9.9338],[76.2974,9.9337],[76.2974,9.934],[76.2971,9.934],[76.2971,9.9346],[76.2968,9.9346],[76.2968,9.9349],[76.2965,9.9349],[76.2965,9.9354],[76.2962,9.9354],[76.2962,9.936],[76.296,9.936],[76.296,9.9363],[76.2957,9.9363],[76.2957,9.9368],[76.2954,9.9368],[76.2954,9.9371],[76.2951,9.9371],[76.2951,9.9376],[76.2949,9.9376],[76.2949,9.9379],[76.2946,9.9379],[76.2946,9.9385],[76.2943,9.9385],[76.2943,9.939],[76.2943,9.9393],[76.294,9.9393],[76.294,9.9399],[76.2937,9.9399],[76.2937,9.9404],[76.2935,9.9404],[76.2935,9.941],[76.2932,9.941],[76.2932,9.9415],[76.2929,9.9415],[76.2929,9.9421],[76.2926,9.9421],[76.2926,9.9429],[76.2924,9.9429],[76.2924,9.9437],[76.2921,9.9437],[76.2921,9.9443],[76.2918,9.9443],[76.2918,9.9451],[76.2915,9.9451],[76.2915,9.9457],[76.2913,9.9457],[76.2913,9.9463],[76.291,9.9463],[76.291,9.9468],[76.2907,9.9468],[76.2907,9.9474],[76.2904,9.9474],[76.2904,9.9479],[76.2901,9.9479],[76.2901,9.9485],[76.2899,9.9485],[76.2899,9.949],[76.2896,9.949],[76.2896,9.9496],[76.2893,9.9496],[76.2893,9.9499],[76.289,9.9499],[76.289,9.9504],[76.2887,9.9504],[76.2887,9.9507],[76.2885,9.9507],[76.2885,9.9513],[76.2882,9.9513],[76.2882,9.9518],[76.2879,9.9518],[76.2879,9.9521],[76.2876,9.9521],[76.2876,9.9526],[76.2874,9.9526],[76.2874,9.9532],[76.2871,9.9532],[76.2871,9.9535],[76.2868,9.9535],[76.2868,9.954],[76.2865,9.954],[76.2865,9.9546],[76.2862,9.9546],[76.2862,9.9551],[76.286,9.9551],[76.286,9.9557],[76.2857,9.9557],[76.2857,9.9563],[76.2854,9.9563],[76.2854,9.9568],[76.2846,9.9568],[76.2846,9.9571],[76.2843,9.9571],[76.2843,9.9576],[76.284,9.9576],[76.284,9.9599],[76.2838,9.9599],[76.2838,9.9607],[76.2835,9.9607],[76.2835,9.9613],[76.2832,9.9613],[76.2832,9.9621],[76.2829,9.9621],[76.2829,9.9629],[76.2826,9.9629],[76.2826,9.9635],[76.2824,9.9635],[76.2824,9.9643],[76.2821,9.9643],[76.2821,9.9649],[76.2818,9.9649],[76.2818,9.9657],[76.2815,9.9657],[76.2815,9.9663],[76.2813,9.9663],[76.2813,9.9668],[76.281,9.9668],[76.281,9.9674],[76.2807,9.9674],[76.2807,9.9679],[76.2804,9.9679],[76.2804,9.9685],[76.2801,9.9685],[76.2801,9.969],[76.2799,9.969],[76.2799,9.9696],[76.2796,9.9696],[76.2796,9.9701],[76.2793,9.9701],[76.2793,9.9707],[76.279,9.9707],[76.279,9.9712],[76.2787,9.9712],[76.2787,9.9721],[76.2785,9.9721],[76.2785,9.9726],[76.2782,9.9726],[76.2782,9.9735],[76.2779,9.9735],[76.2779,9.974],[76.2776,9.974],[76.2776,9.9746],[76.2774,9.9746],[76.2774,9.9754],[76.2771,9.9754],[76.2771,9.976],[76.2768,9.976],[76.2768,9.9765],[76.2765,9.9765],[76.2765,9.9771],[76.2763,9.9771],[76.2763,9.9776],[76.276,9.9776],[76.276,9.9782],[76.2757,9.9782],[76.2757,9.9788],[76.2754,9.9788],[76.2754,9.9793],[76.2751,9.9793],[76.2751,9.9799],[76.2749,9.9799],[76.2749,9.9804],[76.2746,9.9804],[76.2746,9.981],[76.2743,9.981],[76.2743,9.9815],[76.274,9.9815],[76.274,9.9821],[76.2735,9.9821],[76.2735,9.9824],[76.2732,9.9824],[76.2732,9.9829],[76.2729,9.9829],[76.2729,9.9832],[76.2726,9.9832],[76.2726,9.984],[76.2724,9.984],[76.2724,9.9846],[76.2721,9.9846],[76.2721,9.9854],[76.2718,9.9854],[76.2718,9.9857],[76.2715,9.9857],[76.2715,9.9871],[76.2712,9.9871],[76.2712,9.9876],[76.271,9.9876],[76.271,9.9879],[76.2707,9.9879],[76.2707,9.9885],[76.2704,9.9885],[76.2704,9.989],[76.2701,9.989],[76.2701,9.9893],[76.2699,9.9893],[76.2699,9.9896],[76.2701,9.9896],[76.2701,9.9907],[76.2704,9.9907],[76.2704,9.9918],[76.271,9.9918],[76.271,9.9921],[76.2715,9.9921],[76.2715,9.9924],[76.2721,9.9924],[76.2721,9.9929],[76.2724,9.9929],[76.2724,9.9935],[76.2726,9.9935],[76.2726,9.9938],[76.2724,9.9937],[76.2724,9.994],[76.2726,9.994],[76.2726,9.9954],[76.2729,9.9954],[76.2729,9.996],[76.2732,9.996],[76.2732,9.9965],[76.2735,9.9965],[76.2735,9.9968],[76.2738,9.9968],[76.2738,9.9971],[76.2743,9.9971],[76.2743,9.9968],[76.2757,9.9968],[76.2757,9.9971],[76.2763,9.9971],[76.2763,9.9974],[76.2765,9.9974],[76.2765,9.9988],[76.2763,9.9988],[76.2763,9.999],[76.276,9.999],[76.276,9.9993],[76.2757,9.9993],[76.2757,10],[76.2757,10.0007],[76.276,10.0007],[76.276,10.0018],[76.2763,10.0018],[76.2763,10.0029],[76.276,10.0029],[76.276,10.0032],[76.2757,10.0032],[76.2757,10.0035],[76.2754,10.0035],[76.2754,10.0043],[76.2751,10.0043],[76.2751,10.0054],[76.2749,10.0054],[76.2749,10.0057],[76.2746,10.0057],[76.2746,10.0063],[76.2743,10.0063],[76.2743,10.0068],[76.274,10.0068],[76.274,10.0079],[76.2738,10.0079],[76.2738,10.009],[76.2735,10.009],[76.2735,10.0093],[76.2732,10.0093],[76.2732,10.0099],[76.2729,10.0099],[76.2729,10.0101],[76.2726,10.0101],[76.2726,10.0113],[76.2724,10.0113],[76.2724,10.0124],[76.2726,10.0124],[76.2726,10.0154],[76.2724,10.0154],[76.2724,10.0163],[76.2715,10.0163],[76.2715,10.0168],[76.2712,10.0168],[76.2712,10.0176],[76.271,10.0176],[76.271,10.0179],[76.2707,10.0179],[76.2707,10.019],[76.2704,10.019],[76.2704,10.0201],[76.2701,10.0201],[76.2701,10.0207],[76.2696,10.0207],[76.2696,10.021],[76.269,10.021],[76.269,10.0213],[76.2685,10.0213],[76.2685,10.0218],[76.2682,10.0218],[76.2682,10.0226],[76.2679,10.0226],[76.2679,10.024],[76.2676,10.024],[76.2676,10.0249],[76.2674,10.0249],[76.2674,10.026],[76.2671,10.026],[76.2671,10.0271],[76.2668,10.0271],[76.2668,10.0276],[76.2665,10.0276],[76.2665,10.0296],[76.2668,10.0296],[76.2668,10.0307],[76.2674,10.0307],[76.2674,10.031],[76.2676,10.031],[76.2676,10.0315],[76.2674,10.0315],[76.2674,10.0321],[76.2665,10.0321],[76.2665,10.0318],[76.2663,10.0318],[76.2663,10.0315],[76.2657,10.0315],[76.2657,10.0313],[76.2651,10.0313],[76.2651,10.031],[76.2635,10.031],[76.2635,10.0315],[76.2632,10.0315],[76.2632,10.0324],[76.2629,10.0324],[76.2629,10.0326],[76.2626,10.0326],[76.2626,10.0329],[76.2621,10.0329],[76.2621,10.0332],[76.2618,10.0332],[76.2618,10.0335],[76.2615,10.0335],[76.2615,10.0337],[76.261,10.0337],[76.261,10.034],[76.2604,10.034],[76.2604,10.0343],[76.2601,10.0343],[76.2601,10.034],[76.2599,10.034],[76.2599,10.0335],[76.2596,10.0335],[76.2596,10.0315],[76.2599,10.0315],[76.2599,10.0304],[76.2596,10.0304],[76.2596,10.0301],[76.2593,10.0301],[76.2593,10.0296],[76.259,10.0296],[76.259,10.029],[76.2588,10.029],[76.2588,10.0288],[76.2585,10.0288],[76.2585,10.0282],[76.2582,10.0282],[76.2582,10.0279],[76.2579,10.0279],[76.2579,10.0271],[76.2576,10.0271],[76.2576,10.026],[76.2574,10.026],[76.2574,10.0232],[76.2576,10.0232],[76.2576,10.0224],[76.2579,10.0224],[76.2579,10.0221],[76.2582,10.0221],[76.2582,10.0215],[76.2585,10.0215],[76.2585,10.021],[76.2588,10.021],[76.2588,10.0207],[76.259,10.0207],[76.259,10.0199],[76.2596,10.0199],[76.2596,10.0196],[76.2601,10.0196],[76.2601,10.0193],[76.2604,10.0193],[76.2604,10.0185],[76.2607,10.0185],[76.2607,10.0179],[76.261,10.0179],[76.261,10.0171],[76.2613,10.0171],[76.2613,10.0165],[76.261,10.0165],[76.261,10.0163],[76.2613,10.0163],[76.2613,10.0152],[76.2615,10.0152],[76.2615,10.0149],[76.2613,10.0149],[76.2613,10.0146],[76.2615,10.0146],[76.2615,10.0132],[76.2618,10.0132],[76.2618,10.0121],[76.2621,10.0121],[76.2621,10.0104],[76.2624,10.0104],[76.2624,10.0096],[76.2626,10.0096],[76.2626,10.0076],[76.2629,10.0076],[76.2629,10.0054],[76.2632,10.0054],[76.2632,10.0037],[76.2635,10.0037],[76.2635,10.0032],[76.2637,10.0032],[76.2637,10.0026],[76.264,10.0026],[76.264,10.0024],[76.2643,10.0024],[76.2643,10.0015],[76.2646,10.0015],[76.2646,10.0004],[76.2649,10.0004],[76.2649,9.9999],[76.2649,9.9987],[76.2646,9.9988],[76.2646,9.9985],[76.2649,9.9985],[76.2649,9.9971],[76.2651,9.9971],[76.2651,9.9965],[76.2654,9.9965],[76.2654,9.9954],[76.2657,9.9954],[76.2657,9.9951],[76.266,9.9951],[76.266,9.9946],[76.266,9.9934],[76.266,9.9929],[76.2663,9.9929],[76.2663,9.9918],[76.2665,9.9918],[76.2665,9.9915],[76.2668,9.9915],[76.2668,9.9907],[76.2671,9.9907],[76.2671,9.9896],[76.2674,9.9896],[76.2674,9.9885],[76.2676,9.9885],[76.2676,9.9871],[76.2679,9.9871],[76.2679,9.9865],[76.2682,9.9865],[76.2682,9.9843],[76.2685,9.9843],[76.2685,9.9838],[76.2688,9.9838],[76.2688,9.9832],[76.2685,9.9832],[76.2685,9.9829],[76.2682,9.9829],[76.2682,9.9826],[76.2674,9.9826],[76.2674,9.9829],[76.2668,9.9829],[76.2668,9.9832],[76.2663,9.9832],[76.2663,9.9835],[76.266,9.9835],[76.266,9.984],[76.2657,9.984],[76.2657,9.9849],[76.266,9.9849],[76.266,9.9851],[76.2657,9.9851],[76.2657,9.9854],[76.2654,9.9854],[76.2654,9.9874],[76.2656,9.9874],[76.2657,9.9874],[76.2657,9.9879],[76.2654,9.9879],[76.2654,9.9882],[76.2657,9.9882],[76.2657,9.989],[76.2657,9.9896],[76.2654,9.9896],[76.2654,9.9904],[76.2651,9.9904],[76.2651,9.991],[76.2649,9.991],[76.2649,9.9915],[76.2646,9.9915],[76.2646,9.9921],[76.2643,9.9921],[76.2643,9.9929],[76.264,9.9929],[76.264,9.9935],[76.2637,9.9935],[76.2637,9.994],[76.2635,9.994],[76.2635,9.9943],[76.2632,9.9943],[76.2632,9.9949],[76.2629,9.9949],[76.2629,9.9954],[76.2626,9.9954],[76.2626,9.996],[76.2624,9.996],[76.2624,9.9968],[76.2626,9.9968],[76.2626,9.9971],[76.2624,9.9971],[76.2624,9.9974],[76.2626,9.9974],[76.2626,9.9976],[76.2624,9.9976],[76.2624,9.9985],[76.2621,9.9985],[76.2621,9.999],[76.2618,9.999],[76.2618,9.9996],[76.2615,9.9996],[76.2615,9.9999],[76.2613,9.9999],[76.2613,10.0002],[76.2613,10.0004],[76.261,10.0004],[76.261,10.0015],[76.2607,10.0015],[76.2607,10.0026],[76.2604,10.0026],[76.2604,10.004],[76.2601,10.004],[76.2601,10.005],[76.2601,10.0057],[76.2599,10.0057],[76.2599,10.0065],[76.2596,10.0065],[76.2596,10.0068],[76.2593,10.0068],[76.2593,10.0079],[76.259,10.0079],[76.259,10.0087],[76.2588,10.0087],[76.2588,10.009],[76.2585,10.009],[76.2585,10.0093],[76.2588,10.0093],[76.2588,10.0099],[76.2585,10.0099],[76.2585,10.0104],[76.2582,10.0104],[76.2582,10.0107],[76.2579,10.0107],[76.2579,10.0113],[76.2576,10.0113],[76.2576,10.0115],[76.2574,10.0115],[76.2574,10.0121],[76.2571,10.0121],[76.2571,10.0126],[76.2568,10.0126],[76.2568,10.0132],[76.2565,10.0132],[76.2565,10.0135],[76.2562,10.0135],[76.2562,10.014],[76.256,10.014],[76.256,10.0146],[76.2557,10.0146],[76.2557,10.016],[76.2554,10.016],[76.2554,10.0165],[76.2551,10.0165],[76.2551,10.0168],[76.2549,10.0168],[76.2549,10.0171],[76.2546,10.0171],[76.2546,10.0179],[76.2543,10.0179],[76.2543,10.0196],[76.254,10.0196],[76.254,10.0204],[76.2538,10.0204],[76.2538,10.021],[76.2535,10.021],[76.2535,10.0215],[76.2532,10.0215],[76.2532,10.0218],[76.2529,10.0218],[76.2529,10.0224],[76.2526,10.0224],[76.2526,10.0229],[76.2524,10.0229],[76.2524,10.0235],[76.2521,10.0235],[76.2521,10.0243],[76.2524,10.0243],[76.2524,10.0257],[76.2521,10.0257],[76.2521,10.0268],[76.2518,10.0268],[76.2518,10.0274],[76.2515,10.0274],[76.2515,10.0285],[76.2513,10.0285],[76.2513,10.0293],[76.2499,10.0293],[76.2499,10.0299],[76.2496,10.0299],[76.2496,10.0301],[76.2499,10.0301],[76.2499,10.0304],[76.2504,10.0304],[76.2504,10.0307],[76.2507,10.0307],[76.2507,10.031],[76.251,10.031],[76.251,10.0313],[76.2513,10.0313],[76.2513,10.0318],[76.2515,10.0318],[76.2515,10.0324],[76.2521,10.0324],[76.2521,10.0329],[76.2524,10.0329],[76.2524,10.0337],[76.2526,10.0337],[76.2526,10.0346],[76.2529,10.0346],[76.2529,10.0349],[76.2532,10.0349],[76.2532,10.0351],[76.2537,10.0351],[76.2537,10.0354],[76.254,10.0354],[76.254,10.0357],[76.2543,10.0357],[76.2543,10.036],[76.2546,10.036],[76.2546,10.0363],[76.2549,10.0363],[76.2549,10.0365],[76.2551,10.0365],[76.2551,10.0368],[76.2554,10.0368],[76.2554,10.0371],[76.2557,10.0371],[76.2557,10.0374],[76.256,10.0374],[76.256,10.0376],[76.2562,10.0376],[76.2562,10.0379],[76.2565,10.0379],[76.2565,10.0382],[76.2568,10.0382],[76.2568,10.0385],[76.2571,10.0385],[76.2571,10.039],[76.2582,10.039],[76.2582,10.0393],[76.259,10.0393],[76.259,10.0396],[76.2601,10.0396],[76.2601,10.0388],[76.2613,10.0388],[76.2613,10.039],[76.2618,10.039],[76.2618,10.0385],[76.2621,10.0385],[76.2621,10.0382],[76.2624,10.0382],[76.2624,10.0379],[76.2626,10.0379],[76.2626,10.0371],[76.2618,10.0371],[76.2618,10.0368],[76.2615,10.0368],[76.2615,10.0363],[76.2613,10.0363],[76.2613,10.0357],[76.2615,10.0357],[76.2615,10.0351],[76.2618,10.0351],[76.2618,10.0349],[76.2626,10.0349],[76.2626,10.0357],[76.2635,10.0357],[76.2635,10.0349],[76.2637,10.0349],[76.2637,10.0337],[76.264,10.0337],[76.264,10.0335],[76.2643,10.0335],[76.2643,10.0351],[76.2646,10.0351],[76.2646,10.0357],[76.2649,10.0357],[76.2649,10.036],[76.2651,10.036],[76.2651,10.0363],[76.2654,10.0363],[76.2654,10.0365],[76.2657,10.0365],[76.2657,10.0368],[76.266,10.0368],[76.266,10.0371],[76.2663,10.0371],[76.2663,10.0374],[76.266,10.0374],[76.266,10.0379],[76.2657,10.0379],[76.2657,10.0382],[76.2654,10.0382],[76.2654,10.0388],[76.2651,10.0388],[76.2651,10.0393],[76.2649,10.0393],[76.2649,10.0396],[76.2643,10.0396],[76.2643,10.0388],[76.264,10.0388],[76.264,10.0385],[76.2637,10.0385],[76.2637,10.0382],[76.2635,10.0382],[76.2635,10.0385],[76.2632,10.0385],[76.2632,10.0388],[76.2629,10.0388],[76.2629,10.0396],[76.2626,10.0396],[76.2626,10.0399],[76.2629,10.0399],[76.2629,10.0401],[76.2632,10.0401],[76.2632,10.0404],[76.2635,10.0404],[76.2635,10.0407],[76.2629,10.0407],[76.2629,10.041],[76.2613,10.041],[76.2613,10.0413],[76.2599,10.0413],[76.2599,10.0418],[76.2601,10.0418],[76.2601,10.0424],[76.2604,10.0424],[76.2604,10.0435],[76.2601,10.0435],[76.2601,10.0432],[76.2599,10.0432],[76.2599,10.0426],[76.2593,10.0426],[76.2593,10.0429],[76.259,10.0429],[76.259,10.0432],[76.2588,10.0432],[76.2588,10.0435],[76.2582,10.0435],[76.2582,10.0432],[76.2574,10.0432],[76.2574,10.0429],[76.2568,10.0429],[76.2568,10.0426],[76.2557,10.0426],[76.2557,10.0435],[76.2554,10.0435],[76.2554,10.0443],[76.2551,10.0443],[76.2551,10.0451],[76.2549,10.0451],[76.2549,10.0457],[76.2551,10.0457],[76.2551,10.0476],[76.2543,10.0476],[76.2543,10.0471],[76.2546,10.0471],[76.2546,10.0465],[76.2535,10.0465],[76.2535,10.0463],[76.2538,10.0463],[76.2537,10.0451],[76.254,10.0451],[76.254,10.0443],[76.2543,10.0443],[76.2543,10.0437],[76.2546,10.0437],[76.2546,10.0432],[76.2549,10.0432],[76.2549,10.0424],[76.2551,10.0424],[76.2551,10.0396],[76.2554,10.0396],[76.2554,10.0393],[76.2549,10.0393],[76.2549,10.039],[76.2543,10.039],[76.2543,10.0393],[76.254,10.0393],[76.254,10.0404],[76.2537,10.0404],[76.2537,10.0415],[76.2535,10.0415],[76.2535,10.0421],[76.2532,10.0421],[76.2532,10.0426],[76.2529,10.0426],[76.2529,10.0432],[76.2526,10.0432],[76.2526,10.0437],[76.2524,10.0437],[76.2524,10.044],[76.2521,10.044],[76.2521,10.0449],[76.2518,10.0449],[76.2518,10.0451],[76.2515,10.0451],[76.2515,10.0457],[76.2513,10.0457],[76.2513,10.0471],[76.2504,10.0471],[76.2504,10.0474],[76.251,10.0474],[76.251,10.0476],[76.2524,10.0476],[76.2524,10.0474],[76.2526,10.0474],[76.2526,10.0479],[76.2529,10.0479],[76.2529,10.0482],[76.2526,10.0482],[76.2526,10.0485],[76.2521,10.0485],[76.2521,10.0488],[76.2518,10.0488],[76.2518,10.0493],[76.2513,10.0493],[76.2513,10.0499],[76.251,10.0499],[76.251,10.0501],[76.2504,10.0501],[76.2504,10.0507],[76.2501,10.0507],[76.2501,10.0515],[76.2499,10.0515],[76.2499,10.0521],[76.2496,10.0521],[76.2496,10.0529],[76.249,10.0529],[76.249,10.0535],[76.2487,10.0535],[76.2487,10.0546],[76.2485,10.0546],[76.2485,10.0551],[76.2479,10.0551],[76.2479,10.0554],[76.2476,10.0554],[76.2476,10.0562],[76.2479,10.0562],[76.2479,10.0571],[76.2476,10.0571],[76.2476,10.0574],[76.2462,10.0574],[76.2462,10.0582],[76.2465,10.0582],[76.2465,10.0588],[76.2462,10.0588],[76.2462,10.0593],[76.2457,10.0593],[76.2457,10.0596],[76.2454,10.0596],[76.2454,10.0601],[76.2451,10.0601],[76.2451,10.0607],[76.2449,10.0607],[76.2449,10.0612],[76.2451,10.0612],[76.2451,10.0618],[76.2454,10.0618],[76.2455,10.0627],[76.2451,10.0626],[76.2451,10.0629],[76.2451,10.0632],[76.2449,10.0632],[76.2449,10.0635],[76.2446,10.0635],[76.2446,10.0638],[76.2443,10.0638],[76.2443,10.064],[76.244,10.064],[76.244,10.0643],[76.2438,10.0643],[76.2438,10.0646],[76.2435,10.0646],[76.2435,10.0649],[76.2432,10.0649],[76.2432,10.0651],[76.2424,10.0651],[76.2424,10.0657],[76.2426,10.0657],[76.2426,10.0663],[76.2429,10.0663],[76.2429,10.0665],[76.2432,10.0665],[76.2432,10.0668],[76.2429,10.0668],[76.2429,10.0674],[76.2426,10.0674],[76.2426,10.0679],[76.2424,10.0679],[76.2424,10.0685],[76.2421,10.0685],[76.2421,10.069],[76.2415,10.069],[76.2415,10.0693],[76.2412,10.0693],[76.2412,10.0696],[76.241,10.0696],[76.241,10.0699],[76.2407,10.0699],[76.2407,10.0704],[76.2404,10.0704],[76.2404,10.071],[76.2407,10.071],[76.2407,10.0715],[76.241,10.0715],[76.241,10.0721],[76.2412,10.0721],[76.2412,10.0724],[76.2418,10.0724],[76.2418,10.0726],[76.2435,10.0726],[76.2435,10.0724],[76.2438,10.0724],[76.2437,10.0718],[76.244,10.0718],[76.244,10.0715],[76.2443,10.0715],[76.2443,10.071],[76.2446,10.071],[76.2446,10.0707],[76.2449,10.0707],[76.2449,10.0699],[76.2451,10.0699],[76.2451,10.0693],[76.2454,10.0693],[76.2454,10.069],[76.2451,10.069],[76.2451,10.0685],[76.2449,10.0685],[76.2449,10.0682],[76.2451,10.0682],[76.2451,10.0674],[76.2454,10.0674],[76.2454,10.0665],[76.2457,10.0665],[76.2457,10.0657],[76.246,10.0657],[76.246,10.0651],[76.2462,10.0651],[76.2462,10.0646],[76.2465,10.0646],[76.2465,10.0643],[76.2468,10.0643],[76.2468,10.064],[76.2471,10.064],[76.2471,10.0635],[76.2474,10.0635],[76.2474,10.0629],[76.2471,10.0629],[76.2471,10.0626],[76.2474,10.0626],[76.2474,10.0624],[76.2476,10.0624],[76.2476,10.0618],[76.2479,10.0618],[76.2479,10.0615],[76.2482,10.0615],[76.2482,10.0609],[76.2482,10.0604],[76.2479,10.0604],[76.2479,10.0601],[76.2482,10.0601],[76.2482,10.0596],[76.2485,10.0596],[76.2485,10.059],[76.2487,10.059],[76.2487,10.0588],[76.249,10.0588],[76.249,10.0585],[76.2493,10.0585],[76.2493,10.0582],[76.249,10.0582],[76.249,10.0579],[76.2487,10.0579],[76.2487,10.0576],[76.249,10.0576],[76.249,10.0571],[76.2493,10.0571],[76.2493,10.0568],[76.2496,10.0568],[76.2496,10.0562],[76.2499,10.0562],[76.2499,10.0557],[76.2501,10.0557],[76.2501,10.0554],[76.2504,10.0554],[76.2504,10.0549],[76.2507,10.0549],[76.2507,10.0546],[76.251,10.0546],[76.251,10.0543],[76.2513,10.0543],[76.2513,10.0538],[76.251,10.0538],[76.251,10.0532],[76.2507,10.0532],[76.2507,10.0526],[76.251,10.0526],[76.251,10.0521],[76.2513,10.0521],[76.2513,10.0518],[76.2515,10.0518],[76.2515,10.0526],[76.2518,10.0526],[76.2518,10.0532],[76.2521,10.0532],[76.2521,10.0538],[76.2524,10.0538],[76.2524,10.054],[76.2521,10.054],[76.2521,10.0551],[76.2524,10.0551],[76.2524,10.0557],[76.2526,10.0557],[76.2526,10.056],[76.2551,10.056],[76.2551,10.0557],[76.2557,10.0557],[76.2557,10.0554],[76.2562,10.0554],[76.2562,10.0551],[76.2571,10.0551],[76.2571,10.0549],[76.2574,10.0549],[76.2574,10.0538],[76.2576,10.0538],[76.2576,10.0532],[76.2579,10.0532],[76.2579,10.0526],[76.2582,10.0526],[76.2582,10.0521],[76.2585,10.0521],[76.2585,10.051],[76.2576,10.051],[76.2576,10.0515],[76.2574,10.0515],[76.2574,10.0521],[76.2571,10.0521],[76.2571,10.0526],[76.2568,10.0526],[76.2568,10.0535],[76.2565,10.0535],[76.2565,10.054],[76.2562,10.054],[76.2562,10.0535],[76.256,10.0535],[76.256,10.0532],[76.2557,10.0532],[76.2557,10.0529],[76.2554,10.0529],[76.2554,10.0521],[76.2551,10.0521],[76.2551,10.0518],[76.2549,10.0518],[76.2549,10.0515],[76.2535,10.0515],[76.2535,10.0521],[76.2532,10.0521],[76.2532,10.0518],[76.2521,10.0518],[76.2521,10.0513],[76.2518,10.0513],[76.2518,10.051],[76.2521,10.051],[76.2521,10.0499],[76.2535,10.0499],[76.2535,10.0496],[76.2546,10.0496],[76.2546,10.0493],[76.2551,10.0493],[76.2551,10.049],[76.256,10.049],[76.256,10.0493],[76.2568,10.0493],[76.2568,10.0476],[76.2565,10.0476],[76.2565,10.0471],[76.256,10.0471],[76.256,10.0474],[76.2557,10.0474],[76.2557,10.0468],[76.256,10.0468],[76.256,10.0465],[76.2562,10.0465],[76.2562,10.046],[76.2571,10.046],[76.2571,10.0463],[76.2576,10.0463],[76.2576,10.0465],[76.2582,10.0465],[76.2582,10.0468],[76.259,10.0468],[76.259,10.0471],[76.2596,10.0471],[76.2596,10.0474],[76.2599,10.0474],[76.2599,10.0476],[76.2604,10.0476],[76.2604,10.0482],[76.2601,10.0482],[76.2601,10.0493],[76.2599,10.0493],[76.2599,10.0501],[76.2593,10.0501],[76.2593,10.0515],[76.2599,10.0515],[76.2599,10.0521],[76.2596,10.0521],[76.2596,10.0526],[76.2593,10.0526],[76.2593,10.0529],[76.259,10.0529],[76.259,10.0532],[76.2585,10.0532],[76.2585,10.0543],[76.2588,10.0543],[76.2588,10.0546],[76.2582,10.0546],[76.2582,10.0554],[76.259,10.0554],[76.259,10.0557],[76.2596,10.0557],[76.2596,10.056],[76.2599,10.056],[76.2599,10.0562],[76.2601,10.0562],[76.2601,10.0565],[76.2604,10.0565],[76.2604,10.0568],[76.261,10.0568],[76.261,10.0569],[76.261,10.0571],[76.2613,10.0571],[76.2613,10.0574],[76.2618,10.0574],[76.2618,10.0579],[76.2615,10.0579],[76.2615,10.0588],[76.2613,10.0588],[76.2613,10.059],[76.261,10.059],[76.261,10.0593],[76.2604,10.0593],[76.2604,10.0596],[76.2601,10.0596],[76.2601,10.0601],[76.2599,10.0601],[76.2599,10.0607],[76.2593,10.0607],[76.2593,10.0612],[76.259,10.0612],[76.259,10.0615],[76.2588,10.0615],[76.2588,10.0618],[76.2585,10.0618],[76.2585,10.0621],[76.2576,10.0621],[76.2576,10.0615],[76.2574,10.0615],[76.2574,10.0612],[76.2568,10.0612],[76.2568,10.0632],[76.2571,10.0632],[76.2571,10.0635],[76.2576,10.0635],[76.2576,10.0643],[76.2579,10.0643],[76.2579,10.0646],[76.2576,10.0646],[76.2576,10.0649],[76.2574,10.0649],[76.2574,10.0651],[76.2571,10.0651],[76.2571,10.0654],[76.2574,10.0654],[76.2574,10.066],[76.2576,10.066],[76.2576,10.0665],[76.2574,10.0665],[76.2574,10.0671],[76.2571,10.0671],[76.2571,10.0679],[76.2574,10.0679],[76.2574,10.0685],[76.2588,10.0685],[76.2588,10.0679],[76.259,10.0679],[76.259,10.0674],[76.2593,10.0674],[76.2593,10.0668],[76.2596,10.0668],[76.2596,10.0665],[76.2601,10.0665],[76.2601,10.0663],[76.2604,10.0663],[76.2604,10.0651],[76.2601,10.0651],[76.2601,10.0643],[76.2607,10.0643],[76.2607,10.0646],[76.2613,10.0646],[76.2613,10.0651],[76.2618,10.0651],[76.2618,10.0654],[76.2621,10.0654],[76.2621,10.0665],[76.2629,10.0665],[76.2629,10.0671],[76.264,10.0671],[76.264,10.0676],[76.2643,10.0676],[76.2643,10.0679],[76.2654,10.0679],[76.2654,10.0676],[76.2657,10.0676],[76.2657,10.0671],[76.266,10.0671],[76.266,10.0668],[76.2668,10.0668],[76.2668,10.0671],[76.2671,10.0671],[76.2671,10.0676],[76.2668,10.0676],[76.2668,10.0682],[76.2665,10.0682],[76.2665,10.0688],[76.2663,10.0688],[76.2663,10.0693],[76.2665,10.0693],[76.2665,10.0699],[76.2668,10.0699],[76.2668,10.0701],[76.2671,10.0701],[76.2671,10.071],[76.2668,10.071],[76.2668,10.0718],[76.2646,10.0718],[76.2646,10.0715],[76.264,10.0715],[76.264,10.0713],[76.2637,10.0713],[76.2637,10.071],[76.2635,10.071],[76.2635,10.0707],[76.2632,10.0707],[76.2632,10.071],[76.2629,10.071],[76.2629,10.0707],[76.2618,10.0707],[76.2618,10.0704],[76.2615,10.0704],[76.2615,10.0701],[76.261,10.0701],[76.261,10.071],[76.2613,10.071],[76.2613,10.0715],[76.2624,10.0715],[76.2624,10.0718],[76.2621,10.0718],[76.2621,10.0726],[76.2618,10.0726],[76.2618,10.0737],[76.2615,10.0738],[76.2615,10.0743],[76.2613,10.0743],[76.2613,10.0749],[76.261,10.0749],[76.261,10.0754],[76.2607,10.0754],[76.2607,10.076],[76.2604,10.076],[76.2604,10.0768],[76.2601,10.0768],[76.2601,10.0771],[76.2599,10.0771],[76.2599,10.0779],[76.2596,10.0779],[76.2596,10.079],[76.2593,10.079],[76.2593,10.0793],[76.259,10.0793],[76.259,10.0799],[76.2588,10.0799],[76.2588,10.0807],[76.2585,10.0807],[76.2585,10.0813],[76.2582,10.0812],[76.2582,10.0818],[76.2579,10.0818],[76.2579,10.0821],[76.2576,10.0821],[76.2576,10.0832],[76.2574,10.0832],[76.2574,10.0846],[76.2579,10.0846],[76.2579,10.0849],[76.2582,10.0849],[76.2582,10.0851],[76.2588,10.0851],[76.2588,10.0849],[76.259,10.0849],[76.259,10.0846],[76.2593,10.0846],[76.2593,10.0843],[76.2596,10.0843],[76.2596,10.084],[76.2599,10.084],[76.2599,10.0832],[76.2601,10.0832],[76.2601,10.0824],[76.2604,10.0824],[76.2604,10.0815],[76.2607,10.0815],[76.2607,10.0812],[76.261,10.0813],[76.261,10.081],[76.2613,10.081],[76.2613,10.079],[76.2615,10.079],[76.2615,10.0788],[76.2621,10.0788],[76.2621,10.0785],[76.2624,10.0785],[76.2624,10.0782],[76.2629,10.0782],[76.2629,10.0779],[76.2626,10.0779],[76.2626,10.0765],[76.264,10.0765],[76.264,10.076],[76.2643,10.076],[76.2643,10.0754],[76.2646,10.0754],[76.2646,10.0749],[76.2649,10.0749],[76.2649,10.0743],[76.2651,10.0743],[76.2651,10.0735],[76.2649,10.0735],[76.2649,10.0726],[76.2651,10.0726],[76.2651,10.0729],[76.2657,10.0729],[76.2657,10.0732],[76.2663,10.0732],[76.2663,10.0746],[76.266,10.0746],[76.266,10.0751],[76.2657,10.0751],[76.2657,10.0757],[76.266,10.0757],[76.266,10.076],[76.2657,10.076],[76.2657,10.0763],[76.2654,10.0763],[76.2654,10.0768],[76.2651,10.0768],[76.2651,10.0771],[76.2649,10.0771],[76.2649,10.0774],[76.2646,10.0774],[76.2646,10.0793],[76.2643,10.0793],[76.2643,10.0799],[76.264,10.0799],[76.264,10.0801],[76.2637,10.0801],[76.2637,10.0804],[76.2635,10.0804],[76.2635,10.0807],[76.2632,10.0807],[76.2632,10.0815],[76.2629,10.0815],[76.2629,10.0818],[76.2626,10.0818],[76.2626,10.0821],[76.2624,10.0821],[76.2624,10.0824],[76.2621,10.0824],[76.2621,10.0832],[76.2618,10.0832],[76.2618,10.0835],[76.2615,10.0835],[76.2615,10.0837],[76.2613,10.0837],[76.2613,10.0843],[76.261,10.0843],[76.261,10.0857],[76.2607,10.0857],[76.2607,10.0863],[76.2601,10.0863],[76.2601,10.0865],[76.2593,10.0865],[76.2593,10.0868],[76.259,10.0868],[76.259,10.0876],[76.2593,10.0876],[76.2593,10.0879],[76.2596,10.0879],[76.2596,10.0882],[76.2599,10.0882],[76.2599,10.0893],[76.2596,10.0893],[76.2596,10.0901],[76.2593,10.0901],[76.2593,10.0907],[76.259,10.0907],[76.259,10.0913],[76.2582,10.0913],[76.2582,10.0907],[76.2579,10.0907],[76.2579,10.0896],[76.2576,10.0896],[76.2576,10.0882],[76.2579,10.0882],[76.2579,10.0879],[76.2582,10.0879],[76.2582,10.0876],[76.2585,10.0876],[76.2585,10.0871],[76.2582,10.0871],[76.2582,10.0863],[76.2579,10.0863],[76.2579,10.0857],[76.2576,10.0857],[76.2576,10.0854],[76.2574,10.0854],[76.2574,10.0851],[76.2571,10.0851],[76.2571,10.0854],[76.2562,10.0854],[76.2562,10.0871],[76.256,10.0871],[76.256,10.0865],[76.2557,10.0865],[76.2557,10.0857],[76.2554,10.0857],[76.2554,10.0849],[76.2551,10.0849],[76.2551,10.0843],[76.2549,10.0843],[76.2549,10.0837],[76.2543,10.0837],[76.2543,10.0835],[76.2529,10.0835],[76.2529,10.0837],[76.2526,10.0837],[76.2526,10.0846],[76.2524,10.0846],[76.2524,10.0851],[76.2521,10.0851],[76.2521,10.0854],[76.2524,10.0854],[76.2524,10.0874],[76.2535,10.0874],[76.2535,10.0888],[76.2532,10.0888],[76.2532,10.0893],[76.2529,10.0893],[76.2529,10.0882],[76.2526,10.0882],[76.2526,10.0876],[76.2515,10.0876],[76.2515,10.0879],[76.251,10.0879],[76.251,10.0882],[76.2507,10.0882],[76.2507,10.089],[76.251,10.089],[76.251,10.0901],[76.2513,10.0901],[76.2513,10.0907],[76.2515,10.0907],[76.2515,10.0913],[76.2524,10.0913],[76.2524,10.0915],[76.2526,10.0915],[76.2526,10.0921],[76.2524,10.0921],[76.2524,10.0926],[76.2521,10.0926],[76.2521,10.0932],[76.2518,10.0932],[76.2518,10.0935],[76.2513,10.0935],[76.2513,10.0938],[76.251,10.0938],[76.251,10.094],[76.2504,10.094],[76.2504,10.0946],[76.2501,10.0946],[76.2501,10.0951],[76.2499,10.0951],[76.2499,10.096],[76.2496,10.096],[76.2496,10.0954],[76.2493,10.0954],[76.2493,10.0951],[76.2476,10.0951],[76.2476,10.096],[76.2479,10.096],[76.2479,10.0971],[76.2485,10.0971],[76.2485,10.0974],[76.2487,10.0974],[76.2487,10.0982],[76.2485,10.0982],[76.2485,10.0988],[76.2482,10.0988],[76.2482,10.099],[76.2479,10.099],[76.2479,10.0993],[76.2476,10.0993],[76.2476,10.0996],[76.2474,10.0996],[76.2474,10.0999],[76.2471,10.0999],[76.2471,10.1001],[76.246,10.1001],[76.246,10.1004],[76.2462,10.1004],[76.2462,10.101],[76.2465,10.101],[76.2465,10.1013],[76.2457,10.1013],[76.2457,10.1018],[76.2454,10.1018],[76.2454,10.1021],[76.2451,10.1021],[76.2451,10.1026],[76.2421,10.1026],[76.2421,10.104],[76.2432,10.104],[76.2432,10.1043],[76.2435,10.1043],[76.2435,10.1049],[76.2424,10.1049],[76.2424,10.1051],[76.2418,10.1051],[76.2418,10.1054],[76.2421,10.1054],[76.2421,10.106],[76.2424,10.106],[76.2424,10.1065],[76.2412,10.1065],[76.2412,10.1071],[76.241,10.1071],[76.241,10.1076],[76.2412,10.1076],[76.2412,10.1088],[76.2407,10.1088],[76.2407,10.1085],[76.2404,10.1085],[76.2404,10.1082],[76.2393,10.1082],[76.2393,10.1085],[76.239,10.1085],[76.239,10.109],[76.2393,10.109],[76.2393,10.1096],[76.2396,10.1096],[76.2396,10.1101],[76.2399,10.1101],[76.2399,10.1104],[76.2385,10.1104],[76.2385,10.1107],[76.2382,10.1107],[76.2382,10.111],[76.2379,10.111],[76.2379,10.1112],[76.239,10.1112],[76.239,10.1115],[76.2387,10.1115],[76.2387,10.1121],[76.2385,10.1121],[76.2385,10.1124],[76.2382,10.1124],[76.2382,10.1118],[76.2368,10.1118],[76.2368,10.1126],[76.2371,10.1126],[76.2371,10.1138],[76.2368,10.1138],[76.2368,10.114],[76.2349,10.114],[76.2349,10.1129],[76.2337,10.1129],[76.2337,10.1135],[76.2335,10.1135],[76.2335,10.114],[76.2318,10.114],[76.2318,10.1135],[76.2312,10.1135],[76.2312,10.1138],[76.231,10.1138],[76.231,10.114],[76.2304,10.114],[76.2304,10.1146],[76.2301,10.1146],[76.2301,10.1154],[76.2304,10.1154],[76.2304,10.116],[76.2301,10.116],[76.2301,10.1163],[76.229,10.1163],[76.229,10.1168],[76.2288,10.1168],[76.2288,10.1174],[76.2285,10.1174],[76.2285,10.1179],[76.2288,10.1179],[76.2288,10.1185],[76.2285,10.1185],[76.2285,10.119],[76.2282,10.119],[76.2282,10.1193],[76.2279,10.1193],[76.2279,10.1201],[76.2282,10.1201],[76.2282,10.1207],[76.2288,10.1207],[76.2288,10.121],[76.2312,10.121],[76.2312,10.1215],[76.231,10.1215],[76.231,10.1218],[76.2307,10.1218],[76.2307,10.1221],[76.2282,10.1221],[76.2282,10.1224],[76.2279,10.1224],[76.2279,10.1226],[76.2274,10.1226],[76.2274,10.1238],[76.2285,10.1237],[76.2285,10.1249],[76.2282,10.1249],[76.2282,10.1251],[76.2279,10.1251],[76.2279,10.1254],[76.2276,10.1254],[76.2276,10.1263],[76.2274,10.1263],[76.2274,10.1265],[76.2271,10.1265],[76.2271,10.1268],[76.2268,10.1268],[76.2268,10.1271],[76.2257,10.1271],[76.2257,10.1268],[76.226,10.1268],[76.226,10.1263],[76.2262,10.1263],[76.2262,10.1257],[76.2271,10.1257],[76.2271,10.1254],[76.2274,10.1254],[76.2274,10.1251],[76.2276,10.1251],[76.2276,10.1249],[76.2274,10.1249],[76.2274,10.1246],[76.2268,10.1246],[76.2268,10.1249],[76.2265,10.1249],[76.2265,10.1251],[76.2257,10.1251],[76.2257,10.1249],[76.2254,10.1249],[76.2254,10.124],[76.2257,10.124],[76.2257,10.1235],[76.226,10.1235],[76.226,10.1226],[76.2262,10.1226],[76.2262,10.1224],[76.2265,10.1224],[76.2265,10.1221],[76.2268,10.1221],[76.2268,10.1218],[76.2271,10.1218],[76.2271,10.1215],[76.2276,10.1215],[76.2276,10.1213],[76.2279,10.1213],[76.2279,10.1204],[76.2271,10.1204],[76.2271,10.1201],[76.2274,10.1201],[76.2274,10.1196],[76.2276,10.1196],[76.2276,10.119],[76.2279,10.119],[76.2279,10.1176],[76.2282,10.1176],[76.2282,10.1171],[76.2285,10.1171],[76.2285,10.1165],[76.2287,10.1165],[76.2287,10.1157],[76.229,10.1157],[76.229,10.1154],[76.2293,10.1154],[76.2293,10.1146],[76.229,10.1146],[76.229,10.1138],[76.2293,10.1138],[76.2293,10.1135],[76.2299,10.1135],[76.2299,10.1138],[76.2301,10.1138],[76.2301,10.1135],[76.2307,10.1135],[76.2307,10.1126],[76.2312,10.1126],[76.2312,10.1121],[76.2315,10.1121],[76.2315,10.1115],[76.2346,10.1115],[76.2346,10.1112],[76.2349,10.1112],[76.2349,10.111],[76.2351,10.111],[76.2351,10.1096],[76.2354,10.1096],[76.2354,10.1082],[76.2343,10.1082],[76.2343,10.109],[76.234,10.109],[76.234,10.1099],[76.2337,10.1099],[76.2337,10.1096],[76.2326,10.1096],[76.2326,10.1101],[76.2324,10.1101],[76.2324,10.111],[76.2312,10.111],[76.2312,10.1107],[76.231,10.1107],[76.231,10.1096],[76.2312,10.1096],[76.2312,10.109],[76.2315,10.109],[76.2315,10.1085],[76.2318,10.1085],[76.2318,10.1079],[76.2321,10.1079],[76.2321,10.1074],[76.2324,10.1074],[76.2324,10.1065],[76.2326,10.1065],[76.2326,10.1054],[76.2329,10.1054],[76.2329,10.1049],[76.2332,10.1049],[76.2332,10.104],[76.2335,10.104],[76.2335,10.1026],[76.2337,10.1026],[76.2337,10.1021],[76.234,10.1021],[76.234,10.1007],[76.2343,10.1007],[76.2343,10.0999],[76.2346,10.0999],[76.2346,10.0988],[76.2349,10.0988],[76.2349,10.0985],[76.2351,10.0985],[76.2351,10.0976],[76.2354,10.0976],[76.2354,10.0971],[76.2357,10.0971],[76.2357,10.0962],[76.236,10.0962],[76.236,10.0957],[76.2363,10.0957],[76.2363,10.0954],[76.2365,10.0954],[76.2365,10.0949],[76.2368,10.0949],[76.2368,10.0932],[76.2371,10.0932],[76.2371,10.0921],[76.2368,10.0921],[76.2368,10.0915],[76.2365,10.0915],[76.2365,10.0913],[76.2368,10.0913],[76.2368,10.091],[76.2374,10.091],[76.2374,10.0907],[76.2376,10.0907],[76.2376,10.0904],[76.2379,10.0904],[76.2379,10.0893],[76.2382,10.0893],[76.2382,10.0888],[76.2385,10.0888],[76.2385,10.0882],[76.2387,10.0882],[76.2387,10.0879],[76.239,10.0879],[76.239,10.0871],[76.2393,10.0871],[76.2393,10.0865],[76.2396,10.0865],[76.2396,10.0851],[76.2399,10.0851],[76.2399,10.084],[76.2401,10.084],[76.2401,10.0826],[76.2404,10.0826],[76.2404,10.0818],[76.2407,10.0818],[76.2407,10.0807],[76.241,10.0807],[76.241,10.0801],[76.2412,10.0801],[76.2412,10.0796],[76.2415,10.0796],[76.2415,10.0793],[76.2418,10.0793],[76.2418,10.0776],[76.2421,10.0776],[76.2421,10.0771],[76.2424,10.0771],[76.2424,10.0762],[76.2426,10.0763],[76.2426,10.0754],[76.2424,10.0754],[76.2424,10.0749],[76.2421,10.0749],[76.2421,10.0746],[76.2399,10.0746],[76.2399,10.0749],[76.2396,10.0749],[76.2396,10.0751],[76.2393,10.0751],[76.2393,10.0757],[76.239,10.0757],[76.239,10.076],[76.2387,10.076],[76.2387,10.0765],[76.2385,10.0765],[76.2385,10.0771],[76.2382,10.0771],[76.2382,10.0774],[76.2379,10.0774],[76.2379,10.0785],[76.2376,10.0785],[76.2376,10.079],[76.2374,10.079],[76.2374,10.0796],[76.2368,10.0796],[76.2368,10.0799],[76.2365,10.0799],[76.2365,10.0804],[76.2363,10.0804],[76.2363,10.0807],[76.2365,10.0807],[76.2365,10.081],[76.2363,10.081],[76.2363,10.0815],[76.236,10.0815],[76.236,10.0818],[76.2357,10.0818],[76.2357,10.0829],[76.2354,10.0829],[76.2354,10.0837],[76.2349,10.0837],[76.2349,10.084],[76.2346,10.084],[76.2346,10.0843],[76.2343,10.0843],[76.2343,10.0849],[76.234,10.0849],[76.234,10.0857],[76.2337,10.0857],[76.2337,10.0863],[76.234,10.0863],[76.234,10.0876],[76.2337,10.0876],[76.2337,10.0879],[76.2332,10.0879],[76.2332,10.0882],[76.2329,10.0882],[76.2329,10.0888],[76.2326,10.0888],[76.2326,10.089],[76.2324,10.089],[76.2324,10.0893],[76.2321,10.0893],[76.2321,10.0896],[76.2315,10.0896],[76.2315,10.0901],[76.2312,10.0901],[76.2312,10.091],[76.231,10.091],[76.231,10.0915],[76.2307,10.0915],[76.2307,10.0918],[76.2304,10.0918],[76.2304,10.0921],[76.2301,10.0921],[76.2301,10.0926],[76.2299,10.0926],[76.2299,10.094],[76.2301,10.094],[76.2301,10.0951],[76.2299,10.0951],[76.2299,10.0954],[76.2296,10.0954],[76.2296,10.096],[76.2293,10.096],[76.2293,10.0962],[76.2304,10.0962],[76.2304,10.096],[76.2307,10.096],[76.2307,10.0957],[76.231,10.0957],[76.231,10.0954],[76.2312,10.0954],[76.2312,10.0951],[76.2315,10.0951],[76.2315,10.0946],[76.2318,10.0946],[76.2318,10.094],[76.231,10.094],[76.231,10.0929],[76.2318,10.0929],[76.2318,10.0935],[76.2321,10.0935],[76.2321,10.0943],[76.2335,10.0943],[76.2335,10.0946],[76.2332,10.0946],[76.2332,10.0951],[76.2326,10.0951],[76.2326,10.0954],[76.2324,10.0954],[76.2324,10.0957],[76.2318,10.0957],[76.2318,10.096],[76.2315,10.096],[76.2315,10.0962],[76.2312,10.0962],[76.2312,10.0968],[76.231,10.0968],[76.231,10.0974],[76.2307,10.0974],[76.2307,10.0979],[76.2285,10.0979],[76.2285,10.0985],[76.2282,10.0985],[76.2282,10.099],[76.2285,10.099],[76.2285,10.101],[76.2282,10.101],[76.2282,10.1018],[76.2279,10.1018],[76.2279,10.1024],[76.2271,10.1024],[76.2271,10.1018],[76.2268,10.1018],[76.2268,10.1015],[76.226,10.1015],[76.226,10.1013],[76.2254,10.1013],[76.2254,10.101],[76.2257,10.101],[76.2257,10.1004],[76.226,10.1004],[76.226,10.0999],[76.2262,10.0999],[76.2262,10.0996],[76.2265,10.0996],[76.2265,10.099],[76.2268,10.099],[76.2268,10.0985],[76.2274,10.0985],[76.2274,10.0982],[76.2271,10.0982],[76.2271,10.0979],[76.2274,10.0979],[76.2274,10.0976],[76.2276,10.0976],[76.2276,10.0968],[76.2279,10.0968],[76.2279,10.0965],[76.2287,10.0965],[76.2287,10.0962],[76.2285,10.0962],[76.2285,10.096],[76.2288,10.096],[76.2288,10.0957],[76.229,10.0957],[76.229,10.0946],[76.2282,10.0946],[76.2282,10.0943],[76.2276,10.0943],[76.2276,10.0946],[76.2271,10.0946],[76.2271,10.0951],[76.2268,10.0951],[76.2268,10.0954],[76.2265,10.0954],[76.2265,10.0962],[76.2262,10.0962],[76.2262,10.0965],[76.226,10.0965],[76.226,10.0971],[76.2257,10.0971],[76.2257,10.0974],[76.2254,10.0974],[76.2254,10.0979],[76.2249,10.0979],[76.2249,10.0985],[76.2243,10.0985],[76.2243,10.0988],[76.224,10.0988],[76.224,10.0999],[76.2237,10.0999],[76.2237,10.1001],[76.2235,10.1001],[76.2235,10.1007],[76.2232,10.1007],[76.2232,10.1018],[76.2229,10.1018],[76.2229,10.1021],[76.2224,10.1021],[76.2224,10.1029],[76.2221,10.1029],[76.2221,10.1035],[76.2218,10.1035],[76.2218,10.1037],[76.2215,10.1037],[76.2215,10.1043],[76.2213,10.1043],[76.2213,10.1049],[76.221,10.1049],[76.221,10.1051],[76.2207,10.1051],[76.2207,10.1057],[76.2204,10.1057],[76.2204,10.106],[76.2201,10.106],[76.2201,10.1065],[76.2199,10.1065],[76.2199,10.1068],[76.2196,10.1068],[76.2196,10.1071],[76.2193,10.1071],[76.2193,10.1074],[76.219,10.1074],[76.219,10.1079],[76.2188,10.1079],[76.2188,10.1085],[76.2185,10.1085],[76.2185,10.109],[76.2182,10.109],[76.2182,10.1096],[76.2179,10.1096],[76.2179,10.1099],[76.2176,10.1099],[76.2176,10.1101],[76.2174,10.1101],[76.2174,10.1107],[76.2171,10.1107],[76.2171,10.1112],[76.2168,10.1112],[76.2168,10.1118],[76.2162,10.1118],[76.2162,10.1124],[76.216,10.1124],[76.216,10.1126],[76.2157,10.1126],[76.2157,10.1129],[76.216,10.1129],[76.216,10.1132],[76.2162,10.1132],[76.2162,10.1157],[76.2185,10.1157],[76.2185,10.1154],[76.2188,10.1154],[76.2188,10.1149],[76.219,10.1149],[76.219,10.1143],[76.2193,10.1143],[76.2193,10.114],[76.219,10.114],[76.219,10.1138],[76.2185,10.1138],[76.2185,10.1135],[76.2179,10.1135],[76.2179,10.1132],[76.2182,10.1132],[76.2182,10.1126],[76.2188,10.1126],[76.2188,10.1124],[76.219,10.1124],[76.219,10.1118],[76.2193,10.1118],[76.2193,10.1112],[76.2196,10.1112],[76.2196,10.1107],[76.2199,10.1107],[76.2199,10.1104],[76.2201,10.1104],[76.2201,10.1099],[76.2204,10.1099],[76.2204,10.1093],[76.2207,10.1093],[76.2207,10.109],[76.221,10.109],[76.221,10.1085],[76.2213,10.1085],[76.2213,10.1079],[76.2215,10.1079],[76.2215,10.1074],[76.2218,10.1074],[76.2218,10.1068],[76.2221,10.1068],[76.2221,10.1062],[76.2224,10.1062],[76.2224,10.106],[76.2226,10.106],[76.2226,10.1054],[76.2229,10.1054],[76.2229,10.1046],[76.2232,10.1046],[76.2232,10.1043],[76.2235,10.1043],[76.2235,10.104],[76.2237,10.104],[76.2237,10.1035],[76.2243,10.1035],[76.2243,10.1037],[76.2246,10.1037],[76.2246,10.104],[76.2243,10.104],[76.2243,10.1043],[76.224,10.1043],[76.224,10.1046],[76.2237,10.1046],[76.2237,10.1049],[76.2235,10.1049],[76.2235,10.1051],[76.2237,10.1051],[76.2237,10.1054],[76.224,10.1054],[76.224,10.1057],[76.2243,10.1057],[76.2243,10.106],[76.224,10.106],[76.224,10.1076],[76.2232,10.1076],[76.2232,10.1088],[76.2235,10.1088],[76.2235,10.109],[76.2237,10.109],[76.2237,10.1093],[76.2249,10.1093],[76.2249,10.109],[76.2254,10.109],[76.2254,10.1093],[76.2262,10.1093],[76.2262,10.1101],[76.226,10.1101],[76.226,10.1104],[76.2257,10.1104],[76.2257,10.1112],[76.2254,10.1112],[76.2254,10.1115],[76.2251,10.1115],[76.2251,10.1118],[76.2246,10.1118],[76.2246,10.1121],[76.2243,10.1121],[76.2243,10.1132],[76.224,10.1132],[76.224,10.1135],[76.2237,10.1135],[76.2237,10.1138],[76.2235,10.1138],[76.2235,10.114],[76.2232,10.114],[76.2232,10.1143],[76.2229,10.1143],[76.2229,10.1146],[76.2226,10.1146],[76.2226,10.1149],[76.2224,10.1149],[76.2224,10.1154],[76.2221,10.1154],[76.2221,10.1157],[76.2218,10.1157],[76.2218,10.116],[76.2215,10.116],[76.2215,10.1163],[76.2224,10.1163],[76.2224,10.1165],[76.2232,10.1165],[76.2232,10.1168],[76.2235,10.1168],[76.2235,10.1174],[76.2232,10.1174],[76.2232,10.1188],[76.2229,10.1188],[76.2229,10.1196],[76.2226,10.1196],[76.2226,10.1204],[76.2224,10.1204],[76.2224,10.1213],[76.2221,10.1213],[76.2221,10.1226],[76.2218,10.1226],[76.2218,10.1232],[76.2215,10.1232],[76.2215,10.1238],[76.2213,10.1238],[76.2213,10.124],[76.2215,10.124],[76.2215,10.1249],[76.2213,10.1249],[76.2213,10.1257],[76.221,10.1257],[76.221,10.1263],[76.2207,10.1263],[76.2207,10.1265],[76.2204,10.1265],[76.2204,10.1271],[76.2201,10.1271],[76.2201,10.1274],[76.2199,10.1274],[76.2199,10.1276],[76.2196,10.1276],[76.2196,10.1279],[76.2193,10.1279],[76.2193,10.1282],[76.219,10.1282],[76.219,10.1287],[76.2188,10.1287],[76.2188,10.129],[76.2185,10.129],[76.2185,10.1293],[76.2182,10.1293],[76.2182,10.1301],[76.2176,10.1301],[76.2176,10.1304],[76.2174,10.1304],[76.2174,10.1307],[76.2171,10.1307],[76.2171,10.131],[76.2165,10.131],[76.2165,10.1312],[76.216,10.1312],[76.216,10.131],[76.2135,10.131],[76.2135,10.1307],[76.2132,10.1307],[76.2132,10.131],[76.2129,10.131],[76.2129,10.1312],[76.2126,10.1312],[76.2126,10.1318],[76.2124,10.1318],[76.2124,10.1326],[76.2121,10.1326],[76.2121,10.1332],[76.2118,10.1332],[76.2118,10.1335],[76.2115,10.1335],[76.2115,10.1338],[76.2113,10.1338],[76.2113,10.1335],[76.211,10.1335],[76.211,10.1338],[76.2107,10.1337],[76.2107,10.1346],[76.2113,10.1346],[76.2113,10.1357],[76.2107,10.1357],[76.2107,10.1351],[76.2104,10.1351],[76.2104,10.1349],[76.2076,10.1349],[76.2076,10.1351],[76.2074,10.1351],[76.2074,10.1357],[76.2076,10.1357],[76.2076,10.136],[76.2079,10.136],[76.2079,10.1362],[76.2087,10.1362],[76.2087,10.1365],[76.2093,10.1365],[76.2093,10.1368],[76.2096,10.1368],[76.2096,10.1371],[76.2107,10.1371],[76.2107,10.1374],[76.211,10.1374],[76.211,10.1376],[76.2113,10.1376],[76.2113,10.1379],[76.2121,10.1379],[76.2121,10.1382],[76.2124,10.1382],[76.2124,10.1385],[76.2126,10.1385],[76.2126,10.1393],[76.2121,10.1393],[76.2121,10.1396],[76.2118,10.1396],[76.2118,10.1404],[76.2121,10.1404],[76.2121,10.1426],[76.2118,10.1426],[76.2118,10.1432],[76.2115,10.1432],[76.2115,10.1435],[76.2113,10.1435],[76.2113,10.1438],[76.2107,10.1438],[76.2107,10.144],[76.2099,10.144],[76.2099,10.1443],[76.2093,10.1443],[76.2093,10.1446],[76.2079,10.1446],[76.2079,10.1449],[76.2076,10.1449],[76.2076,10.1451],[76.2074,10.1451],[76.2074,10.1454],[76.2068,10.1454],[76.2068,10.1463],[76.2065,10.1463],[76.2065,10.1471],[76.2057,10.1471],[76.2057,10.1468],[76.2054,10.1468],[76.2054,10.1463],[76.2057,10.1463],[76.2057,10.1454],[76.2054,10.1454],[76.2054,10.1449],[76.2051,10.1449],[76.2051,10.1446],[76.2049,10.1446],[76.2049,10.1443],[76.2054,10.1443],[76.2054,10.1446],[76.2057,10.1446],[76.2057,10.1449],[76.2063,10.1449],[76.2063,10.1443],[76.2065,10.1443],[76.2065,10.1438],[76.2063,10.1438],[76.2063,10.1435],[76.206,10.1435],[76.206,10.1424],[76.2057,10.1424],[76.2057,10.141],[76.204,10.141],[76.204,10.1407],[76.2035,10.1407],[76.2035,10.1399],[76.2038,10.1399],[76.2038,10.1393],[76.204,10.1393],[76.204,10.1388],[76.2043,10.1388],[76.2043,10.1379],[76.2035,10.1379],[76.2035,10.1382],[76.2032,10.1382],[76.2032,10.1376],[76.2035,10.1376],[76.2035,10.1371],[76.2038,10.1371],[76.2038,10.1368],[76.204,10.1368],[76.204,10.1365],[76.2043,10.1365],[76.2043,10.1362],[76.2046,10.1362],[76.2046,10.136],[76.2049,10.136],[76.2049,10.1354],[76.2051,10.1354],[76.2051,10.1351],[76.2054,10.1351],[76.2054,10.1349],[76.2057,10.1349],[76.2057,10.1346],[76.206,10.1346],[76.206,10.134],[76.2063,10.134],[76.2063,10.1335],[76.2065,10.1335],[76.2065,10.131],[76.2071,10.131],[76.2071,10.1307],[76.2068,10.1307],[76.2068,10.1301],[76.2057,10.1301],[76.2057,10.131],[76.2054,10.131],[76.2054,10.1324],[76.2051,10.1323],[76.2051,10.1329],[76.2049,10.1329],[76.2049,10.1332],[76.2046,10.1332],[76.2046,10.1335],[76.2038,10.1335],[76.2038,10.1338],[76.2035,10.1338],[76.2035,10.1335],[76.2029,10.1335],[76.2029,10.1329],[76.2026,10.1329],[76.2026,10.1326],[76.2024,10.1326],[76.2024,10.1321],[76.2026,10.1321],[76.2026,10.1318],[76.2032,10.1318],[76.2032,10.1315],[76.2046,10.1315],[76.2046,10.1304],[76.2049,10.1304],[76.2049,10.1299],[76.2063,10.1299],[76.2063,10.1296],[76.2065,10.1296],[76.2065,10.129],[76.2068,10.129],[76.2068,10.1285],[76.2071,10.1285],[76.2071,10.1279],[76.2074,10.1279],[76.2074,10.1276],[76.2071,10.1276],[76.2071,10.1274],[76.2074,10.1274],[76.2074,10.1271],[76.2071,10.1271],[76.2071,10.1265],[76.2074,10.1265],[76.2074,10.1263],[76.2071,10.1263],[76.2071,10.1243],[76.2074,10.1243],[76.2074,10.1232],[76.2076,10.1232],[76.2076,10.1224],[76.2079,10.1224],[76.2079,10.1215],[76.2082,10.1215],[76.2082,10.1213],[76.2085,10.1213],[76.2085,10.121],[76.2079,10.121],[76.2079,10.1207],[76.2082,10.1207],[76.2082,10.1204],[76.2085,10.1204],[76.2085,10.1199],[76.2087,10.1199],[76.2087,10.1193],[76.209,10.1193],[76.209,10.1188],[76.2093,10.1188],[76.2093,10.1182],[76.2096,10.1182],[76.2096,10.1171],[76.2099,10.1171],[76.2099,10.1163],[76.2101,10.1163],[76.2101,10.1157],[76.2104,10.1157],[76.2104,10.1154],[76.2101,10.1154],[76.2101,10.1146],[76.2104,10.1146],[76.2104,10.1138],[76.2107,10.1138],[76.2107,10.1132],[76.211,10.1132],[76.211,10.1126],[76.2113,10.1126],[76.2113,10.1121],[76.2115,10.1121],[76.2115,10.111],[76.2118,10.111],[76.2118,10.1101],[76.2121,10.1101],[76.2121,10.1096],[76.2124,10.1096],[76.2124,10.1093],[76.2129,10.1093],[76.2129,10.1079],[76.2132,10.1079],[76.2132,10.1065],[76.2135,10.1065],[76.2135,10.106],[76.2138,10.106],[76.2138,10.1057],[76.214,10.1057],[76.214,10.1051],[76.2138,10.1051],[76.2138,10.1046],[76.2132,10.1046],[76.2132,10.1043],[76.2129,10.1043],[76.2129,10.1035],[76.2132,10.1035],[76.2132,10.1032],[76.214,10.1032],[76.214,10.1015],[76.2138,10.1015],[76.2138,10.101],[76.214,10.101],[76.214,10.1004],[76.2143,10.1004],[76.2143,10.0996],[76.2146,10.0996],[76.2146,10.0993],[76.2143,10.0993],[76.2143,10.0979],[76.2146,10.0979],[76.2146,10.0974],[76.2149,10.0974],[76.2149,10.0968],[76.2151,10.0968],[76.2151,10.0962],[76.2154,10.0962],[76.2154,10.0954],[76.2157,10.0954],[76.2157,10.0951],[76.216,10.0951],[76.216,10.0949],[76.2162,10.0949],[76.2162,10.0929],[76.2165,10.0929],[76.2165,10.0921],[76.2168,10.0921],[76.2168,10.0915],[76.2171,10.0915],[76.2171,10.0913],[76.2174,10.0913],[76.2174,10.0907],[76.2176,10.0907],[76.2176,10.0899],[76.2174,10.0899],[76.2174,10.089],[76.2168,10.089],[76.2168,10.0896],[76.2165,10.0896],[76.2165,10.0901],[76.2162,10.0901],[76.2162,10.091],[76.216,10.091],[76.216,10.0915],[76.2157,10.0915],[76.2157,10.0929],[76.2154,10.0929],[76.2154,10.0932],[76.2151,10.0932],[76.2151,10.094],[76.2149,10.094],[76.2149,10.096],[76.2146,10.096],[76.2146,10.0965],[76.2143,10.0965],[76.2143,10.0968],[76.2138,10.0968],[76.2138,10.0971],[76.2135,10.0971],[76.2135,10.0988],[76.2132,10.0988],[76.2132,10.0999],[76.2129,10.0999],[76.2129,10.1004],[76.2126,10.1004],[76.2126,10.1013],[76.2124,10.1013],[76.2124,10.1015],[76.2118,10.1015],[76.2118,10.1018],[76.2115,10.1018],[76.2115,10.1024],[76.2113,10.1024],[76.2113,10.1035],[76.2118,10.1035],[76.2118,10.104],[76.2115,10.104],[76.2115,10.1043],[76.211,10.1043],[76.211,10.104],[76.2107,10.104],[76.2107,10.1037],[76.2093,10.1037],[76.2093,10.1035],[76.209,10.1035],[76.209,10.1032],[76.2085,10.1032],[76.2085,10.1015],[76.2087,10.1015],[76.2087,10.101],[76.209,10.101],[76.209,10.1007],[76.2093,10.1007],[76.2093,10.1001],[76.2096,10.1001],[76.2096,10.0999],[76.2093,10.0999],[76.2093,10.0993],[76.209,10.0993],[76.209,10.099],[76.2087,10.099],[76.2087,10.0988],[76.2093,10.0988],[76.2093,10.0985],[76.2096,10.0985],[76.2096,10.0982],[76.2099,10.0982],[76.2099,10.0979],[76.2101,10.0979],[76.2101,10.0965],[76.2104,10.0965],[76.2104,10.0957],[76.2107,10.0957],[76.2107,10.0935],[76.211,10.0935],[76.211,10.0926],[76.2113,10.0926],[76.2113,10.0924],[76.211,10.0924],[76.211,10.0921],[76.2107,10.0921],[76.2107,10.0918],[76.2104,10.0918],[76.2104,10.0913],[76.2107,10.0913],[76.2107,10.091],[76.2113,10.091],[76.2113,10.0907],[76.2118,10.0907],[76.2118,10.0904],[76.2124,10.0904],[76.2124,10.0901],[76.2132,10.0901],[76.2132,10.0904],[76.2138,10.0904],[76.2138,10.0907],[76.214,10.0907],[76.214,10.0915],[76.2138,10.0915],[76.2138,10.0926],[76.214,10.0926],[76.214,10.0929],[76.2146,10.0929],[76.2146,10.0926],[76.2151,10.0926],[76.2151,10.0915],[76.2154,10.0915],[76.2154,10.0904],[76.2157,10.0904],[76.2157,10.089],[76.216,10.089],[76.216,10.0885],[76.2162,10.0885],[76.2162,10.0874],[76.2157,10.0874],[76.2157,10.0854],[76.2154,10.0854],[76.2154,10.0851],[76.2143,10.0851],[76.2143,10.0857],[76.214,10.0857],[76.214,10.0871],[76.2143,10.0871],[76.2143,10.0874],[76.2146,10.0874],[76.2146,10.0876],[76.2149,10.0876],[76.2149,10.0888],[76.2146,10.0888],[76.2146,10.0893],[76.214,10.0893],[76.214,10.089],[76.2138,10.089],[76.2138,10.0879],[76.2135,10.0879],[76.2135,10.0876],[76.2126,10.0876],[76.2126,10.0874],[76.2124,10.0874],[76.2124,10.0871],[76.2126,10.0871],[76.2126,10.0865],[76.2129,10.0865],[76.2129,10.086],[76.2132,10.086],[76.2132,10.0854],[76.2129,10.0854],[76.2129,10.0851],[76.2129,10.0849],[76.2126,10.0849],[76.2126,10.084],[76.2129,10.084],[76.2129,10.0835],[76.2132,10.0835],[76.2132,10.0832],[76.2137,10.0832],[76.2154,10.0832],[76.2154,10.0826],[76.2157,10.0826],[76.2157,10.0824],[76.216,10.0824],[76.216,10.0821],[76.2162,10.0821],[76.2162,10.0807],[76.216,10.0807],[76.216,10.0801],[76.2162,10.0801],[76.2162,10.0796],[76.2165,10.0796],[76.2165,10.079],[76.2168,10.079],[76.2168,10.0774],[76.2171,10.0774],[76.2171,10.0768],[76.2174,10.0768],[76.2174,10.076],[76.2176,10.076],[76.2176,10.0763],[76.2179,10.0763],[76.2179,10.076],[76.2182,10.076],[76.2182,10.0757],[76.2185,10.0757],[76.2185,10.0749],[76.2188,10.0749],[76.2188,10.0746],[76.219,10.0746],[76.219,10.074],[76.2193,10.074],[76.2193,10.0729],[76.2196,10.0729],[76.2196,10.0738],[76.221,10.0738],[76.221,10.0754],[76.2207,10.0754],[76.2207,10.0757],[76.2204,10.0757],[76.2204,10.076],[76.2201,10.076],[76.2201,10.0763],[76.2204,10.0763],[76.2204,10.0768],[76.2207,10.0768],[76.2207,10.0774],[76.2204,10.0774],[76.2204,10.0779],[76.2201,10.0779],[76.2201,10.0785],[76.2199,10.0785],[76.2199,10.0788],[76.2196,10.0787],[76.2196,10.0796],[76.2193,10.0796],[76.2193,10.0804],[76.219,10.0804],[76.219,10.0813],[76.2188,10.0812],[76.2188,10.0815],[76.2179,10.0815],[76.2179,10.0821],[76.2182,10.0821],[76.2182,10.0826],[76.2185,10.0826],[76.2185,10.0835],[76.2182,10.0835],[76.2182,10.0843],[76.2185,10.0843],[76.2185,10.0846],[76.2193,10.0846],[76.2193,10.0843],[76.2196,10.0843],[76.2196,10.0837],[76.2201,10.0837],[76.2201,10.084],[76.2204,10.084],[76.2204,10.0843],[76.2213,10.0843],[76.2213,10.0837],[76.221,10.0837],[76.221,10.0832],[76.2213,10.0832],[76.2213,10.0829],[76.2215,10.0829],[76.2215,10.0818],[76.2218,10.0818],[76.2218,10.081],[76.2226,10.081],[76.2226,10.0801],[76.2218,10.0801],[76.2218,10.0799],[76.2215,10.0799],[76.2215,10.0793],[76.2218,10.0793],[76.2218,10.0788],[76.2221,10.0788],[76.2221,10.0782],[76.2224,10.0782],[76.2224,10.0776],[76.2226,10.0776],[76.2226,10.0774],[76.2229,10.0774],[76.2229,10.0768],[76.2232,10.0768],[76.2232,10.0771],[76.2235,10.0771],[76.2235,10.0774],[76.224,10.0774],[76.224,10.0768],[76.2243,10.0768],[76.2243,10.076],[76.2232,10.076],[76.2232,10.0754],[76.2235,10.0754],[76.2235,10.0743],[76.2237,10.0743],[76.2237,10.0738],[76.224,10.0738],[76.224,10.0732],[76.2243,10.0732],[76.2243,10.0729],[76.2249,10.0729],[76.2249,10.0726],[76.2254,10.0726],[76.2254,10.0724],[76.2251,10.0724],[76.2251,10.0721],[76.2249,10.0721],[76.2249,10.0718],[76.2246,10.0718],[76.2246,10.0713],[76.2249,10.0713],[76.2249,10.071],[76.2257,10.071],[76.2257,10.069],[76.2262,10.069],[76.2262,10.0685],[76.2254,10.0685],[76.2254,10.0674],[76.2257,10.0674],[76.2257,10.0668],[76.226,10.0668],[76.226,10.066],[76.2262,10.066],[76.2262,10.0654],[76.2274,10.0654],[76.2274,10.0651],[76.2276,10.0651],[76.2276,10.0649],[76.2279,10.0649],[76.2279,10.0643],[76.2282,10.0643],[76.2282,10.064],[76.2285,10.064],[76.2285,10.0632],[76.2287,10.0632],[76.2287,10.0624],[76.2282,10.0624],[76.2282,10.0621],[76.2276,10.0621],[76.2276,10.0612],[76.2279,10.0612],[76.2279,10.0607],[76.2285,10.0607],[76.2285,10.0612],[76.2293,10.0612],[76.2293,10.061],[76.2296,10.061],[76.2296,10.0604],[76.2299,10.0604],[76.2299,10.0599],[76.2301,10.0599],[76.2301,10.0585],[76.2299,10.0585],[76.2299,10.0582],[76.2293,10.0582],[76.2293,10.0579],[76.229,10.0579],[76.229,10.056],[76.2285,10.056],[76.2285,10.0557],[76.2279,10.0557],[76.2279,10.0554],[76.2274,10.0554],[76.2274,10.0551],[76.2268,10.0551],[76.2268,10.0549],[76.2265,10.0549],[76.2265,10.0546],[76.2262,10.0546],[76.2262,10.0549],[76.226,10.0549],[76.226,10.054],[76.2254,10.054],[76.2254,10.0551],[76.2251,10.0551],[76.2251,10.0571],[76.2249,10.0571],[76.2249,10.0577],[76.2249,10.0596],[76.2246,10.0596],[76.2246,10.0624],[76.2243,10.0624],[76.2243,10.0626],[76.2243,10.0629],[76.224,10.0629],[76.224,10.0638],[76.2237,10.0638],[76.2237,10.0651],[76.2235,10.0651],[76.2235,10.066],[76.2232,10.066],[76.2232,10.0671],[76.2229,10.0671],[76.2229,10.0676],[76.2226,10.0676],[76.2226,10.0679],[76.2218,10.0679],[76.2218,10.0678],[76.2218,10.0676],[76.2215,10.0676],[76.2215,10.0675],[76.2215,10.0674],[76.2213,10.0674],[76.2213,10.0676],[76.221,10.0676],[76.2209,10.0679],[76.2208,10.0679],[76.2207,10.0679],[76.2207,10.0682],[76.2204,10.0682],[76.2204,10.0685],[76.2201,10.0685],[76.2201,10.0688],[76.2199,10.0688],[76.2199,10.0685],[76.2196,10.0685],[76.2196,10.0682],[76.2199,10.0682],[76.2199,10.0676],[76.2201,10.0676],[76.2201,10.0674],[76.2207,10.0674],[76.2207,10.0671],[76.2213,10.0671],[76.2213,10.0668],[76.221,10.0668],[76.221,10.0657],[76.2207,10.0657],[76.2207,10.0643],[76.221,10.0643],[76.221,10.0638],[76.2213,10.0638],[76.2213,10.0632],[76.2215,10.0632],[76.2215,10.0621],[76.2217,10.0621],[76.2218,10.0621],[76.2218,10.0612],[76.2221,10.0612],[76.2221,10.061],[76.2224,10.061],[76.2224,10.0607],[76.2226,10.0607],[76.2226,10.0597],[76.2226,10.0596],[76.2215,10.0596],[76.2215,10.0599],[76.221,10.0599],[76.221,10.0601],[76.2201,10.0601],[76.2201,10.0599],[76.2199,10.0599],[76.2199,10.0562],[76.2201,10.0562],[76.2201,10.056],[76.2207,10.056],[76.2207,10.0557],[76.221,10.0557],[76.221,10.0543],[76.2213,10.0543],[76.2213,10.0535],[76.2215,10.0535],[76.2215,10.0532],[76.2221,10.0532],[76.2221,10.0538],[76.2224,10.0538],[76.2224,10.054],[76.2226,10.054],[76.2226,10.0543],[76.2232,10.0543],[76.2232,10.054],[76.224,10.054],[76.224,10.0538],[76.2246,10.0538],[76.2246,10.0526],[76.2243,10.0526],[76.2243,10.0524],[76.2237,10.0524],[76.2237,10.0521],[76.2235,10.0521],[76.2235,10.0512],[76.2237,10.0513],[76.2237,10.051],[76.224,10.051],[76.224,10.0507],[76.2243,10.0507],[76.2243,10.0504],[76.2246,10.0504],[76.2246,10.0501],[76.2251,10.0501],[76.2251,10.0499],[76.2254,10.0499],[76.2254,10.0496],[76.226,10.0496],[76.226,10.0493],[76.2262,10.0493],[76.2262,10.0488],[76.2265,10.0488],[76.2265,10.0485],[76.2268,10.0485],[76.2268,10.0482],[76.2276,10.0482],[76.2276,10.0485],[76.2282,10.0485],[76.2282,10.0488],[76.2287,10.0488],[76.2287,10.049],[76.2296,10.049],[76.2296,10.0488],[76.2299,10.0488],[76.2299,10.0479],[76.2304,10.0479],[76.2304,10.0476],[76.2318,10.0476],[76.2318,10.0474],[76.2321,10.0474],[76.2321,10.0443],[76.2324,10.0443],[76.2324,10.0435],[76.2326,10.0435],[76.2326,10.0426],[76.2326,10.0415],[76.2307,10.0415],[76.2307,10.0413],[76.2304,10.0413],[76.2304,10.0407],[76.2307,10.0407],[76.2307,10.0404],[76.2321,10.0404],[76.2321,10.0407],[76.2328,10.0407],[76.2329,10.0407],[76.2329,10.0401],[76.2332,10.0401],[76.2332,10.0396],[76.2329,10.0396],[76.2329,10.0393],[76.2326,10.0393],[76.2326,10.039],[76.2324,10.039],[76.2324,10.0376],[76.2321,10.0376],[76.2321,10.0368],[76.2318,10.0368],[76.2318,10.0363],[76.2315,10.0363],[76.2315,10.0351],[76.2318,10.0351],[76.2318,10.0349],[76.2321,10.0349],[76.2321,10.0346],[76.2324,10.0346],[76.2324,10.0343],[76.2326,10.0343],[76.2326,10.0335],[76.2329,10.0335],[76.2329,10.0332],[76.2332,10.0332],[76.2332,10.0329],[76.2329,10.0329],[76.2329,10.0326],[76.2332,10.0326],[76.2332,10.0313],[76.2334,10.0313],[76.2335,10.0313],[76.2335,10.0304],[76.2337,10.0304],[76.2337,10.031],[76.234,10.031],[76.234,10.0313],[76.2343,10.0313],[76.2343,10.0315],[76.2349,10.0315],[76.2349,10.0324],[76.2346,10.0324],[76.2346,10.0332],[76.2349,10.0332],[76.2349,10.0335],[76.2346,10.0335],[76.2346,10.0337],[76.2343,10.0337],[76.2343,10.0343],[76.234,10.0343],[76.234,10.0349],[76.2337,10.0349],[76.2337,10.0351],[76.2335,10.0351],[76.2335,10.0363],[76.234,10.0363],[76.234,10.0365],[76.2349,10.0365],[76.2349,10.0337],[76.2351,10.0337],[76.2351,10.0335],[76.2354,10.0335],[76.2354,10.0332],[76.2357,10.0332],[76.2357,10.0329],[76.2368,10.0329],[76.2368,10.0324],[76.2371,10.0324],[76.2371,10.0321],[76.2374,10.0321],[76.2374,10.0315],[76.2376,10.0315],[76.2376,10.0313],[76.2379,10.0313],[76.2379,10.031],[76.2382,10.031],[76.2382,10.0307],[76.2385,10.0307],[76.2385,10.0304],[76.2387,10.0304],[76.2387,10.0296],[76.2385,10.0296],[76.2385,10.029],[76.2387,10.029],[76.2387,10.0279],[76.239,10.0279],[76.239,10.0265],[76.2393,10.0265],[76.2393,10.0263],[76.239,10.0263],[76.239,10.026],[76.2393,10.026],[76.2393,10.0254],[76.2382,10.0254],[76.2382,10.0257],[76.2379,10.0257],[76.2379,10.0263],[76.2376,10.0263],[76.2376,10.0265],[76.2374,10.0265],[76.2374,10.0268],[76.2368,10.0268],[76.2368,10.0274],[76.2363,10.0274],[76.2363,10.0276],[76.236,10.0276],[76.236,10.0282],[76.2357,10.0282],[76.2357,10.0288],[76.2354,10.0288],[76.2354,10.0293],[76.2351,10.0293],[76.2351,10.0299],[76.2335,10.0299],[76.2335,10.0296],[76.2332,10.0296],[76.2332,10.0285],[76.2335,10.0285],[76.2335,10.0282],[76.2337,10.0282],[76.2337,10.0279],[76.234,10.0279],[76.234,10.0276],[76.2346,10.0276],[76.2346,10.0274],[76.2349,10.0274],[76.2349,10.0271],[76.2351,10.0271],[76.2351,10.0265],[76.2354,10.0265],[76.2354,10.0263],[76.236,10.0263],[76.236,10.026],[76.2363,10.026],[76.2363,10.0251],[76.2365,10.0251],[76.2365,10.0246],[76.2368,10.0246],[76.2368,10.0243],[76.2374,10.0243],[76.2374,10.024],[76.2376,10.024],[76.2376,10.0237],[76.2387,10.0237],[76.2387,10.0229],[76.2382,10.0229],[76.2382,10.0226],[76.2379,10.0226],[76.2379,10.0224],[76.2376,10.0224],[76.2376,10.0221],[76.2374,10.0221],[76.2374,10.0218],[76.2371,10.0218],[76.2371,10.0215],[76.2368,10.0215],[76.2368,10.0213],[76.2365,10.0213],[76.2365,10.0212],[76.2365,10.021],[76.2363,10.021],[76.2363,10.0207],[76.236,10.0207],[76.236,10.0204],[76.2354,10.0204],[76.2354,10.0201],[76.2349,10.0201],[76.2349,10.0199],[76.2346,10.0199],[76.2346,10.0193],[76.2343,10.0193],[76.2343,10.0188],[76.234,10.0188],[76.234,10.0185],[76.2335,10.0185],[76.2335,10.0182],[76.2321,10.0182],[76.2321,10.0185],[76.2312,10.0185],[76.2312,10.0182],[76.2304,10.0182],[76.2304,10.0168],[76.2315,10.0168],[76.2315,10.0165],[76.232,10.0165],[76.2324,10.0165],[76.2324,10.0168],[76.2335,10.0168],[76.2335,10.0171],[76.2343,10.0171],[76.2343,10.0174],[76.236,10.0174],[76.236,10.0171],[76.2363,10.0171],[76.2363,10.0168],[76.2365,10.0168],[76.2365,10.0165],[76.2368,10.0165],[76.2368,10.016],[76.2371,10.016],[76.2371,10.0124],[76.2368,10.0124],[76.2368,10.0113],[76.2365,10.0113],[76.2365,10.011],[76.2368,10.011],[76.2368,10.0104],[76.2371,10.0104],[76.2371,10.0101],[76.2365,10.0101],[76.2365,10.0104],[76.2354,10.0104],[76.2354,10.0101],[76.2351,10.0101],[76.2351,10.0099],[76.2357,10.0099],[76.2357,10.0096],[76.2363,10.0096],[76.2363,10.009],[76.2365,10.009],[76.2365,10.0087],[76.2371,10.0087],[76.2371,10.009],[76.2374,10.009],[76.2374,10.0096],[76.2376,10.0096],[76.2376,10.009],[76.2379,10.009],[76.2379,10.0087],[76.2382,10.0087],[76.2382,10.0079],[76.2379,10.0079],[76.2379,10.0071],[76.2382,10.0071],[76.2382,10.0063],[76.2385,10.0063],[76.2385,10.0057],[76.2387,10.0057],[76.2387,10.0051],[76.239,10.0051],[76.239,10.0046],[76.2393,10.0046],[76.2393,10.004],[76.2396,10.004],[76.2396,10.0037],[76.2399,10.0037],[76.2399,10.0032],[76.2401,10.0032],[76.2401,10.0029],[76.2404,10.0029],[76.2404,10.0024],[76.2407,10.0024],[76.2407,10.0007],[76.2404,10.0007],[76.2404,10.0004],[76.2401,10.0004],[76.2401,10.0002],[76.2399,10.0002],[76.2399,9.9988],[76.2396,9.9988],[76.2396,9.9985],[76.239,9.9985],[76.239,9.9982],[76.2387,9.9982],[76.2387,9.9978],[76.2387,9.9976],[76.2379,9.9976],[76.2379,9.9974],[76.2374,9.9974],[76.2374,9.9968],[76.2376,9.9968],[76.2376,9.9962],[76.2385,9.9962],[76.2385,9.996],[76.2387,9.996],[76.2387,9.9957],[76.2393,9.9957],[76.2393,9.9951],[76.2396,9.9951],[76.2396,9.9943],[76.2393,9.9943],[76.2393,9.9932],[76.239,9.9932],[76.239,9.9924],[76.2393,9.9924],[76.2393,9.9918],[76.2396,9.9918],[76.2396,9.9907],[76.2399,9.9907],[76.2399,9.989],[76.2401,9.989],[76.2401,9.9882],[76.2404,9.9882],[76.2404,9.9876],[76.2407,9.9876],[76.2407,9.9874],[76.241,9.9874],[76.241,9.9868],[76.2412,9.9868],[76.2412,9.9865],[76.2415,9.9865],[76.2415,9.986],[76.2418,9.986],[76.2418,9.9857],[76.2421,9.9857],[76.2421,9.9851],[76.2424,9.9851],[76.2424,9.9849],[76.2426,9.9849],[76.2426,9.9843],[76.2429,9.9843],[76.2429,9.9832],[76.2432,9.9832],[76.2432,9.983],[76.2432,9.9826],[76.2429,9.9826],[76.2429,9.9821],[76.2426,9.9821],[76.2426,9.9818],[76.2421,9.9818],[76.2421,9.9815],[76.2418,9.9815],[76.2418,9.9799],[76.2421,9.9799],[76.2421,9.9782],[76.2426,9.9782],[76.2426,9.9776],[76.2429,9.9776],[76.2429,9.9774],[76.2432,9.9774],[76.2432,9.9771],[76.2438,9.9771],[76.2438,9.9768],[76.244,9.9768],[76.244,9.9765],[76.2443,9.9765],[76.2443,9.9757],[76.2446,9.9757],[76.2446,9.9746],[76.2449,9.9746],[76.2449,9.9735],[76.2451,9.9735],[76.2451,9.9729],[76.2454,9.9729],[76.2454,9.9724],[76.2432,9.9724],[76.2432,9.9721],[76.241,9.9721],[76.241,9.9724],[76.2407,9.9724],[76.2407,9.9726],[76.2404,9.9726],[76.2404,9.9729],[76.2401,9.9729],[76.2401,9.9732],[76.2399,9.9732],[76.2399,9.9735],[76.2396,9.9735],[76.2396,9.974],[76.2393,9.974],[76.2393,9.9743],[76.2385,9.9743],[76.2385,9.974],[76.2379,9.974],[76.2379,9.9738],[76.2374,9.9738],[76.2374,9.9735],[76.2368,9.9735],[76.2368,9.9732],[76.2363,9.9732],[76.2363,9.9729],[76.2357,9.9729],[76.2357,9.9726],[76.2346,9.9726],[76.2346,9.9724],[76.2324,9.9724],[76.2324,9.9726],[76.2312,9.9726],[76.2312,9.9729],[76.2301,9.9729],[76.2301,9.9732],[76.2296,9.9732],[76.2296,9.9735],[76.229,9.9735],[76.229,9.9738],[76.2285,9.9738],[76.2285,9.974],[76.2279,9.974],[76.2279,9.9743],[76.2276,9.9743],[76.2276,9.9746],[76.2271,9.9746],[76.2271,9.9751],[76.2268,9.9751],[76.2268,9.9757],[76.2265,9.9757],[76.2265,9.9762],[76.2251,9.9762],[76.2251,9.9765],[76.2246,9.9765],[76.2246,9.9768],[76.2243,9.9768],[76.2243,9.9771],[76.224,9.9771],[76.224,9.9779],[76.2237,9.9779],[76.2237,9.9788],[76.2235,9.9788],[76.2235,9.9799],[76.2232,9.9799],[76.2232,9.9807],[76.2229,9.9807],[76.2229,9.9818],[76.2226,9.9818],[76.2226,9.9829],[76.2224,9.9829],[76.2224,9.984],[76.2221,9.984],[76.2221,9.9851],[76.2218,9.9851],[76.2218,9.9863],[76.2215,9.9863],[76.2215,9.9874],[76.2213,9.9874],[76.2213,9.9885],[76.221,9.9885],[76.221,9.9896],[76.2207,9.9896],[76.2207,9.9906],[76.2207,9.991],[76.2205,9.991],[76.2204,9.991],[76.2204,9.9913],[76.2204,9.9921],[76.2201,9.9921],[76.2201,9.9926],[76.2199,9.9926],[76.2199,9.9932],[76.2199,9.9935],[76.2196,9.9935],[76.2196,9.994],[76.2193,9.994],[76.2193,9.9949],[76.219,9.9949],[76.219,9.9954],[76.2188,9.9954],[76.2188,9.9985],[76.2185,9.9985],[76.2185,9.999],[76.2182,9.999],[76.2182,10.0001],[76.2182,10.0021],[76.2179,10.0021],[76.2179,10.0032],[76.2176,10.0032],[76.2176,10.0054],[76.2179,10.0054],[76.2179,10.0057],[76.2176,10.0057],[76.2176,10.006],[76.2171,10.006],[76.2171,10.0082],[76.2168,10.0082],[76.2168,10.0087],[76.2162,10.0087],[76.2162,10.0107],[76.216,10.0107],[76.216,10.0113],[76.2157,10.0113],[76.2157,10.0115],[76.216,10.0115],[76.216,10.0124],[76.2157,10.0124],[76.2157,10.0146],[76.2151,10.0146],[76.2151,10.0152],[76.2149,10.0152],[76.2149,10.0163],[76.2146,10.0163],[76.2146,10.0174],[76.2143,10.0174],[76.2143,10.0188],[76.214,10.0188],[76.214,10.0201],[76.2138,10.0201],[76.2138,10.0213],[76.2135,10.0212],[76.2135,10.0221],[76.2132,10.0221],[76.2132,10.0224],[76.2129,10.0224],[76.2129,10.0232],[76.2126,10.0232],[76.2126,10.0237],[76.2124,10.0237],[76.2124,10.0243],[76.2121,10.0243],[76.2121,10.0249],[76.2124,10.0249],[76.2124,10.0257],[76.2115,10.0257],[76.2115,10.026],[76.211,10.026],[76.211,10.0263],[76.2107,10.0263],[76.2107,10.0268],[76.2104,10.0268],[76.2104,10.0279],[76.2101,10.0279],[76.2101,10.0282],[76.2099,10.0282],[76.2099,10.0299],[76.2096,10.0299],[76.2096,10.0304],[76.2093,10.0304],[76.2093,10.0307],[76.209,10.0307],[76.209,10.0313],[76.2093,10.0313],[76.2093,10.0315],[76.209,10.0315],[76.209,10.0324],[76.2087,10.0324],[76.2087,10.0329],[76.2085,10.0329],[76.2085,10.034],[76.2082,10.034],[76.2082,10.0343],[76.2085,10.0343],[76.2085,10.0349],[76.2082,10.0349],[76.2082,10.036],[76.2079,10.036],[76.2079,10.0368],[76.2076,10.0368],[76.2076,10.0376],[76.2074,10.0376],[76.2074,10.0385],[76.2071,10.0385],[76.2071,10.039],[76.2068,10.039],[76.2068,10.0399],[76.2065,10.0399],[76.2065,10.0421],[76.2063,10.0421],[76.2063,10.0435],[76.206,10.0435],[76.206,10.0443],[76.2057,10.0443],[76.2057,10.0454],[76.2054,10.0454],[76.2054,10.0463],[76.2051,10.0463],[76.2051,10.0474],[76.2049,10.0474],[76.2049,10.0482],[76.2046,10.0482],[76.2046,10.0488],[76.2043,10.0487],[76.2043,10.0499],[76.204,10.0499],[76.204,10.0504],[76.2038,10.0504],[76.2038,10.051],[76.2032,10.051],[76.2032,10.0513],[76.2029,10.0513],[76.2029,10.0515],[76.2024,10.0515],[76.2024,10.0518],[76.2021,10.0518],[76.2021,10.0521],[76.2018,10.0521],[76.2018,10.0526],[76.2015,10.0526],[76.2015,10.0546],[76.2012,10.0546],[76.2012,10.0551],[76.201,10.0551],[76.201,10.0562],[76.2007,10.0562],[76.2007,10.0571],[76.2004,10.0571],[76.2004,10.0574],[76.2007,10.0574],[76.2007,10.0579],[76.2004,10.0579],[76.2004,10.0588],[76.2001,10.0588],[76.2001,10.059],[76.1999,10.059],[76.1999,10.0604],[76.1996,10.0604],[76.1996,10.0612],[76.1999,10.0612],[76.1999,10.0615],[76.1996,10.0615],[76.1996,10.0621],[76.1993,10.0621],[76.1993,10.0629],[76.199,10.0629],[76.199,10.0649],[76.1988,10.0649],[76.1988,10.0651],[76.1985,10.0651],[76.1985,10.066],[76.1982,10.066],[76.1982,10.0668],[76.1979,10.0668],[76.1979,10.0679],[76.1976,10.0679],[76.1976,10.069],[76.1974,10.069],[76.1974,10.0696],[76.1976,10.0696],[76.1976,10.0699],[76.1974,10.0699],[76.1974,10.0718],[76.1971,10.0718],[76.1971,10.0724],[76.1968,10.0724],[76.1968,10.0735],[76.1965,10.0735],[76.1965,10.0743],[76.1963,10.0743],[76.1963,10.0746],[76.196,10.0746],[76.196,10.0768],[76.1957,10.0768],[76.1957,10.0774],[76.1954,10.0774],[76.1954,10.0779],[76.1951,10.0779],[76.1951,10.0785],[76.1949,10.0785],[76.1949,10.0799],[76.1946,10.0799],[76.1946,10.0818],[76.1943,10.0818],[76.1943,10.0832],[76.194,10.0832],[76.194,10.084],[76.1937,10.084],[76.1937,10.0851],[76.1935,10.0851],[76.1935,10.0854],[76.1932,10.0854],[76.1932,10.086],[76.1929,10.086],[76.1929,10.0865],[76.1926,10.0865],[76.1926,10.0871],[76.1924,10.0871],[76.1924,10.0876],[76.1921,10.0876],[76.1921,10.0879],[76.1918,10.0879],[76.1918,10.091],[76.1915,10.091],[76.1915,10.0915],[76.191,10.0915],[76.191,10.0926],[76.1907,10.0926],[76.1907,10.0935],[76.1904,10.0935],[76.1904,10.094],[76.1901,10.094],[76.1901,10.0949],[76.1899,10.0949],[76.1899,10.0957],[76.1896,10.0957],[76.1896,10.0976],[76.1893,10.0976],[76.1893,10.0999],[76.189,10.0999],[76.189,10.1021],[76.1888,10.1021],[76.1888,10.1043],[76.1885,10.1043],[76.1885,10.1054],[76.1882,10.1054],[76.1882,10.1071],[76.1879,10.1071],[76.1879,10.1079],[76.1876,10.1079],[76.1876,10.1099],[76.1874,10.1099],[76.1874,10.111],[76.1871,10.111],[76.1871,10.1124],[76.1868,10.1124],[76.1868,10.1132],[76.1865,10.1132],[76.1865,10.1138],[76.1862,10.1138],[76.1862,10.116],[76.186,10.116],[76.186,10.1165],[76.1857,10.1165],[76.1857,10.1179],[76.1854,10.1179],[76.1854,10.1185],[76.1851,10.1185],[76.1851,10.1199],[76.1849,10.1199],[76.1849,10.1207],[76.1846,10.1207],[76.1846,10.1215],[76.1843,10.1215],[76.1843,10.1229],[76.184,10.1229],[76.184,10.124],[76.1837,10.124],[76.1837,10.1246],[76.1835,10.1246],[76.1835,10.126],[76.1832,10.126],[76.1832,10.1268],[76.1829,10.1268],[76.1829,10.1279],[76.1826,10.1279],[76.1826,10.129],[76.1824,10.129],[76.1824,10.1296],[76.1821,10.1296],[76.1821,10.1307],[76.1818,10.1307],[76.1818,10.1312],[76.1815,10.1312],[76.1815,10.1318],[76.1813,10.1318],[76.1813,10.1326],[76.181,10.1326],[76.181,10.1332],[76.1807,10.1332],[76.1807,10.1349],[76.1804,10.1349],[76.1804,10.1354],[76.1801,10.1354],[76.1801,10.1357],[76.1799,10.1357],[76.1799,10.1365],[76.1796,10.1365],[76.1796,10.1376],[76.1793,10.1376],[76.1793,10.1379],[76.179,10.1379],[76.179,10.1388],[76.1787,10.1388],[76.1787,10.1393],[76.1785,10.1393],[76.1785,10.1404],[76.1782,10.1404],[76.1782,10.1426],[76.1779,10.1426],[76.1779,10.1435],[76.1776,10.1435],[76.1776,10.1438],[76.1774,10.1438],[76.1774,10.1446],[76.1771,10.1446],[76.1771,10.1463],[76.1768,10.1463],[76.1768,10.1468],[76.1765,10.1468],[76.1765,10.1471],[76.1762,10.1471],[76.1762,10.1474],[76.176,10.1474],[76.176,10.1479],[76.1762,10.1479],[76.1762,10.1493],[76.176,10.1493],[76.176,10.1501],[76.1757,10.1501],[76.1757,10.1504],[76.1754,10.1504],[76.1754,10.1507],[76.1751,10.1507],[76.1751,10.1513],[76.1749,10.1513],[76.1749,10.1515],[76.1746,10.1515],[76.1746,10.1532],[76.1743,10.1532],[76.1743,10.154],[76.174,10.154],[76.174,10.1546],[76.1738,10.1546],[76.1738,10.1551],[76.1735,10.1551],[76.1735,10.156],[76.1732,10.156],[76.1732,10.1568],[76.1729,10.1568],[76.1729,10.1574],[76.1726,10.1574],[76.1726,10.1576],[76.1724,10.1576],[76.1724,10.1588],[76.1721,10.1588],[76.1721,10.1593],[76.1718,10.1593],[76.1718,10.1598],[76.1718,10.1601],[76.1715,10.1601],[76.1715,10.1607],[76.1712,10.1607],[76.1712,10.1613],[76.171,10.1613],[76.171,10.1621],[76.1707,10.1621],[76.1707,10.1629],[76.1704,10.1629],[76.1704,10.1637],[76.1701,10.1637],[76.1701,10.1646],[76.1699,10.1646],[76.1699,10.1651],[76.1696,10.1651],[76.1696,10.166],[76.1693,10.166],[76.1693,10.1668],[76.169,10.1668],[76.169,10.1671],[76.1687,10.1671],[76.1687,10.1676],[76.1685,10.1676],[76.1685,10.1685],[76.1682,10.1685],[76.1682,10.169],[76.1679,10.169],[76.1679,10.1693],[76.1676,10.1693],[76.1676,10.1699],[76.1674,10.1699],[76.1674,10.1704],[76.1671,10.1704],[76.1671,10.171],[76.1668,10.171],[76.1668,10.1715],[76.1665,10.1715],[76.1665,10.1721],[76.1668,10.1721],[76.1668,10.1724],[76.1665,10.1724],[76.1665,10.1735],[76.1663,10.1735],[76.1663,10.1738],[76.1665,10.1738],[76.1665,10.174],[76.1663,10.174],[76.1663,10.1749],[76.166,10.1749],[76.166,10.1757],[76.1663,10.1757],[76.1663,10.1785],[76.1668,10.1785],[76.1668,10.179],[76.1671,10.179],[76.1671,10.1801],[76.1674,10.1801],[76.1674,10.1807],[76.1676,10.1807],[76.1676,10.181],[76.1679,10.181],[76.1679,10.1813],[76.1682,10.1813],[76.1682,10.1815],[76.1685,10.1815],[76.1685,10.1821],[76.1686,10.1821],[76.169,10.1821],[76.169,10.1824],[76.1692,10.1824],[76.1693,10.1824],[76.1693,10.1826],[76.1696,10.1826],[76.1696,10.1829],[76.1699,10.1829],[76.1699,10.1832],[76.171,10.1832],[76.171,10.1835],[76.1721,10.1835],[76.1721,10.1837],[76.1732,10.1837],[76.1732,10.184],[76.174,10.184],[76.174,10.1837],[76.1742,10.1837],[76.1746,10.1837],[76.1746,10.1835],[76.1751,10.1835],[76.1751,10.1832],[76.176,10.1832],[76.176,10.1824],[76.1762,10.1824],[76.1762,10.1807],[76.1765,10.1807],[76.1765,10.1796],[76.1768,10.1796],[76.1768,10.1793],[76.1771,10.1793],[76.1771,10.1785],[76.1774,10.1785],[76.1774,10.1753],[76.1774,10.1751],[76.1777,10.1751],[76.1777,10.174],[76.1779,10.174],[76.1779,10.1738],[76.1782,10.1738],[76.1782,10.1735],[76.1785,10.1735],[76.1785,10.1732],[76.1787,10.1732],[76.1787,10.1729],[76.1793,10.1729],[76.1793,10.1724],[76.1796,10.1724],[76.1796,10.1721],[76.1799,10.1721],[76.1799,10.1718],[76.1801,10.1718],[76.1801,10.1713],[76.1807,10.1713],[76.1807,10.171],[76.1815,10.171],[76.1815,10.1704],[76.1818,10.1704],[76.1818,10.1699],[76.1821,10.1699],[76.1821,10.1696],[76.1824,10.1696],[76.1824,10.1693],[76.1826,10.1693],[76.1826,10.169],[76.1829,10.169],[76.1829,10.1688],[76.1832,10.1688],[76.1832,10.1682],[76.1835,10.1682],[76.1835,10.1676],[76.1837,10.1676],[76.1837,10.1674],[76.184,10.1674],[76.184,10.1668],[76.1843,10.1668],[76.1843,10.1665],[76.1849,10.1665],[76.1849,10.1663],[76.1851,10.1663],[76.1851,10.1657],[76.1854,10.1657],[76.1854,10.1651],[76.1862,10.1651],[76.1862,10.1649],[76.1868,10.1649],[76.1868,10.1646],[76.1874,10.1646],[76.1874,10.1643],[76.1879,10.1643],[76.1879,10.164],[76.1885,10.164],[76.1885,10.1637],[76.1904,10.1637],[76.1904,10.1635],[76.1907,10.1635],[76.1907,10.1632],[76.1913,10.1632],[76.1913,10.1629],[76.1915,10.1629],[76.1915,10.1627],[76.1921,10.1627],[76.1921,10.1624],[76.1932,10.1624],[76.1932,10.1618],[76.1935,10.1618],[76.1935,10.161],[76.1932,10.161],[76.1932,10.1596],[76.1935,10.1596],[76.1935,10.1593],[76.1932,10.1593],[76.1932,10.1582],[76.1935,10.1582],[76.1935,10.1576],[76.1937,10.1576],[76.1937,10.1571],[76.194,10.1571],[76.194,10.1557],[76.1943,10.1557],[76.1943,10.1554],[76.1946,10.1554],[76.1946,10.1549],[76.1949,10.1549],[76.1949,10.1546],[76.1951,10.1546],[76.1951,10.154],[76.1954,10.154],[76.1954,10.1535],[76.1957,10.1535],[76.1957,10.1526],[76.1963,10.1526],[76.1963,10.1524],[76.1965,10.1524],[76.1965,10.1518],[76.1968,10.1518],[76.1968,10.151],[76.1971,10.151],[76.1971,10.1504],[76.1976,10.1504],[76.1976,10.1501],[76.1979,10.1501],[76.1979,10.1499],[76.1982,10.1499],[76.1982,10.1496],[76.1979,10.1496],[76.1979,10.1485],[76.1982,10.1485],[76.1982,10.1482],[76.1988,10.1482],[76.1988,10.1479],[76.199,10.1479],[76.199,10.1463],[76.1988,10.1463],[76.1988,10.1451],[76.199,10.1451],[76.199,10.1435],[76.1993,10.1435],[76.1993,10.1432],[76.1996,10.1432],[76.1996,10.1429],[76.1999,10.1429],[76.1999,10.1424],[76.2001,10.1424],[76.2001,10.1421],[76.2004,10.1421],[76.2004,10.1418],[76.2007,10.1418],[76.2007,10.1415],[76.201,10.1415],[76.201,10.141],[76.2012,10.141],[76.2012,10.1407],[76.2015,10.1407],[76.2015,10.1404],[76.2018,10.1404],[76.2018,10.1396],[76.2021,10.1396],[76.2021,10.139],[76.2026,10.139],[76.2026,10.1396],[76.2024,10.1396],[76.2024,10.1401],[76.2021,10.1401],[76.2021,10.141],[76.2018,10.141],[76.2018,10.1415],[76.2015,10.1415],[76.2015,10.1418],[76.2012,10.1418],[76.2012,10.1421],[76.2015,10.1421],[76.2015,10.1424],[76.2012,10.1424],[76.2012,10.1429],[76.201,10.1429],[76.201,10.1435],[76.2007,10.1435],[76.2007,10.144],[76.2004,10.144],[76.2004,10.1446],[76.2001,10.1446],[76.2001,10.1468],[76.2004,10.1468],[76.2004,10.1474],[76.2007,10.1474],[76.2007,10.1476],[76.2004,10.1476],[76.2004,10.1482],[76.2007,10.1482],[76.2007,10.1485],[76.201,10.1485],[76.201,10.1488],[76.2012,10.1488],[76.2012,10.149],[76.2015,10.149],[76.2015,10.1493],[76.2018,10.1493],[76.2018,10.1496],[76.2026,10.1496],[76.2026,10.149],[76.2029,10.149],[76.2029,10.1488],[76.2026,10.1488],[76.2026,10.1482],[76.2024,10.1482],[76.2024,10.1479],[76.2021,10.1479],[76.2021,10.1476],[76.2029,10.1476],[76.2029,10.1479],[76.2038,10.1479],[76.2038,10.1488],[76.2035,10.1488],[76.2035,10.1496],[76.2029,10.1496],[76.2029,10.1499],[76.2026,10.1499],[76.2026,10.1504],[76.2032,10.1504],[76.2032,10.1507],[76.2038,10.1507],[76.2038,10.1513],[76.204,10.1513],[76.204,10.1518],[76.2038,10.1518],[76.2038,10.1521],[76.2015,10.1521],[76.2015,10.1518],[76.2018,10.1518],[76.2018,10.1515],[76.2015,10.1515],[76.2015,10.151],[76.2012,10.151],[76.2012,10.1507],[76.201,10.1507],[76.201,10.149],[76.1996,10.149],[76.1996,10.1515],[76.199,10.1515],[76.199,10.1518],[76.1988,10.1518],[76.1988,10.1521],[76.1982,10.1521],[76.1982,10.1524],[76.1979,10.1524],[76.1979,10.1526],[76.1976,10.1526],[76.1976,10.1532],[76.1974,10.1532],[76.1974,10.1538],[76.1971,10.1538],[76.1971,10.1543],[76.1968,10.1543],[76.1968,10.1546],[76.1965,10.1546],[76.1965,10.1557],[76.196,10.1557],[76.196,10.156],[76.1957,10.156],[76.1957,10.1571],[76.1954,10.1571],[76.1954,10.1582],[76.1951,10.1582],[76.1951,10.159],[76.1949,10.159],[76.1949,10.1604],[76.1946,10.1604],[76.1946,10.1615],[76.1943,10.1615],[76.1943,10.1621],[76.194,10.1621],[76.194,10.1624],[76.1937,10.1624],[76.1937,10.1632],[76.1935,10.1632],[76.1935,10.1637],[76.1932,10.1637],[76.1932,10.164],[76.1929,10.164],[76.1929,10.1643],[76.1913,10.1643],[76.1913,10.1646],[76.1907,10.1646],[76.1907,10.1649],[76.1899,10.1649],[76.1899,10.1651],[76.1882,10.1651],[76.1882,10.1654],[76.1876,10.1654],[76.1876,10.1657],[76.1871,10.1657],[76.1871,10.166],[76.1868,10.166],[76.1868,10.1663],[76.1865,10.1663],[76.1865,10.1665],[76.1862,10.1665],[76.1862,10.1671],[76.186,10.1671],[76.186,10.1676],[76.1857,10.1676],[76.1857,10.1682],[76.1854,10.1682],[76.1854,10.169],[76.1851,10.169],[76.1851,10.1699],[76.1846,10.1699],[76.1846,10.1704],[76.1843,10.1704],[76.1843,10.171],[76.184,10.171],[76.184,10.1713],[76.1835,10.1713],[76.1835,10.1715],[76.1832,10.1715],[76.1832,10.1718],[76.1829,10.1718],[76.1829,10.1721],[76.1818,10.1721],[76.1818,10.1718],[76.1813,10.1718],[76.1813,10.1721],[76.181,10.1721],[76.181,10.1724],[76.1807,10.1724],[76.1807,10.1726],[76.1804,10.1726],[76.1804,10.1729],[76.1801,10.1729],[76.1801,10.1735],[76.1799,10.1735],[76.1799,10.1738],[76.1796,10.1738],[76.1796,10.1743],[76.1793,10.1743],[76.1793,10.1754],[76.179,10.1754],[76.179,10.176],[76.1787,10.176],[76.1787,10.1771],[76.1785,10.1771],[76.1785,10.179],[76.1782,10.179],[76.1782,10.1801],[76.1779,10.1801],[76.1779,10.1804],[76.1782,10.1804],[76.1782,10.1807],[76.1779,10.1807],[76.1779,10.181],[76.1776,10.181],[76.1776,10.1821],[76.1774,10.1821],[76.1774,10.1826],[76.1771,10.1826],[76.1771,10.1835],[76.1774,10.1835],[76.1774,10.1836],[76.1774,10.1837],[76.1777,10.1838],[76.1777,10.184],[76.1782,10.184],[76.1782,10.1843],[76.1785,10.1843],[76.1785,10.1846],[76.1793,10.1846],[76.1793,10.1847],[76.1793,10.1854],[76.1796,10.1854],[76.1796,10.1863],[76.1807,10.1863],[76.1807,10.1868],[76.1804,10.1868],[76.1804,10.1874],[76.181,10.1874],[76.181,10.1876],[76.1818,10.1876],[76.1818,10.1879],[76.1824,10.1879],[76.1824,10.1882],[76.1829,10.1882],[76.1829,10.1885],[76.1832,10.1885],[76.1832,10.189],[76.1835,10.189],[76.1835,10.1893],[76.1843,10.1893],[76.1843,10.1896],[76.186,10.1896],[76.186,10.1899],[76.1865,10.1899],[76.1865,10.1901],[76.1871,10.1901],[76.1871,10.1904],[76.189,10.1904],[76.189,10.1907],[76.1904,10.1907],[76.1904,10.191],[76.1915,10.191],[76.1915,10.1912],[76.1921,10.1912],[76.1921,10.191],[76.1924,10.191],[76.1924,10.1915],[76.1921,10.1915],[76.1921,10.1924],[76.1918,10.1924],[76.1918,10.1935],[76.1915,10.1935],[76.1915,10.1943],[76.1913,10.1943],[76.1913,10.1949],[76.1888,10.1949],[76.1888,10.1946],[76.1871,10.1946],[76.1871,10.1943],[76.1865,10.1943],[76.1865,10.194],[76.186,10.194],[76.186,10.1938],[76.1851,10.1938],[76.1851,10.1935],[76.1846,10.1935],[76.1846,10.1932],[76.1843,10.1932],[76.1843,10.1929],[76.1837,10.1929],[76.1837,10.1926],[76.1832,10.1926],[76.1832,10.1924],[76.1826,10.1924],[76.1826,10.1921],[76.1821,10.1921],[76.1821,10.1918],[76.1813,10.1918],[76.1813,10.1915],[76.1807,10.1915],[76.1807,10.1912],[76.1799,10.1912],[76.1799,10.191],[76.1787,10.191],[76.1787,10.1907],[76.1785,10.1907],[76.1785,10.1904],[76.1782,10.1904],[76.1782,10.1901],[76.1777,10.1901],[76.1777,10.1899],[76.176,10.1899],[76.176,10.1893],[76.1757,10.1893],[76.1757,10.189],[76.1746,10.189],[76.1746,10.1888],[76.1732,10.1888],[76.1732,10.1885],[76.1721,10.1885],[76.1721,10.1882],[76.1707,10.1882],[76.1707,10.1879],[76.1685,10.1879],[76.1685,10.1876],[76.1682,10.1876],[76.1682,10.1879],[76.1679,10.1879],[76.1679,10.1876],[76.1674,10.1876],[76.1674,10.1879],[76.1651,10.1879],[76.1651,10.1874],[76.1646,10.1874],[76.1646,10.1865],[76.1649,10.1865],[76.1649,10.186],[76.1651,10.186],[76.1651,10.1854],[76.1654,10.1854],[76.1654,10.1846],[76.166,10.1846],[76.166,10.184],[76.1663,10.184],[76.1663,10.1837],[76.1657,10.1837],[76.1657,10.1829],[76.1654,10.1829],[76.1654,10.1826],[76.1651,10.1826],[76.1651,10.1824],[76.1651,10.1821],[76.1646,10.1821],[76.1646,10.1818],[76.1635,10.1818],[76.1635,10.1824],[76.1632,10.1824],[76.1632,10.1826],[76.1629,10.1826],[76.1629,10.1832],[76.1626,10.1832],[76.1626,10.1835],[76.1624,10.1835],[76.1624,10.184],[76.1621,10.184],[76.1621,10.1846],[76.1618,10.1846],[76.1618,10.1854],[76.1615,10.1854],[76.1615,10.186],[76.1612,10.186],[76.1612,10.1865],[76.161,10.1865],[76.161,10.1868],[76.1607,10.1868],[76.1607,10.1879],[76.1604,10.1879],[76.1604,10.1885],[76.1599,10.1885],[76.1599,10.1896],[76.1596,10.1896],[76.1596,10.1912],[76.1593,10.1912],[76.1593,10.1915],[76.1596,10.1915],[76.1596,10.1918],[76.1593,10.1918],[76.1593,10.1924],[76.159,10.1924],[76.159,10.1929],[76.1588,10.1929],[76.1588,10.1935],[76.1585,10.1935],[76.1585,10.1938],[76.1582,10.1938],[76.1582,10.1943],[76.1579,10.1943],[76.1579,10.1949],[76.1576,10.1949],[76.1576,10.1954],[76.1574,10.1954],[76.1574,10.1965],[76.1571,10.1965],[76.1571,10.1971],[76.1568,10.1971],[76.1568,10.1985],[76.1565,10.1985],[76.1565,10.1996],[76.1563,10.1996],[76.1563,10.2007],[76.156,10.2007],[76.156,10.2015],[76.1557,10.2015],[76.1557,10.2021],[76.1554,10.2021],[76.1554,10.2024],[76.1551,10.2024],[76.1551,10.2029],[76.1549,10.2029],[76.1549,10.2032],[76.1546,10.2032],[76.1546,10.2035],[76.1543,10.2035],[76.1543,10.2057],[76.154,10.2057],[76.154,10.2068],[76.1537,10.2068],[76.1537,10.2076],[76.1535,10.2076],[76.1535,10.2082],[76.1532,10.2082],[76.1532,10.2088],[76.1529,10.2088],[76.1529,10.209],[76.1526,10.209],[76.1526,10.2096],[76.1524,10.2096],[76.1524,10.2107],[76.1526,10.2107],[76.1526,10.211],[76.1524,10.211],[76.1524,10.2112],[76.1521,10.2112],[76.1521,10.2124],[76.1518,10.2124],[76.1518,10.2132],[76.1515,10.2132],[76.1515,10.2138],[76.1513,10.2137],[76.1513,10.2149],[76.151,10.2149],[76.151,10.2157],[76.1507,10.2157],[76.1507,10.2163],[76.1504,10.2163],[76.1504,10.2174],[76.1501,10.2174],[76.1501,10.2188],[76.1499,10.2188],[76.1499,10.2193],[76.1496,10.2193],[76.1496,10.2199],[76.1493,10.2199],[76.1493,10.2201],[76.149,10.2201],[76.149,10.221],[76.1488,10.221],[76.1488,10.2224],[76.1485,10.2224],[76.1485,10.2235],[76.1482,10.2235],[76.1482,10.2249],[76.1479,10.2249],[76.1479,10.2254],[76.1476,10.2254],[76.1476,10.2265],[76.1474,10.2265],[76.1474,10.2268],[76.1471,10.2268],[76.1471,10.2274],[76.1465,10.2274],[76.1465,10.2288],[76.1462,10.2288],[76.1462,10.2296],[76.146,10.2296],[76.146,10.2312],[76.1457,10.2312],[76.1457,10.2321],[76.1454,10.2321],[76.1454,10.2326],[76.1451,10.2326],[76.1451,10.2329],[76.1449,10.2329],[76.1449,10.2335],[76.1446,10.2335],[76.1446,10.234],[76.1443,10.234],[76.1443,10.2343],[76.144,10.2343],[76.144,10.2354],[76.1443,10.2354],[76.1443,10.2365],[76.144,10.2365],[76.144,10.2368],[76.1443,10.2368],[76.1443,10.2371],[76.144,10.2371],[76.144,10.2376],[76.1438,10.2376],[76.1438,10.2382],[76.1435,10.2382],[76.1435,10.239],[76.1432,10.239],[76.1432,10.2396],[76.1429,10.2396],[76.1429,10.2401],[76.1426,10.2401],[76.1426,10.2404],[76.1424,10.2404],[76.1424,10.2421],[76.1421,10.2421],[76.1421,10.2429],[76.1424,10.2429],[76.1424,10.2432],[76.1421,10.2432],[76.1421,10.2443],[76.1418,10.2443],[76.1418,10.2446],[76.1421,10.2446],[76.1421,10.2449],[76.1418,10.2449],[76.1418,10.2451],[76.1415,10.2451],[76.1415,10.2457],[76.1413,10.2457],[76.1413,10.2463],[76.141,10.2463],[76.141,10.2468],[76.1407,10.2468],[76.1407,10.2471],[76.1404,10.2471],[76.1404,10.2485],[76.1401,10.2485],[76.1401,10.2496],[76.1399,10.2496],[76.1399,10.2504],[76.1396,10.2504],[76.1396,10.251],[76.1393,10.251],[76.1393,10.2513],[76.139,10.2513],[76.139,10.2518],[76.1387,10.2518],[76.1387,10.2521],[76.1385,10.2521],[76.1385,10.2524],[76.1387,10.2524],[76.1387,10.2543],[76.1382,10.2543],[76.1382,10.2551],[76.1379,10.2551],[76.1379,10.2565],[76.1376,10.2565],[76.1376,10.2574],[76.1374,10.2574],[76.1374,10.2579],[76.1371,10.2579],[76.1371,10.2585],[76.1368,10.2585],[76.1368,10.259],[76.1365,10.259],[76.1365,10.261],[76.1363,10.261],[76.1363,10.2615],[76.136,10.2615],[76.136,10.2624],[76.1363,10.2624],[76.1363,10.2635],[76.136,10.2635],[76.136,10.2646],[76.1357,10.2646],[76.1357,10.2651],[76.1354,10.2651],[76.1354,10.266],[76.1351,10.266],[76.1351,10.2665],[76.1349,10.2665],[76.1349,10.2668],[76.1346,10.2668],[76.1346,10.2674],[76.1343,10.2674],[76.1343,10.2676],[76.1346,10.2676],[76.1346,10.2679],[76.1343,10.2679],[76.1343,10.2696],[76.134,10.2696],[76.134,10.2701],[76.1338,10.2701],[76.1338,10.2712],[76.1335,10.2712],[76.1335,10.2732],[76.1332,10.2732],[76.1332,10.2743],[76.1329,10.2743],[76.1329,10.2749],[76.1326,10.2749],[76.1326,10.2751],[76.1329,10.2751],[76.1329,10.2754],[76.1326,10.2754],[76.1326,10.2765],[76.1323,10.2765],[76.1324,10.2774],[76.1321,10.2774],[76.1321,10.2779],[76.1318,10.2779],[76.1318,10.2785],[76.1315,10.2785],[76.1315,10.2788],[76.1312,10.2788],[76.1312,10.2793],[76.131,10.2793],[76.131,10.2804],[76.1307,10.2804],[76.1307,10.2813],[76.131,10.2813],[76.131,10.2826],[76.1307,10.2826],[76.1307,10.2829],[76.1304,10.2829],[76.1304,10.2843],[76.1301,10.2843],[76.1301,10.2851],[76.1299,10.2851],[76.1299,10.2865],[76.1296,10.2865],[76.1296,10.2871],[76.1299,10.2871],[76.1299,10.2876],[76.1296,10.2876],[76.1296,10.2893],[76.1293,10.2893],[76.1293,10.2901],[76.129,10.2901],[76.129,10.2907],[76.1287,10.2907],[76.1287,10.2915],[76.1285,10.2915],[76.1285,10.2926],[76.1282,10.2926],[76.1282,10.2932],[76.1279,10.2932],[76.1279,10.2946],[76.1276,10.2946],[76.1276,10.296],[76.1274,10.296],[76.1274,10.2965],[76.1271,10.2965],[76.1271,10.2968],[76.1268,10.2968],[76.1268,10.2979],[76.1265,10.2979],[76.1265,10.299],[76.1263,10.299],[76.1263,10.2993],[76.1265,10.2993],[76.1265,10.2996],[76.1263,10.2996],[76.1263,10.2999],[76.126,10.2999],[76.126,10.301],[76.1254,10.301],[76.1254,10.3015],[76.1251,10.3015],[76.1251,10.3026],[76.1249,10.3026],[76.1249,10.3029],[76.1243,10.3029],[76.1243,10.3038],[76.1246,10.3038],[76.1246,10.3049],[76.1243,10.3049],[76.1243,10.3057],[76.124,10.3057],[76.124,10.306],[76.1243,10.306],[76.1243,10.3076],[76.124,10.3076],[76.124,10.3082],[76.1237,10.3082],[76.1237,10.3088],[76.1235,10.3088],[76.1235,10.309],[76.1232,10.309],[76.1232,10.3096],[76.1229,10.3096],[76.1229,10.3115],[76.1226,10.3115],[76.1226,10.3126],[76.1224,10.3126],[76.1224,10.3129],[76.1221,10.3129],[76.1221,10.3138],[76.1218,10.3138],[76.1218,10.3146],[76.1221,10.3146],[76.1221,10.3149],[76.1218,10.3149],[76.1218,10.3151],[76.1215,10.3151],[76.1215,10.3162],[76.1212,10.3162],[76.1212,10.3168],[76.121,10.3168],[76.121,10.3179],[76.1207,10.3179],[76.1207,10.3187],[76.1204,10.3187],[76.1204,10.3193],[76.1201,10.3193],[76.1201,10.3201],[76.1199,10.3201],[76.1199,10.3215],[76.1196,10.3215],[76.1196,10.3224],[76.1193,10.3224],[76.1193,10.3229],[76.119,10.3229],[76.119,10.3232],[76.1185,10.3232],[76.1185,10.3237],[76.1188,10.3237],[76.1188,10.3243],[76.1185,10.3243],[76.1185,10.3254],[76.1182,10.3254],[76.1182,10.3263],[76.1179,10.3263],[76.1179,10.3276],[76.1182,10.3276],[76.1182,10.3279],[76.1179,10.3279],[76.1179,10.3282],[76.1176,10.3282],[76.1176,10.3287],[76.1173,10.3287],[76.1174,10.3299],[76.1171,10.3299],[76.1171,10.3304],[76.1168,10.3304],[76.1168,10.3307],[76.1165,10.3307],[76.1165,10.3318],[76.1162,10.3318],[76.1162,10.3332],[76.116,10.3332],[76.116,10.3338],[76.1157,10.3338],[76.1157,10.334],[76.1154,10.334],[76.1154,10.3351],[76.1151,10.3351],[76.1151,10.3368],[76.1149,10.3368],[76.1149,10.3374],[76.1146,10.3374],[76.1146,10.3379],[76.1143,10.3379],[76.1143,10.3388],[76.114,10.3388],[76.114,10.3399],[76.1137,10.3399],[76.1137,10.3407],[76.1135,10.3407],[76.1135,10.341],[76.1132,10.341],[76.1132,10.3426],[76.1129,10.3426],[76.1129,10.3429],[76.1124,10.3429],[76.1124,10.3438],[76.1121,10.3438],[76.1121,10.3443],[76.1118,10.3443],[76.1118,10.3446],[76.1115,10.3446],[76.1115,10.346],[76.1113,10.346],[76.1112,10.3465],[76.111,10.3465],[76.111,10.3476],[76.1107,10.3476],[76.1107,10.3488],[76.1104,10.3488],[76.1104,10.3493],[76.1101,10.3493],[76.1101,10.3501],[76.1099,10.3501],[76.1099,10.3507],[76.1096,10.3507],[76.1096,10.351],[76.1093,10.351],[76.1093,10.3521],[76.109,10.3521],[76.109,10.3529],[76.1087,10.3529],[76.1087,10.3538],[76.1085,10.3538],[76.1085,10.3546],[76.1082,10.3546],[76.1082,10.3551],[76.1079,10.3551],[76.1079,10.3557],[76.1076,10.3557],[76.1076,10.3563],[76.1074,10.3563],[76.1074,10.3568],[76.1071,10.3568],[76.1071,10.3574],[76.1068,10.3574],[76.1068,10.3582],[76.1065,10.3582],[76.1065,10.3588],[76.1062,10.3588],[76.1062,10.3596],[76.106,10.3596],[76.106,10.3601],[76.1057,10.3601],[76.1057,10.3613],[76.1054,10.3613],[76.1054,10.3618],[76.1051,10.3618],[76.1051,10.3624],[76.1049,10.3624],[76.1049,10.3632],[76.1046,10.3632],[76.1046,10.3638],[76.1043,10.3638],[76.1043,10.3646],[76.104,10.3646],[76.104,10.3657],[76.1038,10.3657],[76.1038,10.3663],[76.1035,10.3663],[76.1035,10.3668],[76.1032,10.3668],[76.1032,10.3682],[76.1029,10.3682],[76.1029,10.3685],[76.1026,10.3685],[76.1026,10.369],[76.1024,10.369],[76.1024,10.3696],[76.1021,10.3696],[76.1021,10.3699],[76.1024,10.3699],[76.1024,10.3701],[76.1021,10.3701],[76.1021,10.3712],[76.1018,10.3712],[76.1018,10.3718],[76.1015,10.3718],[76.1015,10.3724],[76.1012,10.3724],[76.1012,10.3732],[76.101,10.3732],[76.101,10.3738],[76.1007,10.3737],[76.1007,10.3746],[76.1004,10.3746],[76.1004,10.3751],[76.1001,10.3751],[76.1001,10.3754],[76.0999,10.3754],[76.0999,10.3771],[76.0996,10.3771],[76.0996,10.3779],[76.0993,10.3779],[76.0993,10.3807],[76.0987,10.3807],[76.0987,10.381],[76.0985,10.381],[76.0985,10.3813],[76.0979,10.3813],[76.0979,10.3821],[76.0976,10.3821],[76.0976,10.3829],[76.0974,10.3829],[76.0974,10.3832],[76.0971,10.3832],[76.0971,10.3837],[76.0968,10.3837],[76.0968,10.3846],[76.0965,10.3846],[76.0965,10.3857],[76.0962,10.3857],[76.0962,10.3865],[76.096,10.3865],[76.096,10.3868],[76.0957,10.3868],[76.0957,10.3876],[76.0954,10.3876],[76.0954,10.3882],[76.0951,10.3882],[76.0951,10.3893],[76.0949,10.3893],[76.0949,10.3901],[76.0946,10.3901],[76.0946,10.3904],[76.0943,10.3904],[76.0943,10.3912],[76.094,10.3912],[76.094,10.3921],[76.0938,10.3921],[76.0938,10.3929],[76.0935,10.3929],[76.0935,10.3935],[76.0932,10.3935],[76.0932,10.394],[76.0929,10.394],[76.0929,10.3949],[76.0926,10.3949],[76.0926,10.396],[76.0924,10.396],[76.0924,10.3968],[76.0921,10.3968],[76.0921,10.3971],[76.0918,10.3971],[76.0918,10.3976],[76.0912,10.3976],[76.0912,10.399],[76.091,10.399],[76.091,10.3996],[76.0907,10.3996],[76.0907,10.4004],[76.0904,10.4004],[76.0904,10.401],[76.0901,10.401],[76.0901,10.4018],[76.0899,10.4018],[76.0899,10.4026],[76.0896,10.4026],[76.0896,10.4038],[76.0893,10.4038],[76.0893,10.404],[76.089,10.404],[76.089,10.4043],[76.0888,10.4043],[76.0888,10.4051],[76.0885,10.4051],[76.0885,10.4063],[76.0882,10.4062],[76.0882,10.4068],[76.0879,10.4068],[76.0879,10.4076],[76.0876,10.4076],[76.0876,10.4082],[76.0874,10.4082],[76.0874,10.4087],[76.0871,10.4087],[76.0871,10.4093],[76.0868,10.4093],[76.0868,10.4099],[76.0865,10.4099],[76.0865,10.4104],[76.0863,10.4104],[76.0863,10.4107],[76.086,10.4107],[76.086,10.4113],[76.0857,10.4113],[76.0857,10.4118],[76.0854,10.4118],[76.0854,10.4126],[76.0851,10.4126],[76.0851,10.4129],[76.0849,10.4129],[76.0849,10.4143],[76.0846,10.4143],[76.0846,10.4149],[76.0843,10.4149],[76.0843,10.4151],[76.084,10.4151],[76.084,10.4154],[76.0837,10.4154],[76.0837,10.4168],[76.0835,10.4168],[76.0835,10.4174],[76.0832,10.4174],[76.0832,10.4179],[76.0829,10.4179],[76.0829,10.4185],[76.0826,10.4185],[76.0826,10.4193],[76.0829,10.4193],[76.0829,10.4199],[76.0826,10.4199],[76.0826,10.4204],[76.0824,10.4204],[76.0824,10.4207],[76.0818,10.4207],[76.0818,10.4213],[76.0815,10.4213],[76.0815,10.4224],[76.0813,10.4224],[76.0813,10.4232],[76.081,10.4232],[76.081,10.4235],[76.0807,10.4235],[76.0807,10.424],[76.0804,10.424],[76.0804,10.4243],[76.0801,10.4243],[76.0801,10.4249],[76.0799,10.4249],[76.0799,10.4251],[76.0796,10.4251],[76.0796,10.4276],[76.0793,10.4276],[76.0793,10.4279],[76.079,10.4279],[76.079,10.4285],[76.0788,10.4285],[76.0788,10.4288],[76.0782,10.4288],[76.0782,10.4293],[76.0779,10.4293],[76.0779,10.4304],[76.0776,10.4304],[76.0776,10.4312],[76.0774,10.4312],[76.0774,10.4321],[76.0771,10.4321],[76.0771,10.4326],[76.0768,10.4326],[76.0768,10.4329],[76.0762,10.4329],[76.0762,10.4335],[76.076,10.4335],[76.076,10.4343],[76.0757,10.4343],[76.0757,10.4349],[76.0754,10.4349],[76.0754,10.4351],[76.0751,10.4351],[76.0751,10.4368],[76.0749,10.4368],[76.0749,10.4376],[76.0746,10.4376],[76.0746,10.4382],[76.0743,10.4382],[76.0743,10.4385],[76.074,10.4385],[76.074,10.439],[76.0738,10.439],[76.0738,10.4396],[76.0735,10.4396],[76.0735,10.4401],[76.0732,10.4401],[76.0732,10.4413],[76.0729,10.4413],[76.0729,10.4424],[76.0726,10.4424],[76.0726,10.4426],[76.0721,10.4426],[76.0721,10.4435],[76.0718,10.4435],[76.0718,10.4443],[76.0715,10.4443],[76.0715,10.4446],[76.0713,10.4446],[76.0713,10.4449],[76.071,10.4449],[76.071,10.4451],[76.0707,10.4451],[76.0707,10.4457],[76.0704,10.4457],[76.0704,10.4471],[76.0701,10.4471],[76.0701,10.4479],[76.0699,10.4479],[76.0699,10.4482],[76.0696,10.4482],[76.0696,10.4485],[76.0693,10.4485],[76.0693,10.449],[76.069,10.449],[76.069,10.4493],[76.0687,10.4493],[76.0687,10.4501],[76.0685,10.4501],[76.0685,10.4513],[76.0682,10.4513],[76.0682,10.4518],[76.0676,10.4518],[76.0676,10.4521],[76.0674,10.4521],[76.0674,10.4529],[76.0671,10.4529],[76.0671,10.4543],[76.0665,10.4543],[76.0665,10.456],[76.0663,10.456],[76.0663,10.4563],[76.066,10.4563],[76.066,10.4568],[76.0654,10.4568],[76.0654,10.4571],[76.0651,10.4571],[76.0651,10.4574],[76.0649,10.4574],[76.0649,10.4576],[76.0651,10.4576],[76.0651,10.4579],[76.0649,10.4579],[76.0649,10.4585],[76.0646,10.4585],[76.0646,10.4587],[76.0643,10.4587],[76.0643,10.4593],[76.064,10.4593],[76.064,10.4599],[76.0638,10.4599],[76.0638,10.4604],[76.0635,10.4604],[76.0635,10.4613],[76.0632,10.4613],[76.0632,10.4621],[76.0629,10.4621],[76.0629,10.4624],[76.0626,10.4624],[76.0626,10.4626],[76.0624,10.4626],[76.0624,10.4632],[76.0621,10.4632],[76.0621,10.4643],[76.0618,10.4643],[76.0618,10.4646],[76.0615,10.4646],[76.0615,10.4657],[76.0612,10.4657],[76.0612,10.4663],[76.061,10.4663],[76.061,10.4665],[76.0604,10.4665],[76.0604,10.4671],[76.0601,10.4671],[76.0601,10.4674],[76.0599,10.4674],[76.0599,10.4685],[76.0596,10.4685],[76.0596,10.469],[76.0593,10.469],[76.0593,10.4693],[76.059,10.4693],[76.059,10.4696],[76.0587,10.4696],[76.0587,10.4699],[76.059,10.4699],[76.059,10.4701],[76.0587,10.4701],[76.0587,10.4704],[76.0585,10.4704],[76.0585,10.4713],[76.0582,10.4713],[76.0582,10.4715],[76.0579,10.4715],[76.0579,10.4718],[76.0576,10.4718],[76.0576,10.4726],[76.0574,10.4726],[76.0574,10.4735],[76.0571,10.4735],[76.0571,10.4738],[76.0568,10.4738],[76.0568,10.474],[76.0565,10.474],[76.0565,10.4749],[76.0563,10.4749],[76.0563,10.4754],[76.056,10.4754],[76.056,10.476],[76.0557,10.476],[76.0557,10.4763],[76.0554,10.4762],[76.0554,10.4774],[76.0551,10.4774],[76.0551,10.4779],[76.0549,10.4779],[76.0549,10.4782],[76.0546,10.4782],[76.0546,10.4787],[76.0543,10.4787],[76.0543,10.4793],[76.054,10.4793],[76.054,10.4799],[76.0537,10.4799],[76.0537,10.4807],[76.0535,10.4807],[76.0535,10.4812],[76.0532,10.4812],[76.0532,10.4824],[76.0526,10.4824],[76.0526,10.4826],[76.0524,10.4826],[76.0524,10.4832],[76.0521,10.4832],[76.0521,10.4843],[76.0518,10.4843],[76.0518,10.4849],[76.0515,10.4849],[76.0515,10.4854],[76.0512,10.4854],[76.0512,10.486],[76.051,10.486],[76.051,10.4868],[76.0504,10.4868],[76.0504,10.4871],[76.0501,10.4871],[76.0501,10.4877],[76.0499,10.4877],[76.0499,10.4879],[76.0496,10.4879],[76.0496,10.4885],[76.0493,10.4885],[76.0493,10.489],[76.049,10.489],[76.049,10.4896],[76.0488,10.4896],[76.0488,10.4899],[76.0485,10.4899],[76.0485,10.4904],[76.0482,10.4904],[76.0482,10.4913],[76.0479,10.4913],[76.0479,10.4915],[76.0476,10.4915],[76.0476,10.4918],[76.0474,10.4918],[76.0474,10.4924],[76.0471,10.4924],[76.0471,10.4935],[76.0468,10.4935],[76.0468,10.4937],[76.0465,10.4937],[76.0465,10.4943],[76.046,10.4943],[76.046,10.4954],[76.0457,10.4954],[76.0457,10.4963],[76.0454,10.4963],[76.0454,10.4965],[76.0451,10.4965],[76.0451,10.4968],[76.0449,10.4968],[76.0449,10.4971],[76.0446,10.4971],[76.0446,10.4979],[76.0443,10.4979],[76.0443,10.4982],[76.044,10.4982],[76.044,10.499],[76.0437,10.499],[76.0437,10.4993],[76.0435,10.4993],[76.0435,10.4999],[76.0432,10.4999],[76.0432,10.5004],[76.0429,10.5004],[76.0429,10.5015],[76.0426,10.5015],[76.0426,10.5018],[76.0424,10.5018],[76.0424,10.5021],[76.0421,10.5021],[76.0421,10.5024],[76.0418,10.5024],[76.0418,10.5029],[76.0413,10.5029],[76.0413,10.5035],[76.041,10.5035],[76.041,10.504],[76.0407,10.504],[76.0407,10.5043],[76.0404,10.5043],[76.0404,10.5049],[76.0401,10.5049],[76.0401,10.5054],[76.0399,10.5054],[76.0399,10.5071],[76.0404,10.5071],[76.0404,10.5074],[76.0407,10.5074],[76.0407,10.5071],[76.0421,10.5071],[76.0421,10.5074],[76.0424,10.5074],[76.0424,10.5076],[76.0426,10.5076],[76.0426,10.5088],[76.0424,10.5088],[76.0424,10.509],[76.0421,10.509],[76.0421,10.5107],[76.0418,10.5107],[76.0418,10.5112],[76.0415,10.5112],[76.0415,10.5118],[76.0413,10.5118],[76.0413,10.5126],[76.0415,10.5126],[76.0415,10.5138],[76.0413,10.5138],[76.0413,10.5146],[76.041,10.5146],[76.041,10.5176],[76.0407,10.5176],[76.0407,10.5179],[76.0404,10.5179],[76.0404,10.5185],[76.0401,10.5185],[76.0401,10.519],[76.0399,10.519],[76.0399,10.5196],[76.0396,10.5196],[76.0396,10.5197],[76.0396,10.5199],[76.0393,10.5199],[76.0393,10.5201],[76.039,10.5201],[76.039,10.5204],[76.0387,10.5204],[76.0387,10.521],[76.0385,10.521],[76.0385,10.5215],[76.0382,10.5215],[76.0382,10.5218],[76.0376,10.5218],[76.0376,10.5221],[76.0371,10.5221],[76.0371,10.5226],[76.0368,10.5226],[76.0368,10.5232],[76.0362,10.5232],[76.0362,10.5235],[76.036,10.5235],[76.036,10.5238],[76.0357,10.5238],[76.0357,10.524],[76.0351,10.524],[76.0351,10.5246],[76.0349,10.5246],[76.0349,10.5249],[76.0346,10.5249],[76.0346,10.5251],[76.0346,10.5254],[76.0343,10.5254],[76.0343,10.5257],[76.034,10.5257],[76.034,10.5282],[76.0343,10.5282],[76.0343,10.5299],[76.0346,10.5299],[76.0346,10.5301],[76.0349,10.5301],[76.0349,10.5304],[76.0354,10.5304],[76.0354,10.5307],[76.036,10.5307],[76.036,10.531],[76.0362,10.531],[76.0362,10.5315],[76.0365,10.5315],[76.0365,10.5318],[76.0371,10.5318],[76.0371,10.5321],[76.0374,10.5321],[76.0374,10.5324],[76.0379,10.5324],[76.0387,10.5324],[76.0387,10.5326],[76.0399,10.5326],[76.0399,10.5324],[76.041,10.5324],[76.041,10.5321],[76.0432,10.5321],[76.0432,10.5318],[76.0437,10.5318],[76.0437,10.5321],[76.0454,10.5321],[76.0454,10.5318],[76.0457,10.5318],[76.0457,10.5315],[76.0479,10.5315],[76.0479,10.5313],[76.0485,10.5313],[76.0485,10.531],[76.0499,10.531],[76.0499,10.5313],[76.0504,10.5313],[76.0504,10.5315],[76.051,10.5315],[76.051,10.5318],[76.0521,10.5318],[76.0521,10.5321],[76.0526,10.5321],[76.0526,10.5324],[76.0529,10.5324],[76.0529,10.5329],[76.0532,10.5329],[76.0532,10.5335],[76.0535,10.5335],[76.0535,10.534],[76.0537,10.534],[76.0537,10.5343],[76.0543,10.5343],[76.0543,10.5346],[76.054,10.5346],[76.054,10.536],[76.0537,10.536],[76.0537,10.5368],[76.0532,10.5368],[76.0532,10.5371],[76.0537,10.5371],[76.0537,10.5376],[76.0535,10.5376],[76.0535,10.5385],[76.0532,10.5385],[76.0532,10.5387],[76.0535,10.5387],[76.0535,10.5393],[76.0532,10.5393],[76.0532,10.541],[76.0535,10.541],[76.0535,10.5415],[76.0532,10.5415],[76.0532,10.5424],[76.0529,10.5424],[76.0529,10.5426],[76.0524,10.5426],[76.0524,10.5435],[76.0535,10.5435],[76.0535,10.5432],[76.0537,10.5432],[76.0537,10.5421],[76.054,10.5421],[76.054,10.5418],[76.0546,10.5418],[76.0546,10.5421],[76.0549,10.5421],[76.0549,10.5418],[76.0554,10.5418],[76.0554,10.5415],[76.0557,10.5415],[76.0557,10.541],[76.056,10.541],[76.056,10.5407],[76.0563,10.5407],[76.0563,10.5404],[76.0568,10.5404],[76.0568,10.5401],[76.0571,10.5401],[76.0571,10.5396],[76.0574,10.5396],[76.0574,10.5387],[76.0576,10.5387],[76.0576,10.5382],[76.0585,10.5382],[76.0585,10.5385],[76.0587,10.5385],[76.0587,10.5393],[76.0599,10.5393],[76.0599,10.539],[76.0601,10.539],[76.0601,10.5385],[76.0607,10.5385],[76.0607,10.5382],[76.061,10.5382],[76.061,10.5379],[76.0612,10.5379],[76.0612,10.5376],[76.0615,10.5376],[76.0615,10.5374],[76.0618,10.5374],[76.0618,10.5371],[76.0621,10.5371],[76.0621,10.5365],[76.0624,10.5365],[76.0624,10.5363],[76.0626,10.5363],[76.0626,10.536],[76.0629,10.536],[76.0629,10.5357],[76.0635,10.5357],[76.0635,10.536],[76.0638,10.536],[76.0638,10.5371],[76.064,10.5371],[76.064,10.5374],[76.0646,10.5374],[76.0646,10.5382],[76.0651,10.5382],[76.0651,10.5385],[76.0654,10.5385],[76.0654,10.5387],[76.066,10.5387],[76.066,10.5393],[76.0663,10.5393],[76.0663,10.5404],[76.0665,10.5404],[76.0665,10.5426],[76.0668,10.5426],[76.0668,10.5432],[76.0676,10.5432],[76.0676,10.5446],[76.0674,10.5446],[76.0674,10.5451],[76.0671,10.5451],[76.0671,10.5454],[76.0668,10.5454],[76.0668,10.5463],[76.0665,10.5463],[76.0665,10.5465],[76.0663,10.5465],[76.0663,10.5463],[76.066,10.5463],[76.066,10.546],[76.0657,10.546],[76.0657,10.5457],[76.0649,10.5457],[76.0649,10.546],[76.0646,10.546],[76.0646,10.5463],[76.064,10.5463],[76.064,10.5465],[76.0624,10.5465],[76.0624,10.546],[76.0621,10.546],[76.0621,10.5454],[76.0618,10.5454],[76.0618,10.5449],[76.0615,10.5449],[76.0615,10.5443],[76.0612,10.5443],[76.0612,10.544],[76.061,10.544],[76.061,10.5438],[76.0607,10.5438],[76.0607,10.5432],[76.0601,10.5432],[76.0601,10.5429],[76.0599,10.5429],[76.0599,10.5435],[76.0596,10.5435],[76.0596,10.5438],[76.0593,10.5438],[76.0593,10.5449],[76.059,10.5449],[76.059,10.5451],[76.0585,10.5451],[76.0585,10.5457],[76.0579,10.5457],[76.0579,10.546],[76.0571,10.546],[76.0571,10.5463],[76.0557,10.5463],[76.0557,10.5465],[76.0554,10.5465],[76.0554,10.5463],[76.0546,10.5463],[76.0546,10.546],[76.0535,10.546],[76.0535,10.5457],[76.0532,10.5457],[76.0532,10.5454],[76.0515,10.5454],[76.0515,10.5457],[76.0512,10.5457],[76.0512,10.546],[76.051,10.546],[76.051,10.5463],[76.0504,10.5463],[76.0504,10.5465],[76.0501,10.5465],[76.0501,10.5468],[76.0496,10.5468],[76.0496,10.5471],[76.0499,10.5471],[76.0499,10.5474],[76.0496,10.5474],[76.0496,10.5476],[76.0499,10.5476],[76.0499,10.5485],[76.0496,10.5485],[76.0496,10.5496],[76.0493,10.5496],[76.0493,10.5513],[76.049,10.5513],[76.049,10.5515],[76.0493,10.5515],[76.0493,10.5518],[76.0488,10.5518],[76.0488,10.5524],[76.0485,10.5524],[76.0485,10.5526],[76.0482,10.5526],[76.0482,10.5529],[76.0474,10.5529],[76.0474,10.5532],[76.0471,10.5532],[76.0471,10.5538],[76.0468,10.5537],[76.0468,10.5543],[76.0465,10.5543],[76.0465,10.5546],[76.0462,10.5546],[76.0462,10.5549],[76.0457,10.5549],[76.0457,10.5554],[76.0454,10.5554],[76.0454,10.5557],[76.0451,10.5557],[76.0451,10.5563],[76.0449,10.5563],[76.0449,10.5565],[76.0446,10.5565],[76.0446,10.5582],[76.0443,10.5582],[76.0443,10.5585],[76.0446,10.5585],[76.0446,10.5587],[76.0443,10.5587],[76.0443,10.5599],[76.044,10.5599],[76.044,10.5601],[76.0435,10.5601],[76.0435,10.5607],[76.0432,10.5607],[76.0432,10.5613],[76.0429,10.5612],[76.0429,10.5621],[76.0426,10.5621],[76.0426,10.5624],[76.0424,10.5624],[76.0424,10.5626],[76.0418,10.5626],[76.0418,10.5629],[76.0415,10.5629],[76.0415,10.5635],[76.0413,10.5635],[76.0413,10.5643],[76.041,10.5643],[76.041,10.566],[76.0413,10.566],[76.0413,10.5662],[76.0415,10.5662],[76.0415,10.5665],[76.0418,10.5665],[76.0418,10.5668],[76.0421,10.5668],[76.0421,10.5671],[76.0426,10.5671],[76.0426,10.5674],[76.044,10.5674],[76.044,10.5671],[76.046,10.5671],[76.046,10.5668],[76.0462,10.5668],[76.0462,10.5665],[76.0471,10.5665],[76.0471,10.5671],[76.0474,10.5671],[76.0474,10.5679],[76.0468,10.5679],[76.0468,10.5682],[76.0465,10.5682],[76.0465,10.5685],[76.0462,10.5685],[76.0462,10.5696],[76.046,10.5696],[76.046,10.5699],[76.0457,10.5699],[76.0457,10.5704],[76.0454,10.5704],[76.0454,10.5712],[76.0451,10.5712],[76.0451,10.5715],[76.0449,10.5715],[76.0449,10.5718],[76.0446,10.5718],[76.0446,10.5724],[76.0443,10.5724],[76.0443,10.5726],[76.0432,10.5726],[76.0432,10.5732],[76.0429,10.5732],[76.0429,10.5735],[76.0426,10.5735],[76.0426,10.5743],[76.0429,10.5743],[76.0429,10.5746],[76.0426,10.5746],[76.0426,10.5749],[76.0424,10.5749],[76.0424,10.5751],[76.0421,10.5751],[76.0421,10.5754],[76.0415,10.5754],[76.0415,10.5751],[76.0418,10.5751],[76.0418,10.5715],[76.0413,10.5715],[76.0413,10.5712],[76.0407,10.5712],[76.0407,10.571],[76.0404,10.571],[76.0404,10.5712],[76.0399,10.5712],[76.0399,10.571],[76.039,10.571],[76.039,10.5707],[76.0385,10.5707],[76.0385,10.5704],[76.0376,10.5704],[76.0376,10.5701],[76.0374,10.5701],[76.0374,10.5696],[76.0371,10.5696],[76.0371,10.569],[76.0368,10.569],[76.0368,10.5685],[76.0365,10.5685],[76.0365,10.5682],[76.0362,10.5682],[76.0362,10.5679],[76.0365,10.5679],[76.0365,10.5668],[76.0368,10.5668],[76.0368,10.5662],[76.0371,10.5662],[76.0371,10.5657],[76.0374,10.5657],[76.0374,10.5649],[76.0376,10.5649],[76.0376,10.5643],[76.0382,10.5643],[76.0382,10.564],[76.0387,10.564],[76.0387,10.5638],[76.039,10.5638],[76.039,10.5635],[76.0393,10.5635],[76.0393,10.5632],[76.0396,10.5632],[76.0396,10.5629],[76.0399,10.5629],[76.0399,10.5626],[76.0401,10.5626],[76.0401,10.5607],[76.0404,10.5607],[76.0404,10.5604],[76.0401,10.5604],[76.0401,10.5601],[76.0404,10.5601],[76.0404,10.5599],[76.0407,10.5599],[76.0407,10.5596],[76.0404,10.5596],[76.0404,10.5593],[76.0407,10.5593],[76.0407,10.559],[76.041,10.559],[76.041,10.5579],[76.0413,10.5579],[76.0413,10.5576],[76.0415,10.5576],[76.0415,10.5574],[76.0418,10.5574],[76.0418,10.5571],[76.0421,10.5571],[76.0421,10.5568],[76.0424,10.5568],[76.0424,10.5565],[76.0426,10.5565],[76.0426,10.5563],[76.0429,10.5563],[76.0429,10.556],[76.0432,10.556],[76.0432,10.5557],[76.0435,10.5557],[76.0435,10.5535],[76.0437,10.5535],[76.0437,10.5532],[76.044,10.5532],[76.044,10.5515],[76.0443,10.5515],[76.0443,10.551],[76.0446,10.551],[76.0446,10.5504],[76.0449,10.5504],[76.0449,10.5499],[76.0451,10.5499],[76.0451,10.5496],[76.0454,10.5496],[76.0454,10.5493],[76.0457,10.5493],[76.0457,10.549],[76.046,10.549],[76.046,10.5485],[76.0465,10.5485],[76.0465,10.5476],[76.0468,10.5476],[76.0468,10.5474],[76.0474,10.5474],[76.0474,10.5465],[76.0476,10.5465],[76.0476,10.546],[76.0474,10.546],[76.0474,10.5449],[76.0476,10.5449],[76.0476,10.5429],[76.0474,10.5429],[76.0474,10.5415],[76.0476,10.5415],[76.0476,10.541],[76.0479,10.541],[76.0479,10.5404],[76.0482,10.5404],[76.0482,10.539],[76.0479,10.539],[76.0479,10.5363],[76.0482,10.5363],[76.0482,10.5351],[76.0479,10.5351],[76.0479,10.5343],[76.0476,10.5343],[76.0476,10.534],[76.0474,10.534],[76.0474,10.5335],[76.0471,10.5335],[76.0471,10.5338],[76.0468,10.5338],[76.0468,10.5335],[76.0465,10.5335],[76.0465,10.5338],[76.046,10.5338],[76.046,10.534],[76.0451,10.534],[76.0451,10.5343],[76.0446,10.5343],[76.0443,10.5343],[76.0443,10.5346],[76.0443,10.5349],[76.0441,10.5349],[76.0437,10.5349],[76.0437,10.5351],[76.0432,10.5351],[76.0432,10.5354],[76.0426,10.5354],[76.0426,10.5357],[76.0421,10.5357],[76.0421,10.536],[76.0418,10.536],[76.0418,10.5357],[76.0407,10.5357],[76.0407,10.536],[76.0385,10.536],[76.0385,10.5357],[76.0376,10.5357],[76.0376,10.5354],[76.0365,10.5354],[76.036,10.5354],[76.036,10.5351],[76.0357,10.5351],[76.0357,10.5354],[76.0354,10.5354],[76.0354,10.5351],[76.0349,10.5351],[76.0349,10.5349],[76.0346,10.5349],[76.0346,10.5351],[76.0343,10.5351],[76.0343,10.5349],[76.0335,10.5349],[76.0335,10.5368],[76.0332,10.5368],[76.0332,10.5371],[76.0329,10.5371],[76.0329,10.5374],[76.0321,10.5374],[76.0321,10.5371],[76.0318,10.5371],[76.0318,10.5368],[76.0321,10.5368],[76.0321,10.5363],[76.0324,10.5363],[76.0324,10.5357],[76.0326,10.5357],[76.0326,10.5351],[76.0332,10.5351],[76.0332,10.5332],[76.0335,10.5332],[76.0335,10.5324],[76.0332,10.5324],[76.0332,10.5318],[76.0329,10.5318],[76.0329,10.5313],[76.0326,10.5313],[76.0326,10.5307],[76.0324,10.5307],[76.0324,10.5301],[76.0318,10.5301],[76.0318,10.529],[76.0315,10.529],[76.0315,10.5282],[76.031,10.5282],[76.031,10.5265],[76.0313,10.5265],[76.0313,10.5257],[76.0315,10.5257],[76.0315,10.5251],[76.0318,10.5251],[76.0318,10.5249],[76.0321,10.5249],[76.0321,10.5245],[76.0321,10.5243],[76.0324,10.5243],[76.0324,10.5238],[76.0326,10.5238],[76.0326,10.5232],[76.0329,10.5232],[76.0329,10.5229],[76.0335,10.5229],[76.0335,10.5224],[76.0338,10.5224],[76.0338,10.5221],[76.034,10.5221],[76.034,10.5218],[76.0343,10.5218],[76.0343,10.5215],[76.0346,10.5215],[76.0346,10.521],[76.0354,10.521],[76.0354,10.5207],[76.0351,10.5207],[76.0351,10.5201],[76.0354,10.5201],[76.0354,10.5196],[76.0357,10.5196],[76.0357,10.5193],[76.036,10.5193],[76.036,10.5191],[76.0362,10.519],[76.0362,10.5179],[76.0365,10.5179],[76.0365,10.5176],[76.0368,10.5176],[76.0368,10.5171],[76.0371,10.5171],[76.0371,10.5168],[76.0374,10.5168],[76.0374,10.5162],[76.0376,10.5162],[76.0376,10.5157],[76.0379,10.5157],[76.0379,10.5151],[76.0382,10.5151],[76.0382,10.5146],[76.0385,10.5146],[76.0385,10.5138],[76.0387,10.5138],[76.0387,10.5135],[76.039,10.5135],[76.039,10.5129],[76.0393,10.5129],[76.0393,10.5126],[76.0396,10.5126],[76.0396,10.5121],[76.0399,10.5121],[76.0399,10.5112],[76.0401,10.5112],[76.0401,10.5107],[76.0399,10.5107],[76.0399,10.5101],[76.0396,10.5101],[76.0396,10.5099],[76.0382,10.5099],[76.0382,10.5101],[76.0362,10.5101],[76.0362,10.5104],[76.036,10.5104],[76.036,10.511],[76.0357,10.511],[76.0357,10.5112],[76.0354,10.5112],[76.0354,10.5118],[76.0351,10.5118],[76.0351,10.5124],[76.0349,10.5124],[76.0349,10.5129],[76.0346,10.5129],[76.0346,10.5135],[76.034,10.5135],[76.034,10.514],[76.0338,10.514],[76.0338,10.5143],[76.0335,10.5143],[76.0335,10.5149],[76.0332,10.5149],[76.0332,10.5157],[76.0329,10.5157],[76.0329,10.5162],[76.0326,10.5162],[76.0326,10.5174],[76.0324,10.5174],[76.0324,10.5179],[76.0321,10.5179],[76.0321,10.5182],[76.0318,10.5182],[76.0318,10.519],[76.0315,10.519],[76.0315,10.5196],[76.0313,10.5196],[76.0313,10.5199],[76.031,10.5199],[76.031,10.521],[76.0307,10.521],[76.0307,10.5215],[76.0304,10.5215],[76.0304,10.5218],[76.0301,10.5218],[76.0301,10.5224],[76.0299,10.5224],[76.0299,10.5229],[76.0296,10.5229],[76.0296,10.5235],[76.0293,10.5235],[76.0293,10.5238],[76.029,10.5238],[76.029,10.5246],[76.0287,10.5246],[76.0287,10.5251],[76.0285,10.5251],[76.0285,10.5263],[76.0282,10.5263],[76.0282,10.5265],[76.0279,10.5265],[76.0279,10.5271],[76.0276,10.5271],[76.0276,10.5276],[76.0274,10.5276],[76.0274,10.5285],[76.0268,10.5285],[76.0268,10.529],[76.0265,10.529],[76.0265,10.5293],[76.0263,10.5293],[76.0263,10.5304],[76.026,10.5304],[76.026,10.5318],[76.0257,10.5318],[76.0257,10.5321],[76.0251,10.5321],[76.0251,10.5335],[76.0249,10.5335],[76.0249,10.534],[76.0246,10.534],[76.0246,10.5346],[76.0243,10.5346],[76.0243,10.5351],[76.024,10.5351],[76.024,10.5357],[76.0238,10.5357],[76.0238,10.536],[76.0232,10.536],[76.0232,10.5368],[76.0229,10.5368],[76.0229,10.5382],[76.0226,10.5382],[76.0226,10.5387],[76.0224,10.5387],[76.0224,10.5393],[76.0218,10.5393],[76.0218,10.5399],[76.0215,10.5399],[76.0215,10.541],[76.0212,10.541],[76.0212,10.5415],[76.021,10.5415],[76.021,10.5418],[76.0207,10.5418],[76.0207,10.5426],[76.0204,10.5426],[76.0204,10.5429],[76.0201,10.5429],[76.0201,10.544],[76.0199,10.544],[76.0199,10.5449],[76.0196,10.5449],[76.0196,10.546],[76.0193,10.546],[76.0193,10.5468],[76.019,10.5468],[76.019,10.5474],[76.0188,10.5474],[76.0188,10.5476],[76.0185,10.5476],[76.0185,10.5485],[76.0182,10.5485],[76.0182,10.5493],[76.0179,10.5493],[76.0179,10.5499],[76.0176,10.5499],[76.0176,10.5501],[76.0174,10.5501],[76.0174,10.5515],[76.0171,10.5515],[76.0171,10.5521],[76.0174,10.5521],[76.0174,10.5526],[76.0171,10.5526],[76.0171,10.5535],[76.0168,10.5535],[76.0168,10.5538],[76.0165,10.5537],[76.0165,10.554],[76.016,10.554],[76.016,10.5546],[76.0157,10.5546],[76.0157,10.5554],[76.016,10.5554],[76.016,10.5563],[76.0157,10.5563],[76.0157,10.5568],[76.0154,10.5568],[76.0154,10.5574],[76.0152,10.5574],[76.0152,10.5576],[76.0149,10.5576],[76.0149,10.5587],[76.0146,10.5587],[76.0146,10.5596],[76.0143,10.5596],[76.0143,10.5599],[76.014,10.5599],[76.014,10.5604],[76.0137,10.5604],[76.0137,10.561],[76.0135,10.561],[76.0135,10.5615],[76.0132,10.5615],[76.0132,10.5618],[76.0129,10.5618],[76.0129,10.5621],[76.0126,10.5621],[76.0126,10.5626],[76.0124,10.5626],[76.0124,10.5638],[76.0121,10.5638],[76.0121,10.5643],[76.0118,10.5643],[76.0118,10.5646],[76.0115,10.5646],[76.0115,10.5649],[76.0113,10.5649],[76.0113,10.5657],[76.011,10.5657],[76.011,10.5662],[76.0107,10.5662],[76.0107,10.5665],[76.0104,10.5665],[76.0104,10.5676],[76.0101,10.5676],[76.0101,10.5679],[76.0099,10.5679],[76.0099,10.569],[76.0093,10.569],[76.0093,10.5696],[76.009,10.5696],[76.009,10.5707],[76.0088,10.5707],[76.0088,10.5715],[76.0085,10.5715],[76.0085,10.5718],[76.0082,10.5718],[76.0082,10.5721],[76.0079,10.5721],[76.0079,10.5729],[76.0076,10.5729],[76.0076,10.574],[76.0074,10.574],[76.0074,10.5746],[76.0068,10.5746],[76.0068,10.5751],[76.0065,10.5751],[76.0065,10.5754],[76.0062,10.5754],[76.0062,10.5768],[76.006,10.5768],[76.006,10.5774],[76.0057,10.5774],[76.0057,10.5782],[76.0054,10.5782],[76.0054,10.5788],[76.0051,10.5788],[76.0051,10.579],[76.0049,10.579],[76.0049,10.5796],[76.0046,10.5796],[76.0046,10.5799],[76.0043,10.5799],[76.0043,10.5807],[76.004,10.5807],[76.004,10.5821],[76.0037,10.5821],[76.0037,10.5826],[76.0035,10.5826],[76.0035,10.5829],[76.0032,10.5829],[76.0032,10.5835],[76.0029,10.5835],[76.0029,10.5838],[76.0026,10.5837],[76.0026,10.5857],[76.0024,10.5857],[76.0024,10.5863],[76.0021,10.5863],[76.0021,10.5868],[76.0018,10.5868],[76.0018,10.5871],[76.0015,10.5871],[76.0015,10.5876],[76.0013,10.5876],[76.0013,10.5885],[76.001,10.5885],[76.001,10.5888],[76.0007,10.5888],[76.0007,10.589],[76.0002,10.589],[75.9996,10.589],[75.9996,10.5901],[75.9993,10.5901],[75.9993,10.5904],[75.999,10.5904],[75.999,10.591],[75.9987,10.591],[75.9987,10.5915],[75.9985,10.5915],[75.9985,10.5924],[75.9982,10.5924],[75.9982,10.5938],[75.9979,10.5938],[75.9979,10.5949],[75.9976,10.5949],[75.9976,10.5957],[75.9974,10.5957],[75.9974,10.5965],[75.9971,10.5965],[75.9971,10.5974],[75.9968,10.5974],[75.9968,10.5982],[75.9965,10.5982],[75.9965,10.599],[75.9962,10.599],[75.9962,10.5999],[75.996,10.5999],[75.996,10.6004],[75.9957,10.6004],[75.9957,10.6012],[75.9954,10.6012],[75.9954,10.6021],[75.9951,10.6021],[75.9951,10.6026],[75.9949,10.6026],[75.9949,10.6035],[75.9946,10.6035],[75.9946,10.604],[75.9943,10.604],[75.9943,10.6046],[75.994,10.6046],[75.994,10.6051],[75.9938,10.6051],[75.9938,10.6057],[75.9935,10.6057],[75.9935,10.6063],[75.9932,10.6063],[75.9932,10.6071],[75.9929,10.6071],[75.9929,10.6076],[75.9926,10.6076],[75.9926,10.6082],[75.9924,10.6082],[75.9924,10.6088],[75.9921,10.6088],[75.9921,10.6093],[75.9918,10.6093],[75.9918,10.6101],[75.9915,10.6101],[75.9915,10.6107],[75.9912,10.6107],[75.9912,10.6113],[75.991,10.6112],[75.991,10.6121],[75.9907,10.6121],[75.9907,10.6126],[75.9904,10.6126],[75.9904,10.6132],[75.9901,10.6132],[75.9901,10.614],[75.9899,10.614],[75.9899,10.6146],[75.9896,10.6146],[75.9896,10.6151],[75.9893,10.6151],[75.9893,10.616],[75.989,10.616],[75.989,10.6165],[75.9887,10.6165],[75.9887,10.6174],[75.9885,10.6174],[75.9885,10.6179],[75.9882,10.6179],[75.9882,10.6185],[75.9879,10.6185],[75.9879,10.6193],[75.9876,10.6193],[75.9876,10.6199],[75.9874,10.6199],[75.9874,10.6204],[75.9871,10.6204],[75.9871,10.621],[75.9868,10.621],[75.9868,10.6215],[75.9865,10.6215],[75.9865,10.6221],[75.9863,10.6221],[75.9863,10.6226],[75.986,10.6226],[75.986,10.6232],[75.9857,10.6232],[75.9857,10.6237],[75.9854,10.6237],[75.9854,10.6243],[75.9851,10.6243],[75.9851,10.6249],[75.9848,10.6249],[75.9848,10.6254],[75.9846,10.6254],[75.9846,10.626],[75.9843,10.626],[75.9843,10.6268],[75.984,10.6268],[75.984,10.6274],[75.9837,10.6274],[75.9837,10.6279],[75.9835,10.6279],[75.9835,10.6285],[75.9832,10.6285],[75.9832,10.629],[75.9829,10.629],[75.9829,10.6296],[75.9826,10.6296],[75.9826,10.6301],[75.9824,10.6301],[75.9824,10.6307],[75.9821,10.6307],[75.9821,10.6313],[75.9818,10.6313],[75.9818,10.6318],[75.9815,10.6318],[75.9815,10.6324],[75.9812,10.6324],[75.9812,10.6329],[75.981,10.6329],[75.981,10.634],[75.9807,10.634],[75.9807,10.6351],[75.9804,10.6351],[75.9804,10.6357],[75.9801,10.6357],[75.9801,10.6362],[75.9799,10.6363],[75.9799,10.6365],[75.9796,10.6365],[75.9796,10.6368],[75.9793,10.6368],[75.9793,10.6371],[75.979,10.6371],[75.979,10.6374],[75.9788,10.6374],[75.9788,10.6396],[75.9785,10.6396],[75.9785,10.6401],[75.9782,10.6401],[75.9782,10.6404],[75.9779,10.6404],[75.9779,10.6407],[75.9776,10.6407],[75.9776,10.6413],[75.9774,10.6413],[75.9774,10.6418],[75.9771,10.6418],[75.9771,10.6424],[75.9768,10.6424],[75.9768,10.6429],[75.9765,10.6429],[75.9765,10.6435],[75.9762,10.6435],[75.9762,10.6443],[75.976,10.6443],[75.976,10.6449],[75.9757,10.6449],[75.9757,10.6454],[75.9754,10.6454],[75.9754,10.646],[75.9751,10.646],[75.9751,10.6465],[75.9749,10.6465],[75.9749,10.6471],[75.9746,10.6471],[75.9746,10.6476],[75.9743,10.6476],[75.9743,10.6482],[75.974,10.6482],[75.974,10.649],[75.9737,10.649],[75.9737,10.6496],[75.9735,10.6496],[75.9735,10.6501],[75.9732,10.6501],[75.9732,10.6507],[75.9729,10.6507],[75.9729,10.6513],[75.9726,10.6513],[75.9726,10.6518],[75.9724,10.6518],[75.9724,10.6524],[75.9721,10.6524],[75.9721,10.6532],[75.9718,10.6532],[75.9718,10.6538],[75.9715,10.6538],[75.9715,10.6546],[75.9713,10.6546],[75.9713,10.6554],[75.971,10.6554],[75.971,10.656],[75.9707,10.656],[75.9707,10.6568],[75.9704,10.6568],[75.9704,10.6574],[75.9701,10.6574],[75.9701,10.6582],[75.9698,10.6582],[75.9698,10.659],[75.9696,10.659],[75.9696,10.6596],[75.9693,10.6596],[75.9693,10.6601],[75.969,10.6601],[75.969,10.6607],[75.9688,10.6607],[75.9688,10.661],[75.9685,10.661],[75.9685,10.6615],[75.9682,10.6615],[75.9682,10.6618],[75.9679,10.6618],[75.9679,10.6624],[75.9676,10.6624],[75.9676,10.6626],[75.9674,10.6626],[75.9674,10.6632],[75.9671,10.6632],[75.9671,10.6635],[75.9668,10.6635],[75.9668,10.664],[75.9665,10.664],[75.9665,10.6643],[75.9662,10.6643],[75.9662,10.6649],[75.966,10.6649],[75.966,10.6654],[75.9657,10.6654],[75.9657,10.666],[75.9654,10.666],[75.9654,10.6665],[75.9651,10.6665],[75.9651,10.6671],[75.9649,10.6671],[75.9649,10.6679],[75.9646,10.6679],[75.9646,10.6685],[75.9643,10.6685],[75.9643,10.669],[75.964,10.669],[75.964,10.6696],[75.9638,10.6696],[75.9638,10.6701],[75.9635,10.6701],[75.9635,10.6707],[75.9632,10.6707],[75.9632,10.6713],[75.9629,10.6713],[75.9629,10.6718],[75.9626,10.6718],[75.9626,10.6724],[75.9624,10.6724],[75.9624,10.6729],[75.9621,10.6729],[75.9621,10.6735],[75.9618,10.6735],[75.9618,10.674],[75.9615,10.674],[75.9615,10.6746],[75.9613,10.6746],[75.9613,10.6751],[75.961,10.6751],[75.961,10.676],[75.9607,10.676],[75.9607,10.6765],[75.9604,10.6765],[75.9604,10.6771],[75.9601,10.6771],[75.9601,10.6776],[75.9599,10.6776],[75.9599,10.6782],[75.9596,10.6782],[75.9596,10.6788],[75.9593,10.6788],[75.9593,10.6793],[75.959,10.6793],[75.959,10.6799],[75.9587,10.6799],[75.9587,10.6804],[75.9585,10.6804],[75.9585,10.681],[75.9582,10.681],[75.9582,10.6815],[75.9579,10.6815],[75.9579,10.6824],[75.9576,10.6824],[75.9576,10.6829],[75.9574,10.6829],[75.9574,10.6835],[75.9571,10.6835],[75.9571,10.6839],[75.9571,10.684],[75.9568,10.684],[75.9568,10.6846],[75.9565,10.6846],[75.9565,10.6851],[75.9563,10.6851],[75.9563,10.686],[75.956,10.686],[75.956,10.6865],[75.9557,10.6865],[75.9557,10.6871],[75.9554,10.6871],[75.9554,10.6876],[75.9551,10.6876],[75.9551,10.6882],[75.9549,10.6882],[75.9549,10.6888],[75.9546,10.6888],[75.9546,10.6896],[75.9543,10.6896],[75.9543,10.6901],[75.954,10.6901],[75.954,10.6907],[75.9538,10.6907],[75.9538,10.6915],[75.9535,10.6915],[75.9535,10.6921],[75.9532,10.6921],[75.9532,10.6929],[75.9529,10.6929],[75.9529,10.6935],[75.9526,10.6935],[75.9526,10.694],[75.9524,10.694],[75.9524,10.6949],[75.9521,10.6949],[75.9521,10.6954],[75.9518,10.6954],[75.9518,10.6965],[75.9515,10.6965],[75.9515,10.6976],[75.9512,10.6976],[75.9512,10.699],[75.951,10.699],[75.951,10.6999],[75.9507,10.6999],[75.9507,10.7001],[75.9504,10.7001],[75.9504,10.7007],[75.9501,10.7007],[75.9501,10.7015],[75.9499,10.7015],[75.9499,10.7035],[75.9496,10.7035],[75.9496,10.7037],[75.9493,10.7037],[75.9493,10.704],[75.949,10.704],[75.949,10.7043],[75.9488,10.7043],[75.9488,10.7049],[75.9485,10.7049],[75.9485,10.7054],[75.9482,10.7054],[75.9482,10.706],[75.9479,10.706],[75.9479,10.7065],[75.9476,10.7065],[75.9476,10.7071],[75.9474,10.7071],[75.9474,10.7076],[75.9471,10.7076],[75.9471,10.7082],[75.9468,10.7082],[75.9468,10.7087],[75.9465,10.7087],[75.9465,10.7093],[75.9463,10.7093],[75.9463,10.7099],[75.946,10.7099],[75.946,10.7104],[75.9457,10.7104],[75.9457,10.711],[75.9454,10.711],[75.9454,10.7115],[75.9451,10.7115],[75.9451,10.7121],[75.9449,10.7121],[75.9449,10.7129],[75.9446,10.7129],[75.9446,10.7135],[75.9443,10.7135],[75.9443,10.714],[75.944,10.714],[75.944,10.7146],[75.9437,10.7146],[75.9437,10.7151],[75.9435,10.7151],[75.9435,10.7157],[75.9432,10.7157],[75.9432,10.7163],[75.9429,10.7163],[75.9429,10.7171],[75.9426,10.7171],[75.9426,10.7176],[75.9424,10.7176],[75.9424,10.7182],[75.9421,10.7182],[75.9421,10.7188],[75.9418,10.7188],[75.9418,10.7193],[75.9415,10.7193],[75.9415,10.7199],[75.9413,10.7199],[75.9413,10.7207],[75.941,10.7207],[75.941,10.7213],[75.9407,10.7213],[75.9407,10.7218],[75.9404,10.7218],[75.9404,10.7224],[75.9401,10.7224],[75.9401,10.7229],[75.9399,10.7229],[75.9399,10.7235],[75.9396,10.7235],[75.9396,10.724],[75.9393,10.724],[75.9393,10.7246],[75.939,10.7246],[75.939,10.7251],[75.9388,10.7251],[75.9388,10.7257],[75.9385,10.7257],[75.9385,10.7262],[75.9382,10.7262],[75.9382,10.7268],[75.9379,10.7268],[75.9379,10.7274],[75.9376,10.7274],[75.9376,10.7279],[75.9374,10.7279],[75.9374,10.7282],[75.9371,10.7282],[75.9371,10.7288],[75.9368,10.7288],[75.9368,10.7293],[75.9365,10.7293],[75.9365,10.7296],[75.9362,10.7296],[75.9362,10.7301],[75.936,10.7301],[75.936,10.7307],[75.9357,10.7307],[75.9357,10.7318],[75.9354,10.7318],[75.9354,10.7329],[75.9351,10.7329],[75.9351,10.7338],[75.9349,10.7338],[75.9349,10.734],[75.9346,10.734],[75.9346,10.7346],[75.9343,10.7346],[75.9343,10.7351],[75.934,10.7351],[75.934,10.7362],[75.9337,10.7362],[75.9337,10.7371],[75.9335,10.7371],[75.9335,10.7376],[75.9332,10.7376],[75.9332,10.7382],[75.9329,10.7382],[75.9329,10.7388],[75.9326,10.7388],[75.9326,10.7396],[75.9324,10.7396],[75.9324,10.7401],[75.9321,10.7401],[75.9321,10.741],[75.9318,10.741],[75.9318,10.7415],[75.9315,10.7415],[75.9315,10.7424],[75.9313,10.7424],[75.9313,10.7429],[75.931,10.7429],[75.931,10.7438],[75.9307,10.7437],[75.9307,10.7446],[75.9304,10.7446],[75.9304,10.7451],[75.9301,10.7451],[75.9301,10.746],[75.9299,10.746],[75.9299,10.7465],[75.9296,10.7465],[75.9296,10.7474],[75.9293,10.7474],[75.9293,10.7479],[75.929,10.7479],[75.929,10.7488],[75.9287,10.7488],[75.9287,10.7493],[75.9285,10.7493],[75.9285,10.7501],[75.9282,10.7501],[75.9282,10.7507],[75.9279,10.7507],[75.9279,10.7512],[75.9276,10.7512],[75.9276,10.7521],[75.9274,10.7521],[75.9274,10.7526],[75.9271,10.7526],[75.9271,10.7532],[75.9268,10.7532],[75.9268,10.754],[75.9265,10.754],[75.9265,10.7546],[75.9262,10.7546],[75.9262,10.7554],[75.926,10.7554],[75.926,10.756],[75.9257,10.756],[75.9257,10.7565],[75.9254,10.7565],[75.9254,10.7574],[75.9251,10.7574],[75.9251,10.7579],[75.9249,10.7579],[75.9249,10.7585],[75.9246,10.7585],[75.9246,10.7593],[75.9243,10.7593],[75.9243,10.7599],[75.924,10.7599],[75.924,10.7604],[75.9238,10.7604],[75.9238,10.7612],[75.9235,10.7612],[75.9235,10.7618],[75.9232,10.7618],[75.9232,10.7626],[75.9229,10.7626],[75.9229,10.7632],[75.9226,10.7632],[75.9226,10.7638],[75.9224,10.7638],[75.9224,10.7643],[75.9221,10.7643],[75.9221,10.7649],[75.9218,10.7649],[75.9218,10.7654],[75.9215,10.7654],[75.9215,10.766],[75.9212,10.766],[75.9212,10.7665],[75.921,10.7665],[75.921,10.7679],[75.9207,10.7679],[75.9207,10.7696],[75.9204,10.7696],[75.9204,10.7701],[75.9201,10.7701],[75.9201,10.7707],[75.9199,10.7707],[75.9199,10.7713],[75.9196,10.7712],[75.9196,10.7721],[75.9193,10.7721],[75.9193,10.7726],[75.919,10.7726],[75.919,10.7735],[75.9187,10.7735],[75.9187,10.7743],[75.9185,10.7743],[75.9185,10.7749],[75.9182,10.7749],[75.9182,10.7754],[75.9182,10.7757],[75.9179,10.7757],[75.9179,10.7763],[75.9176,10.7763],[75.9176,10.7768],[75.9174,10.7768],[75.9174,10.7771],[75.9171,10.7771],[75.9171,10.7776],[75.9168,10.7776],[75.9168,10.7782],[75.9165,10.7782],[75.9165,10.7787],[75.9163,10.7787],[75.9163,10.7793],[75.916,10.7793],[75.916,10.7799],[75.9157,10.7799],[75.9157,10.7804],[75.9154,10.7804],[75.9154,10.7813],[75.9151,10.7813],[75.9151,10.7818],[75.9149,10.7818],[75.9149,10.7824],[75.9146,10.7824],[75.9146,10.7829],[75.9143,10.7829],[75.9143,10.7837],[75.914,10.7837],[75.914,10.7843],[75.9137,10.7843],[75.9137,10.7849],[75.9135,10.7849],[75.9135,10.7854],[75.9132,10.7854],[75.9132,10.7855],[75.9132,10.7863],[75.9129,10.7863],[75.9129,10.7868],[75.9126,10.7868],[75.9126,10.7874],[75.9124,10.7874],[75.9124,10.7882],[75.9121,10.7882],[75.9121,10.7887],[75.9118,10.7887],[75.9118,10.7893],[75.9115,10.7893],[75.9115,10.7899],[75.9112,10.7899],[75.9112,10.7904],[75.911,10.7904],[75.911,10.791],[75.9107,10.791],[75.9107,10.7915],[75.9104,10.7915],[75.9104,10.7924],[75.9101,10.7924],[75.9101,10.7935],[75.9099,10.7935],[75.9099,10.7946],[75.9096,10.7946],[75.9096,10.7957],[75.9093,10.7957],[75.9093,10.7971],[75.909,10.7971],[75.909,10.7982],[75.9088,10.7982],[75.9088,10.7993],[75.9085,10.7993],[75.9085,10.8004],[75.9082,10.8004],[75.9082,10.8018],[75.9079,10.8018],[75.9079,10.8029],[75.9076,10.8029],[75.9076,10.804],[75.9074,10.804],[75.9074,10.8051],[75.9071,10.8051],[75.9071,10.8062],[75.9068,10.8062],[75.9068,10.8074],[75.9065,10.8074],[75.9065,10.8085],[75.9063,10.8085],[75.9063,10.8096],[75.906,10.8096],[75.906,10.8107],[75.9057,10.8107],[75.9057,10.8118],[75.9054,10.8118],[75.9054,10.8129],[75.9051,10.8129],[75.9051,10.814],[75.9049,10.814],[75.9049,10.8151],[75.9046,10.8151],[75.9046,10.8162],[75.9043,10.8162],[75.9043,10.8176],[75.904,10.8176],[75.904,10.819],[75.9038,10.819],[75.9038,10.8204],[75.9035,10.8204],[75.9035,10.8221],[75.9032,10.8221],[75.9032,10.8235],[75.9029,10.8235],[75.9029,10.8249],[75.9026,10.8249],[75.9026,10.8263],[75.9024,10.8262],[75.9024,10.8276],[75.9021,10.8276],[75.9021,10.8293],[75.9018,10.8293],[75.9018,10.8307],[75.9015,10.8307],[75.9015,10.8321],[75.9013,10.8321],[75.9013,10.8335],[75.901,10.8335],[75.901,10.8346],[75.9007,10.8346],[75.9007,10.8357],[75.9004,10.8357],[75.9004,10.8371],[75.9001,10.8371],[75.9001,10.8382],[75.8999,10.8382],[75.8999,10.8393],[75.8996,10.8393],[75.8996,10.8404],[75.8993,10.8404],[75.8993,10.8418],[75.899,10.8418],[75.899,10.8429],[75.8988,10.8429],[75.8988,10.844],[75.8985,10.844],[75.8985,10.8454],[75.8982,10.8454],[75.8982,10.8465],[75.8979,10.8465],[75.8979,10.8476],[75.8976,10.8476],[75.8976,10.849],[75.8974,10.849],[75.8974,10.8504],[75.8971,10.8504],[75.8971,10.8518],[75.8968,10.8518],[75.8968,10.8532],[75.8965,10.8532],[75.8965,10.8546],[75.8962,10.8546],[75.8962,10.856],[75.896,10.856],[75.896,10.8574],[75.8957,10.8574],[75.8957,10.8587],[75.8954,10.8587],[75.8954,10.8601],[75.8951,10.8601],[75.8951,10.8615],[75.8949,10.8615],[75.8949,10.8629],[75.8946,10.8629],[75.8946,10.864],[75.8943,10.864],[75.8943,10.8651],[75.894,10.8651],[75.894,10.866],[75.8938,10.866],[75.8938,10.8671],[75.8935,10.8671],[75.8935,10.8685],[75.8932,10.8685],[75.8932,10.8701],[75.8929,10.8701],[75.8929,10.8718],[75.8926,10.8718],[75.8926,10.8732],[75.8924,10.8732],[75.8924,10.874],[75.8921,10.874],[75.8921,10.8746],[75.8918,10.8746],[75.8918,10.8757],[75.8915,10.8757],[75.8915,10.8765],[75.8913,10.8765],[75.8913,10.8776],[75.891,10.8776],[75.891,10.881],[75.8904,10.881],[75.8904,10.8818],[75.8901,10.8818],[75.8901,10.8835],[75.8899,10.8835],[75.8899,10.8849],[75.8896,10.8849],[75.8896,10.8865],[75.8893,10.8865],[75.8893,10.8882],[75.889,10.8882],[75.889,10.8896],[75.8888,10.8896],[75.8888,10.8912],[75.8885,10.8912],[75.8885,10.8926],[75.8882,10.8926],[75.8882,10.8938],[75.8879,10.8938],[75.8879,10.8951],[75.8876,10.8951],[75.8876,10.8962],[75.8874,10.8962],[75.8874,10.8976],[75.8871,10.8976],[75.8871,10.8988],[75.8868,10.8988],[75.8868,10.9001],[75.8865,10.9001],[75.8865,10.9015],[75.8863,10.9015],[75.8863,10.9026],[75.886,10.9026],[75.886,10.904],[75.8857,10.904],[75.8857,10.9051],[75.8854,10.9051],[75.8854,10.9063],[75.8851,10.9062],[75.8851,10.9074],[75.8849,10.9074],[75.8849,10.9085],[75.8846,10.9085],[75.8846,10.9099],[75.8843,10.9099],[75.8843,10.911],[75.884,10.911],[75.884,10.9124],[75.8838,10.9124],[75.8838,10.9135],[75.8835,10.9135],[75.8835,10.9146],[75.8832,10.9146],[75.8832,10.916],[75.8829,10.916],[75.8829,10.9171],[75.8826,10.9171],[75.8826,10.9185],[75.8824,10.9185],[75.8824,10.9196],[75.8821,10.9196],[75.8821,10.921],[75.8818,10.921],[75.8818,10.9224],[75.8815,10.9224],[75.8815,10.9235],[75.8812,10.9235],[75.8812,10.9249],[75.881,10.9249],[75.881,10.9263],[75.8807,10.9263],[75.8807,10.9276],[75.8804,10.9276],[75.8804,10.929],[75.8801,10.929],[75.8801,10.9302],[75.8799,10.9302],[75.8799,10.9315],[75.8796,10.9315],[75.8796,10.9326],[75.8793,10.9326],[75.8793,10.9338],[75.879,10.9338],[75.879,10.9349],[75.8788,10.9349],[75.8788,10.936],[75.8785,10.936],[75.8785,10.9371],[75.8782,10.9371],[75.8782,10.9382],[75.8779,10.9382],[75.8779,10.9393],[75.8776,10.9393],[75.8776,10.9404],[75.8774,10.9404],[75.8774,10.9415],[75.8771,10.9415],[75.8771,10.9426],[75.8768,10.9426],[75.8768,10.944],[75.8765,10.944],[75.8765,10.9452],[75.8763,10.9452],[75.8763,10.9462],[75.876,10.9462],[75.876,10.9474],[75.8757,10.9474],[75.8757,10.9485],[75.8754,10.9485],[75.8754,10.9496],[75.8751,10.9496],[75.8751,10.9507],[75.8749,10.9507],[75.8749,10.9518],[75.8746,10.9518],[75.8746,10.9529],[75.8743,10.9529],[75.8743,10.954],[75.874,10.954],[75.874,10.9551],[75.8737,10.9551],[75.8737,10.9563],[75.8735,10.9563],[75.8735,10.9574],[75.8732,10.9574],[75.8732,10.9585],[75.8729,10.9585],[75.8729,10.9596],[75.8726,10.9596],[75.8726,10.9604],[75.8724,10.9604],[75.8724,10.9615],[75.8721,10.9615],[75.8721,10.9626],[75.8718,10.9626],[75.8718,10.9638],[75.8715,10.9637],[75.8715,10.9649],[75.8712,10.9649],[75.8712,10.966],[75.871,10.966],[75.871,10.9668],[75.8707,10.9668],[75.8707,10.9679],[75.8704,10.9679],[75.8704,10.969],[75.8701,10.969],[75.8701,10.9701],[75.8699,10.9701],[75.8699,10.9712],[75.8696,10.9712],[75.8696,10.9724],[75.8693,10.9724],[75.8693,10.9735],[75.869,10.9735],[75.869,10.9746],[75.8688,10.9746],[75.8688,10.9757],[75.8685,10.9757],[75.8685,10.9768],[75.8682,10.9768],[75.8682,10.9779],[75.8679,10.9779],[75.8679,10.979],[75.8677,10.979],[75.8677,10.9801],[75.8674,10.9801],[75.8674,10.9813],[75.8671,10.9813],[75.8671,10.9824],[75.8668,10.9824],[75.8668,10.9835],[75.8665,10.9835],[75.8665,10.9846],[75.8662,10.9846],[75.8662,10.9857],[75.866,10.9857],[75.866,10.9868],[75.8657,10.9868],[75.8657,10.9879],[75.8654,10.9879],[75.8654,10.9888],[75.8651,10.9888],[75.8651,10.9899],[75.8649,10.9899],[75.8649,10.991],[75.8646,10.991],[75.8646,10.9921],[75.8643,10.9921],[75.8643,10.9932],[75.864,10.9932],[75.864,10.994],[75.8637,10.994],[75.8637,10.9951],[75.8635,10.9951],[75.8635,10.9963],[75.8632,10.9963],[75.8632,10.9974],[75.8629,10.9974],[75.8629,10.9985],[75.8624,10.9985],[75.8624,10.999],[75.8621,10.999],[75.8621,10.9999],[75.8618,10.9999],[75.8618,11.0001],[75.8618,11.0007],[75.8615,11.0007],[75.8615,11.001],[75.8613,11.001],[75.8613,11.0021],[75.861,11.0021],[75.861,11.0029],[75.8607,11.0029],[75.8607,11.0032],[75.861,11.0032],[75.861,11.0037],[75.8607,11.0037],[75.8607,11.0049],[75.8604,11.0049],[75.8604,11.0057],[75.8601,11.0057],[75.8601,11.0068],[75.8599,11.0068],[75.8599,11.0079],[75.8596,11.0079],[75.8596,11.009],[75.8593,11.009],[75.8593,11.0099],[75.859,11.0099],[75.859,11.011],[75.8587,11.011],[75.8587,11.0112],[75.859,11.0112],[75.859,11.0115],[75.8587,11.0115],[75.8587,11.0126],[75.8585,11.0126],[75.8585,11.0135],[75.8582,11.0135],[75.8582,11.0138],[75.8579,11.0138],[75.8579,11.0143],[75.8576,11.0143],[75.8576,11.0165],[75.8574,11.0165],[75.8574,11.0179],[75.8576,11.0179],[75.8576,11.0185],[75.8579,11.0185],[75.8579,11.0187],[75.859,11.0187],[75.859,11.0185],[75.8596,11.0185],[75.8596,11.0182],[75.8601,11.0182],[75.8601,11.0179],[75.8604,11.0179],[75.8604,11.0176],[75.861,11.0176],[75.861,11.0165],[75.8613,11.0165],[75.8613,11.0135],[75.8615,11.0135],[75.8615,11.0132],[75.8618,11.0132],[75.8618,11.0129],[75.8621,11.0129],[75.8621,11.0124],[75.8624,11.0124],[75.8624,11.0118],[75.8626,11.0118],[75.8626,11.0099],[75.8624,11.0099],[75.8624,11.0096],[75.8621,11.0096],[75.8621,11.0093],[75.8618,11.0093],[75.8618,11.0088],[75.8621,11.0088],[75.8621,11.0079],[75.8618,11.0079],[75.8618,11.0074],[75.8621,11.0074],[75.8621,11.0068],[75.8624,11.0068],[75.8624,11.006],[75.8629,11.006],[75.8629,11.0054],[75.8635,11.0054],[75.8635,11.0051],[75.8637,11.0051],[75.8637,11.0049],[75.8643,11.0049],[75.8643,11.0046],[75.8654,11.0046],[75.8654,11.0049],[75.8657,11.0049],[75.8657,11.0051],[75.866,11.0051],[75.866,11.0054],[75.8665,11.0054],[75.8665,11.0057],[75.8668,11.0057],[75.8668,11.006],[75.8671,11.006],[75.8671,11.0063],[75.8674,11.0063],[75.8674,11.0065],[75.8677,11.0065],[75.8677,11.0093],[75.8674,11.0093],[75.8674,11.0099],[75.8671,11.0099],[75.8671,11.0112],[75.8668,11.0113],[75.8668,11.0124],[75.8665,11.0124],[75.8665,11.0129],[75.8662,11.0129],[75.8662,11.0132],[75.866,11.0132],[75.866,11.0135],[75.8654,11.0135],[75.8654,11.0129],[75.8657,11.0129],[75.8657,11.011],[75.866,11.011],[75.866,11.0099],[75.8662,11.0099],[75.8662,11.0088],[75.8665,11.0088],[75.8665,11.0085],[75.8662,11.0085],[75.8662,11.0071],[75.866,11.0071],[75.866,11.0068],[75.8657,11.0068],[75.8657,11.0065],[75.8643,11.0065],[75.8643,11.0068],[75.864,11.0068],[75.864,11.0074],[75.8637,11.0074],[75.8637,11.0076],[75.8635,11.0076],[75.8635,11.0079],[75.8632,11.0079],[75.8632,11.0082],[75.8635,11.0082],[75.8635,11.0096],[75.8637,11.0096],[75.8637,11.0101],[75.8635,11.0101],[75.8635,11.0115],[75.8632,11.0115],[75.8632,11.0129],[75.8629,11.0129],[75.8629,11.0135],[75.8626,11.0135],[75.8626,11.014],[75.8624,11.014],[75.8624,11.0146],[75.8621,11.0146],[75.8621,11.0157],[75.8618,11.0157],[75.8618,11.0168],[75.8615,11.0168],[75.8615,11.0179],[75.8613,11.0179],[75.8613,11.0187],[75.861,11.0187],[75.861,11.019],[75.8607,11.019],[75.8607,11.0193],[75.8604,11.0193],[75.8604,11.0196],[75.8593,11.0196],[75.8593,11.0199],[75.859,11.0199],[75.859,11.0201],[75.8587,11.0201],[75.8587,11.0204],[75.8585,11.0204],[75.8585,11.0215],[75.8579,11.0215],[75.8579,11.0207],[75.8576,11.0207],[75.8576,11.0204],[75.8571,11.0204],[75.8571,11.0201],[75.8565,11.0201],[75.8565,11.0204],[75.8562,11.0204],[75.8562,11.0207],[75.856,11.0207],[75.856,11.021],[75.8562,11.021],[75.8562,11.0213],[75.856,11.0212],[75.856,11.0221],[75.8557,11.0221],[75.8557,11.0232],[75.8554,11.0232],[75.8554,11.0243],[75.8549,11.0243],[75.8549,11.0257],[75.8546,11.0257],[75.8546,11.0265],[75.8543,11.0265],[75.8543,11.0268],[75.854,11.0268],[75.854,11.029],[75.8538,11.029],[75.8538,11.0299],[75.8535,11.0299],[75.8535,11.0315],[75.8532,11.0315],[75.8532,11.0324],[75.8529,11.0324],[75.8529,11.034],[75.8526,11.034],[75.8526,11.0349],[75.8524,11.0349],[75.8524,11.0351],[75.8526,11.0351],[75.8526,11.0357],[75.8524,11.0357],[75.8524,11.0365],[75.8521,11.0365],[75.8521,11.0376],[75.8518,11.0376],[75.8518,11.0382],[75.8515,11.0382],[75.8515,11.0399],[75.8512,11.0399],[75.8512,11.0407],[75.851,11.0407],[75.851,11.0418],[75.8507,11.0418],[75.8507,11.0421],[75.851,11.0421],[75.851,11.0426],[75.8507,11.0426],[75.8507,11.0435],[75.8504,11.0435],[75.8504,11.0446],[75.8501,11.0446],[75.8501,11.0454],[75.8499,11.0454],[75.8499,11.0457],[75.8501,11.0457],[75.8501,11.046],[75.8499,11.046],[75.8499,11.0462],[75.8501,11.0462],[75.8501,11.0465],[75.8499,11.0465],[75.8499,11.0474],[75.8496,11.0474],[75.8496,11.0485],[75.8493,11.0485],[75.8493,11.049],[75.849,11.049],[75.849,11.0496],[75.8487,11.0496],[75.8487,11.0504],[75.8485,11.0504],[75.8485,11.0515],[75.8487,11.0515],[75.8487,11.0518],[75.8485,11.0518],[75.8485,11.0524],[75.8482,11.0524],[75.8482,11.0538],[75.8479,11.0538],[75.8479,11.054],[75.8482,11.054],[75.8482,11.0549],[75.8479,11.0549],[75.8479,11.056],[75.8476,11.056],[75.8476,11.0568],[75.8474,11.0568],[75.8474,11.0579],[75.8471,11.0579],[75.8471,11.0596],[75.8468,11.0596],[75.8468,11.0607],[75.8465,11.0607],[75.8465,11.0624],[75.8463,11.0624],[75.8463,11.0638],[75.846,11.0638],[75.846,11.0646],[75.8457,11.0646],[75.8457,11.0654],[75.8454,11.0654],[75.8454,11.0657],[75.8451,11.0657],[75.8451,11.0665],[75.8449,11.0665],[75.8449,11.0679],[75.8446,11.0679],[75.8446,11.0688],[75.8443,11.0688],[75.8443,11.069],[75.844,11.069],[75.844,11.0696],[75.8438,11.0696],[75.8438,11.0704],[75.8435,11.0704],[75.8435,11.0726],[75.8432,11.0726],[75.8432,11.074],[75.8429,11.074],[75.8429,11.0746],[75.8426,11.0746],[75.8426,11.0757],[75.8424,11.0757],[75.8424,11.0771],[75.8421,11.0771],[75.8421,11.0774],[75.8418,11.0774],[75.8418,11.0779],[75.8415,11.0779],[75.8415,11.0785],[75.8412,11.0785],[75.8412,11.0793],[75.841,11.0793],[75.841,11.0804],[75.8407,11.0804],[75.8407,11.0815],[75.8404,11.0815],[75.8404,11.0824],[75.8401,11.0824],[75.8401,11.0835],[75.8399,11.0835],[75.8399,11.0843],[75.8396,11.0843],[75.8396,11.0854],[75.8393,11.0854],[75.8393,11.0868],[75.839,11.0868],[75.839,11.0876],[75.8388,11.0876],[75.8388,11.0885],[75.8385,11.0885],[75.8385,11.0888],[75.8382,11.0888],[75.8382,11.0899],[75.8379,11.0899],[75.8379,11.0904],[75.8376,11.0904],[75.8376,11.0907],[75.8379,11.0907],[75.8379,11.091],[75.8376,11.091],[75.8376,11.0913],[75.8379,11.0913],[75.8379,11.0915],[75.8376,11.0915],[75.8376,11.0927],[75.8374,11.0926],[75.8374,11.0935],[75.8371,11.0935],[75.8371,11.094],[75.8368,11.094],[75.8368,11.0951],[75.8365,11.0951],[75.8365,11.0957],[75.8363,11.0957],[75.8363,11.0968],[75.836,11.0968],[75.836,11.0979],[75.8357,11.0979],[75.8357,11.099],[75.8354,11.099],[75.8354,11.0996],[75.8351,11.0996],[75.8351,11.1004],[75.8349,11.1004],[75.8349,11.1013],[75.8346,11.1012],[75.8346,11.1021],[75.8343,11.1021],[75.8343,11.1026],[75.834,11.1026],[75.834,11.1035],[75.8337,11.1035],[75.8337,11.1043],[75.8335,11.1043],[75.8335,11.1049],[75.8332,11.1049],[75.8332,11.106],[75.8329,11.106],[75.8329,11.1071],[75.8326,11.1071],[75.8326,11.1082],[75.8324,11.1082],[75.8324,11.109],[75.8326,11.109],[75.8326,11.1096],[75.8324,11.1096],[75.8324,11.1099],[75.8321,11.1099],[75.8321,11.1104],[75.8318,11.1104],[75.8318,11.1115],[75.8315,11.1115],[75.8315,11.1121],[75.8313,11.1121],[75.8313,11.1126],[75.831,11.1126],[75.831,11.1135],[75.8307,11.1135],[75.8307,11.1138],[75.8304,11.1138],[75.8304,11.1154],[75.8301,11.1154],[75.8301,11.1157],[75.8299,11.1157],[75.8299,11.1165],[75.8296,11.1165],[75.8296,11.1171],[75.8293,11.1171],[75.8293,11.1174],[75.829,11.1174],[75.829,11.1179],[75.8288,11.1179],[75.8288,11.1182],[75.8285,11.1182],[75.8285,11.1185],[75.8279,11.1185],[75.8279,11.1193],[75.8276,11.1193],[75.8276,11.1204],[75.8274,11.1204],[75.8274,11.1207],[75.8271,11.1207],[75.8271,11.1213],[75.8268,11.1213],[75.8268,11.1215],[75.8262,11.1215],[75.8262,11.1218],[75.826,11.1218],[75.826,11.1226],[75.8258,11.1226],[75.8257,11.1226],[75.8257,11.1229],[75.8251,11.1229],[75.8251,11.1232],[75.8257,11.1232],[75.8257,11.1235],[75.8262,11.1235],[75.8262,11.1232],[75.8268,11.1232],[75.8268,11.1229],[75.8274,11.1229],[75.8274,11.1226],[75.8285,11.1226],[75.8285,11.1224],[75.8293,11.1224],[75.8293,11.1226],[75.8299,11.1226],[75.8299,11.1229],[75.8301,11.1229],[75.8301,11.1232],[75.8307,11.1232],[75.8307,11.1235],[75.8313,11.1235],[75.8313,11.1238],[75.8315,11.1238],[75.8315,11.124],[75.8318,11.124],[75.8318,11.1246],[75.8321,11.1246],[75.8321,11.1254],[75.8324,11.1254],[75.8324,11.1257],[75.8326,11.1257],[75.8326,11.126],[75.8337,11.126],[75.8337,11.1262],[75.8351,11.1262],[75.8351,11.1265],[75.8357,11.1265],[75.8357,11.1268],[75.836,11.1268],[75.836,11.1271],[75.8363,11.1271],[75.8363,11.1274],[75.8365,11.1274],[75.8365,11.1276],[75.8368,11.1276],[75.8368,11.1279],[75.8371,11.1279],[75.8371,11.1282],[75.8374,11.1282],[75.8374,11.1288],[75.8376,11.1288],[75.8376,11.1293],[75.8379,11.1293],[75.8379,11.1299],[75.8382,11.1299],[75.8382,11.1304],[75.8385,11.1304],[75.8385,11.131],[75.8388,11.131],[75.8388,11.1315],[75.839,11.1315],[75.839,11.1321],[75.8393,11.1321],[75.8393,11.1326],[75.8396,11.1326],[75.8396,11.1341],[75.8396,11.1354],[75.8399,11.1354],[75.8399,11.1362],[75.8401,11.1362],[75.8401,11.1368],[75.8404,11.1368],[75.8404,11.1374],[75.8407,11.1374],[75.8407,11.1376],[75.841,11.1376],[75.841,11.1379],[75.8412,11.1379],[75.8412,11.1385],[75.8415,11.1385],[75.8415,11.1388],[75.8418,11.1388],[75.8418,11.139],[75.8421,11.139],[75.8421,11.1393],[75.8424,11.1393],[75.8424,11.1399],[75.8426,11.1399],[75.8426,11.1401],[75.8429,11.1401],[75.8429,11.1404],[75.8435,11.1404],[75.8435,11.1407],[75.844,11.1407],[75.844,11.141],[75.8443,11.141],[75.8443,11.1413],[75.8449,11.1413],[75.8449,11.1415],[75.8457,11.1415],[75.8457,11.1418],[75.8468,11.1418],[75.8468,11.1424],[75.8479,11.1424],[75.8479,11.1426],[75.8485,11.1426],[75.8485,11.1424],[75.8493,11.1424],[75.8493,11.1426],[75.8496,11.1426],[75.8496,11.1424],[75.8499,11.1424],[75.8499,11.1421],[75.8501,11.1421],[75.8501,11.1418],[75.8504,11.1418],[75.8504,11.1415],[75.8505,11.1415],[75.851,11.1415],[75.851,11.1418],[75.8515,11.1418],[75.8515,11.1415],[75.8521,11.1415],[75.8521,11.1413],[75.8526,11.1413],[75.8526,11.141],[75.8529,11.141],[75.8529,11.1407],[75.8535,11.1407],[75.8535,11.1404],[75.8538,11.1404],[75.8538,11.1399],[75.854,11.1399],[75.854,11.1393],[75.8543,11.1393],[75.8543,11.139],[75.8549,11.139],[75.8549,11.1388],[75.8554,11.1388],[75.8554,11.1385],[75.8557,11.1385],[75.8557,11.1382],[75.8562,11.1382],[75.8562,11.1376],[75.8568,11.1376],[75.8568,11.1374],[75.8571,11.1374],[75.8571,11.1368],[75.8579,11.1368],[75.8579,11.1357],[75.8582,11.1357],[75.8582,11.1337],[75.8585,11.1337],[75.8585,11.1326],[75.8582,11.1326],[75.8582,11.1324],[75.8576,11.1324],[75.8576,11.1318],[75.8579,11.1318],[75.8579,11.1313],[75.8587,11.1313],[75.8587,11.1307],[75.859,11.1307],[75.859,11.1301],[75.8593,11.1301],[75.8593,11.1299],[75.8599,11.1299],[75.8599,11.1296],[75.8613,11.1296],[75.8613,11.1299],[75.861,11.1299],[75.861,11.1301],[75.8607,11.1301],[75.8607,11.1304],[75.8604,11.1304],[75.8604,11.1307],[75.8601,11.1307],[75.8601,11.131],[75.8599,11.131],[75.8599,11.1313],[75.8596,11.1313],[75.8596,11.1315],[75.8593,11.1315],[75.8593,11.1318],[75.859,11.1318],[75.859,11.1362],[75.8587,11.1362],[75.8587,11.1376],[75.8585,11.1376],[75.8585,11.1385],[75.8582,11.1385],[75.8582,11.1388],[75.8576,11.1388],[75.8576,11.139],[75.8565,11.139],[75.8565,11.1393],[75.856,11.1393],[75.856,11.1396],[75.8557,11.1396],[75.8557,11.1399],[75.8551,11.1399],[75.8551,11.1401],[75.8549,11.1401],[75.8549,11.1404],[75.8546,11.1404],[75.8546,11.1407],[75.8543,11.1407],[75.8543,11.141],[75.854,11.141],[75.854,11.1413],[75.8538,11.1413],[75.8538,11.1415],[75.8532,11.1415],[75.8532,11.1418],[75.8529,11.1418],[75.8529,11.1426],[75.8526,11.1426],[75.8526,11.1432],[75.8521,11.1432],[75.8521,11.1435],[75.8515,11.1435],[75.8515,11.1438],[75.8512,11.1438],[75.8512,11.144],[75.8504,11.144],[75.8504,11.1432],[75.8496,11.1432],[75.8474,11.1432],[75.8474,11.1435],[75.8465,11.1435],[75.8465,11.1438],[75.8451,11.1438],[75.8451,11.1435],[75.8449,11.1435],[75.8449,11.1432],[75.8446,11.1432],[75.8446,11.1426],[75.844,11.1426],[75.844,11.1424],[75.8435,11.1424],[75.8435,11.1418],[75.8432,11.1418],[75.8432,11.1415],[75.8429,11.1415],[75.8429,11.1413],[75.8426,11.1413],[75.8426,11.141],[75.8421,11.141],[75.8421,11.1407],[75.8418,11.1407],[75.8418,11.1404],[75.8415,11.1404],[75.8415,11.1401],[75.8412,11.1401],[75.8412,11.1396],[75.841,11.1396],[75.841,11.139],[75.8407,11.139],[75.8407,11.1388],[75.8404,11.1388],[75.8404,11.1385],[75.8401,11.1385],[75.8401,11.1379],[75.8399,11.1379],[75.8399,11.1376],[75.8396,11.1376],[75.8396,11.1374],[75.8393,11.1374],[75.8393,11.1371],[75.839,11.1371],[75.839,11.1365],[75.8385,11.1365],[75.8385,11.1362],[75.8382,11.1362],[75.8382,11.136],[75.8379,11.136],[75.8379,11.1357],[75.8376,11.1357],[75.8376,11.1354],[75.836,11.1354],[75.836,11.1351],[75.8351,11.1351],[75.8351,11.1349],[75.8343,11.1349],[75.8343,11.1346],[75.834,11.1346],[75.834,11.1332],[75.8337,11.1332],[75.8337,11.1329],[75.8335,11.1329],[75.8335,11.1326],[75.8332,11.1326],[75.8332,11.1321],[75.8329,11.1321],[75.8329,11.1318],[75.8326,11.1318],[75.8326,11.1315],[75.8324,11.1315],[75.8324,11.1313],[75.8321,11.1313],[75.8321,11.131],[75.8313,11.131],[75.8313,11.1313],[75.8296,11.1313],[75.8296,11.1307],[75.8285,11.1307],[75.8285,11.1301],[75.8282,11.1301],[75.8282,11.1296],[75.8279,11.1296],[75.8279,11.1293],[75.8274,11.1293],[75.8274,11.1288],[75.8271,11.1288],[75.8271,11.1285],[75.8268,11.1285],[75.8268,11.1282],[75.8265,11.1282],[75.8265,11.1276],[75.8262,11.1276],[75.8262,11.1257],[75.826,11.1257],[75.826,11.1254],[75.8249,11.1254],[75.8249,11.126],[75.8243,11.126],[75.8243,11.1262],[75.824,11.1262],[75.824,11.1268],[75.8238,11.1268],[75.8238,11.1271],[75.8235,11.1271],[75.8235,11.1276],[75.8232,11.1276],[75.8232,11.1282],[75.8229,11.1282],[75.8229,11.1293],[75.8226,11.1293],[75.8226,11.1299],[75.8223,11.1299],[75.8223,11.1301],[75.8221,11.1301],[75.8221,11.131],[75.8218,11.131],[75.8218,11.1318],[75.8215,11.1318],[75.8215,11.1321],[75.8213,11.1321],[75.8213,11.1332],[75.821,11.1332],[75.821,11.134],[75.8207,11.134],[75.8207,11.1346],[75.8204,11.1346],[75.8204,11.1354],[75.8201,11.1354],[75.8201,11.1357],[75.8199,11.1357],[75.8199,11.1362],[75.8196,11.1362],[75.8196,11.1371],[75.8193,11.1371],[75.8193,11.1376],[75.819,11.1376],[75.819,11.1379],[75.8193,11.1379],[75.8193,11.1382],[75.819,11.1382],[75.819,11.1388],[75.8187,11.1388],[75.8187,11.139],[75.8185,11.139],[75.8185,11.1393],[75.8182,11.1393],[75.8182,11.1404],[75.8179,11.1404],[75.8179,11.141],[75.8176,11.141],[75.8176,11.1413],[75.8174,11.1413],[75.8174,11.1421],[75.8171,11.1421],[75.8171,11.1438],[75.8168,11.1438],[75.8168,11.144],[75.8165,11.144],[75.8165,11.1451],[75.8163,11.1451],[75.8163,11.1457],[75.816,11.1457],[75.816,11.1463],[75.8157,11.1463],[75.8157,11.1465],[75.8154,11.1465],[75.8154,11.1471],[75.8151,11.1471],[75.8151,11.1474],[75.8149,11.1474],[75.8149,11.1479],[75.8143,11.1479],[75.8143,11.1485],[75.814,11.1485],[75.814,11.149],[75.8138,11.149],[75.8138,11.1493],[75.8132,11.1493],[75.8132,11.1496],[75.8126,11.1496],[75.8126,11.1499],[75.8118,11.1499],[75.8118,11.1501],[75.8115,11.1501],[75.8115,11.1504],[75.8107,11.1504],[75.8107,11.1507],[75.8101,11.1507],[75.8101,11.151],[75.8099,11.151],[75.8099,11.1513],[75.8096,11.1513],[75.8096,11.1515],[75.809,11.1515],[75.809,11.1521],[75.8087,11.1521],[75.8087,11.1524],[75.8082,11.1524],[75.8082,11.1529],[75.8079,11.1529],[75.8079,11.1532],[75.8076,11.1532],[75.8076,11.1535],[75.8071,11.1535],[75.8071,11.1536],[75.8071,11.154],[75.8068,11.154],[75.8068,11.1543],[75.8063,11.1543],[75.8063,11.1549],[75.8057,11.1549],[75.8057,11.1551],[75.8054,11.1551],[75.8054,11.1554],[75.8051,11.1554],[75.8051,11.1557],[75.8035,11.1557],[75.8035,11.156],[75.8032,11.156],[75.8032,11.1563],[75.8029,11.1563],[75.8029,11.1565],[75.8032,11.1565],[75.8032,11.1568],[75.8035,11.1568],[75.8035,11.1574],[75.8037,11.1574],[75.8037,11.1576],[75.8026,11.1576],[75.8026,11.1579],[75.8021,11.1579],[75.8021,11.1582],[75.8018,11.1582],[75.8018,11.1587],[75.8015,11.1587],[75.8015,11.1593],[75.8018,11.1593],[75.8018,11.1599],[75.8024,11.1599],[75.8024,11.1601],[75.8029,11.1601],[75.8029,11.1604],[75.8032,11.1604],[75.8032,11.1607],[75.8035,11.1607],[75.8035,11.161],[75.8037,11.161],[75.8037,11.1613],[75.8043,11.1613],[75.8043,11.1615],[75.8046,11.1615],[75.8046,11.1618],[75.8051,11.1618],[75.8051,11.1621],[75.806,11.1621],[75.806,11.1624],[75.8065,11.1624],[75.8065,11.1626],[75.809,11.1626],[75.809,11.1593],[75.8093,11.1593],[75.8093,11.1587],[75.8096,11.1587],[75.8096,11.1579],[75.8099,11.1579],[75.8099,11.1576],[75.8101,11.1576],[75.8101,11.1574],[75.8107,11.1574],[75.8107,11.1571],[75.811,11.1571],[75.811,11.1574],[75.8115,11.1574],[75.8115,11.1576],[75.8124,11.1576],[75.8124,11.1579],[75.8132,11.1579],[75.8132,11.1582],[75.8135,11.1582],[75.8135,11.1585],[75.8138,11.1585],[75.8138,11.1587],[75.8143,11.1587],[75.8143,11.159],[75.8146,11.159],[75.8146,11.1593],[75.8151,11.1593],[75.8151,11.1596],[75.816,11.1596],[75.816,11.1599],[75.8172,11.1599],[75.8174,11.1599],[75.8174,11.1596],[75.8176,11.1596],[75.8176,11.159],[75.8182,11.159],[75.8182,11.1587],[75.8185,11.1587],[75.8185,11.1585],[75.8187,11.1585],[75.8187,11.1579],[75.819,11.1579],[75.819,11.1576],[75.8193,11.1576],[75.8193,11.1574],[75.8196,11.1574],[75.8196,11.1571],[75.8201,11.1571],[75.8201,11.1568],[75.821,11.1568],[75.821,11.1565],[75.8218,11.1565],[75.8218,11.1563],[75.8223,11.1563],[75.8223,11.156],[75.8232,11.156],[75.8232,11.1563],[75.8235,11.1563],[75.8235,11.1565],[75.8238,11.1565],[75.8238,11.1568],[75.8243,11.1568],[75.8243,11.1571],[75.8246,11.1571],[75.8246,11.1574],[75.8249,11.1574],[75.8249,11.1576],[75.8251,11.1576],[75.8251,11.1582],[75.8257,11.1582],[75.8257,11.1587],[75.8262,11.1587],[75.8262,11.1585],[75.8268,11.1585],[75.8268,11.1582],[75.8288,11.1582],[75.8288,11.1585],[75.8282,11.1585],[75.8282,11.1587],[75.8279,11.1587],[75.8279,11.159],[75.8276,11.159],[75.8276,11.1593],[75.8274,11.1593],[75.8274,11.1599],[75.8271,11.1599],[75.8271,11.1604],[75.8268,11.1604],[75.8268,11.1607],[75.8271,11.1607],[75.8271,11.161],[75.8274,11.161],[75.8274,11.1615],[75.8276,11.1615],[75.8276,11.1618],[75.8274,11.1618],[75.8274,11.1621],[75.8251,11.1621],[75.8251,11.1615],[75.8246,11.1615],[75.8246,11.1613],[75.8243,11.1613],[75.8243,11.1607],[75.824,11.1607],[75.824,11.1601],[75.8238,11.1601],[75.8238,11.159],[75.8235,11.159],[75.8235,11.1587],[75.8238,11.1587],[75.8238,11.1582],[75.8235,11.1582],[75.8235,11.1579],[75.8232,11.1579],[75.8232,11.1574],[75.8229,11.1574],[75.8229,11.1571],[75.8226,11.1571],[75.8226,11.1568],[75.8221,11.1568],[75.8221,11.1571],[75.8218,11.1571],[75.8218,11.1574],[75.8213,11.1574],[75.8213,11.1576],[75.821,11.1576],[75.821,11.1579],[75.8207,11.1579],[75.8207,11.1582],[75.8204,11.1582],[75.8204,11.1585],[75.8201,11.1585],[75.8201,11.1587],[75.8199,11.1587],[75.8199,11.159],[75.8196,11.159],[75.8196,11.1593],[75.8193,11.1593],[75.8193,11.1596],[75.819,11.1596],[75.819,11.1601],[75.8187,11.1601],[75.8187,11.1613],[75.8185,11.1613],[75.8185,11.1618],[75.8174,11.1618],[75.8174,11.1615],[75.8171,11.1615],[75.8171,11.1613],[75.8168,11.1613],[75.8157,11.1613],[75.8157,11.161],[75.8149,11.161],[75.8149,11.1607],[75.814,11.1607],[75.814,11.1604],[75.8138,11.1604],[75.8138,11.1601],[75.8135,11.1601],[75.8135,11.1599],[75.8132,11.1599],[75.8132,11.1596],[75.8129,11.1596],[75.8129,11.1593],[75.8124,11.1593],[75.8124,11.1624],[75.8126,11.1624],[75.8126,11.1626],[75.8129,11.1626],[75.8129,11.1632],[75.8132,11.1632],[75.8132,11.1649],[75.8132,11.1651],[75.8135,11.1651],[75.8135,11.1657],[75.8138,11.1657],[75.8138,11.166],[75.814,11.166],[75.814,11.1663],[75.8143,11.1663],[75.8143,11.1665],[75.8146,11.1665],[75.8146,11.1668],[75.8151,11.1668],[75.8151,11.1679],[75.8154,11.1679],[75.8154,11.1688],[75.8157,11.1687],[75.8157,11.1699],[75.816,11.1699],[75.816,11.1707],[75.8162,11.1707],[75.8162,11.1715],[75.8165,11.1715],[75.8165,11.1718],[75.8168,11.1718],[75.8168,11.1724],[75.8171,11.1724],[75.8171,11.1726],[75.8176,11.1726],[75.8176,11.1729],[75.8182,11.1729],[75.8182,11.1732],[75.8185,11.1732],[75.8185,11.1735],[75.819,11.1735],[75.819,11.1738],[75.8196,11.1737],[75.8196,11.174],[75.8201,11.174],[75.8201,11.1746],[75.8204,11.1746],[75.8204,11.1751],[75.8207,11.1751],[75.8207,11.1754],[75.821,11.1754],[75.821,11.176],[75.8213,11.176],[75.8213,11.1768],[75.8215,11.1768],[75.8215,11.1776],[75.8221,11.1776],[75.8221,11.1782],[75.8224,11.1782],[75.8224,11.1785],[75.8229,11.1785],[75.8229,11.1788],[75.8235,11.1788],[75.8235,11.179],[75.8288,11.179],[75.8288,11.1793],[75.829,11.1793],[75.829,11.1807],[75.8251,11.1807],[75.8251,11.181],[75.8235,11.181],[75.8235,11.1813],[75.8223,11.1813],[75.8223,11.1815],[75.8215,11.1815],[75.8215,11.1818],[75.821,11.1818],[75.821,11.1821],[75.8201,11.1821],[75.8201,11.1818],[75.8193,11.1818],[75.8193,11.1815],[75.8187,11.1815],[75.8187,11.1813],[75.8185,11.1813],[75.8185,11.181],[75.8176,11.181],[75.8176,11.1807],[75.8171,11.1807],[75.8171,11.1804],[75.8162,11.1804],[75.8162,11.1801],[75.8157,11.1801],[75.8157,11.1799],[75.8151,11.1799],[75.8151,11.1796],[75.8146,11.1796],[75.8146,11.1793],[75.814,11.1793],[75.814,11.1788],[75.8138,11.1788],[75.8138,11.1782],[75.8135,11.1782],[75.8135,11.1771],[75.8132,11.1771],[75.8132,11.1768],[75.8129,11.1768],[75.8129,11.1765],[75.8126,11.1765],[75.8126,11.176],[75.8124,11.176],[75.8124,11.1757],[75.8121,11.1757],[75.8121,11.1751],[75.8115,11.1751],[75.8115,11.1746],[75.8112,11.1746],[75.8112,11.1713],[75.811,11.1713],[75.811,11.171],[75.8107,11.171],[75.8107,11.1707],[75.8101,11.1707],[75.8101,11.1704],[75.8099,11.1704],[75.8099,11.1699],[75.8096,11.1699],[75.8096,11.1696],[75.8093,11.1696],[75.8093,11.1685],[75.809,11.1685],[75.809,11.1663],[75.8087,11.1663],[75.8087,11.166],[75.8082,11.166],[75.8082,11.1654],[75.8076,11.1654],[75.8076,11.1651],[75.807,11.1651],[75.8068,11.1651],[75.8068,11.165],[75.8068,11.1649],[75.8066,11.1649],[75.8063,11.1649],[75.8063,11.1646],[75.8057,11.1646],[75.8057,11.1643],[75.8046,11.1643],[75.8046,11.1637],[75.8043,11.1637],[75.8043,11.1635],[75.8037,11.1635],[75.8037,11.1632],[75.8035,11.1632],[75.8035,11.1629],[75.8029,11.1629],[75.8029,11.1626],[75.8021,11.1626],[75.8021,11.1632],[75.8024,11.1632],[75.8024,11.1643],[75.8021,11.1643],[75.8021,11.1651],[75.8018,11.1651],[75.8018,11.1654],[75.8015,11.1654],[75.8015,11.166],[75.8012,11.166],[75.8012,11.1668],[75.801,11.1668],[75.801,11.1676],[75.8007,11.1676],[75.8007,11.169],[75.8004,11.169],[75.8004,11.1701],[75.8001,11.1701],[75.8001,11.1707],[75.7999,11.1707],[75.7999,11.1715],[75.7996,11.1715],[75.7996,11.1718],[75.7999,11.1718],[75.7999,11.1724],[75.7996,11.1724],[75.7996,11.1732],[75.7993,11.1732],[75.7993,11.1735],[75.799,11.1735],[75.799,11.1738],[75.7988,11.1737],[75.7988,11.174],[75.7985,11.174],[75.7985,11.1746],[75.7982,11.1746],[75.7982,11.1749],[75.7976,11.1749],[75.7976,11.1757],[75.7979,11.1757],[75.7979,11.1776],[75.7974,11.1776],[75.7974,11.1785],[75.7971,11.1785],[75.7971,11.179],[75.7968,11.179],[75.7968,11.1801],[75.7965,11.1801],[75.7965,11.1804],[75.7968,11.1804],[75.7968,11.1807],[75.7965,11.1807],[75.7965,11.1813],[75.7962,11.1813],[75.7962,11.1815],[75.796,11.1815],[75.796,11.1826],[75.7957,11.1826],[75.7957,11.1838],[75.7954,11.1838],[75.7954,11.1849],[75.7951,11.1849],[75.7951,11.1851],[75.7949,11.1851],[75.7949,11.1857],[75.7946,11.1857],[75.7946,11.1862],[75.7943,11.1862],[75.7943,11.1865],[75.794,11.1865],[75.794,11.1876],[75.7937,11.1876],[75.7937,11.1885],[75.7935,11.1885],[75.7935,11.189],[75.7932,11.189],[75.7932,11.1896],[75.7929,11.1896],[75.7929,11.1907],[75.7926,11.1907],[75.7926,11.1912],[75.7924,11.1912],[75.7924,11.1915],[75.7921,11.1915],[75.7921,11.1921],[75.7918,11.1921],[75.7918,11.1926],[75.7915,11.1926],[75.7915,11.1932],[75.7913,11.1932],[75.7913,11.194],[75.791,11.194],[75.791,11.1946],[75.7907,11.1946],[75.7907,11.1951],[75.7904,11.1951],[75.7904,11.1954],[75.7907,11.1954],[75.7907,11.1965],[75.7904,11.1965],[75.7904,11.1968],[75.7901,11.1968],[75.7901,11.1971],[75.7899,11.1971],[75.7899,11.1976],[75.7896,11.1976],[75.7896,11.1979],[75.7899,11.1979],[75.7899,11.1982],[75.7896,11.1982],[75.7896,11.1985],[75.7893,11.1985],[75.7893,11.199],[75.789,11.199],[75.789,11.1996],[75.7887,11.1996],[75.7887,11.2001],[75.7885,11.2001],[75.7885,11.201],[75.7882,11.201],[75.7882,11.2015],[75.7879,11.2015],[75.7879,11.2021],[75.7876,11.2021],[75.7876,11.2029],[75.7874,11.2029],[75.7874,11.2035],[75.7871,11.2035],[75.7871,11.204],[75.7868,11.204],[75.7868,11.2046],[75.7871,11.2046],[75.7871,11.2051],[75.7868,11.2051],[75.7868,11.2054],[75.7865,11.2054],[75.7865,11.2057],[75.7862,11.2057],[75.7862,11.2062],[75.7865,11.2062],[75.7865,11.2065],[75.7862,11.2065],[75.7862,11.2076],[75.786,11.2076],[75.786,11.2079],[75.7857,11.2079],[75.7857,11.2088],[75.7854,11.2087],[75.7854,11.2096],[75.7851,11.2096],[75.7851,11.2104],[75.7849,11.2104],[75.7849,11.2113],[75.7846,11.2113],[75.7846,11.2115],[75.7843,11.2115],[75.7843,11.2129],[75.784,11.2129],[75.784,11.2132],[75.7838,11.2132],[75.7838,11.2138],[75.7835,11.2137],[75.7835,11.2146],[75.7832,11.2146],[75.7832,11.2151],[75.7829,11.2151],[75.7829,11.2163],[75.7826,11.2163],[75.7826,11.2171],[75.7824,11.2171],[75.7824,11.2176],[75.7821,11.2176],[75.7821,11.2179],[75.7818,11.2179],[75.7818,11.2182],[75.7815,11.2182],[75.7815,11.2193],[75.7813,11.2193],[75.7813,11.221],[75.781,11.221],[75.781,11.2218],[75.7807,11.2218],[75.7807,11.2226],[75.7804,11.2226],[75.7804,11.2235],[75.7801,11.2235],[75.7801,11.2243],[75.7799,11.2243],[75.7799,11.2249],[75.7796,11.2249],[75.7796,11.2254],[75.7793,11.2254],[75.7793,11.226],[75.779,11.226],[75.779,11.2265],[75.7787,11.2265],[75.7787,11.2271],[75.7785,11.2271],[75.7785,11.2301],[75.7782,11.2301],[75.7782,11.2307],[75.7779,11.2307],[75.7779,11.2313],[75.7776,11.2313],[75.7776,11.2315],[75.7774,11.2315],[75.7774,11.2321],[75.7771,11.2321],[75.7771,11.2324],[75.7768,11.2324],[75.7768,11.2329],[75.7765,11.2329],[75.7765,11.234],[75.7763,11.234],[75.7763,11.2346],[75.776,11.2346],[75.776,11.2354],[75.7754,11.2354],[75.7754,11.236],[75.7751,11.236],[75.7751,11.2368],[75.7749,11.2368],[75.7749,11.2379],[75.7746,11.2379],[75.7746,11.2385],[75.7743,11.2385],[75.7743,11.2393],[75.774,11.2393],[75.774,11.2399],[75.7738,11.2399],[75.7738,11.2404],[75.7735,11.2404],[75.7735,11.2415],[75.7732,11.2415],[75.7732,11.2421],[75.7729,11.2421],[75.7729,11.2437],[75.7726,11.2437],[75.7726,11.2451],[75.7724,11.2451],[75.7724,11.2465],[75.7721,11.2465],[75.7721,11.2479],[75.7718,11.2479],[75.7718,11.2488],[75.7715,11.2488],[75.7715,11.2493],[75.7712,11.2493],[75.7712,11.2501],[75.771,11.2501],[75.771,11.251],[75.7707,11.251],[75.7707,11.2518],[75.7704,11.2518],[75.7704,11.2526],[75.7701,11.2526],[75.7701,11.2535],[75.7699,11.2535],[75.7699,11.2543],[75.7696,11.2543],[75.7696,11.2552],[75.7693,11.2551],[75.7693,11.2563],[75.769,11.2563],[75.769,11.2582],[75.7688,11.2582],[75.7688,11.2585],[75.7685,11.2585],[75.7685,11.2588],[75.7682,11.2588],[75.7682,11.259],[75.7685,11.259],[75.7685,11.2599],[75.7682,11.2599],[75.7682,11.2607],[75.7679,11.2607],[75.7679,11.2615],[75.7676,11.2615],[75.7676,11.2632],[75.7674,11.2632],[75.7674,11.2635],[75.7671,11.2635],[75.7671,11.2638],[75.7668,11.2638],[75.7668,11.264],[75.7665,11.264],[75.7665,11.2643],[75.7663,11.2643],[75.7663,11.2649],[75.766,11.2649],[75.766,11.266],[75.7657,11.266],[75.7657,11.2665],[75.7654,11.2665],[75.7654,11.2671],[75.7651,11.2671],[75.7651,11.2676],[75.7649,11.2676],[75.7649,11.2693],[75.7651,11.2693],[75.7651,11.2696],[75.7654,11.2696],[75.7654,11.2699],[75.7651,11.2699],[75.7651,11.2704],[75.7646,11.2704],[75.7646,11.2707],[75.7643,11.2707],[75.7643,11.271],[75.764,11.271],[75.764,11.2712],[75.7637,11.2712],[75.7637,11.2724],[75.7635,11.2724],[75.7635,11.2735],[75.7637,11.2735],[75.7637,11.274],[75.764,11.274],[75.764,11.2749],[75.7637,11.2749],[75.7637,11.276],[75.7635,11.276],[75.7635,11.2768],[75.7632,11.2768],[75.7632,11.2774],[75.7629,11.2774],[75.7629,11.2779],[75.7626,11.2779],[75.7626,11.2785],[75.7624,11.2785],[75.7624,11.2788],[75.7621,11.2788],[75.7621,11.2793],[75.7618,11.2793],[75.7618,11.2799],[75.7613,11.2799],[75.7613,11.2801],[75.7607,11.2801],[75.7607,11.2804],[75.7604,11.2804],[75.7604,11.2813],[75.7601,11.2813],[75.7601,11.2824],[75.7599,11.2824],[75.7599,11.2829],[75.7596,11.2829],[75.7596,11.2838],[75.7593,11.2838],[75.7593,11.2843],[75.759,11.2843],[75.759,11.2849],[75.7588,11.2849],[75.7588,11.2857],[75.7585,11.2857],[75.7585,11.2865],[75.7582,11.2865],[75.7582,11.2871],[75.7588,11.2871],[75.7588,11.2874],[75.759,11.2874],[75.759,11.2879],[75.7588,11.2879],[75.7588,11.2882],[75.7582,11.2882],[75.7582,11.2888],[75.7579,11.2888],[75.7579,11.2893],[75.7576,11.2893],[75.7576,11.2896],[75.7574,11.2896],[75.7574,11.2901],[75.7571,11.2901],[75.7571,11.291],[75.7568,11.291],[75.7568,11.2915],[75.7565,11.2915],[75.7565,11.2918],[75.7562,11.2918],[75.7562,11.2924],[75.756,11.2924],[75.756,11.2932],[75.7557,11.2932],[75.7557,11.2943],[75.7554,11.2943],[75.7554,11.2946],[75.7551,11.2946],[75.7551,11.2954],[75.7549,11.2954],[75.7549,11.2963],[75.7546,11.2963],[75.7546,11.2971],[75.7543,11.2971],[75.7543,11.2979],[75.754,11.2979],[75.754,11.299],[75.7538,11.299],[75.7538,11.2996],[75.7535,11.2996],[75.7535,11.3001],[75.7532,11.3001],[75.7532,11.301],[75.7529,11.301],[75.7529,11.3024],[75.7526,11.3024],[75.7526,11.3029],[75.7524,11.3029],[75.7524,11.304],[75.7521,11.304],[75.7521,11.3043],[75.7524,11.3043],[75.7524,11.3046],[75.7521,11.3046],[75.7521,11.3057],[75.7518,11.3057],[75.7518,11.306],[75.7515,11.306],[75.7515,11.3063],[75.751,11.3063],[75.751,11.3068],[75.7507,11.3068],[75.7507,11.3079],[75.7504,11.3079],[75.7504,11.3085],[75.7507,11.3085],[75.7507,11.3088],[75.7504,11.3088],[75.7504,11.3101],[75.7501,11.3101],[75.7501,11.3104],[75.7499,11.3104],[75.7499,11.3115],[75.7496,11.3115],[75.7496,11.3118],[75.7493,11.3118],[75.7493,11.3121],[75.749,11.3121],[75.749,11.3126],[75.7487,11.3126],[75.7487,11.3135],[75.7485,11.3135],[75.7485,11.3151],[75.7482,11.3151],[75.7482,11.3154],[75.7479,11.3154],[75.7479,11.3174],[75.7476,11.3174],[75.7476,11.3185],[75.7474,11.3185],[75.7474,11.319],[75.7471,11.319],[75.7471,11.3193],[75.7468,11.3193],[75.7468,11.3199],[75.7462,11.3199],[75.7462,11.3204],[75.746,11.3204],[75.746,11.3207],[75.7438,11.3207],[75.7438,11.3204],[75.7432,11.3204],[75.7432,11.3207],[75.7418,11.3207],[75.7418,11.321],[75.7412,11.321],[75.7412,11.3212],[75.7404,11.3212],[75.7404,11.3215],[75.7401,11.3215],[75.7401,11.3218],[75.7399,11.3218],[75.7399,11.3229],[75.7396,11.3229],[75.7396,11.3232],[75.7393,11.3232],[75.7393,11.3235],[75.7382,11.3235],[75.7382,11.3237],[75.7379,11.3237],[75.7379,11.324],[75.7374,11.324],[75.7374,11.3246],[75.7371,11.3246],[75.7371,11.3274],[75.7368,11.3274],[75.7368,11.3285],[75.7365,11.3285],[75.7365,11.329],[75.7363,11.329],[75.7363,11.3293],[75.736,11.3293],[75.736,11.331],[75.7357,11.331],[75.7357,11.3315],[75.7354,11.3315],[75.7354,11.3324],[75.7351,11.3324],[75.7351,11.3326],[75.7349,11.3326],[75.7349,11.3332],[75.7346,11.3332],[75.7346,11.3335],[75.7343,11.3335],[75.7343,11.3338],[75.734,11.3338],[75.734,11.334],[75.7337,11.334],[75.7337,11.3349],[75.734,11.3349],[75.734,11.3351],[75.7343,11.3351],[75.7343,11.3368],[75.7346,11.3368],[75.7346,11.3371],[75.7349,11.3371],[75.7349,11.3374],[75.7351,11.3374],[75.7351,11.3379],[75.7354,11.3379],[75.7354,11.3388],[75.7357,11.3388],[75.7357,11.339],[75.7354,11.339],[75.7354,11.3393],[75.7357,11.3393],[75.7357,11.3399],[75.736,11.3399],[75.736,11.3407],[75.7363,11.3407],[75.7363,11.341],[75.736,11.341],[75.736,11.3415],[75.7363,11.3415],[75.7363,11.3418],[75.736,11.3418],[75.736,11.3424],[75.7357,11.3424],[75.7357,11.3426],[75.7354,11.3426],[75.7354,11.3438],[75.7351,11.3438],[75.7351,11.344],[75.7354,11.344],[75.7354,11.3443],[75.7357,11.3443],[75.7357,11.3457],[75.736,11.3457],[75.736,11.346],[75.7363,11.346],[75.7363,11.3462],[75.7365,11.3462],[75.7365,11.3465],[75.7368,11.3465],[75.7368,11.3471],[75.7371,11.3471],[75.7371,11.3476],[75.7374,11.3476],[75.7374,11.3485],[75.7371,11.3485],[75.7371,11.349],[75.7368,11.349],[75.7369,11.3495],[75.7365,11.3496],[75.7365,11.3501],[75.7363,11.3501],[75.7363,11.3507],[75.736,11.3507],[75.736,11.351],[75.7363,11.351],[75.7363,11.3512],[75.736,11.3512],[75.736,11.3524],[75.7357,11.3524],[75.7357,11.3532],[75.7354,11.3532],[75.7354,11.3538],[75.7351,11.3538],[75.7351,11.354],[75.7349,11.354],[75.7349,11.3543],[75.7346,11.3543],[75.7346,11.3546],[75.7343,11.3546],[75.7343,11.3549],[75.7335,11.3549],[75.7335,11.3546],[75.7337,11.3546],[75.7337,11.3532],[75.7335,11.3532],[75.7335,11.3529],[75.7332,11.3529],[75.7332,11.3532],[75.7329,11.3532],[75.7329,11.3535],[75.7324,11.3535],[75.7324,11.354],[75.7321,11.354],[75.7321,11.3557],[75.7318,11.3557],[75.7318,11.3563],[75.7315,11.3563],[75.7315,11.3571],[75.7312,11.3571],[75.7312,11.3576],[75.731,11.3576],[75.731,11.3582],[75.7307,11.3582],[75.7307,11.3585],[75.7304,11.3585],[75.7304,11.359],[75.7301,11.359],[75.7301,11.3596],[75.7299,11.3596],[75.7299,11.3601],[75.7296,11.3601],[75.7296,11.361],[75.7293,11.361],[75.7293,11.3618],[75.729,11.3618],[75.729,11.3621],[75.7288,11.3621],[75.7288,11.3626],[75.7285,11.3626],[75.7285,11.3632],[75.7282,11.3632],[75.7282,11.3646],[75.7276,11.3646],[75.7276,11.3654],[75.7274,11.3654],[75.7274,11.3663],[75.7271,11.3663],[75.7271,11.3665],[75.7268,11.3665],[75.7268,11.3671],[75.7265,11.3671],[75.7265,11.3679],[75.7262,11.3679],[75.7262,11.3688],[75.726,11.3688],[75.726,11.3693],[75.7257,11.3693],[75.7257,11.3699],[75.7254,11.3699],[75.7254,11.3704],[75.7251,11.3704],[75.7251,11.371],[75.7249,11.371],[75.7249,11.3715],[75.7246,11.3715],[75.7246,11.3721],[75.7243,11.3721],[75.7243,11.3729],[75.7237,11.3729],[75.7237,11.374],[75.7235,11.374],[75.7235,11.3743],[75.7232,11.3743],[75.7232,11.3751],[75.7229,11.3751],[75.7229,11.3763],[75.7226,11.3763],[75.7226,11.3768],[75.7224,11.3768],[75.7224,11.3774],[75.7221,11.3774],[75.7221,11.3776],[75.7218,11.3776],[75.7218,11.3787],[75.7215,11.3787],[75.7215,11.3799],[75.7213,11.3799],[75.7213,11.3804],[75.721,11.3804],[75.721,11.3807],[75.7207,11.3807],[75.7207,11.3818],[75.7204,11.3818],[75.7204,11.3824],[75.7199,11.3824],[75.7199,11.3832],[75.7196,11.3832],[75.7196,11.3838],[75.7193,11.3838],[75.7193,11.384],[75.719,11.384],[75.719,11.3843],[75.7188,11.3843],[75.7188,11.3849],[75.7182,11.3849],[75.7182,11.3854],[75.7179,11.3854],[75.7179,11.3857],[75.7176,11.3857],[75.7176,11.3876],[75.7174,11.3876],[75.7174,11.3882],[75.7171,11.3882],[75.7171,11.3888],[75.7168,11.3888],[75.7168,11.3893],[75.7165,11.3893],[75.7165,11.3899],[75.7162,11.3899],[75.7162,11.3904],[75.716,11.3904],[75.716,11.391],[75.7157,11.391],[75.7157,11.3915],[75.7154,11.3915],[75.7154,11.3924],[75.7151,11.3924],[75.7151,11.3929],[75.7143,11.3929],[75.7143,11.3932],[75.714,11.3932],[75.714,11.3935],[75.7129,11.3935],[75.7129,11.3949],[75.7126,11.3949],[75.7126,11.3954],[75.7124,11.3954],[75.7124,11.396],[75.7121,11.396],[75.7121,11.3965],[75.7118,11.3965],[75.7118,11.3971],[75.7115,11.3971],[75.7115,11.3976],[75.7113,11.3976],[75.7113,11.3985],[75.711,11.3985],[75.711,11.3988],[75.7107,11.3988],[75.7107,11.4001],[75.7104,11.4001],[75.7104,11.4004],[75.7101,11.4004],[75.7101,11.4007],[75.7104,11.4007],[75.7104,11.401],[75.7101,11.401],[75.7101,11.4013],[75.7096,11.4013],[75.7096,11.4015],[75.7093,11.4015],[75.7093,11.4024],[75.709,11.4024],[75.709,11.4029],[75.7087,11.4029],[75.7087,11.4035],[75.7085,11.4035],[75.7085,11.4038],[75.7082,11.4038],[75.7082,11.4043],[75.7079,11.4043],[75.7079,11.4049],[75.7076,11.4049],[75.7076,11.4051],[75.7074,11.4051],[75.7074,11.406],[75.7071,11.406],[75.7071,11.4063],[75.7068,11.4063],[75.7068,11.4068],[75.7063,11.4068],[75.7063,11.4074],[75.706,11.4074],[75.706,11.4076],[75.7054,11.4076],[75.7054,11.4082],[75.7051,11.4082],[75.7051,11.4087],[75.7049,11.4087],[75.7049,11.409],[75.7046,11.409],[75.7046,11.4093],[75.7049,11.4093],[75.7049,11.4096],[75.7046,11.4096],[75.7046,11.4099],[75.7049,11.4099],[75.7049,11.4101],[75.7046,11.4101],[75.7046,11.4104],[75.7049,11.4104],[75.7049,11.4107],[75.7046,11.4107],[75.7046,11.4115],[75.7043,11.4115],[75.7043,11.4121],[75.704,11.4121],[75.704,11.4132],[75.7038,11.4132],[75.7038,11.4135],[75.7035,11.4135],[75.7035,11.4143],[75.7032,11.4143],[75.7032,11.4151],[75.7029,11.4151],[75.7029,11.4157],[75.7026,11.4157],[75.7026,11.416],[75.7024,11.416],[75.7024,11.4168],[75.7021,11.4168],[75.7021,11.4174],[75.7018,11.4174],[75.7018,11.4179],[75.7015,11.4179],[75.7015,11.4182],[75.7012,11.4182],[75.7012,11.4193],[75.7004,11.4193],[75.7004,11.4199],[75.7001,11.4199],[75.7001,11.4204],[75.6999,11.4204],[75.6999,11.4212],[75.6996,11.4212],[75.6996,11.4215],[75.6993,11.4215],[75.6993,11.4218],[75.699,11.4218],[75.699,11.4224],[75.6988,11.4224],[75.6988,11.4229],[75.6985,11.4229],[75.6985,11.4232],[75.6982,11.4232],[75.6982,11.4243],[75.6979,11.4243],[75.6979,11.4246],[75.6976,11.4246],[75.6976,11.4251],[75.6971,11.4251],[75.6971,11.4257],[75.6968,11.4257],[75.6968,11.4263],[75.6965,11.4263],[75.6965,11.4265],[75.6963,11.4265],[75.6963,11.4271],[75.696,11.4271],[75.696,11.4274],[75.6957,11.4274],[75.6957,11.4276],[75.6954,11.4276],[75.6954,11.4279],[75.6951,11.4279],[75.6951,11.4285],[75.6949,11.4285],[75.6949,11.429],[75.6946,11.429],[75.6946,11.4296],[75.694,11.4296],[75.694,11.4299],[75.6937,11.4299],[75.6937,11.4301],[75.6935,11.4301],[75.6935,11.4304],[75.6932,11.4304],[75.6932,11.4315],[75.6929,11.4315],[75.6929,11.4321],[75.6926,11.4321],[75.6926,11.4326],[75.6924,11.4326],[75.6924,11.4329],[75.6921,11.4329],[75.6921,11.4335],[75.6918,11.4335],[75.6918,11.4338],[75.6915,11.4338],[75.6915,11.4343],[75.6913,11.4343],[75.6913,11.4346],[75.691,11.4346],[75.691,11.4351],[75.6907,11.4351],[75.6907,11.4354],[75.6904,11.4354],[75.6904,11.436],[75.6901,11.436],[75.6901,11.4362],[75.6899,11.4362],[75.6899,11.4371],[75.6896,11.4371],[75.6896,11.4376],[75.6893,11.4376],[75.6893,11.4379],[75.689,11.4379],[75.689,11.4388],[75.6888,11.4388],[75.6888,11.439],[75.6885,11.439],[75.6885,11.4396],[75.6879,11.4396],[75.6879,11.4401],[75.6874,11.4401],[75.6874,11.4404],[75.6871,11.4404],[75.6871,11.441],[75.6868,11.441],[75.6868,11.4415],[75.6865,11.4415],[75.6865,11.4424],[75.6862,11.4424],[75.6862,11.4429],[75.686,11.4429],[75.686,11.4435],[75.6857,11.4435],[75.6857,11.4438],[75.6854,11.4438],[75.6854,11.444],[75.6851,11.444],[75.6851,11.4443],[75.6849,11.4443],[75.6849,11.4446],[75.6846,11.4446],[75.6846,11.4449],[75.6843,11.4449],[75.6843,11.4451],[75.684,11.4451],[75.684,11.4454],[75.6837,11.4454],[75.6837,11.446],[75.6835,11.446],[75.6835,11.4468],[75.6832,11.4468],[75.6832,11.4474],[75.6829,11.4474],[75.6829,11.4476],[75.6826,11.4476],[75.6826,11.4482],[75.6824,11.4482],[75.6824,11.4485],[75.6821,11.4485],[75.6821,11.4488],[75.6818,11.4488],[75.6818,11.4493],[75.6815,11.4493],[75.6815,11.4496],[75.6813,11.4496],[75.6813,11.4499],[75.6801,11.4499],[75.6801,11.4501],[75.679,11.4501],[75.679,11.4499],[75.6785,11.4499],[75.6785,11.4496],[75.6782,11.4496],[75.6782,11.4493],[75.6774,11.4493],[75.6774,11.4496],[75.6768,11.4496],[75.6768,11.4499],[75.6762,11.4499],[75.6762,11.4501],[75.6754,11.4501],[75.6754,11.4507],[75.6751,11.4507],[75.6751,11.451],[75.6749,11.451],[75.6749,11.4515],[75.6746,11.4515],[75.6746,11.4518],[75.6743,11.4518],[75.6743,11.4521],[75.674,11.4521],[75.674,11.4526],[75.6735,11.4526],[75.6735,11.4529],[75.6732,11.4529],[75.6732,11.4532],[75.6729,11.4532],[75.6729,11.4535],[75.6726,11.4535],[75.6726,11.4538],[75.6724,11.4538],[75.6724,11.4543],[75.6718,11.4543],[75.6718,11.4546],[75.6712,11.4546],[75.6712,11.4551],[75.671,11.4551],[75.671,11.4554],[75.6704,11.4554],[75.6704,11.4557],[75.6701,11.4557],[75.6701,11.4563],[75.6699,11.4563],[75.6699,11.4565],[75.6696,11.4565],[75.6696,11.4571],[75.6693,11.4571],[75.6693,11.4574],[75.669,11.4574],[75.669,11.4576],[75.6687,11.4576],[75.6687,11.4579],[75.6685,11.4579],[75.6685,11.4582],[75.6682,11.4582],[75.6682,11.4585],[75.6679,11.4585],[75.6679,11.4587],[75.6674,11.4587],[75.6674,11.459],[75.6668,11.459],[75.6668,11.4593],[75.6665,11.4593],[75.6665,11.4599],[75.666,11.4599],[75.666,11.4601],[75.6657,11.4601],[75.6657,11.4607],[75.6651,11.4607],[75.6651,11.4613],[75.6646,11.4613],[75.6646,11.4615],[75.6618,11.4615],[75.6618,11.4618],[75.6612,11.4618],[75.6612,11.4621],[75.6604,11.4621],[75.6604,11.4624],[75.6601,11.4624],[75.6601,11.4626],[75.6596,11.4626],[75.6596,11.4629],[75.659,11.4629],[75.659,11.4632],[75.6588,11.4632],[75.6588,11.4635],[75.6582,11.4635],[75.6582,11.464],[75.6576,11.464],[75.6576,11.4643],[75.6574,11.4643],[75.6574,11.4646],[75.6571,11.4646],[75.6571,11.4649],[75.6565,11.4649],[75.6565,11.4651],[75.6557,11.4651],[75.6557,11.4654],[75.6554,11.4654],[75.6554,11.4657],[75.6551,11.4657],[75.6551,11.466],[75.654,11.466],[75.654,11.4663],[75.6521,11.4663],[75.6521,11.4665],[75.6513,11.4665],[75.6513,11.4668],[75.6501,11.4668],[75.6501,11.4671],[75.6493,11.4671],[75.6493,11.4674],[75.6482,11.4674],[75.6482,11.4676],[75.6471,11.4676],[75.6471,11.4679],[75.6457,11.4679],[75.6457,11.4676],[75.6451,11.4676],[75.6451,11.4671],[75.6449,11.4671],[75.6449,11.4668],[75.644,11.4668],[75.644,11.4665],[75.6435,11.4665],[75.6435,11.4663],[75.6426,11.4663],[75.6426,11.466],[75.6421,11.466],[75.6421,11.4657],[75.6413,11.4657],[75.6413,11.4654],[75.639,11.4654],[75.639,11.4651],[75.6382,11.4651],[75.6382,11.4649],[75.6371,11.4649],[75.6371,11.4646],[75.6374,11.4646],[75.6374,11.464],[75.6376,11.464],[75.6376,11.4635],[75.6379,11.4635],[75.6379,11.4621],[75.6376,11.4621],[75.6376,11.4618],[75.6374,11.4618],[75.6374,11.4615],[75.6371,11.4615],[75.6371,11.4613],[75.6363,11.4613],[75.6363,11.4615],[75.6343,11.4615],[75.6343,11.4618],[75.6338,11.4618],[75.6338,11.4621],[75.6335,11.4621],[75.6335,11.4624],[75.6332,11.4624],[75.6332,11.4626],[75.6326,11.4626],[75.6326,11.4632],[75.6324,11.4632],[75.6324,11.4649],[75.6321,11.4649],[75.6321,11.4651],[75.6324,11.4651],[75.6324,11.4654],[75.6321,11.4654],[75.6321,11.4657],[75.6318,11.4657],[75.6318,11.4663],[75.6315,11.4663],[75.6315,11.4668],[75.6312,11.4668],[75.6312,11.4671],[75.631,11.4671],[75.631,11.4676],[75.6307,11.4676],[75.6307,11.4682],[75.6304,11.4682],[75.6304,11.4688],[75.6301,11.4687],[75.6301,11.469],[75.6299,11.469],[75.6299,11.4696],[75.6296,11.4696],[75.6296,11.4701],[75.6293,11.4701],[75.6293,11.4704],[75.629,11.4704],[75.629,11.4707],[75.6288,11.4707],[75.6288,11.471],[75.6285,11.471],[75.6285,11.4713],[75.6282,11.4713],[75.6282,11.4715],[75.6276,11.4715],[75.6276,11.4721],[75.6274,11.4721],[75.6274,11.4724],[75.6268,11.4724],[75.6268,11.4729],[75.6265,11.4729],[75.6265,11.4732],[75.626,11.4732],[75.626,11.4735],[75.6254,11.4735],[75.6254,11.4738],[75.6249,11.4738],[75.6249,11.474],[75.6246,11.474],[75.6246,11.4743],[75.6243,11.4743],[75.6243,11.474],[75.6237,11.474],[75.6237,11.4743],[75.6221,11.4743],[75.6221,11.4746],[75.6201,11.4746],[75.6201,11.4749],[75.6204,11.4749],[75.6204,11.4751],[75.6201,11.4751],[75.6201,11.4754],[75.6199,11.4754],[75.6199,11.4757],[75.6196,11.4757],[75.6196,11.476],[75.6193,11.476],[75.6193,11.4763],[75.6185,11.4763],[75.6185,11.4765],[75.6179,11.4765],[75.6179,11.4768],[75.6176,11.4768],[75.6176,11.4771],[75.6174,11.4771],[75.6174,11.4782],[75.6176,11.4782],[75.6176,11.479],[75.6179,11.479],[75.6179,11.4793],[75.6182,11.4793],[75.6182,11.4796],[75.6185,11.4796],[75.6185,11.4799],[75.6188,11.4799],[75.6188,11.4807],[75.619,11.4807],[75.619,11.4838],[75.6188,11.4837],[75.6188,11.4843],[75.6185,11.4843],[75.6185,11.4868],[75.6182,11.4868],[75.6182,11.4876],[75.6179,11.4876],[75.6179,11.4888],[75.6176,11.4888],[75.6176,11.4893],[75.6174,11.4893],[75.6174,11.4899],[75.6171,11.4899],[75.6171,11.4904],[75.6168,11.4904],[75.6168,11.491],[75.6165,11.491],[75.6165,11.4918],[75.6162,11.4918],[75.6162,11.4921],[75.616,11.4921],[75.616,11.4926],[75.6157,11.4926],[75.6157,11.4935],[75.6154,11.4935],[75.6154,11.4943],[75.6157,11.4943],[75.6157,11.4957],[75.6154,11.4957],[75.6154,11.496],[75.6151,11.496],[75.6151,11.4963],[75.6149,11.4963],[75.6149,11.4965],[75.6146,11.4965],[75.6146,11.4971],[75.614,11.4971],[75.614,11.4979],[75.6137,11.4979],[75.6137,11.4982],[75.6135,11.4982],[75.6135,11.5001],[75.6132,11.5001],[75.6132,11.5004],[75.6129,11.5004],[75.6129,11.5015],[75.6126,11.5015],[75.6126,11.5021],[75.6124,11.5021],[75.6124,11.504],[75.6121,11.504],[75.6121,11.5043],[75.6118,11.5043],[75.6118,11.5049],[75.6115,11.5049],[75.6115,11.506],[75.6113,11.506],[75.6113,11.5068],[75.611,11.5068],[75.611,11.5074],[75.6107,11.5074],[75.6107,11.5076],[75.6104,11.5076],[75.6104,11.5087],[75.6101,11.5087],[75.6101,11.509],[75.6099,11.509],[75.6099,11.5099],[75.6096,11.5099],[75.6096,11.5104],[75.6093,11.5104],[75.6093,11.5107],[75.6096,11.5107],[75.6096,11.511],[75.6093,11.511],[75.6093,11.5115],[75.609,11.5115],[75.609,11.5121],[75.6087,11.5121],[75.6087,11.5124],[75.6085,11.5124],[75.6085,11.5126],[75.6082,11.5126],[75.6082,11.5132],[75.6085,11.5132],[75.6085,11.5135],[75.6082,11.5135],[75.6082,11.5149],[75.6079,11.5149],[75.6079,11.5151],[75.6076,11.5151],[75.6076,11.5157],[75.6074,11.5157],[75.6074,11.516],[75.6071,11.516],[75.6071,11.5174],[75.6068,11.5174],[75.6068,11.5185],[75.6065,11.5185],[75.6065,11.519],[75.6062,11.519],[75.6062,11.5196],[75.606,11.5196],[75.606,11.5201],[75.6057,11.5201],[75.6057,11.5204],[75.6054,11.5204],[75.6054,11.5207],[75.6051,11.5207],[75.6051,11.5218],[75.6049,11.5218],[75.6049,11.5224],[75.6051,11.5224],[75.6051,11.5226],[75.6049,11.5226],[75.6049,11.5235],[75.6046,11.5235],[75.6046,11.524],[75.6043,11.524],[75.6043,11.5243],[75.604,11.5243],[75.604,11.5254],[75.6038,11.5254],[75.6038,11.5257],[75.604,11.5257],[75.604,11.526],[75.6038,11.526],[75.6038,11.5263],[75.6035,11.5263],[75.6035,11.5268],[75.6032,11.5268],[75.6032,11.5274],[75.6029,11.5274],[75.6029,11.5276],[75.6026,11.5276],[75.6026,11.5282],[75.6029,11.5282],[75.6029,11.5285],[75.6026,11.5285],[75.6026,11.5288],[75.6024,11.5288],[75.6024,11.5293],[75.6021,11.5293],[75.6021,11.5304],[75.6018,11.5304],[75.6018,11.5307],[75.6015,11.5307],[75.6015,11.5313],[75.6012,11.5313],[75.6012,11.5324],[75.601,11.5324],[75.601,11.5332],[75.6007,11.5332],[75.6007,11.5337],[75.6004,11.5337],[75.6004,11.5343],[75.6001,11.5343],[75.6001,11.5354],[75.5999,11.5354],[75.5999,11.5363],[75.5996,11.5363],[75.5996,11.5368],[75.5993,11.5368],[75.5993,11.5374],[75.599,11.5374],[75.599,11.5382],[75.5987,11.5382],[75.5987,11.5387],[75.5985,11.5387],[75.5985,11.5399],[75.5982,11.5399],[75.5982,11.5401],[75.5979,11.5401],[75.5979,11.5404],[75.5976,11.5404],[75.5976,11.5418],[75.5974,11.5418],[75.5974,11.5429],[75.5971,11.5429],[75.5971,11.5435],[75.5968,11.5435],[75.5968,11.5443],[75.5965,11.5443],[75.5965,11.5451],[75.5963,11.5451],[75.5963,11.5463],[75.596,11.5463],[75.596,11.5465],[75.5957,11.5465],[75.5957,11.5476],[75.5954,11.5476],[75.5954,11.5485],[75.5949,11.5485],[75.5949,11.5507],[75.5946,11.5507],[75.5946,11.5513],[75.5943,11.5513],[75.5943,11.5515],[75.594,11.5515],[75.594,11.5524],[75.5938,11.5524],[75.5938,11.5527],[75.5938,11.5532],[75.5932,11.5532],[75.5932,11.5538],[75.5929,11.5537],[75.5929,11.5557],[75.5926,11.5557],[75.5926,11.5563],[75.5924,11.5563],[75.5924,11.5568],[75.5921,11.5568],[75.5921,11.5579],[75.5918,11.5579],[75.5918,11.5582],[75.5912,11.5582],[75.5912,11.559],[75.591,11.559],[75.591,11.5599],[75.5907,11.5599],[75.5907,11.561],[75.5904,11.561],[75.5904,11.5635],[75.5899,11.5635],[75.5899,11.5654],[75.5901,11.5654],[75.5901,11.566],[75.5904,11.566],[75.5904,11.5674],[75.5901,11.5674],[75.5901,11.5688],[75.5907,11.5688],[75.5907,11.5682],[75.591,11.5682],[75.591,11.5674],[75.5912,11.5674],[75.5912,11.5662],[75.5915,11.5662],[75.5915,11.5657],[75.5912,11.5657],[75.5912,11.5654],[75.591,11.5654],[75.591,11.5651],[75.5907,11.5651],[75.5907,11.5646],[75.5912,11.5646],[75.5912,11.5643],[75.5918,11.5643],[75.5918,11.5638],[75.5924,11.5638],[75.5924,11.5615],[75.5926,11.5615],[75.5926,11.5612],[75.5929,11.5612],[75.5929,11.561],[75.5932,11.561],[75.5932,11.5607],[75.5935,11.5607],[75.5935,11.5601],[75.5938,11.5601],[75.5938,11.5593],[75.594,11.5593],[75.594,11.5587],[75.5943,11.5587],[75.5943,11.5585],[75.5946,11.5585],[75.5946,11.5576],[75.5949,11.5576],[75.5949,11.5565],[75.5951,11.5565],[75.5951,11.5563],[75.5954,11.5563],[75.5954,11.5557],[75.5951,11.5557],[75.5951,11.5549],[75.5954,11.5549],[75.5954,11.5543],[75.5957,11.5543],[75.5957,11.5526],[75.596,11.5526],[75.596,11.5513],[75.5957,11.5513],[75.5957,11.5507],[75.596,11.5507],[75.596,11.5504],[75.5968,11.5504],[75.5968,11.5501],[75.5976,11.5501],[75.5976,11.549],[75.5974,11.549],[75.5974,11.5488],[75.5976,11.5488],[75.5976,11.5485],[75.5979,11.5485],[75.5979,11.5479],[75.5982,11.5479],[75.5982,11.5474],[75.5985,11.5474],[75.5985,11.5468],[75.5987,11.5468],[75.5987,11.546],[75.5985,11.546],[75.5985,11.5454],[75.5987,11.5454],[75.5987,11.5451],[75.599,11.5451],[75.599,11.5443],[75.5999,11.5443],[75.5999,11.5446],[75.6001,11.5446],[75.6001,11.5471],[75.5999,11.5471],[75.5999,11.5476],[75.5996,11.5476],[75.5996,11.5482],[75.5985,11.5482],[75.5985,11.5485],[75.5982,11.5485],[75.5982,11.5496],[75.5985,11.5496],[75.5985,11.5501],[75.5987,11.5501],[75.5987,11.5507],[75.5985,11.5507],[75.5985,11.5518],[75.5982,11.5518],[75.5982,11.5523],[75.5982,11.5526],[75.5979,11.5526],[75.5979,11.5538],[75.5976,11.5538],[75.5976,11.5543],[75.5974,11.5543],[75.5974,11.5546],[75.5976,11.5546],[75.5976,11.5549],[75.5974,11.5549],[75.5974,11.556],[75.5971,11.556],[75.5971,11.5571],[75.5968,11.5571],[75.5968,11.5596],[75.5965,11.5596],[75.5965,11.5599],[75.5965,11.5604],[75.5963,11.5604],[75.5963,11.561],[75.596,11.561],[75.596,11.5612],[75.5963,11.5612],[75.5963,11.5615],[75.596,11.5615],[75.596,11.5621],[75.5957,11.5621],[75.5957,11.5624],[75.5951,11.5624],[75.5951,11.5626],[75.5949,11.5626],[75.5949,11.5629],[75.5943,11.5629],[75.5943,11.5632],[75.5938,11.5632],[75.5938,11.5638],[75.5935,11.5638],[75.5935,11.5643],[75.5932,11.5643],[75.5932,11.5646],[75.5935,11.5646],[75.5935,11.5649],[75.5932,11.5649],[75.5932,11.5654],[75.5929,11.5654],[75.5929,11.5665],[75.5926,11.5665],[75.5926,11.5671],[75.5924,11.5671],[75.5924,11.5685],[75.5929,11.5685],[75.5929,11.5688],[75.5938,11.5688],[75.5938,11.569],[75.5943,11.569],[75.5943,11.5696],[75.5946,11.5696],[75.5946,11.571],[75.5943,11.571],[75.5943,11.5715],[75.594,11.5715],[75.594,11.5718],[75.5935,11.5718],[75.5935,11.5721],[75.5929,11.5721],[75.5929,11.5724],[75.5924,11.5724],[75.5924,11.5726],[75.5918,11.5726],[75.5918,11.5729],[75.591,11.5729],[75.591,11.5732],[75.5907,11.5732],[75.5907,11.5735],[75.5901,11.5735],[75.5901,11.5738],[75.5899,11.5738],[75.5899,11.5746],[75.5896,11.5746],[75.5896,11.5751],[75.5899,11.5751],[75.5899,11.5757],[75.5899,11.576],[75.5901,11.576],[75.5901,11.5774],[75.5899,11.5774],[75.5899,11.5785],[75.5896,11.5785],[75.5896,11.5801],[75.5893,11.5801],[75.5893,11.5807],[75.589,11.5807],[75.589,11.5821],[75.5885,11.5821],[75.5885,11.5829],[75.5882,11.5829],[75.5882,11.5832],[75.5879,11.5832],[75.5879,11.5835],[75.5876,11.5835],[75.5876,11.584],[75.5871,11.584],[75.5871,11.5846],[75.5868,11.5846],[75.5868,11.5851],[75.5865,11.5851],[75.5865,11.5857],[75.5863,11.5857],[75.5863,11.5863],[75.5857,11.5863],[75.5857,11.5857],[75.586,11.5857],[75.586,11.5846],[75.5863,11.5846],[75.5863,11.5837],[75.586,11.5838],[75.586,11.5829],[75.5865,11.5829],[75.5865,11.5824],[75.5868,11.5824],[75.5868,11.5821],[75.5871,11.5821],[75.5871,11.5812],[75.5874,11.5812],[75.5874,11.5796],[75.5876,11.5796],[75.5876,11.5793],[75.5874,11.5793],[75.5874,11.5788],[75.5876,11.5788],[75.5876,11.5768],[75.5879,11.5768],[75.5879,11.5765],[75.5882,11.5765],[75.5882,11.576],[75.5885,11.576],[75.5885,11.5754],[75.5888,11.5754],[75.5888,11.574],[75.5889,11.574],[75.589,11.574],[75.589,11.5729],[75.5893,11.5729],[75.5893,11.5707],[75.5896,11.5707],[75.5896,11.5701],[75.5899,11.5701],[75.5899,11.5699],[75.5896,11.5699],[75.5896,11.5693],[75.5893,11.5693],[75.5893,11.569],[75.589,11.569],[75.589,11.5688],[75.5885,11.5688],[75.5885,11.569],[75.5882,11.569],[75.5882,11.5699],[75.5879,11.5699],[75.5879,11.5704],[75.5876,11.5704],[75.5876,11.571],[75.5875,11.571],[75.5874,11.571],[75.5874,11.5718],[75.5871,11.5718],[75.5871,11.5724],[75.5868,11.5724],[75.5868,11.5729],[75.5865,11.5729],[75.5865,11.5732],[75.5868,11.5732],[75.5868,11.5735],[75.5865,11.5735],[75.5865,11.5738],[75.5863,11.5738],[75.5863,11.5746],[75.586,11.5746],[75.586,11.5754],[75.5857,11.5754],[75.5857,11.5763],[75.5854,11.5763],[75.5854,11.5768],[75.5851,11.5768],[75.5851,11.5779],[75.5849,11.5779],[75.5849,11.5785],[75.5846,11.5785],[75.5846,11.579],[75.5843,11.579],[75.5843,11.5799],[75.584,11.5799],[75.584,11.581],[75.5837,11.581],[75.5837,11.5812],[75.5835,11.5812],[75.5835,11.5818],[75.5832,11.5818],[75.5832,11.5824],[75.5835,11.5824],[75.5835,11.5829],[75.5832,11.5829],[75.5832,11.584],[75.5829,11.584],[75.5829,11.5843],[75.5826,11.5843],[75.5826,11.5854],[75.5824,11.5854],[75.5824,11.586],[75.5821,11.586],[75.5821,11.5868],[75.5818,11.5868],[75.5818,11.5874],[75.5815,11.5874],[75.5815,11.5876],[75.5813,11.5876],[75.5813,11.5885],[75.581,11.5885],[75.581,11.5888],[75.5807,11.5888],[75.5807,11.5904],[75.5804,11.5904],[75.5804,11.591],[75.5801,11.591],[75.5801,11.5926],[75.5799,11.5926],[75.5799,11.5935],[75.5796,11.5935],[75.5796,11.594],[75.5793,11.594],[75.5793,11.5943],[75.579,11.5943],[75.579,11.5946],[75.5788,11.5946],[75.5788,11.596],[75.5785,11.596],[75.5785,11.5962],[75.5782,11.5962],[75.5782,11.5965],[75.5779,11.5965],[75.5779,11.5979],[75.5776,11.5979],[75.5776,11.5985],[75.5774,11.5985],[75.5774,11.5988],[75.5771,11.5988],[75.5771,11.599],[75.5774,11.599],[75.5774,11.5996],[75.5771,11.5996],[75.5771,11.5999],[75.5774,11.5999],[75.5774,11.601],[75.5771,11.601],[75.5771,11.6013],[75.5768,11.6013],[75.5768,11.6015],[75.5765,11.6015],[75.5765,11.6018],[75.5762,11.6018],[75.5762,11.6021],[75.576,11.6021],[75.576,11.6035],[75.5757,11.6035],[75.5757,11.6038],[75.5754,11.6038],[75.5754,11.6046],[75.5751,11.6046],[75.5751,11.6049],[75.5749,11.6049],[75.5749,11.6057],[75.5746,11.6057],[75.5746,11.6065],[75.5743,11.6065],[75.5743,11.6071],[75.574,11.6071],[75.574,11.6085],[75.5738,11.6085],[75.5738,11.6093],[75.5735,11.6093],[75.5735,11.6099],[75.5732,11.6099],[75.5732,11.6104],[75.5729,11.6104],[75.5729,11.6113],[75.5726,11.6113],[75.5726,11.6124],[75.5724,11.6124],[75.5724,11.6129],[75.5721,11.6129],[75.5721,11.6143],[75.5718,11.6143],[75.5718,11.6146],[75.5715,11.6146],[75.5715,11.616],[75.5713,11.616],[75.5713,11.6168],[75.5707,11.6168],[75.5707,11.6174],[75.5704,11.6174],[75.5704,11.6179],[75.5701,11.6179],[75.5701,11.6185],[75.5699,11.6185],[75.5699,11.6193],[75.5696,11.6193],[75.5696,11.6199],[75.5693,11.6199],[75.5693,11.6207],[75.569,11.6207],[75.569,11.6215],[75.5687,11.6215],[75.5687,11.6224],[75.5685,11.6224],[75.5685,11.6232],[75.5682,11.6232],[75.5682,11.6237],[75.5679,11.6237],[75.5679,11.624],[75.5676,11.624],[75.5676,11.6254],[75.5674,11.6254],[75.5674,11.6257],[75.5676,11.6257],[75.5676,11.626],[75.5674,11.626],[75.5674,11.6263],[75.5671,11.6263],[75.5671,11.6268],[75.5668,11.6268],[75.5668,11.6274],[75.5665,11.6274],[75.5665,11.6282],[75.5662,11.6282],[75.5662,11.6288],[75.566,11.6288],[75.566,11.6296],[75.5654,11.6296],[75.5654,11.6301],[75.5651,11.6301],[75.5651,11.6313],[75.5649,11.6312],[75.5649,11.6318],[75.5646,11.6318],[75.5646,11.6321],[75.5643,11.6321],[75.5643,11.6338],[75.564,11.6337],[75.564,11.6346],[75.5638,11.6346],[75.5638,11.6349],[75.5635,11.6349],[75.5635,11.6351],[75.5632,11.6351],[75.5632,11.6357],[75.5629,11.6357],[75.5629,11.6365],[75.5626,11.6365],[75.5626,11.6371],[75.5624,11.6371],[75.5624,11.6382],[75.5621,11.6382],[75.5621,11.6388],[75.5618,11.6388],[75.5618,11.639],[75.5615,11.639],[75.5615,11.6401],[75.5612,11.6401],[75.5612,11.6407],[75.561,11.6407],[75.561,11.641],[75.5607,11.641],[75.5607,11.6421],[75.5604,11.6421],[75.5604,11.6426],[75.5601,11.6426],[75.5601,11.6429],[75.5599,11.6429],[75.5599,11.6432],[75.5596,11.6432],[75.5596,11.644],[75.5593,11.644],[75.5593,11.6446],[75.559,11.6446],[75.559,11.6454],[75.5587,11.6454],[75.5587,11.6457],[75.5585,11.6457],[75.5585,11.6465],[75.5582,11.6465],[75.5582,11.6471],[75.5579,11.6471],[75.5579,11.6474],[75.5576,11.6474],[75.5576,11.6476],[75.5574,11.6476],[75.5574,11.6482],[75.5571,11.6482],[75.5571,11.649],[75.5568,11.649],[75.5568,11.6493],[75.5571,11.6493],[75.5571,11.6496],[75.5568,11.6496],[75.5568,11.6501],[75.5565,11.6501],[75.5565,11.6507],[75.5563,11.6507],[75.5563,11.6515],[75.556,11.6515],[75.556,11.6524],[75.5557,11.6524],[75.5557,11.6532],[75.5554,11.6532],[75.5554,11.6538],[75.5549,11.6538],[75.5549,11.6546],[75.5546,11.6546],[75.5546,11.6551],[75.5543,11.6551],[75.5543,11.6554],[75.554,11.6554],[75.554,11.6565],[75.5537,11.6565],[75.5537,11.6568],[75.5535,11.6568],[75.5535,11.6574],[75.5532,11.6574],[75.5532,11.6588],[75.5529,11.6587],[75.5529,11.6599],[75.5526,11.6599],[75.5526,11.6601],[75.5524,11.6601],[75.5524,11.6604],[75.5521,11.6604],[75.5521,11.661],[75.5518,11.661],[75.5518,11.6613],[75.5515,11.6613],[75.5515,11.6615],[75.5512,11.6615],[75.5512,11.6621],[75.551,11.6621],[75.551,11.6626],[75.5504,11.6626],[75.5504,11.6629],[75.5507,11.6629],[75.5507,11.6635],[75.5504,11.6635],[75.5504,11.664],[75.5501,11.664],[75.5501,11.6643],[75.5499,11.6643],[75.5499,11.6646],[75.5496,11.6646],[75.5496,11.6657],[75.5493,11.6657],[75.5493,11.666],[75.5488,11.666],[75.5488,11.6662],[75.5485,11.6662],[75.5485,11.6668],[75.5482,11.6668],[75.5482,11.6679],[75.5479,11.6679],[75.5479,11.669],[75.5476,11.669],[75.5476,11.6696],[75.5474,11.6696],[75.5474,11.6701],[75.5471,11.6701],[75.5471,11.671],[75.5468,11.671],[75.5468,11.6715],[75.5465,11.6715],[75.5465,11.6732],[75.5462,11.6732],[75.5462,11.6737],[75.546,11.6737],[75.546,11.674],[75.5457,11.674],[75.5457,11.6746],[75.5454,11.6746],[75.5454,11.6751],[75.5451,11.6751],[75.5451,11.6754],[75.5449,11.6754],[75.5449,11.676],[75.5446,11.676],[75.5446,11.6768],[75.5443,11.6768],[75.5443,11.6774],[75.544,11.6774],[75.544,11.6782],[75.5437,11.6782],[75.5437,11.6788],[75.5435,11.6788],[75.5435,11.6793],[75.5432,11.6793],[75.5432,11.6799],[75.5429,11.6799],[75.5429,11.6801],[75.5426,11.6801],[75.5426,11.6807],[75.5424,11.6807],[75.5424,11.6818],[75.5421,11.6818],[75.5421,11.6821],[75.5418,11.6821],[75.5418,11.6826],[75.5415,11.6826],[75.5415,11.6832],[75.5413,11.6832],[75.5413,11.6835],[75.541,11.6835],[75.541,11.684],[75.5407,11.684],[75.5407,11.6843],[75.5404,11.6843],[75.5404,11.6849],[75.5401,11.6849],[75.5401,11.6857],[75.5399,11.6857],[75.5399,11.6863],[75.5396,11.6863],[75.5396,11.6865],[75.5393,11.6865],[75.5393,11.6868],[75.539,11.6868],[75.539,11.6876],[75.5387,11.6876],[75.5387,11.6885],[75.5385,11.6885],[75.5385,11.6888],[75.5382,11.6888],[75.5382,11.6893],[75.5379,11.6893],[75.5379,11.6899],[75.5376,11.6899],[75.5376,11.6901],[75.5374,11.6901],[75.5374,11.6907],[75.5371,11.6907],[75.5371,11.6912],[75.5368,11.6912],[75.5368,11.6918],[75.5365,11.6918],[75.5365,11.6921],[75.5362,11.6921],[75.5362,11.6926],[75.536,11.6926],[75.536,11.6932],[75.5357,11.6932],[75.5357,11.6938],[75.5354,11.6938],[75.5354,11.694],[75.5351,11.694],[75.5351,11.6951],[75.5349,11.6951],[75.5349,11.6957],[75.5346,11.6957],[75.5346,11.696],[75.5343,11.696],[75.5343,11.6965],[75.534,11.6965],[75.534,11.6971],[75.5338,11.6971],[75.5338,11.6974],[75.5335,11.6974],[75.5335,11.6979],[75.5332,11.6979],[75.5332,11.6982],[75.5329,11.6982],[75.5329,11.6985],[75.5326,11.6985],[75.5326,11.699],[75.5324,11.699],[75.5324,11.6993],[75.5321,11.6993],[75.5321,11.6999],[75.5318,11.6999],[75.5318,11.7001],[75.5315,11.7001],[75.5315,11.7004],[75.531,11.7004],[75.531,11.7007],[75.5304,11.7007],[75.5304,11.701],[75.5301,11.701],[75.5301,11.7015],[75.5299,11.7015],[75.5299,11.7026],[75.5304,11.7026],[75.5304,11.7029],[75.5301,11.7029],[75.5301,11.7037],[75.5299,11.7037],[75.5299,11.704],[75.5301,11.704],[75.5301,11.7043],[75.5299,11.7043],[75.5299,11.7046],[75.5293,11.7046],[75.5293,11.7051],[75.5287,11.7051],[75.5287,11.7057],[75.5285,11.7057],[75.5285,11.706],[75.5282,11.706],[75.5282,11.7063],[75.5279,11.7063],[75.5279,11.7065],[75.5274,11.7065],[75.5274,11.7068],[75.5271,11.7068],[75.5271,11.7071],[75.5257,11.7071],[75.5257,11.7068],[75.5246,11.7068],[75.5246,11.7071],[75.524,11.7071],[75.524,11.7082],[75.5238,11.7082],[75.5238,11.7088],[75.5235,11.7088],[75.5235,11.7096],[75.5232,11.7096],[75.5232,11.7104],[75.5229,11.7104],[75.5229,11.7107],[75.5226,11.7107],[75.5226,11.7113],[75.5224,11.7113],[75.5224,11.7115],[75.5221,11.7115],[75.5221,11.7121],[75.5218,11.7121],[75.5218,11.7127],[75.5215,11.7126],[75.5215,11.7135],[75.5212,11.7135],[75.5212,11.714],[75.5207,11.714],[75.5207,11.7146],[75.5204,11.7146],[75.5204,11.7149],[75.5196,11.7149],[75.5196,11.7151],[75.5185,11.7151],[75.5185,11.7154],[75.5174,11.7154],[75.5174,11.7151],[75.5168,11.7151],[75.5168,11.7182],[75.5165,11.7182],[75.5165,11.7185],[75.5163,11.7185],[75.5163,11.7188],[75.516,11.7187],[75.516,11.7196],[75.5157,11.7196],[75.5157,11.7199],[75.5154,11.7199],[75.5154,11.7201],[75.5151,11.7201],[75.5151,11.7207],[75.5149,11.7207],[75.5149,11.7212],[75.5146,11.7212],[75.5146,11.7215],[75.5143,11.7215],[75.5143,11.7218],[75.514,11.7218],[75.514,11.7224],[75.5137,11.7224],[75.5137,11.7226],[75.5135,11.7226],[75.5135,11.7232],[75.5132,11.7232],[75.5132,11.7235],[75.5129,11.7235],[75.5129,11.7238],[75.5126,11.7238],[75.5126,11.7246],[75.5124,11.7246],[75.5124,11.7249],[75.5121,11.7249],[75.5121,11.7257],[75.5115,11.7257],[75.5115,11.7265],[75.5113,11.7265],[75.5113,11.7268],[75.511,11.7268],[75.511,11.7279],[75.5107,11.7279],[75.5107,11.7282],[75.5104,11.7282],[75.5104,11.7285],[75.5101,11.7285],[75.5101,11.7288],[75.5099,11.7288],[75.5099,11.7293],[75.5096,11.7293],[75.5096,11.7296],[75.5093,11.7296],[75.5093,11.7301],[75.509,11.7301],[75.509,11.7307],[75.5088,11.7307],[75.5088,11.731],[75.5085,11.731],[75.5085,11.7315],[75.5079,11.7315],[75.5079,11.7321],[75.5074,11.7321],[75.5074,11.7324],[75.5071,11.7324],[75.5071,11.7326],[75.5068,11.7326],[75.5068,11.7329],[75.506,11.7329],[75.506,11.7332],[75.5051,11.7332],[75.5051,11.7335],[75.5049,11.7335],[75.5049,11.734],[75.5046,11.734],[75.5046,11.7343],[75.5032,11.7343],[75.5032,11.7346],[75.501,11.7346],[75.501,11.7343],[75.5001,11.7343],[75.5001,11.7332],[75.4987,11.7332],[75.4987,11.7318],[75.4985,11.7318],[75.4985,11.7321],[75.4982,11.7321],[75.4982,11.7324],[75.4976,11.7324],[75.4976,11.7326],[75.4974,11.7326],[75.4974,11.7329],[75.4971,11.7329],[75.4971,11.7335],[75.4974,11.7335],[75.4974,11.734],[75.4976,11.734],[75.4976,11.7343],[75.4974,11.7343],[75.4974,11.736],[75.4971,11.736],[75.4971,11.7363],[75.4968,11.7363],[75.4968,11.7365],[75.4965,11.7365],[75.4965,11.7368],[75.4962,11.7368],[75.4962,11.7374],[75.496,11.7374],[75.496,11.7376],[75.4957,11.7376],[75.4957,11.7382],[75.4954,11.7382],[75.4954,11.7385],[75.4951,11.7385],[75.4951,11.7388],[75.4949,11.7388],[75.4949,11.739],[75.494,11.739],[75.494,11.7399],[75.4938,11.7399],[75.4938,11.7404],[75.4935,11.7404],[75.4935,11.7407],[75.4932,11.7407],[75.4932,11.7415],[75.4929,11.7415],[75.4929,11.7421],[75.4926,11.7421],[75.4926,11.7426],[75.4921,11.7426],[75.4921,11.7429],[75.4918,11.7429],[75.4918,11.7432],[75.4912,11.7432],[75.4912,11.7438],[75.491,11.7438],[75.491,11.7443],[75.4907,11.7443],[75.4907,11.7446],[75.4904,11.7446],[75.4904,11.7449],[75.4899,11.7449],[75.4899,11.7451],[75.4896,11.7451],[75.4896,11.7454],[75.489,11.7454],[75.489,11.7457],[75.4885,11.7457],[75.4885,11.746],[75.4879,11.746],[75.4879,11.7462],[75.486,11.7462],[75.486,11.7465],[75.4854,11.7465],[75.4854,11.7471],[75.4851,11.7471],[75.4851,11.7474],[75.4849,11.7474],[75.4849,11.7482],[75.4846,11.7482],[75.4846,11.7485],[75.4849,11.7485],[75.4849,11.749],[75.4846,11.749],[75.4846,11.7499],[75.4843,11.7499],[75.4843,11.7513],[75.484,11.7513],[75.484,11.7515],[75.4837,11.7515],[75.4837,11.7521],[75.4835,11.7521],[75.4835,11.7524],[75.4832,11.7524],[75.4832,11.7529],[75.4829,11.7529],[75.4829,11.7535],[75.4826,11.7535],[75.4826,11.7537],[75.4824,11.7537],[75.4824,11.754],[75.4818,11.754],[75.4818,11.7543],[75.4815,11.7543],[75.4815,11.7549],[75.481,11.7549],[75.481,11.7554],[75.4804,11.7554],[75.4804,11.7557],[75.4799,11.7557],[75.4799,11.756],[75.4796,11.756],[75.4796,11.7563],[75.4793,11.7563],[75.4793,11.7565],[75.4788,11.7565],[75.4788,11.7568],[75.4782,11.7568],[75.4782,11.7574],[75.4776,11.7574],[75.4776,11.7576],[75.4774,11.7576],[75.4774,11.7582],[75.4768,11.7582],[75.4768,11.7587],[75.4765,11.7587],[75.4765,11.759],[75.4762,11.759],[75.4762,11.7593],[75.476,11.7593],[75.476,11.7596],[75.4757,11.7596],[75.4757,11.7599],[75.4754,11.7599],[75.4754,11.7601],[75.4751,11.7601],[75.4751,11.7607],[75.4749,11.7607],[75.4749,11.761],[75.4746,11.761],[75.4746,11.7613],[75.4743,11.7613],[75.4743,11.7618],[75.474,11.7618],[75.474,11.7621],[75.4737,11.7621],[75.4737,11.7624],[75.4735,11.7624],[75.4735,11.7629],[75.4729,11.7629],[75.4729,11.7632],[75.4724,11.7632],[75.4724,11.7638],[75.4721,11.7638],[75.4721,11.764],[75.4724,11.764],[75.4724,11.7646],[75.4729,11.7646],[75.4729,11.7649],[75.4732,11.7649],[75.4732,11.7651],[75.4735,11.7651],[75.4735,11.7654],[75.474,11.7654],[75.474,11.7657],[75.4749,11.7657],[75.4749,11.7654],[75.476,11.7654],[75.476,11.7649],[75.4765,11.7649],[75.4765,11.7646],[75.4771,11.7646],[75.4771,11.7643],[75.4776,11.7643],[75.4776,11.764],[75.4788,11.764],[75.4788,11.7646],[75.481,11.7646],[75.481,11.7657],[75.4835,11.7657],[75.4835,11.7654],[75.4851,11.7654],[75.4851,11.7651],[75.486,11.7651],[75.486,11.7649],[75.4863,11.7649],[75.4863,11.7646],[75.4868,11.7646],[75.4868,11.7643],[75.4871,11.7643],[75.4871,11.764],[75.4874,11.764],[75.4874,11.7635],[75.4876,11.7635],[75.4876,11.7632],[75.4879,11.7632],[75.4879,11.7629],[75.4882,11.7629],[75.4882,11.7626],[75.4885,11.7626],[75.4885,11.7621],[75.4887,11.7621],[75.4887,11.7612],[75.489,11.7613],[75.489,11.7607],[75.4893,11.7607],[75.4893,11.7599],[75.4896,11.7599],[75.4896,11.7576],[75.4899,11.7576],[75.4899,11.7574],[75.4901,11.7574],[75.4901,11.7571],[75.4904,11.7571],[75.4904,11.7568],[75.491,11.7568],[75.491,11.7565],[75.4918,11.7565],[75.4918,11.7568],[75.4932,11.7568],[75.4932,11.7565],[75.4935,11.7565],[75.4935,11.7563],[75.4938,11.7563],[75.4938,11.7565],[75.4954,11.7565],[75.4954,11.7568],[75.496,11.7568],[75.496,11.7571],[75.4962,11.7571],[75.4962,11.7576],[75.4968,11.7576],[75.4968,11.7579],[75.4974,11.7579],[75.4974,11.7582],[75.4976,11.7582],[75.4976,11.7585],[75.4982,11.7585],[75.4982,11.7587],[75.4987,11.7587],[75.4987,11.7593],[75.4993,11.7593],[75.4993,11.7596],[75.4999,11.7596],[75.4999,11.7599],[75.5001,11.7599],[75.5001,11.7601],[75.5004,11.7601],[75.5004,11.7607],[75.5007,11.7607],[75.5007,11.7613],[75.501,11.7613],[75.501,11.7618],[75.5015,11.7618],[75.5015,11.7621],[75.5018,11.7621],[75.5018,11.7624],[75.5035,11.7624],[75.5035,11.7626],[75.5043,11.7626],[75.5043,11.7629],[75.5046,11.7629],[75.5046,11.7632],[75.5054,11.7632],[75.5054,11.7629],[75.5057,11.7629],[75.5057,11.7626],[75.506,11.7626],[75.506,11.7618],[75.5062,11.7618],[75.5062,11.7613],[75.5076,11.7612],[75.5076,11.7624],[75.5079,11.7624],[75.5079,11.7635],[75.5082,11.7635],[75.5082,11.7643],[75.5079,11.7643],[75.5079,11.7646],[75.5071,11.7646],[75.5071,11.7643],[75.5065,11.7643],[75.5065,11.764],[75.506,11.764],[75.506,11.7638],[75.5046,11.7638],[75.5046,11.7635],[75.5038,11.7635],[75.5038,11.7632],[75.5035,11.7632],[75.5035,11.7629],[75.5015,11.7629],[75.5015,11.7626],[75.5013,11.7626],[75.5013,11.7624],[75.5007,11.7624],[75.5007,11.7621],[75.5004,11.7621],[75.5004,11.7618],[75.4999,11.7618],[75.4999,11.7615],[75.4996,11.7615],[75.4996,11.7613],[75.4993,11.7613],[75.4993,11.761],[75.499,11.761],[75.499,11.7607],[75.4987,11.7607],[75.4987,11.7604],[75.4976,11.7604],[75.4976,11.7607],[75.4974,11.7607],[75.4974,11.761],[75.4971,11.761],[75.4971,11.7613],[75.4962,11.7613],[75.4962,11.7607],[75.496,11.7607],[75.496,11.7604],[75.4954,11.7604],[75.4954,11.7601],[75.4949,11.7601],[75.4949,11.7587],[75.4946,11.7587],[75.4946,11.7585],[75.4938,11.7585],[75.4938,11.7582],[75.4924,11.7582],[75.4924,11.7587],[75.4921,11.7587],[75.4921,11.7599],[75.491,11.7599],[75.491,11.7601],[75.4912,11.7601],[75.4912,11.7607],[75.4915,11.7607],[75.4915,11.7612],[75.4901,11.7613],[75.4901,11.7615],[75.4904,11.7615],[75.4904,11.7621],[75.4907,11.7621],[75.4907,11.7624],[75.491,11.7624],[75.491,11.7626],[75.4912,11.7626],[75.4912,11.7632],[75.4907,11.7632],[75.4907,11.7635],[75.4904,11.7635],[75.4904,11.7638],[75.4896,11.7638],[75.4896,11.764],[75.4893,11.764],[75.4893,11.7646],[75.489,11.7646],[75.489,11.7651],[75.4887,11.7651],[75.4887,11.7654],[75.4885,11.7654],[75.4885,11.766],[75.4882,11.766],[75.4882,11.7663],[75.4879,11.7663],[75.4879,11.7665],[75.4874,11.7665],[75.4874,11.7663],[75.486,11.7663],[75.486,11.7665],[75.4857,11.7665],[75.4857,11.7668],[75.4854,11.7668],[75.4854,11.7671],[75.4846,11.7671],[75.4846,11.7674],[75.4843,11.7674],[75.4843,11.7676],[75.4821,11.7676],[75.4821,11.7674],[75.4818,11.7674],[75.4818,11.7671],[75.4815,11.7671],[75.4815,11.7668],[75.4807,11.7668],[75.4807,11.766],[75.4788,11.766],[75.4788,11.7651],[75.4771,11.7651],[75.4771,11.7654],[75.4765,11.7654],[75.4765,11.7657],[75.4751,11.7657],[75.4751,11.7665],[75.4749,11.7665],[75.4749,11.7682],[75.4751,11.7682],[75.4751,11.7696],[75.4754,11.7696],[75.4754,11.7699],[75.4757,11.7699],[75.4757,11.7704],[75.476,11.7704],[75.476,11.7707],[75.4765,11.7707],[75.4765,11.771],[75.4768,11.771],[75.4768,11.7713],[75.4774,11.7713],[75.4774,11.7715],[75.4776,11.7715],[75.4776,11.7718],[75.4779,11.7718],[75.4779,11.7721],[75.4782,11.7721],[75.4782,11.7726],[75.4785,11.7726],[75.4785,11.7732],[75.479,11.7732],[75.479,11.7735],[75.4793,11.7735],[75.4793,11.7737],[75.4796,11.7737],[75.4796,11.774],[75.4799,11.774],[75.4799,11.7743],[75.4807,11.7743],[75.4807,11.7746],[75.4815,11.7746],[75.4815,11.7743],[75.4821,11.7743],[75.4821,11.774],[75.4824,11.774],[75.4824,11.7737],[75.4826,11.7737],[75.4826,11.7735],[75.4829,11.7735],[75.4829,11.7732],[75.4832,11.7732],[75.4832,11.7729],[75.4837,11.7729],[75.4837,11.7732],[75.4843,11.7732],[75.4843,11.7737],[75.4846,11.7737],[75.4846,11.7743],[75.4843,11.7743],[75.4843,11.7749],[75.484,11.7749],[75.484,11.7751],[75.4837,11.7751],[75.4837,11.7757],[75.4843,11.7757],[75.4843,11.776],[75.4865,11.776],[75.4865,11.7763],[75.4868,11.7762],[75.4868,11.7771],[75.4865,11.7771],[75.4865,11.7774],[75.4863,11.7774],[75.4863,11.7776],[75.4854,11.7776],[75.4854,11.7779],[75.4851,11.7779],[75.4851,11.7782],[75.4849,11.7782],[75.4849,11.7788],[75.4851,11.7787],[75.4851,11.779],[75.4857,11.779],[75.4857,11.7793],[75.4863,11.7793],[75.4863,11.7799],[75.4865,11.7799],[75.4865,11.7821],[75.4868,11.7821],[75.4868,11.7824],[75.4874,11.7824],[75.4874,11.7826],[75.4876,11.7826],[75.4876,11.7829],[75.4879,11.7829],[75.4879,11.7843],[75.4876,11.7843],[75.4876,11.7846],[75.4871,11.7846],[75.4871,11.7837],[75.486,11.7837],[75.486,11.784],[75.4851,11.784],[75.4851,11.7843],[75.484,11.7843],[75.484,11.7846],[75.4837,11.7846],[75.4837,11.7854],[75.484,11.7854],[75.484,11.7857],[75.4843,11.7857],[75.4843,11.786],[75.484,11.786],[75.484,11.7868],[75.4843,11.7868],[75.4843,11.7874],[75.4846,11.7874],[75.4846,11.7876],[75.4849,11.7876],[75.4849,11.7882],[75.4846,11.7882],[75.4846,11.7885],[75.4857,11.7885],[75.4857,11.7882],[75.486,11.7882],[75.486,11.7885],[75.4863,11.7885],[75.4863,11.789],[75.4865,11.789],[75.4865,11.7893],[75.4868,11.7893],[75.4868,11.7899],[75.4876,11.7899],[75.4876,11.7901],[75.4879,11.7901],[75.4879,11.7904],[75.4882,11.7904],[75.4882,11.7907],[75.4887,11.7907],[75.4887,11.791],[75.4896,11.791],[75.4896,11.7915],[75.4899,11.7915],[75.4899,11.7921],[75.4907,11.7921],[75.4907,11.7918],[75.491,11.7918],[75.491,11.7915],[75.4912,11.7915],[75.4912,11.7913],[75.4915,11.7913],[75.4915,11.791],[75.4926,11.791],[75.4926,11.7907],[75.4929,11.7907],[75.4929,11.7904],[75.4938,11.7904],[75.4938,11.7907],[75.494,11.7907],[75.494,11.7918],[75.4938,11.7918],[75.4938,11.7932],[75.494,11.7932],[75.494,11.7937],[75.4943,11.7937],[75.4943,11.794],[75.4946,11.794],[75.4946,11.7943],[75.4951,11.7943],[75.4951,11.7946],[75.496,11.7946],[75.496,11.7949],[75.4962,11.7949],[75.4962,11.7951],[75.4965,11.7951],[75.4965,11.7954],[75.4968,11.7954],[75.4968,11.7951],[75.4976,11.7951],[75.4976,11.7949],[75.4979,11.7949],[75.4979,11.7943],[75.4982,11.7943],[75.4982,11.7937],[75.4987,11.7937],[75.4987,11.7935],[75.4993,11.7935],[75.4993,11.7932],[75.5001,11.7932],[75.5001,11.7935],[75.5004,11.7935],[75.5004,11.7974],[75.5001,11.7974],[75.5001,11.7982],[75.4999,11.7982],[75.4999,11.7985],[75.499,11.7985],[75.499,11.7982],[75.4987,11.7982],[75.4987,11.7979],[75.4985,11.7979],[75.4985,11.7985],[75.4982,11.7985],[75.4982,11.799],[75.4979,11.799],[75.4979,11.7993],[75.4976,11.7993],[75.4976,11.7996],[75.4965,11.7996],[75.4965,11.7993],[75.4962,11.7993],[75.4962,11.799],[75.4957,11.799],[75.4957,11.7988],[75.4951,11.7988],[75.4951,11.7985],[75.4946,11.7985],[75.4946,11.7982],[75.4932,11.7982],[75.4932,11.7979],[75.4926,11.7979],[75.4926,11.7976],[75.4912,11.7976],[75.4912,11.7974],[75.4907,11.7974],[75.4907,11.7971],[75.4904,11.7971],[75.4904,11.7968],[75.4901,11.7968],[75.4901,11.7965],[75.489,11.7965],[75.489,11.7963],[75.4876,11.7963],[75.4876,11.7965],[75.4871,11.7965],[75.4871,11.7968],[75.4868,11.7968],[75.4868,11.7976],[75.4865,11.7976],[75.4865,11.7982],[75.4863,11.7982],[75.4863,11.7985],[75.486,11.7985],[75.486,11.7988],[75.4863,11.7988],[75.4863,11.799],[75.486,11.799],[75.486,11.7993],[75.4857,11.7993],[75.4857,11.799],[75.4854,11.799],[75.4854,11.7988],[75.4832,11.7988],[75.4832,11.7985],[75.4826,11.7985],[75.4826,11.7988],[75.4824,11.7988],[75.4824,11.7993],[75.481,11.7993],[75.481,11.8001],[75.4796,11.8001],[75.4796,11.8004],[75.4779,11.8004],[75.4779,11.8001],[75.4774,11.8001],[75.4774,11.8004],[75.4771,11.8004],[75.4771,11.801],[75.4768,11.801],[75.4768,11.8021],[75.4765,11.8021],[75.4765,11.8024],[75.4757,11.8024],[75.4757,11.8029],[75.4754,11.8029],[75.4754,11.8035],[75.4743,11.8035],[75.4743,11.801],[75.4746,11.801],[75.4746,11.7999],[75.4749,11.7999],[75.4749,11.7996],[75.4754,11.7996],[75.4754,11.7993],[75.4757,11.7993],[75.4757,11.799],[75.4771,11.799],[75.4771,11.7993],[75.4793,11.7993],[75.4793,11.799],[75.4796,11.799],[75.4796,11.7985],[75.4799,11.7985],[75.4799,11.7976],[75.4804,11.7976],[75.4804,11.7968],[75.4807,11.7968],[75.4807,11.7965],[75.4812,11.7965],[75.4812,11.7968],[75.4818,11.7968],[75.4818,11.7971],[75.4824,11.7971],[75.4824,11.7968],[75.4826,11.7968],[75.4826,11.7965],[75.4837,11.7965],[75.4837,11.7963],[75.4843,11.7963],[75.4843,11.796],[75.4846,11.796],[75.4846,11.7957],[75.4849,11.7957],[75.4849,11.7954],[75.4851,11.7954],[75.4851,11.7949],[75.4854,11.7949],[75.4854,11.7946],[75.4857,11.7946],[75.4857,11.7943],[75.486,11.7943],[75.486,11.794],[75.4863,11.794],[75.4863,11.7937],[75.486,11.7937],[75.486,11.7935],[75.4863,11.7935],[75.4863,11.7924],[75.4868,11.7924],[75.4868,11.7918],[75.4865,11.7918],[75.4865,11.7921],[75.4857,11.7921],[75.4857,11.7918],[75.4854,11.7918],[75.4854,11.7915],[75.4849,11.7915],[75.4849,11.791],[75.4843,11.791],[75.4843,11.7913],[75.4846,11.7913],[75.4846,11.7918],[75.4849,11.7918],[75.4849,11.7924],[75.484,11.7924],[75.484,11.7926],[75.4824,11.7926],[75.4824,11.7924],[75.4818,11.7924],[75.4818,11.7913],[75.4812,11.7913],[75.4812,11.7907],[75.4807,11.7907],[75.4807,11.7904],[75.4804,11.7904],[75.4804,11.7901],[75.4799,11.7901],[75.4799,11.7896],[75.4796,11.7896],[75.4796,11.7893],[75.479,11.7893],[75.479,11.7888],[75.4788,11.7888],[75.4788,11.7876],[75.479,11.7876],[75.479,11.7868],[75.4788,11.7868],[75.4788,11.7865],[75.4782,11.7865],[75.4782,11.7857],[75.4779,11.7857],[75.4779,11.7843],[75.4782,11.7843],[75.4782,11.7826],[75.4785,11.7826],[75.4785,11.7824],[75.4788,11.7824],[75.4788,11.7821],[75.4796,11.7821],[75.4796,11.7818],[75.4799,11.7818],[75.4799,11.7804],[75.4801,11.7804],[75.4801,11.7801],[75.4804,11.7801],[75.4804,11.7796],[75.4807,11.7796],[75.4807,11.7793],[75.4804,11.7793],[75.4804,11.779],[75.4801,11.779],[75.4801,11.7785],[75.4796,11.7785],[75.4796,11.7782],[75.4793,11.7782],[75.4793,11.7779],[75.479,11.7779],[75.479,11.7776],[75.4788,11.7776],[75.4788,11.7774],[75.4785,11.7774],[75.4785,11.7771],[75.4782,11.7771],[75.4782,11.7768],[75.4779,11.7768],[75.4779,11.7765],[75.4776,11.7765],[75.4776,11.7763],[75.4774,11.7763],[75.4774,11.776],[75.4768,11.776],[75.4768,11.7757],[75.4765,11.7757],[75.4765,11.7754],[75.4757,11.7754],[75.4757,11.7751],[75.4749,11.7751],[75.4749,11.7749],[75.4737,11.7749],[75.4737,11.7746],[75.4732,11.7746],[75.4732,11.7743],[75.4729,11.7743],[75.4729,11.7735],[75.4726,11.7735],[75.4726,11.7724],[75.4724,11.7724],[75.4724,11.7715],[75.4721,11.7715],[75.4721,11.771],[75.4718,11.771],[75.4718,11.7707],[75.4715,11.7707],[75.4715,11.7701],[75.4713,11.7701],[75.4713,11.7696],[75.471,11.7696],[75.471,11.7682],[75.4707,11.7682],[75.4707,11.7671],[75.4704,11.7671],[75.4704,11.7665],[75.4701,11.7665],[75.4701,11.7657],[75.4696,11.7657],[75.4696,11.7654],[75.4693,11.7654],[75.4693,11.7651],[75.469,11.7651],[75.469,11.7649],[75.4688,11.7649],[75.4688,11.7646],[75.4682,11.7646],[75.4682,11.7643],[75.4679,11.7643],[75.4679,11.7646],[75.4674,11.7646],[75.4674,11.7649],[75.4671,11.7649],[75.4671,11.7651],[75.4668,11.7651],[75.4668,11.7654],[75.4665,11.7654],[75.4665,11.7657],[75.4662,11.7657],[75.4662,11.766],[75.466,11.766],[75.466,11.7663],[75.4649,11.7663],[75.4649,11.766],[75.4643,11.766],[75.4643,11.7657],[75.4635,11.7657],[75.4635,11.7654],[75.4632,11.7654],[75.4632,11.7657],[75.4626,11.7657],[75.4626,11.766],[75.4615,11.766],[75.4615,11.7657],[75.461,11.7657],[75.461,11.7654],[75.4599,11.7654],[75.4599,11.7657],[75.4596,11.7657],[75.4596,11.7668],[75.459,11.7668],[75.459,11.7674],[75.4587,11.7674],[75.4587,11.7676],[75.4582,11.7676],[75.4582,11.7682],[75.4579,11.7682],[75.4578,11.7682],[75.4576,11.7682],[75.4576,11.7685],[75.4574,11.7685],[75.4574,11.7688],[75.4568,11.7688],[75.4568,11.769],[75.4563,11.769],[75.4563,11.7693],[75.4557,11.7693],[75.4557,11.7696],[75.4554,11.7696],[75.4554,11.7699],[75.4549,11.7699],[75.4549,11.7701],[75.4546,11.7701],[75.4546,11.7699],[75.4543,11.7699],[75.4543,11.7701],[75.4538,11.7701],[75.4538,11.7707],[75.4535,11.7707],[75.4535,11.7713],[75.4538,11.7713],[75.4538,11.7715],[75.454,11.7715],[75.454,11.7718],[75.4543,11.7718],[75.4543,11.7732],[75.4546,11.7732],[75.4546,11.7735],[75.4546,11.7743],[75.4543,11.7743],[75.4543,11.7754],[75.4546,11.7754],[75.4546,11.7757],[75.4549,11.7757],[75.4549,11.7763],[75.4551,11.7763],[75.4551,11.7765],[75.4554,11.7765],[75.4554,11.7768],[75.456,11.7768],[75.456,11.7771],[75.4565,11.7771],[75.4565,11.7765],[75.4568,11.7765],[75.4568,11.7763],[75.4576,11.7763],[75.4576,11.776],[75.4582,11.776],[75.4582,11.7763],[75.459,11.7763],[75.459,11.7765],[75.4601,11.7765],[75.4601,11.7768],[75.4604,11.7768],[75.4604,11.7776],[75.4607,11.7776],[75.4607,11.7779],[75.4604,11.7779],[75.4604,11.7782],[75.4607,11.7782],[75.4607,11.7788],[75.461,11.7787],[75.461,11.7793],[75.4613,11.7793],[75.4613,11.7799],[75.4615,11.7799],[75.4615,11.7801],[75.4618,11.7801],[75.4618,11.7807],[75.4621,11.7807],[75.4621,11.7815],[75.4624,11.7815],[75.4624,11.7821],[75.4626,11.7821],[75.4626,11.7832],[75.4629,11.7832],[75.4629,11.7837],[75.4632,11.7837],[75.4632,11.7851],[75.4635,11.7851],[75.4635,11.7863],[75.4632,11.7863],[75.4632,11.7868],[75.4635,11.7868],[75.4635,11.7913],[75.4632,11.7913],[75.4632,11.7932],[75.4629,11.7932],[75.4629,11.7935],[75.4632,11.7935],[75.4632,11.7943],[75.4629,11.7943],[75.4629,11.7957],[75.4632,11.7957],[75.4632,11.7963],[75.4635,11.7963],[75.4635,11.7968],[75.4638,11.7968],[75.4638,11.7971],[75.4635,11.7971],[75.4635,11.799],[75.4632,11.799],[75.4632,11.8001],[75.4629,11.8001],[75.4629,11.8004],[75.4626,11.8004],[75.4626,11.8007],[75.4624,11.8007],[75.4624,11.801],[75.4621,11.801],[75.4621,11.8015],[75.4618,11.8015],[75.4618,11.8021],[75.4615,11.8021],[75.4615,11.8026],[75.4613,11.8026],[75.4613,11.8035],[75.461,11.8035],[75.461,11.804],[75.4604,11.804],[75.4604,11.8057],[75.4601,11.8057],[75.4601,11.8058],[75.4601,11.8074],[75.4587,11.8074],[75.4587,11.806],[75.4585,11.806],[75.4585,11.8046],[75.4587,11.8046],[75.4587,11.8038],[75.459,11.8038],[75.459,11.8029],[75.4592,11.8029],[75.4593,11.8026],[75.4601,11.8026],[75.4601,11.8024],[75.4604,11.8024],[75.4604,11.8018],[75.4607,11.8018],[75.4607,11.801],[75.461,11.801],[75.461,11.8004],[75.4612,11.8004],[75.4612,11.7993],[75.461,11.7993],[75.461,11.7988],[75.4612,11.7988],[75.4612,11.7985],[75.4621,11.7985],[75.4621,11.7982],[75.4618,11.7982],[75.4618,11.7979],[75.4621,11.7979],[75.4621,11.7965],[75.4618,11.7965],[75.4618,11.7959],[75.4618,11.7954],[75.4615,11.7954],[75.4615,11.7937],[75.4618,11.7937],[75.4618,11.7935],[75.4615,11.7935],[75.4615,11.7926],[75.4612,11.7926],[75.4612,11.7924],[75.4615,11.7924],[75.4615,11.7921],[75.4613,11.7921],[75.4613,11.7913],[75.461,11.7913],[75.461,11.7876],[75.4612,11.7876],[75.4612,11.7846],[75.461,11.7846],[75.461,11.784],[75.4607,11.784],[75.4607,11.7835],[75.4604,11.7835],[75.4604,11.7829],[75.4607,11.7829],[75.4607,11.7826],[75.4604,11.7826],[75.4604,11.7821],[75.4601,11.7821],[75.4601,11.7796],[75.4599,11.7796],[75.4599,11.779],[75.4596,11.779],[75.4596,11.7785],[75.4593,11.7785],[75.4593,11.7782],[75.4574,11.7782],[75.4574,11.7785],[75.4565,11.7785],[75.4565,11.7788],[75.4563,11.7787],[75.4563,11.779],[75.4554,11.779],[75.4554,11.7787],[75.4551,11.7788],[75.4551,11.7785],[75.4549,11.7785],[75.4549,11.7788],[75.4546,11.7788],[75.4546,11.7785],[75.454,11.7785],[75.454,11.7788],[75.4535,11.7787],[75.4535,11.779],[75.4532,11.779],[75.4532,11.7793],[75.4526,11.7793],[75.4526,11.7796],[75.4521,11.7796],[75.4521,11.7799],[75.4515,11.7799],[75.4515,11.7801],[75.4507,11.7801],[75.4507,11.7804],[75.4501,11.7804],[75.4501,11.7807],[75.4496,11.7807],[75.4496,11.781],[75.4485,11.781],[75.4485,11.7813],[75.4482,11.7813],[75.4482,11.7815],[75.4476,11.7815],[75.4476,11.7818],[75.4474,11.7818],[75.4474,11.7835],[75.4476,11.7835],[75.4476,11.7854],[75.4479,11.7854],[75.4479,11.7865],[75.4476,11.7865],[75.4476,11.7876],[75.4474,11.7876],[75.4474,11.7882],[75.4471,11.7882],[75.4471,11.7888],[75.4468,11.7888],[75.4468,11.789],[75.4465,11.789],[75.4465,11.7901],[75.4463,11.7901],[75.4463,11.7907],[75.446,11.7907],[75.446,11.7913],[75.4454,11.7913],[75.4454,11.7915],[75.4451,11.7915],[75.4451,11.7918],[75.4449,11.7918],[75.4449,11.7924],[75.4446,11.7924],[75.4446,11.7929],[75.4443,11.7929],[75.4443,11.7932],[75.4437,11.7932],[75.4437,11.7937],[75.4435,11.7937],[75.4435,11.7946],[75.4432,11.7946],[75.4432,11.7951],[75.4429,11.7951],[75.4429,11.796],[75.4426,11.796],[75.4426,11.7965],[75.4424,11.7965],[75.4424,11.7974],[75.4415,11.7974],[75.4415,11.7976],[75.4407,11.7976],[75.4407,11.7982],[75.4404,11.7982],[75.4404,11.7988],[75.4401,11.7988],[75.4401,11.799],[75.4399,11.799],[75.4399,11.7996],[75.4396,11.7996],[75.4396,11.8007],[75.439,11.8007],[75.439,11.801],[75.4388,11.801],[75.4388,11.8015],[75.4385,11.8015],[75.4385,11.8018],[75.4379,11.8018],[75.4379,11.8024],[75.4376,11.8024],[75.4376,11.8029],[75.4371,11.8029],[75.4371,11.8038],[75.4368,11.8038],[75.4368,11.804],[75.4365,11.804],[75.4365,11.8046],[75.436,11.8046],[75.436,11.8051],[75.4357,11.8051],[75.4357,11.8054],[75.4354,11.8054],[75.4354,11.806],[75.4351,11.806],[75.4351,11.8062],[75.4349,11.8062],[75.4349,11.8065],[75.4346,11.8065],[75.4346,11.8068],[75.434,11.8068],[75.434,11.8071],[75.4337,11.8071],[75.4337,11.8074],[75.4329,11.8074],[75.4329,11.8076],[75.4326,11.8076],[75.4326,11.8079],[75.4321,11.8079],[75.4321,11.8076],[75.4318,11.8076],[75.4318,11.8074],[75.4315,11.8074],[75.4315,11.8068],[75.4296,11.8068],[75.4296,11.8071],[75.4293,11.8071],[75.4293,11.8074],[75.429,11.8074],[75.429,11.8076],[75.4287,11.8076],[75.4287,11.8082],[75.4285,11.8082],[75.4285,11.8088],[75.4282,11.8088],[75.4282,11.809],[75.4276,11.809],[75.4276,11.8093],[75.4274,11.8093],[75.4274,11.8096],[75.4271,11.8096],[75.4271,11.8101],[75.4265,11.8101],[75.4265,11.8104],[75.4257,11.8104],[75.4257,11.8112],[75.4254,11.8112],[75.4254,11.8118],[75.4249,11.8118],[75.4249,11.8121],[75.424,11.8121],[75.424,11.8124],[75.4238,11.8124],[75.4238,11.8126],[75.4235,11.8126],[75.4235,11.8129],[75.4238,11.8129],[75.4238,11.8143],[75.4235,11.8143],[75.4235,11.8146],[75.4232,11.8146],[75.4232,11.8149],[75.4229,11.8149],[75.4229,11.8151],[75.4226,11.8151],[75.4226,11.8163],[75.4224,11.8163],[75.4224,11.8165],[75.4218,11.8165],[75.4218,11.8168],[75.4215,11.8168],[75.4215,11.8174],[75.4212,11.8174],[75.4212,11.8176],[75.421,11.8176],[75.421,11.8179],[75.4207,11.8179],[75.4207,11.8182],[75.4204,11.8182],[75.4204,11.8185],[75.4201,11.8185],[75.4201,11.819],[75.4196,11.819],[75.4196,11.8193],[75.419,11.8193],[75.419,11.8196],[75.4185,11.8196],[75.4185,11.8201],[75.4182,11.8201],[75.4182,11.8207],[75.4179,11.8207],[75.4179,11.8218],[75.4176,11.8218],[75.4176,11.8224],[75.4174,11.8224],[75.4174,11.8229],[75.4171,11.8229],[75.4171,11.8232],[75.4165,11.8232],[75.4165,11.8238],[75.4163,11.8238],[75.4163,11.8243],[75.416,11.8243],[75.416,11.8246],[75.4157,11.8246],[75.4157,11.8251],[75.4151,11.8251],[75.4151,11.8254],[75.4149,11.8254],[75.4149,11.826],[75.4146,11.826],[75.4146,11.8265],[75.414,11.8265],[75.414,11.8268],[75.4137,11.8268],[75.4137,11.8274],[75.4132,11.8274],[75.4132,11.8276],[75.4129,11.8276],[75.4129,11.8282],[75.4126,11.8282],[75.4126,11.8287],[75.4124,11.8287],[75.4124,11.829],[75.4121,11.829],[75.4121,11.8293],[75.4118,11.8293],[75.4118,11.8296],[75.4115,11.8296],[75.4115,11.8299],[75.4112,11.8299],[75.4112,11.8301],[75.411,11.8301],[75.411,11.8304],[75.4107,11.8304],[75.4107,11.8307],[75.4104,11.8307],[75.4104,11.831],[75.4101,11.831],[75.4101,11.8313],[75.4099,11.8313],[75.4099,11.8315],[75.4096,11.8315],[75.4096,11.8318],[75.409,11.8318],[75.409,11.8321],[75.4088,11.8321],[75.4088,11.8324],[75.4085,11.8324],[75.4085,11.8326],[75.4079,11.8326],[75.4079,11.8335],[75.4076,11.8335],[75.4076,11.834],[75.4074,11.834],[75.4074,11.8349],[75.4068,11.8349],[75.4068,11.8354],[75.4065,11.8354],[75.4065,11.836],[75.4063,11.836],[75.4063,11.8363],[75.4057,11.8363],[75.4057,11.8365],[75.4054,11.8365],[75.4054,11.8368],[75.4051,11.8368],[75.4051,11.8382],[75.4035,11.8382],[75.4035,11.8379],[75.4032,11.8379],[75.4032,11.8382],[75.4029,11.8382],[75.4029,11.8385],[75.4026,11.8385],[75.4026,11.8388],[75.4024,11.8388],[75.4024,11.839],[75.4021,11.839],[75.4021,11.8393],[75.4015,11.8393],[75.4015,11.8396],[75.4013,11.8396],[75.4013,11.8399],[75.401,11.8399],[75.401,11.8401],[75.4007,11.8401],[75.4007,11.8404],[75.4004,11.8404],[75.4004,11.8407],[75.3988,11.8407],[75.3988,11.841],[75.3985,11.841],[75.3985,11.8413],[75.3982,11.8413],[75.3982,11.8415],[75.3976,11.8415],[75.3976,11.8418],[75.3974,11.8418],[75.3974,11.8424],[75.3971,11.8424],[75.3971,11.8426],[75.3965,11.8426],[75.3965,11.8438],[75.3962,11.8438],[75.3962,11.8443],[75.396,11.8443],[75.396,11.8449],[75.3957,11.8449],[75.3957,11.8451],[75.3954,11.8451],[75.3954,11.8457],[75.3951,11.8457],[75.3951,11.846],[75.3946,11.846],[75.3946,11.8465],[75.3943,11.8465],[75.3943,11.8468],[75.394,11.8468],[75.394,11.8474],[75.3938,11.8474],[75.3938,11.8479],[75.3935,11.8479],[75.3935,11.8485],[75.3932,11.8485],[75.3932,11.8488],[75.3929,11.8488],[75.3929,11.849],[75.3926,11.849],[75.3926,11.8493],[75.3915,11.8493],[75.3915,11.8496],[75.3913,11.8496],[75.3913,11.8499],[75.391,11.8499],[75.391,11.8501],[75.3907,11.8501],[75.3907,11.8507],[75.3904,11.8507],[75.3904,11.851],[75.3901,11.851],[75.3901,11.8513],[75.3899,11.8513],[75.3899,11.8515],[75.3896,11.8515],[75.3896,11.8518],[75.3893,11.8518],[75.3893,11.8521],[75.389,11.8521],[75.389,11.8524],[75.3885,11.8524],[75.3885,11.8526],[75.3882,11.8526],[75.3882,11.8529],[75.3879,11.8529],[75.3879,11.8532],[75.3876,11.8532],[75.3876,11.8535],[75.3871,11.8535],[75.3871,11.8537],[75.3868,11.8537],[75.3868,11.854],[75.3865,11.854],[75.3865,11.8543],[75.3863,11.8543],[75.3863,11.8546],[75.3857,11.8546],[75.3857,11.8549],[75.3854,11.8549],[75.3854,11.8551],[75.3851,11.8551],[75.3851,11.8554],[75.3849,11.8554],[75.3849,11.8557],[75.3846,11.8557],[75.3846,11.856],[75.3843,11.856],[75.3843,11.8562],[75.384,11.8562],[75.384,11.8565],[75.3838,11.8565],[75.3838,11.8568],[75.3832,11.8568],[75.3832,11.8571],[75.3826,11.8571],[75.3826,11.8574],[75.3824,11.8574],[75.3824,11.8576],[75.3818,11.8576],[75.3818,11.8579],[75.381,11.8579],[75.381,11.8582],[75.3804,11.8582],[75.3804,11.8585],[75.3799,11.8585],[75.3799,11.8588],[75.3793,11.8588],[75.3793,11.859],[75.379,11.859],[75.379,11.8588],[75.3776,11.8588],[75.3776,11.8585],[75.3765,11.8585],[75.3765,11.8582],[75.3763,11.8582],[75.3763,11.8579],[75.3746,11.8579],[75.3746,11.8574],[75.3743,11.8574],[75.3743,11.8568],[75.3735,11.8568],[75.3735,11.8565],[75.3732,11.8565],[75.3732,11.8562],[75.3729,11.8562],[75.3729,11.856],[75.3726,11.856],[75.3726,11.8551],[75.3729,11.8551],[75.3729,11.8543],[75.3732,11.8543],[75.3732,11.854],[75.3735,11.854],[75.3735,11.8537],[75.374,11.8537],[75.374,11.8535],[75.3743,11.8535],[75.3743,11.8532],[75.3746,11.8532],[75.3746,11.8529],[75.3743,11.8529],[75.3743,11.8526],[75.374,11.8526],[75.374,11.8524],[75.3732,11.8524],[75.3732,11.8526],[75.3726,11.8526],[75.3726,11.8529],[75.3721,11.8529],[75.3721,11.8532],[75.3718,11.8532],[75.3718,11.8529],[75.371,11.8529],[75.371,11.8532],[75.3707,11.8532],[75.3707,11.8529],[75.3701,11.8529],[75.3701,11.8526],[75.3697,11.8526],[75.3693,11.8526],[75.3693,11.8524],[75.3688,11.8524],[75.3688,11.8521],[75.3682,11.8521],[75.3682,11.8518],[75.3676,11.8518],[75.3676,11.8513],[75.3668,11.8513],[75.3668,11.8518],[75.3665,11.8518],[75.3665,11.8521],[75.3662,11.8521],[75.3662,11.8524],[75.366,11.8524],[75.366,11.8526],[75.3657,11.8526],[75.3657,11.8524],[75.3649,11.8524],[75.3649,11.8529],[75.3646,11.8529],[75.3646,11.8532],[75.3643,11.8532],[75.3643,11.8535],[75.364,11.8535],[75.364,11.8537],[75.3637,11.8537],[75.3637,11.8549],[75.3635,11.8549],[75.3635,11.8554],[75.3632,11.8554],[75.3632,11.8557],[75.3635,11.8557],[75.3635,11.8562],[75.3632,11.8562],[75.3632,11.8565],[75.3629,11.8565],[75.3629,11.8568],[75.3624,11.8568],[75.3624,11.8565],[75.3615,11.8565],[75.3615,11.8568],[75.361,11.8568],[75.361,11.8574],[75.3607,11.8574],[75.3607,11.8579],[75.3604,11.8579],[75.3604,11.8582],[75.3601,11.8582],[75.3601,11.8585],[75.3599,11.8585],[75.3599,11.8588],[75.3596,11.8588],[75.3596,11.859],[75.3587,11.859],[75.3587,11.8593],[75.3582,11.8593],[75.3582,11.8596],[75.3554,11.8596],[75.3554,11.8599],[75.3551,11.8599],[75.3551,11.8624],[75.3549,11.8624],[75.3549,11.8635],[75.3546,11.8635],[75.3546,11.8643],[75.3543,11.8643],[75.3543,11.8649],[75.354,11.8649],[75.354,11.8654],[75.3538,11.8654],[75.3538,11.866],[75.3535,11.866],[75.3535,11.8663],[75.3529,11.8663],[75.3529,11.8668],[75.3526,11.8668],[75.3526,11.8671],[75.3524,11.8671],[75.3524,11.8679],[75.3526,11.8679],[75.3526,11.8682],[75.3529,11.8682],[75.3529,11.8696],[75.3526,11.8696],[75.3526,11.8699],[75.3524,11.8699],[75.3524,11.8701],[75.3521,11.8701],[75.3521,11.8713],[75.3515,11.8713],[75.3515,11.8715],[75.3512,11.8715],[75.3512,11.8718],[75.351,11.8718],[75.351,11.8724],[75.3507,11.8724],[75.3507,11.8726],[75.3504,11.8726],[75.3504,11.8732],[75.3501,11.8732],[75.3501,11.8738],[75.3496,11.8738],[75.3496,11.874],[75.3493,11.874],[75.3493,11.8746],[75.349,11.8746],[75.349,11.8751],[75.3487,11.8751],[75.3487,11.8754],[75.3485,11.8754],[75.3485,11.876],[75.3482,11.876],[75.3482,11.8763],[75.3476,11.8763],[75.3476,11.8765],[75.3474,11.8765],[75.3474,11.8768],[75.3471,11.8768],[75.3471,11.8774],[75.3468,11.8774],[75.3468,11.8776],[75.3463,11.8776],[75.3463,11.8782],[75.346,11.8782],[75.346,11.8787],[75.3457,11.8787],[75.3457,11.8793],[75.3454,11.8793],[75.3454,11.8796],[75.3451,11.8796],[75.3451,11.8801],[75.3446,11.8801],[75.3446,11.8804],[75.3443,11.8804],[75.3443,11.881],[75.344,11.881],[75.344,11.8815],[75.3438,11.8815],[75.3438,11.8818],[75.3435,11.8818],[75.3435,11.8821],[75.3432,11.8821],[75.3432,11.8824],[75.3429,11.8824],[75.3429,11.8829],[75.3426,11.8829],[75.3426,11.8832],[75.3424,11.8832],[75.3424,11.8835],[75.3421,11.8835],[75.3421,11.8838],[75.3415,11.8838],[75.3415,11.884],[75.3412,11.884],[75.3412,11.8846],[75.341,11.8846],[75.341,11.8851],[75.3407,11.8851],[75.3407,11.8854],[75.3404,11.8854],[75.3404,11.8857],[75.3407,11.8857],[75.3407,11.886],[75.3401,11.886],[75.3401,11.8865],[75.3396,11.8865],[75.3396,11.8868],[75.3393,11.8868],[75.3393,11.8874],[75.339,11.8874],[75.339,11.8876],[75.3388,11.8876],[75.3388,11.8882],[75.3382,11.8882],[75.3382,11.8885],[75.3379,11.8885],[75.3379,11.889],[75.3376,11.889],[75.3376,11.8893],[75.3374,11.8893],[75.3374,11.8896],[75.3371,11.8896],[75.3371,11.8901],[75.3368,11.8901],[75.3368,11.8904],[75.3365,11.8904],[75.3365,11.8907],[75.3363,11.8907],[75.3363,11.891],[75.336,11.891],[75.336,11.8912],[75.3357,11.8912],[75.3357,11.8921],[75.3354,11.8921],[75.3354,11.8924],[75.3351,11.8924],[75.3351,11.8926],[75.3349,11.8926],[75.3349,11.8932],[75.3343,11.8932],[75.3343,11.8938],[75.334,11.8938],[75.334,11.894],[75.3335,11.894],[75.3335,11.8946],[75.3332,11.8946],[75.3332,11.8951],[75.3329,11.8951],[75.3329,11.8954],[75.3324,11.8954],[75.3324,11.8963],[75.3321,11.8963],[75.3321,11.8965],[75.3318,11.8965],[75.3318,11.8968],[75.3315,11.8968],[75.3315,11.8974],[75.3313,11.8974],[75.3313,11.8976],[75.331,11.8976],[75.331,11.8979],[75.3307,11.8979],[75.3307,11.8982],[75.3304,11.8982],[75.3304,11.8985],[75.3301,11.8985],[75.3301,11.8988],[75.3293,11.8988],[75.3293,11.899],[75.329,11.899],[75.329,11.8993],[75.3288,11.8993],[75.3288,11.8999],[75.3282,11.8999],[75.3282,11.9001],[75.3276,11.9001],[75.3276,11.9007],[75.3271,11.9007],[75.3271,11.9013],[75.3268,11.9013],[75.3268,11.9015],[75.3262,11.9015],[75.3262,11.9021],[75.326,11.9021],[75.326,11.9024],[75.3257,11.9024],[75.3257,11.9029],[75.3254,11.9029],[75.3254,11.9032],[75.3251,11.9032],[75.3251,11.9035],[75.3249,11.9035],[75.3249,11.9038],[75.3229,11.9038],[75.3229,11.904],[75.3224,11.904],[75.3224,11.9043],[75.3218,11.9043],[75.3218,11.9046],[75.3207,11.9046],[75.3207,11.9049],[75.3204,11.9049],[75.3204,11.9051],[75.3199,11.9051],[75.3199,11.9049],[75.3196,11.9049],[75.319,11.9049],[75.319,11.9051],[75.3185,11.9051],[75.3185,11.9054],[75.3182,11.9054],[75.3182,11.906],[75.3185,11.906],[75.3185,11.9065],[75.3185,11.9068],[75.3184,11.9068],[75.3182,11.9068],[75.3182,11.9073],[75.3182,11.9076],[75.3181,11.9076],[75.3179,11.9076],[75.3179,11.9081],[75.3179,11.9085],[75.3185,11.9085],[75.3185,11.9087],[75.3187,11.9087],[75.3187,11.9093],[75.319,11.9093],[75.319,11.9099],[75.3193,11.9099],[75.3193,11.9101],[75.3196,11.9101],[75.3196,11.9107],[75.3199,11.9107],[75.3199,11.9113],[75.3201,11.9113],[75.3201,11.9115],[75.3199,11.9115],[75.3199,11.9132],[75.3196,11.9132],[75.3196,11.914],[75.3193,11.914],[75.3193,11.9146],[75.319,11.9146],[75.319,11.9151],[75.3187,11.9151],[75.3187,11.916],[75.3185,11.916],[75.3185,11.9163],[75.3182,11.9163],[75.3182,11.9168],[75.3179,11.9168],[75.3179,11.9174],[75.3176,11.9174],[75.3176,11.9176],[75.3174,11.9176],[75.3174,11.9182],[75.3171,11.9182],[75.3171,11.9188],[75.3168,11.9188],[75.3168,11.919],[75.3165,11.919],[75.3165,11.9193],[75.3163,11.9193],[75.3163,11.9196],[75.316,11.9196],[75.316,11.9199],[75.3157,11.9199],[75.3157,11.9204],[75.3154,11.9204],[75.3154,11.9207],[75.3151,11.9207],[75.3151,11.921],[75.3149,11.921],[75.3149,11.9215],[75.3146,11.9215],[75.3146,11.9218],[75.3143,11.9218],[75.3143,11.9221],[75.314,11.9221],[75.314,11.9224],[75.3137,11.9224],[75.3137,11.9232],[75.3135,11.9232],[75.3135,11.9235],[75.3132,11.9235],[75.3132,11.9238],[75.3129,11.9238],[75.3129,11.9243],[75.3126,11.9243],[75.3126,11.9246],[75.3124,11.9246],[75.3124,11.9249],[75.3121,11.9249],[75.3121,11.9251],[75.3118,11.9251],[75.3118,11.9254],[75.3115,11.9254],[75.3115,11.926],[75.3112,11.926],[75.3112,11.9263],[75.311,11.9263],[75.311,11.9268],[75.3107,11.9268],[75.3107,11.9274],[75.3104,11.9274],[75.3104,11.9276],[75.3101,11.9276],[75.3101,11.9279],[75.3099,11.9279],[75.3099,11.9285],[75.3096,11.9285],[75.3096,11.9288],[75.3093,11.9288],[75.3093,11.929],[75.309,11.929],[75.309,11.9296],[75.3087,11.9296],[75.3087,11.9301],[75.3085,11.9301],[75.3085,11.9304],[75.3082,11.9304],[75.3082,11.9307],[75.3079,11.9307],[75.3079,11.931],[75.3076,11.931],[75.3076,11.9315],[75.3074,11.9315],[75.3074,11.9321],[75.3072,11.9321],[75.3071,11.9321],[75.3071,11.9325],[75.3071,11.9326],[75.3068,11.9326],[75.3068,11.9328],[75.3068,11.9332],[75.3065,11.9332],[75.3065,11.9337],[75.3064,11.9337],[75.3063,11.9337],[75.3063,11.9343],[75.306,11.9343],[75.306,11.9349],[75.3057,11.9349],[75.3057,11.9351],[75.3054,11.9351],[75.3054,11.9354],[75.3051,11.9354],[75.3051,11.9357],[75.3049,11.9357],[75.3049,11.936],[75.3046,11.936],[75.3046,11.9365],[75.3043,11.9365],[75.3043,11.9368],[75.304,11.9368],[75.304,11.9371],[75.3035,11.9371],[75.3035,11.9374],[75.3032,11.9374],[75.3032,11.9376],[75.3029,11.9376],[75.3029,11.9379],[75.3026,11.9379],[75.3026,11.9388],[75.3024,11.9388],[75.3024,11.939],[75.3018,11.939],[75.3018,11.9393],[75.3015,11.9393],[75.3015,11.9396],[75.301,11.9396],[75.301,11.9399],[75.3007,11.9399],[75.3007,11.9407],[75.3004,11.9407],[75.3004,11.9412],[75.3001,11.9412],[75.3001,11.9415],[75.2999,11.9415],[75.2999,11.9426],[75.2993,11.9426],[75.2993,11.9429],[75.299,11.9429],[75.299,11.9435],[75.2987,11.9435],[75.2987,11.9438],[75.2993,11.9438],[75.2993,11.944],[75.2999,11.944],[75.2999,11.9443],[75.3007,11.9443],[75.3007,11.9446],[75.3012,11.9446],[75.3012,11.9451],[75.3018,11.9451],[75.3018,11.9454],[75.3021,11.9454],[75.3021,11.946],[75.3024,11.946],[75.3024,11.9462],[75.3029,11.9462],[75.3029,11.9468],[75.3032,11.9468],[75.3032,11.9471],[75.3054,11.9471],[75.3054,11.9468],[75.306,11.9468],[75.306,11.9465],[75.3065,11.9465],[75.3065,11.9462],[75.3074,11.9462],[75.3074,11.946],[75.309,11.946],[75.309,11.9457],[75.3096,11.9457],[75.3096,11.9454],[75.3104,11.9454],[75.3104,11.9451],[75.311,11.9451],[75.311,11.9449],[75.3115,11.9449],[75.3115,11.9446],[75.3121,11.9446],[75.3121,11.9443],[75.3129,11.9443],[75.3129,11.944],[75.3135,11.944],[75.3135,11.9438],[75.314,11.9438],[75.314,11.9435],[75.3146,11.9435],[75.3146,11.9432],[75.3149,11.9432],[75.3149,11.9429],[75.3154,11.9429],[75.3154,11.9426],[75.316,11.9426],[75.316,11.9424],[75.3165,11.9424],[75.3165,11.9421],[75.3171,11.9421],[75.3171,11.9418],[75.3176,11.9418],[75.3176,11.9415],[75.3182,11.9415],[75.3182,11.9412],[75.319,11.9412],[75.319,11.941],[75.3196,11.941],[75.3196,11.9407],[75.3204,11.9407],[75.3204,11.9404],[75.321,11.9404],[75.321,11.9401],[75.3218,11.9401],[75.3218,11.9399],[75.3224,11.9399],[75.3224,11.9396],[75.3229,11.9396],[75.3229,11.9393],[75.3235,11.9393],[75.3235,11.939],[75.324,11.939],[75.324,11.9388],[75.3246,11.9388],[75.3246,11.9385],[75.3251,11.9385],[75.3251,11.9382],[75.326,11.9382],[75.326,11.9379],[75.3265,11.9379],[75.3265,11.9376],[75.3271,11.9376],[75.3271,11.9374],[75.3276,11.9374],[75.3276,11.9371],[75.3282,11.9371],[75.3282,11.9368],[75.3288,11.9368],[75.3288,11.9365],[75.3293,11.9365],[75.3293,11.9362],[75.3301,11.9362],[75.3301,11.936],[75.3315,11.936],[75.3315,11.9357],[75.3324,11.9357],[75.3324,11.9354],[75.3329,11.9354],[75.3329,11.9351],[75.3335,11.9351],[75.3335,11.9349],[75.334,11.9349],[75.334,11.9346],[75.3343,11.9346],[75.3343,11.9343],[75.3349,11.9343],[75.3349,11.934],[75.3354,11.934],[75.3354,11.9337],[75.3363,11.9337],[75.3363,11.9335],[75.3368,11.9335],[75.3368,11.9329],[75.3374,11.9329],[75.3374,11.9326],[75.3376,11.9326],[75.3376,11.9324],[75.3388,11.9324],[75.3388,11.9321],[75.3399,11.9321],[75.3399,11.9318],[75.3415,11.9318],[75.3415,11.9315],[75.3436,11.9315],[75.3451,11.9315],[75.3451,11.9318],[75.3457,11.9318],[75.3457,11.9321],[75.346,11.9321],[75.346,11.9318],[75.3463,11.9318],[75.3463,11.9315],[75.3468,11.9315],[75.3468,11.9313],[75.3471,11.9313],[75.3471,11.9307],[75.3474,11.9307],[75.3474,11.9301],[75.3479,11.9301],[75.3479,11.9304],[75.3501,11.9304],[75.3501,11.9307],[75.3512,11.9307],[75.3512,11.931],[75.3521,11.931],[75.3521,11.9313],[75.3526,11.9313],[75.3526,11.9315],[75.3529,11.9315],[75.3529,11.9313],[75.3535,11.9313],[75.3535,11.931],[75.3538,11.931],[75.3538,11.9307],[75.3543,11.9307],[75.3543,11.9301],[75.3549,11.9301],[75.3549,11.9299],[75.3551,11.9299],[75.3551,11.9293],[75.3557,11.9293],[75.3557,11.929],[75.3562,11.929],[75.3562,11.9288],[75.3565,11.9288],[75.3565,11.9285],[75.3587,11.9285],[75.3587,11.9288],[75.3593,11.9288],[75.3593,11.929],[75.3596,11.929],[75.3596,11.9288],[75.3599,11.9288],[75.3599,11.929],[75.3604,11.929],[75.3604,11.9293],[75.3615,11.9293],[75.3615,11.9296],[75.3624,11.9296],[75.3624,11.9299],[75.3626,11.9299],[75.3626,11.9301],[75.3635,11.9301],[75.3635,11.9304],[75.364,11.9304],[75.364,11.931],[75.3643,11.931],[75.3643,11.9315],[75.3649,11.9315],[75.3649,11.9321],[75.3651,11.9321],[75.3651,11.9324],[75.3654,11.9324],[75.3654,11.9335],[75.3657,11.9335],[75.3657,11.9337],[75.366,11.9337],[75.366,11.9343],[75.3662,11.9343],[75.3662,11.9351],[75.3665,11.9351],[75.3665,11.9357],[75.3671,11.9357],[75.3671,11.936],[75.3676,11.936],[75.3676,11.9362],[75.3679,11.9362],[75.3679,11.9365],[75.3682,11.9365],[75.3682,11.9368],[75.3685,11.9368],[75.3685,11.9379],[75.3688,11.9379],[75.3688,11.9382],[75.3693,11.9382],[75.3693,11.9385],[75.3699,11.9385],[75.3699,11.9388],[75.3701,11.9388],[75.3701,11.939],[75.3704,11.939],[75.3704,11.9393],[75.3715,11.9393],[75.3715,11.9396],[75.3721,11.9396],[75.3721,11.9393],[75.3726,11.9393],[75.3726,11.939],[75.3737,11.939],[75.3737,11.9388],[75.374,11.9388],[75.374,11.9385],[75.3746,11.9385],[75.3746,11.9382],[75.3749,11.9382],[75.3749,11.9379],[75.3751,11.9379],[75.3751,11.9374],[75.3754,11.9374],[75.3754,11.9362],[75.3751,11.9362],[75.3751,11.9357],[75.3757,11.9357],[75.3757,11.9346],[75.376,11.9346],[75.376,11.9329],[75.3763,11.9329],[75.3763,11.9313],[75.3765,11.9313],[75.3765,11.9307],[75.3768,11.9307],[75.3768,11.9299],[75.3771,11.9299],[75.3771,11.929],[75.3774,11.929],[75.3774,11.9282],[75.3776,11.9282],[75.3776,11.9274],[75.3782,11.9274],[75.3782,11.9268],[75.3785,11.9268],[75.3785,11.9265],[75.3796,11.9265],[75.3796,11.9263],[75.3815,11.9263],[75.3815,11.9265],[75.3826,11.9265],[75.3826,11.9268],[75.3832,11.9268],[75.3832,11.9265],[75.384,11.9265],[75.384,11.9263],[75.3843,11.9263],[75.3843,11.926],[75.3849,11.926],[75.3849,11.9257],[75.3854,11.9257],[75.3854,11.9249],[75.3851,11.9249],[75.3851,11.9238],[75.3849,11.9238],[75.3849,11.9226],[75.3846,11.9226],[75.3846,11.9218],[75.3843,11.9218],[75.3843,11.9213],[75.3846,11.9213],[75.3846,11.921],[75.3843,11.921],[75.3843,11.9207],[75.3846,11.9207],[75.3846,11.9182],[75.3849,11.9182],[75.3849,11.9176],[75.3851,11.9176],[75.3851,11.9165],[75.3863,11.9165],[75.3863,11.9163],[75.3865,11.9163],[75.3865,11.916],[75.3871,11.916],[75.3871,11.9157],[75.3876,11.9157],[75.3876,11.9154],[75.3879,11.9154],[75.3879,11.9149],[75.3885,11.9149],[75.3885,11.9146],[75.3893,11.9146],[75.3893,11.9149],[75.3896,11.9149],[75.3896,11.9146],[75.3901,11.9146],[75.3901,11.9149],[75.3913,11.9149],[75.3913,11.9151],[75.3921,11.9151],[75.3921,11.9154],[75.3932,11.9154],[75.3932,11.9157],[75.3938,11.9157],[75.3938,11.9163],[75.3943,11.9163],[75.3943,11.9165],[75.3951,11.9165],[75.3951,11.9168],[75.3957,11.9168],[75.3957,11.9165],[75.3962,11.9165],[75.3962,11.9163],[75.3968,11.9163],[75.3968,11.916],[75.3976,11.916],[75.3976,11.9157],[75.3982,11.9157],[75.3982,11.9154],[75.3993,11.9154],[75.3993,11.916],[75.3996,11.916],[75.3996,11.9165],[75.3999,11.9165],[75.3999,11.9171],[75.4001,11.9171],[75.4001,11.9176],[75.3999,11.9176],[75.3999,11.9182],[75.3996,11.9182],[75.3996,11.9188],[75.3993,11.9188],[75.3993,11.9193],[75.399,11.9193],[75.399,11.9196],[75.3985,11.9196],[75.3985,11.9193],[75.3976,11.9193],[75.3976,11.919],[75.3971,11.919],[75.3971,11.9188],[75.3965,11.9188],[75.3965,11.919],[75.3949,11.919],[75.3949,11.9193],[75.3946,11.9193],[75.3946,11.9196],[75.3926,11.9196],[75.3926,11.9193],[75.3921,11.9193],[75.3921,11.9188],[75.3915,11.9188],[75.3915,11.9185],[75.391,11.9185],[75.391,11.9182],[75.3901,11.9182],[75.3901,11.9179],[75.3899,11.9179],[75.3899,11.9176],[75.3896,11.9176],[75.3896,11.9179],[75.3893,11.9179],[75.3893,11.919],[75.3896,11.919],[75.3896,11.9199],[75.3899,11.9199],[75.3899,11.921],[75.3901,11.921],[75.3901,11.9229],[75.3904,11.9229],[75.3904,11.9235],[75.3907,11.9235],[75.3907,11.9238],[75.391,11.9238],[75.391,11.9243],[75.3913,11.9243],[75.3913,11.9246],[75.391,11.9246],[75.391,11.9249],[75.3913,11.9249],[75.3913,11.9254],[75.391,11.9254],[75.391,11.926],[75.3907,11.926],[75.3907,11.9268],[75.3904,11.9268],[75.3904,11.9274],[75.3901,11.9274],[75.3901,11.9279],[75.3899,11.9279],[75.3899,11.9288],[75.3896,11.9288],[75.3896,11.929],[75.389,11.929],[75.389,11.9296],[75.3887,11.9296],[75.3887,11.9299],[75.3882,11.9299],[75.3882,11.9301],[75.3876,11.9301],[75.3876,11.9304],[75.3865,11.9304],[75.3865,11.9307],[75.3863,11.9307],[75.3863,11.931],[75.386,11.931],[75.386,11.9313],[75.3849,11.9313],[75.3849,11.9315],[75.3846,11.9315],[75.3846,11.9313],[75.3838,11.9313],[75.3838,11.931],[75.3832,11.931],[75.3832,11.9307],[75.3826,11.9307],[75.3826,11.9304],[75.3818,11.9304],[75.3818,11.9301],[75.3812,11.9301],[75.3812,11.9299],[75.3801,11.9299],[75.3801,11.9301],[75.3788,11.9301],[75.3788,11.9307],[75.3785,11.9307],[75.3785,11.9324],[75.3788,11.9324],[75.3788,11.9349],[75.3785,11.9349],[75.3785,11.9354],[75.3782,11.9354],[75.3782,11.9393],[75.3779,11.9393],[75.3779,11.9396],[75.3776,11.9396],[75.3776,11.9399],[75.3771,11.9399],[75.3771,11.9401],[75.3768,11.9401],[75.3768,11.9404],[75.3763,11.9404],[75.3763,11.9407],[75.3757,11.9407],[75.3757,11.941],[75.3754,11.941],[75.3754,11.9412],[75.3749,11.9412],[75.3749,11.9418],[75.3732,11.9418],[75.3732,11.9421],[75.3729,11.9421],[75.3729,11.944],[75.3726,11.944],[75.3726,11.9468],[75.3729,11.9468],[75.3729,11.9476],[75.3732,11.9476],[75.3732,11.9485],[75.3735,11.9485],[75.3735,11.949],[75.3737,11.949],[75.3737,11.9501],[75.374,11.9501],[75.374,11.9504],[75.3737,11.9504],[75.3737,11.9507],[75.374,11.9507],[75.374,11.9518],[75.3743,11.9518],[75.3743,11.9538],[75.3746,11.9537],[75.3746,11.9557],[75.3749,11.9557],[75.3749,11.9565],[75.3746,11.9565],[75.3746,11.9568],[75.3743,11.9568],[75.3743,11.9571],[75.3737,11.9571],[75.3737,11.9574],[75.3735,11.9574],[75.3735,11.9568],[75.3732,11.9568],[75.3732,11.956],[75.3729,11.956],[75.3729,11.9557],[75.3726,11.9557],[75.3726,11.9554],[75.3724,11.9554],[75.3724,11.9546],[75.3721,11.9546],[75.3721,11.954],[75.3718,11.954],[75.3718,11.9535],[75.3715,11.9535],[75.3715,11.9532],[75.3712,11.9532],[75.3712,11.9529],[75.371,11.9529],[75.371,11.9526],[75.3707,11.9526],[75.3707,11.9521],[75.3704,11.9521],[75.3704,11.9518],[75.3701,11.9518],[75.3701,11.9513],[75.3696,11.9513],[75.3696,11.9507],[75.3693,11.9507],[75.3693,11.9504],[75.369,11.9504],[75.369,11.9501],[75.3685,11.9501],[75.3685,11.9499],[75.3679,11.9499],[75.3679,11.9496],[75.3676,11.9496],[75.3676,11.9493],[75.3671,11.9493],[75.3671,11.949],[75.3668,11.949],[75.3668,11.9488],[75.3665,11.9488],[75.3665,11.9485],[75.366,11.9485],[75.366,11.9482],[75.3657,11.9482],[75.3657,11.9479],[75.3651,11.9479],[75.3651,11.9474],[75.3646,11.9474],[75.3646,11.9468],[75.3643,11.9468],[75.3643,11.9465],[75.364,11.9465],[75.364,11.9462],[75.3637,11.9462],[75.3637,11.946],[75.3635,11.946],[75.3635,11.9454],[75.3632,11.9454],[75.3632,11.9449],[75.3629,11.9449],[75.3629,11.9443],[75.3626,11.9443],[75.3626,11.9435],[75.3624,11.9435],[75.3624,11.9424],[75.3621,11.9424],[75.3621,11.9415],[75.3618,11.9415],[75.3618,11.941],[75.3615,11.941],[75.3615,11.9407],[75.3618,11.9407],[75.3618,11.9382],[75.3621,11.9382],[75.3621,11.9354],[75.3618,11.9354],[75.3618,11.9343],[75.3615,11.9343],[75.3615,11.9337],[75.3613,11.9337],[75.3613,11.9335],[75.361,11.9335],[75.361,11.9332],[75.3604,11.9332],[75.3604,11.9326],[75.3601,11.9326],[75.3601,11.9324],[75.3596,11.9324],[75.3596,11.9321],[75.3593,11.9321],[75.3593,11.9318],[75.3587,11.9318],[75.3587,11.9315],[75.3571,11.9315],[75.3571,11.9313],[75.3568,11.9313],[75.3568,11.9315],[75.3557,11.9315],[75.3557,11.9318],[75.3554,11.9318],[75.3554,11.9321],[75.3549,11.9321],[75.3549,11.9324],[75.3543,11.9324],[75.3543,11.9326],[75.3535,11.9326],[75.3535,11.9329],[75.3529,11.9329],[75.3529,11.9332],[75.3521,11.9332],[75.3521,11.9335],[75.3507,11.9335],[75.3507,11.9337],[75.3504,11.9337],[75.3504,11.934],[75.3496,11.934],[75.3496,11.9343],[75.3485,11.9343],[75.3485,11.9346],[75.3471,11.9346],[75.3471,11.9349],[75.3465,11.9349],[75.3465,11.9351],[75.3457,11.9351],[75.3457,11.9354],[75.3451,11.9354],[75.3451,11.9357],[75.3443,11.9357],[75.3443,11.936],[75.3438,11.936],[75.3438,11.9362],[75.3432,11.9362],[75.3432,11.9365],[75.3429,11.9365],[75.3429,11.9368],[75.3426,11.9368],[75.3426,11.9371],[75.3421,11.9371],[75.3421,11.9376],[75.3418,11.9376],[75.3418,11.9382],[75.3412,11.9382],[75.3412,11.9385],[75.341,11.9385],[75.341,11.9388],[75.3407,11.9388],[75.3407,11.939],[75.3404,11.939],[75.3404,11.9393],[75.3401,11.9393],[75.3401,11.9396],[75.3396,11.9396],[75.3396,11.9399],[75.3393,11.9399],[75.3393,11.9401],[75.339,11.9401],[75.339,11.9404],[75.3385,11.9404],[75.3385,11.9407],[75.3379,11.9407],[75.3379,11.9412],[75.3376,11.9412],[75.3376,11.9415],[75.3374,11.9415],[75.3374,11.9418],[75.3371,11.9418],[75.3371,11.9421],[75.3368,11.9421],[75.3368,11.9424],[75.3365,11.9424],[75.3365,11.9426],[75.336,11.9426],[75.336,11.9429],[75.3357,11.9429],[75.3357,11.9432],[75.3354,11.9432],[75.3354,11.9435],[75.3346,11.9435],[75.3346,11.9438],[75.3335,11.9438],[75.3335,11.944],[75.3324,11.944],[75.3324,11.9443],[75.3288,11.9443],[75.3288,11.944],[75.3285,11.944],[75.3285,11.9443],[75.3274,11.9443],[75.3274,11.9446],[75.3271,11.9446],[75.3271,11.9443],[75.3268,11.9443],[75.3268,11.9446],[75.3265,11.9446],[75.3265,11.9443],[75.326,11.9443],[75.326,11.9446],[75.3257,11.9446],[75.3257,11.9449],[75.3251,11.9449],[75.3251,11.9451],[75.3243,11.9451],[75.3243,11.9454],[75.324,11.9454],[75.324,11.9451],[75.3238,11.9451],[75.3238,11.9454],[75.321,11.9454],[75.321,11.9457],[75.3193,11.9457],[75.3193,11.946],[75.3187,11.946],[75.3187,11.9462],[75.3179,11.9462],[75.3179,11.9465],[75.3174,11.9465],[75.3174,11.9468],[75.3168,11.9468],[75.3168,11.9471],[75.3165,11.9471],[75.3165,11.9476],[75.3171,11.9476],[75.3171,11.9479],[75.3174,11.9479],[75.3174,11.9485],[75.3176,11.9485],[75.3176,11.949],[75.3179,11.949],[75.3179,11.9513],[75.3176,11.9513],[75.3176,11.9521],[75.3174,11.9521],[75.3174,11.9524],[75.3171,11.9524],[75.3171,11.9526],[75.3168,11.9526],[75.3168,11.9529],[75.3165,11.9529],[75.3165,11.9538],[75.3162,11.9538],[75.3162,11.954],[75.316,11.954],[75.316,11.9557],[75.3157,11.9557],[75.3157,11.956],[75.3154,11.956],[75.3154,11.9565],[75.3151,11.9565],[75.3151,11.9568],[75.3149,11.9568],[75.3149,11.9571],[75.3146,11.9571],[75.3146,11.9579],[75.3143,11.9579],[75.3143,11.9582],[75.314,11.9582],[75.314,11.9585],[75.3137,11.9585],[75.3137,11.959],[75.3135,11.959],[75.3135,11.9593],[75.3132,11.9593],[75.3132,11.9596],[75.3129,11.9596],[75.3129,11.9601],[75.3126,11.9601],[75.3126,11.9607],[75.3124,11.9607],[75.3124,11.9612],[75.3121,11.9612],[75.3121,11.9624],[75.3118,11.9624],[75.3118,11.9635],[75.3115,11.9635],[75.3115,11.9638],[75.3107,11.9638],[75.3107,11.964],[75.3104,11.964],[75.3104,11.9643],[75.3101,11.9643],[75.3101,11.9657],[75.3104,11.9657],[75.3104,11.9674],[75.3101,11.9674],[75.3101,11.9676],[75.3099,11.9676],[75.3099,11.969],[75.3096,11.969],[75.3096,11.9699],[75.3093,11.9699],[75.3093,11.9701],[75.309,11.9701],[75.309,11.9704],[75.3079,11.9704],[75.3079,11.9699],[75.3076,11.9699],[75.3076,11.9696],[75.3068,11.9696],[75.3068,11.9701],[75.3065,11.9701],[75.3065,11.9704],[75.3063,11.9704],[75.3063,11.9707],[75.306,11.9707],[75.306,11.9712],[75.3043,11.9712],[75.3043,11.971],[75.304,11.971],[75.304,11.9707],[75.3037,11.9707],[75.3037,11.9688],[75.3049,11.9688],[75.3049,11.969],[75.3054,11.969],[75.3054,11.9685],[75.3057,11.9685],[75.3057,11.9679],[75.306,11.9679],[75.306,11.9676],[75.3063,11.9676],[75.3063,11.9674],[75.3065,11.9674],[75.3065,11.9671],[75.3071,11.9671],[75.3071,11.9668],[75.3074,11.9668],[75.3074,11.9665],[75.3076,11.9665],[75.3076,11.9663],[75.3079,11.9663],[75.3079,11.9654],[75.3076,11.9654],[75.3076,11.9651],[75.3074,11.9651],[75.3074,11.9649],[75.3071,11.9649],[75.3071,11.9646],[75.3065,11.9646],[75.3065,11.9643],[75.3063,11.9643],[75.3063,11.9638],[75.3065,11.9638],[75.3065,11.9632],[75.3068,11.9632],[75.3068,11.9629],[75.3074,11.9629],[75.3074,11.9626],[75.3076,11.9626],[75.3076,11.9624],[75.3082,11.9624],[75.3082,11.9621],[75.3087,11.9621],[75.3087,11.9618],[75.3101,11.9618],[75.3101,11.9615],[75.3104,11.9615],[75.3104,11.9604],[75.3107,11.9604],[75.3107,11.9599],[75.311,11.9599],[75.311,11.9593],[75.3112,11.9593],[75.3112,11.959],[75.3115,11.959],[75.3115,11.9588],[75.3118,11.9588],[75.3118,11.9585],[75.3124,11.9585],[75.3124,11.9582],[75.3129,11.9582],[75.3129,11.9576],[75.3132,11.9576],[75.3132,11.9574],[75.3135,11.9574],[75.3135,11.9571],[75.314,11.9571],[75.314,11.9568],[75.3143,11.9568],[75.3143,11.9554],[75.3146,11.9554],[75.3146,11.9543],[75.3149,11.9543],[75.3149,11.9538],[75.3151,11.9538],[75.3151,11.9521],[75.3154,11.9521],[75.3154,11.9518],[75.3151,11.9518],[75.3151,11.9513],[75.3149,11.9513],[75.3149,11.951],[75.3146,11.951],[75.3146,11.9507],[75.3143,11.9507],[75.3143,11.9501],[75.3146,11.9501],[75.3146,11.9499],[75.3143,11.9499],[75.3143,11.9496],[75.3135,11.9496],[75.3135,11.9499],[75.3132,11.9499],[75.3132,11.9504],[75.3129,11.9504],[75.3129,11.951],[75.3126,11.951],[75.3126,11.9513],[75.3124,11.9513],[75.3124,11.9515],[75.3121,11.9515],[75.3121,11.9518],[75.3118,11.9518],[75.3118,11.9521],[75.3112,11.9521],[75.3112,11.9524],[75.3099,11.9524],[75.3099,11.9526],[75.3093,11.9526],[75.3093,11.9524],[75.3079,11.9524],[75.3079,11.9526],[75.3076,11.9526],[75.3076,11.9529],[75.3071,11.9529],[75.3071,11.9532],[75.3068,11.9532],[75.3068,11.9538],[75.3065,11.9538],[75.3065,11.9543],[75.3063,11.9543],[75.3063,11.9546],[75.3065,11.9546],[75.3065,11.9549],[75.3068,11.9549],[75.3068,11.9571],[75.3065,11.9571],[75.3065,11.9574],[75.3063,11.9574],[75.3063,11.9579],[75.306,11.9579],[75.306,11.9582],[75.3057,11.9582],[75.3057,11.9585],[75.3051,11.9585],[75.3051,11.959],[75.3049,11.959],[75.3049,11.9593],[75.3046,11.9593],[75.3046,11.9596],[75.304,11.9596],[75.304,11.9601],[75.3037,11.9601],[75.3037,11.9607],[75.3035,11.9607],[75.3035,11.961],[75.3032,11.961],[75.3032,11.9615],[75.3029,11.9615],[75.3029,11.9626],[75.3026,11.9626],[75.3026,11.9632],[75.3021,11.9632],[75.3021,11.9638],[75.3018,11.9638],[75.3018,11.964],[75.3015,11.964],[75.3015,11.9643],[75.3012,11.9643],[75.3012,11.9646],[75.301,11.9646],[75.301,11.9649],[75.3007,11.9649],[75.3007,11.9654],[75.3004,11.9654],[75.3004,11.9657],[75.3001,11.9657],[75.3001,11.9663],[75.2999,11.9663],[75.2999,11.9668],[75.2996,11.9668],[75.2996,11.9671],[75.2993,11.9671],[75.2993,11.9679],[75.299,11.9679],[75.299,11.9682],[75.2988,11.9682],[75.2988,11.9685],[75.2985,11.9685],[75.2985,11.9688],[75.2982,11.9688],[75.2982,11.9696],[75.2979,11.9696],[75.2979,11.9701],[75.2976,11.9701],[75.2976,11.971],[75.2974,11.971],[75.2974,11.9712],[75.2971,11.9712],[75.2971,11.9715],[75.2968,11.9715],[75.2968,11.9718],[75.2965,11.9718],[75.2965,11.9724],[75.2962,11.9724],[75.2962,11.9729],[75.2965,11.9729],[75.2965,11.9738],[75.2962,11.9738],[75.2962,11.974],[75.2957,11.974],[75.2957,11.9746],[75.2954,11.9746],[75.2954,11.9751],[75.2951,11.9751],[75.2951,11.9757],[75.2949,11.9757],[75.2949,11.9763],[75.2946,11.9763],[75.2946,11.9765],[75.2943,11.9765],[75.2943,11.9771],[75.294,11.9771],[75.294,11.9774],[75.2937,11.9774],[75.2937,11.9782],[75.2935,11.9782],[75.2935,11.9785],[75.2932,11.9785],[75.2932,11.9788],[75.2929,11.9788],[75.2929,11.9793],[75.2926,11.9793],[75.2926,11.9801],[75.2924,11.9801],[75.2924,11.9807],[75.2921,11.9807],[75.2921,11.981],[75.2918,11.981],[75.2918,11.9824],[75.2915,11.9824],[75.2915,11.9826],[75.2913,11.9826],[75.2913,11.9829],[75.2893,11.9829],[75.2893,11.9835],[75.2896,11.9835],[75.2896,11.9843],[75.2899,11.9843],[75.2899,11.9849],[75.2901,11.9849],[75.2901,11.9851],[75.2907,11.9851],[75.2907,11.9854],[75.291,11.9854],[75.291,11.9857],[75.2907,11.9857],[75.2907,11.9863],[75.2904,11.9863],[75.2904,11.9868],[75.2901,11.9868],[75.2901,11.9871],[75.2899,11.9871],[75.2899,11.9874],[75.2896,11.9874],[75.2896,11.9879],[75.2893,11.9879],[75.2893,11.9882],[75.2882,11.9882],[75.2882,11.9887],[75.2879,11.9887],[75.2879,11.989],[75.2876,11.989],[75.2876,11.9896],[75.2871,11.9896],[75.2871,11.9899],[75.2868,11.9899],[75.2868,11.9901],[75.2862,11.9901],[75.2862,11.9904],[75.286,11.9904],[75.286,11.9901],[75.2857,11.9901],[75.2857,11.9904],[75.2851,11.9904],[75.2851,11.9907],[75.2846,11.9907],[75.2846,11.991],[75.2843,11.991],[75.2843,11.9913],[75.2838,11.9913],[75.2838,11.9915],[75.2835,11.9915],[75.2835,11.9918],[75.2832,11.9918],[75.2832,11.9924],[75.2829,11.9923],[75.2829,11.9929],[75.2824,11.9929],[75.2824,11.9932],[75.2821,11.9932],[75.2821,11.9937],[75.2818,11.9937],[75.2818,11.9943],[75.2815,11.9943],[75.2815,11.9949],[75.2813,11.9949],[75.2813,11.9954],[75.281,11.9954],[75.281,11.996],[75.2807,11.996],[75.2807,11.9965],[75.2804,11.9965],[75.2804,11.9971],[75.2807,11.9971],[75.2807,11.9985],[75.2804,11.9985],[75.2804,11.9993],[75.2801,11.9993],[75.2801,11.9999],[75.2799,11.9999],[75.2799,12.0001],[75.2799,12.0004],[75.2796,12.0004],[75.2796,12.001],[75.2793,12.001],[75.2793,12.0015],[75.279,12.0015],[75.279,12.0021],[75.2785,12.0021],[75.2785,12.0024],[75.2779,12.0024],[75.2779,12.0026],[75.2774,12.0026],[75.2774,12.0029],[75.2768,12.0029],[75.2768,12.0035],[75.2765,12.0035],[75.2765,12.0038],[75.2763,12.0038],[75.2763,12.004],[75.276,12.004],[75.276,12.0043],[75.2751,12.0043],[75.2751,12.0049],[75.2749,12.0049],[75.2749,12.0054],[75.2746,12.0054],[75.2746,12.0057],[75.2743,12.0057],[75.2743,12.006],[75.274,12.006],[75.274,12.0065],[75.2735,12.0065],[75.2735,12.0068],[75.2732,12.0068],[75.2732,12.0065],[75.2729,12.0065],[75.2729,12.0054],[75.2726,12.0054],[75.2726,12.004],[75.2729,12.004],[75.2729,12.0035],[75.2738,12.0035],[75.2738,12.0032],[75.2743,12.0032],[75.2743,12.0029],[75.2746,12.0029],[75.2746,12.0024],[75.2749,12.0024],[75.2749,12.0021],[75.2754,12.0021],[75.2754,12.0018],[75.2757,12.0018],[75.2757,12.0015],[75.276,12.0015],[75.276,12.0013],[75.2763,12.0013],[75.2763,12.001],[75.2765,12.001],[75.2765,12.0004],[75.2771,12.0004],[75.2771,12.0001],[75.2774,12.0001],[75.2774,11.9999],[75.2776,11.9999],[75.2776,11.9996],[75.2779,11.9996],[75.2779,11.9993],[75.2782,11.9993],[75.2782,11.9987],[75.2785,11.9987],[75.2785,11.9976],[75.2787,11.9976],[75.2787,11.9974],[75.279,11.9974],[75.279,11.9968],[75.2793,11.9968],[75.2793,11.9963],[75.2796,11.9963],[75.2796,11.9957],[75.2799,11.9957],[75.2799,11.9949],[75.2796,11.9949],[75.2796,11.9946],[75.2785,11.9946],[75.2785,11.9949],[75.2776,11.9949],[75.2776,11.9954],[75.2774,11.9954],[75.2774,11.996],[75.2771,11.996],[75.2771,11.9965],[75.2768,11.9965],[75.2768,11.9968],[75.2765,11.9968],[75.2765,11.9974],[75.2763,11.9974],[75.2763,11.9976],[75.2757,11.9976],[75.2757,11.9982],[75.2754,11.9982],[75.2754,11.9987],[75.2749,11.9987],[75.2749,11.999],[75.2746,11.999],[75.2746,11.9996],[75.274,11.9996],[75.274,11.9999],[75.2735,11.9999],[75.2735,12.0001],[75.2732,12.0001],[75.2732,12.0004],[75.2729,12.0004],[75.2729,12.0007],[75.2724,12.0007],[75.2724,12.001],[75.2721,12.001],[75.2721,12.0013],[75.2718,12.0013],[75.2718,12.0015],[75.2712,12.0015],[75.2712,12.0018],[75.271,12.0018],[75.271,12.0021],[75.2707,12.0021],[75.2707,12.0024],[75.2704,12.0024],[75.2704,12.0026],[75.2701,12.0026],[75.2701,12.0029],[75.2699,12.0029],[75.2699,12.0032],[75.2696,12.0032],[75.2696,12.0035],[75.2693,12.0035],[75.2693,12.004],[75.269,12.004],[75.269,12.0043],[75.2688,12.0043],[75.2688,12.0046],[75.2685,12.0046],[75.2685,12.0049],[75.2682,12.0049],[75.2682,12.0051],[75.2676,12.0051],[75.2676,12.0054],[75.2668,12.0054],[75.2668,12.0057],[75.2663,12.0057],[75.2663,12.006],[75.266,12.006],[75.266,12.0065],[75.2657,12.0065],[75.2657,12.0071],[75.2654,12.0071],[75.2654,12.0115],[75.2657,12.0115],[75.2657,12.0138],[75.266,12.0138],[75.266,12.0154],[75.2663,12.0154],[75.2663,12.0182],[75.2665,12.0182],[75.2665,12.0185],[75.2668,12.0185],[75.2668,12.0196],[75.2671,12.0196],[75.2671,12.0201],[75.2674,12.0201],[75.2674,12.0213],[75.2676,12.0212],[75.2676,12.0224],[75.2679,12.0224],[75.2679,12.0229],[75.2682,12.0229],[75.2682,12.0235],[75.271,12.0235],[75.271,12.0232],[75.2738,12.0232],[75.2738,12.0229],[75.2749,12.0229],[75.2749,12.0227],[75.2763,12.0227],[75.2763,12.0224],[75.2774,12.0224],[75.2774,12.0221],[75.2782,12.0221],[75.2782,12.0218],[75.2793,12.0218],[75.2793,12.0215],[75.2796,12.0215],[75.2796,12.021],[75.2799,12.021],[75.2799,12.0207],[75.2801,12.0207],[75.2801,12.0204],[75.281,12.0204],[75.281,12.0201],[75.2815,12.0201],[75.2815,12.0199],[75.2824,12.0199],[75.2824,12.0196],[75.2829,12.0196],[75.2829,12.0193],[75.2838,12.0193],[75.2838,12.019],[75.2843,12.019],[75.2843,12.0188],[75.2851,12.0188],[75.2851,12.0182],[75.2854,12.0182],[75.2854,12.0162],[75.2851,12.0162],[75.2851,12.0157],[75.2849,12.0157],[75.2849,12.0154],[75.2851,12.0154],[75.2851,12.0149],[75.2854,12.0149],[75.2854,12.0146],[75.2857,12.0146],[75.2857,12.014],[75.286,12.014],[75.286,12.0138],[75.2862,12.0138],[75.2862,12.0132],[75.2865,12.0132],[75.2865,12.0129],[75.2868,12.0129],[75.2868,12.0124],[75.2871,12.0124],[75.2871,12.0121],[75.2874,12.0121],[75.2874,12.0115],[75.2876,12.0115],[75.2876,12.011],[75.2879,12.011],[75.2879,12.0104],[75.2882,12.0104],[75.2882,12.0099],[75.2885,12.0099],[75.2885,12.0093],[75.2887,12.0093],[75.2887,12.009],[75.289,12.009],[75.289,12.0088],[75.2893,12.0088],[75.2893,12.0085],[75.2896,12.0085],[75.2896,12.0082],[75.2901,12.0082],[75.2901,12.0079],[75.2904,12.0079],[75.2904,12.0076],[75.2907,12.0076],[75.2907,12.0074],[75.291,12.0074],[75.291,12.0071],[75.2913,12.0071],[75.2913,12.0068],[75.2918,12.0068],[75.2918,12.0065],[75.2921,12.0065],[75.2921,12.0054],[75.2918,12.0054],[75.2918,12.0051],[75.2921,12.0051],[75.2921,12.0049],[75.2932,12.0049],[75.2932,12.0051],[75.2935,12.0051],[75.2935,12.0054],[75.2937,12.0054],[75.2937,12.0057],[75.294,12.0057],[75.294,12.006],[75.2943,12.006],[75.2943,12.0063],[75.2946,12.0063],[75.2946,12.0074],[75.2943,12.0074],[75.2943,12.0096],[75.2949,12.0096],[75.2949,12.0099],[75.2951,12.0099],[75.2951,12.0101],[75.2954,12.0101],[75.2954,12.0099],[75.2957,12.0099],[75.2957,12.0093],[75.296,12.0093],[75.296,12.009],[75.2962,12.009],[75.2962,12.0088],[75.2965,12.0088],[75.2965,12.0082],[75.2968,12.0082],[75.2968,12.0079],[75.2971,12.0079],[75.2971,12.0074],[75.2974,12.0074],[75.2974,12.0071],[75.2976,12.0071],[75.2976,12.0065],[75.2979,12.0065],[75.2979,12.0046],[75.2982,12.0046],[75.2982,12.004],[75.2985,12.004],[75.2985,12.0038],[75.2987,12.0038],[75.2987,12.0035],[75.2996,12.0035],[75.2996,12.0043],[75.2993,12.0043],[75.2993,12.0057],[75.2996,12.0057],[75.2996,12.006],[75.3001,12.006],[75.3001,12.0063],[75.301,12.0063],[75.301,12.0065],[75.3015,12.0065],[75.3015,12.0068],[75.3024,12.0068],[75.3024,12.0071],[75.3035,12.0071],[75.3035,12.0068],[75.3037,12.0068],[75.3037,12.0065],[75.304,12.0065],[75.304,12.0063],[75.3057,12.0063],[75.3057,12.0065],[75.306,12.0065],[75.306,12.0068],[75.3065,12.0068],[75.3065,12.0065],[75.3068,12.0065],[75.3068,12.0063],[75.3074,12.0063],[75.3074,12.006],[75.3079,12.006],[75.3079,12.0057],[75.3082,12.0057],[75.3082,12.0049],[75.3085,12.0049],[75.3085,12.0043],[75.3082,12.0043],[75.3082,12.0038],[75.3079,12.0038],[75.3079,12.0035],[75.3076,12.0035],[75.3076,12.0032],[75.3079,12.0032],[75.3079,12.0029],[75.3082,12.0029],[75.3082,12.0026],[75.3085,12.0026],[75.3085,12.0024],[75.309,12.0024],[75.309,12.0029],[75.3093,12.0029],[75.3093,12.0032],[75.3112,12.0032],[75.3112,12.0035],[75.3121,12.0035],[75.3121,12.0038],[75.3129,12.0038],[75.3129,12.004],[75.316,12.004],[75.316,12.0043],[75.3165,12.0043],[75.3165,12.0046],[75.3168,12.0046],[75.3168,12.0054],[75.3165,12.0054],[75.3165,12.006],[75.3165,12.0063],[75.316,12.0063],[75.316,12.0065],[75.3154,12.0065],[75.3154,12.0068],[75.3151,12.0068],[75.3151,12.0071],[75.3146,12.0071],[75.3146,12.0074],[75.314,12.0074],[75.314,12.0076],[75.3138,12.0076],[75.3138,12.0085],[75.314,12.0085],[75.314,12.0096],[75.3143,12.0096],[75.3143,12.0104],[75.3149,12.0104],[75.3149,12.0107],[75.3154,12.0107],[75.3154,12.011],[75.3179,12.011],[75.3179,12.0113],[75.319,12.0113],[75.319,12.0115],[75.3201,12.0115],[75.3201,12.0113],[75.3204,12.0113],[75.3204,12.011],[75.321,12.011],[75.321,12.0107],[75.3213,12.0107],[75.3213,12.0104],[75.3215,12.0104],[75.3215,12.0101],[75.324,12.0101],[75.324,12.0099],[75.3251,12.0099],[75.3251,12.0096],[75.326,12.0096],[75.326,12.0099],[75.3265,12.0099],[75.3265,12.0101],[75.3271,12.0101],[75.3271,12.0104],[75.3274,12.0104],[75.3274,12.0113],[75.3276,12.0113],[75.3276,12.0118],[75.3279,12.0118],[75.3279,12.0121],[75.3285,12.0121],[75.3285,12.0124],[75.3288,12.0124],[75.3288,12.0113],[75.3285,12.0113],[75.3285,12.0101],[75.3288,12.0101],[75.3288,12.0093],[75.3293,12.0093],[75.3293,12.009],[75.3296,12.009],[75.3296,12.0096],[75.3299,12.0096],[75.3299,12.0101],[75.3301,12.0101],[75.3301,12.0107],[75.3304,12.0107],[75.3304,12.011],[75.3315,12.011],[75.3315,12.0107],[75.3318,12.0107],[75.3318,12.0104],[75.3321,12.0104],[75.3321,12.0101],[75.3332,12.0101],[75.3332,12.0113],[75.3329,12.0113],[75.3329,12.0118],[75.3321,12.0118],[75.3321,12.0121],[75.3318,12.0121],[75.3318,12.0129],[75.3321,12.0129],[75.3321,12.0135],[75.3318,12.0135],[75.3318,12.0132],[75.3313,12.0132],[75.3313,12.0135],[75.3279,12.0135],[75.3279,12.0132],[75.3274,12.0132],[75.3274,12.0129],[75.3271,12.0129],[75.3271,12.0126],[75.3268,12.0126],[75.3268,12.0124],[75.3265,12.0124],[75.3265,12.0121],[75.3262,12.0121],[75.3262,12.0118],[75.3254,12.0118],[75.3254,12.0115],[75.3232,12.0115],[75.3232,12.0118],[75.3218,12.0118],[75.3218,12.0124],[75.3215,12.0124],[75.3215,12.0126],[75.3213,12.0126],[75.3213,12.0129],[75.3207,12.0129],[75.3207,12.0132],[75.3204,12.0132],[75.3204,12.0135],[75.3201,12.0135],[75.3201,12.0138],[75.3199,12.0138],[75.3199,12.014],[75.3185,12.014],[75.3185,12.0143],[75.3165,12.0143],[75.3165,12.014],[75.3157,12.014],[75.3157,12.0138],[75.3151,12.0138],[75.3151,12.014],[75.3143,12.014],[75.3143,12.0143],[75.3138,12.0143],[75.3138,12.0146],[75.3135,12.0146],[75.3135,12.0149],[75.3132,12.0149],[75.3132,12.0151],[75.3121,12.0151],[75.3121,12.0149],[75.3101,12.0149],[75.3101,12.0143],[75.3099,12.0143],[75.3099,12.0138],[75.3096,12.0138],[75.3096,12.0132],[75.3085,12.0132],[75.3085,12.0135],[75.3079,12.0135],[75.3079,12.014],[75.3082,12.014],[75.3082,12.0149],[75.3079,12.0149],[75.3079,12.0151],[75.3074,12.0151],[75.3074,12.0154],[75.3071,12.0154],[75.3071,12.0157],[75.3065,12.0157],[75.3065,12.016],[75.304,12.016],[75.304,12.0157],[75.3037,12.0157],[75.3037,12.0154],[75.3026,12.0154],[75.3026,12.0151],[75.3021,12.0151],[75.3021,12.0154],[75.3004,12.0154],[75.3004,12.0157],[75.2997,12.0157],[75.2993,12.0157],[75.2993,12.0168],[75.2996,12.0168],[75.2996,12.0171],[75.2997,12.0171],[75.2999,12.0171],[75.2999,12.0176],[75.3004,12.0176],[75.3004,12.0182],[75.301,12.0182],[75.301,12.0185],[75.3018,12.0185],[75.3018,12.0188],[75.3029,12.0188],[75.3029,12.0179],[75.3032,12.0179],[75.3032,12.0176],[75.3043,12.0176],[75.3043,12.0179],[75.3046,12.0179],[75.3046,12.0185],[75.3049,12.0185],[75.3049,12.0188],[75.3051,12.0188],[75.3051,12.019],[75.3054,12.019],[75.3054,12.0193],[75.3057,12.0193],[75.3057,12.0201],[75.3054,12.0201],[75.3054,12.0204],[75.3051,12.0204],[75.3051,12.0207],[75.3049,12.0207],[75.3049,12.021],[75.3046,12.021],[75.3046,12.0215],[75.304,12.0215],[75.304,12.0218],[75.3035,12.0218],[75.3035,12.0221],[75.3032,12.0221],[75.3032,12.0227],[75.3035,12.0226],[75.3035,12.0232],[75.3037,12.0232],[75.3037,12.0238],[75.304,12.0238],[75.304,12.0249],[75.3037,12.0249],[75.3037,12.0254],[75.3035,12.0254],[75.3035,12.0257],[75.3032,12.0257],[75.3032,12.0263],[75.3029,12.0263],[75.3029,12.0265],[75.3026,12.0265],[75.3026,12.0268],[75.3024,12.0268],[75.3024,12.0271],[75.3021,12.0271],[75.3021,12.0274],[75.3018,12.0274],[75.3018,12.0276],[75.3015,12.0276],[75.3015,12.0279],[75.3012,12.0279],[75.3012,12.0285],[75.3015,12.0285],[75.3015,12.0288],[75.3018,12.0288],[75.3018,12.0296],[75.3021,12.0296],[75.3021,12.0299],[75.3024,12.0299],[75.3024,12.0301],[75.3029,12.0301],[75.3029,12.0304],[75.3032,12.0304],[75.3032,12.0307],[75.3035,12.0307],[75.3035,12.031],[75.304,12.031],[75.304,12.0313],[75.3043,12.0313],[75.3043,12.0315],[75.3049,12.0315],[75.3049,12.0318],[75.3051,12.0318],[75.3051,12.0321],[75.3057,12.0321],[75.3057,12.0324],[75.3068,12.0324],[75.3068,12.0326],[75.3076,12.0326],[75.3076,12.0329],[75.3099,12.0329],[75.3099,12.0332],[75.3101,12.0332],[75.3101,12.0335],[75.3107,12.0335],[75.3107,12.0326],[75.3118,12.0326],[75.3118,12.0332],[75.3121,12.0332],[75.3121,12.0349],[75.3118,12.0349],[75.3118,12.0365],[75.3121,12.0365],[75.3121,12.0371],[75.3132,12.0371],[75.3132,12.0374],[75.3135,12.0374],[75.3135,12.0382],[75.3132,12.0382],[75.3132,12.0388],[75.3129,12.0388],[75.3129,12.039],[75.3124,12.039],[75.3124,12.0396],[75.3121,12.0396],[75.3121,12.0412],[75.3124,12.0412],[75.3124,12.0418],[75.3126,12.0418],[75.3126,12.0424],[75.3129,12.0424],[75.3129,12.0429],[75.3132,12.0429],[75.3132,12.0432],[75.3138,12.0432],[75.3138,12.0435],[75.314,12.0435],[75.314,12.0437],[75.3143,12.0437],[75.3143,12.0443],[75.3146,12.0443],[75.3146,12.0446],[75.3149,12.0446],[75.3149,12.0449],[75.3151,12.0449],[75.3151,12.0451],[75.3157,12.0451],[75.3157,12.0457],[75.316,12.0457],[75.316,12.046],[75.3162,12.046],[75.3162,12.0463],[75.3168,12.0463],[75.3168,12.0465],[75.3193,12.0465],[75.3193,12.0463],[75.3196,12.0463],[75.3196,12.046],[75.3207,12.046],[75.3207,12.0457],[75.3213,12.0457],[75.3213,12.0454],[75.3215,12.0454],[75.3215,12.0451],[75.3218,12.0451],[75.3218,12.0449],[75.3221,12.0449],[75.3221,12.0443],[75.3224,12.0443],[75.3224,12.0437],[75.3226,12.0437],[75.3226,12.0432],[75.3229,12.0432],[75.3229,12.0426],[75.3232,12.0426],[75.3232,12.0415],[75.3235,12.0415],[75.3235,12.0412],[75.3238,12.0412],[75.3238,12.041],[75.324,12.041],[75.324,12.0404],[75.3243,12.0404],[75.3243,12.0401],[75.3246,12.0401],[75.3246,12.0396],[75.3249,12.0396],[75.3249,12.039],[75.3249,12.0387],[75.3251,12.0388],[75.3251,12.0382],[75.3257,12.0382],[75.3257,12.0379],[75.326,12.0379],[75.326,12.0374],[75.3262,12.0374],[75.3262,12.0371],[75.3265,12.0371],[75.3265,12.0365],[75.3271,12.0365],[75.3271,12.0363],[75.3274,12.0363],[75.3274,12.036],[75.3282,12.036],[75.3282,12.0363],[75.3288,12.0363],[75.3288,12.0365],[75.329,12.0365],[75.329,12.0363],[75.3293,12.0363],[75.3293,12.0365],[75.3299,12.0365],[75.3299,12.0368],[75.3301,12.0368],[75.3301,12.0371],[75.3307,12.0371],[75.3307,12.0374],[75.3313,12.0374],[75.3313,12.0377],[75.3315,12.0377],[75.3315,12.0379],[75.3318,12.0379],[75.3318,12.0382],[75.3315,12.0382],[75.3315,12.0385],[75.3321,12.0385],[75.3321,12.0386],[75.3321,12.0388],[75.3324,12.0387],[75.3324,12.0391],[75.3324,12.0393],[75.3326,12.0393],[75.3326,12.0397],[75.3326,12.0399],[75.3328,12.0399],[75.3329,12.0399],[75.3329,12.0404],[75.3335,12.0404],[75.3335,12.0407],[75.3337,12.0407],[75.3337,12.0412],[75.334,12.0412],[75.334,12.0421],[75.3343,12.0421],[75.3343,12.0426],[75.3346,12.0426],[75.3346,12.0432],[75.3349,12.0432],[75.3349,12.0435],[75.3351,12.0435],[75.3351,12.0437],[75.3349,12.0437],[75.3349,12.0443],[75.3346,12.0443],[75.3346,12.0446],[75.3343,12.0446],[75.3343,12.0451],[75.3346,12.0451],[75.3346,12.0465],[75.3351,12.0465],[75.3351,12.0468],[75.3354,12.0468],[75.3354,12.0471],[75.336,12.0471],[75.336,12.0474],[75.339,12.0474],[75.339,12.0476],[75.3393,12.0476],[75.3393,12.0482],[75.339,12.0482],[75.339,12.0485],[75.3388,12.0485],[75.3388,12.0482],[75.3382,12.0482],[75.3382,12.0485],[75.3368,12.0485],[75.3368,12.0487],[75.3365,12.0487],[75.3365,12.0485],[75.3357,12.0484],[75.3357,12.0482],[75.3351,12.0482],[75.3351,12.0479],[75.3346,12.0479],[75.3346,12.0476],[75.3343,12.0476],[75.3343,12.0471],[75.334,12.0471],[75.334,12.0463],[75.3337,12.0463],[75.3337,12.046],[75.3335,12.046],[75.3335,12.0454],[75.3332,12.0454],[75.3332,12.044],[75.3335,12.044],[75.3335,12.0435],[75.3332,12.0435],[75.3332,12.0426],[75.3329,12.0426],[75.3329,12.0418],[75.3324,12.0418],[75.3324,12.0415],[75.3326,12.0415],[75.3326,12.0412],[75.3321,12.0412],[75.3321,12.041],[75.3318,12.041],[75.3318,12.0407],[75.3315,12.0407],[75.3315,12.0404],[75.3313,12.0404],[75.3313,12.0401],[75.331,12.0401],[75.331,12.0396],[75.3307,12.0396],[75.3307,12.0393],[75.3304,12.0393],[75.3304,12.039],[75.3301,12.039],[75.3301,12.0388],[75.3299,12.0388],[75.3299,12.0385],[75.3293,12.0385],[75.3293,12.0382],[75.329,12.0382],[75.329,12.0379],[75.3268,12.0379],[75.3268,12.0382],[75.3265,12.0382],[75.3265,12.0385],[75.3262,12.0385],[75.3262,12.0388],[75.326,12.0388],[75.326,12.039],[75.3257,12.039],[75.3257,12.0396],[75.3254,12.0396],[75.3254,12.0399],[75.3251,12.0399],[75.3251,12.041],[75.3249,12.041],[75.3249,12.0415],[75.3246,12.0415],[75.3246,12.0424],[75.3243,12.0424],[75.3243,12.0429],[75.324,12.0429],[75.324,12.0437],[75.3238,12.0437],[75.3238,12.0449],[75.3235,12.0449],[75.3235,12.0454],[75.3232,12.0454],[75.3232,12.0457],[75.3229,12.0457],[75.3229,12.046],[75.3226,12.046],[75.3226,12.0463],[75.3224,12.0463],[75.3224,12.0465],[75.3221,12.0465],[75.3221,12.0468],[75.3218,12.0468],[75.3218,12.0471],[75.3215,12.0471],[75.3215,12.0474],[75.321,12.0474],[75.321,12.0476],[75.3204,12.0476],[75.3204,12.0474],[75.3196,12.0474],[75.3196,12.0476],[75.3187,12.0476],[75.3187,12.0479],[75.3165,12.0479],[75.3165,12.0476],[75.3157,12.0476],[75.3157,12.0474],[75.3151,12.0474],[75.3151,12.0471],[75.3149,12.0471],[75.3149,12.0468],[75.3143,12.0468],[75.3143,12.0465],[75.314,12.0465],[75.314,12.046],[75.3138,12.046],[75.3138,12.0457],[75.3135,12.0457],[75.3135,12.0454],[75.3132,12.0454],[75.3132,12.0451],[75.3129,12.0451],[75.3129,12.0449],[75.3126,12.0449],[75.3126,12.0446],[75.3121,12.0446],[75.3121,12.0443],[75.3118,12.0443],[75.3118,12.044],[75.3112,12.044],[75.3112,12.0435],[75.311,12.0435],[75.311,12.0429],[75.3107,12.0429],[75.3107,12.0424],[75.3104,12.0424],[75.3104,12.0407],[75.3101,12.0407],[75.3101,12.039],[75.3104,12.039],[75.3104,12.0382],[75.3101,12.0382],[75.3101,12.0379],[75.3104,12.0379],[75.3104,12.0371],[75.3107,12.0371],[75.3107,12.0368],[75.3101,12.0368],[75.3101,12.0365],[75.3099,12.0365],[75.3099,12.036],[75.3096,12.036],[75.3096,12.0357],[75.3093,12.0357],[75.3093,12.0354],[75.309,12.0354],[75.309,12.0349],[75.3087,12.0349],[75.3087,12.0346],[75.3082,12.0346],[75.3082,12.0343],[75.3071,12.0343],[75.3071,12.0346],[75.3074,12.0346],[75.3074,12.0349],[75.3076,12.0349],[75.3076,12.0351],[75.3079,12.0351],[75.3079,12.0357],[75.3082,12.0357],[75.3082,12.0371],[75.3079,12.0371],[75.3079,12.0377],[75.3076,12.0376],[75.3076,12.0382],[75.3074,12.0382],[75.3074,12.0385],[75.3071,12.0385],[75.3071,12.0388],[75.3068,12.0387],[75.3068,12.0396],[75.3071,12.0396],[75.3071,12.0407],[75.3068,12.0407],[75.3068,12.0415],[75.3071,12.0415],[75.3071,12.0421],[75.3074,12.0421],[75.3074,12.0424],[75.3076,12.0424],[75.3076,12.0426],[75.3079,12.0426],[75.3079,12.0429],[75.3082,12.0429],[75.3082,12.0437],[75.3079,12.0437],[75.3079,12.0451],[75.3082,12.0451],[75.3082,12.0463],[75.3085,12.0463],[75.3085,12.0468],[75.3087,12.0468],[75.3087,12.0474],[75.309,12.0474],[75.309,12.0476],[75.3093,12.0476],[75.3093,12.0479],[75.3096,12.0479],[75.3096,12.0482],[75.3099,12.0482],[75.3099,12.0487],[75.3101,12.0487],[75.3101,12.0485],[75.3104,12.0485],[75.3104,12.0482],[75.3107,12.0482],[75.3107,12.0479],[75.311,12.0479],[75.311,12.0476],[75.3112,12.0476],[75.3112,12.0474],[75.3118,12.0474],[75.3118,12.0479],[75.3121,12.0479],[75.3121,12.0487],[75.3121,12.049],[75.3118,12.049],[75.3118,12.0493],[75.3117,12.0493],[75.3088,12.0538],[75.3048,12.0529],[75.3007,12.058],[75.2962,12.0592],[75.2974,12.0637],[75.2992,12.0668],[75.3092,12.0784],[75.3148,12.0876],[75.3096,12.0906],[75.3091,12.1027],[75.3129,12.1053],[75.3196,12.1067],[75.3282,12.1073],[75.33,12.1026],[75.336,12.0986],[75.3399,12.0983],[75.3519,12.1089],[75.3553,12.1094],[75.3579,12.1129],[75.3627,12.1161],[75.3659,12.1169],[75.3685,12.1213],[75.3755,12.1234],[75.3793,12.1221],[75.3799,12.1264],[75.3823,12.1291],[75.3831,12.124],[75.3922,12.1263],[75.3982,12.1299],[75.4022,12.1341],[75.4025,12.1368],[75.3998,12.1405],[75.3939,12.1455],[75.3885,12.1463],[75.3784,12.146],[75.3746,12.1491],[75.372,12.1465],[75.3715,12.1426],[75.3683,12.1401],[75.3667,12.1354],[75.3636,12.135],[75.3478,12.1353],[75.3462,12.1386],[75.3419,12.1372],[75.3352,12.144],[75.3311,12.1452],[75.3252,12.1449],[75.3206,12.1435],[75.3143,12.1401],[75.3112,12.1365],[75.3099,12.132],[75.3107,12.1247],[75.2928,12.1161],[75.2839,12.115],[75.282,12.1091],[75.2778,12.1018],[75.2745,12.1003],[75.266,12.1037],[75.2599,12.1089],[75.2559,12.1086],[75.2474,12.1037],[75.2434,12.1047],[75.2405,12.1093],[75.2366,12.1102],[75.2231,12.1048],[75.2211,12.101],[75.2225,12.0856],[75.2223,12.0782],[75.2242,12.0744],[75.2231,12.0644],[75.2237,12.0545],[75.2274,12.0443],[75.2249,12.0319],[75.2311,12.0246],[75.2307,12.0241],[75.2307,12.0243],[75.2301,12.0243],[75.2301,12.024],[75.2293,12.024],[75.2293,12.0238],[75.2285,12.0238],[75.2285,12.0235],[75.2282,12.0235],[75.2282,12.0232],[75.2276,12.0232],[75.2276,12.0229],[75.2268,12.0229],[75.2268,12.0227],[75.2265,12.0227],[75.2265,12.0221],[75.2262,12.0221],[75.2262,12.0218],[75.2265,12.0218],[75.2265,12.0215],[75.226,12.0215],[75.226,12.021],[75.2257,12.021],[75.2257,12.0207],[75.2254,12.0207],[75.2254,12.0201],[75.2249,12.0201],[75.2249,12.0199],[75.2243,12.0199],[75.2243,12.0193],[75.2237,12.0193],[75.2237,12.019],[75.2235,12.019],[75.2235,12.0185],[75.2232,12.0185],[75.2232,12.0176],[75.2229,12.0176],[75.2229,12.0174],[75.2226,12.0174],[75.2226,12.0168],[75.2224,12.0168],[75.2224,12.016],[75.2221,12.016],[75.2221,12.0149],[75.2218,12.0149],[75.2218,12.014],[75.2215,12.014],[75.2215,12.0138],[75.2213,12.0138],[75.2213,12.0135],[75.2207,12.0135],[75.2207,12.0126],[75.2199,12.0126],[75.2199,12.0124],[75.2193,12.0124],[75.2193,12.0121],[75.219,12.0121],[75.219,12.0118],[75.2188,12.0118],[75.2188,12.0115],[75.2182,12.0115],[75.2182,12.0113],[75.2176,12.0113],[75.2176,12.0107],[75.2174,12.0107],[75.2174,12.0104],[75.2171,12.0104],[75.2171,12.0101],[75.2162,12.0101],[75.2162,12.0104],[75.2146,12.0104],[75.2146,12.0101],[75.2138,12.0101],[75.2138,12.0104],[75.2126,12.0104],[75.2126,12.0107],[75.2124,12.0107],[75.2124,12.0104],[75.2121,12.0104],[75.2121,12.0107],[75.211,12.0107],[75.211,12.011],[75.2104,12.011],[75.2104,12.0113],[75.2096,12.0113],[75.2096,12.011],[75.2093,12.011],[75.2093,12.0107],[75.2079,12.0107],[75.2079,12.0104],[75.2076,12.0104],[75.2076,12.0101],[75.2074,12.0101],[75.2074,12.0099],[75.2071,12.0099],[75.2071,12.009],[75.2074,12.009],[75.2074,12.0088],[75.2076,12.0088],[75.2076,12.0079],[75.2071,12.0079],[75.2071,12.0071],[75.2068,12.0071],[75.2068,12.0068],[75.2065,12.0068],[75.2065,12.0065],[75.2063,12.0065],[75.2063,12.0063],[75.206,12.0063],[75.206,12.006],[75.2054,12.006],[75.2054,12.0057],[75.2049,12.0057],[75.2049,12.0051],[75.2046,12.0051],[75.2046,12.0049],[75.2029,12.0049],[75.2029,12.0051],[75.2018,12.0051],[75.2018,12.0054],[75.2015,12.0054],[75.2015,12.006],[75.2012,12.006],[75.2012,12.0065],[75.201,12.0065],[75.201,12.0068],[75.2009,12.0068],[75.2007,12.0068],[75.2007,12.0074],[75.2004,12.0074],[75.2004,12.0082],[75.2006,12.0082],[75.201,12.0082],[75.201,12.0085],[75.2012,12.0085],[75.2012,12.0088],[75.2015,12.0088],[75.2015,12.0099],[75.2012,12.0099],[75.2012,12.0104],[75.201,12.0104],[75.201,12.011],[75.2007,12.011],[75.2007,12.0115],[75.2004,12.0115],[75.2004,12.0121],[75.2001,12.0121],[75.2001,12.0124],[75.2,12.0124],[75.1999,12.0124],[75.1999,12.013],[75.1999,12.0132],[75.1996,12.0132],[75.1996,12.0135],[75.1993,12.0135],[75.1993,12.0138],[75.199,12.0138],[75.199,12.014],[75.1988,12.014],[75.1988,12.0146],[75.1985,12.0146],[75.1985,12.0154],[75.1982,12.0154],[75.1982,12.016],[75.1979,12.016],[75.1979,12.0171],[75.1976,12.0171],[75.1976,12.0176],[75.1974,12.0176],[75.1974,12.0182],[75.1971,12.0182],[75.1971,12.0188],[75.1968,12.0188],[75.1968,12.019],[75.1965,12.019],[75.1965,12.0196],[75.1963,12.0196],[75.1963,12.0199],[75.196,12.0199],[75.196,12.0201],[75.1957,12.0201],[75.1957,12.021],[75.1954,12.021],[75.1954,12.0218],[75.1951,12.0218],[75.1951,12.0221],[75.1949,12.0221],[75.1949,12.0224],[75.1946,12.0224],[75.1946,12.0232],[75.1943,12.0232],[75.1943,12.0238],[75.194,12.0238],[75.194,12.024],[75.1937,12.024],[75.1937,12.0246],[75.1935,12.0246],[75.1935,12.0257],[75.1932,12.0257],[75.1932,12.0265],[75.1929,12.0265],[75.1929,12.0268],[75.1926,12.0268],[75.1926,12.0274],[75.1924,12.0274],[75.1924,12.0276],[75.1921,12.0276],[75.1921,12.0279],[75.1918,12.0279],[75.1918,12.0288],[75.1915,12.0288],[75.1915,12.029],[75.1912,12.029],[75.1912,12.0293],[75.191,12.0293],[75.191,12.0299],[75.1907,12.0299],[75.1907,12.0304],[75.1904,12.0304],[75.1904,12.0313],[75.1901,12.0313],[75.1901,12.0321],[75.1899,12.0321],[75.1899,12.0326],[75.1896,12.0326],[75.1896,12.0329],[75.1893,12.0329],[75.1893,12.0335],[75.189,12.0335],[75.189,12.0343],[75.1888,12.0343],[75.1888,12.0346],[75.1885,12.0346],[75.1885,12.0349],[75.1882,12.0349],[75.1882,12.0354],[75.1879,12.0354],[75.1879,12.036],[75.1876,12.036],[75.1876,12.0365],[75.1873,12.0365],[75.1873,12.0368],[75.1871,12.0368],[75.1871,12.0371],[75.1868,12.0371],[75.1868,12.0385],[75.1865,12.0385],[75.1865,12.0388],[75.1862,12.0388],[75.1862,12.0399],[75.186,12.0399],[75.186,12.0404],[75.1854,12.0404],[75.1854,12.041],[75.1851,12.041],[75.1851,12.0415],[75.1849,12.0415],[75.1849,12.0421],[75.1846,12.0421],[75.1846,12.0429],[75.1843,12.0429],[75.1843,12.0437],[75.184,12.0437],[75.184,12.0443],[75.1835,12.0443],[75.1835,12.0446],[75.1832,12.0446],[75.1832,12.0454],[75.1829,12.0454],[75.1829,12.0463],[75.1826,12.0463],[75.1826,12.0468],[75.1824,12.0468],[75.1824,12.0474],[75.1821,12.0474],[75.1821,12.0476],[75.1818,12.0476],[75.1818,12.0482],[75.1815,12.0482],[75.1815,12.0487],[75.1821,12.0487],[75.1821,12.0485],[75.1826,12.0485],[75.1826,12.0482],[75.1829,12.0482],[75.1829,12.0479],[75.1832,12.0479],[75.1832,12.0476],[75.1835,12.0476],[75.1835,12.0471],[75.1837,12.0471],[75.1837,12.0465],[75.184,12.0465],[75.184,12.0454],[75.1843,12.0454],[75.1843,12.0443],[75.1846,12.0443],[75.1846,12.044],[75.1849,12.044],[75.1849,12.0437],[75.1857,12.0437],[75.1857,12.044],[75.186,12.044],[75.186,12.0443],[75.1862,12.0443],[75.1862,12.0446],[75.1868,12.0446],[75.1868,12.0449],[75.1871,12.0449],[75.1871,12.0451],[75.1873,12.0451],[75.1873,12.0454],[75.1876,12.0454],[75.1876,12.046],[75.1873,12.046],[75.1873,12.0468],[75.1871,12.0468],[75.1871,12.0474],[75.1868,12.0474],[75.1868,12.0479],[75.1865,12.0479],[75.1865,12.0485],[75.1862,12.0485],[75.1862,12.0493],[75.186,12.0493],[75.186,12.0499],[75.1857,12.0499],[75.1857,12.0504],[75.1854,12.0504],[75.1854,12.0513],[75.1851,12.0513],[75.1851,12.0518],[75.1849,12.0518],[75.1849,12.0529],[75.1851,12.0529],[75.1851,12.0535],[75.1854,12.0535],[75.1854,12.0538],[75.1857,12.0538],[75.1857,12.0543],[75.186,12.0543],[75.186,12.0546],[75.1862,12.0546],[75.1862,12.0549],[75.1865,12.0549],[75.1865,12.0551],[75.1868,12.0551],[75.1868,12.0557],[75.1865,12.0557],[75.1865,12.0565],[75.186,12.0565],[75.186,12.0568],[75.1857,12.0568],[75.1857,12.0571],[75.1851,12.0571],[75.1851,12.0574],[75.1849,12.0574],[75.1849,12.0576],[75.1846,12.0576],[75.1846,12.0579],[75.1843,12.0579],[75.1843,12.0585],[75.184,12.0585],[75.184,12.059],[75.1837,12.059],[75.1837,12.0596],[75.1835,12.0596],[75.1835,12.0601],[75.1832,12.0601],[75.1832,12.0613],[75.1829,12.0613],[75.1829,12.0638],[75.1826,12.0638],[75.1826,12.0646],[75.1824,12.0646],[75.1824,12.0654],[75.1821,12.0654],[75.1821,12.066],[75.1818,12.066],[75.1818,12.0665],[75.1815,12.0665],[75.1815,12.0671],[75.1813,12.0671],[75.1813,12.0674],[75.181,12.0674],[75.181,12.0676],[75.1807,12.0676],[75.1807,12.0679],[75.1804,12.0679],[75.1804,12.0685],[75.1801,12.0685],[75.1801,12.069],[75.1799,12.069],[75.1799,12.0699],[75.1796,12.0699],[75.1796,12.0704],[75.1793,12.0704],[75.1793,12.0715],[75.179,12.0715],[75.179,12.0724],[75.1787,12.0724],[75.1787,12.0729],[75.1785,12.0729],[75.1785,12.0735],[75.1782,12.0735],[75.1782,12.0738],[75.1779,12.0738],[75.1779,12.074],[75.1776,12.074],[75.1776,12.0754],[75.1779,12.0754],[75.1779,12.0776],[75.1782,12.0776],[75.1782,12.0787],[75.1785,12.0787],[75.1785,12.0796],[75.1787,12.0796],[75.1787,12.0807],[75.179,12.0807],[75.179,12.0813],[75.1793,12.0813],[75.1793,12.0815],[75.1796,12.0815],[75.1796,12.0818],[75.1799,12.0818],[75.1799,12.0821],[75.1801,12.0821],[75.1801,12.0824],[75.1807,12.0824],[75.1807,12.0826],[75.181,12.0826],[75.181,12.0829],[75.1813,12.0829],[75.1813,12.0832],[75.1818,12.0832],[75.1818,12.0835],[75.1824,12.0835],[75.1824,12.0838],[75.1832,12.0838],[75.1832,12.084],[75.1837,12.084],[75.1837,12.0846],[75.184,12.0846],[75.184,12.0851],[75.1843,12.0851],[75.1843,12.0857],[75.1846,12.0857],[75.1846,12.086],[75.1851,12.086],[75.1851,12.0868],[75.1854,12.0868],[75.1854,12.0874],[75.1857,12.0874],[75.1857,12.0876],[75.186,12.0876],[75.186,12.0882],[75.1865,12.0882],[75.1865,12.0887],[75.1868,12.0887],[75.1868,12.089],[75.1873,12.089],[75.1873,12.0893],[75.1888,12.0893],[75.1888,12.0896],[75.1893,12.0896],[75.1893,12.0893],[75.1899,12.0893],[75.1899,12.089],[75.1901,12.089],[75.1901,12.0887],[75.1904,12.0887],[75.1904,12.0885],[75.1907,12.0885],[75.1907,12.0879],[75.191,12.0879],[75.191,12.0874],[75.1913,12.0874],[75.1913,12.0865],[75.1915,12.0865],[75.1915,12.0854],[75.1918,12.0854],[75.1918,12.0846],[75.1915,12.0846],[75.1915,12.0843],[75.1918,12.0843],[75.1918,12.084],[75.1915,12.084],[75.1915,12.0838],[75.1912,12.0838],[75.1912,12.0835],[75.191,12.0835],[75.191,12.0818],[75.1912,12.0818],[75.1912,12.081],[75.1915,12.081],[75.1915,12.0807],[75.1913,12.0807],[75.1913,12.0801],[75.1915,12.0801],[75.1915,12.0799],[75.1912,12.0799],[75.1912,12.0793],[75.1915,12.0793],[75.1915,12.0785],[75.1918,12.0785],[75.1918,12.0771],[75.1921,12.0771],[75.1921,12.0765],[75.1924,12.0765],[75.1924,12.0754],[75.1926,12.0754],[75.1926,12.0746],[75.1929,12.0746],[75.1929,12.074],[75.1932,12.074],[75.1932,12.0732],[75.1935,12.0732],[75.1935,12.0726],[75.1937,12.0726],[75.1937,12.0724],[75.194,12.0724],[75.194,12.0718],[75.1943,12.0718],[75.1943,12.071],[75.1946,12.071],[75.1946,12.0707],[75.1949,12.0707],[75.1949,12.0704],[75.1951,12.0704],[75.1951,12.0701],[75.1965,12.0701],[75.1965,12.0699],[75.1976,12.0699],[75.1976,12.0701],[75.2001,12.0701],[75.2001,12.0704],[75.2015,12.0704],[75.2015,12.0707],[75.2021,12.0707],[75.2021,12.071],[75.2026,12.071],[75.2026,12.0713],[75.2032,12.0713],[75.2032,12.0715],[75.2038,12.0715],[75.2038,12.0718],[75.2043,12.0718],[75.2043,12.0724],[75.2046,12.0724],[75.2046,12.0729],[75.2051,12.0729],[75.2051,12.0726],[75.2054,12.0726],[75.2054,12.0732],[75.206,12.0732],[75.206,12.0729],[75.2065,12.0729],[75.2065,12.0732],[75.2074,12.0732],[75.2074,12.0735],[75.2076,12.0735],[75.2076,12.0732],[75.2082,12.0732],[75.2082,12.0729],[75.2087,12.0729],[75.2087,12.0726],[75.2093,12.0726],[75.2093,12.0721],[75.2096,12.0721],[75.2096,12.0718],[75.2099,12.0718],[75.2099,12.071],[75.2101,12.071],[75.2101,12.0704],[75.2107,12.0704],[75.2107,12.0701],[75.211,12.0701],[75.211,12.0699],[75.2115,12.0699],[75.2115,12.0696],[75.2118,12.0696],[75.2118,12.0693],[75.2121,12.0693],[75.2121,12.069],[75.2124,12.069],[75.2124,12.0687],[75.2132,12.0687],[75.2132,12.0685],[75.2135,12.0685],[75.2135,12.0682],[75.2138,12.0682],[75.2138,12.0679],[75.214,12.0679],[75.214,12.0674],[75.2143,12.0674],[75.2143,12.0668],[75.2151,12.0668],[75.2151,12.0671],[75.2157,12.0671],[75.2157,12.0674],[75.2168,12.0674],[75.2168,12.0676],[75.2174,12.0676],[75.2174,12.0679],[75.2182,12.0679],[75.2182,12.0676],[75.2196,12.0676],[75.2196,12.0679],[75.2201,12.0679],[75.2201,12.0685],[75.2204,12.0685],[75.2204,12.0693],[75.2201,12.0693],[75.2201,12.0701],[75.2199,12.0701],[75.2199,12.0704],[75.2196,12.0704],[75.2196,12.0713],[75.219,12.0713],[75.219,12.0715],[75.2188,12.0715],[75.2188,12.0713],[75.2185,12.0713],[75.2185,12.0704],[75.2182,12.0704],[75.2182,12.0699],[75.2179,12.0699],[75.2179,12.0696],[75.2176,12.0696],[75.2176,12.069],[75.216,12.069],[75.216,12.0687],[75.2151,12.0687],[75.2151,12.069],[75.2143,12.069],[75.2143,12.0687],[75.214,12.0687],[75.214,12.069],[75.2135,12.069],[75.2135,12.0693],[75.2132,12.0693],[75.2132,12.0696],[75.2129,12.0696],[75.2129,12.0699],[75.2124,12.0699],[75.2124,12.0701],[75.2121,12.0701],[75.2121,12.0704],[75.2118,12.0704],[75.2118,12.071],[75.2115,12.071],[75.2115,12.0713],[75.2113,12.0713],[75.2113,12.0718],[75.211,12.0718],[75.211,12.0724],[75.2107,12.0724],[75.2107,12.0726],[75.2104,12.0726],[75.2104,12.0729],[75.2099,12.0729],[75.2099,12.0732],[75.209,12.0732],[75.209,12.0735],[75.2087,12.0735],[75.2087,12.0738],[75.2085,12.0738],[75.2085,12.074],[75.2079,12.074],[75.2079,12.0743],[75.2068,12.0743],[75.2068,12.0746],[75.2065,12.0746],[75.2065,12.0743],[75.204,12.0743],[75.204,12.074],[75.2038,12.074],[75.2038,12.0738],[75.2035,12.0738],[75.2035,12.0735],[75.2032,12.0735],[75.2032,12.0732],[75.2029,12.0732],[75.2029,12.0729],[75.2026,12.0729],[75.2026,12.0726],[75.2021,12.0726],[75.2021,12.0724],[75.2018,12.0724],[75.2018,12.0721],[75.2015,12.0721],[75.2015,12.0718],[75.201,12.0718],[75.201,12.0715],[75.1988,12.0715],[75.1988,12.0718],[75.1976,12.0718],[75.1976,12.0715],[75.1957,12.0715],[75.1957,12.0718],[75.1954,12.0718],[75.1954,12.0721],[75.1951,12.0721],[75.1951,12.0724],[75.1949,12.0724],[75.1949,12.0726],[75.1946,12.0726],[75.1946,12.0735],[75.1943,12.0735],[75.1943,12.074],[75.194,12.074],[75.194,12.076],[75.1937,12.076],[75.1937,12.0768],[75.1935,12.0768],[75.1935,12.0771],[75.1932,12.0771],[75.1932,12.0779],[75.1929,12.0779],[75.1929,12.0787],[75.1926,12.0787],[75.1926,12.0793],[75.1929,12.0793],[75.1929,12.0796],[75.1926,12.0796],[75.1926,12.0801],[75.1924,12.0801],[75.1924,12.0813],[75.1921,12.0813],[75.1921,12.0815],[75.1924,12.0815],[75.1924,12.0829],[75.1921,12.0829],[75.1921,12.0832],[75.1924,12.0832],[75.1924,12.084],[75.1926,12.084],[75.1926,12.0846],[75.1929,12.0846],[75.1929,12.086],[75.1926,12.086],[75.1926,12.0871],[75.1924,12.0871],[75.1924,12.0882],[75.1921,12.0882],[75.1921,12.0885],[75.1918,12.0885],[75.1918,12.089],[75.1915,12.089],[75.1915,12.0893],[75.1912,12.0893],[75.1912,12.0899],[75.191,12.0899],[75.191,12.0901],[75.1904,12.0901],[75.1904,12.0904],[75.1896,12.0904],[75.1896,12.0907],[75.1893,12.0907],[75.1893,12.091],[75.189,12.091],[75.189,12.0913],[75.1879,12.0913],[75.1879,12.091],[75.1874,12.091],[75.1874,12.0907],[75.1868,12.0907],[75.1868,12.091],[75.186,12.091],[75.186,12.0899],[75.1857,12.0899],[75.1857,12.0893],[75.1851,12.0893],[75.1851,12.089],[75.1849,12.089],[75.1849,12.0887],[75.1843,12.0887],[75.1843,12.0882],[75.1837,12.0882],[75.1837,12.0876],[75.1832,12.0876],[75.1832,12.0874],[75.1829,12.0874],[75.1829,12.0868],[75.1826,12.0868],[75.1826,12.0865],[75.1824,12.0865],[75.1824,12.086],[75.1821,12.086],[75.1821,12.0857],[75.1818,12.0857],[75.1818,12.0851],[75.1813,12.0851],[75.1813,12.0843],[75.181,12.0843],[75.181,12.084],[75.1804,12.084],[75.1804,12.0838],[75.1799,12.0838],[75.1799,12.0835],[75.1796,12.0835],[75.1796,12.0832],[75.179,12.0832],[75.179,12.0829],[75.1787,12.0829],[75.1787,12.0832],[75.1785,12.0832],[75.1785,12.0835],[75.1779,12.0835],[75.1779,12.0838],[75.1774,12.0838],[75.1774,12.084],[75.1762,12.084],[75.1762,12.0838],[75.1749,12.0838],[75.1749,12.084],[75.1746,12.084],[75.1746,12.0849],[75.1749,12.0849],[75.1749,12.0854],[75.1751,12.0854],[75.1751,12.086],[75.1749,12.086],[75.1749,12.0868],[75.1743,12.0868],[75.1743,12.0871],[75.1735,12.0871],[75.1735,12.086],[75.1729,12.086],[75.1729,12.0857],[75.1726,12.0857],[75.1726,12.0865],[75.1724,12.0865],[75.1724,12.0887],[75.1726,12.0887],[75.1726,12.0893],[75.1729,12.0893],[75.1729,12.0896],[75.1735,12.0896],[75.1735,12.0899],[75.1738,12.0899],[75.1738,12.0901],[75.1746,12.0901],[75.1746,12.0904],[75.1751,12.0904],[75.1751,12.0901],[75.176,12.0901],[75.176,12.0904],[75.1771,12.0904],[75.1771,12.0913],[75.1768,12.0913],[75.1768,12.0918],[75.1765,12.0918],[75.1765,12.0921],[75.176,12.0921],[75.176,12.0926],[75.1757,12.0926],[75.1757,12.0929],[75.1754,12.0929],[75.1754,12.0935],[75.1751,12.0935],[75.1751,12.094],[75.1749,12.094],[75.1749,12.0946],[75.1746,12.0946],[75.1746,12.096],[75.1749,12.096],[75.1749,12.0965],[75.1751,12.0965],[75.1751,12.0968],[75.1754,12.0968],[75.1754,12.0974],[75.1757,12.0974],[75.1757,12.0976],[75.176,12.0976],[75.176,12.0979],[75.1762,12.0979],[75.1762,12.0982],[75.1765,12.0982],[75.1765,12.0985],[75.1768,12.0985],[75.1768,12.0988],[75.1771,12.0988],[75.1771,12.099],[75.1774,12.099],[75.1774,12.0988],[75.1779,12.0988],[75.1779,12.0985],[75.1782,12.0985],[75.1782,12.0982],[75.1785,12.0982],[75.1785,12.0979],[75.1787,12.0979],[75.1787,12.0971],[75.179,12.0971],[75.179,12.0969],[75.179,12.0968],[75.1793,12.0968],[75.1793,12.0962],[75.1796,12.0962],[75.1796,12.0957],[75.1799,12.0957],[75.1799,12.0951],[75.1801,12.0951],[75.1801,12.0949],[75.1807,12.0949],[75.1807,12.0946],[75.1813,12.0946],[75.1813,12.0943],[75.1815,12.0943],[75.1815,12.094],[75.1826,12.094],[75.1826,12.0938],[75.1846,12.0937],[75.1849,12.0937],[75.1854,12.0938],[75.1854,12.0935],[75.186,12.0935],[75.186,12.0938],[75.1876,12.0938],[75.1876,12.094],[75.1882,12.094],[75.1882,12.0943],[75.1885,12.0943],[75.1885,12.0946],[75.1888,12.0946],[75.1888,12.095],[75.1888,12.0951],[75.189,12.0951],[75.189,12.0957],[75.1896,12.0957],[75.1896,12.096],[75.1899,12.096],[75.1899,12.0962],[75.1903,12.0962],[75.1904,12.0962],[75.1904,12.0965],[75.1907,12.0965],[75.1907,12.0968],[75.191,12.0968],[75.191,12.0971],[75.1912,12.0971],[75.1912,12.0976],[75.191,12.0976],[75.191,12.0982],[75.1907,12.0982],[75.1907,12.099],[75.191,12.099],[75.191,12.0996],[75.1912,12.0996],[75.1912,12.1001],[75.1915,12.1001],[75.1915,12.1004],[75.1926,12.1004],[75.1926,12.1007],[75.1929,12.1007],[75.1929,12.1018],[75.1926,12.1018],[75.1926,12.1021],[75.1929,12.1021],[75.1929,12.1024],[75.1932,12.1024],[75.1932,12.1026],[75.1929,12.1026],[75.1929,12.1029],[75.1932,12.1029],[75.1932,12.1032],[75.1935,12.1032],[75.1935,12.1038],[75.1932,12.1037],[75.1932,12.1043],[75.1935,12.1043],[75.1935,12.1049],[75.1932,12.1049],[75.1932,12.1054],[75.1929,12.1054],[75.1929,12.106],[75.1926,12.106],[75.1926,12.1063],[75.1924,12.1063],[75.1924,12.1068],[75.1921,12.1068],[75.1921,12.1071],[75.1915,12.1071],[75.1915,12.1074],[75.1918,12.1074],[75.1918,12.1085],[75.1921,12.1085],[75.1921,12.1118],[75.1937,12.1118],[75.1937,12.1121],[75.194,12.1121],[75.194,12.1124],[75.1943,12.1124],[75.1943,12.1126],[75.1954,12.1126],[75.1954,12.1124],[75.196,12.1124],[75.196,12.1126],[75.1963,12.1126],[75.1963,12.1129],[75.1965,12.1129],[75.1965,12.1138],[75.1963,12.1138],[75.1963,12.1143],[75.196,12.1143],[75.196,12.1151],[75.1957,12.1151],[75.1957,12.1154],[75.196,12.1154],[75.196,12.1157],[75.1963,12.1157],[75.1963,12.1163],[75.1965,12.1163],[75.1965,12.1165],[75.1971,12.1165],[75.1971,12.1168],[75.1974,12.1168],[75.1974,12.1174],[75.1971,12.1174],[75.1971,12.1176],[75.1968,12.1176],[75.1968,12.1179],[75.196,12.1179],[75.196,12.1182],[75.1957,12.1182],[75.1957,12.1185],[75.1954,12.1185],[75.1954,12.1188],[75.1951,12.1188],[75.1951,12.119],[75.1949,12.119],[75.1949,12.1193],[75.1946,12.1193],[75.1946,12.1196],[75.194,12.1196],[75.194,12.1204],[75.1935,12.1204],[75.1935,12.1207],[75.1932,12.1207],[75.1932,12.121],[75.1929,12.121],[75.1929,12.1215],[75.1926,12.1215],[75.1926,12.1224],[75.1929,12.1224],[75.1929,12.1229],[75.1926,12.1229],[75.1926,12.1235],[75.1924,12.1235],[75.1924,12.1238],[75.1921,12.1238],[75.1921,12.124],[75.1918,12.124],[75.1918,12.1243],[75.191,12.1243],[75.191,12.1246],[75.1907,12.1246],[75.1907,12.1249],[75.1904,12.1249],[75.1904,12.1251],[75.1901,12.1251],[75.1901,12.1254],[75.1899,12.1254],[75.1899,12.1257],[75.1901,12.1257],[75.1901,12.1263],[75.1899,12.1263],[75.1899,12.1268],[75.1896,12.1268],[75.1896,12.1274],[75.1893,12.1274],[75.1893,12.1279],[75.189,12.1279],[75.189,12.1282],[75.1888,12.1282],[75.1888,12.1296],[75.189,12.1296],[75.189,12.1299],[75.1893,12.1299],[75.1893,12.1301],[75.1899,12.1301],[75.1899,12.1304],[75.1907,12.1304],[75.1907,12.1301],[75.1912,12.1301],[75.1912,12.1299],[75.1915,12.1299],[75.1915,12.1296],[75.1921,12.1296],[75.1921,12.1299],[75.1924,12.1299],[75.1924,12.1313],[75.1921,12.1313],[75.1921,12.1315],[75.1918,12.1315],[75.1918,12.1318],[75.1921,12.1318],[75.1921,12.1326],[75.1907,12.1326],[75.1907,12.1324],[75.1893,12.1324],[75.1893,12.1321],[75.189,12.1321],[75.189,12.1315],[75.1888,12.1315],[75.1888,12.1313],[75.1885,12.1313],[75.1885,12.131],[75.1882,12.131],[75.1879,12.131],[75.1879,12.1304],[75.1876,12.1304],[75.1876,12.1299],[75.1873,12.1299],[75.1873,12.1296],[75.1871,12.1296],[75.1871,12.1282],[75.1874,12.1282],[75.1874,12.1279],[75.1879,12.1279],[75.1879,12.1274],[75.1882,12.1274],[75.1882,12.1271],[75.1885,12.1271],[75.1885,12.1268],[75.1888,12.1268],[75.1888,12.1263],[75.189,12.1263],[75.189,12.1257],[75.1893,12.1257],[75.1893,12.1254],[75.1896,12.1254],[75.1896,12.1251],[75.1899,12.1251],[75.1899,12.1246],[75.1896,12.1246],[75.1896,12.1237],[75.1899,12.1238],[75.1899,12.1235],[75.1901,12.1235],[75.1901,12.1232],[75.1904,12.1232],[75.1904,12.1218],[75.1907,12.1218],[75.1907,12.1212],[75.191,12.1212],[75.191,12.1204],[75.1912,12.1204],[75.1912,12.1199],[75.1915,12.1199],[75.1915,12.119],[75.1918,12.119],[75.1918,12.1185],[75.1921,12.1185],[75.1921,12.1176],[75.1924,12.1176],[75.1924,12.1168],[75.1921,12.1168],[75.1921,12.1165],[75.1918,12.1165],[75.1918,12.1163],[75.1912,12.1163],[75.1912,12.116],[75.191,12.116],[75.191,12.1157],[75.1908,12.1157],[75.1901,12.1157],[75.1901,12.1151],[75.1899,12.1151],[75.1899,12.1149],[75.1896,12.1149],[75.1896,12.1143],[75.1893,12.1143],[75.1893,12.1138],[75.189,12.1138],[75.189,12.1133],[75.189,12.1126],[75.1893,12.1126],[75.1893,12.1121],[75.1899,12.1121],[75.1899,12.1118],[75.1901,12.1118],[75.1901,12.1115],[75.1904,12.1115],[75.1904,12.111],[75.1907,12.111],[75.1907,12.1104],[75.191,12.1104],[75.191,12.1082],[75.1907,12.1082],[75.1907,12.1068],[75.1904,12.1068],[75.1904,12.106],[75.1901,12.106],[75.1901,12.1057],[75.1904,12.1057],[75.1904,12.1049],[75.1907,12.1049],[75.1907,12.1043],[75.1912,12.1043],[75.1912,12.1037],[75.1915,12.1038],[75.1915,12.1029],[75.1918,12.1029],[75.1918,12.1026],[75.1915,12.1026],[75.1915,12.1012],[75.1907,12.1012],[75.1907,12.1007],[75.1904,12.1007],[75.1904,12.0999],[75.1903,12.0999],[75.1901,12.0999],[75.1901,12.0993],[75.1899,12.0993],[75.1899,12.0988],[75.1896,12.0988],[75.1896,12.0982],[75.1893,12.0982],[75.1893,12.0968],[75.189,12.0968],[75.189,12.0965],[75.1888,12.0965],[75.1888,12.0962],[75.1876,12.0962],[75.1876,12.0965],[75.1865,12.0965],[75.1865,12.0962],[75.1849,12.0962],[75.1849,12.096],[75.1846,12.096],[75.1846,12.0957],[75.1837,12.0957],[75.1837,12.0954],[75.1832,12.0954],[75.1832,12.0951],[75.1818,12.0951],[75.1818,12.0954],[75.1813,12.0954],[75.1813,12.096],[75.181,12.096],[75.181,12.0962],[75.181,12.0974],[75.1807,12.0974],[75.1807,12.0976],[75.1804,12.0976],[75.1804,12.0979],[75.1801,12.0979],[75.1801,12.0982],[75.1799,12.0982],[75.1799,12.0985],[75.1796,12.0985],[75.1796,12.0988],[75.179,12.0988],[75.179,12.099],[75.1787,12.099],[75.1787,12.0996],[75.1785,12.0996],[75.1785,12.0999],[75.1782,12.0999],[75.1782,12.1001],[75.1779,12.1001],[75.1779,12.1004],[75.1771,12.1004],[75.1771,12.1007],[75.1762,12.1007],[75.1762,12.101],[75.1743,12.101],[75.1743,12.1007],[75.1732,12.1007],[75.1732,12.1026],[75.1735,12.1026],[75.1735,12.1035],[75.1732,12.1035],[75.1732,12.1068],[75.1729,12.1068],[75.1729,12.1082],[75.1726,12.1082],[75.1726,12.1088],[75.1724,12.1088],[75.1724,12.1121],[75.1726,12.1121],[75.1726,12.1126],[75.1724,12.1126],[75.1724,12.1132],[75.1721,12.1132],[75.1721,12.1138],[75.1715,12.1138],[75.1715,12.1146],[75.1712,12.1146],[75.1712,12.1151],[75.1707,12.1151],[75.1707,12.1154],[75.1699,12.1154],[75.1699,12.1157],[75.1687,12.1157],[75.1687,12.1163],[75.1682,12.1163],[75.1682,12.1168],[75.1679,12.1168],[75.1679,12.1174],[75.1676,12.1174],[75.1676,12.1176],[75.1674,12.1176],[75.1674,12.1179],[75.1662,12.1179],[75.1662,12.1174],[75.1654,12.1174],[75.1654,12.1171],[75.1651,12.1171],[75.1651,12.1168],[75.1649,12.1168],[75.1649,12.1171],[75.1637,12.1171],[75.1637,12.1174],[75.1629,12.1174],[75.1629,12.1179],[75.1624,12.1179],[75.1624,12.1182],[75.1621,12.1182],[75.1621,12.1185],[75.1618,12.1185],[75.1618,12.119],[75.1615,12.119],[75.1615,12.1193],[75.1612,12.1193],[75.1612,12.1204],[75.1615,12.1204],[75.1615,12.1215],[75.1618,12.1215],[75.1618,12.1224],[75.1621,12.1224],[75.1621,12.1235],[75.1624,12.1235],[75.1624,12.1238],[75.1626,12.1238],[75.1626,12.1243],[75.1629,12.1243],[75.1629,12.1254],[75.1632,12.1254],[75.1632,12.1263],[75.1635,12.1263],[75.1635,12.1274],[75.1637,12.1274],[75.1637,12.1307],[75.164,12.1307],[75.164,12.1318],[75.1643,12.1318],[75.1643,12.1332],[75.164,12.1332],[75.164,12.1337],[75.1637,12.1337],[75.1637,12.1343],[75.1635,12.1343],[75.1635,12.1363],[75.1632,12.1363],[75.1632,12.1365],[75.1629,12.1365],[75.1629,12.1371],[75.1626,12.1371],[75.1626,12.1376],[75.1621,12.1376],[75.1621,12.1388],[75.1618,12.1388],[75.1618,12.1393],[75.1615,12.1393],[75.1615,12.1399],[75.161,12.1399],[75.161,12.1401],[75.1607,12.1401],[75.1607,12.1404],[75.1604,12.1404],[75.1604,12.1407],[75.1599,12.1407],[75.1599,12.141],[75.1596,12.141],[75.1596,12.1415],[75.1593,12.1415],[75.1593,12.1426],[75.159,12.1426],[75.159,12.1435],[75.1585,12.1435],[75.1585,12.1438],[75.1579,12.1438],[75.1579,12.144],[75.1576,12.144],[75.1576,12.1443],[75.1571,12.1443],[75.1571,12.1446],[75.1568,12.1446],[75.1568,12.1449],[75.1565,12.1449],[75.1565,12.1454],[75.1563,12.1454],[75.1563,12.1457],[75.156,12.1457],[75.156,12.146],[75.1557,12.146],[75.1557,12.1463],[75.1554,12.1463],[75.1554,12.1468],[75.1549,12.1468],[75.1549,12.1476],[75.1546,12.1476],[75.1546,12.1485],[75.1543,12.1485],[75.1543,12.149],[75.154,12.149],[75.154,12.1493],[75.1537,12.1493],[75.1537,12.1521],[75.1535,12.1521],[75.1535,12.1538],[75.1532,12.1538],[75.1532,12.1546],[75.1535,12.1546],[75.1535,12.1551],[75.1537,12.1551],[75.1537,12.1576],[75.1535,12.1576],[75.1535,12.159],[75.1532,12.159],[75.1532,12.1596],[75.1529,12.1596],[75.1529,12.1607],[75.1526,12.1607],[75.1526,12.1613],[75.1524,12.1613],[75.1524,12.1618],[75.1521,12.1618],[75.1521,12.1626],[75.1518,12.1626],[75.1518,12.1632],[75.1515,12.1632],[75.1515,12.164],[75.1512,12.164],[75.1512,12.1643],[75.151,12.1643],[75.151,12.1651],[75.1507,12.1651],[75.1507,12.1657],[75.1504,12.1657],[75.1504,12.1663],[75.1501,12.1663],[75.1501,12.1671],[75.1499,12.1671],[75.1499,12.1676],[75.1496,12.1676],[75.1496,12.1685],[75.1493,12.1685],[75.1493,12.169],[75.149,12.169],[75.149,12.1696],[75.1482,12.1696],[75.1482,12.1699],[75.1476,12.1699],[75.1476,12.1702],[75.1474,12.1702],[75.1474,12.1704],[75.1468,12.1704],[75.1468,12.1707],[75.1465,12.1707],[75.1465,12.171],[75.1462,12.171],[75.1462,12.1713],[75.146,12.1713],[75.146,12.1718],[75.1457,12.1718],[75.1457,12.1721],[75.1454,12.1721],[75.1454,12.1724],[75.1451,12.1724],[75.1451,12.1729],[75.1449,12.1729],[75.1449,12.1735],[75.1446,12.1735],[75.1446,12.174],[75.1443,12.174],[75.1443,12.1746],[75.144,12.1746],[75.144,12.1749],[75.1438,12.1749],[75.1438,12.1754],[75.1435,12.1754],[75.1435,12.176],[75.1432,12.176],[75.1432,12.1765],[75.1429,12.1765],[75.1429,12.1771],[75.1426,12.1771],[75.1426,12.1782],[75.1424,12.1782],[75.1424,12.1801],[75.1426,12.1801],[75.1426,12.1815],[75.1424,12.1815],[75.1424,12.1824],[75.1421,12.1824],[75.1421,12.1829],[75.1418,12.1829],[75.1418,12.1835],[75.1415,12.1835],[75.1415,12.184],[75.1407,12.184],[75.1407,12.1843],[75.1401,12.1843],[75.1401,12.1846],[75.1393,12.1846],[75.1393,12.1849],[75.139,12.1849],[75.139,12.1851],[75.1382,12.1851],[75.1382,12.1854],[75.1374,12.1854],[75.1374,12.1857],[75.1371,12.1857],[75.1371,12.1862],[75.1368,12.1862],[75.1368,12.1865],[75.1365,12.1865],[75.1365,12.1868],[75.1363,12.1868],[75.1363,12.1879],[75.136,12.1879],[75.136,12.1882],[75.1363,12.1882],[75.1363,12.1885],[75.136,12.1885],[75.136,12.1893],[75.1357,12.1893],[75.1357,12.1904],[75.1354,12.1904],[75.1354,12.1915],[75.1351,12.1915],[75.1351,12.1918],[75.1349,12.1918],[75.1349,12.1924],[75.1346,12.1924],[75.1346,12.1929],[75.134,12.1929],[75.134,12.1932],[75.1338,12.1932],[75.1338,12.1938],[75.1335,12.1938],[75.1335,12.1943],[75.1332,12.1943],[75.1332,12.1954],[75.1329,12.1954],[75.1329,12.196],[75.1326,12.196],[75.1326,12.1968],[75.1324,12.1968],[75.1324,12.1982],[75.1321,12.1982],[75.1321,12.1993],[75.1324,12.1993],[75.1324,12.1996],[75.1326,12.1996],[75.1326,12.1999],[75.1329,12.1999],[75.1329,12.2007],[75.1326,12.2007],[75.1326,12.2026],[75.1324,12.2026],[75.1324,12.2029],[75.1321,12.2029],[75.1321,12.2035],[75.1318,12.2035],[75.1318,12.2038],[75.1315,12.2038],[75.1315,12.204],[75.1312,12.204],[75.1312,12.2043],[75.131,12.2043],[75.131,12.2051],[75.1307,12.2051],[75.1307,12.2071],[75.1304,12.2071],[75.1304,12.2079],[75.1301,12.2079],[75.1301,12.2082],[75.1299,12.2082],[75.1299,12.2093],[75.1296,12.2093],[75.1296,12.211],[75.1293,12.211],[75.1293,12.2115],[75.129,12.2115],[75.129,12.2121],[75.1285,12.2121],[75.1285,12.2124],[75.1276,12.2124],[75.1276,12.2126],[75.1268,12.2126],[75.1268,12.2129],[75.126,12.2129],[75.126,12.2126],[75.1251,12.2126],[75.1251,12.2129],[75.1249,12.2129],[75.1249,12.2132],[75.1243,12.2132],[75.1243,12.2135],[75.124,12.2135],[75.124,12.2138],[75.1235,12.2138],[75.1235,12.214],[75.1221,12.214],[75.1221,12.2138],[75.1215,12.2138],[75.1215,12.2132],[75.1212,12.2132],[75.1212,12.2126],[75.121,12.2126],[75.121,12.2121],[75.1207,12.2121],[75.1207,12.2115],[75.1204,12.2115],[75.1204,12.211],[75.1201,12.211],[75.1201,12.2107],[75.1204,12.2107],[75.1204,12.2104],[75.1201,12.2104],[75.1201,12.2099],[75.1204,12.2099],[75.1204,12.2093],[75.1207,12.2093],[75.1207,12.2087],[75.121,12.2087],[75.121,12.2082],[75.1212,12.2082],[75.1212,12.2076],[75.1215,12.2076],[75.1215,12.2068],[75.1218,12.2068],[75.1218,12.206],[75.1221,12.206],[75.1221,12.2051],[75.1224,12.2051],[75.1224,12.2049],[75.1221,12.2049],[75.1221,12.2043],[75.1218,12.2043],[75.1218,12.204],[75.1215,12.204],[75.1215,12.2038],[75.1213,12.2038],[75.1213,12.2035],[75.1207,12.2035],[75.1199,12.2035],[75.1199,12.2038],[75.1196,12.2038],[75.1196,12.2043],[75.1193,12.2043],[75.1193,12.2049],[75.119,12.2049],[75.119,12.2051],[75.1188,12.2051],[75.1188,12.2054],[75.1185,12.2054],[75.1185,12.2057],[75.1179,12.2057],[75.1179,12.2063],[75.1176,12.2063],[75.1176,12.2071],[75.1174,12.2071],[75.1174,12.2076],[75.1171,12.2076],[75.1171,12.2087],[75.1168,12.2087],[75.1168,12.2096],[75.1165,12.2096],[75.1165,12.2101],[75.1162,12.2101],[75.1162,12.2107],[75.116,12.2107],[75.116,12.2113],[75.1157,12.2113],[75.1157,12.2121],[75.1154,12.2121],[75.1154,12.2126],[75.1151,12.2126],[75.1151,12.2132],[75.1149,12.2132],[75.1149,12.214],[75.1146,12.214],[75.1146,12.2151],[75.1143,12.2151],[75.1143,12.2154],[75.114,12.2154],[75.114,12.2165],[75.1137,12.2165],[75.1137,12.2176],[75.1135,12.2176],[75.1135,12.2185],[75.1132,12.2185],[75.1132,12.219],[75.1129,12.219],[75.1129,12.2193],[75.1126,12.2193],[75.1126,12.2199],[75.1124,12.2199],[75.1124,12.2207],[75.1121,12.2207],[75.1121,12.2215],[75.1118,12.2215],[75.1118,12.2224],[75.1115,12.2224],[75.1115,12.2229],[75.1113,12.2229],[75.1113,12.2238],[75.111,12.2238],[75.111,12.2246],[75.1107,12.2246],[75.1107,12.2251],[75.1104,12.2251],[75.1104,12.226],[75.1101,12.226],[75.1101,12.2268],[75.1099,12.2268],[75.1099,12.2274],[75.1096,12.2274],[75.1096,12.2282],[75.1093,12.2282],[75.1093,12.229],[75.109,12.229],[75.109,12.2299],[75.1087,12.2299],[75.1087,12.2307],[75.1085,12.2307],[75.1085,12.2312],[75.1082,12.2312],[75.1082,12.2321],[75.1079,12.2321],[75.1079,12.2329],[75.1076,12.2329],[75.1076,12.2338],[75.1074,12.2338],[75.1074,12.2343],[75.1071,12.2343],[75.1071,12.2351],[75.1068,12.2351],[75.1068,12.2355],[75.1068,12.236],[75.1065,12.236],[75.1065,12.2362],[75.1065,12.2368],[75.1063,12.2368],[75.1062,12.2376],[75.106,12.2376],[75.106,12.2382],[75.1057,12.2382],[75.1057,12.239],[75.1054,12.239],[75.1054,12.2399],[75.1051,12.2399],[75.1051,12.2404],[75.105,12.2404],[75.1049,12.2404],[75.1049,12.2408],[75.1049,12.2413],[75.1046,12.2413],[75.1046,12.2418],[75.1043,12.2418],[75.1043,12.2426],[75.104,12.2426],[75.104,12.2432],[75.1038,12.2432],[75.1038,12.2438],[75.1035,12.2438],[75.1035,12.2446],[75.1032,12.2446],[75.1032,12.2451],[75.1029,12.2451],[75.1029,12.2454],[75.1029,12.246],[75.1028,12.246],[75.1026,12.246],[75.1026,12.2465],[75.1024,12.2465],[75.1024,12.2474],[75.1021,12.2474],[75.1021,12.2479],[75.1018,12.2479],[75.1018,12.2488],[75.1015,12.2488],[75.1015,12.2493],[75.1012,12.2493],[75.1012,12.2501],[75.101,12.2501],[75.101,12.2507],[75.1007,12.2507],[75.1007,12.2513],[75.1004,12.2513],[75.1004,12.2521],[75.1002,12.2521],[75.1002,12.2526],[75.0999,12.2526],[75.0999,12.2535],[75.0996,12.2535],[75.0996,12.254],[75.0993,12.254],[75.0993,12.2549],[75.099,12.2549],[75.099,12.2557],[75.0987,12.2557],[75.0987,12.2565],[75.0985,12.2565],[75.0985,12.2571],[75.0982,12.2571],[75.0982,12.2579],[75.0979,12.2579],[75.0979,12.2588],[75.0976,12.2587],[75.0976,12.2596],[75.0974,12.2596],[75.0974,12.2601],[75.0971,12.2601],[75.0971,12.261],[75.0968,12.261],[75.0968,12.2615],[75.0965,12.2615],[75.0965,12.2635],[75.0963,12.2635],[75.0963,12.2638],[75.096,12.2638],[75.096,12.264],[75.0957,12.264],[75.0957,12.2643],[75.0954,12.2643],[75.0954,12.2649],[75.0951,12.2649],[75.0951,12.2654],[75.0949,12.2654],[75.0949,12.2662],[75.0946,12.2662],[75.0946,12.2668],[75.0943,12.2668],[75.0943,12.2674],[75.094,12.2674],[75.094,12.2682],[75.0938,12.2682],[75.0938,12.2688],[75.0935,12.2688],[75.0935,12.2693],[75.0932,12.2693],[75.0932,12.2701],[75.0929,12.2701],[75.0929,12.2707],[75.0926,12.2707],[75.0926,12.2713],[75.0924,12.2713],[75.0924,12.2721],[75.0921,12.2721],[75.0921,12.2726],[75.0918,12.2726],[75.0918,12.2732],[75.0915,12.2732],[75.0915,12.274],[75.0912,12.274],[75.0912,12.2746],[75.091,12.2746],[75.091,12.2751],[75.0907,12.2751],[75.0907,12.276],[75.0904,12.276],[75.0904,12.2765],[75.0901,12.2765],[75.0901,12.2771],[75.0899,12.2771],[75.0899,12.2779],[75.0896,12.2779],[75.0896,12.2785],[75.0893,12.2785],[75.0893,12.279],[75.089,12.279],[75.089,12.2799],[75.0888,12.2799],[75.0888,12.2804],[75.0885,12.2804],[75.0885,12.281],[75.0882,12.281],[75.0882,12.2818],[75.0879,12.2818],[75.0879,12.2824],[75.0876,12.2824],[75.0876,12.2829],[75.0874,12.2829],[75.0874,12.2838],[75.0871,12.2838],[75.0871,12.2843],[75.0868,12.2843],[75.0868,12.2851],[75.0865,12.2851],[75.0865,12.2857],[75.0863,12.2857],[75.0863,12.2863],[75.086,12.2863],[75.086,12.2871],[75.0857,12.2871],[75.0857,12.2876],[75.0854,12.2876],[75.0854,12.2882],[75.0852,12.2882],[75.0852,12.289],[75.0849,12.289],[75.0849,12.2896],[75.0846,12.2896],[75.0846,12.2901],[75.0843,12.2901],[75.0843,12.291],[75.084,12.291],[75.084,12.2915],[75.0837,12.2915],[75.0837,12.2921],[75.0835,12.2921],[75.0835,12.2929],[75.0832,12.2929],[75.0832,12.2935],[75.0829,12.2935],[75.0829,12.294],[75.0826,12.294],[75.0826,12.2949],[75.0824,12.2949],[75.0824,12.2954],[75.0821,12.2954],[75.0821,12.296],[75.0818,12.296],[75.0818,12.2968],[75.0815,12.2968],[75.0815,12.2974],[75.0813,12.2974],[75.0813,12.2979],[75.081,12.2979],[75.081,12.2988],[75.0807,12.2988],[75.0807,12.2993],[75.0804,12.2993],[75.0804,12.2999],[75.0801,12.2999],[75.0801,12.3007],[75.0799,12.3007],[75.0799,12.3013],[75.0796,12.3013],[75.0796,12.3021],[75.0793,12.3021],[75.0793,12.3026],[75.079,12.3026],[75.079,12.3032],[75.0788,12.3032],[75.0788,12.304],[75.0785,12.304],[75.0785,12.3046],[75.0782,12.3046],[75.0782,12.3051],[75.0779,12.3051],[75.0779,12.306],[75.0776,12.306],[75.0776,12.3065],[75.0774,12.3065],[75.0774,12.3071],[75.0771,12.3071],[75.0771,12.3079],[75.0768,12.3079],[75.0768,12.3085],[75.0765,12.3085],[75.0765,12.309],[75.0762,12.309],[75.0762,12.3099],[75.076,12.3099],[75.076,12.3104],[75.0757,12.3104],[75.0757,12.3113],[75.0754,12.3113],[75.0754,12.3118],[75.0751,12.3118],[75.0751,12.3124],[75.0749,12.3124],[75.0749,12.3132],[75.0746,12.3132],[75.0746,12.3138],[75.0743,12.3138],[75.0743,12.3143],[75.074,12.3143],[75.074,12.3149],[75.0738,12.3149],[75.0738,12.3157],[75.0735,12.3157],[75.0735,12.3165],[75.0732,12.3165],[75.0732,12.3171],[75.0729,12.3171],[75.0729,12.3179],[75.0726,12.3179],[75.0726,12.3182],[75.0724,12.3182],[75.0724,12.319],[75.0721,12.319],[75.0721,12.3199],[75.0718,12.3199],[75.0718,12.3201],[75.0715,12.3201],[75.0715,12.3204],[75.0713,12.3204],[75.0713,12.3212],[75.071,12.3212],[75.071,12.3215],[75.0707,12.3215],[75.0707,12.3224],[75.0704,12.3224],[75.0704,12.3229],[75.0701,12.3229],[75.0701,12.3235],[75.0699,12.3235],[75.0699,12.324],[75.0696,12.324],[75.0696,12.3249],[75.0693,12.3249],[75.0693,12.3253],[75.0693,12.3254],[75.0692,12.3254],[75.069,12.3254],[75.069,12.3256],[75.069,12.326],[75.0689,12.326],[75.0687,12.326],[75.0687,12.3263],[75.0687,12.3265],[75.0685,12.3265],[75.0685,12.3271],[75.0685,12.3274],[75.0682,12.3274],[75.0682,12.3279],[75.0679,12.3279],[75.0679,12.3285],[75.0676,12.3285],[75.0676,12.3293],[75.0674,12.3293],[75.0674,12.3295],[75.0674,12.3299],[75.0671,12.3299],[75.0671,12.3304],[75.0669,12.3304],[75.0668,12.3304],[75.0668,12.331],[75.0668,12.3313],[75.0665,12.3313],[75.0665,12.3315],[75.0663,12.3315],[75.0662,12.3324],[75.0662,12.3327],[75.0661,12.3326],[75.066,12.3326],[75.066,12.333],[75.066,12.3332],[75.0657,12.3332],[75.0657,12.3335],[75.0654,12.3335],[75.0654,12.3343],[75.0651,12.3343],[75.0651,12.3346],[75.0649,12.3346],[75.0649,12.3349],[75.0649,12.3351],[75.0646,12.3351],[75.0646,12.3362],[75.0643,12.3362],[75.0643,12.3365],[75.064,12.3365],[75.064,12.3368],[75.0638,12.3368],[75.0638,12.3374],[75.0635,12.3374],[75.0635,12.3379],[75.0632,12.3379],[75.0632,12.338],[75.0632,12.3382],[75.0635,12.3382],[75.0635,12.3385],[75.0632,12.3385],[75.0632,12.3393],[75.0629,12.3393],[75.0629,12.3399],[75.0626,12.3399],[75.0626,12.3401],[75.0624,12.3401],[75.0624,12.3403],[75.0624,12.3404],[75.0626,12.3404],[75.0626,12.3407],[75.0632,12.3407],[75.0632,12.3401],[75.0635,12.3401],[75.0635,12.3399],[75.0632,12.3399],[75.0632,12.3396],[75.0635,12.3396],[75.0635,12.339],[75.0638,12.339],[75.0638,12.3388],[75.064,12.3388],[75.064,12.3382],[75.0643,12.3382],[75.0643,12.3379],[75.064,12.3379],[75.064,12.3374],[75.0643,12.3374],[75.0643,12.3371],[75.0646,12.3371],[75.0646,12.3368],[75.0649,12.3368],[75.0649,12.3362],[75.0651,12.3362],[75.0651,12.3357],[75.0654,12.3357],[75.0654,12.336],[75.0657,12.336],[75.0657,12.3362],[75.0654,12.3362],[75.0654,12.3376],[75.0651,12.3376],[75.0651,12.3396],[75.0649,12.3396],[75.0649,12.3418],[75.0646,12.3418],[75.0646,12.3429],[75.0643,12.3429],[75.0643,12.3435],[75.064,12.3435],[75.064,12.344],[75.0638,12.344],[75.0638,12.3446],[75.0635,12.3446],[75.0635,12.3451],[75.0632,12.3451],[75.0632,12.3457],[75.0629,12.3457],[75.0629,12.346],[75.0626,12.346],[75.0626,12.3465],[75.0624,12.3465],[75.0624,12.3471],[75.0621,12.3471],[75.0621,12.349],[75.0618,12.349],[75.0618,12.3496],[75.0615,12.3496],[75.0615,12.3501],[75.0612,12.3501],[75.0612,12.3507],[75.061,12.3507],[75.061,12.3513],[75.0607,12.3513],[75.0607,12.3524],[75.0604,12.3524],[75.0604,12.3526],[75.0601,12.3526],[75.0601,12.3532],[75.0599,12.3532],[75.0599,12.354],[75.0596,12.354],[75.0596,12.3551],[75.0593,12.3551],[75.0593,12.3557],[75.059,12.3557],[75.059,12.356],[75.0587,12.356],[75.0587,12.3568],[75.0585,12.3568],[75.0585,12.3571],[75.0582,12.3571],[75.0582,12.3576],[75.0579,12.3576],[75.0579,12.3585],[75.0576,12.3585],[75.0576,12.3596],[75.0574,12.3596],[75.0574,12.3601],[75.0571,12.3601],[75.0571,12.3615],[75.0568,12.3615],[75.0568,12.3624],[75.0565,12.3624],[75.0565,12.3626],[75.0557,12.3626],[75.0557,12.3624],[75.0554,12.3624],[75.0554,12.361],[75.0557,12.361],[75.0557,12.3604],[75.056,12.3604],[75.056,12.3593],[75.0563,12.3593],[75.0563,12.3588],[75.0565,12.3588],[75.0565,12.3582],[75.0568,12.3582],[75.0568,12.3571],[75.0571,12.3571],[75.0571,12.3554],[75.0574,12.3554],[75.0574,12.3549],[75.0576,12.3549],[75.0576,12.3546],[75.0582,12.3546],[75.0582,12.354],[75.0585,12.354],[75.0585,12.3535],[75.0587,12.3535],[75.0587,12.3532],[75.059,12.3532],[75.059,12.3515],[75.0593,12.3515],[75.0593,12.3507],[75.0596,12.3507],[75.0596,12.3501],[75.0599,12.3501],[75.0599,12.3496],[75.0601,12.3496],[75.0601,12.349],[75.0604,12.349],[75.0604,12.3485],[75.0607,12.3485],[75.0607,12.3479],[75.061,12.3479],[75.061,12.3462],[75.0612,12.3462],[75.0612,12.346],[75.061,12.346],[75.061,12.3454],[75.0612,12.3454],[75.0612,12.3446],[75.0615,12.3446],[75.0615,12.3438],[75.0618,12.3438],[75.0618,12.3435],[75.0621,12.3435],[75.0621,12.3432],[75.0624,12.3432],[75.0624,12.3421],[75.0626,12.3421],[75.0626,12.341],[75.0621,12.341],[75.0621,12.3413],[75.0618,12.3413],[75.0618,12.3418],[75.0618,12.3421],[75.0615,12.3421],[75.0615,12.3426],[75.0615,12.3426],[75.0612,12.3426],[75.0612,12.3432],[75.061,12.3432],[75.061,12.3436],[75.061,12.344],[75.0607,12.344],[75.0607,12.3446],[75.0604,12.3446],[75.0604,12.3454],[75.0601,12.3454],[75.0601,12.346],[75.0599,12.346],[75.0599,12.3465],[75.0596,12.3465],[75.0596,12.3471],[75.0593,12.3471],[75.0593,12.3476],[75.059,12.3476],[75.059,12.3482],[75.0587,12.3482],[75.0587,12.349],[75.0585,12.349],[75.0585,12.3496],[75.0582,12.3496],[75.0582,12.3501],[75.0579,12.3501],[75.0579,12.3507],[75.0576,12.3507],[75.0576,12.3513],[75.0574,12.3513],[75.0574,12.3521],[75.0571,12.3521],[75.0571,12.3526],[75.0568,12.3526],[75.0568,12.3532],[75.0565,12.3532],[75.0565,12.3533],[75.0565,12.3538],[75.0563,12.3538],[75.0563,12.3543],[75.056,12.3543],[75.056,12.3549],[75.0557,12.3549],[75.0557,12.3557],[75.0554,12.3557],[75.0554,12.3562],[75.0551,12.3562],[75.0551,12.3571],[75.0548,12.3571],[75.0548,12.3576],[75.0546,12.3576],[75.0546,12.3582],[75.0543,12.3582],[75.0543,12.359],[75.054,12.359],[75.054,12.3596],[75.0537,12.3596],[75.0537,12.3604],[75.0535,12.3604],[75.0535,12.361],[75.0532,12.361],[75.0532,12.3615],[75.0529,12.3615],[75.0529,12.3624],[75.0526,12.3624],[75.0526,12.3629],[75.0524,12.3629],[75.0524,12.3638],[75.0521,12.3638],[75.0521,12.3643],[75.0518,12.3643],[75.0518,12.3649],[75.0515,12.3649],[75.0515,12.3654],[75.0512,12.3654],[75.0512,12.366],[75.051,12.366],[75.051,12.3665],[75.0507,12.3665],[75.0507,12.3674],[75.0504,12.3674],[75.0504,12.3679],[75.0501,12.3679],[75.0501,12.3685],[75.0499,12.3685],[75.0499,12.369],[75.0496,12.369],[75.0496,12.3696],[75.0493,12.3696],[75.0493,12.3701],[75.049,12.3701],[75.049,12.371],[75.0488,12.371],[75.0488,12.3715],[75.0485,12.3715],[75.0485,12.3721],[75.0482,12.3721],[75.0482,12.3726],[75.0479,12.3726],[75.0479,12.3732],[75.0476,12.3732],[75.0476,12.3737],[75.0474,12.3737],[75.0474,12.3746],[75.0471,12.3746],[75.0471,12.3751],[75.0468,12.3751],[75.0468,12.3757],[75.0465,12.3757],[75.0465,12.3763],[75.0462,12.3763],[75.0462,12.3768],[75.046,12.3768],[75.046,12.3774],[75.0457,12.3774],[75.0457,12.3779],[75.0454,12.3779],[75.0454,12.3785],[75.0451,12.3785],[75.0451,12.379],[75.0449,12.379],[75.0449,12.3796],[75.0447,12.3796],[75.0446,12.3796],[75.0446,12.3798],[75.0446,12.3801],[75.0443,12.3801],[75.0443,12.3807],[75.044,12.3807],[75.044,12.3813],[75.0437,12.3813],[75.0437,12.3815],[75.0435,12.3815],[75.0435,12.3821],[75.0432,12.3821],[75.0432,12.3826],[75.0429,12.3826],[75.0429,12.3832],[75.0426,12.3832],[75.0426,12.3838],[75.0424,12.3838],[75.0424,12.3843],[75.0421,12.3843],[75.0421,12.3846],[75.0418,12.3846],[75.0418,12.3851],[75.0415,12.3851],[75.0415,12.3857],[75.0413,12.3857],[75.0413,12.3863],[75.041,12.3863],[75.041,12.3868],[75.0407,12.3868],[75.0407,12.3874],[75.0404,12.3874],[75.0404,12.3879],[75.0401,12.3879],[75.0401,12.3882],[75.0399,12.3882],[75.0399,12.3885],[75.0396,12.3885],[75.0396,12.389],[75.0393,12.389],[75.0393,12.3893],[75.039,12.3893],[75.039,12.3899],[75.0387,12.3899],[75.0387,12.3901],[75.0385,12.3901],[75.0385,12.3907],[75.0382,12.3907],[75.0382,12.3913],[75.0376,12.3913],[75.0376,12.3915],[75.0371,12.3915],[75.0371,12.3918],[75.0365,12.3918],[75.0365,12.3921],[75.0357,12.3921],[75.0357,12.3918],[75.0354,12.3918],[75.0354,12.3915],[75.0351,12.3915],[75.0351,12.3907],[75.035,12.3907],[75.0346,12.3907],[75.0346,12.3904],[75.034,12.3904],[75.034,12.3901],[75.0332,12.3901],[75.0332,12.3904],[75.0324,12.3904],[75.0324,12.3907],[75.0318,12.3907],[75.0318,12.391],[75.0315,12.391],[75.0315,12.3913],[75.031,12.3913],[75.031,12.3915],[75.0307,12.3915],[75.0307,12.3918],[75.0304,12.3918],[75.0304,12.3929],[75.0301,12.3929],[75.0301,12.3943],[75.0299,12.3943],[75.0299,12.3949],[75.0296,12.3949],[75.0296,12.3954],[75.0293,12.3954],[75.0293,12.3962],[75.029,12.3962],[75.029,12.3968],[75.0287,12.3968],[75.0287,12.3976],[75.0285,12.3976],[75.0285,12.3982],[75.0282,12.3982],[75.0282,12.3988],[75.0279,12.3988],[75.0279,12.3996],[75.0276,12.3996],[75.0276,12.4001],[75.0274,12.4001],[75.0274,12.4007],[75.0271,12.4007],[75.0271,12.4011],[75.0271,12.4013],[75.0269,12.4012],[75.0268,12.4012],[75.0268,12.4014],[75.0268,12.4018],[75.0265,12.4018],[75.0265,12.4024],[75.0263,12.4024],[75.0263,12.4029],[75.0261,12.4029],[75.026,12.4029],[75.026,12.4035],[75.0259,12.4035],[75.0257,12.4035],[75.0257,12.4036],[75.0257,12.404],[75.0254,12.404],[75.0254,12.4046],[75.0251,12.4046],[75.0251,12.4051],[75.0249,12.4051],[75.0249,12.4057],[75.0246,12.4057],[75.0246,12.4063],[75.0243,12.4063],[75.0243,12.4068],[75.024,12.4068],[75.024,12.4074],[75.0238,12.4074],[75.0238,12.4076],[75.0235,12.4076],[75.0235,12.4082],[75.0232,12.4082],[75.0232,12.4093],[75.0229,12.4093],[75.0229,12.4099],[75.0226,12.4099],[75.0226,12.4101],[75.0224,12.4101],[75.0224,12.4107],[75.0221,12.4107],[75.0221,12.4115],[75.0218,12.4115],[75.0218,12.4121],[75.0212,12.4121],[75.0212,12.4124],[75.0207,12.4124],[75.0207,12.4129],[75.0204,12.4129],[75.0204,12.4135],[75.0201,12.4135],[75.0201,12.414],[75.0199,12.414],[75.0199,12.4146],[75.0196,12.4146],[75.0196,12.4149],[75.0193,12.4149],[75.0193,12.4151],[75.019,12.4151],[75.019,12.4154],[75.0188,12.4154],[75.0188,12.4157],[75.0185,12.4157],[75.0185,12.416],[75.0182,12.416],[75.0182,12.4162],[75.0179,12.4162],[75.0179,12.4165],[75.0176,12.4165],[75.0176,12.4168],[75.0167,12.4168],[75.0146,12.4168],[75.0146,12.4176],[75.0149,12.4176],[75.0149,12.4182],[75.0151,12.4182],[75.0151,12.4185],[75.0149,12.4185],[75.0149,12.4196],[75.0146,12.4196],[75.0146,12.4199],[75.0137,12.4199],[75.0137,12.4204],[75.0135,12.4204],[75.0135,12.4207],[75.0132,12.4207],[75.0132,12.4218],[75.0129,12.4218],[75.0129,12.4224],[75.0126,12.4224],[75.0126,12.4232],[75.0124,12.4232],[75.0124,12.4237],[75.0121,12.4237],[75.0121,12.424],[75.0118,12.424],[75.0118,12.4243],[75.0115,12.4243],[75.0115,12.4246],[75.0113,12.4246],[75.0113,12.4251],[75.011,12.4251],[75.011,12.4254],[75.0107,12.4254],[75.0107,12.4263],[75.0104,12.4263],[75.0104,12.4268],[75.0101,12.4268],[75.0101,12.4276],[75.0099,12.4276],[75.0099,12.4281],[75.0099,12.4282],[75.0096,12.4282],[75.0096,12.4285],[75.0096,12.4288],[75.0095,12.4288],[75.0093,12.4288],[75.0093,12.429],[75.009,12.429],[75.009,12.4295],[75.009,12.4296],[75.0088,12.4296],[75.0088,12.43],[75.0088,12.4312],[75.0085,12.4312],[75.0085,12.4318],[75.0082,12.4318],[75.0082,12.4324],[75.0079,12.4324],[75.0079,12.4329],[75.0076,12.4329],[75.0076,12.4335],[75.0074,12.4335],[75.0074,12.434],[75.0071,12.434],[75.0071,12.4346],[75.0068,12.4346],[75.0068,12.4351],[75.0065,12.4351],[75.0065,12.4357],[75.0062,12.4357],[75.0062,12.4363],[75.0061,12.4362],[75.006,12.4362],[75.006,12.4367],[75.006,12.4368],[75.0057,12.4368],[75.0057,12.4374],[75.0054,12.4374],[75.0054,12.4375],[75.0054,12.4379],[75.0051,12.4379],[75.0051,12.4381],[75.0051,12.4385],[75.0049,12.4385],[75.0049,12.439],[75.0046,12.439],[75.0046,12.4407],[75.0049,12.4407],[75.0049,12.4412],[75.0051,12.4412],[75.0051,12.4421],[75.0049,12.4421],[75.0049,12.4429],[75.0046,12.4429],[75.0046,12.4437],[75.0043,12.4437],[75.0043,12.4443],[75.0046,12.4443],[75.0046,12.4446],[75.0049,12.4446],[75.0049,12.4451],[75.0043,12.4451],[75.0043,12.4449],[75.004,12.4449],[75.004,12.4446],[75.0038,12.4446],[75.0038,12.444],[75.0035,12.444],[75.0035,12.4437],[75.0029,12.4437],[75.0029,12.4435],[75.0026,12.4435],[75.0026,12.4437],[75.0024,12.4437],[75.0024,12.444],[75.0021,12.444],[75.0021,12.4446],[75.0018,12.4446],[75.0018,12.4451],[75.0015,12.4451],[75.0015,12.4457],[75.0013,12.4457],[75.0013,12.4465],[75.001,12.4465],[75.001,12.4471],[75.0007,12.4471],[75.0007,12.4476],[75.0004,12.4476],[75.0003,12.4476],[75.0001,12.4476],[74.9999,12.4476],[74.9999,12.4485],[74.9993,12.4485],[74.9993,12.449],[74.999,12.449],[74.999,12.4493],[74.9987,12.4493],[74.9987,12.4496],[74.9982,12.4496],[74.9982,12.4499],[74.9979,12.4499],[74.9979,12.4507],[74.9976,12.4507],[74.9976,12.4515],[74.9979,12.4515],[74.9979,12.4518],[74.9976,12.4518],[74.9976,12.4521],[74.9974,12.4521],[74.9974,12.4529],[74.9971,12.4529],[74.9971,12.4535],[74.9974,12.4535],[74.9974,12.4543],[74.9971,12.4543],[74.9971,12.4546],[74.9968,12.4546],[74.9968,12.4549],[74.9965,12.4549],[74.9965,12.4551],[74.9962,12.4551],[74.9962,12.4554],[74.996,12.4554],[74.996,12.4563],[74.9962,12.4563],[74.9962,12.4565],[74.996,12.4565],[74.996,12.4571],[74.9957,12.4571],[74.9957,12.4574],[74.9957,12.4576],[74.9954,12.4576],[74.9954,12.4578],[74.9954,12.4585],[74.9952,12.4585],[74.9949,12.4585],[74.9949,12.459],[74.9946,12.459],[74.9946,12.4596],[74.9943,12.4596],[74.9943,12.4601],[74.994,12.4601],[74.994,12.4604],[74.9938,12.4604],[74.9938,12.4613],[74.9935,12.4613],[74.9935,12.4615],[74.9938,12.4615],[74.9938,12.4618],[74.9935,12.4618],[74.9935,12.4626],[74.9926,12.4626],[74.9926,12.4632],[74.9929,12.4632],[74.9929,12.4635],[74.9926,12.4635],[74.9926,12.4646],[74.9924,12.4646],[74.9924,12.4649],[74.9921,12.4648],[74.9921,12.4651],[74.9924,12.4651],[74.9924,12.4654],[74.9921,12.4654],[74.9921,12.466],[74.9918,12.466],[74.9918,12.4665],[74.9915,12.4665],[74.9915,12.4668],[74.9918,12.4668],[74.9918,12.4671],[74.9915,12.4671],[74.9915,12.4674],[74.9912,12.4674],[74.9912,12.4679],[74.991,12.4679],[74.991,12.4685],[74.9907,12.4685],[74.9907,12.4688],[74.9904,12.4688],[74.9904,12.469],[74.9901,12.469],[74.9901,12.4699],[74.9899,12.4699],[74.9899,12.4701],[74.9893,12.4701],[74.9893,12.4707],[74.989,12.4707],[74.989,12.4713],[74.9887,12.4713],[74.9887,12.4718],[74.9885,12.4718],[74.9885,12.4721],[74.9882,12.4721],[74.9882,12.4729],[74.9879,12.4729],[74.9879,12.4732],[74.9876,12.4732],[74.9876,12.4738],[74.9874,12.4738],[74.9874,12.4743],[74.9871,12.4743],[74.9871,12.4746],[74.9868,12.4746],[74.9868,12.4749],[74.9871,12.4749],[74.9871,12.4751],[74.9868,12.4751],[74.9868,12.4757],[74.9865,12.4757],[74.9865,12.476],[74.9863,12.476],[74.9863,12.4765],[74.986,12.4765],[74.986,12.4771],[74.9863,12.4771],[74.9863,12.4774],[74.986,12.4774],[74.986,12.4779],[74.9857,12.4779],[74.9857,12.4782],[74.9854,12.4782],[74.9854,12.4788],[74.9851,12.4788],[74.9851,12.4796],[74.9849,12.4796],[74.9849,12.4804],[74.9846,12.4804],[74.9846,12.481],[74.9843,12.481],[74.9843,12.4813],[74.984,12.4813],[74.984,12.4815],[74.9837,12.4815],[74.9837,12.4824],[74.9835,12.4824],[74.9835,12.4826],[74.9832,12.4826],[74.9832,12.4824],[74.9829,12.4824],[74.9829,12.4826],[74.9824,12.4826],[74.9824,12.4829],[74.9821,12.4829],[74.9821,12.4835],[74.9818,12.4835],[74.9818,12.484],[74.9815,12.484],[74.9815,12.4846],[74.9812,12.4846],[74.9812,12.4851],[74.981,12.4851],[74.981,12.4857],[74.9804,12.4857],[74.9804,12.4863],[74.9801,12.4863],[74.9801,12.4868],[74.9799,12.4868],[74.9799,12.4874],[74.9796,12.4874],[74.9796,12.4875],[74.9796,12.4879],[74.9793,12.4879],[74.9793,12.4888],[74.979,12.4888],[74.979,12.4893],[74.9788,12.4893],[74.9788,12.4899],[74.9785,12.4899],[74.9785,12.4907],[74.9782,12.4907],[74.9782,12.4913],[74.9779,12.4913],[74.9779,12.4918],[74.9776,12.4918],[74.9776,12.4926],[74.9774,12.4926],[74.9774,12.4932],[74.9771,12.4932],[74.9771,12.4938],[74.9768,12.4938],[74.9768,12.494],[74.9765,12.494],[74.9765,12.4946],[74.9762,12.4946],[74.9762,12.4952],[74.976,12.4951],[74.976,12.496],[74.9757,12.496],[74.9757,12.4968],[74.9754,12.4968],[74.9754,12.4974],[74.9751,12.4974],[74.9751,12.4976],[74.9749,12.4976],[74.9749,12.4979],[74.9746,12.4979],[74.9746,12.4985],[74.974,12.4985],[74.974,12.4988],[74.9735,12.4987],[74.9735,12.4996],[74.9738,12.4996],[74.9738,12.5004],[74.9735,12.5004],[74.9735,12.501],[74.9729,12.501],[74.9729,12.5018],[74.9726,12.5018],[74.9726,12.5021],[74.9729,12.5021],[74.9729,12.5026],[74.9726,12.5026],[74.9726,12.5037],[74.9724,12.5037],[74.9724,12.5043],[74.9721,12.5043],[74.9721,12.5054],[74.9718,12.5054],[74.9718,12.506],[74.9715,12.506],[74.9715,12.5063],[74.9713,12.5063],[74.9713,12.5065],[74.971,12.5065],[74.971,12.5071],[74.9707,12.5071],[74.9707,12.5085],[74.9701,12.5085],[74.9701,12.5087],[74.9704,12.5087],[74.9704,12.5093],[74.9701,12.5093],[74.9701,12.5104],[74.9699,12.5104],[74.9699,12.5107],[74.9696,12.5107],[74.9696,12.5129],[74.969,12.5129],[74.969,12.5132],[74.9688,12.5132],[74.9688,12.514],[74.9685,12.514],[74.9685,12.5151],[74.9682,12.5151],[74.9682,12.516],[74.9679,12.516],[74.9679,12.5163],[74.9676,12.5163],[74.9676,12.5168],[74.9674,12.5168],[74.9674,12.5171],[74.9671,12.5171],[74.9671,12.5182],[74.9668,12.5182],[74.9668,12.5188],[74.9665,12.5188],[74.9665,12.5199],[74.9662,12.5199],[74.9662,12.5213],[74.966,12.5213],[74.966,12.5218],[74.9657,12.5218],[74.9657,12.5221],[74.9654,12.5221],[74.9654,12.5224],[74.9651,12.5224],[74.9651,12.5229],[74.9649,12.5229],[74.9649,12.5232],[74.9646,12.5232],[74.9646,12.5246],[74.9643,12.5246],[74.9643,12.5251],[74.964,12.5251],[74.964,12.5257],[74.9638,12.5257],[74.9638,12.5263],[74.9635,12.5263],[74.9635,12.5268],[74.9632,12.5268],[74.9632,12.5271],[74.9629,12.5271],[74.9629,12.5288],[74.9626,12.5288],[74.9626,12.5299],[74.9624,12.5299],[74.9624,12.5304],[74.9624,12.5307],[74.9622,12.5307],[74.9621,12.5307],[74.9621,12.531],[74.9621,12.5313],[74.962,12.5313],[74.9618,12.5313],[74.9618,12.5315],[74.9618,12.5318],[74.9615,12.5318],[74.9615,12.5326],[74.9613,12.5326],[74.9613,12.5332],[74.961,12.5332],[74.961,12.5337],[74.9607,12.5337],[74.9607,12.5368],[74.9604,12.5368],[74.9604,12.5382],[74.9601,12.5382],[74.9601,12.5399],[74.9599,12.5399],[74.9599,12.5413],[74.9596,12.5413],[74.9596,12.5424],[74.9593,12.5424],[74.9593,12.5432],[74.959,12.5432],[74.959,12.5438],[74.9587,12.5438],[74.9587,12.5446],[74.9585,12.5446],[74.9585,12.5451],[74.9582,12.5451],[74.9582,12.5457],[74.9579,12.5457],[74.9579,12.5463],[74.9576,12.5463],[74.9576,12.5465],[74.9574,12.5465],[74.9574,12.5471],[74.9571,12.5471],[74.9571,12.5476],[74.9568,12.5476],[74.9568,12.5482],[74.9565,12.5482],[74.9565,12.5485],[74.9563,12.5485],[74.9563,12.549],[74.9565,12.549],[74.9565,12.5496],[74.9568,12.5496],[74.9568,12.5499],[74.9571,12.5499],[74.9571,12.5501],[74.9574,12.5501],[74.9574,12.5504],[74.9576,12.5504],[74.9576,12.5507],[74.9579,12.5507],[74.9579,12.5513],[74.9576,12.5513],[74.9576,12.5518],[74.9574,12.5518],[74.9574,12.5521],[74.9571,12.5521],[74.9571,12.5524],[74.9568,12.5524],[74.9568,12.5526],[74.9565,12.5526],[74.9565,12.5532],[74.9563,12.5532],[74.9563,12.5535],[74.956,12.5535],[74.956,12.5538],[74.9557,12.5538],[74.9557,12.554],[74.9554,12.554],[74.9554,12.5543],[74.9551,12.5543],[74.9551,12.554],[74.9549,12.554],[74.9549,12.5538],[74.9551,12.5538],[74.9551,12.5535],[74.9554,12.5535],[74.9554,12.5529],[74.9557,12.5529],[74.9557,12.5526],[74.956,12.5526],[74.956,12.5524],[74.9563,12.5524],[74.9563,12.5521],[74.9565,12.5521],[74.9565,12.5501],[74.9563,12.5501],[74.9563,12.5499],[74.956,12.5499],[74.956,12.5496],[74.9557,12.5496],[74.9557,12.5493],[74.9554,12.5493],[74.9554,12.549],[74.9551,12.549],[74.9551,12.5488],[74.9546,12.5487],[74.9546,12.5493],[74.9543,12.5493],[74.9543,12.5501],[74.954,12.5501],[74.954,12.5507],[74.9538,12.5507],[74.9538,12.5515],[74.9535,12.5515],[74.9535,12.5524],[74.9532,12.5524],[74.9532,12.5529],[74.9529,12.5529],[74.9529,12.5535],[74.9526,12.5535],[74.9526,12.554],[74.9524,12.554],[74.9524,12.5546],[74.9521,12.5546],[74.9521,12.5557],[74.9518,12.5557],[74.9518,12.5562],[74.9515,12.5562],[74.9515,12.5565],[74.9512,12.5565],[74.9512,12.5576],[74.951,12.5576],[74.951,12.5593],[74.9507,12.5593],[74.9507,12.5599],[74.9504,12.5599],[74.9504,12.5604],[74.9501,12.5604],[74.9501,12.561],[74.9499,12.561],[74.9499,12.5615],[74.9496,12.5615],[74.9496,12.5621],[74.9493,12.5621],[74.9493,12.5626],[74.949,12.5626],[74.949,12.5632],[74.9488,12.5632],[74.9488,12.5638],[74.9485,12.5638],[74.9485,12.5643],[74.9482,12.5643],[74.9482,12.5649],[74.9479,12.5649],[74.9479,12.5654],[74.9476,12.5654],[74.9476,12.5665],[74.9474,12.5665],[74.9474,12.5671],[74.9471,12.5671],[74.9471,12.5679],[74.9468,12.5679],[74.9468,12.5682],[74.9465,12.5682],[74.9465,12.5693],[74.9463,12.5693],[74.9463,12.5699],[74.946,12.5699],[74.946,12.5714],[74.946,12.5715],[74.9457,12.5715],[74.9457,12.5721],[74.9454,12.5721],[74.9454,12.5725],[74.9454,12.5726],[74.9451,12.5726],[74.9451,12.5735],[74.9449,12.5735],[74.9449,12.5738],[74.9446,12.5738],[74.9446,12.5746],[74.9443,12.5746],[74.9443,12.5754],[74.944,12.5754],[74.944,12.5757],[74.9439,12.5757],[74.9437,12.5757],[74.9437,12.5762],[74.9435,12.5762],[74.9435,12.5771],[74.9432,12.5771],[74.9432,12.578],[74.9432,12.5782],[74.9429,12.5782],[74.9429,12.5786],[74.9429,12.579],[74.9427,12.579],[74.9426,12.579],[74.9426,12.5793],[74.9426,12.5796],[74.9425,12.5796],[74.9424,12.5796],[74.9424,12.58],[74.9424,12.5801],[74.9421,12.5801],[74.9421,12.5807],[74.9418,12.5807],[74.9418,12.5813],[74.9415,12.5813],[74.9415,12.5819],[74.9415,12.5821],[74.9413,12.5821],[74.9412,12.5826],[74.9412,12.5829],[74.941,12.5829],[74.941,12.584],[74.9407,12.584],[74.9407,12.5846],[74.9404,12.5846],[74.9404,12.5849],[74.9401,12.5849],[74.9399,12.5849],[74.9399,12.5857],[74.9396,12.5857],[74.9396,12.5863],[74.9393,12.5863],[74.9393,12.5871],[74.939,12.5871],[74.939,12.5882],[74.9388,12.5882],[74.9388,12.5885],[74.9385,12.5885],[74.9385,12.5888],[74.9382,12.5888],[74.9382,12.5901],[74.9379,12.5901],[74.9379,12.5904],[74.9382,12.5904],[74.9382,12.5907],[74.9379,12.5907],[74.9379,12.5913],[74.9377,12.5913],[74.9377,12.5915],[74.9374,12.5915],[74.9374,12.5921],[74.9371,12.5921],[74.9371,12.5926],[74.9368,12.5926],[74.9368,12.5929],[74.9365,12.5929],[74.9365,12.5935],[74.9362,12.5935],[74.9362,12.594],[74.936,12.594],[74.936,12.5946],[74.9357,12.5946],[74.9357,12.5949],[74.9354,12.5949],[74.9354,12.5954],[74.9351,12.5954],[74.9351,12.596],[74.9349,12.596],[74.9349,12.5963],[74.9351,12.5963],[74.9351,12.5965],[74.9349,12.5965],[74.9349,12.5968],[74.9346,12.5968],[74.9346,12.5974],[74.9343,12.5974],[74.9343,12.5979],[74.934,12.5979],[74.934,12.5988],[74.9343,12.5988],[74.9343,12.599],[74.934,12.599],[74.934,12.5993],[74.9337,12.5993],[74.9337,12.5996],[74.9335,12.5996],[74.9335,12.5999],[74.9337,12.5999],[74.9337,12.6001],[74.9335,12.6001],[74.9335,12.6007],[74.9332,12.6007],[74.9332,12.601],[74.9329,12.601],[74.9329,12.6013],[74.9326,12.6013],[74.9326,12.6029],[74.9324,12.6029],[74.9324,12.6032],[74.9321,12.6032],[74.9321,12.6037],[74.9324,12.6037],[74.9324,12.604],[74.9326,12.604],[74.9326,12.6035],[74.9329,12.6035],[74.9329,12.6026],[74.9332,12.6026],[74.9332,12.6024],[74.9335,12.6024],[74.9335,12.6021],[74.9337,12.6021],[74.9337,12.6007],[74.934,12.6007],[74.934,12.6004],[74.9343,12.6004],[74.9343,12.6001],[74.9346,12.6001],[74.9346,12.599],[74.9349,12.599],[74.9349,12.5988],[74.9354,12.5988],[74.9354,12.5982],[74.9357,12.5982],[74.9357,12.5979],[74.936,12.5979],[74.936,12.5974],[74.9362,12.5974],[74.9362,12.5971],[74.9365,12.5971],[74.9365,12.5965],[74.9368,12.5965],[74.9368,12.596],[74.9371,12.596],[74.9371,12.5957],[74.9374,12.5957],[74.9374,12.5951],[74.9377,12.5951],[74.9377,12.5949],[74.9374,12.5949],[74.9374,12.5946],[74.9376,12.5946],[74.9376,12.5943],[74.9379,12.5943],[74.9379,12.594],[74.9382,12.594],[74.9382,12.5938],[74.9385,12.5938],[74.9385,12.5935],[74.9388,12.5935],[74.9388,12.5932],[74.939,12.5932],[74.939,12.5926],[74.9393,12.5926],[74.9393,12.5921],[74.9396,12.5921],[74.9396,12.5913],[74.9399,12.5913],[74.9399,12.5907],[74.9401,12.5907],[74.9401,12.5899],[74.9404,12.5899],[74.9404,12.5893],[74.941,12.5893],[74.941,12.5896],[74.9413,12.5896],[74.9413,12.5907],[74.941,12.5907],[74.941,12.5913],[74.9407,12.5913],[74.9407,12.5924],[74.9404,12.5924],[74.9404,12.5926],[74.9401,12.5926],[74.9401,12.5935],[74.9399,12.5935],[74.9399,12.5949],[74.9393,12.5949],[74.9393,12.596],[74.939,12.596],[74.939,12.5963],[74.9388,12.5963],[74.9388,12.5968],[74.9382,12.5968],[74.9382,12.5979],[74.9379,12.5979],[74.9379,12.5988],[74.9371,12.5988],[74.9371,12.5993],[74.9368,12.5993],[74.9368,12.601],[74.9365,12.601],[74.9365,12.6013],[74.936,12.6013],[74.936,12.6018],[74.9357,12.6018],[74.9357,12.6021],[74.9354,12.6021],[74.9354,12.6029],[74.9351,12.6029],[74.9351,12.604],[74.9349,12.604],[74.9349,12.6046],[74.9346,12.6046],[74.9346,12.6051],[74.9343,12.6051],[74.9343,12.6057],[74.934,12.6057],[74.934,12.606],[74.9337,12.606],[74.9337,12.6076],[74.9335,12.6076],[74.9335,12.6079],[74.9332,12.6079],[74.9332,12.6082],[74.9335,12.6082],[74.9335,12.6085],[74.9332,12.6085],[74.9332,12.6088],[74.9329,12.6088],[74.9329,12.6093],[74.9326,12.6093],[74.9326,12.6096],[74.9324,12.6096],[74.9324,12.6101],[74.9321,12.6101],[74.9321,12.6107],[74.9318,12.6107],[74.9318,12.6118],[74.9321,12.6118],[74.9321,12.6132],[74.9315,12.6132],[74.9315,12.6135],[74.931,12.6135],[74.931,12.6138],[74.9307,12.6138],[74.9307,12.614],[74.9301,12.614],[74.9301,12.6138],[74.9299,12.6138],[74.9299,12.6135],[74.9296,12.6135],[74.9296,12.6126],[74.9293,12.6126],[74.9293,12.6124],[74.9296,12.6124],[74.9296,12.6118],[74.9293,12.6118],[74.9293,12.611],[74.9296,12.611],[74.9296,12.6104],[74.9293,12.6104],[74.9293,12.6101],[74.929,12.6101],[74.929,12.6104],[74.9287,12.6104],[74.9287,12.611],[74.9282,12.611],[74.9282,12.6121],[74.9279,12.6121],[74.9279,12.6124],[74.9276,12.6124],[74.9276,12.6126],[74.9274,12.6126],[74.9274,12.614],[74.9271,12.614],[74.9271,12.6149],[74.9268,12.6149],[74.9268,12.6154],[74.9265,12.6154],[74.9265,12.6165],[74.926,12.6165],[74.926,12.6176],[74.9257,12.6176],[74.9257,12.6193],[74.9249,12.6193],[74.9249,12.621],[74.9246,12.621],[74.9246,12.6215],[74.9243,12.6215],[74.9243,12.6224],[74.924,12.6224],[74.924,12.6229],[74.9238,12.6229],[74.9238,12.6238],[74.9235,12.6238],[74.9235,12.6243],[74.9232,12.6243],[74.9232,12.6249],[74.9229,12.6249],[74.9229,12.6254],[74.9226,12.6254],[74.9227,12.6263],[74.9224,12.6263],[74.9224,12.6265],[74.9221,12.6265],[74.9221,12.6271],[74.9218,12.6271],[74.9218,12.6276],[74.9215,12.6276],[74.9215,12.6282],[74.9212,12.6282],[74.9212,12.6287],[74.921,12.6287],[74.921,12.629],[74.9212,12.629],[74.9212,12.6293],[74.921,12.6293],[74.921,12.6296],[74.9207,12.6296],[74.9207,12.6299],[74.921,12.6299],[74.921,12.6305],[74.921,12.6307],[74.9207,12.6307],[74.9207,12.6311],[74.9207,12.6313],[74.9204,12.6313],[74.9204,12.6318],[74.9201,12.6318],[74.9201,12.6321],[74.9196,12.6321],[74.9196,12.6338],[74.9193,12.6338],[74.9193,12.634],[74.919,12.634],[74.919,12.6349],[74.9187,12.6349],[74.9187,12.6354],[74.9185,12.6354],[74.9185,12.6362],[74.9182,12.6362],[74.9182,12.6365],[74.9179,12.6365],[74.9179,12.6374],[74.9176,12.6374],[74.9176,12.639],[74.9171,12.639],[74.9171,12.6401],[74.9168,12.6401],[74.9168,12.6404],[74.9165,12.6404],[74.9165,12.6412],[74.9163,12.6412],[74.9163,12.6421],[74.916,12.6421],[74.916,12.6429],[74.9157,12.6429],[74.9157,12.6438],[74.9154,12.6438],[74.9154,12.6446],[74.9151,12.6446],[74.9151,12.6451],[74.9149,12.6451],[74.9149,12.6457],[74.9146,12.6457],[74.9146,12.6462],[74.9143,12.6462],[74.9143,12.6471],[74.914,12.6471],[74.914,12.6476],[74.9137,12.6476],[74.9137,12.6482],[74.9135,12.6482],[74.9135,12.649],[74.9132,12.649],[74.9132,12.6496],[74.9129,12.6496],[74.9129,12.6501],[74.9126,12.6501],[74.9126,12.6507],[74.9124,12.6507],[74.9124,12.6515],[74.9121,12.6515],[74.9121,12.6521],[74.9118,12.6521],[74.9118,12.6526],[74.9115,12.6526],[74.9115,12.6535],[74.9112,12.6535],[74.9112,12.654],[74.911,12.654],[74.911,12.6546],[74.9107,12.6546],[74.9107,12.6551],[74.9104,12.6551],[74.9104,12.656],[74.9101,12.656],[74.9101,12.6565],[74.9099,12.6565],[74.9099,12.6571],[74.9096,12.6571],[74.9096,12.6579],[74.9093,12.6579],[74.9093,12.6585],[74.909,12.6585],[74.909,12.659],[74.9088,12.659],[74.9088,12.6596],[74.9085,12.6596],[74.9085,12.6604],[74.9082,12.6604],[74.9082,12.661],[74.9079,12.661],[74.9079,12.6615],[74.9076,12.6615],[74.9076,12.6621],[74.9074,12.6621],[74.9074,12.6626],[74.9071,12.6626],[74.9071,12.6632],[74.9068,12.6632],[74.9068,12.6637],[74.9065,12.6637],[74.9065,12.6643],[74.9063,12.6643],[74.9063,12.6649],[74.906,12.6649],[74.906,12.6654],[74.9057,12.6654],[74.9057,12.666],[74.9054,12.666],[74.9054,12.6665],[74.9051,12.6665],[74.9051,12.6671],[74.9049,12.6671],[74.9049,12.6676],[74.9043,12.6676],[74.9043,12.6682],[74.904,12.6682],[74.904,12.6688],[74.9037,12.6688],[74.9037,12.6693],[74.9035,12.6693],[74.9035,12.6701],[74.9032,12.6701],[74.9032,12.6713],[74.9029,12.6713],[74.9029,12.6718],[74.9026,12.6718],[74.9026,12.6726],[74.9024,12.6726],[74.9024,12.6732],[74.9021,12.6732],[74.9021,12.6743],[74.9018,12.6743],[74.9018,12.6749],[74.9015,12.6749],[74.9015,12.6757],[74.9013,12.6757],[74.9013,12.6768],[74.9015,12.6768],[74.9015,12.6771],[74.901,12.6771],[74.901,12.6774],[74.9007,12.6774],[74.9007,12.6782],[74.9004,12.6782],[74.9004,12.6793],[74.9001,12.6793],[74.9001,12.6799],[74.8999,12.6799],[74.8999,12.6801],[74.8996,12.6801],[74.8996,12.6807],[74.8993,12.6807],[74.8993,12.6813],[74.899,12.6813],[74.899,12.6818],[74.8988,12.6818],[74.8988,12.6821],[74.8985,12.6821],[74.8985,12.6826],[74.8982,12.6826],[74.8982,12.6829],[74.8979,12.6829],[74.8979,12.6835],[74.8976,12.6835],[74.8976,12.684],[74.8974,12.684],[74.8974,12.6846],[74.8971,12.6846],[74.8971,12.6851],[74.8968,12.6851],[74.8968,12.6857],[74.8965,12.6857],[74.8965,12.6863],[74.8962,12.6863],[74.8962,12.6868],[74.896,12.6868],[74.896,12.6874],[74.8957,12.6874],[74.8957,12.6879],[74.8954,12.6879],[74.8954,12.6885],[74.8951,12.6885],[74.8951,12.689],[74.8949,12.689],[74.8949,12.6896],[74.8946,12.6896],[74.8946,12.6901],[74.8943,12.6901],[74.8943,12.6907],[74.894,12.6907],[74.894,12.6921],[74.8938,12.6921],[74.8938,12.6926],[74.8935,12.6926],[74.8935,12.6935],[74.8932,12.6935],[74.8932,12.6938],[74.8929,12.6938],[74.8929,12.6946],[74.8926,12.6946],[74.8926,12.6951],[74.8924,12.6951],[74.8924,12.696],[74.8921,12.696],[74.8921,12.6968],[74.8918,12.6968],[74.8918,12.6976],[74.8915,12.6976],[74.8915,12.6982],[74.8913,12.6982],[74.8913,12.699],[74.891,12.699],[74.891,12.6999],[74.8907,12.6999],[74.8907,12.7004],[74.8904,12.7004],[74.8904,12.7013],[74.8901,12.7013],[74.8901,12.7021],[74.8899,12.7021],[74.8899,12.7026],[74.8896,12.7026],[74.8896,12.7035],[74.8893,12.7035],[74.8893,12.7038],[74.8887,12.7038],[74.8887,12.704],[74.8885,12.704],[74.8885,12.7046],[74.8882,12.7046],[74.8882,12.705],[74.8882,12.7051],[74.888,12.7051],[74.8879,12.7051],[74.8879,12.7057],[74.8875,12.7057],[74.8874,12.7057],[74.8874,12.7058],[74.8874,12.7068],[74.8876,12.7068],[74.8876,12.7071],[74.8879,12.7071],[74.8879,12.7074],[74.8885,12.7074],[74.8885,12.7071],[74.8887,12.7071],[74.8887,12.7068],[74.8893,12.7068],[74.8893,12.7065],[74.8896,12.7065],[74.8896,12.7063],[74.8901,12.7063],[74.8901,12.706],[74.8904,12.706],[74.8904,12.7057],[74.891,12.7057],[74.891,12.7054],[74.8913,12.7054],[74.8913,12.7051],[74.8915,12.7051],[74.8915,12.7046],[74.8918,12.7046],[74.8918,12.704],[74.8921,12.704],[74.8921,12.7035],[74.8926,12.7035],[74.8926,12.7043],[74.8924,12.7043],[74.8924,12.706],[74.8921,12.706],[74.8921,12.7068],[74.8923,12.7068],[74.8923,12.7079],[74.8926,12.7079],[74.8926,12.7085],[74.8924,12.7085],[74.8924,12.7087],[74.8921,12.7087],[74.8921,12.709],[74.8918,12.709],[74.8918,12.7093],[74.8915,12.7093],[74.8915,12.7096],[74.8913,12.7096],[74.8913,12.7104],[74.891,12.7104],[74.891,12.7107],[74.8904,12.7107],[74.8904,12.711],[74.8899,12.711],[74.8899,12.7113],[74.889,12.7113],[74.889,12.711],[74.8879,12.711],[74.8879,12.7113],[74.8865,12.7113],[74.8865,12.711],[74.8863,12.711],[74.8863,12.7101],[74.8865,12.7101],[74.8865,12.709],[74.8868,12.709],[74.8868,12.7085],[74.8871,12.7085],[74.8871,12.7082],[74.8863,12.7082],[74.8863,12.7079],[74.8855,12.7079],[74.8854,12.7079],[74.8854,12.7082],[74.8851,12.7082],[74.8851,12.7085],[74.8849,12.7085],[74.8849,12.709],[74.8846,12.709],[74.8846,12.7093],[74.8843,12.7093],[74.8843,12.7096],[74.8838,12.7096],[74.8838,12.7104],[74.8835,12.7104],[74.8835,12.7113],[74.8832,12.7113],[74.8832,12.7118],[74.8829,12.7118],[74.8829,12.7126],[74.8826,12.7126],[74.8826,12.7135],[74.8824,12.7135],[74.8824,12.7143],[74.8821,12.7143],[74.8821,12.7149],[74.8818,12.7149],[74.8818,12.7154],[74.8815,12.7154],[74.8815,12.7163],[74.8812,12.7163],[74.8812,12.7168],[74.881,12.7168],[74.881,12.7176],[74.8807,12.7176],[74.8807,12.7185],[74.8804,12.7185],[74.8804,12.7201],[74.8799,12.7201],[74.8799,12.7207],[74.8796,12.7207],[74.8796,12.721],[74.8793,12.721],[74.8793,12.7212],[74.8796,12.7212],[74.8796,12.7218],[74.8793,12.7218],[74.8793,12.7229],[74.879,12.7229],[74.879,12.7238],[74.8787,12.7237],[74.8787,12.7243],[74.8785,12.7243],[74.8785,12.7246],[74.8782,12.7246],[74.8782,12.726],[74.8779,12.726],[74.8779,12.7265],[74.8776,12.7265],[74.8776,12.7271],[74.8771,12.7271],[74.8771,12.7282],[74.8768,12.7282],[74.8768,12.7293],[74.8765,12.7293],[74.8765,12.7301],[74.8765,12.7304],[74.8764,12.7304],[74.8763,12.7304],[74.8763,12.7306],[74.8763,12.7315],[74.876,12.7315],[74.876,12.7321],[74.8757,12.7321],[74.8757,12.7326],[74.8754,12.7326],[74.8754,12.7332],[74.8751,12.7332],[74.8751,12.7338],[74.8749,12.7338],[74.8749,12.7343],[74.8746,12.7343],[74.8746,12.7349],[74.8743,12.7349],[74.8743,12.7354],[74.874,12.7354],[74.874,12.736],[74.8737,12.736],[74.8737,12.7365],[74.8735,12.7365],[74.8735,12.7374],[74.8732,12.7374],[74.8732,12.7379],[74.8729,12.7379],[74.8729,12.7385],[74.8726,12.7385],[74.8726,12.739],[74.8724,12.739],[74.8724,12.7396],[74.8721,12.7396],[74.8721,12.7401],[74.8718,12.7401],[74.8718,12.7407],[74.8715,12.7407],[74.8715,12.7413],[74.8712,12.7413],[74.8712,12.7418],[74.871,12.7418],[74.871,12.7424],[74.8707,12.7424],[74.8707,12.7429],[74.8704,12.7429],[74.8704,12.7437],[74.8701,12.7437],[74.8701,12.7443],[74.8699,12.7443],[74.8699,12.7451],[74.8696,12.7451],[74.8696,12.7457],[74.8693,12.7457],[74.8693,12.7465],[74.869,12.7465],[74.869,12.7474],[74.8688,12.7474],[74.8688,12.7479],[74.8685,12.7479],[74.8685,12.7485],[74.8688,12.7485],[74.8688,12.7487],[74.8685,12.7487],[74.8685,12.7496],[74.8676,12.7496],[74.8676,12.7504],[74.8674,12.7504],[74.8674,12.7507],[74.8676,12.7507],[74.8676,12.751],[74.8674,12.751],[74.8674,12.7515],[74.8671,12.7515],[74.8671,12.7521],[74.8668,12.7521],[74.8668,12.7526],[74.8665,12.7526],[74.8665,12.7529],[74.8668,12.7529],[74.8668,12.7532],[74.8665,12.7532],[74.8665,12.7537],[74.8668,12.7537],[74.8668,12.754],[74.8671,12.754],[74.8671,12.7545],[74.8759,12.7553],[74.8777,12.7523],[74.878,12.7502],[74.8799,12.7493],[74.8856,12.7488],[74.8887,12.7524],[74.8918,12.7545],[74.8945,12.7561],[74.8978,12.7554],[74.9014,12.7595],[74.9051,12.7599],[74.908,12.7626],[74.9091,12.763],[74.9294,12.7713],[74.9373,12.7722],[74.9542,12.7793],[74.9603,12.779],[74.9634,12.7748],[74.9654,12.7748],[74.9673,12.7769],[74.9686,12.7763],[74.969,12.7729],[74.9707,12.7726],[74.9819,12.7752],[74.9873,12.7779],[74.9926,12.7836],[74.9888,12.7892],[74.9895,12.7908],[74.9923,12.7905],[74.996,12.788]]]]}}]}