{"type":"FeatureCollection","name":"Madhya_Pradesh","crs":{"type":"name","properties":{"name":"urn:ogc:def:crs:OGC:1.3:CRS84"}},"features":[{"type":"Feature","properties":{"ID_0":105,"ISO":"IND","NAME_0":"India","ID_1":20,"NAME_1":"Madhya Pradesh","TYPE_1":"State","ENGTYPE_1":"State","NL_NAME_1":null,"VARNAME_1":null},"geometry":{"type":"Polygon","coordinates":[[[78.3646,26.8688],[78.3669,26.8626],[78.3701,26.8576],[78.3748,26.8468],[78.3807,26.8361],[78.3856,26.8279],[78.3897,26.8249],[78.4003,26.826],[78.4134,26.8304],[78.4259,26.8323],[78.4303,26.8289],[78.4343,26.8241],[78.4456,26.8034],[78.4508,26.7981],[78.4581,26.7952],[78.4663,26.7934],[78.4763,26.7923],[78.492,26.788],[78.5156,26.7851],[78.5263,26.7785],[78.5343,26.772],[78.535,26.7717],[78.5549,26.7648],[78.5601,26.7622],[78.5658,26.7577],[78.5752,26.756],[78.602,26.7561],[78.6065,26.7575],[78.6094,26.761],[78.6118,26.7671],[78.6157,26.7719],[78.6204,26.7752],[78.6286,26.7754],[78.6504,26.7697],[78.659,26.7692],[78.6675,26.7742],[78.6728,26.7877],[78.6774,26.7924],[78.6834,26.7946],[78.6901,26.796],[78.7153,26.8002],[78.7214,26.7977],[78.7203,26.7927],[78.7178,26.7872],[78.7184,26.7817],[78.7229,26.7793],[78.7259,26.7796],[78.7315,26.7831],[78.736,26.789],[78.7411,26.7925],[78.7448,26.7894],[78.749,26.7844],[78.7545,26.7757],[78.7621,26.7668],[78.7664,26.7645],[78.7707,26.7642],[78.7741,26.7661],[78.7987,26.7691],[78.8061,26.7688],[78.8114,26.7655],[78.8407,26.7261],[78.8511,26.7164],[78.8543,26.7123],[78.8649,26.7047],[78.8712,26.7036],[78.8771,26.7035],[78.8829,26.7044],[78.9039,26.7134],[78.9079,26.7129],[78.9128,26.7104],[78.9308,26.7043],[78.9481,26.6967],[78.9502,26.694],[78.9499,26.6919],[78.937,26.6723],[78.9358,26.6679],[78.9361,26.6649],[78.9379,26.6627],[78.9437,26.6611],[78.9479,26.6626],[78.9639,26.6765],[78.9697,26.6806],[78.9739,26.6825],[78.9839,26.6857],[78.9873,26.686],[78.9912,26.6844],[78.9932,26.6846],[78.9973,26.681],[79.0004,26.6767],[79.0012,26.6739],[78.9981,26.6666],[78.9957,26.6636],[78.9913,26.6546],[78.989,26.6514],[78.9869,26.6474],[78.9872,26.6442],[78.9913,26.6414],[78.9953,26.636],[79.0008,26.6304],[79.0031,26.6267],[79.0031,26.6192],[79.0052,26.6141],[79.0057,26.6105],[79.0037,26.6064],[78.9913,26.6046],[78.9821,26.5942],[78.978,26.5924],[78.981,26.586],[78.9795,26.5816],[78.9796,26.5741],[78.9913,26.5823],[78.9935,26.5788],[78.9982,26.5742],[78.9979,26.5722],[78.9991,26.5667],[78.998,26.564],[79.0044,26.5586],[79.0067,26.5578],[79.0052,26.5562],[78.9977,26.5559],[78.9958,26.5541],[78.998,26.5509],[79.0028,26.5499],[79.006,26.5514],[79.008,26.5478],[79.0128,26.5487],[79.0172,26.5521],[79.0205,26.5517],[79.0186,26.5433],[79.0196,26.5414],[79.0331,26.536],[79.0337,26.5334],[79.0313,26.5248],[79.0333,26.5226],[79.0395,26.5234],[79.041,26.5228],[79.0396,26.5197],[79.0393,26.5157],[79.0437,26.5105],[79.0498,26.5067],[79.0497,26.5028],[79.0509,26.5008],[79.0534,26.5012],[79.0566,26.5032],[79.0609,26.5033],[79.0611,26.491],[79.0623,26.4899],[79.0643,26.4868],[79.0635,26.4848],[79.0471,26.4614],[79.0468,26.4579],[79.0485,26.4561],[79.0532,26.4556],[79.0575,26.4561],[79.058,26.4513],[79.0606,26.4518],[79.0613,26.4494],[79.0636,26.449],[79.0668,26.4494],[79.0671,26.447],[79.0691,26.4465],[79.0728,26.4478],[79.0742,26.4456],[79.0777,26.4472],[79.0809,26.4439],[79.083,26.4497],[79.0827,26.4523],[79.0833,26.453],[79.0894,26.4509],[79.0911,26.4524],[79.0912,26.4553],[79.0929,26.4573],[79.0949,26.4571],[79.0999,26.456],[79.1052,26.4536],[79.1103,26.453],[79.121,26.4479],[79.124,26.4455],[79.1268,26.4448],[79.1233,26.4406],[79.1191,26.4329],[79.1168,26.4242],[79.1172,26.4171],[79.1149,26.4156],[79.1007,26.4117],[79.097,26.4126],[79.0927,26.4161],[79.0919,26.4167],[79.0868,26.4178],[79.0807,26.4055],[79.087,26.3911],[79.0896,26.3882],[79.0885,26.3831],[79.0905,26.3794],[79.0891,26.3771],[79.0792,26.3729],[79.0768,26.366],[79.0768,26.3627],[79.0842,26.3597],[79.0886,26.3599],[79.093,26.3601],[79.0952,26.3598],[79.0967,26.3596],[79.0964,26.3556],[79.1004,26.3551],[79.1034,26.3595],[79.1053,26.356],[79.1086,26.3545],[79.1166,26.3536],[79.1195,26.351],[79.1232,26.3447],[79.1314,26.3459],[79.1337,26.345],[79.1326,26.3428],[79.1268,26.3399],[79.125,26.3379],[79.1273,26.3335],[79.127,26.3317],[79.1259,26.3314],[79.1242,26.3311],[79.1156,26.3351],[79.1157,26.3313],[79.1157,26.3285],[79.118,26.3263],[79.1272,26.3214],[79.1266,26.316],[79.1191,26.3149],[79.1146,26.3131],[79.1088,26.3086],[79.1015,26.3139],[79.098,26.3146],[79.0938,26.3119],[79.0915,26.3085],[79.0918,26.304],[79.0877,26.299],[79.084,26.2971],[79.0831,26.2939],[79.0864,26.2837],[79.0836,26.2724],[79.0796,26.2726],[79.0772,26.2736],[79.0761,26.2752],[79.0766,26.2788],[79.0787,26.2803],[79.0787,26.2845],[79.0777,26.2872],[79.0755,26.2871],[79.0721,26.2852],[79.0687,26.2878],[79.0673,26.2876],[79.0641,26.2826],[79.0579,26.2838],[79.0533,26.2796],[79.0468,26.2706],[79.0485,26.266],[79.0468,26.2653],[79.037,26.267],[79.0379,26.2629],[79.0422,26.26],[79.0454,26.2603],[79.0469,26.2554],[79.0489,26.2537],[79.0519,26.2532],[79.0555,26.2542],[79.0584,26.2539],[79.0627,26.2469],[79.0611,26.2437],[79.0565,26.2419],[79.0556,26.2396],[79.0571,26.2329],[79.0553,26.2324],[79.0522,26.2321],[79.046,26.2335],[79.0406,26.2293],[79.0343,26.2315],[79.0296,26.2321],[79.0268,26.2334],[79.0247,26.2343],[79.0204,26.2343],[79.0171,26.2322],[79.0169,26.228],[79.0176,26.2234],[79.0173,26.2237],[79.0187,26.2158],[79.0182,26.2125],[79.0207,26.2097],[79.0206,26.2086],[79.0099,26.2049],[79.0104,26.2028],[79.0126,26.2014],[79.015,26.1982],[79.0149,26.1975],[79.013,26.1969],[79.0023,26.1968],[78.9966,26.199],[78.9944,26.2005],[78.9918,26.204],[78.984,26.2007],[78.9809,26.1984],[78.9774,26.1955],[78.9757,26.1928],[78.9918,26.1773],[78.996,26.1755],[79.0034,26.173],[79.0024,26.1647],[79.0009,26.1603],[79.0007,26.155],[78.9946,26.1528],[78.9918,26.1521],[78.9897,26.1507],[78.9862,26.1505],[78.9706,26.1554],[78.9653,26.1558],[78.9603,26.1543],[78.9523,26.1426],[78.9458,26.1411],[78.9427,26.1391],[78.9444,26.1375],[78.9546,26.1329],[78.9581,26.1299],[78.9665,26.1257],[78.9692,26.1234],[78.9705,26.1203],[78.9698,26.1123],[78.9718,26.1087],[78.9901,26.0959],[78.9919,26.0953],[79.0005,26.0967],[79.0035,26.0943],[79.0044,26.0901],[79.0022,26.0866],[79.0032,26.0818],[79.0011,26.0784],[78.9992,26.0771],[78.9971,26.0739],[78.9919,26.0746],[78.986,26.0761],[78.9825,26.0738],[78.9787,26.0647],[78.9758,26.0599],[78.9682,26.0592],[78.9614,26.0508],[78.9527,26.042],[78.9486,26.0388],[78.9443,26.037],[78.9462,26.0311],[78.9505,26.0258],[78.9504,26.0199],[78.9453,26.0139],[78.9444,26.0089],[78.9461,26.0062],[78.9466,26.0051],[78.9461,26.0016],[78.9433,25.9982],[78.9439,25.9932],[78.9432,25.9907],[78.9395,25.9864],[78.9362,25.9853],[78.931,25.9855],[78.9272,25.9865],[78.9246,25.9843],[78.9236,25.9809],[78.9261,25.9778],[78.9311,25.9763],[78.9295,25.9716],[78.9255,25.9654],[78.9258,25.9589],[78.9274,25.9555],[78.9301,25.9516],[78.9295,25.9494],[78.9274,25.9483],[78.9248,25.9487],[78.9222,25.9501],[78.9211,25.9508],[78.9238,25.9528],[78.9153,25.9494],[78.9098,25.9461],[78.9039,25.9411],[78.9013,25.9375],[78.8981,25.9309],[78.8943,25.9259],[78.8764,25.9157],[78.8769,25.9145],[78.8774,25.9132],[78.8803,25.9096],[78.8829,25.9064],[78.8872,25.899],[78.8851,25.8929],[78.8813,25.8884],[78.8837,25.8765],[78.8835,25.8749],[78.8827,25.8703],[78.8769,25.8699],[78.8727,25.873],[78.868,25.875],[78.8661,25.8749],[78.8636,25.8747],[78.8607,25.8733],[78.8578,25.872],[78.8505,25.8656],[78.8466,25.8605],[78.844,25.8453],[78.8462,25.8388],[78.8529,25.8436],[78.8658,25.8344],[78.8665,25.8296],[78.864,25.8163],[78.8633,25.8021],[78.8619,25.7992],[78.8559,25.7944],[78.8497,25.7959],[78.8436,25.8013],[78.8413,25.8052],[78.8407,25.8121],[78.8418,25.8168],[78.841,25.8206],[78.8351,25.8241],[78.8158,25.8311],[78.8112,25.8301],[78.802,25.8222],[78.7989,25.8182],[78.8005,25.8129],[78.804,25.8102],[78.8077,25.8115],[78.8138,25.8168],[78.8162,25.8176],[78.8223,25.8152],[78.8236,25.8124],[78.8238,25.8108],[78.8241,25.8076],[78.8205,25.7994],[78.8168,25.7993],[78.8117,25.7991],[78.805,25.8002],[78.8041,25.8003],[78.7996,25.7994],[78.7961,25.7959],[78.7936,25.7935],[78.7906,25.7882],[78.78,25.7751],[78.7758,25.7615],[78.7658,25.7589],[78.7624,25.7523],[78.7557,25.753],[78.7513,25.7527],[78.7468,25.7491],[78.7455,25.7441],[78.7458,25.738],[78.748,25.7327],[78.7524,25.7274],[78.7607,25.7208],[78.7775,25.7137],[78.7912,25.7105],[78.7926,25.7072],[78.7907,25.7029],[78.7894,25.6998],[78.7958,25.6961],[78.8094,25.6781],[78.8113,25.6745],[78.8106,25.6651],[78.8112,25.6455],[78.8098,25.6384],[78.8064,25.633],[78.8052,25.6246],[78.7982,25.6192],[78.7945,25.6175],[78.7849,25.6155],[78.766,25.6131],[78.7554,25.6096],[78.749,25.6083],[78.741,25.6039],[78.7328,25.6031],[78.7243,25.6084],[78.7112,25.6066],[78.7066,25.6033],[78.7003,25.6013],[78.6957,25.5998],[78.688,25.5952],[78.677,25.5941],[78.673,25.5918],[78.6654,25.5848],[78.6486,25.5656],[78.6443,25.5654],[78.6288,25.569],[78.6234,25.571],[78.6202,25.5736],[78.6213,25.5822],[78.6181,25.587],[78.6086,25.5891],[78.6057,25.5889],[78.6042,25.5873],[78.6002,25.5784],[78.598,25.5756],[78.5953,25.5749],[78.5903,25.5752],[78.5871,25.5729],[78.584,25.5655],[78.5812,25.5643],[78.5761,25.5653],[78.571,25.5674],[78.5655,25.5679],[78.5597,25.5678],[78.5471,25.5647],[78.5418,25.5651],[78.536,25.5669],[78.5324,25.5703],[78.5275,25.5729],[78.5114,25.573],[78.4915,25.5819],[78.4863,25.5822],[78.4811,25.5804],[78.4689,25.573],[78.4621,25.5675],[78.46,25.5646],[78.4573,25.5554],[78.4552,25.552],[78.4492,25.5527],[78.445,25.555],[78.443,25.5571],[78.4397,25.559],[78.4371,25.5644],[78.4335,25.5652],[78.4293,25.5639],[78.4261,25.5615],[78.4123,25.5422],[78.41,25.5377],[78.4087,25.5329],[78.411,25.5274],[78.4153,25.5214],[78.4167,25.5178],[78.4163,25.5157],[78.4143,25.5153],[78.4112,25.519],[78.4096,25.5186],[78.4086,25.508],[78.4094,25.5043],[78.4123,25.4977],[78.4195,25.4905],[78.4216,25.4797],[78.4207,25.4776],[78.4165,25.4775],[78.4067,25.4792],[78.4014,25.473],[78.396,25.4718],[78.3938,25.4713],[78.3931,25.4704],[78.3919,25.4688],[78.3857,25.4542],[78.3834,25.4519],[78.3809,25.4505],[78.3774,25.4484],[78.3708,25.4472],[78.3661,25.4463],[78.361,25.4466],[78.3527,25.4553],[78.3493,25.4558],[78.3476,25.4548],[78.3438,25.4462],[78.3366,25.435],[78.3352,25.4311],[78.3341,25.4182],[78.3325,25.4046],[78.3303,25.401],[78.3215,25.3952],[78.3169,25.3909],[78.3107,25.3851],[78.3072,25.3842],[78.3034,25.3848],[78.2997,25.3838],[78.2955,25.3748],[78.2942,25.3676],[78.2962,25.365],[78.3016,25.3644],[78.3163,25.3596],[78.3232,25.3553],[78.3266,25.349],[78.3276,25.3465],[78.3313,25.3367],[78.3308,25.3313],[78.3278,25.3276],[78.3271,25.3272],[78.3154,25.3207],[78.3106,25.3162],[78.308,25.311],[78.3116,25.3076],[78.3165,25.3046],[78.3301,25.3004],[78.3413,25.2993],[78.3452,25.2979],[78.3451,25.283],[78.3553,25.2757],[78.3622,25.2654],[78.3603,25.2586],[78.3552,25.25],[78.3545,25.2461],[78.3571,25.2442],[78.3645,25.2439],[78.3689,25.2417],[78.3708,25.2334],[78.3752,25.2258],[78.3811,25.2238],[78.3922,25.2223],[78.3955,25.2212],[78.3978,25.2178],[78.3945,25.2146],[78.3858,25.2087],[78.3839,25.206],[78.3839,25.2049],[78.3836,25.202],[78.3843,25.1993],[78.3854,25.1952],[78.3889,25.1928],[78.3913,25.1912],[78.4036,25.1889],[78.4073,25.1858],[78.409,25.182],[78.4173,25.1728],[78.4282,25.1696],[78.4351,25.1704],[78.4375,25.1714],[78.4391,25.1721],[78.4439,25.1726],[78.4465,25.169],[78.4463,25.1667],[78.4428,25.1579],[78.442,25.1574],[78.4287,25.1583],[78.4209,25.1576],[78.4183,25.1535],[78.4188,25.1511],[78.4229,25.1454],[78.4324,25.1375],[78.4429,25.1288],[78.431,25.1245],[78.4247,25.1247],[78.4177,25.127],[78.4107,25.1292],[78.4023,25.131],[78.3953,25.1305],[78.3897,25.127],[78.3787,25.1127],[78.3744,25.1085],[78.367,25.1045],[78.3578,25.1024],[78.3478,25.1],[78.3327,25.0932],[78.3309,25.0916],[78.3278,25.0888],[78.3268,25.0869],[78.3252,25.0841],[78.325,25.0725],[78.3272,25.0679],[78.3308,25.0454],[78.3381,25.0273],[78.3375,25.0208],[78.3346,25.0107],[78.3302,25.0037],[78.3275,24.9996],[78.3096,24.9912],[78.3067,24.989],[78.3026,24.984],[78.2896,24.9681],[78.2823,24.9632],[78.2627,24.9526],[78.2599,24.9492],[78.256,24.942],[78.2524,24.9395],[78.2494,24.9385],[78.2288,24.9241],[78.2139,24.9156],[78.2107,24.9123],[78.204,24.9005],[78.1997,24.8962],[78.1892,24.8928],[78.177,24.8873],[78.1704,24.8853],[78.1654,24.8817],[78.1647,24.8783],[78.1633,24.871],[78.1636,24.8643],[78.1638,24.8571],[78.1653,24.8482],[78.17,24.8465],[78.1736,24.8462],[78.1869,24.8428],[78.1916,24.8397],[78.194,24.8316],[78.1959,24.8286],[78.209,24.8131],[78.2184,24.7919],[78.2239,24.783],[78.2258,24.7766],[78.2252,24.7664],[78.2243,24.764],[78.2199,24.7582],[78.2189,24.7538],[78.2204,24.7474],[78.2263,24.7362],[78.2365,24.7246],[78.2508,24.7056],[78.2528,24.7009],[78.2546,24.6925],[78.257,24.6859],[78.268,24.6696],[78.2685,24.6671],[78.2679,24.6635],[78.2583,24.6528],[78.2567,24.6486],[78.2585,24.6378],[78.2634,24.6281],[78.2675,24.6219],[78.2699,24.6154],[78.2694,24.605],[78.2681,24.597],[78.2638,24.5787],[78.2604,24.5692],[78.2589,24.5582],[78.2553,24.5523],[78.2461,24.5487],[78.2365,24.5463],[78.2242,24.5413],[78.2184,24.5357],[78.2165,24.5316],[78.2197,24.5228],[78.2282,24.5165],[78.2381,24.5117],[78.2402,24.5096],[78.2415,24.5048],[78.2377,24.4962],[78.2379,24.4936],[78.2396,24.4895],[78.2462,24.4867],[78.2546,24.4858],[78.2632,24.4831],[78.2668,24.48],[78.2696,24.4762],[78.2697,24.4731],[78.2603,24.46],[78.2607,24.4539],[78.2669,24.4474],[78.2812,24.4372],[78.2899,24.4331],[78.2999,24.4265],[78.3115,24.4174],[78.3152,24.4128],[78.3183,24.4104],[78.3324,24.406],[78.3367,24.4039],[78.3449,24.392],[78.3504,24.3895],[78.3589,24.3872],[78.3609,24.3858],[78.3629,24.3816],[78.3626,24.3782],[78.3465,24.3627],[78.3409,24.3524],[78.3354,24.3451],[78.3311,24.3426],[78.3266,24.3385],[78.3254,24.3344],[78.326,24.3296],[78.3285,24.3255],[78.3318,24.3225],[78.3355,24.3192],[78.3394,24.3174],[78.3413,24.3115],[78.3414,24.3078],[78.3424,24.3054],[78.3445,24.3033],[78.3514,24.2993],[78.3617,24.2961],[78.364,24.2924],[78.3662,24.2903],[78.3699,24.2891],[78.373,24.2864],[78.3774,24.2781],[78.3796,24.2756],[78.3824,24.2739],[78.3857,24.2731],[78.393,24.2748],[78.4033,24.2755],[78.407,24.277],[78.4113,24.2876],[78.4145,24.2888],[78.4186,24.2895],[78.4232,24.2892],[78.4265,24.2902],[78.4348,24.2977],[78.4333,24.309],[78.4335,24.3134],[78.4403,24.3255],[78.4508,24.3299],[78.4546,24.3332],[78.4589,24.3357],[78.4678,24.3393],[78.4708,24.3434],[78.4717,24.3571],[78.4728,24.3624],[78.4753,24.3674],[78.4843,24.3776],[78.4898,24.3861],[78.4982,24.3928],[78.4999,24.3943],[78.5054,24.3939],[78.5146,24.3906],[78.5192,24.3874],[78.5221,24.3841],[78.5251,24.3771],[78.5276,24.3745],[78.5526,24.3606],[78.5569,24.3612],[78.5627,24.3594],[78.5665,24.3573],[78.5749,24.3594],[78.5784,24.3571],[78.5789,24.354],[78.5807,24.3498],[78.5847,24.3434],[78.5878,24.3414],[78.5936,24.3394],[78.599,24.3232],[78.6021,24.3183],[78.6048,24.3157],[78.6149,24.3126],[78.6196,24.3118],[78.6228,24.3099],[78.6235,24.3069],[78.6179,24.2993],[78.6173,24.2961],[78.6194,24.2894],[78.6217,24.2863],[78.626,24.2865],[78.6314,24.2902],[78.6342,24.2894],[78.6392,24.2862],[78.6436,24.2815],[78.6544,24.2737],[78.6578,24.2681],[78.6632,24.2526],[78.6654,24.2484],[78.6691,24.245],[78.6731,24.2444],[78.6781,24.2449],[78.6811,24.2441],[78.6926,24.237],[78.6989,24.2345],[78.7071,24.2388],[78.7111,24.2394],[78.7186,24.2392],[78.7211,24.2412],[78.7265,24.2527],[78.7322,24.2538],[78.7353,24.2518],[78.7361,24.2451],[78.7375,24.2421],[78.7409,24.2402],[78.7437,24.2395],[78.7459,24.2393],[78.7498,24.2407],[78.7526,24.2437],[78.7543,24.2472],[78.7567,24.2597],[78.7603,24.2585],[78.7664,24.2506],[78.7607,24.2391],[78.76,24.2365],[78.7605,24.2339],[78.7677,24.2178],[78.7698,24.2153],[78.7749,24.2123],[78.7763,24.21],[78.7783,24.201],[78.7821,24.1915],[78.7846,24.1851],[78.7885,24.1814],[78.7917,24.1802],[78.8022,24.1819],[78.8057,24.1843],[78.808,24.1933],[78.8091,24.2047],[78.8105,24.2085],[78.8135,24.2103],[78.8164,24.2087],[78.8189,24.2024],[78.8201,24.2012],[78.8243,24.2013],[78.8277,24.2032],[78.8328,24.2093],[78.8388,24.2147],[78.8465,24.2169],[78.8582,24.2135],[78.8628,24.214],[78.8737,24.2189],[78.8789,24.2231],[78.8811,24.2289],[78.8798,24.2441],[78.8783,24.2487],[78.8791,24.254],[78.8856,24.2593],[78.9099,24.2729],[78.9117,24.2765],[78.9132,24.2859],[78.9128,24.2894],[78.9077,24.2949],[78.9071,24.2964],[78.9078,24.3012],[78.9241,24.3142],[78.9287,24.3162],[78.9325,24.3189],[78.9454,24.3313],[78.9509,24.3404],[78.9549,24.3439],[78.961,24.3472],[78.9649,24.3504],[78.9669,24.3537],[78.9681,24.357],[78.9683,24.3602],[78.9669,24.3703],[78.9672,24.3736],[78.971,24.3847],[78.9742,24.3986],[78.9762,24.4029],[78.9809,24.4178],[78.9869,24.4232],[78.9878,24.428],[78.9865,24.434],[78.9844,24.4414],[78.982,24.4472],[78.9718,24.4447],[78.962,24.4441],[78.9555,24.4451],[78.9471,24.4431],[78.9444,24.4433],[78.9407,24.446],[78.9311,24.46],[78.9272,24.4621],[78.9128,24.4635],[78.9086,24.4668],[78.9026,24.4784],[78.9009,24.4836],[78.9009,24.4884],[78.9081,24.4932],[78.9138,24.5008],[78.9176,24.5025],[78.9218,24.5011],[78.9244,24.4991],[78.9261,24.4964],[78.9257,24.4918],[78.9233,24.4884],[78.9252,24.486],[78.9307,24.4845],[78.9431,24.4849],[78.9486,24.4862],[78.9546,24.4886],[78.9639,24.4938],[78.9664,24.4969],[78.9655,24.5003],[78.9634,24.502],[78.9502,24.5045],[78.9471,24.506],[78.9442,24.5095],[78.9434,24.5166],[78.9448,24.5236],[78.9439,24.5266],[78.9404,24.5312],[78.94,24.5341],[78.9404,24.5431],[78.9455,24.5533],[78.9447,24.5562],[78.943,24.5579],[78.9304,24.5644],[78.9131,24.5813],[78.9085,24.5888],[78.9056,24.6022],[78.9044,24.6043],[78.893,24.6138],[78.8919,24.6168],[78.8914,24.6221],[78.8817,24.6397],[78.8731,24.6469],[78.8665,24.6455],[78.8628,24.6411],[78.8592,24.6282],[78.8558,24.623],[78.8524,24.6209],[78.8492,24.6217],[78.8444,24.629],[78.8391,24.6282],[78.836,24.6256],[78.8335,24.6208],[78.8308,24.6089],[78.8288,24.6078],[78.8204,24.6079],[78.8141,24.6056],[78.8111,24.6053],[78.8067,24.6072],[78.8018,24.6078],[78.7979,24.6053],[78.7938,24.5982],[78.7769,24.5931],[78.7666,24.5976],[78.752,24.6025],[78.7495,24.605],[78.748,24.6115],[78.7486,24.6247],[78.748,24.6371],[78.7464,24.6432],[78.7421,24.6506],[78.7406,24.6561],[78.7401,24.66],[78.7443,24.6668],[78.7449,24.6693],[78.755,24.6736],[78.7575,24.6772],[78.7588,24.6822],[78.76,24.6936],[78.7653,24.6953],[78.7676,24.6969],[78.7724,24.7041],[78.773,24.7069],[78.7731,24.7117],[78.7698,24.7188],[78.7691,24.7235],[78.7675,24.7434],[78.769,24.7511],[78.7686,24.7548],[78.7632,24.7668],[78.7645,24.795],[78.7672,24.7985],[78.7778,24.8049],[78.7801,24.807],[78.7811,24.8105],[78.7805,24.815],[78.7726,24.8305],[78.7689,24.8437],[78.7674,24.8489],[78.7672,24.8557],[78.7645,24.8614],[78.7614,24.863],[78.7534,24.865],[78.7506,24.8689],[78.7467,24.8708],[78.7384,24.8696],[78.7344,24.871],[78.7316,24.8723],[78.7225,24.8807],[78.7189,24.8827],[78.7128,24.8838],[78.7029,24.884],[78.7006,24.8865],[78.6963,24.8947],[78.6917,24.8959],[78.6797,24.8972],[78.6754,24.8985],[78.6684,24.9024],[78.663,24.9093],[78.6595,24.9175],[78.6571,24.9251],[78.6537,24.9442],[78.6422,24.9398],[78.6405,24.9404],[78.6401,24.9453],[78.6425,24.9503],[78.6424,24.9527],[78.6249,24.9619],[78.622,24.9649],[78.6229,24.9678],[78.632,24.9837],[78.6351,25.0043],[78.6362,25.0109],[78.6362,25.0214],[78.6372,25.0256],[78.6442,25.0352],[78.6419,25.0615],[78.6394,25.0664],[78.6356,25.071],[78.6348,25.0742],[78.6295,25.0824],[78.6247,25.0864],[78.6203,25.0916],[78.6176,25.0927],[78.6056,25.0942],[78.5972,25.0979],[78.5967,25.1035],[78.5983,25.1081],[78.5982,25.1271],[78.596,25.1486],[78.5937,25.1574],[78.5698,25.202],[78.5646,25.221],[78.5626,25.226],[78.5615,25.2274],[78.5625,25.2387],[78.5658,25.2495],[78.5682,25.2541],[78.5686,25.2586],[78.5644,25.2652],[78.557,25.2693],[78.5524,25.2709],[78.5423,25.272],[78.536,25.2719],[78.5285,25.2745],[78.5256,25.2782],[78.5252,25.2855],[78.5209,25.288],[78.5053,25.2815],[78.5026,25.2834],[78.5008,25.2882],[78.4967,25.2939],[78.4893,25.2921],[78.454,25.2706],[78.4445,25.27],[78.4358,25.2732],[78.4287,25.2808],[78.4274,25.2887],[78.4298,25.297],[78.4352,25.3025],[78.4406,25.3042],[78.4485,25.3033],[78.4568,25.2993],[78.4593,25.2967],[78.4671,25.293],[78.4693,25.3033],[78.4718,25.3058],[78.4779,25.3087],[78.4832,25.3142],[78.4875,25.3202],[78.4922,25.3238],[78.4949,25.3207],[78.4958,25.3102],[78.5003,25.3041],[78.5051,25.3021],[78.5159,25.3043],[78.5187,25.3058],[78.5251,25.3065],[78.531,25.3171],[78.5336,25.3187],[78.5389,25.3204],[78.5408,25.3224],[78.5415,25.3266],[78.5377,25.3295],[78.5336,25.3309],[78.5315,25.3349],[78.5307,25.3392],[78.5311,25.3486],[78.5304,25.3521],[78.5248,25.3547],[78.5234,25.3583],[78.5251,25.363],[78.5281,25.3659],[78.5351,25.364],[78.5447,25.3587],[78.556,25.3486],[78.562,25.348],[78.5762,25.3519],[78.5789,25.3553],[78.5795,25.3606],[78.5778,25.3771],[78.5744,25.3822],[78.5703,25.3848],[78.5646,25.384],[78.5601,25.382],[78.5569,25.3841],[78.5611,25.3957],[78.5634,25.3979],[78.5686,25.3962],[78.5761,25.3911],[78.5789,25.3901],[78.5841,25.3903],[78.5883,25.3921],[78.5916,25.3965],[78.5946,25.4091],[78.599,25.4152],[78.6035,25.4171],[78.6144,25.4163],[78.6169,25.4101],[78.6192,25.407],[78.6236,25.406],[78.6286,25.4065],[78.6338,25.4095],[78.6368,25.4141],[78.6375,25.4198],[78.6325,25.433],[78.6337,25.4381],[78.6388,25.4404],[78.6454,25.4379],[78.649,25.4424],[78.6527,25.444],[78.658,25.4438],[78.6704,25.4389],[78.6749,25.4381],[78.6775,25.4397],[78.6789,25.4439],[78.6817,25.4474],[78.6858,25.4478],[78.6892,25.4454],[78.6933,25.4392],[78.6998,25.4323],[78.7014,25.4289],[78.7002,25.4261],[78.6845,25.416],[78.6691,25.4039],[78.6649,25.4045],[78.6593,25.4184],[78.6565,25.4201],[78.6537,25.4168],[78.652,25.4131],[78.6567,25.4005],[78.6569,25.396],[78.6559,25.3922],[78.6579,25.388],[78.6612,25.3866],[78.6649,25.388],[78.6694,25.3929],[78.6738,25.3912],[78.6735,25.388],[78.6716,25.3846],[78.6839,25.3805],[78.6872,25.3806],[78.6891,25.383],[78.6906,25.3867],[78.6928,25.3877],[78.6961,25.3855],[78.6971,25.3833],[78.6998,25.3817],[78.709,25.3787],[78.7098,25.3763],[78.7046,25.3656],[78.7036,25.3617],[78.7038,25.3586],[78.7094,25.3543],[78.7136,25.353],[78.7179,25.3528],[78.7211,25.3538],[78.7252,25.354],[78.7357,25.3492],[78.7498,25.3521],[78.7563,25.3575],[78.7644,25.3584],[78.7653,25.3604],[78.7657,25.3648],[78.7622,25.3744],[78.7612,25.3822],[78.7548,25.3862],[78.7529,25.3903],[78.753,25.392],[78.7544,25.3931],[78.7573,25.3925],[78.7589,25.3935],[78.7599,25.3978],[78.7596,25.4021],[78.7586,25.4041],[78.7546,25.4062],[78.7512,25.4053],[78.7475,25.4005],[78.7435,25.3977],[78.7416,25.3986],[78.7403,25.4031],[78.7405,25.4065],[78.7431,25.4127],[78.7454,25.4155],[78.7494,25.4176],[78.7562,25.4193],[78.776,25.4212],[78.7882,25.4236],[78.7905,25.4257],[78.7946,25.4266],[78.8077,25.4252],[78.8114,25.4274],[78.8129,25.4304],[78.8118,25.4331],[78.8035,25.4382],[78.7953,25.4413],[78.7895,25.442],[78.7822,25.4399],[78.7763,25.437],[78.7721,25.4329],[78.7654,25.43],[78.76,25.4306],[78.7551,25.4339],[78.7518,25.4384],[78.7481,25.4484],[78.7437,25.4521],[78.7324,25.4557],[78.7277,25.4587],[78.7246,25.4633],[78.7263,25.4901],[78.7318,25.5007],[78.7361,25.5043],[78.7393,25.4999],[78.7415,25.4899],[78.7436,25.4849],[78.7495,25.4822],[78.7565,25.4762],[78.7605,25.4758],[78.7643,25.4766],[78.773,25.4828],[78.7768,25.4834],[78.7817,25.4841],[78.7895,25.4835],[78.8102,25.4754],[78.8153,25.4724],[78.8255,25.4684],[78.8299,25.4657],[78.8334,25.4617],[78.8359,25.46],[78.8376,25.4589],[78.8421,25.4571],[78.8457,25.4544],[78.842,25.45],[78.8372,25.448],[78.8327,25.4477],[78.8304,25.4475],[78.8165,25.4489],[78.8139,25.4463],[78.8157,25.4418],[78.8197,25.4378],[78.831,25.432],[78.8343,25.4325],[78.8366,25.4342],[78.8453,25.445],[78.8537,25.4523],[78.8572,25.4622],[78.8572,25.4671],[78.8516,25.4778],[78.8488,25.4876],[78.846,25.4914],[78.8307,25.4984],[78.827,25.5037],[78.8283,25.51],[78.8339,25.516],[78.8367,25.5168],[78.8412,25.5181],[78.8471,25.5185],[78.8513,25.5189],[78.876,25.5243],[78.8784,25.5287],[78.8776,25.5332],[78.8684,25.5442],[78.869,25.5512],[78.8744,25.557],[78.8811,25.5602],[78.8828,25.5604],[78.8855,25.5608],[78.8968,25.5594],[78.906,25.5606],[78.9104,25.5593],[78.9133,25.5455],[78.9168,25.5413],[78.9186,25.5433],[78.9204,25.5496],[78.9226,25.5568],[78.9257,25.56],[78.9307,25.5597],[78.9357,25.5571],[78.9417,25.5514],[78.9438,25.5409],[78.9419,25.5312],[78.9384,25.5275],[78.9322,25.5244],[78.9196,25.5274],[78.9173,25.5255],[78.9164,25.5208],[78.9167,25.5168],[78.9192,25.5136],[78.9262,25.5076],[78.9332,25.4983],[78.9352,25.4943],[78.9361,25.4878],[78.9356,25.48],[78.93,25.4686],[78.9275,25.4657],[78.9197,25.4622],[78.9134,25.4521],[78.9063,25.4505],[78.9032,25.4469],[78.9126,25.4387],[78.9291,25.4283],[78.9342,25.4319],[78.9378,25.4375],[78.9426,25.4417],[78.947,25.4425],[78.9601,25.4389],[78.9625,25.4364],[78.9689,25.4251],[78.9702,25.4205],[78.9655,25.4115],[78.9682,25.3966],[78.9711,25.3918],[78.9758,25.3887],[78.9784,25.3829],[78.9785,25.376],[78.9745,25.3726],[78.9553,25.3731],[78.9484,25.37],[78.9387,25.3528],[78.9286,25.3518],[78.9172,25.36],[78.9064,25.3634],[78.897,25.3652],[78.8932,25.369],[78.8925,25.3753],[78.8954,25.3808],[78.9091,25.3806],[78.9264,25.3773],[78.9311,25.3771],[78.9389,25.3891],[78.9473,25.3932],[78.9512,25.3965],[78.9494,25.4002],[78.9434,25.4031],[78.931,25.4032],[78.9227,25.4005],[78.9154,25.3996],[78.912,25.397],[78.9083,25.3924],[78.9011,25.3893],[78.8906,25.3888],[78.883,25.3895],[78.8747,25.3877],[78.8614,25.377],[78.8454,25.3609],[78.8377,25.3522],[78.8359,25.347],[78.8432,25.3421],[78.8454,25.3387],[78.8457,25.3352],[78.8435,25.3324],[78.8403,25.3319],[78.8357,25.333],[78.8333,25.3313],[78.8266,25.3199],[78.8217,25.3187],[78.8167,25.3166],[78.8146,25.311],[78.8102,25.3109],[78.798,25.3145],[78.7919,25.3148],[78.7867,25.3097],[78.7833,25.3032],[78.7832,25.2976],[78.7869,25.2949],[78.7912,25.293],[78.7933,25.2931],[78.8037,25.302],[78.807,25.303],[78.8117,25.2998],[78.8127,25.2978],[78.8122,25.2941],[78.8064,25.2795],[78.8056,25.2709],[78.8113,25.266],[78.8237,25.2511],[78.8351,25.2332],[78.8418,25.2292],[78.8446,25.2311],[78.8459,25.2338],[78.8503,25.2534],[78.8529,25.2589],[78.8579,25.2662],[78.8623,25.2831],[78.8706,25.2849],[78.8724,25.2882],[78.8719,25.2918],[78.8676,25.3013],[78.8669,25.311],[78.8595,25.3146],[78.8564,25.317],[78.8582,25.3209],[78.8625,25.3246],[78.8731,25.3308],[78.8756,25.334],[78.8768,25.3392],[78.8765,25.3445],[78.879,25.3469],[78.8852,25.3467],[78.8955,25.3435],[78.9035,25.3401],[78.9079,25.3394],[78.9112,25.3421],[78.9147,25.3464],[78.9189,25.346],[78.9245,25.3419],[78.9255,25.3384],[78.9254,25.3346],[78.9276,25.3317],[78.9312,25.3324],[78.9355,25.3362],[78.9428,25.3451],[78.9458,25.3473],[78.95,25.3483],[78.9529,25.3499],[78.9558,25.3478],[78.952,25.3174],[78.9528,25.3119],[78.9703,25.2911],[78.97,25.2852],[78.9647,25.2839],[78.9538,25.2856],[78.9475,25.2837],[78.9438,25.2801],[78.9445,25.2754],[78.948,25.2717],[78.9484,25.2659],[78.9462,25.2638],[78.9406,25.2627],[78.9364,25.2627],[78.9335,25.2635],[78.9258,25.2678],[78.9228,25.2715],[78.9183,25.2752],[78.9152,25.2757],[78.9086,25.2744],[78.8964,25.2499],[78.8917,25.2455],[78.8846,25.2472],[78.8802,25.2536],[78.8759,25.2558],[78.8722,25.2508],[78.8673,25.2377],[78.8671,25.2325],[78.8733,25.2261],[78.8816,25.2155],[78.8824,25.2111],[78.8801,25.2059],[78.8757,25.2001],[78.871,25.1962],[78.8674,25.19],[78.8676,25.1863],[78.8698,25.1829],[78.8692,25.1781],[78.8733,25.172],[78.8718,25.166],[78.8739,25.1633],[78.8771,25.1622],[78.8934,25.1732],[78.9006,25.1805],[78.9016,25.1833],[78.908,25.1935],[78.9153,25.2026],[78.9192,25.2062],[78.9242,25.2106],[78.9424,25.2184],[78.9483,25.2202],[78.9528,25.2207],[78.9639,25.2194],[78.9692,25.2166],[78.9777,25.2042],[78.9824,25.1992],[78.9877,25.1968],[78.9928,25.1965],[78.9958,25.1959],[78.9973,25.1983],[78.9975,25.2076],[79.0004,25.2161],[78.9933,25.2222],[78.9945,25.2255],[78.995,25.2323],[78.9947,25.2337],[78.9927,25.235],[78.9874,25.2359],[78.9723,25.2428],[78.9712,25.2449],[78.9733,25.2537],[78.9772,25.2617],[78.9868,25.275],[78.9927,25.2777],[79.005,25.277],[79.0124,25.274],[79.0143,25.271],[79.016,25.2652],[79.0117,25.2528],[79.0116,25.2493],[79.0121,25.2482],[79.0147,25.2478],[79.0294,25.2493],[79.031,25.2463],[79.0283,25.241],[79.0265,25.2347],[79.0451,25.2306],[79.0523,25.2281],[79.0564,25.2257],[79.0567,25.2192],[79.0551,25.2172],[79.0485,25.2098],[79.0428,25.2101],[79.0246,25.1866],[79.0257,25.1826],[79.028,25.1803],[79.0314,25.1785],[79.0358,25.1739],[79.0252,25.1558],[79.0216,25.1469],[79.0218,25.1432],[79.0282,25.1399],[79.0355,25.1378],[79.0389,25.1372],[79.0431,25.1382],[79.0489,25.1475],[79.0546,25.1489],[79.0581,25.1508],[79.0629,25.1627],[79.0641,25.1725],[79.0703,25.1778],[79.0843,25.1925],[79.0872,25.1878],[79.0884,25.1837],[79.0887,25.1783],[79.0906,25.1762],[79.1026,25.1712],[79.1071,25.1681],[79.1192,25.1634],[79.1204,25.1642],[79.1186,25.1584],[79.1078,25.1437],[79.1247,25.1296],[79.1251,25.1292],[79.1148,25.1178],[79.1208,25.1134],[79.1243,25.1119],[79.1292,25.1108],[79.1334,25.1111],[79.1382,25.1184],[79.1448,25.1166],[79.1566,25.1119],[79.1689,25.1119],[79.1724,25.1185],[79.1741,25.119],[79.1793,25.1177],[79.1799,25.1288],[79.1688,25.1316],[79.1665,25.1395],[79.1668,25.1423],[79.1684,25.1453],[79.1773,25.146],[79.1811,25.1476],[79.1849,25.1511],[79.1877,25.1509],[79.189,25.1494],[79.1901,25.1457],[79.1937,25.1437],[79.1967,25.1429],[79.1963,25.138],[79.1962,25.1317],[79.1979,25.1282],[79.2071,25.1244],[79.2064,25.1138],[79.2107,25.1145],[79.2137,25.1165],[79.2184,25.1182],[79.2201,25.121],[79.2228,25.1233],[79.226,25.1224],[79.2349,25.1175],[79.2384,25.1164],[79.2397,25.1178],[79.2401,25.1202],[79.2381,25.1267],[79.2377,25.1313],[79.2435,25.1408],[79.2415,25.1409],[79.2398,25.1427],[79.2375,25.1428],[79.2249,25.1402],[79.2241,25.1408],[79.224,25.1432],[79.2225,25.1456],[79.2139,25.1484],[79.2197,25.1546],[79.2252,25.1582],[79.2358,25.161],[79.2458,25.162],[79.2506,25.1612],[79.256,25.1573],[79.2592,25.1533],[79.2593,25.1469],[79.2584,25.1439],[79.2619,25.1419],[79.2621,25.1412],[79.2545,25.1305],[79.2581,25.124],[79.2601,25.1221],[79.2688,25.1262],[79.27,25.1262],[79.2738,25.1217],[79.2765,25.1203],[79.2822,25.1335],[79.2911,25.1313],[79.301,25.1308],[79.3032,25.1333],[79.3057,25.1399],[79.3139,25.151],[79.3145,25.1519],[79.3106,25.1609],[79.3087,25.1651],[79.3019,25.1753],[79.2908,25.1839],[79.2887,25.1863],[79.2835,25.1895],[79.2788,25.1974],[79.2778,25.2035],[79.278,25.2106],[79.2796,25.2217],[79.2811,25.2243],[79.2815,25.2271],[79.2782,25.2383],[79.2742,25.2452],[79.2739,25.2465],[79.2736,25.2481],[79.2786,25.2478],[79.284,25.2465],[79.2933,25.2402],[79.2978,25.2344],[79.3005,25.2274],[79.3086,25.2232],[79.3108,25.2195],[79.3134,25.2196],[79.3149,25.2196],[79.323,25.2227],[79.3243,25.2226],[79.3253,25.2224],[79.3251,25.2139],[79.3258,25.2108],[79.3266,25.2085],[79.3326,25.2008],[79.3434,25.21],[79.347,25.2142],[79.3349,25.2229],[79.3291,25.2299],[79.3308,25.2321],[79.332,25.232],[79.3395,25.2281],[79.3411,25.2305],[79.3413,25.2391],[79.3403,25.2431],[79.3409,25.2561],[79.3413,25.2586],[79.3445,25.2643],[79.3401,25.2728],[79.3379,25.2732],[79.3345,25.2757],[79.3319,25.2763],[79.3234,25.2668],[79.3187,25.2631],[79.3147,25.2614],[79.31,25.2619],[79.3039,25.2654],[79.2983,25.2758],[79.2878,25.2902],[79.2865,25.2811],[79.2779,25.271],[79.2753,25.2693],[79.2711,25.2665],[79.2688,25.2665],[79.2657,25.2664],[79.262,25.2677],[79.2595,25.2714],[79.259,25.2742],[79.2565,25.2795],[79.2563,25.2821],[79.2568,25.285],[79.256,25.2917],[79.258,25.2984],[79.2601,25.3102],[79.2676,25.3188],[79.2765,25.327],[79.2776,25.3281],[79.2834,25.3301],[79.2913,25.3293],[79.2937,25.3324],[79.2941,25.3394],[79.2947,25.3402],[79.3042,25.3398],[79.3093,25.3386],[79.3251,25.3372],[79.3302,25.3337],[79.3337,25.3326],[79.3446,25.3344],[79.3459,25.333],[79.3384,25.3249],[79.3345,25.3174],[79.3377,25.3109],[79.3415,25.3077],[79.3419,25.3046],[79.3308,25.294],[79.331,25.2928],[79.3316,25.2926],[79.3325,25.2923],[79.3431,25.2904],[79.3497,25.2884],[79.3516,25.278],[79.3511,25.27],[79.353,25.2654],[79.3583,25.2635],[79.3617,25.2643],[79.3657,25.2681],[79.3672,25.2724],[79.3672,25.2756],[79.3644,25.2925],[79.3674,25.2943],[79.3698,25.2941],[79.3726,25.2933],[79.3756,25.2911],[79.3793,25.2867],[79.3835,25.2836],[79.386,25.2842],[79.3886,25.2862],[79.3923,25.2849],[79.4019,25.2793],[79.4012,25.2624],[79.4153,25.2592],[79.4267,25.2584],[79.4312,25.2596],[79.4516,25.2736],[79.4527,25.2753],[79.4531,25.2826],[79.4574,25.2839],[79.4731,25.2821],[79.4752,25.2792],[79.4753,25.2775],[79.4753,25.2767],[79.4753,25.2749],[79.4763,25.2732],[79.4777,25.2724],[79.4845,25.2727],[79.4904,25.2703],[79.4908,25.269],[79.4897,25.2656],[79.484,25.265],[79.4791,25.2652],[79.4745,25.2666],[79.464,25.268],[79.4607,25.2696],[79.4592,25.2695],[79.4552,25.2652],[79.4529,25.2565],[79.4483,25.2508],[79.4449,25.2481],[79.4436,25.2486],[79.4418,25.2517],[79.4386,25.2483],[79.4342,25.2418],[79.433,25.236],[79.427,25.225],[79.4323,25.2218],[79.4424,25.221],[79.4427,25.2126],[79.4358,25.2047],[79.4321,25.2028],[79.428,25.2035],[79.4262,25.2031],[79.4246,25.2026],[79.4213,25.2032],[79.4173,25.2039],[79.4096,25.2088],[79.4081,25.2075],[79.4046,25.1995],[79.4042,25.1944],[79.4039,25.1896],[79.3915,25.1796],[79.3839,25.1703],[79.3801,25.1537],[79.3802,25.1491],[79.3821,25.1459],[79.3839,25.14],[79.387,25.1361],[79.3887,25.1316],[79.3893,25.1206],[79.3908,25.1179],[79.3932,25.1161],[79.3991,25.1135],[79.402,25.1134],[79.4092,25.1157],[79.415,25.123],[79.4171,25.1273],[79.4184,25.1335],[79.4178,25.1351],[79.4148,25.1374],[79.4151,25.1391],[79.4176,25.1385],[79.4259,25.1384],[79.4311,25.1354],[79.433,25.1314],[79.4353,25.1265],[79.4344,25.1217],[79.4334,25.12],[79.4312,25.1159],[79.4295,25.1118],[79.4295,25.1115],[79.4299,25.1091],[79.4307,25.1081],[79.4311,25.1075],[79.4364,25.1078],[79.4448,25.1131],[79.4502,25.1178],[79.4566,25.125],[79.4684,25.1345],[79.4695,25.134],[79.4702,25.1338],[79.4702,25.1307],[79.4605,25.0963],[79.4715,25.0872],[79.4824,25.0851],[79.4899,25.0828],[79.4911,25.0833],[79.4911,25.0849],[79.4912,25.0861],[79.4938,25.092],[79.5002,25.0992],[79.5053,25.1013],[79.5134,25.1003],[79.5154,25.101],[79.5172,25.1018],[79.5183,25.1044],[79.5182,25.1077],[79.5139,25.1221],[79.5138,25.1257],[79.518,25.1312],[79.5266,25.1356],[79.5287,25.1374],[79.5286,25.138],[79.5273,25.1431],[79.5286,25.145],[79.5336,25.1464],[79.5349,25.1476],[79.538,25.1526],[79.5427,25.1606],[79.5503,25.1694],[79.5596,25.176],[79.5655,25.1776],[79.5689,25.1755],[79.574,25.1595],[79.5763,25.1571],[79.5857,25.1529],[79.5897,25.1473],[79.5905,25.1468],[79.5914,25.1463],[79.5923,25.1463],[79.5933,25.1464],[79.6,25.155],[79.6028,25.1548],[79.6028,25.1538],[79.6028,25.1531],[79.5985,25.1453],[79.5975,25.1396],[79.5954,25.1356],[79.5952,25.1341],[79.5979,25.1314],[79.6021,25.1314],[79.6051,25.1322],[79.6061,25.1325],[79.62,25.1427],[79.6329,25.1328],[79.6378,25.1311],[79.6407,25.1324],[79.643,25.1324],[79.6542,25.1305],[79.6566,25.1295],[79.6605,25.128],[79.6662,25.1271],[79.6708,25.1321],[79.6742,25.1358],[79.6766,25.137],[79.687,25.1369],[79.7073,25.1333],[79.7178,25.1338],[79.7246,25.1354],[79.726,25.1357],[79.7396,25.143],[79.7456,25.1439],[79.7478,25.1426],[79.7511,25.1407],[79.7577,25.1345],[79.7627,25.1298],[79.7692,25.1253],[79.7883,25.1204],[79.7933,25.1184],[79.8052,25.111],[79.8164,25.1109],[79.8187,25.1102],[79.8233,25.1064],[79.8243,25.1037],[79.8272,25.1001],[79.8313,25.0981],[79.8409,25.0964],[79.8492,25.097],[79.8559,25.0985],[79.8531,25.1028],[79.8458,25.1105],[79.8427,25.1163],[79.8466,25.1223],[79.848,25.1282],[79.8477,25.1334],[79.8516,25.1398],[79.8574,25.1428],[79.8648,25.145],[79.8722,25.1485],[79.8721,25.1503],[79.863,25.1539],[79.8606,25.1561],[79.8597,25.1621],[79.8626,25.177],[79.8615,25.1791],[79.8581,25.1819],[79.8588,25.1902],[79.8548,25.1991],[79.8519,25.2035],[79.8541,25.2104],[79.8562,25.2136],[79.863,25.2192],[79.8614,25.221],[79.8529,25.225],[79.8472,25.2324],[79.8452,25.2366],[79.8457,25.2384],[79.8471,25.2402],[79.851,25.2416],[79.8576,25.2419],[79.861,25.243],[79.866,25.2468],[79.8725,25.2538],[79.875,25.253],[79.8866,25.2464],[79.8936,25.2462],[79.8962,25.2475],[79.8973,25.2496],[79.8983,25.2551],[79.8996,25.2566],[79.9024,25.2569],[79.9053,25.2555],[79.9063,25.2542],[79.9106,25.245],[79.9106,25.236],[79.9122,25.2338],[79.9135,25.2334],[79.921,25.2507],[79.9241,25.2516],[79.9326,25.2503],[79.932,25.2599],[79.9333,25.263],[79.9344,25.2649],[79.941,25.2697],[79.9426,25.2719],[79.9492,25.2653],[79.963,25.2682],[79.9672,25.2685],[79.9695,25.2682],[79.9773,25.2649],[79.9922,25.2693],[79.9967,25.2687],[79.9973,25.2701],[79.9953,25.2747],[79.9956,25.2767],[79.9922,25.281],[79.9913,25.2832],[79.9922,25.2852],[79.9939,25.2888],[79.9987,25.2938],[80.0083,25.3007],[80.0126,25.3017],[80.0099,25.3248],[80.0127,25.3301],[80.0145,25.3311],[80.0207,25.3432],[80.0242,25.3446],[80.0372,25.341],[80.0444,25.3419],[80.0549,25.3413],[80.0615,25.342],[80.07,25.3431],[80.0723,25.3451],[80.0784,25.3534],[80.0833,25.3558],[80.0934,25.3538],[80.0961,25.3516],[80.107,25.3442],[80.1191,25.3427],[80.1233,25.3384],[80.1271,25.3406],[80.1327,25.3503],[80.1371,25.3557],[80.145,25.3601],[80.1532,25.3628],[80.1591,25.3662],[80.1583,25.3727],[80.1592,25.3776],[80.1667,25.379],[80.172,25.3807],[80.1826,25.3815],[80.1879,25.3836],[80.1892,25.3892],[80.1888,25.4064],[80.1909,25.409],[80.1914,25.4127],[80.1939,25.4162],[80.1972,25.415],[80.1983,25.4127],[80.1979,25.4106],[80.2024,25.4067],[80.2114,25.4039],[80.214,25.4042],[80.2266,25.4106],[80.2296,25.4109],[80.2452,25.4049],[80.2474,25.4074],[80.2473,25.4115],[80.2524,25.4188],[80.2535,25.4235],[80.2559,25.4287],[80.2612,25.4262],[80.2737,25.425],[80.2843,25.4159],[80.2896,25.4127],[80.2953,25.4078],[80.3086,25.3923],[80.3091,25.3918],[80.3108,25.3873],[80.3112,25.3811],[80.3132,25.3723],[80.3086,25.3637],[80.3054,25.3621],[80.3026,25.3583],[80.3036,25.3525],[80.3098,25.3413],[80.3117,25.3342],[80.3107,25.3107],[80.3091,25.3059],[80.3027,25.297],[80.3031,25.2911],[80.304,25.2889],[80.312,25.2822],[80.3198,25.2805],[80.3377,25.2794],[80.341,25.2786],[80.3493,25.2696],[80.3504,25.2653],[80.3517,25.2602],[80.3536,25.2564],[80.3577,25.2511],[80.3629,25.2468],[80.378,25.2375],[80.3813,25.2383],[80.3829,25.242],[80.3907,25.2457],[80.3991,25.243],[80.4017,25.221],[80.4042,25.214],[80.4095,25.2059],[80.4116,25.1994],[80.4181,25.1919],[80.4224,25.1814],[80.4237,25.1741],[80.4226,25.1722],[80.4155,25.1653],[80.4036,25.1651],[80.3868,25.1629],[80.3807,25.1608],[80.3734,25.1552],[80.3625,25.1497],[80.3561,25.1484],[80.3513,25.1449],[80.3486,25.1407],[80.3475,25.13],[80.3441,25.1249],[80.3384,25.1213],[80.3228,25.1066],[80.3133,25.1012],[80.3147,25.0941],[80.3132,25.0893],[80.3105,25.082],[80.3048,25.0755],[80.2947,25.0691],[80.2876,25.0669],[80.282,25.0632],[80.2816,25.0601],[80.2812,25.0567],[80.2794,25.0527],[80.2778,25.044],[80.2772,25.0429],[80.2749,25.039],[80.2733,25.0371],[80.2708,25.0342],[80.2688,25.0327],[80.2673,25.0316],[80.2669,25.0302],[80.2785,25.0216],[80.2892,25.0211],[80.299,25.016],[80.3124,25.0063],[80.3128,25.0043],[80.3141,25.0035],[80.3146,25.0034],[80.3151,25.0033],[80.3156,25.0033],[80.3161,25.0032],[80.3167,25.0031],[80.3172,25.0031],[80.3177,25.003],[80.3182,25.003],[80.3187,25.003],[80.3192,25.0029],[80.3197,25.0029],[80.3203,25.0029],[80.3208,25.0029],[80.3213,25.0029],[80.3218,25.0029],[80.3223,25.0029],[80.3229,25.0029],[80.3233,25.003],[80.3239,25.003],[80.3244,25.003],[80.3249,25.0031],[80.3259,25.0031],[80.3274,25.0043],[80.329,25.0054],[80.338,25.0209],[80.3446,25.0195],[80.3479,25.0165],[80.3526,25.0199],[80.3551,25.0245],[80.3588,25.0261],[80.3678,25.0254],[80.3689,25.0238],[80.3692,25.0189],[80.3728,25.0083],[80.3822,25.0097],[80.3874,25.0124],[80.3892,25.0149],[80.383,25.0187],[80.3809,25.0277],[80.3761,25.028],[80.3724,25.0292],[80.3718,25.0328],[80.3729,25.0347],[80.3747,25.0366],[80.3783,25.0368],[80.3804,25.0389],[80.3802,25.0416],[80.3791,25.0444],[80.3752,25.0456],[80.3675,25.0461],[80.3641,25.0477],[80.3663,25.0531],[80.3658,25.0578],[80.3672,25.0589],[80.3793,25.056],[80.3835,25.0617],[80.3841,25.0653],[80.3864,25.0673],[80.3894,25.0682],[80.3941,25.072],[80.3981,25.0693],[80.3975,25.0656],[80.4027,25.061],[80.4053,25.0609],[80.4068,25.0634],[80.4099,25.0767],[80.4227,25.0713],[80.4245,25.0715],[80.4295,25.0725],[80.4312,25.0739],[80.4329,25.0784],[80.4351,25.081],[80.4407,25.0821],[80.4418,25.081],[80.4443,25.0813],[80.4451,25.0802],[80.4434,25.0773],[80.4416,25.076],[80.4423,25.0733],[80.4446,25.0708],[80.4442,25.0682],[80.446,25.0658],[80.453,25.0688],[80.4559,25.0738],[80.46,25.0697],[80.4614,25.058],[80.4702,25.0447],[80.4733,25.0436],[80.4769,25.0439],[80.479,25.0443],[80.4831,25.0473],[80.4858,25.0473],[80.4942,25.0453],[80.4932,25.0543],[80.4972,25.056],[80.5002,25.0588],[80.5023,25.0629],[80.5021,25.0674],[80.5001,25.071],[80.4906,25.0782],[80.4945,25.0796],[80.4984,25.0826],[80.5,25.0896],[80.4978,25.0914],[80.4943,25.0921],[80.4873,25.0918],[80.4776,25.0964],[80.4747,25.0991],[80.4745,25.1018],[80.4761,25.1023],[80.4803,25.1016],[80.4839,25.1028],[80.4921,25.1022],[80.4947,25.1049],[80.5019,25.1041],[80.5095,25.101],[80.5129,25.0982],[80.5143,25.0958],[80.5152,25.0885],[80.5173,25.0848],[80.519,25.0819],[80.5281,25.0771],[80.532,25.0759],[80.5388,25.0697],[80.5434,25.0677],[80.5468,25.068],[80.5486,25.0693],[80.5525,25.0693],[80.5554,25.0709],[80.5577,25.0729],[80.56,25.075],[80.5612,25.0793],[80.5611,25.0888],[80.5624,25.0914],[80.5656,25.0872],[80.568,25.0853],[80.5726,25.0858],[80.5787,25.0883],[80.5801,25.087],[80.5876,25.0859],[80.5887,25.0843],[80.5932,25.0815],[80.5959,25.0782],[80.6045,25.0726],[80.6068,25.0722],[80.6071,25.0727],[80.6073,25.0731],[80.6068,25.0762],[80.6,25.0908],[80.5944,25.093],[80.5933,25.0942],[80.5919,25.096],[80.5878,25.1091],[80.5914,25.118],[80.5964,25.122],[80.6014,25.1228],[80.6004,25.1253],[80.5976,25.1281],[80.5908,25.1316],[80.5901,25.1348],[80.5911,25.1413],[80.5946,25.1552],[80.5996,25.1555],[80.6027,25.1524],[80.6058,25.1493],[80.6056,25.1428],[80.6055,25.1364],[80.6083,25.1329],[80.616,25.1381],[80.6225,25.1361],[80.625,25.1377],[80.628,25.1303],[80.6324,25.1233],[80.6312,25.1198],[80.6223,25.122],[80.6192,25.1202],[80.6188,25.1181],[80.6182,25.1158],[80.6148,25.1139],[80.6151,25.1112],[80.6133,25.1065],[80.6068,25.1065],[80.6014,25.1044],[80.6066,25.1016],[80.6085,25.0986],[80.6178,25.0937],[80.62,25.0896],[80.6223,25.0893],[80.622,25.0934],[80.6235,25.0952],[80.6252,25.0956],[80.6286,25.0933],[80.6339,25.0938],[80.6343,25.0972],[80.6352,25.0976],[80.6357,25.0961],[80.6365,25.094],[80.6415,25.0931],[80.6455,25.0906],[80.6505,25.0875],[80.6537,25.0765],[80.6563,25.0744],[80.6642,25.0784],[80.6658,25.0802],[80.6661,25.0805],[80.6667,25.0843],[80.6683,25.0868],[80.6793,25.0818],[80.679,25.0758],[80.6779,25.0731],[80.6742,25.0681],[80.6718,25.0673],[80.6719,25.0646],[80.6751,25.0625],[80.6747,25.0602],[80.6736,25.0542],[80.6783,25.0546],[80.6869,25.0588],[80.698,25.0616],[80.7053,25.0614],[80.7083,25.0649],[80.7095,25.0663],[80.711,25.0673],[80.7144,25.0678],[80.7272,25.0718],[80.7292,25.0655],[80.7336,25.0624],[80.7441,25.0623],[80.7514,25.064],[80.7557,25.0626],[80.766,25.0611],[80.7759,25.0617],[80.7783,25.0639],[80.7814,25.0696],[80.7796,25.0779],[80.776,25.0843],[80.767,25.0856],[80.7511,25.0911],[80.751,25.0943],[80.7521,25.0954],[80.7493,25.0978],[80.7458,25.0994],[80.7334,25.1013],[80.7293,25.0973],[80.7252,25.098],[80.7205,25.1014],[80.719,25.104],[80.7199,25.1173],[80.7254,25.1229],[80.7224,25.126],[80.7173,25.1289],[80.7075,25.1274],[80.7009,25.128],[80.6985,25.1314],[80.6996,25.1371],[80.7009,25.1381],[80.7106,25.1384],[80.7148,25.1433],[80.7153,25.1467],[80.7176,25.1466],[80.7231,25.1488],[80.7277,25.1474],[80.7287,25.1429],[80.7323,25.1424],[80.7321,25.1405],[80.7355,25.1352],[80.7381,25.1346],[80.7404,25.1374],[80.7509,25.1417],[80.7596,25.1406],[80.7661,25.1409],[80.774,25.1466],[80.7767,25.1448],[80.7821,25.1371],[80.7837,25.1384],[80.7861,25.138],[80.7907,25.1427],[80.7937,25.1423],[80.7979,25.1462],[80.7996,25.1464],[80.8032,25.1435],[80.8083,25.1408],[80.8077,25.1331],[80.8096,25.1307],[80.8186,25.1306],[80.8214,25.1256],[80.8217,25.1229],[80.8215,25.12],[80.8232,25.1178],[80.8239,25.1147],[80.8277,25.1103],[80.8334,25.1133],[80.8378,25.1275],[80.8348,25.1325],[80.8321,25.1414],[80.8338,25.1456],[80.8374,25.1603],[80.8419,25.1679],[80.8423,25.1712],[80.8411,25.1753],[80.8359,25.1854],[80.8352,25.1905],[80.8363,25.1927],[80.8411,25.1935],[80.8486,25.19],[80.8604,25.1906],[80.8632,25.1892],[80.8642,25.1879],[80.8695,25.1887],[80.878,25.1956],[80.8862,25.1772],[80.889,25.1747],[80.896,25.1713],[80.9056,25.1645],[80.9049,25.1603],[80.9016,25.158],[80.8903,25.1464],[80.8884,25.1412],[80.8853,25.14],[80.8754,25.1444],[80.8728,25.1339],[80.869,25.1279],[80.8659,25.1255],[80.865,25.1236],[80.8665,25.1194],[80.8722,25.1093],[80.873,25.1026],[80.8712,25.0982],[80.8673,25.094],[80.8643,25.0882],[80.8648,25.0843],[80.8751,25.0795],[80.8707,25.0711],[80.8558,25.0624],[80.8469,25.0533],[80.8411,25.0513],[80.8352,25.0397],[80.8267,25.0392],[80.8291,25.03],[80.8401,25.0202],[80.8419,25.0125],[80.8503,25.0031],[80.8482,24.9981],[80.845,24.9935],[80.8364,24.9861],[80.8247,24.9861],[80.8211,24.9825],[80.8186,24.9736],[80.8126,24.9737],[80.8065,24.975],[80.7988,24.9749],[80.7936,24.9737],[80.79,24.9718],[80.7899,24.9672],[80.7916,24.9639],[80.8029,24.9569],[80.8022,24.9445],[80.8154,24.9379],[80.8208,24.9366],[80.829,24.9384],[80.8349,24.9345],[80.8409,24.9356],[80.8566,24.936],[80.875,24.9407],[80.8768,24.9451],[80.8812,24.9482],[80.8848,24.9489],[80.8887,24.9474],[80.8948,24.9424],[80.898,24.9417],[80.9,24.9396],[80.9028,24.9402],[80.9012,24.9433],[80.8933,24.9505],[80.8943,24.9539],[80.8973,24.9567],[80.9115,24.9623],[80.916,24.9648],[80.9216,24.9666],[80.9285,24.9677],[80.9337,24.9701],[80.9368,24.9725],[80.9425,24.9711],[80.9448,24.968],[80.9467,24.9611],[80.9467,24.9569],[80.9439,24.9507],[80.9448,24.9471],[80.9498,24.9464],[80.9522,24.9429],[80.9529,24.9394],[80.9511,24.927],[80.9552,24.9257],[80.9584,24.9322],[80.9657,24.9386],[80.9723,24.9396],[80.9793,24.9381],[80.9779,24.9332],[80.981,24.9297],[80.9845,24.9326],[80.9912,24.9371],[80.9967,24.9396],[81,24.9402],[81.0087,24.9325],[81.0119,24.9332],[81.0147,24.9316],[81.0168,24.9325],[81.018,24.9355],[81.0213,24.9371],[81.0211,24.9383],[81.0153,24.9401],[81.0126,24.9437],[81.0072,24.9526],[81.0095,24.9543],[81.017,24.9464],[81.0192,24.945],[81.0208,24.9461],[81.0214,24.9484],[81.0199,24.952],[81.0232,24.9524],[81.0267,24.955],[81.0431,24.9526],[81.0472,24.9552],[81.0508,24.9553],[81.0574,24.9531],[81.0764,24.9523],[81.0812,24.9502],[81.0825,24.9477],[81.0805,24.9384],[81.0816,24.9358],[81.0849,24.9344],[81.0895,24.9245],[81.0945,24.9238],[81.0965,24.9225],[81.0987,24.9184],[81.1038,24.9127],[81.1075,24.9121],[81.1107,24.9107],[81.1129,24.9055],[81.1168,24.9018],[81.1227,24.8987],[81.1282,24.8936],[81.1324,24.8921],[81.1342,24.8938],[81.1329,24.9005],[81.1333,24.9056],[81.1401,24.9164],[81.1427,24.9174],[81.1481,24.9177],[81.1523,24.9163],[81.1525,24.9196],[81.1509,24.9237],[81.1512,24.9272],[81.1523,24.9294],[81.1555,24.932],[81.156,24.9398],[81.1578,24.9427],[81.1569,24.9457],[81.1596,24.9547],[81.1614,24.9585],[81.1642,24.9598],[81.1697,24.9568],[81.1721,24.9535],[81.1766,24.955],[81.1806,24.9495],[81.1884,24.9451],[81.199,24.9347],[81.1983,24.934],[81.193,24.9346],[81.1844,24.9292],[81.1958,24.929],[81.1995,24.9269],[81.2025,24.9278],[81.2073,24.9311],[81.211,24.9326],[81.2126,24.9345],[81.2115,24.9362],[81.2075,24.9373],[81.206,24.9392],[81.2044,24.9505],[81.2064,24.9541],[81.206,24.9581],[81.2041,24.9628],[81.2,24.9669],[81.2013,24.9703],[81.2123,24.9777],[81.2127,24.9817],[81.2113,24.9868],[81.2073,24.9913],[81.2017,24.9957],[81.2038,24.9976],[81.2048,25.0028],[81.2051,25.0031],[81.2058,25.0034],[81.2064,25.0037],[81.2074,25.0035],[81.2085,25.0031],[81.209,25.0029],[81.2097,25.0022],[81.2102,25.0018],[81.2107,25.0017],[81.2113,25.0017],[81.2166,25.0044],[81.2202,25.0072],[81.2231,25.0113],[81.2307,25.0181],[81.236,25.0293],[81.2392,25.0314],[81.2426,25.0363],[81.2476,25.0415],[81.2523,25.0526],[81.2534,25.0544],[81.256,25.0557],[81.2553,25.0608],[81.2616,25.0685],[81.2622,25.0728],[81.26,25.0756],[81.253,25.079],[81.2591,25.0873],[81.2544,25.0927],[81.2521,25.0986],[81.2488,25.1007],[81.2465,25.1033],[81.2457,25.1055],[81.2481,25.1117],[81.2562,25.1145],[81.258,25.1168],[81.2582,25.1236],[81.2568,25.1286],[81.2621,25.1311],[81.2597,25.1412],[81.2612,25.1439],[81.2615,25.1443],[81.2656,25.1449],[81.2706,25.1484],[81.2748,25.1534],[81.2739,25.1584],[81.2686,25.1652],[81.2691,25.1677],[81.2714,25.1689],[81.2752,25.169],[81.2815,25.1655],[81.2847,25.1653],[81.2913,25.1668],[81.2925,25.168],[81.3049,25.1675],[81.3064,25.166],[81.307,25.1597],[81.3043,25.1453],[81.3049,25.1431],[81.308,25.1389],[81.3066,25.1352],[81.307,25.1334],[81.3088,25.1316],[81.3084,25.1258],[81.3101,25.124],[81.312,25.1234],[81.313,25.1174],[81.3147,25.1163],[81.317,25.116],[81.3183,25.1168],[81.3185,25.1187],[81.323,25.1184],[81.3222,25.1207],[81.3203,25.1224],[81.3168,25.1281],[81.316,25.1351],[81.3168,25.1407],[81.3123,25.1462],[81.311,25.149],[81.3107,25.1526],[81.313,25.1635],[81.3196,25.1681],[81.33,25.1725],[81.331,25.1696],[81.336,25.1663],[81.3446,25.1655],[81.3494,25.1674],[81.3509,25.1639],[81.3534,25.1615],[81.3555,25.1576],[81.3572,25.1523],[81.3625,25.1457],[81.3656,25.1443],[81.3664,25.1417],[81.3645,25.1393],[81.3645,25.1379],[81.3669,25.1374],[81.3743,25.1388],[81.379,25.1345],[81.3844,25.1351],[81.3865,25.1339],[81.385,25.1301],[81.3872,25.129],[81.389,25.1243],[81.3912,25.1231],[81.3975,25.1217],[81.4006,25.1217],[81.4043,25.1222],[81.4062,25.1234],[81.4067,25.1251],[81.4018,25.1308],[81.4002,25.1338],[81.4133,25.1317],[81.416,25.1323],[81.4178,25.1352],[81.4197,25.1356],[81.4278,25.1336],[81.4302,25.1336],[81.4291,25.1295],[81.4344,25.1219],[81.4386,25.114],[81.4391,25.112],[81.4383,25.1104],[81.4355,25.111],[81.4272,25.1106],[81.4115,25.1123],[81.4069,25.112],[81.403,25.1116],[81.4004,25.1091],[81.4008,25.1078],[81.4031,25.1064],[81.4131,25.104],[81.4208,25.1016],[81.4248,25.0994],[81.4364,25.0962],[81.4589,25.093],[81.4578,25.0893],[81.4583,25.0868],[81.4654,25.0818],[81.4731,25.0809],[81.4774,25.0793],[81.4812,25.0759],[81.4837,25.0749],[81.4852,25.0776],[81.4865,25.0841],[81.4922,25.0819],[81.4946,25.0821],[81.4974,25.096],[81.4943,25.1017],[81.5005,25.1008],[81.5029,25.1017],[81.507,25.1053],[81.5076,25.1068],[81.5032,25.1105],[81.4931,25.1107],[81.4856,25.1159],[81.4817,25.1173],[81.4777,25.1211],[81.4781,25.1279],[81.472,25.133],[81.4718,25.135],[81.4729,25.1371],[81.4747,25.1381],[81.4774,25.1384],[81.4802,25.1377],[81.4845,25.1343],[81.4896,25.1342],[81.4905,25.135],[81.49,25.1419],[81.492,25.1488],[81.4954,25.1523],[81.5006,25.1528],[81.505,25.1512],[81.5109,25.1484],[81.5157,25.1453],[81.5185,25.1425],[81.5247,25.1436],[81.5252,25.1475],[81.5187,25.1518],[81.52,25.1537],[81.5288,25.1613],[81.53,25.1633],[81.5273,25.1666],[81.5107,25.1737],[81.5078,25.1763],[81.5071,25.1785],[81.5078,25.185],[81.5096,25.187],[81.5128,25.1879],[81.5201,25.1872],[81.5232,25.1858],[81.5325,25.1854],[81.5333,25.1876],[81.534,25.1883],[81.5399,25.1877],[81.5488,25.1887],[81.549,25.1866],[81.5584,25.1892],[81.5664,25.1957],[81.5717,25.193],[81.5772,25.1913],[81.5856,25.1866],[81.588,25.1838],[81.5819,25.1703],[81.5818,25.1683],[81.5966,25.1655],[81.5998,25.166],[81.6011,25.1674],[81.6029,25.1659],[81.6055,25.1656],[81.607,25.1681],[81.6068,25.1706],[81.6081,25.1728],[81.61,25.1737],[81.6135,25.1705],[81.6144,25.1651],[81.6174,25.1639],[81.619,25.1597],[81.6197,25.1556],[81.6189,25.1491],[81.6176,25.1462],[81.6151,25.1439],[81.6122,25.1466],[81.61,25.1472],[81.6043,25.1428],[81.5992,25.1398],[81.5942,25.138],[81.5921,25.1364],[81.5941,25.1295],[81.5915,25.1274],[81.591,25.123],[81.6023,25.1175],[81.6018,25.116],[81.6028,25.1124],[81.6012,25.1002],[81.6043,25.0997],[81.6064,25.1059],[81.6101,25.1117],[81.613,25.1132],[81.6148,25.1199],[81.6168,25.1226],[81.6233,25.1219],[81.6251,25.1204],[81.6253,25.1178],[81.6227,25.1112],[81.632,25.1033],[81.6317,25.1015],[81.6293,25.0997],[81.6258,25.0999],[81.6215,25.0984],[81.6209,25.0951],[81.6149,25.094],[81.6095,25.0852],[81.6044,25.083],[81.5959,25.0818],[81.5938,25.0798],[81.5945,25.0769],[81.6028,25.0718],[81.604,25.0695],[81.6081,25.0668],[81.6097,25.0647],[81.6086,25.0633],[81.6056,25.0646],[81.6032,25.0644],[81.6027,25.063],[81.6043,25.0607],[81.6085,25.0589],[81.6173,25.0571],[81.6219,25.0569],[81.6253,25.0625],[81.632,25.0615],[81.6356,25.0618],[81.6442,25.0684],[81.646,25.0706],[81.6468,25.075],[81.6531,25.075],[81.6565,25.0786],[81.6587,25.0797],[81.6599,25.0782],[81.6604,25.0715],[81.6622,25.0651],[81.664,25.0639],[81.6714,25.0662],[81.6758,25.066],[81.6778,25.0647],[81.6831,25.0568],[81.6837,25.0508],[81.6819,25.0438],[81.6855,25.0422],[81.7054,25.0379],[81.7101,25.0391],[81.7134,25.0401],[81.7138,25.0473],[81.7164,25.053],[81.7324,25.0487],[81.7351,25.0445],[81.7345,25.0431],[81.7372,25.0419],[81.7382,25.0391],[81.7415,25.037],[81.7465,25.0357],[81.7474,25.0336],[81.7498,25.0316],[81.7714,25.0232],[81.7787,25.0176],[81.7801,25.0152],[81.7892,25.0101],[81.7917,25.01],[81.8294,25.0193],[81.835,25.0183],[81.84,25.015],[81.8463,25.0071],[81.8494,25.006],[81.8637,25.0036],[81.8645,25.0004],[81.8668,25.0002],[81.8684,25.0022],[81.8735,25.0021],[81.8814,24.9995],[81.8833,24.9937],[81.8861,24.9928],[81.8877,24.9934],[81.8906,24.9964],[81.8931,24.9998],[81.894,25.0035],[81.8916,25.0051],[81.8886,25.0095],[81.8882,25.011],[81.8893,25.0131],[81.8914,25.0135],[81.8985,25.0096],[81.9,25.0072],[81.8999,25.0034],[81.8992,24.9992],[81.8948,24.9911],[81.8945,24.9874],[81.9005,24.9848],[81.9016,24.9828],[81.8985,24.9769],[81.8983,24.9753],[81.901,24.9731],[81.9041,24.9423],[81.9096,24.9371],[81.912,24.9309],[81.9103,24.9205],[81.9024,24.9115],[81.8985,24.9052],[81.8988,24.8993],[81.8964,24.8925],[81.9027,24.8841],[81.9063,24.8835],[81.9101,24.8804],[81.9134,24.8804],[81.9151,24.8778],[81.9237,24.8763],[81.9284,24.8731],[81.9267,24.8608],[81.9318,24.8565],[81.9347,24.8514],[81.9372,24.8501],[81.9462,24.8467],[81.9477,24.8426],[81.9549,24.8392],[81.9572,24.8321],[81.9592,24.8306],[81.9616,24.8317],[81.965,24.8414],[81.9681,24.8439],[81.9754,24.8425],[81.9915,24.8465],[81.9979,24.8474],[82.0049,24.8507],[82.0243,24.8446],[82.0372,24.833],[82.0423,24.8342],[82.0565,24.8281],[82.0652,24.8234],[82.0708,24.8249],[82.0819,24.8221],[82.0897,24.8159],[82.0947,24.8104],[82.1,24.8099],[82.1048,24.8056],[82.1077,24.8008],[82.1078,24.7937],[82.1122,24.7923],[82.1264,24.7939],[82.1289,24.7998],[82.1322,24.8045],[82.1466,24.7973],[82.1594,24.7923],[82.1632,24.7958],[82.1734,24.801],[82.1628,24.805],[82.1718,24.8088],[82.1737,24.8142],[82.1824,24.8168],[82.1879,24.8207],[82.196,24.8245],[82.1913,24.8177],[82.1809,24.8082],[82.179,24.8047],[82.1813,24.8008],[82.1886,24.7982],[82.1949,24.7969],[82.2014,24.8007],[82.2087,24.7978],[82.2055,24.7914],[82.2049,24.7855],[82.2095,24.7815],[82.2018,24.7807],[82.194,24.7833],[82.1894,24.7823],[82.1913,24.7749],[82.1906,24.7696],[82.1957,24.7637],[82.1915,24.7532],[82.1729,24.7396],[82.1887,24.7438],[82.1951,24.7399],[82.2026,24.7408],[82.2084,24.739],[82.2138,24.7287],[82.216,24.7362],[82.2134,24.7442],[82.2022,24.7482],[82.1995,24.7521],[82.2092,24.7595],[82.2228,24.7517],[82.2216,24.7599],[82.2185,24.765],[82.2209,24.767],[82.2234,24.7642],[82.2277,24.7656],[82.2324,24.7581],[82.2384,24.7544],[82.2411,24.7683],[82.2403,24.7755],[82.2437,24.7758],[82.2466,24.7598],[82.2496,24.7564],[82.2459,24.7407],[82.2414,24.7385],[82.241,24.7269],[82.2439,24.7164],[82.2405,24.7106],[82.243,24.7018],[82.234,24.6966],[82.2287,24.6908],[82.2289,24.6746],[82.2299,24.6696],[82.2351,24.6659],[82.2342,24.6719],[82.2355,24.6764],[82.248,24.6756],[82.2495,24.6683],[82.2531,24.6661],[82.2667,24.6784],[82.2583,24.6821],[82.2634,24.6864],[82.2695,24.6819],[82.2785,24.6809],[82.2817,24.6717],[82.2852,24.67],[82.2911,24.6709],[82.2964,24.67],[82.2919,24.6648],[82.2981,24.6565],[82.2947,24.6539],[82.2961,24.6433],[82.2958,24.6362],[82.2984,24.628],[82.293,24.6169],[82.2939,24.6137],[82.2983,24.6124],[82.3094,24.6129],[82.3153,24.6154],[82.3192,24.6203],[82.3237,24.6225],[82.3298,24.6238],[82.3351,24.6229],[82.346,24.6188],[82.3505,24.6082],[82.3539,24.6045],[82.3608,24.602],[82.3856,24.5974],[82.3936,24.5975],[82.4008,24.5987],[82.4092,24.5978],[82.4146,24.6064],[82.4057,24.6175],[82.4079,24.6228],[82.4036,24.631],[82.4035,24.6362],[82.409,24.6431],[82.409,24.6496],[82.4118,24.6578],[82.4055,24.6668],[82.4068,24.6744],[82.4016,24.6838],[82.4074,24.6951],[82.4202,24.7053],[82.4323,24.7063],[82.4448,24.6964],[82.4484,24.6906],[82.4448,24.6801],[82.4489,24.6779],[82.464,24.6801],[82.4767,24.6836],[82.4868,24.6755],[82.5013,24.6784],[82.5091,24.6791],[82.5184,24.6783],[82.524,24.6571],[82.5293,24.652],[82.5443,24.6549],[82.574,24.663],[82.5876,24.6737],[82.603,24.6795],[82.63,24.6867],[82.6364,24.6878],[82.6457,24.6945],[82.6579,24.7004],[82.6656,24.6999],[82.6854,24.6865],[82.6923,24.6802],[82.696,24.6757],[82.6959,24.6687],[82.6935,24.6616],[82.6917,24.6486],[82.6952,24.6443],[82.7021,24.6421],[82.7092,24.6437],[82.7146,24.6421],[82.7275,24.6465],[82.7431,24.6441],[82.7628,24.6457],[82.7658,24.6416],[82.7672,24.6294],[82.7679,24.6106],[82.763,24.6048],[82.7601,24.5998],[82.7683,24.5975],[82.7854,24.5995],[82.7964,24.5998],[82.7964,24.5875],[82.8008,24.5527],[82.7809,24.5461],[82.746,24.5415],[82.7454,24.5525],[82.7412,24.5546],[82.7335,24.5516],[82.7161,24.5571],[82.7125,24.5562],[82.715,24.5481],[82.7141,24.5362],[82.7156,24.5133],[82.7365,24.4998],[82.7338,24.4872],[82.7238,24.4763],[82.7306,24.4703],[82.726,24.4608],[82.725,24.4447],[82.7273,24.4341],[82.7327,24.4327],[82.7257,24.4263],[82.7202,24.4297],[82.7194,24.4216],[82.715,24.4162],[82.7076,24.3894],[82.7072,24.3852],[82.7129,24.3752],[82.7185,24.3712],[82.7348,24.3712],[82.7468,24.3725],[82.7545,24.3795],[82.7569,24.3759],[82.7606,24.373],[82.7588,24.3693],[82.7589,24.3631],[82.7598,24.3584],[82.7645,24.3475],[82.7633,24.3424],[82.763,24.3298],[82.7605,24.3231],[82.7598,24.3191],[82.766,24.3122],[82.7641,24.2924],[82.7571,24.2757],[82.7546,24.2716],[82.7506,24.2681],[82.7494,24.2566],[82.7516,24.2459],[82.7499,24.2361],[82.7433,24.2316],[82.7371,24.2303],[82.7322,24.228],[82.727,24.2233],[82.7319,24.2011],[82.7348,24.183],[82.7361,24.1684],[82.7231,24.1568],[82.7213,24.1498],[82.7204,24.139],[82.6884,24.1442],[82.6794,24.1567],[82.6709,24.1585],[82.6652,24.1511],[82.6659,24.1428],[82.6574,24.1348],[82.6635,24.1239],[82.7014,24.0971],[82.7052,24.0857],[82.7084,24.0808],[82.7263,24.0826],[82.7377,24.0787],[82.7415,24.0751],[82.748,24.0805],[82.7517,24.0796],[82.7549,24.0732],[82.7606,24.0797],[82.7663,24.0779],[82.7622,24.0599],[82.7558,24.0436],[82.7431,24.0349],[82.7399,24.031],[82.742,24.0214],[82.7459,24.0131],[82.7524,24.0084],[82.7663,24.0061],[82.7827,24.007],[82.7899,24.0068],[82.7973,24.0051],[82.8015,24.0011],[82.8007,23.9966],[82.8005,23.9853],[82.7987,23.9766],[82.7989,23.9709],[82.8005,23.9675],[82.8078,23.9631],[82.7987,23.9622],[82.7968,23.9614],[82.7921,23.9557],[82.7903,23.9506],[82.7748,23.9386],[82.7538,23.9359],[82.7502,23.9301],[82.7501,23.9265],[82.7481,23.9223],[82.7433,23.9206],[82.7181,23.9214],[82.7067,23.9246],[82.7019,23.9249],[82.6899,23.9204],[82.689,23.9195],[82.6873,23.9178],[82.6819,23.9123],[82.6771,23.9098],[82.6709,23.9098],[82.6681,23.9076],[82.6629,23.9087],[82.6591,23.9086],[82.6565,23.9079],[82.6547,23.9063],[82.6473,23.895],[82.6461,23.8887],[82.6573,23.8782],[82.6595,23.8746],[82.6602,23.8703],[82.658,23.8656],[82.6549,23.8627],[82.6534,23.8578],[82.652,23.8565],[82.6454,23.8578],[82.6435,23.8596],[82.6406,23.858],[82.6377,23.8499],[82.6348,23.8477],[82.6313,23.8463],[82.6313,23.8417],[82.6295,23.839],[82.6059,23.8362],[82.6005,23.8339],[82.5896,23.8248],[82.586,23.8229],[82.5785,23.8224],[82.5663,23.8247],[82.5612,23.8228],[82.5482,23.8269],[82.5421,23.8267],[82.5387,23.8241],[82.5337,23.825],[82.5274,23.8241],[82.5291,23.8216],[82.532,23.8198],[82.534,23.8148],[82.5369,23.8125],[82.5398,23.8118],[82.5409,23.8102],[82.544,23.8028],[82.5448,23.7983],[82.5445,23.7942],[82.5403,23.7912],[82.5358,23.7921],[82.5288,23.7913],[82.5162,23.7842],[82.5067,23.7855],[82.4967,23.785],[82.4918,23.7857],[82.4851,23.7884],[82.4838,23.7906],[82.4827,23.7975],[82.4699,23.8076],[82.4635,23.8108],[82.46,23.8114],[82.449,23.8117],[82.4458,23.8109],[82.4402,23.8057],[82.4364,23.8047],[82.4232,23.8061],[82.403,23.8028],[82.3934,23.8024],[82.3882,23.8014],[82.384,23.8049],[82.3799,23.807],[82.3683,23.8111],[82.3566,23.8083],[82.347,23.8037],[82.3429,23.8039],[82.3385,23.806],[82.3313,23.8054],[82.3282,23.8037],[82.321,23.8087],[82.3151,23.8103],[82.3111,23.8112],[82.3072,23.8112],[82.3043,23.8099],[82.2976,23.8082],[82.2951,23.8085],[82.2838,23.8129],[82.2777,23.8171],[82.2712,23.8187],[82.2648,23.8187],[82.2553,23.8219],[82.2486,23.8198],[82.2315,23.8078],[82.229,23.8067],[82.2261,23.8069],[82.2211,23.8101],[82.2161,23.821],[82.2116,23.8239],[82.2014,23.8283],[82.1993,23.8319],[82.201,23.8345],[82.2044,23.8371],[82.2066,23.841],[82.2069,23.844],[82.2039,23.853],[82.1956,23.8504],[82.1893,23.8437],[82.1788,23.842],[82.1735,23.8391],[82.1725,23.8379],[82.1697,23.8247],[82.1683,23.8227],[82.1653,23.8208],[82.1624,23.82],[82.1557,23.822],[82.1446,23.8193],[82.1341,23.8182],[82.1258,23.8197],[82.1175,23.8231],[82.1088,23.8187],[82.1068,23.8185],[82.1002,23.8201],[82.0891,23.8179],[82.078,23.8171],[82.072,23.8198],[82.0633,23.8191],[82.0454,23.8206],[82.0423,23.825],[82.0405,23.8263],[82.0322,23.8293],[82.031,23.8319],[82.0343,23.8387],[82.0352,23.8426],[82.0325,23.8451],[82.0285,23.8477],[82.0116,23.8523],[82.0076,23.855],[82.0057,23.8588],[82.0007,23.8631],[81.9921,23.8626],[81.9839,23.862],[81.9715,23.8584],[81.9624,23.8571],[81.9507,23.8529],[81.9449,23.8569],[81.94,23.8578],[81.9386,23.861],[81.9369,23.8621],[81.9339,23.8619],[81.9323,23.8626],[81.9329,23.8668],[81.9316,23.8679],[81.9164,23.873],[81.9147,23.8719],[81.9098,23.8641],[81.9043,23.8585],[81.9008,23.8512],[81.8981,23.8483],[81.8941,23.8441],[81.8854,23.8417],[81.8784,23.8379],[81.8621,23.8348],[81.8577,23.8288],[81.8529,23.8243],[81.8316,23.8213],[81.8286,23.8171],[81.8241,23.8164],[81.8174,23.8112],[81.8117,23.8095],[81.8056,23.8104],[81.8006,23.8136],[81.7934,23.8144],[81.7875,23.8119],[81.7827,23.8118],[81.7726,23.8142],[81.7452,23.8309],[81.7344,23.8362],[81.7305,23.8394],[81.7269,23.841],[81.7191,23.8404],[81.7184,23.8434],[81.7214,23.8491],[81.7239,23.8507],[81.7238,23.8569],[81.723,23.859],[81.7209,23.8608],[81.715,23.8619],[81.7125,23.863],[81.7027,23.8634],[81.7023,23.869],[81.703,23.8729],[81.6985,23.878],[81.6997,23.8815],[81.6974,23.886],[81.6869,23.8849],[81.6824,23.8898],[81.6795,23.9076],[81.6773,23.9102],[81.6677,23.9157],[81.6649,23.9221],[81.6616,23.9256],[81.6574,23.9246],[81.6517,23.9178],[81.6481,23.9162],[81.6415,23.9152],[81.6373,23.9136],[81.6292,23.9077],[81.6245,23.9069],[81.6144,23.9083],[81.6105,23.907],[81.6076,23.9033],[81.6056,23.8959],[81.6034,23.8924],[81.5969,23.889],[81.5976,23.8862],[81.6002,23.8834],[81.6087,23.8782],[81.6149,23.8728],[81.6114,23.867],[81.6062,23.864],[81.5983,23.8642],[81.5974,23.8619],[81.5974,23.8575],[81.5984,23.8537],[81.6046,23.8438],[81.605,23.8414],[81.6058,23.8382],[81.6073,23.8362],[81.6094,23.8358],[81.6202,23.8368],[81.6257,23.8358],[81.6281,23.8343],[81.6305,23.8308],[81.636,23.8164],[81.6426,23.8046],[81.6436,23.7989],[81.6435,23.7918],[81.6384,23.7779],[81.6382,23.7748],[81.6397,23.7711],[81.6442,23.7681],[81.6535,23.7643],[81.6618,23.7599],[81.6693,23.7574],[81.6741,23.754],[81.6783,23.7489],[81.6733,23.7434],[81.6721,23.74],[81.6775,23.7346],[81.6823,23.7256],[81.6869,23.7226],[81.6873,23.7213],[81.6846,23.7136],[81.6732,23.6934],[81.6495,23.6835],[81.648,23.668],[81.6464,23.6632],[81.6431,23.6603],[81.635,23.659],[81.6185,23.6614],[81.6132,23.661],[81.6095,23.633],[81.6065,23.6245],[81.6044,23.6214],[81.6011,23.6139],[81.6027,23.6],[81.5998,23.5969],[81.5948,23.5955],[81.5802,23.5968],[81.5751,23.592],[81.5708,23.5909],[81.5697,23.5886],[81.5704,23.5798],[81.5744,23.5667],[81.5755,23.5587],[81.5771,23.5549],[81.5839,23.554],[81.5869,23.5545],[81.6023,23.5537],[81.6057,23.5505],[81.6067,23.545],[81.6055,23.5248],[81.6063,23.5207],[81.6052,23.5109],[81.607,23.5069],[81.6144,23.4978],[81.6172,23.4949],[81.6242,23.4911],[81.6282,23.4904],[81.6311,23.4917],[81.6352,23.4984],[81.6372,23.4993],[81.644,23.5001],[81.6477,23.5024],[81.6536,23.5139],[81.654,23.52],[81.6531,23.5277],[81.6545,23.5316],[81.662,23.5324],[81.6672,23.5319],[81.6819,23.5272],[81.6874,23.5245],[81.6931,23.5233],[81.7064,23.5336],[81.7103,23.5412],[81.7131,23.5427],[81.7168,23.5483],[81.7192,23.5561],[81.7234,23.5588],[81.726,23.5625],[81.7292,23.5651],[81.736,23.5674],[81.7407,23.5676],[81.748,23.5654],[81.7506,23.5631],[81.7536,23.5586],[81.7564,23.5525],[81.763,23.5508],[81.7976,23.5488],[81.8013,23.5478],[81.8046,23.5458],[81.811,23.5339],[81.8115,23.5307],[81.8102,23.5263],[81.8101,23.5226],[81.8126,23.5176],[81.8165,23.5149],[81.8272,23.5113],[81.8341,23.5122],[81.8507,23.5165],[81.8551,23.5165],[81.8622,23.5139],[81.8697,23.5146],[81.8794,23.5184],[81.8845,23.5225],[81.8962,23.5319],[81.9,23.5341],[81.9039,23.5351],[81.9094,23.535],[81.9138,23.5338],[81.9164,23.5321],[81.9277,23.5175],[81.9283,23.5132],[81.9344,23.5056],[81.9447,23.5001],[81.9489,23.4967],[81.947,23.4755],[81.9476,23.4716],[81.9503,23.4661],[81.9567,23.4634],[81.9612,23.4598],[81.9666,23.4537],[81.9682,23.4504],[81.9714,23.4475],[81.9719,23.4452],[81.9715,23.4416],[81.9751,23.4318],[81.9734,23.4263],[81.9705,23.4239],[81.9716,23.4197],[81.9736,23.4176],[81.9759,23.4156],[81.9761,23.4131],[81.9789,23.4115],[81.9874,23.4195],[81.9919,23.4193],[81.9955,23.4156],[81.9995,23.4128],[82.0098,23.4205],[82.016,23.4235],[82.0184,23.4211],[82.0232,23.4102],[82.0174,23.4081],[82.0175,23.4055],[82.0199,23.4009],[82.0172,23.3964],[82.0143,23.3935],[82.0136,23.3903],[82.0145,23.3879],[82.0204,23.3843],[82.0232,23.3838],[82.0256,23.3859],[82.0294,23.3876],[82.0329,23.3854],[82.0371,23.3796],[82.0457,23.3779],[82.0492,23.3787],[82.0527,23.3851],[82.054,23.3905],[82.0568,23.3935],[82.0631,23.3925],[82.0693,23.395],[82.08,23.3972],[82.0836,23.3968],[82.0851,23.3933],[82.0949,23.3985],[82.0985,23.3977],[82.0988,23.3947],[82.1008,23.3908],[82.1041,23.3868],[82.1052,23.3828],[82.1055,23.3693],[82.1045,23.3632],[82.1079,23.3585],[82.1109,23.3558],[82.1144,23.354],[82.1184,23.3545],[82.1291,23.361],[82.1325,23.3622],[82.1378,23.3618],[82.1428,23.3544],[82.1452,23.3492],[82.1513,23.3456],[82.1536,23.3425],[82.1555,23.3355],[82.1581,23.3333],[82.1601,23.3322],[82.179,23.3271],[82.1843,23.3269],[82.1859,23.3254],[82.1875,23.3222],[82.19,23.3115],[82.1888,23.3087],[82.1899,23.3035],[82.1888,23.2984],[82.187,23.295],[82.187,23.2902],[82.1895,23.2846],[82.1864,23.2777],[82.1842,23.2753],[82.174,23.2725],[82.1698,23.2702],[82.1681,23.2674],[82.1665,23.2614],[82.1599,23.2529],[82.1595,23.2492],[82.1537,23.246],[82.147,23.2319],[82.1425,23.2277],[82.1429,23.2224],[82.1463,23.2138],[82.1467,23.2094],[82.1406,23.1981],[82.1402,23.1903],[82.1377,23.1881],[82.137,23.1828],[82.1375,23.1802],[82.141,23.1785],[82.1417,23.1747],[82.1379,23.1683],[82.1373,23.165],[82.1401,23.1637],[82.1449,23.1631],[82.1514,23.1606],[82.1538,23.158],[82.1541,23.1511],[82.1511,23.1417],[82.1328,23.1316],[82.131,23.129],[82.1296,23.1251],[82.1292,23.114],[82.1283,23.1121],[82.1194,23.1075],[82.1159,23.1038],[82.1095,23.1055],[82.1016,23.1085],[82.0859,23.1093],[82.0792,23.1121],[82.0755,23.1122],[82.0719,23.1136],[82.0691,23.1149],[82.0671,23.1168],[82.0614,23.1159],[82.0477,23.1034],[82.0457,23.0991],[82.0395,23.0915],[82.0283,23.0817],[82.0241,23.0801],[82.0162,23.0793],[82.0128,23.0793],[82.0102,23.0806],[82.0022,23.0784],[81.9968,23.0803],[81.9925,23.0849],[81.9905,23.0847],[81.9855,23.0861],[81.9821,23.0862],[81.98,23.0855],[81.9749,23.0818],[81.9722,23.0814],[81.9693,23.0794],[81.9651,23.0804],[81.9613,23.0802],[81.9526,23.0765],[81.9381,23.0778],[81.9375,23.0766],[81.9379,23.0696],[81.935,23.0669],[81.9261,23.0622],[81.9239,23.0583],[81.9214,23.0475],[81.9184,23.041],[81.9194,23.0367],[81.926,23.0285],[81.9271,23.026],[81.9268,23.0224],[81.9323,23.0174],[81.9372,23.0095],[81.937,23.0033],[81.9385,23.0008],[81.9384,22.9917],[81.9412,22.9849],[81.9424,22.9753],[81.9426,22.9645],[81.9402,22.9571],[81.9333,22.9548],[81.928,22.9542],[81.9234,22.9512],[81.9139,22.9482],[81.9057,22.9405],[81.9015,22.9331],[81.8949,22.9282],[81.8865,22.9252],[81.8803,22.9199],[81.8746,22.9133],[81.8705,22.9118],[81.86,22.915],[81.8619,22.9046],[81.8611,22.8939],[81.8563,22.8909],[81.8356,22.8865],[81.8314,22.883],[81.8264,22.8823],[81.8207,22.8829],[81.7958,22.8803],[81.7859,22.8771],[81.7694,22.8735],[81.7701,22.8604],[81.7693,22.8512],[81.7648,22.8407],[81.7609,22.8343],[81.7616,22.8293],[81.773,22.8092],[81.7759,22.8001],[81.7744,22.7856],[81.7813,22.7747],[81.7843,22.7666],[81.7782,22.758],[81.764,22.7468],[81.7628,22.7415],[81.7625,22.7353],[81.7491,22.7332],[81.7466,22.7265],[81.7483,22.7195],[81.7559,22.6977],[81.7629,22.6854],[81.766,22.6761],[81.7651,22.6691],[81.7627,22.6636],[81.7489,22.6461],[81.7405,22.6481],[81.7393,22.6614],[81.7369,22.6691],[81.7301,22.6733],[81.7229,22.6762],[81.7196,22.67],[81.718,22.6637],[81.7141,22.6556],[81.707,22.6496],[81.6989,22.6459],[81.6884,22.6466],[81.6786,22.6489],[81.6632,22.6327],[81.6565,22.632],[81.6548,22.6216],[81.6484,22.62],[81.6435,22.6144],[81.6414,22.6075],[81.6416,22.5921],[81.6401,22.5865],[81.6444,22.5834],[81.6494,22.5761],[81.6487,22.569],[81.6457,22.5659],[81.6379,22.5621],[81.6325,22.562],[81.6236,22.5643],[81.6194,22.5586],[81.6194,22.5533],[81.6214,22.5478],[81.6219,22.5438],[81.6158,22.539],[81.609,22.5364],[81.5998,22.5357],[81.5927,22.5377],[81.588,22.544],[81.5832,22.5445],[81.5697,22.5501],[81.5631,22.551],[81.5574,22.5469],[81.5573,22.5376],[81.5628,22.5342],[81.5569,22.5322],[81.5472,22.5313],[81.5422,22.5299],[81.536,22.5332],[81.528,22.5398],[81.5191,22.54],[81.5154,22.5368],[81.5147,22.534],[81.5147,22.5287],[81.512,22.5235],[81.5066,22.5218],[81.5029,22.5268],[81.4932,22.5196],[81.4918,22.5173],[81.4901,22.5084],[81.4857,22.5033],[81.4799,22.4933],[81.4764,22.4922],[81.47,22.494],[81.4607,22.4944],[81.4533,22.491],[81.4462,22.4959],[81.4381,22.4939],[81.4391,22.491],[81.4442,22.487],[81.4408,22.4846],[81.4391,22.4795],[81.4439,22.4787],[81.4433,22.4715],[81.4503,22.4726],[81.448,22.4674],[81.4425,22.4662],[81.436,22.4695],[81.4336,22.4777],[81.4318,22.4805],[81.4244,22.4792],[81.4176,22.4736],[81.4178,22.4652],[81.4206,22.4594],[81.4189,22.4542],[81.4141,22.4485],[81.3966,22.4413],[81.3889,22.4448],[81.3862,22.4512],[81.3831,22.4626],[81.3848,22.4778],[81.3807,22.4853],[81.3791,22.4934],[81.3796,22.4979],[81.3787,22.5053],[81.3733,22.5108],[81.3665,22.5144],[81.3618,22.5154],[81.3557,22.5132],[81.3479,22.5141],[81.3319,22.5224],[81.3229,22.5243],[81.3194,22.5196],[81.3148,22.5159],[81.3141,22.4996],[81.3159,22.4897],[81.304,22.4818],[81.2978,22.4866],[81.2917,22.4893],[81.2802,22.4988],[81.2755,22.4994],[81.2715,22.4958],[81.2667,22.4941],[81.2605,22.4936],[81.2562,22.4881],[81.2555,22.4725],[81.2404,22.4592],[81.2331,22.4551],[81.2236,22.4516],[81.2184,22.4517],[81.2098,22.4538],[81.2021,22.4568],[81.1942,22.4621],[81.195,22.4678],[81.1932,22.4737],[81.1926,22.4825],[81.1869,22.4892],[81.18,22.4902],[81.1707,22.488],[81.1641,22.4819],[81.1578,22.4745],[81.1481,22.4559],[81.134,22.452],[81.1228,22.4476],[81.11,22.4411],[81.1049,22.4328],[81.1035,22.4221],[81.1047,22.4108],[81.1027,22.3913],[81.1009,22.3832],[81.1069,22.3622],[81.1105,22.353],[81.1157,22.3441],[81.112,22.3346],[81.1093,22.3296],[81.1105,22.3215],[81.1147,22.3126],[81.115,22.3032],[81.1138,22.2944],[81.0968,22.2775],[81.0918,22.2679],[81.0847,22.2467],[81.0726,22.2417],[81.0692,22.2463],[81.0628,22.2469],[81.0545,22.2439],[81.0489,22.2442],[81.0404,22.2406],[81.0363,22.2377],[81.0194,22.2292],[81.0157,22.2202],[81.0158,22.2141],[81.0192,22.2078],[81.0235,22.2028],[81.0258,22.1977],[81.0248,22.1931],[81.0251,22.1888],[81.0215,22.187],[81.0155,22.1884],[81.0117,22.184],[81.0133,22.1775],[81.0172,22.171],[81.0191,22.1653],[81.0176,22.1538],[81.0174,22.1403],[81.0158,22.1327],[81.0052,22.1327],[80.9928,22.1315],[80.9867,22.1309],[80.9734,22.1237],[80.9718,22.1215],[80.9708,22.1147],[80.9723,22.1119],[80.9743,22.1114],[80.9767,22.1128],[80.9802,22.1128],[80.9873,22.1107],[80.9903,22.1091],[80.9928,22.1052],[81.0001,22.1008],[81.0037,22.0969],[81.004,22.0945],[80.9999,22.0897],[80.9974,22.0809],[81.0043,22.07],[80.9992,22.0615],[80.9928,22.0577],[80.9912,22.0581],[80.9897,22.0565],[80.9881,22.0522],[80.9878,22.0485],[80.9826,22.049],[80.9789,22.0483],[80.9736,22.0518],[80.9718,22.0543],[80.9634,22.0584],[80.9621,22.0619],[80.9657,22.0792],[80.9655,22.082],[80.9575,22.0972],[80.9505,22.113],[80.9455,22.1175],[80.9389,22.119],[80.9248,22.1207],[80.9172,22.1209],[80.9108,22.1192],[80.9061,22.1144],[80.8982,22.1013],[80.8948,22.0765],[80.8912,22.066],[80.8884,22.0624],[80.885,22.0607],[80.879,22.0606],[80.8766,22.0568],[80.8774,22.0507],[80.8701,22.0386],[80.8689,22.0336],[80.8695,22.0165],[80.8686,22.0112],[80.8593,22.0001],[80.8593,21.9978],[80.8584,21.9954],[80.8572,21.9932],[80.8564,21.9919],[80.8555,21.9888],[80.8546,21.9872],[80.8531,21.9835],[80.8531,21.9813],[80.8525,21.9784],[80.8517,21.9751],[80.8504,21.9728],[80.8485,21.97],[80.8475,21.9669],[80.8467,21.9636],[80.8458,21.9609],[80.8434,21.9584],[80.8394,21.9577],[80.8358,21.9576],[80.8318,21.9579],[80.8289,21.9574],[80.8245,21.9568],[80.8217,21.9582],[80.8202,21.9581],[80.8184,21.9568],[80.8196,21.9536],[80.821,21.9515],[80.8212,21.9506],[80.8222,21.9484],[80.8234,21.9473],[80.8263,21.9471],[80.829,21.947],[80.8307,21.9472],[80.8318,21.9474],[80.8334,21.9466],[80.835,21.9409],[80.8356,21.937],[80.8366,21.9357],[80.8365,21.9318],[80.8359,21.9279],[80.8345,21.926],[80.8325,21.9218],[80.8314,21.9201],[80.8301,21.9184],[80.827,21.9136],[80.8262,21.912],[80.8245,21.9084],[80.8254,21.9039],[80.8238,21.8979],[80.8246,21.8947],[80.8242,21.891],[80.8241,21.8894],[80.8254,21.8867],[80.8301,21.8848],[80.8314,21.8843],[80.8341,21.8825],[80.8366,21.8785],[80.8396,21.8754],[80.8397,21.8716],[80.8376,21.8688],[80.8367,21.867],[80.837,21.8625],[80.8399,21.8588],[80.8412,21.8565],[80.8404,21.8528],[80.8377,21.8518],[80.8343,21.8507],[80.8329,21.8491],[80.8317,21.8462],[80.8323,21.8401],[80.8328,21.8375],[80.8337,21.8348],[80.8359,21.8321],[80.8371,21.8318],[80.8377,21.8299],[80.8366,21.8272],[80.8356,21.8245],[80.8338,21.8202],[80.833,21.8169],[80.8324,21.8138],[80.8318,21.8106],[80.8317,21.8087],[80.8317,21.8048],[80.8299,21.8007],[80.828,21.7968],[80.8255,21.7945],[80.8239,21.7909],[80.8211,21.787],[80.8208,21.7848],[80.8204,21.7823],[80.8192,21.7782],[80.8182,21.776],[80.8168,21.7742],[80.8145,21.7683],[80.8136,21.7675],[80.8116,21.764],[80.8106,21.761],[80.8104,21.7584],[80.8103,21.7554],[80.8117,21.7508],[80.8112,21.7475],[80.8081,21.7464],[80.8036,21.7461],[80.799,21.7454],[80.7958,21.7443],[80.7926,21.7432],[80.7885,21.7413],[80.7827,21.7396],[80.7771,21.7409],[80.7768,21.7443],[80.7738,21.7498],[80.7698,21.7521],[80.7664,21.7551],[80.7621,21.7579],[80.7587,21.7572],[80.7546,21.757],[80.7496,21.7577],[80.745,21.7583],[80.743,21.758],[80.7401,21.7565],[80.7384,21.7535],[80.737,21.7507],[80.7348,21.7476],[80.731,21.7392],[80.7289,21.7352],[80.7263,21.731],[80.7258,21.7295],[80.7257,21.7258],[80.7245,21.7225],[80.7239,21.7197],[80.7234,21.7175],[80.7231,21.7156],[80.7227,21.7145],[80.7199,21.7136],[80.7185,21.7119],[80.7197,21.7098],[80.722,21.7073],[80.7239,21.7058],[80.7249,21.7043],[80.7253,21.701],[80.7251,21.6983],[80.7249,21.6978],[80.7237,21.6936],[80.7221,21.6906],[80.7203,21.6878],[80.7188,21.6848],[80.7178,21.6831],[80.7163,21.6808],[80.7151,21.6787],[80.7141,21.6773],[80.7129,21.6758],[80.7119,21.6749],[80.7109,21.6741],[80.7092,21.6736],[80.7074,21.6716],[80.7087,21.6693],[80.71,21.6677],[80.7094,21.6657],[80.7075,21.6641],[80.7078,21.662],[80.7083,21.661],[80.7091,21.6582],[80.7098,21.6562],[80.7105,21.6537],[80.7105,21.6524],[80.7112,21.6491],[80.7124,21.6461],[80.7146,21.645],[80.7168,21.6443],[80.7191,21.6437],[80.7205,21.6407],[80.7196,21.6366],[80.7197,21.6358],[80.7203,21.6342],[80.721,21.6305],[80.7212,21.6278],[80.7221,21.625],[80.7225,21.6228],[80.7214,21.6205],[80.7217,21.6172],[80.7199,21.6146],[80.7178,21.6125],[80.7162,21.6096],[80.7135,21.6074],[80.7108,21.6062],[80.7094,21.604],[80.709,21.6008],[80.7094,21.5981],[80.7092,21.5945],[80.7091,21.5924],[80.7091,21.5898],[80.7092,21.5868],[80.7096,21.5848],[80.7116,21.5832],[80.7125,21.5822],[80.7137,21.5813],[80.716,21.5795],[80.7169,21.5774],[80.7182,21.5748],[80.7188,21.5736],[80.7195,21.5715],[80.7192,21.5681],[80.7172,21.565],[80.7161,21.5631],[80.7151,21.5615],[80.7138,21.5587],[80.7135,21.5557],[80.7149,21.5546],[80.7194,21.552],[80.7209,21.5507],[80.7241,21.5467],[80.7258,21.5442],[80.7281,21.5418],[80.7297,21.54],[80.7307,21.5387],[80.7308,21.5354],[80.7299,21.5314],[80.7283,21.5281],[80.727,21.5254],[80.7258,21.5222],[80.7248,21.5183],[80.7244,21.5162],[80.7244,21.5119],[80.7243,21.5093],[80.7243,21.506],[80.7246,21.5022],[80.7238,21.4987],[80.722,21.4956],[80.7223,21.4908],[80.7243,21.4879],[80.7258,21.4844],[80.7273,21.4807],[80.7282,21.4769],[80.7289,21.4746],[80.7302,21.4721],[80.7291,21.4683],[80.7277,21.4633],[80.7262,21.4579],[80.7239,21.4532],[80.7212,21.4494],[80.718,21.4454],[80.7148,21.4423],[80.7121,21.4394],[80.7082,21.4362],[80.7042,21.4337],[80.7016,21.4314],[80.699,21.4297],[80.6975,21.4272],[80.6976,21.4226],[80.6985,21.4191],[80.6993,21.4141],[80.6981,21.4112],[80.6971,21.4086],[80.6951,21.4057],[80.6929,21.4015],[80.6934,21.3982],[80.6933,21.3938],[80.6917,21.3882],[80.6895,21.3842],[80.6878,21.3801],[80.6858,21.3768],[80.6842,21.3726],[80.681,21.3692],[80.6783,21.3662],[80.6752,21.3636],[80.6715,21.3586],[80.67,21.3542],[80.6685,21.3486],[80.6664,21.3443],[80.6649,21.3409],[80.6629,21.3373],[80.6613,21.3355],[80.6599,21.3344],[80.6565,21.3308],[80.6518,21.3312],[80.6504,21.3299],[80.6483,21.3264],[80.6444,21.3255],[80.6382,21.3249],[80.6336,21.3242],[80.6318,21.3237],[80.6283,21.3226],[80.6249,21.3218],[80.6233,21.3215],[80.6207,21.3202],[80.6178,21.3192],[80.613,21.3203],[80.611,21.3217],[80.6101,21.3226],[80.6085,21.3239],[80.6053,21.3243],[80.6023,21.3237],[80.5994,21.3232],[80.5974,21.3235],[80.5932,21.3248],[80.5913,21.3267],[80.5895,21.3283],[80.5867,21.3295],[80.5831,21.3312],[80.5819,21.3343],[80.5824,21.3372],[80.5816,21.3416],[80.5803,21.3421],[80.5779,21.343],[80.5754,21.3438],[80.5718,21.3456],[80.5691,21.3444],[80.5664,21.3428],[80.5642,21.3428],[80.5614,21.3433],[80.5605,21.3455],[80.5598,21.3486],[80.558,21.351],[80.5584,21.3532],[80.5611,21.3544],[80.5638,21.3557],[80.5642,21.3579],[80.5597,21.3604],[80.559,21.3611],[80.5582,21.3613],[80.5552,21.3627],[80.5502,21.3647],[80.5458,21.3663],[80.5442,21.3673],[80.5409,21.3681],[80.5396,21.3685],[80.5369,21.3691],[80.5342,21.3721],[80.5331,21.3749],[80.532,21.3773],[80.5297,21.381],[80.5269,21.3817],[80.5242,21.3837],[80.5217,21.3873],[80.5204,21.3883],[80.5194,21.3896],[80.5165,21.3905],[80.5147,21.391],[80.5114,21.3919],[80.5089,21.3911],[80.5057,21.3907],[80.5029,21.3906],[80.5006,21.3908],[80.4963,21.3929],[80.4934,21.3942],[80.4899,21.3964],[80.4855,21.3976],[80.484,21.3973],[80.4815,21.397],[80.479,21.3959],[80.4756,21.3947],[80.4748,21.3958],[80.4739,21.3993],[80.4714,21.3958],[80.4682,21.3952],[80.4668,21.3956],[80.4643,21.3959],[80.4629,21.3964],[80.4602,21.397],[80.4564,21.3987],[80.4548,21.3997],[80.4533,21.4004],[80.4507,21.4023],[80.4483,21.4023],[80.4476,21.3985],[80.4471,21.3956],[80.4456,21.3926],[80.4443,21.3905],[80.4432,21.388],[80.4433,21.3846],[80.4437,21.3797],[80.4436,21.3764],[80.4429,21.3738],[80.4404,21.3721],[80.4372,21.3714],[80.4356,21.3713],[80.4335,21.3712],[80.4305,21.3719],[80.4276,21.3729],[80.4269,21.3731],[80.4249,21.3745],[80.423,21.3752],[80.421,21.3757],[80.4176,21.3757],[80.4141,21.3753],[80.4103,21.3755],[80.4084,21.3761],[80.4066,21.3764],[80.4044,21.3758],[80.4034,21.3765],[80.402,21.3778],[80.4011,21.3783],[80.3994,21.3805],[80.3979,21.3841],[80.3965,21.3878],[80.3939,21.3922],[80.3915,21.3966],[80.3898,21.4009],[80.3891,21.4043],[80.3891,21.4074],[80.3899,21.4089],[80.3935,21.4127],[80.3968,21.4153],[80.3992,21.4179],[80.4,21.4195],[80.398,21.4231],[80.3989,21.4249],[80.4016,21.4281],[80.4043,21.4307],[80.406,21.4325],[80.4086,21.4348],[80.4102,21.4364],[80.4113,21.4382],[80.4106,21.4402],[80.4095,21.4436],[80.4083,21.4472],[80.4064,21.4512],[80.4054,21.4544],[80.4047,21.4564],[80.4045,21.4586],[80.4037,21.4613],[80.4022,21.4634],[80.401,21.4654],[80.399,21.4664],[80.3966,21.4672],[80.3953,21.4679],[80.3921,21.4694],[80.3899,21.4709],[80.3869,21.4734],[80.3845,21.4764],[80.3837,21.479],[80.3827,21.4824],[80.3817,21.4848],[80.3802,21.4873],[80.3786,21.4893],[80.3777,21.4901],[80.3758,21.4909],[80.3753,21.4911],[80.3749,21.4929],[80.3749,21.4948],[80.3748,21.4959],[80.3746,21.499],[80.3742,21.5011],[80.3739,21.5031],[80.3739,21.5051],[80.3736,21.5095],[80.3725,21.5128],[80.3712,21.5151],[80.3709,21.5171],[80.3708,21.5179],[80.3706,21.521],[80.3692,21.5229],[80.3676,21.5247],[80.3658,21.5263],[80.3622,21.5285],[80.3569,21.5308],[80.3519,21.533],[80.3464,21.5357],[80.3423,21.5374],[80.3397,21.5379],[80.338,21.5387],[80.3352,21.5407],[80.3329,21.5422],[80.331,21.5437],[80.3297,21.5444],[80.3274,21.5461],[80.3244,21.5487],[80.3256,21.5503],[80.3273,21.5517],[80.3291,21.5537],[80.3301,21.5547],[80.3298,21.5563],[80.3286,21.5583],[80.3275,21.5596],[80.3263,21.5616],[80.3246,21.5641],[80.3228,21.5674],[80.3214,21.5706],[80.3202,21.5736],[80.3188,21.5746],[80.3169,21.5757],[80.313,21.5771],[80.3099,21.5773],[80.3076,21.5767],[80.3034,21.5761],[80.2991,21.5754],[80.2954,21.5755],[80.2919,21.578],[80.2903,21.5826],[80.2898,21.5859],[80.2891,21.5884],[80.2886,21.5897],[80.288,21.5923],[80.2866,21.5934],[80.2828,21.5951],[80.2798,21.5961],[80.2754,21.5991],[80.2737,21.6026],[80.2724,21.6071],[80.2709,21.6106],[80.265,21.6166],[80.2602,21.6201],[80.2567,21.6203],[80.2553,21.6207],[80.2521,21.6222],[80.2476,21.6225],[80.2427,21.6205],[80.2401,21.6205],[80.236,21.6208],[80.2321,21.6205],[80.2269,21.6201],[80.2206,21.6196],[80.2163,21.6203],[80.2147,21.6212],[80.212,21.6242],[80.2104,21.6263],[80.208,21.6297],[80.2047,21.6335],[80.2004,21.6347],[80.1952,21.6349],[80.1921,21.6346],[80.1894,21.6343],[80.1882,21.6342],[80.1862,21.6327],[80.1852,21.6306],[80.1837,21.6285],[80.1824,21.627],[80.1803,21.6255],[80.1767,21.6239],[80.1749,21.624],[80.1734,21.6241],[80.1711,21.6237],[80.169,21.6232],[80.165,21.6217],[80.1621,21.6195],[80.1599,21.6175],[80.1567,21.6141],[80.155,21.6118],[80.1526,21.6097],[80.15,21.6074],[80.1479,21.6063],[80.1439,21.605],[80.1407,21.6047],[80.1375,21.6052],[80.133,21.6056],[80.1262,21.6083],[80.1241,21.6086],[80.1215,21.6091],[80.1186,21.6089],[80.1149,21.607],[80.1129,21.6038],[80.1124,21.6008],[80.1122,21.5996],[80.1116,21.5965],[80.1099,21.5934],[80.1079,21.5921],[80.1056,21.5911],[80.1021,21.5894],[80.1004,21.5887],[80.0987,21.5887],[80.0963,21.5874],[80.094,21.5863],[80.0933,21.5854],[80.0908,21.5836],[80.0897,21.5823],[80.0867,21.5786],[80.0848,21.5762],[80.082,21.5718],[80.0788,21.5684],[80.077,21.5668],[80.0751,21.5651],[80.0733,21.5639],[80.0712,21.562],[80.07,21.5604],[80.0685,21.5585],[80.0666,21.5568],[80.0636,21.5546],[80.0621,21.5542],[80.0612,21.554],[80.0596,21.5537],[80.0572,21.5536],[80.0542,21.5535],[80.0507,21.5541],[80.0501,21.5541],[80.0482,21.5541],[80.0456,21.5548],[80.044,21.5551],[80.0416,21.5562],[80.0384,21.5569],[80.0344,21.5575],[80.032,21.5576],[80.0282,21.5573],[80.0262,21.5567],[80.0227,21.5538],[80.0191,21.5508],[80.0169,21.5489],[80.0147,21.5474],[80.0122,21.546],[80.01,21.5446],[80.0075,21.5426],[80.0048,21.5409],[80.0021,21.539],[79.9982,21.5366],[79.9967,21.5353],[79.9936,21.5347],[79.9856,21.5368],[79.9718,21.5551],[79.9662,21.5573],[79.9614,21.558],[79.9471,21.5553],[79.9364,21.5568],[79.931,21.5556],[79.9272,21.5537],[79.9212,21.5462],[79.9183,21.5403],[79.9158,21.5245],[79.9012,21.5244],[79.8923,21.5233],[79.8898,21.5239],[79.8858,21.5296],[79.8767,21.5285],[79.8719,21.5296],[79.8571,21.5309],[79.8548,21.5325],[79.8506,21.5375],[79.8415,21.5418],[79.825,21.5467],[79.8182,21.559],[79.8117,21.5643],[79.8032,21.5726],[79.7918,21.5814],[79.7688,21.5904],[79.7449,21.5979],[79.7326,21.6025],[79.7138,21.5911],[79.7062,21.5909],[79.6993,21.5923],[79.6938,21.591],[79.6912,21.5879],[79.6893,21.5836],[79.6848,21.5807],[79.6629,21.5797],[79.6581,21.5773],[79.6539,21.5635],[79.6506,21.5588],[79.6475,21.5572],[79.6407,21.5555],[79.6343,21.555],[79.6253,21.5549],[79.6168,21.5572],[79.6087,21.5559],[79.5994,21.5508],[79.5949,21.5497],[79.5895,21.5496],[79.5761,21.5434],[79.5714,21.5438],[79.5603,21.548],[79.5474,21.5443],[79.5366,21.5442],[79.5342,21.5482],[79.5339,21.5508],[79.5361,21.555],[79.5395,21.5652],[79.5376,21.569],[79.5321,21.573],[79.5277,21.5748],[79.5217,21.5803],[79.5107,21.5832],[79.5058,21.5903],[79.5068,21.6024],[79.5031,21.6075],[79.4982,21.6124],[79.5011,21.6196],[79.5032,21.6224],[79.5047,21.6233],[79.5085,21.6229],[79.5125,21.6265],[79.5116,21.6311],[79.5096,21.6334],[79.5026,21.6346],[79.5003,21.6405],[79.5011,21.6457],[79.4993,21.6478],[79.4974,21.6519],[79.4946,21.6605],[79.4909,21.6637],[79.4896,21.6658],[79.4886,21.6741],[79.4585,21.6873],[79.451,21.6843],[79.4407,21.6822],[79.4322,21.6835],[79.428,21.6853],[79.423,21.6906],[79.4158,21.6914],[79.4114,21.691],[79.4077,21.6856],[79.4005,21.6796],[79.3971,21.6756],[79.3947,21.6746],[79.3831,21.6754],[79.3618,21.6795],[79.349,21.6789],[79.3483,21.6844],[79.3426,21.6845],[79.3221,21.6884],[79.3203,21.6866],[79.3173,21.6858],[79.2848,21.6939],[79.2768,21.7002],[79.2748,21.7052],[79.2718,21.709],[79.2649,21.7149],[79.2577,21.7175],[79.2287,21.7239],[79.2281,21.7219],[79.2289,21.7205],[79.2348,21.7152],[79.2219,21.7006],[79.2209,21.6966],[79.2182,21.6813],[79.2202,21.677],[79.2246,21.6759],[79.2268,21.6744],[79.2284,21.6714],[79.2269,21.6576],[79.2216,21.6569],[79.2199,21.6508],[79.2166,21.6502],[79.1862,21.6544],[79.1478,21.6605],[79.1471,21.6566],[79.1411,21.6395],[79.1371,21.6369],[79.1277,21.6281],[79.1112,21.6256],[79.0992,21.6189],[79.0987,21.6163],[79.0995,21.6123],[79.1041,21.6094],[79.0981,21.6028],[79.092,21.6034],[79.0881,21.5992],[79.0816,21.6072],[79.0761,21.6077],[79.0508,21.6039],[79.0479,21.6057],[79.0429,21.6047],[79.031,21.6056],[79.0096,21.6015],[79.0058,21.604],[79,21.6098],[78.9974,21.6158],[78.9944,21.6187],[78.9815,21.6172],[78.9748,21.6176],[78.9623,21.6059],[78.9459,21.596],[78.9403,21.5938],[78.9291,21.5946],[78.9227,21.5926],[78.9132,21.5924],[78.9122,21.5852],[78.9116,21.5709],[78.9143,21.5696],[78.9199,21.569],[78.9284,21.5644],[78.9278,21.5603],[78.924,21.5602],[78.9127,21.5631],[78.9091,21.5618],[78.9044,21.5548],[78.9218,21.5432],[78.9246,21.5387],[78.9234,21.5331],[78.9234,21.5238],[78.9262,21.5216],[78.9363,21.5194],[78.9387,21.5173],[78.9406,21.5137],[78.9369,21.5104],[78.9338,21.4924],[78.9318,21.4874],[78.9206,21.4876],[78.9079,21.4943],[78.9027,21.498],[78.8958,21.5006],[78.8905,21.4982],[78.8854,21.4856],[78.8799,21.485],[78.8751,21.4879],[78.8515,21.4957],[78.8477,21.4915],[78.8442,21.49],[78.8279,21.49],[78.8234,21.4911],[78.8193,21.4896],[78.8131,21.4887],[78.8101,21.4909],[78.7928,21.4899],[78.7897,21.4885],[78.7846,21.4891],[78.7802,21.4808],[78.777,21.4791],[78.7755,21.4735],[78.7722,21.4671],[78.7644,21.4743],[78.7608,21.4847],[78.761,21.4898],[78.7505,21.4908],[78.7465,21.4939],[78.7404,21.4837],[78.7388,21.4729],[78.7351,21.4714],[78.7297,21.4714],[78.7242,21.4644],[78.7198,21.4646],[78.7139,21.468],[78.7039,21.4712],[78.7016,21.4747],[78.6957,21.4744],[78.6962,21.4774],[78.692,21.4787],[78.6883,21.4789],[78.6844,21.478],[78.6841,21.482],[78.6642,21.4807],[78.6591,21.4789],[78.6507,21.4828],[78.6435,21.4843],[78.6375,21.4842],[78.6305,21.4813],[78.6253,21.4778],[78.621,21.4775],[78.6161,21.4815],[78.6054,21.4884],[78.601,21.4872],[78.5986,21.4848],[78.5933,21.4877],[78.5849,21.4869],[78.5812,21.4896],[78.5733,21.4985],[78.5653,21.506],[78.5647,21.5093],[78.5665,21.5157],[78.56,21.5146],[78.5565,21.5158],[78.5524,21.5194],[78.5465,21.52],[78.5373,21.5246],[78.5284,21.5246],[78.5247,21.5258],[78.5201,21.5254],[78.5086,21.5284],[78.5043,21.5267],[78.5021,21.5266],[78.4979,21.523],[78.496,21.518],[78.4908,21.518],[78.4856,21.512],[78.4834,21.5077],[78.4804,21.5061],[78.4721,21.5069],[78.4709,21.5049],[78.4653,21.5035],[78.4617,21.5035],[78.4592,21.5046],[78.4563,21.5045],[78.4542,21.4983],[78.4517,21.4973],[78.4447,21.5019],[78.4386,21.5038],[78.4301,21.5018],[78.4303,21.5092],[78.4322,21.5199],[78.4278,21.5268],[78.4269,21.5302],[78.4275,21.5383],[78.4255,21.5423],[78.422,21.5458],[78.4206,21.5488],[78.4207,21.5548],[78.4223,21.5637],[78.4191,21.5716],[78.4159,21.5731],[78.4135,21.5777],[78.4158,21.5882],[78.4226,21.6019],[78.4193,21.6043],[78.4109,21.6066],[78.4045,21.6101],[78.399,21.6111],[78.3926,21.6101],[78.3893,21.6106],[78.3836,21.6166],[78.3795,21.6187],[78.3757,21.6175],[78.3717,21.615],[78.372,21.6108],[78.3776,21.5956],[78.3742,21.59],[78.3661,21.5819],[78.361,21.5783],[78.3547,21.5769],[78.3477,21.5789],[78.342,21.5829],[78.3368,21.5905],[78.3285,21.5812],[78.3229,21.5774],[78.3187,21.5756],[78.3088,21.5737],[78.3041,21.5714],[78.3018,21.5729],[78.3018,21.5804],[78.3,21.5851],[78.2816,21.5868],[78.2711,21.593],[78.2661,21.5943],[78.2622,21.5938],[78.2576,21.5918],[78.2552,21.5898],[78.2554,21.5852],[78.2585,21.5819],[78.269,21.5747],[78.2702,21.5724],[78.2693,21.5707],[78.2466,21.564],[78.2387,21.5655],[78.2267,21.5564],[78.2155,21.5537],[78.1809,21.5587],[78.1773,21.5567],[78.1727,21.5533],[78.1706,21.5422],[78.1717,21.5358],[78.1711,21.5287],[78.168,21.526],[78.1776,21.5143],[78.1713,21.5085],[78.1706,21.5021],[78.1693,21.4985],[78.1428,21.4821],[78.1272,21.4734],[78.1091,21.4642],[78.1007,21.461],[78.0925,21.456],[78.0786,21.4457],[78.0637,21.4389],[78.0511,21.437],[78.0435,21.435],[78.0291,21.4254],[78.0196,21.4206],[78.0071,21.4184],[78.0044,21.4159],[77.9997,21.4162],[77.9958,21.4138],[77.9803,21.4028],[77.976,21.4021],[77.9715,21.4014],[77.96,21.4014],[77.9577,21.4011],[77.9411,21.399],[77.9388,21.3869],[77.9318,21.3858],[77.9249,21.3861],[77.9183,21.3847],[77.9118,21.3828],[77.9055,21.3796],[77.9007,21.3787],[77.899,21.3784],[77.8923,21.379],[77.8866,21.3804],[77.8819,21.3777],[77.8834,21.3855],[77.8762,21.3864],[77.8632,21.3881],[77.8547,21.3907],[77.8466,21.3941],[77.8339,21.4015],[77.818,21.4087],[77.8045,21.412],[77.7994,21.4123],[77.7985,21.4107],[77.796,21.4063],[77.7952,21.4038],[77.794,21.3996],[77.7934,21.3907],[77.7901,21.3892],[77.7855,21.3894],[77.7766,21.388],[77.7651,21.3847],[77.7614,21.3844],[77.7569,21.3864],[77.7499,21.3857],[77.7465,21.3842],[77.7434,21.3801],[77.7383,21.3666],[77.7339,21.3647],[77.7249,21.3642],[77.7052,21.3591],[77.7052,21.3673],[77.7051,21.3735],[77.7043,21.3777],[77.6955,21.3778],[77.6926,21.3806],[77.6943,21.3945],[77.6935,21.3965],[77.6911,21.3971],[77.6883,21.3967],[77.6811,21.3855],[77.6752,21.3788],[77.67,21.3729],[77.6688,21.3723],[77.6672,21.3715],[77.6648,21.3736],[77.6631,21.3775],[77.6634,21.3856],[77.6621,21.388],[77.6516,21.3902],[77.651,21.3934],[77.6459,21.3934],[77.6426,21.3914],[77.6415,21.3887],[77.6392,21.3879],[77.6362,21.3895],[77.6293,21.391],[77.6152,21.3907],[77.6115,21.3938],[77.6015,21.3936],[77.6007,21.3932],[77.5992,21.3925],[77.5994,21.3921],[77.6006,21.3891],[77.6007,21.3859],[77.602,21.3842],[77.6058,21.3704],[77.6048,21.367],[77.6015,21.3653],[77.587,21.3678],[77.5844,21.3645],[77.5826,21.3668],[77.5808,21.3691],[77.576,21.3705],[77.5709,21.3733],[77.5653,21.3726],[77.5625,21.3734],[77.5484,21.3812],[77.5398,21.3812],[77.5288,21.3791],[77.5243,21.3797],[77.5207,21.3773],[77.5179,21.3778],[77.5169,21.378],[77.5105,21.3768],[77.5017,21.3792],[77.487,21.3778],[77.483,21.3904],[77.4842,21.3985],[77.4818,21.4157],[77.4771,21.4209],[77.473,21.4327],[77.4692,21.437],[77.4688,21.4429],[77.4698,21.4487],[77.4686,21.4529],[77.4693,21.4569],[77.4572,21.4671],[77.4538,21.4673],[77.4524,21.468],[77.4489,21.4697],[77.4388,21.4728],[77.4383,21.4729],[77.4381,21.4756],[77.4379,21.4782],[77.4352,21.4816],[77.4374,21.4835],[77.4392,21.4893],[77.4311,21.5022],[77.4208,21.5163],[77.4188,21.5208],[77.417,21.5331],[77.4199,21.5387],[77.4235,21.5426],[77.4289,21.5457],[77.4319,21.5464],[77.4421,21.5446],[77.4466,21.5456],[77.4502,21.5484],[77.4503,21.5519],[77.452,21.5556],[77.4575,21.5566],[77.4647,21.556],[77.4687,21.5545],[77.484,21.5533],[77.5044,21.5547],[77.5073,21.5508],[77.5119,21.5475],[77.5292,21.5408],[77.5353,21.539],[77.5407,21.5389],[77.5534,21.5362],[77.567,21.5298],[77.5779,21.5292],[77.5892,21.5303],[77.5949,21.5332],[77.6071,21.5428],[77.6058,21.5509],[77.5907,21.5616],[77.5855,21.5588],[77.5797,21.5582],[77.5741,21.5575],[77.571,21.5626],[77.57,21.5698],[77.5702,21.5757],[77.5722,21.5877],[77.5699,21.6111],[77.5682,21.6162],[77.5678,21.6211],[77.571,21.6235],[77.5713,21.627],[77.5655,21.635],[77.5604,21.6452],[77.5575,21.6556],[77.5586,21.6687],[77.5505,21.6763],[77.5474,21.6816],[77.5457,21.6861],[77.5446,21.6924],[77.5422,21.701],[77.5359,21.7083],[77.5334,21.7127],[77.5261,21.715],[77.5235,21.7135],[77.5231,21.7136],[77.521,21.7141],[77.5188,21.7212],[77.5183,21.7244],[77.5179,21.727],[77.5084,21.7353],[77.5061,21.7412],[77.4999,21.7449],[77.4969,21.7492],[77.4923,21.7498],[77.4888,21.7502],[77.4759,21.7579],[77.4755,21.7619],[77.4752,21.7657],[77.477,21.768],[77.4778,21.7702],[77.4755,21.7714],[77.4714,21.7712],[77.4587,21.7682],[77.4526,21.7643],[77.4499,21.7634],[77.4439,21.7635],[77.4385,21.7627],[77.4267,21.7604],[77.413,21.7577],[77.4053,21.7567],[77.4011,21.7562],[77.3759,21.7571],[77.3534,21.7595],[77.3423,21.7618],[77.3391,21.7617],[77.3374,21.7616],[77.326,21.7574],[77.3213,21.757],[77.3089,21.7596],[77.2937,21.7599],[77.2862,21.7628],[77.28,21.7613],[77.2771,21.7598],[77.2777,21.7538],[77.2783,21.7491],[77.2823,21.7481],[77.2845,21.7464],[77.2831,21.7416],[77.2833,21.7385],[77.285,21.7375],[77.2869,21.7364],[77.2858,21.7288],[77.2831,21.7242],[77.2674,21.7291],[77.2628,21.7236],[77.258,21.7158],[77.2552,21.7152],[77.2399,21.7171],[77.2246,21.7179],[77.2232,21.7042],[77.2222,21.7017],[77.2216,21.7001],[77.218,21.6984],[77.2102,21.6971],[77.2074,21.694],[77.2014,21.6963],[77.1843,21.7045],[77.1877,21.7207],[77.188,21.7226],[77.1838,21.7245],[77.1714,21.7273],[77.168,21.7258],[77.1651,21.7169],[77.1624,21.7141],[77.16,21.7137],[77.1578,21.7134],[77.1475,21.7147],[77.1333,21.7223],[77.1211,21.7253],[77.1142,21.7249],[77.1041,21.7229],[77.1033,21.7226],[77.0939,21.7196],[77.0838,21.7186],[77.0802,21.7187],[77.0753,21.7224],[77.0741,21.7226],[77.0723,21.7229],[77.069,21.7218],[77.0621,21.715],[77.0595,21.7094],[77.0343,21.7005],[77.0292,21.6961],[77.0233,21.6938],[77.0181,21.6908],[77.0102,21.6844],[77.0016,21.6822],[76.9973,21.6816],[76.9787,21.666],[76.9116,21.6149],[76.9057,21.6045],[76.9011,21.6008],[76.8917,21.6007],[76.8607,21.6123],[76.8521,21.615],[76.8478,21.6133],[76.8386,21.6005],[76.8335,21.5931],[76.8232,21.5927],[76.8039,21.5968],[76.7953,21.5975],[76.7934,21.5952],[76.7915,21.5874],[76.7836,21.578],[76.7802,21.5625],[76.7828,21.5515],[76.7846,21.5461],[76.7878,21.5401],[76.7855,21.5353],[76.7753,21.532],[76.7675,21.5275],[76.7629,21.5226],[76.7702,21.5107],[76.7865,21.4992],[76.7918,21.4899],[76.7902,21.4824],[76.7851,21.4767],[76.7842,21.4665],[76.7758,21.4601],[76.7565,21.4499],[76.7434,21.4431],[76.7384,21.4294],[76.7372,21.4153],[76.7321,21.4088],[76.7191,21.4007],[76.6684,21.3695],[76.6286,21.3398],[76.6245,21.3351],[76.6258,21.3297],[76.6397,21.3106],[76.6486,21.3],[76.6611,21.2824],[76.6602,21.2736],[76.6594,21.2621],[76.659,21.2532],[76.6585,21.2478],[76.6499,21.249],[76.6426,21.2477],[76.6373,21.2391],[76.6317,21.2289],[76.6313,21.2156],[76.6316,21.2054],[76.6269,21.1988],[76.6234,21.1927],[76.62,21.1954],[76.6168,21.1986],[76.6123,21.1959],[76.6056,21.1972],[76.5867,21.1987],[76.576,21.2037],[76.5752,21.2041],[76.5594,21.2058],[76.5413,21.1963],[76.5292,21.1893],[76.5208,21.1892],[76.4981,21.1961],[76.4912,21.1978],[76.4874,21.1961],[76.4825,21.1882],[76.4783,21.1757],[76.4767,21.1613],[76.477,21.1553],[76.4749,21.1521],[76.469,21.1506],[76.4668,21.1473],[76.467,21.1432],[76.4655,21.1392],[76.4575,21.1383],[76.4559,21.1319],[76.4529,21.1244],[76.4527,21.1149],[76.4477,21.1129],[76.4411,21.1121],[76.4375,21.1076],[76.4337,21.1067],[76.4118,21.1073],[76.4094,21.0941],[76.3968,21.0906],[76.3901,21.0881],[76.3828,21.0796],[76.381,21.0791],[76.3796,21.0785],[76.3764,21.0773],[76.372,21.0786],[76.3686,21.0787],[76.3658,21.0791],[76.3613,21.08],[76.357,21.0797],[76.3348,21.0772],[76.2971,21.0772],[76.2858,21.0765],[76.2818,21.0753],[76.2778,21.078],[76.2732,21.0854],[76.2692,21.093],[76.2621,21.0947],[76.2351,21.0939],[76.2275,21.0914],[76.2087,21.0902],[76.1891,21.0903],[76.1839,21.09],[76.1808,21.0874],[76.1773,21.0855],[76.1726,21.0846],[76.1686,21.0858],[76.167,21.0896],[76.1681,21.0932],[76.1693,21.0987],[76.1693,21.1014],[76.1691,21.1037],[76.1685,21.1054],[76.1674,21.1063],[76.1622,21.11],[76.1515,21.115],[76.1421,21.1211],[76.1357,21.1262],[76.1342,21.1303],[76.1393,21.1336],[76.1409,21.136],[76.1399,21.1401],[76.1317,21.1527],[76.1284,21.1567],[76.1241,21.1591],[76.1189,21.1601],[76.114,21.1646],[76.1143,21.1705],[76.1194,21.1747],[76.1274,21.1779],[76.1307,21.1756],[76.143,21.1731],[76.1551,21.1726],[76.1609,21.172],[76.1668,21.1707],[76.1691,21.1745],[76.1706,21.1822],[76.1727,21.1883],[76.1691,21.1919],[76.1659,21.1955],[76.1657,21.2],[76.1671,21.2036],[76.1677,21.2059],[76.1679,21.2081],[76.1643,21.2118],[76.1615,21.2167],[76.1631,21.222],[76.164,21.2242],[76.1593,21.2273],[76.1533,21.2298],[76.148,21.2316],[76.1455,21.2332],[76.1444,21.2381],[76.1441,21.2415],[76.1441,21.2426],[76.1509,21.2456],[76.1543,21.2491],[76.1581,21.2535],[76.1592,21.2591],[76.156,21.2632],[76.1539,21.2688],[76.1498,21.2742],[76.1471,21.2814],[76.145,21.2878],[76.1399,21.289],[76.135,21.2915],[76.1293,21.2975],[76.1273,21.3073],[76.1222,21.3216],[76.116,21.3388],[76.1069,21.3602],[76.0987,21.3739],[76.095,21.3727],[76.0882,21.37],[76.0772,21.3643],[76.0657,21.3592],[76.0524,21.3527],[76.047,21.3552],[76.042,21.3589],[76.0346,21.3653],[76.0275,21.3681],[76.016,21.3699],[76.0002,21.3748],[75.9916,21.3761],[75.9849,21.3772],[75.9687,21.394],[75.9594,21.3962],[75.948,21.393],[75.9374,21.3929],[75.9323,21.3915],[75.9165,21.3898],[75.9123,21.3906],[75.9051,21.3956],[75.8971,21.3973],[75.8956,21.3987],[75.8881,21.3996],[75.8821,21.3984],[75.8762,21.3982],[75.8723,21.3955],[75.8682,21.3905],[75.8628,21.3873],[75.8593,21.3873],[75.8514,21.3894],[75.8466,21.3881],[75.8434,21.3895],[75.8326,21.3833],[75.8125,21.3873],[75.8055,21.389],[75.8014,21.3902],[75.7922,21.3892],[75.7738,21.3866],[75.7601,21.3857],[75.7589,21.3855],[75.7547,21.3884],[75.7461,21.3917],[75.7441,21.3932],[75.7383,21.3934],[75.7356,21.3927],[75.7329,21.3933],[75.7227,21.3892],[75.7216,21.391],[75.7139,21.3916],[75.7068,21.3913],[75.6948,21.3896],[75.6897,21.3875],[75.6878,21.3843],[75.6848,21.3822],[75.6785,21.3822],[75.6751,21.3815],[75.6734,21.3804],[75.6588,21.3827],[75.6549,21.382],[75.6458,21.3825],[75.6399,21.3815],[75.6326,21.3818],[75.6295,21.3812],[75.6268,21.382],[75.6236,21.3843],[75.6211,21.3879],[75.6194,21.3935],[75.6089,21.395],[75.603,21.3905],[75.5913,21.3917],[75.5878,21.3889],[75.5849,21.3876],[75.5766,21.3855],[75.5816,21.3808],[75.5813,21.3799],[75.5721,21.3782],[75.566,21.3792],[75.5642,21.3781],[75.5603,21.3788],[75.5611,21.3812],[75.5598,21.3823],[75.5553,21.3775],[75.5513,21.3754],[75.5481,21.3725],[75.5471,21.3727],[75.5453,21.3758],[75.5399,21.3772],[75.5294,21.3847],[75.5246,21.3872],[75.5163,21.3867],[75.5101,21.388],[75.5005,21.3916],[75.4964,21.3907],[75.4848,21.3913],[75.4684,21.3942],[75.4656,21.3914],[75.4601,21.393],[75.4544,21.3921],[75.4501,21.3924],[75.4462,21.3905],[75.4436,21.391],[75.4363,21.3907],[75.4317,21.3939],[75.42,21.3903],[75.4134,21.3911],[75.4093,21.3899],[75.4038,21.3838],[75.4009,21.384],[75.3984,21.383],[75.3954,21.3847],[75.3931,21.3841],[75.3845,21.3856],[75.3813,21.3876],[75.3787,21.3924],[75.3669,21.3989],[75.3614,21.4032],[75.358,21.3962],[75.3538,21.3935],[75.3349,21.3947],[75.3268,21.3942],[75.3209,21.3924],[75.312,21.3953],[75.3087,21.3945],[75.3019,21.3892],[75.3018,21.3924],[75.3032,21.3952],[75.3018,21.4148],[75.2996,21.4157],[75.2916,21.4139],[75.2886,21.4118],[75.2766,21.4089],[75.267,21.4089],[75.2591,21.4052],[75.254,21.4061],[75.2477,21.4107],[75.2435,21.4149],[75.2364,21.4171],[75.2323,21.4166],[75.2199,21.4109],[75.2106,21.4142],[75.2075,21.4158],[75.2037,21.4173],[75.196,21.4229],[75.188,21.4273],[75.1574,21.4383],[75.1474,21.4433],[75.1298,21.4493],[75.123,21.4533],[75.1151,21.4596],[75.1067,21.4696],[75.1004,21.4853],[75.0949,21.4938],[75.0927,21.5009],[75.09,21.5143],[75.0836,21.5258],[75.0783,21.5321],[75.0762,21.538],[75.0722,21.5417],[75.065,21.5508],[75.0636,21.555],[75.0602,21.5593],[75.0577,21.5649],[75.0536,21.5672],[75.0318,21.5693],[75.0178,21.5726],[75.0158,21.5779],[75.0134,21.5812],[75.0048,21.586],[75.0036,21.5867],[75.0027,21.5872],[75.0018,21.5876],[75.001,21.5881],[75.0001,21.5886],[74.9992,21.5891],[74.9984,21.5895],[74.9975,21.5899],[74.9966,21.5903],[74.9957,21.5907],[74.9947,21.5911],[74.9938,21.5914],[74.9929,21.5918],[74.992,21.5922],[74.991,21.5926],[74.9901,21.5929],[74.9892,21.5933],[74.9882,21.5936],[74.9873,21.5939],[74.9864,21.5942],[74.9854,21.5946],[74.9845,21.5949],[74.9835,21.5952],[74.9826,21.5955],[74.9816,21.5957],[74.9807,21.596],[74.9797,21.5963],[74.9788,21.5965],[74.9778,21.5967],[74.9768,21.597],[74.9759,21.5972],[74.9749,21.5974],[74.9739,21.5976],[74.9729,21.5977],[74.9719,21.5979],[74.971,21.5981],[74.97,21.5983],[74.969,21.5985],[74.968,21.5986],[74.967,21.5988],[74.966,21.599],[74.9651,21.5992],[74.9641,21.5994],[74.9631,21.5996],[74.9621,21.5998],[74.9612,21.6],[74.9602,21.6003],[74.9592,21.6005],[74.9583,21.6008],[74.9573,21.601],[74.9564,21.6013],[74.9554,21.6016],[74.9544,21.6018],[74.9535,21.6021],[74.9525,21.6024],[74.9516,21.6026],[74.9506,21.6029],[74.9497,21.6032],[74.9487,21.6035],[74.9478,21.6038],[74.9468,21.604],[74.9458,21.6043],[74.9449,21.6046],[74.9439,21.6049],[74.943,21.6052],[74.942,21.6055],[74.9411,21.6058],[74.9402,21.6061],[74.9392,21.6064],[74.9382,21.6067],[74.9373,21.607],[74.9364,21.6073],[74.9354,21.6076],[74.9345,21.6079],[74.9335,21.6082],[74.9326,21.6085],[74.9316,21.6088],[74.9307,21.6091],[74.9297,21.6094],[74.9288,21.6097],[74.9279,21.61],[74.9269,21.6103],[74.926,21.6107],[74.925,21.611],[74.9241,21.6113],[74.9231,21.6117],[74.9222,21.612],[74.9213,21.6124],[74.9204,21.6128],[74.9195,21.6131],[74.9186,21.6135],[74.9177,21.614],[74.9168,21.6144],[74.9159,21.6148],[74.915,21.6153],[74.9142,21.6158],[74.9133,21.6163],[74.9125,21.6169],[74.9117,21.6175],[74.911,21.6181],[74.9103,21.6188],[74.9096,21.6194],[74.9091,21.6202],[74.9086,21.621],[74.9082,21.6219],[74.9078,21.6228],[74.9074,21.6237],[74.907,21.6246],[74.9066,21.6254],[74.9062,21.6263],[74.9056,21.627],[74.905,21.6278],[74.9043,21.6285],[74.9036,21.6292],[74.9028,21.6298],[74.9019,21.6302],[74.9009,21.6305],[74.9,21.6307],[74.899,21.6309],[74.8981,21.631],[74.8971,21.6312],[74.8961,21.6313],[74.8951,21.6314],[74.8941,21.6315],[74.8931,21.6316],[74.8921,21.6316],[74.8911,21.6317],[74.8901,21.6317],[74.889,21.6318],[74.888,21.6318],[74.887,21.6318],[74.886,21.6318],[74.885,21.6318],[74.884,21.6318],[74.883,21.6317],[74.882,21.6316],[74.8811,21.6314],[74.8801,21.6312],[74.8791,21.631],[74.8781,21.6308],[74.8771,21.6306],[74.8761,21.6304],[74.8752,21.6303],[74.8742,21.6303],[74.8731,21.6303],[74.8721,21.6302],[74.8711,21.6302],[74.87,21.6303],[74.869,21.6304],[74.868,21.6305],[74.8671,21.6307],[74.8663,21.6311],[74.8658,21.6321],[74.8653,21.6333],[74.8649,21.634],[74.8642,21.6339],[74.8634,21.6335],[74.8627,21.633],[74.8619,21.6325],[74.8612,21.632],[74.8604,21.6314],[74.8596,21.6307],[74.8588,21.6301],[74.8581,21.6294],[74.8573,21.6288],[74.8565,21.6281],[74.8557,21.6275],[74.8549,21.6268],[74.8541,21.6262],[74.8532,21.6256],[74.8524,21.625],[74.8515,21.6245],[74.8507,21.6241],[74.8498,21.6237],[74.8488,21.6233],[74.8479,21.6229],[74.847,21.6226],[74.846,21.6223],[74.8451,21.6221],[74.8441,21.6218],[74.8431,21.6215],[74.8421,21.6213],[74.8412,21.621],[74.8402,21.6207],[74.8392,21.6204],[74.8383,21.6201],[74.8374,21.6198],[74.8365,21.6194],[74.8356,21.619],[74.8349,21.6183],[74.8342,21.6176],[74.8337,21.6167],[74.8334,21.6158],[74.8333,21.6149],[74.8335,21.6138],[74.8337,21.6127],[74.8337,21.6119],[74.8332,21.6113],[74.8325,21.6109],[74.8316,21.6106],[74.8306,21.6104],[74.8295,21.6103],[74.8284,21.6102],[74.8273,21.6102],[74.8262,21.6102],[74.8252,21.6102],[74.8243,21.6103],[74.8233,21.6104],[74.8223,21.6105],[74.8213,21.6106],[74.8203,21.6108],[74.8193,21.6109],[74.8183,21.6111],[74.8173,21.6113],[74.8163,21.6115],[74.8154,21.6116],[74.8144,21.6118],[74.8134,21.612],[74.8124,21.6123],[74.8115,21.6125],[74.8105,21.6129],[74.8096,21.6133],[74.8088,21.6137],[74.8079,21.6142],[74.807,21.6147],[74.8061,21.6151],[74.8052,21.6155],[74.804,21.6159],[74.8029,21.6161],[74.8021,21.6161],[74.8019,21.6155],[74.8021,21.6146],[74.8025,21.6136],[74.8028,21.6126],[74.8031,21.6116],[74.8029,21.6107],[74.8021,21.6101],[74.801,21.6098],[74.8,21.6099],[74.7991,21.6099],[74.7981,21.61],[74.7971,21.61],[74.7961,21.6101],[74.7951,21.6102],[74.7941,21.6103],[74.7931,21.6103],[74.7921,21.6105],[74.7911,21.6106],[74.7901,21.6107],[74.7891,21.6109],[74.7881,21.611],[74.7871,21.6112],[74.7861,21.6114],[74.7851,21.6116],[74.7842,21.6118],[74.7832,21.612],[74.7823,21.6124],[74.7814,21.6127],[74.7805,21.6131],[74.7795,21.6135],[74.7786,21.6139],[74.7777,21.6143],[74.7768,21.6148],[74.7759,21.6152],[74.775,21.6155],[74.774,21.6155],[74.773,21.6155],[74.772,21.6155],[74.771,21.6155],[74.77,21.6154],[74.769,21.6154],[74.768,21.6154],[74.767,21.6155],[74.766,21.6155],[74.765,21.6156],[74.764,21.6157],[74.763,21.6159],[74.762,21.616],[74.761,21.6162],[74.7601,21.6163],[74.7591,21.6165],[74.7581,21.6167],[74.7571,21.6169],[74.7561,21.6171],[74.7552,21.6173],[74.7542,21.6175],[74.7532,21.6177],[74.7522,21.6179],[74.7513,21.6181],[74.7503,21.6183],[74.7493,21.6185],[74.7483,21.6187],[74.7474,21.6189],[74.7464,21.6191],[74.7454,21.6194],[74.7444,21.6196],[74.7435,21.6198],[74.7425,21.62],[74.7415,21.6202],[74.7405,21.6204],[74.7396,21.6206],[74.7386,21.6208],[74.7376,21.621],[74.7366,21.6212],[74.7357,21.6214],[74.7347,21.6216],[74.7337,21.6218],[74.7327,21.6221],[74.7318,21.6223],[74.7308,21.6225],[74.7298,21.6227],[74.7289,21.6229],[74.7279,21.6231],[74.7269,21.6233],[74.7259,21.6236],[74.725,21.6238],[74.724,21.624],[74.723,21.6242],[74.722,21.6245],[74.7211,21.6247],[74.7201,21.6249],[74.7191,21.6251],[74.7182,21.6254],[74.7172,21.6256],[74.7162,21.6258],[74.7153,21.6261],[74.7143,21.6263],[74.7133,21.6265],[74.7124,21.6268],[74.7114,21.6271],[74.7104,21.6273],[74.7095,21.6276],[74.7085,21.6279],[74.7076,21.6282],[74.7066,21.6284],[74.7057,21.6287],[74.7047,21.6291],[74.7038,21.6294],[74.7029,21.6297],[74.7019,21.63],[74.701,21.6304],[74.7001,21.6307],[74.6992,21.6311],[74.6983,21.6315],[74.6974,21.632],[74.6965,21.6324],[74.6956,21.6329],[74.6948,21.6334],[74.694,21.6339],[74.6931,21.6344],[74.6923,21.635],[74.6915,21.6355],[74.6907,21.6361],[74.6899,21.6366],[74.6891,21.6372],[74.6883,21.6378],[74.6875,21.6384],[74.6868,21.6389],[74.686,21.6395],[74.6852,21.6401],[74.6844,21.6407],[74.6836,21.6413],[74.6828,21.6419],[74.6821,21.6425],[74.6813,21.643],[74.6805,21.6436],[74.6797,21.6442],[74.6789,21.6448],[74.6781,21.6453],[74.6773,21.6459],[74.6765,21.6464],[74.6757,21.647],[74.6749,21.6475],[74.674,21.6481],[74.6732,21.6486],[74.6724,21.6492],[74.6715,21.6497],[74.6707,21.6501],[74.6698,21.6506],[74.6689,21.651],[74.668,21.6513],[74.6671,21.6517],[74.6661,21.652],[74.6652,21.6523],[74.6642,21.6526],[74.6633,21.6529],[74.6623,21.6531],[74.6613,21.6534],[74.6603,21.6536],[74.6593,21.6537],[74.6584,21.6539],[74.6574,21.6541],[74.6564,21.6543],[74.6554,21.6544],[74.6544,21.6546],[74.6534,21.6547],[74.6525,21.6548],[74.6515,21.655],[74.6505,21.6551],[74.6495,21.6552],[74.6485,21.6553],[74.6475,21.6555],[74.6465,21.6556],[74.6455,21.6557],[74.6445,21.6558],[74.6435,21.656],[74.6425,21.6561],[74.6416,21.6562],[74.6406,21.6564],[74.6396,21.6565],[74.6386,21.6567],[74.6376,21.6568],[74.6366,21.657],[74.6356,21.6572],[74.6347,21.6573],[74.6337,21.6575],[74.6327,21.6577],[74.6317,21.6579],[74.6308,21.6581],[74.6298,21.6584],[74.6288,21.6586],[74.6278,21.6588],[74.6269,21.659],[74.6259,21.6593],[74.6249,21.6595],[74.624,21.6598],[74.623,21.66],[74.622,21.6602],[74.6211,21.6605],[74.6201,21.6607],[74.6191,21.6609],[74.6181,21.6612],[74.6172,21.6614],[74.6162,21.6616],[74.6152,21.6618],[74.6143,21.6621],[74.6133,21.6623],[74.6123,21.6625],[74.6113,21.6626],[74.6104,21.6628],[74.6094,21.663],[74.6084,21.6632],[74.6074,21.6633],[74.6064,21.6634],[74.6054,21.6634],[74.6043,21.6634],[74.6033,21.6634],[74.6023,21.6634],[74.6012,21.6633],[74.6002,21.6633],[74.5991,21.6632],[74.5981,21.6632],[74.5971,21.6632],[74.5961,21.6632],[74.5951,21.6632],[74.5941,21.6633],[74.5932,21.6634],[74.5923,21.6636],[74.5914,21.6638],[74.5906,21.6642],[74.5898,21.6646],[74.589,21.6653],[74.5883,21.666],[74.5877,21.6668],[74.5871,21.6677],[74.5866,21.6686],[74.5862,21.6695],[74.5857,21.6704],[74.5855,21.6712],[74.5855,21.6721],[74.5858,21.673],[74.5863,21.6739],[74.5867,21.6749],[74.5869,21.6758],[74.5869,21.6767],[74.5868,21.6777],[74.5866,21.6787],[74.5864,21.6797],[74.5862,21.6807],[74.5859,21.6816],[74.5856,21.6825],[74.5852,21.6834],[74.5847,21.6841],[74.5842,21.6847],[74.5835,21.6851],[74.5825,21.6853],[74.5814,21.6853],[74.5803,21.6851],[74.5792,21.685],[74.5781,21.6849],[74.5771,21.6848],[74.5761,21.6847],[74.5751,21.6846],[74.5741,21.6844],[74.573,21.6843],[74.572,21.6842],[74.571,21.684],[74.57,21.6838],[74.5691,21.6836],[74.5681,21.6833],[74.5673,21.683],[74.5665,21.6826],[74.5664,21.6815],[74.5663,21.6805],[74.5657,21.68],[74.5648,21.6798],[74.5637,21.6799],[74.5626,21.6801],[74.5616,21.6804],[74.5607,21.6809],[74.5598,21.6814],[74.5589,21.6821],[74.558,21.6828],[74.5573,21.6835],[74.5568,21.6843],[74.5566,21.6849],[74.5569,21.6856],[74.5577,21.6861],[74.5588,21.6867],[74.5598,21.6873],[74.5605,21.688],[74.5609,21.6888],[74.5611,21.6897],[74.5612,21.6906],[74.5613,21.6915],[74.5614,21.6924],[74.5614,21.6934],[74.5615,21.6943],[74.5615,21.6953],[74.5614,21.6963],[74.5614,21.6972],[74.5613,21.6982],[74.5612,21.6992],[74.5612,21.7001],[74.5611,21.701],[74.561,21.702],[74.5608,21.7029],[74.5606,21.7038],[74.5602,21.7047],[74.5599,21.7056],[74.5595,21.7065],[74.559,21.7073],[74.5586,21.7082],[74.5581,21.709],[74.5576,21.7098],[74.5571,21.7107],[74.5567,21.7117],[74.5562,21.7126],[74.5557,21.7136],[74.5552,21.7145],[74.5547,21.7154],[74.5542,21.7162],[74.5536,21.717],[74.553,21.7177],[74.5524,21.7184],[74.5517,21.7189],[74.551,21.7194],[74.5502,21.7197],[74.5494,21.7199],[74.5485,21.72],[74.5476,21.72],[74.5466,21.72],[74.5457,21.7198],[74.5447,21.7197],[74.5437,21.7194],[74.5426,21.7192],[74.5416,21.7189],[74.5405,21.7186],[74.5394,21.7183],[74.5384,21.7181],[74.5373,21.7179],[74.5363,21.7177],[74.5353,21.7176],[74.5343,21.7175],[74.5333,21.7175],[74.5323,21.7175],[74.5313,21.7175],[74.5303,21.7175],[74.5293,21.7175],[74.5283,21.7176],[74.5273,21.7176],[74.5263,21.7177],[74.5253,21.7178],[74.5243,21.7179],[74.5233,21.7181],[74.5223,21.7183],[74.5214,21.7185],[74.5204,21.7188],[74.5195,21.7191],[74.5185,21.7195],[74.5176,21.7199],[74.5167,21.7203],[74.5158,21.7208],[74.515,21.7213],[74.5142,21.7219],[74.5135,21.7225],[74.5129,21.7233],[74.5123,21.7241],[74.5118,21.725],[74.5114,21.7259],[74.5112,21.7267],[74.5113,21.7276],[74.5114,21.7285],[74.5115,21.7294],[74.5117,21.7303],[74.512,21.7313],[74.5123,21.7322],[74.5126,21.7331],[74.5129,21.734],[74.5132,21.7349],[74.5135,21.7358],[74.5138,21.7368],[74.514,21.7377],[74.5143,21.7386],[74.5145,21.7395],[74.5146,21.7404],[74.5147,21.7414],[74.5147,21.7423],[74.5146,21.7432],[74.5145,21.7442],[74.5143,21.7451],[74.5141,21.7461],[74.5139,21.747],[74.5137,21.748],[74.5135,21.7489],[74.5135,21.7498],[74.5135,21.7507],[74.5138,21.7515],[74.5144,21.7523],[74.5152,21.7529],[74.516,21.7536],[74.5167,21.7544],[74.517,21.7552],[74.5172,21.7561],[74.5174,21.757],[74.5176,21.7579],[74.5177,21.7589],[74.5178,21.7599],[74.5179,21.7608],[74.5179,21.7618],[74.5179,21.7628],[74.5179,21.7637],[74.5177,21.7646],[74.5176,21.7655],[74.5174,21.7664],[74.517,21.7672],[74.5165,21.768],[74.516,21.7688],[74.5153,21.7696],[74.5146,21.7703],[74.5139,21.771],[74.5132,21.7718],[74.5126,21.7725],[74.5119,21.7731],[74.511,21.7737],[74.5102,21.7743],[74.5095,21.7749],[74.5089,21.7756],[74.5084,21.7764],[74.508,21.7773],[74.5076,21.7781],[74.5073,21.779],[74.507,21.7799],[74.5067,21.7808],[74.5063,21.7817],[74.506,21.7826],[74.5032,21.7978],[74.5036,21.8072],[74.5093,21.8159],[74.5118,21.8212],[74.517,21.8565],[74.5175,21.8749],[74.5178,21.8862],[74.5184,21.8901],[74.5215,21.8955],[74.5275,21.9035],[74.5275,21.9088],[74.524,21.9131],[74.5174,21.9176],[74.5146,21.9225],[74.5156,21.9279],[74.5156,21.9339],[74.4968,21.9464],[74.4923,21.9455],[74.4899,21.9471],[74.4934,21.9545],[74.4893,21.9568],[74.4857,21.9575],[74.4845,21.9608],[74.4829,21.9624],[74.4779,21.9615],[74.4751,21.9627],[74.4722,21.9655],[74.4673,21.9648],[74.4642,21.9632],[74.46,21.9628],[74.4517,21.9675],[74.4486,21.9711],[74.4472,21.9763],[74.443,21.9831],[74.4426,21.9936],[74.4411,21.9964],[74.4363,21.9995],[74.4362,22.0022],[74.4438,22.0062],[74.4457,22.0069],[74.45,22.0055],[74.4539,22.0023],[74.4538,22.0062],[74.4515,22.009],[74.4476,22.0125],[74.4445,22.016],[74.4426,22.0216],[74.446,22.0265],[74.4395,22.0265],[74.4355,22.031],[74.4177,22.0258],[74.4065,22.0244],[74.3964,22.0237],[74.3883,22.0202],[74.3837,22.0118],[74.3782,22.0022],[74.3772,22.0009],[74.3766,22],[74.3761,21.9993],[74.3755,21.9984],[74.375,21.9977],[74.3744,21.9969],[74.3738,21.9962],[74.3731,21.9955],[74.3724,21.9949],[74.3716,21.9943],[74.3707,21.9939],[74.3697,21.9936],[74.3688,21.9932],[74.3678,21.9929],[74.3669,21.9925],[74.366,21.992],[74.3653,21.9914],[74.3646,21.9908],[74.364,21.99],[74.3634,21.9893],[74.3629,21.9885],[74.3624,21.9877],[74.3618,21.9869],[74.3613,21.9861],[74.3607,21.9853],[74.3602,21.9845],[74.3596,21.9837],[74.359,21.9829],[74.3584,21.9822],[74.3578,21.9815],[74.357,21.9809],[74.3563,21.9803],[74.3555,21.9797],[74.3546,21.9792],[74.3538,21.9787],[74.3529,21.9782],[74.352,21.9777],[74.3511,21.9773],[74.3502,21.9768],[74.3494,21.9764],[74.3484,21.976],[74.3475,21.9757],[74.3465,21.9754],[74.3456,21.9752],[74.3446,21.9751],[74.3436,21.975],[74.3426,21.9749],[74.3416,21.9749],[74.3406,21.9748],[74.3396,21.9747],[74.3386,21.9747],[74.3376,21.9746],[74.3366,21.9746],[74.3356,21.9745],[74.3346,21.9745],[74.3336,21.9744],[74.3326,21.9744],[74.3316,21.9743],[74.3306,21.9743],[74.3296,21.9742],[74.3286,21.9742],[74.3276,21.9741],[74.3266,21.9741],[74.3256,21.974],[74.3246,21.9739],[74.3236,21.9738],[74.3226,21.9737],[74.3216,21.9736],[74.3206,21.9736],[74.3196,21.9735],[74.3186,21.9734],[74.3176,21.9733],[74.3166,21.9732],[74.3156,21.9731],[74.3146,21.973],[74.3136,21.9728],[74.3126,21.9726],[74.3117,21.9724],[74.3107,21.9722],[74.3098,21.9719],[74.3088,21.9715],[74.3079,21.9711],[74.307,21.9707],[74.3061,21.9702],[74.3052,21.9697],[74.3044,21.9692],[74.3036,21.9686],[74.3028,21.968],[74.302,21.9674],[74.3014,21.9668],[74.3008,21.9661],[74.3003,21.9652],[74.2999,21.9643],[74.2995,21.9634],[74.2991,21.9626],[74.2988,21.9617],[74.2984,21.9608],[74.2981,21.9599],[74.2978,21.959],[74.2975,21.9581],[74.2972,21.9572],[74.297,21.9563],[74.2968,21.9554],[74.2966,21.9545],[74.2964,21.9536],[74.2963,21.9526],[74.2962,21.9517],[74.2961,21.9508],[74.296,21.9498],[74.2959,21.9489],[74.2959,21.948],[74.2957,21.947],[74.2956,21.9461],[74.2954,21.9452],[74.2952,21.9443],[74.295,21.9433],[74.2948,21.9424],[74.2945,21.9415],[74.2943,21.9406],[74.2939,21.9397],[74.2935,21.9389],[74.2929,21.9381],[74.2923,21.9373],[74.2915,21.9366],[74.2906,21.9361],[74.2897,21.9358],[74.2887,21.9356],[74.2878,21.9355],[74.2868,21.9353],[74.2858,21.9352],[74.2849,21.9351],[74.2839,21.9349],[74.2829,21.9348],[74.2819,21.9347],[74.2809,21.9346],[74.2799,21.9346],[74.2789,21.9345],[74.2779,21.9344],[74.2769,21.9343],[74.2759,21.9342],[74.2749,21.9342],[74.2739,21.9341],[74.2729,21.934],[74.2719,21.9339],[74.2709,21.9339],[74.2699,21.9338],[74.2689,21.9337],[74.2679,21.9337],[74.2669,21.9336],[74.2658,21.9335],[74.2648,21.9334],[74.2638,21.9334],[74.2628,21.9333],[74.2618,21.9332],[74.2609,21.9331],[74.2599,21.933],[74.2589,21.9329],[74.2579,21.9327],[74.2569,21.9326],[74.2559,21.9324],[74.2549,21.9323],[74.2539,21.9321],[74.2529,21.932],[74.2519,21.9318],[74.2509,21.9317],[74.2499,21.9315],[74.249,21.9313],[74.248,21.9312],[74.247,21.931],[74.246,21.9308],[74.245,21.9307],[74.244,21.9305],[74.243,21.9304],[74.2421,21.9303],[74.2411,21.9301],[74.2401,21.93],[74.2391,21.9299],[74.2381,21.9298],[74.2371,21.9297],[74.2361,21.9296],[74.2351,21.9296],[74.2341,21.9297],[74.2331,21.9298],[74.2321,21.9299],[74.2311,21.93],[74.2301,21.93],[74.2291,21.93],[74.2281,21.93],[74.2271,21.9299],[74.2261,21.9298],[74.2251,21.9296],[74.2242,21.9294],[74.2232,21.9292],[74.2222,21.929],[74.2212,21.9288],[74.2203,21.9286],[74.2193,21.9283],[74.2183,21.9281],[74.2173,21.9278],[74.2164,21.9276],[74.2154,21.9274],[74.2144,21.9271],[74.2134,21.9269],[74.2125,21.9267],[74.2115,21.9265],[74.2105,21.9262],[74.2095,21.9261],[74.2086,21.9259],[74.2076,21.9257],[74.2066,21.9256],[74.2056,21.9255],[74.2046,21.9254],[74.2036,21.9254],[74.2026,21.9254],[74.2016,21.9255],[74.2006,21.9256],[74.1996,21.9258],[74.1986,21.926],[74.1976,21.9261],[74.1967,21.9263],[74.1957,21.9265],[74.1947,21.9267],[74.1937,21.9269],[74.1927,21.9271],[74.1917,21.9273],[74.1907,21.9276],[74.1897,21.9279],[74.1888,21.9282],[74.1879,21.9286],[74.1871,21.9291],[74.1863,21.9296],[74.1855,21.9302],[74.1848,21.9308],[74.1841,21.9315],[74.1834,21.9322],[74.1827,21.9329],[74.1821,21.9337],[74.1814,21.9344],[74.1808,21.9351],[74.1802,21.9359],[74.1795,21.9366],[74.1789,21.9374],[74.1784,21.9381],[74.1779,21.9389],[74.1774,21.9398],[74.1768,21.9406],[74.1762,21.9413],[74.1756,21.9421],[74.1749,21.9427],[74.1742,21.9434],[74.1734,21.944],[74.1726,21.9445],[74.1718,21.9451],[74.171,21.9456],[74.1701,21.9461],[74.1692,21.9466],[74.1684,21.947],[74.1675,21.9475],[74.1667,21.948],[74.1658,21.9485],[74.1649,21.9489],[74.164,21.9494],[74.1632,21.9499],[74.1623,21.9503],[74.1614,21.9507],[74.1605,21.9512],[74.1596,21.9516],[74.1587,21.952],[74.1578,21.9524],[74.1569,21.9528],[74.156,21.9531],[74.155,21.9533],[74.154,21.9536],[74.153,21.9537],[74.152,21.9539],[74.151,21.954],[74.15,21.954],[74.149,21.954],[74.148,21.954],[74.147,21.954],[74.146,21.9541],[74.1447,21.9566],[74.1489,21.9607],[74.1453,21.9646],[74.1434,21.9699],[74.1437,21.9722],[74.1456,21.974],[74.1532,21.9756],[74.1519,21.9809],[74.1538,21.9864],[74.1496,21.9888],[74.142,21.9912],[74.1277,21.9938],[74.1169,21.9986],[74.1082,21.9984],[74.105,21.9989],[74.1003,22.0016],[74.1005,22.0106],[74.0977,22.0155],[74.1012,22.0183],[74.1089,22.0218],[74.1166,22.0246],[74.1209,22.0303],[74.1251,22.0359],[74.1321,22.0387],[74.141,22.0409],[74.1452,22.0437],[74.144,22.0479],[74.1394,22.0507],[74.1378,22.0535],[74.1491,22.0563],[74.1545,22.0578],[74.163,22.0606],[74.1634,22.0641],[74.1618,22.0711],[74.1649,22.0739],[74.166,22.0781],[74.1676,22.0824],[74.1706,22.0845],[74.1765,22.0845],[74.1807,22.0866],[74.1788,22.0901],[74.1753,22.0915],[74.1722,22.0936],[74.1741,22.0964],[74.1721,22.0985],[74.1702,22.1013],[74.1655,22.1027],[74.162,22.1027],[74.1586,22.102],[74.1562,22.1041],[74.1547,22.1055],[74.15,22.1041],[74.1438,22.1013],[74.138,22.0985],[74.1326,22.0963],[74.1303,22.0977],[74.1291,22.1033],[74.1291,22.1083],[74.1302,22.1139],[74.1313,22.1202],[74.1313,22.1244],[74.1278,22.1272],[74.1266,22.1321],[74.1274,22.1377],[74.1297,22.1427],[74.1336,22.1462],[74.1331,22.1532],[74.1335,22.1581],[74.135,22.1616],[74.1319,22.1644],[74.1265,22.1665],[74.1249,22.1722],[74.1241,22.1778],[74.1229,22.182],[74.1221,22.1876],[74.1236,22.1925],[74.1225,22.1981],[74.1212,22.2052],[74.1224,22.2087],[74.1228,22.2129],[74.1193,22.2164],[74.1138,22.2192],[74.1076,22.2206],[74.1018,22.2206],[74.0944,22.2212],[74.0874,22.2205],[74.0816,22.2205],[74.0758,22.2219],[74.0734,22.2296],[74.0745,22.2345],[74.0784,22.2374],[74.0846,22.2381],[74.0893,22.2402],[74.0916,22.2437],[74.0892,22.2472],[74.0854,22.2479],[74.0807,22.25],[74.0787,22.2528],[74.0799,22.2584],[74.0794,22.2633],[74.0783,22.2682],[74.0724,22.2689],[74.0689,22.2724],[74.0646,22.2759],[74.0615,22.2808],[74.0592,22.2857],[74.0599,22.2907],[74.0583,22.2935],[74.0579,22.2998],[74.0591,22.3054],[74.0625,22.3068],[74.0664,22.3054],[74.0668,22.3111],[74.0667,22.3174],[74.0683,22.3258],[74.0683,22.3307],[74.0741,22.3364],[74.076,22.3413],[74.0744,22.3462],[74.0716,22.349],[74.0708,22.3546],[74.072,22.3602],[74.077,22.3624],[74.0836,22.3624],[74.0899,22.3624],[74.0953,22.3624],[74.0984,22.3688],[74.0999,22.373],[74.1053,22.373],[74.112,22.3716],[74.1151,22.3674],[74.1163,22.3611],[74.1171,22.3576],[74.1245,22.3583],[74.1291,22.3527],[74.1303,22.3436],[74.1315,22.3379],[74.1343,22.3323],[74.1436,22.3303],[74.1541,22.3289],[74.1638,22.3268],[74.1759,22.3247],[74.1841,22.3226],[74.1911,22.3219],[74.1957,22.3254],[74.1964,22.3339],[74.1948,22.3437],[74.1948,22.3493],[74.1975,22.3507],[74.198,22.3479],[74.1983,22.343],[74.2022,22.343],[74.2053,22.3479],[74.2061,22.3536],[74.2057,22.3599],[74.206,22.3634],[74.2068,22.3676],[74.2099,22.3662],[74.2111,22.3627],[74.2134,22.3592],[74.2166,22.3578],[74.2236,22.3578],[74.227,22.3585],[74.2266,22.3649],[74.2274,22.3691],[74.2274,22.3726],[74.2258,22.3754],[74.2254,22.3782],[74.2309,22.3796],[74.2352,22.3782],[74.2402,22.3768],[74.2456,22.3775],[74.246,22.3832],[74.2495,22.3832],[74.253,22.3839],[74.2561,22.386],[74.2569,22.3902],[74.2572,22.3951],[74.258,22.4],[74.2635,22.3965],[74.2685,22.3944],[74.2739,22.393],[74.2814,22.3938],[74.2872,22.3931],[74.2911,22.3917],[74.2942,22.3945],[74.2883,22.398],[74.2817,22.4001],[74.2782,22.4029],[74.2747,22.4036],[74.2712,22.405],[74.27,22.4106],[74.27,22.4148],[74.2665,22.4183],[74.2641,22.4246],[74.2595,22.4289],[74.254,22.4331],[74.2466,22.4365],[74.2373,22.4393],[74.2283,22.44],[74.2236,22.44],[74.2205,22.4421],[74.2186,22.4428],[74.2166,22.4393],[74.2163,22.4344],[74.2116,22.4344],[74.2046,22.4372],[74.2046,22.4407],[74.2046,22.447],[74.2049,22.4547],[74.2045,22.4611],[74.2045,22.4667],[74.2025,22.4723],[74.1979,22.4751],[74.1908,22.4779],[74.1854,22.4694],[74.1827,22.4645],[74.1823,22.4603],[74.1843,22.4561],[74.1862,22.4526],[74.1874,22.4477],[74.1867,22.4442],[74.1828,22.4428],[74.1727,22.442],[74.1715,22.4378],[74.1708,22.4336],[74.1673,22.4322],[74.1611,22.4322],[74.1587,22.4349],[74.156,22.4399],[74.156,22.4455],[74.1567,22.4504],[74.1563,22.4567],[74.1512,22.4567],[74.1442,22.4567],[74.1407,22.4539],[74.1373,22.4482],[74.1342,22.4426],[74.1311,22.4363],[74.1307,22.43],[74.1304,22.4251],[74.1304,22.4215],[74.1269,22.4201],[74.123,22.4208],[74.1164,22.4264],[74.1105,22.4292],[74.1051,22.4334],[74.1027,22.4397],[74.1007,22.4453],[74.1023,22.451],[74.1057,22.4559],[74.1061,22.4622],[74.1033,22.4678],[74.1002,22.4692],[74.0952,22.4692],[74.0905,22.4692],[74.0858,22.4671],[74.0781,22.4656],[74.0784,22.4734],[74.0788,22.4811],[74.0803,22.486],[74.0834,22.4846],[74.0854,22.4818],[74.0889,22.4797],[74.0904,22.4825],[74.0896,22.4889],[74.0873,22.4938],[74.0857,22.4987],[74.0864,22.505],[74.0853,22.5085],[74.0814,22.5085],[74.0787,22.5092],[74.074,22.5106],[74.0697,22.5099],[74.065,22.5106],[74.0619,22.5113],[74.0588,22.5105],[74.0561,22.5056],[74.0546,22.5014],[74.0499,22.5],[74.0464,22.4972],[74.0457,22.4929],[74.0429,22.4908],[74.0371,22.4915],[74.0359,22.4964],[74.0351,22.5027],[74.0347,22.5084],[74.0389,22.514],[74.0436,22.5168],[74.0432,22.5238],[74.0408,22.5302],[74.0423,22.5372],[74.0446,22.5421],[74.05,22.5457],[74.0563,22.5478],[74.0667,22.5509],[74.0781,22.5516],[74.0843,22.5496],[74.0933,22.5447],[74.1007,22.5412],[74.1058,22.5377],[74.1096,22.5384],[74.1135,22.5412],[74.1186,22.5398],[74.1221,22.5356],[74.1248,22.53],[74.1276,22.5244],[74.13,22.5216],[74.1335,22.5188],[74.1385,22.5202],[74.1432,22.5188],[74.1479,22.5181],[74.1533,22.5174],[74.1568,22.5209],[74.158,22.5266],[74.1575,22.5322],[74.1587,22.5343],[74.163,22.5371],[74.168,22.5413],[74.1727,22.5449],[74.1789,22.5484],[74.1843,22.5498],[74.1917,22.5534],[74.1952,22.5569],[74.1956,22.5604],[74.1952,22.5625],[74.1901,22.5674],[74.1994,22.5702],[74.2033,22.5681],[74.2096,22.5667],[74.2138,22.5674],[74.2165,22.578],[74.2185,22.5815],[74.2227,22.5815],[74.2262,22.585],[74.2274,22.5907],[74.2301,22.597],[74.2343,22.6068],[74.2367,22.6139],[74.2437,22.6139],[74.2475,22.6174],[74.2499,22.623],[74.2537,22.623],[74.2576,22.6244],[74.2584,22.6266],[74.2564,22.6308],[74.2564,22.6357],[74.2591,22.6364],[74.2623,22.6385],[74.2634,22.6427],[74.2654,22.6448],[74.2693,22.6434],[74.2716,22.6413],[74.2736,22.6406],[74.2747,22.6427],[74.2782,22.6477],[74.2899,22.6434],[74.2946,22.6414],[74.2989,22.6407],[74.3043,22.64],[74.3094,22.6393],[74.3133,22.6386],[74.3172,22.6365],[74.3223,22.6365],[74.3254,22.6386],[74.3265,22.6421],[74.3281,22.6442],[74.3308,22.6435],[74.3343,22.6414],[74.3371,22.6407],[74.3441,22.6421],[74.3522,22.6393],[74.364,22.6365],[74.3729,22.6365],[74.3811,22.6386],[74.3842,22.6436],[74.3846,22.6506],[74.3841,22.6604],[74.3849,22.6696],[74.3899,22.678],[74.3942,22.6857],[74.3969,22.6921],[74.3969,22.7005],[74.4008,22.7068],[74.4012,22.7124],[74.4008,22.7202],[74.4031,22.7307],[74.4085,22.7371],[74.4144,22.7448],[74.4171,22.7511],[74.4206,22.7574],[74.4252,22.7602],[74.4311,22.7701],[74.4353,22.7792],[74.4392,22.7856],[74.4404,22.7933],[74.4408,22.7996],[74.4388,22.8052],[74.4392,22.8094],[74.4439,22.8101],[74.4517,22.8109],[74.4595,22.8123],[74.4649,22.8151],[74.4688,22.8235],[74.4719,22.8327],[74.4789,22.8586],[74.4754,22.865],[74.4742,22.8678],[74.4738,22.8748],[74.4715,22.8804],[74.4687,22.8875],[74.4664,22.8945],[74.4664,22.9008],[74.4636,22.9071],[74.4628,22.9135],[74.4581,22.9163],[74.455,22.9184],[74.4515,22.924],[74.4441,22.9226],[74.4386,22.9177],[74.4359,22.9205],[74.4319,22.9226],[74.4284,22.9198],[74.4238,22.9198],[74.4187,22.9184],[74.4124,22.9127],[74.4082,22.9043],[74.4004,22.8994],[74.3929,22.9022],[74.3883,22.9071],[74.3816,22.9099],[74.3777,22.9155],[74.3745,22.9226],[74.3714,22.9261],[74.3655,22.9296],[74.362,22.9331],[74.36,22.9422],[74.3542,22.9471],[74.3479,22.9534],[74.3444,22.9584],[74.3416,22.9647],[74.3497,22.9688],[74.3548,22.9751],[74.3571,22.9772],[74.363,22.9779],[74.3681,22.9765],[74.3708,22.9772],[74.3708,22.9801],[74.3688,22.9836],[74.3655,22.9898],[74.3577,23.0004],[74.3554,23.0031],[74.3507,23.0155],[74.3492,23.0302],[74.3468,23.0339],[74.3389,23.0358],[74.3319,23.0392],[74.3277,23.0427],[74.3253,23.0482],[74.3228,23.0627],[74.3393,23.067],[74.3479,23.0708],[74.3551,23.0758],[74.3595,23.0805],[74.3611,23.0903],[74.367,23.0955],[74.3877,23.1104],[74.3912,23.112],[74.4068,23.1118],[74.4141,23.111],[74.4188,23.1085],[74.4261,23.106],[74.4332,23.1057],[74.4393,23.0981],[74.4454,23.0929],[74.4582,23.0871],[74.4672,23.0853],[74.4914,23.0884],[74.5123,23.0888],[74.5136,23.0959],[74.5233,23.0989],[74.5354,23.1015],[74.5427,23.1069],[74.5465,23.1128],[74.5475,23.1185],[74.5457,23.1321],[74.566,23.1352],[74.5736,23.1372],[74.5801,23.14],[74.5886,23.1415],[74.5972,23.142],[74.6081,23.1448],[74.6142,23.1483],[74.6178,23.1519],[74.6257,23.1629],[74.642,23.1727],[74.6547,23.182],[74.6598,23.1879],[74.6653,23.1982],[74.6692,23.2015],[74.6876,23.1967],[74.7155,23.1947],[74.7211,23.197],[74.7348,23.2064],[74.7457,23.2121],[74.746,23.2154],[74.7508,23.2304],[74.7458,23.2327],[74.741,23.2293],[74.7405,23.229],[74.74,23.2286],[74.7329,23.2238],[74.7243,23.2201],[74.719,23.2194],[74.7129,23.2214],[74.7026,23.2197],[74.6996,23.2203],[74.695,23.2231],[74.6955,23.2286],[74.7038,23.2332],[74.7132,23.2363],[74.7222,23.2425],[74.7185,23.246],[74.7149,23.253],[74.7103,23.2581],[74.7033,23.2616],[74.7016,23.2668],[74.7011,23.2721],[74.6805,23.2753],[74.6731,23.2749],[74.6665,23.2711],[74.6522,23.2608],[74.6462,23.2597],[74.6321,23.2634],[74.6296,23.2658],[74.6266,23.276],[74.6223,23.2813],[74.6153,23.2846],[74.6067,23.2854],[74.5991,23.2836],[74.5927,23.2836],[74.5868,23.2845],[74.5773,23.2973],[74.5719,23.3009],[74.5674,23.2985],[74.5621,23.2921],[74.5582,23.2853],[74.5535,23.2825],[74.5486,23.2868],[74.5439,23.3001],[74.5406,23.3051],[74.5357,23.3095],[74.5342,23.314],[74.5345,23.3204],[74.5337,23.323],[74.5303,23.3241],[74.5209,23.3216],[74.5192,23.3219],[74.5183,23.3287],[74.5203,23.3317],[74.5384,23.334],[74.5427,23.3387],[74.5437,23.359],[74.5458,23.3638],[74.5558,23.363],[74.5602,23.3645],[74.5652,23.3752],[74.5707,23.3778],[74.5724,23.3833],[74.5731,23.4192],[74.574,23.4225],[74.5797,23.4224],[74.5915,23.4251],[74.5985,23.4298],[74.6131,23.4516],[74.6134,23.4614],[74.627,23.462],[74.6364,23.4641],[74.6522,23.4634],[74.6547,23.4644],[74.6589,23.4668],[74.6641,23.4733],[74.6693,23.4839],[74.6745,23.4857],[74.6809,23.4851],[74.6837,23.4866],[74.6878,23.4922],[74.6874,23.4958],[74.7007,23.5037],[74.7109,23.5056],[74.7188,23.5036],[74.7259,23.4985],[74.7337,23.5005],[74.7378,23.5068],[74.7424,23.5195],[74.7571,23.5222],[74.7639,23.5247],[74.7707,23.5358],[74.7741,23.5433],[74.785,23.548],[74.7921,23.5486],[74.7963,23.5463],[74.7988,23.5404],[74.8029,23.5341],[74.8123,23.5384],[74.8158,23.5396],[74.8192,23.5408],[74.8301,23.5495],[74.8376,23.5532],[74.8454,23.5542],[74.8515,23.5574],[74.859,23.5695],[74.8617,23.5723],[74.8693,23.5748],[74.8727,23.5782],[74.875,23.5835],[74.8746,23.5901],[74.8773,23.5944],[74.8794,23.596],[74.8849,23.6033],[74.8861,23.6064],[74.898,23.6122],[74.906,23.623],[74.9096,23.6242],[74.9219,23.6223],[74.9279,23.6244],[74.9397,23.6304],[74.9403,23.6369],[74.939,23.6432],[74.9306,23.6482],[74.9284,23.6532],[74.9242,23.6685],[74.9099,23.6769],[74.9076,23.6828],[74.9104,23.688],[74.9175,23.6921],[74.923,23.6966],[74.9229,23.7139],[74.9242,23.7192],[74.932,23.7283],[74.9406,23.7349],[74.9381,23.7429],[74.9319,23.7564],[74.9319,23.7581],[74.9399,23.7659],[74.9395,23.7707],[74.9379,23.7767],[74.9299,23.7942],[74.9276,23.7983],[74.915,23.7992],[74.9103,23.8008],[74.9119,23.8126],[74.9133,23.8366],[74.9158,23.8457],[74.9131,23.8499],[74.9102,23.8521],[74.9069,23.8564],[74.9052,23.8681],[74.9057,23.8739],[74.9072,23.8768],[74.9105,23.8885],[74.9139,23.9034],[74.9146,23.9125],[74.9174,23.9176],[74.9234,23.9249],[74.9236,23.9293],[74.9213,23.9357],[74.9243,23.9386],[74.9298,23.941],[74.9311,23.9449],[74.9315,23.9468],[74.9376,23.9561],[74.9415,23.9605],[74.9633,23.9737],[74.9687,23.9797],[74.9729,23.9911],[74.9722,24.0036],[74.9798,24.0099],[74.9878,24.0143],[74.9924,24.0232],[74.993,24.0297],[74.9904,24.0334],[74.9812,24.041],[74.9794,24.072],[74.9763,24.076],[74.9716,24.0779],[74.9652,24.0827],[74.9619,24.0896],[74.9607,24.0942],[74.9609,24.1055],[74.9595,24.1101],[74.9549,24.112],[74.9391,24.1211],[74.9362,24.1238],[74.939,24.1279],[74.9367,24.139],[74.9247,24.1452],[74.9235,24.1493],[74.9275,24.1572],[74.9215,24.1602],[74.9202,24.1628],[74.9003,24.1743],[74.8995,24.1784],[74.8977,24.1824],[74.8973,24.187],[74.8811,24.2135],[74.8802,24.2165],[74.8867,24.2249],[74.8897,24.2269],[74.8982,24.2291],[74.9027,24.231],[74.9059,24.2337],[74.9073,24.2408],[74.9054,24.2453],[74.9041,24.2459],[74.897,24.2492],[74.8943,24.2617],[74.8891,24.2668],[74.8853,24.2687],[74.8754,24.278],[74.8697,24.2807],[74.864,24.274],[74.8626,24.2737],[74.8598,24.273],[74.8566,24.2722],[74.8533,24.27],[74.8439,24.2702],[74.8389,24.2712],[74.8326,24.2716],[74.8258,24.2733],[74.8196,24.2763],[74.8152,24.277],[74.7903,24.2719],[74.7797,24.2726],[74.7725,24.272],[74.7665,24.2734],[74.7548,24.279],[74.7528,24.2827],[74.753,24.2894],[74.7575,24.2962],[74.7671,24.3045],[74.7836,24.3168],[74.7848,24.3211],[74.7832,24.3194],[74.7838,24.3361],[74.7863,24.3439],[74.7862,24.3488],[74.7828,24.3547],[74.7817,24.3584],[74.7846,24.3674],[74.787,24.3717],[74.7884,24.3718],[74.7932,24.3761],[74.7983,24.3842],[74.8023,24.3873],[74.8054,24.3955],[74.8123,24.4092],[74.8148,24.4107],[74.8252,24.4083],[74.8264,24.4107],[74.8272,24.4168],[74.827,24.4236],[74.8352,24.4295],[74.8459,24.4407],[74.8477,24.4436],[74.8539,24.4495],[74.8575,24.4515],[74.8582,24.4555],[74.857,24.4633],[74.8581,24.4673],[74.8541,24.4702],[74.8507,24.4688],[74.8494,24.4666],[74.8446,24.4659],[74.8409,24.4672],[74.8365,24.4654],[74.8338,24.4604],[74.8183,24.462],[74.8201,24.4729],[74.8247,24.4792],[74.8242,24.4835],[74.8224,24.4878],[74.8168,24.4912],[74.8145,24.4922],[74.8108,24.492],[74.808,24.493],[74.8017,24.4921],[74.796,24.4932],[74.7919,24.4933],[74.785,24.4899],[74.7815,24.4849],[74.779,24.4834],[74.7733,24.4851],[74.7662,24.4907],[74.7608,24.4886],[74.7573,24.4888],[74.7507,24.492],[74.735,24.5036],[74.7308,24.51],[74.7272,24.5108],[74.7237,24.5104],[74.7156,24.5082],[74.7129,24.5092],[74.7119,24.5109],[74.7157,24.5228],[74.7234,24.5312],[74.7286,24.5348],[74.7477,24.5362],[74.7496,24.5425],[74.7476,24.5477],[74.7485,24.5517],[74.7523,24.5524],[74.7568,24.5546],[74.7575,24.5568],[74.7563,24.5599],[74.757,24.5637],[74.7555,24.571],[74.7538,24.5784],[74.7515,24.5861],[74.7503,24.5887],[74.7467,24.593],[74.748,24.5968],[74.756,24.6007],[74.7602,24.6014],[74.7707,24.6058],[74.7772,24.6054],[74.7818,24.6072],[74.7863,24.6101],[74.7901,24.6108],[74.7906,24.6174],[74.7874,24.6176],[74.7878,24.6208],[74.7848,24.6293],[74.7834,24.6368],[74.7914,24.6454],[74.7935,24.6494],[74.793,24.6516],[74.7949,24.6547],[74.7993,24.6566],[74.8024,24.6569],[74.8049,24.6596],[74.8087,24.67],[74.8114,24.6716],[74.8148,24.6698],[74.8171,24.6717],[74.8177,24.6765],[74.8178,24.6799],[74.8133,24.6861],[74.8097,24.6865],[74.7923,24.6843],[74.792,24.6816],[74.7895,24.6789],[74.7857,24.6799],[74.7761,24.6861],[74.7753,24.6877],[74.7779,24.6932],[74.7773,24.6967],[74.7796,24.7007],[74.7809,24.7051],[74.7839,24.7095],[74.7844,24.7126],[74.7832,24.7182],[74.7875,24.7219],[74.7897,24.7266],[74.7884,24.728],[74.7839,24.7304],[74.7814,24.7409],[74.7801,24.7427],[74.7861,24.7469],[74.7925,24.7502],[74.7998,24.7517],[74.8031,24.7549],[74.8019,24.7665],[74.8011,24.7867],[74.7985,24.7905],[74.7993,24.7956],[74.8098,24.7964],[74.815,24.7815],[74.8185,24.7653],[74.8293,24.7459],[74.8349,24.732],[74.8488,24.7087],[74.8497,24.7063],[74.8498,24.6987],[74.8518,24.6966],[74.8543,24.6967],[74.8553,24.6992],[74.854,24.7041],[74.8564,24.7052],[74.8585,24.7022],[74.8598,24.6939],[74.8625,24.6923],[74.8652,24.6921],[74.8669,24.6905],[74.8698,24.6788],[74.8727,24.6759],[74.8734,24.6695],[74.875,24.6675],[74.8777,24.6658],[74.8802,24.668],[74.8879,24.6577],[74.8929,24.6553],[74.8945,24.6581],[74.8935,24.661],[74.8935,24.6639],[74.897,24.6656],[74.9025,24.6563],[74.9056,24.6603],[74.9085,24.6616],[74.9097,24.6604],[74.913,24.6604],[74.9148,24.6594],[74.9199,24.6584],[74.9295,24.6592],[74.9348,24.6618],[74.9372,24.6602],[74.9392,24.6617],[74.9429,24.6604],[74.9439,24.6623],[74.9418,24.6668],[74.943,24.6689],[74.952,24.6703],[74.9527,24.6739],[74.952,24.6765],[74.9573,24.6827],[74.9592,24.6799],[74.9612,24.6789],[74.962,24.6796],[74.9618,24.6837],[74.961,24.6861],[74.9599,24.6867],[74.9599,24.6888],[74.9649,24.6945],[74.9622,24.7008],[74.9641,24.7005],[74.9904,24.7063],[74.9937,24.7058],[74.9966,24.7068],[74.9999,24.7085],[75.0004,24.7106],[74.9994,24.7138],[74.9966,24.716],[74.9952,24.7161],[74.9921,24.7283],[74.9908,24.7338],[74.992,24.7438],[74.9934,24.7527],[74.9971,24.7542],[75.0202,24.7528],[75.0213,24.7672],[75.0213,24.7703],[75.0214,24.7729],[75.0201,24.7745],[75.018,24.7807],[75.0163,24.7859],[75.0129,24.7938],[75.0071,24.7961],[74.9983,24.7977],[74.99,24.7938],[74.9704,24.7909],[74.9616,24.7912],[74.9554,24.7924],[74.946,24.7917],[74.9386,24.7948],[74.9294,24.7955],[74.9221,24.7884],[74.9169,24.7872],[74.91,24.7882],[74.9052,24.7975],[74.8974,24.7992],[74.892,24.7991],[74.8847,24.8024],[74.8805,24.808],[74.8801,24.8105],[74.8781,24.8132],[74.8702,24.8121],[74.8679,24.8131],[74.8586,24.8131],[74.8595,24.7995],[74.8579,24.7946],[74.8514,24.7927],[74.8489,24.7927],[74.8408,24.8034],[74.8375,24.8085],[74.846,24.8148],[74.853,24.8155],[74.8575,24.8178],[74.859,24.8202],[74.859,24.829],[74.8575,24.843],[74.856,24.8472],[74.8559,24.8532],[74.8529,24.8603],[74.8457,24.8721],[74.8424,24.875],[74.8402,24.8806],[74.8394,24.8929],[74.8378,24.8972],[74.8351,24.897],[74.8316,24.8989],[74.8271,24.8991],[74.8241,24.9148],[74.8236,24.9285],[74.8242,24.9401],[74.8253,24.9405],[74.825,24.9459],[74.8263,24.9522],[74.8311,24.9573],[74.8306,24.9619],[74.8327,24.9675],[74.8464,24.9743],[74.8532,24.9747],[74.8621,24.9658],[74.862,24.9628],[74.8635,24.9573],[74.8639,24.9476],[74.8657,24.9433],[74.8672,24.9369],[74.8709,24.9372],[74.8773,24.9394],[74.8791,24.9488],[74.8847,24.9498],[74.8899,24.9415],[74.9005,24.9397],[74.9026,24.9373],[74.9027,24.9347],[74.9043,24.9301],[74.9074,24.9287],[74.9129,24.9284],[74.911,24.9233],[74.9117,24.9189],[74.9069,24.9072],[74.9125,24.8991],[74.9162,24.8994],[74.9195,24.8948],[74.9201,24.8918],[74.9237,24.8921],[74.927,24.8904],[74.9295,24.8879],[74.9308,24.894],[74.9355,24.8952],[74.9397,24.8935],[74.9462,24.8939],[74.9487,24.8948],[74.9502,24.893],[74.9504,24.89],[74.9448,24.8779],[74.9488,24.8781],[74.9563,24.875],[74.9635,24.8741],[74.9717,24.8754],[74.9773,24.8775],[74.9842,24.8776],[74.9875,24.876],[74.991,24.875],[74.9977,24.8766],[75.0126,24.8741],[75.0151,24.8702],[75.0195,24.8669],[75.0229,24.8656],[75.0297,24.8605],[75.0341,24.8586],[75.0434,24.8592],[75.0511,24.8649],[75.0571,24.8711],[75.0599,24.8747],[75.0588,24.8777],[75.0563,24.8809],[75.0563,24.8819],[75.0593,24.8813],[75.0631,24.8775],[75.0662,24.8784],[75.0735,24.8873],[75.0769,24.8888],[75.0817,24.8891],[75.0853,24.8889],[75.0866,24.8866],[75.087,24.8835],[75.0883,24.8811],[75.0901,24.8797],[75.115,24.8871],[75.1189,24.889],[75.1194,24.8958],[75.1177,24.9052],[75.1149,24.9118],[75.1194,24.9181],[75.1177,24.9463],[75.1157,24.9536],[75.1153,24.9611],[75.1157,24.9654],[75.1191,24.9748],[75.1198,24.9758],[75.1335,24.9752],[75.1347,24.9777],[75.1366,24.9787],[75.1469,24.9796],[75.1491,24.9812],[75.1478,24.9816],[75.1343,24.9827],[75.138,24.9864],[75.1404,24.9871],[75.1439,24.9871],[75.1458,24.9864],[75.1522,24.9887],[75.1609,24.9876],[75.1613,24.9901],[75.1626,24.9917],[75.1644,24.9917],[75.1668,25.0061],[75.1692,25.01],[75.1686,25.0132],[75.1653,25.0223],[75.1592,25.0241],[75.1547,25.0289],[75.1563,25.0354],[75.1591,25.0455],[75.167,25.0442],[75.1738,25.0538],[75.1821,25.0476],[75.1853,25.0425],[75.1918,25.0384],[75.1944,25.0377],[75.1951,25.0375],[75.2006,25.0345],[75.2036,25.0388],[75.2055,25.0424],[75.2182,25.0414],[75.2271,25.0385],[75.2375,25.0419],[75.2446,25.0399],[75.2556,25.04],[75.266,25.0431],[75.2783,25.0447],[75.2926,25.0429],[75.3002,25.044],[75.3105,25.0461],[75.3227,25.0443],[75.3362,25.0449],[75.3456,25.0428],[75.3496,25.0417],[75.3542,25.0374],[75.3501,25.0333],[75.3536,25.0287],[75.3515,25.0252],[75.3506,25.0248],[75.3431,25.0223],[75.3295,25.0176],[75.3225,25.0134],[75.3189,25.0065],[75.3231,25.0009],[75.322,24.9961],[75.3221,24.9896],[75.3231,24.9822],[75.3264,24.9762],[75.3313,24.9761],[75.3337,24.9675],[75.3354,24.9647],[75.3375,24.9631],[75.3343,24.9506],[75.3288,24.9456],[75.3254,24.9381],[75.3175,24.9072],[75.3139,24.9004],[75.3121,24.8999],[75.3122,24.9111],[75.3083,24.9263],[75.3061,24.929],[75.3032,24.9306],[75.3023,24.9349],[75.3035,24.9402],[75.3027,24.9432],[75.3002,24.9468],[75.2943,24.9487],[75.2905,24.952],[75.2898,24.9561],[75.2878,24.9596],[75.2881,24.9626],[75.2856,24.9641],[75.2854,24.9767],[75.2759,24.9767],[75.2715,24.9682],[75.2684,24.9655],[75.2663,24.9619],[75.27,24.9563],[75.2717,24.9494],[75.2772,24.9479],[75.2758,24.9403],[75.2849,24.9371],[75.2879,24.9263],[75.2912,24.925],[75.2931,24.9232],[75.2919,24.9209],[75.2879,24.9205],[75.2848,24.9228],[75.2824,24.9225],[75.2787,24.9175],[75.278,24.9131],[75.2749,24.9143],[75.2741,24.917],[75.2717,24.9179],[75.267,24.9142],[75.2643,24.9073],[75.2608,24.9053],[75.2597,24.8998],[75.2615,24.8897],[75.2651,24.8882],[75.2727,24.8869],[75.2793,24.8846],[75.2881,24.8797],[75.2941,24.8714],[75.299,24.8703],[75.3113,24.8695],[75.3177,24.8752],[75.3212,24.8827],[75.326,24.887],[75.3353,24.8867],[75.3501,24.885],[75.372,24.878],[75.3987,24.8883],[75.4075,24.8919],[75.4142,24.893],[75.4242,24.8928],[75.4206,24.8816],[75.4206,24.8773],[75.4173,24.8686],[75.4171,24.8639],[75.4105,24.8612],[75.3997,24.8549],[75.364,24.8425],[75.3551,24.8374],[75.3441,24.8328],[75.3374,24.8337],[75.3302,24.8317],[75.3236,24.824],[75.3198,24.8178],[75.313,24.8135],[75.3057,24.8133],[75.3005,24.8152],[75.2984,24.8199],[75.2977,24.8264],[75.2942,24.8304],[75.2904,24.8409],[75.2838,24.85],[75.2789,24.8535],[75.2712,24.8564],[75.2598,24.8575],[75.2523,24.8595],[75.2477,24.8595],[75.2417,24.8609],[75.2341,24.8583],[75.2295,24.8575],[75.2274,24.8591],[75.2367,24.8709],[75.248,24.8809],[75.2499,24.8957],[75.2477,24.8999],[75.2444,24.902],[75.2412,24.9026],[75.2361,24.8993],[75.2306,24.8944],[75.2234,24.89],[75.2197,24.8922],[75.2214,24.9028],[75.2192,24.9065],[75.2126,24.9101],[75.2082,24.91],[75.2074,24.9046],[75.2082,24.8978],[75.2061,24.8916],[75.2029,24.8881],[75.2013,24.8842],[75.2067,24.8791],[75.2104,24.8714],[75.2185,24.8595],[75.2217,24.8582],[75.226,24.8549],[75.2255,24.851],[75.2277,24.8478],[75.2338,24.8466],[75.241,24.8469],[75.2462,24.8442],[75.2497,24.8408],[75.2519,24.8372],[75.2515,24.8322],[75.2495,24.8264],[75.2467,24.8218],[75.2413,24.8194],[75.2366,24.8202],[75.2225,24.819],[75.2174,24.8205],[75.2064,24.8099],[75.2036,24.8017],[75.2027,24.7963],[75.2036,24.7925],[75.2027,24.7888],[75.1953,24.7897],[75.1923,24.7887],[75.1895,24.7746],[75.1877,24.7701],[75.1855,24.7681],[75.1856,24.763],[75.1869,24.7603],[75.1956,24.76],[75.1982,24.7569],[75.2019,24.7461],[75.2169,24.7224],[75.2194,24.7231],[75.2214,24.7335],[75.2241,24.7355],[75.2284,24.7351],[75.2425,24.7305],[75.2495,24.7291],[75.262,24.7331],[75.2672,24.7327],[75.2858,24.7259],[75.3044,24.7207],[75.3509,24.7171],[75.3639,24.7095],[75.3781,24.7064],[75.3964,24.7046],[75.4197,24.7],[75.4375,24.6955],[75.4519,24.6932],[75.4835,24.6976],[75.5059,24.7094],[75.5275,24.7179],[75.5351,24.72],[75.5412,24.7167],[75.5485,24.7156],[75.5521,24.7138],[75.569,24.7199],[75.5819,24.7227],[75.6026,24.7013],[75.6094,24.69],[75.6133,24.6884],[75.634,24.6912],[75.6592,24.7017],[75.68,24.7278],[75.7118,24.7454],[75.7231,24.7501],[75.7308,24.7556],[75.7418,24.7604],[75.7597,24.7648],[75.7726,24.762],[75.7806,24.7632],[75.7862,24.7655],[75.8055,24.7563],[75.8278,24.7364],[75.8388,24.7299],[75.842,24.7175],[75.8337,24.686],[75.8315,24.6797],[75.8271,24.6715],[75.8282,24.6682],[75.8371,24.67],[75.8439,24.6693],[75.8486,24.6646],[75.8488,24.6531],[75.8439,24.6393],[75.8441,24.6347],[75.8462,24.6314],[75.8429,24.6261],[75.8381,24.6236],[75.8343,24.6238],[75.8304,24.62],[75.8281,24.6133],[75.8392,24.6087],[75.8354,24.5976],[75.8384,24.5957],[75.8423,24.6002],[75.845,24.6104],[75.8482,24.6112],[75.8525,24.6143],[75.8635,24.6129],[75.8657,24.6073],[75.8741,24.6071],[75.8767,24.5996],[75.8758,24.5908],[75.8844,24.5817],[75.8937,24.5817],[75.8977,24.5805],[75.9029,24.5768],[75.9111,24.5771],[75.9151,24.5746],[75.9174,24.5715],[75.9158,24.5674],[75.9132,24.5653],[75.9096,24.5645],[75.9078,24.5654],[75.9057,24.5606],[75.9066,24.5522],[75.907,24.5505],[75.9167,24.5467],[75.9205,24.5438],[75.925,24.5383],[75.925,24.5334],[75.922,24.5273],[75.9093,24.5149],[75.9029,24.5197],[75.9022,24.522],[75.8969,24.5223],[75.8926,24.5215],[75.8911,24.5096],[75.9055,24.5053],[75.9067,24.498],[75.9118,24.4924],[75.9125,24.4856],[75.9081,24.4781],[75.9073,24.4695],[75.9094,24.4636],[75.909,24.4561],[75.9034,24.4539],[75.9034,24.4461],[75.8986,24.4416],[75.8865,24.4369],[75.8752,24.4303],[75.8612,24.4233],[75.8473,24.419],[75.829,24.4225],[75.8241,24.4308],[75.8125,24.4368],[75.8096,24.4412],[75.8142,24.4481],[75.8165,24.4585],[75.8151,24.4651],[75.805,24.4728],[75.7956,24.4731],[75.7911,24.4752],[75.7868,24.4718],[75.7841,24.4647],[75.7861,24.4584],[75.7858,24.4551],[75.7836,24.4518],[75.7813,24.4539],[75.7762,24.4539],[75.7757,24.4483],[75.7682,24.4403],[75.7524,24.4316],[75.7487,24.4284],[75.7564,24.4277],[75.7558,24.4211],[75.7553,24.4093],[75.745,24.4071],[75.7433,24.405],[75.7358,24.4034],[75.7298,24.4036],[75.7283,24.4075],[75.7269,24.4053],[75.7297,24.3895],[75.7353,24.3944],[75.7386,24.3953],[75.7396,24.3889],[75.7383,24.3662],[75.7387,24.3613],[75.7418,24.3611],[75.7418,24.353],[75.7405,24.3497],[75.7379,24.348],[75.7563,24.3272],[75.7651,24.3107],[75.7709,24.3088],[75.781,24.3086],[75.79,24.3111],[75.7974,24.3143],[75.803,24.3123],[75.8112,24.3034],[75.813,24.3007],[75.811,24.298],[75.8168,24.2908],[75.8114,24.2847],[75.8129,24.2771],[75.8118,24.2704],[75.8185,24.2682],[75.8125,24.2607],[75.8127,24.2569],[75.8181,24.25],[75.8225,24.2473],[75.8269,24.2464],[75.8264,24.2426],[75.8213,24.241],[75.8166,24.2419],[75.8142,24.2396],[75.8106,24.242],[75.8078,24.2407],[75.8053,24.2297],[75.7995,24.2292],[75.7953,24.2269],[75.7919,24.2232],[75.7788,24.2244],[75.7735,24.2209],[75.7678,24.2075],[75.7697,24.1977],[75.7686,24.1933],[75.7637,24.1898],[75.7589,24.1796],[75.7583,24.1746],[75.7533,24.1643],[75.7507,24.1616],[75.7435,24.1396],[75.7594,24.1404],[75.7621,24.141],[75.7651,24.1366],[75.7732,24.1394],[75.7763,24.139],[75.7787,24.1347],[75.779,24.1246],[75.7832,24.1227],[75.7848,24.1183],[75.7896,24.1098],[75.8024,24.1183],[75.8083,24.1134],[75.8122,24.1029],[75.8306,24.1079],[75.8358,24.1114],[75.8359,24.104],[75.8327,24.0957],[75.8306,24.0816],[75.8314,24.0771],[75.8338,24.0754],[75.8295,24.072],[75.8207,24.0706],[75.8133,24.0716],[75.8073,24.0676],[75.789,24.0633],[75.7796,24.0621],[75.7777,24.0571],[75.7802,24.0363],[75.7778,24.0275],[75.7738,24.0191],[75.7713,24.0122],[75.7678,24.0117],[75.7632,24.014],[75.7609,24.0129],[75.7601,24.0084],[75.7642,24.0053],[75.7641,24.0046],[75.7643,24.0024],[75.762,23.998],[75.7553,23.9949],[75.7496,23.9951],[75.7476,23.9935],[75.7378,23.9953],[75.7374,23.9941],[75.7382,23.9882],[75.736,23.9848],[75.7363,23.9823],[75.7355,23.9806],[75.7331,23.9789],[75.7278,23.9795],[75.7265,23.9788],[75.7252,23.9745],[75.7233,23.9731],[75.7138,23.9721],[75.7004,23.9691],[75.6985,23.9701],[75.6979,23.9721],[75.6954,23.9859],[75.6965,23.9875],[75.6961,23.9904],[75.6931,23.9892],[75.6907,23.9895],[75.6864,23.9905],[75.6841,23.9931],[75.6835,23.9982],[75.6853,24.0023],[75.6843,24.0046],[75.6858,24.0179],[75.6823,24.017],[75.677,24.0201],[75.6727,24.0309],[75.6692,24.0335],[75.6594,24.0315],[75.6531,24.0276],[75.6477,24.0232],[75.6481,24.0207],[75.6459,24.0175],[75.6415,24.0184],[75.6392,24.0046],[75.6385,24.0028],[75.6347,23.9998],[75.6312,24.0003],[75.6305,23.9997],[75.6247,23.9988],[75.6117,23.9988],[75.6068,23.9963],[75.6041,23.9963],[75.5974,23.9986],[75.5926,23.9949],[75.59,23.9963],[75.5869,23.9956],[75.5838,23.9919],[75.5804,23.9943],[75.5778,23.9996],[75.576,24.0006],[75.5738,23.9985],[75.5693,23.9994],[75.5684,24.0011],[75.5688,24.0046],[75.5717,24.0174],[75.5669,24.0227],[75.5611,24.0236],[75.5526,24.0227],[75.5426,24.0256],[75.5319,24.0315],[75.5144,24.0487],[75.4918,24.0046],[75.4892,24.0003],[75.486,23.9983],[75.4806,23.9923],[75.4706,23.9872],[75.4672,23.9845],[75.4648,23.9807],[75.4624,23.9681],[75.4617,23.9534],[75.4606,23.9476],[75.4572,23.9382],[75.4564,23.9321],[75.4559,23.9254],[75.4565,23.9207],[75.4609,23.9173],[75.4768,23.9147],[75.4874,23.9108],[75.4996,23.9005],[75.4999,23.8969],[75.5041,23.8919],[75.5073,23.8906],[75.5167,23.8888],[75.5288,23.8803],[75.5379,23.8767],[75.5525,23.8652],[75.5572,23.8628],[75.5606,23.86],[75.5625,23.8581],[75.5654,23.8499],[75.5672,23.8476],[75.5731,23.8465],[75.5764,23.8433],[75.5762,23.8415],[75.5749,23.838],[75.5723,23.8348],[75.5693,23.8346],[75.5615,23.837],[75.5601,23.8369],[75.5566,23.8316],[75.5561,23.8259],[75.5585,23.8202],[75.5625,23.8169],[75.566,23.8157],[75.5728,23.8169],[75.5833,23.8152],[75.5845,23.814],[75.5849,23.8088],[75.5829,23.8038],[75.5825,23.8004],[75.5917,23.8024],[75.6061,23.8036],[75.608,23.8055],[75.6121,23.8066],[75.6166,23.806],[75.624,23.8005],[75.6259,23.8003],[75.637,23.8024],[75.6411,23.8023],[75.6437,23.8018],[75.6493,23.7994],[75.6518,23.8019],[75.6568,23.7918],[75.6591,23.7889],[75.6626,23.7882],[75.6675,23.7882],[75.6712,23.7868],[75.6744,23.7845],[75.6761,23.7821],[75.6791,23.7695],[75.6845,23.7606],[75.6852,23.7666],[75.6873,23.7733],[75.6901,23.776],[75.6967,23.7853],[75.6983,23.788],[75.6987,23.7918],[75.6945,23.7975],[75.694,23.8046],[75.6883,23.8141],[75.6869,23.8177],[75.6874,23.8193],[75.6902,23.8196],[75.7026,23.8171],[75.7088,23.8181],[75.7132,23.8165],[75.7157,23.8171],[75.7178,23.819],[75.7159,23.821],[75.7168,23.8221],[75.7208,23.8236],[75.7222,23.8269],[75.7187,23.8324],[75.7179,23.84],[75.7157,23.8456],[75.7179,23.847],[75.7207,23.8468],[75.724,23.848],[75.7264,23.8534],[75.7282,23.8551],[75.7291,23.8582],[75.7275,23.8645],[75.7175,23.8648],[75.7066,23.8682],[75.7047,23.8748],[75.7036,23.8754],[75.7013,23.875],[75.6981,23.8771],[75.6977,23.8877],[75.6986,23.8912],[75.7009,23.8949],[75.7009,23.9013],[75.7023,23.9041],[75.7071,23.9029],[75.7106,23.9004],[75.713,23.9],[75.7155,23.9015],[75.7228,23.9006],[75.7282,23.9021],[75.7313,23.9015],[75.7342,23.8995],[75.7365,23.8941],[75.7401,23.8942],[75.7497,23.89],[75.7571,23.8842],[75.7592,23.8813],[75.7599,23.862],[75.7616,23.8569],[75.7696,23.8544],[75.7771,23.8539],[75.7799,23.8547],[75.7839,23.8577],[75.7851,23.8598],[75.7851,23.8654],[75.791,23.8722],[75.7942,23.8743],[75.8027,23.8711],[75.8139,23.8743],[75.8179,23.8794],[75.8304,23.8848],[75.837,23.8813],[75.8397,23.8826],[75.8414,23.8884],[75.8534,23.8942],[75.8566,23.894],[75.8607,23.8956],[75.8635,23.8954],[75.8671,23.894],[75.8724,23.8882],[75.8786,23.8846],[75.8863,23.8886],[75.8888,23.8917],[75.8939,23.8931],[75.8966,23.8927],[75.9013,23.895],[75.9055,23.8961],[75.9212,23.9042],[75.927,23.9019],[75.9318,23.9019],[75.9381,23.9122],[75.9443,23.9162],[75.9466,23.9207],[75.9482,23.9223],[75.9665,23.9299],[75.9741,23.9315],[75.9758,23.9329],[75.976,23.939],[75.9809,23.943],[75.9798,23.9522],[75.9812,23.9624],[75.9802,23.9688],[75.9802,23.9744],[75.9782,23.9801],[75.9768,23.982],[75.9635,23.9917],[75.9613,23.9948],[75.9602,23.9975],[75.9609,24.0043],[75.9591,24.01],[75.9602,24.0254],[75.9734,24.0314],[75.9796,24.0321],[75.9798,24.031],[75.9901,24.0301],[75.9945,24.0319],[76.0003,24.0355],[76.0021,24.0352],[76.0089,24.0403],[76.0179,24.0446],[76.0267,24.0505],[76.033,24.0642],[76.04,24.0669],[76.0434,24.074],[76.047,24.0757],[76.0575,24.0779],[76.0637,24.0779],[76.0802,24.084],[76.0845,24.0821],[76.0908,24.0857],[76.099,24.0892],[76.1052,24.0959],[76.1086,24.0971],[76.1124,24.0965],[76.1233,24.0923],[76.1347,24.0953],[76.1347,24.0997],[76.1313,24.1066],[76.1301,24.1121],[76.1292,24.1189],[76.1307,24.1229],[76.1369,24.1313],[76.1344,24.1393],[76.1317,24.1439],[76.1305,24.1537],[76.1309,24.1691],[76.1289,24.1749],[76.1254,24.1781],[76.1206,24.1782],[76.12,24.1801],[76.1209,24.1836],[76.1213,24.1964],[76.1234,24.2054],[76.1316,24.2124],[76.1418,24.2238],[76.147,24.2278],[76.1524,24.2355],[76.1545,24.2438],[76.1498,24.261],[76.1484,24.264],[76.1455,24.2658],[76.1422,24.2812],[76.143,24.2853],[76.1467,24.2903],[76.1495,24.2922],[76.1627,24.2934],[76.1692,24.2961],[76.17,24.3034],[76.1726,24.3072],[76.1714,24.3103],[76.1721,24.3156],[76.1811,24.3249],[76.1855,24.3315],[76.19,24.33],[76.194,24.3209],[76.2025,24.3132],[76.2062,24.3109],[76.205,24.3057],[76.1991,24.2973],[76.1956,24.2901],[76.1947,24.2848],[76.2022,24.2768],[76.2044,24.269],[76.2036,24.2506],[76.2055,24.2418],[76.2062,24.2327],[76.2106,24.2228],[76.2156,24.2168],[76.2182,24.2174],[76.2234,24.2233],[76.2361,24.2239],[76.2405,24.2262],[76.2477,24.2279],[76.2518,24.2248],[76.2654,24.2215],[76.2764,24.2165],[76.2828,24.2157],[76.2872,24.2183],[76.2888,24.2256],[76.2896,24.237],[76.2939,24.2407],[76.3029,24.2444],[76.3101,24.2464],[76.3179,24.2511],[76.3269,24.2536],[76.335,24.254],[76.3442,24.2519],[76.353,24.2489],[76.3583,24.2461],[76.3612,24.2445],[76.3652,24.2413],[76.3735,24.2377],[76.3912,24.2256],[76.4001,24.2228],[76.4118,24.2096],[76.4144,24.2074],[76.4187,24.2083],[76.4225,24.2142],[76.4217,24.2207],[76.4181,24.2244],[76.4236,24.2269],[76.4295,24.2271],[76.436,24.225],[76.4418,24.2219],[76.4474,24.2177],[76.4532,24.2168],[76.4586,24.2209],[76.461,24.2254],[76.4634,24.2289],[76.4699,24.2314],[76.4746,24.2287],[76.4794,24.2175],[76.4844,24.215],[76.4969,24.212],[76.5018,24.209],[76.5054,24.2055],[76.5084,24.2002],[76.5105,24.179],[76.5133,24.1729],[76.5174,24.1666],[76.5232,24.1632],[76.5314,24.1635],[76.5358,24.1642],[76.5399,24.1667],[76.546,24.168],[76.5548,24.1682],[76.5625,24.1724],[76.5663,24.1765],[76.5727,24.1773],[76.5797,24.1807],[76.577,24.1913],[76.5698,24.1963],[76.567,24.1972],[76.5658,24.2008],[76.5673,24.2069],[76.5715,24.2135],[76.5859,24.2196],[76.5926,24.2239],[76.5974,24.2299],[76.5967,24.2353],[76.5875,24.246],[76.588,24.2496],[76.5932,24.2509],[76.6005,24.245],[76.6105,24.2415],[76.614,24.2422],[76.6163,24.2628],[76.6234,24.2646],[76.6301,24.2647],[76.6348,24.2641],[76.6401,24.2623],[76.6422,24.2662],[76.6425,24.2701],[76.6472,24.2724],[76.6582,24.2678],[76.6683,24.2674],[76.6708,24.271],[76.6787,24.2706],[76.6848,24.2827],[76.693,24.285],[76.6949,24.2823],[76.6933,24.274],[76.6948,24.2678],[76.6966,24.2612],[76.6997,24.2578],[76.7014,24.2544],[76.7025,24.2488],[76.6988,24.2451],[76.6952,24.2421],[76.6878,24.2325],[76.6849,24.2248],[76.6768,24.2105],[76.6742,24.1934],[76.6844,24.1886],[76.6894,24.1837],[76.6952,24.176],[76.7011,24.1714],[76.7125,24.1666],[76.7147,24.1642],[76.7207,24.1617],[76.7268,24.1651],[76.7294,24.1706],[76.7359,24.1718],[76.7494,24.1725],[76.755,24.1721],[76.7573,24.1697],[76.7595,24.1659],[76.7626,24.1642],[76.7689,24.1647],[76.7731,24.1588],[76.7756,24.1531],[76.7909,24.1258],[76.7972,24.1218],[76.8011,24.1203],[76.8147,24.1265],[76.8218,24.1267],[76.8277,24.1256],[76.8355,24.1313],[76.8423,24.1323],[76.8461,24.1361],[76.856,24.1389],[76.8663,24.1388],[76.8733,24.1398],[76.8766,24.1384],[76.8776,24.1349],[76.8863,24.1317],[76.8999,24.1311],[76.9058,24.1532],[76.9112,24.1769],[76.9149,24.1834],[76.9161,24.1887],[76.9272,24.1867],[76.9332,24.1869],[76.9439,24.1989],[76.9448,24.2033],[76.9444,24.2063],[76.9425,24.2084],[76.9369,24.2098],[76.9317,24.2095],[76.9283,24.2135],[76.9226,24.2168],[76.9193,24.2207],[76.9186,24.2264],[76.9165,24.232],[76.9112,24.2376],[76.9039,24.2417],[76.8974,24.2471],[76.8742,24.2711],[76.8699,24.2766],[76.8671,24.2809],[76.8636,24.2898],[76.8638,24.2938],[76.8626,24.2988],[76.8598,24.3053],[76.8588,24.3123],[76.8449,24.328],[76.8402,24.3387],[76.8389,24.3426],[76.8382,24.355],[76.837,24.3607],[76.8388,24.3647],[76.8491,24.3682],[76.8517,24.3702],[76.8523,24.3749],[76.848,24.3788],[76.8501,24.389],[76.8483,24.3963],[76.8424,24.4085],[76.8359,24.4166],[76.8377,24.4181],[76.8423,24.4182],[76.846,24.4193],[76.8493,24.4253],[76.8511,24.4354],[76.8507,24.4374],[76.8412,24.4428],[76.8379,24.4506],[76.8386,24.4542],[76.8459,24.4533],[76.8484,24.4588],[76.849,24.4644],[76.8513,24.4691],[76.8506,24.4739],[76.8463,24.4755],[76.8468,24.4876],[76.8453,24.4909],[76.8423,24.4937],[76.8353,24.4944],[76.8345,24.4983],[76.8281,24.5104],[76.8192,24.5246],[76.8144,24.5296],[76.8142,24.5323],[76.8146,24.5344],[76.819,24.5366],[76.8268,24.5388],[76.8311,24.5432],[76.8382,24.5485],[76.846,24.551],[76.8528,24.551],[76.8662,24.5494],[76.872,24.5459],[76.8741,24.5431],[76.8748,24.5405],[76.8729,24.532],[76.8757,24.5262],[76.8795,24.5253],[76.889,24.5268],[76.8936,24.5355],[76.8929,24.5397],[76.8978,24.5437],[76.8998,24.5478],[76.9024,24.5475],[76.9129,24.5436],[76.9157,24.5404],[76.9184,24.5356],[76.9188,24.53],[76.9189,24.5244],[76.9173,24.517],[76.9153,24.5114],[76.9146,24.4877],[76.9229,24.4807],[76.9308,24.4767],[76.9371,24.4724],[76.9411,24.4674],[76.9529,24.4639],[76.9602,24.4602],[76.9653,24.4609],[76.975,24.4649],[76.9775,24.472],[76.9797,24.4746],[76.9925,24.4734],[76.9982,24.4755],[77.0015,24.4779],[77.0026,24.4835],[77.0069,24.4876],[77.005,24.4894],[77.0047,24.492],[77.006,24.4939],[77.0087,24.4949],[77.0123,24.4944],[77.0159,24.4949],[77.0207,24.4979],[77.0241,24.5013],[77.0248,24.517],[77.0267,24.5214],[77.0291,24.5238],[77.03,24.5271],[77.032,24.5288],[77.039,24.5266],[77.0503,24.5265],[77.0509,24.5371],[77.052,24.5413],[77.0534,24.5442],[77.0615,24.5548],[77.0643,24.5641],[77.0647,24.5699],[77.0636,24.5853],[77.0585,24.5948],[77.0583,24.6012],[77.0603,24.6061],[77.0611,24.6105],[77.0611,24.6246],[77.0603,24.6377],[77.0595,24.6424],[77.0541,24.6541],[77.0489,24.6613],[77.037,24.6828],[77.0349,24.6886],[77.0345,24.6985],[77.0335,24.7029],[77.0267,24.7109],[77.0227,24.7137],[77.0192,24.715],[77.0141,24.7154],[77.0042,24.7137],[76.9921,24.7174],[76.9823,24.7249],[76.972,24.7317],[76.9685,24.7361],[76.9653,24.7441],[76.9638,24.7505],[76.9633,24.7596],[76.9563,24.7643],[76.9517,24.7655],[76.9458,24.764],[76.9217,24.7488],[76.9094,24.7468],[76.9033,24.746],[76.8983,24.7478],[76.8969,24.7506],[76.8867,24.7542],[76.8681,24.7496],[76.8608,24.7487],[76.8473,24.7504],[76.845,24.7521],[76.847,24.7651],[76.8467,24.77],[76.8359,24.7851],[76.8258,24.7934],[76.8157,24.8037],[76.8087,24.815],[76.8041,24.8166],[76.8016,24.8198],[76.8007,24.8246],[76.8023,24.8266],[76.8112,24.8282],[76.8167,24.8325],[76.8231,24.8349],[76.8271,24.8384],[76.8316,24.8402],[76.8375,24.8411],[76.8422,24.8401],[76.8513,24.8402],[76.8575,24.841],[76.8633,24.8417],[76.8781,24.8396],[76.895,24.8395],[76.9084,24.8451],[76.9115,24.8476],[76.9151,24.8487],[76.9265,24.8498],[76.9332,24.8539],[76.9431,24.8601],[76.9443,24.8655],[76.9466,24.8683],[76.9489,24.8729],[76.9467,24.8742],[76.9432,24.8746],[76.9419,24.8747],[76.9357,24.8787],[76.934,24.8843],[76.9218,24.8837],[76.9175,24.8848],[76.9139,24.8879],[76.9122,24.8931],[76.9127,24.8972],[76.9158,24.9012],[76.9203,24.9049],[76.9246,24.9104],[76.9235,24.9143],[76.9209,24.9168],[76.9074,24.9233],[76.8912,24.9197],[76.8902,24.9231],[76.8925,24.9291],[76.8932,24.9354],[76.8797,24.9458],[76.8752,24.951],[76.8721,24.9546],[76.8734,24.9576],[76.8716,24.9613],[76.8673,24.9654],[76.8664,24.9718],[76.8697,24.9919],[76.8687,24.9975],[76.8681,25.0014],[76.8595,25.0069],[76.8543,25.0103],[76.8606,25.0104],[76.8693,25.0111],[76.8745,25.0131],[76.8768,25.0161],[76.8768,25.018],[76.8767,25.0199],[76.8783,25.0258],[76.882,25.0341],[76.9011,25.034],[76.9098,25.0357],[76.9177,25.04],[76.9299,25.0416],[76.9535,25.0485],[76.9613,25.054],[76.9687,25.0559],[76.9713,25.0606],[76.9718,25.0668],[76.9747,25.0707],[76.9837,25.0776],[76.9937,25.08],[77.0003,25.0797],[77.006,25.0786],[77.0124,25.0749],[77.0176,25.0722],[77.0204,25.0714],[77.0247,25.0718],[77.0293,25.0719],[77.0393,25.0681],[77.0443,25.0658],[77.0549,25.0633],[77.0613,25.0614],[77.068,25.0597],[77.0772,25.058],[77.0843,25.0626],[77.0904,25.0664],[77.1025,25.0692],[77.1145,25.0691],[77.1283,25.0891],[77.1402,25.0962],[77.1405,25.0909],[77.1577,25.0883],[77.1646,25.0986],[77.1628,25.1097],[77.1696,25.1137],[77.1831,25.1118],[77.1888,25.1118],[77.1974,25.1167],[77.2058,25.1124],[77.2208,25.1102],[77.2416,25.1127],[77.2623,25.1193],[77.2756,25.1121],[77.2844,25.1042],[77.2913,25.0941],[77.2959,25.0871],[77.3029,25.0839],[77.307,25.0858],[77.3099,25.0864],[77.3139,25.0876],[77.3204,25.0907],[77.328,25.0934],[77.3324,25.0966],[77.3487,25.0978],[77.3571,25.1016],[77.3608,25.1043],[77.3685,25.1085],[77.3684,25.1141],[77.3752,25.1168],[77.3867,25.122],[77.3923,25.1174],[77.3932,25.1153],[77.3955,25.112],[77.3985,25.1133],[77.3981,25.1164],[77.3939,25.1233],[77.3886,25.1273],[77.3869,25.133],[77.3874,25.1381],[77.3893,25.151],[77.3892,25.1599],[77.3896,25.1684],[77.3913,25.1747],[77.3913,25.1796],[77.3907,25.1882],[77.4031,25.1865],[77.4077,25.1901],[77.4148,25.1894],[77.418,25.193],[77.4137,25.1995],[77.4113,25.2066],[77.4095,25.2124],[77.4064,25.2263],[77.4008,25.2277],[77.3916,25.2311],[77.38,25.2454],[77.3756,25.249],[77.3705,25.251],[77.3627,25.2501],[77.362,25.2559],[77.3603,25.2609],[77.3567,25.2658],[77.3497,25.2718],[77.36,25.2802],[77.363,25.2838],[77.3667,25.2854],[77.3695,25.2885],[77.3726,25.2943],[77.3734,25.2994],[77.3738,25.3002],[77.3748,25.3059],[77.3746,25.3106],[77.3736,25.3155],[77.3718,25.3202],[77.3689,25.3246],[77.3658,25.3285],[77.3638,25.333],[77.3532,25.3323],[77.3493,25.3241],[77.3364,25.3256],[77.3439,25.3374],[77.3551,25.3644],[77.356,25.3679],[77.3538,25.3695],[77.3517,25.3724],[77.3484,25.3756],[77.3447,25.3798],[77.3447,25.3833],[77.3443,25.3879],[77.3461,25.3925],[77.3497,25.3984],[77.354,25.4036],[77.3576,25.4093],[77.3613,25.413],[77.3543,25.424],[77.3437,25.4224],[77.3371,25.4248],[77.3292,25.4286],[77.3169,25.4328],[77.3053,25.4364],[77.2956,25.4317],[77.283,25.4236],[77.273,25.412],[77.26,25.3995],[77.2496,25.3949],[77.2442,25.3896],[77.2347,25.3851],[77.2256,25.3792],[77.2203,25.3734],[77.2211,25.3611],[77.217,25.3493],[77.2174,25.3372],[77.218,25.3313],[77.215,25.3245],[77.2104,25.3245],[77.2094,25.3286],[77.2132,25.3318],[77.2107,25.3337],[77.2053,25.333],[77.1982,25.3305],[77.1986,25.3246],[77.2003,25.3187],[77.2051,25.3114],[77.1974,25.311],[77.1906,25.3117],[77.1821,25.3133],[77.1734,25.3152],[77.1678,25.3155],[77.1616,25.3137],[77.1536,25.3132],[77.149,25.3154],[77.1363,25.3241],[77.1289,25.3254],[77.1214,25.3313],[77.1158,25.3351],[77.1081,25.3353],[77.1018,25.3351],[77.0926,25.3373],[77.0831,25.3398],[77.0755,25.3397],[77.0714,25.3358],[77.0679,25.3297],[77.0635,25.3242],[77.0583,25.3219],[77.053,25.3207],[77.0482,25.3211],[77.0448,25.3225],[77.0394,25.3251],[77.038,25.3194],[77.0341,25.3119],[77.0242,25.3011],[77.0176,25.3016],[77.0101,25.3015],[77.0034,25.3018],[76.9927,25.3018],[76.9587,25.2972],[76.9567,25.2914],[76.9553,25.2846],[76.9527,25.2786],[76.9484,25.2765],[76.9418,25.2754],[76.9339,25.2759],[76.9287,25.2792],[76.9326,25.2875],[76.9292,25.2973],[76.923,25.3014],[76.9154,25.309],[76.9046,25.3179],[76.8932,25.3224],[76.8816,25.3229],[76.8726,25.3243],[76.867,25.3252],[76.8537,25.3297],[76.843,25.3305],[76.8398,25.3293],[76.8335,25.3269],[76.8261,25.327],[76.8217,25.3271],[76.7953,25.3218],[76.7728,25.3159],[76.7701,25.3122],[76.7598,25.3227],[76.7623,25.328],[76.7658,25.332],[76.7667,25.333],[76.7667,25.3362],[76.7587,25.3387],[76.7537,25.3393],[76.7404,25.3478],[76.732,25.3479],[76.7223,25.3459],[76.7145,25.3424],[76.7032,25.3476],[76.6811,25.3455],[76.6728,25.35],[76.6648,25.3575],[76.6575,25.3614],[76.6436,25.3764],[76.6363,25.3803],[76.6255,25.3751],[76.6226,25.3768],[76.6192,25.3787],[76.6169,25.3816],[76.6149,25.3841],[76.6096,25.3883],[76.6059,25.3887],[76.6025,25.389],[76.5991,25.4053],[76.589,25.4315],[76.583,25.4357],[76.5743,25.4367],[76.5643,25.4424],[76.5607,25.4499],[76.5596,25.4733],[76.5563,25.4798],[76.5507,25.4843],[76.5467,25.4897],[76.5421,25.4974],[76.5402,25.5057],[76.5379,25.5102],[76.5346,25.5135],[76.5285,25.5177],[76.5226,25.5243],[76.5203,25.5299],[76.5225,25.5415],[76.5222,25.5504],[76.5203,25.5569],[76.5163,25.5655],[76.5124,25.5718],[76.5098,25.5798],[76.5099,25.5872],[76.5158,25.607],[76.5147,25.6337],[76.5108,25.6382],[76.5054,25.6382],[76.5008,25.6433],[76.4994,25.6483],[76.5108,25.6728],[76.5078,25.6761],[76.4891,25.6834],[76.4818,25.6894],[76.4778,25.6951],[76.4779,25.706],[76.4824,25.7181],[76.503,25.7286],[76.5108,25.73],[76.5266,25.731],[76.5306,25.734],[76.5304,25.7437],[76.5222,25.7663],[76.5227,25.7743],[76.5293,25.798],[76.5355,25.8092],[76.5416,25.8174],[76.5495,25.825],[76.5668,25.8397],[76.5853,25.8677],[76.5927,25.8742],[76.5975,25.8765],[76.6165,25.8713],[76.6266,25.8709],[76.6317,25.8752],[76.6356,25.8959],[76.6383,25.9015],[76.6414,25.9063],[76.6461,25.9089],[76.6566,25.9108],[76.6744,25.9118],[76.6841,25.9102],[76.6965,25.9071],[76.7055,25.9035],[76.7145,25.901],[76.7222,25.9003],[76.7333,25.9025],[76.7455,25.9092],[76.7556,25.9162],[76.7624,25.9221],[76.7628,25.9253],[76.7568,25.9284],[76.7534,25.9322],[76.7528,25.9358],[76.7536,25.9396],[76.7559,25.9417],[76.7607,25.9425],[76.7768,25.9394],[76.7859,25.9405],[76.7948,25.9442],[76.8063,25.953],[76.8162,25.9671],[76.8189,25.9713],[76.818,25.9843],[76.8198,25.9887],[76.8233,25.9927],[76.8296,25.9959],[76.8371,26.002],[76.8402,26.0113],[76.8304,26.0296],[76.8381,26.0364],[76.8457,26.0403],[76.8518,26.0435],[76.8577,26.0486],[76.8639,26.0517],[76.8704,26.0564],[76.8726,26.0641],[76.877,26.0721],[76.8822,26.0786],[76.8829,26.0864],[76.8878,26.0933],[76.8953,26.098],[76.9063,26.1011],[76.9183,26.1026],[76.929,26.1027],[76.9387,26.1061],[76.9419,26.1081],[76.9535,26.1153],[76.9686,26.124],[76.986,26.1324],[76.9945,26.1378],[76.9965,26.1477],[76.9997,26.1526],[77.0048,26.1592],[77.0077,26.1606],[77.0112,26.1653],[77.0239,26.1762],[77.0347,26.1819],[77.045,26.1849],[77.0526,26.1862],[77.0589,26.1854],[77.0689,26.1854],[77.0846,26.1872],[77.0917,26.1909],[77.0964,26.1954],[77.0982,26.2023],[77.1051,26.2091],[77.1059,26.2194],[77.1094,26.2251],[77.1136,26.2314],[77.124,26.238],[77.1295,26.2397],[77.1433,26.2382],[77.1528,26.238],[77.158,26.2385],[77.1613,26.2422],[77.1649,26.2445],[77.1702,26.2445],[77.1775,26.2391],[77.1845,26.2368],[77.1945,26.236],[77.2031,26.2374],[77.2084,26.2442],[77.2378,26.2627],[77.2514,26.267],[77.267,26.2762],[77.2899,26.2956],[77.3082,26.315],[77.3085,26.3216],[77.3118,26.3338],[77.318,26.3464],[77.3241,26.3481],[77.327,26.3472],[77.3294,26.3481],[77.3347,26.3572],[77.3467,26.3604],[77.3603,26.3695],[77.3662,26.3715],[77.3789,26.3638],[77.3829,26.3624],[77.3859,26.3624],[77.3945,26.3667],[77.4018,26.3687],[77.4078,26.369],[77.4155,26.3681],[77.4324,26.365],[77.4368,26.3681],[77.4394,26.373],[77.4397,26.3787],[77.4337,26.3875],[77.4264,26.3955],[77.4254,26.4021],[77.4277,26.4069],[77.4341,26.4092],[77.459,26.4112],[77.475,26.4146],[77.4939,26.4136],[77.5059,26.4129],[77.5229,26.4149],[77.5299,26.418],[77.5372,26.4235],[77.5425,26.4295],[77.5472,26.4363],[77.5515,26.4406],[77.5591,26.4408],[77.5691,26.4431],[77.5791,26.4511],[77.5991,26.4542],[77.6087,26.4593],[77.6154,26.4665],[77.6167,26.4719],[77.6201,26.477],[77.6267,26.483],[77.6394,26.4892],[77.6464,26.4938],[77.6547,26.4972],[77.6677,26.5083],[77.671,26.5097],[77.678,26.5055],[77.686,26.5026],[77.695,26.5009],[77.714,26.5042],[77.721,26.5085],[77.727,26.5154],[77.7307,26.5299],[77.7394,26.5427],[77.7443,26.5452],[77.75,26.5467],[77.758,26.5506],[77.767,26.5535],[77.783,26.5526],[77.7977,26.5503],[77.8043,26.5514],[77.813,26.5548],[77.8177,26.5602],[77.8247,26.5727],[77.8244,26.5844],[77.8184,26.5939],[77.8204,26.5998],[77.8254,26.6052],[77.8341,26.6118],[77.8424,26.6152],[77.8514,26.616],[77.8704,26.6186],[77.8794,26.6203],[77.8888,26.6328],[77.8902,26.6405],[77.8909,26.6545],[77.8946,26.6622],[77.9036,26.6662],[77.9239,26.665],[77.9399,26.6627],[77.9479,26.665],[77.9536,26.6694],[77.9605,26.6715],[77.9688,26.6766],[77.9757,26.6833],[77.9886,26.7],[77.9922,26.7026],[78.0119,26.7001],[78.0192,26.6976],[78.0316,26.6913],[78.0431,26.6911],[78.0491,26.6898],[78.0562,26.6859],[78.0609,26.6818],[78.0651,26.6796],[78.0694,26.6785],[78.0754,26.6782],[78.0786,26.6803],[78.0857,26.6831],[78.0881,26.6867],[78.089,26.7007],[78.0865,26.7245],[78.0868,26.7318],[78.0891,26.7381],[78.096,26.7438],[78.1117,26.7497],[78.1161,26.7546],[78.1148,26.7588],[78.111,26.7621],[78.1005,26.7664],[78.0971,26.7694],[78.0957,26.7718],[78.0944,26.7834],[78.0954,26.7894],[78.0998,26.797],[78.1055,26.8008],[78.1129,26.8026],[78.119,26.8026],[78.1313,26.7992],[78.1405,26.7936],[78.1458,26.7917],[78.1598,26.7911],[78.1761,26.7915],[78.1798,26.7936],[78.1804,26.797],[78.1794,26.8012],[78.1634,26.8199],[78.1609,26.827],[78.1636,26.8299],[78.1676,26.832],[78.1733,26.8326],[78.1796,26.831],[78.1921,26.8298],[78.2028,26.8323],[78.2098,26.8361],[78.217,26.8377],[78.223,26.8372],[78.2368,26.8317],[78.2475,26.8239],[78.2556,26.8203],[78.2609,26.8209],[78.2653,26.8247],[78.2668,26.8328],[78.2665,26.841],[78.2678,26.8497],[78.2708,26.8556],[78.2762,26.8605],[78.2821,26.8641],[78.2947,26.8683],[78.302,26.8691],[78.316,26.8694],[78.3238,26.8686],[78.3412,26.874],[78.3514,26.8744],[78.3625,26.8713],[78.3646,26.8688]]]}}]}