{"type":"FeatureCollection","name":"Maharashtra","crs":{"type":"name","properties":{"name":"urn:ogc:def:crs:OGC:1.3:CRS84"}},"features":[{"type":"Feature","properties":{"ID_0":105,"ISO":"IND","NAME_0":"India","ID_1":21,"NAME_1":"Maharashtra","TYPE_1":"State","ENGTYPE_1":"State","NL_NAME_1":null,"VARNAME_1":null},"geometry":{"type":"MultiPolygon","coordinates":[[[[73.456,15.8899],[73.456,15.8896],[73.4563,15.8896],[73.4563,15.8893],[73.4565,15.8893],[73.4565,15.8888],[73.4568,15.8888],[73.4568,15.8871],[73.4563,15.8871],[73.4563,15.8874],[73.456,15.8874],[73.456,15.8876],[73.4557,15.8876],[73.4557,15.8879],[73.4554,15.8879],[73.4554,15.8882],[73.4549,15.8882],[73.4549,15.8885],[73.4546,15.8885],[73.4546,15.8896],[73.4549,15.8896],[73.4549,15.8899],[73.456,15.8899]]],[[[73.4626,15.8904],[73.4626,15.8902],[73.4635,15.8902],[73.4635,15.8899],[73.464,15.8899],[73.464,15.8896],[73.4643,15.8896],[73.4643,15.8887],[73.4646,15.8888],[73.4646,15.8871],[73.4643,15.8871],[73.4643,15.8868],[73.4638,15.8868],[73.4638,15.8871],[73.4635,15.8871],[73.4635,15.8879],[73.4632,15.8879],[73.4632,15.8885],[73.4626,15.8885],[73.4626,15.8888],[73.4618,15.8888],[73.4618,15.889],[73.4615,15.889],[73.4615,15.8899],[73.4618,15.8899],[73.4618,15.8902],[73.4621,15.8902],[73.4621,15.8904],[73.4626,15.8904]]],[[[73.4662,15.896],[73.4662,15.8957],[73.4668,15.8957],[73.4668,15.8954],[73.4671,15.8954],[73.4671,15.8951],[73.4674,15.8951],[73.4674,15.8946],[73.4676,15.8946],[73.4676,15.894],[73.4674,15.894],[73.4674,15.8935],[73.4662,15.8935],[73.4662,15.8938],[73.466,15.8938],[73.466,15.894],[73.4657,15.894],[73.4657,15.8943],[73.4654,15.8943],[73.4654,15.8949],[73.4651,15.8949],[73.4651,15.8957],[73.4654,15.8957],[73.4654,15.896],[73.4662,15.896]]],[[[73.4601,16.0457],[73.4601,16.0454],[73.4604,16.0454],[73.4604,16.0451],[73.461,16.0451],[73.461,16.0449],[73.4615,16.0449],[73.4615,16.0446],[73.4621,16.0446],[73.4621,16.0443],[73.4624,16.0443],[73.4624,16.0435],[73.4621,16.0435],[73.4621,16.0432],[73.4618,16.0432],[73.4618,16.0429],[73.4615,16.0429],[73.4615,16.0413],[73.4618,16.0413],[73.4618,16.0407],[73.4621,16.0407],[73.4621,16.0404],[73.4618,16.0404],[73.4618,16.0396],[73.4615,16.0396],[73.4615,16.039],[73.4613,16.039],[73.4613,16.0388],[73.4604,16.0388],[73.4604,16.039],[73.4599,16.039],[73.4599,16.0393],[73.4596,16.0393],[73.4596,16.0396],[73.4593,16.0396],[73.4593,16.0399],[73.459,16.0399],[73.459,16.0401],[73.4585,16.0401],[73.4585,16.0404],[73.4574,16.0404],[73.4574,16.0407],[73.4571,16.0407],[73.4571,16.0418],[73.4574,16.0418],[73.4574,16.0426],[73.4576,16.0426],[73.4576,16.0432],[73.4579,16.0432],[73.4579,16.0435],[73.4582,16.0435],[73.4582,16.044],[73.4585,16.044],[73.4585,16.0443],[73.4587,16.0443],[73.4587,16.0457],[73.4601,16.0457]]],[[[73.4432,16.1026],[73.4432,16.1024],[73.4435,16.1024],[73.4435,16.1021],[73.4437,16.1021],[73.4437,16.1018],[73.444,16.1018],[73.444,16.1015],[73.4443,16.1015],[73.4443,16.1001],[73.444,16.1001],[73.444,16.0999],[73.4437,16.0999],[73.4437,16.0996],[73.4435,16.0996],[73.4435,16.0999],[73.4432,16.0999],[73.4432,16.1001],[73.4429,16.1001],[73.4429,16.1004],[73.4426,16.1004],[73.4426,16.101],[73.4424,16.101],[73.4424,16.1026],[73.4432,16.1026]]],[[[73.0843,17.8188],[73.0843,17.8185],[73.0846,17.8185],[73.0846,17.8182],[73.0849,17.8182],[73.0849,17.8179],[73.0851,17.8179],[73.0851,17.8176],[73.0854,17.8176],[73.0854,17.8174],[73.0857,17.8174],[73.0857,17.8171],[73.086,17.8171],[73.086,17.8165],[73.0857,17.8165],[73.0857,17.8157],[73.0854,17.8157],[73.0854,17.8149],[73.0849,17.8149],[73.0849,17.8146],[73.0846,17.8146],[73.0846,17.8143],[73.0837,17.8143],[73.0837,17.814],[73.0835,17.814],[73.0835,17.8143],[73.0832,17.8143],[73.0832,17.8154],[73.0835,17.8154],[73.0835,17.8157],[73.0832,17.8157],[73.0832,17.8165],[73.0829,17.8165],[73.0829,17.8171],[73.0826,17.8171],[73.0826,17.8174],[73.0824,17.8174],[73.0824,17.8182],[73.0826,17.8182],[73.0826,17.8185],[73.0832,17.8185],[73.0832,17.8188],[73.0843,17.8188]]],[[[73.0382,18.0521],[73.0382,18.0515],[73.0385,18.0515],[73.0385,18.051],[73.0387,18.051],[73.0387,18.0501],[73.0376,18.0501],[73.0376,18.0504],[73.0368,18.0504],[73.0368,18.0507],[73.0365,18.0507],[73.0365,18.0515],[73.0368,18.0515],[73.0368,18.0518],[73.0379,18.0518],[73.0379,18.0521],[73.0382,18.0521]]],[[[72.966,18.3013],[72.966,18.3001],[72.9665,18.3001],[72.9665,18.2999],[72.9668,18.2999],[72.9668,18.2996],[72.9671,18.2996],[72.9671,18.2993],[72.9668,18.2993],[72.9668,18.299],[72.9665,18.299],[72.9665,18.2988],[72.966,18.2988],[72.966,18.2985],[72.9635,18.2985],[72.9635,18.299],[72.9632,18.299],[72.9632,18.2993],[72.9629,18.2993],[72.9629,18.2999],[72.9626,18.2999],[72.9626,18.3001],[72.9629,18.3001],[72.9629,18.3007],[72.9638,18.3007],[72.9638,18.301],[72.9649,18.301],[72.9649,18.3013],[72.966,18.3013]]],[[[73.079,18.3104],[73.079,18.3101],[73.0793,18.3101],[73.0793,18.3099],[73.0796,18.3099],[73.0796,18.3093],[73.0799,18.3093],[73.0799,18.309],[73.0796,18.309],[73.0796,18.3087],[73.0799,18.3087],[73.0799,18.3085],[73.0796,18.3085],[73.0796,18.3071],[73.0793,18.3071],[73.0793,18.3062],[73.079,18.3062],[73.079,18.306],[73.0785,18.306],[73.0785,18.3057],[73.0779,18.3057],[73.0779,18.3054],[73.0777,18.3054],[73.0777,18.3051],[73.0771,18.3051],[73.0771,18.3049],[73.0762,18.3049],[73.0762,18.3054],[73.076,18.3054],[73.076,18.3057],[73.0757,18.3057],[73.0757,18.306],[73.0754,18.306],[73.0754,18.3065],[73.0757,18.3065],[73.0757,18.3079],[73.0762,18.3079],[73.0762,18.3085],[73.0768,18.3085],[73.0768,18.3087],[73.0771,18.3087],[73.0771,18.3093],[73.0777,18.3093],[73.0777,18.3099],[73.0779,18.3099],[73.0779,18.3101],[73.0785,18.3101],[73.0785,18.3104],[73.079,18.3104]]],[[[73.0821,18.3221],[73.0821,18.3213],[73.0824,18.3213],[73.0824,18.321],[73.0821,18.321],[73.0821,18.319],[73.0818,18.319],[73.0818,18.3188],[73.0813,18.3188],[73.0813,18.319],[73.0804,18.319],[73.0804,18.3196],[73.0807,18.3196],[73.0807,18.3201],[73.081,18.3201],[73.081,18.3207],[73.0813,18.3207],[73.0813,18.3215],[73.0815,18.3215],[73.0815,18.3218],[73.0818,18.3218],[73.0818,18.3221],[73.0821,18.3221]]],[[[72.8649,18.6357],[72.8649,18.6351],[72.8651,18.6351],[72.8651,18.6346],[72.8654,18.6346],[72.8654,18.634],[72.8651,18.634],[72.8651,18.6335],[72.8649,18.6335],[72.8649,18.6332],[72.864,18.6332],[72.864,18.6326],[72.8635,18.6326],[72.8635,18.6335],[72.8637,18.6335],[72.8637,18.6338],[72.864,18.6338],[72.864,18.6349],[72.8643,18.6349],[72.8643,18.6357],[72.8649,18.6357]]],[[[72.8126,18.7065],[72.8126,18.7063],[72.8129,18.7063],[72.8129,18.706],[72.8132,18.706],[72.8132,18.7054],[72.8138,18.7054],[72.8138,18.7051],[72.814,18.7051],[72.814,18.7049],[72.8146,18.7049],[72.8146,18.7046],[72.8149,18.7046],[72.8149,18.7038],[72.8151,18.7038],[72.8151,18.7029],[72.8143,18.7029],[72.8143,18.7026],[72.8138,18.7026],[72.8138,18.7024],[72.8126,18.7024],[72.8126,18.7029],[72.8124,18.7029],[72.8124,18.7035],[72.8121,18.7035],[72.8121,18.7049],[72.8118,18.7049],[72.8118,18.706],[72.8121,18.706],[72.8121,18.7065],[72.8126,18.7065]]],[[[72.8426,18.7085],[72.8426,18.7082],[72.8429,18.7082],[72.8429,18.7074],[72.8426,18.7074],[72.8426,18.7063],[72.8424,18.7063],[72.8424,18.7057],[72.8421,18.7057],[72.8421,18.7051],[72.8412,18.7051],[72.8412,18.7063],[72.8415,18.7063],[72.8415,18.7071],[72.8418,18.7071],[72.8418,18.7082],[72.8421,18.7082],[72.8421,18.7085],[72.8426,18.7085]]],[[[72.9015,18.9643],[72.9015,18.964],[72.9021,18.964],[72.9021,18.9638],[72.9026,18.9638],[72.9026,18.9635],[72.9035,18.9635],[72.9035,18.9632],[72.9037,18.9632],[72.9037,18.9615],[72.904,18.9615],[72.904,18.961],[72.9049,18.961],[72.9049,18.9613],[72.9057,18.9613],[72.9057,18.9607],[72.906,18.9607],[72.906,18.9601],[72.9063,18.9601],[72.9063,18.9593],[72.9065,18.9593],[72.9065,18.9587],[72.9076,18.9587],[72.9076,18.9593],[72.9079,18.9593],[72.9079,18.9596],[72.9085,18.9596],[72.9085,18.9585],[72.9088,18.9585],[72.9088,18.9557],[72.9085,18.9557],[72.9085,18.9538],[72.9088,18.9538],[72.9088,18.9532],[72.9076,18.9532],[72.9076,18.954],[72.9079,18.954],[72.9079,18.9551],[72.9076,18.9551],[72.9076,18.956],[72.9079,18.956],[72.9079,18.9574],[72.9076,18.9574],[72.9076,18.9579],[72.906,18.9579],[72.906,18.9574],[72.9051,18.9574],[72.9051,18.9571],[72.904,18.9571],[72.904,18.9568],[72.9037,18.9568],[72.9037,18.9565],[72.9035,18.9565],[72.9035,18.956],[72.9032,18.956],[72.9032,18.9554],[72.9026,18.9554],[72.9026,18.9546],[72.9024,18.9546],[72.9024,18.954],[72.9021,18.954],[72.9021,18.9532],[72.9018,18.9532],[72.9018,18.9521],[72.9015,18.9521],[72.9015,18.9507],[72.9013,18.9507],[72.9013,18.9493],[72.901,18.9493],[72.901,18.9476],[72.9007,18.9476],[72.9007,18.9451],[72.9004,18.9451],[72.9004,18.9435],[72.9015,18.9435],[72.9015,18.9429],[72.9013,18.9429],[72.9013,18.9426],[72.901,18.9426],[72.901,18.9424],[72.9007,18.9424],[72.9007,18.9421],[72.9004,18.9421],[72.9004,18.9415],[72.9001,18.9415],[72.9001,18.9412],[72.8996,18.9412],[72.8996,18.941],[72.8988,18.941],[72.8988,18.9418],[72.899,18.9418],[72.899,18.9426],[72.8993,18.9426],[72.8993,18.9443],[72.8996,18.9443],[72.8996,18.9463],[72.8999,18.9463],[72.8999,18.9479],[72.9001,18.9479],[72.9001,18.9496],[72.9004,18.9496],[72.9004,18.9512],[72.9007,18.9512],[72.9007,18.9526],[72.901,18.9526],[72.901,18.9543],[72.9013,18.9543],[72.9013,18.9551],[72.9015,18.9551],[72.9015,18.9557],[72.9018,18.9557],[72.9018,18.9563],[72.9021,18.9563],[72.9021,18.9568],[72.9024,18.9568],[72.9024,18.9579],[72.9021,18.9579],[72.9021,18.9585],[72.9018,18.9585],[72.9018,18.9587],[72.9015,18.9587],[72.9015,18.959],[72.9013,18.959],[72.9013,18.9593],[72.901,18.9593],[72.901,18.9596],[72.9007,18.9596],[72.9007,18.9599],[72.9004,18.9599],[72.9004,18.9601],[72.8996,18.9601],[72.8996,18.9613],[72.8993,18.9613],[72.8993,18.9618],[72.899,18.9618],[72.899,18.9621],[72.8993,18.9621],[72.8993,18.9624],[72.8996,18.9624],[72.8996,18.9629],[72.8999,18.9629],[72.8999,18.9632],[72.9001,18.9632],[72.9001,18.9638],[72.9004,18.9638],[72.9004,18.9643],[72.9015,18.9643]]],[[[72.939,18.9724],[72.939,18.9721],[72.9396,18.9721],[72.9396,18.9715],[72.9399,18.9715],[72.9399,18.9713],[72.9404,18.9713],[72.9404,18.971],[72.941,18.971],[72.941,18.9704],[72.9412,18.9704],[72.9412,18.9699],[72.9415,18.9699],[72.9415,18.9696],[72.9418,18.9696],[72.9418,18.969],[72.9415,18.969],[72.9415,18.9688],[72.9418,18.9688],[72.9418,18.9682],[72.9415,18.9682],[72.9415,18.9679],[72.9418,18.9679],[72.9418,18.9676],[72.9421,18.9676],[72.9421,18.9657],[72.9418,18.9657],[72.9418,18.9652],[72.9418,18.9649],[72.9415,18.9649],[72.9415,18.9643],[72.9412,18.9643],[72.9412,18.964],[72.941,18.964],[72.941,18.9638],[72.9407,18.9638],[72.9407,18.9632],[72.9404,18.9632],[72.9404,18.9626],[72.9401,18.9626],[72.9401,18.9624],[72.9399,18.9624],[72.9399,18.9618],[72.9396,18.9618],[72.9396,18.9613],[72.9393,18.9613],[72.9393,18.961],[72.939,18.961],[72.939,18.9604],[72.9388,18.9604],[72.9388,18.9601],[72.9385,18.9601],[72.9385,18.9596],[72.9382,18.9596],[72.9382,18.9593],[72.9379,18.9593],[72.9379,18.959],[72.9376,18.959],[72.9376,18.9585],[72.9374,18.9585],[72.9374,18.9579],[72.9371,18.9579],[72.9371,18.9571],[72.9368,18.9571],[72.9368,18.956],[72.9365,18.956],[72.9365,18.9551],[72.9362,18.9551],[72.9362,18.954],[72.936,18.954],[72.936,18.9538],[72.9357,18.9538],[72.9357,18.9526],[72.9351,18.9526],[72.9351,18.9521],[72.934,18.9521],[72.934,18.9524],[72.9337,18.9524],[72.9337,18.9526],[72.9335,18.9526],[72.9335,18.9538],[72.9332,18.9538],[72.9332,18.954],[72.9329,18.954],[72.9329,18.9543],[72.9326,18.9543],[72.9326,18.9546],[72.9304,18.9546],[72.9304,18.9549],[72.9299,18.9549],[72.9299,18.9551],[72.9293,18.9551],[72.9293,18.9554],[72.929,18.9554],[72.929,18.9557],[72.9287,18.9557],[72.9287,18.956],[72.9285,18.956],[72.9285,18.9568],[72.9282,18.9568],[72.9282,18.9571],[72.9279,18.9571],[72.9279,18.9576],[72.9274,18.9576],[72.9274,18.9579],[72.9271,18.9579],[72.9271,18.9576],[72.9268,18.9576],[72.9268,18.9579],[72.9257,18.9579],[72.9257,18.9585],[72.9254,18.9585],[72.9254,18.959],[72.9251,18.959],[72.9249,18.959],[72.9249,18.9593],[72.9246,18.9593],[72.9246,18.9601],[72.9243,18.9601],[72.9243,18.963],[72.9243,18.9635],[72.9246,18.9635],[72.9246,18.964],[72.9249,18.964],[72.9249,18.9643],[72.9251,18.9643],[72.9251,18.9649],[72.9254,18.9649],[72.9254,18.9651],[72.9257,18.9651],[72.9257,18.966],[72.9265,18.966],[72.9265,18.9665],[72.9271,18.9665],[72.9271,18.9668],[72.9274,18.9668],[72.9274,18.9674],[72.9279,18.9674],[72.9279,18.9676],[72.9285,18.9676],[72.9285,18.9679],[72.9293,18.9679],[72.9293,18.9682],[72.9304,18.9682],[72.9304,18.9685],[72.9307,18.9685],[72.9307,18.9688],[72.931,18.9688],[72.931,18.969],[72.9315,18.969],[72.9315,18.9696],[72.9321,18.9696],[72.9321,18.9699],[72.9332,18.9699],[72.9332,18.9701],[72.934,18.9701],[72.934,18.9704],[72.9346,18.9704],[72.9346,18.9707],[72.9351,18.9707],[72.9351,18.971],[72.9357,18.971],[72.9357,18.9713],[72.9362,18.9713],[72.9362,18.9718],[72.9368,18.9718],[72.9368,18.9721],[72.9374,18.9721],[72.9374,18.9724],[72.9385,18.9724],[72.9385,18.9721],[72.9388,18.9721],[72.9388,18.9724],[72.939,18.9724]]],[[[73.026,18.9999],[73.026,18.9996],[73.0271,18.9996],[73.0271,18.9993],[73.0274,18.9993],[73.0274,18.999],[73.0276,18.999],[73.0276,18.9988],[73.0282,18.9988],[73.0282,18.9979],[73.0285,18.9979],[73.0285,18.9963],[73.0287,18.9963],[73.0287,18.9949],[73.0285,18.9949],[73.0285,18.9929],[73.0276,18.9929],[73.0276,18.9932],[73.0274,18.9932],[73.0274,18.9946],[73.0271,18.9946],[73.0271,18.9951],[73.0268,18.9951],[73.0268,18.9954],[73.0265,18.9954],[73.0265,18.9963],[73.0263,18.9963],[73.0263,18.9971],[73.026,18.9971],[73.026,18.9974],[73.0257,18.9974],[73.0257,18.9999],[73.026,18.9999]]],[[[72.7818,19.1354],[72.7818,19.1351],[72.7826,19.1351],[72.7826,19.1349],[72.7835,19.1349],[72.7835,19.1324],[72.7818,19.1324],[72.7818,19.1326],[72.781,19.1326],[72.781,19.1329],[72.7804,19.1329],[72.7804,19.1335],[72.7801,19.1335],[72.7801,19.134],[72.7804,19.134],[72.7804,19.1343],[72.7807,19.1343],[72.7807,19.1349],[72.781,19.1349],[72.781,19.1351],[72.7813,19.1351],[72.7813,19.1354],[72.7818,19.1354]]],[[[72.7312,19.4685],[72.7312,19.4682],[72.7315,19.4682],[72.7315,19.4679],[72.7318,19.4679],[72.7318,19.4674],[72.7329,19.4674],[72.7329,19.4671],[72.7335,19.4671],[72.7335,19.4674],[72.7343,19.4674],[72.7343,19.4668],[72.7354,19.4668],[72.7354,19.4665],[72.7363,19.4665],[72.7363,19.4657],[72.7365,19.4657],[72.7365,19.4654],[72.736,19.4654],[72.736,19.4651],[72.7357,19.4651],[72.7357,19.4646],[72.7354,19.4646],[72.7354,19.464],[72.7351,19.464],[72.7351,19.4638],[72.7349,19.4638],[72.7349,19.4635],[72.7346,19.4635],[72.7346,19.4626],[72.7337,19.4627],[72.7337,19.4624],[72.7335,19.4624],[72.7335,19.4604],[72.7337,19.4604],[72.7337,19.4601],[72.734,19.4601],[72.734,19.4596],[72.7343,19.4596],[72.7343,19.4593],[72.7346,19.4593],[72.7346,19.459],[72.7351,19.459],[72.7351,19.4585],[72.7343,19.4585],[72.7343,19.4582],[72.7337,19.4582],[72.7337,19.4579],[72.7332,19.4579],[72.7332,19.4576],[72.7329,19.4576],[72.7329,19.4574],[72.7318,19.4574],[72.7318,19.4579],[72.7315,19.4579],[72.7315,19.4582],[72.7312,19.4582],[72.7312,19.4585],[72.731,19.4585],[72.731,19.4587],[72.7307,19.4587],[72.7307,19.459],[72.7304,19.459],[72.7304,19.4593],[72.7299,19.4593],[72.7299,19.4596],[72.7296,19.4596],[72.7296,19.4601],[72.7293,19.4601],[72.7293,19.4604],[72.729,19.4604],[72.729,19.4607],[72.7288,19.4607],[72.7288,19.4613],[72.7285,19.4613],[72.7285,19.4615],[72.7282,19.4615],[72.7282,19.4621],[72.7279,19.4621],[72.7279,19.464],[72.7276,19.464],[72.7276,19.4643],[72.7274,19.4643],[72.7274,19.4649],[72.7271,19.4649],[72.7271,19.4657],[72.7265,19.4657],[72.7265,19.4671],[72.7262,19.4671],[72.7262,19.4676],[72.7271,19.4676],[72.7271,19.4679],[72.7274,19.4679],[72.7274,19.4682],[72.7285,19.4682],[72.7285,19.4676],[72.7293,19.4676],[72.7293,19.4679],[72.7296,19.4679],[72.7296,19.4682],[72.7304,19.4682],[72.7304,19.4685],[72.7312,19.4685]]],[[[74.4355,22.031],[74.4395,22.0265],[74.446,22.0265],[74.4426,22.0216],[74.4445,22.016],[74.4476,22.0125],[74.4515,22.009],[74.4538,22.0062],[74.4539,22.0023],[74.45,22.0055],[74.4457,22.0069],[74.4438,22.0062],[74.4362,22.0022],[74.4363,21.9995],[74.4411,21.9964],[74.4426,21.9936],[74.443,21.9831],[74.4472,21.9763],[74.4486,21.9711],[74.4517,21.9675],[74.46,21.9628],[74.4642,21.9632],[74.4673,21.9648],[74.4722,21.9655],[74.4751,21.9627],[74.4779,21.9615],[74.4829,21.9624],[74.4845,21.9608],[74.4857,21.9575],[74.4893,21.9568],[74.4934,21.9545],[74.4899,21.9471],[74.4923,21.9455],[74.4968,21.9464],[74.5156,21.9339],[74.5156,21.9279],[74.5146,21.9225],[74.5174,21.9176],[74.524,21.9131],[74.5275,21.9088],[74.5275,21.9035],[74.5215,21.8955],[74.5184,21.8901],[74.5178,21.8862],[74.5175,21.8749],[74.517,21.8565],[74.5118,21.8212],[74.5093,21.8159],[74.5036,21.8072],[74.5032,21.7978],[74.506,21.7826],[74.5063,21.7817],[74.5067,21.7808],[74.507,21.7799],[74.5073,21.779],[74.5076,21.7781],[74.508,21.7773],[74.5084,21.7764],[74.5089,21.7756],[74.5095,21.7749],[74.5102,21.7743],[74.511,21.7737],[74.5119,21.7731],[74.5126,21.7725],[74.5132,21.7718],[74.5139,21.771],[74.5146,21.7703],[74.5153,21.7696],[74.516,21.7688],[74.5165,21.768],[74.517,21.7672],[74.5174,21.7664],[74.5176,21.7655],[74.5177,21.7646],[74.5179,21.7637],[74.5179,21.7628],[74.5179,21.7618],[74.5179,21.7608],[74.5178,21.7599],[74.5177,21.7589],[74.5176,21.7579],[74.5174,21.757],[74.5172,21.7561],[74.517,21.7552],[74.5167,21.7544],[74.516,21.7536],[74.5152,21.7529],[74.5144,21.7523],[74.5138,21.7515],[74.5135,21.7507],[74.5135,21.7498],[74.5135,21.7489],[74.5137,21.748],[74.5139,21.747],[74.5141,21.7461],[74.5143,21.7451],[74.5145,21.7442],[74.5146,21.7432],[74.5147,21.7423],[74.5147,21.7414],[74.5146,21.7404],[74.5145,21.7395],[74.5143,21.7386],[74.514,21.7377],[74.5138,21.7368],[74.5135,21.7358],[74.5132,21.7349],[74.5129,21.734],[74.5126,21.7331],[74.5123,21.7322],[74.512,21.7313],[74.5117,21.7303],[74.5115,21.7294],[74.5114,21.7285],[74.5113,21.7276],[74.5112,21.7267],[74.5114,21.7259],[74.5118,21.725],[74.5123,21.7241],[74.5129,21.7233],[74.5135,21.7225],[74.5142,21.7219],[74.515,21.7213],[74.5158,21.7208],[74.5167,21.7203],[74.5176,21.7199],[74.5185,21.7195],[74.5195,21.7191],[74.5204,21.7188],[74.5214,21.7185],[74.5223,21.7183],[74.5233,21.7181],[74.5243,21.7179],[74.5253,21.7178],[74.5263,21.7177],[74.5273,21.7176],[74.5283,21.7176],[74.5293,21.7175],[74.5303,21.7175],[74.5313,21.7175],[74.5323,21.7175],[74.5333,21.7175],[74.5343,21.7175],[74.5353,21.7176],[74.5363,21.7177],[74.5373,21.7179],[74.5384,21.7181],[74.5394,21.7183],[74.5405,21.7186],[74.5416,21.7189],[74.5426,21.7192],[74.5437,21.7194],[74.5447,21.7197],[74.5457,21.7198],[74.5466,21.72],[74.5476,21.72],[74.5485,21.72],[74.5494,21.7199],[74.5502,21.7197],[74.551,21.7194],[74.5517,21.7189],[74.5524,21.7184],[74.553,21.7177],[74.5536,21.717],[74.5542,21.7162],[74.5547,21.7154],[74.5552,21.7145],[74.5557,21.7136],[74.5562,21.7126],[74.5567,21.7117],[74.5571,21.7107],[74.5576,21.7098],[74.5581,21.709],[74.5586,21.7082],[74.559,21.7073],[74.5595,21.7065],[74.5599,21.7056],[74.5602,21.7047],[74.5606,21.7038],[74.5608,21.7029],[74.561,21.702],[74.5611,21.701],[74.5612,21.7001],[74.5612,21.6992],[74.5613,21.6982],[74.5614,21.6972],[74.5614,21.6963],[74.5615,21.6953],[74.5615,21.6943],[74.5614,21.6934],[74.5614,21.6924],[74.5613,21.6915],[74.5612,21.6906],[74.5611,21.6897],[74.5609,21.6888],[74.5605,21.688],[74.5598,21.6873],[74.5588,21.6867],[74.5577,21.6861],[74.5569,21.6856],[74.5566,21.6849],[74.5568,21.6843],[74.5573,21.6835],[74.558,21.6828],[74.5589,21.6821],[74.5598,21.6814],[74.5607,21.6809],[74.5616,21.6804],[74.5626,21.6801],[74.5637,21.6799],[74.5648,21.6798],[74.5657,21.68],[74.5663,21.6805],[74.5664,21.6815],[74.5665,21.6826],[74.5673,21.683],[74.5681,21.6833],[74.5691,21.6836],[74.57,21.6838],[74.571,21.684],[74.572,21.6842],[74.573,21.6843],[74.5741,21.6844],[74.5751,21.6846],[74.5761,21.6847],[74.5771,21.6848],[74.5781,21.6849],[74.5792,21.685],[74.5803,21.6851],[74.5814,21.6853],[74.5825,21.6853],[74.5835,21.6851],[74.5842,21.6847],[74.5847,21.6841],[74.5852,21.6834],[74.5856,21.6825],[74.5859,21.6816],[74.5862,21.6807],[74.5864,21.6797],[74.5866,21.6787],[74.5868,21.6777],[74.5869,21.6767],[74.5869,21.6758],[74.5867,21.6749],[74.5863,21.6739],[74.5858,21.673],[74.5855,21.6721],[74.5855,21.6712],[74.5857,21.6704],[74.5862,21.6695],[74.5866,21.6686],[74.5871,21.6677],[74.5877,21.6668],[74.5883,21.666],[74.589,21.6653],[74.5898,21.6646],[74.5906,21.6642],[74.5914,21.6638],[74.5923,21.6636],[74.5932,21.6634],[74.5941,21.6633],[74.5951,21.6632],[74.5961,21.6632],[74.5971,21.6632],[74.5981,21.6632],[74.5991,21.6632],[74.6002,21.6633],[74.6012,21.6633],[74.6023,21.6634],[74.6033,21.6634],[74.6043,21.6634],[74.6054,21.6634],[74.6064,21.6634],[74.6074,21.6633],[74.6084,21.6632],[74.6094,21.663],[74.6104,21.6628],[74.6113,21.6626],[74.6123,21.6625],[74.6133,21.6623],[74.6143,21.6621],[74.6152,21.6618],[74.6162,21.6616],[74.6172,21.6614],[74.6181,21.6612],[74.6191,21.6609],[74.6201,21.6607],[74.6211,21.6605],[74.622,21.6602],[74.623,21.66],[74.624,21.6598],[74.6249,21.6595],[74.6259,21.6593],[74.6269,21.659],[74.6278,21.6588],[74.6288,21.6586],[74.6298,21.6584],[74.6308,21.6581],[74.6317,21.6579],[74.6327,21.6577],[74.6337,21.6575],[74.6347,21.6573],[74.6356,21.6572],[74.6366,21.657],[74.6376,21.6568],[74.6386,21.6567],[74.6396,21.6565],[74.6406,21.6564],[74.6416,21.6562],[74.6425,21.6561],[74.6435,21.656],[74.6445,21.6558],[74.6455,21.6557],[74.6465,21.6556],[74.6475,21.6555],[74.6485,21.6553],[74.6495,21.6552],[74.6505,21.6551],[74.6515,21.655],[74.6525,21.6548],[74.6534,21.6547],[74.6544,21.6546],[74.6554,21.6544],[74.6564,21.6543],[74.6574,21.6541],[74.6584,21.6539],[74.6593,21.6537],[74.6603,21.6536],[74.6613,21.6534],[74.6623,21.6531],[74.6633,21.6529],[74.6642,21.6526],[74.6652,21.6523],[74.6661,21.652],[74.6671,21.6517],[74.668,21.6513],[74.6689,21.651],[74.6698,21.6506],[74.6707,21.6501],[74.6715,21.6497],[74.6724,21.6492],[74.6732,21.6486],[74.674,21.6481],[74.6749,21.6475],[74.6757,21.647],[74.6765,21.6464],[74.6773,21.6459],[74.6781,21.6453],[74.6789,21.6448],[74.6797,21.6442],[74.6805,21.6436],[74.6813,21.643],[74.6821,21.6425],[74.6828,21.6419],[74.6836,21.6413],[74.6844,21.6407],[74.6852,21.6401],[74.686,21.6395],[74.6868,21.6389],[74.6875,21.6384],[74.6883,21.6378],[74.6891,21.6372],[74.6899,21.6366],[74.6907,21.6361],[74.6915,21.6355],[74.6923,21.635],[74.6931,21.6344],[74.694,21.6339],[74.6948,21.6334],[74.6956,21.6329],[74.6965,21.6324],[74.6974,21.632],[74.6983,21.6315],[74.6992,21.6311],[74.7001,21.6307],[74.701,21.6304],[74.7019,21.63],[74.7029,21.6297],[74.7038,21.6294],[74.7047,21.6291],[74.7057,21.6287],[74.7066,21.6284],[74.7076,21.6282],[74.7085,21.6279],[74.7095,21.6276],[74.7104,21.6273],[74.7114,21.6271],[74.7124,21.6268],[74.7133,21.6265],[74.7143,21.6263],[74.7153,21.6261],[74.7162,21.6258],[74.7172,21.6256],[74.7182,21.6254],[74.7191,21.6251],[74.7201,21.6249],[74.7211,21.6247],[74.722,21.6245],[74.723,21.6242],[74.724,21.624],[74.725,21.6238],[74.7259,21.6236],[74.7269,21.6233],[74.7279,21.6231],[74.7289,21.6229],[74.7298,21.6227],[74.7308,21.6225],[74.7318,21.6223],[74.7327,21.6221],[74.7337,21.6218],[74.7347,21.6216],[74.7357,21.6214],[74.7366,21.6212],[74.7376,21.621],[74.7386,21.6208],[74.7396,21.6206],[74.7405,21.6204],[74.7415,21.6202],[74.7425,21.62],[74.7435,21.6198],[74.7444,21.6196],[74.7454,21.6194],[74.7464,21.6191],[74.7474,21.6189],[74.7483,21.6187],[74.7493,21.6185],[74.7503,21.6183],[74.7513,21.6181],[74.7522,21.6179],[74.7532,21.6177],[74.7542,21.6175],[74.7552,21.6173],[74.7561,21.6171],[74.7571,21.6169],[74.7581,21.6167],[74.7591,21.6165],[74.7601,21.6163],[74.761,21.6162],[74.762,21.616],[74.763,21.6159],[74.764,21.6157],[74.765,21.6156],[74.766,21.6155],[74.767,21.6155],[74.768,21.6154],[74.769,21.6154],[74.77,21.6154],[74.771,21.6155],[74.772,21.6155],[74.773,21.6155],[74.774,21.6155],[74.775,21.6155],[74.7759,21.6152],[74.7768,21.6148],[74.7777,21.6143],[74.7786,21.6139],[74.7795,21.6135],[74.7805,21.6131],[74.7814,21.6127],[74.7823,21.6124],[74.7832,21.612],[74.7842,21.6118],[74.7851,21.6116],[74.7861,21.6114],[74.7871,21.6112],[74.7881,21.611],[74.7891,21.6109],[74.7901,21.6107],[74.7911,21.6106],[74.7921,21.6105],[74.7931,21.6103],[74.7941,21.6103],[74.7951,21.6102],[74.7961,21.6101],[74.7971,21.61],[74.7981,21.61],[74.7991,21.6099],[74.8,21.6099],[74.801,21.6098],[74.8021,21.6101],[74.8029,21.6107],[74.8031,21.6116],[74.8028,21.6126],[74.8025,21.6136],[74.8021,21.6146],[74.8019,21.6155],[74.8021,21.6161],[74.8029,21.6161],[74.804,21.6159],[74.8052,21.6155],[74.8061,21.6151],[74.807,21.6147],[74.8079,21.6142],[74.8088,21.6137],[74.8096,21.6133],[74.8105,21.6129],[74.8115,21.6125],[74.8124,21.6123],[74.8134,21.612],[74.8144,21.6118],[74.8154,21.6116],[74.8163,21.6115],[74.8173,21.6113],[74.8183,21.6111],[74.8193,21.6109],[74.8203,21.6108],[74.8213,21.6106],[74.8223,21.6105],[74.8233,21.6104],[74.8243,21.6103],[74.8252,21.6102],[74.8262,21.6102],[74.8273,21.6102],[74.8284,21.6102],[74.8295,21.6103],[74.8306,21.6104],[74.8316,21.6106],[74.8325,21.6109],[74.8332,21.6113],[74.8337,21.6119],[74.8337,21.6127],[74.8335,21.6138],[74.8333,21.6149],[74.8334,21.6158],[74.8337,21.6167],[74.8342,21.6176],[74.8349,21.6183],[74.8356,21.619],[74.8365,21.6194],[74.8374,21.6198],[74.8383,21.6201],[74.8392,21.6204],[74.8402,21.6207],[74.8412,21.621],[74.8421,21.6213],[74.8431,21.6215],[74.8441,21.6218],[74.8451,21.6221],[74.846,21.6223],[74.847,21.6226],[74.8479,21.6229],[74.8488,21.6233],[74.8498,21.6237],[74.8507,21.6241],[74.8515,21.6245],[74.8524,21.625],[74.8532,21.6256],[74.8541,21.6262],[74.8549,21.6268],[74.8557,21.6275],[74.8565,21.6281],[74.8573,21.6288],[74.8581,21.6294],[74.8588,21.6301],[74.8596,21.6307],[74.8604,21.6314],[74.8612,21.632],[74.8619,21.6325],[74.8627,21.633],[74.8634,21.6335],[74.8642,21.6339],[74.8649,21.634],[74.8653,21.6333],[74.8658,21.6321],[74.8663,21.6311],[74.8671,21.6307],[74.868,21.6305],[74.869,21.6304],[74.87,21.6303],[74.8711,21.6302],[74.8721,21.6302],[74.8731,21.6303],[74.8742,21.6303],[74.8752,21.6303],[74.8761,21.6304],[74.8771,21.6306],[74.8781,21.6308],[74.8791,21.631],[74.8801,21.6312],[74.8811,21.6314],[74.882,21.6316],[74.883,21.6317],[74.884,21.6318],[74.885,21.6318],[74.886,21.6318],[74.887,21.6318],[74.888,21.6318],[74.889,21.6318],[74.8901,21.6317],[74.8911,21.6317],[74.8921,21.6316],[74.8931,21.6316],[74.8941,21.6315],[74.8951,21.6314],[74.8961,21.6313],[74.8971,21.6312],[74.8981,21.631],[74.899,21.6309],[74.9,21.6307],[74.9009,21.6305],[74.9019,21.6302],[74.9028,21.6298],[74.9036,21.6292],[74.9043,21.6285],[74.905,21.6278],[74.9056,21.627],[74.9062,21.6263],[74.9066,21.6254],[74.907,21.6246],[74.9074,21.6237],[74.9078,21.6228],[74.9082,21.6219],[74.9086,21.621],[74.9091,21.6202],[74.9096,21.6194],[74.9103,21.6188],[74.911,21.6181],[74.9117,21.6175],[74.9125,21.6169],[74.9133,21.6163],[74.9142,21.6158],[74.915,21.6153],[74.9159,21.6148],[74.9168,21.6144],[74.9177,21.614],[74.9186,21.6135],[74.9195,21.6131],[74.9204,21.6128],[74.9213,21.6124],[74.9222,21.612],[74.9231,21.6117],[74.9241,21.6113],[74.925,21.611],[74.926,21.6107],[74.9269,21.6103],[74.9279,21.61],[74.9288,21.6097],[74.9297,21.6094],[74.9307,21.6091],[74.9316,21.6088],[74.9326,21.6085],[74.9335,21.6082],[74.9345,21.6079],[74.9354,21.6076],[74.9364,21.6073],[74.9373,21.607],[74.9382,21.6067],[74.9392,21.6064],[74.9402,21.6061],[74.9411,21.6058],[74.942,21.6055],[74.943,21.6052],[74.9439,21.6049],[74.9449,21.6046],[74.9458,21.6043],[74.9468,21.604],[74.9478,21.6038],[74.9487,21.6035],[74.9497,21.6032],[74.9506,21.6029],[74.9516,21.6026],[74.9525,21.6024],[74.9535,21.6021],[74.9544,21.6018],[74.9554,21.6016],[74.9564,21.6013],[74.9573,21.601],[74.9583,21.6008],[74.9592,21.6005],[74.9602,21.6003],[74.9612,21.6],[74.9621,21.5998],[74.9631,21.5996],[74.9641,21.5994],[74.9651,21.5992],[74.966,21.599],[74.967,21.5988],[74.968,21.5986],[74.969,21.5985],[74.97,21.5983],[74.971,21.5981],[74.9719,21.5979],[74.9729,21.5977],[74.9739,21.5976],[74.9749,21.5974],[74.9759,21.5972],[74.9768,21.597],[74.9778,21.5967],[74.9788,21.5965],[74.9797,21.5963],[74.9807,21.596],[74.9816,21.5957],[74.9826,21.5955],[74.9835,21.5952],[74.9845,21.5949],[74.9854,21.5946],[74.9864,21.5942],[74.9873,21.5939],[74.9882,21.5936],[74.9892,21.5933],[74.9901,21.5929],[74.991,21.5926],[74.992,21.5922],[74.9929,21.5918],[74.9938,21.5914],[74.9947,21.5911],[74.9957,21.5907],[74.9966,21.5903],[74.9975,21.5899],[74.9984,21.5895],[74.9992,21.5891],[75.0001,21.5886],[75.001,21.5881],[75.0018,21.5876],[75.0027,21.5872],[75.0036,21.5867],[75.0048,21.586],[75.0134,21.5812],[75.0158,21.5779],[75.0178,21.5726],[75.0318,21.5693],[75.0536,21.5672],[75.0577,21.5649],[75.0602,21.5593],[75.0636,21.555],[75.065,21.5508],[75.0722,21.5417],[75.0762,21.538],[75.0783,21.5321],[75.0836,21.5258],[75.09,21.5143],[75.0927,21.5009],[75.0949,21.4938],[75.1004,21.4853],[75.1067,21.4696],[75.1151,21.4596],[75.123,21.4533],[75.1298,21.4493],[75.1474,21.4433],[75.1574,21.4383],[75.188,21.4273],[75.196,21.4229],[75.2037,21.4173],[75.2075,21.4158],[75.2106,21.4142],[75.2199,21.4109],[75.2323,21.4166],[75.2364,21.4171],[75.2435,21.4149],[75.2477,21.4107],[75.254,21.4061],[75.2591,21.4052],[75.267,21.4089],[75.2766,21.4089],[75.2886,21.4118],[75.2916,21.4139],[75.2996,21.4157],[75.3018,21.4148],[75.3032,21.3952],[75.3018,21.3924],[75.3019,21.3892],[75.3087,21.3945],[75.312,21.3953],[75.3209,21.3924],[75.3268,21.3942],[75.3349,21.3947],[75.3538,21.3935],[75.358,21.3962],[75.3614,21.4032],[75.3669,21.3989],[75.3787,21.3924],[75.3813,21.3876],[75.3845,21.3856],[75.3931,21.3841],[75.3954,21.3847],[75.3984,21.383],[75.4009,21.384],[75.4038,21.3838],[75.4093,21.3899],[75.4134,21.3911],[75.42,21.3903],[75.4317,21.3939],[75.4363,21.3907],[75.4436,21.391],[75.4462,21.3905],[75.4501,21.3924],[75.4544,21.3921],[75.4601,21.393],[75.4656,21.3914],[75.4684,21.3942],[75.4848,21.3913],[75.4964,21.3907],[75.5005,21.3916],[75.5101,21.388],[75.5163,21.3867],[75.5246,21.3872],[75.5294,21.3847],[75.5399,21.3772],[75.5453,21.3758],[75.5471,21.3727],[75.5481,21.3725],[75.5513,21.3754],[75.5553,21.3775],[75.5598,21.3823],[75.5611,21.3812],[75.5603,21.3788],[75.5642,21.3781],[75.566,21.3792],[75.5721,21.3782],[75.5813,21.3799],[75.5816,21.3808],[75.5766,21.3855],[75.5849,21.3876],[75.5878,21.3889],[75.5913,21.3917],[75.603,21.3905],[75.6089,21.395],[75.6194,21.3935],[75.6211,21.3879],[75.6236,21.3843],[75.6268,21.382],[75.6295,21.3812],[75.6326,21.3818],[75.6399,21.3815],[75.6458,21.3825],[75.6549,21.382],[75.6588,21.3827],[75.6734,21.3804],[75.6751,21.3815],[75.6785,21.3822],[75.6848,21.3822],[75.6878,21.3843],[75.6897,21.3875],[75.6948,21.3896],[75.7068,21.3913],[75.7139,21.3916],[75.7216,21.391],[75.7227,21.3892],[75.7329,21.3933],[75.7356,21.3927],[75.7383,21.3934],[75.7441,21.3932],[75.7461,21.3917],[75.7547,21.3884],[75.7589,21.3855],[75.7601,21.3857],[75.7738,21.3866],[75.7922,21.3892],[75.8014,21.3902],[75.8055,21.389],[75.8125,21.3873],[75.8326,21.3833],[75.8434,21.3895],[75.8466,21.3881],[75.8514,21.3894],[75.8593,21.3873],[75.8628,21.3873],[75.8682,21.3905],[75.8723,21.3955],[75.8762,21.3982],[75.8821,21.3984],[75.8881,21.3996],[75.8956,21.3987],[75.8971,21.3973],[75.9051,21.3956],[75.9123,21.3906],[75.9165,21.3898],[75.9323,21.3915],[75.9374,21.3929],[75.948,21.393],[75.9594,21.3962],[75.9687,21.394],[75.9849,21.3772],[75.9916,21.3761],[76.0002,21.3748],[76.016,21.3699],[76.0275,21.3681],[76.0346,21.3653],[76.042,21.3589],[76.047,21.3552],[76.0524,21.3527],[76.0657,21.3592],[76.0772,21.3643],[76.0882,21.37],[76.095,21.3727],[76.0987,21.3739],[76.1069,21.3602],[76.116,21.3388],[76.1222,21.3216],[76.1273,21.3073],[76.1293,21.2975],[76.135,21.2915],[76.1399,21.289],[76.145,21.2878],[76.1471,21.2814],[76.1498,21.2742],[76.1539,21.2688],[76.156,21.2632],[76.1592,21.2591],[76.1581,21.2535],[76.1543,21.2491],[76.1509,21.2456],[76.1441,21.2426],[76.1441,21.2415],[76.1444,21.2381],[76.1455,21.2332],[76.148,21.2316],[76.1533,21.2298],[76.1593,21.2273],[76.164,21.2242],[76.1631,21.222],[76.1615,21.2167],[76.1643,21.2118],[76.1679,21.2081],[76.1677,21.2059],[76.1671,21.2036],[76.1657,21.2],[76.1659,21.1955],[76.1691,21.1919],[76.1727,21.1883],[76.1706,21.1822],[76.1691,21.1745],[76.1668,21.1707],[76.1609,21.172],[76.1551,21.1726],[76.143,21.1731],[76.1307,21.1756],[76.1274,21.1779],[76.1194,21.1747],[76.1143,21.1705],[76.114,21.1646],[76.1189,21.1601],[76.1241,21.1591],[76.1284,21.1567],[76.1317,21.1527],[76.1399,21.1401],[76.1409,21.136],[76.1393,21.1336],[76.1342,21.1303],[76.1357,21.1262],[76.1421,21.1211],[76.1515,21.115],[76.1622,21.11],[76.1674,21.1063],[76.1685,21.1054],[76.1691,21.1037],[76.1693,21.1014],[76.1693,21.0987],[76.1681,21.0932],[76.167,21.0896],[76.1686,21.0858],[76.1726,21.0846],[76.1773,21.0855],[76.1808,21.0874],[76.1839,21.09],[76.1891,21.0903],[76.2087,21.0902],[76.2275,21.0914],[76.2351,21.0939],[76.2621,21.0947],[76.2692,21.093],[76.2732,21.0854],[76.2778,21.078],[76.2818,21.0753],[76.2858,21.0765],[76.2971,21.0772],[76.3348,21.0772],[76.357,21.0797],[76.3613,21.08],[76.3658,21.0791],[76.3686,21.0787],[76.372,21.0786],[76.3764,21.0773],[76.3796,21.0785],[76.381,21.0791],[76.3828,21.0796],[76.3901,21.0881],[76.3968,21.0906],[76.4094,21.0941],[76.4118,21.1073],[76.4337,21.1067],[76.4375,21.1076],[76.4411,21.1121],[76.4477,21.1129],[76.4527,21.1149],[76.4529,21.1244],[76.4559,21.1319],[76.4575,21.1383],[76.4655,21.1392],[76.467,21.1432],[76.4668,21.1473],[76.469,21.1506],[76.4749,21.1521],[76.477,21.1553],[76.4767,21.1613],[76.4783,21.1757],[76.4825,21.1882],[76.4874,21.1961],[76.4912,21.1978],[76.4981,21.1961],[76.5208,21.1892],[76.5292,21.1893],[76.5413,21.1963],[76.5594,21.2058],[76.5752,21.2041],[76.576,21.2037],[76.5867,21.1987],[76.6056,21.1972],[76.6123,21.1959],[76.6168,21.1986],[76.62,21.1954],[76.6234,21.1927],[76.6269,21.1988],[76.6316,21.2054],[76.6313,21.2156],[76.6317,21.2289],[76.6373,21.2391],[76.6426,21.2477],[76.6499,21.249],[76.6585,21.2478],[76.659,21.2532],[76.6594,21.2621],[76.6602,21.2736],[76.6611,21.2824],[76.6486,21.3],[76.6397,21.3106],[76.6258,21.3297],[76.6245,21.3351],[76.6286,21.3398],[76.6684,21.3695],[76.7191,21.4007],[76.7321,21.4088],[76.7372,21.4153],[76.7384,21.4294],[76.7434,21.4431],[76.7565,21.4499],[76.7758,21.4601],[76.7842,21.4665],[76.7851,21.4767],[76.7902,21.4824],[76.7918,21.4899],[76.7865,21.4992],[76.7702,21.5107],[76.7629,21.5226],[76.7675,21.5275],[76.7753,21.532],[76.7855,21.5353],[76.7878,21.5401],[76.7846,21.5461],[76.7828,21.5515],[76.7802,21.5625],[76.7836,21.578],[76.7915,21.5874],[76.7934,21.5952],[76.7953,21.5975],[76.8039,21.5968],[76.8232,21.5927],[76.8335,21.5931],[76.8386,21.6005],[76.8478,21.6133],[76.8521,21.615],[76.8607,21.6123],[76.8917,21.6007],[76.9011,21.6008],[76.9057,21.6045],[76.9116,21.6149],[76.9787,21.666],[76.9973,21.6816],[77.0016,21.6822],[77.0102,21.6844],[77.0181,21.6908],[77.0233,21.6938],[77.0292,21.6961],[77.0343,21.7005],[77.0595,21.7094],[77.0621,21.715],[77.069,21.7218],[77.0723,21.7229],[77.0741,21.7226],[77.0753,21.7224],[77.0802,21.7187],[77.0838,21.7186],[77.0939,21.7196],[77.1033,21.7226],[77.1041,21.7229],[77.1142,21.7249],[77.1211,21.7253],[77.1333,21.7223],[77.1475,21.7147],[77.1578,21.7134],[77.16,21.7137],[77.1624,21.7141],[77.1651,21.7169],[77.168,21.7258],[77.1714,21.7273],[77.1838,21.7245],[77.188,21.7226],[77.1877,21.7207],[77.1843,21.7045],[77.2014,21.6963],[77.2074,21.694],[77.2102,21.6971],[77.218,21.6984],[77.2216,21.7001],[77.2222,21.7017],[77.2232,21.7042],[77.2246,21.7179],[77.2399,21.7171],[77.2552,21.7152],[77.258,21.7158],[77.2628,21.7236],[77.2674,21.7291],[77.2831,21.7242],[77.2858,21.7288],[77.2869,21.7364],[77.285,21.7375],[77.2833,21.7385],[77.2831,21.7416],[77.2845,21.7464],[77.2823,21.7481],[77.2783,21.7491],[77.2777,21.7538],[77.2771,21.7598],[77.28,21.7613],[77.2862,21.7628],[77.2937,21.7599],[77.3089,21.7596],[77.3213,21.757],[77.326,21.7574],[77.3374,21.7616],[77.3391,21.7617],[77.3423,21.7618],[77.3534,21.7595],[77.3759,21.7571],[77.4011,21.7562],[77.4053,21.7567],[77.413,21.7577],[77.4267,21.7604],[77.4385,21.7627],[77.4439,21.7635],[77.4499,21.7634],[77.4526,21.7643],[77.4587,21.7682],[77.4714,21.7712],[77.4755,21.7714],[77.4778,21.7702],[77.477,21.768],[77.4752,21.7657],[77.4755,21.7619],[77.4759,21.7579],[77.4888,21.7502],[77.4923,21.7498],[77.4969,21.7492],[77.4999,21.7449],[77.5061,21.7412],[77.5084,21.7353],[77.5179,21.727],[77.5183,21.7244],[77.5188,21.7212],[77.521,21.7141],[77.5231,21.7136],[77.5235,21.7135],[77.5261,21.715],[77.5334,21.7127],[77.5359,21.7083],[77.5422,21.701],[77.5446,21.6924],[77.5457,21.6861],[77.5474,21.6816],[77.5505,21.6763],[77.5586,21.6687],[77.5575,21.6556],[77.5604,21.6452],[77.5655,21.635],[77.5713,21.627],[77.571,21.6235],[77.5678,21.6211],[77.5682,21.6162],[77.5699,21.6111],[77.5722,21.5877],[77.5702,21.5757],[77.57,21.5698],[77.571,21.5626],[77.5741,21.5575],[77.5797,21.5582],[77.5855,21.5588],[77.5907,21.5616],[77.6058,21.5509],[77.6071,21.5428],[77.5949,21.5332],[77.5892,21.5303],[77.5779,21.5292],[77.567,21.5298],[77.5534,21.5362],[77.5407,21.5389],[77.5353,21.539],[77.5292,21.5408],[77.5119,21.5475],[77.5073,21.5508],[77.5044,21.5547],[77.484,21.5533],[77.4687,21.5545],[77.4647,21.556],[77.4575,21.5566],[77.452,21.5556],[77.4503,21.5519],[77.4502,21.5484],[77.4466,21.5456],[77.4421,21.5446],[77.4319,21.5464],[77.4289,21.5457],[77.4235,21.5426],[77.4199,21.5387],[77.417,21.5331],[77.4188,21.5208],[77.4208,21.5163],[77.4311,21.5022],[77.4392,21.4893],[77.4374,21.4835],[77.4352,21.4816],[77.4379,21.4782],[77.4381,21.4756],[77.4383,21.4729],[77.4388,21.4728],[77.4489,21.4697],[77.4524,21.468],[77.4538,21.4673],[77.4572,21.4671],[77.4693,21.4569],[77.4686,21.4529],[77.4698,21.4487],[77.4688,21.4429],[77.4692,21.437],[77.473,21.4327],[77.4771,21.4209],[77.4818,21.4157],[77.4842,21.3985],[77.483,21.3904],[77.487,21.3778],[77.5017,21.3792],[77.5105,21.3768],[77.5169,21.378],[77.5179,21.3778],[77.5207,21.3773],[77.5243,21.3797],[77.5288,21.3791],[77.5398,21.3812],[77.5484,21.3812],[77.5625,21.3734],[77.5653,21.3726],[77.5709,21.3733],[77.576,21.3705],[77.5808,21.3691],[77.5826,21.3668],[77.5844,21.3645],[77.587,21.3678],[77.6015,21.3653],[77.6048,21.367],[77.6058,21.3704],[77.602,21.3842],[77.6007,21.3859],[77.6006,21.3891],[77.5994,21.3921],[77.5992,21.3925],[77.6007,21.3932],[77.6015,21.3936],[77.6115,21.3938],[77.6152,21.3907],[77.6293,21.391],[77.6362,21.3895],[77.6392,21.3879],[77.6415,21.3887],[77.6426,21.3914],[77.6459,21.3934],[77.651,21.3934],[77.6516,21.3902],[77.6621,21.388],[77.6634,21.3856],[77.6631,21.3775],[77.6648,21.3736],[77.6672,21.3715],[77.6688,21.3723],[77.67,21.3729],[77.6752,21.3788],[77.6811,21.3855],[77.6883,21.3967],[77.6911,21.3971],[77.6935,21.3965],[77.6943,21.3945],[77.6926,21.3806],[77.6955,21.3778],[77.7043,21.3777],[77.7051,21.3735],[77.7052,21.3673],[77.7052,21.3591],[77.7249,21.3642],[77.7339,21.3647],[77.7383,21.3666],[77.7434,21.3801],[77.7465,21.3842],[77.7499,21.3857],[77.7569,21.3864],[77.7614,21.3844],[77.7651,21.3847],[77.7766,21.388],[77.7855,21.3894],[77.7901,21.3892],[77.7934,21.3907],[77.794,21.3996],[77.7952,21.4038],[77.796,21.4063],[77.7985,21.4107],[77.7994,21.4123],[77.8045,21.412],[77.818,21.4087],[77.8339,21.4015],[77.8466,21.3941],[77.8547,21.3907],[77.8632,21.3881],[77.8762,21.3864],[77.8834,21.3855],[77.8819,21.3777],[77.8866,21.3804],[77.8923,21.379],[77.899,21.3784],[77.9007,21.3787],[77.9055,21.3796],[77.9118,21.3828],[77.9183,21.3847],[77.9249,21.3861],[77.9318,21.3858],[77.9388,21.3869],[77.9411,21.399],[77.9577,21.4011],[77.96,21.4014],[77.9715,21.4014],[77.976,21.4021],[77.9803,21.4028],[77.9958,21.4138],[77.9997,21.4162],[78.0044,21.4159],[78.0071,21.4184],[78.0196,21.4206],[78.0291,21.4254],[78.0435,21.435],[78.0511,21.437],[78.0637,21.4389],[78.0786,21.4457],[78.0925,21.456],[78.1007,21.461],[78.1091,21.4642],[78.1272,21.4734],[78.1428,21.4821],[78.1693,21.4985],[78.1706,21.5021],[78.1713,21.5085],[78.1776,21.5143],[78.168,21.526],[78.1711,21.5287],[78.1717,21.5358],[78.1706,21.5422],[78.1727,21.5533],[78.1773,21.5567],[78.1809,21.5587],[78.2155,21.5537],[78.2267,21.5564],[78.2387,21.5655],[78.2466,21.564],[78.2693,21.5707],[78.2702,21.5724],[78.269,21.5747],[78.2585,21.5819],[78.2554,21.5852],[78.2552,21.5898],[78.2576,21.5918],[78.2622,21.5938],[78.2661,21.5943],[78.2711,21.593],[78.2816,21.5868],[78.3,21.5851],[78.3018,21.5804],[78.3018,21.5729],[78.3041,21.5714],[78.3088,21.5737],[78.3187,21.5756],[78.3229,21.5774],[78.3285,21.5812],[78.3368,21.5905],[78.342,21.5829],[78.3477,21.5789],[78.3547,21.5769],[78.361,21.5783],[78.3661,21.5819],[78.3742,21.59],[78.3776,21.5956],[78.372,21.6108],[78.3717,21.615],[78.3757,21.6175],[78.3795,21.6187],[78.3836,21.6166],[78.3893,21.6106],[78.3926,21.6101],[78.399,21.6111],[78.4045,21.6101],[78.4109,21.6066],[78.4193,21.6043],[78.4226,21.6019],[78.4158,21.5882],[78.4135,21.5777],[78.4159,21.5731],[78.4191,21.5716],[78.4223,21.5637],[78.4207,21.5548],[78.4206,21.5488],[78.422,21.5458],[78.4255,21.5423],[78.4275,21.5383],[78.4269,21.5302],[78.4278,21.5268],[78.4322,21.5199],[78.4303,21.5092],[78.4301,21.5018],[78.4386,21.5038],[78.4447,21.5019],[78.4517,21.4973],[78.4542,21.4983],[78.4563,21.5045],[78.4592,21.5046],[78.4617,21.5035],[78.4653,21.5035],[78.4709,21.5049],[78.4721,21.5069],[78.4804,21.5061],[78.4834,21.5077],[78.4856,21.512],[78.4908,21.518],[78.496,21.518],[78.4979,21.523],[78.5021,21.5266],[78.5043,21.5267],[78.5086,21.5284],[78.5201,21.5254],[78.5247,21.5258],[78.5284,21.5246],[78.5373,21.5246],[78.5465,21.52],[78.5524,21.5194],[78.5565,21.5158],[78.56,21.5146],[78.5665,21.5157],[78.5647,21.5093],[78.5653,21.506],[78.5733,21.4985],[78.5812,21.4896],[78.5849,21.4869],[78.5933,21.4877],[78.5986,21.4848],[78.601,21.4872],[78.6054,21.4884],[78.6161,21.4815],[78.621,21.4775],[78.6253,21.4778],[78.6305,21.4813],[78.6375,21.4842],[78.6435,21.4843],[78.6507,21.4828],[78.6591,21.4789],[78.6642,21.4807],[78.6841,21.482],[78.6844,21.478],[78.6883,21.4789],[78.692,21.4787],[78.6962,21.4774],[78.6957,21.4744],[78.7016,21.4747],[78.7039,21.4712],[78.7139,21.468],[78.7198,21.4646],[78.7242,21.4644],[78.7297,21.4714],[78.7351,21.4714],[78.7388,21.4729],[78.7404,21.4837],[78.7465,21.4939],[78.7505,21.4908],[78.761,21.4898],[78.7608,21.4847],[78.7644,21.4743],[78.7722,21.4671],[78.7755,21.4735],[78.777,21.4791],[78.7802,21.4808],[78.7846,21.4891],[78.7897,21.4885],[78.7928,21.4899],[78.8101,21.4909],[78.8131,21.4887],[78.8193,21.4896],[78.8234,21.4911],[78.8279,21.49],[78.8442,21.49],[78.8477,21.4915],[78.8515,21.4957],[78.8751,21.4879],[78.8799,21.485],[78.8854,21.4856],[78.8905,21.4982],[78.8958,21.5006],[78.9027,21.498],[78.9079,21.4943],[78.9206,21.4876],[78.9318,21.4874],[78.9338,21.4924],[78.9369,21.5104],[78.9406,21.5137],[78.9387,21.5173],[78.9363,21.5194],[78.9262,21.5216],[78.9234,21.5238],[78.9234,21.5331],[78.9246,21.5387],[78.9218,21.5432],[78.9044,21.5548],[78.9091,21.5618],[78.9127,21.5631],[78.924,21.5602],[78.9278,21.5603],[78.9284,21.5644],[78.9199,21.569],[78.9143,21.5696],[78.9116,21.5709],[78.9122,21.5852],[78.9132,21.5924],[78.9227,21.5926],[78.9291,21.5946],[78.9403,21.5938],[78.9459,21.596],[78.9623,21.6059],[78.9748,21.6176],[78.9815,21.6172],[78.9944,21.6187],[78.9974,21.6158],[79,21.6098],[79.0058,21.604],[79.0096,21.6015],[79.031,21.6056],[79.0429,21.6047],[79.0479,21.6057],[79.0508,21.6039],[79.0761,21.6077],[79.0816,21.6072],[79.0881,21.5992],[79.092,21.6034],[79.0981,21.6028],[79.1041,21.6094],[79.0995,21.6123],[79.0987,21.6163],[79.0992,21.6189],[79.1112,21.6256],[79.1277,21.6281],[79.1371,21.6369],[79.1411,21.6395],[79.1471,21.6566],[79.1478,21.6605],[79.1862,21.6544],[79.2166,21.6502],[79.2199,21.6508],[79.2216,21.6569],[79.2269,21.6576],[79.2284,21.6714],[79.2268,21.6744],[79.2246,21.6759],[79.2202,21.677],[79.2182,21.6813],[79.2209,21.6966],[79.2219,21.7006],[79.2348,21.7152],[79.2289,21.7205],[79.2281,21.7219],[79.2287,21.7239],[79.2577,21.7175],[79.2649,21.7149],[79.2718,21.709],[79.2748,21.7052],[79.2768,21.7002],[79.2848,21.6939],[79.3173,21.6858],[79.3203,21.6866],[79.3221,21.6884],[79.3426,21.6845],[79.3483,21.6844],[79.349,21.6789],[79.3618,21.6795],[79.3831,21.6754],[79.3947,21.6746],[79.3971,21.6756],[79.4005,21.6796],[79.4077,21.6856],[79.4114,21.691],[79.4158,21.6914],[79.423,21.6906],[79.428,21.6853],[79.4322,21.6835],[79.4407,21.6822],[79.451,21.6843],[79.4585,21.6873],[79.4886,21.6741],[79.4896,21.6658],[79.4909,21.6637],[79.4946,21.6605],[79.4974,21.6519],[79.4993,21.6478],[79.5011,21.6457],[79.5003,21.6405],[79.5026,21.6346],[79.5096,21.6334],[79.5116,21.6311],[79.5125,21.6265],[79.5085,21.6229],[79.5047,21.6233],[79.5032,21.6224],[79.5011,21.6196],[79.4982,21.6124],[79.5031,21.6075],[79.5068,21.6024],[79.5058,21.5903],[79.5107,21.5832],[79.5217,21.5803],[79.5277,21.5748],[79.5321,21.573],[79.5376,21.569],[79.5395,21.5652],[79.5361,21.555],[79.5339,21.5508],[79.5342,21.5482],[79.5366,21.5442],[79.5474,21.5443],[79.5603,21.548],[79.5714,21.5438],[79.5761,21.5434],[79.5895,21.5496],[79.5949,21.5497],[79.5994,21.5508],[79.6087,21.5559],[79.6168,21.5572],[79.6253,21.5549],[79.6343,21.555],[79.6407,21.5555],[79.6475,21.5572],[79.6506,21.5588],[79.6539,21.5635],[79.6581,21.5773],[79.6629,21.5797],[79.6848,21.5807],[79.6893,21.5836],[79.6912,21.5879],[79.6938,21.591],[79.6993,21.5923],[79.7062,21.5909],[79.7138,21.5911],[79.7326,21.6025],[79.7449,21.5979],[79.7688,21.5904],[79.7918,21.5814],[79.8032,21.5726],[79.8117,21.5643],[79.8182,21.559],[79.825,21.5467],[79.8415,21.5418],[79.8506,21.5375],[79.8548,21.5325],[79.8571,21.5309],[79.8719,21.5296],[79.8767,21.5285],[79.8858,21.5296],[79.8898,21.5239],[79.8923,21.5233],[79.9012,21.5244],[79.9158,21.5245],[79.9183,21.5403],[79.9212,21.5462],[79.9272,21.5537],[79.931,21.5556],[79.9364,21.5568],[79.9471,21.5553],[79.9614,21.558],[79.9662,21.5573],[79.9718,21.5551],[79.9856,21.5368],[79.9936,21.5347],[79.9967,21.5353],[79.9982,21.5366],[80.0021,21.539],[80.0048,21.5409],[80.0075,21.5426],[80.01,21.5446],[80.0122,21.546],[80.0147,21.5474],[80.0169,21.5489],[80.0191,21.5508],[80.0227,21.5538],[80.0262,21.5567],[80.0282,21.5573],[80.032,21.5576],[80.0344,21.5575],[80.0384,21.5569],[80.0416,21.5562],[80.044,21.5551],[80.0456,21.5548],[80.0482,21.5541],[80.0501,21.5541],[80.0507,21.5541],[80.0542,21.5535],[80.0572,21.5536],[80.0596,21.5537],[80.0612,21.554],[80.0621,21.5542],[80.0636,21.5546],[80.0666,21.5568],[80.0685,21.5585],[80.07,21.5604],[80.0712,21.562],[80.0733,21.5639],[80.0751,21.5651],[80.077,21.5668],[80.0788,21.5684],[80.082,21.5718],[80.0848,21.5762],[80.0867,21.5786],[80.0897,21.5823],[80.0908,21.5836],[80.0933,21.5854],[80.094,21.5863],[80.0963,21.5874],[80.0987,21.5887],[80.1004,21.5887],[80.1021,21.5894],[80.1056,21.5911],[80.1079,21.5921],[80.1099,21.5934],[80.1116,21.5965],[80.1122,21.5996],[80.1124,21.6008],[80.1129,21.6038],[80.1149,21.607],[80.1186,21.6089],[80.1215,21.6091],[80.1241,21.6086],[80.1262,21.6083],[80.133,21.6056],[80.1375,21.6052],[80.1407,21.6047],[80.1439,21.605],[80.1479,21.6063],[80.15,21.6074],[80.1526,21.6097],[80.155,21.6118],[80.1567,21.6141],[80.1599,21.6175],[80.1621,21.6195],[80.165,21.6217],[80.169,21.6232],[80.1711,21.6237],[80.1734,21.6241],[80.1749,21.624],[80.1767,21.6239],[80.1803,21.6255],[80.1824,21.627],[80.1837,21.6285],[80.1852,21.6306],[80.1862,21.6327],[80.1882,21.6342],[80.1894,21.6343],[80.1921,21.6346],[80.1952,21.6349],[80.2004,21.6347],[80.2047,21.6335],[80.208,21.6297],[80.2104,21.6263],[80.212,21.6242],[80.2147,21.6212],[80.2163,21.6203],[80.2206,21.6196],[80.2269,21.6201],[80.2321,21.6205],[80.236,21.6208],[80.2401,21.6205],[80.2427,21.6205],[80.2476,21.6225],[80.2521,21.6222],[80.2553,21.6207],[80.2567,21.6203],[80.2602,21.6201],[80.265,21.6166],[80.2709,21.6106],[80.2724,21.6071],[80.2737,21.6026],[80.2754,21.5991],[80.2798,21.5961],[80.2828,21.5951],[80.2866,21.5934],[80.288,21.5923],[80.2886,21.5897],[80.2891,21.5884],[80.2898,21.5859],[80.2903,21.5826],[80.2919,21.578],[80.2954,21.5755],[80.2991,21.5754],[80.3034,21.5761],[80.3076,21.5767],[80.3099,21.5773],[80.313,21.5771],[80.3169,21.5757],[80.3188,21.5746],[80.3202,21.5736],[80.3214,21.5706],[80.3228,21.5674],[80.3246,21.5641],[80.3263,21.5616],[80.3275,21.5596],[80.3286,21.5583],[80.3298,21.5563],[80.3301,21.5547],[80.3291,21.5537],[80.3273,21.5517],[80.3256,21.5503],[80.3244,21.5487],[80.3274,21.5461],[80.3297,21.5444],[80.331,21.5437],[80.3329,21.5422],[80.3352,21.5407],[80.338,21.5387],[80.3397,21.5379],[80.3423,21.5374],[80.3464,21.5357],[80.3519,21.533],[80.3569,21.5308],[80.3622,21.5285],[80.3658,21.5263],[80.3676,21.5247],[80.3692,21.5229],[80.3706,21.521],[80.3708,21.5179],[80.3709,21.5171],[80.3712,21.5151],[80.3725,21.5128],[80.3736,21.5095],[80.3739,21.5051],[80.3739,21.5031],[80.3742,21.5011],[80.3746,21.499],[80.3748,21.4959],[80.3749,21.4948],[80.3749,21.4929],[80.3753,21.4911],[80.3758,21.4909],[80.3777,21.4901],[80.3786,21.4893],[80.3802,21.4873],[80.3817,21.4848],[80.3827,21.4824],[80.3837,21.479],[80.3845,21.4764],[80.3869,21.4734],[80.3899,21.4709],[80.3921,21.4694],[80.3953,21.4679],[80.3966,21.4672],[80.399,21.4664],[80.401,21.4654],[80.4022,21.4634],[80.4037,21.4613],[80.4045,21.4586],[80.4047,21.4564],[80.4054,21.4544],[80.4064,21.4512],[80.4083,21.4472],[80.4095,21.4436],[80.4106,21.4402],[80.4113,21.4382],[80.4102,21.4364],[80.4086,21.4348],[80.406,21.4325],[80.4043,21.4307],[80.4016,21.4281],[80.3989,21.4249],[80.398,21.4231],[80.4,21.4195],[80.3992,21.4179],[80.3968,21.4153],[80.3935,21.4127],[80.3899,21.4089],[80.3891,21.4074],[80.3891,21.4043],[80.3898,21.4009],[80.3915,21.3966],[80.3939,21.3922],[80.3965,21.3878],[80.3979,21.3841],[80.3994,21.3805],[80.4011,21.3783],[80.402,21.3778],[80.4034,21.3765],[80.4044,21.3758],[80.4066,21.3764],[80.4084,21.3761],[80.4103,21.3755],[80.4141,21.3753],[80.4176,21.3757],[80.421,21.3757],[80.423,21.3752],[80.4249,21.3745],[80.4269,21.3731],[80.4276,21.3729],[80.4305,21.3719],[80.4335,21.3712],[80.4356,21.3713],[80.4372,21.3714],[80.4404,21.3721],[80.4429,21.3738],[80.4436,21.3764],[80.4437,21.3797],[80.4433,21.3846],[80.4432,21.388],[80.4443,21.3905],[80.4456,21.3926],[80.4471,21.3956],[80.4476,21.3985],[80.4483,21.4023],[80.4507,21.4023],[80.4533,21.4004],[80.4548,21.3997],[80.4564,21.3987],[80.4602,21.397],[80.4629,21.3964],[80.4643,21.3959],[80.4668,21.3956],[80.4682,21.3952],[80.4714,21.3958],[80.4739,21.3993],[80.4748,21.3958],[80.4756,21.3947],[80.479,21.3959],[80.4815,21.397],[80.484,21.3973],[80.4855,21.3976],[80.4899,21.3964],[80.4934,21.3942],[80.4963,21.3929],[80.5006,21.3908],[80.5029,21.3906],[80.5057,21.3907],[80.5089,21.3911],[80.5114,21.3919],[80.5147,21.391],[80.5165,21.3905],[80.5194,21.3896],[80.5204,21.3883],[80.5217,21.3873],[80.5242,21.3837],[80.5269,21.3817],[80.5297,21.381],[80.532,21.3773],[80.5331,21.3749],[80.5342,21.3721],[80.5369,21.3691],[80.5396,21.3685],[80.5409,21.3681],[80.5442,21.3673],[80.5458,21.3663],[80.5502,21.3647],[80.5552,21.3627],[80.5582,21.3613],[80.559,21.3611],[80.5597,21.3604],[80.5642,21.3579],[80.5638,21.3557],[80.5611,21.3544],[80.5584,21.3532],[80.558,21.351],[80.5598,21.3486],[80.5605,21.3455],[80.5614,21.3433],[80.5642,21.3428],[80.5664,21.3428],[80.5691,21.3444],[80.5718,21.3456],[80.5754,21.3438],[80.5779,21.343],[80.5803,21.3421],[80.5816,21.3416],[80.5824,21.3372],[80.5819,21.3343],[80.5831,21.3312],[80.5867,21.3295],[80.5895,21.3283],[80.5913,21.3267],[80.5932,21.3248],[80.5974,21.3235],[80.5994,21.3232],[80.6023,21.3237],[80.6053,21.3243],[80.6085,21.3239],[80.6101,21.3226],[80.611,21.3217],[80.613,21.3203],[80.6178,21.3192],[80.6207,21.3202],[80.6233,21.3215],[80.6249,21.3218],[80.6283,21.3226],[80.6318,21.3237],[80.6336,21.3242],[80.6382,21.3249],[80.6444,21.3255],[80.6483,21.3264],[80.6504,21.3299],[80.6518,21.3312],[80.6565,21.3308],[80.6579,21.3294],[80.6599,21.3278],[80.6624,21.3261],[80.6636,21.3249],[80.6656,21.3221],[80.6665,21.3194],[80.667,21.3162],[80.6681,21.3138],[80.671,21.3123],[80.6727,21.3113],[80.6738,21.3091],[80.6724,21.3059],[80.6731,21.3012],[80.673,21.2983],[80.671,21.2959],[80.6683,21.294],[80.6653,21.2923],[80.6633,21.291],[80.6609,21.2898],[80.6581,21.2894],[80.6548,21.2895],[80.6537,21.286],[80.6522,21.2833],[80.6508,21.2816],[80.6486,21.2802],[80.6468,21.2781],[80.6449,21.276],[80.6434,21.2723],[80.6426,21.2691],[80.6419,21.2644],[80.6411,21.2614],[80.6395,21.2575],[80.6387,21.2548],[80.6374,21.2527],[80.6353,21.2501],[80.6322,21.2473],[80.6277,21.2457],[80.6246,21.2443],[80.6201,21.2424],[80.6157,21.24],[80.6134,21.2368],[80.6117,21.2346],[80.6105,21.2333],[80.6087,21.2318],[80.6077,21.2313],[80.6061,21.23],[80.6051,21.2288],[80.6034,21.2274],[80.601,21.2262],[80.5989,21.2251],[80.5962,21.2245],[80.5923,21.2248],[80.5894,21.2247],[80.5845,21.2231],[80.5816,21.2218],[80.5781,21.2199],[80.5748,21.2183],[80.5718,21.2169],[80.5684,21.2139],[80.5666,21.2108],[80.5661,21.2103],[80.564,21.208],[80.5612,21.2058],[80.5578,21.2039],[80.5537,21.2025],[80.5506,21.2012],[80.5493,21.201],[80.5466,21.2007],[80.5435,21.2],[80.5419,21.1992],[80.5389,21.1993],[80.535,21.1996],[80.5323,21.2002],[80.5305,21.2008],[80.5279,21.202],[80.525,21.2026],[80.5207,21.2035],[80.5182,21.2011],[80.5162,21.1983],[80.5148,21.196],[80.5132,21.1936],[80.5116,21.1911],[80.5108,21.1889],[80.5103,21.1865],[80.5093,21.1835],[80.5076,21.1824],[80.5045,21.183],[80.5026,21.1833],[80.4999,21.184],[80.4979,21.184],[80.4955,21.1833],[80.4923,21.1799],[80.4895,21.1776],[80.486,21.1772],[80.4818,21.1766],[80.4794,21.1749],[80.4771,21.1731],[80.4749,21.1714],[80.4733,21.1713],[80.4678,21.1715],[80.4642,21.1721],[80.4616,21.1728],[80.4573,21.1728],[80.4553,21.1691],[80.4543,21.1654],[80.454,21.1617],[80.4539,21.1586],[80.4528,21.1543],[80.4516,21.1497],[80.4501,21.1469],[80.4492,21.1444],[80.4482,21.1415],[80.447,21.1381],[80.446,21.1358],[80.444,21.1306],[80.4425,21.1282],[80.4407,21.1255],[80.4387,21.1214],[80.4404,21.1203],[80.4439,21.1193],[80.4462,21.1182],[80.4482,21.1163],[80.4491,21.1153],[80.4493,21.1149],[80.4492,21.1119],[80.447,21.1111],[80.4455,21.1113],[80.4437,21.1117],[80.4423,21.1119],[80.4395,21.1118],[80.4391,21.1092],[80.4387,21.107],[80.4377,21.1045],[80.4367,21.1027],[80.4361,21.101],[80.4352,21.099],[80.4342,21.098],[80.4333,21.0972],[80.4355,21.0952],[80.4364,21.0927],[80.4381,21.0888],[80.44,21.0853],[80.441,21.0833],[80.442,21.0806],[80.4425,21.0774],[80.4428,21.0742],[80.4426,21.0725],[80.441,21.0704],[80.4426,21.067],[80.443,21.0659],[80.444,21.0632],[80.4447,21.0616],[80.4461,21.06],[80.4473,21.0567],[80.4476,21.0545],[80.4482,21.052],[80.4485,21.0496],[80.4479,21.0469],[80.4471,21.0443],[80.4473,21.0408],[80.4475,21.0396],[80.4473,21.0366],[80.4465,21.0336],[80.4452,21.0309],[80.4433,21.0292],[80.4409,21.028],[80.4386,21.0272],[80.4368,21.025],[80.436,21.0221],[80.4345,21.0192],[80.4325,21.0171],[80.4301,21.0164],[80.4288,21.0136],[80.4276,21.0125],[80.4238,21.0096],[80.4248,21.0073],[80.4266,21.0051],[80.4295,21.0026],[80.4333,20.9998],[80.4381,20.9921],[80.4389,20.9716],[80.4407,20.9655],[80.4438,20.961],[80.4483,20.951],[80.4488,20.9453],[80.4566,20.9372],[80.4556,20.9321],[80.4591,20.9282],[80.4653,20.9273],[80.4739,20.9274],[80.4827,20.9285],[80.4913,20.9279],[80.5007,20.9289],[80.5106,20.9288],[80.5264,20.9321],[80.5352,20.9313],[80.5418,20.9339],[80.5381,20.9261],[80.5391,20.9211],[80.5462,20.9031],[80.5498,20.8889],[80.5489,20.8681],[80.5506,20.8599],[80.5504,20.8457],[80.5548,20.8294],[80.5559,20.8197],[80.5508,20.8155],[80.5489,20.8084],[80.5457,20.8014],[80.5433,20.7918],[80.5455,20.7823],[80.5455,20.7654],[80.5482,20.7591],[80.552,20.7535],[80.5545,20.7472],[80.5559,20.7226],[80.5602,20.7118],[80.5639,20.7072],[80.5749,20.6984],[80.5777,20.6941],[80.5793,20.69],[80.5801,20.6836],[80.5783,20.6788],[80.5728,20.6743],[80.5668,20.6729],[80.5527,20.6731],[80.5474,20.6713],[80.5374,20.664],[80.5256,20.6632],[80.5189,20.6618],[80.5076,20.6546],[80.502,20.6492],[80.4896,20.6399],[80.4848,20.6352],[80.4816,20.6298],[80.481,20.6236],[80.4816,20.6171],[80.4842,20.612],[80.4929,20.6041],[80.4972,20.5958],[80.5001,20.5869],[80.5119,20.5851],[80.5195,20.5847],[80.5298,20.5901],[80.5514,20.5991],[80.559,20.61],[80.5673,20.6124],[80.5787,20.6141],[80.5857,20.6142],[80.5925,20.6131],[80.6026,20.6074],[80.609,20.606],[80.6177,20.6062],[80.6223,20.6039],[80.6195,20.5979],[80.6129,20.5906],[80.6146,20.5853],[80.6175,20.581],[80.6142,20.5769],[80.6197,20.5673],[80.6171,20.5622],[80.6122,20.5596],[80.6099,20.5563],[80.6118,20.551],[80.6103,20.5451],[80.6134,20.5416],[80.6127,20.5373],[80.61,20.532],[80.6085,20.5162],[80.6069,20.5125],[80.6072,20.5039],[80.6062,20.4871],[80.6049,20.4812],[80.6033,20.4624],[80.6017,20.4573],[80.5947,20.4464],[80.5972,20.4421],[80.6014,20.4374],[80.6034,20.4333],[80.5999,20.4269],[80.5945,20.4207],[80.5917,20.4151],[80.5898,20.4128],[80.5865,20.4007],[80.586,20.3956],[80.586,20.392],[80.5874,20.3879],[80.5902,20.3843],[80.5984,20.3807],[80.6022,20.3764],[80.6007,20.3726],[80.6009,20.3692],[80.6051,20.3662],[80.6062,20.3608],[80.606,20.3564],[80.6115,20.3493],[80.6107,20.3453],[80.6167,20.3376],[80.6178,20.3337],[80.6167,20.3257],[80.6067,20.3253],[80.6054,20.3202],[80.5842,20.3193],[80.5516,20.3115],[80.542,20.3068],[80.5393,20.3004],[80.5358,20.2947],[80.5267,20.2848],[80.5108,20.2696],[80.4945,20.2748],[80.4759,20.2737],[80.4654,20.2716],[80.4565,20.2689],[80.4484,20.2639],[80.4373,20.2585],[80.4229,20.2526],[80.4196,20.2516],[80.4153,20.2523],[80.409,20.2491],[80.4037,20.2477],[80.3862,20.2446],[80.383,20.2417],[80.388,20.2306],[80.398,20.2128],[80.4098,20.2053],[80.412,20.2022],[80.414,20.1902],[80.4134,20.1875],[80.4041,20.1844],[80.3983,20.1834],[80.3946,20.1816],[80.3928,20.1774],[80.3919,20.1707],[80.3905,20.1663],[80.386,20.1628],[80.3846,20.1585],[80.3876,20.1516],[80.3938,20.144],[80.4015,20.1395],[80.427,20.1302],[80.4319,20.1313],[80.4396,20.1291],[80.4441,20.1303],[80.4479,20.1416],[80.4513,20.1449],[80.4587,20.1446],[80.4668,20.1427],[80.4773,20.1385],[80.4829,20.1379],[80.4911,20.1415],[80.498,20.1389],[80.5036,20.1288],[80.5105,20.1269],[80.5182,20.1268],[80.5236,20.1245],[80.5267,20.1214],[80.5288,20.1175],[80.5358,20.1138],[80.5404,20.1098],[80.5413,20.1049],[80.5352,20.0922],[80.535,20.0854],[80.5418,20.0767],[80.5462,20.0657],[80.5452,20.0596],[80.5411,20.0482],[80.5416,20.0372],[80.5354,20.0112],[80.5325,20.0039],[80.5358,19.9999],[80.5399,19.9977],[80.5435,19.9951],[80.5455,19.9872],[80.5442,19.9815],[80.5378,19.9736],[80.5347,19.9709],[80.5324,19.9671],[80.5338,19.953],[80.5263,19.9486],[80.526,19.9411],[80.5204,19.9309],[80.5088,19.9259],[80.5017,19.9248],[80.4805,19.9278],[80.4729,19.9312],[80.4698,19.9337],[80.4688,19.9403],[80.4645,19.9463],[80.453,19.9452],[80.4437,19.9527],[80.4386,19.9471],[80.431,19.9409],[80.4251,19.9373],[80.4206,19.9362],[80.4093,19.9354],[80.4063,19.9325],[80.4058,19.9255],[80.4027,19.9096],[80.4077,19.9059],[80.4147,19.9029],[80.431,19.8984],[80.4358,19.8955],[80.4444,19.8936],[80.4528,19.9],[80.4612,19.9034],[80.469,19.9034],[80.4827,19.8989],[80.4898,19.8937],[80.4917,19.8905],[80.4969,19.8772],[80.4975,19.8687],[80.4876,19.8651],[80.475,19.8571],[80.471,19.8427],[80.4686,19.8375],[80.4636,19.8358],[80.4603,19.828],[80.4551,19.8238],[80.447,19.8203],[80.4317,19.8103],[80.4246,19.808],[80.4173,19.8092],[80.405,19.8154],[80.3975,19.8162],[80.3984,19.8032],[80.3947,19.7946],[80.4001,19.7936],[80.4177,19.7971],[80.429,19.7951],[80.4358,19.7919],[80.4427,19.7905],[80.4495,19.7927],[80.4524,19.7929],[80.4618,19.7882],[80.4668,19.7849],[80.4781,19.7724],[80.4826,19.7807],[80.4821,19.7895],[80.4802,19.7954],[80.4771,19.8012],[80.4748,19.8034],[80.4629,19.8058],[80.4595,19.8113],[80.4692,19.8247],[80.476,19.828],[80.4907,19.8254],[80.4984,19.8295],[80.5075,19.8299],[80.5178,19.8289],[80.5354,19.8181],[80.5424,19.8193],[80.5442,19.8112],[80.5419,19.8032],[80.5424,19.7942],[80.5389,19.7807],[80.5397,19.7746],[80.5502,19.7646],[80.5677,19.7567],[80.5705,19.7547],[80.5787,19.7439],[80.5821,19.7381],[80.5903,19.7344],[80.6131,19.7289],[80.6202,19.7238],[80.6335,19.7185],[80.6403,19.7125],[80.6456,19.7065],[80.6613,19.6975],[80.6658,19.6922],[80.6646,19.6908],[80.666,19.6863],[80.6654,19.673],[80.6622,19.6626],[80.6561,19.6252],[80.6559,19.617],[80.6569,19.6123],[80.662,19.6087],[80.683,19.6106],[80.6967,19.6108],[80.7078,19.6105],[80.721,19.6084],[80.758,19.5902],[80.7643,19.5848],[80.765,19.5743],[80.7664,19.5683],[80.7852,19.5604],[80.8092,19.5645],[80.8196,19.5654],[80.8276,19.5627],[80.8335,19.556],[80.8361,19.549],[80.8374,19.5406],[80.8408,19.5336],[80.8454,19.5292],[80.8523,19.5242],[80.8633,19.5219],[80.8736,19.5224],[80.8791,19.519],[80.8855,19.5093],[80.8897,19.4993],[80.8914,19.4908],[80.8922,19.4815],[80.8921,19.4657],[80.8856,19.4565],[80.876,19.448],[80.8675,19.4435],[80.8575,19.4425],[80.8351,19.4424],[80.8252,19.4391],[80.808,19.4316],[80.7943,19.4288],[80.7879,19.4267],[80.7924,19.4227],[80.7954,19.4188],[80.798,19.4116],[80.8085,19.397],[80.8127,19.3827],[80.816,19.3791],[80.8232,19.3747],[80.835,19.3707],[80.8428,19.3661],[80.845,19.3609],[80.8391,19.3552],[80.8264,19.348],[80.8165,19.3425],[80.8128,19.3381],[80.8063,19.3349],[80.8028,19.3323],[80.7993,19.3252],[80.795,19.3248],[80.7879,19.3241],[80.7825,19.3217],[80.7781,19.3185],[80.7662,19.3081],[80.764,19.3053],[80.7597,19.2998],[80.7551,19.2952],[80.7492,19.2867],[80.7434,19.286],[80.7367,19.287],[80.7307,19.284],[80.7183,19.2855],[80.7092,19.2833],[80.7004,19.2823],[80.6987,19.2823],[80.6937,19.2823],[80.6886,19.2835],[80.6836,19.2869],[80.6818,19.2958],[80.6853,19.3126],[80.6842,19.32],[80.6792,19.3241],[80.6719,19.3264],[80.6644,19.3266],[80.6579,19.3243],[80.6353,19.3128],[80.6255,19.3068],[80.6177,19.3048],[80.6102,19.3071],[80.6039,19.3118],[80.6001,19.3181],[80.5985,19.3247],[80.5957,19.3313],[80.5927,19.3352],[80.5886,19.3444],[80.5856,19.353],[80.5823,19.3683],[80.5847,19.3737],[80.5839,19.3772],[80.5729,19.3984],[80.5708,19.3994],[80.5678,19.4009],[80.5593,19.3976],[80.5315,19.3743],[80.5261,19.3672],[80.5227,19.3598],[80.519,19.354],[80.5138,19.3482],[80.5072,19.3436],[80.5004,19.3413],[80.4811,19.3378],[80.4756,19.335],[80.4705,19.3289],[80.4653,19.3159],[80.4645,19.314],[80.4621,19.3081],[80.4568,19.2992],[80.4454,19.2699],[80.437,19.2611],[80.4281,19.2544],[80.4192,19.2503],[80.4145,19.2492],[80.4082,19.2477],[80.4016,19.2468],[80.3968,19.2462],[80.3885,19.2433],[80.3833,19.2391],[80.3792,19.2326],[80.377,19.2174],[80.3799,19.2087],[80.3861,19.1956],[80.3867,19.189],[80.3811,19.1807],[80.3729,19.1751],[80.3624,19.1693],[80.3455,19.1629],[80.3441,19.1618],[80.3406,19.1589],[80.3396,19.153],[80.3355,19.1476],[80.3249,19.1415],[80.3209,19.1245],[80.3224,19.1202],[80.3297,19.1074],[80.3315,19.1011],[80.3241,19.0949],[80.3199,19.0882],[80.3226,19.0822],[80.3221,19.0749],[80.32,19.0694],[80.3158,19.0646],[80.3022,19.0555],[80.2917,19.0498],[80.2888,19.0463],[80.2905,19.04],[80.2953,19.0287],[80.2934,19.0216],[80.2881,19.0139],[80.2723,18.9974],[80.2677,18.9873],[80.2675,18.984],[80.2673,18.9807],[80.269,18.9642],[80.2675,18.9526],[80.2653,18.947],[80.2641,18.9405],[80.2647,18.9373],[80.2652,18.9346],[80.2676,18.9288],[80.2705,18.9249],[80.2914,18.9076],[80.2981,18.9005],[80.3086,18.8862],[80.3099,18.8848],[80.3135,18.8812],[80.3217,18.8748],[80.3257,18.87],[80.3357,18.8561],[80.3396,18.8483],[80.3456,18.8339],[80.3485,18.8239],[80.3478,18.8159],[80.3462,18.8111],[80.3347,18.8061],[80.3187,18.796],[80.3059,18.7943],[80.2994,18.7935],[80.2942,18.7906],[80.2902,18.7863],[80.2795,18.7679],[80.2766,18.7649],[80.2718,18.7622],[80.2654,18.7632],[80.2629,18.7643],[80.2615,18.765],[80.2607,18.7651],[80.2546,18.766],[80.249,18.7653],[80.2422,18.7597],[80.2405,18.7566],[80.2396,18.7522],[80.2408,18.7487],[80.2475,18.7436],[80.2548,18.7361],[80.2575,18.7313],[80.2675,18.718],[80.2604,18.7141],[80.2467,18.7013],[80.2417,18.7002],[80.2356,18.7004],[80.23,18.6975],[80.2253,18.6961],[80.22,18.6992],[80.2144,18.7011],[80.2079,18.7005],[80.2019,18.6974],[80.1941,18.6885],[80.1917,18.6836],[80.191,18.679],[80.189,18.6756],[80.1757,18.6759],[80.171,18.6773],[80.1674,18.6801],[80.1646,18.6903],[80.162,18.694],[80.1581,18.6959],[80.1522,18.6953],[80.1487,18.6932],[80.1423,18.6863],[80.1366,18.6868],[80.1309,18.6854],[80.1213,18.6812],[80.1184,18.6791],[80.116,18.6758],[80.1108,18.6762],[80.1066,18.6775],[80.1005,18.685],[80.087,18.6976],[80.0844,18.7008],[80.0821,18.7024],[80.0789,18.7013],[80.0747,18.7026],[80.0679,18.7087],[80.0655,18.7133],[80.0619,18.7165],[80.0533,18.7178],[80.0464,18.7209],[80.0329,18.7464],[80.0297,18.7487],[80.0187,18.751],[80.0165,18.757],[80.0145,18.7601],[80.0124,18.7668],[80.0091,18.7686],[79.9929,18.7735],[79.9815,18.7743],[79.9501,18.7799],[79.9401,18.7818],[79.932,18.7844],[79.9163,18.7973],[79.9091,18.8067],[79.894,18.8308],[79.9041,18.8349],[79.9208,18.8362],[79.9255,18.8375],[79.9333,18.845],[79.939,18.8589],[79.9409,18.8774],[79.9401,18.8967],[79.9414,18.9158],[79.9409,18.9377],[79.9359,18.9576],[79.9322,18.9716],[79.9313,18.9748],[79.9328,18.9957],[79.9345,19.0217],[79.9331,19.0297],[79.926,19.0425],[79.9161,19.0474],[79.9029,19.048],[79.8908,19.0455],[79.8811,19.0414],[79.871,19.0355],[79.8596,19.0346],[79.857,19.0422],[79.8611,19.0599],[79.8601,19.091],[79.858,19.1041],[79.8631,19.1158],[79.8712,19.1227],[79.906,19.1418],[79.9223,19.1571],[79.9261,19.1609],[79.9407,19.1644],[79.9432,19.1706],[79.9424,19.1759],[79.9353,19.1839],[79.9225,19.2034],[79.9193,19.215],[79.9202,19.2264],[79.9319,19.2593],[79.9452,19.2841],[79.949,19.2889],[79.9618,19.2975],[79.9636,19.3065],[79.9574,19.3245],[79.9572,19.3346],[79.9645,19.3507],[79.9665,19.3609],[79.9672,19.3746],[79.9707,19.3821],[79.9726,19.3916],[79.9731,19.401],[79.97,19.4095],[79.9592,19.4259],[79.9458,19.4408],[79.9462,19.4509],[79.945,19.4588],[79.9402,19.4645],[79.9373,19.467],[79.9329,19.4691],[79.9235,19.4776],[79.9178,19.4855],[79.911,19.4923],[79.9022,19.4965],[79.8782,19.5007],[79.8702,19.505],[79.8638,19.5136],[79.8562,19.5171],[79.8282,19.537],[79.8232,19.5443],[79.8206,19.5524],[79.8195,19.5615],[79.8166,19.569],[79.8111,19.5738],[79.8052,19.5768],[79.7933,19.5801],[79.7863,19.5897],[79.7854,19.5936],[79.7775,19.5977],[79.7663,19.6002],[79.7543,19.6023],[79.7403,19.6031],[79.7299,19.5966],[79.7129,19.5833],[79.7051,19.5812],[79.6957,19.5811],[79.6848,19.5792],[79.678,19.5766],[79.665,19.5772],[79.6526,19.5767],[79.6397,19.575],[79.6214,19.5651],[79.6158,19.5586],[79.6109,19.5492],[79.6072,19.5395],[79.6029,19.5211],[79.6024,19.5145],[79.6009,19.508],[79.5981,19.5038],[79.5913,19.5017],[79.5827,19.5031],[79.5734,19.5066],[79.5656,19.5109],[79.5525,19.52],[79.5477,19.5261],[79.5452,19.534],[79.5447,19.5427],[79.5427,19.5485],[79.535,19.5481],[79.5262,19.5461],[79.515,19.542],[79.5148,19.5408],[79.516,19.5368],[79.5158,19.5224],[79.5134,19.5181],[79.4933,19.5052],[79.48,19.5038],[79.4704,19.4975],[79.4651,19.509],[79.4582,19.519],[79.4413,19.5335],[79.4303,19.5351],[79.4232,19.5328],[79.4136,19.5335],[79.4018,19.5398],[79.389,19.5489],[79.3807,19.5559],[79.3712,19.5615],[79.369,19.5712],[79.3409,19.5738],[79.3297,19.5737],[79.3215,19.5718],[79.3143,19.5655],[79.3096,19.582],[79.3048,19.5902],[79.2932,19.5967],[79.2679,19.6067],[79.2552,19.6112],[79.2439,19.6126],[79.2371,19.6095],[79.2377,19.5995],[79.2438,19.5933],[79.2487,19.5869],[79.2501,19.5777],[79.2398,19.5595],[79.2382,19.5509],[79.2393,19.542],[79.2384,19.5328],[79.2366,19.5268],[79.232,19.5208],[79.2234,19.517],[79.2157,19.5106],[79.2081,19.4986],[79.2068,19.4917],[79.2088,19.4848],[79.2207,19.4756],[79.2229,19.4678],[79.2187,19.4645],[79.189,19.4587],[79.1778,19.4607],[79.1691,19.4678],[79.157,19.4855],[79.1403,19.5011],[79.1264,19.5065],[79.1128,19.5098],[79.1047,19.5127],[79.1024,19.5194],[79.1029,19.528],[79.0966,19.5305],[79.0738,19.5286],[79.0634,19.5313],[79.0601,19.5387],[79.0515,19.5453],[79.0388,19.545],[79.0184,19.54],[79.0122,19.5438],[79.0001,19.5594],[78.9956,19.561],[78.9929,19.562],[78.9864,19.5571],[78.9785,19.5509],[78.9736,19.5499],[78.9649,19.5503],[78.9546,19.5518],[78.9496,19.5575],[78.9545,19.5627],[78.9647,19.5703],[78.969,19.5735],[78.9779,19.5799],[78.9805,19.5851],[78.9783,19.5904],[78.9713,19.5973],[78.9656,19.6045],[78.9629,19.6173],[78.9647,19.6296],[78.968,19.6394],[78.969,19.6492],[78.9617,19.6588],[78.9542,19.6634],[78.9436,19.6651],[78.935,19.6622],[78.9159,19.6677],[78.9038,19.6646],[78.891,19.6553],[78.8779,19.6568],[78.8588,19.6563],[78.8591,19.6689],[78.8632,19.6795],[78.864,19.6867],[78.8635,19.6968],[78.8617,19.7059],[78.8574,19.7197],[78.8569,19.7313],[78.8536,19.738],[78.8456,19.7584],[78.8443,19.759],[78.8383,19.7621],[78.8253,19.7604],[78.8171,19.7604],[78.8076,19.758],[78.8032,19.7601],[78.797,19.7686],[78.7849,19.7787],[78.7732,19.7794],[78.7632,19.7756],[78.7522,19.7773],[78.7431,19.7797],[78.7383,19.7794],[78.7318,19.7729],[78.7247,19.769],[78.7164,19.7668],[78.7092,19.7727],[78.7018,19.7856],[78.6959,19.7897],[78.6864,19.7899],[78.6483,19.8015],[78.6352,19.8038],[78.6193,19.8087],[78.6143,19.8133],[78.6037,19.8175],[78.5953,19.8174],[78.5918,19.8154],[78.585,19.8117],[78.5737,19.8138],[78.5579,19.8156],[78.5263,19.8217],[78.5192,19.8199],[78.5124,19.8143],[78.5096,19.8012],[78.5037,19.7924],[78.4939,19.7931],[78.4895,19.7985],[78.4843,19.8072],[78.4762,19.8164],[78.4647,19.8162],[78.4446,19.8192],[78.4287,19.8231],[78.409,19.8299],[78.3977,19.8364],[78.3892,19.8462],[78.3859,19.8527],[78.386,19.8557],[78.3842,19.8636],[78.385,19.8739],[78.3841,19.8792],[78.3745,19.8793],[78.3658,19.8829],[78.3467,19.8814],[78.3363,19.8832],[78.3252,19.8905],[78.323,19.895],[78.3266,19.8994],[78.3346,19.9043],[78.3351,19.9101],[78.3284,19.9161],[78.3195,19.9155],[78.3102,19.9127],[78.3076,19.9085],[78.2977,19.8733],[78.2942,19.8556],[78.2941,19.8496],[78.3032,19.8458],[78.339,19.8392],[78.3414,19.8329],[78.336,19.8187],[78.3392,19.8135],[78.3516,19.8104],[78.3605,19.8057],[78.367,19.7945],[78.3677,19.7811],[78.3648,19.7673],[78.3608,19.754],[78.3532,19.7378],[78.3454,19.7344],[78.3443,19.7243],[78.3453,19.7136],[78.3325,19.7085],[78.3227,19.7036],[78.3201,19.6967],[78.3161,19.6906],[78.3049,19.6884],[78.2858,19.6897],[78.2734,19.6702],[78.2697,19.6631],[78.2727,19.6602],[78.2876,19.6545],[78.2924,19.6442],[78.2955,19.6318],[78.299,19.6234],[78.3089,19.6114],[78.311,19.6042],[78.31,19.5867],[78.312,19.5786],[78.3111,19.5718],[78.3061,19.5674],[78.2999,19.5668],[78.2993,19.5613],[78.2965,19.5584],[78.2853,19.5603],[78.2791,19.5582],[78.2846,19.5504],[78.2915,19.5431],[78.295,19.5373],[78.2955,19.5308],[78.2987,19.5136],[78.2994,19.5041],[78.3036,19.4938],[78.31,19.4864],[78.312,19.4793],[78.312,19.4659],[78.3089,19.4564],[78.2973,19.4488],[78.2912,19.4488],[78.282,19.453],[78.2732,19.4538],[78.2669,19.4479],[78.2618,19.4401],[78.252,19.43],[78.2458,19.429],[78.2336,19.4329],[78.2243,19.434],[78.2151,19.4271],[78.2055,19.4144],[78.1981,19.4074],[78.1822,19.4118],[78.1876,19.3956],[78.187,19.3845],[78.1848,19.3763],[78.1845,19.3682],[78.1814,19.3608],[78.1796,19.353],[78.1823,19.3454],[78.1871,19.3386],[78.1972,19.3317],[78.1951,19.325],[78.1955,19.3144],[78.1932,19.3029],[78.1832,19.279],[78.1833,19.2612],[78.1864,19.2493],[78.1833,19.2415],[78.1701,19.2363],[78.1497,19.2301],[78.1393,19.2394],[78.1267,19.2464],[78.0994,19.2455],[78.0951,19.2499],[78.0823,19.2548],[78.0751,19.2465],[78.0576,19.2397],[78.0511,19.2418],[78.048,19.2475],[78.0476,19.2556],[78.0494,19.2627],[78.0457,19.2709],[78.0329,19.2741],[78.0273,19.2787],[78.0182,19.2963],[78.0116,19.3011],[77.9959,19.3057],[77.9855,19.309],[77.9769,19.3211],[77.9667,19.3273],[77.9627,19.3318],[77.9489,19.3413],[77.9406,19.3425],[77.9372,19.3358],[77.9263,19.3319],[77.922,19.3259],[77.9123,19.318],[77.9058,19.3158],[77.8995,19.3178],[77.8933,19.3212],[77.888,19.3124],[77.8752,19.3089],[77.8711,19.3057],[77.8609,19.3021],[77.8626,19.2954],[77.8608,19.2876],[77.8619,19.2841],[77.8754,19.2798],[77.8931,19.2784],[77.9007,19.2771],[77.9057,19.2672],[77.9004,19.2561],[77.8919,19.2571],[77.8846,19.2602],[77.8674,19.2553],[77.8681,19.2461],[77.8654,19.2379],[77.8623,19.234],[77.8615,19.2263],[77.8585,19.2185],[77.8523,19.2097],[77.8527,19.2046],[77.8465,19.197],[77.8445,19.1882],[77.8584,19.1808],[77.853,19.1768],[77.8542,19.1723],[77.8539,19.1694],[77.8504,19.1677],[77.8502,19.1623],[77.8487,19.1594],[77.8492,19.1553],[77.8377,19.1383],[77.8311,19.1357],[77.8339,19.1327],[77.8386,19.1189],[77.8452,19.1142],[77.8441,19.0961],[77.8482,19.0926],[77.8481,19.0901],[77.8466,19.0885],[77.8422,19.0868],[77.8338,19.0865],[77.8286,19.0849],[77.8255,19.0917],[77.8224,19.0964],[77.8152,19.1037],[77.8058,19.1033],[77.8027,19.102],[77.8002,19.0989],[77.7998,19.0946],[77.8013,19.0844],[77.7973,19.0746],[77.7945,19.0734],[77.7935,19.0712],[77.7972,19.0649],[77.7957,19.061],[77.7972,19.0513],[77.7945,19.0502],[77.7911,19.0507],[77.7831,19.0548],[77.7779,19.0544],[77.771,19.0562],[77.7617,19.062],[77.7596,19.0593],[77.7609,19.0512],[77.7574,19.0286],[77.7602,19.0226],[77.7622,19.0205],[77.7643,19.0196],[77.7653,19.0154],[77.7657,19.0074],[77.7684,18.9994],[77.7674,18.9814],[77.7815,18.9763],[77.7871,18.9843],[77.8171,18.9824],[77.8129,18.9601],[77.8152,18.9592],[77.8127,18.9495],[77.8274,18.9457],[77.8305,18.9502],[77.8537,18.9523],[77.8487,18.9314],[77.8443,18.9303],[77.8411,18.9215],[77.8405,18.9113],[77.8566,18.9061],[77.8693,18.9103],[77.8816,18.9085],[77.8826,18.8964],[77.8877,18.8851],[77.8987,18.8837],[77.8992,18.8679],[77.9061,18.8673],[77.9253,18.8592],[77.9246,18.8541],[77.9324,18.8509],[77.9296,18.8465],[77.9441,18.8423],[77.9452,18.8321],[77.9426,18.8223],[77.9287,18.8217],[77.9076,18.8295],[77.8592,18.8141],[77.8375,18.8075],[77.8276,18.786],[77.8232,18.7685],[77.8104,18.7402],[77.8027,18.7292],[77.8022,18.7161],[77.7865,18.6943],[77.7864,18.6841],[77.7694,18.6906],[77.7688,18.7016],[77.7644,18.7079],[77.7576,18.7071],[77.7499,18.6978],[77.7495,18.6898],[77.7447,18.6839],[77.7329,18.676],[77.7281,18.6642],[77.7332,18.6621],[77.7332,18.6557],[77.7309,18.6553],[77.7301,18.6481],[77.7298,18.6456],[77.7297,18.6427],[77.736,18.6309],[77.743,18.6214],[77.7481,18.6053],[77.7472,18.5891],[77.7354,18.5632],[77.7365,18.5548],[77.7279,18.5515],[77.7124,18.5544],[77.6827,18.5408],[77.6759,18.5413],[77.6621,18.5333],[77.6576,18.5272],[77.6453,18.5363],[77.6495,18.5413],[77.6522,18.5496],[77.6496,18.5497],[77.6488,18.5526],[77.6405,18.5539],[77.6344,18.5452],[77.6291,18.5506],[77.6163,18.5487],[77.6158,18.5429],[77.6133,18.5424],[77.6109,18.5478],[77.5973,18.5475],[77.5982,18.535],[77.5933,18.528],[77.5933,18.5231],[77.6004,18.525],[77.6014,18.5219],[77.5965,18.515],[77.5871,18.5098],[77.5863,18.5029],[77.5939,18.4939],[77.6028,18.4914],[77.6038,18.4853],[77.6011,18.4742],[77.5931,18.4735],[77.5908,18.4811],[77.5765,18.4838],[77.5706,18.4669],[77.5604,18.4675],[77.5581,18.4653],[77.5465,18.4657],[77.5462,18.4634],[77.5489,18.4608],[77.5498,18.458],[77.5591,18.458],[77.5836,18.4536],[77.5833,18.4472],[77.5852,18.4454],[77.5826,18.4431],[77.5741,18.4393],[77.5669,18.4386],[77.5602,18.435],[77.5464,18.4406],[77.5345,18.4424],[77.5285,18.4405],[77.5259,18.4274],[77.536,18.4235],[77.5352,18.4212],[77.5441,18.4204],[77.5552,18.4179],[77.5493,18.3877],[77.5416,18.3852],[77.5305,18.3758],[77.5214,18.3647],[77.5195,18.3493],[77.5273,18.3394],[77.5422,18.3339],[77.5534,18.3312],[77.5669,18.3179],[77.5702,18.3082],[77.555,18.2983],[77.55,18.2913],[77.5396,18.2938],[77.5239,18.303],[77.5198,18.3074],[77.5095,18.3067],[77.5084,18.3022],[77.5126,18.282],[77.5102,18.2784],[77.4977,18.2733],[77.4922,18.2659],[77.4803,18.2687],[77.4748,18.2623],[77.4692,18.2632],[77.4654,18.26],[77.4508,18.266],[77.4452,18.2701],[77.4449,18.2772],[77.4369,18.282],[77.4346,18.293],[77.4364,18.3065],[77.4278,18.3092],[77.425,18.3047],[77.4078,18.2996],[77.3963,18.303],[77.3926,18.3009],[77.3813,18.306],[77.3625,18.3083],[77.3588,18.3106],[77.3554,18.3185],[77.367,18.3223],[77.3739,18.3295],[77.378,18.3287],[77.3809,18.3319],[77.3793,18.3391],[77.3862,18.3382],[77.3892,18.3408],[77.3928,18.3405],[77.3928,18.3457],[77.3959,18.3446],[77.3983,18.3475],[77.3982,18.3535],[77.3918,18.3659],[77.4007,18.3702],[77.4079,18.3785],[77.4101,18.3885],[77.4005,18.3978],[77.3926,18.397],[77.3698,18.4007],[77.3644,18.4298],[77.3654,18.4381],[77.3696,18.4477],[77.3541,18.4487],[77.3453,18.4344],[77.3421,18.4303],[77.3373,18.4354],[77.3334,18.4419],[77.3327,18.4485],[77.326,18.4489],[77.3256,18.4551],[77.3174,18.4538],[77.3133,18.4394],[77.3023,18.4385],[77.2948,18.4327],[77.2646,18.4184],[77.2584,18.4104],[77.2491,18.4083],[77.2402,18.4086],[77.2364,18.3998],[77.2329,18.3861],[77.245,18.3706],[77.2416,18.3664],[77.2308,18.3656],[77.2214,18.3472],[77.2273,18.3449],[77.223,18.3378],[77.2169,18.3249],[77.21,18.3137],[77.2001,18.3192],[77.1954,18.3127],[77.1976,18.2955],[77.2045,18.2905],[77.2062,18.278],[77.1988,18.2792],[77.1917,18.2743],[77.1778,18.2819],[77.1705,18.2809],[77.1674,18.2735],[77.1657,18.2559],[77.1572,18.2531],[77.1514,18.2379],[77.1478,18.2376],[77.1477,18.2214],[77.1488,18.2215],[77.1506,18.2215],[77.15,18.2166],[77.1422,18.216],[77.1395,18.2072],[77.1311,18.2062],[77.121,18.2067],[77.1166,18.2024],[77.1066,18.2018],[77.0955,18.1951],[77.0989,18.1911],[77.1029,18.1863],[77.1163,18.1676],[77.1089,18.1527],[77.0966,18.1581],[77.0927,18.157],[77.0893,18.156],[77.0862,18.1503],[77.0691,18.1494],[77.0577,18.1524],[77.0577,18.1559],[77.0503,18.1613],[77.0494,18.1732],[77.0381,18.1813],[77.0328,18.1838],[77.0324,18.183],[77.0303,18.1793],[77.0217,18.1782],[77.0227,18.1712],[77.024,18.1627],[76.9978,18.1668],[76.9953,18.1733],[76.9955,18.1784],[76.993,18.1821],[76.9915,18.1867],[76.9879,18.1885],[76.9806,18.1894],[76.9799,18.1874],[76.9709,18.1869],[76.9588,18.1861],[76.9541,18.1849],[76.951,18.1725],[76.9438,18.1547],[76.9334,18.1579],[76.9254,18.1448],[76.9277,18.1399],[76.9318,18.1366],[76.93,18.1323],[76.9242,18.1245],[76.9223,18.1202],[76.9226,18.1161],[76.9322,18.111],[76.9425,18.1114],[76.9534,18.1101],[76.9586,18.1064],[76.9683,18.0971],[76.9673,18.0926],[76.9643,18.0882],[76.9548,18.0854],[76.9497,18.0823],[76.947,18.0738],[76.9495,18.0683],[76.9527,18.0634],[76.9506,18.0583],[76.9484,18.0487],[76.9486,18.0457],[76.9543,18.0427],[76.9546,18.0397],[76.9521,18.0377],[76.9386,18.0372],[76.9177,18.0332],[76.9194,18.022],[76.9202,18.0138],[76.9177,18.0123],[76.9182,18.0019],[76.9185,17.9987],[76.9176,17.9963],[76.9197,17.9906],[76.9196,17.9854],[76.9182,17.9729],[76.9173,17.9605],[76.9132,17.9372],[76.9192,17.9367],[76.9183,17.9231],[76.9164,17.9151],[76.9132,17.9138],[76.9002,17.9147],[76.8966,17.908],[76.8937,17.9074],[76.8924,17.9029],[76.8894,17.8972],[76.8832,17.8971],[76.8812,17.8931],[76.8753,17.8927],[76.8719,17.8947],[76.8538,17.8978],[76.8469,17.8964],[76.8318,17.8907],[76.8331,17.8827],[76.8204,17.8845],[76.8171,17.8831],[76.8111,17.8841],[76.8082,17.8831],[76.8054,17.8742],[76.8063,17.8705],[76.8028,17.8683],[76.7974,17.8693],[76.7746,17.877],[76.7733,17.8787],[76.7738,17.8822],[76.7731,17.8852],[76.7701,17.8924],[76.766,17.8984],[76.743,17.899],[76.7407,17.898],[76.7396,17.892],[76.7396,17.8836],[76.7375,17.8571],[76.7458,17.8583],[76.7546,17.8566],[76.7597,17.8521],[76.7643,17.8495],[76.7657,17.8508],[76.7797,17.8363],[76.7855,17.8315],[76.7882,17.8265],[76.7848,17.8196],[76.7814,17.8151],[76.7795,17.8103],[76.7798,17.8059],[76.7763,17.7994],[76.77,17.797],[76.7663,17.7966],[76.7628,17.7871],[76.7489,17.7864],[76.7478,17.7836],[76.744,17.7835],[76.7436,17.7808],[76.7394,17.7791],[76.7246,17.7851],[76.7194,17.7853],[76.7157,17.7819],[76.7124,17.7751],[76.7128,17.7714],[76.7172,17.7698],[76.721,17.7676],[76.7191,17.7613],[76.718,17.7479],[76.7219,17.748],[76.7265,17.7404],[76.7276,17.737],[76.7035,17.7291],[76.6982,17.726],[76.7021,17.7237],[76.7035,17.7186],[76.7008,17.7073],[76.6924,17.7053],[76.6909,17.7019],[76.6912,17.6981],[76.6931,17.6938],[76.6906,17.68],[76.6883,17.6785],[76.6781,17.6873],[76.6716,17.6891],[76.6631,17.6879],[76.6598,17.6992],[76.6581,17.7085],[76.6552,17.7164],[76.6508,17.7208],[76.6374,17.7241],[76.6307,17.729],[76.6298,17.7419],[76.627,17.756],[76.6234,17.7579],[76.6144,17.7683],[76.6095,17.766],[76.6069,17.7596],[76.6041,17.7558],[76.5988,17.728],[76.5932,17.7176],[76.587,17.7079],[76.5772,17.7031],[76.5732,17.7022],[76.5694,17.7037],[76.5681,17.7398],[76.5646,17.7537],[76.5694,17.7564],[76.5733,17.76],[76.5675,17.7629],[76.5598,17.7631],[76.5382,17.7589],[76.5316,17.7585],[76.5263,17.7594],[76.5237,17.7589],[76.525,17.7347],[76.5248,17.7229],[76.5236,17.7152],[76.511,17.7159],[76.4923,17.7149],[76.4864,17.7135],[76.4856,17.6927],[76.4844,17.6844],[76.4846,17.6696],[76.4893,17.6607],[76.4523,17.6555],[76.4515,17.6515],[76.4408,17.6494],[76.4428,17.6419],[76.4348,17.6445],[76.4287,17.6444],[76.4272,17.6398],[76.4258,17.6283],[76.4241,17.6215],[76.4207,17.6142],[76.4182,17.6058],[76.4157,17.6042],[76.3821,17.6008],[76.373,17.5979],[76.3595,17.5963],[76.3487,17.5954],[76.3364,17.596],[76.3317,17.5949],[76.3329,17.5738],[76.3342,17.5635],[76.3372,17.5552],[76.34,17.5426],[76.3458,17.5402],[76.3548,17.5387],[76.3609,17.5363],[76.3646,17.5285],[76.3661,17.5222],[76.3664,17.5167],[76.356,17.5134],[76.3463,17.5115],[76.3437,17.5081],[76.3435,17.4944],[76.3459,17.4916],[76.3552,17.4942],[76.3666,17.4953],[76.375,17.4935],[76.3723,17.4858],[76.35,17.4721],[76.3428,17.4704],[76.3378,17.4704],[76.3308,17.4688],[76.3308,17.4616],[76.3337,17.4323],[76.342,17.4338],[76.3639,17.4356],[76.3732,17.4344],[76.3699,17.423],[76.37,17.4079],[76.362,17.3751],[76.4081,17.3693],[76.4105,17.3541],[76.4106,17.3477],[76.402,17.344],[76.393,17.3363],[76.3839,17.3195],[76.3817,17.3118],[76.3594,17.3103],[76.3523,17.3106],[76.3506,17.3277],[76.3436,17.3499],[76.3347,17.3498],[76.317,17.3454],[76.313,17.3433],[76.3184,17.3318],[76.3172,17.3294],[76.305,17.3285],[76.2959,17.3286],[76.2858,17.3304],[76.2759,17.3305],[76.2726,17.3479],[76.2702,17.3565],[76.2649,17.3582],[76.2563,17.3574],[76.25,17.3579],[76.2489,17.3621],[76.2504,17.3667],[76.2467,17.3679],[76.2444,17.3747],[76.2304,17.3703],[76.229,17.3632],[76.2035,17.3588],[76.1932,17.3586],[76.1829,17.3565],[76.176,17.3524],[76.1723,17.3487],[76.1735,17.3322],[76.1763,17.3215],[76.1789,17.3139],[76.1826,17.3143],[76.1838,17.311],[76.1758,17.2972],[76.1719,17.2976],[76.1638,17.3003],[76.1642,17.3193],[76.1631,17.3409],[76.1457,17.3479],[76.1376,17.3526],[76.1212,17.3663],[76.1167,17.3662],[76.102,17.3623],[76.096,17.3578],[76.0928,17.3544],[76.0905,17.3506],[76.0941,17.3471],[76.0925,17.3437],[76.087,17.3384],[76.0869,17.3337],[76.085,17.3321],[76.0787,17.3301],[76.0735,17.3323],[76.0632,17.3519],[76.0605,17.3539],[76.0545,17.3543],[76.0367,17.349],[76.0213,17.3493],[76.0155,17.3506],[76.0091,17.3475],[76.0042,17.3428],[76.0003,17.3377],[75.9807,17.3362],[75.9715,17.3365],[75.9598,17.3338],[75.9417,17.3249],[75.9312,17.3241],[75.9162,17.339],[75.9107,17.3458],[75.8981,17.3508],[75.8937,17.3536],[75.892,17.3608],[75.8964,17.37],[75.897,17.377],[75.8964,17.395],[75.8944,17.4059],[75.8903,17.4136],[75.8872,17.4173],[75.8824,17.419],[75.8784,17.4165],[75.8771,17.4114],[75.8791,17.4049],[75.8789,17.4003],[75.8767,17.397],[75.8649,17.3864],[75.862,17.3859],[75.8591,17.389],[75.856,17.4077],[75.8479,17.4153],[75.8389,17.4205],[75.8278,17.4237],[75.8247,17.4228],[75.822,17.4197],[75.8203,17.4066],[75.8173,17.4012],[75.8163,17.3978],[75.8177,17.388],[75.8176,17.3807],[75.8151,17.3738],[75.8113,17.3699],[75.8023,17.3701],[75.791,17.373],[75.7823,17.3788],[75.7766,17.3882],[75.7698,17.4068],[75.7641,17.4084],[75.7588,17.4084],[75.7505,17.4129],[75.737,17.4219],[75.734,17.4217],[75.729,17.4195],[75.7224,17.4118],[75.7152,17.4089],[75.7081,17.4083],[75.6972,17.4106],[75.6912,17.4126],[75.6871,17.4173],[75.6808,17.4362],[75.6808,17.454],[75.6776,17.458],[75.6704,17.4593],[75.6623,17.4597],[75.6562,17.4675],[75.6496,17.4734],[75.6356,17.4775],[75.6329,17.4696],[75.6313,17.4612],[75.6253,17.4581],[75.6187,17.4391],[75.6154,17.422],[75.6101,17.4195],[75.6106,17.4171],[75.615,17.4096],[75.6167,17.3986],[75.6158,17.3919],[75.6106,17.392],[75.6033,17.3899],[75.5982,17.3861],[75.5882,17.383],[75.5837,17.3822],[75.5785,17.3829],[75.5841,17.3513],[75.5848,17.3498],[75.5899,17.3497],[75.5981,17.3451],[75.6131,17.3423],[75.616,17.3288],[75.6137,17.3194],[75.606,17.3033],[75.6247,17.2938],[75.6279,17.2881],[75.6311,17.2798],[75.6334,17.2774],[75.6323,17.2722],[75.6575,17.2706],[75.6599,17.2614],[75.6609,17.24],[75.6628,17.2279],[75.6639,17.2138],[75.6621,17.2083],[75.6574,17.2038],[75.6436,17.1941],[75.6426,17.1882],[75.6307,17.1862],[75.6302,17.1814],[75.6285,17.1807],[75.628,17.1701],[75.6314,17.1601],[75.6427,17.1476],[75.6487,17.1388],[75.6497,17.1332],[75.6527,17.1327],[75.6536,17.1131],[75.6741,17.1136],[75.6755,17.1011],[75.6785,17.0942],[75.6774,17.0877],[75.6801,17.0783],[75.6811,17.0711],[75.6784,17.0629],[75.671,17.0616],[75.6627,17.0618],[75.6544,17.0551],[75.6479,17.0466],[75.6438,17.0364],[75.6482,17.0327],[75.654,17.0306],[75.6622,17.0324],[75.6722,17.0357],[75.6731,17.0262],[75.6705,16.9988],[75.6687,16.9832],[75.6688,16.9778],[75.6694,16.9756],[75.6726,16.9741],[75.6746,16.9694],[75.6784,16.9639],[75.6746,16.9603],[75.6714,16.9585],[75.6637,16.9579],[75.6556,16.9561],[75.6496,16.952],[75.645,16.951],[75.6394,16.9592],[75.6363,16.9658],[75.6309,16.9671],[75.621,16.9678],[75.6107,16.9696],[75.6097,16.9989],[75.6095,17.0031],[75.5994,17.0052],[75.5758,17.0078],[75.5699,17.0062],[75.5693,16.9989],[75.5703,16.9636],[75.5585,16.9643],[75.5428,16.9631],[75.5329,16.9667],[75.53,16.9658],[75.5241,16.9587],[75.517,16.9519],[75.5107,16.9473],[75.5093,16.9486],[75.5019,16.9454],[75.4925,16.9429],[75.493,16.9452],[75.4926,16.9515],[75.4918,16.9578],[75.4897,16.9654],[75.4825,16.976],[75.4686,16.9796],[75.4679,16.9853],[75.4535,16.9827],[75.4438,16.9795],[75.4389,16.9709],[75.431,16.9635],[75.4168,16.9695],[75.3948,16.9764],[75.3717,16.9687],[75.3644,16.9636],[75.3596,16.9569],[75.3453,16.9525],[75.338,16.9535],[75.3061,16.9547],[75.2947,16.9541],[75.2884,16.9548],[75.2846,16.9536],[75.2836,16.9429],[75.2856,16.9094],[75.2918,16.9011],[75.2875,16.8832],[75.2857,16.8788],[75.2828,16.8742],[75.2683,16.8609],[75.258,16.8621],[75.2487,16.8645],[75.2434,16.8645],[75.241,16.863],[75.2357,16.8542],[75.2329,16.8455],[75.23,16.8409],[75.2159,16.8403],[75.1883,16.8409],[75.1832,16.842],[75.189,16.8619],[75.1925,16.8696],[75.1897,16.8735],[75.1808,16.8675],[75.1718,16.8648],[75.1644,16.8656],[75.1505,16.8694],[75.1411,16.8735],[75.1384,16.8783],[75.1371,16.8846],[75.1384,16.8929],[75.1276,16.8972],[75.1236,16.9004],[75.122,16.9072],[75.1188,16.91],[75.1069,16.9095],[75.098,16.9139],[75.0947,16.9212],[75.0941,16.9472],[75.0904,16.9487],[75.0829,16.9466],[75.0654,16.9393],[75.0552,16.9389],[75.0508,16.9397],[75.0481,16.9387],[75.0454,16.9343],[75.0345,16.9287],[75.0319,16.9257],[75.0301,16.9311],[75.0303,16.9415],[75.0114,16.9426],[75.0037,16.9458],[74.9995,16.9419],[74.9945,16.935],[74.9858,16.929],[74.9814,16.9306],[74.9753,16.9346],[74.9695,16.9359],[74.9667,16.9356],[74.96,16.9329],[74.958,16.9291],[74.9545,16.93],[74.9524,16.9362],[74.9483,16.9358],[74.9384,16.941],[74.9285,16.9352],[74.927,16.9256],[74.9369,16.9207],[74.9382,16.9165],[74.9441,16.9133],[74.948,16.9092],[74.9528,16.9065],[74.9673,16.9054],[74.9641,16.8779],[74.9561,16.8773],[74.9486,16.8801],[74.9451,16.8771],[74.9397,16.8765],[74.9398,16.8723],[74.9371,16.8692],[74.9315,16.8695],[74.9278,16.8633],[74.912,16.8559],[74.9133,16.8414],[74.9131,16.8307],[74.9158,16.8102],[74.9159,16.7857],[74.9238,16.77],[74.907,16.7698],[74.8926,16.7687],[74.8684,16.7711],[74.855,16.7708],[74.8503,16.7603],[74.8041,16.7508],[74.8004,16.7457],[74.7911,16.7481],[74.779,16.7486],[74.7756,16.744],[74.775,16.7408],[74.7694,16.7395],[74.7638,16.7368],[74.7561,16.7296],[74.7541,16.7262],[74.7482,16.7221],[74.7366,16.7158],[74.7224,16.7133],[74.7078,16.7131],[74.6982,16.7152],[74.6959,16.7105],[74.695,16.6924],[74.6956,16.6858],[74.689,16.6841],[74.6875,16.6817],[74.6873,16.679],[74.6946,16.6786],[74.6961,16.675],[74.6717,16.6635],[74.6688,16.6556],[74.6605,16.6376],[74.663,16.6322],[74.666,16.6287],[74.6739,16.6285],[74.6853,16.6199],[74.6912,16.6181],[74.6943,16.6152],[74.6946,16.6108],[74.6934,16.6073],[74.6904,16.6045],[74.6786,16.6066],[74.6753,16.606],[74.6688,16.6027],[74.6639,16.6011],[74.6517,16.607],[74.6477,16.6081],[74.6428,16.6068],[74.6411,16.6047],[74.6397,16.5995],[74.6394,16.5944],[74.6405,16.5819],[74.6364,16.5757],[74.6307,16.5777],[74.627,16.5809],[74.6239,16.5819],[74.6244,16.5776],[74.6226,16.5736],[74.617,16.568],[74.6048,16.5621],[74.5959,16.5644],[74.5934,16.5638],[74.5918,16.5607],[74.5916,16.5588],[74.5925,16.5573],[74.592,16.5555],[74.5815,16.555],[74.5815,16.5518],[74.5741,16.552],[74.5691,16.5564],[74.5655,16.5578],[74.5622,16.558],[74.5597,16.5597],[74.5591,16.5671],[74.5597,16.5714],[74.5651,16.5746],[74.5698,16.5812],[74.5656,16.5904],[74.5546,16.5924],[74.5499,16.5922],[74.5502,16.609],[74.5494,16.6155],[74.5514,16.6332],[74.5301,16.6306],[74.5103,16.6315],[74.5017,16.6271],[74.498,16.6266],[74.4955,16.6277],[74.4918,16.6323],[74.4898,16.6361],[74.4859,16.6391],[74.4813,16.6541],[74.4774,16.6608],[74.4701,16.6552],[74.4648,16.653],[74.4652,16.6469],[74.4628,16.6445],[74.4645,16.634],[74.4698,16.6235],[74.4714,16.6218],[74.4708,16.615],[74.4725,16.6048],[74.447,16.6003],[74.4408,16.5987],[74.4335,16.5944],[74.4288,16.5827],[74.4223,16.5835],[74.4137,16.5802],[74.4035,16.5787],[74.4022,16.5747],[74.4012,16.5709],[74.3984,16.5654],[74.4008,16.5635],[74.4011,16.5609],[74.3955,16.5595],[74.3957,16.5357],[74.3929,16.5311],[74.3899,16.5279],[74.3854,16.5274],[74.3711,16.5377],[74.3661,16.5376],[74.3626,16.5387],[74.3646,16.5437],[74.3629,16.5486],[74.3692,16.5533],[74.3656,16.5571],[74.3631,16.5562],[74.3597,16.5537],[74.3551,16.5531],[74.3461,16.5464],[74.3402,16.5501],[74.3322,16.5537],[74.3294,16.5535],[74.3238,16.5515],[74.3222,16.5445],[74.3222,16.5391],[74.3232,16.5322],[74.3227,16.519],[74.3239,16.5063],[74.3215,16.5027],[74.3141,16.5021],[74.3135,16.5033],[74.3116,16.5069],[74.3085,16.5219],[74.3089,16.524],[74.3069,16.5292],[74.2976,16.5319],[74.2945,16.5315],[74.2948,16.5293],[74.2896,16.5226],[74.2896,16.5253],[74.2871,16.5273],[74.2867,16.5294],[74.2882,16.5395],[74.2843,16.5431],[74.2764,16.5445],[74.2716,16.5387],[74.272,16.5334],[74.2755,16.5252],[74.2766,16.5206],[74.2819,16.5206],[74.2844,16.5165],[74.2867,16.5068],[74.2858,16.5034],[74.2786,16.501],[74.2631,16.499],[74.2557,16.4968],[74.2532,16.4949],[74.2601,16.4909],[74.2621,16.4887],[74.2645,16.4855],[74.2652,16.4824],[74.2688,16.476],[74.2784,16.4796],[74.2825,16.4826],[74.281,16.4858],[74.2805,16.4894],[74.2833,16.496],[74.2889,16.5038],[74.2999,16.5026],[74.3006,16.4996],[74.2976,16.4816],[74.2948,16.4744],[74.2964,16.4667],[74.2963,16.459],[74.3014,16.4591],[74.3024,16.4611],[74.3046,16.4608],[74.3071,16.4596],[74.3148,16.4532],[74.3219,16.45],[74.3305,16.4528],[74.3356,16.4531],[74.3389,16.4522],[74.34,16.4481],[74.3388,16.4466],[74.339,16.4449],[74.3425,16.4423],[74.3422,16.4396],[74.3406,16.4362],[74.3405,16.433],[74.3438,16.4255],[74.3373,16.4202],[74.3382,16.4134],[74.3419,16.4052],[74.3427,16.4005],[74.3493,16.3994],[74.3492,16.4039],[74.3595,16.404],[74.3646,16.4032],[74.3678,16.3985],[74.3691,16.3943],[74.3687,16.3912],[74.3596,16.3788],[74.3617,16.3647],[74.3519,16.3663],[74.3511,16.3768],[74.3486,16.3804],[74.3477,16.386],[74.3458,16.3895],[74.3431,16.3907],[74.3403,16.391],[74.336,16.3896],[74.335,16.3887],[74.3347,16.3829],[74.3326,16.3756],[74.3255,16.3792],[74.3278,16.3703],[74.3276,16.3681],[74.3322,16.357],[74.3315,16.3556],[74.3237,16.3536],[74.3316,16.3465],[74.3344,16.3405],[74.3282,16.3411],[74.3235,16.3399],[74.3248,16.3367],[74.3291,16.3326],[74.3273,16.3292],[74.324,16.3274],[74.323,16.3251],[74.3299,16.3224],[74.3334,16.3237],[74.3373,16.3234],[74.34,16.3169],[74.3357,16.315],[74.3315,16.3164],[74.331,16.315],[74.3321,16.3108],[74.3406,16.3116],[74.3423,16.3051],[74.3401,16.304],[74.3412,16.3028],[74.3448,16.3033],[74.3487,16.2915],[74.3427,16.2888],[74.3364,16.2902],[74.3318,16.2862],[74.3322,16.2841],[74.3293,16.2811],[74.3287,16.2794],[74.3307,16.2729],[74.3338,16.2681],[74.3371,16.2657],[74.3404,16.2676],[74.3439,16.2721],[74.3495,16.2733],[74.3494,16.2751],[74.3507,16.2763],[74.3521,16.2745],[74.3551,16.2745],[74.3599,16.2796],[74.3603,16.2819],[74.3517,16.2882],[74.3533,16.2918],[74.3546,16.2898],[74.3561,16.2909],[74.3585,16.2888],[74.3626,16.2871],[74.3696,16.2907],[74.3738,16.2903],[74.3801,16.2935],[74.3874,16.2903],[74.3904,16.2902],[74.3913,16.2756],[74.4008,16.2763],[74.418,16.2809],[74.4212,16.2806],[74.4216,16.2715],[74.4208,16.2639],[74.4225,16.2575],[74.4363,16.2548],[74.4409,16.2527],[74.4418,16.2542],[74.4428,16.2496],[74.4612,16.2484],[74.4615,16.2438],[74.4634,16.2418],[74.4732,16.2385],[74.4761,16.239],[74.4808,16.2443],[74.4841,16.2467],[74.4948,16.238],[74.4951,16.236],[74.5031,16.231],[74.5083,16.2229],[74.5077,16.2213],[74.503,16.2162],[74.5021,16.2141],[74.5032,16.2116],[74.5133,16.2012],[74.5132,16.1992],[74.5108,16.1988],[74.5125,16.1958],[74.5129,16.1894],[74.5129,16.1883],[74.5091,16.1878],[74.5018,16.1854],[74.4978,16.1813],[74.4953,16.169],[74.4947,16.155],[74.49,16.1472],[74.4858,16.147],[74.4871,16.1431],[74.491,16.142],[74.4971,16.1124],[74.4964,16.1016],[74.4935,16.0986],[74.4926,16.0955],[74.4928,16.0928],[74.4904,16.0904],[74.4891,16.0873],[74.4819,16.087],[74.4789,16.0879],[74.478,16.0919],[74.4645,16.1021],[74.46,16.1029],[74.4549,16.1027],[74.4445,16.1052],[74.438,16.1082],[74.4346,16.1106],[74.4228,16.1026],[74.4185,16.1009],[74.4161,16.096],[74.4152,16.0918],[74.4076,16.0907],[74.4041,16.091],[74.3973,16.0871],[74.3983,16.0801],[74.3972,16.0784],[74.3905,16.0799],[74.3868,16.0781],[74.381,16.0783],[74.3796,16.0768],[74.3806,16.073],[74.3801,16.0696],[74.3751,16.0634],[74.371,16.0596],[74.3682,16.053],[74.3708,16.051],[74.3801,16.0548],[74.3817,16.0536],[74.3789,16.0434],[74.3782,16.0393],[74.3786,16.0366],[74.3901,16.0351],[74.3961,16.0396],[74.4093,16.0453],[74.4096,16.0471],[74.4112,16.049],[74.4155,16.0511],[74.4229,16.0532],[74.4321,16.0551],[74.4363,16.0567],[74.4405,16.057],[74.448,16.0524],[74.4559,16.0522],[74.4638,16.0477],[74.468,16.0467],[74.4703,16.0405],[74.4677,16.0336],[74.4671,16.0303],[74.4639,16.0226],[74.4564,16.0089],[74.4534,16.0058],[74.4497,15.9985],[74.4502,15.9926],[74.4484,15.9883],[74.4485,15.9864],[74.45,15.9832],[74.4439,15.9743],[74.4423,15.9655],[74.4352,15.9512],[74.4123,15.9252],[74.402,15.9111],[74.3919,15.9012],[74.3923,15.8993],[74.3984,15.8977],[74.3993,15.8958],[74.4016,15.8873],[74.4025,15.8783],[74.3992,15.8743],[74.4122,15.8576],[74.4116,15.8526],[74.4065,15.8519],[74.4031,15.849],[74.3934,15.8518],[74.3923,15.8574],[74.3885,15.8572],[74.3879,15.8639],[74.3856,15.8732],[74.3831,15.8778],[74.3766,15.8849],[74.3728,15.8877],[74.3745,15.8899],[74.3741,15.8916],[74.3705,15.8904],[74.3706,15.88],[74.37,15.8757],[74.3674,15.8732],[74.367,15.8711],[74.3641,15.8702],[74.353,15.8592],[74.3534,15.8557],[74.3445,15.8521],[74.3464,15.8493],[74.3538,15.8481],[74.3874,15.8471],[74.3893,15.8441],[74.3894,15.8363],[74.3863,15.8333],[74.3745,15.8275],[74.3734,15.8258],[74.3707,15.8172],[74.3664,15.8155],[74.3692,15.8122],[74.374,15.8104],[74.3745,15.8045],[74.3758,15.8012],[74.3755,15.7967],[74.3708,15.7822],[74.3679,15.7816],[74.3649,15.7737],[74.3509,15.7634],[74.3468,15.7631],[74.3423,15.7655],[74.3345,15.7677],[74.3298,15.7704],[74.3276,15.7682],[74.325,15.7613],[74.3241,15.7565],[74.3186,15.7534],[74.3147,15.7521],[74.313,15.7483],[74.2922,15.7393],[74.2849,15.7433],[74.274,15.7531],[74.2709,15.7519],[74.2661,15.747],[74.2589,15.7434],[74.2501,15.7412],[74.2439,15.7444],[74.239,15.7521],[74.2352,15.754],[74.2352,15.7596],[74.2403,15.7808],[74.2389,15.7845],[74.2355,15.7868],[74.2273,15.7857],[74.2225,15.7817],[74.2174,15.7788],[74.2157,15.7739],[74.2146,15.766],[74.2113,15.7586],[74.2044,15.7534],[74.1971,15.7502],[74.1712,15.75],[74.1677,15.7493],[74.1623,15.7421],[74.1601,15.7343],[74.1553,15.7323],[74.1505,15.7317],[74.1474,15.7301],[74.143,15.7272],[74.1419,15.7232],[74.1405,15.7217],[74.1349,15.7222],[74.1306,15.7179],[74.1348,15.716],[74.1355,15.7093],[74.1389,15.7063],[74.1415,15.7004],[74.1389,15.699],[74.1404,15.6946],[74.1389,15.6862],[74.1336,15.6784],[74.127,15.6737],[74.1175,15.6708],[74.1062,15.6706],[74.1006,15.6723],[74.0965,15.6708],[74.098,15.666],[74.1045,15.6592],[74.1121,15.655],[74.1214,15.6537],[74.126,15.6503],[74.1228,15.6452],[74.1126,15.6431],[74.108,15.6389],[74.1024,15.639],[74.0806,15.6262],[74.0735,15.6267],[74.0677,15.6247],[74.0568,15.6227],[74.0393,15.6209],[74.0356,15.6093],[74.0279,15.6046],[74.0132,15.6093],[74.0078,15.6083],[74.0024,15.6091],[73.9987,15.6111],[73.9929,15.6163],[73.9902,15.6206],[73.9861,15.6234],[73.9814,15.625],[73.976,15.6289],[73.9693,15.6443],[73.9707,15.6497],[73.9742,15.6547],[73.9757,15.6598],[73.9716,15.6684],[73.9722,15.6767],[73.9713,15.6873],[73.9657,15.695],[73.9572,15.6967],[73.9587,15.7013],[73.956,15.7048],[73.9578,15.7074],[73.9589,15.7113],[73.9559,15.7169],[73.9508,15.7232],[73.9498,15.7326],[73.9454,15.7415],[73.9242,15.7428],[73.9179,15.7454],[73.9148,15.7455],[73.9086,15.7423],[73.8859,15.7473],[73.8824,15.7494],[73.8802,15.7526],[73.8826,15.7567],[73.8843,15.7646],[73.8868,15.7671],[73.8869,15.7703],[73.8802,15.7774],[73.8799,15.7792],[73.8751,15.7829],[73.8748,15.7863],[73.8759,15.7932],[73.8735,15.7953],[73.8655,15.7975],[73.8616,15.7939],[73.8601,15.7878],[73.8558,15.7833],[73.857,15.7782],[73.8519,15.7784],[73.8496,15.776],[73.8472,15.7661],[73.8451,15.7634],[73.8388,15.7609],[73.8403,15.7562],[73.8385,15.7488],[73.833,15.7378],[73.8204,15.7399],[73.816,15.7353],[73.8126,15.7335],[73.8028,15.7322],[73.7976,15.7251],[73.7932,15.7237],[73.7865,15.7233],[73.7758,15.7305],[73.7582,15.7328],[73.7487,15.7306],[73.7441,15.7256],[73.741,15.7187],[73.737,15.7173],[73.7323,15.7206],[73.7276,15.7225],[73.7226,15.7229],[73.7186,15.7216],[73.711,15.7202],[73.7066,15.7217],[73.7027,15.7249],[73.6973,15.7262],[73.6919,15.7269],[73.6853,15.7259],[73.6825,15.7253],[73.6801,15.7244],[73.6801,15.7249],[73.6799,15.7249],[73.6799,15.7251],[73.6793,15.7251],[73.6793,15.7254],[73.6771,15.7254],[73.6771,15.7257],[73.6768,15.7257],[73.6768,15.726],[73.6765,15.726],[73.6765,15.7263],[73.6762,15.7263],[73.6762,15.7265],[73.676,15.7265],[73.676,15.7268],[73.6757,15.7268],[73.6757,15.7271],[73.6751,15.7271],[73.6751,15.7276],[73.6749,15.7276],[73.6749,15.7279],[73.6746,15.7279],[73.6746,15.7282],[73.6743,15.7282],[73.6743,15.7288],[73.674,15.7288],[73.674,15.729],[73.6738,15.729],[73.6738,15.7293],[73.6732,15.7293],[73.6732,15.7299],[73.6726,15.7299],[73.6726,15.7301],[73.6721,15.7301],[73.6721,15.7307],[73.6718,15.7307],[73.6718,15.731],[73.6715,15.731],[73.6715,15.7312],[73.6712,15.7312],[73.6712,15.731],[73.671,15.731],[73.671,15.7312],[73.6704,15.7312],[73.6704,15.7315],[73.6701,15.7315],[73.6701,15.7312],[73.669,15.7312],[73.669,15.731],[73.6682,15.731],[73.6682,15.7315],[73.6679,15.7315],[73.6679,15.7318],[73.6674,15.7318],[73.6674,15.7324],[73.6671,15.7324],[73.6671,15.7326],[73.6668,15.7326],[73.6668,15.7335],[73.6665,15.7335],[73.6665,15.7346],[73.6663,15.7346],[73.6663,15.7349],[73.666,15.7349],[73.666,15.7351],[73.6657,15.7351],[73.6657,15.7357],[73.6654,15.7357],[73.6654,15.736],[73.6651,15.736],[73.6651,15.7365],[73.6649,15.7365],[73.6649,15.7374],[73.6646,15.7374],[73.6646,15.7376],[73.6643,15.7376],[73.6643,15.7379],[73.6637,15.7379],[73.6637,15.7382],[73.6618,15.7382],[73.6618,15.7379],[73.6615,15.7379],[73.6615,15.7385],[73.661,15.7385],[73.661,15.739],[73.6607,15.739],[73.6607,15.7393],[73.6596,15.7393],[73.6596,15.7396],[73.6593,15.7396],[73.6593,15.7399],[73.659,15.7399],[73.659,15.7401],[73.6588,15.7401],[73.6588,15.7404],[73.6585,15.7404],[73.6585,15.7407],[73.6582,15.7407],[73.6582,15.741],[73.656,15.741],[73.656,15.7413],[73.6557,15.7413],[73.6557,15.7418],[73.6554,15.7418],[73.6554,15.7421],[73.6546,15.7421],[73.6546,15.7424],[73.654,15.7424],[73.654,15.7427],[73.6537,15.7427],[73.6537,15.7429],[73.6535,15.7429],[73.6535,15.7432],[73.6532,15.7432],[73.6532,15.7457],[73.6529,15.7457],[73.6529,15.746],[73.6518,15.746],[73.6518,15.7457],[73.651,15.7457],[73.651,15.7454],[73.649,15.7454],[73.649,15.7457],[73.6485,15.7457],[73.6485,15.7465],[73.649,15.7465],[73.649,15.7468],[73.651,15.7468],[73.651,15.7465],[73.6526,15.7465],[73.6526,15.7468],[73.6532,15.7468],[73.6532,15.7471],[73.6535,15.7471],[73.6535,15.7479],[73.6532,15.7479],[73.6532,15.7488],[73.6543,15.7488],[73.6543,15.7485],[73.6554,15.7485],[73.6554,15.7482],[73.656,15.7482],[73.656,15.7479],[73.6565,15.7479],[73.6565,15.7476],[73.6574,15.7476],[73.6574,15.7474],[73.6576,15.7474],[73.6576,15.7476],[73.6582,15.7476],[73.6582,15.7479],[73.6585,15.7479],[73.6585,15.7482],[73.6588,15.7482],[73.6588,15.7485],[73.659,15.7485],[73.659,15.749],[73.6593,15.749],[73.6593,15.7493],[73.6596,15.7493],[73.6596,15.7496],[73.6599,15.7496],[73.6599,15.7499],[73.6601,15.7499],[73.6601,15.7504],[73.6604,15.7504],[73.6604,15.751],[73.6607,15.751],[73.6607,15.7515],[73.661,15.7515],[73.661,15.7521],[73.6615,15.7521],[73.6615,15.7524],[73.6621,15.7524],[73.6621,15.7526],[73.6624,15.7526],[73.6624,15.7529],[73.6635,15.7529],[73.6635,15.7532],[73.664,15.7532],[73.664,15.7535],[73.6646,15.7535],[73.6646,15.7538],[73.6649,15.7538],[73.6649,15.754],[73.6651,15.754],[73.6651,15.7543],[73.6654,15.7543],[73.6654,15.7546],[73.6657,15.7546],[73.6657,15.7551],[73.666,15.7551],[73.666,15.7565],[73.6665,15.7565],[73.6665,15.7568],[73.6668,15.7568],[73.6668,15.7565],[73.6676,15.7565],[73.6676,15.7563],[73.6679,15.7563],[73.6679,15.756],[73.6682,15.756],[73.6682,15.7554],[73.6693,15.7554],[73.6693,15.7551],[73.6699,15.7551],[73.6699,15.7549],[73.6704,15.7549],[73.6704,15.7546],[73.671,15.7546],[73.671,15.7543],[73.6712,15.7543],[73.6712,15.7538],[73.6715,15.7538],[73.6715,15.7532],[73.6721,15.7532],[73.6721,15.7529],[73.6726,15.7529],[73.6726,15.7526],[73.674,15.7526],[73.674,15.7529],[73.6743,15.7529],[73.6743,15.7532],[73.6746,15.7532],[73.6746,15.754],[73.6743,15.754],[73.6743,15.7549],[73.674,15.7549],[73.674,15.7551],[73.6735,15.7551],[73.6735,15.7557],[73.6729,15.7557],[73.6729,15.756],[73.6721,15.756],[73.6721,15.7563],[73.6715,15.7563],[73.6715,15.7565],[73.6712,15.7565],[73.6712,15.7568],[73.6707,15.7568],[73.6707,15.7571],[73.6701,15.7571],[73.6701,15.7574],[73.6699,15.7574],[73.6699,15.7577],[73.6693,15.7577],[73.6693,15.7579],[73.6687,15.7579],[73.6687,15.7582],[73.6679,15.7582],[73.6679,15.7585],[73.6674,15.7585],[73.6674,15.7582],[73.6668,15.7582],[73.6668,15.7585],[73.6657,15.7585],[73.6657,15.7587],[73.6654,15.7587],[73.6654,15.7585],[73.6649,15.7585],[73.6649,15.7582],[73.6646,15.7582],[73.6646,15.7579],[73.664,15.7579],[73.664,15.7577],[73.6632,15.7576],[73.6632,15.7582],[73.6629,15.7582],[73.6629,15.759],[73.6632,15.759],[73.6632,15.7596],[73.6629,15.7596],[73.6629,15.7599],[73.6632,15.7599],[73.6632,15.7601],[73.6635,15.7601],[73.6635,15.7604],[73.6632,15.7604],[73.6632,15.7612],[73.6629,15.7612],[73.6629,15.7618],[73.6632,15.7618],[73.6632,15.7629],[73.6629,15.7629],[73.6629,15.7638],[73.6626,15.7638],[73.6626,15.7654],[73.6624,15.7654],[73.6624,15.7668],[73.6621,15.7668],[73.6621,15.7674],[73.6618,15.7674],[73.6618,15.7676],[73.6615,15.7676],[73.6615,15.7688],[73.6612,15.7688],[73.6612,15.7696],[73.661,15.7696],[73.661,15.771],[73.6607,15.771],[73.6607,15.7718],[73.6604,15.7718],[73.6604,15.7721],[73.6601,15.7721],[73.6601,15.7726],[73.6599,15.7726],[73.6599,15.7735],[73.6596,15.7735],[73.6596,15.7746],[73.6593,15.7746],[73.6593,15.7754],[73.659,15.7754],[73.659,15.776],[73.6588,15.776],[73.6588,15.7765],[73.6585,15.7765],[73.6585,15.7768],[73.6582,15.7768],[73.6582,15.7771],[73.6585,15.7771],[73.6585,15.7774],[73.6582,15.7774],[73.6582,15.7779],[73.6579,15.7779],[73.6579,15.7785],[73.6576,15.7785],[73.6576,15.7804],[73.6574,15.7804],[73.6574,15.7813],[73.6571,15.7813],[73.6571,15.7818],[73.6568,15.7818],[73.6568,15.7821],[73.6565,15.7821],[73.6565,15.7826],[73.6563,15.7826],[73.6563,15.7837],[73.656,15.7837],[73.656,15.7843],[73.6557,15.7843],[73.6557,15.7851],[73.6554,15.7851],[73.6554,15.7854],[73.6557,15.7854],[73.6557,15.7857],[73.6554,15.7857],[73.6554,15.7865],[73.6551,15.7865],[73.6551,15.7871],[73.6549,15.7871],[73.6549,15.7874],[73.6546,15.7874],[73.6546,15.7876],[73.6543,15.7876],[73.6543,15.789],[73.654,15.789],[73.654,15.7904],[73.6537,15.7904],[73.6537,15.791],[73.654,15.791],[73.654,15.7918],[73.6546,15.7918],[73.6546,15.7921],[73.6563,15.7921],[73.6563,15.7926],[73.6565,15.7926],[73.6565,15.7932],[73.6568,15.7932],[73.6568,15.7935],[73.6571,15.7935],[73.6571,15.7938],[73.6568,15.7938],[73.6568,15.794],[73.6571,15.794],[73.6571,15.7943],[73.6568,15.7943],[73.6568,15.7963],[73.6571,15.7963],[73.6571,15.7982],[73.6574,15.7982],[73.6574,15.7985],[73.6576,15.7985],[73.6576,15.7993],[73.6579,15.7993],[73.6579,15.8007],[73.6582,15.8007],[73.6582,15.801],[73.6588,15.801],[73.6588,15.8013],[73.659,15.8013],[73.659,15.8015],[73.6593,15.8015],[73.6593,15.8018],[73.6596,15.8018],[73.6596,15.8021],[73.6601,15.8021],[73.6601,15.8024],[73.6607,15.8024],[73.6607,15.8026],[73.661,15.8026],[73.661,15.8029],[73.6612,15.8029],[73.6612,15.8032],[73.6615,15.8032],[73.6615,15.8035],[73.6618,15.8035],[73.6618,15.8038],[73.6621,15.8038],[73.6621,15.8043],[73.6624,15.8043],[73.6624,15.8046],[73.6621,15.8046],[73.6621,15.8051],[73.6615,15.8051],[73.6615,15.8046],[73.6612,15.8046],[73.6612,15.8043],[73.661,15.8043],[73.661,15.8038],[73.6607,15.8038],[73.6607,15.8035],[73.6604,15.8035],[73.6604,15.8032],[73.6601,15.8032],[73.6601,15.8029],[73.6599,15.8029],[73.6599,15.8026],[73.6593,15.8026],[73.6593,15.8024],[73.6585,15.8024],[73.6585,15.8021],[73.6579,15.8021],[73.6579,15.8018],[73.6571,15.8018],[73.6571,15.8015],[73.6565,15.8015],[73.6565,15.801],[73.6563,15.801],[73.6563,15.8004],[73.656,15.8004],[73.656,15.8001],[73.6563,15.8001],[73.6563,15.799],[73.656,15.799],[73.656,15.7985],[73.6554,15.7985],[73.6554,15.7982],[73.6551,15.7982],[73.6551,15.7976],[73.6549,15.7976],[73.6549,15.7963],[73.6546,15.7963],[73.6546,15.796],[73.6543,15.796],[73.6543,15.7951],[73.654,15.7951],[73.654,15.7946],[73.6537,15.7946],[73.6537,15.7943],[73.6535,15.7943],[73.6535,15.794],[73.6526,15.794],[73.6526,15.7949],[73.6524,15.7949],[73.6524,15.7957],[73.6521,15.7957],[73.6521,15.7968],[73.6518,15.7968],[73.6518,15.7971],[73.6515,15.7971],[73.6515,15.7976],[73.6513,15.7976],[73.6513,15.7979],[73.651,15.7979],[73.651,15.7988],[73.6513,15.7988],[73.6513,15.799],[73.651,15.799],[73.651,15.7996],[73.6507,15.7996],[73.6507,15.8001],[73.6504,15.8001],[73.6504,15.8007],[73.6507,15.8007],[73.6507,15.8018],[73.6504,15.8018],[73.6504,15.8024],[73.6501,15.8024],[73.6501,15.8029],[73.6499,15.8029],[73.6499,15.8032],[73.6496,15.8032],[73.6496,15.8035],[73.649,15.8035],[73.649,15.8038],[73.6488,15.8038],[73.6488,15.804],[73.6485,15.804],[73.6485,15.8043],[73.6476,15.8043],[73.6476,15.8046],[73.6468,15.8046],[73.6468,15.8043],[73.6465,15.8043],[73.6465,15.8046],[73.646,15.8046],[73.646,15.8049],[73.6454,15.8049],[73.6454,15.8054],[73.6449,15.8054],[73.6449,15.8057],[73.6446,15.8057],[73.6446,15.806],[73.6443,15.806],[73.6443,15.8065],[73.6446,15.8065],[73.6446,15.8071],[73.6443,15.8071],[73.6443,15.8076],[73.6446,15.8076],[73.6446,15.8082],[73.6443,15.8082],[73.6443,15.8096],[73.644,15.8096],[73.644,15.8101],[73.6438,15.8101],[73.6438,15.811],[73.6432,15.811],[73.6432,15.8112],[73.6421,15.8112],[73.6421,15.811],[73.6404,15.811],[73.6404,15.8115],[73.6401,15.8115],[73.6401,15.8126],[73.6399,15.8126],[73.6399,15.8129],[73.6396,15.8129],[73.6396,15.8132],[73.6393,15.8132],[73.6393,15.8135],[73.639,15.8135],[73.639,15.8138],[73.6387,15.8138],[73.6387,15.814],[73.6376,15.814],[73.6376,15.8143],[73.6374,15.8143],[73.6374,15.8149],[73.6371,15.8149],[73.6371,15.8151],[73.6368,15.8151],[73.6368,15.8154],[73.6365,15.8154],[73.6365,15.8157],[73.6363,15.8157],[73.6363,15.8171],[73.6365,15.8171],[73.6365,15.8176],[73.6368,15.8176],[73.6368,15.8179],[73.6376,15.8179],[73.6376,15.8182],[73.6379,15.8182],[73.6379,15.8179],[73.6382,15.8179],[73.6382,15.8176],[73.6385,15.8176],[73.6385,15.8179],[73.639,15.8179],[73.639,15.8196],[73.6387,15.8196],[73.6387,15.8199],[73.639,15.8199],[73.639,15.8204],[73.6387,15.8204],[73.6387,15.8215],[73.6385,15.8215],[73.6385,15.8221],[73.6382,15.8221],[73.6382,15.8229],[73.6379,15.8229],[73.6379,15.8232],[73.6376,15.8232],[73.6376,15.8243],[73.6374,15.8243],[73.6374,15.8246],[73.6371,15.8246],[73.6371,15.8257],[73.6368,15.8257],[73.6368,15.8265],[73.6365,15.8265],[73.6365,15.8271],[73.6363,15.8271],[73.6363,15.8276],[73.636,15.8276],[73.636,15.8285],[73.6357,15.8285],[73.6357,15.8296],[73.6354,15.8296],[73.6354,15.8299],[73.6351,15.8299],[73.6351,15.8304],[73.6349,15.8304],[73.6349,15.8315],[73.6346,15.8315],[73.6346,15.8324],[73.6343,15.8324],[73.6343,15.8332],[73.634,15.8332],[73.634,15.834],[73.6338,15.834],[73.6338,15.8346],[73.6335,15.8346],[73.6335,15.8351],[73.6332,15.8351],[73.6332,15.8357],[73.6329,15.8357],[73.6329,15.836],[73.6326,15.836],[73.6326,15.8368],[73.6324,15.8368],[73.6324,15.8376],[73.6321,15.8376],[73.6321,15.8382],[73.6318,15.8382],[73.6318,15.8396],[73.6315,15.8396],[73.6315,15.8399],[73.6312,15.8399],[73.6312,15.8404],[73.631,15.8404],[73.631,15.8415],[73.6307,15.8415],[73.6307,15.8421],[73.6304,15.8421],[73.6304,15.8426],[73.6301,15.8426],[73.6301,15.8432],[73.6299,15.8432],[73.6299,15.8443],[73.6296,15.8443],[73.6296,15.8451],[73.6293,15.8451],[73.6293,15.8454],[73.6296,15.8454],[73.6296,15.8457],[73.6293,15.8457],[73.6293,15.8462],[73.629,15.8462],[73.629,15.8465],[73.6288,15.8465],[73.6288,15.8471],[73.6285,15.8471],[73.6285,15.8474],[73.6282,15.8474],[73.6282,15.8479],[73.6279,15.8479],[73.6279,15.8485],[73.6276,15.8485],[73.6276,15.849],[73.6274,15.849],[73.6274,15.8493],[73.6271,15.8493],[73.6271,15.8501],[73.6268,15.8501],[73.6268,15.8507],[73.6265,15.8507],[73.6265,15.8513],[73.6263,15.8513],[73.6263,15.8515],[73.6265,15.8515],[73.6265,15.8518],[73.6263,15.8518],[73.6263,15.8521],[73.626,15.8521],[73.626,15.8526],[73.6254,15.8526],[73.6254,15.8529],[73.6251,15.8529],[73.6251,15.8535],[73.6246,15.8535],[73.6246,15.8538],[73.6243,15.8538],[73.6243,15.854],[73.6237,15.854],[73.6237,15.8543],[73.6235,15.8543],[73.6235,15.8546],[73.6229,15.8546],[73.6229,15.8551],[73.6226,15.8551],[73.6226,15.8554],[73.6224,15.8554],[73.6224,15.8557],[73.6221,15.8557],[73.6221,15.8563],[73.6218,15.8563],[73.6218,15.8565],[73.6215,15.8565],[73.6215,15.8568],[73.6212,15.8568],[73.6212,15.8571],[73.6215,15.8571],[73.6215,15.8576],[73.6218,15.8576],[73.6218,15.8579],[73.6215,15.8579],[73.6215,15.8585],[73.6212,15.8585],[73.6212,15.8588],[73.6201,15.8588],[73.6201,15.8582],[73.6199,15.8582],[73.6199,15.8576],[73.619,15.8576],[73.619,15.8574],[73.6185,15.8574],[73.6185,15.8571],[73.6182,15.8571],[73.6182,15.8568],[73.6176,15.8568],[73.6176,15.8551],[73.6179,15.8551],[73.6179,15.8546],[73.6182,15.8546],[73.6182,15.8543],[73.6188,15.8543],[73.6188,15.854],[73.619,15.854],[73.619,15.8538],[73.6193,15.8538],[73.6193,15.8524],[73.6188,15.8524],[73.6188,15.8521],[73.6182,15.8521],[73.6182,15.8526],[73.6179,15.8526],[73.6179,15.8529],[73.6171,15.8529],[73.6171,15.8532],[73.6157,15.8532],[73.6157,15.8529],[73.6154,15.8529],[73.6154,15.8532],[73.6151,15.8532],[73.6151,15.8535],[73.6149,15.8535],[73.6149,15.8538],[73.6143,15.8538],[73.6143,15.854],[73.6137,15.854],[73.6137,15.8543],[73.6132,15.8543],[73.6132,15.8546],[73.6129,15.8546],[73.6129,15.8551],[73.6132,15.8551],[73.6132,15.856],[73.6129,15.856],[73.6129,15.8565],[73.6126,15.8565],[73.6126,15.8571],[73.6124,15.8571],[73.6124,15.8576],[73.6121,15.8576],[73.6121,15.8582],[73.6118,15.8582],[73.6118,15.8585],[73.6115,15.8585],[73.6115,15.8593],[73.6113,15.8593],[73.6113,15.8596],[73.611,15.8596],[73.611,15.8599],[73.6113,15.8598],[73.6113,15.8601],[73.611,15.8601],[73.611,15.8626],[73.6107,15.8626],[73.6107,15.8635],[73.6104,15.8635],[73.6104,15.864],[73.6101,15.864],[73.6101,15.8643],[73.6099,15.8643],[73.6099,15.8649],[73.6096,15.8649],[73.6096,15.8651],[73.6099,15.8651],[73.6099,15.8654],[73.6101,15.8654],[73.6101,15.8657],[73.6104,15.8657],[73.6104,15.8665],[73.6101,15.8665],[73.6101,15.8679],[73.6099,15.8679],[73.6099,15.8687],[73.6096,15.8687],[73.6096,15.869],[73.6093,15.869],[73.6093,15.8693],[73.609,15.8693],[73.609,15.8699],[73.6085,15.8699],[73.6085,15.8713],[73.6087,15.8713],[73.6087,15.8715],[73.6085,15.8715],[73.6085,15.8718],[73.6082,15.8718],[73.6082,15.8721],[73.6079,15.8721],[73.6079,15.8726],[73.6076,15.8726],[73.6076,15.8732],[73.6074,15.8732],[73.6074,15.8735],[73.6071,15.8735],[73.6071,15.8737],[73.6068,15.8737],[73.6068,15.874],[73.6065,15.874],[73.6065,15.8746],[73.6062,15.8746],[73.6062,15.8754],[73.606,15.8754],[73.606,15.8757],[73.6057,15.8757],[73.6057,15.8763],[73.6054,15.8763],[73.6054,15.8774],[73.6051,15.8774],[73.6051,15.8779],[73.6049,15.8779],[73.6049,15.8788],[73.6046,15.8788],[73.6046,15.8799],[73.6043,15.8799],[73.6043,15.8801],[73.604,15.8801],[73.604,15.881],[73.6038,15.881],[73.6038,15.8815],[73.6035,15.8815],[73.6035,15.8821],[73.6029,15.8821],[73.6029,15.8824],[73.6032,15.8824],[73.6032,15.8826],[73.6029,15.8826],[73.6029,15.8829],[73.6026,15.8829],[73.6026,15.8832],[73.6029,15.8832],[73.6029,15.8851],[73.6024,15.8851],[73.6024,15.8854],[73.6015,15.8854],[73.6015,15.8857],[73.601,15.8857],[73.601,15.886],[73.5996,15.886],[73.5996,15.8863],[73.5993,15.8863],[73.5993,15.8865],[73.5987,15.8865],[73.5987,15.8879],[73.5985,15.8879],[73.5985,15.8882],[73.5987,15.8882],[73.5987,15.8885],[73.5993,15.8885],[73.5993,15.8888],[73.5996,15.8888],[73.5996,15.889],[73.5999,15.889],[73.5999,15.8893],[73.5996,15.8893],[73.5996,15.8899],[73.5987,15.8899],[73.5987,15.8902],[73.5985,15.8902],[73.5985,15.8904],[73.5982,15.8904],[73.5982,15.8907],[73.5971,15.8907],[73.5971,15.891],[73.5968,15.891],[73.5968,15.8915],[73.5965,15.8915],[73.5965,15.8924],[73.5968,15.8924],[73.5968,15.8926],[73.5965,15.8926],[73.5965,15.8929],[73.5968,15.8929],[73.5968,15.8935],[73.5965,15.8935],[73.5965,15.8938],[73.5968,15.8938],[73.5968,15.8943],[73.5965,15.8943],[73.5965,15.8951],[73.5963,15.8951],[73.5963,15.8957],[73.596,15.8957],[73.596,15.8965],[73.5957,15.8965],[73.5957,15.8968],[73.5954,15.8968],[73.5954,15.8974],[73.5951,15.8974],[73.5951,15.8976],[73.5949,15.8976],[73.5949,15.8979],[73.5946,15.8979],[73.5946,15.8985],[73.5943,15.8985],[73.5943,15.8988],[73.594,15.8988],[73.594,15.899],[73.5938,15.899],[73.5938,15.8993],[73.5932,15.8993],[73.5932,15.8996],[73.5926,15.8996],[73.5926,15.8999],[73.5921,15.8999],[73.5921,15.9001],[73.5918,15.9001],[73.5918,15.9004],[73.5912,15.9004],[73.5912,15.9013],[73.591,15.9013],[73.591,15.9018],[73.5912,15.9018],[73.5912,15.9026],[73.591,15.9026],[73.591,15.9038],[73.5907,15.9038],[73.5907,15.9049],[73.5904,15.9049],[73.5904,15.906],[73.5901,15.906],[73.5901,15.9065],[73.5899,15.9065],[73.5899,15.9068],[73.5896,15.9068],[73.5896,15.9074],[73.5893,15.9074],[73.5893,15.9076],[73.589,15.9076],[73.589,15.9079],[73.5888,15.9079],[73.5888,15.9082],[73.5885,15.9082],[73.5885,15.9085],[73.5882,15.9085],[73.5882,15.909],[73.5879,15.909],[73.5879,15.9096],[73.5899,15.9096],[73.5899,15.9093],[73.5907,15.9093],[73.5907,15.9095],[73.5907,15.9118],[73.5904,15.9118],[73.5904,15.9124],[73.5899,15.9124],[73.5899,15.9121],[73.5893,15.9121],[73.5893,15.9118],[73.589,15.9118],[73.589,15.9115],[73.5888,15.9115],[73.5888,15.911],[73.5885,15.911],[73.5885,15.9107],[73.5882,15.9107],[73.5882,15.9104],[73.5868,15.9104],[73.5868,15.9101],[73.5863,15.9101],[73.5863,15.9099],[73.586,15.9099],[73.586,15.9093],[73.5857,15.9093],[73.5857,15.9099],[73.5854,15.9099],[73.5854,15.9096],[73.5851,15.9096],[73.5851,15.9099],[73.5818,15.9099],[73.5818,15.9101],[73.5793,15.9101],[73.5793,15.9099],[73.5788,15.9099],[73.5788,15.9104],[73.5785,15.9104],[73.5785,15.9115],[73.5774,15.9115],[73.5774,15.9118],[73.5768,15.9118],[73.5768,15.9115],[73.5762,15.9115],[73.5762,15.9118],[73.574,15.9118],[73.574,15.9121],[73.5724,15.9121],[73.5724,15.9118],[73.5715,15.9118],[73.5715,15.9121],[73.5701,15.9121],[73.5701,15.9124],[73.5696,15.9124],[73.5696,15.9126],[73.5687,15.9126],[73.5687,15.9132],[73.5685,15.9132],[73.5685,15.9143],[73.5682,15.9143],[73.5682,15.9151],[73.5679,15.9151],[73.5679,15.9157],[73.5676,15.9157],[73.5676,15.916],[73.5674,15.916],[73.5674,15.9162],[73.5671,15.9162],[73.5671,15.9185],[73.5668,15.9185],[73.5668,15.9187],[73.5662,15.9187],[73.5662,15.919],[73.566,15.919],[73.566,15.9193],[73.5657,15.9193],[73.5657,15.9196],[73.5654,15.9196],[73.5654,15.9199],[73.5651,15.9199],[73.5651,15.9201],[73.564,15.9201],[73.564,15.9204],[73.5638,15.9204],[73.5638,15.9207],[73.5635,15.9207],[73.5635,15.921],[73.5626,15.921],[73.5626,15.9213],[73.5618,15.9213],[73.5618,15.9215],[73.5612,15.9215],[73.5612,15.9218],[73.5607,15.9218],[73.5607,15.9224],[73.5599,15.9224],[73.5599,15.9226],[73.5593,15.9226],[73.5593,15.9232],[73.559,15.9232],[73.559,15.9237],[73.5587,15.9237],[73.5587,15.924],[73.5582,15.924],[73.5582,15.9243],[73.5571,15.9243],[73.5571,15.9246],[73.5565,15.9246],[73.5565,15.9249],[73.556,15.9249],[73.556,15.9251],[73.5557,15.9251],[73.5557,15.9254],[73.5554,15.9254],[73.5554,15.9257],[73.5551,15.9257],[73.5551,15.926],[73.5549,15.926],[73.5549,15.9263],[73.554,15.9263],[73.554,15.9268],[73.5521,15.9268],[73.5521,15.9274],[73.5496,15.9274],[73.5496,15.9276],[73.5493,15.9276],[73.5493,15.9282],[73.5488,15.9282],[73.5488,15.9285],[73.5485,15.9285],[73.5485,15.9288],[73.5479,15.9288],[73.5479,15.929],[73.5476,15.929],[73.5476,15.9293],[73.5471,15.9293],[73.5471,15.9296],[73.5468,15.9296],[73.5468,15.9301],[73.5465,15.9301],[73.5465,15.9304],[73.5462,15.9304],[73.5462,15.9307],[73.546,15.9307],[73.546,15.9313],[73.5459,15.9313],[73.5454,15.9313],[73.5454,15.9315],[73.5451,15.9315],[73.5451,15.9318],[73.5446,15.9318],[73.5446,15.9324],[73.544,15.9324],[73.544,15.9326],[73.5437,15.9326],[73.5437,15.9329],[73.5435,15.9329],[73.5435,15.9335],[73.5432,15.9335],[73.5432,15.9338],[73.5426,15.9338],[73.5426,15.934],[73.5424,15.934],[73.5424,15.9343],[73.5418,15.9343],[73.5418,15.9346],[73.5415,15.9346],[73.5415,15.9351],[73.541,15.9351],[73.541,15.9357],[73.5407,15.9357],[73.5407,15.936],[73.5401,15.936],[73.5401,15.9365],[73.5385,15.9365],[73.5385,15.9368],[73.5382,15.9368],[73.5382,15.9371],[73.5371,15.9371],[73.5371,15.9376],[73.5351,15.9376],[73.5351,15.9374],[73.5349,15.9374],[73.5349,15.9365],[73.5346,15.9365],[73.5346,15.936],[73.5343,15.936],[73.5343,15.9357],[73.534,15.9357],[73.534,15.9351],[73.5338,15.9351],[73.5338,15.9346],[73.5332,15.9346],[73.5332,15.934],[73.5329,15.934],[73.5329,15.9338],[73.5326,15.9338],[73.5326,15.9335],[73.5324,15.9335],[73.5324,15.9332],[73.5321,15.9332],[73.5321,15.9329],[73.5307,15.9329],[73.5307,15.9332],[73.5296,15.9332],[73.5296,15.9338],[73.5285,15.9338],[73.5285,15.934],[73.5279,15.934],[73.5279,15.9343],[73.5276,15.9343],[73.5276,15.9346],[73.5265,15.9346],[73.5265,15.9349],[73.5263,15.9349],[73.5263,15.9351],[73.526,15.9351],[73.526,15.9354],[73.5257,15.9354],[73.5257,15.936],[73.5254,15.936],[73.5254,15.9363],[73.5249,15.9363],[73.5249,15.9365],[73.5246,15.9365],[73.5246,15.9367],[73.5246,15.9368],[73.524,15.9368],[73.524,15.9371],[73.5238,15.9371],[73.5238,15.9374],[73.5235,15.9374],[73.5235,15.9376],[73.5229,15.9376],[73.5229,15.9379],[73.5226,15.9379],[73.5226,15.9382],[73.5221,15.9382],[73.5221,15.9385],[73.5213,15.9385],[73.5204,15.9385],[73.5204,15.9388],[73.5201,15.9388],[73.5201,15.9385],[73.5196,15.9385],[73.5196,15.9382],[73.5193,15.9382],[73.5193,15.9385],[73.5179,15.9385],[73.5179,15.9382],[73.5171,15.9382],[73.5171,15.9379],[73.5168,15.9379],[73.5168,15.9382],[73.5165,15.9382],[73.5165,15.9388],[73.5163,15.9388],[73.5163,15.9393],[73.5143,15.9393],[73.5143,15.939],[73.514,15.939],[73.514,15.9388],[73.5137,15.9388],[73.5137,15.9385],[73.5135,15.9385],[73.5135,15.9382],[73.5132,15.9382],[73.5132,15.9376],[73.5129,15.9376],[73.5129,15.9371],[73.5126,15.9371],[73.5126,15.9368],[73.5107,15.9368],[73.5107,15.9371],[73.5101,15.9371],[73.5101,15.9374],[73.5099,15.9374],[73.5099,15.9379],[73.5096,15.9379],[73.5096,15.939],[73.5099,15.939],[73.5099,15.9396],[73.5101,15.9396],[73.5101,15.9401],[73.5099,15.9401],[73.5099,15.9407],[73.5096,15.9407],[73.5096,15.9415],[73.5093,15.9415],[73.5093,15.9418],[73.509,15.9418],[73.509,15.9426],[73.5088,15.9426],[73.5088,15.9432],[73.5085,15.9432],[73.5085,15.9438],[73.5082,15.9438],[73.5082,15.944],[73.5079,15.944],[73.5079,15.9446],[73.5074,15.9446],[73.5074,15.9449],[73.5071,15.9449],[73.5071,15.9454],[73.5068,15.9454],[73.5068,15.9457],[73.5065,15.9457],[73.5065,15.946],[73.5062,15.946],[73.5062,15.9463],[73.506,15.9462],[73.506,15.9471],[73.5057,15.9471],[73.5057,15.9482],[73.5054,15.9482],[73.5054,15.9493],[73.5051,15.9493],[73.5051,15.9496],[73.5049,15.9496],[73.5049,15.9499],[73.5046,15.9499],[73.5046,15.9504],[73.504,15.9504],[73.504,15.951],[73.5037,15.951],[73.5037,15.9513],[73.5032,15.9513],[73.5032,15.9529],[73.5029,15.9529],[73.5029,15.9537],[73.5026,15.9537],[73.5026,15.9546],[73.5024,15.9546],[73.5024,15.9549],[73.5021,15.9549],[73.5021,15.9551],[73.5018,15.9551],[73.5018,15.9554],[73.5015,15.9554],[73.5015,15.956],[73.5018,15.956],[73.5018,15.9565],[73.5024,15.9565],[73.5024,15.9571],[73.5032,15.9571],[73.5032,15.9568],[73.5035,15.9568],[73.5035,15.9571],[73.504,15.9571],[73.504,15.9576],[73.5043,15.9576],[73.5043,15.959],[73.5046,15.959],[73.5046,15.9593],[73.5049,15.9593],[73.5049,15.9596],[73.5051,15.9596],[73.5051,15.9601],[73.5054,15.9601],[73.5054,15.9604],[73.5057,15.9604],[73.5057,15.9607],[73.506,15.9607],[73.506,15.9613],[73.5062,15.9613],[73.5062,15.9624],[73.5065,15.9624],[73.5065,15.9657],[73.5062,15.9657],[73.5062,15.9674],[73.506,15.9674],[73.506,15.9682],[73.5057,15.9682],[73.5057,15.9685],[73.5043,15.9685],[73.5043,15.9688],[73.5026,15.9688],[73.5026,15.9685],[73.5021,15.9685],[73.5021,15.9682],[73.5015,15.9682],[73.5015,15.9685],[73.5013,15.9685],[73.5013,15.9688],[73.501,15.9688],[73.501,15.969],[73.5007,15.969],[73.5007,15.9693],[73.5004,15.9693],[73.5004,15.9696],[73.4999,15.9696],[73.4999,15.9707],[73.4996,15.9707],[73.4996,15.9712],[73.4993,15.9712],[73.4993,15.9715],[73.499,15.9715],[73.499,15.9721],[73.4987,15.9721],[73.4987,15.9726],[73.4985,15.9726],[73.4985,15.9729],[73.4982,15.9729],[73.4982,15.9732],[73.4979,15.9732],[73.4979,15.9735],[73.4976,15.9735],[73.4976,15.974],[73.4974,15.974],[73.4974,15.9746],[73.4971,15.9746],[73.4971,15.9749],[73.4968,15.9749],[73.4968,15.9754],[73.4965,15.9754],[73.4965,15.9757],[73.4962,15.9757],[73.4962,15.9765],[73.496,15.9765],[73.496,15.9768],[73.4954,15.9768],[73.4954,15.9771],[73.4951,15.9771],[73.4951,15.9776],[73.4949,15.9776],[73.4949,15.9782],[73.4946,15.9782],[73.4946,15.9785],[73.4943,15.9785],[73.4943,15.979],[73.494,15.979],[73.494,15.9793],[73.4938,15.9793],[73.4938,15.9796],[73.4935,15.9796],[73.4935,15.9799],[73.4929,15.9799],[73.4929,15.9807],[73.4926,15.9807],[73.4926,15.981],[73.4924,15.981],[73.4924,15.9813],[73.4921,15.9813],[73.4921,15.9815],[73.4918,15.9815],[73.4918,15.9821],[73.4915,15.9821],[73.4915,15.9826],[73.4912,15.9826],[73.4912,15.9832],[73.491,15.9832],[73.491,15.9838],[73.4907,15.9838],[73.4907,15.984],[73.4904,15.984],[73.4904,15.9846],[73.4901,15.9846],[73.4901,15.9851],[73.4899,15.9851],[73.4899,15.9857],[73.4896,15.9857],[73.4896,15.9868],[73.4893,15.9868],[73.4893,15.9871],[73.489,15.9871],[73.489,15.9879],[73.4887,15.9879],[73.4887,15.991],[73.4887,15.9924],[73.4885,15.9924],[73.4885,15.9932],[73.4887,15.9932],[73.4887,15.9935],[73.4885,15.9935],[73.4885,15.9949],[73.4887,15.9949],[73.4887,15.9971],[73.489,15.9971],[73.489,15.9985],[73.4887,15.9985],[73.4887,15.999],[73.489,15.999],[73.489,15.9993],[73.4893,15.9993],[73.4893,15.9999],[73.4893,16.0024],[73.4896,16.0024],[73.4896,16.0032],[73.4899,16.0032],[73.4899,16.0071],[73.4901,16.0071],[73.4901,16.0074],[73.4904,16.0074],[73.4904,16.0076],[73.4907,16.0076],[73.4907,16.0096],[73.491,16.0096],[73.491,16.0115],[73.4907,16.0115],[73.4907,16.0118],[73.4904,16.0118],[73.4904,16.0124],[73.4901,16.0124],[73.4901,16.0126],[73.4899,16.0126],[73.4899,16.0138],[73.4896,16.0138],[73.4896,16.016],[73.4893,16.016],[73.4893,16.0171],[73.489,16.0171],[73.489,16.0185],[73.4887,16.0185],[73.4887,16.019],[73.4885,16.019],[73.4885,16.0193],[73.4882,16.0193],[73.4882,16.0196],[73.4879,16.0196],[73.4879,16.0204],[73.4876,16.0204],[73.4876,16.021],[73.4874,16.021],[73.4874,16.0215],[73.4871,16.0215],[73.4871,16.0224],[73.4868,16.0224],[73.4868,16.0235],[73.4865,16.0235],[73.4865,16.0237],[73.4863,16.0237],[73.4863,16.024],[73.486,16.024],[73.486,16.0249],[73.4857,16.0249],[73.4857,16.0251],[73.486,16.0251],[73.486,16.0257],[73.4857,16.0257],[73.4857,16.0265],[73.4854,16.0265],[73.4854,16.0276],[73.4851,16.0276],[73.4851,16.0293],[73.4849,16.0293],[73.4849,16.0299],[73.4846,16.0299],[73.4846,16.0304],[73.4843,16.0304],[73.4843,16.0315],[73.484,16.0315],[73.484,16.0329],[73.4837,16.0329],[73.4837,16.034],[73.4835,16.034],[73.4835,16.0351],[73.4832,16.0351],[73.4832,16.036],[73.4829,16.036],[73.4829,16.0365],[73.4826,16.0365],[73.4826,16.0371],[73.4824,16.0371],[73.4824,16.0376],[73.4821,16.0376],[73.4821,16.0382],[73.4818,16.0382],[73.4818,16.0385],[73.4815,16.0385],[73.4815,16.0388],[73.4812,16.0388],[73.4812,16.0393],[73.481,16.0393],[73.481,16.0396],[73.4807,16.0396],[73.4807,16.0401],[73.4801,16.0401],[73.4801,16.0404],[73.4799,16.0404],[73.4799,16.0407],[73.4796,16.0407],[73.4796,16.0413],[73.4793,16.0413],[73.4793,16.0415],[73.479,16.0415],[73.479,16.0418],[73.4785,16.0418],[73.4785,16.0421],[73.4782,16.0421],[73.4782,16.0424],[73.4779,16.0424],[73.4779,16.0429],[73.4776,16.0429],[73.4776,16.0435],[73.4774,16.0435],[73.4774,16.0438],[73.4771,16.0438],[73.4771,16.044],[73.4757,16.044],[73.4757,16.0443],[73.4749,16.0443],[73.4749,16.0446],[73.4743,16.0446],[73.4743,16.0451],[73.4735,16.0451],[73.4735,16.0454],[73.4726,16.0454],[73.4726,16.0457],[73.4718,16.0457],[73.4718,16.046],[73.471,16.046],[73.471,16.0462],[73.469,16.0462],[73.469,16.0465],[73.4685,16.0465],[73.4685,16.0471],[73.4682,16.0471],[73.4682,16.0479],[73.4685,16.0479],[73.4685,16.0485],[73.4688,16.0485],[73.4688,16.0499],[73.4685,16.0499],[73.4685,16.0518],[73.4682,16.0518],[73.4682,16.0521],[73.4679,16.0521],[73.4679,16.0527],[73.4676,16.0527],[73.4676,16.0529],[73.4674,16.0529],[73.4674,16.0535],[73.4671,16.0535],[73.4671,16.0538],[73.4668,16.0538],[73.4668,16.054],[73.4662,16.054],[73.4662,16.0543],[73.4657,16.0543],[73.4657,16.0546],[73.4654,16.0546],[73.4654,16.0549],[73.4635,16.0549],[73.4635,16.0551],[73.4626,16.0551],[73.4626,16.0554],[73.461,16.0554],[73.461,16.0557],[73.4593,16.0557],[73.4593,16.0554],[73.459,16.0554],[73.459,16.0549],[73.4587,16.0549],[73.4587,16.0535],[73.4585,16.0535],[73.4585,16.0532],[73.4565,16.0532],[73.4565,16.0535],[73.4563,16.0535],[73.4563,16.0538],[73.456,16.0538],[73.456,16.054],[73.4557,16.054],[73.4557,16.0543],[73.4554,16.0543],[73.4554,16.0546],[73.4551,16.0546],[73.4551,16.0551],[73.4549,16.0551],[73.4549,16.0557],[73.4551,16.0557],[73.4551,16.056],[73.4557,16.056],[73.4557,16.0557],[73.4563,16.0557],[73.4563,16.056],[73.4565,16.056],[73.4565,16.0565],[73.4568,16.0565],[73.4568,16.0574],[73.4565,16.0574],[73.4565,16.0576],[73.4563,16.0576],[73.4563,16.0579],[73.456,16.0579],[73.456,16.0582],[73.4557,16.0582],[73.4557,16.0585],[73.4554,16.0585],[73.4554,16.0588],[73.4557,16.0588],[73.4557,16.0593],[73.456,16.0593],[73.456,16.0607],[73.4557,16.0607],[73.4557,16.061],[73.4554,16.061],[73.4554,16.0615],[73.4551,16.0615],[73.4551,16.0621],[73.4549,16.0621],[73.4549,16.0629],[73.4551,16.0629],[73.4551,16.0632],[73.4565,16.0632],[73.4565,16.0629],[73.4568,16.0629],[73.4568,16.0632],[73.4582,16.0632],[73.4582,16.0629],[73.4585,16.0629],[73.4585,16.0626],[73.4587,16.0626],[73.4587,16.0624],[73.4599,16.0624],[73.4599,16.0626],[73.4604,16.0626],[73.4604,16.0629],[73.461,16.0629],[73.461,16.0632],[73.4615,16.0632],[73.4615,16.0638],[73.4621,16.0638],[73.4621,16.0643],[73.4624,16.0643],[73.4624,16.0649],[73.4629,16.0649],[73.4629,16.0654],[73.4632,16.0654],[73.4632,16.0657],[73.4635,16.0657],[73.4635,16.0668],[73.4638,16.0668],[73.4638,16.0676],[73.464,16.0676],[73.464,16.0679],[73.4643,16.0679],[73.4643,16.0688],[73.464,16.0688],[73.464,16.069],[73.4638,16.069],[73.4638,16.0693],[73.4635,16.0693],[73.4635,16.0696],[73.4632,16.0696],[73.4632,16.0704],[73.4635,16.0704],[73.4635,16.0707],[73.464,16.0707],[73.464,16.071],[73.4643,16.071],[73.4643,16.0713],[73.4649,16.0713],[73.4649,16.0715],[73.4654,16.0715],[73.4654,16.0713],[73.4657,16.0713],[73.4657,16.071],[73.466,16.071],[73.466,16.0704],[73.4662,16.0704],[73.4662,16.0699],[73.4665,16.0699],[73.4665,16.0696],[73.4674,16.0696],[73.4674,16.0699],[73.4676,16.0699],[73.4676,16.0713],[73.4674,16.0713],[73.4674,16.0721],[73.4671,16.0721],[73.4671,16.0726],[73.4668,16.0726],[73.4668,16.0732],[73.4665,16.0732],[73.4665,16.0735],[73.466,16.0735],[73.466,16.0737],[73.4657,16.0737],[73.4657,16.074],[73.4654,16.074],[73.4654,16.0754],[73.4651,16.0754],[73.4651,16.0757],[73.4649,16.0757],[73.4649,16.0776],[73.4643,16.0776],[73.4643,16.0782],[73.4638,16.0782],[73.4638,16.079],[73.4635,16.079],[73.4635,16.0793],[73.4629,16.0793],[73.4629,16.0796],[73.4626,16.0796],[73.4626,16.0799],[73.4624,16.0799],[73.4624,16.0801],[73.4587,16.0801],[73.4587,16.0799],[73.4576,16.0799],[73.4576,16.0801],[73.4574,16.0801],[73.4574,16.0807],[73.4571,16.0807],[73.4571,16.0818],[73.4574,16.0818],[73.4574,16.0821],[73.4579,16.0821],[73.4579,16.0826],[73.4585,16.0826],[73.4585,16.0829],[73.4587,16.0829],[73.4587,16.0832],[73.459,16.0832],[73.459,16.084],[73.4587,16.084],[73.4587,16.0846],[73.4585,16.0846],[73.4585,16.0851],[73.4582,16.0851],[73.4582,16.0854],[73.4579,16.0854],[73.4579,16.0857],[73.4576,16.0857],[73.4576,16.086],[73.4579,16.086],[73.4579,16.0863],[73.4587,16.0863],[73.4587,16.086],[73.4593,16.086],[73.4593,16.0857],[73.461,16.0857],[73.461,16.086],[73.4618,16.086],[73.4618,16.0863],[73.4626,16.0863],[73.4626,16.0865],[73.4624,16.0865],[73.4624,16.0874],[73.4621,16.0874],[73.4621,16.0896],[73.4618,16.0896],[73.4618,16.0918],[73.4615,16.0918],[73.4615,16.094],[73.4613,16.094],[73.4613,16.0963],[73.461,16.0963],[73.461,16.0971],[73.4607,16.0971],[73.4607,16.0974],[73.4604,16.0974],[73.4604,16.0982],[73.4601,16.0982],[73.4601,16.0988],[73.4599,16.0988],[73.4599,16.0993],[73.4596,16.0993],[73.4596,16.1001],[73.4593,16.1001],[73.4593,16.1004],[73.459,16.1004],[73.459,16.1007],[73.4587,16.1007],[73.4587,16.1015],[73.4585,16.1015],[73.4585,16.1021],[73.4582,16.1021],[73.4582,16.1035],[73.4579,16.1035],[73.4579,16.104],[73.4576,16.104],[73.4576,16.1096],[73.4574,16.1096],[73.4574,16.1099],[73.4576,16.1099],[73.4576,16.1104],[73.4579,16.1104],[73.4579,16.1112],[73.4582,16.1112],[73.4582,16.1118],[73.4579,16.1118],[73.4579,16.1165],[73.4576,16.1165],[73.4576,16.1176],[73.4574,16.1176],[73.4574,16.1193],[73.4571,16.1193],[73.4571,16.1196],[73.4574,16.1196],[73.4574,16.121],[73.4571,16.121],[73.4571,16.1215],[73.4568,16.1215],[73.4568,16.1221],[73.4565,16.1221],[73.4565,16.1229],[73.4563,16.1229],[73.4563,16.1238],[73.456,16.1238],[73.456,16.1246],[73.4557,16.1246],[73.4557,16.1254],[73.4554,16.1254],[73.4554,16.1263],[73.4551,16.1262],[73.4551,16.1271],[73.4549,16.1271],[73.4549,16.1282],[73.4546,16.1282],[73.4546,16.129],[73.4543,16.129],[73.4543,16.1299],[73.454,16.1299],[73.454,16.1301],[73.4537,16.1301],[73.4537,16.1318],[73.4535,16.1318],[73.4535,16.1329],[73.4532,16.1329],[73.4532,16.134],[73.4529,16.134],[73.4529,16.1351],[73.4526,16.1351],[73.4526,16.1357],[73.4524,16.1357],[73.4524,16.1379],[73.4521,16.1379],[73.4521,16.1393],[73.4518,16.1393],[73.4518,16.1396],[73.4521,16.1396],[73.4521,16.1418],[73.4518,16.1418],[73.4518,16.1435],[73.4515,16.1435],[73.4515,16.144],[73.4512,16.144],[73.4512,16.1446],[73.451,16.1446],[73.451,16.146],[73.4507,16.146],[73.4507,16.1465],[73.4504,16.1465],[73.4504,16.1479],[73.4501,16.1479],[73.4501,16.1493],[73.4499,16.1493],[73.4499,16.151],[73.4496,16.151],[73.4496,16.1521],[73.4499,16.1521],[73.4499,16.1529],[73.4496,16.1529],[73.4496,16.1535],[73.4493,16.1535],[73.4493,16.1543],[73.449,16.1543],[73.449,16.1551],[73.4488,16.1551],[73.4488,16.1554],[73.4485,16.1554],[73.4485,16.1562],[73.4482,16.1562],[73.4482,16.1568],[73.4479,16.1568],[73.4479,16.1574],[73.4476,16.1574],[73.4476,16.1576],[73.4474,16.1576],[73.4474,16.1585],[73.4471,16.1585],[73.4471,16.1587],[73.4468,16.1587],[73.4468,16.1593],[73.4465,16.1593],[73.4465,16.1607],[73.4463,16.1607],[73.4463,16.1629],[73.446,16.1629],[73.446,16.1649],[73.4457,16.1649],[73.4457,16.1663],[73.4454,16.1663],[73.4454,16.1676],[73.4451,16.1676],[73.4451,16.1685],[73.4449,16.1685],[73.4449,16.169],[73.4446,16.169],[73.4446,16.1699],[73.4443,16.1699],[73.4443,16.1712],[73.444,16.1712],[73.444,16.1724],[73.4437,16.1724],[73.4437,16.1732],[73.4435,16.1732],[73.4435,16.174],[73.4432,16.174],[73.4432,16.1751],[73.4429,16.1751],[73.4429,16.176],[73.4426,16.176],[73.4426,16.1768],[73.4424,16.1768],[73.4424,16.1779],[73.4421,16.1779],[73.4421,16.1788],[73.4418,16.1788],[73.4418,16.1799],[73.4415,16.1799],[73.4415,16.1857],[73.4412,16.1857],[73.4412,16.1863],[73.441,16.1863],[73.441,16.1868],[73.4407,16.1868],[73.4407,16.1874],[73.4404,16.1874],[73.4404,16.1876],[73.4401,16.1876],[73.4401,16.1888],[73.4399,16.1887],[73.4399,16.1896],[73.4396,16.1896],[73.4396,16.1904],[73.4393,16.1904],[73.4393,16.1912],[73.439,16.1912],[73.439,16.1921],[73.4387,16.1921],[73.4387,16.1929],[73.4385,16.1929],[73.4385,16.194],[73.4382,16.194],[73.4382,16.1949],[73.4379,16.1949],[73.4379,16.196],[73.4376,16.196],[73.4376,16.1965],[73.4374,16.1965],[73.4374,16.1968],[73.4371,16.1968],[73.4371,16.1974],[73.4368,16.1974],[73.4368,16.1979],[73.4365,16.1979],[73.4365,16.1982],[73.4362,16.1982],[73.4362,16.1988],[73.436,16.1988],[73.436,16.199],[73.4357,16.199],[73.4357,16.201],[73.436,16.201],[73.436,16.2013],[73.4365,16.2013],[73.4365,16.2015],[73.4368,16.2015],[73.4368,16.2013],[73.4371,16.2013],[73.4371,16.201],[73.4374,16.201],[73.4374,16.2007],[73.4376,16.2007],[73.4376,16.2004],[73.4379,16.2004],[73.4379,16.2001],[73.4393,16.2001],[73.4393,16.2004],[73.4407,16.2004],[73.4407,16.2001],[73.4412,16.2001],[73.4412,16.1999],[73.4415,16.1999],[73.4415,16.1996],[73.4424,16.1996],[73.4424,16.199],[73.4426,16.199],[73.4426,16.1985],[73.4429,16.1985],[73.4429,16.1982],[73.444,16.1982],[73.444,16.1985],[73.4443,16.1985],[73.4443,16.1988],[73.4446,16.1988],[73.4446,16.199],[73.4449,16.199],[73.4449,16.1999],[73.4446,16.1999],[73.4446,16.2018],[73.4443,16.2018],[73.4443,16.2024],[73.444,16.2024],[73.444,16.2026],[73.4421,16.2026],[73.4418,16.2026],[73.4418,16.2021],[73.4415,16.2021],[73.4415,16.2018],[73.4412,16.2018],[73.4412,16.2015],[73.441,16.2015],[73.441,16.2013],[73.4396,16.2013],[73.4396,16.2015],[73.439,16.2015],[73.439,16.2029],[73.4393,16.2029],[73.4393,16.2035],[73.439,16.2035],[73.439,16.2038],[73.4393,16.2038],[73.4393,16.2051],[73.4396,16.2051],[73.4396,16.2054],[73.4399,16.2054],[73.4399,16.2057],[73.4404,16.2057],[73.4404,16.206],[73.4407,16.206],[73.4407,16.2063],[73.441,16.2062],[73.4412,16.2063],[73.4412,16.206],[73.4421,16.206],[73.4421,16.2054],[73.4424,16.2054],[73.4424,16.2049],[73.4426,16.2049],[73.4426,16.2043],[73.4432,16.2043],[73.4432,16.2046],[73.4437,16.2046],[73.4437,16.2049],[73.4451,16.2049],[73.4451,16.2051],[73.4463,16.2051],[73.4463,16.2054],[73.4468,16.2054],[73.4468,16.2057],[73.4474,16.2057],[73.4474,16.2063],[73.4476,16.2063],[73.4476,16.2065],[73.4479,16.2065],[73.4479,16.2071],[73.4482,16.2071],[73.4482,16.2074],[73.4485,16.2074],[73.4485,16.2076],[73.4488,16.2076],[73.4488,16.2079],[73.449,16.2079],[73.449,16.2082],[73.4488,16.2082],[73.4488,16.2099],[73.449,16.2099],[73.449,16.2104],[73.4493,16.2104],[73.4493,16.2115],[73.449,16.2115],[73.449,16.2121],[73.4485,16.2121],[73.4485,16.2118],[73.4482,16.2118],[73.4482,16.2104],[73.4479,16.2104],[73.4479,16.209],[73.4476,16.209],[73.4476,16.2085],[73.4474,16.2085],[73.4474,16.2079],[73.4471,16.2079],[73.4471,16.2076],[73.4468,16.2076],[73.4468,16.2074],[73.4465,16.2074],[73.4465,16.2071],[73.4457,16.2071],[73.4457,16.2068],[73.4449,16.2068],[73.4449,16.2065],[73.444,16.2065],[73.444,16.2063],[73.4437,16.2063],[73.4437,16.2065],[73.4429,16.2065],[73.4429,16.2068],[73.4424,16.2068],[73.4424,16.2071],[73.4426,16.2071],[73.4426,16.2079],[73.4429,16.2079],[73.4429,16.2082],[73.4435,16.2082],[73.4435,16.2085],[73.4437,16.2085],[73.4437,16.2087],[73.444,16.2087],[73.444,16.209],[73.4443,16.209],[73.4443,16.2101],[73.4446,16.2101],[73.4446,16.2124],[73.4449,16.2124],[73.4449,16.2146],[73.4451,16.2146],[73.4451,16.2154],[73.4454,16.2154],[73.4454,16.216],[73.446,16.216],[73.446,16.2165],[73.4463,16.2165],[73.4463,16.2176],[73.446,16.2176],[73.446,16.2179],[73.4463,16.2179],[73.4463,16.219],[73.4465,16.219],[73.4465,16.2199],[73.4468,16.2199],[73.4468,16.2215],[73.4471,16.2215],[73.4471,16.2232],[73.4474,16.2232],[73.4474,16.2246],[73.4471,16.2246],[73.4471,16.2243],[73.4465,16.2243],[73.4465,16.2237],[73.4463,16.2237],[73.4463,16.2229],[73.446,16.2229],[73.446,16.2224],[73.4457,16.2224],[73.4457,16.2213],[73.4454,16.2213],[73.4454,16.2199],[73.4457,16.2199],[73.4457,16.2196],[73.4454,16.2196],[73.4454,16.219],[73.4451,16.219],[73.4451,16.2185],[73.4449,16.2185],[73.4449,16.2179],[73.4451,16.2179],[73.4451,16.2176],[73.4446,16.2176],[73.4446,16.2168],[73.4443,16.2168],[73.4443,16.216],[73.444,16.216],[73.444,16.2157],[73.4437,16.2157],[73.4437,16.2151],[73.4435,16.2152],[73.4435,16.2115],[73.4432,16.2115],[73.4432,16.211],[73.4429,16.211],[73.4429,16.2107],[73.4426,16.2107],[73.4426,16.2104],[73.4424,16.2104],[73.4424,16.2101],[73.4421,16.2101],[73.4421,16.2099],[73.4413,16.2099],[73.4413,16.2096],[73.441,16.2096],[73.441,16.2093],[73.4407,16.2093],[73.4407,16.209],[73.4404,16.209],[73.4404,16.2087],[73.4401,16.2087],[73.4401,16.2085],[73.4399,16.2085],[73.4399,16.2082],[73.4396,16.2082],[73.4396,16.2076],[73.4393,16.2076],[73.4393,16.2071],[73.439,16.2071],[73.439,16.2065],[73.4387,16.2065],[73.4387,16.2063],[73.4385,16.2063],[73.4385,16.206],[73.4382,16.206],[73.4382,16.2057],[73.4376,16.2057],[73.4376,16.2054],[73.4374,16.2054],[73.4374,16.2051],[73.4371,16.2051],[73.4371,16.2046],[73.4368,16.2046],[73.4368,16.2038],[73.4365,16.2038],[73.4365,16.2032],[73.4362,16.2032],[73.4362,16.2029],[73.436,16.2029],[73.436,16.2026],[73.4357,16.2026],[73.4357,16.2024],[73.4354,16.2024],[73.4354,16.2021],[73.4349,16.2021],[73.4349,16.2018],[73.4343,16.2018],[73.4343,16.2015],[73.434,16.2015],[73.434,16.2013],[73.4337,16.2013],[73.4337,16.201],[73.4335,16.201],[73.4335,16.2007],[73.4329,16.2007],[73.4329,16.2001],[73.4324,16.2001],[73.4324,16.1999],[73.4318,16.1999],[73.4318,16.1996],[73.4315,16.1996],[73.4315,16.1993],[73.4313,16.1993],[73.4313,16.199],[73.431,16.199],[73.431,16.1988],[73.4307,16.1988],[73.4307,16.199],[73.4299,16.199],[73.4299,16.1993],[73.4296,16.1993],[73.4296,16.1996],[73.4293,16.1996],[73.4293,16.1999],[73.429,16.1999],[73.429,16.2001],[73.4287,16.2001],[73.4287,16.2004],[73.4285,16.2004],[73.4285,16.2007],[73.4282,16.2007],[73.4282,16.201],[73.4279,16.201],[73.4279,16.2015],[73.4276,16.2015],[73.4276,16.2021],[73.4274,16.2021],[73.4274,16.2026],[73.4271,16.2026],[73.4271,16.2032],[73.4268,16.2032],[73.4268,16.2043],[73.4265,16.2043],[73.4265,16.2065],[73.4268,16.2065],[73.4268,16.2074],[73.4271,16.2074],[73.4271,16.2079],[73.4274,16.2079],[73.4274,16.2085],[73.4276,16.2085],[73.4276,16.2093],[73.4274,16.2093],[73.4274,16.2101],[73.4271,16.2101],[73.4271,16.2107],[73.4268,16.2107],[73.4268,16.2124],[73.4271,16.2124],[73.4271,16.2129],[73.4274,16.2129],[73.4274,16.214],[73.4271,16.214],[73.4271,16.2149],[73.4268,16.2149],[73.4268,16.2154],[73.4262,16.2154],[73.4262,16.2157],[73.426,16.2157],[73.426,16.216],[73.4257,16.216],[73.4257,16.2162],[73.4254,16.2162],[73.4254,16.2165],[73.4251,16.2165],[73.4251,16.2171],[73.4249,16.2171],[73.4249,16.2174],[73.4246,16.2174],[73.4246,16.2199],[73.4249,16.2199],[73.4249,16.224],[73.4246,16.224],[73.4246,16.2251],[73.4243,16.2251],[73.4243,16.2263],[73.424,16.2263],[73.424,16.2274],[73.4238,16.2274],[73.4238,16.2285],[73.4235,16.2285],[73.4235,16.2296],[73.4232,16.2296],[73.4232,16.2307],[73.4229,16.2307],[73.4229,16.2318],[73.4226,16.2318],[73.4226,16.2326],[73.4224,16.2326],[73.4224,16.2332],[73.4221,16.2332],[73.4221,16.2337],[73.4218,16.2337],[73.4218,16.2343],[73.4215,16.2343],[73.4215,16.2349],[73.4212,16.2349],[73.4212,16.2354],[73.421,16.2354],[73.421,16.2365],[73.4207,16.2365],[73.4207,16.2376],[73.4204,16.2376],[73.4204,16.2404],[73.4201,16.2404],[73.4201,16.2415],[73.4199,16.2415],[73.4199,16.244],[73.4196,16.244],[73.4196,16.2443],[73.4193,16.2443],[73.4193,16.2446],[73.4185,16.2446],[73.4185,16.2449],[73.4179,16.2449],[73.4179,16.2451],[73.4174,16.2451],[73.4174,16.2454],[73.4171,16.2454],[73.4171,16.2457],[73.4168,16.2457],[73.4168,16.2468],[73.4165,16.2468],[73.4165,16.2474],[73.4163,16.2474],[73.4163,16.2504],[73.4165,16.2504],[73.4165,16.2513],[73.4163,16.2512],[73.4163,16.2521],[73.4157,16.2521],[73.4157,16.2538],[73.4154,16.2538],[73.4154,16.2546],[73.4151,16.2546],[73.4151,16.2565],[73.4149,16.2565],[73.4149,16.2576],[73.4146,16.2576],[73.4146,16.2582],[73.4143,16.2582],[73.4143,16.2588],[73.414,16.2588],[73.414,16.2601],[73.4137,16.2601],[73.4137,16.261],[73.4135,16.261],[73.4135,16.2635],[73.4132,16.2635],[73.4132,16.2654],[73.4129,16.2654],[73.4129,16.266],[73.4126,16.266],[73.4126,16.2668],[73.4124,16.2668],[73.4124,16.2674],[73.4121,16.2674],[73.4121,16.269],[73.4118,16.269],[73.4118,16.2704],[73.4115,16.2704],[73.4115,16.2715],[73.4112,16.2715],[73.4112,16.2735],[73.411,16.2735],[73.411,16.2749],[73.4112,16.2749],[73.4112,16.2751],[73.4115,16.2751],[73.4115,16.2754],[73.4118,16.2754],[73.4118,16.2763],[73.4121,16.2763],[73.4121,16.2771],[73.4124,16.2771],[73.4124,16.2779],[73.4126,16.2779],[73.4126,16.2782],[73.4129,16.2782],[73.4129,16.2785],[73.4132,16.2785],[73.4132,16.2788],[73.4135,16.2788],[73.4135,16.2793],[73.4137,16.2793],[73.4137,16.2801],[73.414,16.2801],[73.414,16.2807],[73.4143,16.2807],[73.4143,16.2826],[73.4146,16.2826],[73.4146,16.2829],[73.4149,16.2829],[73.4149,16.2832],[73.4179,16.2832],[73.4179,16.2829],[73.4187,16.2829],[73.4187,16.2832],[73.419,16.2832],[73.419,16.2835],[73.4193,16.2835],[73.4193,16.2838],[73.4209,16.2838],[73.4215,16.2838],[73.4215,16.284],[73.4224,16.284],[73.4224,16.2838],[73.4226,16.2838],[73.4226,16.2835],[73.4229,16.2835],[73.4229,16.2832],[73.424,16.2832],[73.424,16.2829],[73.4243,16.2829],[73.4243,16.2832],[73.4271,16.2832],[73.4271,16.2835],[73.4287,16.2835],[73.4287,16.2832],[73.4299,16.2832],[73.4299,16.2835],[73.431,16.2835],[73.431,16.2838],[73.4335,16.2838],[73.4335,16.284],[73.4343,16.284],[73.4343,16.2846],[73.4346,16.2846],[73.4346,16.2851],[73.4349,16.2851],[73.4349,16.2854],[73.4351,16.2854],[73.4351,16.2857],[73.4354,16.2857],[73.4354,16.286],[73.4357,16.286],[73.4357,16.2865],[73.4354,16.2865],[73.4354,16.2868],[73.4351,16.2868],[73.4351,16.2865],[73.4346,16.2865],[73.4346,16.2863],[73.4343,16.2863],[73.4343,16.286],[73.434,16.286],[73.434,16.2857],[73.4337,16.2857],[73.4337,16.2854],[73.4335,16.2854],[73.4335,16.2851],[73.4332,16.2851],[73.4332,16.2849],[73.4329,16.2849],[73.4329,16.2846],[73.4321,16.2846],[73.4321,16.2843],[73.431,16.2843],[73.431,16.2846],[73.4293,16.2846],[73.4293,16.2849],[73.4285,16.2849],[73.4285,16.2846],[73.4274,16.2846],[73.4274,16.2849],[73.4254,16.2849],[73.4254,16.2846],[73.4251,16.2846],[73.4251,16.2843],[73.4224,16.2843],[73.4224,16.2846],[73.4221,16.2846],[73.4221,16.2849],[73.4218,16.2849],[73.4218,16.2851],[73.4212,16.2851],[73.4212,16.2854],[73.4204,16.2854],[73.4204,16.2857],[73.42,16.2857],[73.4199,16.2857],[73.4199,16.286],[73.4193,16.286],[73.4193,16.2857],[73.4171,16.2857],[73.4171,16.286],[73.4168,16.286],[73.4168,16.2863],[73.4165,16.2863],[73.4165,16.2865],[73.4163,16.2865],[73.4163,16.2868],[73.416,16.2868],[73.416,16.2874],[73.4163,16.2874],[73.4163,16.2876],[73.4165,16.2876],[73.4165,16.2879],[73.4179,16.2879],[73.4179,16.2885],[73.4182,16.2885],[73.4182,16.2893],[73.4179,16.2893],[73.4179,16.2899],[73.4176,16.2899],[73.4176,16.291],[73.4179,16.291],[73.4179,16.2921],[73.4174,16.2921],[73.4174,16.2922],[73.4174,16.2924],[73.4168,16.2924],[73.4168,16.2918],[73.4165,16.2918],[73.4165,16.2912],[73.4163,16.2912],[73.4163,16.2907],[73.416,16.2907],[73.416,16.2899],[73.4157,16.2899],[73.4157,16.2893],[73.4154,16.2893],[73.4154,16.2887],[73.4151,16.2887],[73.4151,16.2879],[73.4149,16.2879],[73.4149,16.2874],[73.4143,16.2874],[73.4143,16.2871],[73.4137,16.2871],[73.4137,16.2868],[73.4135,16.2868],[73.4135,16.2865],[73.4129,16.2865],[73.4129,16.2863],[73.4126,16.2863],[73.4126,16.286],[73.4124,16.286],[73.4124,16.2854],[73.4118,16.2854],[73.4118,16.2851],[73.411,16.2851],[73.411,16.2843],[73.4107,16.2843],[73.4107,16.2818],[73.411,16.2818],[73.411,16.2812],[73.4112,16.2813],[73.4112,16.281],[73.4115,16.281],[73.4115,16.2804],[73.4118,16.2804],[73.4118,16.2801],[73.4121,16.2801],[73.4121,16.2793],[73.4118,16.2793],[73.4118,16.2788],[73.4115,16.2788],[73.4115,16.2785],[73.4112,16.2785],[73.4112,16.2782],[73.411,16.2782],[73.411,16.2779],[73.4104,16.2779],[73.4104,16.2793],[73.4101,16.2793],[73.4101,16.2796],[73.4099,16.2796],[73.4099,16.2801],[73.4096,16.2801],[73.4096,16.2807],[73.4093,16.2807],[73.4093,16.2821],[73.409,16.2821],[73.409,16.2838],[73.4088,16.2838],[73.4088,16.2849],[73.4085,16.2849],[73.4085,16.2857],[73.4082,16.2857],[73.4082,16.2868],[73.4079,16.2868],[73.4079,16.2876],[73.4076,16.2876],[73.4076,16.2887],[73.4074,16.2887],[73.4074,16.2899],[73.4071,16.2899],[73.4071,16.2907],[73.4068,16.2907],[73.4068,16.2921],[73.4065,16.2921],[73.4065,16.2929],[73.4063,16.2929],[73.4063,16.294],[73.406,16.294],[73.406,16.2951],[73.4057,16.2951],[73.4057,16.2962],[73.4054,16.2962],[73.4054,16.2971],[73.4051,16.2971],[73.4051,16.2974],[73.4049,16.2974],[73.4049,16.2976],[73.4046,16.2976],[73.4046,16.2979],[73.4043,16.2979],[73.4043,16.299],[73.404,16.299],[73.404,16.2993],[73.4037,16.2993],[73.4037,16.2996],[73.4018,16.2996],[73.4018,16.2993],[73.4013,16.2993],[73.4013,16.2996],[73.4004,16.2996],[73.4004,16.2999],[73.4001,16.2999],[73.4001,16.3004],[73.3999,16.3004],[73.3999,16.3007],[73.3996,16.3007],[73.3996,16.301],[73.3993,16.301],[73.3993,16.3015],[73.399,16.3015],[73.399,16.304],[73.3988,16.304],[73.3988,16.3051],[73.3985,16.3051],[73.3985,16.3057],[73.3982,16.3057],[73.3982,16.3082],[73.3979,16.3082],[73.3979,16.3088],[73.3976,16.3088],[73.3976,16.309],[73.3974,16.309],[73.3974,16.3093],[73.3971,16.3093],[73.3971,16.3096],[73.3968,16.3096],[73.3968,16.3099],[73.3962,16.3099],[73.3962,16.3101],[73.396,16.3101],[73.396,16.3104],[73.3957,16.3104],[73.3957,16.3107],[73.3954,16.3107],[73.3954,16.3121],[73.3951,16.3121],[73.3951,16.3126],[73.3949,16.3126],[73.3949,16.3132],[73.3946,16.3132],[73.3946,16.3135],[73.3943,16.3135],[73.3943,16.3143],[73.394,16.3143],[73.394,16.3146],[73.3938,16.3146],[73.3938,16.3174],[73.394,16.3174],[73.394,16.3176],[73.3943,16.3176],[73.3943,16.3179],[73.3954,16.3179],[73.3954,16.3182],[73.3957,16.3182],[73.3957,16.3185],[73.396,16.3185],[73.396,16.3199],[73.3962,16.3199],[73.3962,16.3221],[73.396,16.3221],[73.396,16.3229],[73.3957,16.3229],[73.3957,16.3237],[73.3954,16.3237],[73.3954,16.3243],[73.3951,16.3243],[73.3951,16.3251],[73.3949,16.3251],[73.3949,16.3254],[73.3946,16.3254],[73.3946,16.3263],[73.3943,16.3263],[73.3943,16.3268],[73.3946,16.3268],[73.3946,16.3285],[73.3949,16.3285],[73.3949,16.329],[73.3951,16.329],[73.3951,16.3293],[73.3957,16.3293],[73.3957,16.331],[73.3954,16.331],[73.3954,16.3318],[73.3951,16.3318],[73.3951,16.3321],[73.3949,16.3321],[73.3949,16.3324],[73.3946,16.3323],[73.3946,16.3326],[73.3943,16.3326],[73.3943,16.3323],[73.3932,16.3323],[73.3932,16.3326],[73.3926,16.3326],[73.3926,16.3329],[73.3924,16.3329],[73.3924,16.3332],[73.3918,16.3332],[73.3918,16.3335],[73.391,16.3335],[73.391,16.3338],[73.3904,16.3338],[73.3904,16.334],[73.3901,16.334],[73.3901,16.3343],[73.3893,16.3343],[73.3893,16.3346],[73.389,16.3346],[73.389,16.3349],[73.3882,16.3349],[73.3882,16.3351],[73.3874,16.3351],[73.3874,16.3354],[73.3871,16.3354],[73.3871,16.3357],[73.3868,16.3357],[73.3868,16.336],[73.3863,16.336],[73.3863,16.3363],[73.3857,16.3363],[73.3857,16.3365],[73.3854,16.3365],[73.3854,16.3374],[73.3857,16.3374],[73.3857,16.3376],[73.386,16.3376],[73.386,16.3382],[73.3863,16.3382],[73.3863,16.3385],[73.3865,16.3385],[73.3865,16.3388],[73.3868,16.3388],[73.3868,16.339],[73.3871,16.339],[73.3871,16.3396],[73.3874,16.3396],[73.3874,16.3424],[73.3876,16.3424],[73.3876,16.3432],[73.3879,16.3432],[73.3879,16.344],[73.3882,16.344],[73.3882,16.3446],[73.3885,16.3446],[73.3885,16.3449],[73.3887,16.3449],[73.3887,16.3454],[73.3893,16.3454],[73.3893,16.3457],[73.3896,16.3457],[73.3896,16.346],[73.3899,16.346],[73.3899,16.3462],[73.3901,16.3462],[73.3901,16.3465],[73.3904,16.3465],[73.3904,16.3476],[73.3901,16.3476],[73.3901,16.3479],[73.3899,16.3479],[73.3899,16.3485],[73.3896,16.3485],[73.3896,16.3488],[73.3893,16.3488],[73.3893,16.349],[73.389,16.349],[73.389,16.3507],[73.3887,16.3507],[73.3887,16.3521],[73.3885,16.3521],[73.3885,16.3529],[73.3882,16.3529],[73.3882,16.354],[73.3879,16.354],[73.3879,16.3549],[73.3876,16.3549],[73.3876,16.356],[73.3874,16.356],[73.3874,16.3574],[73.3871,16.3574],[73.3871,16.3579],[73.3874,16.3579],[73.3874,16.3585],[73.3874,16.3587],[73.3876,16.3587],[73.3876,16.3599],[73.3879,16.3599],[73.3879,16.3604],[73.3882,16.3604],[73.3882,16.3607],[73.3885,16.3607],[73.3885,16.3613],[73.3887,16.3613],[73.3887,16.3615],[73.389,16.3615],[73.389,16.3618],[73.3893,16.3618],[73.3893,16.3621],[73.3896,16.3621],[73.3896,16.3618],[73.3899,16.3618],[73.3899,16.3615],[73.3904,16.3615],[73.3904,16.3604],[73.3907,16.3604],[73.3907,16.3596],[73.391,16.3596],[73.391,16.3593],[73.3913,16.3593],[73.3913,16.3587],[73.3915,16.3587],[73.3915,16.3582],[73.3918,16.3582],[73.3918,16.3579],[73.3921,16.3579],[73.3921,16.3571],[73.3924,16.3571],[73.3924,16.3565],[73.3926,16.3565],[73.3926,16.3563],[73.3929,16.3563],[73.3929,16.356],[73.3932,16.356],[73.3932,16.3558],[73.3932,16.3557],[73.3935,16.3557],[73.3935,16.3554],[73.3938,16.3554],[73.3938,16.3551],[73.3943,16.3551],[73.3943,16.3549],[73.3974,16.3549],[73.3974,16.3551],[73.3979,16.3551],[73.3979,16.3554],[73.3985,16.3554],[73.3985,16.3557],[73.399,16.3557],[73.399,16.356],[73.3996,16.356],[73.3996,16.3563],[73.4024,16.3563],[73.4024,16.356],[73.404,16.356],[73.404,16.3563],[73.4046,16.3563],[73.4046,16.3565],[73.4057,16.3565],[73.4057,16.3571],[73.4065,16.3571],[73.4065,16.3574],[73.4074,16.3574],[73.4074,16.3576],[73.4082,16.3576],[73.4082,16.3579],[73.4093,16.3579],[73.4093,16.3581],[73.4093,16.3582],[73.4104,16.3582],[73.4104,16.3585],[73.4107,16.3585],[73.4107,16.3587],[73.411,16.3587],[73.411,16.359],[73.4112,16.359],[73.4112,16.3592],[73.4112,16.3593],[73.4115,16.3593],[73.4115,16.3599],[73.4118,16.3599],[73.4118,16.3604],[73.4115,16.3604],[73.4115,16.3607],[73.4112,16.3607],[73.4112,16.3621],[73.4107,16.3621],[73.4107,16.3618],[73.4101,16.3618],[73.4101,16.3615],[73.4099,16.3615],[73.4099,16.3613],[73.4096,16.3613],[73.4096,16.361],[73.4093,16.361],[73.4093,16.3607],[73.409,16.3607],[73.4088,16.3607],[73.4088,16.3604],[73.4085,16.3604],[73.4085,16.3601],[73.4079,16.3601],[73.4079,16.359],[73.4076,16.359],[73.4076,16.3582],[73.4068,16.3582],[73.4068,16.3579],[73.4063,16.3579],[73.4063,16.3582],[73.4057,16.3582],[73.4057,16.359],[73.4049,16.359],[73.4049,16.3593],[73.4026,16.3593],[73.4026,16.3596],[73.3999,16.3596],[73.3993,16.3596],[73.3993,16.3599],[73.3982,16.3599],[73.3982,16.3596],[73.3965,16.3596],[73.3965,16.3593],[73.3954,16.3593],[73.3954,16.359],[73.3951,16.359],[73.3951,16.3593],[73.3949,16.3593],[73.3949,16.359],[73.3938,16.359],[73.3938,16.3587],[73.3932,16.3587],[73.3932,16.359],[73.3929,16.359],[73.3929,16.3596],[73.3926,16.3596],[73.3926,16.3601],[73.3929,16.3601],[73.3929,16.3604],[73.3932,16.3604],[73.3932,16.3607],[73.3929,16.3607],[73.3929,16.3621],[73.3926,16.3621],[73.3926,16.3624],[73.3921,16.3624],[73.3921,16.3638],[73.3918,16.3638],[73.3918,16.3649],[73.3915,16.3649],[73.3915,16.3654],[73.3913,16.3654],[73.3913,16.3657],[73.3899,16.3657],[73.3899,16.3654],[73.3896,16.3654],[73.3896,16.3649],[73.3893,16.3649],[73.3893,16.3646],[73.389,16.3646],[73.389,16.3643],[73.3887,16.3643],[73.3887,16.364],[73.3885,16.364],[73.3885,16.3638],[73.3882,16.3638],[73.3882,16.3635],[73.3876,16.3635],[73.3876,16.3632],[73.3865,16.3632],[73.3865,16.3607],[73.3863,16.3607],[73.3863,16.3604],[73.386,16.3604],[73.386,16.3601],[73.3857,16.3601],[73.3857,16.3599],[73.3854,16.3599],[73.3854,16.3596],[73.3849,16.3596],[73.3849,16.3593],[73.3843,16.3593],[73.3843,16.359],[73.3838,16.359],[73.3838,16.3587],[73.3832,16.3587],[73.3832,16.359],[73.3829,16.359],[73.3829,16.3596],[73.3826,16.3596],[73.3826,16.3599],[73.3829,16.3599],[73.3829,16.3601],[73.3826,16.3601],[73.3826,16.3607],[73.3824,16.3607],[73.3824,16.361],[73.3821,16.361],[73.3821,16.3613],[73.3812,16.3613],[73.3812,16.3615],[73.379,16.3615],[73.379,16.3618],[73.3782,16.3618],[73.3782,16.3621],[73.3776,16.3621],[73.3776,16.3624],[73.3774,16.3624],[73.3774,16.3621],[73.3771,16.3621],[73.3771,16.3618],[73.3768,16.3618],[73.3768,16.3613],[73.3765,16.3613],[73.3765,16.361],[73.3763,16.361],[73.3763,16.3607],[73.376,16.3607],[73.376,16.3604],[73.3757,16.3604],[73.3757,16.3601],[73.3754,16.3601],[73.3754,16.3599],[73.3724,16.3599],[73.3724,16.3604],[73.3721,16.3604],[73.3721,16.3607],[73.3712,16.3607],[73.3712,16.361],[73.3707,16.361],[73.3707,16.3613],[73.3704,16.3613],[73.3704,16.3615],[73.3701,16.3615],[73.3701,16.3618],[73.3699,16.3618],[73.3699,16.3621],[73.3693,16.3621],[73.3693,16.3624],[73.3688,16.3624],[73.3688,16.3626],[73.3685,16.3626],[73.3685,16.3629],[73.3682,16.3629],[73.3682,16.3635],[73.3679,16.3635],[73.3679,16.3649],[73.3682,16.3649],[73.3682,16.3654],[73.3685,16.3654],[73.3685,16.366],[73.3688,16.366],[73.3688,16.3668],[73.369,16.3668],[73.369,16.3674],[73.3693,16.3674],[73.3693,16.3676],[73.3696,16.3676],[73.3696,16.3682],[73.3699,16.3682],[73.3699,16.3687],[73.3701,16.3687],[73.3701,16.3693],[73.3704,16.3693],[73.3704,16.3699],[73.3707,16.3699],[73.3707,16.3704],[73.3712,16.3704],[73.3712,16.371],[73.3715,16.371],[73.3715,16.3712],[73.3718,16.3712],[73.3718,16.3718],[73.3721,16.3718],[73.3721,16.3735],[73.3718,16.3735],[73.3718,16.374],[73.3715,16.374],[73.3715,16.3746],[73.3712,16.3746],[73.3712,16.3751],[73.3707,16.3751],[73.3707,16.3754],[73.3704,16.3754],[73.3704,16.3751],[73.3688,16.3751],[73.3688,16.3754],[73.3682,16.3754],[73.3682,16.3757],[73.3676,16.3757],[73.3676,16.376],[73.3674,16.376],[73.3674,16.3763],[73.3671,16.3763],[73.3671,16.3768],[73.3668,16.3768],[73.3668,16.3774],[73.3665,16.3774],[73.3665,16.3793],[73.3668,16.3793],[73.3668,16.3796],[73.3671,16.3796],[73.3671,16.3799],[73.3676,16.3799],[73.3676,16.3801],[73.3685,16.3801],[73.3685,16.3804],[73.3688,16.3804],[73.3688,16.3807],[73.369,16.3807],[73.369,16.3829],[73.3693,16.3829],[73.3693,16.3846],[73.3696,16.3846],[73.3696,16.3851],[73.3699,16.3851],[73.3699,16.3857],[73.3701,16.3857],[73.3701,16.3879],[73.3704,16.3879],[73.3704,16.3885],[73.3707,16.3885],[73.3707,16.389],[73.371,16.389],[73.371,16.3896],[73.3712,16.3896],[73.3712,16.3899],[73.3718,16.3899],[73.3718,16.3901],[73.3724,16.3901],[73.3724,16.3899],[73.3729,16.3899],[73.3729,16.3896],[73.3735,16.3896],[73.3735,16.3893],[73.374,16.3893],[73.374,16.3888],[73.3743,16.3888],[73.3743,16.3879],[73.3746,16.3879],[73.3746,16.3871],[73.3749,16.3871],[73.3749,16.3863],[73.3751,16.3863],[73.3751,16.3851],[73.3749,16.3851],[73.3749,16.3846],[73.3746,16.3846],[73.3746,16.384],[73.3743,16.384],[73.3743,16.3818],[73.374,16.3818],[73.374,16.3815],[73.3737,16.3815],[73.3737,16.381],[73.3735,16.381],[73.3735,16.3804],[73.3732,16.3804],[73.3732,16.3799],[73.3729,16.3799],[73.3729,16.3768],[73.3732,16.3768],[73.3732,16.3765],[73.3735,16.3765],[73.3735,16.3763],[73.3737,16.3763],[73.3737,16.3765],[73.3743,16.3765],[73.3743,16.3768],[73.3746,16.3768],[73.3746,16.3774],[73.3749,16.3774],[73.3749,16.3779],[73.3751,16.3779],[73.3751,16.3785],[73.3754,16.3785],[73.3754,16.3787],[73.3757,16.3787],[73.3757,16.379],[73.3763,16.379],[73.3763,16.3793],[73.3774,16.3793],[73.3774,16.3796],[73.3776,16.3796],[73.3776,16.3799],[73.3779,16.3799],[73.3779,16.3804],[73.3782,16.3804],[73.3782,16.3821],[73.3785,16.3821],[73.3785,16.3824],[73.3787,16.3824],[73.3787,16.3843],[73.379,16.3843],[73.379,16.3849],[73.3793,16.3849],[73.3793,16.3851],[73.379,16.3851],[73.379,16.3874],[73.3793,16.3874],[73.3793,16.3876],[73.3796,16.3876],[73.3796,16.3879],[73.3799,16.3879],[73.3799,16.3885],[73.3804,16.3885],[73.3804,16.3888],[73.381,16.3888],[73.381,16.389],[73.3815,16.389],[73.3815,16.3893],[73.3818,16.3893],[73.3818,16.3896],[73.3821,16.3896],[73.3821,16.3899],[73.3826,16.3899],[73.3826,16.3901],[73.3832,16.3901],[73.3832,16.3904],[73.3843,16.3904],[73.3843,16.3907],[73.3846,16.3907],[73.3846,16.391],[73.3849,16.391],[73.3849,16.3912],[73.3849,16.3915],[73.3851,16.3915],[73.3851,16.3918],[73.3854,16.3918],[73.3854,16.3921],[73.3857,16.3921],[73.3857,16.3926],[73.386,16.3926],[73.386,16.3932],[73.3863,16.3932],[73.3863,16.3935],[73.3865,16.3935],[73.3865,16.3938],[73.3868,16.3938],[73.3868,16.394],[73.3874,16.394],[73.3874,16.3943],[73.3879,16.3943],[73.3879,16.3946],[73.3882,16.3946],[73.3882,16.3949],[73.3887,16.3949],[73.3887,16.3951],[73.3901,16.3951],[73.3901,16.3949],[73.391,16.3949],[73.391,16.3946],[73.3915,16.3946],[73.3915,16.3943],[73.3918,16.3943],[73.3918,16.394],[73.3921,16.394],[73.3921,16.3935],[73.3924,16.3935],[73.3924,16.3929],[73.3926,16.3929],[73.3926,16.3926],[73.3929,16.3926],[73.3929,16.3921],[73.3932,16.3921],[73.3932,16.3918],[73.3935,16.3918],[73.3935,16.3915],[73.3938,16.3915],[73.3938,16.391],[73.394,16.391],[73.394,16.3907],[73.3943,16.3907],[73.3943,16.3904],[73.3949,16.3904],[73.3949,16.3901],[73.3954,16.3901],[73.3954,16.3899],[73.396,16.3899],[73.396,16.3896],[73.3965,16.3896],[73.3965,16.3893],[73.3982,16.3893],[73.3982,16.389],[73.4001,16.389],[73.4001,16.3893],[73.4007,16.3893],[73.4007,16.3896],[73.4013,16.3896],[73.4013,16.3899],[73.4015,16.3899],[73.4015,16.3901],[73.4018,16.3901],[73.4018,16.3907],[73.4021,16.3907],[73.4021,16.391],[73.4024,16.391],[73.4024,16.3913],[73.4026,16.3913],[73.4026,16.3915],[73.4029,16.3915],[73.4029,16.3924],[73.4032,16.3924],[73.4032,16.3929],[73.4035,16.3929],[73.4035,16.3932],[73.4037,16.3932],[73.4037,16.3935],[73.404,16.3935],[73.404,16.394],[73.4043,16.394],[73.4043,16.3943],[73.4046,16.3943],[73.4046,16.3949],[73.4049,16.3949],[73.4049,16.3957],[73.4051,16.3957],[73.4051,16.3968],[73.4054,16.3968],[73.4054,16.3996],[73.4054,16.401],[73.4051,16.401],[73.4051,16.4021],[73.4049,16.4021],[73.4049,16.4043],[73.4051,16.4043],[73.4051,16.4046],[73.4054,16.4046],[73.4054,16.4049],[73.4035,16.4049],[73.4035,16.4046],[73.4032,16.4046],[73.4032,16.4043],[73.4029,16.4043],[73.4029,16.404],[73.4026,16.404],[73.4026,16.4037],[73.4024,16.4037],[73.4024,16.4035],[73.4018,16.4035],[73.4018,16.4032],[73.4013,16.4032],[73.4013,16.4029],[73.401,16.4029],[73.401,16.4026],[73.4004,16.4026],[73.4004,16.4024],[73.3999,16.4024],[73.3999,16.4021],[73.3996,16.4021],[73.3996,16.4018],[73.3993,16.4018],[73.3993,16.4015],[73.3985,16.4015],[73.3985,16.4013],[73.3974,16.4013],[73.3974,16.401],[73.3965,16.401],[73.3965,16.4007],[73.3954,16.4007],[73.3954,16.4004],[73.3951,16.4004],[73.3951,16.4007],[73.3943,16.4007],[73.3943,16.4004],[73.3929,16.4004],[73.3929,16.4007],[73.3907,16.4007],[73.3907,16.401],[73.3904,16.401],[73.3904,16.4013],[73.3899,16.4013],[73.3899,16.4015],[73.3893,16.4015],[73.3893,16.4018],[73.3887,16.4018],[73.3887,16.4021],[73.3882,16.4021],[73.3882,16.4026],[73.3879,16.4026],[73.3879,16.4029],[73.3874,16.4029],[73.3874,16.4032],[73.3871,16.4032],[73.3871,16.4035],[73.3863,16.4035],[73.3863,16.4032],[73.386,16.4032],[73.386,16.4026],[73.3857,16.4026],[73.3857,16.4024],[73.3854,16.4024],[73.3854,16.4013],[73.3851,16.4013],[73.3851,16.4004],[73.3849,16.4004],[73.3849,16.4001],[73.3846,16.4001],[73.3846,16.3999],[73.3843,16.3999],[73.3843,16.3993],[73.384,16.3993],[73.384,16.399],[73.3838,16.399],[73.3838,16.3985],[73.3835,16.3985],[73.3835,16.3982],[73.3829,16.3982],[73.3829,16.3979],[73.3826,16.3979],[73.3826,16.3976],[73.3821,16.3976],[73.3821,16.3974],[73.3815,16.3974],[73.3815,16.3971],[73.3812,16.3971],[73.3812,16.3968],[73.381,16.3968],[73.381,16.3965],[73.3807,16.3965],[73.3807,16.3962],[73.3801,16.3962],[73.3801,16.396],[73.3799,16.396],[73.3799,16.3957],[73.3786,16.3957],[73.3776,16.3957],[73.3776,16.396],[73.3771,16.396],[73.3771,16.3962],[73.3768,16.3962],[73.3768,16.3968],[73.3765,16.3968],[73.3765,16.3971],[73.3757,16.3971],[73.3757,16.3974],[73.3754,16.3974],[73.3754,16.3971],[73.3749,16.3971],[73.3749,16.3968],[73.3746,16.3968],[73.3746,16.3965],[73.3743,16.3965],[73.3743,16.3962],[73.3737,16.3962],[73.3737,16.396],[73.3729,16.396],[73.3729,16.3957],[73.3726,16.3957],[73.3726,16.396],[73.3699,16.396],[73.3699,16.3957],[73.3693,16.3957],[73.3693,16.396],[73.3688,16.396],[73.3688,16.3957],[73.3685,16.3957],[73.3685,16.396],[73.3682,16.396],[73.3682,16.3962],[73.3676,16.3962],[73.3676,16.3965],[73.3674,16.3965],[73.3674,16.3968],[73.3668,16.3968],[73.3668,16.3971],[73.366,16.3971],[73.366,16.3974],[73.3657,16.3974],[73.3657,16.3976],[73.3654,16.3976],[73.3654,16.399],[73.3657,16.399],[73.3657,16.3993],[73.366,16.3993],[73.366,16.3996],[73.3662,16.3996],[73.3662,16.3999],[73.3665,16.3999],[73.3665,16.4001],[73.3668,16.4001],[73.3668,16.4004],[73.3671,16.4004],[73.3671,16.4007],[73.3674,16.4007],[73.3674,16.4013],[73.3671,16.4013],[73.3671,16.4015],[73.3668,16.4015],[73.3668,16.4018],[73.3662,16.4018],[73.3662,16.4024],[73.366,16.4024],[73.366,16.4029],[73.3657,16.4029],[73.3657,16.404],[73.3654,16.404],[73.3654,16.4054],[73.3651,16.4054],[73.3651,16.4076],[73.3654,16.4076],[73.3654,16.4079],[73.3657,16.4079],[73.3657,16.4082],[73.366,16.4082],[73.366,16.4085],[73.3662,16.4085],[73.3662,16.4088],[73.3668,16.4088],[73.3668,16.409],[73.3671,16.409],[73.3671,16.4099],[73.3668,16.4099],[73.3668,16.4101],[73.3665,16.4101],[73.3665,16.4107],[73.3662,16.4107],[73.3662,16.4112],[73.366,16.4112],[73.366,16.4118],[73.3657,16.4118],[73.3657,16.4138],[73.3654,16.4138],[73.3654,16.4146],[73.3651,16.4146],[73.3651,16.4151],[73.3649,16.4151],[73.3649,16.4157],[73.3646,16.4157],[73.3646,16.416],[73.3643,16.416],[73.3643,16.4165],[73.364,16.4165],[73.364,16.4168],[73.3637,16.4168],[73.3637,16.4171],[73.3632,16.4171],[73.3632,16.4174],[73.3629,16.4174],[73.3629,16.4176],[73.3626,16.4176],[73.3626,16.4179],[73.3624,16.4179],[73.3624,16.4182],[73.3621,16.4182],[73.3621,16.419],[73.3618,16.419],[73.3618,16.4199],[73.3615,16.4199],[73.3615,16.4204],[73.3613,16.4204],[73.3613,16.4212],[73.361,16.4212],[73.361,16.4232],[73.3607,16.4232],[73.3607,16.4237],[73.3604,16.4237],[73.3604,16.424],[73.3579,16.424],[73.3579,16.4257],[73.3582,16.4257],[73.3582,16.4271],[73.3585,16.4271],[73.3585,16.4274],[73.3587,16.4274],[73.3587,16.4276],[73.359,16.4276],[73.359,16.4279],[73.3593,16.4279],[73.3593,16.4282],[73.3596,16.4282],[73.3596,16.4301],[73.3593,16.4301],[73.3593,16.4324],[73.359,16.4324],[73.359,16.4335],[73.3587,16.4335],[73.3587,16.4351],[73.3585,16.4351],[73.3585,16.4371],[73.3582,16.4371],[73.3582,16.4382],[73.3579,16.4382],[73.3579,16.4387],[73.3576,16.4387],[73.3576,16.4393],[73.3574,16.4393],[73.3574,16.4399],[73.3571,16.4399],[73.3571,16.4404],[73.3574,16.4404],[73.3574,16.4413],[73.3576,16.4413],[73.3576,16.4415],[73.3585,16.4415],[73.3585,16.4413],[73.3587,16.4413],[73.3587,16.441],[73.3615,16.441],[73.3615,16.4407],[73.3621,16.4407],[73.3621,16.4404],[73.3624,16.4404],[73.3624,16.4401],[73.3626,16.4401],[73.3626,16.4399],[73.3629,16.4399],[73.3629,16.4396],[73.3632,16.4396],[73.3632,16.4393],[73.3637,16.4393],[73.3637,16.439],[73.3649,16.439],[73.3649,16.4396],[73.3646,16.4396],[73.3646,16.4399],[73.3637,16.4399],[73.3637,16.4401],[73.3635,16.4401],[73.3635,16.4404],[73.3632,16.4404],[73.3632,16.441],[73.3629,16.441],[73.3629,16.4413],[73.3626,16.4413],[73.3626,16.4418],[73.3624,16.4418],[73.3624,16.4421],[73.3621,16.4421],[73.3621,16.4426],[73.3615,16.4426],[73.3615,16.4429],[73.3607,16.4429],[73.3607,16.4426],[73.3601,16.4426],[73.3601,16.4424],[73.3593,16.4424],[73.3593,16.4426],[73.3587,16.4426],[73.3587,16.4429],[73.3582,16.4429],[73.3582,16.4432],[73.3576,16.4432],[73.3576,16.4435],[73.3574,16.4435],[73.3574,16.4438],[73.3571,16.4437],[73.3571,16.444],[73.3565,16.444],[73.3565,16.4446],[73.3562,16.4446],[73.3562,16.4451],[73.356,16.4451],[73.356,16.4457],[73.3557,16.4457],[73.3557,16.446],[73.3554,16.446],[73.3554,16.4463],[73.3551,16.4463],[73.3551,16.4465],[73.354,16.4465],[73.354,16.4463],[73.3538,16.4463],[73.3538,16.4449],[73.3532,16.4449],[73.3532,16.4446],[73.3521,16.4446],[73.3521,16.4449],[73.3518,16.4449],[73.3518,16.4451],[73.3512,16.4451],[73.3512,16.4454],[73.351,16.4454],[73.351,16.4457],[73.3507,16.4457],[73.3507,16.446],[73.3504,16.446],[73.3504,16.4465],[73.3501,16.4465],[73.3501,16.4471],[73.3499,16.4471],[73.3499,16.4476],[73.3496,16.4476],[73.3496,16.4479],[73.3493,16.4479],[73.3493,16.4487],[73.349,16.4487],[73.349,16.4496],[73.3487,16.4496],[73.3487,16.4501],[73.3485,16.4501],[73.3485,16.4504],[73.3482,16.4504],[73.3482,16.4507],[73.3479,16.4507],[73.3479,16.4515],[73.3476,16.4515],[73.3476,16.4529],[73.3474,16.4529],[73.3474,16.4538],[73.3471,16.4538],[73.3471,16.4543],[73.3474,16.4543],[73.3474,16.4557],[73.3471,16.4557],[73.3471,16.4579],[73.3468,16.4579],[73.3468,16.4585],[73.3465,16.4585],[73.3465,16.459],[73.3463,16.459],[73.3463,16.4596],[73.346,16.4596],[73.346,16.4604],[73.3457,16.4604],[73.3457,16.461],[73.3454,16.461],[73.3454,16.4613],[73.3451,16.4613],[73.3451,16.4618],[73.3449,16.4618],[73.3449,16.4621],[73.3446,16.4621],[73.3446,16.4624],[73.3443,16.4624],[73.3443,16.4626],[73.344,16.4626],[73.344,16.4632],[73.3438,16.4632],[73.3438,16.4638],[73.3435,16.4638],[73.3435,16.4646],[73.3432,16.4646],[73.3432,16.4651],[73.3429,16.4651],[73.3429,16.4654],[73.3426,16.4654],[73.3426,16.4662],[73.3424,16.4662],[73.3424,16.4671],[73.3421,16.4671],[73.3421,16.4688],[73.3418,16.4688],[73.3418,16.4704],[73.3415,16.4704],[73.3415,16.4715],[73.3418,16.4715],[73.3418,16.4721],[73.3421,16.4721],[73.3421,16.4729],[73.3424,16.4729],[73.3424,16.4757],[73.3421,16.4757],[73.3421,16.4762],[73.3418,16.4762],[73.3418,16.4776],[73.3415,16.4776],[73.3415,16.4785],[73.3412,16.4785],[73.3412,16.4787],[73.341,16.4787],[73.341,16.4793],[73.3407,16.4793],[73.3407,16.4796],[73.3393,16.4796],[73.3393,16.4799],[73.3388,16.4799],[73.3388,16.4796],[73.3379,16.4796],[73.3379,16.4799],[73.3374,16.4799],[73.3374,16.4801],[73.3371,16.4801],[73.3371,16.4804],[73.3365,16.4804],[73.3365,16.4807],[73.3363,16.4807],[73.3363,16.4821],[73.336,16.4821],[73.336,16.4829],[73.3357,16.4829],[73.3357,16.4835],[73.3354,16.4835],[73.3354,16.4837],[73.3351,16.4837],[73.3351,16.484],[73.3349,16.484],[73.3349,16.4843],[73.3346,16.4843],[73.3346,16.4846],[73.3343,16.4846],[73.3343,16.4849],[73.334,16.4849],[73.334,16.4851],[73.3337,16.4851],[73.3337,16.4854],[73.3335,16.4854],[73.3335,16.486],[73.3332,16.486],[73.3332,16.4865],[73.3329,16.4865],[73.3329,16.4871],[73.3326,16.4871],[73.3326,16.4879],[73.3324,16.4879],[73.3324,16.4882],[73.3321,16.4882],[73.3321,16.4885],[73.3318,16.4885],[73.3318,16.489],[73.3315,16.489],[73.3315,16.4904],[73.3313,16.4904],[73.3313,16.491],[73.3315,16.491],[73.3315,16.4921],[73.3313,16.4921],[73.3313,16.4935],[73.331,16.4935],[73.331,16.494],[73.3301,16.494],[73.3301,16.4951],[73.3299,16.4951],[73.3299,16.4971],[73.3296,16.4971],[73.3296,16.4979],[73.3293,16.4979],[73.3293,16.5004],[73.329,16.5004],[73.329,16.5026],[73.3288,16.5026],[73.3288,16.5035],[73.3285,16.5035],[73.3285,16.5043],[73.3282,16.5043],[73.3282,16.5054],[73.3279,16.5054],[73.3279,16.5065],[73.3276,16.5065],[73.3276,16.5074],[73.3273,16.5074],[73.3273,16.5079],[73.3271,16.5079],[73.3271,16.5085],[73.3268,16.5085],[73.3268,16.5093],[73.3265,16.5093],[73.3265,16.5102],[73.3262,16.5101],[73.3262,16.5107],[73.326,16.5107],[73.326,16.5112],[73.3257,16.5112],[73.3257,16.5121],[73.3254,16.5121],[73.3254,16.5129],[73.3251,16.5129],[73.3251,16.5138],[73.3249,16.5138],[73.3249,16.514],[73.3246,16.514],[73.3246,16.5143],[73.3243,16.5143],[73.3243,16.5149],[73.324,16.5149],[73.324,16.5151],[73.3238,16.5151],[73.3238,16.5154],[73.3235,16.5154],[73.3235,16.5157],[73.3232,16.5157],[73.3232,16.516],[73.3229,16.516],[73.3229,16.5163],[73.3226,16.5163],[73.3226,16.5165],[73.321,16.5165],[73.321,16.5163],[73.3201,16.5163],[73.3201,16.516],[73.3199,16.516],[73.3199,16.5157],[73.319,16.5157],[73.319,16.5154],[73.3187,16.5154],[73.3187,16.5151],[73.3182,16.5151],[73.3182,16.5149],[73.3179,16.5149],[73.3179,16.5146],[73.3176,16.5146],[73.3176,16.5143],[73.3174,16.5143],[73.3174,16.514],[73.3171,16.514],[73.3171,16.5138],[73.3168,16.5138],[73.3168,16.5135],[73.3162,16.5135],[73.3162,16.5151],[73.3165,16.5151],[73.3165,16.516],[73.3168,16.516],[73.3168,16.5168],[73.3171,16.5168],[73.3171,16.5171],[73.3174,16.5171],[73.3174,16.5176],[73.3176,16.5176],[73.3176,16.5179],[73.3179,16.5179],[73.3179,16.5185],[73.3182,16.5185],[73.3182,16.5187],[73.3185,16.5187],[73.3185,16.5199],[73.3182,16.5199],[73.3182,16.5201],[73.3179,16.5201],[73.3179,16.5207],[73.3176,16.5207],[73.3176,16.5226],[73.3174,16.5226],[73.3174,16.5229],[73.3171,16.5229],[73.3171,16.5235],[73.3168,16.5235],[73.3168,16.5238],[73.3165,16.5238],[73.3165,16.524],[73.3162,16.524],[73.3162,16.5263],[73.316,16.5263],[73.316,16.5268],[73.3157,16.5268],[73.3157,16.5276],[73.316,16.5276],[73.316,16.5282],[73.3163,16.5282],[73.3163,16.5285],[73.3165,16.5285],[73.3165,16.5287],[73.3168,16.5287],[73.3168,16.5293],[73.3171,16.5293],[73.3171,16.5301],[73.3174,16.5301],[73.3174,16.5307],[73.3171,16.5307],[73.3171,16.531],[73.3168,16.531],[73.3168,16.5312],[73.3163,16.5312],[73.3163,16.5321],[73.316,16.5321],[73.316,16.5324],[73.3157,16.5324],[73.3157,16.5326],[73.3154,16.5326],[73.3154,16.5329],[73.3149,16.5329],[73.3149,16.5332],[73.3146,16.5332],[73.3146,16.5335],[73.314,16.5335],[73.314,16.5338],[73.3138,16.5338],[73.3138,16.534],[73.3135,16.534],[73.3135,16.5343],[73.3132,16.5343],[73.3132,16.5346],[73.3129,16.5346],[73.3129,16.5349],[73.3126,16.5349],[73.3126,16.5351],[73.3124,16.5351],[73.3124,16.5371],[73.3121,16.5371],[73.3121,16.5374],[73.3118,16.5374],[73.3118,16.5379],[73.3115,16.5379],[73.3115,16.5382],[73.3112,16.5382],[73.3112,16.5379],[73.3101,16.5379],[73.3101,16.539],[73.3104,16.539],[73.3104,16.5396],[73.3112,16.5396],[73.3112,16.5393],[73.3118,16.5393],[73.3118,16.539],[73.3126,16.539],[73.3126,16.5393],[73.3124,16.5393],[73.3124,16.5396],[73.3121,16.5396],[73.3121,16.5399],[73.3118,16.5399],[73.3118,16.5401],[73.3112,16.5401],[73.3112,16.5404],[73.311,16.5404],[73.311,16.541],[73.3107,16.541],[73.3107,16.5415],[73.311,16.5415],[73.311,16.5421],[73.3112,16.5421],[73.3112,16.5424],[73.3121,16.5424],[73.3121,16.5421],[73.3124,16.5421],[73.3124,16.5418],[73.3126,16.5418],[73.3126,16.5415],[73.3129,16.5415],[73.3129,16.5413],[73.3132,16.5413],[73.3132,16.5415],[73.3143,16.5415],[73.3143,16.5421],[73.3146,16.5421],[73.3146,16.5426],[73.3143,16.5426],[73.3143,16.5449],[73.3146,16.5449],[73.3146,16.5451],[73.3149,16.5451],[73.3149,16.5454],[73.3151,16.5454],[73.3151,16.5457],[73.3154,16.5457],[73.3154,16.5463],[73.3157,16.5463],[73.3157,16.5465],[73.316,16.5465],[73.316,16.5468],[73.3163,16.5468],[73.3163,16.5471],[73.3165,16.5471],[73.3165,16.5474],[73.3171,16.5474],[73.3171,16.5476],[73.3174,16.5476],[73.3174,16.5482],[73.3176,16.5482],[73.3176,16.5485],[73.3179,16.5485],[73.3179,16.549],[73.3182,16.549],[73.3182,16.5493],[73.3185,16.5493],[73.3185,16.5496],[73.3187,16.5496],[73.3187,16.5499],[73.319,16.5499],[73.319,16.5504],[73.3193,16.5504],[73.3193,16.5524],[73.319,16.5524],[73.319,16.5526],[73.3187,16.5526],[73.3187,16.5529],[73.3185,16.5529],[73.3185,16.5535],[73.3182,16.5535],[73.3182,16.554],[73.3179,16.554],[73.3179,16.5549],[73.3176,16.5549],[73.3176,16.5562],[73.3182,16.5562],[73.3182,16.5565],[73.3187,16.5565],[73.3187,16.5568],[73.3193,16.5568],[73.3193,16.5565],[73.3199,16.5565],[73.3199,16.556],[73.3201,16.556],[73.3201,16.5557],[73.3204,16.5557],[73.3204,16.5549],[73.3207,16.5549],[73.3207,16.5543],[73.3215,16.5543],[73.3215,16.5538],[73.3218,16.5538],[73.3218,16.5532],[73.3215,16.5532],[73.3215,16.5526],[73.3213,16.5526],[73.3213,16.5518],[73.3221,16.5518],[73.3221,16.5521],[73.3226,16.5521],[73.3226,16.5524],[73.3229,16.5524],[73.3229,16.5526],[73.3232,16.5526],[73.3232,16.5529],[73.3243,16.5529],[73.3243,16.5535],[73.3246,16.5535],[73.3246,16.554],[73.3249,16.554],[73.3249,16.5546],[73.3251,16.5546],[73.3251,16.5551],[73.3254,16.5551],[73.3254,16.5554],[73.3257,16.5554],[73.3257,16.5562],[73.326,16.5562],[73.326,16.5574],[73.3262,16.5574],[73.3262,16.5579],[73.3282,16.5579],[73.3282,16.5576],[73.3285,16.5576],[73.3285,16.5574],[73.3293,16.5574],[73.3293,16.5571],[73.3296,16.5571],[73.3296,16.5568],[73.3301,16.5568],[73.3301,16.5565],[73.3315,16.5565],[73.3315,16.5568],[73.3321,16.5568],[73.3321,16.5571],[73.3324,16.5571],[73.3324,16.5574],[73.3326,16.5574],[73.3326,16.5576],[73.3329,16.5576],[73.3329,16.5579],[73.3332,16.5579],[73.3332,16.559],[73.3329,16.559],[73.3329,16.5596],[73.3324,16.5596],[73.3324,16.5599],[73.3321,16.5599],[73.3321,16.5601],[73.3318,16.5601],[73.3318,16.5604],[73.3315,16.5604],[73.3315,16.561],[73.3313,16.561],[73.3313,16.5618],[73.3315,16.5618],[73.3315,16.5621],[73.3318,16.5621],[73.3318,16.5624],[73.3321,16.5624],[73.3321,16.5621],[73.3329,16.5621],[73.3329,16.5624],[73.3335,16.5624],[73.3335,16.5621],[73.334,16.5621],[73.334,16.5618],[73.3343,16.5618],[73.3343,16.5615],[73.3349,16.5615],[73.3349,16.5613],[73.3351,16.5613],[73.3351,16.561],[73.3354,16.561],[73.3354,16.5601],[73.3357,16.5601],[73.3357,16.5585],[73.336,16.5585],[73.336,16.5579],[73.3363,16.5579],[73.3363,16.5574],[73.3368,16.5574],[73.3368,16.5571],[73.3371,16.5571],[73.3371,16.5568],[73.3374,16.5568],[73.3374,16.5565],[73.3379,16.5565],[73.3379,16.5557],[73.3382,16.5557],[73.3382,16.5549],[73.3385,16.5549],[73.3385,16.5546],[73.3388,16.5546],[73.3388,16.5543],[73.339,16.5543],[73.339,16.554],[73.339,16.5535],[73.3393,16.5535],[73.3393,16.5532],[73.3396,16.5532],[73.3396,16.5524],[73.3399,16.5524],[73.3399,16.5518],[73.3401,16.5518],[73.3401,16.5515],[73.3404,16.5515],[73.3404,16.5507],[73.3407,16.5507],[73.3407,16.549],[73.3404,16.549],[73.3404,16.5485],[73.3401,16.5485],[73.3401,16.5474],[73.3404,16.5474],[73.3404,16.5471],[73.3407,16.5471],[73.3407,16.5468],[73.3412,16.5468],[73.3412,16.5465],[73.3415,16.5465],[73.3415,16.5463],[73.3418,16.5463],[73.3418,16.546],[73.3424,16.546],[73.3424,16.5457],[73.3426,16.5457],[73.3426,16.5451],[73.3429,16.5451],[73.3429,16.5449],[73.3432,16.5449],[73.3432,16.5446],[73.3438,16.5446],[73.3438,16.5443],[73.344,16.5443],[73.344,16.544],[73.3443,16.544],[73.3443,16.5438],[73.3446,16.5438],[73.3446,16.5432],[73.3449,16.5432],[73.3449,16.5429],[73.3451,16.5429],[73.3451,16.5426],[73.3454,16.5426],[73.3454,16.5415],[73.3457,16.5415],[73.3457,16.5399],[73.346,16.5399],[73.346,16.534],[73.3463,16.534],[73.3463,16.5318],[73.3465,16.5318],[73.3465,16.5307],[73.3468,16.5307],[73.3468,16.5299],[73.3471,16.5299],[73.3471,16.5296],[73.3474,16.5296],[73.3474,16.5293],[73.3476,16.5293],[73.3476,16.529],[73.3482,16.529],[73.3482,16.5287],[73.3485,16.5287],[73.3485,16.5285],[73.3487,16.5285],[73.3487,16.5282],[73.349,16.5282],[73.349,16.5279],[73.3493,16.5279],[73.3493,16.5274],[73.3496,16.5274],[73.3496,16.5271],[73.3499,16.5271],[73.3499,16.5268],[73.3501,16.5268],[73.3501,16.5265],[73.3507,16.5265],[73.3507,16.526],[73.3512,16.526],[73.3512,16.5251],[73.3515,16.5252],[73.3515,16.5249],[73.3518,16.5249],[73.3518,16.5246],[73.3521,16.5246],[73.3521,16.524],[73.3524,16.524],[73.3524,16.5235],[73.3529,16.5235],[73.3529,16.5229],[73.3535,16.5229],[73.3535,16.5226],[73.3538,16.5226],[73.3538,16.5224],[73.3543,16.5224],[73.3543,16.5226],[73.3549,16.5226],[73.3549,16.5224],[73.3565,16.5224],[73.3565,16.5221],[73.3568,16.5221],[73.3568,16.5218],[73.3574,16.5218],[73.3574,16.5215],[73.3576,16.5215],[73.3576,16.521],[73.3582,16.521],[73.3582,16.5207],[73.3587,16.5207],[73.3587,16.5204],[73.3593,16.5204],[73.3593,16.5201],[73.3596,16.5201],[73.3596,16.5196],[73.3599,16.5196],[73.3599,16.5193],[73.3604,16.5193],[73.3604,16.519],[73.361,16.519],[73.361,16.5187],[73.3615,16.5187],[73.3615,16.5185],[73.3621,16.5185],[73.3621,16.5182],[73.3624,16.5182],[73.3624,16.5179],[73.3626,16.5179],[73.3626,16.5176],[73.3629,16.5176],[73.3629,16.5174],[73.3632,16.5174],[73.3632,16.5165],[73.3635,16.5165],[73.3635,16.516],[73.364,16.516],[73.364,16.5132],[73.3637,16.5132],[73.3637,16.5126],[73.3635,16.5126],[73.3635,16.5118],[73.3629,16.5118],[73.3629,16.5115],[73.3626,16.5115],[73.3626,16.5112],[73.3615,16.5112],[73.3615,16.511],[73.3604,16.511],[73.3604,16.5107],[73.359,16.5107],[73.359,16.5104],[73.3582,16.5104],[73.3582,16.5102],[73.3579,16.5102],[73.3579,16.5099],[73.3574,16.5099],[73.3574,16.5096],[73.3565,16.5096],[73.3565,16.509],[73.3554,16.509],[73.3554,16.5088],[73.3543,16.5088],[73.3543,16.5085],[73.3532,16.5085],[73.3532,16.5079],[73.3518,16.5079],[73.3518,16.5076],[73.3512,16.5076],[73.3512,16.5074],[73.3507,16.5074],[73.3507,16.5071],[73.3501,16.5071],[73.3501,16.5068],[73.3499,16.5068],[73.3499,16.5065],[73.3493,16.5065],[73.3493,16.5062],[73.349,16.5062],[73.349,16.5043],[73.3499,16.5043],[73.3499,16.5049],[73.3501,16.5049],[73.3501,16.5057],[73.3504,16.5057],[73.3504,16.506],[73.3507,16.506],[73.3507,16.5062],[73.3512,16.5062],[73.3512,16.5065],[73.3518,16.5065],[73.3518,16.5068],[73.3524,16.5068],[73.3524,16.5071],[73.354,16.5071],[73.354,16.5074],[73.3546,16.5074],[73.3546,16.5071],[73.3551,16.5071],[73.3551,16.5074],[73.356,16.5074],[73.356,16.5076],[73.3571,16.5076],[73.3571,16.5079],[73.3574,16.5079],[73.3574,16.5082],[73.3579,16.5082],[73.3579,16.5085],[73.3587,16.5085],[73.3587,16.509],[73.3596,16.509],[73.3596,16.5093],[73.3601,16.5093],[73.3601,16.5096],[73.3605,16.5096],[73.3607,16.5096],[73.3607,16.5099],[73.3621,16.5099],[73.3621,16.5102],[73.3643,16.5102],[73.3643,16.5104],[73.3651,16.5104],[73.3651,16.5107],[73.3654,16.5107],[73.3654,16.511],[73.3657,16.511],[73.3657,16.5112],[73.366,16.5112],[73.366,16.5122],[73.366,16.5124],[73.3665,16.5124],[73.3665,16.5129],[73.3668,16.5129],[73.3668,16.5132],[73.3674,16.5132],[73.3674,16.5129],[73.3679,16.5129],[73.3679,16.5126],[73.3685,16.5126],[73.3685,16.5121],[73.3688,16.5121],[73.3688,16.5118],[73.3688,16.5115],[73.369,16.5115],[73.369,16.511],[73.3701,16.511],[73.3701,16.5112],[73.3729,16.5112],[73.3729,16.5115],[73.3737,16.5115],[73.3737,16.5118],[73.3743,16.5118],[73.3743,16.5115],[73.3754,16.5115],[73.3754,16.5112],[73.3757,16.5112],[73.3757,16.5115],[73.3765,16.5115],[73.3765,16.5118],[73.3788,16.5118],[73.3788,16.5121],[73.3793,16.5121],[73.3793,16.5118],[73.3799,16.5118],[73.3799,16.5121],[73.3815,16.5121],[73.3815,16.5124],[73.3818,16.5124],[73.3818,16.5121],[73.3821,16.5121],[73.3821,16.5118],[73.3832,16.5118],[73.3832,16.5115],[73.3835,16.5115],[73.3835,16.5112],[73.3838,16.5112],[73.3838,16.511],[73.3843,16.511],[73.3843,16.5107],[73.3846,16.5107],[73.3846,16.5104],[73.3851,16.5104],[73.3851,16.5102],[73.386,16.5102],[73.386,16.5099],[73.3868,16.5099],[73.3868,16.5102],[73.3882,16.5102],[73.3882,16.5099],[73.3901,16.5099],[73.3901,16.514],[73.3901,16.5143],[73.3893,16.5143],[73.3893,16.514],[73.389,16.514],[73.389,16.5135],[73.3887,16.5135],[73.3887,16.5132],[73.3876,16.5132],[73.3876,16.5135],[73.3868,16.5135],[73.3868,16.5138],[73.3854,16.5138],[73.3854,16.514],[73.3849,16.514],[73.3849,16.5143],[73.3843,16.5143],[73.3843,16.5151],[73.384,16.5151],[73.384,16.5153],[73.384,16.5154],[73.3838,16.5154],[73.3838,16.5157],[73.3835,16.5157],[73.3835,16.516],[73.3832,16.516],[73.3832,16.5163],[73.3829,16.5163],[73.3829,16.5168],[73.3821,16.5168],[73.3821,16.5171],[73.3809,16.5171],[73.3804,16.5171],[73.3804,16.5168],[73.3799,16.5168],[73.3799,16.5165],[73.3787,16.5165],[73.3787,16.5168],[73.3785,16.5168],[73.3785,16.5165],[73.3768,16.5165],[73.3768,16.5168],[73.3765,16.5168],[73.3765,16.5171],[73.3757,16.5171],[73.3757,16.5174],[73.3754,16.5174],[73.3754,16.5176],[73.3751,16.5176],[73.3751,16.5179],[73.3749,16.5179],[73.3749,16.5182],[73.3746,16.5182],[73.3746,16.5185],[73.3743,16.5185],[73.3743,16.5187],[73.3737,16.5187],[73.3737,16.519],[73.3732,16.519],[73.3732,16.5193],[73.3726,16.5193],[73.3726,16.5196],[73.3724,16.5196],[73.3724,16.5199],[73.3715,16.5199],[73.3715,16.5201],[73.3707,16.5201],[73.3707,16.5204],[73.3704,16.5204],[73.3704,16.5207],[73.3699,16.5207],[73.3699,16.521],[73.3696,16.521],[73.3696,16.5215],[73.369,16.5215],[73.369,16.5218],[73.3682,16.5218],[73.3682,16.5221],[73.3676,16.5221],[73.3676,16.5224],[73.3671,16.5224],[73.3671,16.5226],[73.3665,16.5226],[73.3665,16.5229],[73.3662,16.5229],[73.3662,16.5232],[73.3654,16.5232],[73.3654,16.5235],[73.3649,16.5235],[73.3649,16.5238],[73.3637,16.5238],[73.3637,16.524],[73.3635,16.524],[73.3635,16.5243],[73.3629,16.5243],[73.3629,16.5246],[73.3626,16.5246],[73.3626,16.5252],[73.3618,16.5252],[73.3618,16.5254],[73.3613,16.5254],[73.3613,16.5257],[73.3606,16.5257],[73.3596,16.5257],[73.3596,16.526],[73.359,16.526],[73.359,16.5263],[73.3579,16.5263],[73.3579,16.5268],[73.3576,16.5268],[73.3576,16.5274],[73.3574,16.5274],[73.3574,16.5287],[73.356,16.5287],[73.356,16.529],[73.3557,16.529],[73.3557,16.5296],[73.3554,16.5296],[73.3554,16.5301],[73.3551,16.5301],[73.3551,16.531],[73.3549,16.531],[73.3549,16.5321],[73.3551,16.5321],[73.3551,16.5326],[73.3554,16.5326],[73.3554,16.5329],[73.3557,16.5329],[73.3557,16.5335],[73.3554,16.5335],[73.3554,16.534],[73.3551,16.534],[73.3551,16.5349],[73.3549,16.5349],[73.3549,16.5354],[73.3546,16.5354],[73.3546,16.536],[73.3543,16.536],[73.3543,16.5376],[73.354,16.5376],[73.354,16.539],[73.3543,16.539],[73.3543,16.5393],[73.3549,16.5393],[73.3549,16.5396],[73.3554,16.5396],[73.3554,16.5398],[73.3554,16.5399],[73.3571,16.5399],[73.3571,16.5396],[73.3579,16.5396],[73.3579,16.5393],[73.3582,16.5393],[73.3582,16.539],[73.3585,16.539],[73.3585,16.5387],[73.3593,16.5387],[73.3593,16.539],[73.3596,16.539],[73.3596,16.5393],[73.3599,16.5393],[73.3599,16.5396],[73.3604,16.5396],[73.3604,16.5399],[73.3615,16.5399],[73.3615,16.5396],[73.3621,16.5396],[73.3621,16.5399],[73.3624,16.5399],[73.3624,16.5396],[73.3662,16.5396],[73.3662,16.541],[73.366,16.541],[73.366,16.5413],[73.3657,16.5413],[73.3657,16.5415],[73.3662,16.5415],[73.3662,16.5418],[73.3665,16.5418],[73.3665,16.5421],[73.3668,16.5421],[73.3668,16.5424],[73.3674,16.5424],[73.3674,16.5426],[73.3685,16.5426],[73.3685,16.5424],[73.3688,16.5424],[73.3688,16.5421],[73.369,16.5421],[73.369,16.5418],[73.3693,16.5418],[73.3693,16.5415],[73.3696,16.5415],[73.3696,16.5413],[73.3699,16.5413],[73.3699,16.541],[73.3704,16.541],[73.3704,16.5407],[73.3707,16.5407],[73.3707,16.5404],[73.371,16.5404],[73.371,16.5399],[73.3712,16.5399],[73.3712,16.5396],[73.3715,16.5396],[73.3715,16.5393],[73.3721,16.5393],[73.3721,16.539],[73.3724,16.539],[73.3724,16.5387],[73.3726,16.5387],[73.3726,16.5393],[73.3729,16.5393],[73.3729,16.5399],[73.3727,16.5399],[73.3727,16.5404],[73.3718,16.5404],[73.3718,16.5407],[73.3712,16.5407],[73.3712,16.541],[73.371,16.541],[73.371,16.5413],[73.3707,16.5413],[73.3707,16.5418],[73.3704,16.5418],[73.3704,16.5421],[73.3699,16.5421],[73.3699,16.5424],[73.3696,16.5424],[73.3696,16.5426],[73.3693,16.5426],[73.3693,16.5429],[73.369,16.5429],[73.369,16.5432],[73.3688,16.5432],[73.3688,16.5435],[73.3685,16.5435],[73.3685,16.5438],[73.3682,16.5438],[73.3682,16.544],[73.3679,16.544],[73.3679,16.5448],[73.3679,16.5449],[73.3671,16.5449],[73.3671,16.5447],[73.3671,16.5446],[73.3668,16.5446],[73.3668,16.544],[73.3665,16.544],[73.3665,16.5438],[73.366,16.5438],[73.366,16.5435],[73.3654,16.5435],[73.3654,16.5432],[73.3651,16.5432],[73.3651,16.5429],[73.3649,16.5429],[73.3649,16.5426],[73.3643,16.5426],[73.3643,16.5424],[73.3637,16.5424],[73.3632,16.5424],[73.3632,16.5421],[73.3629,16.5421],[73.3629,16.5424],[73.3624,16.5424],[73.3624,16.5426],[73.3615,16.5426],[73.3615,16.5424],[73.3607,16.5424],[73.3607,16.5426],[73.3596,16.5426],[73.3596,16.5413],[73.3593,16.5413],[73.3593,16.541],[73.359,16.541],[73.359,16.5407],[73.3585,16.5407],[73.3585,16.541],[73.3576,16.541],[73.3576,16.5413],[73.3571,16.5413],[73.3571,16.5415],[73.3565,16.5415],[73.3565,16.5418],[73.3551,16.5418],[73.3551,16.5415],[73.3549,16.5415],[73.3549,16.5418],[73.3547,16.5418],[73.3546,16.5418],[73.3546,16.5421],[73.354,16.5421],[73.354,16.5424],[73.3538,16.5424],[73.3538,16.5435],[73.3535,16.5435],[73.3535,16.5438],[73.3526,16.5438],[73.3526,16.5435],[73.3521,16.5435],[73.3521,16.5432],[73.3518,16.5432],[73.3518,16.5435],[73.3507,16.5435],[73.3507,16.5438],[73.3504,16.5438],[73.3504,16.5446],[73.3501,16.5446],[73.3501,16.5451],[73.3499,16.5451],[73.3499,16.5454],[73.3496,16.5454],[73.3496,16.546],[73.3493,16.546],[73.3493,16.5463],[73.349,16.5463],[73.349,16.5465],[73.3487,16.5465],[73.3487,16.5468],[73.349,16.5468],[73.349,16.5471],[73.3487,16.5471],[73.3487,16.5476],[73.3493,16.5476],[73.3493,16.5479],[73.3496,16.5479],[73.3496,16.5482],[73.3493,16.5482],[73.3493,16.5493],[73.3496,16.5493],[73.3496,16.5496],[73.3499,16.5496],[73.3499,16.5499],[73.3509,16.5499],[73.3521,16.5499],[73.3521,16.5501],[73.3524,16.5501],[73.3524,16.5504],[73.3521,16.5504],[73.3521,16.5507],[73.3518,16.5507],[73.3518,16.551],[73.3512,16.551],[73.3512,16.5507],[73.3507,16.5507],[73.3507,16.551],[73.3504,16.551],[73.3504,16.5513],[73.3502,16.5513],[73.3496,16.5513],[73.3496,16.5515],[73.349,16.5515],[73.349,16.5513],[73.3482,16.5513],[73.3482,16.5515],[73.3474,16.5515],[73.3474,16.5518],[73.3471,16.5518],[73.3471,16.5524],[73.3468,16.5524],[73.3468,16.5526],[73.3465,16.5526],[73.3465,16.5532],[73.3463,16.5532],[73.3463,16.5538],[73.346,16.5537],[73.346,16.5557],[73.3457,16.5557],[73.3457,16.5558],[73.3457,16.5565],[73.346,16.5565],[73.346,16.5568],[73.3463,16.5568],[73.3463,16.5571],[73.3501,16.5571],[73.3501,16.5574],[73.3515,16.5574],[73.3515,16.5571],[73.3521,16.5571],[73.3521,16.5568],[73.3524,16.5568],[73.3524,16.5565],[73.3526,16.5565],[73.3526,16.5562],[73.3529,16.5562],[73.3529,16.556],[73.3532,16.556],[73.3532,16.5554],[73.3535,16.5554],[73.3535,16.5551],[73.354,16.5551],[73.354,16.5549],[73.3543,16.5549],[73.3543,16.5546],[73.3546,16.5546],[73.3546,16.5543],[73.3551,16.5543],[73.3551,16.554],[73.356,16.554],[73.356,16.5538],[73.3562,16.5538],[73.3562,16.5532],[73.3565,16.5532],[73.3565,16.5529],[73.3568,16.5529],[73.3568,16.5526],[73.3574,16.5526],[73.3574,16.5529],[73.3579,16.5529],[73.3579,16.5532],[73.3582,16.5532],[73.3582,16.5529],[73.3587,16.5529],[73.3587,16.5526],[73.359,16.5526],[73.359,16.5524],[73.3593,16.5524],[73.3593,16.5521],[73.3596,16.5521],[73.3596,16.5518],[73.3599,16.5518],[73.3599,16.5515],[73.3601,16.5515],[73.3601,16.5513],[73.3624,16.5513],[73.3624,16.5515],[73.366,16.5515],[73.366,16.5513],[73.3662,16.5513],[73.3662,16.5515],[73.3668,16.5515],[73.3668,16.5513],[73.3685,16.5513],[73.3685,16.551],[73.3704,16.551],[73.3704,16.5507],[73.3729,16.5507],[73.3729,16.5504],[73.3735,16.5504],[73.3735,16.5501],[73.3746,16.5501],[73.3746,16.5504],[73.3768,16.5504],[73.3768,16.5507],[73.3771,16.5507],[73.3771,16.551],[73.3774,16.551],[73.3774,16.5513],[73.3776,16.5513],[73.3776,16.5521],[73.3774,16.5521],[73.3774,16.5532],[73.3776,16.5532],[73.3776,16.5535],[73.3782,16.5535],[73.3782,16.5538],[73.3787,16.5538],[73.3787,16.554],[73.3821,16.554],[73.3821,16.5543],[73.3826,16.5543],[73.3826,16.5546],[73.3843,16.5546],[73.3843,16.5543],[73.3876,16.5543],[73.3876,16.554],[73.388,16.554],[73.3882,16.554],[73.3882,16.5538],[73.3887,16.5538],[73.3887,16.5535],[73.3896,16.5535],[73.3896,16.5532],[73.3926,16.5532],[73.3926,16.5529],[73.3932,16.5529],[73.3932,16.5526],[73.394,16.5526],[73.394,16.5538],[73.3938,16.5538],[73.3938,16.5543],[73.3929,16.5543],[73.3929,16.5545],[73.3929,16.5546],[73.3915,16.5546],[73.3915,16.5549],[73.3901,16.5549],[73.3901,16.5546],[73.3899,16.5546],[73.3899,16.5549],[73.389,16.5549],[73.389,16.5551],[73.3874,16.5551],[73.3874,16.5554],[73.386,16.5554],[73.386,16.5557],[73.3854,16.5557],[73.3854,16.556],[73.3843,16.556],[73.3843,16.5557],[73.384,16.5557],[73.384,16.556],[73.3832,16.556],[73.3832,16.5562],[73.3824,16.5562],[73.3824,16.556],[73.3821,16.556],[73.3821,16.5557],[73.381,16.5557],[73.381,16.5554],[73.3807,16.5554],[73.3807,16.5557],[73.3804,16.5557],[73.3804,16.556],[73.3807,16.556],[73.3807,16.5565],[73.381,16.5565],[73.381,16.5568],[73.3812,16.5568],[73.3812,16.5571],[73.3815,16.5571],[73.3815,16.5574],[73.3812,16.5574],[73.3812,16.5576],[73.3807,16.5576],[73.3807,16.5574],[73.3801,16.5574],[73.3801,16.5571],[73.3799,16.5571],[73.3799,16.5565],[73.379,16.5565],[73.379,16.5562],[73.3785,16.5562],[73.3785,16.556],[73.3782,16.556],[73.3782,16.5557],[73.3779,16.5557],[73.3779,16.5554],[73.3776,16.5554],[73.3776,16.5549],[73.3774,16.5549],[73.3774,16.5543],[73.3771,16.5543],[73.3771,16.554],[73.3768,16.554],[73.3768,16.5538],[73.3765,16.5538],[73.3765,16.5535],[73.3763,16.5535],[73.3763,16.5532],[73.376,16.5532],[73.376,16.5529],[73.3757,16.5529],[73.3757,16.5526],[73.3751,16.5526],[73.3751,16.5524],[73.3749,16.5524],[73.3749,16.5521],[73.3737,16.5521],[73.3737,16.5524],[73.3735,16.5524],[73.3735,16.5526],[73.3727,16.5526],[73.3727,16.5524],[73.3721,16.5524],[73.3721,16.5521],[73.3715,16.5521],[73.3715,16.5524],[73.371,16.5524],[73.371,16.5529],[73.369,16.5529],[73.369,16.5532],[73.3682,16.5532],[73.3682,16.5535],[73.3671,16.5535],[73.3671,16.5538],[73.3665,16.5538],[73.3665,16.554],[73.3664,16.554],[73.3662,16.554],[73.3662,16.5543],[73.3654,16.5543],[73.3654,16.554],[73.3651,16.554],[73.3651,16.5538],[73.3643,16.5538],[73.3643,16.5535],[73.3637,16.5535],[73.3637,16.5538],[73.3626,16.5538],[73.3626,16.554],[73.3624,16.554],[73.3624,16.5546],[73.3615,16.5546],[73.3615,16.5543],[73.3607,16.5543],[73.3607,16.5546],[73.3604,16.5546],[73.3604,16.5549],[73.3601,16.5549],[73.3601,16.5551],[73.3593,16.5551],[73.3593,16.5554],[73.3585,16.5554],[73.3585,16.5557],[73.3582,16.5557],[73.3582,16.556],[73.3579,16.556],[73.3579,16.5562],[73.3576,16.5562],[73.3576,16.556],[73.3571,16.556],[73.3571,16.5557],[73.3568,16.5557],[73.3568,16.5554],[73.3562,16.5554],[73.3562,16.5557],[73.356,16.5557],[73.356,16.556],[73.3557,16.556],[73.3557,16.5565],[73.3554,16.5565],[73.3554,16.5574],[73.3557,16.5574],[73.3557,16.5576],[73.356,16.5576],[73.356,16.5582],[73.3562,16.5582],[73.3562,16.5587],[73.3565,16.5587],[73.3565,16.5607],[73.3562,16.5607],[73.3562,16.561],[73.3565,16.561],[73.3565,16.5615],[73.3568,16.5615],[73.3568,16.5626],[73.3565,16.5626],[73.3565,16.5629],[73.3562,16.5629],[73.3562,16.5632],[73.356,16.5632],[73.356,16.564],[73.3557,16.564],[73.3557,16.5643],[73.3554,16.5643],[73.3554,16.5646],[73.3551,16.5646],[73.3551,16.5651],[73.3549,16.5651],[73.3549,16.566],[73.3551,16.566],[73.3551,16.5662],[73.3568,16.5662],[73.3568,16.5665],[73.3571,16.5665],[73.3571,16.5662],[73.3573,16.5662],[73.3574,16.5665],[73.3585,16.5665],[73.3585,16.5662],[73.3587,16.5662],[73.3587,16.566],[73.3599,16.566],[73.3599,16.5662],[73.3604,16.5662],[73.3604,16.5665],[73.361,16.5665],[73.361,16.5662],[73.3621,16.5662],[73.3621,16.5668],[73.3624,16.5668],[73.3624,16.5685],[73.3618,16.5685],[73.3618,16.5682],[73.3615,16.5682],[73.3615,16.5679],[73.3613,16.5679],[73.3613,16.5676],[73.3604,16.5676],[73.3604,16.5674],[73.3599,16.5674],[73.3599,16.5676],[73.359,16.5676],[73.359,16.5682],[73.3587,16.5682],[73.3587,16.5685],[73.3575,16.5685],[73.3574,16.5685],[73.3574,16.5679],[73.3565,16.5679],[73.3565,16.5676],[73.3551,16.5676],[73.3551,16.5674],[73.3549,16.5674],[73.3549,16.5671],[73.3546,16.5671],[73.3546,16.5668],[73.3543,16.5668],[73.3543,16.566],[73.354,16.566],[73.354,16.5657],[73.3538,16.5657],[73.3538,16.5651],[73.3535,16.5651],[73.3535,16.5646],[73.3529,16.5646],[73.3529,16.5643],[73.3521,16.5643],[73.3521,16.5649],[73.3515,16.5649],[73.3515,16.5651],[73.3487,16.5651],[73.3487,16.5649],[73.3479,16.5649],[73.3479,16.5646],[73.3468,16.5646],[73.3468,16.5649],[73.3465,16.5649],[73.3465,16.5651],[73.3454,16.5651],[73.3454,16.5654],[73.3446,16.5654],[73.3446,16.5657],[73.3438,16.5657],[73.3438,16.566],[73.3432,16.566],[73.3432,16.5662],[73.3426,16.5662],[73.3426,16.5668],[73.3424,16.5668],[73.3424,16.5671],[73.3421,16.5671],[73.3421,16.5679],[73.3424,16.5679],[73.3424,16.5685],[73.3426,16.5685],[73.3426,16.569],[73.3429,16.569],[73.3429,16.5693],[73.3432,16.5693],[73.3432,16.5699],[73.3435,16.5699],[73.3435,16.5704],[73.3438,16.5704],[73.3438,16.5707],[73.3443,16.5707],[73.3443,16.5713],[73.3446,16.5713],[73.3446,16.5715],[73.3449,16.5715],[73.3449,16.5721],[73.3451,16.5721],[73.3451,16.5737],[73.3449,16.5737],[73.3449,16.574],[73.3446,16.574],[73.3446,16.5743],[73.3443,16.5743],[73.3443,16.5746],[73.344,16.5746],[73.344,16.5754],[73.3446,16.5754],[73.3446,16.5757],[73.3449,16.5757],[73.3449,16.5763],[73.3446,16.5763],[73.3446,16.5765],[73.3443,16.5765],[73.3443,16.5768],[73.344,16.5768],[73.344,16.5771],[73.3438,16.5771],[73.3438,16.5774],[73.3435,16.5774],[73.3435,16.5776],[73.3432,16.5776],[73.3432,16.5779],[73.3429,16.5779],[73.3429,16.5785],[73.3426,16.5785],[73.3426,16.5788],[73.3423,16.5788],[73.3423,16.579],[73.3421,16.579],[73.3421,16.5793],[73.3418,16.5793],[73.3418,16.5796],[73.3412,16.5796],[73.3412,16.5799],[73.341,16.5799],[73.341,16.5801],[73.3404,16.5801],[73.3404,16.5804],[73.3399,16.5804],[73.3399,16.5801],[73.339,16.5801],[73.339,16.5799],[73.3383,16.5799],[73.3368,16.5799],[73.3368,16.5796],[73.3363,16.5796],[73.3363,16.579],[73.336,16.579],[73.336,16.5788],[73.3354,16.5788],[73.3354,16.5785],[73.3351,16.5785],[73.3351,16.5776],[73.3349,16.5776],[73.3349,16.5771],[73.3346,16.5771],[73.3346,16.5768],[73.3326,16.5768],[73.3326,16.5771],[73.331,16.5771],[73.331,16.5774],[73.3304,16.5774],[73.3304,16.5776],[73.3301,16.5776],[73.3301,16.5779],[73.3299,16.5779],[73.3299,16.5785],[73.3296,16.5785],[73.3296,16.5788],[73.3293,16.5788],[73.3293,16.579],[73.3288,16.579],[73.3288,16.5793],[73.3279,16.5793],[73.3279,16.5796],[73.3276,16.5796],[73.3276,16.5799],[73.3273,16.5799],[73.3273,16.5804],[73.3271,16.5804],[73.3271,16.5807],[73.3268,16.5807],[73.3268,16.581],[73.3262,16.581],[73.3262,16.5813],[73.3254,16.5813],[73.3254,16.5815],[73.3246,16.5815],[73.3246,16.5818],[73.324,16.5818],[73.324,16.5821],[73.3238,16.5821],[73.3238,16.5824],[73.3235,16.5824],[73.3235,16.5826],[73.3232,16.5826],[73.3232,16.5829],[73.3229,16.5829],[73.3229,16.5832],[73.3226,16.5832],[73.3226,16.5837],[73.3224,16.5837],[73.3224,16.5843],[73.3221,16.5843],[73.3221,16.5846],[73.3224,16.5846],[73.3224,16.5857],[73.3226,16.5857],[73.3226,16.5862],[73.3229,16.5862],[73.3229,16.5879],[73.3226,16.5879],[73.3226,16.5885],[73.3229,16.5885],[73.3229,16.5893],[73.3226,16.5893],[73.3226,16.5899],[73.3224,16.5899],[73.3224,16.5907],[73.3221,16.5907],[73.3221,16.591],[73.3218,16.591],[73.3218,16.5912],[73.3215,16.5912],[73.3215,16.5915],[73.3207,16.5915],[73.3207,16.5918],[73.3201,16.5918],[73.3201,16.5921],[73.3199,16.5921],[73.3199,16.5924],[73.3196,16.5924],[73.3196,16.5926],[73.3193,16.5926],[73.3193,16.5932],[73.319,16.5932],[73.319,16.5946],[73.3187,16.5946],[73.3187,16.5951],[73.3185,16.5951],[73.3185,16.5965],[73.3187,16.5965],[73.3187,16.5971],[73.319,16.5971],[73.319,16.5974],[73.3196,16.5974],[73.3196,16.5976],[73.3199,16.5976],[73.3199,16.5979],[73.3196,16.5979],[73.3196,16.5987],[73.3193,16.5987],[73.3193,16.599],[73.319,16.599],[73.319,16.5993],[73.3187,16.5993],[73.3187,16.5996],[73.3185,16.5996],[73.3185,16.5999],[73.3179,16.5999],[73.3179,16.6001],[73.3174,16.6001],[73.3174,16.6004],[73.3171,16.6004],[73.3171,16.601],[73.3168,16.601],[73.3168,16.6015],[73.3171,16.6015],[73.3171,16.6021],[73.3174,16.6021],[73.3174,16.6024],[73.3176,16.6024],[73.3176,16.6026],[73.3179,16.6026],[73.3179,16.6029],[73.3185,16.6029],[73.3185,16.6032],[73.319,16.6032],[73.319,16.6035],[73.3193,16.6035],[73.3193,16.6051],[73.3196,16.6051],[73.3196,16.6054],[73.3199,16.6054],[73.3199,16.6057],[73.3201,16.6057],[73.3201,16.6071],[73.3204,16.6071],[73.3204,16.6074],[73.3218,16.6074],[73.3218,16.6071],[73.3224,16.6071],[73.3224,16.6068],[73.3229,16.6068],[73.3229,16.6065],[73.3235,16.6065],[73.3235,16.6062],[73.3238,16.6063],[73.3238,16.606],[73.324,16.606],[73.324,16.6057],[73.3249,16.6057],[73.3249,16.606],[73.3251,16.606],[73.3251,16.6063],[73.3254,16.6062],[73.3254,16.6068],[73.3257,16.6068],[73.3257,16.6071],[73.326,16.6071],[73.326,16.6074],[73.3262,16.6074],[73.3262,16.6076],[73.3282,16.6076],[73.3282,16.6079],[73.329,16.6079],[73.329,16.6082],[73.3304,16.6082],[73.3304,16.6085],[73.3307,16.6085],[73.3307,16.6082],[73.3318,16.6082],[73.3318,16.6079],[73.3329,16.6079],[73.3329,16.6076],[73.3335,16.6076],[73.3335,16.6074],[73.334,16.6074],[73.334,16.6071],[73.3346,16.6071],[73.3346,16.6068],[73.3349,16.6068],[73.3349,16.6065],[73.3351,16.6065],[73.3351,16.6062],[73.3354,16.6063],[73.3354,16.6057],[73.336,16.6057],[73.336,16.6054],[73.3365,16.6054],[73.3365,16.6057],[73.3379,16.6057],[73.3379,16.6054],[73.3385,16.6054],[73.3385,16.6051],[73.3388,16.6051],[73.3388,16.6049],[73.3393,16.6049],[73.3393,16.6046],[73.3396,16.6046],[73.3396,16.6043],[73.3399,16.6043],[73.3399,16.604],[73.3401,16.604],[73.3401,16.6038],[73.3404,16.6038],[73.3404,16.6024],[73.3401,16.6024],[73.3401,16.6015],[73.341,16.6015],[73.341,16.6013],[73.3412,16.6013],[73.3412,16.601],[73.3415,16.601],[73.3415,16.6007],[73.3418,16.6007],[73.3418,16.6004],[73.3429,16.6004],[73.3429,16.6001],[73.3438,16.6001],[73.3438,16.5999],[73.344,16.5999],[73.344,16.5993],[73.3443,16.5993],[73.3443,16.599],[73.346,16.599],[73.346,16.5987],[73.3465,16.5987],[73.3465,16.5985],[73.3468,16.5985],[73.3468,16.5974],[73.3465,16.5974],[73.3465,16.5957],[73.3468,16.5957],[73.3468,16.5954],[73.3471,16.5954],[73.3471,16.5951],[73.3474,16.5951],[73.3474,16.5954],[73.3476,16.5954],[73.3476,16.5957],[73.3479,16.5957],[73.3479,16.596],[73.3487,16.596],[73.3487,16.5963],[73.3493,16.5963],[73.3493,16.596],[73.3499,16.596],[73.3499,16.5957],[73.3504,16.5957],[73.3504,16.5954],[73.3507,16.5954],[73.3507,16.5951],[73.351,16.5951],[73.351,16.5949],[73.3512,16.5949],[73.3512,16.5946],[73.3518,16.5946],[73.3518,16.5949],[73.3521,16.5949],[73.3521,16.5951],[73.3524,16.5951],[73.3524,16.5964],[73.3524,16.5965],[73.3526,16.5965],[73.3526,16.5968],[73.3524,16.5968],[73.3524,16.5971],[73.3518,16.5971],[73.3518,16.5968],[73.3516,16.5968],[73.351,16.5968],[73.351,16.5971],[73.3507,16.5971],[73.3507,16.5974],[73.3504,16.5974],[73.3504,16.5975],[73.3504,16.5979],[73.3501,16.5979],[73.3501,16.599],[73.3499,16.599],[73.3499,16.5993],[73.3501,16.5993],[73.3501,16.5996],[73.3499,16.5996],[73.3499,16.5999],[73.3496,16.5999],[73.3496,16.601],[73.3493,16.601],[73.3493,16.6013],[73.3496,16.6013],[73.3496,16.6029],[73.3493,16.6029],[73.3493,16.6032],[73.349,16.6032],[73.349,16.6035],[73.3485,16.6035],[73.3485,16.6032],[73.3482,16.6032],[73.3482,16.6026],[73.3479,16.6026],[73.3479,16.6021],[73.3476,16.6021],[73.3476,16.6015],[73.3474,16.6015],[73.3474,16.6013],[73.3468,16.6013],[73.3468,16.6015],[73.3457,16.6015],[73.3457,16.6024],[73.3454,16.6024],[73.3454,16.6029],[73.3451,16.6029],[73.3451,16.6032],[73.3449,16.6032],[73.3449,16.6038],[73.3443,16.6038],[73.3443,16.604],[73.344,16.604],[73.344,16.6043],[73.3438,16.6043],[73.3438,16.6046],[73.3423,16.6046],[73.3423,16.6049],[73.3415,16.6049],[73.3415,16.6051],[73.341,16.6051],[73.341,16.6054],[73.3407,16.6054],[73.3407,16.6068],[73.341,16.6068],[73.341,16.6071],[73.3412,16.6071],[73.3412,16.6074],[73.3415,16.6074],[73.3415,16.6076],[73.3418,16.6076],[73.3418,16.6079],[73.3421,16.6079],[73.3421,16.6082],[73.3424,16.6082],[73.3424,16.6085],[73.3426,16.6085],[73.3426,16.609],[73.3429,16.609],[73.3429,16.6099],[73.3432,16.6099],[73.3432,16.6101],[73.3438,16.6101],[73.3438,16.6104],[73.3443,16.6104],[73.3443,16.6107],[73.3446,16.6107],[73.3446,16.6112],[73.3449,16.6112],[73.3449,16.6118],[73.3454,16.6118],[73.3454,16.6121],[73.3457,16.6121],[73.3457,16.6124],[73.346,16.6124],[73.346,16.6126],[73.3468,16.6126],[73.3468,16.6129],[73.3474,16.6129],[73.3474,16.6132],[73.3485,16.6132],[73.3485,16.6129],[73.3487,16.6129],[73.3487,16.6126],[73.349,16.6126],[73.349,16.6124],[73.3493,16.6124],[73.3493,16.6121],[73.3496,16.6121],[73.3496,16.6118],[73.3501,16.6118],[73.3501,16.6115],[73.3507,16.6115],[73.3507,16.6118],[73.351,16.6118],[73.351,16.6124],[73.3512,16.6124],[73.3512,16.6132],[73.3515,16.6132],[73.3515,16.6138],[73.3518,16.6138],[73.3518,16.6157],[73.3518,16.6182],[73.3515,16.6182],[73.3515,16.6221],[73.3518,16.6221],[73.3518,16.6226],[73.3521,16.6226],[73.3521,16.6229],[73.3526,16.6229],[73.3526,16.6232],[73.3524,16.6232],[73.3524,16.6238],[73.3521,16.6238],[73.3521,16.6239],[73.3521,16.6246],[73.3518,16.6246],[73.3518,16.6251],[73.3512,16.6251],[73.3512,16.6246],[73.3507,16.6246],[73.3507,16.6243],[73.3504,16.6243],[73.3504,16.6238],[73.3499,16.6238],[73.3499,16.6235],[73.3496,16.6235],[73.3496,16.6232],[73.3493,16.6232],[73.3493,16.6229],[73.3487,16.6229],[73.3487,16.6226],[73.3485,16.6226],[73.3485,16.6221],[73.3479,16.6221],[73.3479,16.6218],[73.3474,16.6218],[73.3474,16.6215],[73.3465,16.6215],[73.3465,16.6213],[73.3454,16.6213],[73.3454,16.621],[73.3407,16.621],[73.3407,16.6213],[73.3401,16.6213],[73.3401,16.6224],[73.3399,16.6224],[73.3399,16.6226],[73.3396,16.6226],[73.3396,16.6232],[73.3393,16.6232],[73.3393,16.6235],[73.339,16.6235],[73.339,16.6238],[73.3388,16.6238],[73.3388,16.624],[73.3374,16.624],[73.3374,16.6238],[73.3371,16.6238],[73.3371,16.6235],[73.3368,16.6235],[73.3368,16.6229],[73.3365,16.6229],[73.3365,16.6226],[73.3363,16.6226],[73.3363,16.6224],[73.336,16.6224],[73.336,16.621],[73.3357,16.621],[73.3357,16.6199],[73.3351,16.6199],[73.3351,16.6196],[73.3349,16.6196],[73.3349,16.6193],[73.3329,16.6193],[73.3329,16.6196],[73.3318,16.6196],[73.3318,16.6199],[73.3313,16.6199],[73.3313,16.6201],[73.3307,16.6201],[73.3307,16.6204],[73.3304,16.6204],[73.3304,16.6207],[73.3301,16.6207],[73.3301,16.6221],[73.3304,16.6221],[73.3304,16.6224],[73.3307,16.6224],[73.3307,16.6226],[73.331,16.6226],[73.331,16.6229],[73.3313,16.6229],[73.3313,16.6232],[73.3315,16.6232],[73.3315,16.6238],[73.3318,16.6238],[73.3318,16.624],[73.3321,16.624],[73.3321,16.6243],[73.3324,16.6243],[73.3324,16.6246],[73.3326,16.6246],[73.3326,16.6249],[73.3329,16.6249],[73.3329,16.6251],[73.3332,16.6251],[73.3332,16.6254],[73.3337,16.6254],[73.3337,16.6257],[73.334,16.6257],[73.334,16.626],[73.3343,16.626],[73.3343,16.6262],[73.3346,16.6262],[73.3346,16.6265],[73.3349,16.6265],[73.3349,16.6268],[73.3351,16.6268],[73.3351,16.6271],[73.3354,16.6271],[73.3354,16.6274],[73.3368,16.6273],[73.3368,16.6276],[73.3371,16.6276],[73.3371,16.6279],[73.3379,16.6279],[73.3379,16.6282],[73.3385,16.6282],[73.3385,16.6279],[73.339,16.6279],[73.339,16.6276],[73.3393,16.6276],[73.3393,16.6273],[73.3396,16.6274],[73.3396,16.6271],[73.3401,16.6271],[73.3401,16.6268],[73.3407,16.6268],[73.3407,16.6271],[73.3412,16.6271],[73.3412,16.6274],[73.3415,16.6273],[73.3415,16.6279],[73.3418,16.6279],[73.3418,16.6282],[73.3421,16.6282],[73.3421,16.6288],[73.3418,16.6288],[73.3418,16.629],[73.3415,16.629],[73.3415,16.6293],[73.3412,16.6293],[73.3412,16.6296],[73.341,16.6296],[73.341,16.6299],[73.3407,16.6299],[73.3407,16.6301],[73.3404,16.6301],[73.3404,16.6307],[73.3401,16.6307],[73.3401,16.631],[73.3399,16.631],[73.3399,16.6313],[73.3396,16.6313],[73.3396,16.6318],[73.3393,16.6318],[73.3393,16.6329],[73.3396,16.6329],[73.3396,16.6332],[73.3399,16.6332],[73.3399,16.6334],[73.3401,16.6335],[73.3401,16.634],[73.3404,16.634],[73.3404,16.6349],[73.3401,16.6349],[73.3401,16.6354],[73.3399,16.6354],[73.3399,16.636],[73.3396,16.636],[73.3396,16.6371],[73.3399,16.6371],[73.3399,16.6382],[73.339,16.6382],[73.339,16.6379],[73.3374,16.6379],[73.3374,16.6381],[73.3374,16.6385],[73.3368,16.6385],[73.3368,16.639],[73.3363,16.639],[73.3363,16.6396],[73.336,16.6396],[73.336,16.6399],[73.3357,16.6399],[73.3357,16.6401],[73.3343,16.6401],[73.3343,16.6404],[73.3337,16.6404],[73.3337,16.6407],[73.3335,16.6407],[73.3335,16.6413],[73.3329,16.6413],[73.3329,16.6415],[73.3299,16.6415],[73.3299,16.6413],[73.3293,16.6413],[73.3293,16.641],[73.329,16.641],[73.329,16.6404],[73.3288,16.6404],[73.3288,16.6396],[73.329,16.6396],[73.329,16.6393],[73.3293,16.6393],[73.3293,16.639],[73.3296,16.639],[73.3296,16.6385],[73.3293,16.6385],[73.3293,16.6382],[73.329,16.6382],[73.329,16.6379],[73.3288,16.6379],[73.3288,16.6376],[73.3285,16.6376],[73.3285,16.6374],[73.3276,16.6374],[73.3276,16.6371],[73.3271,16.6371],[73.3271,16.6368],[73.3262,16.6368],[73.3262,16.6365],[73.3249,16.6365],[73.3249,16.6362],[73.3238,16.6362],[73.3238,16.6365],[73.3235,16.6365],[73.3235,16.6382],[73.3232,16.6382],[73.3232,16.6385],[73.3229,16.6385],[73.3229,16.639],[73.3226,16.639],[73.3226,16.6404],[73.3224,16.6404],[73.3224,16.6415],[73.3221,16.6415],[73.3221,16.6424],[73.3218,16.6424],[73.3218,16.6446],[73.3221,16.6446],[73.3221,16.6449],[73.3224,16.6449],[73.3224,16.6451],[73.3226,16.6451],[73.3226,16.6454],[73.3232,16.6454],[73.3232,16.6457],[73.3235,16.6457],[73.3235,16.646],[73.3238,16.646],[73.3238,16.6462],[73.324,16.6462],[73.324,16.6474],[73.3238,16.6474],[73.3238,16.6479],[73.324,16.6479],[73.324,16.6482],[73.3243,16.6482],[73.3243,16.6485],[73.3249,16.6485],[73.3249,16.6482],[73.3265,16.6482],[73.3265,16.6479],[73.3268,16.6479],[73.3268,16.6476],[73.3271,16.6476],[73.3271,16.6474],[73.3274,16.6474],[73.3274,16.6468],[73.3276,16.6468],[73.3276,16.6465],[73.3279,16.6465],[73.3279,16.6462],[73.3285,16.6462],[73.3285,16.6465],[73.3288,16.6465],[73.3288,16.6468],[73.3293,16.6468],[73.3293,16.6471],[73.3299,16.6471],[73.3299,16.6474],[73.3301,16.6474],[73.3301,16.6476],[73.3304,16.6476],[73.3304,16.6482],[73.3307,16.6482],[73.3307,16.6485],[73.331,16.6485],[73.331,16.649],[73.3313,16.649],[73.3313,16.6496],[73.3315,16.6496],[73.3315,16.6501],[73.3318,16.6501],[73.3318,16.6507],[73.3321,16.6507],[73.3321,16.651],[73.3324,16.651],[73.3324,16.6526],[73.3326,16.6526],[73.3326,16.6529],[73.3329,16.6529],[73.3329,16.6535],[73.3332,16.6535],[73.3332,16.6576],[73.3329,16.6576],[73.3329,16.6593],[73.3326,16.6593],[73.3326,16.6607],[73.3324,16.6607],[73.3324,16.6626],[73.3321,16.6626],[73.3321,16.6651],[73.3318,16.6651],[73.3318,16.6674],[73.3315,16.6674],[73.3315,16.6682],[73.3313,16.6682],[73.3313,16.6685],[73.3315,16.6685],[73.3315,16.669],[73.3313,16.669],[73.3313,16.6699],[73.331,16.6699],[73.331,16.6715],[73.3307,16.6715],[73.3307,16.674],[73.3304,16.674],[73.3304,16.6768],[73.3301,16.6768],[73.3301,16.6779],[73.3299,16.6779],[73.3299,16.6787],[73.3296,16.6787],[73.3296,16.6796],[73.3293,16.6796],[73.3293,16.6829],[73.3296,16.6829],[73.3296,16.6857],[73.3299,16.6857],[73.3299,16.686],[73.334,16.686],[73.334,16.6857],[73.3346,16.6857],[73.3346,16.6854],[73.3349,16.6854],[73.3349,16.6851],[73.3368,16.6851],[73.3368,16.6849],[73.3374,16.6849],[73.3374,16.6846],[73.3393,16.6846],[73.3393,16.6851],[73.3396,16.6851],[73.3396,16.6857],[73.3393,16.6857],[73.3393,16.686],[73.3388,16.686],[73.3388,16.6865],[73.3379,16.6865],[73.3379,16.6863],[73.3374,16.6863],[73.3374,16.686],[73.336,16.686],[73.336,16.6863],[73.3354,16.6863],[73.3354,16.6865],[73.3351,16.6865],[73.3351,16.6868],[73.3349,16.6868],[73.3349,16.6874],[73.3346,16.6874],[73.3346,16.6877],[73.3343,16.6877],[73.3343,16.6879],[73.3324,16.6879],[73.3324,16.6877],[73.3315,16.6877],[73.3315,16.6874],[73.3301,16.6874],[73.3301,16.6877],[73.3299,16.6877],[73.3299,16.6879],[73.3296,16.6879],[73.3296,16.6882],[73.3293,16.6882],[73.3293,16.6885],[73.3288,16.6885],[73.3288,16.6888],[73.3285,16.6888],[73.3285,16.689],[73.3282,16.689],[73.3282,16.6893],[73.3276,16.6893],[73.3276,16.6896],[73.3268,16.6896],[73.3268,16.6899],[73.3262,16.6899],[73.3262,16.6901],[73.3257,16.6901],[73.3257,16.6904],[73.3254,16.6904],[73.3254,16.6907],[73.3249,16.6907],[73.3249,16.691],[73.3243,16.691],[73.3243,16.6915],[73.324,16.6915],[73.324,16.6921],[73.3235,16.6921],[73.3235,16.6924],[73.3232,16.6924],[73.3232,16.6926],[73.3229,16.6926],[73.3229,16.6929],[73.3226,16.6929],[73.3226,16.6935],[73.3224,16.6935],[73.3224,16.6938],[73.3218,16.6938],[73.3218,16.694],[73.3215,16.694],[73.3215,16.6943],[73.3213,16.6943],[73.3213,16.6946],[73.321,16.6946],[73.321,16.6949],[73.3207,16.6949],[73.3207,16.6951],[73.3201,16.6951],[73.3201,16.6954],[73.3196,16.6954],[73.3196,16.6957],[73.3193,16.6957],[73.3193,16.696],[73.319,16.696],[73.319,16.6963],[73.3185,16.6963],[73.3185,16.6965],[73.3182,16.6965],[73.3182,16.6974],[73.3179,16.6974],[73.3179,16.6979],[73.3176,16.6979],[73.3176,16.6985],[73.3174,16.6985],[73.3174,16.7004],[73.3176,16.7004],[73.3176,16.7024],[73.3179,16.7024],[73.3179,16.7026],[73.3185,16.7026],[73.3185,16.7029],[73.3187,16.7029],[73.3187,16.7035],[73.319,16.7035],[73.319,16.7043],[73.3187,16.7043],[73.3187,16.7046],[73.3185,16.7046],[73.3185,16.7057],[73.3182,16.7057],[73.3182,16.7062],[73.3179,16.7062],[73.3179,16.7068],[73.3176,16.7068],[73.3176,16.7074],[73.3174,16.7074],[73.3174,16.7076],[73.3171,16.7076],[73.3171,16.7088],[73.3168,16.7088],[73.3168,16.7096],[73.3165,16.7096],[73.3165,16.7107],[73.3163,16.7107],[73.3163,16.711],[73.316,16.711],[73.316,16.7115],[73.3157,16.7115],[73.3157,16.7121],[73.3154,16.7121],[73.3154,16.7126],[73.3151,16.7126],[73.3151,16.7129],[73.3143,16.7129],[73.3143,16.7132],[73.3138,16.7132],[73.3138,16.7135],[73.3129,16.7135],[73.3129,16.7138],[73.3126,16.7138],[73.3126,16.7143],[73.3124,16.7143],[73.3124,16.7146],[73.3121,16.7146],[73.3121,16.7149],[73.3115,16.7149],[73.3115,16.7151],[73.3112,16.7151],[73.3112,16.716],[73.311,16.716],[73.311,16.7174],[73.3112,16.7174],[73.3112,16.7185],[73.3115,16.7185],[73.3115,16.7215],[73.3112,16.7215],[73.3112,16.7218],[73.311,16.7218],[73.311,16.7221],[73.3107,16.7221],[73.3107,16.7224],[73.3104,16.7224],[73.3104,16.7226],[73.3099,16.7226],[73.3099,16.7238],[73.3101,16.7238],[73.3101,16.7249],[73.3099,16.7249],[73.3099,16.7254],[73.3096,16.7254],[73.3096,16.7262],[73.3093,16.7262],[73.3093,16.7268],[73.3074,16.7268],[73.3074,16.7274],[73.3071,16.7274],[73.3071,16.7279],[73.3068,16.7279],[73.3068,16.7282],[73.3065,16.7282],[73.3065,16.7285],[73.306,16.7285],[73.306,16.7288],[73.3057,16.7288],[73.3057,16.7293],[73.3054,16.7293],[73.3054,16.7307],[73.3057,16.7307],[73.3057,16.731],[73.306,16.731],[73.306,16.7313],[73.3062,16.7313],[73.3062,16.7318],[73.3065,16.7318],[73.3065,16.7343],[73.3062,16.7343],[73.3062,16.7354],[73.306,16.7354],[73.306,16.736],[73.3057,16.736],[73.3057,16.7365],[73.3054,16.7365],[73.3054,16.7368],[73.3057,16.7368],[73.3057,16.7399],[73.3054,16.7399],[73.3054,16.7415],[73.3057,16.7415],[73.3057,16.7421],[73.306,16.7421],[73.306,16.7432],[73.3057,16.7432],[73.3057,16.7465],[73.3062,16.7465],[73.3062,16.7468],[73.3065,16.7468],[73.3065,16.7471],[73.3068,16.7471],[73.3068,16.7474],[73.3071,16.7474],[73.3071,16.7476],[73.3074,16.7476],[73.3074,16.7493],[73.3071,16.7493],[73.3071,16.7496],[73.3065,16.7496],[73.3065,16.7499],[73.306,16.7499],[73.306,16.7501],[73.3057,16.7501],[73.3057,16.7504],[73.3049,16.7504],[73.3049,16.7513],[73.3051,16.7512],[73.3051,16.7521],[73.3054,16.7521],[73.3054,16.7535],[73.3051,16.7535],[73.3051,16.7568],[73.3054,16.7568],[73.3054,16.7607],[73.3057,16.7607],[73.3057,16.7615],[73.3054,16.7615],[73.3054,16.7638],[73.3051,16.7638],[73.3051,16.7671],[73.3054,16.7671],[73.3054,16.7685],[73.3057,16.7685],[73.3057,16.7688],[73.306,16.7688],[73.306,16.769],[73.3062,16.769],[73.3062,16.7693],[73.3065,16.7693],[73.3065,16.7699],[73.3068,16.7699],[73.3068,16.7704],[73.3071,16.7704],[73.3071,16.7712],[73.3074,16.7712],[73.3074,16.7735],[73.3071,16.7735],[73.3071,16.774],[73.3068,16.774],[73.3068,16.7746],[73.3065,16.7746],[73.3065,16.7754],[73.3068,16.7754],[73.3068,16.7763],[73.3071,16.7763],[73.3071,16.7771],[73.3074,16.7771],[73.3074,16.7787],[73.3076,16.7787],[73.3076,16.7801],[73.3079,16.7801],[73.3079,16.7807],[73.3082,16.7807],[73.3082,16.781],[73.3085,16.781],[73.3085,16.7815],[73.3087,16.7815],[73.3087,16.7821],[73.309,16.7821],[73.309,16.7826],[73.3093,16.7826],[73.3093,16.7838],[73.3096,16.7838],[73.3096,16.7851],[73.3099,16.7851],[73.3099,16.7857],[73.3101,16.7857],[73.3101,16.7862],[73.3104,16.7862],[73.3104,16.7868],[73.3107,16.7868],[73.3107,16.7871],[73.311,16.7871],[73.311,16.7876],[73.3112,16.7876],[73.3112,16.7882],[73.3115,16.7882],[73.3115,16.7885],[73.3118,16.7885],[73.3118,16.7887],[73.3124,16.7887],[73.3124,16.7893],[73.3126,16.7893],[73.3126,16.7899],[73.3132,16.7899],[73.3132,16.7904],[73.3135,16.7904],[73.3135,16.791],[73.3138,16.791],[73.3138,16.7913],[73.314,16.7913],[73.314,16.7915],[73.3143,16.7915],[73.3143,16.7921],[73.3146,16.7921],[73.3146,16.7924],[73.3149,16.7924],[73.3149,16.7926],[73.3151,16.7926],[73.3151,16.7929],[73.3154,16.7929],[73.3154,16.7932],[73.3157,16.7932],[73.3157,16.7935],[73.316,16.7935],[73.316,16.7938],[73.3162,16.7938],[73.3162,16.7943],[73.3165,16.7943],[73.3165,16.7946],[73.3171,16.7946],[73.3171,16.7949],[73.3174,16.7949],[73.3174,16.7951],[73.3176,16.7951],[73.3176,16.7965],[73.3174,16.7965],[73.3174,16.7968],[73.3171,16.7968],[73.3171,16.7974],[73.3168,16.7974],[73.3168,16.7979],[73.3165,16.7979],[73.3165,16.8004],[73.3162,16.8004],[73.3162,16.8018],[73.3165,16.8018],[73.3165,16.8024],[73.3168,16.8024],[73.3168,16.8032],[73.3171,16.8032],[73.3171,16.804],[73.3174,16.804],[73.3174,16.8043],[73.3176,16.8043],[73.3176,16.806],[73.3182,16.806],[73.3182,16.8062],[73.3185,16.8062],[73.3185,16.8065],[73.319,16.8065],[73.319,16.8068],[73.3195,16.8068],[73.3201,16.8068],[73.3201,16.8071],[73.321,16.8071],[73.321,16.8074],[73.3215,16.8074],[73.3215,16.8076],[73.3218,16.8076],[73.3218,16.8079],[73.3224,16.8079],[73.3224,16.8082],[73.3226,16.8082],[73.3226,16.8085],[73.3229,16.8085],[73.3229,16.809],[73.3232,16.809],[73.3232,16.8096],[73.3235,16.8096],[73.3235,16.8099],[73.3238,16.8099],[73.3238,16.8101],[73.324,16.8101],[73.324,16.8104],[73.3243,16.8104],[73.3243,16.8107],[73.3246,16.8107],[73.3246,16.8113],[73.3249,16.8113],[73.3249,16.8118],[73.3251,16.8118],[73.3251,16.8121],[73.3254,16.8121],[73.3254,16.8124],[73.3257,16.8124],[73.3257,16.8126],[73.3262,16.8126],[73.3262,16.8129],[73.3296,16.8129],[73.3296,16.8126],[73.3307,16.8126],[73.3307,16.8124],[73.3315,16.8124],[73.3315,16.8129],[73.3318,16.8129],[73.3318,16.8135],[73.3321,16.8135],[73.3321,16.814],[73.3324,16.814],[73.3324,16.8146],[73.3326,16.8146],[73.3326,16.8151],[73.3329,16.8151],[73.3329,16.8157],[73.3332,16.8157],[73.3332,16.8165],[73.3326,16.8165],[73.3326,16.8171],[73.3324,16.8171],[73.3324,16.8174],[73.3321,16.8174],[73.3321,16.8179],[73.3318,16.8179],[73.3318,16.8182],[73.3315,16.8182],[73.3315,16.8188],[73.3313,16.8188],[73.3313,16.819],[73.331,16.819],[73.331,16.8196],[73.3307,16.8196],[73.3307,16.8199],[73.3299,16.8199],[73.3299,16.8202],[73.329,16.8202],[73.329,16.8204],[73.3285,16.8204],[73.3285,16.8207],[73.3265,16.8207],[73.3265,16.8201],[73.3262,16.8202],[73.3262,16.8193],[73.326,16.8193],[73.326,16.8182],[73.3257,16.8182],[73.3257,16.8179],[73.3254,16.8179],[73.3254,16.8176],[73.3251,16.8176],[73.3251,16.8174],[73.3246,16.8174],[73.3246,16.8168],[73.3243,16.8168],[73.3243,16.8165],[73.324,16.8165],[73.324,16.8157],[73.3238,16.8157],[73.3238,16.8154],[73.3235,16.8154],[73.3235,16.8146],[73.3232,16.8146],[73.3232,16.8137],[73.3229,16.8137],[73.3229,16.8132],[73.3226,16.8132],[73.3226,16.8126],[73.3224,16.8126],[73.3224,16.8124],[73.3221,16.8124],[73.3221,16.8118],[73.3215,16.8118],[73.3215,16.8113],[73.321,16.8113],[73.321,16.8107],[73.3207,16.8107],[73.3207,16.8104],[73.3204,16.8104],[73.3204,16.8101],[73.3199,16.8101],[73.3199,16.8099],[73.3187,16.8099],[73.3187,16.8096],[73.3179,16.8096],[73.3179,16.809],[73.3176,16.809],[73.3176,16.8088],[73.3171,16.8088],[73.3171,16.8085],[73.3168,16.8085],[73.3168,16.8082],[73.3165,16.8082],[73.3165,16.8079],[73.3162,16.8079],[73.3162,16.8076],[73.316,16.8076],[73.316,16.8074],[73.3157,16.8074],[73.3157,16.8071],[73.3124,16.8071],[73.3124,16.8068],[73.3112,16.8068],[73.3112,16.8071],[73.3107,16.8071],[73.3107,16.8074],[73.3104,16.8074],[73.3104,16.8076],[73.3099,16.8076],[73.3099,16.8079],[73.3093,16.8079],[73.3093,16.8082],[73.309,16.8082],[73.309,16.8085],[73.3082,16.8085],[73.3082,16.8088],[73.3035,16.8088],[73.3035,16.809],[73.3032,16.809],[73.3032,16.8093],[73.3026,16.8093],[73.3026,16.8096],[73.3024,16.8096],[73.3024,16.8099],[73.3018,16.8099],[73.3018,16.8101],[73.3015,16.8101],[73.3015,16.8104],[73.3012,16.8104],[73.3012,16.8107],[73.301,16.8107],[73.301,16.811],[73.3004,16.811],[73.3004,16.8113],[73.3001,16.8113],[73.3001,16.8115],[73.2999,16.8115],[73.2999,16.8118],[73.2996,16.8118],[73.2996,16.8121],[73.2993,16.8121],[73.2993,16.8124],[73.299,16.8124],[73.299,16.8126],[73.2988,16.8126],[73.2988,16.8129],[73.2985,16.8129],[73.2985,16.8132],[73.2982,16.8132],[73.2982,16.8135],[73.2979,16.8135],[73.2979,16.8137],[73.2976,16.8137],[73.2976,16.814],[73.2974,16.814],[73.2974,16.8143],[73.2971,16.8143],[73.2971,16.8146],[73.2968,16.8146],[73.2968,16.8151],[73.2965,16.8151],[73.2965,16.8154],[73.2962,16.8154],[73.2962,16.8157],[73.296,16.8157],[73.296,16.8163],[73.2957,16.8163],[73.2957,16.8168],[73.2954,16.8168],[73.2954,16.819],[73.2951,16.819],[73.2951,16.8215],[73.2954,16.8215],[73.2954,16.8221],[73.296,16.8221],[73.296,16.8224],[73.2965,16.8224],[73.2965,16.8226],[73.2968,16.8226],[73.2968,16.8229],[73.2971,16.8229],[73.2971,16.824],[73.2968,16.824],[73.2968,16.8243],[73.2965,16.8243],[73.2965,16.8249],[73.2962,16.8249],[73.2962,16.8268],[73.2965,16.8268],[73.2965,16.8282],[73.2962,16.8282],[73.2962,16.8285],[73.296,16.8285],[73.296,16.8288],[73.2957,16.8288],[73.2957,16.829],[73.2954,16.829],[73.2954,16.8293],[73.2951,16.8293],[73.2951,16.8299],[73.2949,16.8299],[73.2949,16.8301],[73.2946,16.8301],[73.2946,16.8304],[73.2943,16.8304],[73.2943,16.831],[73.294,16.831],[73.294,16.8318],[73.2943,16.8318],[73.2943,16.8329],[73.2946,16.8329],[73.2946,16.8337],[73.2943,16.8337],[73.2943,16.834],[73.2937,16.834],[73.2937,16.8343],[73.2935,16.8343],[73.2935,16.8346],[73.2932,16.8346],[73.2932,16.8349],[73.2929,16.8349],[73.2929,16.8354],[73.2926,16.8354],[73.2926,16.8363],[73.2929,16.8363],[73.2929,16.8374],[73.2932,16.8374],[73.2932,16.8382],[73.294,16.8382],[73.294,16.8388],[73.2937,16.8388],[73.2937,16.8393],[73.2935,16.8393],[73.2935,16.8399],[73.2932,16.8399],[73.2932,16.8404],[73.2929,16.8404],[73.2929,16.841],[73.2926,16.841],[73.2926,16.8415],[73.2924,16.8415],[73.2924,16.8421],[73.2921,16.8421],[73.2921,16.8426],[73.2918,16.8426],[73.2918,16.8429],[73.2915,16.8429],[73.2915,16.8432],[73.2913,16.8432],[73.2913,16.8435],[73.291,16.8435],[73.291,16.8438],[73.2901,16.8438],[73.2901,16.8435],[73.2899,16.8435],[73.2899,16.8432],[73.2896,16.8432],[73.2896,16.8429],[73.289,16.8429],[73.289,16.8432],[73.2882,16.8432],[73.2882,16.8435],[73.2879,16.8435],[73.2879,16.8449],[73.2882,16.8449],[73.2882,16.8451],[73.2885,16.8451],[73.2885,16.8454],[73.2887,16.8454],[73.2887,16.8457],[73.2893,16.8457],[73.2893,16.846],[73.2899,16.846],[73.2899,16.8465],[73.2904,16.8465],[73.2904,16.8468],[73.2907,16.8468],[73.2907,16.8471],[73.2912,16.8471],[73.2912,16.8474],[73.2915,16.8474],[73.2915,16.8476],[73.2921,16.8476],[73.2921,16.8479],[73.2924,16.8479],[73.2924,16.8482],[73.2926,16.8482],[73.2926,16.8485],[73.2929,16.8485],[73.2929,16.849],[73.2932,16.849],[73.2932,16.8496],[73.2929,16.8496],[73.2929,16.8515],[73.2926,16.8515],[73.2926,16.8518],[73.2918,16.8518],[73.2918,16.8515],[73.2915,16.8515],[73.2915,16.8512],[73.2907,16.8512],[73.2907,16.8515],[73.2904,16.8515],[73.2904,16.8521],[73.2901,16.8521],[73.2901,16.8529],[73.291,16.8529],[73.291,16.8532],[73.2924,16.8532],[73.2924,16.8535],[73.2926,16.8535],[73.2926,16.8554],[73.2924,16.8554],[73.2924,16.8557],[73.2921,16.8557],[73.2921,16.856],[73.291,16.856],[73.291,16.8563],[73.2899,16.8563],[73.2899,16.8565],[73.2893,16.8565],[73.2893,16.8568],[73.2882,16.8568],[73.2882,16.8576],[73.2879,16.8576],[73.2879,16.8582],[73.2885,16.8582],[73.2885,16.8585],[73.2887,16.8585],[73.2887,16.8587],[73.2893,16.8587],[73.2893,16.859],[73.2899,16.859],[73.2899,16.8593],[73.2907,16.8593],[73.2907,16.8596],[73.2915,16.8596],[73.2915,16.8599],[73.2921,16.8599],[73.2921,16.8601],[73.2935,16.8601],[73.2935,16.8599],[73.294,16.8599],[73.294,16.8593],[73.2943,16.8593],[73.2943,16.8585],[73.2946,16.8585],[73.2946,16.8582],[73.2951,16.8582],[73.2951,16.8596],[73.2949,16.8596],[73.2949,16.8621],[73.2946,16.8621],[73.2946,16.8638],[73.2943,16.8638],[73.2943,16.864],[73.294,16.864],[73.294,16.8665],[73.2937,16.8665],[73.2937,16.8676],[73.2935,16.8676],[73.2935,16.8682],[73.2932,16.8682],[73.2932,16.8699],[73.2929,16.8699],[73.2929,16.8707],[73.2926,16.8707],[73.2926,16.871],[73.2921,16.871],[73.2921,16.8713],[73.2915,16.8713],[73.2915,16.8707],[73.2913,16.8707],[73.2913,16.871],[73.291,16.871],[73.291,16.8704],[73.2901,16.8704],[73.2901,16.8707],[73.2896,16.8707],[73.2896,16.871],[73.2893,16.871],[73.2893,16.8721],[73.289,16.8721],[73.289,16.8726],[73.2887,16.8726],[73.2887,16.8729],[73.2885,16.8729],[73.2885,16.8732],[73.2862,16.8732],[73.2862,16.8735],[73.286,16.8735],[73.286,16.8763],[73.2862,16.8763],[73.2862,16.8768],[73.2865,16.8768],[73.2865,16.8771],[73.2868,16.8771],[73.2868,16.8782],[73.2865,16.8782],[73.2865,16.8785],[73.2862,16.8785],[73.2862,16.8793],[73.286,16.8793],[73.286,16.8796],[73.2857,16.8796],[73.2857,16.8807],[73.286,16.8807],[73.286,16.8813],[73.2862,16.8813],[73.2862,16.8815],[73.2865,16.8815],[73.2865,16.8818],[73.2871,16.8818],[73.2871,16.8821],[73.2874,16.8821],[73.2874,16.8824],[73.2876,16.8824],[73.2876,16.8826],[73.2885,16.8826],[73.2885,16.8829],[73.289,16.8829],[73.289,16.8832],[73.2899,16.8832],[73.2899,16.8835],[73.2907,16.8835],[73.2907,16.8838],[73.2912,16.8838],[73.2912,16.884],[73.2915,16.884],[73.2915,16.8843],[73.2918,16.8843],[73.2918,16.8846],[73.2921,16.8846],[73.2921,16.8849],[73.2926,16.8849],[73.2926,16.8851],[73.2929,16.8851],[73.2929,16.8857],[73.2932,16.8857],[73.2932,16.8865],[73.2935,16.8865],[73.2935,16.8871],[73.2937,16.8871],[73.2937,16.8876],[73.294,16.8876],[73.294,16.8879],[73.2946,16.8879],[73.2946,16.8882],[73.2951,16.8882],[73.2951,16.8885],[73.2954,16.8885],[73.2954,16.8888],[73.296,16.8888],[73.296,16.8893],[73.2965,16.8893],[73.2965,16.8896],[73.2968,16.8896],[73.2968,16.8899],[73.2979,16.8899],[73.2979,16.8901],[73.3001,16.8901],[73.3001,16.8904],[73.301,16.8904],[73.301,16.8907],[73.3018,16.8907],[73.3018,16.8904],[73.3029,16.8904],[73.3029,16.8901],[73.3037,16.8901],[73.3037,16.8899],[73.304,16.8899],[73.304,16.8896],[73.3046,16.8896],[73.3046,16.8893],[73.3063,16.8893],[73.3063,16.8896],[73.3065,16.8896],[73.3065,16.8899],[73.3068,16.8899],[73.3068,16.8901],[73.3074,16.8901],[73.3074,16.8904],[73.3076,16.8904],[73.3076,16.8901],[73.3082,16.8901],[73.3082,16.8904],[73.3087,16.8904],[73.3087,16.8901],[73.3101,16.8901],[73.3101,16.8899],[73.3107,16.8899],[73.3107,16.8896],[73.3112,16.8896],[73.3112,16.8893],[73.3118,16.8893],[73.3118,16.8888],[73.3121,16.8888],[73.3121,16.8882],[73.3124,16.8882],[73.3124,16.8876],[73.3129,16.8876],[73.3129,16.8879],[73.3135,16.8879],[73.3135,16.889],[73.3132,16.889],[73.3132,16.8896],[73.3126,16.8896],[73.3126,16.8899],[73.3124,16.8899],[73.3124,16.8901],[73.3118,16.8901],[73.3118,16.8904],[73.3115,16.8904],[73.3115,16.8907],[73.311,16.8907],[73.311,16.891],[73.3104,16.891],[73.3104,16.8913],[73.309,16.8913],[73.309,16.8915],[73.3065,16.8915],[73.3063,16.8915],[73.3063,16.8913],[73.306,16.8913],[73.306,16.8915],[73.306,16.8915],[73.3057,16.8915],[73.3057,16.8914],[73.3057,16.8913],[73.3047,16.8913],[73.3043,16.8913],[73.3043,16.891],[73.3037,16.891],[73.3037,16.8911],[73.3037,16.8913],[73.3032,16.8913],[73.3032,16.8915],[73.3026,16.8915],[73.3026,16.8918],[73.3021,16.8918],[73.3021,16.8921],[73.3015,16.8921],[73.3015,16.8924],[73.301,16.8924],[73.301,16.8926],[73.3004,16.8926],[73.3004,16.8932],[73.3001,16.8932],[73.3001,16.8935],[73.2999,16.8935],[73.2999,16.8937],[73.2996,16.8937],[73.2996,16.8946],[73.2993,16.8946],[73.2993,16.8949],[73.299,16.8949],[73.299,16.8951],[73.2988,16.8951],[73.2988,16.8954],[73.2985,16.8954],[73.2985,16.8957],[73.2982,16.8957],[73.2982,16.8962],[73.2979,16.8962],[73.2979,16.8965],[73.2976,16.8965],[73.2976,16.8968],[73.2971,16.8968],[73.2971,16.8971],[73.2965,16.8971],[73.2965,16.8974],[73.2957,16.8974],[73.2957,16.8976],[73.2948,16.8976],[73.2937,16.8976],[73.2937,16.8979],[73.2935,16.8979],[73.2935,16.8976],[73.2915,16.8976],[73.2915,16.8974],[73.2907,16.8974],[73.2907,16.8968],[73.2904,16.8968],[73.2904,16.8965],[73.2896,16.8965],[73.2896,16.8962],[73.289,16.8962],[73.289,16.8965],[73.2885,16.8965],[73.2885,16.8968],[73.2876,16.8968],[73.2876,16.8965],[73.2874,16.8965],[73.2874,16.8962],[73.2871,16.8962],[73.2871,16.896],[73.2874,16.896],[73.2874,16.8957],[73.2876,16.8957],[73.2876,16.8937],[73.2874,16.8937],[73.2874,16.8932],[73.2871,16.8932],[73.2871,16.8929],[73.2865,16.8929],[73.2865,16.8926],[73.2854,16.8926],[73.2854,16.8929],[73.2851,16.8929],[73.2851,16.8932],[73.2849,16.8932],[73.2849,16.8929],[73.2835,16.8929],[73.2835,16.8926],[73.2832,16.8926],[73.2832,16.8921],[73.2824,16.8921],[73.2824,16.8918],[73.2815,16.8918],[73.2815,16.8915],[73.2807,16.8915],[73.2807,16.8918],[73.2804,16.8918],[73.2804,16.8921],[73.2799,16.8921],[73.2799,16.8918],[73.2796,16.8918],[73.2796,16.8915],[73.2785,16.8915],[73.2785,16.8918],[73.2782,16.8918],[73.2782,16.8921],[73.2771,16.8921],[73.2771,16.8935],[73.2774,16.8935],[73.2774,16.894],[73.2776,16.894],[73.2776,16.8943],[73.2779,16.8943],[73.2779,16.8949],[73.2782,16.8949],[73.2782,16.8951],[73.2785,16.8951],[73.2785,16.8954],[73.2787,16.8954],[73.2787,16.896],[73.279,16.896],[73.279,16.8962],[73.2793,16.8962],[73.2793,16.8965],[73.2796,16.8965],[73.2796,16.8968],[73.2799,16.8968],[73.2799,16.8971],[73.2801,16.8971],[73.2801,16.8985],[73.2799,16.8985],[73.2799,16.8988],[73.2796,16.8988],[73.2796,16.9026],[73.2793,16.9026],[73.2793,16.9032],[73.279,16.9032],[73.279,16.904],[73.2793,16.904],[73.2793,16.9043],[73.2796,16.9043],[73.2796,16.9049],[73.2799,16.9049],[73.2799,16.9046],[73.2801,16.9046],[73.2801,16.9049],[73.2804,16.9049],[73.2804,16.9051],[73.2807,16.9051],[73.2807,16.9057],[73.281,16.9057],[73.281,16.906],[73.2813,16.906],[73.2813,16.9062],[73.2821,16.9062],[73.2821,16.9065],[73.2826,16.9065],[73.2826,16.9068],[73.2829,16.9068],[73.2829,16.9071],[73.2832,16.9071],[73.2832,16.9074],[73.2835,16.9074],[73.2835,16.9076],[73.2838,16.9076],[73.2838,16.9079],[73.284,16.9079],[73.284,16.9099],[73.2838,16.9099],[73.2838,16.9101],[73.284,16.9101],[73.284,16.9107],[73.2843,16.9107],[73.2843,16.9112],[73.2843,16.9115],[73.2846,16.9115],[73.2846,16.9118],[73.2849,16.9118],[73.2849,16.9124],[73.2854,16.9124],[73.2854,16.9126],[73.2857,16.9126],[73.2857,16.9132],[73.2854,16.9132],[73.2854,16.914],[73.2851,16.914],[73.2851,16.9146],[73.2849,16.9146],[73.2849,16.9151],[73.2851,16.9151],[73.2851,16.9154],[73.2854,16.9154],[73.2854,16.9157],[73.286,16.9157],[73.286,16.916],[73.2865,16.916],[73.2865,16.9163],[73.2868,16.9162],[73.2868,16.9176],[73.2865,16.9176],[73.2865,16.9193],[73.2862,16.9193],[73.2862,16.9201],[73.286,16.9201],[73.286,16.9204],[73.2857,16.9204],[73.2857,16.9207],[73.2854,16.9207],[73.2854,16.921],[73.2846,16.921],[73.2846,16.9218],[73.2843,16.9218],[73.2843,16.9224],[73.284,16.9224],[73.284,16.9229],[73.2835,16.9229],[73.2835,16.9235],[73.2832,16.9235],[73.2832,16.9237],[73.2829,16.9237],[73.2829,16.9243],[73.2826,16.9243],[73.2826,16.9249],[73.2824,16.9249],[73.2824,16.9257],[73.2826,16.9257],[73.2826,16.926],[73.2829,16.926],[73.2829,16.9265],[73.2826,16.9265],[73.2826,16.9268],[73.2824,16.9268],[73.2824,16.9271],[73.2821,16.9271],[73.2821,16.9293],[73.2824,16.9293],[73.2824,16.9304],[73.2826,16.9304],[73.2826,16.9312],[73.2832,16.9312],[73.2832,16.9315],[73.2838,16.9315],[73.2838,16.9318],[73.2851,16.9318],[73.2851,16.9321],[73.2854,16.9321],[73.2854,16.9318],[73.2857,16.9318],[73.2857,16.9315],[73.2868,16.9315],[73.2868,16.9318],[73.2871,16.9318],[73.2871,16.9329],[73.2874,16.9329],[73.2874,16.9351],[73.2871,16.9351],[73.2871,16.936],[73.2868,16.936],[73.2868,16.9363],[73.2865,16.9363],[73.2865,16.9371],[73.2862,16.9371],[73.2862,16.9374],[73.286,16.9373],[73.286,16.9388],[73.2857,16.9388],[73.2857,16.9393],[73.2854,16.9393],[73.2854,16.9399],[73.2851,16.9399],[73.2851,16.9401],[73.2849,16.9401],[73.2849,16.9407],[73.2846,16.9407],[73.2846,16.941],[73.2843,16.941],[73.2843,16.9415],[73.2838,16.9415],[73.2838,16.9418],[73.2835,16.9418],[73.2835,16.9421],[73.2838,16.9421],[73.2838,16.9429],[73.284,16.9429],[73.284,16.9432],[73.2843,16.9432],[73.2843,16.9435],[73.2846,16.9435],[73.2846,16.9438],[73.2843,16.9438],[73.2843,16.9443],[73.284,16.9443],[73.284,16.9454],[73.2835,16.9454],[73.2835,16.946],[73.2832,16.946],[73.2832,16.9468],[73.2829,16.9468],[73.2829,16.9471],[73.2826,16.9471],[73.2826,16.9474],[73.2824,16.9474],[73.2824,16.9476],[73.2821,16.9476],[73.2821,16.9479],[73.2818,16.9479],[73.2818,16.9496],[73.2821,16.9496],[73.2821,16.9504],[73.2824,16.9504],[73.2824,16.9513],[73.2826,16.9513],[73.2826,16.9518],[73.2829,16.9518],[73.2829,16.9524],[73.2832,16.9524],[73.2832,16.9526],[73.2835,16.9526],[73.2835,16.9529],[73.2838,16.9529],[73.2838,16.9535],[73.2843,16.9535],[73.2843,16.9538],[73.2849,16.9538],[73.2849,16.9535],[73.2851,16.9535],[73.2851,16.9532],[73.2854,16.9532],[73.2854,16.9529],[73.2857,16.9529],[73.2857,16.9526],[73.286,16.9526],[73.286,16.9524],[73.2862,16.9524],[73.2862,16.9521],[73.2882,16.9521],[73.2882,16.9532],[73.2885,16.9532],[73.2885,16.9535],[73.2887,16.9535],[73.2887,16.9543],[73.289,16.9543],[73.289,16.9546],[73.2893,16.9546],[73.2893,16.9549],[73.2896,16.9549],[73.2896,16.9551],[73.2899,16.9551],[73.2899,16.9554],[73.2904,16.9554],[73.2904,16.9557],[73.2915,16.9557],[73.2915,16.9563],[73.2918,16.9563],[73.2918,16.9568],[73.2921,16.9568],[73.2921,16.9593],[73.2918,16.9593],[73.2918,16.9626],[73.2915,16.9626],[73.2915,16.9635],[73.2918,16.9635],[73.2918,16.9638],[73.2921,16.9638],[73.2921,16.964],[73.2924,16.964],[73.2924,16.9646],[73.2926,16.9646],[73.2926,16.9649],[73.2929,16.9649],[73.2929,16.9651],[73.2932,16.9651],[73.2932,16.9654],[73.2935,16.9654],[73.2935,16.9662],[73.2937,16.9662],[73.2937,16.9668],[73.294,16.9668],[73.294,16.9676],[73.2937,16.9676],[73.2937,16.9696],[73.2943,16.9696],[73.2943,16.9699],[73.294,16.9699],[73.294,16.9718],[73.2937,16.9718],[73.2937,16.9724],[73.294,16.9724],[73.294,16.9729],[73.2937,16.9729],[73.2937,16.974],[73.294,16.974],[73.294,16.9776],[73.2937,16.9776],[73.2937,16.9782],[73.294,16.9782],[73.294,16.9788],[73.2943,16.9788],[73.2943,16.9796],[73.2946,16.9796],[73.2946,16.9804],[73.2949,16.9804],[73.2949,16.9813],[73.2946,16.9813],[73.2946,16.9815],[73.2943,16.9815],[73.2943,16.986],[73.2937,16.986],[73.2937,16.9862],[73.2935,16.9862],[73.2935,16.9865],[73.2932,16.9865],[73.2932,16.9868],[73.2929,16.9868],[73.2929,16.9871],[73.2926,16.9871],[73.2926,16.9874],[73.2924,16.9874],[73.2924,16.9876],[73.2921,16.9876],[73.2921,16.9879],[73.292,16.9879],[73.2915,16.9879],[73.2915,16.9882],[73.2913,16.9882],[73.2913,16.9885],[73.2907,16.9885],[73.2907,16.9888],[73.2904,16.9888],[73.2904,16.989],[73.2846,16.989],[73.2846,16.9893],[73.284,16.9893],[73.284,16.9896],[73.2838,16.9896],[73.2838,16.9899],[73.2834,16.9899],[73.2829,16.9899],[73.2829,16.9901],[73.2826,16.9901],[73.2826,16.9904],[73.2824,16.9904],[73.2824,16.9907],[73.2821,16.9907],[73.2821,16.991],[73.2818,16.991],[73.2818,16.9913],[73.2813,16.9913],[73.2813,16.9915],[73.2807,16.9915],[73.2807,16.9918],[73.2804,16.9918],[73.2804,16.9921],[73.2799,16.9921],[73.2799,16.9924],[73.2779,16.9924],[73.2779,16.9921],[73.2768,16.9921],[73.2768,16.9912],[73.2765,16.9913],[73.2765,16.991],[73.2763,16.991],[73.2763,16.9907],[73.276,16.9907],[73.276,16.9901],[73.2757,16.9901],[73.2757,16.9896],[73.2751,16.9896],[73.2751,16.989],[73.2749,16.989],[73.2749,16.9882],[73.2746,16.9882],[73.2746,16.9876],[73.2749,16.9876],[73.2749,16.9874],[73.2746,16.9874],[73.2746,16.9865],[73.2743,16.9865],[73.2743,16.9862],[73.2738,16.9862],[73.2738,16.9857],[73.2721,16.9857],[73.2721,16.986],[73.2718,16.986],[73.2718,16.9862],[73.2715,16.9862],[73.2715,16.9865],[73.271,16.9865],[73.271,16.9871],[73.2707,16.9871],[73.2707,16.9879],[73.2704,16.9879],[73.2704,16.9885],[73.2701,16.9885],[73.2701,16.9893],[73.2699,16.9893],[73.2699,16.9899],[73.2685,16.9899],[73.2685,16.9901],[73.2682,16.9901],[73.2682,16.9924],[73.2685,16.9924],[73.2685,16.9932],[73.2688,16.9932],[73.2688,16.9951],[73.2679,16.9951],[73.2679,16.9965],[73.2682,16.9965],[73.2682,16.9968],[73.2685,16.9968],[73.2685,16.9976],[73.2688,16.9976],[73.2688,16.9979],[73.269,16.9979],[73.269,16.9993],[73.2696,16.9993],[73.2696,16.9999],[73.2693,16.9999],[73.2693,17],[73.2693,17.0001],[73.2696,17.0001],[73.2696,17.0004],[73.2699,17.0004],[73.2699,17.0001],[73.2701,17.0001],[73.2701,16.9999],[73.2701,16.9993],[73.2704,16.9993],[73.2704,16.999],[73.271,16.999],[73.271,16.9993],[73.2715,16.9993],[73.2715,16.9996],[73.2718,16.9996],[73.2718,16.9999],[73.2732,16.9999],[73.2732,16.9976],[73.2743,16.9976],[73.2743,16.9979],[73.2754,16.9979],[73.2754,16.9982],[73.2757,16.9982],[73.2757,16.9985],[73.2763,16.9985],[73.2763,16.9996],[73.2768,16.9996],[73.2768,16.9999],[73.2771,16.9999],[73.2771,17.001],[73.2776,17.001],[73.2776,17.0012],[73.2779,17.0012],[73.2779,17.0007],[73.2782,17.0007],[73.2782,17.0004],[73.2801,17.0004],[73.2801,17.0007],[73.281,17.0007],[73.281,17.001],[73.2829,17.001],[73.2829,17.0015],[73.2832,17.0015],[73.2832,17.0018],[73.2835,17.0018],[73.2835,17.0021],[73.2838,17.0021],[73.2838,17.004],[73.2832,17.004],[73.2832,17.0046],[73.2838,17.0046],[73.2838,17.0051],[73.2835,17.0051],[73.2835,17.0054],[73.2838,17.0054],[73.2838,17.0063],[73.284,17.0063],[73.284,17.0082],[73.2843,17.0082],[73.2843,17.0107],[73.284,17.0107],[73.284,17.0112],[73.2838,17.0112],[73.2838,17.0121],[73.2835,17.0121],[73.2835,17.0126],[73.2832,17.0126],[73.2832,17.0132],[73.2829,17.0132],[73.2829,17.0137],[73.2826,17.0137],[73.2826,17.014],[73.2824,17.014],[73.2824,17.0146],[73.2821,17.0146],[73.2821,17.0149],[73.2818,17.0149],[73.2818,17.0163],[73.2813,17.0163],[73.2813,17.0168],[73.281,17.0168],[73.281,17.0174],[73.2807,17.0174],[73.2807,17.0176],[73.2807,17.0176],[73.2804,17.0176],[73.2804,17.0182],[73.2801,17.0182],[73.2801,17.0185],[73.2799,17.0185],[73.2799,17.0188],[73.2796,17.0188],[73.2796,17.0193],[73.2793,17.0193],[73.2793,17.0196],[73.279,17.0196],[73.279,17.0199],[73.2787,17.0199],[73.2787,17.0204],[73.2785,17.0204],[73.2785,17.021],[73.2782,17.021],[73.2782,17.0212],[73.2779,17.0212],[73.2779,17.0215],[73.2776,17.0215],[73.2776,17.0221],[73.2774,17.0221],[73.2774,17.0224],[73.2771,17.0224],[73.2771,17.0229],[73.2765,17.0229],[73.2765,17.0232],[73.2763,17.0232],[73.2763,17.0235],[73.2746,17.0235],[73.2746,17.0238],[73.2735,17.0238],[73.2735,17.0235],[73.2729,17.0235],[73.2729,17.0232],[73.2726,17.0232],[73.2726,17.0229],[73.2724,17.0229],[73.2724,17.0226],[73.2712,17.0226],[73.2712,17.0229],[73.2715,17.0229],[73.2715,17.0238],[73.2712,17.0238],[73.2712,17.0243],[73.2707,17.0243],[73.269,17.0243],[73.269,17.0246],[73.2665,17.0246],[73.2665,17.0235],[73.2663,17.0235],[73.2663,17.0224],[73.266,17.0224],[73.266,17.0221],[73.2657,17.0221],[73.2657,17.0218],[73.2654,17.0218],[73.2654,17.0215],[73.2651,17.0215],[73.2651,17.0212],[73.2649,17.0212],[73.2649,17.0207],[73.2646,17.0207],[73.2646,17.0204],[73.2629,17.0204],[73.2629,17.0207],[73.2624,17.0207],[73.2624,17.021],[73.261,17.021],[73.261,17.0207],[73.2604,17.0207],[73.2604,17.0204],[73.2601,17.0204],[73.2601,17.0201],[73.2596,17.0201],[73.2596,17.0199],[73.2588,17.0199],[73.2588,17.0196],[73.2574,17.0196],[73.2574,17.0204],[73.2571,17.0204],[73.2571,17.021],[73.2568,17.021],[73.2568,17.0215],[73.2565,17.0215],[73.2565,17.0218],[73.2562,17.0218],[73.2562,17.0235],[73.256,17.0235],[73.256,17.0238],[73.2557,17.0238],[73.2557,17.0254],[73.2554,17.0254],[73.2554,17.026],[73.2551,17.026],[73.2551,17.0263],[73.2549,17.0263],[73.2549,17.0265],[73.2546,17.0265],[73.2546,17.0271],[73.2543,17.0271],[73.2543,17.0274],[73.2546,17.0274],[73.2546,17.0279],[73.2551,17.0279],[73.2551,17.0285],[73.2554,17.0285],[73.2554,17.0287],[73.2557,17.0287],[73.2557,17.0296],[73.256,17.0296],[73.256,17.0304],[73.2562,17.0304],[73.2562,17.031],[73.2565,17.031],[73.2565,17.0318],[73.2568,17.0318],[73.2568,17.0315],[73.2574,17.0315],[73.2574,17.0318],[73.2576,17.0318],[73.2576,17.0332],[73.2574,17.0332],[73.2574,17.0338],[73.2576,17.0338],[73.2576,17.0365],[73.2574,17.0365],[73.2574,17.0374],[73.2571,17.0374],[73.2571,17.0376],[73.2568,17.0376],[73.2568,17.0382],[73.2571,17.0382],[73.2571,17.0399],[73.2568,17.0399],[73.2568,17.0401],[73.2565,17.0401],[73.2565,17.0407],[73.2562,17.0407],[73.2562,17.0413],[73.2557,17.0413],[73.2557,17.0429],[73.2554,17.0429],[73.2554,17.0449],[73.2557,17.0449],[73.2557,17.0454],[73.256,17.0454],[73.256,17.0465],[73.2557,17.0465],[73.2557,17.0474],[73.256,17.0474],[73.256,17.0479],[73.2562,17.0479],[73.2562,17.0482],[73.2565,17.0482],[73.2565,17.0485],[73.2568,17.0485],[73.2568,17.0487],[73.2579,17.0487],[73.2579,17.0485],[73.2585,17.0485],[73.2585,17.0487],[73.2604,17.0487],[73.2604,17.0485],[73.2615,17.0485],[73.2615,17.0487],[73.2618,17.0487],[73.2618,17.049],[73.2621,17.049],[73.2621,17.0487],[73.2635,17.0487],[73.2635,17.0485],[73.264,17.0485],[73.264,17.0482],[73.2646,17.0482],[73.2646,17.0479],[73.2654,17.0479],[73.2654,17.0476],[73.266,17.0476],[73.266,17.0468],[73.2665,17.0468],[73.2665,17.0457],[73.2668,17.0457],[73.2668,17.0454],[73.2671,17.0454],[73.2671,17.0451],[73.2679,17.0451],[73.2679,17.0454],[73.2685,17.0454],[73.2685,17.0446],[73.2688,17.0446],[73.2688,17.044],[73.269,17.044],[73.269,17.0438],[73.2693,17.0438],[73.2693,17.0435],[73.2699,17.0435],[73.2699,17.0433],[73.2699,17.0429],[73.2696,17.0429],[73.2696,17.0424],[73.2693,17.0424],[73.2693,17.0413],[73.269,17.0413],[73.269,17.0407],[73.2701,17.0407],[73.2701,17.0399],[73.2696,17.0399],[73.2696,17.0393],[73.2699,17.0393],[73.2699,17.0387],[73.2707,17.0387],[73.2718,17.0387],[73.2718,17.039],[73.2721,17.039],[73.2721,17.0396],[73.2726,17.0396],[73.2726,17.0393],[73.2732,17.0393],[73.2732,17.039],[73.2735,17.039],[73.2735,17.0385],[73.2738,17.0385],[73.2738,17.0379],[73.274,17.0379],[73.274,17.0376],[73.2743,17.0376],[73.2743,17.0374],[73.2749,17.0374],[73.2749,17.0371],[73.2751,17.0371],[73.2751,17.0365],[73.2754,17.0365],[73.2754,17.0363],[73.2757,17.0363],[73.2757,17.036],[73.276,17.036],[73.276,17.0357],[73.2763,17.0357],[73.2763,17.0351],[73.2765,17.0351],[73.2765,17.0343],[73.2768,17.0343],[73.2768,17.034],[73.2776,17.034],[73.2776,17.0329],[73.2779,17.0329],[73.2779,17.0321],[73.2776,17.0321],[73.2776,17.0299],[73.2774,17.0299],[73.2774,17.0293],[73.2771,17.0293],[73.2771,17.029],[73.2768,17.029],[73.2768,17.0287],[73.2765,17.0287],[73.2765,17.0279],[73.2757,17.0279],[73.2757,17.026],[73.2754,17.026],[73.2754,17.0254],[73.2757,17.0254],[73.2757,17.0251],[73.2765,17.0251],[73.2765,17.0249],[73.2768,17.0249],[73.2768,17.0246],[73.2771,17.0246],[73.2771,17.0243],[73.2774,17.0243],[73.2774,17.024],[73.2779,17.024],[73.2779,17.0238],[73.2782,17.0238],[73.2782,17.0235],[73.2787,17.0235],[73.2787,17.0232],[73.279,17.0232],[73.279,17.0224],[73.2793,17.0224],[73.2793,17.0215],[73.2799,17.0215],[73.2799,17.0212],[73.2801,17.0212],[73.2801,17.0207],[73.281,17.0207],[73.281,17.0204],[73.2813,17.0204],[73.2813,17.0196],[73.2815,17.0196],[73.2815,17.0193],[73.2818,17.0193],[73.2818,17.0188],[73.2821,17.0188],[73.2821,17.0185],[73.2824,17.0185],[73.2824,17.0182],[73.2826,17.0182],[73.2826,17.0179],[73.2835,17.0179],[73.2835,17.0188],[73.2843,17.0188],[73.2843,17.019],[73.2846,17.019],[73.2846,17.0196],[73.2849,17.0196],[73.2849,17.0199],[73.286,17.0199],[73.286,17.0201],[73.2868,17.0201],[73.2868,17.0204],[73.2865,17.0204],[73.2865,17.0207],[73.2868,17.0207],[73.2868,17.021],[73.2868,17.0212],[73.2871,17.0212],[73.2871,17.0215],[73.2882,17.0215],[73.2882,17.0218],[73.2899,17.0218],[73.2899,17.021],[73.2896,17.021],[73.2896,17.0201],[73.2893,17.0201],[73.2893,17.0199],[73.2887,17.0199],[73.2887,17.0196],[73.2885,17.0196],[73.2885,17.0185],[73.2876,17.0185],[73.2876,17.0182],[73.2874,17.0182],[73.2874,17.0179],[73.2862,17.0179],[73.2862,17.0174],[73.2868,17.0174],[73.2868,17.0168],[73.2874,17.0168],[73.2874,17.0171],[73.2879,17.0171],[73.2879,17.0168],[73.2876,17.0168],[73.2876,17.0163],[73.2874,17.0163],[73.2874,17.016],[73.2876,17.016],[73.2876,17.0154],[73.2868,17.0154],[73.2868,17.0149],[73.2865,17.0149],[73.2865,17.0118],[73.2862,17.0118],[73.2862,17.0093],[73.2868,17.0093],[73.2868,17.009],[73.2874,17.009],[73.2874,17.0088],[73.2876,17.0088],[73.2876,17.0082],[73.2879,17.0082],[73.2879,17.0076],[73.2882,17.0076],[73.2882,17.0071],[73.2885,17.0071],[73.2885,17.0068],[73.2893,17.0068],[73.2893,17.0088],[73.289,17.0088],[73.289,17.009],[73.2887,17.009],[73.2887,17.0093],[73.2885,17.0093],[73.2885,17.0096],[73.2887,17.0096],[73.2887,17.0101],[73.2899,17.0101],[73.2899,17.0104],[73.2901,17.0104],[73.2901,17.0107],[73.2893,17.0107],[73.2893,17.011],[73.2885,17.011],[73.2885,17.0126],[73.2887,17.0126],[73.2887,17.0129],[73.289,17.0129],[73.289,17.0137],[73.2893,17.0137],[73.2893,17.014],[73.2896,17.014],[73.2896,17.0146],[73.2899,17.0146],[73.2899,17.0151],[73.2901,17.0151],[73.2901,17.0154],[73.2904,17.0154],[73.2904,17.016],[73.2907,17.016],[73.2907,17.0163],[73.2904,17.0163],[73.2904,17.0168],[73.2907,17.0168],[73.2907,17.0173],[73.2907,17.0176],[73.291,17.0176],[73.291,17.019],[73.2912,17.019],[73.2912,17.0193],[73.2915,17.0193],[73.2915,17.0196],[73.2926,17.0196],[73.2926,17.0199],[73.2929,17.0199],[73.2929,17.0204],[73.2932,17.0204],[73.2932,17.0207],[73.2926,17.0207],[73.2926,17.021],[73.2929,17.021],[73.2929,17.0221],[73.2932,17.0221],[73.2932,17.0226],[73.2929,17.0226],[73.2929,17.0229],[73.2926,17.0229],[73.2926,17.0235],[73.2924,17.0235],[73.2924,17.024],[73.2921,17.024],[73.2921,17.0246],[73.2918,17.0246],[73.2918,17.0249],[73.2915,17.0249],[73.2915,17.0251],[73.2912,17.0251],[73.2912,17.0254],[73.2907,17.0254],[73.2907,17.0257],[73.2901,17.0257],[73.2901,17.026],[73.2899,17.026],[73.2899,17.0263],[73.2893,17.0263],[73.2893,17.0276],[73.289,17.0276],[73.289,17.0279],[73.2887,17.0279],[73.2887,17.0285],[73.2885,17.0285],[73.2885,17.0293],[73.2871,17.0293],[73.2871,17.0296],[73.286,17.0296],[73.286,17.0299],[73.2849,17.0299],[73.2849,17.0301],[73.2838,17.0301],[73.2838,17.0304],[73.2835,17.0304],[73.2835,17.0307],[73.2832,17.0307],[73.2832,17.031],[73.2829,17.031],[73.2829,17.0313],[73.2818,17.0313],[73.2818,17.0315],[73.2813,17.0315],[73.2813,17.0318],[73.281,17.0318],[73.281,17.0321],[73.2804,17.0321],[73.2804,17.0329],[73.2807,17.0329],[73.2807,17.0338],[73.2804,17.0338],[73.2804,17.0343],[73.2807,17.0343],[73.2807,17.0349],[73.2813,17.0349],[73.2813,17.0351],[73.2818,17.0351],[73.2818,17.0354],[73.2821,17.0354],[73.2821,17.0357],[73.2826,17.0357],[73.2826,17.036],[73.2829,17.036],[73.2829,17.0363],[73.2832,17.0363],[73.2832,17.0365],[73.2835,17.0365],[73.2835,17.0368],[73.2838,17.0368],[73.2838,17.0374],[73.284,17.0374],[73.284,17.0387],[73.2843,17.0387],[73.2843,17.0401],[73.2849,17.0401],[73.2849,17.0404],[73.2851,17.0404],[73.2852,17.0406],[73.2854,17.0407],[73.2854,17.041],[73.2862,17.041],[73.2862,17.0407],[73.2871,17.0407],[73.2871,17.0404],[73.2876,17.0404],[73.2876,17.0401],[73.2882,17.0401],[73.2882,17.0396],[73.2879,17.0396],[73.2879,17.039],[73.2876,17.039],[73.2876,17.0387],[73.2874,17.0387],[73.2874,17.039],[73.2871,17.039],[73.2871,17.0393],[73.2866,17.0393],[73.2851,17.0393],[73.2851,17.0379],[73.2874,17.0379],[73.2874,17.0376],[73.2876,17.0376],[73.2876,17.0374],[73.2885,17.0374],[73.2885,17.0384],[73.2885,17.0387],[73.2893,17.0387],[73.2893,17.039],[73.2904,17.039],[73.2904,17.0385],[73.2907,17.0385],[73.2907,17.0379],[73.291,17.0379],[73.291,17.0371],[73.2907,17.0371],[73.2907,17.0368],[73.2921,17.0368],[73.2921,17.0371],[73.2922,17.0371],[73.2924,17.0371],[73.2924,17.0374],[73.2922,17.0374],[73.2918,17.0374],[73.2918,17.0382],[73.2921,17.0382],[73.2921,17.039],[73.2915,17.039],[73.2915,17.0393],[73.2913,17.0393],[73.2913,17.0396],[73.2915,17.0396],[73.2915,17.0399],[73.2937,17.0399],[73.2937,17.039],[73.294,17.039],[73.294,17.0385],[73.2949,17.0385],[73.2949,17.039],[73.2946,17.039],[73.2946,17.0396],[73.2943,17.0396],[73.2943,17.0399],[73.2957,17.0399],[73.2957,17.0393],[73.296,17.0393],[73.296,17.039],[73.2962,17.039],[73.2962,17.0387],[73.2965,17.0387],[73.2965,17.0385],[73.2968,17.0385],[73.2968,17.0382],[73.2971,17.0382],[73.2971,17.0379],[73.2982,17.0379],[73.2982,17.0376],[73.2979,17.0376],[73.2979,17.0374],[73.2985,17.0374],[73.2985,17.0371],[73.299,17.0371],[73.299,17.0368],[73.2993,17.0368],[73.2993,17.0365],[73.2999,17.0365],[73.2999,17.0363],[73.3004,17.0363],[73.3004,17.036],[73.301,17.036],[73.301,17.0357],[73.3015,17.0357],[73.3015,17.0354],[73.3021,17.0354],[73.3021,17.0351],[73.3026,17.0351],[73.3026,17.0349],[73.3032,17.0349],[73.3032,17.0346],[73.304,17.0346],[73.304,17.0343],[73.3049,17.0343],[73.3049,17.034],[73.3068,17.034],[73.3068,17.0343],[73.3071,17.0343],[73.3071,17.0346],[73.3079,17.0346],[73.3079,17.0349],[73.3082,17.0349],[73.3082,17.0351],[73.309,17.0351],[73.309,17.0349],[73.3093,17.0349],[73.3093,17.0351],[73.3096,17.0351],[73.3096,17.0349],[73.3107,17.0349],[73.3107,17.0346],[73.3118,17.0346],[73.3118,17.0343],[73.312,17.0343],[73.3124,17.0343],[73.3124,17.034],[73.3126,17.034],[73.3126,17.0338],[73.3132,17.0338],[73.3132,17.0335],[73.3138,17.0335],[73.3138,17.0332],[73.3151,17.0332],[73.3151,17.0335],[73.3157,17.0335],[73.3157,17.0338],[73.3162,17.0338],[73.3162,17.034],[73.3165,17.034],[73.3165,17.0343],[73.316,17.0343],[73.316,17.0346],[73.3157,17.0346],[73.3157,17.0349],[73.3163,17.0349],[73.3163,17.0351],[73.3165,17.0351],[73.3165,17.0357],[73.3149,17.0357],[73.3149,17.036],[73.3143,17.036],[73.3143,17.0363],[73.314,17.0363],[73.314,17.0365],[73.3135,17.0365],[73.3135,17.0376],[73.3138,17.0376],[73.3138,17.0379],[73.3146,17.0379],[73.3146,17.0376],[73.3154,17.0376],[73.3154,17.0374],[73.3157,17.0374],[73.3157,17.0368],[73.3151,17.0368],[73.3151,17.0365],[73.3154,17.0365],[73.3154,17.0363],[73.316,17.0363],[73.316,17.0365],[73.3165,17.0365],[73.3165,17.0368],[73.3171,17.0368],[73.3171,17.0362],[73.3174,17.0363],[73.3174,17.036],[73.3179,17.036],[73.3179,17.0354],[73.3196,17.0354],[73.3196,17.0357],[73.3193,17.0357],[73.3193,17.036],[73.3182,17.036],[73.3182,17.0365],[73.3185,17.0365],[73.3185,17.0371],[73.3187,17.0371],[73.3187,17.0376],[73.3199,17.0376],[73.3199,17.0382],[73.3185,17.0382],[73.3185,17.0379],[73.3171,17.0379],[73.3171,17.0376],[73.3165,17.0376],[73.3165,17.0382],[73.3171,17.0382],[73.3171,17.0385],[73.3174,17.0385],[73.3174,17.0387],[73.3171,17.0387],[73.3171,17.0393],[73.3168,17.0393],[73.3168,17.0396],[73.316,17.0396],[73.316,17.0393],[73.3157,17.0393],[73.3157,17.0396],[73.3154,17.0396],[73.3154,17.0399],[73.3149,17.0399],[73.3149,17.0396],[73.3146,17.0396],[73.3146,17.0393],[73.3143,17.0393],[73.3143,17.039],[73.3126,17.039],[73.3126,17.0387],[73.3118,17.0387],[73.3118,17.0385],[73.3115,17.0385],[73.3115,17.0382],[73.3112,17.0382],[73.3112,17.0376],[73.3101,17.0376],[73.3101,17.0374],[73.3093,17.0374],[73.3093,17.0371],[73.3071,17.0371],[73.3071,17.0368],[73.3057,17.0368],[73.3057,17.0371],[73.3051,17.0371],[73.3051,17.0374],[73.3026,17.0374],[73.3026,17.0376],[73.3029,17.0376],[73.3029,17.0379],[73.3032,17.0379],[73.3032,17.0382],[73.3037,17.0382],[73.3037,17.0385],[73.304,17.0385],[73.304,17.039],[73.3037,17.039],[73.3037,17.0393],[73.3035,17.0393],[73.3035,17.0396],[73.3026,17.0396],[73.3026,17.0399],[73.3018,17.0399],[73.3018,17.0401],[73.3004,17.0401],[73.3004,17.0404],[73.2988,17.0404],[73.2988,17.0407],[73.2982,17.0407],[73.2982,17.041],[73.2979,17.041],[73.2979,17.0413],[73.2976,17.0413],[73.2976,17.0418],[73.2974,17.0418],[73.2974,17.0421],[73.2971,17.0421],[73.2971,17.0424],[73.2968,17.0424],[73.2968,17.0429],[73.2965,17.0429],[73.2965,17.0432],[73.2962,17.0432],[73.2962,17.0435],[73.2954,17.0435],[73.2954,17.0438],[73.2951,17.0438],[73.2951,17.0443],[73.2949,17.0443],[73.2949,17.0446],[73.289,17.0446],[73.289,17.0443],[73.2887,17.0443],[73.2887,17.044],[73.2876,17.044],[73.2876,17.0443],[73.2874,17.0443],[73.2874,17.0446],[73.2871,17.0446],[73.2871,17.0451],[73.2874,17.0451],[73.2874,17.0454],[73.2876,17.0454],[73.2876,17.0457],[73.2879,17.0457],[73.2879,17.046],[73.2882,17.046],[73.2882,17.0462],[73.2885,17.0462],[73.2885,17.0465],[73.2907,17.0465],[73.2907,17.0468],[73.2913,17.0468],[73.2913,17.0471],[73.2915,17.0471],[73.2915,17.0474],[73.2901,17.0474],[73.2901,17.0476],[73.2885,17.0476],[73.2885,17.0474],[73.2876,17.0474],[73.2876,17.0468],[73.2874,17.0468],[73.2874,17.0462],[73.2871,17.0462],[73.2871,17.0457],[73.2862,17.0457],[73.2862,17.0454],[73.2857,17.0454],[73.2857,17.0451],[73.2851,17.0451],[73.2851,17.0446],[73.2846,17.0446],[73.2846,17.0443],[73.2843,17.0443],[73.2843,17.044],[73.284,17.044],[73.284,17.0438],[73.2838,17.0438],[73.2838,17.0435],[73.2835,17.0435],[73.2835,17.0432],[73.2829,17.0432],[73.2829,17.0429],[73.2826,17.0429],[73.2826,17.0426],[73.2824,17.0426],[73.2824,17.0424],[73.2821,17.0424],[73.2821,17.0418],[73.2818,17.0418],[73.2818,17.0415],[73.2815,17.0415],[73.2815,17.0413],[73.2813,17.0413],[73.2813,17.041],[73.281,17.041],[73.281,17.0407],[73.2807,17.0407],[73.2807,17.0404],[73.2804,17.0404],[73.2804,17.0399],[73.2801,17.0399],[73.2801,17.0396],[73.2799,17.0396],[73.2799,17.0393],[73.2796,17.0393],[73.2796,17.0396],[73.2793,17.0396],[73.2793,17.0399],[73.279,17.0399],[73.279,17.0401],[73.2787,17.0401],[73.2787,17.0404],[73.2785,17.0404],[73.2785,17.0407],[73.2787,17.0407],[73.2787,17.0413],[73.2793,17.0413],[73.2793,17.0415],[73.2796,17.0415],[73.2796,17.0418],[73.2799,17.0418],[73.2799,17.0421],[73.2801,17.0421],[73.2801,17.0424],[73.2804,17.0424],[73.2804,17.0426],[73.2807,17.0426],[73.2807,17.0432],[73.281,17.0432],[73.281,17.0438],[73.2813,17.0438],[73.2813,17.044],[73.2814,17.044],[73.2818,17.044],[73.2818,17.0443],[73.2821,17.0443],[73.2821,17.0449],[73.2824,17.0449],[73.2824,17.0454],[73.2826,17.0454],[73.2826,17.046],[73.2829,17.046],[73.2829,17.0462],[73.2832,17.0462],[73.2832,17.0465],[73.2835,17.0465],[73.2835,17.0468],[73.2838,17.0468],[73.2838,17.0474],[73.284,17.0474],[73.284,17.0476],[73.2843,17.0476],[73.2843,17.0479],[73.2846,17.0479],[73.2846,17.0482],[73.2849,17.0482],[73.2849,17.0487],[73.2851,17.0487],[73.2851,17.0493],[73.2854,17.0493],[73.2854,17.0499],[73.2857,17.0499],[73.2857,17.0504],[73.286,17.0504],[73.286,17.051],[73.2862,17.051],[73.2862,17.0513],[73.2865,17.0513],[73.2865,17.0518],[73.2868,17.0518],[73.2868,17.0524],[73.2871,17.0524],[73.2871,17.0529],[73.2874,17.0529],[73.2874,17.0535],[73.2876,17.0535],[73.2876,17.0543],[73.2879,17.0543],[73.2879,17.0565],[73.2882,17.0565],[73.2882,17.0579],[73.2885,17.0579],[73.2885,17.0635],[73.2882,17.0635],[73.2882,17.0665],[73.2879,17.0665],[73.2879,17.0704],[73.2882,17.0704],[73.2882,17.0732],[73.2879,17.0732],[73.2879,17.0735],[73.2882,17.0735],[73.2882,17.0754],[73.2887,17.0754],[73.2887,17.0757],[73.2893,17.0757],[73.2893,17.076],[73.2896,17.076],[73.2896,17.0765],[73.2899,17.0765],[73.2899,17.0768],[73.2901,17.0768],[73.2901,17.0774],[73.291,17.0774],[73.291,17.0771],[73.2913,17.0771],[73.2913,17.0768],[73.2918,17.0768],[73.2918,17.0765],[73.2932,17.0765],[73.2932,17.0763],[73.2935,17.0763],[73.2935,17.076],[73.294,17.076],[73.294,17.0757],[73.296,17.0757],[73.296,17.0771],[73.2968,17.0771],[73.2968,17.0765],[73.2971,17.0765],[73.2971,17.0763],[73.2974,17.0763],[73.2974,17.0757],[73.2976,17.0757],[73.2976,17.0751],[73.2979,17.0751],[73.2979,17.0749],[73.2985,17.0749],[73.2985,17.0751],[73.2988,17.0751],[73.2988,17.0757],[73.2985,17.0757],[73.2985,17.0763],[73.2982,17.0763],[73.2982,17.0785],[73.2979,17.0785],[73.2979,17.0788],[73.2968,17.0788],[73.2968,17.0785],[73.296,17.0785],[73.296,17.0782],[73.2957,17.0782],[73.2957,17.0785],[73.2915,17.0785],[73.2915,17.0782],[73.291,17.0782],[73.291,17.0779],[73.2904,17.0779],[73.2904,17.0782],[73.2876,17.0782],[73.2876,17.0785],[73.2868,17.0785],[73.2868,17.0788],[73.2851,17.0788],[73.2851,17.079],[73.284,17.079],[73.284,17.0793],[73.2838,17.0793],[73.2838,17.0796],[73.2832,17.0796],[73.2832,17.0804],[73.2829,17.0804],[73.2829,17.0807],[73.2832,17.0807],[73.2832,17.081],[73.2835,17.081],[73.2835,17.0812],[73.2838,17.0812],[73.2838,17.0815],[73.284,17.0815],[73.284,17.0818],[73.2843,17.0818],[73.2843,17.0821],[73.2846,17.0821],[73.2846,17.0824],[73.2851,17.0824],[73.2851,17.0829],[73.2854,17.0829],[73.2854,17.0832],[73.2857,17.0832],[73.2857,17.0843],[73.286,17.0843],[73.286,17.0846],[73.2854,17.0846],[73.2854,17.0854],[73.2857,17.0854],[73.2857,17.086],[73.286,17.086],[73.286,17.0868],[73.2862,17.0868],[73.2862,17.0871],[73.286,17.0871],[73.286,17.0876],[73.2857,17.0876],[73.2857,17.0882],[73.2854,17.0882],[73.2854,17.0899],[73.2851,17.0899],[73.2851,17.0901],[73.2849,17.0901],[73.2849,17.0904],[73.2846,17.0904],[73.2846,17.091],[73.2849,17.091],[73.2849,17.0924],[73.2846,17.0924],[73.2846,17.0954],[73.2843,17.0954],[73.2843,17.096],[73.2846,17.096],[73.2846,17.0971],[73.2849,17.0971],[73.2849,17.0988],[73.2851,17.0987],[73.2851,17.0996],[73.2854,17.0996],[73.2854,17.1004],[73.2851,17.1004],[73.2851,17.1024],[73.2849,17.1024],[73.2849,17.1029],[73.2846,17.1029],[73.2846,17.1035],[73.2849,17.1035],[73.2849,17.104],[73.2851,17.104],[73.2851,17.1051],[73.2854,17.1051],[73.2854,17.1057],[73.2851,17.1057],[73.2851,17.1063],[73.2849,17.1063],[73.2849,17.1068],[73.2846,17.1068],[73.2846,17.1074],[73.284,17.1074],[73.284,17.1079],[73.2835,17.1079],[73.2835,17.1082],[73.2829,17.1082],[73.2829,17.1087],[73.2826,17.1087],[73.2826,17.1093],[73.2824,17.1093],[73.2824,17.1104],[73.2821,17.1104],[73.2821,17.111],[73.2824,17.111],[73.2824,17.1112],[73.2826,17.1112],[73.2826,17.1115],[73.2829,17.1115],[73.2829,17.1118],[73.2826,17.1118],[73.2826,17.1124],[73.2829,17.1124],[73.2829,17.1126],[73.2832,17.1126],[73.2832,17.1129],[73.2835,17.1129],[73.2835,17.1132],[73.2832,17.1132],[73.2826,17.1132],[73.2826,17.1129],[73.2824,17.1129],[73.2824,17.1124],[73.2815,17.1124],[73.2815,17.1121],[73.2813,17.1121],[73.2813,17.1118],[73.281,17.1118],[73.281,17.1115],[73.2801,17.1115],[73.2801,17.1118],[73.2796,17.1118],[73.2796,17.1124],[73.281,17.1124],[73.281,17.1126],[73.2813,17.1126],[73.2813,17.1132],[73.2815,17.1132],[73.2815,17.1135],[73.2826,17.1135],[73.2826,17.114],[73.2813,17.114],[73.2813,17.1138],[73.2799,17.1138],[73.2799,17.1135],[73.2749,17.1135],[73.2749,17.1132],[73.2732,17.1132],[73.2732,17.1129],[73.2729,17.1129],[73.2729,17.1126],[73.2693,17.1126],[73.2693,17.1121],[73.269,17.1121],[73.269,17.1118],[73.2668,17.1118],[73.2668,17.1124],[73.2663,17.1124],[73.2663,17.1129],[73.266,17.1129],[73.266,17.1132],[73.2665,17.1132],[73.2665,17.1135],[73.2671,17.1135],[73.2671,17.1138],[73.2674,17.1138],[73.2674,17.114],[73.2676,17.114],[73.2676,17.1146],[73.2679,17.1146],[73.2679,17.1154],[73.2682,17.1154],[73.2682,17.1157],[73.2685,17.1157],[73.2685,17.1163],[73.2688,17.1163],[73.2688,17.1165],[73.269,17.1165],[73.269,17.1171],[73.2693,17.1171],[73.2693,17.1174],[73.2696,17.1174],[73.2696,17.1179],[73.2699,17.1179],[73.2699,17.1182],[73.2704,17.1182],[73.2704,17.1185],[73.2715,17.1185],[73.2715,17.1187],[73.2724,17.1187],[73.2724,17.1193],[73.2726,17.1193],[73.2726,17.1204],[73.2724,17.1204],[73.2724,17.1218],[73.2721,17.1218],[73.2721,17.1224],[73.2718,17.1224],[73.2718,17.1229],[73.2715,17.1229],[73.2715,17.1246],[73.2712,17.1246],[73.2712,17.1251],[73.271,17.1251],[73.271,17.1274],[73.2712,17.1274],[73.2712,17.1276],[73.271,17.1276],[73.271,17.1285],[73.2707,17.1285],[73.2707,17.1296],[73.2693,17.1296],[73.2693,17.1304],[73.269,17.1304],[73.269,17.1307],[73.2688,17.1307],[73.2688,17.131],[73.269,17.131],[73.269,17.1315],[73.2688,17.1315],[73.2688,17.1321],[73.2685,17.1321],[73.2685,17.1324],[73.2682,17.1324],[73.2682,17.1335],[73.2679,17.1335],[73.2679,17.1357],[73.2682,17.1357],[73.2682,17.1374],[73.2674,17.1374],[73.2674,17.1379],[73.2676,17.1379],[73.2676,17.1388],[73.2679,17.1388],[73.2679,17.1393],[73.2676,17.1393],[73.2676,17.1396],[73.2674,17.1396],[73.2674,17.1407],[73.2671,17.1407],[73.2671,17.1418],[73.2668,17.1418],[73.2668,17.1421],[73.2665,17.1421],[73.2665,17.1426],[73.2663,17.1426],[73.2663,17.1443],[73.266,17.1443],[73.266,17.1449],[73.2657,17.1449],[73.2657,17.1457],[73.266,17.1457],[73.266,17.1465],[73.2657,17.1465],[73.2657,17.1468],[73.2654,17.1468],[73.2654,17.1471],[73.2651,17.1471],[73.2651,17.1479],[73.2649,17.1479],[73.2649,17.149],[73.2646,17.149],[73.2646,17.1493],[73.2649,17.1493],[73.2649,17.1499],[73.2646,17.1499],[73.2646,17.1515],[73.2643,17.1515],[73.2643,17.1521],[73.2635,17.1521],[73.2635,17.1524],[73.2637,17.1524],[73.2637,17.1532],[73.2635,17.1532],[73.2635,17.1546],[73.2637,17.1546],[73.2637,17.1557],[73.2635,17.1557],[73.2635,17.1563],[73.264,17.1563],[73.264,17.156],[73.2643,17.156],[73.2643,17.1557],[73.2646,17.1557],[73.2646,17.156],[73.2649,17.156],[73.2649,17.1568],[73.2643,17.1568],[73.2643,17.1571],[73.264,17.1571],[73.264,17.1574],[73.2637,17.1574],[73.2637,17.1579],[73.2635,17.1579],[73.2635,17.1585],[73.2632,17.1585],[73.2632,17.159],[73.2629,17.159],[73.2629,17.1596],[73.2626,17.1596],[73.2626,17.1599],[73.2624,17.1599],[73.2624,17.1601],[73.2621,17.1601],[73.2621,17.1604],[73.2613,17.1604],[73.2613,17.1612],[73.261,17.1612],[73.261,17.1618],[73.2607,17.1618],[73.2607,17.1624],[73.261,17.1624],[73.261,17.1635],[73.2607,17.1635],[73.2607,17.164],[73.2604,17.164],[73.2604,17.1646],[73.2601,17.1646],[73.2601,17.1649],[73.2599,17.1649],[73.2599,17.1654],[73.2596,17.1654],[73.2596,17.166],[73.2593,17.166],[73.2593,17.1665],[73.2596,17.1665],[73.2596,17.1671],[73.2593,17.1671],[73.2593,17.1676],[73.259,17.1676],[73.259,17.1679],[73.2593,17.1679],[73.2593,17.1696],[73.2596,17.1696],[73.2596,17.1699],[73.2599,17.1699],[73.2599,17.1704],[73.2596,17.1704],[73.2596,17.1715],[73.2599,17.1715],[73.2599,17.1721],[73.2596,17.1721],[73.2596,17.1718],[73.2593,17.1718],[73.2593,17.1721],[73.2585,17.1721],[73.2585,17.1743],[73.2582,17.1743],[73.2582,17.1751],[73.2576,17.1751],[73.2576,17.1757],[73.2574,17.1757],[73.2574,17.1765],[73.2571,17.1765],[73.2571,17.1771],[73.2568,17.1771],[73.2568,17.1788],[73.2565,17.1788],[73.2565,17.179],[73.2562,17.179],[73.2562,17.1793],[73.256,17.1793],[73.256,17.1796],[73.2557,17.1796],[73.2557,17.1801],[73.2554,17.1801],[73.2554,17.1807],[73.2557,17.1807],[73.2557,17.1813],[73.2554,17.1812],[73.2554,17.1818],[73.2551,17.1818],[73.2551,17.1821],[73.2549,17.1821],[73.2549,17.1824],[73.2546,17.1824],[73.2546,17.1829],[73.2543,17.1829],[73.2543,17.1846],[73.254,17.1846],[73.254,17.1849],[73.2537,17.1849],[73.2537,17.1854],[73.2535,17.1854],[73.2535,17.1868],[73.2532,17.1868],[73.2532,17.1874],[73.2529,17.1874],[73.2529,17.189],[73.2526,17.189],[73.2526,17.1893],[73.2524,17.1893],[73.2524,17.1899],[73.2521,17.1899],[73.2521,17.1901],[73.2518,17.1901],[73.2518,17.1904],[73.251,17.1904],[73.251,17.1907],[73.2513,17.1907],[73.2513,17.191],[73.251,17.191],[73.251,17.1912],[73.2504,17.1912],[73.2504,17.1915],[73.2501,17.1915],[73.2501,17.1918],[73.2499,17.1918],[73.2499,17.1921],[73.2476,17.1921],[73.2476,17.1918],[73.2474,17.1918],[73.2474,17.1915],[73.2468,17.1915],[73.2468,17.1912],[73.2465,17.1912],[73.2465,17.191],[73.2457,17.191],[73.2457,17.1907],[73.2449,17.1907],[73.2449,17.191],[73.2443,17.191],[73.2443,17.1907],[73.244,17.1907],[73.244,17.191],[73.2435,17.191],[73.2435,17.1912],[73.2426,17.1912],[73.2426,17.1918],[73.2424,17.1918],[73.2424,17.1924],[73.2412,17.1924],[73.2412,17.1932],[73.2404,17.1932],[73.2404,17.1935],[73.2399,17.1935],[73.2399,17.1938],[73.2396,17.1938],[73.2396,17.194],[73.239,17.194],[73.239,17.1943],[73.2376,17.1943],[73.2376,17.194],[73.2368,17.194],[73.2368,17.1938],[73.2354,17.1938],[73.2354,17.194],[73.2351,17.194],[73.2351,17.1943],[73.2349,17.1943],[73.2349,17.1957],[73.234,17.1957],[73.234,17.196],[73.2332,17.196],[73.2332,17.1965],[73.2326,17.1965],[73.2326,17.1971],[73.2324,17.1971],[73.2324,17.1974],[73.2321,17.1974],[73.2321,17.1976],[73.2318,17.1976],[73.2318,17.1979],[73.2315,17.1979],[73.2315,17.1982],[73.2312,17.1982],[73.2312,17.1993],[73.231,17.1993],[73.231,17.2007],[73.2312,17.2007],[73.2312,17.201],[73.2315,17.201],[73.2315,17.2013],[73.2318,17.2013],[73.2318,17.2015],[73.2324,17.2015],[73.2324,17.2018],[73.2326,17.2018],[73.2326,17.2021],[73.2346,17.2021],[73.2346,17.2015],[73.2371,17.2015],[73.2371,17.2013],[73.2376,17.2013],[73.2376,17.201],[73.2385,17.201],[73.2385,17.2007],[73.239,17.2007],[73.239,17.2004],[73.2393,17.2004],[73.2393,17.2001],[73.2396,17.2001],[73.2396,17.1999],[73.2399,17.1999],[73.2399,17.1996],[73.2401,17.1996],[73.2401,17.1993],[73.2404,17.1993],[73.2404,17.199],[73.241,17.199],[73.241,17.1987],[73.2421,17.1987],[73.2421,17.1985],[73.2426,17.1985],[73.2426,17.1982],[73.2432,17.1982],[73.2432,17.1979],[73.2435,17.1979],[73.2435,17.1976],[73.2438,17.1976],[73.2438,17.1974],[73.244,17.1974],[73.244,17.1968],[73.2443,17.1968],[73.2443,17.1965],[73.2451,17.1965],[73.2451,17.1968],[73.2454,17.1968],[73.2454,17.1976],[73.2451,17.1976],[73.2451,17.1979],[73.2443,17.1979],[73.2443,17.1982],[73.2438,17.1982],[73.2438,17.1985],[73.2435,17.1985],[73.2435,17.1987],[73.2432,17.1987],[73.2432,17.1993],[73.2429,17.1993],[73.2429,17.2001],[73.2432,17.2001],[73.2432,17.2007],[73.2435,17.2007],[73.2435,17.2013],[73.2438,17.2013],[73.2438,17.2018],[73.244,17.2018],[73.244,17.2021],[73.2443,17.2021],[73.2443,17.2024],[73.2446,17.2024],[73.2446,17.2029],[73.2449,17.2029],[73.2449,17.2035],[73.2451,17.2035],[73.2451,17.2038],[73.2454,17.2038],[73.2454,17.204],[73.2462,17.204],[73.2462,17.2051],[73.2457,17.2051],[73.2457,17.2049],[73.2449,17.2049],[73.2449,17.2051],[73.2451,17.2051],[73.2451,17.2057],[73.2454,17.2057],[73.2454,17.206],[73.246,17.206],[73.246,17.2074],[73.2462,17.2074],[73.2462,17.2087],[73.2465,17.2087],[73.2465,17.2101],[73.2471,17.2101],[73.2471,17.2104],[73.2468,17.2104],[73.2468,17.2107],[73.2465,17.2107],[73.2465,17.2115],[73.2462,17.2115],[73.2462,17.2129],[73.246,17.2129],[73.246,17.2143],[73.2457,17.2143],[73.2457,17.2162],[73.246,17.2162],[73.246,17.2168],[73.2451,17.2168],[73.2451,17.2174],[73.2457,17.2174],[73.2457,17.2176],[73.2454,17.2176],[73.2454,17.2182],[73.2451,17.2182],[73.2451,17.2185],[73.2449,17.2185],[73.2449,17.2193],[73.2446,17.2193],[73.2446,17.2196],[73.2449,17.2196],[73.2449,17.2199],[73.2446,17.2199],[73.2446,17.2207],[73.2449,17.2207],[73.2449,17.221],[73.2446,17.221],[73.2446,17.2213],[73.2443,17.2213],[73.2443,17.2226],[73.244,17.2226],[73.244,17.2235],[73.2438,17.2235],[73.2438,17.2243],[73.2435,17.2243],[73.2435,17.2249],[73.2432,17.2249],[73.2432,17.226],[73.2426,17.226],[73.2426,17.2262],[73.2424,17.2262],[73.2424,17.2265],[73.2418,17.2265],[73.2418,17.2268],[73.2415,17.2268],[73.2415,17.2271],[73.2412,17.2271],[73.2412,17.2274],[73.241,17.2274],[73.241,17.2279],[73.2407,17.2279],[73.2407,17.2282],[73.2404,17.2282],[73.2404,17.2285],[73.2399,17.2285],[73.2399,17.2282],[73.2396,17.2282],[73.2396,17.2279],[73.239,17.2279],[73.239,17.2276],[73.2382,17.2276],[73.2382,17.2274],[73.2376,17.2274],[73.2376,17.2271],[73.2368,17.2271],[73.2368,17.2268],[73.2351,17.2268],[73.2351,17.2271],[73.2349,17.2271],[73.2349,17.2276],[73.2346,17.2276],[73.2346,17.2282],[73.2343,17.2282],[73.2343,17.2296],[73.234,17.2296],[73.234,17.2304],[73.2337,17.2304],[73.2337,17.231],[73.2335,17.231],[73.2335,17.2313],[73.2332,17.2313],[73.2332,17.2318],[73.2329,17.2318],[73.2329,17.2321],[73.2326,17.2321],[73.2326,17.2324],[73.2324,17.2324],[73.2324,17.2326],[73.2321,17.2326],[73.2321,17.2332],[73.2318,17.2332],[73.2318,17.2351],[73.2321,17.2351],[73.2321,17.2357],[73.2324,17.2357],[73.2324,17.236],[73.2326,17.236],[73.2326,17.2362],[73.2332,17.2362],[73.2332,17.2365],[73.2335,17.2365],[73.2335,17.2368],[73.2337,17.2368],[73.2337,17.2374],[73.234,17.2374],[73.234,17.2379],[73.2343,17.2379],[73.2343,17.2385],[73.2335,17.2385],[73.2335,17.239],[73.2332,17.239],[73.2332,17.2396],[73.2329,17.2396],[73.2329,17.2401],[73.2326,17.2401],[73.2326,17.2404],[73.2324,17.2404],[73.2324,17.241],[73.2321,17.241],[73.2321,17.2415],[73.2318,17.2415],[73.2318,17.2421],[73.2315,17.2421],[73.2315,17.246],[73.2312,17.246],[73.2312,17.2463],[73.231,17.2463],[73.231,17.2468],[73.2307,17.2468],[73.2307,17.2471],[73.2301,17.2471],[73.2301,17.2463],[73.2282,17.2463],[73.2282,17.2465],[73.2265,17.2465],[73.2265,17.2468],[73.2254,17.2468],[73.2254,17.2471],[73.224,17.2471],[73.224,17.2474],[73.2235,17.2474],[73.2235,17.2476],[73.2232,17.2476],[73.2232,17.2485],[73.2235,17.2485],[73.2235,17.2488],[73.2237,17.2488],[73.2237,17.249],[73.224,17.249],[73.224,17.2493],[73.2249,17.2493],[73.2249,17.2496],[73.226,17.2496],[73.226,17.2493],[73.2271,17.2493],[73.2271,17.2496],[73.2274,17.2496],[73.2274,17.2501],[73.2276,17.2501],[73.2276,17.2504],[73.2285,17.2504],[73.2285,17.251],[73.2288,17.251],[73.2288,17.2515],[73.2279,17.2515],[73.2279,17.2521],[73.2276,17.2521],[73.2276,17.2526],[73.2274,17.2526],[73.2274,17.2532],[73.2271,17.2532],[73.2271,17.2537],[73.2268,17.2537],[73.2268,17.2557],[73.2262,17.2557],[73.2262,17.256],[73.226,17.256],[73.226,17.2563],[73.2246,17.2563],[73.2246,17.256],[73.224,17.256],[73.224,17.2557],[73.2237,17.2557],[73.2237,17.2554],[73.2235,17.2554],[73.2235,17.2551],[73.2221,17.2551],[73.2221,17.2554],[73.2218,17.2554],[73.2218,17.2557],[73.2215,17.2557],[73.2215,17.256],[73.2218,17.256],[73.2218,17.2562],[73.2218,17.2568],[73.2221,17.2568],[73.2221,17.2579],[73.2218,17.2579],[73.2218,17.2585],[73.2215,17.2585],[73.2215,17.2588],[73.2213,17.2588],[73.2213,17.2593],[73.221,17.2593],[73.221,17.2604],[73.2207,17.2604],[73.2207,17.261],[73.221,17.261],[73.221,17.2612],[73.2218,17.2612],[73.2218,17.2618],[73.2221,17.2618],[73.2221,17.2624],[73.2224,17.2624],[73.2224,17.2626],[73.2229,17.2626],[73.2229,17.2629],[73.2232,17.2629],[73.2232,17.2646],[73.2229,17.2646],[73.2229,17.266],[73.2235,17.266],[73.2235,17.2665],[73.2226,17.2665],[73.2226,17.2663],[73.2224,17.2663],[73.2224,17.2665],[73.2221,17.2665],[73.2221,17.2668],[73.2218,17.2668],[73.2218,17.2671],[73.2215,17.2671],[73.2215,17.2674],[73.2213,17.2674],[73.2213,17.2676],[73.221,17.2676],[73.221,17.2679],[73.2207,17.2679],[73.2207,17.2682],[73.2204,17.2682],[73.2204,17.2685],[73.2207,17.2685],[73.2207,17.2687],[73.221,17.2687],[73.221,17.2693],[73.2207,17.2693],[73.2207,17.2701],[73.219,17.2701],[73.219,17.2699],[73.2188,17.2699],[73.2188,17.2696],[73.2174,17.2696],[73.2174,17.2699],[73.2171,17.2699],[73.2171,17.2704],[73.2168,17.2704],[73.2168,17.271],[73.2171,17.271],[73.2171,17.2715],[73.2168,17.2715],[73.2168,17.2718],[73.2165,17.2718],[73.2165,17.2721],[73.216,17.2721],[73.216,17.2724],[73.2157,17.2724],[73.2157,17.2726],[73.2154,17.2726],[73.2154,17.2729],[73.2151,17.2729],[73.2151,17.2735],[73.2149,17.2735],[73.2149,17.274],[73.2146,17.274],[73.2146,17.2746],[73.2121,17.2746],[73.2121,17.2751],[73.2118,17.2751],[73.2118,17.2757],[73.2113,17.2757],[73.2113,17.2751],[73.211,17.2751],[73.211,17.2732],[73.2107,17.2732],[73.2107,17.2724],[73.2104,17.2724],[73.2104,17.2718],[73.2101,17.2718],[73.2101,17.2715],[73.2104,17.2715],[73.2104,17.2712],[73.2101,17.2712],[73.2101,17.2704],[73.2093,17.2704],[73.2093,17.2701],[73.209,17.2701],[73.209,17.2696],[73.2079,17.2696],[73.2079,17.2693],[73.2074,17.2693],[73.2074,17.269],[73.2065,17.269],[73.2065,17.2687],[73.2063,17.2687],[73.2063,17.2685],[73.2046,17.2685],[73.2046,17.2687],[73.2043,17.2687],[73.2043,17.269],[73.204,17.269],[73.204,17.2693],[73.2038,17.2693],[73.2038,17.2699],[73.2035,17.2699],[73.2035,17.2707],[73.2032,17.2707],[73.2032,17.2712],[73.2029,17.2712],[73.2029,17.2732],[73.2026,17.2732],[73.2026,17.2743],[73.2024,17.2743],[73.2024,17.2765],[73.2021,17.2765],[73.2021,17.2774],[73.2018,17.2774],[73.2018,17.2787],[73.2015,17.2787],[73.2015,17.2793],[73.2012,17.2793],[73.2012,17.2801],[73.201,17.2801],[73.201,17.2807],[73.2007,17.2807],[73.2007,17.2818],[73.2004,17.2818],[73.2004,17.2829],[73.2007,17.2829],[73.2007,17.2835],[73.201,17.2835],[73.201,17.284],[73.2012,17.284],[73.2012,17.2843],[73.2024,17.2843],[73.2024,17.2846],[73.2026,17.2846],[73.2026,17.2849],[73.2029,17.2849],[73.2029,17.2854],[73.2032,17.2854],[73.2032,17.2857],[73.2029,17.2857],[73.2029,17.2868],[73.2026,17.2868],[73.2026,17.2874],[73.2024,17.2874],[73.2024,17.2882],[73.2021,17.2882],[73.2021,17.2885],[73.2012,17.2885],[73.2012,17.2882],[73.2001,17.2882],[73.2001,17.2885],[73.1996,17.2885],[73.1996,17.2887],[73.199,17.2887],[73.199,17.289],[73.1988,17.289],[73.1988,17.2893],[73.1985,17.2893],[73.1985,17.2896],[73.1982,17.2896],[73.1982,17.2899],[73.1979,17.2899],[73.1979,17.2901],[73.1976,17.2901],[73.1976,17.2907],[73.1974,17.2907],[73.1974,17.2926],[73.1971,17.2926],[73.1971,17.2929],[73.1968,17.2929],[73.1968,17.2932],[73.196,17.2932],[73.196,17.2935],[73.1954,17.2935],[73.1954,17.2938],[73.1951,17.2938],[73.1951,17.294],[73.1948,17.294],[73.1948,17.2951],[73.1946,17.2951],[73.1946,17.2957],[73.1943,17.2957],[73.1943,17.2962],[73.1924,17.2962],[73.1924,17.2965],[73.1918,17.2965],[73.1918,17.2968],[73.1915,17.2968],[73.1915,17.2971],[73.1907,17.2971],[73.1907,17.2974],[73.1899,17.2974],[73.1899,17.2976],[73.1896,17.2976],[73.1896,17.2979],[73.1893,17.2979],[73.1893,17.299],[73.1896,17.299],[73.1896,17.2996],[73.1901,17.2996],[73.1901,17.2999],[73.191,17.2999],[73.191,17.3001],[73.1912,17.3001],[73.1912,17.3004],[73.1915,17.3004],[73.1915,17.301],[73.1918,17.301],[73.1918,17.3013],[73.1912,17.3013],[73.1912,17.3018],[73.191,17.3018],[73.191,17.3043],[73.1912,17.3043],[73.1912,17.3046],[73.1915,17.3046],[73.1915,17.3049],[73.1943,17.3049],[73.1943,17.3051],[73.1948,17.3051],[73.1948,17.3054],[73.1951,17.3054],[73.1951,17.3057],[73.1954,17.3057],[73.1954,17.3062],[73.1957,17.3062],[73.1957,17.3068],[73.1968,17.3068],[73.1968,17.3065],[73.1971,17.3065],[73.1971,17.3062],[73.1974,17.3062],[73.1974,17.306],[73.1976,17.306],[73.1976,17.3057],[73.1982,17.3057],[73.1982,17.3054],[73.1985,17.3054],[73.1985,17.3051],[73.1988,17.3051],[73.1988,17.3049],[73.1993,17.3049],[73.1993,17.3046],[73.1996,17.3046],[73.1996,17.3043],[73.1999,17.3043],[73.1999,17.3021],[73.2007,17.3021],[73.2007,17.3015],[73.2015,17.3015],[73.2015,17.3013],[73.2017,17.3013],[73.2018,17.301],[73.2024,17.301],[73.2024,17.3007],[73.2026,17.3007],[73.2026,17.3004],[73.2029,17.3004],[73.2029,17.3001],[73.2032,17.3001],[73.2032,17.2993],[73.2035,17.2993],[73.2035,17.299],[73.204,17.299],[73.204,17.2993],[73.2043,17.2993],[73.2043,17.299],[73.2049,17.299],[73.2049,17.2987],[73.2057,17.2987],[73.2057,17.2993],[73.206,17.2993],[73.206,17.2996],[73.2068,17.2996],[73.2068,17.2999],[73.2074,17.2999],[73.2074,17.3001],[73.2076,17.3001],[73.2076,17.3004],[73.2079,17.3004],[73.2079,17.3007],[73.2082,17.3007],[73.2082,17.301],[73.2085,17.301],[73.2085,17.3013],[73.2087,17.3013],[73.2087,17.3021],[73.209,17.3021],[73.209,17.3029],[73.2093,17.3029],[73.2093,17.3032],[73.2096,17.3032],[73.2096,17.3035],[73.2099,17.3035],[73.2099,17.3038],[73.2101,17.3037],[73.2101,17.3037],[73.2102,17.304],[73.2104,17.304],[73.2104,17.3043],[73.211,17.3043],[73.211,17.304],[73.2115,17.304],[73.2115,17.3035],[73.2118,17.3035],[73.2118,17.3032],[73.2135,17.3032],[73.2135,17.3029],[73.2143,17.3029],[73.2143,17.3026],[73.2154,17.3026],[73.2154,17.3024],[73.2168,17.3024],[73.2168,17.3026],[73.2174,17.3026],[73.2174,17.3029],[73.2176,17.3029],[73.2176,17.3032],[73.2179,17.3032],[73.2179,17.3029],[73.2188,17.3029],[73.2188,17.3026],[73.2196,17.3026],[73.2196,17.3024],[73.221,17.3024],[73.221,17.3029],[73.2221,17.3029],[73.2221,17.3026],[73.2224,17.3026],[73.2224,17.3024],[73.2226,17.3024],[73.2226,17.3018],[73.2229,17.3018],[73.2229,17.3015],[73.2235,17.3015],[73.2235,17.3013],[73.2237,17.3013],[73.2237,17.301],[73.224,17.301],[73.224,17.3008],[73.224,17.3007],[73.2243,17.3007],[73.2243,17.2996],[73.224,17.2996],[73.224,17.2993],[73.2237,17.2993],[73.2237,17.2987],[73.2235,17.2987],[73.2235,17.2982],[73.2232,17.2982],[73.2232,17.2976],[73.2229,17.2976],[73.2229,17.2962],[73.2226,17.2962],[73.2226,17.2957],[73.2224,17.2957],[73.2224,17.2954],[73.2218,17.2954],[73.2218,17.2949],[73.2221,17.2949],[73.2221,17.2946],[73.2224,17.2946],[73.2224,17.2943],[73.2226,17.2943],[73.2226,17.294],[73.2229,17.294],[73.2229,17.2938],[73.2232,17.2938],[73.2232,17.2935],[73.2235,17.2935],[73.2235,17.2932],[73.2237,17.2932],[73.2237,17.2929],[73.224,17.2929],[73.224,17.2921],[73.2237,17.2921],[73.2237,17.2918],[73.2232,17.2918],[73.2232,17.2915],[73.2237,17.2915],[73.2237,17.2913],[73.2243,17.2913],[73.2243,17.291],[73.224,17.291],[73.224,17.2907],[73.2243,17.2907],[73.2243,17.2887],[73.224,17.2887],[73.224,17.2863],[73.2243,17.2863],[73.2243,17.2857],[73.2246,17.2857],[73.2246,17.2854],[73.2249,17.2854],[73.2249,17.2846],[73.2246,17.2846],[73.2246,17.284],[73.2249,17.284],[73.2249,17.2835],[73.2251,17.2835],[73.2251,17.2832],[73.2254,17.2832],[73.2254,17.2826],[73.2257,17.2826],[73.2257,17.2821],[73.226,17.2821],[73.226,17.2815],[73.2276,17.2815],[73.2276,17.2818],[73.2282,17.2818],[73.2282,17.2826],[73.2288,17.2826],[73.2288,17.2829],[73.2293,17.2829],[73.2293,17.2832],[73.2299,17.2832],[73.2299,17.2835],[73.2301,17.2835],[73.2301,17.284],[73.2304,17.284],[73.2304,17.2843],[73.2307,17.2843],[73.2307,17.2849],[73.231,17.2849],[73.231,17.2854],[73.2315,17.2854],[73.2315,17.2857],[73.2318,17.2857],[73.2318,17.286],[73.2324,17.286],[73.2324,17.2863],[73.2346,17.2863],[73.2346,17.2868],[73.2349,17.2868],[73.2349,17.2876],[73.2351,17.2876],[73.2351,17.2885],[73.2354,17.2885],[73.2354,17.2893],[73.2357,17.2893],[73.2357,17.2899],[73.236,17.2899],[73.236,17.2907],[73.2363,17.2907],[73.2363,17.2915],[73.2365,17.2915],[73.2365,17.2921],[73.2368,17.2921],[73.2368,17.2926],[73.236,17.2926],[73.2351,17.2926],[73.2351,17.2932],[73.2349,17.2932],[73.2349,17.2935],[73.2351,17.2935],[73.2351,17.2943],[73.2354,17.2943],[73.2354,17.2946],[73.2356,17.2946],[73.2357,17.2946],[73.2357,17.2949],[73.236,17.2949],[73.236,17.2951],[73.2365,17.2951],[73.2365,17.2954],[73.2371,17.2954],[73.2371,17.2957],[73.2368,17.2957],[73.2368,17.2962],[73.2371,17.2962],[73.2371,17.2971],[73.2374,17.2971],[73.2374,17.2976],[73.2376,17.2976],[73.2376,17.2979],[73.2379,17.2979],[73.2379,17.2982],[73.2382,17.2982],[73.2382,17.2987],[73.2385,17.2987],[73.2385,17.2993],[73.2387,17.2993],[73.2387,17.2999],[73.239,17.2999],[73.239,17.3007],[73.2393,17.3007],[73.2393,17.301],[73.2396,17.301],[73.2396,17.3015],[73.2399,17.3015],[73.2399,17.3024],[73.2396,17.3024],[73.2396,17.3032],[73.2393,17.3032],[73.2393,17.3049],[73.2399,17.3049],[73.2399,17.3051],[73.2401,17.3051],[73.2401,17.3057],[73.2404,17.3057],[73.2404,17.306],[73.2407,17.306],[73.2407,17.3062],[73.241,17.3062],[73.241,17.3065],[73.2424,17.3065],[73.2424,17.3068],[73.244,17.3068],[73.244,17.3074],[73.2435,17.3074],[73.2435,17.3076],[73.2432,17.3076],[73.2432,17.3079],[73.2426,17.3079],[73.2426,17.3074],[73.2424,17.3074],[73.2424,17.3076],[73.2421,17.3076],[73.2421,17.3079],[73.2418,17.3079],[73.2418,17.3088],[73.2415,17.3088],[73.2415,17.309],[73.2418,17.309],[73.2418,17.3099],[73.2421,17.3099],[73.2421,17.3113],[73.2424,17.3113],[73.2424,17.3124],[73.2421,17.3124],[73.2421,17.3126],[73.2418,17.3126],[73.2418,17.3132],[73.2415,17.3132],[73.2415,17.3151],[73.2418,17.3151],[73.2418,17.316],[73.2415,17.316],[73.2415,17.3165],[73.2421,17.3165],[73.2421,17.3179],[73.2424,17.3179],[73.2424,17.3185],[73.2426,17.3185],[73.2426,17.3188],[73.2418,17.3188],[73.2418,17.3185],[73.2415,17.3185],[73.2415,17.3179],[73.2412,17.3179],[73.2412,17.3176],[73.241,17.3176],[73.241,17.3174],[73.2393,17.3174],[73.2393,17.3176],[73.239,17.3176],[73.239,17.3179],[73.2385,17.3179],[73.2385,17.3182],[73.2382,17.3182],[73.2382,17.3185],[73.2374,17.3185],[73.2374,17.3188],[73.2343,17.3188],[73.2343,17.319],[73.2337,17.319],[73.2337,17.3193],[73.2321,17.3193],[73.2321,17.319],[73.2293,17.319],[73.2293,17.3193],[73.229,17.3193],[73.229,17.3196],[73.2288,17.3196],[73.2288,17.3204],[73.2282,17.3204],[73.2282,17.3207],[73.2279,17.3207],[73.2279,17.321],[73.2276,17.321],[73.2276,17.3224],[73.2274,17.3224],[73.2274,17.3226],[73.2268,17.3226],[73.2268,17.3229],[73.2265,17.3229],[73.2265,17.3232],[73.2262,17.3232],[73.2262,17.3235],[73.2257,17.3235],[73.2257,17.3237],[73.2254,17.3237],[73.2254,17.324],[73.2252,17.324],[73.2252,17.3243],[73.2246,17.3243],[73.2246,17.3246],[73.2243,17.3246],[73.2243,17.3249],[73.2237,17.3249],[73.2237,17.3251],[73.2235,17.3251],[73.2235,17.3254],[73.2229,17.3254],[73.2229,17.3257],[73.2224,17.3257],[73.2224,17.326],[73.2221,17.326],[73.2221,17.3263],[73.2215,17.3263],[73.2215,17.3265],[73.2213,17.3265],[73.2213,17.3268],[73.2207,17.3268],[73.2207,17.3271],[73.2204,17.3271],[73.2204,17.3274],[73.2201,17.3274],[73.2201,17.3279],[73.2199,17.3279],[73.2199,17.3288],[73.2196,17.3288],[73.2196,17.329],[73.219,17.329],[73.219,17.3293],[73.2188,17.3293],[73.2188,17.331],[73.219,17.331],[73.219,17.3315],[73.2193,17.3315],[73.2193,17.3321],[73.2196,17.3321],[73.2196,17.3324],[73.2199,17.3324],[73.2199,17.3326],[73.2201,17.3326],[73.2201,17.3329],[73.2204,17.3329],[73.2204,17.3332],[73.2213,17.3332],[73.2213,17.3335],[73.2224,17.3335],[73.2224,17.3337],[73.2232,17.3337],[73.2232,17.3335],[73.2265,17.3335],[73.2265,17.3337],[73.2268,17.3337],[73.2268,17.3343],[73.226,17.3343],[73.226,17.3346],[73.2257,17.3346],[73.2257,17.3349],[73.2254,17.3349],[73.2254,17.3368],[73.2251,17.3368],[73.2251,17.3374],[73.2257,17.3374],[73.2257,17.3376],[73.2252,17.3376],[73.2252,17.3379],[73.2246,17.3379],[73.2246,17.3382],[73.2232,17.3382],[73.2232,17.3385],[73.2226,17.3385],[73.2226,17.3388],[73.2224,17.3388],[73.2224,17.339],[73.2221,17.339],[73.2221,17.3393],[73.2218,17.3393],[73.2218,17.3396],[73.2213,17.3396],[73.2213,17.3399],[73.221,17.3399],[73.221,17.3401],[73.2207,17.3401],[73.2207,17.3404],[73.2204,17.3404],[73.2204,17.341],[73.2201,17.341],[73.2201,17.3412],[73.2199,17.3412],[73.2199,17.3418],[73.2196,17.3418],[73.2196,17.3421],[73.2193,17.3421],[73.2193,17.3426],[73.2188,17.3426],[73.2188,17.3429],[73.2179,17.3429],[73.2179,17.3432],[73.2174,17.3432],[73.2174,17.3435],[73.2168,17.3435],[73.2168,17.3438],[73.2165,17.3438],[73.2165,17.344],[73.2162,17.344],[73.2162,17.3443],[73.216,17.3443],[73.216,17.3446],[73.2157,17.3446],[73.2157,17.3449],[73.2154,17.3449],[73.2154,17.3451],[73.2149,17.3451],[73.2149,17.3457],[73.2146,17.3457],[73.2146,17.3468],[73.2143,17.3468],[73.2143,17.3482],[73.2146,17.3482],[73.2146,17.349],[73.2149,17.349],[73.2149,17.3493],[73.2151,17.3493],[73.2151,17.3496],[73.2154,17.3496],[73.2154,17.3499],[73.2162,17.3499],[73.2162,17.3501],[73.2165,17.3501],[73.2165,17.3507],[73.2168,17.3507],[73.2168,17.351],[73.2174,17.351],[73.2174,17.3512],[73.2188,17.3512],[73.2188,17.3518],[73.219,17.3518],[73.219,17.3524],[73.2196,17.3524],[73.2196,17.3526],[73.2199,17.3526],[73.2199,17.3529],[73.2201,17.3529],[73.2201,17.3543],[73.2199,17.3543],[73.2199,17.3565],[73.2196,17.3565],[73.2196,17.3568],[73.2193,17.3568],[73.2193,17.3571],[73.219,17.3571],[73.219,17.3574],[73.2182,17.3574],[73.2182,17.3576],[73.2162,17.3576],[73.2162,17.3582],[73.216,17.3582],[73.216,17.3593],[73.2162,17.3593],[73.2162,17.3596],[73.216,17.3596],[73.216,17.3601],[73.2157,17.3601],[73.2157,17.3604],[73.2154,17.3604],[73.2154,17.3607],[73.2151,17.3607],[73.2151,17.3612],[73.2149,17.3612],[73.2149,17.3615],[73.2146,17.3615],[73.2146,17.3618],[73.2143,17.3618],[73.2143,17.3621],[73.214,17.3621],[73.214,17.3629],[73.2138,17.3629],[73.2138,17.3638],[73.214,17.3638],[73.214,17.3643],[73.2143,17.3643],[73.2143,17.3646],[73.2146,17.3646],[73.2146,17.3651],[73.2149,17.3651],[73.2149,17.3657],[73.2151,17.3657],[73.2151,17.3663],[73.2154,17.3663],[73.2154,17.3668],[73.2157,17.3668],[73.2157,17.3674],[73.216,17.3674],[73.216,17.3679],[73.2162,17.3679],[73.2162,17.3685],[73.2165,17.3685],[73.2165,17.369],[73.2168,17.369],[73.2168,17.3696],[73.2165,17.3696],[73.2165,17.3701],[73.2162,17.3701],[73.2162,17.371],[73.2149,17.371],[73.2149,17.3707],[73.2146,17.3707],[73.2146,17.3704],[73.2138,17.3704],[73.2138,17.3707],[73.2096,17.3707],[73.2096,17.371],[73.2093,17.371],[73.2093,17.3713],[73.209,17.3713],[73.209,17.3715],[73.2087,17.3715],[73.2087,17.3724],[73.209,17.3724],[73.209,17.3729],[73.2093,17.3729],[73.2093,17.3738],[73.2096,17.3737],[73.2096,17.3749],[73.2099,17.3749],[73.2099,17.3754],[73.2101,17.3754],[73.2101,17.376],[73.2104,17.376],[73.2104,17.3774],[73.2102,17.3774],[73.2102,17.3779],[73.2099,17.3779],[73.2099,17.3787],[73.2096,17.3787],[73.2096,17.3796],[73.2093,17.3796],[73.2093,17.3801],[73.209,17.3801],[73.209,17.3804],[73.2087,17.3804],[73.2087,17.3818],[73.2085,17.3818],[73.2085,17.3821],[73.2082,17.3821],[73.2082,17.3824],[73.2079,17.3824],[73.2079,17.3829],[73.2076,17.3829],[73.2076,17.3835],[73.2074,17.3835],[73.2074,17.3838],[73.2071,17.3838],[73.2071,17.3843],[73.2065,17.3843],[73.2065,17.3846],[73.2063,17.3846],[73.2063,17.3851],[73.2054,17.3851],[73.2054,17.3849],[73.2051,17.3849],[73.2051,17.3846],[73.2043,17.3846],[73.2043,17.3843],[73.203,17.3843],[73.2024,17.3843],[73.2024,17.3846],[73.2021,17.3846],[73.2021,17.3849],[73.2018,17.3849],[73.2018,17.3851],[73.2015,17.3851],[73.2015,17.3857],[73.2012,17.3857],[73.2012,17.386],[73.201,17.386],[73.201,17.3874],[73.1999,17.3874],[73.1999,17.3876],[73.1996,17.3876],[73.1996,17.3879],[73.199,17.3879],[73.199,17.3876],[73.1974,17.3876],[73.1974,17.3874],[73.1971,17.3874],[73.1971,17.3871],[73.1974,17.3871],[73.1974,17.3865],[73.1976,17.3865],[73.1976,17.3862],[73.1963,17.3862],[73.1963,17.3865],[73.196,17.3865],[73.196,17.3868],[73.1957,17.3868],[73.1957,17.3871],[73.1954,17.3871],[73.1954,17.3874],[73.1948,17.3874],[73.1948,17.3879],[73.1946,17.3879],[73.1946,17.3882],[73.1929,17.3882],[73.1929,17.3885],[73.1926,17.3885],[73.1926,17.3888],[73.191,17.3888],[73.191,17.3885],[73.1904,17.3885],[73.1904,17.3876],[73.1901,17.3876],[73.1901,17.3873],[73.1901,17.3871],[73.1904,17.3871],[73.1904,17.3862],[73.1907,17.3862],[73.1907,17.3849],[73.1904,17.3849],[73.1904,17.3846],[73.1901,17.3846],[73.1901,17.3843],[73.1896,17.3843],[73.1896,17.3849],[73.1893,17.3849],[73.1893,17.3851],[73.1888,17.3851],[73.1888,17.3854],[73.1876,17.3854],[73.1876,17.3851],[73.1854,17.3851],[73.1854,17.3846],[73.1851,17.3846],[73.1851,17.3849],[73.1837,17.3849],[73.1837,17.3851],[73.1835,17.3851],[73.1835,17.3857],[73.1829,17.3857],[73.1829,17.386],[73.1824,17.386],[73.1824,17.3862],[73.1815,17.3862],[73.1815,17.3868],[73.1813,17.3868],[73.1813,17.3871],[73.1796,17.3871],[73.1796,17.3868],[73.179,17.3868],[73.179,17.3871],[73.1771,17.3871],[73.1771,17.3874],[73.1765,17.3874],[73.1765,17.3879],[73.1762,17.3879],[73.1762,17.3885],[73.176,17.3885],[73.176,17.3893],[73.1757,17.3893],[73.1757,17.3899],[73.1749,17.3899],[73.1749,17.3901],[73.1746,17.3901],[73.1746,17.3907],[73.1743,17.3907],[73.1743,17.3915],[73.174,17.3915],[73.174,17.3924],[73.1738,17.3924],[73.1738,17.3943],[73.1735,17.3943],[73.1735,17.3954],[73.1732,17.3954],[73.1732,17.3957],[73.1729,17.3957],[73.1729,17.3962],[73.1726,17.3962],[73.1726,17.3965],[73.1721,17.3965],[73.1721,17.3971],[73.1718,17.3971],[73.1718,17.3974],[73.1715,17.3974],[73.1715,17.3976],[73.1712,17.3976],[73.1712,17.3979],[73.171,17.3979],[73.171,17.3982],[73.1707,17.3982],[73.1707,17.399],[73.1704,17.399],[73.1704,17.3996],[73.1701,17.3996],[73.1701,17.3999],[73.1699,17.3999],[73.1699,17.4004],[73.1696,17.4004],[73.1696,17.4007],[73.1693,17.4007],[73.1693,17.401],[73.169,17.401],[73.169,17.4015],[73.1687,17.4015],[73.1687,17.4018],[73.1685,17.4018],[73.1685,17.4024],[73.1682,17.4024],[73.1682,17.4029],[73.1679,17.4029],[73.1679,17.4032],[73.1676,17.4032],[73.1676,17.4043],[73.1674,17.4043],[73.1674,17.4051],[73.1671,17.4051],[73.1671,17.406],[73.1674,17.406],[73.1674,17.4068],[73.1676,17.4068],[73.1676,17.4071],[73.1679,17.4071],[73.1679,17.4074],[73.1685,17.4074],[73.1685,17.4076],[73.1701,17.4076],[73.1701,17.4074],[73.1704,17.4074],[73.1704,17.4076],[73.1707,17.4076],[73.1707,17.4074],[73.1724,17.4074],[73.1724,17.4068],[73.1726,17.4068],[73.1726,17.4065],[73.1732,17.4065],[73.1732,17.4068],[73.1735,17.4068],[73.1735,17.4071],[73.1746,17.4071],[73.1746,17.4079],[73.1751,17.4079],[73.1751,17.4076],[73.1754,17.4076],[73.1754,17.4068],[73.1751,17.4068],[73.1751,17.4065],[73.1768,17.4065],[73.1768,17.4068],[73.1787,17.4068],[73.1787,17.4074],[73.1785,17.4074],[73.1785,17.4082],[73.1782,17.4082],[73.1782,17.4088],[73.1785,17.4088],[73.1785,17.4093],[73.1787,17.4093],[73.1787,17.4099],[73.1785,17.4099],[73.1785,17.4104],[73.179,17.4104],[73.179,17.411],[73.1793,17.411],[73.1793,17.4113],[73.1796,17.4113],[73.1796,17.4115],[73.1798,17.4115],[73.1798,17.4118],[73.1801,17.4118],[73.1801,17.4121],[73.181,17.4121],[73.181,17.4124],[73.1829,17.4124],[73.1829,17.4126],[73.1832,17.4126],[73.1832,17.4124],[73.1835,17.4124],[73.1835,17.4121],[73.1843,17.4121],[73.1843,17.4137],[73.1846,17.4137],[73.1846,17.4143],[73.1865,17.4143],[73.1865,17.4146],[73.1871,17.4146],[73.1871,17.4154],[73.1865,17.4154],[73.1865,17.4157],[73.1862,17.4157],[73.1862,17.4163],[73.1857,17.4163],[73.1857,17.4165],[73.1851,17.4165],[73.1851,17.4168],[73.1849,17.4168],[73.1849,17.4174],[73.1851,17.4174],[73.1851,17.4182],[73.1854,17.4182],[73.1854,17.4188],[73.1857,17.4188],[73.1857,17.419],[73.1854,17.419],[73.1854,17.4193],[73.1857,17.4193],[73.1857,17.4199],[73.186,17.4199],[73.186,17.4207],[73.1857,17.4207],[73.1857,17.4212],[73.1854,17.4212],[73.1854,17.4229],[73.1851,17.4229],[73.1851,17.4232],[73.1857,17.4232],[73.1857,17.4237],[73.186,17.4237],[73.186,17.4232],[73.1862,17.4232],[73.1862,17.4229],[73.1868,17.4229],[73.1868,17.4232],[73.1871,17.4232],[73.1871,17.4243],[73.1868,17.4243],[73.1868,17.4249],[73.1865,17.4249],[73.1865,17.4257],[73.1868,17.4257],[73.1868,17.4265],[73.1871,17.4265],[73.1871,17.429],[73.1868,17.429],[73.1868,17.4307],[73.1871,17.4307],[73.1871,17.431],[73.1876,17.431],[73.1876,17.4312],[73.1879,17.4312],[73.1879,17.4315],[73.1882,17.4315],[73.1882,17.4318],[73.1893,17.4318],[73.1893,17.4321],[73.1899,17.4321],[73.1899,17.4324],[73.1904,17.4324],[73.1904,17.4326],[73.1921,17.4326],[73.1921,17.4324],[73.1924,17.4324],[73.1924,17.4321],[73.1929,17.4321],[73.1929,17.4324],[73.1932,17.4324],[73.1932,17.4329],[73.1935,17.4329],[73.1935,17.4338],[73.1937,17.4338],[73.1937,17.434],[73.194,17.434],[73.194,17.4343],[73.1943,17.4343],[73.1943,17.4351],[73.1946,17.4351],[73.1946,17.4354],[73.1954,17.4354],[73.1954,17.4357],[73.1957,17.4357],[73.1957,17.4363],[73.196,17.4363],[73.196,17.4365],[73.1963,17.4365],[73.1963,17.4371],[73.1965,17.4371],[73.1965,17.4374],[73.1974,17.4374],[73.1974,17.4376],[73.1985,17.4376],[73.1985,17.4379],[73.1996,17.4379],[73.1996,17.4382],[73.1999,17.4382],[73.1999,17.4385],[73.2004,17.4385],[73.2004,17.4382],[73.2007,17.4382],[73.2007,17.4379],[73.2018,17.4379],[73.2018,17.4382],[73.2024,17.4382],[73.2024,17.4385],[73.204,17.4385],[73.204,17.4388],[73.2049,17.4388],[73.2049,17.4385],[73.2057,17.4385],[73.2057,17.439],[73.2043,17.439],[73.2043,17.4393],[73.2015,17.4393],[73.2015,17.4396],[73.2007,17.4396],[73.2007,17.4399],[73.1999,17.4399],[73.1999,17.4401],[73.199,17.4401],[73.199,17.4404],[73.1988,17.4404],[73.1988,17.441],[73.1985,17.441],[73.1985,17.4412],[73.1979,17.4412],[73.1979,17.4415],[73.1976,17.4415],[73.1976,17.4418],[73.1968,17.4418],[73.1968,17.4421],[73.1954,17.4421],[73.1954,17.4418],[73.1951,17.4418],[73.1951,17.4424],[73.1935,17.4424],[73.1935,17.4426],[73.1921,17.4426],[73.1921,17.4424],[73.1918,17.4424],[73.1918,17.4418],[73.1915,17.4418],[73.1915,17.4415],[73.1904,17.4415],[73.1904,17.4412],[73.1882,17.4412],[73.1882,17.4415],[73.1868,17.4415],[73.1868,17.4418],[73.186,17.4418],[73.186,17.4424],[73.1857,17.4424],[73.1857,17.4426],[73.186,17.4426],[73.186,17.4429],[73.1862,17.4429],[73.1862,17.4432],[73.186,17.4432],[73.186,17.4438],[73.1857,17.4438],[73.1857,17.4443],[73.186,17.4443],[73.186,17.4449],[73.1862,17.4449],[73.1862,17.4457],[73.186,17.4457],[73.186,17.4485],[73.1862,17.4485],[73.1862,17.4493],[73.186,17.4493],[73.186,17.4504],[73.1862,17.4504],[73.1862,17.4513],[73.1865,17.4513],[73.1865,17.4518],[73.1862,17.4518],[73.1862,17.4521],[73.186,17.4521],[73.186,17.4524],[73.1857,17.4524],[73.1857,17.4526],[73.1854,17.4526],[73.1854,17.4529],[73.1851,17.4529],[73.1851,17.4532],[73.1846,17.4532],[73.1846,17.4535],[73.1843,17.4535],[73.1843,17.454],[73.1846,17.454],[73.1846,17.4546],[73.1843,17.4546],[73.1843,17.4549],[73.184,17.4549],[73.184,17.4557],[73.1843,17.4557],[73.1843,17.4562],[73.1846,17.4562],[73.1846,17.4571],[73.1849,17.4571],[73.1849,17.4574],[73.1851,17.4574],[73.1851,17.4576],[73.1854,17.4576],[73.1854,17.4579],[73.186,17.4579],[73.186,17.4582],[73.1862,17.4582],[73.1862,17.4585],[73.1865,17.4585],[73.1865,17.4587],[73.1868,17.4587],[73.1868,17.459],[73.1871,17.459],[73.1871,17.4593],[73.1876,17.4593],[73.1876,17.4596],[73.1882,17.4596],[73.1882,17.4599],[73.1885,17.4599],[73.1885,17.4601],[73.1893,17.4601],[73.1893,17.4604],[73.1899,17.4604],[73.1899,17.461],[73.1901,17.461],[73.1901,17.4613],[73.1904,17.4613],[73.1904,17.4615],[73.1907,17.4615],[73.1907,17.4618],[73.191,17.4618],[73.191,17.4621],[73.1912,17.4621],[73.1912,17.4624],[73.1915,17.4624],[73.1915,17.4629],[73.1921,17.4629],[73.1921,17.4635],[73.1926,17.4635],[73.1926,17.4654],[73.1937,17.4654],[73.1937,17.466],[73.1935,17.466],[73.1935,17.4674],[73.1937,17.4674],[73.1937,17.4685],[73.1935,17.4685],[73.1935,17.469],[73.1932,17.469],[73.1932,17.4701],[73.1929,17.4701],[73.1929,17.4707],[73.1926,17.4707],[73.1926,17.4721],[73.1924,17.4721],[73.1924,17.4724],[73.1921,17.4724],[73.1921,17.4726],[73.1918,17.4726],[73.1918,17.4729],[73.1913,17.4729],[73.1913,17.4732],[73.191,17.4732],[73.191,17.4738],[73.1907,17.4738],[73.1907,17.4754],[73.1904,17.4754],[73.1904,17.4757],[73.1901,17.4757],[73.1901,17.476],[73.1899,17.476],[73.1899,17.4763],[73.1896,17.4762],[73.1896,17.4771],[73.1893,17.4771],[73.1893,17.4779],[73.189,17.4779],[73.189,17.4785],[73.1888,17.4785],[73.1888,17.479],[73.1885,17.479],[73.1885,17.4793],[73.1888,17.4793],[73.1888,17.4796],[73.189,17.4796],[73.189,17.481],[73.1888,17.481],[73.1888,17.4815],[73.1885,17.4815],[73.1885,17.4818],[73.1882,17.4818],[73.1882,17.4824],[73.1879,17.4824],[73.1879,17.4829],[73.1876,17.4829],[73.1876,17.4835],[73.1874,17.4835],[73.1874,17.484],[73.1871,17.484],[73.1871,17.4849],[73.1868,17.4849],[73.1868,17.4854],[73.1865,17.4854],[73.1865,17.486],[73.1862,17.486],[73.1862,17.4868],[73.186,17.4868],[73.186,17.4874],[73.1857,17.4874],[73.1857,17.4879],[73.1854,17.4879],[73.1854,17.4885],[73.1849,17.4885],[73.1849,17.4896],[73.1846,17.4896],[73.1846,17.4901],[73.1849,17.4901],[73.1849,17.4907],[73.1851,17.4907],[73.1851,17.4913],[73.1849,17.4913],[73.1849,17.4918],[73.1846,17.4918],[73.1846,17.4921],[73.1843,17.4921],[73.1843,17.4949],[73.1835,17.4949],[73.1835,17.4951],[73.1832,17.4951],[73.1832,17.4957],[73.1829,17.4957],[73.1829,17.496],[73.1835,17.496],[73.1835,17.4963],[73.1832,17.4963],[73.1832,17.4968],[73.1829,17.4968],[73.1829,17.4979],[73.1826,17.4979],[73.1826,17.4988],[73.1824,17.4988],[73.1824,17.5004],[73.1815,17.5004],[73.1815,17.5013],[73.1818,17.5012],[73.1818,17.5021],[73.1813,17.5021],[73.1813,17.5024],[73.1815,17.5024],[73.1815,17.5029],[73.1818,17.5029],[73.1818,17.5032],[73.1832,17.5032],[73.1832,17.5035],[73.1835,17.5035],[73.1835,17.5037],[73.1837,17.5037],[73.1837,17.504],[73.184,17.504],[73.184,17.5057],[73.1835,17.5057],[73.1835,17.5051],[73.1832,17.5051],[73.1832,17.5046],[73.1829,17.5046],[73.1829,17.504],[73.1824,17.504],[73.1824,17.5043],[73.1818,17.5043],[73.1818,17.5046],[73.1815,17.5046],[73.1815,17.5076],[73.1813,17.5076],[73.1813,17.5079],[73.181,17.5079],[73.181,17.5082],[73.1807,17.5082],[73.1807,17.5085],[73.1801,17.5085],[73.1801,17.5099],[73.1798,17.5099],[73.1798,17.5104],[73.1796,17.5104],[73.1796,17.5107],[73.179,17.5107],[73.179,17.5104],[73.1779,17.5104],[73.1779,17.5107],[73.1776,17.5107],[73.1776,17.511],[73.1774,17.511],[73.1774,17.5118],[73.1771,17.5118],[73.1771,17.5124],[73.1768,17.5124],[73.1768,17.5132],[73.1765,17.5132],[73.1765,17.5135],[73.1762,17.5135],[73.1762,17.5146],[73.1757,17.5146],[73.1757,17.5149],[73.1754,17.5149],[73.1754,17.5151],[73.1757,17.5151],[73.1757,17.5165],[73.1754,17.5165],[73.1754,17.5174],[73.1749,17.5174],[73.1749,17.5176],[73.1746,17.5176],[73.1746,17.5179],[73.174,17.5179],[73.174,17.5182],[73.1738,17.5182],[73.1738,17.5185],[73.1735,17.5185],[73.1735,17.5188],[73.1724,17.5188],[73.1724,17.5185],[73.1721,17.5185],[73.1721,17.5182],[73.1715,17.5182],[73.1715,17.5185],[73.171,17.5185],[73.171,17.5188],[73.1704,17.5188],[73.1704,17.5193],[73.1701,17.5193],[73.1701,17.5196],[73.1699,17.5196],[73.1699,17.5199],[73.1696,17.5199],[73.1696,17.5204],[73.1693,17.5204],[73.1693,17.5212],[73.1687,17.5212],[73.1687,17.5215],[73.1685,17.5215],[73.1685,17.5218],[73.1682,17.5218],[73.1682,17.5229],[73.1679,17.5229],[73.1679,17.5238],[73.1676,17.5238],[73.1676,17.524],[73.1674,17.524],[73.1674,17.5243],[73.1671,17.5243],[73.1671,17.5246],[73.1668,17.5246],[73.1668,17.5251],[73.1665,17.5251],[73.1665,17.526],[73.166,17.526],[73.166,17.5263],[73.1657,17.5263],[73.1657,17.5265],[73.1651,17.5265],[73.1651,17.5268],[73.1649,17.5268],[73.1649,17.5271],[73.1643,17.5271],[73.1643,17.5274],[73.164,17.5274],[73.164,17.5276],[73.1637,17.5276],[73.1637,17.5279],[73.1635,17.5279],[73.1635,17.5282],[73.1632,17.5282],[73.1632,17.5285],[73.1629,17.5285],[73.1629,17.5287],[73.1626,17.5287],[73.1626,17.5293],[73.1624,17.5293],[73.1624,17.5299],[73.1621,17.5299],[73.1621,17.5301],[73.161,17.5301],[73.161,17.5299],[73.1607,17.5299],[73.1607,17.5296],[73.1601,17.5296],[73.1601,17.5293],[73.1596,17.5293],[73.1596,17.529],[73.159,17.529],[73.159,17.5287],[73.1582,17.5287],[73.1582,17.5285],[73.1576,17.5285],[73.1576,17.5282],[73.1557,17.5282],[73.1557,17.5285],[73.1554,17.5285],[73.1554,17.5287],[73.1551,17.5287],[73.1551,17.529],[73.1546,17.529],[73.1546,17.5293],[73.1543,17.5293],[73.1543,17.5299],[73.154,17.5299],[73.154,17.5313],[73.1537,17.5313],[73.1537,17.5315],[73.1535,17.5315],[73.1535,17.5332],[73.1537,17.5332],[73.1537,17.5343],[73.1532,17.5343],[73.1532,17.534],[73.1526,17.534],[73.1526,17.5338],[73.1518,17.5338],[73.1518,17.5346],[73.1515,17.5346],[73.1515,17.5351],[73.1518,17.5351],[73.1518,17.536],[73.1521,17.536],[73.1521,17.5362],[73.1532,17.5362],[73.1532,17.5365],[73.1529,17.5365],[73.1529,17.5374],[73.1532,17.5374],[73.1532,17.5382],[73.1521,17.5382],[73.1521,17.5385],[73.1515,17.5385],[73.1515,17.5387],[73.1513,17.5387],[73.1513,17.539],[73.1504,17.539],[73.1504,17.5387],[73.1499,17.5387],[73.1499,17.5385],[73.1493,17.5385],[73.1493,17.5387],[73.149,17.5387],[73.149,17.539],[73.1488,17.539],[73.1488,17.5396],[73.1482,17.5396],[73.1482,17.5399],[73.1476,17.5399],[73.1476,17.5404],[73.1474,17.5404],[73.1474,17.5407],[73.1471,17.5407],[73.1471,17.5413],[73.1468,17.5413],[73.1468,17.541],[73.1465,17.541],[73.1465,17.5413],[73.1462,17.5413],[73.1462,17.5415],[73.146,17.5415],[73.146,17.5418],[73.1457,17.5418],[73.1457,17.5421],[73.1454,17.5421],[73.1454,17.5424],[73.1449,17.5424],[73.1449,17.5426],[73.1446,17.5426],[73.1446,17.5429],[73.1443,17.5429],[73.1443,17.5432],[73.144,17.5432],[73.144,17.5438],[73.1437,17.5438],[73.1437,17.544],[73.1435,17.544],[73.1435,17.5443],[73.1429,17.5443],[73.1429,17.5446],[73.1426,17.5446],[73.1426,17.5449],[73.1424,17.5449],[73.1424,17.5451],[73.1421,17.5451],[73.1421,17.546],[73.1418,17.546],[73.1418,17.5482],[73.1415,17.5482],[73.1415,17.5488],[73.1413,17.5488],[73.1413,17.5493],[73.141,17.5493],[73.141,17.5496],[73.1407,17.5496],[73.1407,17.5499],[73.1404,17.5499],[73.1404,17.5501],[73.1401,17.5501],[73.1401,17.5504],[73.1399,17.5504],[73.1399,17.5507],[73.1396,17.5507],[73.1396,17.551],[73.1393,17.551],[73.1393,17.5513],[73.139,17.5513],[73.139,17.5518],[73.1387,17.5518],[73.1387,17.554],[73.1387,17.5543],[73.1385,17.5543],[73.1385,17.5546],[73.1382,17.5546],[73.1382,17.5551],[73.1379,17.5551],[73.1379,17.5554],[73.1376,17.5554],[73.1376,17.5557],[73.1374,17.5557],[73.1374,17.556],[73.1371,17.556],[73.1371,17.5574],[73.1374,17.5574],[73.1374,17.5582],[73.1376,17.5582],[73.1376,17.5599],[73.1379,17.5599],[73.1379,17.5604],[73.1382,17.5604],[73.1382,17.5607],[73.1385,17.5607],[73.1385,17.5618],[73.1387,17.5618],[73.1387,17.5624],[73.139,17.5624],[73.139,17.5626],[73.1393,17.5626],[73.1393,17.5629],[73.1399,17.5629],[73.1399,17.5679],[73.1401,17.5679],[73.1401,17.5682],[73.1404,17.5682],[73.1404,17.5685],[73.1413,17.5685],[73.1413,17.5688],[73.1418,17.5688],[73.1418,17.569],[73.1426,17.569],[73.1426,17.5693],[73.1429,17.5693],[73.1429,17.5699],[73.1432,17.5699],[73.1432,17.5701],[73.1435,17.5701],[73.1435,17.5704],[73.1438,17.5704],[73.1438,17.5707],[73.1443,17.5707],[73.1443,17.571],[73.1449,17.571],[73.1449,17.5707],[73.1454,17.5707],[73.1454,17.571],[73.146,17.571],[73.146,17.5713],[73.1462,17.5713],[73.1462,17.5715],[73.1465,17.5715],[73.1465,17.5718],[73.1468,17.5718],[73.1468,17.5721],[73.1482,17.5721],[73.1482,17.5724],[73.1485,17.5724],[73.1485,17.5726],[73.1488,17.5726],[73.1488,17.5729],[73.1493,17.5729],[73.1493,17.5732],[73.1496,17.5732],[73.1496,17.5735],[73.1515,17.5735],[73.1515,17.5737],[73.1524,17.5737],[73.1524,17.5735],[73.1526,17.5735],[73.1526,17.5732],[73.1529,17.5732],[73.1529,17.5729],[73.1535,17.5729],[73.1535,17.5726],[73.1537,17.5726],[73.1537,17.5723],[73.154,17.5724],[73.154,17.5718],[73.1543,17.5718],[73.1543,17.5713],[73.1546,17.5713],[73.1546,17.571],[73.1546,17.5707],[73.1549,17.5707],[73.1549,17.5704],[73.1551,17.5704],[73.1551,17.5701],[73.1554,17.5701],[73.1554,17.5699],[73.1557,17.5699],[73.1557,17.5685],[73.1551,17.5685],[73.1551,17.5682],[73.1554,17.5682],[73.1554,17.5676],[73.1557,17.5676],[73.1557,17.5671],[73.156,17.5671],[73.156,17.5668],[73.1571,17.5668],[73.1571,17.5671],[73.1574,17.5671],[73.1574,17.5674],[73.1576,17.5674],[73.1576,17.5676],[73.1599,17.5676],[73.1599,17.5679],[73.1601,17.5679],[73.1601,17.5682],[73.161,17.5682],[73.161,17.5685],[73.1632,17.5685],[73.1632,17.5701],[73.163,17.5701],[73.1629,17.5701],[73.1629,17.5704],[73.1626,17.5704],[73.1626,17.5707],[73.1624,17.5707],[73.1624,17.571],[73.1621,17.571],[73.1621,17.5713],[73.1618,17.5713],[73.1618,17.5724],[73.1621,17.5724],[73.1621,17.5743],[73.1624,17.5743],[73.1624,17.5751],[73.1621,17.5751],[73.1621,17.5754],[73.1624,17.5754],[73.1624,17.5757],[73.1626,17.5757],[73.1626,17.5763],[73.1629,17.5763],[73.1629,17.5765],[73.1632,17.5765],[73.1632,17.5768],[73.1637,17.5768],[73.1637,17.5771],[73.1663,17.5771],[73.1663,17.5774],[73.1665,17.5774],[73.1665,17.5779],[73.1668,17.5779],[73.1668,17.5788],[73.1671,17.5788],[73.1671,17.5793],[73.1674,17.5793],[73.1674,17.5801],[73.1676,17.5801],[73.1676,17.5807],[73.1679,17.5807],[73.1679,17.5815],[73.1682,17.5815],[73.1682,17.5821],[73.1685,17.5821],[73.1685,17.5824],[73.1674,17.5824],[73.1674,17.5829],[73.1671,17.5829],[73.1671,17.5835],[73.1668,17.5835],[73.1668,17.5837],[73.1663,17.5837],[73.1663,17.584],[73.166,17.584],[73.166,17.5843],[73.1657,17.5843],[73.1657,17.5849],[73.1654,17.5849],[73.1654,17.5851],[73.1651,17.5851],[73.1651,17.5857],[73.1649,17.5857],[73.1649,17.5868],[73.1643,17.5868],[73.1643,17.5876],[73.1637,17.5876],[73.1637,17.5879],[73.1635,17.5879],[73.1635,17.589],[73.1629,17.589],[73.1629,17.5893],[73.1626,17.5893],[73.1627,17.5901],[73.1621,17.5901],[73.1621,17.5903],[73.1621,17.5912],[73.1612,17.5912],[73.1612,17.5915],[73.1604,17.5915],[73.1604,17.5918],[73.1596,17.5918],[73.1596,17.5921],[73.1585,17.5921],[73.1585,17.5918],[73.1573,17.5918],[73.1565,17.5918],[73.1565,17.5921],[73.1554,17.5921],[73.1554,17.5924],[73.1551,17.5924],[73.1551,17.5926],[73.1549,17.5926],[73.1549,17.5929],[73.1546,17.5929],[73.1546,17.5932],[73.154,17.5932],[73.154,17.5938],[73.1537,17.5938],[73.1537,17.594],[73.1535,17.594],[73.1535,17.5943],[73.1524,17.5943],[73.1524,17.5951],[73.1521,17.5951],[73.1521,17.5957],[73.1521,17.596],[73.1524,17.596],[73.1524,17.5968],[73.1526,17.5968],[73.1526,17.5974],[73.1529,17.5974],[73.1529,17.5985],[73.1513,17.5985],[73.1513,17.5982],[73.1499,17.5982],[73.1499,17.5979],[73.1496,17.5979],[73.149,17.5979],[73.149,17.5982],[73.1482,17.5982],[73.1482,17.5985],[73.1479,17.5985],[73.1479,17.5988],[73.1474,17.5988],[73.1474,17.599],[73.1471,17.599],[73.1471,17.5996],[73.1468,17.5996],[73.1468,17.6001],[73.146,17.6001],[73.146,17.6004],[73.1454,17.6004],[73.1454,17.6007],[73.1449,17.6007],[73.1449,17.601],[73.1446,17.601],[73.1446,17.6012],[73.1443,17.6012],[73.1443,17.6015],[73.144,17.6015],[73.144,17.6018],[73.1437,17.6018],[73.1437,17.6029],[73.1435,17.6029],[73.1435,17.6032],[73.1432,17.6032],[73.1432,17.6038],[73.1429,17.6038],[73.1429,17.604],[73.1424,17.604],[73.1424,17.6046],[73.1421,17.6046],[73.1421,17.6051],[73.1415,17.6051],[73.1415,17.6057],[73.1413,17.6057],[73.1413,17.606],[73.1407,17.606],[73.1407,17.6065],[73.1404,17.6065],[73.1404,17.6074],[73.1401,17.6074],[73.1401,17.6079],[73.1399,17.6079],[73.1399,17.6087],[73.1396,17.6087],[73.1396,17.609],[73.1393,17.609],[73.1393,17.6093],[73.139,17.6093],[73.139,17.6096],[73.1385,17.6096],[73.1385,17.6101],[73.1382,17.6101],[73.1382,17.6104],[73.1379,17.6104],[73.1379,17.611],[73.1374,17.611],[73.1374,17.6118],[73.1371,17.6118],[73.1371,17.6124],[73.1368,17.6124],[73.1368,17.6129],[73.1365,17.6129],[73.1365,17.6135],[73.1363,17.6135],[73.1363,17.6138],[73.136,17.6138],[73.136,17.6143],[73.1357,17.6143],[73.1357,17.6146],[73.136,17.6146],[73.136,17.6149],[73.1357,17.6149],[73.1357,17.6162],[73.1354,17.6162],[73.1354,17.6171],[73.1351,17.6171],[73.1351,17.6185],[73.1349,17.6185],[73.1349,17.6207],[73.1346,17.6207],[73.1346,17.621],[73.1343,17.621],[73.1343,17.6218],[73.134,17.6218],[73.134,17.6243],[73.1338,17.6243],[73.1338,17.6254],[73.1335,17.6254],[73.1335,17.6274],[73.1332,17.6274],[73.1332,17.6282],[73.1329,17.6282],[73.1329,17.6288],[73.1326,17.6288],[73.1326,17.629],[73.1324,17.629],[73.1324,17.6296],[73.1318,17.6296],[73.1318,17.6299],[73.1315,17.6299],[73.1315,17.6307],[73.1312,17.6307],[73.1312,17.633],[73.1312,17.6332],[73.131,17.6332],[73.131,17.6336],[73.131,17.6338],[73.1307,17.6338],[73.1307,17.6342],[73.1307,17.6343],[73.1304,17.6343],[73.1304,17.6348],[73.1304,17.6349],[73.1301,17.6349],[73.1301,17.6351],[73.1293,17.6351],[73.1293,17.6354],[73.129,17.6354],[73.129,17.6357],[73.1285,17.6357],[73.1285,17.636],[73.1279,17.636],[73.1279,17.6362],[73.1276,17.6362],[73.1276,17.6365],[73.1274,17.6365],[73.1274,17.6371],[73.1271,17.6371],[73.1271,17.6376],[73.1274,17.6376],[73.1274,17.6388],[73.1276,17.6388],[73.1276,17.639],[73.1279,17.639],[73.1279,17.6393],[73.1282,17.6393],[73.1282,17.6399],[73.1279,17.6399],[73.1279,17.6407],[73.1282,17.6407],[73.1282,17.6413],[73.1285,17.6413],[73.1285,17.6415],[73.129,17.6415],[73.129,17.6418],[73.1293,17.6418],[73.1293,17.6421],[73.1296,17.6421],[73.1296,17.6424],[73.1299,17.6424],[73.1299,17.6426],[73.1301,17.6426],[73.1301,17.6432],[73.1304,17.6432],[73.1304,17.6435],[73.1307,17.6435],[73.1307,17.6438],[73.1315,17.6438],[73.1315,17.644],[73.1321,17.644],[73.1321,17.6443],[73.1335,17.6443],[73.1335,17.644],[73.134,17.644],[73.134,17.6438],[73.1349,17.6438],[73.1349,17.644],[73.1351,17.644],[73.1351,17.6443],[73.1357,17.6443],[73.1357,17.6446],[73.1354,17.6446],[73.1354,17.6449],[73.1351,17.6449],[73.1351,17.6451],[73.1349,17.6451],[73.1349,17.6482],[73.1346,17.6482],[73.1346,17.649],[73.1343,17.649],[73.1343,17.6504],[73.134,17.6504],[73.134,17.651],[73.1338,17.651],[73.1338,17.6513],[73.1335,17.6513],[73.1335,17.6532],[73.1332,17.6532],[73.1332,17.6538],[73.1329,17.6538],[73.1329,17.654],[73.1326,17.654],[73.1326,17.6546],[73.1324,17.6546],[73.1324,17.6549],[73.1321,17.6549],[73.1321,17.6554],[73.1318,17.6554],[73.1318,17.6557],[73.1315,17.6557],[73.1315,17.656],[73.1312,17.656],[73.1312,17.6568],[73.1304,17.6568],[73.1304,17.6571],[73.1301,17.6571],[73.1301,17.6576],[73.1299,17.6576],[73.1299,17.6582],[73.1296,17.6582],[73.1296,17.6585],[73.128,17.6585],[73.1271,17.6585],[73.1271,17.6588],[73.1265,17.6588],[73.1265,17.6593],[73.1263,17.6593],[73.1263,17.6604],[73.1265,17.6604],[73.1265,17.6615],[73.1263,17.6615],[73.1263,17.6618],[73.126,17.6618],[73.126,17.6624],[73.1251,17.6624],[73.1251,17.6632],[73.1254,17.6632],[73.1254,17.6643],[73.124,17.6643],[73.124,17.6646],[73.1229,17.6646],[73.1229,17.6649],[73.1221,17.6649],[73.1221,17.6651],[73.1218,17.6651],[73.1218,17.666],[73.1215,17.666],[73.1215,17.6665],[73.1212,17.6665],[73.1212,17.6674],[73.121,17.6674],[73.121,17.6679],[73.1207,17.6679],[73.1207,17.6682],[73.121,17.6682],[73.121,17.6688],[73.1212,17.6688],[73.1212,17.6707],[73.1207,17.6707],[73.1207,17.671],[73.1199,17.671],[73.1199,17.6712],[73.1193,17.6712],[73.1193,17.6715],[73.119,17.6715],[73.119,17.6718],[73.1188,17.6718],[73.1188,17.6724],[73.1185,17.6724],[73.1185,17.6735],[73.1182,17.6735],[73.1182,17.6746],[73.1179,17.6746],[73.1179,17.6757],[73.1176,17.6757],[73.1176,17.6765],[73.1179,17.6765],[73.1179,17.6776],[73.1176,17.6776],[73.1176,17.6785],[73.1165,17.6785],[73.1165,17.6788],[73.116,17.6788],[73.116,17.6793],[73.1157,17.6793],[73.1157,17.6799],[73.1154,17.6799],[73.1154,17.6812],[73.1151,17.6812],[73.1151,17.6832],[73.1154,17.6832],[73.1154,17.6838],[73.1146,17.6838],[73.1146,17.6846],[73.1143,17.6846],[73.1143,17.6857],[73.1146,17.6857],[73.1146,17.6863],[73.1149,17.6863],[73.1149,17.6865],[73.1146,17.6865],[73.1146,17.6876],[73.1143,17.6876],[73.1143,17.6888],[73.114,17.6888],[73.114,17.6893],[73.1137,17.6893],[73.1137,17.691],[73.114,17.691],[73.114,17.6915],[73.1143,17.6915],[73.1143,17.6924],[73.1146,17.6924],[73.1146,17.694],[73.114,17.694],[73.114,17.6943],[73.1143,17.6943],[73.1143,17.6949],[73.1146,17.6949],[73.1146,17.6954],[73.1149,17.6954],[73.1149,17.6957],[73.1151,17.6957],[73.1151,17.696],[73.1154,17.696],[73.1154,17.6963],[73.1157,17.6963],[73.1157,17.6965],[73.116,17.6965],[73.116,17.6968],[73.1162,17.6968],[73.1162,17.6971],[73.1165,17.6971],[73.1165,17.6976],[73.1168,17.6976],[73.1168,17.6979],[73.1171,17.6979],[73.1171,17.6982],[73.1174,17.6982],[73.1174,17.6987],[73.119,17.6987],[73.119,17.6993],[73.1199,17.6993],[73.1199,17.699],[73.121,17.699],[73.121,17.6993],[73.1212,17.6993],[73.1212,17.7001],[73.1215,17.7001],[73.1215,17.7004],[73.1229,17.7004],[73.1229,17.7001],[73.1232,17.7001],[73.1232,17.7004],[73.1237,17.7004],[73.1237,17.7001],[73.1246,17.7001],[73.1246,17.7004],[73.1249,17.7004],[73.1249,17.7009],[73.1249,17.701],[73.125,17.701],[73.1251,17.701],[73.1251,17.7013],[73.1249,17.7013],[73.1249,17.7018],[73.1251,17.7018],[73.1251,17.7021],[73.126,17.7021],[73.126,17.7024],[73.1268,17.7024],[73.1271,17.7024],[73.1271,17.7028],[73.1271,17.7032],[73.1273,17.7032],[73.1274,17.7032],[73.1274,17.704],[73.1276,17.704],[73.1276,17.7046],[73.1279,17.7046],[73.1279,17.7051],[73.1285,17.7052],[73.1285,17.7054],[73.1286,17.7054],[73.1288,17.7054],[73.1288,17.7057],[73.1293,17.7057],[73.1293,17.706],[73.1299,17.706],[73.1299,17.7063],[73.1304,17.7063],[73.1304,17.7065],[73.1318,17.7065],[73.1318,17.7063],[73.1329,17.7063],[73.1329,17.7065],[73.1332,17.7065],[73.1332,17.7068],[73.1335,17.7068],[73.1335,17.7071],[73.1338,17.7071],[73.1338,17.7074],[73.1346,17.7074],[73.1346,17.7079],[73.1349,17.7079],[73.1349,17.7076],[73.1357,17.7076],[73.1357,17.7079],[73.1351,17.7079],[73.1351,17.7082],[73.1349,17.7082],[73.1349,17.7087],[73.1346,17.7087],[73.1346,17.7093],[73.1349,17.7093],[73.1349,17.7099],[73.1351,17.7099],[73.1351,17.7115],[73.1354,17.7115],[73.1354,17.7118],[73.1351,17.7118],[73.1351,17.7129],[73.1349,17.7129],[73.1349,17.7132],[73.1346,17.7132],[73.1346,17.7149],[73.1349,17.7149],[73.1349,17.7157],[73.1351,17.7157],[73.1351,17.7162],[73.1349,17.7162],[73.1349,17.7165],[73.1346,17.7165],[73.1346,17.7168],[73.1343,17.7168],[73.1343,17.7176],[73.134,17.7176],[73.134,17.7179],[73.1338,17.7179],[73.1338,17.7187],[73.1335,17.7187],[73.1335,17.7213],[73.1332,17.7213],[73.1332,17.7218],[73.1329,17.7218],[73.1329,17.7224],[73.1326,17.7224],[73.1326,17.7232],[73.1324,17.7232],[73.1324,17.7235],[73.1326,17.7235],[73.1326,17.724],[73.1329,17.724],[73.1329,17.7243],[73.1324,17.7243],[73.1324,17.7246],[73.1321,17.7246],[73.1321,17.7251],[73.1318,17.7251],[73.1318,17.7262],[73.1315,17.7262],[73.1315,17.7268],[73.1318,17.7268],[73.1318,17.7271],[73.1312,17.7271],[73.1312,17.7279],[73.1315,17.7279],[73.1315,17.7282],[73.1312,17.7282],[73.1312,17.7288],[73.131,17.7288],[73.131,17.7293],[73.1307,17.7293],[73.1307,17.7296],[73.1304,17.7296],[73.1304,17.7299],[73.1299,17.7299],[73.1299,17.7301],[73.129,17.7301],[73.129,17.731],[73.1287,17.731],[73.1287,17.7318],[73.1285,17.7318],[73.1285,17.7326],[73.1282,17.7326],[73.1282,17.7332],[73.1279,17.7332],[73.1279,17.7365],[73.1282,17.7365],[73.1282,17.7374],[73.1285,17.7374],[73.1285,17.7379],[73.1282,17.7379],[73.1282,17.7382],[73.1279,17.7382],[73.1279,17.7385],[73.1282,17.7385],[73.1282,17.7388],[73.1285,17.7388],[73.1285,17.739],[73.1282,17.739],[73.1282,17.7396],[73.1279,17.7396],[73.1279,17.7401],[73.1276,17.7401],[73.1276,17.7407],[73.1271,17.7407],[73.1271,17.741],[73.1257,17.741],[73.1257,17.7413],[73.1254,17.7413],[73.1254,17.7415],[73.1249,17.7415],[73.1249,17.7426],[73.1254,17.7426],[73.1254,17.7429],[73.1257,17.7429],[73.1257,17.7432],[73.1254,17.7432],[73.1254,17.7435],[73.1251,17.7435],[73.1251,17.7446],[73.1249,17.7446],[73.1249,17.7457],[73.1246,17.7457],[73.1246,17.746],[73.1243,17.746],[73.1243,17.7465],[73.124,17.7465],[73.124,17.7471],[73.1237,17.7471],[73.1237,17.7479],[73.1235,17.7479],[73.1235,17.7513],[73.1237,17.7513],[73.1237,17.7518],[73.124,17.7518],[73.124,17.7526],[73.1237,17.7526],[73.1237,17.7529],[73.1235,17.7529],[73.1235,17.7532],[73.1232,17.7532],[73.1232,17.7535],[73.1229,17.7535],[73.1229,17.7537],[73.1226,17.7537],[73.1226,17.7543],[73.1224,17.7543],[73.1224,17.7549],[73.1221,17.7549],[73.1221,17.7551],[73.1218,17.7551],[73.1218,17.7554],[73.1215,17.7554],[73.1215,17.7563],[73.1212,17.7563],[73.1212,17.7565],[73.121,17.7565],[73.121,17.7571],[73.1207,17.7571],[73.1207,17.7574],[73.1204,17.7574],[73.1204,17.7576],[73.1201,17.7576],[73.1201,17.7582],[73.1199,17.7582],[73.1199,17.7588],[73.1196,17.7588],[73.1196,17.7593],[73.1193,17.7593],[73.1193,17.7595],[73.1193,17.761],[73.119,17.761],[73.119,17.7612],[73.1193,17.7612],[73.1193,17.7618],[73.119,17.7618],[73.119,17.7621],[73.1188,17.7621],[73.1188,17.7629],[73.1185,17.7629],[73.1185,17.7657],[73.1182,17.7657],[73.1182,17.766],[73.1176,17.766],[73.1176,17.7665],[73.1174,17.7665],[73.1174,17.7671],[73.1172,17.7671],[73.1171,17.7671],[73.1171,17.7676],[73.1171,17.7676],[73.1168,17.7676],[73.1168,17.7679],[73.1165,17.7679],[73.1165,17.7685],[73.1162,17.7685],[73.1162,17.7688],[73.1165,17.7687],[73.1165,17.7696],[73.1162,17.7696],[73.1162,17.7699],[73.1157,17.7699],[73.1157,17.7704],[73.1151,17.7704],[73.1151,17.7712],[73.1149,17.7712],[73.1149,17.7729],[73.1146,17.7729],[73.1146,17.7732],[73.1143,17.7732],[73.1143,17.7735],[73.114,17.7735],[73.114,17.774],[73.1138,17.774],[73.1138,17.7754],[73.1135,17.7754],[73.1135,17.776],[73.1132,17.776],[73.1132,17.7765],[73.1129,17.7765],[73.1129,17.7771],[73.1132,17.7771],[73.1132,17.7782],[73.1129,17.7782],[73.1129,17.7796],[73.1126,17.7796],[73.1126,17.78],[73.1126,17.7801],[73.1125,17.7801],[73.1124,17.7801],[73.1124,17.7803],[73.1124,17.781],[73.1121,17.781],[73.1121,17.7815],[73.1118,17.7815],[73.1118,17.7829],[73.1115,17.7829],[73.1115,17.7843],[73.1113,17.7843],[73.1113,17.7854],[73.111,17.7854],[73.111,17.7863],[73.1107,17.7862],[73.1107,17.7871],[73.1104,17.7871],[73.1104,17.7876],[73.1101,17.7876],[73.1101,17.7879],[73.1099,17.7879],[73.1099,17.7882],[73.1096,17.7882],[73.1096,17.7885],[73.1099,17.7885],[73.1099,17.789],[73.1101,17.789],[73.1101,17.7887],[73.1104,17.7887],[73.1104,17.7885],[73.111,17.7885],[73.111,17.7879],[73.1113,17.7879],[73.1113,17.7876],[73.1107,17.7876],[73.1107,17.7874],[73.111,17.7874],[73.111,17.7871],[73.1113,17.7871],[73.1113,17.7868],[73.1124,17.7868],[73.1124,17.7874],[73.1121,17.7874],[73.1121,17.7882],[73.1118,17.7882],[73.1118,17.789],[73.1121,17.789],[73.1121,17.7896],[73.1113,17.7896],[73.1113,17.7899],[73.111,17.7899],[73.111,17.7901],[73.109,17.7901],[73.109,17.7904],[73.1085,17.7904],[73.1085,17.7907],[73.1082,17.7907],[73.1082,17.791],[73.1079,17.791],[73.1079,17.7913],[73.1076,17.7913],[73.1076,17.7918],[73.1074,17.7918],[73.1074,17.7921],[73.1071,17.7921],[73.1071,17.7926],[73.1068,17.7926],[73.1068,17.7932],[73.1065,17.7932],[73.1065,17.7935],[73.1062,17.7935],[73.1062,17.7938],[73.106,17.7938],[73.106,17.7949],[73.1057,17.7949],[73.1057,17.7951],[73.1051,17.7951],[73.1051,17.7954],[73.1049,17.7954],[73.1049,17.796],[73.1051,17.796],[73.1051,17.7965],[73.1049,17.7965],[73.1049,17.7971],[73.1046,17.7971],[73.1046,17.7976],[73.1043,17.7976],[73.1043,17.7982],[73.104,17.7982],[73.104,17.7985],[73.1035,17.7985],[73.1035,17.7999],[73.1038,17.7999],[73.1038,17.8004],[73.1035,17.8004],[73.1035,17.801],[73.1032,17.801],[73.1032,17.8029],[73.1026,17.8029],[73.1026,17.8032],[73.1024,17.8032],[73.1024,17.8035],[73.1018,17.8035],[73.1018,17.8038],[73.1012,17.8038],[73.1012,17.8032],[73.1007,17.8032],[73.1007,17.8035],[73.1004,17.8035],[73.1004,17.8049],[73.1007,17.8049],[73.1007,17.8057],[73.1004,17.8057],[73.1004,17.806],[73.1001,17.806],[73.1001,17.8062],[73.0999,17.8062],[73.0999,17.8065],[73.0996,17.8065],[73.0996,17.8068],[73.0993,17.8068],[73.0993,17.8071],[73.0987,17.8071],[73.0987,17.8074],[73.0985,17.8074],[73.0985,17.8079],[73.0963,17.8079],[73.0963,17.8088],[73.0965,17.8088],[73.0965,17.8101],[73.0963,17.8101],[73.0963,17.8104],[73.096,17.8104],[73.096,17.8107],[73.0957,17.8107],[73.0957,17.811],[73.0949,17.811],[73.0949,17.8113],[73.0943,17.8113],[73.0943,17.8115],[73.0918,17.8115],[73.0918,17.8118],[73.0904,17.8118],[73.0904,17.8115],[73.0901,17.8115],[73.0901,17.811],[73.0899,17.811],[73.0899,17.8104],[73.0896,17.8104],[73.0896,17.8099],[73.0893,17.8099],[73.0893,17.8093],[73.0896,17.8093],[73.0896,17.809],[73.0899,17.809],[73.0899,17.8085],[73.0896,17.8085],[73.0896,17.8082],[73.0893,17.8082],[73.0893,17.8079],[73.0888,17.8079],[73.0888,17.8082],[73.0885,17.8082],[73.0885,17.8093],[73.0888,17.8093],[73.0888,17.8107],[73.089,17.8107],[73.089,17.8118],[73.0888,17.8118],[73.0888,17.8124],[73.089,17.8124],[73.089,17.8129],[73.0892,17.8129],[73.0896,17.8129],[73.0896,17.8132],[73.0899,17.8132],[73.0899,17.8129],[73.0907,17.8129],[73.0907,17.8132],[73.091,17.8132],[73.091,17.814],[73.0907,17.814],[73.0907,17.8143],[73.0904,17.8143],[73.0904,17.8146],[73.0901,17.8146],[73.0901,17.8149],[73.0893,17.8149],[73.0893,17.8157],[73.089,17.8157],[73.089,17.816],[73.0893,17.816],[73.0893,17.8163],[73.0896,17.8163],[73.0896,17.8165],[73.0901,17.8165],[73.0901,17.8168],[73.0926,17.8168],[73.0926,17.8171],[73.0932,17.8171],[73.0932,17.8174],[73.0935,17.8174],[73.0935,17.8182],[73.0932,17.8182],[73.0932,17.8188],[73.0929,17.8188],[73.0929,17.8196],[73.0932,17.8196],[73.0932,17.8201],[73.0938,17.8201],[73.0938,17.8204],[73.094,17.8204],[73.094,17.8207],[73.0946,17.8207],[73.0946,17.821],[73.0949,17.821],[73.0949,17.8215],[73.0946,17.8215],[73.0946,17.8218],[73.0943,17.8218],[73.0943,17.8221],[73.0946,17.8221],[73.0946,17.8226],[73.0943,17.8226],[73.0943,17.8229],[73.0946,17.8229],[73.0946,17.8237],[73.0949,17.8237],[73.0949,17.824],[73.0946,17.824],[73.0946,17.8251],[73.0943,17.8251],[73.0943,17.8262],[73.094,17.8262],[73.094,17.8271],[73.0938,17.8271],[73.0938,17.8276],[73.0935,17.8276],[73.0935,17.8282],[73.0932,17.8282],[73.0932,17.8288],[73.0929,17.8288],[73.0929,17.8293],[73.0926,17.8293],[73.0926,17.8296],[73.0924,17.8296],[73.0924,17.8301],[73.0921,17.8301],[73.0921,17.831],[73.0924,17.831],[73.0924,17.8312],[73.0921,17.8312],[73.0921,17.8318],[73.0918,17.8318],[73.0918,17.8324],[73.0915,17.8324],[73.0915,17.8332],[73.0904,17.8332],[73.0904,17.8337],[73.0901,17.8337],[73.0901,17.8343],[73.0894,17.8343],[73.0888,17.8343],[73.0888,17.8351],[73.0888,17.8354],[73.0896,17.8354],[73.0896,17.8357],[73.0893,17.8357],[73.0893,17.836],[73.089,17.836],[73.089,17.8363],[73.0888,17.8363],[73.0888,17.8365],[73.0885,17.8365],[73.0885,17.8368],[73.0882,17.8368],[73.0882,17.8371],[73.0881,17.8371],[73.0879,17.8371],[73.0879,17.8374],[73.0876,17.8374],[73.0876,17.8382],[73.0874,17.8382],[73.0874,17.8388],[73.0876,17.8388],[73.0876,17.839],[73.0882,17.839],[73.0882,17.8396],[73.0882,17.8401],[73.0885,17.8401],[73.0885,17.8407],[73.0888,17.8407],[73.0888,17.841],[73.089,17.841],[73.089,17.8412],[73.0893,17.8412],[73.0893,17.8415],[73.0899,17.8415],[73.0899,17.8412],[73.0907,17.8412],[73.0907,17.8415],[73.0926,17.8415],[73.0926,17.8418],[73.0938,17.8418],[73.0938,17.8415],[73.0949,17.8415],[73.0949,17.841],[73.096,17.841],[73.096,17.8412],[73.0965,17.8412],[73.0965,17.8415],[73.0971,17.8415],[73.0971,17.8412],[73.0974,17.8412],[73.0974,17.841],[73.0987,17.841],[73.0987,17.8407],[73.0993,17.8407],[73.0993,17.8404],[73.101,17.8404],[73.101,17.8401],[73.1029,17.8401],[73.1029,17.8399],[73.1035,17.8399],[73.1035,17.8396],[73.1038,17.8396],[73.1038,17.839],[73.1051,17.839],[73.1051,17.8388],[73.1057,17.8388],[73.1057,17.8385],[73.106,17.8385],[73.106,17.8379],[73.1068,17.8379],[73.1068,17.8376],[73.1071,17.8376],[73.1071,17.8374],[73.1074,17.8374],[73.1074,17.8371],[73.1076,17.8371],[73.1076,17.8368],[73.1079,17.8368],[73.1079,17.8365],[73.1082,17.8365],[73.1082,17.8363],[73.1085,17.8363],[73.1085,17.836],[73.1087,17.836],[73.1087,17.8357],[73.1093,17.8357],[73.1093,17.8354],[73.1096,17.8354],[73.1096,17.8351],[73.1099,17.8351],[73.1099,17.8349],[73.1113,17.8349],[73.1113,17.8346],[73.1129,17.8346],[73.1129,17.8343],[73.114,17.8343],[73.114,17.834],[73.1146,17.834],[73.1146,17.8337],[73.1149,17.8337],[73.1149,17.8335],[73.1171,17.8335],[73.1171,17.8337],[73.1182,17.8337],[73.1182,17.8343],[73.1196,17.8343],[73.1196,17.8346],[73.1199,17.8346],[73.1199,17.8349],[73.1201,17.8349],[73.1201,17.8351],[73.1207,17.8351],[73.1207,17.8354],[73.1229,17.8354],[73.1229,17.8357],[73.1243,17.8357],[73.1243,17.836],[73.1249,17.836],[73.1249,17.8354],[73.1251,17.8354],[73.1251,17.8351],[73.1257,17.8351],[73.1257,17.8349],[73.1263,17.8349],[73.1263,17.8346],[73.1265,17.8346],[73.1265,17.8343],[73.1271,17.8343],[73.1271,17.834],[73.1274,17.834],[73.1274,17.8337],[73.1285,17.8337],[73.1285,17.8335],[73.129,17.8335],[73.129,17.8332],[73.1293,17.8332],[73.1293,17.8326],[73.1296,17.8326],[73.1296,17.8324],[73.1299,17.8324],[73.1299,17.8318],[73.1301,17.8318],[73.1301,17.8315],[73.1304,17.8315],[73.1304,17.831],[73.1307,17.831],[73.1307,17.8304],[73.131,17.8304],[73.131,17.8299],[73.1312,17.8299],[73.1312,17.8293],[73.1315,17.8293],[73.1315,17.8288],[73.1318,17.8288],[73.1318,17.8282],[73.1321,17.8282],[73.1321,17.8276],[73.1324,17.8276],[73.1324,17.8254],[73.1326,17.8254],[73.1326,17.8251],[73.1329,17.8251],[73.1329,17.8249],[73.1332,17.8249],[73.1332,17.8246],[73.134,17.8246],[73.134,17.8251],[73.1338,17.8251],[73.1338,17.8254],[73.1335,17.8254],[73.1335,17.826],[73.1332,17.826],[73.1332,17.8276],[73.1329,17.8276],[73.1329,17.829],[73.1326,17.829],[73.1326,17.8301],[73.1324,17.8301],[73.1324,17.8307],[73.1318,17.8307],[73.1318,17.831],[73.1315,17.831],[73.1315,17.8318],[73.1312,17.8318],[73.1312,17.8324],[73.131,17.8324],[73.131,17.8326],[73.1307,17.8326],[73.1307,17.8329],[73.1304,17.8329],[73.1304,17.8332],[73.1299,17.8332],[73.1299,17.8335],[73.1296,17.8335],[73.1296,17.8337],[73.1293,17.8337],[73.1293,17.8343],[73.129,17.8343],[73.129,17.8346],[73.1288,17.8346],[73.1288,17.8349],[73.1282,17.8349],[73.1282,17.8351],[73.1276,17.8351],[73.1276,17.8354],[73.1271,17.8354],[73.1271,17.8357],[73.1265,17.8357],[73.1265,17.836],[73.1263,17.836],[73.1263,17.8363],[73.1257,17.8363],[73.1257,17.8365],[73.1251,17.8365],[73.1251,17.8368],[73.1235,17.8368],[73.1235,17.8365],[73.1226,17.8365],[73.1226,17.8363],[73.1215,17.8363],[73.1215,17.836],[73.1207,17.836],[73.1207,17.8357],[73.1199,17.8357],[73.1199,17.8354],[73.1188,17.8354],[73.1188,17.8351],[73.1179,17.8351],[73.1179,17.8349],[73.1157,17.8349],[73.1157,17.8346],[73.114,17.8346],[73.114,17.8349],[73.1135,17.8349],[73.1135,17.8351],[73.1132,17.8351],[73.1132,17.8354],[73.1126,17.8354],[73.1126,17.8357],[73.1121,17.8357],[73.1121,17.836],[73.1118,17.836],[73.1118,17.8363],[73.1113,17.8363],[73.1113,17.8365],[73.111,17.8365],[73.111,17.8368],[73.1104,17.8368],[73.1104,17.8371],[73.1101,17.8371],[73.1101,17.8374],[73.1096,17.8374],[73.1096,17.8376],[73.1093,17.8376],[73.1093,17.8379],[73.1087,17.8379],[73.1087,17.8382],[73.1085,17.8382],[73.1085,17.8385],[73.1079,17.8385],[73.1079,17.8388],[73.1076,17.8388],[73.1076,17.839],[73.1071,17.839],[73.1071,17.8396],[73.1068,17.8396],[73.1068,17.8399],[73.1062,17.8399],[73.1062,17.8401],[73.106,17.8401],[73.106,17.8404],[73.1057,17.8404],[73.1057,17.8407],[73.1049,17.8407],[73.1049,17.841],[73.1038,17.841],[73.1038,17.8412],[73.1018,17.8412],[73.1018,17.8415],[73.101,17.8415],[73.101,17.8418],[73.1004,17.8418],[73.1004,17.8421],[73.0996,17.8421],[73.0996,17.8424],[73.099,17.8424],[73.099,17.8426],[73.0971,17.8426],[73.0971,17.8429],[73.0968,17.8429],[73.0968,17.844],[73.0971,17.844],[73.0971,17.8446],[73.0987,17.8446],[73.0987,17.8443],[73.0996,17.8443],[73.0996,17.844],[73.1004,17.844],[73.1004,17.8438],[73.101,17.8438],[73.101,17.8435],[73.1015,17.8435],[73.1015,17.8432],[73.1026,17.8432],[73.1026,17.844],[73.1024,17.844],[73.1024,17.8443],[73.1018,17.8443],[73.1018,17.8446],[73.1007,17.8446],[73.1007,17.8449],[73.0999,17.8449],[73.0999,17.8451],[73.0982,17.8451],[73.0982,17.8454],[73.0971,17.8454],[73.0971,17.8457],[73.0965,17.8457],[73.0965,17.8454],[73.0951,17.8454],[73.0951,17.8457],[73.0946,17.8457],[73.0946,17.8454],[73.0943,17.8454],[73.0943,17.8451],[73.0938,17.8451],[73.0938,17.8446],[73.0935,17.8446],[73.0935,17.8443],[73.0932,17.8443],[73.0932,17.8438],[73.0926,17.8438],[73.0926,17.8435],[73.091,17.8435],[73.091,17.8438],[73.0904,17.8438],[73.0904,17.844],[73.0901,17.844],[73.0901,17.8443],[73.0899,17.8443],[73.0899,17.8446],[73.0896,17.8446],[73.0896,17.8449],[73.0893,17.8449],[73.0893,17.8451],[73.089,17.8451],[73.089,17.8454],[73.0888,17.8454],[73.0888,17.8457],[73.0885,17.8457],[73.0885,17.846],[73.0882,17.846],[73.0882,17.8465],[73.0879,17.8465],[73.0879,17.8471],[73.0876,17.8471],[73.0876,17.8474],[73.0874,17.8474],[73.0874,17.8485],[73.0871,17.8485],[73.0871,17.8488],[73.0868,17.8488],[73.0868,17.8493],[73.0865,17.8493],[73.0865,17.8496],[73.0863,17.8496],[73.0863,17.8501],[73.086,17.8501],[73.086,17.8507],[73.0857,17.8507],[73.0857,17.8515],[73.0854,17.8515],[73.0854,17.8524],[73.0851,17.8524],[73.0851,17.854],[73.0849,17.854],[73.0849,17.856],[73.0846,17.856],[73.0846,17.8565],[73.0843,17.8565],[73.0843,17.8571],[73.084,17.8571],[73.084,17.8585],[73.0837,17.8585],[73.0837,17.8587],[73.0835,17.8587],[73.0835,17.859],[73.0821,17.859],[73.0821,17.8593],[73.0818,17.8593],[73.0818,17.8596],[73.0815,17.8596],[73.0815,17.8599],[73.0813,17.8599],[73.0813,17.8601],[73.081,17.8601],[73.081,17.8607],[73.0807,17.8607],[73.0807,17.8612],[73.0804,17.8612],[73.0804,17.8621],[73.0801,17.8621],[73.0801,17.8624],[73.0801,17.8629],[73.0804,17.8629],[73.0804,17.8632],[73.0807,17.8632],[73.0807,17.8635],[73.081,17.8635],[73.081,17.8638],[73.0813,17.8638],[73.0813,17.864],[73.0815,17.864],[73.0815,17.8643],[73.0818,17.8643],[73.0818,17.8646],[73.0815,17.8646],[73.0815,17.8654],[73.0813,17.8654],[73.0813,17.8663],[73.081,17.8663],[73.081,17.8665],[73.0807,17.8665],[73.0807,17.8676],[73.0804,17.8676],[73.0804,17.8679],[73.0801,17.8679],[73.0801,17.8685],[73.0799,17.8685],[73.0799,17.869],[73.0796,17.869],[73.0796,17.8693],[73.0793,17.8693],[73.0793,17.8701],[73.0788,17.8701],[73.0788,17.8704],[73.0785,17.8704],[73.0785,17.8707],[73.0782,17.8707],[73.0782,17.871],[73.0779,17.871],[73.0779,17.8713],[73.0777,17.8713],[73.0777,17.8715],[73.0771,17.8715],[73.0771,17.8718],[73.0768,17.8718],[73.0768,17.8721],[73.0762,17.8721],[73.0762,17.8732],[73.076,17.8732],[73.076,17.874],[73.0757,17.874],[73.0757,17.8743],[73.0754,17.8743],[73.0754,17.8749],[73.0751,17.8749],[73.0751,17.878],[73.0751,17.8796],[73.0749,17.8796],[73.0749,17.8804],[73.0746,17.8804],[73.0746,17.8821],[73.0743,17.8821],[73.0743,17.8829],[73.0738,17.8829],[73.0738,17.8832],[73.0735,17.8832],[73.0735,17.884],[73.0732,17.884],[73.0732,17.8849],[73.0729,17.8849],[73.0729,17.8854],[73.0726,17.8854],[73.0726,17.8868],[73.0724,17.8868],[73.0724,17.8876],[73.0721,17.8876],[73.0721,17.8882],[73.0718,17.8882],[73.0718,17.8885],[73.0715,17.8885],[73.0715,17.8888],[73.0713,17.8888],[73.0713,17.8904],[73.0715,17.8904],[73.0715,17.8918],[73.0718,17.8918],[73.0718,17.8932],[73.0721,17.8932],[73.0721,17.894],[73.0724,17.894],[73.0724,17.8946],[73.0729,17.8946],[73.0729,17.8949],[73.0732,17.8949],[73.0732,17.8951],[73.0738,17.8951],[73.0738,17.8954],[73.0743,17.8954],[73.0743,17.8957],[73.0746,17.8957],[73.0746,17.896],[73.0754,17.896],[73.0754,17.8963],[73.076,17.8963],[73.076,17.8968],[73.0749,17.8968],[73.0749,17.8971],[73.0746,17.8971],[73.0746,17.8965],[73.0743,17.8965],[73.0743,17.8963],[73.074,17.8963],[73.074,17.896],[73.0738,17.896],[73.0738,17.8957],[73.0732,17.8957],[73.0732,17.8954],[73.0729,17.8954],[73.0729,17.8951],[73.0726,17.8951],[73.0726,17.8949],[73.0713,17.8949],[73.0713,17.8943],[73.071,17.8943],[73.071,17.894],[73.0713,17.894],[73.0713,17.8935],[73.071,17.8935],[73.071,17.8929],[73.0707,17.8929],[73.0707,17.8926],[73.0704,17.8926],[73.0704,17.8924],[73.0696,17.8924],[73.0696,17.8918],[73.0693,17.8918],[73.0693,17.8913],[73.069,17.8913],[73.069,17.891],[73.0665,17.891],[73.0665,17.8907],[73.0657,17.8907],[73.0657,17.8904],[73.0649,17.8904],[73.0649,17.8907],[73.0635,17.8907],[73.0635,17.891],[73.0632,17.891],[73.0632,17.8913],[73.0629,17.8913],[73.0629,17.8915],[73.0628,17.8915],[73.0615,17.8915],[73.0615,17.8918],[73.0612,17.8918],[73.0612,17.8924],[73.061,17.8924],[73.061,17.8932],[73.0607,17.8932],[73.0607,17.8935],[73.0604,17.8935],[73.0604,17.8938],[73.0601,17.8938],[73.0601,17.894],[73.0599,17.894],[73.0599,17.8943],[73.0596,17.8943],[73.0596,17.8946],[73.059,17.8946],[73.059,17.8951],[73.0587,17.8951],[73.0587,17.8957],[73.0585,17.8957],[73.0585,17.896],[73.0582,17.896],[73.0582,17.8963],[73.0579,17.8963],[73.0579,17.8965],[73.0576,17.8965],[73.0576,17.8968],[73.0574,17.8968],[73.0574,17.8974],[73.0571,17.8974],[73.0571,17.8976],[73.0568,17.8976],[73.0568,17.8979],[73.0565,17.8979],[73.0565,17.8982],[73.0563,17.8982],[73.0563,17.8985],[73.0557,17.8985],[73.0557,17.8988],[73.0554,17.8988],[73.0554,17.899],[73.0551,17.899],[73.0551,17.8993],[73.0549,17.8993],[73.0549,17.8999],[73.0546,17.8999],[73.0546,17.9001],[73.0543,17.9001],[73.0543,17.9004],[73.054,17.9004],[73.054,17.9015],[73.0543,17.9015],[73.0543,17.9018],[73.054,17.9018],[73.054,17.9024],[73.0537,17.9024],[73.0537,17.9029],[73.0535,17.9029],[73.0535,17.9032],[73.0532,17.9032],[73.0532,17.9035],[73.0524,17.9035],[73.0524,17.9037],[73.0518,17.9037],[73.0518,17.904],[73.0515,17.904],[73.0515,17.9046],[73.0512,17.9046],[73.0512,17.9051],[73.051,17.9051],[73.051,17.9054],[73.0507,17.9054],[73.0507,17.9057],[73.051,17.9057],[73.051,17.906],[73.0507,17.906],[73.0507,17.9065],[73.0504,17.9065],[73.0504,17.9068],[73.0501,17.9068],[73.0501,17.9074],[73.0504,17.9074],[73.0504,17.9076],[73.0518,17.9076],[73.0518,17.9074],[73.0524,17.9074],[73.0524,17.9076],[73.0527,17.9076],[73.0529,17.9076],[73.0529,17.9079],[73.0535,17.9079],[73.0535,17.9082],[73.0537,17.9082],[73.0537,17.9099],[73.054,17.9099],[73.054,17.9104],[73.0543,17.9104],[73.0543,17.9107],[73.054,17.9107],[73.054,17.9114],[73.054,17.9121],[73.0542,17.9121],[73.0543,17.9121],[73.0543,17.9126],[73.0546,17.9126],[73.0546,17.9128],[73.0546,17.9132],[73.0551,17.9132],[73.0551,17.9135],[73.0549,17.9135],[73.0549,17.9137],[73.0546,17.9137],[73.0546,17.9151],[73.0549,17.9151],[73.0549,17.9157],[73.0551,17.9157],[73.0551,17.9163],[73.0549,17.9163],[73.0549,17.9171],[73.0546,17.9171],[73.0546,17.9185],[73.0543,17.9185],[73.0543,17.9196],[73.054,17.9196],[73.054,17.921],[73.0537,17.921],[73.0537,17.9221],[73.054,17.9221],[73.054,17.9226],[73.0535,17.9226],[73.0535,17.9232],[73.0532,17.9232],[73.0532,17.924],[73.0529,17.924],[73.0529,17.9249],[73.0526,17.9249],[73.0526,17.9257],[73.0524,17.9257],[73.0524,17.9273],[73.0521,17.9274],[73.0521,17.929],[73.0537,17.929],[73.0537,17.9288],[73.054,17.9288],[73.054,17.9285],[73.0546,17.9285],[73.0546,17.9282],[73.0551,17.9282],[73.0551,17.9279],[73.0554,17.9279],[73.0554,17.9277],[73.0557,17.9277],[73.0557,17.9274],[73.056,17.9274],[73.056,17.9271],[73.0563,17.9271],[73.0563,17.9265],[73.0574,17.9265],[73.0574,17.9269],[73.0574,17.9274],[73.0576,17.9274],[73.0576,17.9279],[73.0585,17.9279],[73.0585,17.9282],[73.0593,17.9282],[73.0593,17.9279],[73.0599,17.9279],[73.0599,17.9277],[73.0601,17.9277],[73.0601,17.9274],[73.0604,17.9274],[73.0604,17.9268],[73.061,17.9268],[73.061,17.9266],[73.0612,17.9265],[73.0612,17.9263],[73.0624,17.9263],[73.0624,17.9265],[73.0627,17.9265],[73.0627,17.9268],[73.0654,17.9268],[73.0654,17.9265],[73.0668,17.9265],[73.0668,17.9268],[73.0671,17.9268],[73.0671,17.9271],[73.0668,17.9271],[73.0668,17.9277],[73.066,17.9277],[73.066,17.9274],[73.0621,17.9274],[73.0621,17.9282],[73.0624,17.9282],[73.0624,17.9293],[73.0626,17.9293],[73.0626,17.9296],[73.0629,17.9296],[73.0629,17.9299],[73.0632,17.9299],[73.0632,17.9301],[73.0635,17.9301],[73.0635,17.9307],[73.0638,17.9307],[73.0638,17.9312],[73.064,17.9312],[73.064,17.9318],[73.0646,17.9318],[73.0646,17.9321],[73.0649,17.9321],[73.0649,17.9324],[73.0654,17.9324],[73.0654,17.9326],[73.066,17.9326],[73.066,17.9324],[73.0665,17.9324],[73.0665,17.9318],[73.0668,17.9318],[73.0668,17.9296],[73.0671,17.9296],[73.0671,17.929],[73.0674,17.929],[73.0674,17.9288],[73.0676,17.9288],[73.0676,17.9285],[73.0679,17.9285],[73.0679,17.9279],[73.0682,17.9279],[73.0682,17.9268],[73.0701,17.9268],[73.0701,17.9271],[73.071,17.9271],[73.071,17.9274],[73.0724,17.9274],[73.0724,17.9277],[73.0726,17.9276],[73.0726,17.9282],[73.0729,17.9282],[73.0729,17.9285],[73.0732,17.9285],[73.0732,17.9288],[73.0735,17.9288],[73.0735,17.9293],[73.0738,17.9293],[73.0738,17.9296],[73.0746,17.9296],[73.0746,17.9299],[73.0751,17.9299],[73.0751,17.9304],[73.0754,17.9304],[73.0754,17.931],[73.0757,17.931],[73.0757,17.9315],[73.076,17.9315],[73.076,17.9329],[73.0762,17.9329],[73.0762,17.9332],[73.0765,17.9332],[73.0765,17.9335],[73.0771,17.9335],[73.0771,17.9337],[73.0774,17.9337],[73.0774,17.934],[73.0779,17.934],[73.0779,17.9343],[73.0782,17.9343],[73.0782,17.9346],[73.0788,17.9346],[73.0788,17.9349],[73.0793,17.9349],[73.0793,17.9351],[73.0796,17.9351],[73.0796,17.9354],[73.0804,17.9354],[73.0804,17.9357],[73.0813,17.9357],[73.0813,17.936],[73.0821,17.936],[73.0821,17.9365],[73.0824,17.9365],[73.0824,17.9368],[73.0826,17.9368],[73.0826,17.9374],[73.0829,17.9374],[73.0829,17.9376],[73.0837,17.9376],[73.0837,17.9379],[73.0843,17.9379],[73.0843,17.9382],[73.0849,17.9382],[73.0849,17.9385],[73.0854,17.9385],[73.0854,17.9388],[73.0863,17.9388],[73.0863,17.939],[73.0868,17.939],[73.0868,17.9393],[73.0876,17.9393],[73.0876,17.9396],[73.0882,17.9396],[73.0882,17.9399],[73.0888,17.9399],[73.0888,17.9401],[73.0899,17.9401],[73.0899,17.9404],[73.0924,17.9404],[73.0924,17.9407],[73.0912,17.9407],[73.0912,17.941],[73.0888,17.941],[73.0888,17.9407],[73.0882,17.9407],[73.0882,17.9404],[73.0871,17.9404],[73.0871,17.9401],[73.0854,17.9401],[73.0854,17.9399],[73.0851,17.9399],[73.0851,17.9396],[73.0846,17.9396],[73.0846,17.9393],[73.0843,17.9393],[73.0843,17.939],[73.0837,17.939],[73.0837,17.9388],[73.0832,17.9388],[73.0832,17.9385],[73.0829,17.9385],[73.0829,17.9382],[73.0824,17.9382],[73.0824,17.9379],[73.0821,17.9379],[73.0821,17.9376],[73.0818,17.9376],[73.0818,17.9374],[73.0804,17.9374],[73.0804,17.9371],[73.0801,17.9371],[73.0801,17.9368],[73.0799,17.9368],[73.0799,17.9365],[73.0796,17.9365],[73.0796,17.9363],[73.079,17.9363],[73.079,17.936],[73.0782,17.936],[73.0782,17.9357],[73.0774,17.9357],[73.0774,17.9354],[73.0762,17.9354],[73.0762,17.9351],[73.076,17.9351],[73.076,17.9346],[73.0754,17.9346],[73.0754,17.934],[73.0746,17.934],[73.0746,17.9337],[73.0743,17.9337],[73.0743,17.9335],[73.074,17.9335],[73.074,17.9329],[73.0738,17.9329],[73.0738,17.9324],[73.0735,17.9324],[73.0735,17.9318],[73.0732,17.9318],[73.0732,17.931],[73.0729,17.931],[73.0729,17.9299],[73.0726,17.9299],[73.0726,17.9296],[73.0724,17.9296],[73.0724,17.9293],[73.0721,17.9293],[73.0721,17.929],[73.0704,17.929],[73.0704,17.9293],[73.0699,17.9293],[73.0699,17.9296],[73.0696,17.9296],[73.0696,17.9299],[73.0693,17.9299],[73.0693,17.9304],[73.0696,17.9304],[73.0696,17.9312],[73.0693,17.9312],[73.0693,17.9315],[73.069,17.9315],[73.069,17.9321],[73.0687,17.9321],[73.0687,17.9326],[73.0685,17.9326],[73.0685,17.9335],[73.0679,17.9335],[73.0679,17.9337],[73.0674,17.9337],[73.0674,17.934],[73.0671,17.934],[73.0671,17.9337],[73.0668,17.9337],[73.0668,17.934],[73.0665,17.934],[73.0665,17.9337],[73.066,17.9337],[73.066,17.9335],[73.0654,17.9335],[73.0654,17.9332],[73.064,17.9332],[73.064,17.9329],[73.0618,17.9329],[73.0618,17.9326],[73.0612,17.9326],[73.0612,17.9324],[73.0576,17.9324],[73.0576,17.9321],[73.0571,17.9321],[73.0571,17.9318],[73.0568,17.9318],[73.0568,17.9315],[73.0565,17.9315],[73.0565,17.9318],[73.0543,17.9318],[73.0543,17.9315],[73.0524,17.9315],[73.0524,17.9318],[73.051,17.9318],[73.051,17.9321],[73.0499,17.9321],[73.0499,17.9324],[73.0476,17.9324],[73.0476,17.9326],[73.0471,17.9326],[73.0471,17.9329],[73.0468,17.9329],[73.0468,17.9332],[73.0465,17.9332],[73.0465,17.9335],[73.0462,17.9335],[73.0462,17.9337],[73.0454,17.9337],[73.0454,17.934],[73.0443,17.934],[73.0443,17.9337],[73.044,17.9337],[73.044,17.9335],[73.0437,17.9335],[73.0437,17.9332],[73.0435,17.9332],[73.0435,17.9326],[73.0424,17.9326],[73.0424,17.9324],[73.0418,17.9324],[73.0415,17.9324],[73.0415,17.9326],[73.0413,17.9326],[73.0412,17.9329],[73.0404,17.9329],[73.0404,17.9332],[73.0396,17.9332],[73.0396,17.9335],[73.0393,17.9335],[73.0393,17.9337],[73.0387,17.9337],[73.0387,17.934],[73.0385,17.934],[73.0385,17.9343],[73.0379,17.9343],[73.0379,17.9349],[73.0376,17.9349],[73.0376,17.9354],[73.0374,17.9354],[73.0374,17.936],[73.0371,17.936],[73.0371,17.9363],[73.0368,17.9363],[73.0368,17.9365],[73.0365,17.9365],[73.0365,17.9368],[73.0362,17.9368],[73.0362,17.9371],[73.036,17.9371],[73.036,17.9376],[73.0357,17.9376],[73.0357,17.9382],[73.0354,17.9382],[73.0354,17.939],[73.0351,17.939],[73.0351,17.9393],[73.034,17.9393],[73.034,17.9396],[73.0338,17.9396],[73.0338,17.9399],[73.0335,17.9399],[73.0335,17.9401],[73.0326,17.9401],[73.0326,17.9404],[73.0321,17.9404],[73.0321,17.941],[73.0318,17.941],[73.0318,17.9412],[73.0315,17.9412],[73.0315,17.9418],[73.0313,17.9418],[73.0313,17.9424],[73.031,17.9424],[73.031,17.9432],[73.0307,17.9432],[73.0307,17.9435],[73.0304,17.9435],[73.0304,17.9438],[73.0301,17.9438],[73.0301,17.944],[73.0299,17.944],[73.0299,17.9443],[73.0296,17.9443],[73.0296,17.9468],[73.0293,17.9468],[73.0293,17.9474],[73.029,17.9474],[73.029,17.9479],[73.0287,17.9479],[73.0287,17.949],[73.0285,17.949],[73.0285,17.9496],[73.0287,17.9496],[73.0287,17.9538],[73.029,17.9538],[73.029,17.954],[73.0299,17.954],[73.0299,17.9543],[73.0301,17.9543],[73.0301,17.9546],[73.0304,17.9546],[73.0304,17.9549],[73.0307,17.9549],[73.0307,17.9551],[73.031,17.9551],[73.031,17.9557],[73.0313,17.9557],[73.0313,17.9574],[73.031,17.9574],[73.031,17.9579],[73.0307,17.9579],[73.0307,17.9582],[73.0304,17.9582],[73.0304,17.9587],[73.0301,17.9587],[73.0301,17.9596],[73.0299,17.9596],[73.0299,17.9613],[73.0296,17.9613],[73.0296,17.9651],[73.0293,17.9651],[73.0293,17.9668],[73.0296,17.9668],[73.0296,17.9674],[73.0301,17.9674],[73.0301,17.9676],[73.0307,17.9676],[73.0307,17.9679],[73.031,17.9679],[73.031,17.9685],[73.0313,17.9685],[73.0313,17.969],[73.0315,17.969],[73.0315,17.9693],[73.0318,17.9693],[73.0318,17.9699],[73.0321,17.9699],[73.0321,17.9701],[73.0323,17.9701],[73.0323,17.9704],[73.0326,17.9704],[73.0326,17.9707],[73.0332,17.9707],[73.0332,17.971],[73.0338,17.971],[73.0338,17.9713],[73.0343,17.9713],[73.0343,17.9715],[73.0346,17.9715],[73.0346,17.9718],[73.0349,17.9718],[73.0349,17.9721],[73.0351,17.9721],[73.0351,17.9726],[73.0354,17.9726],[73.0354,17.9729],[73.0357,17.9729],[73.0357,17.9732],[73.0365,17.9732],[73.0365,17.9735],[73.0371,17.9735],[73.0371,17.9738],[73.0374,17.9738],[73.0374,17.9743],[73.0376,17.9743],[73.0376,17.9749],[73.0379,17.9749],[73.0379,17.9751],[73.0382,17.9751],[73.0382,17.9754],[73.0385,17.9754],[73.0385,17.9757],[73.0387,17.9757],[73.0387,17.9765],[73.039,17.9765],[73.039,17.9768],[73.0393,17.9768],[73.0393,17.9774],[73.0396,17.9774],[73.0396,17.9776],[73.0399,17.9776],[73.0399,17.9779],[73.0401,17.9779],[73.0401,17.9782],[73.0399,17.9782],[73.0399,17.979],[73.0396,17.979],[73.0396,17.9799],[73.0393,17.9799],[73.0393,17.9807],[73.039,17.9807],[73.039,17.9815],[73.0387,17.9815],[73.0387,17.9826],[73.0385,17.9826],[73.0385,17.9835],[73.0382,17.9835],[73.0382,17.9843],[73.0379,17.9843],[73.0379,17.9846],[73.0376,17.9846],[73.0376,17.9843],[73.0374,17.9843],[73.0373,17.9849],[73.0371,17.9849],[73.0371,17.9851],[73.0368,17.9851],[73.0368,17.9854],[73.0365,17.9854],[73.0365,17.9857],[73.0351,17.9857],[73.0351,17.986],[73.0343,17.986],[73.0343,17.9862],[73.034,17.9862],[73.034,17.9865],[73.0335,17.9865],[73.0335,17.9868],[73.0332,17.9868],[73.0332,17.9871],[73.0329,17.9871],[73.0329,17.9874],[73.0326,17.9874],[73.0326,17.9879],[73.0329,17.9879],[73.0329,17.9882],[73.0326,17.9882],[73.0326,17.9888],[73.0329,17.9888],[73.0329,17.9893],[73.0324,17.9893],[73.0324,17.9896],[73.0318,17.9896],[73.0318,17.9899],[73.0315,17.9899],[73.0315,17.9901],[73.031,17.9901],[73.031,17.9904],[73.0301,17.9904],[73.0301,17.9907],[73.0299,17.9907],[73.0299,17.991],[73.0296,17.991],[73.0296,17.9913],[73.029,17.9913],[73.029,17.9904],[73.0287,17.9904],[73.0287,17.9901],[73.0285,17.9901],[73.0285,17.9899],[73.0282,17.9899],[73.0282,17.9896],[73.0279,17.9896],[73.0279,17.9893],[73.0274,17.9893],[73.0274,17.989],[73.0265,17.989],[73.0265,17.9888],[73.0251,17.9888],[73.0251,17.989],[73.024,17.989],[73.024,17.9893],[73.0232,17.9893],[73.0232,17.9896],[73.0224,17.9896],[73.0224,17.9899],[73.0218,17.9899],[73.0218,17.9901],[73.0204,17.9901],[73.0204,17.9899],[73.0199,17.9899],[73.0199,17.9901],[73.019,17.9901],[73.019,17.9904],[73.0188,17.9904],[73.0188,17.9907],[73.0185,17.9907],[73.0185,17.991],[73.0179,17.991],[73.0179,17.9911],[73.0179,17.9921],[73.0182,17.9921],[73.0182,17.9926],[73.0188,17.9926],[73.0188,17.9929],[73.0201,17.9929],[73.0201,17.9926],[73.021,17.9926],[73.021,17.9929],[73.0212,17.9929],[73.0212,17.9932],[73.0215,17.9932],[73.0215,17.9937],[73.0212,17.9937],[73.0212,17.994],[73.021,17.994],[73.021,17.9943],[73.0204,17.9943],[73.0204,17.9946],[73.0201,17.9946],[73.0201,17.9949],[73.0199,17.9949],[73.0199,17.9957],[73.0196,17.9957],[73.0196,17.9965],[73.0193,17.9965],[73.0193,17.9971],[73.019,17.9971],[73.019,17.9979],[73.0188,17.9979],[73.0188,17.9988],[73.0185,17.9988],[73.0185,17.9996],[73.0182,17.9996],[73.0182,18.0001],[73.0182,18.0015],[73.0179,18.0015],[73.0179,18.0029],[73.0176,18.0029],[73.0176,18.004],[73.0174,18.004],[73.0174,18.0049],[73.0171,18.0049],[73.0171,18.0054],[73.0168,18.0054],[73.0168,18.0065],[73.0165,18.0065],[73.0165,18.0068],[73.0163,18.0068],[73.0163,18.0071],[73.016,18.0071],[73.016,18.0076],[73.0157,18.0076],[73.0157,18.0079],[73.0154,18.0079],[73.0154,18.0082],[73.0151,18.0082],[73.0151,18.0085],[73.0146,18.0085],[73.0146,18.009],[73.0143,18.009],[73.0143,18.0093],[73.014,18.0093],[73.014,18.009],[73.0132,18.009],[73.0132,18.0093],[73.0129,18.0093],[73.0129,18.0096],[73.0126,18.0096],[73.0126,18.0099],[73.0124,18.0099],[73.0124,18.0101],[73.0121,18.0101],[73.0121,18.0104],[73.0099,18.0104],[73.0099,18.0101],[73.0091,18.0101],[73.009,18.0101],[73.009,18.0103],[73.0089,18.0104],[73.0085,18.0104],[73.0085,18.0107],[73.0082,18.0107],[73.0082,18.011],[73.0079,18.011],[73.0079,18.0115],[73.0076,18.0115],[73.0076,18.0121],[73.0074,18.0121],[73.0074,18.0124],[73.0068,18.0124],[73.0068,18.0126],[73.0065,18.0126],[73.0065,18.0129],[73.0062,18.0129],[73.0062,18.0135],[73.006,18.0135],[73.006,18.0143],[73.0057,18.0143],[73.0057,18.0146],[73.0057,18.0163],[73.0054,18.0163],[73.0054,18.0165],[73.0051,18.0165],[73.0051,18.0171],[73.0049,18.0171],[73.0049,18.019],[73.0046,18.019],[73.0046,18.0193],[73.0043,18.0193],[73.0043,18.0196],[73.004,18.0196],[73.004,18.0199],[73.0035,18.0199],[73.0035,18.0201],[73.0024,18.0201],[73.0024,18.0204],[73.0021,18.0204],[73.0021,18.0212],[73.0024,18.0212],[73.0024,18.0215],[73.0035,18.0215],[73.0035,18.0218],[73.004,18.0218],[73.004,18.0221],[73.0043,18.0221],[73.0043,18.0218],[73.0051,18.0218],[73.0051,18.0215],[73.0062,18.0215],[73.0062,18.0218],[73.0068,18.0218],[73.0068,18.0221],[73.0074,18.0221],[73.0074,18.0224],[73.0076,18.0224],[73.0076,18.0226],[73.0079,18.0226],[73.0079,18.0229],[73.0082,18.0229],[73.0082,18.0235],[73.0088,18.0235],[73.0088,18.0238],[73.009,18.0238],[73.009,18.024],[73.0099,18.024],[73.0099,18.0243],[73.0101,18.0243],[73.0101,18.0246],[73.0107,18.0246],[73.0107,18.0249],[73.0113,18.0249],[73.0113,18.0246],[73.0115,18.0246],[73.0115,18.0249],[73.0124,18.0249],[73.0124,18.0251],[73.0128,18.0251],[73.0129,18.0251],[73.0146,18.0251],[73.0146,18.0254],[73.0149,18.0254],[73.0149,18.0257],[73.0179,18.0257],[73.0179,18.026],[73.0181,18.026],[73.019,18.026],[73.019,18.0254],[73.0193,18.0254],[73.0193,18.0251],[73.0196,18.0251],[73.0196,18.0246],[73.0199,18.0246],[73.0199,18.0243],[73.0201,18.0243],[73.0201,18.024],[73.0207,18.024],[73.0207,18.0238],[73.0212,18.0238],[73.0212,18.0235],[73.0226,18.0235],[73.0226,18.0238],[73.0235,18.0238],[73.0235,18.0243],[73.024,18.0243],[73.024,18.0246],[73.0246,18.0246],[73.0246,18.0249],[73.0249,18.0249],[73.0249,18.0251],[73.0251,18.0251],[73.0251,18.0254],[73.0254,18.0254],[73.0254,18.0257],[73.0257,18.0257],[73.0257,18.026],[73.0265,18.026],[73.0265,18.0263],[73.0268,18.0263],[73.0268,18.0265],[73.0271,18.0265],[73.0271,18.0263],[73.0274,18.0263],[73.0274,18.0265],[73.0276,18.0265],[73.0276,18.0268],[73.0279,18.0268],[73.0279,18.0271],[73.0282,18.0271],[73.0282,18.0274],[73.0287,18.0274],[73.0287,18.0276],[73.0293,18.0276],[73.0293,18.0279],[73.0296,18.0279],[73.0296,18.0287],[73.0301,18.0287],[73.0301,18.029],[73.0304,18.029],[73.0304,18.0293],[73.0307,18.0293],[73.0307,18.0299],[73.0313,18.0298],[73.0313,18.0304],[73.0315,18.0304],[73.0315,18.0307],[73.0318,18.0307],[73.0318,18.031],[73.0321,18.031],[73.0321,18.0313],[73.0323,18.0313],[73.0323,18.0315],[73.0329,18.0315],[73.0329,18.0318],[73.0332,18.0318],[73.0332,18.0324],[73.0343,18.0324],[73.0343,18.0326],[73.0346,18.0326],[73.0346,18.0329],[73.0349,18.0329],[73.0349,18.0335],[73.0351,18.0335],[73.0351,18.0338],[73.0357,18.0338],[73.0357,18.034],[73.036,18.034],[73.036,18.0346],[73.0365,18.0346],[73.0365,18.0349],[73.0368,18.0349],[73.0368,18.0351],[73.0371,18.0351],[73.0371,18.0354],[73.0374,18.0354],[73.0374,18.0357],[73.0376,18.0357],[73.0376,18.036],[73.0379,18.036],[73.0379,18.0363],[73.0385,18.0363],[73.0385,18.0365],[73.0387,18.0365],[73.0387,18.0368],[73.039,18.0368],[73.039,18.0387],[73.0393,18.0387],[73.0393,18.039],[73.0396,18.039],[73.0396,18.0399],[73.0399,18.0399],[73.0399,18.0404],[73.0401,18.0404],[73.0401,18.0412],[73.0399,18.0412],[73.0399,18.0421],[73.0401,18.0421],[73.0401,18.0424],[73.0404,18.0424],[73.0404,18.0429],[73.0407,18.0429],[73.0407,18.0432],[73.0413,18.0432],[73.0413,18.0435],[73.0415,18.0435],[73.0415,18.0432],[73.0429,18.0432],[73.0429,18.0426],[73.0432,18.0426],[73.0432,18.0421],[73.0435,18.0421],[73.0435,18.0418],[73.0437,18.0418],[73.0437,18.0415],[73.0443,18.0415],[73.0443,18.0412],[73.0446,18.0412],[73.0446,18.041],[73.0449,18.041],[73.0449,18.0407],[73.0451,18.0407],[73.0451,18.041],[73.0454,18.041],[73.0454,18.0415],[73.0451,18.0415],[73.0451,18.0418],[73.0449,18.0418],[73.0449,18.0421],[73.0446,18.0421],[73.0446,18.0426],[73.0443,18.0426],[73.0443,18.0429],[73.044,18.0429],[73.044,18.0432],[73.0437,18.0432],[73.0437,18.0435],[73.0435,18.0435],[73.0435,18.0438],[73.0432,18.0438],[73.0432,18.044],[73.0424,18.044],[73.0424,18.0443],[73.0407,18.0443],[73.0407,18.044],[73.0404,18.044],[73.0404,18.0438],[73.0401,18.0438],[73.0401,18.0435],[73.0399,18.0435],[73.0399,18.0432],[73.0396,18.0432],[73.0396,18.0426],[73.0393,18.0426],[73.0393,18.0421],[73.039,18.0421],[73.039,18.0401],[73.0387,18.0401],[73.0387,18.0399],[73.0385,18.0399],[73.0385,18.0396],[73.0382,18.0396],[73.0382,18.039],[73.0379,18.039],[73.0379,18.0382],[73.0376,18.0382],[73.0376,18.0379],[73.0374,18.0379],[73.0374,18.0374],[73.0371,18.0374],[73.0371,18.0371],[73.0368,18.0371],[73.0368,18.0368],[73.036,18.0368],[73.036,18.0365],[73.0357,18.0365],[73.0357,18.0363],[73.0354,18.0363],[73.0354,18.0357],[73.0349,18.0357],[73.0349,18.0354],[73.0346,18.0354],[73.0346,18.0351],[73.0343,18.0351],[73.0343,18.0349],[73.034,18.0349],[73.034,18.0346],[73.0338,18.0346],[73.0338,18.0343],[73.0335,18.0343],[73.0335,18.0338],[73.0329,18.0338],[73.0329,18.0335],[73.0326,18.0335],[73.0326,18.0332],[73.0321,18.0332],[73.0321,18.0329],[73.0315,18.0329],[73.0315,18.0326],[73.0313,18.0326],[73.0313,18.0324],[73.031,18.0324],[73.031,18.0321],[73.0296,18.0321],[73.0296,18.0329],[73.0293,18.0329],[73.0293,18.0332],[73.029,18.0332],[73.029,18.0335],[73.0287,18.0335],[73.0287,18.0338],[73.0282,18.0338],[73.0282,18.0343],[73.0279,18.0343],[73.0279,18.0351],[73.0276,18.0351],[73.0276,18.0354],[73.0274,18.0354],[73.0274,18.0357],[73.0265,18.0357],[73.0265,18.0365],[73.0268,18.0365],[73.0268,18.0376],[73.0265,18.0376],[73.0265,18.0379],[73.0263,18.0379],[73.0263,18.0376],[73.0251,18.0376],[73.0251,18.0374],[73.0243,18.0374],[73.0243,18.0371],[73.024,18.0371],[73.024,18.0368],[73.0243,18.0368],[73.0243,18.0365],[73.0246,18.0365],[73.0246,18.0363],[73.024,18.0363],[73.024,18.0365],[73.0235,18.0365],[73.0235,18.0368],[73.0232,18.0368],[73.0232,18.0371],[73.0226,18.0371],[73.0226,18.0368],[73.0215,18.0368],[73.0215,18.0393],[73.0218,18.0393],[73.0218,18.0396],[73.0224,18.0396],[73.0224,18.0399],[73.0226,18.0399],[73.0226,18.0401],[73.0229,18.0401],[73.0229,18.0404],[73.0232,18.0404],[73.0232,18.041],[73.0235,18.041],[73.0235,18.0412],[73.0238,18.0412],[73.0238,18.0415],[73.024,18.0415],[73.024,18.0424],[73.0246,18.0424],[73.0246,18.0426],[73.0249,18.0426],[73.0249,18.0429],[73.0251,18.0429],[73.0251,18.0432],[73.0254,18.0432],[73.0254,18.0435],[73.0257,18.0435],[73.0257,18.0438],[73.026,18.0438],[73.026,18.0446],[73.0257,18.0446],[73.0257,18.0451],[73.026,18.0451],[73.026,18.0454],[73.0263,18.0454],[73.0263,18.0457],[73.0268,18.0457],[73.0268,18.046],[73.0274,18.046],[73.0274,18.0462],[73.0285,18.0462],[73.0285,18.0465],[73.0287,18.0465],[73.0287,18.0468],[73.0293,18.0468],[73.0293,18.0471],[73.0299,18.0471],[73.0299,18.0474],[73.0307,18.0474],[73.0307,18.0476],[73.0318,18.0476],[73.0318,18.0479],[73.0329,18.0479],[73.0329,18.0482],[73.0332,18.0482],[73.0332,18.0485],[73.0338,18.0485],[73.0338,18.0487],[73.034,18.0487],[73.034,18.049],[73.0351,18.049],[73.0351,18.0493],[73.036,18.0493],[73.036,18.0496],[73.0376,18.0496],[73.0376,18.0493],[73.0387,18.0493],[73.0387,18.049],[73.0393,18.049],[73.0393,18.0487],[73.0396,18.0487],[73.0396,18.049],[73.0399,18.049],[73.0399,18.0496],[73.0396,18.0496],[73.0396,18.0499],[73.0399,18.0499],[73.0399,18.0501],[73.0401,18.0501],[73.0401,18.0504],[73.0399,18.0504],[73.0399,18.0518],[73.0396,18.0518],[73.0396,18.0521],[73.0399,18.0521],[73.0399,18.0524],[73.0401,18.0524],[73.0401,18.0529],[73.0404,18.0529],[73.0404,18.0532],[73.0401,18.0532],[73.0401,18.0535],[73.0399,18.0535],[73.0399,18.0538],[73.039,18.0538],[73.039,18.0535],[73.0387,18.0535],[73.0387,18.0529],[73.0385,18.0529],[73.0385,18.0524],[73.0379,18.0524],[73.0379,18.0526],[73.0368,18.0526],[73.0368,18.0524],[73.0362,18.0524],[73.0362,18.0521],[73.0357,18.0521],[73.0357,18.0524],[73.0354,18.0524],[73.0354,18.0526],[73.0351,18.0526],[73.0351,18.0524],[73.0349,18.0524],[73.0349,18.0521],[73.0346,18.0521],[73.0346,18.0518],[73.0349,18.0518],[73.0349,18.0515],[73.0343,18.0515],[73.0343,18.0513],[73.0338,18.0513],[73.0338,18.051],[73.0335,18.051],[73.0335,18.0507],[73.0329,18.0507],[73.0329,18.0504],[73.0323,18.0504],[73.0323,18.0501],[73.0321,18.0501],[73.0321,18.0504],[73.0318,18.0504],[73.0318,18.0501],[73.031,18.0501],[73.031,18.0499],[73.0299,18.0499],[73.0299,18.0501],[73.0293,18.0501],[73.0293,18.0504],[73.029,18.0504],[73.029,18.0507],[73.0285,18.0507],[73.0285,18.0504],[73.0282,18.0504],[73.0282,18.05],[73.0282,18.0496],[73.0274,18.0496],[73.0274,18.0493],[73.0263,18.0493],[73.0263,18.0501],[73.026,18.0501],[73.026,18.0504],[73.0251,18.0504],[73.0251,18.0501],[73.0249,18.0501],[73.0249,18.0499],[73.0246,18.0499],[73.0246,18.0487],[73.0249,18.0487],[73.0249,18.0485],[73.0254,18.0485],[73.0254,18.0482],[73.0251,18.0482],[73.0251,18.0479],[73.0249,18.0479],[73.0249,18.0474],[73.0246,18.0474],[73.0246,18.0468],[73.0243,18.0468],[73.0243,18.0471],[73.0238,18.0471],[73.0238,18.0468],[73.0235,18.0468],[73.0235,18.046],[73.0232,18.046],[73.0232,18.0451],[73.0229,18.0451],[73.0229,18.0446],[73.0226,18.0446],[73.0226,18.0443],[73.0229,18.0443],[73.0229,18.0438],[73.0226,18.0438],[73.0226,18.0429],[73.0221,18.0429],[73.0221,18.0426],[73.0218,18.0426],[73.0218,18.0424],[73.0212,18.0424],[73.0212,18.0418],[73.021,18.0418],[73.021,18.0407],[73.0204,18.0407],[73.0204,18.0401],[73.0201,18.0401],[73.0201,18.0393],[73.0199,18.0393],[73.0199,18.0385],[73.0196,18.0385],[73.0196,18.0371],[73.0193,18.0371],[73.0193,18.0368],[73.019,18.0368],[73.019,18.0365],[73.0188,18.0365],[73.0188,18.036],[73.0185,18.036],[73.0185,18.0346],[73.0182,18.0346],[73.0182,18.0332],[73.0179,18.0332],[73.0179,18.0329],[73.0174,18.0329],[73.0174,18.0324],[73.0171,18.0324],[73.0171,18.0321],[73.0157,18.0321],[73.0157,18.0324],[73.0154,18.0324],[73.0154,18.0326],[73.0151,18.0326],[73.0151,18.0329],[73.0146,18.0329],[73.0146,18.0335],[73.0143,18.0335],[73.0143,18.0343],[73.014,18.0343],[73.014,18.0349],[73.0135,18.0349],[73.0135,18.0351],[73.0129,18.0351],[73.0129,18.0354],[73.0126,18.0354],[73.0126,18.036],[73.0124,18.036],[73.0124,18.0371],[73.0121,18.0371],[73.0121,18.0387],[73.0118,18.0387],[73.0118,18.0396],[73.0115,18.0396],[73.0115,18.0399],[73.0113,18.0399],[73.0113,18.0404],[73.0115,18.0404],[73.0115,18.0407],[73.0113,18.0407],[73.0113,18.041],[73.011,18.041],[73.011,18.0412],[73.0107,18.0412],[73.0107,18.0418],[73.0101,18.0418],[73.0101,18.0424],[73.0104,18.0424],[73.0104,18.0426],[73.0107,18.0426],[73.0107,18.0438],[73.0104,18.0438],[73.0104,18.0443],[73.0101,18.0443],[73.0101,18.0446],[73.0099,18.0446],[73.0099,18.0451],[73.0096,18.0451],[73.0096,18.0454],[73.0093,18.0454],[73.0093,18.0465],[73.009,18.0465],[73.009,18.0476],[73.0088,18.0476],[73.0088,18.0485],[73.0085,18.0485],[73.0085,18.0487],[73.0082,18.0487],[73.0082,18.0493],[73.0079,18.0493],[73.0079,18.0496],[73.0076,18.0496],[73.0076,18.0499],[73.0074,18.0499],[73.0074,18.0501],[73.0071,18.0501],[73.0071,18.0504],[73.0065,18.0504],[73.0065,18.051],[73.0062,18.051],[73.0062,18.0513],[73.006,18.0513],[73.006,18.0515],[73.0057,18.0515],[73.0057,18.0518],[73.0054,18.0518],[73.0054,18.0521],[73.0051,18.0521],[73.0051,18.0524],[73.0049,18.0524],[73.0049,18.0526],[73.0043,18.0526],[73.0043,18.0529],[73.0038,18.0529],[73.0038,18.0532],[73.0032,18.0532],[73.0032,18.0535],[73.0024,18.0535],[73.0024,18.0543],[73.0021,18.0543],[73.0021,18.0546],[73.0015,18.0546],[73.0015,18.0543],[73.0013,18.0543],[73.0013,18.0538],[73.001,18.0538],[73.001,18.0535],[73.0007,18.0535],[73.0007,18.0529],[73.0004,18.0529],[73.0004,18.0515],[72.9999,18.0515],[72.9999,18.0513],[72.9996,18.0513],[72.9996,18.051],[72.9993,18.051],[72.9993,18.0507],[72.999,18.0507],[72.999,18.0504],[72.9987,18.0504],[72.9987,18.0501],[72.9985,18.0501],[72.9985,18.0499],[72.9979,18.0499],[72.9979,18.0496],[72.9974,18.0496],[72.9974,18.0493],[72.9969,18.0493],[72.9949,18.0493],[72.9949,18.0496],[72.9943,18.0496],[72.9943,18.0499],[72.9938,18.0499],[72.9938,18.0501],[72.9935,18.0501],[72.9935,18.0515],[72.9932,18.0515],[72.9932,18.0518],[72.9929,18.0518],[72.9929,18.0521],[72.9926,18.0521],[72.9926,18.0524],[72.9921,18.0524],[72.9921,18.0526],[72.9918,18.0526],[72.9918,18.0529],[72.9915,18.0529],[72.9915,18.0535],[72.9912,18.0535],[72.9912,18.0538],[72.991,18.0538],[72.991,18.0543],[72.9907,18.0543],[72.9907,18.0546],[72.9904,18.0546],[72.9904,18.0549],[72.9901,18.0549],[72.9901,18.0551],[72.9899,18.0551],[72.9899,18.056],[72.9896,18.056],[72.9896,18.0571],[72.9899,18.0571],[72.9899,18.0582],[72.9901,18.0582],[72.9901,18.0588],[72.9904,18.0588],[72.9904,18.0593],[72.9907,18.0593],[72.9907,18.0613],[72.991,18.0613],[72.991,18.0615],[72.9912,18.0615],[72.9912,18.0618],[72.9915,18.0618],[72.9915,18.0621],[72.9918,18.0621],[72.9918,18.0624],[72.9921,18.0624],[72.9921,18.0629],[72.9924,18.0629],[72.9924,18.0632],[72.9926,18.0632],[72.9926,18.0635],[72.9929,18.0635],[72.9929,18.0638],[72.9932,18.0637],[72.9932,18.0641],[72.9932,18.0649],[72.9935,18.0649],[72.9935,18.0665],[72.9938,18.0665],[72.9938,18.0668],[72.9943,18.0668],[72.9943,18.0671],[72.9946,18.0671],[72.9946,18.0674],[72.9949,18.0674],[72.9949,18.0676],[72.9951,18.0676],[72.9951,18.0679],[72.9954,18.0679],[72.9954,18.0682],[72.9974,18.0682],[72.9976,18.0682],[72.9976,18.0685],[72.9982,18.0685],[72.9982,18.0688],[72.9985,18.0688],[72.9985,18.069],[72.9987,18.069],[72.9987,18.0696],[72.999,18.0696],[72.999,18.0699],[72.9993,18.0699],[72.9993,18.0704],[73.0001,18.0704],[73.0004,18.0704],[73.0004,18.0707],[73.0015,18.0707],[73.0015,18.071],[73.0018,18.071],[73.0018,18.0715],[73.0021,18.0715],[73.0021,18.0729],[73.0024,18.0729],[73.0024,18.0746],[73.0026,18.0746],[73.0026,18.0751],[73.0029,18.0751],[73.0029,18.0757],[73.0026,18.0757],[73.0026,18.076],[73.0021,18.076],[73.0021,18.0754],[73.0013,18.0754],[73.0013,18.0757],[73.001,18.0757],[73.001,18.076],[73.0007,18.076],[73.0007,18.0765],[73.0004,18.0765],[73.0004,18.0768],[73.0001,18.0768],[72.9999,18.0768],[72.9999,18.0737],[72.9996,18.0737],[72.9996,18.074],[72.9993,18.074],[72.9993,18.0743],[72.999,18.0743],[72.999,18.0746],[72.9987,18.0746],[72.9987,18.0754],[72.9985,18.0754],[72.9985,18.0763],[72.9982,18.0763],[72.9982,18.0765],[72.9976,18.0765],[72.9976,18.0768],[72.9974,18.0768],[72.9974,18.0782],[72.9971,18.0782],[72.9971,18.0785],[72.9968,18.0785],[72.9968,18.079],[72.9965,18.079],[72.9965,18.0796],[72.9968,18.0796],[72.9968,18.0801],[72.9965,18.0801],[72.9965,18.0807],[72.9962,18.0807],[72.9962,18.0821],[72.996,18.0821],[72.996,18.0835],[72.9957,18.0835],[72.9957,18.084],[72.9954,18.084],[72.9954,18.0849],[72.9951,18.0849],[72.9951,18.0854],[72.9949,18.0854],[72.9949,18.0857],[72.9946,18.0857],[72.9946,18.0868],[72.9943,18.0868],[72.9943,18.0879],[72.994,18.0879],[72.994,18.0885],[72.9938,18.0885],[72.9938,18.0899],[72.9935,18.0899],[72.9935,18.0907],[72.9932,18.0907],[72.9932,18.0918],[72.9929,18.0918],[72.9929,18.0924],[72.9926,18.0924],[72.9926,18.0935],[72.9924,18.0935],[72.9924,18.0946],[72.9921,18.0946],[72.9921,18.0951],[72.9918,18.0951],[72.9918,18.0957],[72.9915,18.0957],[72.9915,18.0963],[72.9912,18.0963],[72.9912,18.0968],[72.991,18.0968],[72.991,18.0976],[72.9907,18.0976],[72.9907,18.0982],[72.9904,18.0982],[72.9904,18.099],[72.9901,18.099],[72.9901,18.0996],[72.9899,18.0996],[72.9899,18.1001],[72.9896,18.1001],[72.9896,18.1004],[72.9893,18.1004],[72.9893,18.1007],[72.989,18.1007],[72.989,18.101],[72.9887,18.101],[72.9887,18.1012],[72.9885,18.1012],[72.9885,18.1015],[72.9882,18.1015],[72.9882,18.1018],[72.9879,18.1018],[72.9879,18.1021],[72.9865,18.1021],[72.9865,18.1018],[72.9857,18.1018],[72.9857,18.1021],[72.9851,18.1021],[72.9851,18.1024],[72.9846,18.1024],[72.9846,18.1026],[72.984,18.1026],[72.984,18.1029],[72.9835,18.1029],[72.9835,18.1035],[72.9832,18.1035],[72.9832,18.104],[72.9829,18.104],[72.9829,18.1043],[72.9826,18.1043],[72.9826,18.1051],[72.9824,18.1051],[72.9824,18.1054],[72.9821,18.1054],[72.9821,18.1057],[72.981,18.1057],[72.981,18.1063],[72.9807,18.1063],[72.9807,18.1068],[72.9804,18.1068],[72.9804,18.1074],[72.9801,18.1074],[72.9801,18.1076],[72.9796,18.1076],[72.9796,18.1079],[72.9793,18.1079],[72.9793,18.1082],[72.979,18.1082],[72.979,18.1099],[72.9788,18.1099],[72.9788,18.1118],[72.979,18.1118],[72.979,18.1121],[72.9793,18.1121],[72.9793,18.1138],[72.979,18.1138],[72.979,18.114],[72.9782,18.114],[72.9782,18.1143],[72.9771,18.1143],[72.9771,18.1149],[72.9768,18.1149],[72.9768,18.116],[72.9771,18.116],[72.9771,18.1171],[72.9774,18.1171],[72.9774,18.1174],[72.9771,18.1174],[72.9771,18.1179],[72.9768,18.1179],[72.9768,18.1185],[72.9765,18.1185],[72.9765,18.119],[72.9768,18.119],[72.9768,18.1196],[72.9765,18.1196],[72.9765,18.1201],[72.9762,18.1201],[72.9762,18.1207],[72.976,18.1207],[72.976,18.1218],[72.9757,18.1218],[72.9757,18.1224],[72.9754,18.1224],[72.9754,18.1229],[72.9751,18.1229],[72.9751,18.1232],[72.9746,18.1232],[72.9746,18.1235],[72.9743,18.1235],[72.9743,18.1232],[72.974,18.1232],[72.974,18.1235],[72.9737,18.1235],[72.9737,18.1238],[72.9732,18.1238],[72.9732,18.124],[72.9729,18.124],[72.9729,18.1243],[72.9726,18.1243],[72.9726,18.1249],[72.9724,18.1249],[72.9724,18.1265],[72.9722,18.1265],[72.9721,18.1276],[72.9718,18.1276],[72.9718,18.1299],[72.9715,18.1299],[72.9715,18.131],[72.9713,18.131],[72.9713,18.1321],[72.971,18.1321],[72.971,18.1329],[72.9726,18.1329],[72.9726,18.1326],[72.9729,18.1326],[72.9729,18.1329],[72.9732,18.1329],[72.9732,18.1335],[72.9735,18.1335],[72.9735,18.1338],[72.9737,18.1338],[72.9737,18.1342],[72.9737,18.1343],[72.9749,18.1343],[72.9749,18.1346],[72.9754,18.1346],[72.9754,18.1349],[72.976,18.1349],[72.976,18.1351],[72.9765,18.1351],[72.9765,18.1354],[72.9785,18.1354],[72.9785,18.1357],[72.979,18.1357],[72.979,18.136],[72.9793,18.136],[72.9793,18.1363],[72.9799,18.1363],[72.9799,18.1365],[72.981,18.1365],[72.981,18.1368],[72.9815,18.1368],[72.9815,18.1371],[72.9818,18.1371],[72.9818,18.141],[72.9821,18.141],[72.9821,18.1415],[72.9824,18.1415],[72.9824,18.1421],[72.9826,18.1421],[72.9826,18.1424],[72.9835,18.1424],[72.9835,18.1426],[72.9849,18.1426],[72.9849,18.1429],[72.9851,18.1429],[72.9851,18.1435],[72.9854,18.1435],[72.9854,18.1474],[72.9857,18.1474],[72.9857,18.1485],[72.986,18.1485],[72.986,18.1487],[72.9863,18.1487],[72.9863,18.149],[72.9868,18.149],[72.9868,18.1496],[72.9865,18.1496],[72.9865,18.1501],[72.9863,18.1501],[72.9863,18.151],[72.986,18.151],[72.986,18.1515],[72.9857,18.1515],[72.9857,18.1521],[72.986,18.1521],[72.986,18.1526],[72.9857,18.1526],[72.9857,18.1535],[72.9854,18.1535],[72.9854,18.1543],[72.9857,18.1543],[72.9857,18.1551],[72.986,18.1551],[72.986,18.1557],[72.9863,18.1557],[72.9863,18.1568],[72.9865,18.1568],[72.9865,18.1574],[72.9868,18.1574],[72.9868,18.1576],[72.9871,18.1576],[72.9871,18.1579],[72.9879,18.1579],[72.9879,18.1576],[72.9887,18.1576],[72.9887,18.1574],[72.9899,18.1574],[72.9899,18.1576],[72.9901,18.1576],[72.9901,18.1579],[72.9904,18.1579],[72.9904,18.1599],[72.9901,18.1599],[72.9901,18.1596],[72.9893,18.1596],[72.9893,18.1593],[72.9885,18.1593],[72.9885,18.1599],[72.9879,18.1599],[72.9879,18.1604],[72.9876,18.1604],[72.9876,18.1615],[72.9874,18.1615],[72.9874,18.1632],[72.9871,18.1632],[72.9871,18.164],[72.9868,18.164],[72.9868,18.1649],[72.9865,18.1649],[72.9865,18.1657],[72.9863,18.1657],[72.9863,18.1676],[72.986,18.1676],[72.986,18.1682],[72.9857,18.1682],[72.9857,18.1688],[72.9854,18.1688],[72.9854,18.1704],[72.9851,18.1704],[72.9851,18.171],[72.9849,18.171],[72.9849,18.1715],[72.9846,18.1715],[72.9846,18.1735],[72.9843,18.1735],[72.9843,18.1749],[72.984,18.1749],[72.984,18.1754],[72.9837,18.1754],[72.9837,18.1757],[72.9835,18.1757],[72.9835,18.1765],[72.9837,18.1765],[72.9837,18.1771],[72.9835,18.1771],[72.9835,18.1774],[72.9832,18.1773],[72.9832,18.1779],[72.9829,18.1779],[72.9829,18.1788],[72.9826,18.1788],[72.9826,18.1793],[72.9824,18.1793],[72.9824,18.1801],[72.9821,18.1801],[72.9821,18.1821],[72.9818,18.1821],[72.9818,18.1829],[72.9815,18.1829],[72.9815,18.1835],[72.9812,18.1835],[72.9812,18.1846],[72.981,18.1846],[72.981,18.1851],[72.9807,18.1851],[72.9807,18.1854],[72.9804,18.1854],[72.9804,18.1863],[72.9801,18.1863],[72.9801,18.1874],[72.9799,18.1874],[72.9799,18.1888],[72.9796,18.1888],[72.9796,18.1893],[72.9793,18.1893],[72.9793,18.1926],[72.979,18.1926],[72.979,18.1935],[72.9793,18.1935],[72.9793,18.1938],[72.9796,18.1938],[72.9796,18.194],[72.9801,18.194],[72.9801,18.1938],[72.9804,18.1938],[72.9804,18.1935],[72.9807,18.1935],[72.9807,18.1932],[72.9812,18.1932],[72.9812,18.1929],[72.9824,18.1929],[72.9824,18.1932],[72.9832,18.1932],[72.9832,18.1929],[72.9837,18.1929],[72.9837,18.1926],[72.9849,18.1926],[72.9849,18.1929],[72.9851,18.1929],[72.9851,18.1926],[72.9854,18.1926],[72.9854,18.1929],[72.9857,18.1929],[72.9857,18.1935],[72.9876,18.1935],[72.9876,18.194],[72.9879,18.194],[72.9879,18.1943],[72.9876,18.1943],[72.9876,18.1951],[72.9874,18.1951],[72.9874,18.1954],[72.9846,18.1954],[72.9846,18.1951],[72.9843,18.1951],[72.9843,18.1954],[72.984,18.1954],[72.984,18.1951],[72.9829,18.1951],[72.9829,18.1949],[72.9826,18.1949],[72.9826,18.1951],[72.9821,18.1951],[72.9821,18.1954],[72.9812,18.1954],[72.9812,18.196],[72.9804,18.196],[72.9804,18.1963],[72.9801,18.1963],[72.9801,18.1965],[72.9799,18.1965],[72.9799,18.1968],[72.9796,18.1968],[72.9796,18.1971],[72.9793,18.1971],[72.9793,18.1974],[72.979,18.1974],[72.979,18.1976],[72.9788,18.1976],[72.9788,18.1979],[72.9785,18.1979],[72.9785,18.1982],[72.9782,18.1982],[72.9782,18.1985],[72.9776,18.1985],[72.9776,18.1993],[72.9774,18.1993],[72.9774,18.1996],[72.9771,18.1996],[72.9771,18.2001],[72.9768,18.2001],[72.9768,18.2004],[72.9762,18.2004],[72.9762,18.2007],[72.9754,18.2007],[72.9754,18.201],[72.9751,18.201],[72.9751,18.2012],[72.9749,18.2012],[72.9749,18.2015],[72.9746,18.2015],[72.9746,18.2018],[72.9743,18.2018],[72.9743,18.2021],[72.9737,18.2021],[72.9737,18.2024],[72.9735,18.2024],[72.9735,18.2026],[72.9732,18.2026],[72.9732,18.2032],[72.9729,18.2032],[72.9729,18.2035],[72.9724,18.2035],[72.9724,18.2038],[72.9715,18.2038],[72.9715,18.2035],[72.9713,18.2035],[72.9713,18.2032],[72.971,18.2032],[72.971,18.2035],[72.9704,18.2035],[72.9704,18.2038],[72.9701,18.2038],[72.9701,18.2046],[72.9699,18.2046],[72.9699,18.2051],[72.9696,18.2051],[72.9696,18.2054],[72.9693,18.2054],[72.9693,18.2051],[72.9682,18.2051],[72.9682,18.2054],[72.9679,18.2054],[72.9679,18.2063],[72.9676,18.2063],[72.9676,18.2068],[72.9674,18.2068],[72.9674,18.2071],[72.9671,18.2071],[72.9671,18.2076],[72.9668,18.2076],[72.9668,18.2082],[72.9665,18.2082],[72.9665,18.2093],[72.9662,18.2093],[72.9662,18.2099],[72.966,18.2099],[72.966,18.2101],[72.9657,18.2101],[72.9657,18.2104],[72.9654,18.2104],[72.9654,18.2107],[72.9651,18.2107],[72.9651,18.211],[72.9649,18.211],[72.9649,18.2115],[72.9646,18.2115],[72.9646,18.2118],[72.9643,18.2118],[72.9643,18.2121],[72.9626,18.2121],[72.9626,18.2124],[72.9624,18.2124],[72.9624,18.2129],[72.9621,18.2129],[72.9621,18.2132],[72.9618,18.2132],[72.9618,18.2135],[72.9615,18.2135],[72.9615,18.2138],[72.961,18.2138],[72.961,18.214],[72.9607,18.214],[72.9607,18.2143],[72.9604,18.2143],[72.9604,18.2146],[72.9601,18.2146],[72.9601,18.2149],[72.9599,18.2149],[72.9599,18.2154],[72.9596,18.2154],[72.9596,18.2157],[72.9593,18.2157],[72.9593,18.2162],[72.959,18.2162],[72.959,18.2168],[72.9587,18.2168],[72.9587,18.2171],[72.9582,18.2171],[72.9582,18.2174],[72.9579,18.2174],[72.9579,18.2179],[72.9574,18.2179],[72.9574,18.2182],[72.9571,18.2182],[72.9571,18.2185],[72.9568,18.2185],[72.9568,18.2188],[72.9565,18.2188],[72.9565,18.219],[72.9563,18.219],[72.9563,18.2193],[72.9557,18.2193],[72.9557,18.2196],[72.9535,18.2196],[72.9535,18.2193],[72.9532,18.2193],[72.9532,18.219],[72.9529,18.219],[72.9529,18.2188],[72.9518,18.2188],[72.9518,18.219],[72.9515,18.219],[72.9515,18.2193],[72.9512,18.2193],[72.9512,18.2199],[72.951,18.2199],[72.951,18.2204],[72.9507,18.2204],[72.9507,18.2207],[72.9504,18.2207],[72.9504,18.221],[72.9501,18.221],[72.9501,18.2213],[72.9499,18.2213],[72.9499,18.2215],[72.9493,18.2215],[72.9493,18.2218],[72.9485,18.2218],[72.9485,18.2221],[72.9479,18.2221],[72.9479,18.2224],[72.9474,18.2224],[72.9474,18.2227],[72.9471,18.2227],[72.9471,18.2229],[72.9465,18.2229],[72.9465,18.2232],[72.9446,18.2232],[72.9446,18.2226],[72.9443,18.2227],[72.9443,18.2224],[72.9437,18.2224],[72.9437,18.2221],[72.9432,18.2221],[72.9432,18.2218],[72.9429,18.2218],[72.9429,18.2201],[72.9426,18.2201],[72.9426,18.2199],[72.9418,18.2199],[72.9418,18.2201],[72.9412,18.2201],[72.9412,18.2199],[72.941,18.2199],[72.941,18.2196],[72.9404,18.2196],[72.9404,18.2193],[72.9393,18.2193],[72.9393,18.219],[72.939,18.219],[72.939,18.2182],[72.9393,18.2182],[72.9393,18.2168],[72.9382,18.2168],[72.9382,18.2171],[72.9374,18.2171],[72.9374,18.2168],[72.9357,18.2168],[72.9357,18.2171],[72.9354,18.2171],[72.9354,18.2174],[72.9349,18.2174],[72.9349,18.2176],[72.9337,18.2176],[72.9337,18.2179],[72.9332,18.2179],[72.9332,18.2182],[72.9326,18.2182],[72.9326,18.2185],[72.9324,18.2185],[72.9324,18.2188],[72.9321,18.2188],[72.9321,18.219],[72.9318,18.219],[72.9318,18.2193],[72.9315,18.2193],[72.9315,18.2199],[72.9313,18.2199],[72.9313,18.2204],[72.931,18.2204],[72.931,18.2206],[72.931,18.2213],[72.9313,18.2213],[72.9313,18.2215],[72.931,18.2215],[72.931,18.2238],[72.9313,18.2238],[72.9313,18.224],[72.9318,18.224],[72.9318,18.2243],[72.9329,18.2243],[72.9332,18.2243],[72.9332,18.2246],[72.9335,18.2246],[72.9335,18.2254],[72.9335,18.226],[72.9337,18.226],[72.9337,18.2265],[72.934,18.2265],[72.934,18.2276],[72.9343,18.2276],[72.9343,18.2285],[72.9346,18.2285],[72.9346,18.229],[72.9349,18.229],[72.9349,18.2293],[72.9351,18.2293],[72.9351,18.2296],[72.9354,18.2296],[72.9354,18.2299],[72.9357,18.2299],[72.9357,18.2301],[72.9362,18.2301],[72.9362,18.2304],[72.9371,18.2304],[72.9371,18.2307],[72.9374,18.2307],[72.9374,18.231],[72.9376,18.231],[72.9376,18.2326],[72.9379,18.2326],[72.9379,18.2329],[72.9385,18.2329],[72.9385,18.2332],[72.9393,18.2332],[72.9393,18.2329],[72.9399,18.2329],[72.9399,18.2332],[72.9401,18.2332],[72.9401,18.2335],[72.9407,18.2335],[72.9407,18.2337],[72.941,18.2337],[72.941,18.234],[72.9412,18.234],[72.9412,18.2346],[72.9415,18.2346],[72.9415,18.2374],[72.9413,18.2374],[72.9413,18.2385],[72.941,18.2385],[72.941,18.2388],[72.9407,18.2388],[72.9407,18.239],[72.9404,18.239],[72.9404,18.2399],[72.9401,18.2399],[72.9401,18.2421],[72.9399,18.2421],[72.9399,18.2432],[72.9404,18.2432],[72.9404,18.2435],[72.9407,18.2435],[72.9407,18.2438],[72.941,18.2438],[72.941,18.2443],[72.9412,18.2443],[72.9412,18.2451],[72.941,18.2451],[72.941,18.2454],[72.9415,18.2454],[72.9415,18.2457],[72.9418,18.2457],[72.9418,18.246],[72.9421,18.246],[72.9421,18.2463],[72.9424,18.2463],[72.9424,18.2468],[72.9426,18.2468],[72.9426,18.2479],[72.9424,18.2479],[72.9424,18.2485],[72.9421,18.2485],[72.9421,18.249],[72.9418,18.249],[72.9418,18.2493],[72.9415,18.2493],[72.9415,18.2499],[72.9421,18.2499],[72.9421,18.2501],[72.9424,18.2501],[72.9424,18.2518],[72.9421,18.2518],[72.9421,18.2521],[72.9418,18.2521],[72.9418,18.2524],[72.9415,18.2524],[72.9415,18.2535],[72.9418,18.2535],[72.9418,18.2551],[72.9415,18.2551],[72.9415,18.2554],[72.9413,18.2554],[72.9413,18.256],[72.941,18.256],[72.941,18.2568],[72.9407,18.2568],[72.9407,18.2574],[72.9404,18.2574],[72.9404,18.2579],[72.9401,18.2579],[72.9401,18.2585],[72.9399,18.2585],[72.9399,18.259],[72.9396,18.259],[72.9396,18.2599],[72.9393,18.2599],[72.9393,18.2607],[72.9396,18.2607],[72.9396,18.261],[72.9399,18.261],[72.9399,18.2626],[72.9396,18.2626],[72.9396,18.2643],[72.9393,18.2643],[72.9393,18.2646],[72.939,18.2646],[72.939,18.2649],[72.9388,18.2649],[72.9388,18.2654],[72.9385,18.2654],[72.9385,18.266],[72.9382,18.266],[72.9382,18.2663],[72.9379,18.2663],[72.9379,18.2665],[72.9376,18.2665],[72.9376,18.269],[72.9374,18.269],[72.9374,18.2696],[72.9371,18.2696],[72.9371,18.2699],[72.9368,18.2699],[72.9368,18.2701],[72.9365,18.2701],[72.9365,18.2704],[72.9362,18.2704],[72.9362,18.2707],[72.936,18.2707],[72.936,18.271],[72.9357,18.271],[72.9357,18.2712],[72.9351,18.2713],[72.9351,18.2715],[72.9349,18.2715],[72.9349,18.2718],[72.9346,18.2718],[72.9346,18.2729],[72.9349,18.2729],[72.9349,18.2735],[72.9351,18.2735],[72.9351,18.2738],[72.9354,18.2738],[72.9354,18.274],[72.9357,18.274],[72.9357,18.2743],[72.936,18.2743],[72.936,18.2746],[72.9361,18.2746],[72.9365,18.2746],[72.9365,18.2749],[72.9371,18.2749],[72.9371,18.2751],[72.9374,18.2751],[72.9374,18.2757],[72.9371,18.2757],[72.9371,18.276],[72.9368,18.276],[72.9368,18.2763],[72.9365,18.2763],[72.9365,18.2765],[72.9364,18.2765],[72.9362,18.2765],[72.9362,18.2787],[72.936,18.2787],[72.936,18.279],[72.9357,18.279],[72.9357,18.2793],[72.9354,18.2793],[72.9354,18.2799],[72.9351,18.2799],[72.9351,18.281],[72.9354,18.281],[72.9354,18.2815],[72.9357,18.2815],[72.9357,18.2818],[72.936,18.2818],[72.936,18.2821],[72.9362,18.2821],[72.9362,18.2824],[72.9365,18.2824],[72.9365,18.2826],[72.9368,18.2826],[72.9368,18.2832],[72.9371,18.2832],[72.9371,18.2835],[72.9374,18.2835],[72.9374,18.2837],[72.9379,18.2837],[72.9379,18.284],[72.9382,18.284],[72.9382,18.2843],[72.9388,18.2843],[72.9388,18.2846],[72.939,18.2846],[72.939,18.2843],[72.9396,18.2843],[72.9396,18.284],[72.9401,18.284],[72.9401,18.2843],[72.9407,18.2843],[72.9407,18.2849],[72.941,18.2849],[72.941,18.2851],[72.9415,18.2851],[72.9415,18.2854],[72.9421,18.2854],[72.9421,18.2851],[72.9446,18.2851],[72.9446,18.2849],[72.946,18.2849],[72.946,18.2851],[72.9465,18.2851],[72.9465,18.2854],[72.9479,18.2854],[72.9479,18.2851],[72.9485,18.2851],[72.9485,18.2849],[72.949,18.2849],[72.949,18.2846],[72.9496,18.2846],[72.9496,18.2843],[72.9501,18.2843],[72.9501,18.284],[72.9507,18.284],[72.9507,18.2835],[72.951,18.2835],[72.951,18.2829],[72.9513,18.2829],[72.9513,18.2826],[72.9512,18.2815],[72.951,18.2815],[72.951,18.2801],[72.9513,18.2801],[72.9513,18.2799],[72.9518,18.2799],[72.9518,18.2796],[72.9529,18.2796],[72.9529,18.2793],[72.9532,18.2793],[72.9532,18.279],[72.9535,18.279],[72.9535,18.2787],[72.9538,18.2787],[72.9538,18.2782],[72.9546,18.2782],[72.9546,18.2779],[72.9551,18.2779],[72.9551,18.2776],[72.9563,18.2776],[72.9563,18.2779],[72.9571,18.2779],[72.9571,18.2782],[72.9574,18.2782],[72.9574,18.2785],[72.9585,18.2785],[72.9585,18.279],[72.959,18.279],[72.959,18.2793],[72.9593,18.2793],[72.9593,18.2799],[72.9596,18.2799],[72.9596,18.2801],[72.9601,18.2801],[72.9601,18.2804],[72.9613,18.2804],[72.9613,18.2807],[72.9627,18.2807],[72.9632,18.2807],[72.9632,18.2804],[72.9638,18.2804],[72.9638,18.2801],[72.9646,18.2801],[72.9646,18.2799],[72.9649,18.2799],[72.9649,18.2796],[72.9654,18.2796],[72.9654,18.2793],[72.9657,18.2793],[72.9657,18.279],[72.966,18.279],[72.966,18.2787],[72.9663,18.2787],[72.9662,18.2785],[72.9665,18.2785],[72.9665,18.2779],[72.9668,18.2779],[72.9668,18.2768],[72.9665,18.2768],[72.9665,18.2763],[72.9665,18.276],[72.9668,18.276],[72.9668,18.2754],[72.9671,18.2754],[72.9671,18.2751],[72.9682,18.2751],[72.9682,18.2749],[72.9688,18.2749],[72.9688,18.2746],[72.9693,18.2746],[72.9693,18.2743],[72.9696,18.2743],[72.9696,18.2724],[72.9699,18.2724],[72.9699,18.2721],[72.9704,18.2721],[72.9704,18.2713],[72.9707,18.2713],[72.9707,18.2693],[72.9704,18.2693],[72.9704,18.269],[72.9699,18.269],[72.9699,18.2687],[72.9696,18.2687],[72.9696,18.2679],[72.9699,18.2679],[72.9699,18.2676],[72.9701,18.2676],[72.9701,18.2665],[72.9704,18.2665],[72.9704,18.2651],[72.9701,18.2651],[72.9701,18.2646],[72.9699,18.2646],[72.9699,18.2643],[72.9707,18.2643],[72.9707,18.264],[72.9713,18.264],[72.9713,18.2638],[72.9715,18.2638],[72.9715,18.2635],[72.9737,18.2635],[72.9737,18.2629],[72.974,18.2629],[72.974,18.2624],[72.9737,18.2624],[72.9737,18.2621],[72.9735,18.2621],[72.9735,18.2615],[72.9732,18.2615],[72.9732,18.2612],[72.9729,18.2612],[72.9729,18.261],[72.9726,18.261],[72.9726,18.2607],[72.9721,18.2607],[72.9721,18.2604],[72.9718,18.2604],[72.9718,18.2601],[72.9713,18.2601],[72.9713,18.2571],[72.9715,18.2571],[72.9715,18.256],[72.9718,18.256],[72.9718,18.2551],[72.9721,18.2551],[72.9721,18.2543],[72.9724,18.2543],[72.9724,18.2532],[72.9726,18.2532],[72.9726,18.2526],[72.9729,18.2526],[72.9729,18.2521],[72.9732,18.2521],[72.9732,18.2515],[72.9735,18.2515],[72.9735,18.251],[72.9737,18.251],[72.9737,18.2504],[72.974,18.2504],[72.974,18.249],[72.9737,18.249],[72.9737,18.2476],[72.974,18.2476],[72.974,18.2468],[72.9743,18.2468],[72.9743,18.2465],[72.9751,18.2465],[72.9751,18.2468],[72.976,18.2468],[72.976,18.2465],[72.9765,18.2465],[72.9765,18.2463],[72.9774,18.2463],[72.9774,18.246],[72.9782,18.246],[72.9782,18.2457],[72.9799,18.2457],[72.9799,18.2454],[72.9804,18.2454],[72.9804,18.2449],[72.9807,18.2449],[72.9807,18.2443],[72.981,18.2443],[72.981,18.2438],[72.9812,18.2438],[72.9812,18.2429],[72.9815,18.2429],[72.9815,18.2421],[72.9824,18.2421],[72.9824,18.2424],[72.9826,18.2424],[72.9826,18.2426],[72.9829,18.2426],[72.9829,18.2429],[72.9832,18.2429],[72.9832,18.2432],[72.9843,18.2432],[72.9843,18.2435],[72.9849,18.2435],[72.9849,18.2432],[72.9865,18.2432],[72.9865,18.2435],[72.9879,18.2435],[72.9879,18.2438],[72.9885,18.2438],[72.9885,18.244],[72.9893,18.244],[72.9893,18.2443],[72.9899,18.2443],[72.9899,18.2446],[72.9904,18.2446],[72.9904,18.2449],[72.9907,18.2449],[72.9907,18.2451],[72.9912,18.2451],[72.9912,18.2454],[72.9915,18.2454],[72.9915,18.2457],[72.9918,18.2457],[72.9918,18.246],[72.9926,18.246],[72.9926,18.2463],[72.9932,18.2463],[72.9932,18.246],[72.994,18.246],[72.994,18.2457],[72.9946,18.2457],[72.9946,18.2454],[72.9954,18.2454],[72.9954,18.2451],[72.9962,18.2451],[72.9962,18.2449],[72.9976,18.2449],[72.9976,18.2451],[72.9979,18.2451],[72.9979,18.2476],[72.9982,18.2476],[72.9982,18.2479],[72.9985,18.2479],[72.9985,18.2482],[72.9987,18.2482],[72.9987,18.2485],[72.9999,18.2485],[73.0004,18.2485],[73.0004,18.2482],[73.001,18.2482],[73.001,18.2479],[73.0015,18.2479],[73.0015,18.2476],[73.0018,18.2476],[73.0018,18.2474],[73.0021,18.2474],[73.0021,18.2471],[73.0024,18.2471],[73.0024,18.2465],[73.0026,18.2465],[73.0026,18.2463],[73.0043,18.2463],[73.0043,18.246],[73.0046,18.246],[73.0046,18.2457],[73.0049,18.2457],[73.0049,18.2454],[73.0051,18.2454],[73.0051,18.2451],[73.0054,18.2451],[73.0054,18.2449],[73.0076,18.2449],[73.0076,18.2451],[73.0088,18.2451],[73.0088,18.2449],[73.0104,18.2449],[73.0104,18.2446],[73.011,18.2446],[73.011,18.2443],[73.0113,18.2443],[73.0113,18.244],[73.0115,18.244],[73.0115,18.2435],[73.0118,18.2435],[73.0118,18.2432],[73.0121,18.2432],[73.0121,18.2429],[73.0124,18.2429],[73.0124,18.2424],[73.0125,18.2424],[73.0126,18.2424],[73.0126,18.2421],[73.0132,18.2421],[73.0132,18.2424],[73.0136,18.2424],[73.0146,18.2424],[73.0146,18.2426],[73.0154,18.2426],[73.0154,18.2431],[73.0154,18.2432],[73.0157,18.2432],[73.0157,18.2435],[73.0154,18.2435],[73.0154,18.244],[73.0157,18.244],[73.0157,18.2443],[73.016,18.2443],[73.016,18.2446],[73.0163,18.2446],[73.0163,18.2449],[73.0165,18.2449],[73.0165,18.2451],[73.0168,18.2451],[73.0168,18.2454],[73.0171,18.2454],[73.0171,18.2457],[73.0179,18.2457],[73.0179,18.2446],[73.0182,18.2446],[73.0182,18.2438],[73.0182,18.2435],[73.0185,18.2435],[73.0185,18.2429],[73.0188,18.2429],[73.0188,18.2426],[73.0193,18.2426],[73.0193,18.2421],[73.0196,18.2421],[73.0196,18.2415],[73.0201,18.2415],[73.0201,18.2412],[73.0204,18.2412],[73.0204,18.2415],[73.0212,18.2415],[73.0212,18.2418],[73.0215,18.2418],[73.0215,18.2415],[73.0218,18.2415],[73.0218,18.241],[73.0224,18.241],[73.0224,18.2407],[73.0226,18.2407],[73.0226,18.241],[73.0229,18.241],[73.0229,18.2407],[73.0235,18.2407],[73.0235,18.241],[73.0251,18.241],[73.0251,18.2407],[73.0263,18.2407],[73.0263,18.2404],[73.0268,18.2404],[73.0268,18.2407],[73.027,18.2407],[73.0274,18.2407],[73.0274,18.2404],[73.0282,18.2404],[73.0282,18.2401],[73.0287,18.2401],[73.0287,18.2399],[73.0293,18.2399],[73.0293,18.2396],[73.0301,18.2396],[73.0301,18.2393],[73.0307,18.2393],[73.0307,18.239],[73.0313,18.239],[73.0313,18.2388],[73.0315,18.2388],[73.0315,18.2385],[73.0318,18.2385],[73.0318,18.2382],[73.0326,18.2382],[73.0326,18.2379],[73.0332,18.2379],[73.0332,18.2376],[73.0335,18.2376],[73.0335,18.2374],[73.034,18.2374],[73.034,18.2371],[73.0349,18.2371],[73.0349,18.2368],[73.0354,18.2368],[73.0354,18.2362],[73.036,18.2362],[73.036,18.236],[73.0362,18.236],[73.0362,18.2354],[73.0365,18.2354],[73.0365,18.2349],[73.0385,18.2349],[73.0385,18.2354],[73.039,18.2354],[73.039,18.2357],[73.041,18.2357],[73.041,18.2354],[73.0418,18.2354],[73.0418,18.2351],[73.0424,18.2351],[73.0424,18.2349],[73.0429,18.2349],[73.0429,18.2346],[73.044,18.2346],[73.044,18.2343],[73.0443,18.2343],[73.0443,18.234],[73.0449,18.234],[73.0449,18.2337],[73.0451,18.2337],[73.0451,18.234],[73.0457,18.234],[73.0457,18.2337],[73.0462,18.2337],[73.0462,18.2335],[73.0468,18.2335],[73.0468,18.2332],[73.0474,18.2332],[73.0474,18.2329],[73.0488,18.2329],[73.0488,18.2321],[73.049,18.2321],[73.049,18.2315],[73.0493,18.2315],[73.0493,18.2313],[73.049,18.2313],[73.049,18.2307],[73.0488,18.2307],[73.0488,18.2304],[73.049,18.2304],[73.049,18.2301],[73.0493,18.2301],[73.0493,18.2299],[73.0496,18.2299],[73.0496,18.2301],[73.0499,18.2301],[73.0499,18.2304],[73.0501,18.2304],[73.0501,18.2307],[73.0504,18.2307],[73.0504,18.231],[73.0507,18.231],[73.0507,18.2313],[73.051,18.2313],[73.051,18.2318],[73.0512,18.2318],[73.0512,18.2321],[73.0518,18.2321],[73.0518,18.2318],[73.0529,18.2318],[73.0529,18.2315],[73.0532,18.2315],[73.0532,18.2313],[73.0537,18.2313],[73.0537,18.231],[73.0549,18.231],[73.0549,18.2307],[73.0551,18.2307],[73.0551,18.2304],[73.0563,18.2304],[73.0563,18.2301],[73.0571,18.2301],[73.0571,18.2299],[73.0579,18.2299],[73.0579,18.2296],[73.0585,18.2296],[73.0585,18.2293],[73.059,18.2293],[73.059,18.229],[73.0593,18.229],[73.0593,18.2287],[73.0601,18.2287],[73.0601,18.2285],[73.0607,18.2285],[73.0607,18.2282],[73.0612,18.2282],[73.0612,18.2279],[73.0618,18.2279],[73.0618,18.2276],[73.0621,18.2276],[73.0621,18.2274],[73.0629,18.2274],[73.0629,18.2271],[73.0638,18.2271],[73.0638,18.2268],[73.064,18.2268],[73.064,18.2265],[73.0643,18.2265],[73.0643,18.2262],[73.0646,18.2262],[73.0646,18.226],[73.0651,18.226],[73.0651,18.2257],[73.0654,18.2257],[73.0654,18.2254],[73.0657,18.2254],[73.0657,18.2251],[73.0663,18.2251],[73.0662,18.2246],[73.0665,18.2246],[73.0665,18.2243],[73.0668,18.2243],[73.0668,18.224],[73.0674,18.224],[73.0674,18.2235],[73.0679,18.2235],[73.0679,18.2232],[73.0682,18.2232],[73.0682,18.2229],[73.0685,18.2229],[73.0685,18.2224],[73.069,18.2224],[73.069,18.2221],[73.0693,18.2221],[73.0693,18.2213],[73.0696,18.2213],[73.0696,18.221],[73.0699,18.221],[73.0699,18.2193],[73.0701,18.2193],[73.0701,18.2157],[73.0704,18.2157],[73.0704,18.211],[73.0707,18.211],[73.0707,18.2099],[73.071,18.2099],[73.071,18.2093],[73.0707,18.2093],[73.0707,18.2082],[73.0704,18.2082],[73.0704,18.2076],[73.0707,18.2076],[73.0707,18.2074],[73.0704,18.2074],[73.0704,18.2068],[73.0701,18.2068],[73.0701,18.206],[73.0699,18.206],[73.0699,18.2057],[73.0696,18.2057],[73.0696,18.2054],[73.0693,18.2054],[73.0693,18.2051],[73.0687,18.2051],[73.0687,18.2049],[73.0685,18.2049],[73.0685,18.2046],[73.0679,18.2046],[73.0679,18.2043],[73.0676,18.2043],[73.0676,18.204],[73.0671,18.204],[73.0671,18.2038],[73.0668,18.2038],[73.0668,18.2035],[73.0663,18.2035],[73.0663,18.2032],[73.066,18.2032],[73.066,18.2029],[73.0649,18.2029],[73.0649,18.2026],[73.0643,18.2026],[73.0643,18.2024],[73.064,18.2024],[73.064,18.2021],[73.0635,18.2021],[73.0635,18.2018],[73.0629,18.2018],[73.0629,18.2015],[73.0615,18.2015],[73.0615,18.2012],[73.0607,18.2012],[73.0607,18.201],[73.0601,18.201],[73.0601,18.2007],[73.0599,18.2007],[73.0599,18.2004],[73.0596,18.2004],[73.0596,18.2001],[73.0593,18.2001],[73.0593,18.1999],[73.0587,18.1999],[73.0587,18.1996],[73.0582,18.1996],[73.0582,18.199],[73.0576,18.199],[73.0576,18.1982],[73.0574,18.1982],[73.0574,18.1979],[73.0571,18.1979],[73.0571,18.1974],[73.0568,18.1974],[73.0568,18.1968],[73.0565,18.1968],[73.0565,18.1965],[73.0563,18.1965],[73.0563,18.196],[73.056,18.196],[73.056,18.1954],[73.0557,18.1954],[73.0557,18.1951],[73.0554,18.1951],[73.0554,18.1943],[73.0551,18.1943],[73.0551,18.194],[73.0554,18.194],[73.0554,18.1935],[73.0551,18.1935],[73.0551,18.1907],[73.0554,18.1907],[73.0554,18.1901],[73.0551,18.1901],[73.0551,18.1899],[73.0554,18.1899],[73.0554,18.1882],[73.0557,18.1882],[73.0557,18.1871],[73.056,18.1871],[73.056,18.1863],[73.0563,18.1863],[73.0563,18.1857],[73.0565,18.1857],[73.0565,18.1854],[73.0568,18.1854],[73.0568,18.1851],[73.0571,18.1851],[73.0571,18.1846],[73.0576,18.1846],[73.0576,18.184],[73.0579,18.184],[73.0579,18.1835],[73.0585,18.1835],[73.0585,18.1829],[73.0587,18.1829],[73.0587,18.1826],[73.0593,18.1826],[73.0593,18.1824],[73.0596,18.1824],[73.0596,18.1821],[73.0599,18.1821],[73.0599,18.1818],[73.0601,18.1818],[73.0601,18.1815],[73.0607,18.1815],[73.0607,18.181],[73.0612,18.181],[73.0612,18.1804],[73.0615,18.1804],[73.0615,18.1801],[73.0618,18.1801],[73.0618,18.1799],[73.0621,18.1799],[73.0621,18.1793],[73.0624,18.1793],[73.0624,18.179],[73.0629,18.179],[73.0629,18.1788],[73.0635,18.1788],[73.0635,18.1785],[73.0639,18.1785],[73.064,18.1785],[73.064,18.1782],[73.0646,18.1782],[73.0646,18.1775],[73.0646,18.1774],[73.0649,18.1774],[73.0649,18.1771],[73.0651,18.1771],[73.0651,18.1768],[73.0657,18.1768],[73.0657,18.1765],[73.066,18.1765],[73.066,18.1762],[73.0665,18.1762],[73.0665,18.176],[73.0671,18.176],[73.0671,18.1757],[73.0674,18.1757],[73.0674,18.1754],[73.0676,18.1754],[73.0676,18.1751],[73.0682,18.1751],[73.0682,18.1749],[73.0685,18.1749],[73.0685,18.1746],[73.0687,18.1746],[73.0687,18.1743],[73.069,18.1743],[73.069,18.1746],[73.0696,18.1746],[73.0696,18.1743],[73.0699,18.1743],[73.0699,18.174],[73.0701,18.174],[73.0701,18.1735],[73.0704,18.1735],[73.0704,18.1729],[73.071,18.1729],[73.071,18.1724],[73.0715,18.1724],[73.0715,18.1715],[73.0718,18.1715],[73.0718,18.1707],[73.0721,18.1707],[73.0721,18.1704],[73.0718,18.1704],[73.0718,18.1701],[73.0713,18.1701],[73.0713,18.1696],[73.071,18.1696],[73.071,18.1693],[73.0707,18.1693],[73.0707,18.169],[73.0704,18.169],[73.0704,18.1685],[73.0701,18.1685],[73.0701,18.1682],[73.0699,18.1682],[73.0699,18.1676],[73.0696,18.1676],[73.0696,18.1671],[73.0693,18.1671],[73.0693,18.1668],[73.069,18.1668],[73.069,18.1657],[73.0687,18.1657],[73.0687,18.1654],[73.069,18.1654],[73.069,18.1651],[73.0693,18.1651],[73.0693,18.166],[73.0696,18.166],[73.0696,18.1663],[73.0699,18.1663],[73.0699,18.1668],[73.0701,18.1668],[73.0701,18.1671],[73.0704,18.1671],[73.0704,18.1674],[73.0707,18.1674],[73.0707,18.1679],[73.071,18.1679],[73.071,18.1682],[73.0713,18.1682],[73.0713,18.1685],[73.0714,18.1685],[73.0715,18.1685],[73.0715,18.169],[73.0718,18.169],[73.0718,18.1696],[73.0721,18.1696],[73.0721,18.1699],[73.0732,18.1699],[73.0732,18.1696],[73.0735,18.1696],[73.0735,18.1693],[73.0738,18.1693],[73.0738,18.1688],[73.074,18.1688],[73.074,18.1682],[73.0743,18.1682],[73.0743,18.1676],[73.0749,18.1676],[73.0749,18.1671],[73.0751,18.1671],[73.0751,18.1668],[73.0754,18.1668],[73.0754,18.166],[73.0757,18.166],[73.0757,18.1657],[73.076,18.1657],[73.076,18.1654],[73.0765,18.1654],[73.0765,18.1651],[73.0768,18.1651],[73.0768,18.1649],[73.0771,18.1649],[73.0771,18.1638],[73.0768,18.1638],[73.0768,18.1626],[73.0765,18.1626],[73.0765,18.1618],[73.0762,18.1618],[73.0762,18.161],[73.076,18.161],[73.076,18.1609],[73.076,18.1607],[73.0757,18.1607],[73.0757,18.1604],[73.0754,18.1604],[73.0754,18.1601],[73.0751,18.1601],[73.0751,18.1599],[73.0749,18.1599],[73.0749,18.1596],[73.0746,18.1596],[73.0746,18.1593],[73.074,18.1593],[73.074,18.159],[73.0738,18.159],[73.0738,18.1585],[73.0735,18.1585],[73.0735,18.1576],[73.0732,18.1576],[73.0732,18.1574],[73.0729,18.1574],[73.0729,18.1568],[73.0726,18.1568],[73.0726,18.1565],[73.0732,18.1565],[73.0732,18.1568],[73.0735,18.1568],[73.0735,18.1571],[73.0738,18.1571],[73.0738,18.1574],[73.074,18.1574],[73.074,18.1576],[73.0743,18.1576],[73.0743,18.1579],[73.0746,18.1579],[73.0746,18.1585],[73.0749,18.1585],[73.0749,18.159],[73.0751,18.159],[73.0751,18.1593],[73.0754,18.1593],[73.0754,18.1596],[73.076,18.1596],[73.076,18.1599],[73.0766,18.1599],[73.0771,18.1599],[73.0771,18.1601],[73.0774,18.1601],[73.0774,18.1607],[73.0777,18.1607],[73.0777,18.1615],[73.0779,18.1615],[73.0779,18.1621],[73.0782,18.1621],[73.0782,18.1624],[73.0793,18.1624],[73.0793,18.1621],[73.0799,18.1621],[73.0799,18.1618],[73.0804,18.1618],[73.0804,18.1615],[73.0807,18.1615],[73.0807,18.1607],[73.081,18.1607],[73.081,18.1599],[73.0813,18.1599],[73.0813,18.159],[73.0815,18.159],[73.0815,18.1582],[73.0813,18.1582],[73.0813,18.1565],[73.0815,18.1565],[73.0815,18.1562],[73.0818,18.1562],[73.0818,18.1565],[73.0821,18.1565],[73.0821,18.1574],[73.0824,18.1574],[73.0824,18.1576],[73.0832,18.1576],[73.0832,18.1579],[73.084,18.1579],[73.084,18.1574],[73.0843,18.1574],[73.0843,18.1568],[73.0851,18.1568],[73.0851,18.1565],[73.0854,18.1565],[73.0854,18.156],[73.0857,18.156],[73.0857,18.1554],[73.086,18.1554],[73.086,18.1549],[73.0863,18.1549],[73.0863,18.154],[73.0865,18.154],[73.0865,18.1526],[73.0863,18.1526],[73.0863,18.1513],[73.0863,18.1507],[73.0865,18.1507],[73.0865,18.1504],[73.0871,18.1504],[73.0871,18.1507],[73.0874,18.1507],[73.0874,18.1508],[73.0874,18.151],[73.0876,18.151],[73.0876,18.1513],[73.0879,18.1513],[73.0879,18.1515],[73.0882,18.1515],[73.0882,18.1521],[73.0879,18.1521],[73.0879,18.1554],[73.0876,18.1554],[73.0876,18.1557],[73.0874,18.1557],[73.0874,18.1563],[73.0871,18.1563],[73.0871,18.1571],[73.0868,18.1571],[73.0868,18.1576],[73.0871,18.1576],[73.0871,18.1579],[73.0874,18.1579],[73.0874,18.1582],[73.0871,18.1582],[73.0871,18.1585],[73.0863,18.1585],[73.0863,18.1588],[73.0857,18.1588],[73.0857,18.159],[73.0854,18.159],[73.0854,18.1593],[73.0851,18.1593],[73.0851,18.1596],[73.0849,18.1596],[73.0849,18.1599],[73.0843,18.1599],[73.0843,18.1604],[73.084,18.1604],[73.084,18.1613],[73.0837,18.1613],[73.0837,18.1618],[73.0843,18.1618],[73.0843,18.1621],[73.0849,18.1621],[73.0849,18.1624],[73.0851,18.1624],[73.0851,18.1626],[73.0863,18.1626],[73.0863,18.1629],[73.0868,18.1629],[73.0868,18.1632],[73.0871,18.1632],[73.0871,18.1635],[73.0876,18.1635],[73.0876,18.1638],[73.0882,18.1638],[73.0882,18.164],[73.089,18.164],[73.089,18.1643],[73.0893,18.1643],[73.0893,18.1635],[73.0896,18.1635],[73.0896,18.1632],[73.0899,18.1632],[73.0899,18.1629],[73.0901,18.1629],[73.0901,18.1626],[73.0904,18.1626],[73.0904,18.1624],[73.0912,18.1624],[73.0912,18.1621],[73.0918,18.1621],[73.0918,18.1624],[73.0921,18.1624],[73.0921,18.1626],[73.0924,18.1626],[73.0924,18.1629],[73.0926,18.1629],[73.0926,18.1632],[73.0924,18.1632],[73.0924,18.1635],[73.0921,18.1635],[73.0921,18.164],[73.0918,18.164],[73.0918,18.1643],[73.0915,18.1643],[73.0915,18.1649],[73.0912,18.1649],[73.0912,18.1651],[73.0907,18.1651],[73.0907,18.1654],[73.0904,18.1654],[73.0904,18.1651],[73.0901,18.1651],[73.0901,18.1654],[73.0899,18.1654],[73.0899,18.1657],[73.0896,18.1657],[73.0896,18.1671],[73.0899,18.1671],[73.0899,18.1674],[73.0901,18.1674],[73.0901,18.1676],[73.0907,18.1676],[73.0907,18.1674],[73.0912,18.1674],[73.0912,18.1676],[73.0915,18.1676],[73.0915,18.1679],[73.0912,18.1679],[73.0912,18.1682],[73.091,18.1682],[73.091,18.1685],[73.0907,18.1685],[73.0907,18.169],[73.0904,18.169],[73.0904,18.1693],[73.0899,18.1693],[73.0899,18.1696],[73.0896,18.1696],[73.0896,18.1699],[73.0888,18.1699],[73.0888,18.1701],[73.0882,18.1701],[73.0882,18.1704],[73.0879,18.1704],[73.0879,18.1707],[73.0876,18.1707],[73.0876,18.171],[73.0874,18.171],[73.0874,18.1707],[73.0871,18.1707],[73.0871,18.1701],[73.0868,18.1701],[73.0868,18.1699],[73.086,18.1699],[73.086,18.1696],[73.0857,18.1696],[73.0857,18.1699],[73.0854,18.1699],[73.0854,18.1696],[73.0851,18.1696],[73.0851,18.1699],[73.084,18.1699],[73.084,18.1701],[73.0837,18.1701],[73.0837,18.1699],[73.0832,18.1699],[73.0832,18.1701],[73.0829,18.1701],[73.0829,18.1704],[73.0826,18.1704],[73.0826,18.1707],[73.0824,18.1707],[73.0824,18.171],[73.0821,18.171],[73.0821,18.1712],[73.0818,18.1712],[73.0818,18.1715],[73.0813,18.1715],[73.0813,18.1721],[73.081,18.1721],[73.081,18.1729],[73.0807,18.1729],[73.0807,18.174],[73.081,18.174],[73.081,18.1743],[73.0807,18.1743],[73.0807,18.176],[73.0804,18.176],[73.0804,18.1768],[73.0801,18.1768],[73.0801,18.1771],[73.0799,18.1771],[73.0799,18.1776],[73.0801,18.1776],[73.0801,18.1779],[73.0804,18.1779],[73.0804,18.1782],[73.0807,18.1782],[73.0807,18.179],[73.0804,18.179],[73.0804,18.1793],[73.0801,18.1793],[73.0801,18.179],[73.0799,18.179],[73.0799,18.1788],[73.0762,18.1788],[73.0762,18.179],[73.076,18.179],[73.076,18.1799],[73.0757,18.1799],[73.0757,18.1807],[73.0754,18.1807],[73.0754,18.181],[73.0751,18.181],[73.0751,18.1807],[73.0749,18.1807],[73.0749,18.1799],[73.0738,18.1799],[73.0738,18.1801],[73.0735,18.1801],[73.0735,18.1804],[73.0724,18.1804],[73.0724,18.1807],[73.0718,18.1807],[73.0718,18.181],[73.0715,18.181],[73.0715,18.1812],[73.071,18.1812],[73.071,18.1815],[73.0704,18.1815],[73.0704,18.1818],[73.0699,18.1818],[73.0699,18.1821],[73.0696,18.1821],[73.0696,18.1824],[73.069,18.1824],[73.069,18.1826],[73.0687,18.1826],[73.0687,18.1829],[73.0682,18.1829],[73.0682,18.1832],[73.0676,18.1832],[73.0676,18.1835],[73.0671,18.1835],[73.0671,18.1838],[73.0668,18.1838],[73.0668,18.1843],[73.0665,18.1843],[73.0665,18.1846],[73.066,18.1846],[73.066,18.1849],[73.0657,18.1849],[73.0657,18.1851],[73.0651,18.1851],[73.0651,18.1854],[73.0646,18.1854],[73.0646,18.1857],[73.0643,18.1857],[73.0643,18.186],[73.064,18.186],[73.064,18.1863],[73.0635,18.1863],[73.0635,18.1868],[73.0632,18.1868],[73.0632,18.1871],[73.0629,18.1871],[73.0629,18.1874],[73.0627,18.1874],[73.0627,18.1876],[73.0624,18.1876],[73.0624,18.1879],[73.0621,18.1879],[73.0621,18.1882],[73.0618,18.1882],[73.0618,18.1885],[73.0615,18.1885],[73.0615,18.1888],[73.0612,18.1888],[73.0612,18.189],[73.061,18.189],[73.061,18.1893],[73.0607,18.1893],[73.0607,18.1896],[73.0604,18.1896],[73.0604,18.1901],[73.0601,18.1901],[73.0601,18.1904],[73.0599,18.1904],[73.0599,18.1907],[73.0596,18.1907],[73.0596,18.1935],[73.0599,18.1935],[73.0599,18.1938],[73.0601,18.1938],[73.0601,18.1949],[73.0604,18.1949],[73.0604,18.1951],[73.0607,18.1951],[73.0607,18.1957],[73.0612,18.1957],[73.0612,18.196],[73.0615,18.196],[73.0615,18.1963],[73.0618,18.1963],[73.0618,18.1965],[73.0627,18.1965],[73.0627,18.1968],[73.0629,18.1968],[73.0629,18.1971],[73.0635,18.1971],[73.0635,18.1974],[73.064,18.1974],[73.064,18.1976],[73.0649,18.1976],[73.0649,18.1979],[73.0651,18.1979],[73.0651,18.1976],[73.0653,18.1976],[73.066,18.1976],[73.066,18.1979],[73.0679,18.1979],[73.0679,18.1976],[73.0685,18.1976],[73.0685,18.1974],[73.069,18.1974],[73.069,18.1971],[73.0696,18.1971],[73.0696,18.1974],[73.0707,18.1974],[73.0707,18.1976],[73.0718,18.1976],[73.0718,18.1979],[73.0721,18.1979],[73.0721,18.1982],[73.0726,18.1982],[73.0726,18.1985],[73.0732,18.1985],[73.0732,18.1987],[73.0738,18.1987],[73.0738,18.199],[73.0746,18.199],[73.0746,18.1993],[73.0751,18.1993],[73.0751,18.1999],[73.0755,18.1999],[73.0757,18.1999],[73.0757,18.2007],[73.076,18.2007],[73.076,18.2018],[73.0762,18.2018],[73.0762,18.2024],[73.0765,18.2024],[73.0765,18.204],[73.0762,18.204],[73.0762,18.2043],[73.0765,18.2043],[73.0765,18.2046],[73.0762,18.2046],[73.0762,18.2076],[73.0765,18.2076],[73.0765,18.2087],[73.0768,18.2087],[73.0768,18.2093],[73.0771,18.2093],[73.0771,18.2101],[73.0774,18.2101],[73.0774,18.2107],[73.0779,18.2107],[73.0779,18.2115],[73.0782,18.2115],[73.0782,18.2121],[73.0785,18.2121],[73.0785,18.2126],[73.0788,18.2126],[73.0788,18.2132],[73.079,18.2132],[73.079,18.2138],[73.0793,18.2138],[73.0793,18.214],[73.0796,18.214],[73.0796,18.2146],[73.0799,18.2146],[73.0799,18.2151],[73.0801,18.2151],[73.0801,18.2154],[73.0807,18.2154],[73.0807,18.2157],[73.081,18.2157],[73.081,18.2162],[73.0807,18.2162],[73.0807,18.2165],[73.0804,18.2165],[73.0804,18.2168],[73.0801,18.2168],[73.0801,18.2179],[73.0804,18.2179],[73.0804,18.2182],[73.0807,18.2182],[73.0807,18.2215],[73.0804,18.2215],[73.0804,18.2218],[73.0801,18.2218],[73.0801,18.2224],[73.0799,18.2224],[73.0799,18.2227],[73.0793,18.2227],[73.0793,18.2229],[73.079,18.2229],[73.079,18.2232],[73.0788,18.2232],[73.0788,18.2238],[73.0785,18.2238],[73.0785,18.2251],[73.0788,18.2251],[73.0788,18.226],[73.0796,18.226],[73.0796,18.2262],[73.0804,18.2262],[73.0804,18.2265],[73.0807,18.2265],[73.0807,18.2271],[73.0804,18.2271],[73.0804,18.2274],[73.0799,18.2274],[73.0799,18.2276],[73.0801,18.2276],[73.0801,18.2285],[73.0804,18.2285],[73.0804,18.2296],[73.0807,18.2296],[73.0807,18.2301],[73.0804,18.2301],[73.0804,18.2313],[73.0801,18.2313],[73.0801,18.2315],[73.0799,18.2315],[73.0799,18.2318],[73.0796,18.2318],[73.0796,18.2321],[73.0788,18.2321],[73.0788,18.2324],[73.0782,18.2324],[73.0782,18.2337],[73.0785,18.2337],[73.0785,18.2357],[73.0782,18.2357],[73.0782,18.236],[73.0779,18.236],[73.0779,18.2362],[73.0774,18.2362],[73.0774,18.236],[73.0771,18.236],[73.0771,18.2357],[73.0765,18.2357],[73.0765,18.236],[73.0762,18.236],[73.0762,18.2388],[73.076,18.2388],[73.076,18.239],[73.0749,18.239],[73.0749,18.2393],[73.0738,18.2393],[73.0738,18.2396],[73.0729,18.2396],[73.0729,18.2399],[73.0718,18.2399],[73.0718,18.2401],[73.0715,18.2401],[73.0715,18.2407],[73.0713,18.2407],[73.0713,18.241],[73.0704,18.241],[73.0704,18.2412],[73.0699,18.2412],[73.0699,18.2415],[73.0696,18.2415],[73.0696,18.2418],[73.069,18.2418],[73.069,18.2421],[73.0685,18.2421],[73.0685,18.2426],[73.0682,18.2426],[73.0682,18.2432],[73.0679,18.2432],[73.0679,18.244],[73.0676,18.244],[73.0676,18.2446],[73.0674,18.2446],[73.0674,18.2449],[73.0671,18.2449],[73.0671,18.2454],[73.0665,18.2454],[73.0665,18.2457],[73.0662,18.2457],[73.0663,18.2463],[73.0657,18.2463],[73.0657,18.2468],[73.0654,18.2468],[73.0654,18.2471],[73.0649,18.2471],[73.0649,18.2479],[73.0646,18.2479],[73.0646,18.2482],[73.064,18.2482],[73.064,18.2485],[73.0635,18.2485],[73.0635,18.249],[73.0632,18.249],[73.0632,18.2493],[73.0629,18.2493],[73.0629,18.2496],[73.0626,18.2496],[73.0627,18.2499],[73.0621,18.2499],[73.0621,18.2504],[73.0618,18.2504],[73.0618,18.251],[73.0615,18.251],[73.0615,18.2524],[73.0612,18.2524],[73.0612,18.2526],[73.0615,18.2526],[73.0615,18.2543],[73.0618,18.2543],[73.0618,18.2568],[73.0621,18.2568],[73.0621,18.2571],[73.0624,18.2571],[73.0624,18.2574],[73.0621,18.2574],[73.0621,18.2576],[73.0624,18.2576],[73.0624,18.2582],[73.0626,18.2582],[73.0626,18.2585],[73.0629,18.2585],[73.0629,18.2588],[73.0632,18.2588],[73.0632,18.259],[73.0635,18.259],[73.0635,18.2593],[73.0638,18.2593],[73.0638,18.2599],[73.064,18.2599],[73.064,18.2601],[73.0646,18.2601],[73.0646,18.2607],[73.0649,18.2607],[73.0649,18.261],[73.0654,18.261],[73.0654,18.2612],[73.0657,18.2612],[73.0657,18.2618],[73.0665,18.2618],[73.0665,18.2621],[73.0668,18.2621],[73.0668,18.2624],[73.0674,18.2624],[73.0674,18.2629],[73.0676,18.2629],[73.0676,18.2632],[73.0679,18.2632],[73.0679,18.264],[73.0682,18.264],[73.0682,18.2643],[73.0685,18.2643],[73.0685,18.2651],[73.0687,18.2651],[73.0687,18.2654],[73.069,18.2654],[73.069,18.2668],[73.0687,18.2668],[73.0687,18.2679],[73.0685,18.2679],[73.0685,18.269],[73.0682,18.269],[73.0682,18.2693],[73.0679,18.2693],[73.0679,18.2701],[73.0676,18.2701],[73.0676,18.2704],[73.0674,18.2704],[73.0674,18.271],[73.0671,18.271],[73.0671,18.2715],[73.0668,18.2715],[73.0668,18.2718],[73.0665,18.2718],[73.0665,18.2721],[73.0663,18.2721],[73.0663,18.2724],[73.066,18.2724],[73.066,18.2726],[73.0657,18.2726],[73.0657,18.2732],[73.0654,18.2732],[73.0654,18.2735],[73.0651,18.2735],[73.0651,18.2743],[73.0649,18.2743],[73.0649,18.2746],[73.0646,18.2746],[73.0646,18.2749],[73.0643,18.2749],[73.0643,18.2751],[73.064,18.2751],[73.064,18.2754],[73.0638,18.2754],[73.0638,18.2757],[73.0635,18.2757],[73.0635,18.276],[73.0632,18.276],[73.0632,18.2765],[73.0629,18.2765],[73.0629,18.2776],[73.0632,18.2776],[73.0632,18.2782],[73.0629,18.2782],[73.0629,18.2785],[73.0626,18.2785],[73.0626,18.2782],[73.0621,18.2782],[73.0621,18.2779],[73.0618,18.2779],[73.0618,18.2782],[73.0612,18.2782],[73.0612,18.2779],[73.0599,18.2779],[73.0599,18.2782],[73.0587,18.2782],[73.0587,18.2785],[73.0585,18.2785],[73.0585,18.2787],[73.0579,18.2787],[73.0579,18.279],[73.0574,18.279],[73.0574,18.2793],[73.0568,18.2793],[73.0568,18.2796],[73.0556,18.2796],[73.0554,18.2796],[73.0555,18.2799],[73.0526,18.2799],[73.0526,18.2804],[73.0529,18.2804],[73.0529,18.281],[73.0526,18.281],[73.0526,18.2812],[73.0524,18.2812],[73.0524,18.2815],[73.0521,18.2815],[73.0521,18.2818],[73.0518,18.2818],[73.0518,18.2821],[73.0515,18.2821],[73.0515,18.2829],[73.0512,18.2829],[73.0512,18.2832],[73.051,18.2832],[73.051,18.2837],[73.0504,18.2837],[73.0504,18.2843],[73.0501,18.2843],[73.0501,18.2846],[73.0499,18.2846],[73.0499,18.2849],[73.0499,18.2857],[73.0496,18.2857],[73.0496,18.286],[73.0493,18.286],[73.0493,18.2868],[73.049,18.2868],[73.049,18.2879],[73.0488,18.2879],[73.0488,18.289],[73.0485,18.289],[73.0485,18.2893],[73.0482,18.2893],[73.0482,18.2896],[73.0479,18.2896],[73.0479,18.2904],[73.0476,18.2904],[73.0476,18.291],[73.0474,18.291],[73.0474,18.2915],[73.0471,18.2915],[73.0471,18.2918],[73.0468,18.2918],[73.0468,18.2926],[73.0465,18.2926],[73.0465,18.2932],[73.0462,18.2932],[73.0462,18.2938],[73.046,18.2938],[73.046,18.294],[73.0457,18.294],[73.0457,18.2949],[73.0454,18.2949],[73.0454,18.2951],[73.0451,18.2951],[73.0451,18.2957],[73.0446,18.2957],[73.0446,18.296],[73.044,18.296],[73.044,18.2962],[73.0434,18.2962],[73.0432,18.2962],[73.0432,18.2971],[73.0429,18.2971],[73.0429,18.299],[73.0432,18.299],[73.0432,18.2999],[73.0435,18.2999],[73.0435,18.3004],[73.044,18.3004],[73.044,18.3013],[73.0443,18.3013],[73.0443,18.3018],[73.0449,18.3018],[73.0449,18.3021],[73.0451,18.3021],[73.0451,18.3024],[73.0457,18.3024],[73.0457,18.3026],[73.0462,18.3026],[73.0462,18.3029],[73.0471,18.3029],[73.0471,18.3032],[73.0482,18.3032],[73.0482,18.3037],[73.0512,18.3037],[73.0512,18.3035],[73.0521,18.3035],[73.0521,18.3032],[73.0526,18.3032],[73.0526,18.3029],[73.053,18.3029],[73.0532,18.3029],[73.0532,18.3026],[73.0537,18.3026],[73.0537,18.3024],[73.054,18.3024],[73.054,18.3021],[73.0549,18.3021],[73.0549,18.3018],[73.0551,18.3018],[73.0551,18.3015],[73.0554,18.3015],[73.0554,18.3013],[73.0557,18.3013],[73.0557,18.301],[73.056,18.301],[73.056,18.3007],[73.0563,18.3007],[73.0563,18.3004],[73.0571,18.3004],[73.0571,18.3001],[73.0607,18.3001],[73.0607,18.2999],[73.0618,18.2999],[73.0618,18.2996],[73.0632,18.2996],[73.0632,18.2993],[73.0651,18.2993],[73.0651,18.299],[73.066,18.299],[73.066,18.2993],[73.0663,18.2993],[73.0663,18.2996],[73.0679,18.2996],[73.0679,18.2993],[73.0687,18.2993],[73.0687,18.299],[73.0701,18.299],[73.0701,18.2993],[73.0704,18.2993],[73.0704,18.299],[73.0721,18.299],[73.0721,18.2988],[73.0729,18.2988],[73.0729,18.2985],[73.0768,18.2985],[73.0768,18.2982],[73.0765,18.2982],[73.0765,18.2962],[73.0768,18.2962],[73.0768,18.296],[73.0771,18.296],[73.0771,18.2957],[73.0774,18.2957],[73.0774,18.2954],[73.0796,18.2954],[73.0796,18.2951],[73.0815,18.2951],[73.0815,18.2949],[73.0818,18.2949],[73.0818,18.2946],[73.0821,18.2946],[73.0821,18.294],[73.0824,18.294],[73.0824,18.2938],[73.0826,18.2938],[73.0826,18.2935],[73.0829,18.2935],[73.0829,18.2929],[73.0832,18.2929],[73.0832,18.2921],[73.0835,18.2921],[73.0835,18.2915],[73.0837,18.2915],[73.0837,18.291],[73.084,18.291],[73.084,18.2904],[73.0843,18.2904],[73.0843,18.2902],[73.0843,18.2896],[73.0846,18.2896],[73.0846,18.2893],[73.0849,18.2893],[73.0849,18.2887],[73.0851,18.2887],[73.0851,18.2885],[73.0854,18.2885],[73.0854,18.2882],[73.086,18.2882],[73.086,18.2879],[73.0863,18.2879],[73.0863,18.2882],[73.0865,18.2882],[73.0865,18.2885],[73.0863,18.2885],[73.0863,18.2887],[73.086,18.2887],[73.086,18.289],[73.0857,18.289],[73.0857,18.2893],[73.0854,18.2893],[73.0854,18.2896],[73.0851,18.2896],[73.0851,18.2898],[73.0851,18.2904],[73.0849,18.2904],[73.0849,18.291],[73.0846,18.291],[73.0846,18.2915],[73.0843,18.2915],[73.0843,18.2921],[73.084,18.2921],[73.084,18.2929],[73.0837,18.2929],[73.0837,18.2935],[73.0835,18.2935],[73.0835,18.294],[73.0832,18.294],[73.0832,18.2943],[73.0829,18.2943],[73.0829,18.2949],[73.0826,18.2949],[73.0826,18.2957],[73.0824,18.2957],[73.0824,18.296],[73.0821,18.296],[73.0821,18.2962],[73.081,18.2962],[73.081,18.2965],[73.0785,18.2965],[73.0785,18.2968],[73.0782,18.2968],[73.0782,18.2971],[73.0779,18.2971],[73.0779,18.2974],[73.0776,18.2974],[73.0776,18.2985],[73.0779,18.2985],[73.0779,18.2988],[73.0782,18.2988],[73.0782,18.299],[73.0785,18.299],[73.0785,18.2996],[73.0788,18.2996],[73.0788,18.3001],[73.079,18.3001],[73.079,18.3004],[73.0799,18.3004],[73.0799,18.3007],[73.0804,18.3007],[73.0804,18.301],[73.0824,18.301],[73.0824,18.3013],[73.0826,18.3013],[73.0826,18.3038],[73.0826,18.3049],[73.0829,18.3049],[73.0829,18.3051],[73.0826,18.3051],[73.0826,18.3054],[73.0829,18.3054],[73.0829,18.3082],[73.0832,18.3082],[73.0832,18.3087],[73.0829,18.3087],[73.0829,18.3093],[73.0826,18.3093],[73.0826,18.3101],[73.0824,18.3101],[73.0824,18.3104],[73.0821,18.3104],[73.0821,18.3121],[73.0824,18.3121],[73.0824,18.3129],[73.0826,18.3129],[73.0826,18.3135],[73.0829,18.3135],[73.0829,18.314],[73.0832,18.314],[73.0832,18.3143],[73.0835,18.3143],[73.0835,18.3146],[73.0832,18.3146],[73.0832,18.3149],[73.0835,18.3149],[73.0835,18.3151],[73.0837,18.3151],[73.0837,18.3157],[73.0843,18.3157],[73.0843,18.316],[73.0846,18.316],[73.0846,18.3162],[73.0849,18.3162],[73.0849,18.3168],[73.0851,18.3168],[73.0851,18.3174],[73.0854,18.3174],[73.0854,18.3185],[73.0857,18.3185],[73.0857,18.3188],[73.086,18.3188],[73.086,18.319],[73.0865,18.319],[73.0865,18.3193],[73.0863,18.3193],[73.0863,18.3196],[73.0865,18.3196],[73.0865,18.3201],[73.0868,18.3201],[73.0868,18.3204],[73.0871,18.3204],[73.0871,18.3213],[73.0874,18.3213],[73.0874,18.3224],[73.0876,18.3224],[73.0876,18.3226],[73.0879,18.3226],[73.0879,18.3229],[73.0882,18.3229],[73.0882,18.3235],[73.0885,18.3235],[73.0885,18.3238],[73.0882,18.3238],[73.0882,18.324],[73.0876,18.324],[73.0876,18.3238],[73.0874,18.3238],[73.0874,18.3232],[73.0871,18.3232],[73.0871,18.3229],[73.0868,18.3229],[73.0868,18.3226],[73.0865,18.3226],[73.0865,18.3224],[73.0863,18.3224],[73.0863,18.3215],[73.086,18.3215],[73.086,18.3201],[73.0857,18.3201],[73.0857,18.3204],[73.0851,18.3204],[73.0851,18.3207],[73.0849,18.3207],[73.0849,18.321],[73.0846,18.321],[73.0846,18.3226],[73.0843,18.3226],[73.0843,18.3229],[73.084,18.3229],[73.084,18.3249],[73.0837,18.3248],[73.0837,18.3254],[73.084,18.3254],[73.084,18.3265],[73.0843,18.3265],[73.0843,18.3268],[73.0851,18.3268],[73.0851,18.3265],[73.086,18.3265],[73.086,18.3263],[73.0879,18.3263],[73.0879,18.3268],[73.086,18.3268],[73.086,18.3271],[73.0854,18.3271],[73.0854,18.3274],[73.0851,18.3274],[73.0851,18.3276],[73.0849,18.3276],[73.0849,18.3282],[73.0851,18.3282],[73.0851,18.3296],[73.0849,18.3296],[73.0849,18.3299],[73.0846,18.3299],[73.0846,18.3296],[73.0843,18.3296],[73.0843,18.3293],[73.084,18.3293],[73.084,18.3274],[73.0837,18.3274],[73.0837,18.3271],[73.0835,18.3271],[73.0835,18.3268],[73.0832,18.3268],[73.0832,18.3265],[73.0829,18.3265],[73.0829,18.3248],[73.0826,18.3249],[73.0826,18.3246],[73.0824,18.3246],[73.0824,18.3235],[73.0821,18.3235],[73.0821,18.3232],[73.0818,18.3232],[73.0818,18.3229],[73.0815,18.3229],[73.0815,18.3226],[73.0813,18.3226],[73.0813,18.3224],[73.081,18.3224],[73.081,18.3218],[73.0807,18.3218],[73.0807,18.3215],[73.0804,18.3215],[73.0804,18.321],[73.0801,18.321],[73.0801,18.3201],[73.0799,18.3201],[73.0799,18.3196],[73.0796,18.3196],[73.0796,18.3193],[73.0793,18.3193],[73.0793,18.3176],[73.079,18.3176],[73.079,18.3168],[73.0788,18.3168],[73.0788,18.3162],[73.079,18.3162],[73.079,18.3157],[73.0788,18.3157],[73.0788,18.3146],[73.0785,18.3146],[73.0785,18.3143],[73.0779,18.3143],[73.0779,18.314],[73.0777,18.314],[73.0777,18.3138],[73.0774,18.3138],[73.0774,18.3132],[73.0771,18.3132],[73.0771,18.3129],[73.0768,18.3129],[73.0768,18.3126],[73.0765,18.3126],[73.0765,18.3124],[73.0762,18.3124],[73.0762,18.3121],[73.076,18.3121],[73.076,18.3118],[73.0757,18.3118],[73.0757,18.3113],[73.0754,18.3113],[73.0754,18.311],[73.0749,18.311],[73.0749,18.3107],[73.0746,18.3107],[73.0746,18.3099],[73.0743,18.3099],[73.0743,18.3096],[73.074,18.3096],[73.074,18.3093],[73.0738,18.3093],[73.0738,18.3087],[73.0735,18.3087],[73.0735,18.3085],[73.0726,18.3085],[73.0726,18.3082],[73.0724,18.3082],[73.0724,18.3079],[73.0718,18.3079],[73.0718,18.3076],[73.0715,18.3076],[73.0715,18.3074],[73.071,18.3074],[73.071,18.3071],[73.0707,18.3071],[73.0707,18.3068],[73.0699,18.3068],[73.0699,18.3065],[73.0696,18.3065],[73.0696,18.3062],[73.0693,18.3062],[73.0693,18.306],[73.069,18.306],[73.069,18.3057],[73.0687,18.3057],[73.0687,18.3054],[73.0685,18.3054],[73.0685,18.3051],[73.0682,18.3051],[73.0682,18.3049],[73.0674,18.3049],[73.0674,18.3046],[73.0668,18.3046],[73.0668,18.3043],[73.066,18.3043],[73.066,18.304],[73.0657,18.304],[73.0657,18.3037],[73.0638,18.3037],[73.0638,18.3035],[73.0632,18.3035],[73.0632,18.3032],[73.0626,18.3032],[73.0626,18.3029],[73.0615,18.3029],[73.0615,18.3032],[73.061,18.3032],[73.061,18.3035],[73.0599,18.3035],[73.0599,18.3037],[73.0585,18.3037],[73.0585,18.304],[73.0582,18.304],[73.0582,18.3043],[73.0576,18.3043],[73.0576,18.3046],[73.0563,18.3046],[73.0563,18.3049],[73.056,18.3049],[73.056,18.3051],[73.0554,18.3051],[73.0554,18.3054],[73.0549,18.3054],[73.0549,18.3057],[73.0546,18.3057],[73.0546,18.306],[73.0541,18.306],[73.054,18.3062],[73.0537,18.3062],[73.0537,18.3065],[73.0529,18.3065],[73.0529,18.3068],[73.0524,18.3068],[73.0524,18.3071],[73.0518,18.3071],[73.0518,18.3074],[73.0512,18.3074],[73.0512,18.3076],[73.0507,18.3076],[73.0507,18.3079],[73.0504,18.3079],[73.0504,18.3076],[73.049,18.3076],[73.049,18.3074],[73.0485,18.3074],[73.0485,18.3071],[73.0482,18.3071],[73.0482,18.3068],[73.0476,18.3068],[73.0476,18.3065],[73.0468,18.3065],[73.0468,18.3068],[73.0465,18.3068],[73.0465,18.3065],[73.0454,18.3065],[73.0454,18.306],[73.0449,18.306],[73.0449,18.3057],[73.0446,18.3057],[73.0446,18.3054],[73.044,18.3054],[73.044,18.3051],[73.0437,18.3051],[73.0437,18.3049],[73.0435,18.3049],[73.0434,18.3043],[73.0429,18.3043],[73.0429,18.3037],[73.0424,18.3037],[73.0424,18.3035],[73.0421,18.3035],[73.0421,18.3029],[73.0418,18.3029],[73.0418,18.3026],[73.0413,18.3026],[73.0413,18.3021],[73.0407,18.3021],[73.0407,18.3018],[73.0404,18.3018],[73.0404,18.3015],[73.0401,18.3015],[73.0401,18.301],[73.0399,18.301],[73.0399,18.3007],[73.0396,18.3007],[73.0396,18.2996],[73.0393,18.2996],[73.0393,18.2979],[73.0396,18.2979],[73.0396,18.2976],[73.0393,18.2976],[73.0393,18.2968],[73.0396,18.2968],[73.0396,18.2965],[73.0393,18.2965],[73.0393,18.2962],[73.0396,18.2962],[73.0396,18.296],[73.0393,18.296],[73.0393,18.2957],[73.0396,18.2957],[73.0396,18.2946],[73.0399,18.2946],[73.0399,18.2938],[73.0401,18.2938],[73.0401,18.2929],[73.0404,18.2929],[73.0404,18.2924],[73.0407,18.2924],[73.0407,18.2918],[73.041,18.2918],[73.041,18.2915],[73.0413,18.2915],[73.0413,18.291],[73.0415,18.291],[73.0415,18.2907],[73.0421,18.2907],[73.0421,18.2901],[73.0424,18.2901],[73.0424,18.2899],[73.0426,18.2899],[73.0426,18.2896],[73.0429,18.2896],[73.0429,18.2893],[73.0432,18.2893],[73.0432,18.289],[73.0435,18.289],[73.0435,18.2885],[73.0437,18.2885],[73.0437,18.2876],[73.044,18.2876],[73.044,18.2871],[73.0443,18.2871],[73.0443,18.2865],[73.0446,18.2865],[73.0446,18.286],[73.0449,18.286],[73.0449,18.2849],[73.0451,18.2849],[73.0451,18.2843],[73.0454,18.2843],[73.0454,18.2837],[73.046,18.2837],[73.046,18.2835],[73.0457,18.2835],[73.0457,18.2826],[73.046,18.2826],[73.046,18.2812],[73.0462,18.2812],[73.0462,18.281],[73.0465,18.281],[73.0465,18.2807],[73.0474,18.2807],[73.0474,18.2804],[73.0479,18.2804],[73.0479,18.2799],[73.0482,18.2799],[73.0482,18.2793],[73.0485,18.2793],[73.0485,18.279],[73.0488,18.279],[73.0488,18.2785],[73.0493,18.2785],[73.0493,18.2782],[73.0496,18.2782],[73.0496,18.2776],[73.0499,18.2776],[73.0499,18.2774],[73.0504,18.2774],[73.0504,18.2771],[73.0507,18.2771],[73.0507,18.2768],[73.0512,18.2768],[73.0512,18.2765],[73.0515,18.2765],[73.0515,18.2763],[73.0518,18.2763],[73.0518,18.276],[73.0521,18.276],[73.0521,18.2754],[73.0524,18.2754],[73.0524,18.2751],[73.0526,18.2751],[73.0526,18.2749],[73.0532,18.2749],[73.0532,18.2746],[73.0535,18.2746],[73.0535,18.274],[73.0537,18.274],[73.0537,18.2738],[73.054,18.2738],[73.054,18.2732],[73.0543,18.2732],[73.0543,18.2729],[73.0546,18.2729],[73.0546,18.2718],[73.0549,18.2718],[73.0549,18.2715],[73.0546,18.2715],[73.0546,18.2704],[73.0543,18.2704],[73.0543,18.2699],[73.054,18.2699],[73.054,18.2696],[73.0537,18.2696],[73.0537,18.2693],[73.0535,18.2693],[73.0535,18.269],[73.0532,18.269],[73.0532,18.2687],[73.0526,18.2687],[73.0526,18.2685],[73.0524,18.2685],[73.0524,18.2682],[73.0521,18.2682],[73.0521,18.2685],[73.0507,18.2685],[73.0507,18.2682],[73.0496,18.2682],[73.0496,18.2679],[73.049,18.2679],[73.049,18.2676],[73.0482,18.2676],[73.0482,18.2674],[73.0474,18.2674],[73.0474,18.2671],[73.0462,18.2671],[73.0462,18.2668],[73.0454,18.2668],[73.0454,18.2665],[73.0437,18.2665],[73.0437,18.266],[73.0435,18.266],[73.0435,18.2657],[73.0429,18.2657],[73.0429,18.2654],[73.0424,18.2654],[73.0424,18.2651],[73.0418,18.2651],[73.0418,18.2649],[73.0415,18.2649],[73.0415,18.2646],[73.0399,18.2646],[73.0399,18.2649],[73.0382,18.2649],[73.036,18.2649],[73.036,18.2646],[73.0357,18.2646],[73.0357,18.2649],[73.0351,18.2649],[73.0351,18.2651],[73.0349,18.2651],[73.0349,18.2654],[73.0346,18.2654],[73.0346,18.2657],[73.0338,18.2657],[73.0338,18.266],[73.0326,18.266],[73.0326,18.2663],[73.0315,18.2663],[73.0315,18.266],[73.0313,18.266],[73.0313,18.2657],[73.0307,18.2657],[73.0307,18.2654],[73.0304,18.2654],[73.0304,18.2651],[73.0301,18.2651],[73.0301,18.2649],[73.0296,18.2649],[73.0296,18.2646],[73.029,18.2646],[73.029,18.2643],[73.0279,18.2643],[73.0279,18.266],[73.0282,18.266],[73.0282,18.2668],[73.0279,18.2668],[73.0279,18.2671],[73.0274,18.2671],[73.0274,18.2674],[73.0271,18.2674],[73.0271,18.2676],[73.0268,18.2676],[73.0268,18.2679],[73.0265,18.2679],[73.0265,18.2687],[73.0263,18.2687],[73.0263,18.269],[73.026,18.269],[73.026,18.2693],[73.0254,18.2693],[73.0254,18.2696],[73.0251,18.2696],[73.0251,18.2693],[73.0249,18.2693],[73.0249,18.2687],[73.0246,18.2687],[73.0246,18.2685],[73.0235,18.2685],[73.0235,18.2687],[73.0229,18.2687],[73.0229,18.269],[73.0215,18.269],[73.0215,18.2696],[73.021,18.2696],[73.021,18.2699],[73.0207,18.2699],[73.0207,18.2704],[73.0204,18.2704],[73.0204,18.2718],[73.021,18.2718],[73.021,18.2721],[73.0212,18.2721],[73.0212,18.2724],[73.0218,18.2724],[73.0218,18.2726],[73.0221,18.2726],[73.0221,18.2729],[73.0224,18.2729],[73.0224,18.2732],[73.0226,18.2732],[73.0226,18.274],[73.0224,18.274],[73.0224,18.2751],[73.0221,18.2751],[73.0221,18.2754],[73.0218,18.2754],[73.0218,18.2765],[73.0221,18.2765],[73.0221,18.2768],[73.0224,18.2768],[73.0224,18.2774],[73.0221,18.2774],[73.0221,18.2779],[73.0218,18.2779],[73.0218,18.2782],[73.0215,18.2782],[73.0215,18.2785],[73.0207,18.2785],[73.0207,18.279],[73.0204,18.279],[73.0204,18.2793],[73.0201,18.2793],[73.0201,18.2796],[73.0199,18.2796],[73.0199,18.2799],[73.0193,18.2799],[73.0193,18.2801],[73.0188,18.2801],[73.0188,18.2804],[73.0185,18.2804],[73.0185,18.2807],[73.0179,18.2807],[73.0179,18.281],[73.0173,18.281],[73.0173,18.2812],[73.0168,18.2812],[73.0168,18.2815],[73.0165,18.2815],[73.0165,18.2818],[73.016,18.2818],[73.016,18.2821],[73.0151,18.2821],[73.0151,18.2824],[73.0146,18.2824],[73.0146,18.2826],[73.0143,18.2826],[73.0143,18.2829],[73.0137,18.2829],[73.0137,18.2832],[73.0129,18.2832],[73.0129,18.2835],[73.0124,18.2835],[73.0124,18.2837],[73.0113,18.2837],[73.0113,18.284],[73.0096,18.284],[73.0096,18.2843],[73.0088,18.2843],[73.0088,18.2846],[73.0029,18.2846],[73.0029,18.2843],[73.0004,18.2843],[73.0004,18.2835],[72.9999,18.2835],[72.9993,18.2835],[72.9993,18.2832],[72.9987,18.2832],[72.9987,18.2829],[72.9979,18.2829],[72.9979,18.2821],[72.9982,18.2821],[72.9982,18.2812],[72.9979,18.2812],[72.9979,18.2807],[72.9976,18.2807],[72.9976,18.2801],[72.9974,18.2801],[72.9974,18.2796],[72.9971,18.2796],[72.9971,18.2782],[72.9968,18.2782],[72.9968,18.2771],[72.9965,18.2771],[72.9965,18.2765],[72.9962,18.2765],[72.9962,18.2763],[72.996,18.2763],[72.996,18.276],[72.9957,18.276],[72.9957,18.2757],[72.9954,18.2757],[72.9954,18.2754],[72.9951,18.2754],[72.9951,18.2751],[72.9949,18.2751],[72.9949,18.2749],[72.9943,18.2749],[72.9943,18.2743],[72.994,18.2743],[72.994,18.2735],[72.9929,18.2735],[72.9929,18.2751],[72.9926,18.2751],[72.9926,18.2763],[72.9924,18.2763],[72.9924,18.2768],[72.9918,18.2768],[72.9918,18.279],[72.9921,18.279],[72.9921,18.2801],[72.9918,18.2801],[72.9918,18.2807],[72.9915,18.2807],[72.9915,18.2812],[72.9912,18.2812],[72.9912,18.2815],[72.991,18.2815],[72.991,18.2821],[72.9907,18.2821],[72.9907,18.2824],[72.9904,18.2824],[72.9904,18.284],[72.9907,18.284],[72.9907,18.2846],[72.9904,18.2846],[72.9904,18.2854],[72.9901,18.2854],[72.9901,18.2865],[72.9899,18.2865],[72.9899,18.2871],[72.9896,18.2871],[72.9896,18.2874],[72.9876,18.2874],[72.9876,18.2871],[72.9871,18.2871],[72.9871,18.2876],[72.9868,18.2876],[72.9868,18.2885],[72.9865,18.2885],[72.9865,18.2896],[72.9868,18.2896],[72.9868,18.2904],[72.9865,18.2904],[72.9865,18.2915],[72.9863,18.2915],[72.9863,18.2918],[72.986,18.2918],[72.986,18.2924],[72.9851,18.2924],[72.9851,18.2926],[72.984,18.2926],[72.984,18.2929],[72.9837,18.2929],[72.9837,18.294],[72.9835,18.294],[72.9835,18.2946],[72.9832,18.2946],[72.9832,18.2951],[72.9829,18.2951],[72.9829,18.296],[72.9826,18.296],[72.9826,18.2968],[72.9824,18.2968],[72.9824,18.2972],[72.9824,18.2979],[72.9821,18.2979],[72.9821,18.2985],[72.9818,18.2985],[72.9818,18.2993],[72.9815,18.2993],[72.9815,18.2999],[72.9806,18.2999],[72.9804,18.2999],[72.9804,18.3001],[72.979,18.3001],[72.979,18.2996],[72.9793,18.2996],[72.9793,18.299],[72.9785,18.299],[72.9785,18.2988],[72.9779,18.2988],[72.9779,18.299],[72.9771,18.299],[72.9771,18.2993],[72.9762,18.2993],[72.9762,18.2996],[72.9757,18.2996],[72.9757,18.2999],[72.9746,18.2999],[72.9746,18.3001],[72.9743,18.3001],[72.9743,18.3004],[72.974,18.3004],[72.974,18.3007],[72.9737,18.3007],[72.9737,18.301],[72.9735,18.301],[72.9735,18.3013],[72.9732,18.3013],[72.9732,18.3018],[72.9724,18.3018],[72.9724,18.3015],[72.9718,18.3015],[72.9718,18.3013],[72.971,18.3013],[72.971,18.2996],[72.9704,18.2996],[72.9704,18.2999],[72.9701,18.2999],[72.9701,18.3001],[72.9699,18.3001],[72.9699,18.3007],[72.9696,18.3007],[72.9696,18.3013],[72.9693,18.3013],[72.9693,18.3018],[72.969,18.3018],[72.969,18.3024],[72.9688,18.3024],[72.9688,18.3037],[72.9685,18.3037],[72.9685,18.3046],[72.9682,18.3046],[72.9682,18.3057],[72.9679,18.3057],[72.9679,18.3071],[72.9682,18.3071],[72.9682,18.3074],[72.9682,18.3079],[72.9685,18.3079],[72.9685,18.309],[72.9682,18.309],[72.9682,18.3093],[72.9679,18.3093],[72.9679,18.3096],[72.9676,18.3096],[72.9676,18.3101],[72.9674,18.3101],[72.9674,18.3104],[72.9671,18.3104],[72.9671,18.3107],[72.9668,18.3107],[72.9668,18.311],[72.9665,18.311],[72.9665,18.3113],[72.9663,18.3113],[72.9663,18.3115],[72.966,18.3115],[72.966,18.3118],[72.9654,18.3118],[72.9654,18.3121],[72.9651,18.3121],[72.9651,18.3124],[72.9649,18.3124],[72.9649,18.3126],[72.9646,18.3126],[72.9646,18.3129],[72.9643,18.3129],[72.9643,18.3132],[72.9626,18.3132],[72.9626,18.3129],[72.9624,18.3129],[72.9624,18.3121],[72.9618,18.3121],[72.9618,18.3118],[72.9613,18.3118],[72.9613,18.3117],[72.9613,18.3115],[72.9599,18.3115],[72.9599,18.3113],[72.9596,18.3113],[72.9596,18.3115],[72.959,18.3115],[72.959,18.3118],[72.9587,18.3118],[72.9587,18.3124],[72.9585,18.3124],[72.9585,18.3126],[72.9582,18.3126],[72.9582,18.3129],[72.9579,18.3129],[72.9579,18.3132],[72.9576,18.3132],[72.9576,18.3135],[72.9574,18.3135],[72.9574,18.314],[72.9571,18.314],[72.9571,18.3143],[72.9568,18.3143],[72.9568,18.3146],[72.9565,18.3146],[72.9565,18.3149],[72.9563,18.3149],[72.9563,18.3151],[72.956,18.3151],[72.956,18.3157],[72.9557,18.3157],[72.9557,18.316],[72.9554,18.316],[72.9554,18.3165],[72.9557,18.3165],[72.9557,18.3174],[72.956,18.3174],[72.956,18.3179],[72.9563,18.3179],[72.9563,18.3182],[72.9568,18.3182],[72.9568,18.3185],[72.9574,18.3185],[72.9574,18.3188],[72.9579,18.3188],[72.9579,18.319],[72.9582,18.319],[72.9582,18.3196],[72.9585,18.3196],[72.9585,18.3199],[72.9587,18.3199],[72.9587,18.3196],[72.9593,18.3196],[72.9593,18.3193],[72.961,18.3193],[72.961,18.3196],[72.9607,18.3196],[72.9607,18.3199],[72.9604,18.3199],[72.9604,18.3201],[72.9601,18.3201],[72.9601,18.3204],[72.9599,18.3204],[72.9599,18.3207],[72.9596,18.3207],[72.9596,18.321],[72.9593,18.321],[72.9593,18.3213],[72.959,18.3213],[72.959,18.3215],[72.9587,18.3215],[72.9587,18.3218],[72.9585,18.3218],[72.9585,18.3221],[72.9582,18.3221],[72.9582,18.3226],[72.9579,18.3226],[72.9579,18.3229],[72.9576,18.3229],[72.9576,18.3232],[72.9574,18.3232],[72.9574,18.3238],[72.9568,18.3238],[72.9568,18.3243],[72.9565,18.3243],[72.9565,18.3246],[72.9563,18.3246],[72.9563,18.3251],[72.956,18.3251],[72.956,18.3257],[72.9557,18.3257],[72.9557,18.326],[72.9554,18.326],[72.9554,18.3265],[72.9551,18.3265],[72.9551,18.3268],[72.9549,18.3268],[72.9549,18.3279],[72.9546,18.3279],[72.9546,18.3282],[72.9543,18.3282],[72.9543,18.329],[72.954,18.329],[72.954,18.3296],[72.9538,18.3296],[72.9538,18.3301],[72.9535,18.3301],[72.9535,18.3307],[72.9532,18.3307],[72.9532,18.3315],[72.9529,18.3315],[72.9529,18.3337],[72.9526,18.3337],[72.9526,18.334],[72.9521,18.334],[72.9521,18.3343],[72.9518,18.3343],[72.9518,18.3349],[72.9515,18.3349],[72.9515,18.3351],[72.951,18.3351],[72.951,18.3362],[72.9507,18.3362],[72.9507,18.3365],[72.9504,18.3365],[72.9504,18.3368],[72.9501,18.3368],[72.9501,18.3371],[72.9499,18.3371],[72.9499,18.3374],[72.9496,18.3374],[72.9496,18.3376],[72.949,18.3376],[72.949,18.3379],[72.9488,18.3379],[72.9488,18.3382],[72.9476,18.3382],[72.9476,18.3385],[72.9468,18.3385],[72.9468,18.3388],[72.9463,18.3388],[72.9463,18.339],[72.9457,18.339],[72.9457,18.3393],[72.9454,18.3393],[72.9454,18.3407],[72.9451,18.3407],[72.9451,18.3415],[72.9443,18.3415],[72.9443,18.3418],[72.944,18.3418],[72.944,18.3424],[72.9437,18.3424],[72.9437,18.3426],[72.9435,18.3426],[72.9435,18.3429],[72.9429,18.3429],[72.9429,18.3432],[72.9424,18.3432],[72.9424,18.3435],[72.9421,18.3435],[72.9421,18.3438],[72.9415,18.3438],[72.9415,18.344],[72.9407,18.344],[72.9407,18.3443],[72.9396,18.3443],[72.9396,18.344],[72.9393,18.344],[72.9393,18.3435],[72.939,18.3435],[72.939,18.3432],[72.9388,18.3432],[72.9388,18.3426],[72.9382,18.3426],[72.9382,18.3429],[72.9376,18.3429],[72.9376,18.3432],[72.9374,18.3432],[72.9374,18.3435],[72.9362,18.3435],[72.9362,18.3432],[72.936,18.3432],[72.936,18.3429],[72.9357,18.3429],[72.9357,18.3426],[72.9346,18.3426],[72.9346,18.3429],[72.934,18.3429],[72.934,18.3446],[72.9343,18.3446],[72.9343,18.3451],[72.9346,18.3451],[72.9346,18.3457],[72.9349,18.3457],[72.9349,18.346],[72.9351,18.346],[72.9351,18.3465],[72.9354,18.3465],[72.9354,18.3471],[72.9357,18.3471],[72.9357,18.3476],[72.936,18.3476],[72.936,18.3482],[72.9362,18.3482],[72.9362,18.3487],[72.936,18.3487],[72.936,18.3493],[72.9357,18.3493],[72.9357,18.3496],[72.9351,18.3496],[72.9351,18.3499],[72.9349,18.3499],[72.9349,18.3501],[72.9346,18.3501],[72.9346,18.3507],[72.9343,18.3507],[72.9343,18.351],[72.9321,18.351],[72.9321,18.3504],[72.9318,18.3504],[72.9318,18.3501],[72.9315,18.3501],[72.9315,18.3499],[72.9313,18.3499],[72.9313,18.3496],[72.9304,18.3496],[72.9304,18.3499],[72.929,18.3499],[72.929,18.3496],[72.9285,18.3496],[72.9285,18.3493],[72.9268,18.3493],[72.9268,18.3496],[72.9262,18.3496],[72.9262,18.3499],[72.926,18.3499],[72.926,18.3501],[72.9254,18.3501],[72.9254,18.3504],[72.9243,18.3504],[72.9243,18.3501],[72.9246,18.3501],[72.9246,18.3499],[72.9243,18.3499],[72.9243,18.3496],[72.924,18.3496],[72.924,18.3493],[72.9232,18.3493],[72.9232,18.349],[72.9221,18.349],[72.9221,18.3482],[72.9224,18.3482],[72.9224,18.3476],[72.9221,18.3476],[72.9221,18.3474],[72.9218,18.3474],[72.9218,18.3471],[72.9215,18.3471],[72.9215,18.3468],[72.9199,18.3468],[72.9199,18.3471],[72.9193,18.3471],[72.9193,18.3474],[72.919,18.3474],[72.919,18.3476],[72.9185,18.3476],[72.9185,18.3479],[72.9179,18.3479],[72.9179,18.3482],[72.9176,18.3482],[72.9176,18.3485],[72.9174,18.3485],[72.9174,18.349],[72.9171,18.349],[72.9171,18.3507],[72.9168,18.3507],[72.9168,18.3513],[72.9165,18.3513],[72.9165,18.3518],[72.9163,18.3518],[72.9163,18.3524],[72.916,18.3524],[72.916,18.3529],[72.9157,18.3529],[72.9157,18.3532],[72.9154,18.3532],[72.9154,18.3535],[72.9151,18.3535],[72.9151,18.3538],[72.9149,18.3538],[72.9149,18.354],[72.9146,18.354],[72.9146,18.3546],[72.9143,18.3546],[72.9143,18.3549],[72.914,18.3549],[72.914,18.3554],[72.9143,18.3554],[72.9143,18.3563],[72.9146,18.3563],[72.9146,18.3574],[72.9149,18.3574],[72.9149,18.3582],[72.9146,18.3582],[72.9146,18.359],[72.9143,18.359],[72.9143,18.3593],[72.914,18.3593],[72.914,18.3596],[72.9137,18.3596],[72.9137,18.3599],[72.9135,18.3599],[72.9135,18.3601],[72.9132,18.3601],[72.9132,18.3604],[72.9129,18.3604],[72.9129,18.3607],[72.9124,18.3607],[72.9124,18.361],[72.9121,18.361],[72.9121,18.3615],[72.9118,18.3615],[72.9118,18.3632],[72.9115,18.3632],[72.9115,18.3651],[72.9112,18.3651],[72.9112,18.3668],[72.9115,18.3668],[72.9115,18.3674],[72.9118,18.3674],[72.9118,18.3679],[72.9121,18.3679],[72.9121,18.3685],[72.9124,18.3685],[72.9124,18.3687],[72.9126,18.3687],[72.9126,18.369],[72.9129,18.369],[72.9129,18.3696],[72.9132,18.3696],[72.9132,18.3699],[72.9135,18.3699],[72.9135,18.3701],[72.9137,18.3701],[72.9137,18.3704],[72.9143,18.3704],[72.9143,18.3707],[72.9146,18.3707],[72.9146,18.371],[72.9151,18.371],[72.9151,18.3713],[72.9154,18.3713],[72.9154,18.3715],[72.916,18.3715],[72.916,18.3718],[72.9163,18.3718],[72.9163,18.3721],[72.9168,18.3721],[72.9168,18.3726],[72.9176,18.3726],[72.9176,18.3721],[72.9179,18.3721],[72.9179,18.3718],[72.9196,18.3718],[72.9196,18.3721],[72.9201,18.3721],[72.9201,18.3724],[72.9207,18.3724],[72.9207,18.3726],[72.9212,18.3726],[72.9212,18.3729],[72.9215,18.3729],[72.9215,18.3732],[72.9221,18.3732],[72.9221,18.3735],[72.9224,18.3735],[72.9224,18.3738],[72.9232,18.3738],[72.9232,18.3735],[72.9238,18.3735],[72.9238,18.3732],[72.924,18.3732],[72.924,18.3735],[72.9243,18.3735],[72.9243,18.3732],[72.9249,18.3732],[72.9249,18.3729],[72.9262,18.3729],[72.9262,18.3732],[72.926,18.3732],[72.926,18.3735],[72.9251,18.3735],[72.9251,18.3738],[72.9246,18.3738],[72.9246,18.374],[72.9249,18.374],[72.9249,18.3743],[72.9246,18.3743],[72.9246,18.3757],[72.9249,18.3757],[72.9249,18.3768],[72.9251,18.3768],[72.9251,18.3779],[72.9254,18.3779],[72.9254,18.3788],[72.9257,18.3788],[72.9257,18.3801],[72.926,18.3801],[72.926,18.3813],[72.9262,18.3813],[72.9262,18.3826],[72.926,18.3826],[72.926,18.3829],[72.9262,18.3829],[72.9262,18.3865],[72.926,18.3865],[72.926,18.3879],[72.9257,18.3879],[72.9257,18.3885],[72.9254,18.3885],[72.9254,18.3893],[72.9251,18.3893],[72.9251,18.3901],[72.9249,18.3901],[72.9249,18.3907],[72.9246,18.3907],[72.9246,18.3912],[72.9243,18.3912],[72.9243,18.3915],[72.924,18.3915],[72.924,18.3921],[72.9235,18.3921],[72.9235,18.3924],[72.9229,18.3924],[72.9229,18.3926],[72.9221,18.3926],[72.9221,18.3929],[72.9212,18.3929],[72.9212,18.3932],[72.9174,18.3932],[72.9174,18.3929],[72.9171,18.3929],[72.9171,18.3924],[72.916,18.3924],[72.916,18.3929],[72.9154,18.3929],[72.9154,18.3935],[72.9151,18.3935],[72.9151,18.3938],[72.9143,18.3938],[72.9143,18.3932],[72.9134,18.3932],[72.9132,18.3932],[72.9132,18.3935],[72.9131,18.3935],[72.9129,18.3935],[72.9129,18.3936],[72.9129,18.3938],[72.9127,18.3938],[72.9126,18.3938],[72.9126,18.394],[72.9124,18.394],[72.9124,18.3943],[72.9121,18.3943],[72.9121,18.3951],[72.9124,18.3951],[72.9124,18.3965],[72.9121,18.3965],[72.9121,18.3971],[72.9118,18.3971],[72.9118,18.3976],[72.9115,18.3976],[72.9115,18.3979],[72.9112,18.3979],[72.9112,18.3982],[72.911,18.3982],[72.911,18.3985],[72.9107,18.3985],[72.9107,18.3988],[72.909,18.3988],[72.909,18.399],[72.9088,18.399],[72.9088,18.3993],[72.9085,18.3993],[72.9085,18.3999],[72.9082,18.3999],[72.9082,18.4004],[72.9085,18.4004],[72.9085,18.401],[72.9088,18.401],[72.9088,18.4015],[72.909,18.4015],[72.909,18.4018],[72.9088,18.4018],[72.9088,18.4021],[72.9085,18.4021],[72.9085,18.4024],[72.9082,18.4024],[72.9082,18.4026],[72.9065,18.4026],[72.9065,18.4035],[72.9068,18.4035],[72.9068,18.404],[72.9076,18.404],[72.9076,18.4043],[72.9082,18.4043],[72.9082,18.4057],[72.9074,18.4057],[72.9074,18.4068],[72.9076,18.4068],[72.9076,18.409],[72.9074,18.409],[72.9074,18.4096],[72.9071,18.4096],[72.9071,18.4099],[72.9068,18.4099],[72.9068,18.4101],[72.9057,18.4101],[72.9057,18.4115],[72.9071,18.4115],[72.9071,18.4143],[72.9074,18.4143],[72.9074,18.4146],[72.9076,18.4146],[72.9076,18.4157],[72.9074,18.4157],[72.9074,18.416],[72.9068,18.416],[72.9068,18.4162],[72.9065,18.4162],[72.9065,18.4168],[72.9063,18.4168],[72.9063,18.4174],[72.9065,18.4174],[72.9065,18.4176],[72.9068,18.4176],[72.9068,18.4174],[72.9071,18.4174],[72.9071,18.4176],[72.9076,18.4176],[72.9076,18.4182],[72.9079,18.4182],[72.9079,18.4185],[72.9082,18.4185],[72.9082,18.419],[72.9085,18.419],[72.9085,18.4199],[72.9088,18.4199],[72.9088,18.4207],[72.909,18.4207],[72.909,18.4218],[72.9088,18.4218],[72.9088,18.4224],[72.9085,18.4224],[72.9085,18.4232],[72.9082,18.4232],[72.9082,18.4237],[72.9074,18.4237],[72.9074,18.424],[72.9071,18.424],[72.9071,18.4243],[72.9068,18.4243],[72.9068,18.4246],[72.9065,18.4246],[72.9065,18.4251],[72.9063,18.4251],[72.9063,18.4257],[72.906,18.4257],[72.906,18.4268],[72.9057,18.4268],[72.9057,18.4274],[72.9054,18.4274],[72.9054,18.4276],[72.9049,18.4276],[72.9049,18.4279],[72.9043,18.4279],[72.9043,18.4282],[72.904,18.4282],[72.904,18.4301],[72.9043,18.4301],[72.9043,18.4307],[72.9046,18.4307],[72.9046,18.431],[72.9049,18.431],[72.9049,18.4313],[72.9051,18.4313],[72.9051,18.4315],[72.9051,18.4318],[72.9057,18.4318],[72.9057,18.4321],[72.9061,18.4321],[72.9063,18.4321],[72.9063,18.4329],[72.9065,18.4329],[72.9065,18.4351],[72.9063,18.4351],[72.9063,18.4365],[72.906,18.4365],[72.906,18.4374],[72.9057,18.4374],[72.9057,18.439],[72.9054,18.439],[72.9054,18.441],[72.9051,18.441],[72.9051,18.4415],[72.9049,18.4415],[72.9049,18.4421],[72.9046,18.4421],[72.9046,18.4429],[72.9043,18.4429],[72.9043,18.4435],[72.904,18.4435],[72.904,18.4437],[72.9037,18.4437],[72.9037,18.444],[72.9035,18.444],[72.9035,18.446],[72.9032,18.446],[72.9032,18.4463],[72.9029,18.4463],[72.9029,18.4465],[72.9026,18.4465],[72.9026,18.4471],[72.9024,18.4471],[72.9024,18.4482],[72.9021,18.4482],[72.9021,18.449],[72.9018,18.449],[72.9018,18.4496],[72.9015,18.4496],[72.9015,18.4501],[72.9013,18.4501],[72.9013,18.4515],[72.901,18.4515],[72.901,18.4518],[72.9007,18.4518],[72.9007,18.4524],[72.9004,18.4524],[72.9004,18.4532],[72.9001,18.4532],[72.9001,18.454],[72.8999,18.454],[72.8999,18.4549],[72.8996,18.4549],[72.8996,18.4554],[72.8993,18.4554],[72.8993,18.4557],[72.899,18.4557],[72.899,18.456],[72.8988,18.456],[72.8988,18.4562],[72.8985,18.4562],[72.8985,18.4568],[72.8982,18.4568],[72.8982,18.4571],[72.8979,18.4571],[72.8979,18.4574],[72.8976,18.4574],[72.8976,18.4579],[72.8962,18.4579],[72.8962,18.4576],[72.8957,18.4576],[72.8957,18.4574],[72.8954,18.4574],[72.8954,18.4571],[72.8946,18.4571],[72.8946,18.4582],[72.8949,18.4582],[72.8949,18.4638],[72.8951,18.4638],[72.8951,18.4649],[72.8954,18.4649],[72.8954,18.4679],[72.8957,18.4679],[72.8957,18.471],[72.8954,18.471],[72.8954,18.4726],[72.896,18.4726],[72.896,18.4729],[72.8962,18.4729],[72.8962,18.4732],[72.8968,18.4732],[72.8968,18.4729],[72.8971,18.4729],[72.8971,18.4726],[72.8974,18.4726],[72.8974,18.4724],[72.8982,18.4724],[72.8982,18.4726],[72.8985,18.4726],[72.8985,18.4729],[72.899,18.4729],[72.899,18.4732],[72.8996,18.4732],[72.8996,18.4735],[72.8999,18.4735],[72.8999,18.474],[72.9001,18.474],[72.9001,18.4746],[72.9004,18.4746],[72.9004,18.4757],[72.9007,18.4757],[72.9007,18.4762],[72.9013,18.4762],[72.9013,18.4782],[72.901,18.4782],[72.901,18.4788],[72.9013,18.4788],[72.9013,18.479],[72.901,18.479],[72.901,18.4796],[72.9013,18.4796],[72.9013,18.4799],[72.9015,18.4799],[72.9015,18.4829],[72.9013,18.4829],[72.9013,18.4876],[72.901,18.4876],[72.901,18.4879],[72.9007,18.4879],[72.9007,18.4899],[72.901,18.4899],[72.901,18.491],[72.9013,18.491],[72.9013,18.4921],[72.9015,18.4921],[72.9015,18.4929],[72.9018,18.4929],[72.9018,18.4935],[72.9029,18.4935],[72.9029,18.4937],[72.9032,18.4937],[72.9032,18.4943],[72.9035,18.4943],[72.9035,18.4946],[72.9037,18.4946],[72.9037,18.4957],[72.904,18.4957],[72.904,18.4979],[72.9037,18.4979],[72.9037,18.4988],[72.9035,18.4988],[72.9035,18.4993],[72.9037,18.4993],[72.9037,18.4999],[72.904,18.4999],[72.904,18.5015],[72.9043,18.5015],[72.9043,18.5021],[72.9046,18.5021],[72.9046,18.5026],[72.9049,18.5026],[72.9049,18.5029],[72.9051,18.5029],[72.9051,18.5032],[72.9054,18.5032],[72.9054,18.5035],[72.906,18.5035],[72.906,18.5037],[72.9063,18.5037],[72.9063,18.504],[72.9076,18.504],[72.9076,18.5032],[72.909,18.5032],[72.909,18.5035],[72.9099,18.5035],[72.9099,18.5029],[72.9107,18.5029],[72.9107,18.5032],[72.9112,18.5032],[72.9112,18.504],[72.9096,18.504],[72.9096,18.5043],[72.9099,18.5043],[72.9099,18.5046],[72.9107,18.5046],[72.9107,18.5051],[72.911,18.5051],[72.911,18.5057],[72.9112,18.5057],[72.9112,18.5093],[72.911,18.5093],[72.911,18.5101],[72.9107,18.5101],[72.9107,18.511],[72.9104,18.511],[72.9104,18.5118],[72.9107,18.5118],[72.9107,18.5126],[72.9104,18.5126],[72.9104,18.5129],[72.9101,18.5129],[72.9101,18.5132],[72.9104,18.5132],[72.9104,18.5149],[72.9107,18.5149],[72.9107,18.5157],[72.911,18.5157],[72.911,18.5165],[72.9112,18.5165],[72.9112,18.5182],[72.911,18.5182],[72.911,18.5196],[72.9112,18.5196],[72.9112,18.5212],[72.911,18.5212],[72.911,18.5218],[72.9107,18.5218],[72.9107,18.5229],[72.911,18.5229],[72.911,18.5232],[72.9112,18.5232],[72.9112,18.5235],[72.911,18.5235],[72.911,18.5246],[72.9107,18.5246],[72.9107,18.5254],[72.9101,18.5254],[72.9101,18.5271],[72.9099,18.5271],[72.9099,18.5279],[72.9096,18.5279],[72.9096,18.529],[72.9093,18.529],[72.9093,18.5301],[72.909,18.5301],[72.909,18.5304],[72.9088,18.5304],[72.9088,18.531],[72.9085,18.531],[72.9085,18.5318],[72.9082,18.5318],[72.9082,18.5321],[72.9079,18.5321],[72.9079,18.5324],[72.9076,18.5324],[72.9076,18.5329],[72.9071,18.5329],[72.9071,18.5332],[72.9074,18.5332],[72.9074,18.5335],[72.9071,18.5335],[72.9071,18.534],[72.9068,18.534],[72.9068,18.5346],[72.9065,18.5346],[72.9065,18.5351],[72.9063,18.5351],[72.9063,18.5365],[72.906,18.5365],[72.906,18.5368],[72.9046,18.5368],[72.9046,18.5374],[72.9043,18.5374],[72.9043,18.5385],[72.9046,18.5385],[72.9046,18.5393],[72.9051,18.5393],[72.9051,18.5396],[72.9054,18.5396],[72.9054,18.5401],[72.9057,18.5401],[72.9057,18.541],[72.9063,18.541],[72.9063,18.5413],[72.9071,18.5413],[72.9071,18.541],[72.9074,18.541],[72.9074,18.5407],[72.9076,18.5407],[72.9076,18.5401],[72.9079,18.5401],[72.9079,18.5396],[72.9082,18.5396],[72.9082,18.539],[72.9085,18.539],[72.9085,18.5388],[72.9088,18.5388],[72.9088,18.5382],[72.909,18.5382],[72.909,18.5376],[72.9093,18.5376],[72.9093,18.5374],[72.9096,18.5374],[72.9096,18.5362],[72.9099,18.5362],[72.9099,18.5354],[72.9101,18.5354],[72.9101,18.5349],[72.9104,18.5349],[72.9104,18.5338],[72.9107,18.5338],[72.9107,18.5315],[72.911,18.5315],[72.911,18.531],[72.9112,18.531],[72.9112,18.5304],[72.9115,18.5304],[72.9115,18.5301],[72.9121,18.5301],[72.9121,18.5299],[72.914,18.5299],[72.914,18.5296],[72.9146,18.5296],[72.9146,18.5293],[72.9151,18.5293],[72.9151,18.529],[72.9165,18.529],[72.9174,18.529],[72.9174,18.5293],[72.9176,18.5293],[72.9176,18.5296],[72.9179,18.5296],[72.9179,18.5299],[72.9185,18.5299],[72.9185,18.5301],[72.9187,18.5301],[72.9187,18.5304],[72.919,18.5304],[72.919,18.5307],[72.9193,18.5307],[72.9193,18.531],[72.9199,18.531],[72.9199,18.5313],[72.9212,18.5313],[72.9212,18.5315],[72.9224,18.5315],[72.9224,18.5318],[72.9226,18.5318],[72.9226,18.5321],[72.9229,18.5321],[72.9229,18.5324],[72.9232,18.5324],[72.9232,18.5326],[72.9235,18.5327],[72.9235,18.5329],[72.9246,18.5329],[72.9246,18.5332],[72.9249,18.5332],[72.9249,18.5335],[72.9251,18.5335],[72.9251,18.5338],[72.9262,18.5338],[72.9262,18.534],[72.9265,18.534],[72.9265,18.5343],[72.9268,18.5343],[72.9268,18.5349],[72.9271,18.5349],[72.9271,18.5351],[72.9279,18.5351],[72.9279,18.5354],[72.9287,18.5354],[72.9287,18.5357],[72.9285,18.5357],[72.9285,18.5418],[72.9282,18.5418],[72.9282,18.5421],[72.9279,18.5421],[72.9279,18.5424],[72.9276,18.5424],[72.9276,18.5426],[72.9274,18.5426],[72.9274,18.5429],[72.9271,18.5429],[72.9271,18.5432],[72.9268,18.5432],[72.9268,18.5435],[72.9265,18.5435],[72.9265,18.5438],[72.9262,18.5438],[72.9262,18.544],[72.9254,18.544],[72.9254,18.5443],[72.9251,18.5443],[72.9251,18.5449],[72.9246,18.5449],[72.9246,18.5451],[72.9243,18.5451],[72.9243,18.5465],[72.924,18.5465],[72.924,18.5476],[72.9238,18.5476],[72.9238,18.5501],[72.9235,18.5501],[72.9235,18.5518],[72.9232,18.5518],[72.9232,18.5524],[72.9229,18.5524],[72.9229,18.5529],[72.9226,18.5529],[72.9226,18.5535],[72.9224,18.5535],[72.9224,18.554],[72.9221,18.554],[72.9221,18.5546],[72.9218,18.5546],[72.9218,18.5551],[72.9215,18.5551],[72.9215,18.5557],[72.9212,18.5557],[72.9212,18.5565],[72.921,18.5565],[72.921,18.5574],[72.9207,18.5574],[72.9207,18.5579],[72.9204,18.5579],[72.9204,18.5599],[72.9201,18.5599],[72.9201,18.5601],[72.9199,18.5601],[72.9199,18.5604],[72.9196,18.5604],[72.9196,18.561],[72.9193,18.561],[72.9193,18.5613],[72.919,18.5613],[72.919,18.5615],[72.9187,18.5615],[72.9187,18.5618],[72.9185,18.5618],[72.9185,18.5624],[72.9182,18.5624],[72.9182,18.5626],[72.9179,18.5626],[72.9179,18.5632],[72.9176,18.5632],[72.9176,18.5635],[72.9174,18.5635],[72.9174,18.564],[72.9171,18.564],[72.9171,18.5651],[72.9168,18.5651],[72.9168,18.5654],[72.9165,18.5654],[72.9165,18.566],[72.9163,18.566],[72.9163,18.5663],[72.916,18.5663],[72.916,18.5668],[72.9157,18.5668],[72.9157,18.5674],[72.9154,18.5674],[72.9154,18.5676],[72.9151,18.5676],[72.9151,18.5682],[72.9149,18.5682],[72.9149,18.5688],[72.9146,18.5688],[72.9146,18.5696],[72.9143,18.5696],[72.9143,18.5704],[72.914,18.5704],[72.914,18.571],[72.9137,18.571],[72.9137,18.5713],[72.9135,18.5713],[72.9135,18.5718],[72.9132,18.5718],[72.9132,18.5721],[72.9129,18.5721],[72.9129,18.5724],[72.9126,18.5724],[72.9126,18.5726],[72.9124,18.5726],[72.9124,18.5732],[72.9121,18.5732],[72.9121,18.5735],[72.9118,18.5735],[72.9118,18.5746],[72.9115,18.5746],[72.9115,18.5757],[72.9112,18.5757],[72.9112,18.5768],[72.911,18.5768],[72.911,18.5779],[72.9107,18.5779],[72.9107,18.5785],[72.9104,18.5785],[72.9104,18.5788],[72.9093,18.5788],[72.9093,18.5793],[72.909,18.5793],[72.909,18.5799],[72.9088,18.5799],[72.9088,18.5807],[72.9085,18.5807],[72.9085,18.5813],[72.9082,18.5813],[72.9082,18.5838],[72.9085,18.5838],[72.9085,18.584],[72.9088,18.584],[72.9088,18.5846],[72.909,18.5846],[72.909,18.5849],[72.9093,18.5849],[72.9093,18.585],[72.9093,18.5851],[72.9099,18.5851],[72.9099,18.5854],[72.9101,18.5854],[72.9101,18.586],[72.9099,18.586],[72.9099,18.5863],[72.9082,18.5863],[72.9082,18.586],[72.9076,18.586],[72.9076,18.5857],[72.9074,18.5857],[72.9074,18.5854],[72.9071,18.5854],[72.9071,18.5857],[72.9065,18.5857],[72.9065,18.586],[72.9063,18.586],[72.9063,18.5863],[72.9057,18.5863],[72.9057,18.5868],[72.9054,18.5868],[72.9054,18.5874],[72.9051,18.5874],[72.9051,18.5885],[72.9049,18.5885],[72.9049,18.589],[72.9046,18.589],[72.9046,18.5899],[72.9043,18.5899],[72.9043,18.5904],[72.904,18.5904],[72.904,18.5907],[72.9037,18.5907],[72.9037,18.5912],[72.9035,18.5912],[72.9035,18.5915],[72.9032,18.5915],[72.9032,18.5918],[72.9029,18.5918],[72.9029,18.5926],[72.9026,18.5926],[72.9026,18.5932],[72.9024,18.5932],[72.9024,18.594],[72.9021,18.594],[72.9021,18.5943],[72.9018,18.5943],[72.9018,18.596],[72.9015,18.596],[72.9015,18.5963],[72.9013,18.5963],[72.9013,18.5965],[72.901,18.5965],[72.901,18.5974],[72.9007,18.5974],[72.9007,18.5982],[72.9004,18.5982],[72.9004,18.5985],[72.9001,18.5985],[72.9001,18.599],[72.8999,18.599],[72.8999,18.5999],[72.8996,18.5999],[72.8996,18.6012],[72.8993,18.6012],[72.8993,18.6015],[72.899,18.6015],[72.899,18.6018],[72.8985,18.6018],[72.8985,18.6024],[72.8982,18.6024],[72.8982,18.6032],[72.8979,18.6032],[72.8979,18.6035],[72.8976,18.6035],[72.8976,18.604],[72.8974,18.604],[72.8974,18.6049],[72.8971,18.6049],[72.8971,18.6054],[72.8968,18.6054],[72.8968,18.6063],[72.8965,18.6063],[72.8965,18.6065],[72.8962,18.6065],[72.8962,18.6068],[72.896,18.6068],[72.896,18.6074],[72.8957,18.6074],[72.8957,18.6082],[72.8954,18.6082],[72.8954,18.6085],[72.8951,18.6085],[72.8951,18.609],[72.8949,18.609],[72.8949,18.6104],[72.8946,18.6104],[72.8946,18.6112],[72.8943,18.6112],[72.8943,18.6121],[72.894,18.6121],[72.894,18.6124],[72.8938,18.6124],[72.8938,18.6126],[72.8935,18.6126],[72.8935,18.6129],[72.8932,18.6129],[72.8932,18.6135],[72.8929,18.6135],[72.8929,18.6138],[72.8926,18.6137],[72.8926,18.6143],[72.8924,18.6143],[72.8924,18.6151],[72.8921,18.6151],[72.8921,18.6154],[72.8918,18.6154],[72.8918,18.616],[72.8913,18.616],[72.8913,18.6162],[72.891,18.6162],[72.891,18.6174],[72.8907,18.6174],[72.8907,18.6179],[72.8904,18.6179],[72.8904,18.6185],[72.8901,18.6185],[72.8901,18.619],[72.8899,18.619],[72.8899,18.6193],[72.8893,18.6193],[72.8893,18.6199],[72.8887,18.6199],[72.8887,18.6201],[72.8885,18.6201],[72.8885,18.6204],[72.8882,18.6204],[72.8882,18.621],[72.8879,18.621],[72.8879,18.6215],[72.8876,18.6215],[72.8876,18.6226],[72.8874,18.6226],[72.8874,18.6229],[72.8871,18.6229],[72.8871,18.6238],[72.8868,18.6238],[72.8868,18.6246],[72.8865,18.6246],[72.8865,18.6249],[72.8863,18.6249],[72.8863,18.6254],[72.886,18.6254],[72.886,18.626],[72.8857,18.626],[72.8857,18.6263],[72.8854,18.6263],[72.8854,18.6276],[72.8851,18.6276],[72.8851,18.6299],[72.8848,18.6299],[72.8848,18.6326],[72.8846,18.6326],[72.8846,18.6346],[72.8843,18.6346],[72.8843,18.6351],[72.884,18.6351],[72.884,18.6385],[72.8849,18.6385],[72.8849,18.6382],[72.8874,18.6382],[72.8874,18.6379],[72.8879,18.6379],[72.8879,18.6376],[72.8885,18.6376],[72.8885,18.6374],[72.889,18.6374],[72.889,18.6371],[72.8911,18.6371],[72.8913,18.6371],[72.8913,18.6365],[72.8915,18.6365],[72.8915,18.6362],[72.8918,18.6362],[72.8918,18.636],[72.8921,18.636],[72.8921,18.6357],[72.896,18.6357],[72.896,18.6354],[72.8971,18.6354],[72.8971,18.6348],[72.8974,18.6349],[72.8974,18.6343],[72.8976,18.6343],[72.8976,18.6338],[72.8979,18.6338],[72.8979,18.6326],[72.8979,18.6321],[72.8982,18.6321],[72.8982,18.6304],[72.8985,18.6304],[72.8985,18.6296],[72.8993,18.6296],[72.8993,18.6299],[72.9004,18.6299],[72.9004,18.6301],[72.9007,18.6301],[72.9007,18.6307],[72.901,18.6307],[72.901,18.6312],[72.9013,18.6312],[72.9013,18.6318],[72.9015,18.6318],[72.9015,18.6324],[72.9018,18.6324],[72.9018,18.6326],[72.9015,18.6326],[72.9015,18.6332],[72.9013,18.6332],[72.9013,18.6335],[72.901,18.6335],[72.901,18.634],[72.9007,18.634],[72.9007,18.6343],[72.9004,18.6343],[72.9004,18.6346],[72.9001,18.6346],[72.9001,18.6349],[72.8999,18.6348],[72.8999,18.6351],[72.8996,18.6351],[72.8996,18.6354],[72.8993,18.6354],[72.8993,18.6357],[72.8988,18.6357],[72.8988,18.636],[72.8982,18.636],[72.8982,18.6362],[72.8968,18.6362],[72.8968,18.6365],[72.8965,18.6365],[72.8965,18.6368],[72.896,18.6368],[72.896,18.6371],[72.8957,18.6371],[72.8957,18.6374],[72.8951,18.6374],[72.8951,18.6376],[72.8943,18.6376],[72.8943,18.6379],[72.8938,18.6379],[72.8938,18.638],[72.8938,18.6382],[72.8929,18.6382],[72.8929,18.6385],[72.8924,18.6385],[72.8924,18.6388],[72.8918,18.6388],[72.8918,18.639],[72.8913,18.639],[72.8913,18.6393],[72.8907,18.6393],[72.8907,18.6396],[72.8901,18.6396],[72.8901,18.6399],[72.8896,18.6399],[72.8896,18.6401],[72.889,18.6401],[72.889,18.6404],[72.8885,18.6404],[72.8885,18.6407],[72.8879,18.6407],[72.8879,18.641],[72.8874,18.641],[72.8874,18.6413],[72.8843,18.6413],[72.8843,18.641],[72.8838,18.641],[72.8838,18.6407],[72.8835,18.6407],[72.8835,18.6404],[72.8829,18.6404],[72.8829,18.639],[72.8827,18.639],[72.8826,18.639],[72.8826,18.6382],[72.8824,18.6382],[72.8824,18.6376],[72.8821,18.6376],[72.8821,18.6374],[72.8776,18.6374],[72.8776,18.6376],[72.8774,18.6376],[72.8774,18.6379],[72.8771,18.6379],[72.8771,18.6376],[72.8765,18.6376],[72.8765,18.6379],[72.876,18.6379],[72.876,18.6382],[72.8751,18.6382],[72.8751,18.6385],[72.8726,18.6385],[72.8726,18.6388],[72.8721,18.6388],[72.8721,18.639],[72.8715,18.639],[72.8715,18.6393],[72.871,18.6393],[72.871,18.6396],[72.8704,18.6396],[72.8704,18.6401],[72.8701,18.6401],[72.8701,18.641],[72.8699,18.641],[72.8699,18.6415],[72.8696,18.6415],[72.8696,18.6424],[72.8693,18.6424],[72.8693,18.6429],[72.869,18.6429],[72.869,18.6432],[72.8688,18.6432],[72.8688,18.6437],[72.8685,18.6437],[72.8685,18.6443],[72.8682,18.6443],[72.8682,18.6451],[72.8679,18.6451],[72.8679,18.6454],[72.8676,18.6454],[72.8676,18.646],[72.8674,18.646],[72.8674,18.6463],[72.8671,18.6463],[72.8671,18.6465],[72.8668,18.6465],[72.8668,18.6471],[72.8665,18.6471],[72.8665,18.6476],[72.8662,18.6476],[72.8662,18.6482],[72.866,18.6482],[72.866,18.649],[72.8657,18.649],[72.8657,18.6501],[72.8654,18.6501],[72.8654,18.6515],[72.8651,18.6515],[72.8651,18.6529],[72.8649,18.6529],[72.8649,18.654],[72.8646,18.654],[72.8646,18.6551],[72.8643,18.6551],[72.8643,18.6562],[72.864,18.6562],[72.864,18.6574],[72.8637,18.6574],[72.8637,18.6585],[72.8635,18.6585],[72.8635,18.6607],[72.8632,18.6607],[72.8632,18.6635],[72.8635,18.6635],[72.8635,18.6654],[72.8637,18.6654],[72.8637,18.6668],[72.864,18.6668],[72.864,18.6674],[72.8643,18.6674],[72.8643,18.6682],[72.8646,18.6682],[72.8646,18.6688],[72.8643,18.6688],[72.8643,18.6693],[72.864,18.6693],[72.864,18.6699],[72.8637,18.6699],[72.8637,18.6704],[72.8635,18.6704],[72.8635,18.671],[72.8632,18.671],[72.8632,18.6718],[72.8629,18.6718],[72.8629,18.6726],[72.8626,18.6726],[72.8626,18.6738],[72.8624,18.6738],[72.8624,18.6746],[72.8621,18.6746],[72.8621,18.6754],[72.8618,18.6754],[72.8618,18.6765],[72.8615,18.6765],[72.8615,18.6779],[72.8613,18.6779],[72.8613,18.6796],[72.861,18.6796],[72.861,18.6812],[72.8607,18.6812],[72.8607,18.6832],[72.8604,18.6832],[72.8604,18.6854],[72.8601,18.6854],[72.8601,18.6876],[72.8599,18.6876],[72.8599,18.6896],[72.8596,18.6896],[72.8596,18.6907],[72.8593,18.6907],[72.8593,18.6912],[72.859,18.6912],[72.859,18.6918],[72.8587,18.6918],[72.8587,18.6924],[72.8585,18.6924],[72.8585,18.6929],[72.8582,18.6929],[72.8582,18.6932],[72.8576,18.6932],[72.8576,18.6935],[72.8574,18.6935],[72.8574,18.6938],[72.8571,18.6938],[72.8571,18.694],[72.8568,18.694],[72.8568,18.6946],[72.8565,18.6946],[72.8565,18.6949],[72.8562,18.6949],[72.8562,18.6951],[72.856,18.6951],[72.856,18.6957],[72.8557,18.6957],[72.8557,18.696],[72.8554,18.696],[72.8554,18.6968],[72.8551,18.6968],[72.8551,18.6974],[72.8557,18.6974],[72.8557,18.6982],[72.856,18.6982],[72.856,18.699],[72.8562,18.699],[72.8562,18.6996],[72.8565,18.6996],[72.8565,18.7004],[72.8568,18.7004],[72.8568,18.701],[72.8571,18.701],[72.8571,18.7007],[72.8574,18.7007],[72.8574,18.701],[72.8579,18.701],[72.8579,18.7015],[72.8582,18.7015],[72.8582,18.7021],[72.8585,18.7021],[72.8585,18.7026],[72.8587,18.7026],[72.8587,18.7032],[72.859,18.7032],[72.859,18.7035],[72.8593,18.7035],[72.8593,18.704],[72.8596,18.704],[72.8596,18.7046],[72.8599,18.7046],[72.8599,18.7051],[72.8601,18.7051],[72.8601,18.7057],[72.8604,18.7057],[72.8604,18.7071],[72.8607,18.7071],[72.8607,18.7087],[72.861,18.7087],[72.861,18.7096],[72.8613,18.7096],[72.8613,18.7104],[72.8615,18.7104],[72.8615,18.7112],[72.8618,18.7112],[72.8618,18.7124],[72.8621,18.7124],[72.8621,18.7135],[72.8624,18.7135],[72.8624,18.7146],[72.8626,18.7146],[72.8626,18.7157],[72.8629,18.7157],[72.8629,18.7168],[72.8632,18.7168],[72.8632,18.7179],[72.8635,18.7179],[72.8635,18.719],[72.8637,18.719],[72.8637,18.7201],[72.864,18.7201],[72.864,18.7213],[72.8643,18.7213],[72.8643,18.7318],[72.864,18.7318],[72.864,18.7346],[72.8637,18.7346],[72.8637,18.7357],[72.8635,18.7357],[72.8635,18.7365],[72.8632,18.7365],[72.8632,18.7376],[72.8629,18.7376],[72.8629,18.7385],[72.8626,18.7385],[72.8626,18.7393],[72.8624,18.7393],[72.8624,18.7432],[72.8626,18.7432],[72.8626,18.7443],[72.8629,18.7443],[72.8629,18.7454],[72.8632,18.7454],[72.8632,18.7465],[72.8635,18.7465],[72.8635,18.7476],[72.8637,18.7476],[72.8637,18.7488],[72.864,18.7488],[72.864,18.7493],[72.8643,18.7493],[72.8643,18.7501],[72.8646,18.7501],[72.8646,18.7515],[72.8649,18.7515],[72.8649,18.7532],[72.8651,18.7532],[72.8651,18.7546],[72.8654,18.7546],[72.8654,18.7554],[72.8657,18.7554],[72.8657,18.7563],[72.866,18.7563],[72.866,18.7568],[72.8668,18.7568],[72.8668,18.7565],[72.8671,18.7565],[72.8671,18.7557],[72.8674,18.7557],[72.8674,18.7554],[72.8679,18.7554],[72.8679,18.7557],[72.8682,18.7557],[72.8682,18.7563],[72.8679,18.7563],[72.8679,18.7565],[72.8676,18.7565],[72.8676,18.7568],[72.8674,18.7568],[72.8674,18.7571],[72.8671,18.7571],[72.8671,18.7576],[72.8668,18.7576],[72.8668,18.7588],[72.8662,18.7588],[72.8662,18.7593],[72.866,18.7593],[72.866,18.7596],[72.8657,18.7596],[72.8657,18.7601],[72.8654,18.7601],[72.8654,18.7607],[72.8651,18.7607],[72.8651,18.7612],[72.8649,18.7612],[72.8649,18.7626],[72.8646,18.7626],[72.8646,18.7632],[72.8649,18.7632],[72.8649,18.7646],[72.8646,18.7646],[72.8646,18.7665],[72.8643,18.7665],[72.8643,18.7674],[72.8654,18.7674],[72.8654,18.7682],[72.8651,18.7682],[72.8651,18.7685],[72.8649,18.7685],[72.8649,18.7688],[72.8646,18.7688],[72.8646,18.769],[72.8643,18.769],[72.8643,18.7693],[72.864,18.7693],[72.864,18.7696],[72.8637,18.7696],[72.8637,18.7701],[72.8635,18.7701],[72.8635,18.7707],[72.8632,18.7707],[72.8632,18.7712],[72.8635,18.7712],[72.8635,18.7726],[72.8632,18.7726],[72.8632,18.7735],[72.8635,18.7735],[72.8635,18.774],[72.8632,18.774],[72.8632,18.7746],[72.8635,18.7746],[72.8635,18.7779],[72.8632,18.7779],[72.8632,18.7785],[72.8635,18.7785],[72.8635,18.7799],[72.8632,18.7799],[72.8632,18.7804],[72.8635,18.7804],[72.8635,18.7813],[72.8637,18.7813],[72.8637,18.7818],[72.8635,18.7818],[72.8635,18.784],[72.8632,18.784],[72.8632,18.7849],[72.8635,18.7849],[72.8635,18.7912],[72.8637,18.7912],[72.8637,18.7935],[72.864,18.7935],[72.864,18.7943],[72.8643,18.7943],[72.8643,18.7954],[72.8646,18.7954],[72.8646,18.796],[72.8649,18.796],[72.8649,18.7965],[72.8651,18.7965],[72.8651,18.7968],[72.8665,18.7968],[72.8665,18.7971],[72.8671,18.7971],[72.8671,18.7974],[72.8674,18.7973],[72.8674,18.7979],[72.8676,18.7979],[72.8676,18.7987],[72.8679,18.7987],[72.8679,18.8001],[72.8682,18.8001],[72.8682,18.8018],[72.8685,18.8018],[72.8685,18.8024],[72.8688,18.8024],[72.8688,18.8037],[72.869,18.8037],[72.869,18.8043],[72.8693,18.8043],[72.8693,18.8046],[72.8696,18.8046],[72.8696,18.8043],[72.8707,18.8043],[72.8707,18.804],[72.871,18.804],[72.871,18.8035],[72.8712,18.8035],[72.8712,18.8029],[72.8715,18.8029],[72.8715,18.8026],[72.8718,18.8026],[72.8718,18.8024],[72.8724,18.8024],[72.8724,18.8021],[72.8732,18.8021],[72.8732,18.8018],[72.8768,18.8018],[72.8768,18.8021],[72.8773,18.8021],[72.8776,18.8021],[72.8776,18.8024],[72.8785,18.8024],[72.8785,18.8026],[72.879,18.8026],[72.879,18.8029],[72.8793,18.8029],[72.8793,18.8032],[72.8799,18.8032],[72.8799,18.8035],[72.8804,18.8035],[72.8804,18.8037],[72.8807,18.8037],[72.8807,18.804],[72.8812,18.804],[72.8812,18.8043],[72.8815,18.8043],[72.8815,18.8046],[72.8821,18.8046],[72.8821,18.8049],[72.8826,18.8049],[72.8826,18.8043],[72.8829,18.8043],[72.8829,18.804],[72.886,18.804],[72.886,18.8037],[72.8871,18.8037],[72.8871,18.8035],[72.8876,18.8035],[72.8876,18.8029],[72.8879,18.8029],[72.8879,18.8021],[72.8876,18.8021],[72.8876,18.8015],[72.8874,18.8015],[72.8874,18.8013],[72.8871,18.8013],[72.8871,18.8007],[72.8868,18.8007],[72.8868,18.7999],[72.8871,18.7999],[72.8871,18.7997],[72.8871,18.7996],[72.8874,18.7996],[72.8874,18.7982],[72.8882,18.7982],[72.8882,18.7987],[72.8918,18.7987],[72.8918,18.799],[72.8926,18.799],[72.8926,18.7993],[72.8932,18.7993],[72.8932,18.7996],[72.894,18.7996],[72.894,18.7999],[72.8946,18.7999],[72.8946,18.8001],[72.8951,18.8001],[72.8951,18.8004],[72.8954,18.8004],[72.8954,18.8007],[72.896,18.8007],[72.896,18.801],[72.8965,18.801],[72.8965,18.8018],[72.8971,18.8018],[72.8971,18.8015],[72.8979,18.8015],[72.8979,18.8013],[72.8982,18.8013],[72.8982,18.8015],[72.8985,18.8015],[72.8985,18.8021],[72.8988,18.8021],[72.8988,18.8032],[72.899,18.8032],[72.899,18.8035],[72.8996,18.8035],[72.8996,18.8037],[72.8999,18.8037],[72.8999,18.804],[72.9007,18.804],[72.9007,18.8037],[72.901,18.8037],[72.901,18.8035],[72.9013,18.8035],[72.9013,18.8032],[72.9015,18.8032],[72.9015,18.8029],[72.9026,18.8029],[72.9026,18.8026],[72.9029,18.8026],[72.9029,18.8024],[72.9032,18.8024],[72.9032,18.8021],[72.9037,18.8021],[72.9037,18.8018],[72.904,18.8018],[72.904,18.8015],[72.9043,18.8015],[72.9043,18.8013],[72.9046,18.8013],[72.9046,18.801],[72.9049,18.801],[72.9049,18.8007],[72.9051,18.8007],[72.9051,18.8004],[72.9054,18.8004],[72.9054,18.7996],[72.9057,18.7996],[72.9057,18.7994],[72.9057,18.7987],[72.9054,18.7987],[72.9054,18.7976],[72.9051,18.7976],[72.9051,18.7965],[72.9054,18.7965],[72.9054,18.7954],[72.9057,18.7954],[72.9057,18.7946],[72.9063,18.7946],[72.9063,18.7943],[72.9065,18.7943],[72.9065,18.794],[72.9071,18.794],[72.9071,18.7938],[72.9076,18.7938],[72.9076,18.7935],[72.9082,18.7935],[72.9082,18.7932],[72.9085,18.7932],[72.9085,18.7929],[72.909,18.7929],[72.909,18.7926],[72.9096,18.7926],[72.9096,18.7924],[72.9107,18.7924],[72.9107,18.7921],[72.9143,18.7921],[72.9143,18.7924],[72.9151,18.7924],[72.9163,18.7924],[72.9163,18.7926],[72.9168,18.7926],[72.9168,18.7929],[72.9171,18.7929],[72.9171,18.7932],[72.9174,18.7932],[72.9174,18.7935],[72.9179,18.7935],[72.9179,18.7938],[72.9182,18.7938],[72.9182,18.794],[72.9185,18.794],[72.9185,18.7943],[72.919,18.7943],[72.919,18.7946],[72.9193,18.7946],[72.9193,18.7949],[72.9196,18.7949],[72.9196,18.7954],[72.9201,18.7954],[72.9201,18.7957],[72.9204,18.7957],[72.9204,18.796],[72.9207,18.796],[72.9207,18.7962],[72.921,18.7962],[72.921,18.7965],[72.9212,18.7965],[72.9212,18.7968],[72.9215,18.7968],[72.9215,18.7971],[72.9218,18.7971],[72.9218,18.7974],[72.9221,18.7973],[72.9221,18.7976],[72.9224,18.7976],[72.9224,18.7979],[72.9226,18.7979],[72.9226,18.7985],[72.9229,18.7985],[72.9229,18.7987],[72.9232,18.7987],[72.9232,18.799],[72.9235,18.799],[72.9235,18.7993],[72.9238,18.7993],[72.9238,18.7999],[72.924,18.7999],[72.924,18.8001],[72.9243,18.8001],[72.9243,18.8004],[72.9246,18.8004],[72.9246,18.801],[72.9249,18.801],[72.9249,18.8013],[72.9251,18.8013],[72.9251,18.8015],[72.9254,18.8015],[72.9254,18.8018],[72.9257,18.8018],[72.9257,18.8021],[72.926,18.8021],[72.926,18.8024],[72.9262,18.8024],[72.9262,18.8026],[72.9265,18.8026],[72.9265,18.8032],[72.9268,18.8032],[72.9268,18.8035],[72.9271,18.8035],[72.9271,18.8037],[72.9274,18.8037],[72.9274,18.804],[72.9276,18.804],[72.9276,18.8043],[72.9279,18.8043],[72.9279,18.8046],[72.9282,18.8046],[72.9282,18.8051],[72.9285,18.8051],[72.9285,18.8057],[72.929,18.8057],[72.929,18.8062],[72.9293,18.8062],[72.9293,18.8082],[72.9296,18.8082],[72.9296,18.809],[72.9299,18.809],[72.9299,18.8096],[72.9302,18.8096],[72.9302,18.8101],[72.9307,18.8101],[72.9307,18.811],[72.931,18.811],[72.931,18.8118],[72.9313,18.8118],[72.9313,18.8126],[72.9315,18.8126],[72.9315,18.8132],[72.9318,18.8132],[72.9318,18.8138],[72.9321,18.8138],[72.9321,18.8143],[72.9324,18.8143],[72.9324,18.8149],[72.9326,18.8149],[72.9326,18.8151],[72.9329,18.8151],[72.9329,18.8154],[72.9332,18.8154],[72.9332,18.8157],[72.9335,18.8157],[72.9335,18.8162],[72.9337,18.8162],[72.9337,18.8171],[72.934,18.8171],[72.934,18.8179],[72.9343,18.8179],[72.9343,18.8188],[72.9346,18.8188],[72.9346,18.8193],[72.9349,18.8193],[72.9349,18.8201],[72.9351,18.8201],[72.9351,18.821],[72.9354,18.821],[72.9354,18.8215],[72.9357,18.8215],[72.9357,18.8224],[72.936,18.8224],[72.936,18.8232],[72.9362,18.8232],[72.9362,18.8237],[72.9365,18.8237],[72.9365,18.8243],[72.9368,18.8243],[72.9368,18.8249],[72.9371,18.8249],[72.9371,18.8251],[72.9374,18.8251],[72.9374,18.8257],[72.9376,18.8257],[72.9376,18.826],[72.9379,18.826],[72.9379,18.8263],[72.9382,18.8263],[72.9382,18.8265],[72.9385,18.8265],[72.9385,18.8271],[72.939,18.8271],[72.939,18.8274],[72.9393,18.8274],[72.9393,18.8271],[72.9399,18.8271],[72.9399,18.8274],[72.9407,18.8274],[72.9407,18.8279],[72.9435,18.8279],[72.9435,18.8271],[72.9437,18.8271],[72.9437,18.8263],[72.944,18.8263],[72.944,18.8254],[72.9443,18.8254],[72.9443,18.8246],[72.9446,18.8246],[72.9446,18.8237],[72.9449,18.8237],[72.9449,18.8232],[72.9451,18.8232],[72.9451,18.8224],[72.9454,18.8224],[72.9454,18.8221],[72.946,18.8221],[72.946,18.8218],[72.9465,18.8218],[72.9465,18.8207],[72.9471,18.8207],[72.9471,18.8204],[72.9474,18.8204],[72.9474,18.8201],[72.9476,18.8201],[72.9476,18.8199],[72.9479,18.8199],[72.9479,18.8196],[72.9482,18.8196],[72.9482,18.8193],[72.9485,18.8193],[72.9485,18.819],[72.9488,18.819],[72.9488,18.8188],[72.949,18.8188],[72.949,18.8182],[72.9493,18.8182],[72.9493,18.8179],[72.9496,18.8179],[72.9496,18.8174],[72.9499,18.8174],[72.9499,18.8168],[72.9501,18.8168],[72.9501,18.8162],[72.9504,18.8162],[72.9504,18.8157],[72.9507,18.8157],[72.9507,18.8149],[72.951,18.8149],[72.951,18.8143],[72.9513,18.8143],[72.9513,18.8138],[72.9515,18.8138],[72.9515,18.8132],[72.9518,18.8132],[72.9518,18.8124],[72.9521,18.8124],[72.9521,18.8118],[72.9524,18.8118],[72.9524,18.8113],[72.9526,18.8113],[72.9526,18.8107],[72.9529,18.8107],[72.9529,18.8101],[72.9532,18.8101],[72.9532,18.8096],[72.9535,18.8096],[72.9535,18.809],[72.9538,18.809],[72.9538,18.8085],[72.954,18.8085],[72.954,18.8079],[72.9543,18.8079],[72.9543,18.8074],[72.9546,18.8074],[72.9546,18.8068],[72.9549,18.8068],[72.9549,18.8062],[72.9551,18.8062],[72.9551,18.8057],[72.9554,18.8057],[72.9554,18.8051],[72.9557,18.8051],[72.9557,18.8046],[72.956,18.8046],[72.956,18.804],[72.9563,18.804],[72.9563,18.8035],[72.9565,18.8035],[72.9565,18.8029],[72.9568,18.8029],[72.9568,18.8024],[72.9571,18.8024],[72.9571,18.8018],[72.9574,18.8018],[72.9574,18.8013],[72.9576,18.8013],[72.9576,18.801],[72.9579,18.801],[72.9579,18.8007],[72.9582,18.8007],[72.9582,18.8004],[72.9585,18.8004],[72.9585,18.7999],[72.9587,18.7999],[72.9587,18.7996],[72.959,18.7996],[72.959,18.7993],[72.9593,18.7993],[72.9593,18.799],[72.9596,18.799],[72.9596,18.7987],[72.9599,18.7987],[72.9599,18.7985],[72.9601,18.7985],[72.9601,18.7982],[72.9604,18.7982],[72.9604,18.7976],[72.9607,18.7976],[72.9607,18.7973],[72.961,18.7974],[72.961,18.7971],[72.9613,18.7971],[72.9613,18.7968],[72.9615,18.7968],[72.9615,18.7965],[72.9618,18.7965],[72.9618,18.7962],[72.9621,18.7962],[72.9621,18.796],[72.9624,18.796],[72.9624,18.7957],[72.9626,18.7957],[72.9626,18.7954],[72.9629,18.7954],[72.9629,18.7951],[72.9632,18.7951],[72.9632,18.7949],[72.9635,18.7949],[72.9635,18.7946],[72.9638,18.7946],[72.9638,18.7943],[72.9643,18.7943],[72.9643,18.794],[72.9646,18.794],[72.9646,18.7938],[72.9649,18.7938],[72.9649,18.7935],[72.9654,18.7935],[72.9654,18.7932],[72.9657,18.7932],[72.9657,18.7929],[72.966,18.7929],[72.966,18.7926],[72.9665,18.7926],[72.9665,18.7924],[72.9668,18.7924],[72.9668,18.7921],[72.9674,18.7921],[72.9674,18.7918],[72.9676,18.7918],[72.9676,18.7915],[72.9682,18.7915],[72.9682,18.7912],[72.9685,18.7912],[72.9685,18.791],[72.969,18.791],[72.969,18.7907],[72.9693,18.7907],[72.9693,18.7904],[72.9699,18.7904],[72.9699,18.7901],[72.9704,18.7901],[72.9704,18.7899],[72.9713,18.7899],[72.9713,18.7901],[72.9715,18.7901],[72.9715,18.7904],[72.9718,18.7904],[72.9718,18.7908],[72.9718,18.791],[72.9721,18.791],[72.9721,18.7915],[72.9724,18.7915],[72.9724,18.7921],[72.9726,18.7921],[72.9726,18.7926],[72.9729,18.7926],[72.9729,18.7929],[72.9732,18.7929],[72.9732,18.7935],[72.9735,18.7935],[72.9735,18.794],[72.9737,18.794],[72.9737,18.7946],[72.974,18.7946],[72.974,18.7949],[72.9743,18.7949],[72.9743,18.7954],[72.9746,18.7954],[72.9746,18.796],[72.9749,18.796],[72.9749,18.7965],[72.9751,18.7965],[72.9751,18.7971],[72.9754,18.7971],[72.9754,18.7974],[72.9757,18.7973],[72.9757,18.7979],[72.976,18.7979],[72.976,18.7985],[72.9762,18.7985],[72.9762,18.799],[72.9765,18.799],[72.9765,18.7993],[72.9768,18.7993],[72.9768,18.7996],[72.9771,18.7996],[72.9771,18.7999],[72.9768,18.7999],[72.9768,18.8007],[72.9765,18.8007],[72.9765,18.8015],[72.9762,18.8015],[72.9762,18.8021],[72.976,18.8021],[72.976,18.8029],[72.9757,18.8029],[72.9757,18.8037],[72.976,18.8037],[72.976,18.8043],[72.9765,18.8043],[72.9765,18.8046],[72.9768,18.8046],[72.9768,18.8049],[72.9771,18.8049],[72.9771,18.8051],[72.9785,18.8051],[72.9785,18.8049],[72.9793,18.8049],[72.9793,18.8046],[72.9796,18.8046],[72.9796,18.8049],[72.9799,18.8049],[72.9799,18.8054],[72.9801,18.8054],[72.9801,18.806],[72.9804,18.806],[72.9804,18.8062],[72.9807,18.8062],[72.9807,18.8068],[72.981,18.8068],[72.981,18.8074],[72.9812,18.8074],[72.9812,18.8079],[72.9815,18.8079],[72.9815,18.8082],[72.9818,18.8082],[72.9818,18.8088],[72.9821,18.8088],[72.9821,18.8093],[72.9824,18.8093],[72.9824,18.8096],[72.9826,18.8096],[72.9826,18.8101],[72.9824,18.8101],[72.9824,18.8104],[72.9821,18.8104],[72.9821,18.8107],[72.9818,18.8107],[72.9818,18.8113],[72.9815,18.8113],[72.9815,18.8115],[72.9812,18.8115],[72.9812,18.8121],[72.981,18.8121],[72.981,18.8129],[72.9807,18.8129],[72.9807,18.8138],[72.9804,18.8137],[72.9804,18.8146],[72.9801,18.8146],[72.9801,18.8154],[72.9799,18.8154],[72.9799,18.8171],[72.9796,18.8171],[72.9796,18.8221],[72.9799,18.8221],[72.9799,18.8226],[72.9801,18.8226],[72.9801,18.8232],[72.9804,18.8232],[72.9804,18.8237],[72.9807,18.8237],[72.9807,18.8243],[72.981,18.8243],[72.981,18.8249],[72.9812,18.8249],[72.9812,18.8254],[72.9815,18.8254],[72.9815,18.8257],[72.9818,18.8257],[72.9818,18.8263],[72.9821,18.8263],[72.9821,18.8265],[72.9824,18.8265],[72.9824,18.8268],[72.9826,18.8268],[72.9826,18.8274],[72.9829,18.8274],[72.9829,18.8276],[72.9832,18.8276],[72.9832,18.8279],[72.9835,18.8279],[72.9835,18.8285],[72.9837,18.8285],[72.9837,18.8288],[72.9835,18.8288],[72.9835,18.829],[72.9832,18.829],[72.9832,18.8293],[72.9829,18.8293],[72.9829,18.8299],[72.9826,18.8299],[72.9826,18.8307],[72.9829,18.8307],[72.9829,18.8321],[72.9832,18.8321],[72.9832,18.8332],[72.9835,18.8332],[72.9835,18.834],[72.9832,18.834],[72.9832,18.8357],[72.9829,18.8357],[72.9829,18.8368],[72.9826,18.8368],[72.9826,18.8374],[72.9824,18.8374],[72.9824,18.8379],[72.9821,18.8379],[72.9821,18.8385],[72.9818,18.8385],[72.9818,18.8388],[72.9821,18.8388],[72.9821,18.8412],[72.9818,18.8412],[72.9818,18.8424],[72.9815,18.8424],[72.9815,18.8435],[72.9812,18.8435],[72.9812,18.8449],[72.981,18.8449],[72.981,18.846],[72.9807,18.846],[72.9807,18.8467],[72.9807,18.8471],[72.9808,18.8471],[72.981,18.8471],[72.981,18.8476],[72.981,18.8482],[72.9812,18.8482],[72.9812,18.8485],[72.9812,18.8488],[72.981,18.8488],[72.981,18.8493],[72.9807,18.8493],[72.9807,18.8507],[72.981,18.8507],[72.981,18.8521],[72.9812,18.8521],[72.9812,18.8524],[72.9815,18.8524],[72.9815,18.8526],[72.9818,18.8526],[72.9818,18.8532],[72.9821,18.8532],[72.9821,18.8535],[72.9824,18.8535],[72.9824,18.8538],[72.9826,18.8538],[72.9826,18.8543],[72.9829,18.8543],[72.9829,18.8546],[72.9832,18.8546],[72.9832,18.8551],[72.9835,18.8551],[72.9835,18.8554],[72.9837,18.8554],[72.9837,18.856],[72.984,18.856],[72.984,18.8563],[72.9843,18.8563],[72.9843,18.8568],[72.9846,18.8568],[72.9846,18.8571],[72.9849,18.8571],[72.9849,18.8577],[72.9851,18.8577],[72.9851,18.8579],[72.9854,18.8579],[72.9854,18.8585],[72.9857,18.8585],[72.9857,18.859],[72.986,18.859],[72.986,18.8596],[72.9863,18.8596],[72.9863,18.8601],[72.9865,18.8601],[72.9865,18.8607],[72.9868,18.8607],[72.9868,18.8613],[72.9871,18.8613],[72.9871,18.8618],[72.9874,18.8618],[72.9874,18.8624],[72.9876,18.8624],[72.9876,18.8629],[72.9879,18.8629],[72.9879,18.8635],[72.9882,18.8635],[72.9882,18.864],[72.9885,18.864],[72.9885,18.8649],[72.9887,18.8649],[72.9887,18.866],[72.9885,18.866],[72.9885,18.8663],[72.9879,18.8663],[72.9879,18.8665],[72.9876,18.8665],[72.9876,18.8668],[72.9871,18.8668],[72.9871,18.8671],[72.9868,18.8671],[72.9868,18.8668],[72.9865,18.8668],[72.9865,18.8665],[72.9863,18.8665],[72.9863,18.8663],[72.986,18.8663],[72.986,18.866],[72.9854,18.866],[72.9854,18.8657],[72.9851,18.8657],[72.9851,18.8654],[72.9849,18.8654],[72.9849,18.8651],[72.9846,18.8651],[72.9846,18.8649],[72.984,18.8649],[72.984,18.8646],[72.9837,18.8646],[72.9837,18.8643],[72.9832,18.8643],[72.9832,18.864],[72.9826,18.864],[72.9826,18.8638],[72.9801,18.8638],[72.9801,18.8635],[72.979,18.8635],[72.979,18.8632],[72.9779,18.8632],[72.9779,18.8629],[72.9776,18.8629],[72.9776,18.8626],[72.9774,18.8626],[72.9774,18.8624],[72.9771,18.8624],[72.9771,18.8621],[72.9765,18.8621],[72.9765,18.8618],[72.9762,18.8618],[72.9762,18.8615],[72.9758,18.8615],[72.9757,18.8615],[72.9757,18.8613],[72.9754,18.8613],[72.9754,18.861],[72.9749,18.861],[72.9749,18.8607],[72.9746,18.8607],[72.9746,18.8604],[72.9743,18.8604],[72.9743,18.8601],[72.9737,18.8601],[72.9737,18.8599],[72.9735,18.8599],[72.9735,18.8596],[72.9732,18.8596],[72.9732,18.8593],[72.9729,18.8593],[72.9729,18.859],[72.9726,18.859],[72.9726,18.8587],[72.9724,18.8587],[72.9724,18.8585],[72.9718,18.8585],[72.9718,18.8582],[72.9715,18.8582],[72.9715,18.8579],[72.9713,18.8579],[72.9713,18.8577],[72.971,18.8577],[72.971,18.8574],[72.9704,18.8574],[72.9704,18.8571],[72.9701,18.8571],[72.9701,18.8568],[72.9696,18.8568],[72.9696,18.8565],[72.9693,18.8565],[72.9693,18.8563],[72.969,18.8563],[72.969,18.856],[72.9682,18.856],[72.9682,18.8557],[72.9676,18.8557],[72.9676,18.8554],[72.9674,18.8554],[72.9674,18.8551],[72.9671,18.8551],[72.9671,18.8549],[72.9668,18.8549],[72.9668,18.8546],[72.9665,18.8546],[72.9665,18.8543],[72.9663,18.8543],[72.9663,18.854],[72.966,18.854],[72.966,18.8538],[72.9658,18.8538],[72.9657,18.8538],[72.9657,18.8535],[72.9651,18.8535],[72.9651,18.8532],[72.9649,18.8532],[72.9649,18.8529],[72.9643,18.8529],[72.9643,18.8526],[72.964,18.8526],[72.964,18.8529],[72.9635,18.8529],[72.9635,18.8532],[72.9632,18.8532],[72.9632,18.8535],[72.9624,18.8535],[72.9624,18.8532],[72.9621,18.8532],[72.9621,18.8529],[72.9615,18.8529],[72.9615,18.8526],[72.9613,18.8526],[72.9613,18.8524],[72.961,18.8524],[72.961,18.8518],[72.9604,18.8518],[72.9604,18.8515],[72.9599,18.8515],[72.9599,18.8512],[72.959,18.8512],[72.959,18.851],[72.9585,18.851],[72.9585,18.8507],[72.9579,18.8507],[72.9579,18.8504],[72.9568,18.8504],[72.9568,18.8501],[72.9563,18.8501],[72.9563,18.8499],[72.9551,18.8499],[72.9551,18.8496],[72.9535,18.8496],[72.9535,18.8493],[72.9532,18.8493],[72.9532,18.849],[72.9529,18.849],[72.9529,18.8488],[72.9526,18.8488],[72.9526,18.8485],[72.9521,18.8485],[72.9521,18.8482],[72.9515,18.8482],[72.9515,18.8479],[72.951,18.8479],[72.951,18.8476],[72.9501,18.8476],[72.9501,18.8474],[72.9493,18.8474],[72.9493,18.8471],[72.9485,18.8471],[72.9485,18.8468],[72.9474,18.8468],[72.9474,18.8465],[72.9465,18.8465],[72.9465,18.8463],[72.9451,18.8463],[72.9451,18.846],[72.9442,18.846],[72.9437,18.846],[72.9437,18.8457],[72.9429,18.8457],[72.9429,18.846],[72.9426,18.846],[72.9426,18.8461],[72.9426,18.8463],[72.9421,18.8463],[72.9421,18.8465],[72.9418,18.8465],[72.9418,18.8468],[72.9415,18.8468],[72.9415,18.8471],[72.9412,18.8471],[72.9412,18.8474],[72.9407,18.8474],[72.9407,18.8476],[72.9404,18.8476],[72.9404,18.8479],[72.9401,18.8479],[72.9401,18.8482],[72.9396,18.8482],[72.9396,18.8485],[72.9393,18.8485],[72.9393,18.8488],[72.9388,18.8488],[72.9388,18.849],[72.9385,18.849],[72.9385,18.8493],[72.9369,18.8493],[72.9326,18.8493],[72.9326,18.8496],[72.9324,18.8496],[72.9324,18.8499],[72.9321,18.8499],[72.9321,18.8501],[72.9318,18.8501],[72.9318,18.8504],[72.9315,18.8504],[72.9315,18.8507],[72.9313,18.8507],[72.9313,18.851],[72.9307,18.851],[72.9307,18.8512],[72.9302,18.8512],[72.9302,18.8515],[72.9276,18.8515],[72.9276,18.8512],[72.9274,18.8512],[72.9274,18.851],[72.9265,18.851],[72.9265,18.8512],[72.9262,18.8512],[72.9262,18.8515],[72.9257,18.8515],[72.9257,18.8518],[72.9254,18.8518],[72.9254,18.8524],[72.9251,18.8524],[72.9251,18.8535],[72.9249,18.8535],[72.9249,18.8543],[72.9243,18.8543],[72.9243,18.8546],[72.924,18.8546],[72.924,18.8549],[72.9226,18.8549],[72.9226,18.8551],[72.9229,18.8551],[72.9229,18.8568],[72.9232,18.8568],[72.9232,18.8582],[72.9235,18.8582],[72.9235,18.8587],[72.9238,18.8587],[72.9238,18.8635],[72.9235,18.8635],[72.9235,18.8646],[72.9232,18.8646],[72.9232,18.8654],[72.9229,18.8654],[72.9229,18.8657],[72.9226,18.8657],[72.9226,18.866],[72.9224,18.866],[72.9224,18.8665],[72.9221,18.8665],[72.9221,18.8676],[72.9218,18.8676],[72.9218,18.8682],[72.9212,18.8682],[72.9212,18.8685],[72.921,18.8685],[72.921,18.8687],[72.9207,18.8687],[72.9207,18.8693],[72.9201,18.8693],[72.9201,18.8701],[72.9199,18.8701],[72.9199,18.8707],[72.9196,18.8707],[72.9196,18.871],[72.9193,18.871],[72.9193,18.8712],[72.919,18.8712],[72.919,18.8715],[72.9187,18.8715],[72.9187,18.8718],[72.9185,18.8718],[72.9185,18.8724],[72.9182,18.8724],[72.9182,18.8726],[72.9179,18.8726],[72.9179,18.8729],[72.9176,18.8729],[72.9176,18.8735],[72.9174,18.8735],[72.9174,18.874],[72.9171,18.874],[72.9171,18.8746],[72.9168,18.8746],[72.9168,18.8751],[72.9165,18.8751],[72.9165,18.8757],[72.9163,18.8757],[72.9163,18.8765],[72.916,18.8765],[72.916,18.8771],[72.9157,18.8771],[72.9157,18.8779],[72.9154,18.8779],[72.9154,18.8788],[72.9151,18.8787],[72.9151,18.8793],[72.9149,18.8793],[72.9149,18.8799],[72.9146,18.8799],[72.9146,18.8801],[72.9143,18.8801],[72.9143,18.8807],[72.914,18.8807],[72.914,18.881],[72.9137,18.881],[72.9137,18.8813],[72.9135,18.8813],[72.9135,18.8818],[72.9132,18.8818],[72.9132,18.8821],[72.9129,18.8821],[72.9129,18.8824],[72.9126,18.8824],[72.9126,18.8829],[72.911,18.8829],[72.911,18.8835],[72.9107,18.8835],[72.9107,18.8838],[72.9104,18.8838],[72.9104,18.8843],[72.9101,18.8843],[72.9101,18.8846],[72.9099,18.8846],[72.9099,18.8849],[72.9093,18.8849],[72.9093,18.8851],[72.909,18.8851],[72.909,18.8854],[72.9085,18.8854],[72.9085,18.8857],[72.9082,18.8857],[72.9082,18.8885],[72.9085,18.8885],[72.9085,18.8913],[72.9082,18.8913],[72.9082,18.8926],[72.9085,18.8926],[72.9085,18.8971],[72.9088,18.8971],[72.9088,18.8982],[72.9082,18.8982],[72.9082,18.8985],[72.9079,18.8985],[72.9079,18.899],[72.9076,18.899],[72.9076,18.9004],[72.9079,18.9004],[72.9079,18.9021],[72.9085,18.9021],[72.9085,18.9024],[72.9088,18.9024],[72.9088,18.9026],[72.9093,18.9026],[72.9093,18.9029],[72.9096,18.9029],[72.9096,18.9032],[72.9099,18.9032],[72.9099,18.9037],[72.9101,18.9037],[72.9101,18.9043],[72.9107,18.9043],[72.9107,18.904],[72.9129,18.904],[72.9129,18.9037],[72.9151,18.9037],[72.9151,18.904],[72.9154,18.904],[72.9154,18.9043],[72.9157,18.9043],[72.9157,18.9046],[72.9163,18.9046],[72.9163,18.9049],[72.9165,18.9049],[72.9165,18.9054],[72.9168,18.9054],[72.9168,18.906],[72.9171,18.906],[72.9171,18.9065],[72.9174,18.9065],[72.9174,18.9079],[72.9171,18.9079],[72.9171,18.909],[72.9168,18.909],[72.9168,18.9104],[72.9174,18.9104],[72.9174,18.9101],[72.9179,18.9101],[72.9179,18.9099],[72.9185,18.9099],[72.9185,18.9096],[72.9196,18.9096],[72.9196,18.9099],[72.9199,18.9099],[72.9199,18.9104],[72.9201,18.9104],[72.9201,18.9107],[72.9204,18.9107],[72.9204,18.911],[72.9212,18.911],[72.9212,18.9115],[72.9218,18.9115],[72.9218,18.9118],[72.9226,18.9118],[72.9226,18.9121],[72.9235,18.9121],[72.9235,18.9118],[72.924,18.9118],[72.924,18.9115],[72.9274,18.9115],[72.9274,18.9112],[72.9285,18.9112],[72.9285,18.911],[72.929,18.911],[72.929,18.9107],[72.9296,18.9107],[72.9296,18.9104],[72.9299,18.9104],[72.9299,18.9096],[72.9301,18.9096],[72.9301,18.9088],[72.9304,18.9088],[72.9304,18.9076],[72.9307,18.9076],[72.9307,18.9074],[72.931,18.9074],[72.931,18.9071],[72.9313,18.9071],[72.9313,18.9065],[72.9315,18.9065],[72.9315,18.906],[72.9318,18.906],[72.9318,18.9057],[72.9321,18.9057],[72.9321,18.9054],[72.9324,18.9054],[72.9324,18.9051],[72.9326,18.9051],[72.9326,18.9049],[72.9329,18.9049],[72.9329,18.9043],[72.9337,18.9043],[72.9337,18.904],[72.9343,18.904],[72.9343,18.9037],[72.9346,18.9037],[72.9346,18.9035],[72.9349,18.9035],[72.9349,18.9032],[72.9351,18.9032],[72.9351,18.9029],[72.9357,18.9029],[72.9357,18.9024],[72.9362,18.9024],[72.9362,18.9021],[72.9365,18.9021],[72.9365,18.9018],[72.9368,18.9018],[72.9368,18.9015],[72.9371,18.9015],[72.9371,18.9013],[72.9376,18.9013],[72.9376,18.901],[72.9379,18.901],[72.9379,18.9004],[72.9382,18.9004],[72.9382,18.9001],[72.9388,18.9001],[72.9388,18.8999],[72.939,18.8999],[72.939,18.8996],[72.9393,18.8996],[72.9393,18.8993],[72.9396,18.8993],[72.9396,18.899],[72.9399,18.899],[72.9399,18.8987],[72.9401,18.8987],[72.9401,18.8985],[72.9404,18.8985],[72.9404,18.8982],[72.9407,18.8982],[72.9407,18.8979],[72.941,18.8979],[72.941,18.8965],[72.9407,18.8965],[72.9407,18.8954],[72.9418,18.8954],[72.9418,18.8971],[72.9419,18.8971],[72.9421,18.8971],[72.9421,18.8979],[72.9424,18.8979],[72.9424,18.899],[72.9426,18.899],[72.9426,18.8999],[72.9429,18.8999],[72.9429,18.9054],[72.9426,18.9054],[72.9426,18.9057],[72.9424,18.9057],[72.9424,18.9063],[72.9421,18.9063],[72.9421,18.9088],[72.9424,18.9087],[72.9424,18.9093],[72.9432,18.9093],[72.9432,18.909],[72.9446,18.909],[72.9446,18.9093],[72.9449,18.9093],[72.9449,18.9101],[72.9451,18.9101],[72.9451,18.911],[72.9463,18.911],[72.9463,18.9107],[72.9499,18.9107],[72.9499,18.9104],[72.9504,18.9104],[72.9504,18.9101],[72.9507,18.9101],[72.9507,18.9099],[72.951,18.9099],[72.951,18.9096],[72.9515,18.9096],[72.9515,18.909],[72.9521,18.909],[72.9521,18.9087],[72.9524,18.9088],[72.9524,18.9085],[72.9529,18.9085],[72.9529,18.9082],[72.954,18.9082],[72.954,18.9085],[72.9551,18.9085],[72.9551,18.9082],[72.9557,18.9082],[72.9557,18.9085],[72.956,18.9085],[72.956,18.9082],[72.9565,18.9082],[72.9565,18.9079],[72.9571,18.9079],[72.9571,18.9082],[72.9574,18.9082],[72.9574,18.9085],[72.9576,18.9085],[72.9576,18.9088],[72.9574,18.9088],[72.9574,18.9096],[72.9576,18.9096],[72.9576,18.9101],[72.9579,18.9101],[72.9579,18.9104],[72.9582,18.9104],[72.9582,18.911],[72.9585,18.911],[72.9585,18.9112],[72.9587,18.9112],[72.9587,18.9118],[72.959,18.9118],[72.959,18.9124],[72.9593,18.9124],[72.9593,18.9126],[72.9596,18.9126],[72.9596,18.9129],[72.9599,18.9129],[72.9599,18.9135],[72.9601,18.9135],[72.9601,18.914],[72.9604,18.914],[72.9604,18.9146],[72.9607,18.9146],[72.9607,18.9151],[72.961,18.9151],[72.961,18.9163],[72.9607,18.9163],[72.9607,18.9179],[72.961,18.9179],[72.961,18.919],[72.9613,18.919],[72.9613,18.9196],[72.9615,18.9196],[72.9615,18.9204],[72.9618,18.9204],[72.9618,18.9218],[72.9615,18.9218],[72.9615,18.9226],[72.9613,18.9226],[72.9613,18.9232],[72.961,18.9232],[72.961,18.9237],[72.9599,18.9237],[72.9599,18.924],[72.9593,18.924],[72.9593,18.9243],[72.959,18.9243],[72.959,18.9246],[72.9585,18.9246],[72.9585,18.9249],[72.9582,18.9249],[72.9582,18.9251],[72.9576,18.9251],[72.9576,18.9254],[72.9574,18.9254],[72.9574,18.9257],[72.9571,18.9257],[72.9571,18.926],[72.9568,18.926],[72.9568,18.9263],[72.9565,18.9263],[72.9565,18.9265],[72.9563,18.9265],[72.9563,18.9268],[72.956,18.9268],[72.956,18.9271],[72.9557,18.9271],[72.9557,18.9274],[72.9554,18.9274],[72.9554,18.9276],[72.9551,18.9276],[72.9551,18.9279],[72.9549,18.9279],[72.9549,18.9282],[72.9546,18.9282],[72.9546,18.9285],[72.9543,18.9285],[72.9543,18.9288],[72.954,18.9288],[72.954,18.929],[72.9538,18.929],[72.9538,18.9293],[72.9535,18.9293],[72.9535,18.9296],[72.9532,18.9296],[72.9532,18.9299],[72.9529,18.9299],[72.9529,18.9301],[72.9526,18.9301],[72.9526,18.9304],[72.9524,18.9304],[72.9524,18.9307],[72.9521,18.9307],[72.9521,18.931],[72.9515,18.931],[72.9515,18.9312],[72.9513,18.9312],[72.9513,18.9315],[72.951,18.9315],[72.951,18.9318],[72.9507,18.9318],[72.9507,18.9321],[72.9501,18.9321],[72.9501,18.9324],[72.9499,18.9324],[72.9499,18.9326],[72.9496,18.9326],[72.9496,18.9329],[72.9493,18.9329],[72.9493,18.9332],[72.949,18.9332],[72.949,18.9335],[72.9488,18.9335],[72.9488,18.934],[72.9485,18.934],[72.9485,18.9343],[72.9482,18.9343],[72.9482,18.9346],[72.9479,18.9346],[72.9479,18.9349],[72.9476,18.9349],[72.9476,18.9351],[72.9474,18.9351],[72.9474,18.9354],[72.9468,18.9354],[72.9468,18.9357],[72.9465,18.9357],[72.9465,18.936],[72.9463,18.936],[72.9463,18.9363],[72.946,18.9363],[72.946,18.9368],[72.9457,18.9368],[72.9457,18.9396],[72.9454,18.9396],[72.9454,18.9401],[72.9451,18.9401],[72.9451,18.9404],[72.9449,18.9404],[72.9449,18.941],[72.9446,18.941],[72.9446,18.9412],[72.9443,18.9412],[72.9443,18.9415],[72.9437,18.9415],[72.9437,18.9418],[72.9435,18.9418],[72.9435,18.9424],[72.9432,18.9424],[72.9432,18.9429],[72.9429,18.9429],[72.9429,18.9432],[72.9426,18.9432],[72.9426,18.9435],[72.9421,18.9435],[72.9421,18.9438],[72.9418,18.9438],[72.9418,18.944],[72.9415,18.944],[72.9415,18.9443],[72.9413,18.9443],[72.9413,18.9446],[72.941,18.9446],[72.941,18.9449],[72.9407,18.9449],[72.9407,18.9451],[72.9401,18.9451],[72.9401,18.9454],[72.9396,18.9454],[72.9396,18.946],[72.9393,18.946],[72.9393,18.9465],[72.9396,18.9465],[72.9396,18.9471],[72.9399,18.9471],[72.9399,18.9474],[72.9401,18.9474],[72.9401,18.9479],[72.9404,18.9479],[72.9404,18.9482],[72.9407,18.9482],[72.9407,18.9485],[72.941,18.9485],[72.941,18.9487],[72.9412,18.9487],[72.9412,18.949],[72.9415,18.949],[72.9415,18.9493],[72.9418,18.9493],[72.9418,18.9499],[72.9421,18.9499],[72.9421,18.9501],[72.9426,18.9501],[72.9426,18.9504],[72.9429,18.9504],[72.9429,18.9507],[72.9432,18.9507],[72.9432,18.951],[72.9435,18.951],[72.9435,18.9512],[72.944,18.9512],[72.944,18.9515],[72.9443,18.9515],[72.9443,18.9518],[72.9446,18.9518],[72.9446,18.9521],[72.9449,18.9521],[72.9449,18.9524],[72.9451,18.9524],[72.9451,18.9529],[72.9454,18.9529],[72.9454,18.9543],[72.9457,18.9543],[72.9457,18.9556],[72.9457,18.9557],[72.946,18.9557],[72.946,18.956],[72.946,18.9563],[72.9461,18.9562],[72.9463,18.9562],[72.9463,18.9564],[72.9463,18.9565],[72.9465,18.9565],[72.9465,18.9568],[72.9468,18.9568],[72.9468,18.9574],[72.9471,18.9574],[72.9471,18.9576],[72.9474,18.9576],[72.9474,18.9582],[72.9476,18.9582],[72.9476,18.959],[72.9479,18.959],[72.9479,18.9596],[72.9482,18.9596],[72.9482,18.9604],[72.9485,18.9604],[72.9485,18.9611],[72.9485,18.9613],[72.9488,18.9613],[72.9488,18.9617],[72.9488,18.9621],[72.949,18.9621],[72.949,18.9622],[72.949,18.9624],[72.9493,18.9624],[72.9493,18.9626],[72.9496,18.9626],[72.9496,18.9629],[72.9504,18.9629],[72.9504,18.9618],[72.9501,18.9618],[72.9501,18.9607],[72.9499,18.9607],[72.9499,18.9601],[72.9496,18.9601],[72.9496,18.9599],[72.9493,18.9599],[72.9493,18.9593],[72.949,18.9593],[72.949,18.9587],[72.9488,18.9587],[72.9488,18.9582],[72.9485,18.9582],[72.9485,18.9574],[72.9482,18.9574],[72.9482,18.9568],[72.9479,18.9568],[72.9479,18.9563],[72.9476,18.9563],[72.9476,18.9554],[72.9474,18.9554],[72.9474,18.9546],[72.9471,18.9546],[72.9471,18.954],[72.9468,18.954],[72.9468,18.9535],[72.9471,18.9535],[72.9471,18.9529],[72.9476,18.9529],[72.9476,18.9526],[72.9482,18.9526],[72.9482,18.9532],[72.9485,18.9532],[72.9485,18.954],[72.9488,18.954],[72.9488,18.9549],[72.949,18.9549],[72.949,18.9554],[72.9493,18.9554],[72.9493,18.9557],[72.9496,18.9557],[72.9496,18.9563],[72.9499,18.9563],[72.9499,18.9568],[72.9501,18.9568],[72.9501,18.9576],[72.9504,18.9576],[72.9504,18.9582],[72.9507,18.9582],[72.9507,18.9587],[72.951,18.9587],[72.951,18.9596],[72.9513,18.9596],[72.9513,18.9601],[72.9515,18.9601],[72.9515,18.9604],[72.9518,18.9604],[72.9518,18.9601],[72.9526,18.9601],[72.9526,18.9607],[72.9529,18.9607],[72.9529,18.9613],[72.9532,18.9613],[72.9532,18.9615],[72.9535,18.9615],[72.9535,18.9621],[72.9538,18.9621],[72.9538,18.9624],[72.954,18.9624],[72.954,18.9629],[72.9543,18.9629],[72.9543,18.9635],[72.9546,18.9635],[72.9546,18.9638],[72.9549,18.9638],[72.9549,18.9643],[72.9543,18.9643],[72.9543,18.9646],[72.9546,18.9646],[72.9546,18.9649],[72.9549,18.9649],[72.9549,18.9651],[72.9551,18.9651],[72.9551,18.9657],[72.9554,18.9657],[72.9554,18.9668],[72.9557,18.9668],[72.9557,18.9682],[72.9554,18.9682],[72.9554,18.9688],[72.9551,18.9688],[72.9551,18.969],[72.9549,18.969],[72.9549,18.9693],[72.9546,18.9693],[72.9546,18.9696],[72.954,18.9696],[72.954,18.9699],[72.9538,18.9699],[72.9538,18.9701],[72.9535,18.9701],[72.9535,18.9713],[72.9538,18.9713],[72.9538,18.9715],[72.9543,18.9715],[72.9543,18.9718],[72.9546,18.9718],[72.9546,18.9724],[72.9549,18.9724],[72.9549,18.9726],[72.9551,18.9726],[72.9551,18.9732],[72.9554,18.9732],[72.9554,18.9735],[72.9557,18.9735],[72.9557,18.974],[72.9568,18.974],[72.9568,18.9735],[72.9574,18.9735],[72.9574,18.9732],[72.9596,18.9732],[72.9596,18.9735],[72.9599,18.9735],[72.9599,18.9732],[72.9601,18.9732],[72.9601,18.9726],[72.9604,18.9726],[72.9604,18.9724],[72.9607,18.9724],[72.9607,18.9721],[72.961,18.9721],[72.961,18.9715],[72.9613,18.9715],[72.9613,18.9713],[72.9615,18.9713],[72.9615,18.9707],[72.9618,18.9707],[72.9618,18.9704],[72.9621,18.9704],[72.9621,18.9699],[72.9624,18.9699],[72.9624,18.9696],[72.9626,18.9696],[72.9626,18.969],[72.9629,18.969],[72.9629,18.9688],[72.9632,18.9688],[72.9632,18.9685],[72.9635,18.9685],[72.9635,18.9679],[72.9638,18.9679],[72.9638,18.9676],[72.964,18.9676],[72.964,18.9674],[72.9646,18.9674],[72.9646,18.9671],[72.9649,18.9671],[72.9649,18.9668],[72.9668,18.9668],[72.9668,18.9671],[72.9676,18.9671],[72.9676,18.9668],[72.9682,18.9668],[72.9682,18.9665],[72.9685,18.9665],[72.9685,18.9662],[72.969,18.9662],[72.969,18.966],[72.9696,18.966],[72.9696,18.9657],[72.9699,18.9657],[72.9699,18.9654],[72.9701,18.9654],[72.9701,18.9651],[72.9704,18.9651],[72.9704,18.9646],[72.9707,18.9646],[72.9707,18.9643],[72.9713,18.9643],[72.9713,18.964],[72.9715,18.964],[72.9715,18.9638],[72.9721,18.9638],[72.9721,18.9635],[72.9751,18.9635],[72.9751,18.9632],[72.9754,18.9632],[72.9754,18.9629],[72.9774,18.9629],[72.9774,18.9626],[72.9793,18.9626],[72.9793,18.9629],[72.9799,18.9629],[72.9799,18.9632],[72.981,18.9632],[72.981,18.9635],[72.9815,18.9635],[72.9815,18.9638],[72.9818,18.9638],[72.9818,18.9643],[72.9821,18.9643],[72.9821,18.9649],[72.9824,18.9649],[72.9824,18.9654],[72.9826,18.9654],[72.9826,18.966],[72.9829,18.966],[72.9829,18.9662],[72.9832,18.9662],[72.9832,18.9668],[72.9835,18.9668],[72.9835,18.9674],[72.9837,18.9674],[72.9837,18.9679],[72.984,18.9679],[72.984,18.9685],[72.9843,18.9685],[72.9843,18.969],[72.9846,18.969],[72.9846,18.9696],[72.9849,18.9696],[72.9849,18.9699],[72.9854,18.9699],[72.9854,18.9701],[72.9863,18.9701],[72.9863,18.9699],[72.9865,18.9699],[72.9865,18.9696],[72.9868,18.9696],[72.9868,18.969],[72.9871,18.969],[72.9871,18.9688],[72.9874,18.9688],[72.9874,18.9685],[72.9882,18.9685],[72.9882,18.9682],[72.9901,18.9682],[72.9901,18.9679],[72.9932,18.9679],[72.9932,18.9682],[72.9949,18.9682],[72.9949,18.9685],[72.9962,18.9685],[72.9962,18.9688],[72.9968,18.9688],[72.9968,18.969],[72.9974,18.969],[72.9974,18.9693],[72.9979,18.9693],[72.9979,18.9696],[72.9985,18.9696],[72.9985,18.9699],[72.999,18.9699],[72.999,18.9701],[72.9996,18.9701],[72.9996,18.9704],[73.0001,18.9704],[73.0004,18.9704],[73.0004,18.9707],[73.0013,18.9707],[73.0013,18.9713],[73.0024,18.9713],[73.0024,18.9718],[73.0026,18.9718],[73.0026,18.9721],[73.0029,18.9721],[73.0029,18.9724],[73.0032,18.9724],[73.0032,18.9726],[73.0035,18.9726],[73.0035,18.9729],[73.0038,18.9729],[73.0038,18.9732],[73.004,18.9732],[73.004,18.9735],[73.0043,18.9735],[73.0043,18.9738],[73.004,18.9738],[73.004,18.9743],[73.0037,18.9743],[73.0037,18.9754],[73.0049,18.9754],[73.0049,18.9751],[73.0057,18.9751],[73.0057,18.9754],[73.006,18.9754],[73.006,18.9762],[73.0057,18.9762],[73.0057,18.9765],[73.006,18.9765],[73.006,18.9768],[73.0068,18.9768],[73.0068,18.9771],[73.009,18.9771],[73.009,18.9768],[73.0113,18.9768],[73.0113,18.9771],[73.0118,18.9771],[73.0118,18.9774],[73.0121,18.9774],[73.0121,18.9776],[73.0126,18.9776],[73.0126,18.9779],[73.0129,18.9779],[73.0129,18.9785],[73.0135,18.9785],[73.0135,18.9787],[73.0137,18.9787],[73.0137,18.979],[73.0143,18.979],[73.0143,18.9793],[73.0149,18.9793],[73.0149,18.9796],[73.0151,18.9796],[73.0151,18.9799],[73.0157,18.9799],[73.0157,18.9801],[73.0163,18.9801],[73.0163,18.9804],[73.0165,18.9804],[73.0165,18.981],[73.0171,18.981],[73.0171,18.9826],[73.0173,18.9826],[73.0173,18.9837],[73.0171,18.9837],[73.0171,18.9854],[73.0168,18.9854],[73.0168,18.986],[73.0171,18.986],[73.0171,18.9865],[73.0173,18.9865],[73.0173,18.9868],[73.019,18.9868],[73.019,18.9871],[73.0193,18.9871],[73.0193,18.9874],[73.0199,18.9874],[73.0199,18.9876],[73.0201,18.9876],[73.0201,18.9879],[73.0204,18.9879],[73.0204,18.9882],[73.0207,18.9882],[73.0207,18.9885],[73.021,18.9885],[73.021,18.989],[73.0212,18.989],[73.0212,18.9899],[73.0215,18.9899],[73.0215,18.9901],[73.0218,18.9901],[73.0218,18.9904],[73.0221,18.9904],[73.0221,18.9907],[73.0224,18.9907],[73.0224,18.9904],[73.0226,18.9904],[73.0226,18.9901],[73.0232,18.9901],[73.0232,18.991],[73.024,18.991],[73.024,18.9907],[73.0243,18.9907],[73.0243,18.9904],[73.0246,18.9904],[73.0246,18.9901],[73.0243,18.9901],[73.0243,18.9899],[73.0246,18.9899],[73.0246,18.9896],[73.0249,18.9896],[73.0249,18.9893],[73.0251,18.9893],[73.0251,18.989],[73.0263,18.989],[73.0263,18.9888],[73.0274,18.9888],[73.0274,18.989],[73.0276,18.989],[73.0276,18.9896],[73.0274,18.9896],[73.0274,18.9904],[73.0271,18.9904],[73.0271,18.9907],[73.0274,18.9907],[73.0274,18.9912],[73.0276,18.9912],[73.0276,18.9921],[73.0282,18.9921],[73.0282,18.9918],[73.0285,18.9918],[73.0285,18.9912],[73.029,18.9912],[73.029,18.9915],[73.0296,18.9915],[73.0296,18.9918],[73.0299,18.9918],[73.0299,18.9924],[73.0301,18.9924],[73.0301,18.9926],[73.031,18.9926],[73.031,18.9929],[73.0313,18.9929],[73.0313,18.9932],[73.0315,18.9932],[73.0315,18.9937],[73.0318,18.9937],[73.0318,18.9943],[73.0321,18.9943],[73.0321,18.9946],[73.0323,18.9946],[73.0323,18.9968],[73.0321,18.9968],[73.0321,18.9971],[73.0318,18.9971],[73.0318,18.9979],[73.0321,18.9979],[73.0321,18.9982],[73.0324,18.9982],[73.0323,18.9992],[73.0323,18.9993],[73.0318,18.9993],[73.0318,18.9996],[73.0315,18.9996],[73.0315,19.0001],[73.0315,19.0007],[73.0313,19.0007],[73.0313,19.001],[73.031,19.001],[73.031,19.0013],[73.0304,19.0013],[73.0304,19.0015],[73.0301,19.0015],[73.0301,19.0018],[73.0299,19.0018],[73.0299,19.0021],[73.0293,19.0021],[73.0293,19.0018],[73.0282,19.0018],[73.0282,19.0015],[73.0263,19.0015],[73.0263,19.0018],[73.026,19.0018],[73.026,19.0021],[73.0254,19.0021],[73.0254,19.0024],[73.0238,19.0024],[73.0238,19.0021],[73.0232,19.0021],[73.0232,19.0015],[73.0199,19.0015],[73.0199,19.001],[73.0196,19.001],[73.0196,19.0001],[73.0196,18.9996],[73.019,18.9996],[73.019,18.9993],[73.0176,18.9993],[73.0176,18.999],[73.0171,18.999],[73.0171,18.9988],[73.0168,18.9988],[73.0168,18.9985],[73.016,18.9985],[73.016,18.9988],[73.0146,18.9988],[73.0146,18.999],[73.014,18.999],[73.014,18.9988],[73.0126,18.9988],[73.0126,18.999],[73.0118,18.999],[73.0118,18.9988],[73.0088,18.9988],[73.0088,18.9996],[73.0079,18.9996],[73.0079,19.0001],[73.0079,19.0004],[73.0076,19.0004],[73.0076,19.0007],[73.0068,19.0007],[73.0068,19.001],[73.0065,19.001],[73.0065,19.0013],[73.006,19.0013],[73.006,19.0015],[73.0037,19.0015],[73.0037,19.0013],[73.0032,19.0013],[73.0032,19.0015],[73.0029,19.0015],[73.0029,19.0029],[73.0026,19.0029],[73.0026,19.0035],[73.0024,19.0035],[73.0024,19.0049],[73.0021,19.0049],[73.0021,19.0063],[73.0018,19.0063],[73.0018,19.0068],[73.0015,19.0068],[73.0015,19.0099],[73.0018,19.0099],[73.0018,19.0118],[73.0015,19.0118],[73.0015,19.0124],[73.0018,19.0124],[73.0018,19.0126],[73.0021,19.0126],[73.0021,19.0143],[73.0018,19.0143],[73.0018,19.0146],[73.0015,19.0146],[73.0015,19.0149],[73.001,19.0149],[73.001,19.0154],[73.0007,19.0154],[73.0007,19.0168],[73.001,19.0168],[73.001,19.0174],[73.0013,19.0174],[73.0013,19.0176],[73.0015,19.0176],[73.0015,19.0179],[73.0018,19.0179],[73.0018,19.0182],[73.0021,19.0182],[73.0021,19.0185],[73.0024,19.0185],[73.0024,19.019],[73.0026,19.019],[73.0026,19.0193],[73.0029,19.0193],[73.0029,19.0207],[73.0026,19.0207],[73.0026,19.021],[73.0029,19.021],[73.0029,19.0212],[73.0032,19.0212],[73.0032,19.0215],[73.0035,19.0215],[73.0035,19.0218],[73.0032,19.0218],[73.0032,19.0224],[73.0035,19.0224],[73.0035,19.0229],[73.0032,19.0229],[73.0032,19.0249],[73.0035,19.0249],[73.0035,19.0254],[73.0037,19.0254],[73.0037,19.0263],[73.004,19.0263],[73.004,19.0276],[73.0037,19.0276],[73.0037,19.0293],[73.0035,19.0293],[73.0035,19.0296],[73.0032,19.0296],[73.0032,19.0301],[73.0029,19.0301],[73.0029,19.031],[73.0026,19.031],[73.0026,19.0312],[73.0024,19.0312],[73.0024,19.0324],[73.0021,19.0324],[73.0021,19.0329],[73.0018,19.0329],[73.0018,19.0343],[73.0015,19.0343],[73.0015,19.0346],[73.0018,19.0346],[73.0018,19.0354],[73.0015,19.0354],[73.0015,19.0357],[73.0013,19.0357],[73.0013,19.036],[73.001,19.036],[73.001,19.0363],[73.0007,19.0363],[73.0007,19.0368],[73.0004,19.0368],[73.0004,19.0371],[73.0007,19.0371],[73.0007,19.0374],[73.0004,19.0374],[73.0004,19.0376],[73.0007,19.0376],[73.0007,19.0396],[73.0004,19.0396],[73.0004,19.0404],[73.0001,19.0404],[72.9996,19.0404],[72.9996,19.041],[72.9993,19.041],[72.9993,19.0421],[72.999,19.0421],[72.999,19.0438],[72.9987,19.0438],[72.9987,19.0449],[72.9985,19.0449],[72.9985,19.0487],[72.9982,19.0487],[72.9982,19.049],[72.9979,19.049],[72.9979,19.0496],[72.9976,19.0496],[72.9976,19.0501],[72.9974,19.0501],[72.9974,19.0504],[72.9971,19.0504],[72.9971,19.051],[72.9968,19.051],[72.9968,19.0513],[72.9965,19.0513],[72.9965,19.0515],[72.9962,19.0515],[72.9962,19.0518],[72.996,19.0518],[72.996,19.0526],[72.9957,19.0526],[72.9957,19.0532],[72.9954,19.0532],[72.9954,19.0538],[72.9951,19.0538],[72.9951,19.0543],[72.9949,19.0543],[72.9949,19.0549],[72.9946,19.0549],[72.9946,19.0554],[72.9943,19.0554],[72.9943,19.056],[72.994,19.056],[72.994,19.0563],[72.9943,19.0562],[72.9943,19.0568],[72.994,19.0568],[72.994,19.0571],[72.9938,19.0571],[72.9938,19.0579],[72.9935,19.0579],[72.9935,19.0585],[72.9932,19.0585],[72.9932,19.0587],[72.9929,19.0587],[72.9929,19.059],[72.9924,19.059],[72.9924,19.0593],[72.9921,19.0593],[72.9921,19.0596],[72.9912,19.0596],[72.9912,19.0599],[72.9907,19.0599],[72.9907,19.0601],[72.9899,19.0601],[72.9899,19.0604],[72.9887,19.0604],[72.9887,19.0607],[72.9885,19.0607],[72.9885,19.061],[72.9882,19.061],[72.9882,19.0611],[72.9882,19.0613],[72.9879,19.0613],[72.9879,19.0615],[72.9871,19.0615],[72.9871,19.0618],[72.9868,19.0618],[72.9868,19.0621],[72.9857,19.0621],[72.9857,19.0624],[72.9849,19.0624],[72.9849,19.0626],[72.9824,19.0626],[72.9824,19.0624],[72.9801,19.0624],[72.9801,19.0621],[72.9785,19.0621],[72.9785,19.0618],[72.9779,19.0618],[72.9779,19.0615],[72.976,19.0615],[72.976,19.0613],[72.9746,19.0613],[72.9746,19.061],[72.9735,19.061],[72.9735,19.0607],[72.9726,19.0607],[72.9726,19.0604],[72.9715,19.0604],[72.9715,19.0601],[72.9707,19.0601],[72.9707,19.0599],[72.9699,19.0599],[72.9699,19.0596],[72.9696,19.0596],[72.9696,19.0599],[72.9685,19.0599],[72.9685,19.0596],[72.9682,19.0596],[72.9682,19.0593],[72.9679,19.0593],[72.9679,19.059],[72.9663,19.059],[72.9663,19.0587],[72.9654,19.0587],[72.9654,19.0585],[72.9632,19.0585],[72.9632,19.0582],[72.9626,19.0582],[72.9626,19.0579],[72.9624,19.0579],[72.9624,19.0568],[72.9621,19.0568],[72.9621,19.0518],[72.9624,19.0518],[72.9624,19.0496],[72.9621,19.0496],[72.9621,19.0493],[72.9624,19.0493],[72.9624,19.049],[72.9621,19.049],[72.9621,19.0471],[72.9618,19.0471],[72.9618,19.0468],[72.9621,19.0468],[72.9621,19.0465],[72.9618,19.0465],[72.9618,19.0457],[72.9615,19.0457],[72.9615,19.0454],[72.9613,19.0454],[72.9613,19.0424],[72.961,19.0424],[72.961,19.0396],[72.9607,19.0396],[72.9607,19.0385],[72.9604,19.0385],[72.9604,19.0379],[72.9601,19.0379],[72.9601,19.0368],[72.9599,19.0368],[72.9599,19.036],[72.9596,19.036],[72.9596,19.0357],[72.9593,19.0357],[72.9593,19.0354],[72.959,19.0354],[72.959,19.0349],[72.9587,19.0349],[72.9587,19.0346],[72.9587,19.0343],[72.9585,19.0343],[72.9585,19.034],[72.9582,19.034],[72.9582,19.0335],[72.9579,19.0335],[72.9579,19.0332],[72.9576,19.0332],[72.9576,19.0326],[72.9574,19.0326],[72.9574,19.0321],[72.9571,19.0321],[72.9571,19.0316],[72.9571,19.0307],[72.9568,19.0307],[72.9568,19.0301],[72.9565,19.0301],[72.9565,19.0293],[72.9563,19.0293],[72.9563,19.029],[72.956,19.029],[72.956,19.0287],[72.9557,19.0287],[72.9557,19.0282],[72.9554,19.0282],[72.9554,19.0276],[72.9551,19.0276],[72.9551,19.0274],[72.9549,19.0274],[72.9549,19.0271],[72.954,19.0271],[72.954,19.0268],[72.9535,19.0268],[72.9535,19.026],[72.9532,19.026],[72.9532,19.0257],[72.9526,19.0257],[72.9526,19.0254],[72.9521,19.0254],[72.9521,19.0251],[72.9518,19.0251],[72.9518,19.0249],[72.9515,19.0249],[72.9515,19.0243],[72.951,19.0243],[72.951,19.024],[72.9507,19.024],[72.9507,19.0238],[72.9504,19.0238],[72.9504,19.0235],[72.9501,19.0235],[72.9501,19.0232],[72.9499,19.0232],[72.9499,19.0226],[72.9496,19.0226],[72.9496,19.0224],[72.9493,19.0224],[72.9493,19.0218],[72.9485,19.0218],[72.9485,19.0215],[72.9479,19.0215],[72.9479,19.0212],[72.9476,19.0212],[72.9476,19.0207],[72.9474,19.0207],[72.9474,19.0204],[72.9465,19.0204],[72.9465,19.0201],[72.9463,19.0201],[72.9463,19.0199],[72.9457,19.0199],[72.9457,19.0196],[72.9451,19.0196],[72.9451,19.019],[72.9449,19.019],[72.9449,19.0187],[72.9446,19.0187],[72.9446,19.019],[72.9443,19.019],[72.9443,19.0187],[72.944,19.0187],[72.944,19.0185],[72.9437,19.0185],[72.9437,19.0182],[72.9435,19.0182],[72.9435,19.0179],[72.9432,19.0179],[72.9429,19.0179],[72.9429,19.0176],[72.9426,19.0176],[72.9426,19.0174],[72.9424,19.0174],[72.9424,19.0171],[72.941,19.0171],[72.941,19.0168],[72.9404,19.0168],[72.9404,19.0165],[72.9401,19.0165],[72.9401,19.0163],[72.9399,19.0163],[72.9399,19.016],[72.939,19.016],[72.939,19.0157],[72.9388,19.0157],[72.9388,19.0154],[72.9385,19.0154],[72.9385,19.0151],[72.9382,19.0151],[72.9382,19.0149],[72.9379,19.0149],[72.9379,19.0146],[72.9376,19.0146],[72.9376,19.0143],[72.9374,19.0143],[72.9374,19.014],[72.9365,19.014],[72.9365,19.0138],[72.9362,19.0138],[72.9362,19.0135],[72.9357,19.0135],[72.9357,19.0132],[72.9354,19.0132],[72.9354,19.0129],[72.9351,19.0129],[72.9351,19.0126],[72.9349,19.0126],[72.9349,19.0124],[72.9346,19.0124],[72.9346,19.0121],[72.9343,19.0121],[72.9343,19.0118],[72.934,19.0118],[72.934,19.0115],[72.9337,19.0115],[72.9337,19.0112],[72.9329,19.0112],[72.9329,19.0107],[72.9324,19.0107],[72.9324,19.0104],[72.9318,19.0104],[72.9318,19.0099],[72.9315,19.0099],[72.9315,19.0096],[72.931,19.0096],[72.931,19.0093],[72.9302,19.0093],[72.9302,19.0088],[72.9299,19.0088],[72.9299,19.0085],[72.9293,19.0085],[72.9293,19.0082],[72.9287,19.0082],[72.9287,19.0079],[72.9285,19.0079],[72.9285,19.0076],[72.9282,19.0076],[72.9282,19.0074],[72.9276,19.0074],[72.9276,19.0071],[72.9274,19.0071],[72.9274,19.0068],[72.9268,19.0068],[72.9268,19.0065],[72.9265,19.0065],[72.9265,19.0063],[72.926,19.0063],[72.926,19.006],[72.9257,19.006],[72.9257,19.0057],[72.9251,19.0057],[72.9251,19.0054],[72.9246,19.0054],[72.9246,19.0052],[72.9243,19.0052],[72.9243,19.0046],[72.924,19.0046],[72.924,19.0043],[72.9243,19.0043],[72.9243,19.004],[72.9238,19.004],[72.9238,19.0037],[72.9232,19.0037],[72.9232,19.0035],[72.9226,19.0035],[72.9226,19.0032],[72.9221,19.0032],[72.9221,19.0029],[72.9218,19.0029],[72.9218,19.0021],[72.9215,19.0021],[72.9215,19.0018],[72.9207,19.0018],[72.9207,19.0015],[72.9201,19.0015],[72.9201,19.0013],[72.9199,19.0013],[72.9199,19.001],[72.9196,19.001],[72.9196,19.0007],[72.919,19.0007],[72.919,19.0001],[72.9185,19.0001],[72.9185,18.9996],[72.9137,18.9996],[72.9137,18.9999],[72.9135,18.9999],[72.9135,18.9996],[72.9132,18.9996],[72.9132,18.9993],[72.9118,18.9993],[72.9118,18.999],[72.9115,18.999],[72.9115,18.9993],[72.9088,18.9993],[72.9088,18.9996],[72.9074,18.9996],[72.9074,18.9993],[72.9068,18.9993],[72.9068,18.9982],[72.9063,18.9982],[72.906,18.9982],[72.906,18.9976],[72.9063,18.9976],[72.9063,18.9971],[72.9065,18.9971],[72.9065,18.9965],[72.9063,18.9965],[72.9063,18.9968],[72.906,18.9968],[72.906,18.9971],[72.9057,18.9971],[72.9057,18.9974],[72.9051,18.9974],[72.9051,18.9965],[72.9054,18.9965],[72.9054,18.996],[72.9057,18.996],[72.9057,18.9957],[72.906,18.9957],[72.906,18.9954],[72.9063,18.9954],[72.9063,18.9951],[72.9065,18.9951],[72.9065,18.9949],[72.9068,18.9949],[72.9068,18.9946],[72.9071,18.9946],[72.9071,18.9943],[72.9074,18.9943],[72.9074,18.994],[72.9076,18.994],[72.9076,18.9937],[72.9079,18.9937],[72.9079,18.9935],[72.9082,18.9935],[72.9082,18.9932],[72.9085,18.9932],[72.9085,18.9929],[72.9088,18.9929],[72.9088,18.9926],[72.9093,18.9926],[72.9093,18.9912],[72.9079,18.9912],[72.9079,18.9915],[72.9082,18.9915],[72.9082,18.9921],[72.9076,18.9921],[72.9076,18.9926],[72.9074,18.9926],[72.9074,18.9932],[72.9071,18.9932],[72.9071,18.9935],[72.9068,18.9935],[72.9068,18.9937],[72.9065,18.9937],[72.9065,18.994],[72.9063,18.994],[72.9063,18.9943],[72.906,18.9943],[72.906,18.9949],[72.9057,18.9949],[72.9057,18.9951],[72.9054,18.9951],[72.9054,18.9954],[72.9049,18.9954],[72.9049,18.9949],[72.9046,18.9949],[72.9046,18.994],[72.9049,18.994],[72.9049,18.9935],[72.9051,18.9935],[72.9051,18.9926],[72.9054,18.9926],[72.9054,18.9918],[72.9057,18.9918],[72.9057,18.9915],[72.9063,18.9915],[72.9063,18.991],[72.9065,18.991],[72.9065,18.9907],[72.906,18.9907],[72.906,18.9904],[72.9054,18.9904],[72.9054,18.9901],[72.9051,18.9901],[72.9051,18.9904],[72.9049,18.9904],[72.9049,18.9921],[72.9046,18.9921],[72.9046,18.9926],[72.9043,18.9926],[72.9043,18.9932],[72.904,18.9932],[72.904,18.9957],[72.9037,18.9957],[72.9037,18.9963],[72.9035,18.9963],[72.9035,18.9968],[72.9032,18.9968],[72.9032,18.9971],[72.9029,18.9971],[72.9029,18.9974],[72.8988,18.9974],[72.8988,18.9971],[72.8976,18.9971],[72.8976,18.9968],[72.8965,18.9968],[72.8965,18.9965],[72.896,18.9965],[72.896,18.9982],[72.8965,18.9982],[72.8965,18.9979],[72.8976,18.9979],[72.8976,18.9982],[72.8974,18.9982],[72.8974,18.999],[72.8968,18.999],[72.8968,18.9993],[72.8957,18.9993],[72.8957,18.999],[72.8954,18.999],[72.8954,18.9996],[72.8952,18.9996],[72.8904,18.9996],[72.8904,18.9999],[72.8899,18.9999],[72.8899,18.9996],[72.886,18.9996],[72.886,19.0001],[72.886,19.0037],[72.8857,19.0037],[72.8857,19.0076],[72.8854,19.0076],[72.8854,19.0082],[72.8851,19.0082],[72.8851,19.009],[72.8818,19.009],[72.8818,19.0088],[72.8818,19.0079],[72.8807,19.0079],[72.8807,19.0076],[72.8799,19.0076],[72.8799,19.0074],[72.879,19.0074],[72.879,19.0071],[72.8743,19.0071],[72.8743,19.0068],[72.8732,19.0068],[72.8732,19.0065],[72.8724,19.0065],[72.8724,19.0063],[72.871,19.0063],[72.871,19.006],[72.8707,19.006],[72.8707,19.0054],[72.8701,19.0054],[72.8701,19.0052],[72.8693,19.0052],[72.8693,19.0049],[72.8679,19.0049],[72.8679,19.0046],[72.8674,19.0046],[72.8674,19.0049],[72.8657,19.0049],[72.8657,19.0046],[72.8649,19.0046],[72.8649,19.0043],[72.8643,19.0043],[72.8643,19.004],[72.864,19.004],[72.864,19.0037],[72.8637,19.0037],[72.8637,19.0035],[72.8632,19.0035],[72.8632,19.0032],[72.8626,19.0032],[72.8626,19.0029],[72.8621,19.0029],[72.8621,19.0018],[72.8618,19.0018],[72.8618,19.0007],[72.8615,19.0007],[72.8615,19.0004],[72.861,19.0004],[72.861,19.0001],[72.8607,19.0001],[72.8607,18.9999],[72.8604,18.9999],[72.8604,18.9996],[72.8601,18.9996],[72.8601,18.9988],[72.8599,18.9988],[72.8599,18.9982],[72.8601,18.9982],[72.8601,18.9979],[72.8604,18.9979],[72.8604,18.9974],[72.8607,18.9974],[72.8607,18.9971],[72.861,18.9971],[72.861,18.9965],[72.8613,18.9965],[72.8613,18.996],[72.8615,18.996],[72.8615,18.9957],[72.8604,18.9957],[72.8604,18.994],[72.8601,18.994],[72.8601,18.9937],[72.8599,18.9937],[72.8599,18.9935],[72.8587,18.9935],[72.8587,18.9932],[72.859,18.9932],[72.859,18.9929],[72.8587,18.9929],[72.8587,18.9926],[72.8585,18.9926],[72.8585,18.9924],[72.8571,18.9924],[72.8571,18.9921],[72.8568,18.9921],[72.8568,18.9915],[72.8571,18.9915],[72.8571,18.991],[72.8574,18.991],[72.8574,18.9901],[72.8576,18.9901],[72.8576,18.9896],[72.8579,18.9896],[72.8579,18.989],[72.8582,18.989],[72.8582,18.9882],[72.8585,18.9882],[72.8585,18.9876],[72.8587,18.9876],[72.8587,18.9871],[72.859,18.9871],[72.859,18.9865],[72.8593,18.9865],[72.8593,18.986],[72.8596,18.986],[72.8596,18.9854],[72.8599,18.9854],[72.8599,18.9849],[72.8601,18.9849],[72.8601,18.9843],[72.8604,18.9843],[72.8604,18.9835],[72.8607,18.9835],[72.8607,18.9824],[72.861,18.9824],[72.861,18.9815],[72.8607,18.9815],[72.8607,18.9813],[72.8604,18.9813],[72.8604,18.981],[72.8601,18.981],[72.8601,18.9807],[72.8599,18.9807],[72.8599,18.9804],[72.8593,18.9804],[72.8593,18.9801],[72.859,18.9801],[72.859,18.9799],[72.8587,18.9799],[72.8587,18.9796],[72.8585,18.9796],[72.8585,18.9793],[72.8582,18.9793],[72.8582,18.9787],[72.8579,18.9787],[72.8579,18.9785],[72.8576,18.9785],[72.8576,18.9782],[72.8574,18.9782],[72.8574,18.9785],[72.8562,18.9785],[72.8562,18.9787],[72.8551,18.9787],[72.8551,18.979],[72.854,18.979],[72.854,18.9793],[72.8526,18.9793],[72.8526,18.9787],[72.8529,18.9787],[72.8529,18.9785],[72.854,18.9785],[72.854,18.9782],[72.8549,18.9782],[72.8549,18.9779],[72.8557,18.9779],[72.8557,18.9768],[72.8554,18.9768],[72.8554,18.9765],[72.8549,18.9765],[72.8549,18.9768],[72.8538,18.9768],[72.8538,18.9771],[72.8526,18.9771],[72.8526,18.9774],[72.8512,18.9774],[72.8512,18.9768],[72.8518,18.9768],[72.8518,18.9765],[72.8526,18.9765],[72.8526,18.9762],[72.854,18.9762],[72.854,18.976],[72.8554,18.976],[72.8554,18.9743],[72.8549,18.9743],[72.8549,18.9746],[72.8538,18.9746],[72.8538,18.9749],[72.8515,18.9749],[72.8515,18.9746],[72.8512,18.9746],[72.8512,18.9743],[72.8515,18.9743],[72.8515,18.974],[72.8529,18.974],[72.8529,18.9738],[72.8538,18.9738],[72.8538,18.9735],[72.8535,18.9735],[72.8535,18.9729],[72.8532,18.9729],[72.8532,18.9724],[72.8529,18.9724],[72.8529,18.9721],[72.8518,18.9721],[72.8518,18.9724],[72.8512,18.9724],[72.8512,18.9726],[72.8501,18.9726],[72.8501,18.9721],[72.8504,18.9721],[72.8504,18.9713],[72.8507,18.9713],[72.8507,18.9707],[72.851,18.9707],[72.851,18.9693],[72.8515,18.9693],[72.8515,18.969],[72.8521,18.969],[72.8521,18.9676],[72.8512,18.9676],[72.8512,18.9674],[72.851,18.9674],[72.851,18.9671],[72.8507,18.9671],[72.8507,18.9668],[72.8504,18.9668],[72.8504,18.9665],[72.8501,18.9665],[72.8501,18.9662],[72.8499,18.9662],[72.8499,18.9654],[72.8496,18.9654],[72.8496,18.9643],[72.8493,18.9643],[72.8493,18.9632],[72.849,18.9632],[72.849,18.9621],[72.8487,18.9621],[72.8487,18.961],[72.8485,18.961],[72.8485,18.9596],[72.8482,18.9596],[72.8482,18.9579],[72.8479,18.9579],[72.8479,18.9568],[72.8476,18.9568],[72.8476,18.956],[72.8474,18.956],[72.8474,18.9549],[72.8471,18.9549],[72.8471,18.9538],[72.8468,18.9538],[72.8468,18.9482],[72.8465,18.9482],[72.8465,18.9474],[72.8463,18.9474],[72.8463,18.9463],[72.846,18.9463],[72.846,18.9443],[72.8457,18.9443],[72.8457,18.9415],[72.8454,18.9415],[72.8454,18.9399],[72.8451,18.9399],[72.8451,18.9393],[72.8449,18.9393],[72.8449,18.9374],[72.8446,18.9374],[72.8446,18.9371],[72.8443,18.9371],[72.8443,18.9368],[72.844,18.9368],[72.844,18.9365],[72.8438,18.9365],[72.8438,18.936],[72.8435,18.936],[72.8435,18.9357],[72.8432,18.9357],[72.8432,18.9351],[72.8435,18.9351],[72.8435,18.9338],[72.8438,18.9338],[72.8438,18.9321],[72.844,18.9321],[72.844,18.9299],[72.8443,18.9299],[72.8443,18.929],[72.844,18.929],[72.844,18.9285],[72.8435,18.9285],[72.8435,18.9282],[72.8426,18.9282],[72.8426,18.9285],[72.8424,18.9285],[72.8424,18.9288],[72.8421,18.9288],[72.8421,18.9312],[72.8418,18.9312],[72.8418,18.9321],[72.8415,18.9321],[72.8415,18.9324],[72.8407,18.9324],[72.8407,18.9304],[72.8404,18.9304],[72.8404,18.9301],[72.8399,18.9301],[72.8399,18.9296],[72.8396,18.9296],[72.8396,18.9293],[72.8393,18.9293],[72.8393,18.929],[72.8388,18.929],[72.8388,18.9288],[72.8385,18.9288],[72.8385,18.9285],[72.8382,18.9285],[72.8382,18.9282],[72.8385,18.9282],[72.8385,18.9279],[72.8388,18.9279],[72.8388,18.9276],[72.8393,18.9276],[72.8393,18.9279],[72.8404,18.9279],[72.8404,18.9276],[72.8407,18.9276],[72.8407,18.9274],[72.8404,18.9274],[72.8404,18.9268],[72.8401,18.9268],[72.8401,18.9265],[72.8396,18.9265],[72.8396,18.9263],[72.8393,18.9263],[72.8393,18.926],[72.8388,18.926],[72.8388,18.9257],[72.8385,18.9257],[72.8385,18.9254],[72.8388,18.9254],[72.8388,18.9249],[72.839,18.9249],[72.839,18.9243],[72.8393,18.9243],[72.8393,18.924],[72.8396,18.924],[72.8396,18.9235],[72.8399,18.9235],[72.8399,18.9229],[72.8401,18.9229],[72.8401,18.9224],[72.841,18.9224],[72.841,18.9226],[72.8412,18.9226],[72.8412,18.9229],[72.8415,18.9229],[72.8415,18.9232],[72.8418,18.9232],[72.8418,18.9235],[72.8424,18.9235],[72.8424,18.9237],[72.8426,18.9237],[72.8426,18.924],[72.8429,18.924],[72.8429,18.9246],[72.8432,18.9246],[72.8432,18.9249],[72.8438,18.9249],[72.8438,18.9254],[72.844,18.9254],[72.844,18.9257],[72.8443,18.9257],[72.8443,18.926],[72.8449,18.926],[72.8449,18.9249],[72.8446,18.9249],[72.8446,18.9243],[72.8443,18.9243],[72.8443,18.924],[72.8438,18.924],[72.8438,18.9237],[72.8435,18.9237],[72.8435,18.9235],[72.8432,18.9235],[72.8432,18.9232],[72.8429,18.9232],[72.8429,18.9229],[72.8426,18.9229],[72.8426,18.9224],[72.8424,18.9224],[72.8424,18.9221],[72.8421,18.9221],[72.8421,18.9218],[72.8418,18.9218],[72.8418,18.9215],[72.8415,18.9215],[72.8415,18.921],[72.8412,18.921],[72.8412,18.9207],[72.841,18.9207],[72.841,18.9204],[72.8404,18.9204],[72.8404,18.9201],[72.8396,18.9201],[72.8396,18.9199],[72.8388,18.9199],[72.8388,18.9201],[72.8382,18.9201],[72.8382,18.9204],[72.8379,18.9204],[72.8379,18.9207],[72.8374,18.9207],[72.8374,18.921],[72.8368,18.921],[72.8368,18.9212],[72.8365,18.9212],[72.8365,18.9215],[72.8363,18.9215],[72.8363,18.9218],[72.836,18.9218],[72.836,18.9221],[72.8354,18.9221],[72.8354,18.9224],[72.8349,18.9224],[72.8349,18.9218],[72.8351,18.9218],[72.8351,18.9212],[72.8346,18.9212],[72.8346,18.9215],[72.834,18.9215],[72.834,18.9212],[72.8332,18.9212],[72.8332,18.9204],[72.8329,18.9204],[72.8329,18.9193],[72.8326,18.9193],[72.8326,18.9185],[72.8324,18.9185],[72.8324,18.9179],[72.8321,18.9179],[72.8321,18.9174],[72.8318,18.9174],[72.8318,18.9171],[72.8315,18.9171],[72.8315,18.9168],[72.8313,18.9168],[72.8313,18.9165],[72.831,18.9165],[72.831,18.9163],[72.8304,18.9163],[72.8304,18.916],[72.831,18.916],[72.831,18.9157],[72.8313,18.9157],[72.8313,18.9146],[72.831,18.9146],[72.831,18.9143],[72.8307,18.9143],[72.8307,18.914],[72.8304,18.914],[72.8304,18.9137],[72.8301,18.9137],[72.8301,18.914],[72.8296,18.914],[72.8296,18.9132],[72.8293,18.9132],[72.8293,18.9129],[72.829,18.9129],[72.829,18.9126],[72.8288,18.9126],[72.8288,18.9124],[72.8285,18.9124],[72.8285,18.9121],[72.8282,18.9121],[72.8282,18.9118],[72.8279,18.9118],[72.8279,18.9115],[72.8276,18.9115],[72.8276,18.9112],[72.8274,18.9112],[72.8274,18.911],[72.8271,18.911],[72.8271,18.9099],[72.8268,18.9099],[72.8268,18.909],[72.8265,18.909],[72.8265,18.9085],[72.8262,18.9085],[72.8262,18.9082],[72.826,18.9082],[72.826,18.9079],[72.8257,18.9079],[72.8257,18.9076],[72.8254,18.9076],[72.8254,18.9074],[72.8251,18.9074],[72.8251,18.9076],[72.8249,18.9076],[72.8249,18.9079],[72.8246,18.9079],[72.8246,18.9082],[72.8243,18.9082],[72.8243,18.9085],[72.8238,18.9085],[72.8238,18.9088],[72.8235,18.9087],[72.8235,18.909],[72.8232,18.909],[72.8232,18.9093],[72.8229,18.9093],[72.8229,18.9096],[72.8224,18.9096],[72.8224,18.9099],[72.8218,18.9099],[72.8218,18.9096],[72.8215,18.9096],[72.8215,18.9093],[72.821,18.9093],[72.821,18.909],[72.8207,18.909],[72.8207,18.9085],[72.821,18.9085],[72.821,18.9082],[72.8207,18.9082],[72.8207,18.9076],[72.8204,18.9076],[72.8204,18.9074],[72.8199,18.9074],[72.8199,18.9071],[72.819,18.9071],[72.819,18.9068],[72.8189,18.9068],[72.8187,18.9068],[72.8187,18.9065],[72.8185,18.9065],[72.8185,18.9035],[72.8182,18.9035],[72.8182,18.9026],[72.8179,18.9026],[72.8179,18.9015],[72.8176,18.9015],[72.8176,18.901],[72.8174,18.901],[72.8174,18.9004],[72.8171,18.9004],[72.8171,18.9001],[72.8168,18.9001],[72.8168,18.8996],[72.8165,18.8996],[72.8165,18.899],[72.8162,18.899],[72.8162,18.8987],[72.8154,18.8987],[72.8154,18.8982],[72.8151,18.8982],[72.8151,18.8974],[72.8149,18.8974],[72.8149,18.8971],[72.8146,18.8971],[72.8146,18.8968],[72.8143,18.8968],[72.8143,18.8962],[72.814,18.8962],[72.814,18.896],[72.8138,18.896],[72.8138,18.8957],[72.8135,18.8957],[72.8135,18.8951],[72.8132,18.8951],[72.8132,18.8949],[72.8129,18.8949],[72.8129,18.8946],[72.8126,18.8946],[72.8126,18.894],[72.8118,18.894],[72.8118,18.8932],[72.8115,18.8932],[72.8115,18.8926],[72.811,18.8926],[72.811,18.8924],[72.8099,18.8924],[72.8099,18.8921],[72.8093,18.8921],[72.8093,18.8918],[72.8085,18.8918],[72.8085,18.891],[72.8082,18.891],[72.8082,18.8907],[72.8079,18.8907],[72.8079,18.891],[72.8076,18.891],[72.8076,18.8918],[72.8079,18.8918],[72.8079,18.8926],[72.8082,18.8926],[72.8082,18.8935],[72.8085,18.8935],[72.8085,18.8943],[72.8082,18.8943],[72.8082,18.8946],[72.8079,18.8946],[72.8079,18.8949],[72.8076,18.8949],[72.8076,18.8951],[72.8074,18.8951],[72.8074,18.8957],[72.8071,18.8957],[72.8071,18.896],[72.8068,18.896],[72.8068,18.8962],[72.8065,18.8962],[72.8065,18.8965],[72.8063,18.8965],[72.8063,18.8971],[72.806,18.8971],[72.806,18.8974],[72.8057,18.8974],[72.8057,18.8979],[72.8054,18.8979],[72.8054,18.8982],[72.8051,18.8982],[72.8051,18.8987],[72.8049,18.8987],[72.8049,18.8993],[72.8046,18.8993],[72.8046,18.9001],[72.8043,18.9001],[72.8043,18.901],[72.804,18.901],[72.804,18.9024],[72.8037,18.9024],[72.8038,18.9037],[72.8035,18.9037],[72.8035,18.9074],[72.8037,18.9074],[72.8037,18.9085],[72.804,18.9085],[72.804,18.9093],[72.8043,18.9093],[72.8043,18.9096],[72.8046,18.9096],[72.8046,18.9101],[72.8049,18.9101],[72.8049,18.9104],[72.8051,18.9104],[72.8051,18.911],[72.8054,18.911],[72.8054,18.9115],[72.8057,18.9115],[72.8057,18.9118],[72.806,18.9118],[72.806,18.9124],[72.8063,18.9124],[72.8063,18.9129],[72.8065,18.9129],[72.8065,18.9132],[72.8068,18.9132],[72.8068,18.9135],[72.8071,18.9135],[72.8071,18.914],[72.8074,18.914],[72.8074,18.9143],[72.8076,18.9143],[72.8076,18.9146],[72.8082,18.9146],[72.8082,18.9149],[72.8085,18.9149],[72.8085,18.9146],[72.8087,18.9146],[72.8087,18.9143],[72.809,18.9143],[72.809,18.914],[72.8093,18.914],[72.8093,18.9137],[72.8096,18.9137],[72.8096,18.9135],[72.8099,18.9135],[72.8099,18.9132],[72.8101,18.9132],[72.8101,18.9129],[72.8107,18.9129],[72.8107,18.9126],[72.811,18.9126],[72.811,18.9124],[72.8112,18.9124],[72.8112,18.9121],[72.8115,18.9121],[72.8115,18.9115],[72.8118,18.9115],[72.8118,18.9112],[72.8129,18.9112],[72.8129,18.9115],[72.8135,18.9115],[72.8135,18.9118],[72.8138,18.9118],[72.8138,18.9121],[72.814,18.9121],[72.814,18.9124],[72.8146,18.9124],[72.8146,18.9129],[72.8149,18.9129],[72.8149,18.9132],[72.8154,18.9132],[72.8154,18.9146],[72.8157,18.9146],[72.8157,18.9149],[72.816,18.9149],[72.816,18.9151],[72.8162,18.9151],[72.8162,18.9154],[72.8165,18.9154],[72.8165,18.9163],[72.8162,18.9163],[72.8162,18.9165],[72.816,18.9165],[72.816,18.9176],[72.8163,18.9176],[72.8163,18.9182],[72.8165,18.9182],[72.8165,18.9185],[72.8176,18.9185],[72.8176,18.9182],[72.8185,18.9182],[72.8185,18.9179],[72.8196,18.9179],[72.8196,18.9176],[72.821,18.9176],[72.821,18.9174],[72.8213,18.9174],[72.8213,18.9171],[72.8215,18.9171],[72.8215,18.9168],[72.8224,18.9168],[72.8224,18.9171],[72.8226,18.9171],[72.8226,18.9174],[72.8229,18.9174],[72.8229,18.9179],[72.8232,18.9179],[72.8232,18.9182],[72.8235,18.9182],[72.8235,18.9188],[72.8238,18.9188],[72.8238,18.919],[72.8241,18.919],[72.8243,18.919],[72.8243,18.9193],[72.8246,18.9193],[72.8246,18.9196],[72.8254,18.9196],[72.8254,18.9201],[72.8249,18.9201],[72.8249,18.9204],[72.8249,18.9218],[72.8251,18.9218],[72.8251,18.9226],[72.8243,18.9226],[72.8243,18.9224],[72.8238,18.9224],[72.8238,18.9221],[72.8232,18.9221],[72.8232,18.9226],[72.8229,18.9226],[72.8229,18.9229],[72.8224,18.9229],[72.8224,18.9232],[72.8218,18.9232],[72.8218,18.9235],[72.821,18.9235],[72.821,18.9237],[72.8199,18.9237],[72.8199,18.924],[72.8193,18.924],[72.8193,18.9243],[72.819,18.9243],[72.819,18.9246],[72.8187,18.9246],[72.8187,18.9249],[72.8185,18.9249],[72.8185,18.9257],[72.8187,18.9257],[72.8187,18.9265],[72.819,18.9265],[72.819,18.9268],[72.8193,18.9268],[72.8193,18.9271],[72.8199,18.9271],[72.8199,18.9274],[72.8201,18.9274],[72.8201,18.9279],[72.8204,18.9279],[72.8204,18.9282],[72.8207,18.9282],[72.8207,18.9288],[72.821,18.9288],[72.821,18.9293],[72.8213,18.9293],[72.8213,18.9296],[72.8215,18.9296],[72.8215,18.9301],[72.8218,18.9301],[72.8218,18.9304],[72.8221,18.9304],[72.8221,18.931],[72.8224,18.931],[72.8224,18.9315],[72.8226,18.9315],[72.8226,18.9321],[72.8229,18.9321],[72.8229,18.9329],[72.8232,18.9329],[72.8232,18.9338],[72.8235,18.9338],[72.8235,18.9349],[72.8238,18.9349],[72.8238,18.9401],[72.8235,18.9401],[72.8235,18.9415],[72.8232,18.9415],[72.8232,18.9424],[72.8229,18.9424],[72.8229,18.9432],[72.8226,18.9432],[72.8226,18.944],[72.8224,18.944],[72.8224,18.9446],[72.8221,18.9446],[72.8221,18.9451],[72.8218,18.9451],[72.8218,18.9457],[72.8215,18.9457],[72.8215,18.9463],[72.8213,18.9463],[72.8213,18.9468],[72.821,18.9468],[72.821,18.9471],[72.8207,18.9471],[72.8207,18.9476],[72.8204,18.9476],[72.8204,18.9479],[72.8201,18.9479],[72.8201,18.9482],[72.8199,18.9482],[72.8199,18.9483],[72.8199,18.9487],[72.8196,18.9487],[72.8196,18.949],[72.8193,18.949],[72.8193,18.9493],[72.819,18.9493],[72.819,18.9496],[72.8187,18.9496],[72.8187,18.9499],[72.8182,18.9499],[72.8182,18.9501],[72.8179,18.9501],[72.8179,18.9507],[72.8176,18.9507],[72.8176,18.951],[72.8171,18.951],[72.8171,18.9512],[72.8168,18.9512],[72.8168,18.9515],[72.8162,18.9515],[72.8162,18.9518],[72.8157,18.9518],[72.8157,18.9521],[72.8154,18.9521],[72.8154,18.9524],[72.8149,18.9524],[72.8149,18.9526],[72.8146,18.9526],[72.8146,18.9529],[72.8143,18.9529],[72.8143,18.9532],[72.814,18.9532],[72.814,18.9535],[72.8135,18.9535],[72.8135,18.9538],[72.8129,18.9538],[72.8129,18.954],[72.8126,18.954],[72.8126,18.9543],[72.8124,18.9543],[72.8124,18.9546],[72.8104,18.9546],[72.8104,18.9549],[72.8082,18.9549],[72.8082,18.9546],[72.8079,18.9546],[72.8079,18.9543],[72.8076,18.9543],[72.8076,18.954],[72.8074,18.954],[72.8074,18.9538],[72.8071,18.9538],[72.8071,18.9535],[72.8068,18.9535],[72.8068,18.9529],[72.8063,18.9529],[72.8063,18.9526],[72.8058,18.9526],[72.8054,18.9526],[72.8054,18.9521],[72.8049,18.9521],[72.8049,18.9515],[72.8046,18.9515],[72.8046,18.9512],[72.8043,18.9512],[72.8043,18.951],[72.804,18.951],[72.804,18.9507],[72.8038,18.9507],[72.8038,18.9501],[72.8032,18.9501],[72.8032,18.9496],[72.8026,18.9496],[72.8026,18.9493],[72.8024,18.9493],[72.8024,18.949],[72.8021,18.949],[72.8021,18.9487],[72.8015,18.9487],[72.8015,18.9485],[72.801,18.9485],[72.801,18.9482],[72.8001,18.9482],[72.8001,18.9479],[72.7996,18.9479],[72.7996,18.9476],[72.7988,18.9476],[72.7988,18.9471],[72.7985,18.9471],[72.7985,18.9468],[72.7982,18.9468],[72.7982,18.9465],[72.7979,18.9465],[72.7979,18.9463],[72.7976,18.9463],[72.7976,18.9451],[72.7974,18.9451],[72.7974,18.9449],[72.7968,18.9449],[72.7968,18.9446],[72.7965,18.9446],[72.7965,18.9443],[72.7962,18.9443],[72.7962,18.944],[72.796,18.944],[72.796,18.9435],[72.7957,18.9435],[72.7957,18.9424],[72.7954,18.9424],[72.7954,18.9412],[72.7951,18.9412],[72.7951,18.9404],[72.7949,18.9404],[72.7949,18.9396],[72.7946,18.9396],[72.7946,18.9393],[72.7943,18.9393],[72.7943,18.939],[72.794,18.939],[72.794,18.9387],[72.7932,18.9387],[72.7932,18.939],[72.7929,18.939],[72.7929,18.9393],[72.7926,18.9393],[72.7926,18.9396],[72.7921,18.9396],[72.7921,18.9399],[72.7918,18.9399],[72.7918,18.9407],[72.7921,18.9407],[72.7921,18.941],[72.7924,18.941],[72.7924,18.9415],[72.7926,18.9415],[72.7926,18.9421],[72.7929,18.9421],[72.7929,18.9426],[72.7932,18.9426],[72.7932,18.9438],[72.7929,18.9438],[72.7929,18.9446],[72.7926,18.9446],[72.7926,18.9454],[72.7924,18.9454],[72.7924,18.9465],[72.7921,18.9465],[72.7921,18.9471],[72.7918,18.9471],[72.7918,18.9476],[72.7915,18.9476],[72.7915,18.9482],[72.7918,18.9482],[72.7918,18.9507],[72.7924,18.9507],[72.7924,18.9512],[72.7926,18.9512],[72.7926,18.9518],[72.7929,18.9518],[72.7929,18.9524],[72.7932,18.9524],[72.7932,18.9526],[72.7935,18.9526],[72.7935,18.9529],[72.7937,18.9529],[72.7937,18.9535],[72.794,18.9535],[72.794,18.9538],[72.7943,18.9538],[72.7943,18.954],[72.7946,18.954],[72.7946,18.9543],[72.7949,18.9543],[72.7949,18.9546],[72.7951,18.9546],[72.7951,18.9557],[72.7954,18.9557],[72.7954,18.956],[72.7957,18.956],[72.7957,18.9563],[72.796,18.9563],[72.796,18.9565],[72.7962,18.9565],[72.7962,18.9568],[72.7965,18.9568],[72.7965,18.9571],[72.7971,18.9571],[72.7971,18.9574],[72.7974,18.9574],[72.7974,18.9576],[72.7976,18.9576],[72.7976,18.9579],[72.7982,18.9579],[72.7982,18.959],[72.7993,18.959],[72.7993,18.9593],[72.7996,18.9593],[72.7996,18.9601],[72.7993,18.9601],[72.7993,18.961],[72.7996,18.961],[72.7996,18.9615],[72.7999,18.9615],[72.7999,18.9618],[72.8001,18.9618],[72.8001,18.9624],[72.8004,18.9624],[72.8004,18.9626],[72.8007,18.9626],[72.8007,18.9632],[72.801,18.9632],[72.801,18.9635],[72.8012,18.9635],[72.8012,18.964],[72.8015,18.964],[72.8015,18.9654],[72.8021,18.9654],[72.8021,18.9657],[72.8026,18.9657],[72.8026,18.9685],[72.8021,18.9685],[72.8021,18.9688],[72.8018,18.9688],[72.8018,18.969],[72.8015,18.969],[72.8015,18.9699],[72.8018,18.9699],[72.8018,18.9707],[72.8021,18.9707],[72.8021,18.9713],[72.8024,18.9713],[72.8024,18.9718],[72.8026,18.9718],[72.8026,18.9724],[72.8032,18.9724],[72.8032,18.9726],[72.8035,18.9726],[72.8035,18.9729],[72.8037,18.9729],[72.8037,18.9732],[72.804,18.9732],[72.804,18.9735],[72.8043,18.9735],[72.8043,18.9738],[72.8046,18.9738],[72.8046,18.9743],[72.8049,18.9743],[72.8049,18.9749],[72.8051,18.9748],[72.8051,18.9754],[72.8057,18.9754],[72.8057,18.976],[72.806,18.976],[72.806,18.9765],[72.8057,18.9765],[72.8057,18.9782],[72.8085,18.9782],[72.8085,18.9785],[72.8087,18.9785],[72.8087,18.9787],[72.809,18.9787],[72.809,18.979],[72.8093,18.979],[72.8093,18.9787],[72.8112,18.9787],[72.8112,18.979],[72.8115,18.979],[72.8115,18.9793],[72.8118,18.9793],[72.8118,18.9796],[72.8121,18.9796],[72.8121,18.9799],[72.8124,18.9799],[72.8124,18.9801],[72.8126,18.9801],[72.8126,18.9807],[72.8132,18.9807],[72.8132,18.9813],[72.8138,18.9813],[72.8138,18.9818],[72.814,18.9818],[72.814,18.9829],[72.8143,18.9829],[72.8143,18.9851],[72.814,18.9851],[72.814,18.9862],[72.8138,18.9862],[72.8138,18.9865],[72.8135,18.9865],[72.8135,18.9871],[72.8129,18.9871],[72.8129,18.9868],[72.8124,18.9868],[72.8124,18.9871],[72.8112,18.9871],[72.8112,18.9874],[72.811,18.9874],[72.811,18.9885],[72.8107,18.9885],[72.8107,18.989],[72.811,18.989],[72.811,18.9896],[72.8112,18.9896],[72.8112,18.9901],[72.8115,18.9901],[72.8115,18.9907],[72.8118,18.9907],[72.8118,18.9912],[72.8121,18.9912],[72.8121,18.9924],[72.8124,18.9924],[72.8124,18.9935],[72.8121,18.9935],[72.8121,18.994],[72.8115,18.994],[72.8115,18.9943],[72.8118,18.9943],[72.8118,18.996],[72.8115,18.996],[72.8115,18.9979],[72.8112,18.9979],[72.8112,18.9993],[72.811,18.9993],[72.811,18.9999],[72.8112,18.9999],[72.8112,19.0024],[72.8115,19.0024],[72.8115,19.0035],[72.8118,19.0035],[72.8118,19.004],[72.8121,19.004],[72.8121,19.0046],[72.8124,19.0046],[72.8124,19.0052],[72.8126,19.0052],[72.8126,19.0057],[72.8129,19.0057],[72.8129,19.006],[72.8132,19.006],[72.8132,19.0065],[72.8135,19.0065],[72.8135,19.0071],[72.8138,19.0071],[72.8138,19.0096],[72.814,19.0096],[72.814,19.0099],[72.8143,19.0099],[72.8143,19.0101],[72.8146,19.0101],[72.8146,19.0107],[72.8149,19.0107],[72.8149,19.0112],[72.8151,19.0112],[72.8151,19.0118],[72.8154,19.0118],[72.8154,19.0121],[72.8157,19.0121],[72.8157,19.0124],[72.816,19.0124],[72.816,19.0132],[72.8162,19.0132],[72.8162,19.0165],[72.816,19.0165],[72.816,19.0176],[72.8157,19.0176],[72.8157,19.0207],[72.8154,19.0207],[72.8154,19.024],[72.8151,19.024],[72.8151,19.0246],[72.8149,19.0246],[72.8149,19.0251],[72.8146,19.0251],[72.8146,19.0271],[72.8154,19.0271],[72.8154,19.0268],[72.8157,19.0268],[72.8157,19.0257],[72.816,19.0257],[72.816,19.0251],[72.8162,19.0251],[72.8162,19.0249],[72.8165,19.0249],[72.8165,19.0246],[72.8168,19.0246],[72.8168,19.0243],[72.8171,19.0243],[72.8171,19.024],[72.8174,19.024],[72.8174,19.0238],[72.8176,19.0238],[72.8176,19.0235],[72.8179,19.0235],[72.8179,19.0229],[72.8182,19.0229],[72.8182,19.0226],[72.8185,19.0226],[72.8185,19.0224],[72.8187,19.0224],[72.8187,19.0207],[72.819,19.0207],[72.819,19.0201],[72.8193,19.0201],[72.8193,19.0193],[72.8196,19.0193],[72.8196,19.0185],[72.8199,19.0185],[72.8199,19.0182],[72.8201,19.0182],[72.8201,19.0179],[72.8204,19.0179],[72.8204,19.0176],[72.8229,19.0176],[72.8229,19.0179],[72.8251,19.0179],[72.8251,19.0182],[72.8254,19.0182],[72.8254,19.0185],[72.8265,19.0185],[72.8265,19.0187],[72.8268,19.0187],[72.8268,19.019],[72.8271,19.019],[72.8271,19.0193],[72.8274,19.0193],[72.8274,19.0196],[72.8276,19.0196],[72.8276,19.0199],[72.8282,19.0199],[72.8282,19.0201],[72.8285,19.0201],[72.8285,19.0204],[72.829,19.0204],[72.829,19.0207],[72.8296,19.0207],[72.8296,19.021],[72.8299,19.021],[72.8299,19.0212],[72.8304,19.0212],[72.8304,19.0215],[72.8307,19.0215],[72.8307,19.0218],[72.831,19.0218],[72.831,19.0221],[72.8313,19.0221],[72.8313,19.0224],[72.8315,19.0224],[72.8315,19.0226],[72.8318,19.0226],[72.8318,19.0229],[72.8321,19.0229],[72.8321,19.0232],[72.8324,19.0232],[72.8324,19.0235],[72.8326,19.0235],[72.8326,19.024],[72.8329,19.024],[72.8329,19.0243],[72.8332,19.0243],[72.8332,19.0246],[72.8335,19.0246],[72.8335,19.0249],[72.8337,19.0249],[72.8337,19.0251],[72.834,19.0251],[72.834,19.0263],[72.8343,19.0263],[72.8343,19.0265],[72.8349,19.0265],[72.8349,19.0268],[72.8351,19.0268],[72.8351,19.0274],[72.8354,19.0274],[72.8354,19.0276],[72.8357,19.0276],[72.8357,19.0282],[72.836,19.0282],[72.836,19.0287],[72.8363,19.0287],[72.8363,19.0293],[72.8365,19.0293],[72.8365,19.0301],[72.8368,19.0301],[72.8368,19.0304],[72.8371,19.0304],[72.8371,19.0312],[72.8374,19.0312],[72.8374,19.0321],[72.8376,19.0321],[72.8376,19.0329],[72.8379,19.0329],[72.8379,19.0349],[72.8382,19.0349],[72.8382,19.0393],[72.8379,19.0393],[72.8379,19.0418],[72.8376,19.0418],[72.8376,19.0446],[72.8374,19.0446],[72.8374,19.0451],[72.8371,19.0451],[72.8371,19.0454],[72.8368,19.0454],[72.8368,19.046],[72.8365,19.046],[72.8365,19.0482],[72.8363,19.0482],[72.8363,19.0487],[72.836,19.0487],[72.836,19.049],[72.8357,19.049],[72.8357,19.0493],[72.8351,19.0493],[72.8351,19.0496],[72.8349,19.0496],[72.8349,19.0499],[72.8335,19.0499],[72.8335,19.0496],[72.8326,19.0496],[72.8326,19.0493],[72.8324,19.0493],[72.8324,19.049],[72.8313,19.049],[72.8313,19.0482],[72.8307,19.0482],[72.8307,19.0479],[72.8304,19.0479],[72.8304,19.0474],[72.8301,19.0474],[72.8301,19.0468],[72.8299,19.0468],[72.8299,19.0465],[72.8296,19.0465],[72.8296,19.046],[72.8299,19.046],[72.8299,19.0457],[72.8296,19.0457],[72.8296,19.0454],[72.829,19.0454],[72.829,19.0451],[72.8285,19.0451],[72.8285,19.0449],[72.8279,19.0449],[72.8279,19.0446],[72.8276,19.0446],[72.8276,19.0443],[72.8274,19.0443],[72.8274,19.044],[72.8265,19.044],[72.8265,19.0438],[72.8262,19.0438],[72.8262,19.0435],[72.8254,19.0435],[72.8254,19.0432],[72.8251,19.0432],[72.8251,19.0429],[72.8249,19.0429],[72.8249,19.0426],[72.8243,19.0426],[72.8243,19.0424],[72.824,19.0424],[72.824,19.0421],[72.8238,19.0421],[72.8238,19.0404],[72.824,19.0404],[72.824,19.0399],[72.8243,19.0399],[72.8243,19.0393],[72.8246,19.0393],[72.8246,19.0382],[72.8243,19.0382],[72.8243,19.0376],[72.8238,19.0376],[72.8238,19.0379],[72.8235,19.0379],[72.8235,19.0382],[72.8232,19.0382],[72.8232,19.0385],[72.8229,19.0385],[72.8229,19.039],[72.8226,19.039],[72.8226,19.0396],[72.8224,19.0396],[72.8224,19.0407],[72.8221,19.0407],[72.8221,19.0418],[72.8218,19.0418],[72.8218,19.0424],[72.8215,19.0424],[72.8215,19.0426],[72.821,19.0426],[72.821,19.0424],[72.8207,19.0424],[72.8207,19.0421],[72.8201,19.0421],[72.8201,19.0418],[72.819,19.0418],[72.819,19.0415],[72.8187,19.0415],[72.8187,19.0413],[72.8176,19.0413],[72.8176,19.0415],[72.8174,19.0415],[72.8174,19.0418],[72.8168,19.0418],[72.8168,19.0415],[72.8165,19.0415],[72.8165,19.0418],[72.8162,19.0418],[72.8162,19.0424],[72.816,19.0424],[72.816,19.0426],[72.8162,19.0426],[72.8162,19.0429],[72.8165,19.0429],[72.8165,19.0435],[72.8171,19.0435],[72.8171,19.044],[72.8176,19.044],[72.8176,19.0449],[72.8179,19.0449],[72.8179,19.0454],[72.8182,19.0454],[72.8182,19.0465],[72.8185,19.0465],[72.8185,19.0462],[72.8187,19.0462],[72.8187,19.0465],[72.819,19.0465],[72.819,19.0468],[72.8193,19.0468],[72.8193,19.0471],[72.8196,19.0471],[72.8196,19.0474],[72.8199,19.0474],[72.8199,19.0485],[72.8201,19.0485],[72.8201,19.049],[72.8204,19.049],[72.8204,19.0499],[72.821,19.0499],[72.821,19.0501],[72.8213,19.0501],[72.8213,19.0515],[72.8215,19.0515],[72.8215,19.0524],[72.8218,19.0524],[72.8218,19.0526],[72.8221,19.0526],[72.8221,19.0532],[72.8224,19.0532],[72.8224,19.054],[72.8226,19.054],[72.8226,19.0549],[72.8235,19.0549],[72.8235,19.0551],[72.8238,19.0551],[72.8238,19.056],[72.8235,19.056],[72.8235,19.0563],[72.8232,19.0562],[72.8232,19.0568],[72.8229,19.0568],[72.8229,19.0574],[72.8226,19.0574],[72.8226,19.0576],[72.821,19.0576],[72.821,19.0585],[72.8207,19.0585],[72.8207,19.0607],[72.821,19.0607],[72.821,19.061],[72.8215,19.061],[72.8215,19.0613],[72.8218,19.0613],[72.8218,19.0624],[72.8221,19.0624],[72.8221,19.0635],[72.8218,19.0635],[72.8218,19.0649],[72.8215,19.0649],[72.8215,19.0665],[72.8213,19.0665],[72.8213,19.0668],[72.821,19.0668],[72.821,19.0679],[72.8215,19.0679],[72.8215,19.0685],[72.8224,19.0685],[72.8224,19.0688],[72.8226,19.0688],[72.8226,19.0699],[72.8224,19.0699],[72.8224,19.071],[72.8221,19.071],[72.8221,19.0724],[72.8218,19.0724],[72.8218,19.0757],[72.821,19.0757],[72.821,19.0776],[72.8215,19.0776],[72.8215,19.0782],[72.8221,19.0782],[72.8221,19.0785],[72.8224,19.0785],[72.8224,19.0788],[72.8229,19.0788],[72.8229,19.079],[72.8238,19.079],[72.8238,19.0793],[72.8243,19.0793],[72.8243,19.0788],[72.8246,19.0788],[72.8246,19.0785],[72.8249,19.0785],[72.8249,19.0779],[72.826,19.0779],[72.826,19.0782],[72.8262,19.0782],[72.8262,19.0799],[72.826,19.0799],[72.826,19.0815],[72.8262,19.0815],[72.8262,19.0824],[72.826,19.0824],[72.826,19.0829],[72.8257,19.0829],[72.8257,19.0835],[72.8254,19.0835],[72.8254,19.0854],[72.826,19.0854],[72.826,19.0863],[72.8262,19.0862],[72.8262,19.0876],[72.8265,19.0876],[72.8265,19.0885],[72.8268,19.0885],[72.8268,19.094],[72.8265,19.094],[72.8265,19.0954],[72.8262,19.0954],[72.8262,19.0982],[72.826,19.0982],[72.826,19.0987],[72.8257,19.0987],[72.8257,19.1001],[72.8254,19.1001],[72.8254,19.1021],[72.8251,19.1021],[72.8251,19.1026],[72.8249,19.1026],[72.8249,19.1032],[72.8246,19.1032],[72.8246,19.1043],[72.8243,19.1043],[72.8243,19.1051],[72.824,19.1051],[72.824,19.106],[72.8238,19.106],[72.8238,19.1076],[72.8235,19.1076],[72.8235,19.1099],[72.8232,19.1099],[72.8232,19.111],[72.8229,19.111],[72.8229,19.1115],[72.8226,19.1115],[72.8226,19.1124],[72.8224,19.1124],[72.8224,19.1137],[72.8221,19.1138],[72.8221,19.1143],[72.8218,19.1143],[72.8218,19.1149],[72.8215,19.1149],[72.8215,19.1154],[72.8213,19.1154],[72.8213,19.116],[72.821,19.116],[72.821,19.1165],[72.8207,19.1165],[72.8207,19.1174],[72.8204,19.1174],[72.8204,19.1176],[72.8201,19.1176],[72.8201,19.1204],[72.8204,19.1204],[72.8204,19.1207],[72.8215,19.1207],[72.8215,19.1221],[72.821,19.1221],[72.821,19.1224],[72.8207,19.1224],[72.8207,19.1229],[72.8204,19.1229],[72.8204,19.1232],[72.8199,19.1232],[72.8199,19.1238],[72.8196,19.1238],[72.8196,19.124],[72.8193,19.124],[72.8193,19.1243],[72.8185,19.1243],[72.8185,19.1246],[72.8179,19.1246],[72.8179,19.1249],[72.8176,19.1249],[72.8176,19.1251],[72.8174,19.1251],[72.8174,19.1254],[72.8171,19.1254],[72.8171,19.1257],[72.8168,19.1257],[72.8168,19.126],[72.8165,19.126],[72.8165,19.1262],[72.8162,19.1262],[72.8162,19.1265],[72.816,19.1265],[72.816,19.1268],[72.8154,19.1268],[72.8154,19.1271],[72.8151,19.1271],[72.8151,19.1274],[72.8149,19.1274],[72.8149,19.1276],[72.8146,19.1276],[72.8146,19.1282],[72.8149,19.1282],[72.8149,19.1285],[72.8146,19.1285],[72.8146,19.129],[72.814,19.129],[72.814,19.1293],[72.8138,19.1293],[72.8138,19.129],[72.8135,19.129],[72.8135,19.1296],[72.8132,19.1296],[72.8132,19.1299],[72.8129,19.1299],[72.8129,19.131],[72.8126,19.131],[72.8126,19.1313],[72.8124,19.1313],[72.8124,19.1315],[72.8121,19.1315],[72.8121,19.1318],[72.8118,19.1318],[72.8118,19.1321],[72.8115,19.1321],[72.8115,19.1324],[72.8112,19.1324],[72.8112,19.1326],[72.811,19.1326],[72.811,19.1332],[72.8104,19.1332],[72.8104,19.1335],[72.8101,19.1335],[72.8101,19.134],[72.8099,19.134],[72.8099,19.1343],[72.8096,19.1343],[72.8096,19.1346],[72.8093,19.1346],[72.8093,19.1351],[72.809,19.1351],[72.809,19.1354],[72.8087,19.1354],[72.8087,19.1357],[72.8085,19.1357],[72.8085,19.136],[72.8082,19.136],[72.8082,19.1362],[72.8079,19.1362],[72.8079,19.1365],[72.8076,19.1365],[72.8076,19.1368],[72.8071,19.1368],[72.8071,19.1371],[72.8068,19.1371],[72.8068,19.1376],[72.8065,19.1376],[72.8065,19.1379],[72.8063,19.1379],[72.8063,19.1382],[72.806,19.1382],[72.806,19.1385],[72.8057,19.1385],[72.8057,19.1387],[72.8054,19.1387],[72.8054,19.139],[72.8049,19.139],[72.8049,19.1396],[72.8046,19.1396],[72.8046,19.1399],[72.804,19.1399],[72.804,19.1401],[72.8037,19.1401],[72.8037,19.1407],[72.8035,19.1407],[72.8035,19.1415],[72.8037,19.1415],[72.8037,19.1421],[72.804,19.1421],[72.804,19.1435],[72.8043,19.1435],[72.8043,19.144],[72.8046,19.144],[72.8046,19.1443],[72.8049,19.1443],[72.8049,19.1449],[72.8054,19.1449],[72.8054,19.1451],[72.8057,19.1451],[72.8057,19.1457],[72.806,19.1457],[72.806,19.1488],[72.8063,19.1488],[72.8063,19.1493],[72.8065,19.1493],[72.8065,19.1496],[72.8071,19.1496],[72.8071,19.1501],[72.8076,19.1501],[72.8076,19.1504],[72.8079,19.1504],[72.8079,19.1507],[72.8082,19.1507],[72.8082,19.151],[72.8085,19.151],[72.8085,19.1513],[72.8087,19.1513],[72.8087,19.1515],[72.809,19.1515],[72.809,19.1518],[72.8093,19.1518],[72.8093,19.1521],[72.8096,19.1521],[72.8096,19.1524],[72.8099,19.1524],[72.8099,19.1527],[72.8101,19.1526],[72.8101,19.1532],[72.8107,19.1532],[72.8107,19.1535],[72.811,19.1535],[72.811,19.154],[72.8115,19.154],[72.8115,19.1543],[72.8121,19.1543],[72.8121,19.1546],[72.8124,19.1546],[72.8124,19.1549],[72.8129,19.1549],[72.8129,19.1554],[72.8132,19.1554],[72.8132,19.156],[72.8138,19.156],[72.8138,19.1563],[72.814,19.1563],[72.814,19.1565],[72.8143,19.1565],[72.8143,19.1571],[72.8149,19.1571],[72.8149,19.1574],[72.8151,19.1574],[72.8151,19.1579],[72.8157,19.1579],[72.8157,19.1582],[72.816,19.1582],[72.816,19.1585],[72.8165,19.1585],[72.8165,19.159],[72.8174,19.159],[72.8174,19.1593],[72.8176,19.1593],[72.8176,19.1596],[72.8182,19.1596],[72.8182,19.1599],[72.8185,19.1599],[72.8185,19.1601],[72.8187,19.1601],[72.8187,19.1604],[72.819,19.1604],[72.819,19.161],[72.8193,19.161],[72.8193,19.1613],[72.8196,19.1613],[72.8196,19.1618],[72.8201,19.1618],[72.8201,19.1621],[72.8204,19.1621],[72.8204,19.1624],[72.821,19.1624],[72.821,19.1626],[72.8213,19.1626],[72.8213,19.1629],[72.8215,19.1629],[72.8215,19.1632],[72.8218,19.1632],[72.8218,19.1635],[72.8221,19.1635],[72.8221,19.164],[72.8226,19.164],[72.8226,19.1643],[72.8229,19.1643],[72.8229,19.1649],[72.8235,19.1649],[72.8235,19.1651],[72.8238,19.1651],[72.8238,19.1654],[72.824,19.1654],[72.824,19.166],[72.8251,19.166],[72.8251,19.1663],[72.826,19.1663],[72.826,19.166],[72.8268,19.166],[72.8268,19.1654],[72.8274,19.1654],[72.8274,19.1651],[72.8282,19.1651],[72.8282,19.1654],[72.8288,19.1654],[72.8288,19.1657],[72.8293,19.1657],[72.8293,19.166],[72.8296,19.166],[72.8296,19.1668],[72.8293,19.1668],[72.8293,19.1677],[72.829,19.1677],[72.829,19.1679],[72.8285,19.1679],[72.8285,19.1682],[72.8279,19.1682],[72.8279,19.169],[72.8282,19.169],[72.8282,19.1696],[72.8288,19.1696],[72.8288,19.1699],[72.829,19.1699],[72.829,19.1701],[72.8293,19.1701],[72.8293,19.1707],[72.8296,19.1707],[72.8296,19.1715],[72.8299,19.1715],[72.8299,19.1718],[72.8301,19.1718],[72.8301,19.1726],[72.8304,19.1726],[72.8304,19.1735],[72.8301,19.1735],[72.8301,19.1751],[72.8299,19.1751],[72.8299,19.1757],[72.8304,19.1757],[72.8304,19.176],[72.8307,19.176],[72.8307,19.1765],[72.831,19.1765],[72.831,19.1776],[72.8307,19.1776],[72.8307,19.1785],[72.8304,19.1785],[72.8304,19.1799],[72.8301,19.1799],[72.8301,19.181],[72.8299,19.181],[72.8299,19.1824],[72.8296,19.1824],[72.8296,19.1826],[72.8293,19.1826],[72.8293,19.1829],[72.829,19.1829],[72.829,19.1832],[72.8285,19.1832],[72.8285,19.1835],[72.8282,19.1835],[72.8282,19.1838],[72.8279,19.1838],[72.8279,19.1835],[72.8276,19.1835],[72.8276,19.1826],[72.8279,19.1826],[72.8279,19.1824],[72.8282,19.1824],[72.8282,19.1815],[72.8285,19.1815],[72.8285,19.181],[72.8288,19.181],[72.8288,19.1807],[72.829,19.1807],[72.829,19.1796],[72.8293,19.1796],[72.8293,19.1779],[72.829,19.1779],[72.829,19.1774],[72.8288,19.1774],[72.8288,19.1768],[72.8282,19.1768],[72.8282,19.1765],[72.8279,19.1765],[72.8279,19.1763],[72.8276,19.1763],[72.8276,19.176],[72.8274,19.176],[72.8274,19.1757],[72.8271,19.1757],[72.8271,19.1754],[72.8268,19.1754],[72.8268,19.1751],[72.8265,19.1751],[72.8265,19.1749],[72.8262,19.1749],[72.8262,19.1746],[72.8257,19.1746],[72.8257,19.1743],[72.8254,19.1743],[72.8254,19.174],[72.8249,19.174],[72.8249,19.1737],[72.8246,19.1737],[72.8246,19.1735],[72.8243,19.1735],[72.8243,19.1732],[72.8238,19.1732],[72.8238,19.1729],[72.8235,19.1729],[72.8235,19.1726],[72.8232,19.1726],[72.8232,19.1724],[72.8229,19.1724],[72.8229,19.1721],[72.8226,19.1721],[72.8226,19.1718],[72.8224,19.1718],[72.8224,19.1715],[72.8218,19.1715],[72.8218,19.1718],[72.8201,19.1718],[72.8201,19.1715],[72.8199,19.1715],[72.8199,19.1712],[72.8193,19.1712],[72.8193,19.171],[72.819,19.171],[72.819,19.1707],[72.8187,19.1707],[72.8187,19.1701],[72.8185,19.1701],[72.8185,19.169],[72.8182,19.169],[72.8182,19.1685],[72.8176,19.1685],[72.8176,19.1682],[72.8174,19.1682],[72.8174,19.1679],[72.8171,19.1679],[72.8171,19.1677],[72.8168,19.1677],[72.8168,19.1674],[72.8165,19.1674],[72.8165,19.1671],[72.8163,19.1671],[72.8163,19.1668],[72.816,19.1668],[72.816,19.1665],[72.8157,19.1665],[72.8157,19.166],[72.8154,19.166],[72.8154,19.1657],[72.8151,19.1657],[72.8151,19.1651],[72.8149,19.1651],[72.8149,19.1649],[72.8146,19.1649],[72.8146,19.1646],[72.8143,19.1646],[72.8143,19.164],[72.814,19.164],[72.814,19.1637],[72.8138,19.1637],[72.8138,19.1635],[72.8135,19.1635],[72.8135,19.1632],[72.8132,19.1632],[72.8132,19.1629],[72.8129,19.1629],[72.8129,19.1624],[72.8126,19.1624],[72.8126,19.1618],[72.8124,19.1618],[72.8124,19.1613],[72.8121,19.1613],[72.8121,19.1604],[72.8118,19.1604],[72.8118,19.1599],[72.8115,19.1599],[72.8115,19.1596],[72.8118,19.1596],[72.8118,19.159],[72.8115,19.159],[72.8115,19.1585],[72.8112,19.1585],[72.8112,19.1579],[72.811,19.1579],[72.811,19.1574],[72.8107,19.1574],[72.8107,19.1571],[72.8101,19.1571],[72.8101,19.1568],[72.8099,19.1568],[72.8099,19.1565],[72.809,19.1565],[72.809,19.1563],[72.8085,19.1563],[72.8085,19.156],[72.8079,19.156],[72.8079,19.1557],[72.8074,19.1557],[72.8074,19.1551],[72.8071,19.1551],[72.8071,19.1549],[72.8065,19.1549],[72.8065,19.1546],[72.8063,19.1546],[72.8063,19.1549],[72.806,19.1549],[72.806,19.1546],[72.8057,19.1546],[72.8057,19.154],[72.8054,19.154],[72.8054,19.1537],[72.8051,19.1537],[72.8051,19.1532],[72.8049,19.1532],[72.8049,19.1526],[72.8046,19.1527],[72.8046,19.1515],[72.8043,19.1515],[72.8043,19.151],[72.8037,19.151],[72.8038,19.1513],[72.8035,19.1513],[72.8035,19.1515],[72.8024,19.1515],[72.8024,19.1518],[72.8021,19.1518],[72.8021,19.1521],[72.8018,19.1521],[72.8018,19.1524],[72.8012,19.1524],[72.8012,19.1527],[72.801,19.1527],[72.801,19.1529],[72.8007,19.1529],[72.8007,19.1532],[72.8004,19.1532],[72.8004,19.1535],[72.8001,19.1535],[72.8001,19.1537],[72.7996,19.1537],[72.7996,19.154],[72.7999,19.154],[72.7999,19.1543],[72.7996,19.1543],[72.7996,19.1546],[72.7993,19.1546],[72.7993,19.1551],[72.799,19.1551],[72.799,19.1557],[72.7988,19.1557],[72.7988,19.156],[72.7985,19.156],[72.7985,19.1563],[72.7982,19.1563],[72.7982,19.156],[72.7979,19.156],[72.7979,19.1554],[72.7982,19.1554],[72.7982,19.1546],[72.7985,19.1546],[72.7985,19.1543],[72.7988,19.1543],[72.7988,19.154],[72.799,19.154],[72.799,19.1535],[72.7993,19.1535],[72.7993,19.1532],[72.7996,19.1532],[72.7996,19.1529],[72.8001,19.1529],[72.8001,19.1524],[72.7999,19.1524],[72.7999,19.1521],[72.8001,19.1521],[72.8001,19.1518],[72.8007,19.1518],[72.8007,19.1513],[72.801,19.1513],[72.801,19.151],[72.8012,19.151],[72.8012,19.1507],[72.8015,19.1507],[72.8015,19.1504],[72.8021,19.1504],[72.8021,19.1488],[72.8024,19.1488],[72.8024,19.1465],[72.8026,19.1465],[72.8026,19.1451],[72.8024,19.1451],[72.8024,19.144],[72.8015,19.144],[72.8015,19.1438],[72.801,19.1438],[72.801,19.1435],[72.8007,19.1435],[72.8007,19.1421],[72.8004,19.1421],[72.8004,19.1415],[72.8003,19.1415],[72.8001,19.1415],[72.8001,19.1413],[72.7999,19.1413],[72.7999,19.141],[72.7996,19.141],[72.7996,19.1407],[72.7993,19.1407],[72.7993,19.1404],[72.799,19.1404],[72.799,19.1401],[72.7979,19.1401],[72.7979,19.1404],[72.7976,19.1404],[72.7976,19.1407],[72.7951,19.1407],[72.7951,19.1404],[72.7949,19.1404],[72.7949,19.1401],[72.7951,19.1401],[72.7951,19.1399],[72.796,19.1399],[72.796,19.1371],[72.7962,19.1371],[72.7962,19.1365],[72.7965,19.1365],[72.7965,19.1362],[72.7968,19.1362],[72.7968,19.1335],[72.7965,19.1335],[72.7965,19.1329],[72.7962,19.1329],[72.7962,19.1326],[72.796,19.1326],[72.796,19.1324],[72.7957,19.1324],[72.7957,19.1321],[72.7954,19.1321],[72.7954,19.1315],[72.7951,19.1315],[72.7951,19.131],[72.7949,19.131],[72.7949,19.1307],[72.7946,19.1307],[72.7946,19.1304],[72.7937,19.1304],[72.7937,19.1301],[72.7935,19.1301],[72.7935,19.1299],[72.7915,19.1299],[72.7915,19.1301],[72.791,19.1301],[72.791,19.1304],[72.7899,19.1304],[72.7899,19.1301],[72.7896,19.1301],[72.7896,19.1296],[72.7893,19.1296],[72.7893,19.1293],[72.7879,19.1293],[72.7879,19.129],[72.7868,19.129],[72.7868,19.1293],[72.7865,19.1293],[72.7865,19.1296],[72.7862,19.1296],[72.7862,19.1304],[72.7865,19.1304],[72.7865,19.1307],[72.7874,19.1307],[72.7874,19.131],[72.7879,19.131],[72.7879,19.1315],[72.7876,19.1315],[72.7876,19.1318],[72.7865,19.1318],[72.7865,19.1321],[72.786,19.1321],[72.786,19.1326],[72.7857,19.1326],[72.7857,19.1329],[72.786,19.1329],[72.786,19.1335],[72.7876,19.1335],[72.7876,19.134],[72.7879,19.134],[72.7879,19.1349],[72.7882,19.1349],[72.7882,19.1396],[72.7879,19.1396],[72.7879,19.1401],[72.7876,19.1401],[72.7876,19.1415],[72.7874,19.1415],[72.7874,19.1432],[72.7876,19.1432],[72.7876,19.1438],[72.7879,19.1438],[72.7879,19.1443],[72.7882,19.1443],[72.7882,19.1446],[72.7885,19.1446],[72.7885,19.1449],[72.7888,19.1449],[72.7888,19.1454],[72.789,19.1454],[72.789,19.1501],[72.7888,19.1501],[72.7888,19.1504],[72.7885,19.1504],[72.7885,19.1507],[72.7882,19.1507],[72.7882,19.1513],[72.7879,19.1513],[72.7879,19.1521],[72.7876,19.1521],[72.7876,19.1524],[72.7874,19.1524],[72.7874,19.1527],[72.7871,19.1527],[72.7871,19.1529],[72.7868,19.1529],[72.7868,19.1532],[72.7865,19.1532],[72.7865,19.1535],[72.786,19.1535],[72.786,19.1537],[72.7854,19.1537],[72.7854,19.154],[72.7846,19.154],[72.7846,19.1543],[72.7843,19.1543],[72.7843,19.1549],[72.784,19.1549],[72.784,19.1554],[72.7843,19.1554],[72.7843,19.1563],[72.7846,19.1563],[72.7846,19.1565],[72.7843,19.1565],[72.7843,19.1571],[72.784,19.1571],[72.784,19.1574],[72.7835,19.1574],[72.7835,19.1576],[72.7813,19.1576],[72.7813,19.1582],[72.7815,19.1582],[72.7815,19.1588],[72.7818,19.1588],[72.7818,19.1593],[72.7824,19.1593],[72.7824,19.1596],[72.7832,19.1596],[72.7832,19.1599],[72.7838,19.1599],[72.7838,19.1601],[72.784,19.1601],[72.784,19.1624],[72.7838,19.1624],[72.7838,19.1626],[72.7832,19.1626],[72.7832,19.1629],[72.7826,19.1629],[72.7826,19.1632],[72.7813,19.1632],[72.7813,19.1635],[72.781,19.1635],[72.781,19.1643],[72.7807,19.1643],[72.7807,19.1651],[72.7804,19.1651],[72.7804,19.166],[72.7801,19.166],[72.7801,19.1663],[72.7804,19.1663],[72.7804,19.1665],[72.7807,19.1665],[72.7807,19.1674],[72.781,19.1674],[72.781,19.1677],[72.7813,19.1677],[72.7813,19.1679],[72.7815,19.1679],[72.7815,19.1682],[72.7824,19.1682],[72.7824,19.1679],[72.784,19.1679],[72.784,19.1677],[72.7846,19.1677],[72.7846,19.1671],[72.7849,19.1671],[72.7849,19.1668],[72.7851,19.1668],[72.7851,19.1665],[72.7862,19.1665],[72.7862,19.1668],[72.7868,19.1668],[72.7868,19.1674],[72.7871,19.1674],[72.7871,19.1679],[72.7874,19.1679],[72.7874,19.1682],[72.7876,19.1682],[72.7876,19.1688],[72.7879,19.1688],[72.7879,19.1693],[72.7882,19.1693],[72.7882,19.1696],[72.7901,19.1696],[72.7901,19.1699],[72.7904,19.1699],[72.7904,19.1701],[72.7907,19.1701],[72.7907,19.171],[72.791,19.171],[72.791,19.1712],[72.7921,19.1712],[72.7921,19.1715],[72.7924,19.1715],[72.7924,19.1718],[72.7943,19.1718],[72.7943,19.1721],[72.7946,19.1721],[72.7946,19.1729],[72.7949,19.1729],[72.7949,19.1735],[72.7951,19.1735],[72.7951,19.1737],[72.7954,19.1737],[72.7954,19.1749],[72.7957,19.1749],[72.7957,19.1754],[72.796,19.1754],[72.796,19.1776],[72.7962,19.1776],[72.7962,19.1779],[72.7965,19.1779],[72.7965,19.1807],[72.7962,19.1807],[72.7962,19.1815],[72.796,19.1815],[72.796,19.1818],[72.7962,19.1818],[72.7962,19.1824],[72.796,19.1824],[72.796,19.1829],[72.7962,19.1829],[72.7962,19.184],[72.7965,19.184],[72.7965,19.1849],[72.7962,19.1849],[72.7962,19.1874],[72.796,19.1874],[72.796,19.1879],[72.7957,19.1879],[72.7957,19.1885],[72.796,19.1885],[72.796,19.1912],[72.7962,19.1912],[72.7962,19.1915],[72.796,19.1915],[72.796,19.1918],[72.7962,19.1918],[72.7962,19.1938],[72.7965,19.1938],[72.7965,19.1946],[72.7966,19.1946],[72.7968,19.1946],[72.7968,19.1949],[72.7965,19.1949],[72.7965,19.1954],[72.7965,19.1982],[72.7968,19.1982],[72.7968,19.1985],[72.7971,19.1985],[72.7971,19.1987],[72.7968,19.1987],[72.7968,19.199],[72.7971,19.199],[72.7971,19.1996],[72.7974,19.1996],[72.7974,19.1999],[72.7979,19.1999],[72.7979,19.1996],[72.7988,19.1996],[72.7988,19.1999],[72.799,19.1999],[72.799,19.1996],[72.8004,19.1996],[72.8004,19.1999],[72.8007,19.1999],[72.8007,19.2004],[72.801,19.2004],[72.801,19.2007],[72.8012,19.2007],[72.8012,19.201],[72.8015,19.201],[72.8015,19.2015],[72.8018,19.2015],[72.8018,19.2021],[72.8021,19.2021],[72.8021,19.2026],[72.8026,19.2026],[72.8026,19.2051],[72.8029,19.2051],[72.8029,19.2062],[72.8032,19.2062],[72.8032,19.2065],[72.8035,19.2065],[72.8035,19.2068],[72.8037,19.2068],[72.8037,19.2085],[72.804,19.2085],[72.804,19.2087],[72.8043,19.2087],[72.8043,19.209],[72.8046,19.209],[72.8046,19.2093],[72.8051,19.2093],[72.8051,19.2096],[72.8054,19.2096],[72.8054,19.2099],[72.8057,19.2099],[72.8057,19.2101],[72.806,19.2101],[72.806,19.2104],[72.8063,19.2104],[72.8063,19.2107],[72.8068,19.2107],[72.8068,19.211],[72.8076,19.211],[72.8076,19.2113],[72.8079,19.2113],[72.8079,19.2115],[72.8082,19.2115],[72.8082,19.2118],[72.809,19.2118],[72.809,19.2121],[72.8093,19.2121],[72.8093,19.2124],[72.8096,19.2124],[72.8096,19.2126],[72.8099,19.2126],[72.8099,19.2129],[72.8101,19.2129],[72.8101,19.2132],[72.8104,19.2132],[72.8104,19.2138],[72.8107,19.2138],[72.8107,19.2143],[72.8112,19.2143],[72.8112,19.2146],[72.8115,19.2146],[72.8115,19.2151],[72.8112,19.2151],[72.8112,19.2154],[72.811,19.2154],[72.811,19.2157],[72.8112,19.2157],[72.8112,19.2162],[72.811,19.2162],[72.811,19.2201],[72.8112,19.2201],[72.8112,19.2213],[72.8115,19.2213],[72.8115,19.2215],[72.8118,19.2215],[72.8118,19.2221],[72.8121,19.2221],[72.8121,19.2224],[72.8124,19.2224],[72.8124,19.2229],[72.8126,19.2229],[72.8126,19.2235],[72.8143,19.2235],[72.8143,19.2238],[72.8151,19.2238],[72.8151,19.224],[72.8157,19.224],[72.8157,19.2243],[72.816,19.2243],[72.816,19.2246],[72.8165,19.2246],[72.8165,19.2249],[72.8168,19.2249],[72.8168,19.2251],[72.8171,19.2251],[72.8171,19.2254],[72.8174,19.2254],[72.8174,19.2257],[72.8176,19.2257],[72.8176,19.226],[72.8179,19.226],[72.8179,19.2262],[72.8185,19.2262],[72.8185,19.2265],[72.8187,19.2265],[72.8187,19.2268],[72.819,19.2268],[72.819,19.2271],[72.8193,19.2271],[72.8193,19.2274],[72.8196,19.2274],[72.8196,19.2279],[72.8199,19.2279],[72.8199,19.2282],[72.8201,19.2282],[72.8201,19.2285],[72.8204,19.2285],[72.8204,19.2288],[72.8207,19.2288],[72.8207,19.229],[72.821,19.229],[72.821,19.2296],[72.8213,19.2296],[72.8213,19.2299],[72.8215,19.2299],[72.8215,19.2304],[72.8218,19.2304],[72.8218,19.2307],[72.8221,19.2307],[72.8221,19.231],[72.8224,19.231],[72.8224,19.2315],[72.8226,19.2315],[72.8226,19.2321],[72.8229,19.2321],[72.8229,19.2335],[72.8232,19.2335],[72.8232,19.2337],[72.8235,19.2337],[72.8235,19.2343],[72.8238,19.2343],[72.8238,19.2346],[72.824,19.2346],[72.824,19.2349],[72.8243,19.2349],[72.8243,19.2354],[72.8246,19.2354],[72.8246,19.2362],[72.8251,19.2362],[72.8251,19.2365],[72.8254,19.2365],[72.8254,19.2371],[72.8257,19.2371],[72.8257,19.2396],[72.826,19.2396],[72.826,19.2404],[72.8262,19.2404],[72.8262,19.2407],[72.8265,19.2407],[72.8265,19.2415],[72.8268,19.2415],[72.8268,19.2418],[72.8265,19.2418],[72.8265,19.2421],[72.8268,19.2421],[72.8268,19.2426],[72.8271,19.2426],[72.8271,19.2429],[72.8268,19.2429],[72.8268,19.2432],[72.8271,19.2432],[72.8271,19.2437],[72.8274,19.2437],[72.8274,19.2443],[72.8276,19.2443],[72.8276,19.2449],[72.8279,19.2449],[72.8279,19.2451],[72.8282,19.2451],[72.8282,19.2457],[72.8285,19.2457],[72.8285,19.246],[72.8288,19.246],[72.8288,19.2463],[72.829,19.2463],[72.829,19.2465],[72.8293,19.2465],[72.8293,19.2468],[72.8304,19.2468],[72.8304,19.2471],[72.8313,19.2471],[72.8313,19.2474],[72.8318,19.2474],[72.8318,19.2476],[72.8337,19.2476],[72.8337,19.2479],[72.834,19.2479],[72.834,19.2482],[72.8357,19.2482],[72.8357,19.2485],[72.8363,19.2485],[72.8363,19.2488],[72.8368,19.2488],[72.8368,19.249],[72.8371,19.249],[72.8371,19.2493],[72.8376,19.2493],[72.8376,19.2496],[72.8379,19.2496],[72.8379,19.2499],[72.8382,19.2499],[72.8382,19.2501],[72.8388,19.2501],[72.8388,19.2504],[72.8393,19.2504],[72.8393,19.2507],[72.8396,19.2507],[72.8396,19.2524],[72.8399,19.2524],[72.8399,19.2529],[72.8396,19.2529],[72.8396,19.2535],[72.8399,19.2535],[72.8399,19.254],[72.8396,19.254],[72.8396,19.2546],[72.8393,19.2546],[72.8393,19.2554],[72.839,19.2554],[72.839,19.2557],[72.8388,19.2557],[72.8388,19.256],[72.8385,19.256],[72.8385,19.2563],[72.8382,19.2563],[72.8382,19.2565],[72.8376,19.2565],[72.8376,19.2571],[72.8374,19.2571],[72.8374,19.2576],[72.8371,19.2576],[72.8371,19.2582],[72.8368,19.2582],[72.8368,19.2585],[72.8365,19.2585],[72.8365,19.2588],[72.836,19.2588],[72.836,19.259],[72.8357,19.259],[72.8357,19.2596],[72.8354,19.2596],[72.8354,19.2604],[72.8351,19.2604],[72.8351,19.2607],[72.8354,19.2607],[72.8354,19.2615],[72.8357,19.2615],[72.8357,19.2621],[72.836,19.2621],[72.836,19.2624],[72.8363,19.2624],[72.8363,19.2635],[72.8365,19.2635],[72.8365,19.2638],[72.8368,19.2638],[72.8368,19.264],[72.8371,19.264],[72.8371,19.2649],[72.8374,19.2649],[72.8374,19.2651],[72.8376,19.2651],[72.8376,19.2654],[72.8379,19.2654],[72.8379,19.2657],[72.8382,19.2657],[72.8382,19.266],[72.8385,19.266],[72.8385,19.2663],[72.8388,19.2663],[72.8388,19.2665],[72.839,19.2665],[72.839,19.2668],[72.8393,19.2668],[72.8393,19.2671],[72.8396,19.2671],[72.8396,19.2674],[72.8393,19.2674],[72.8393,19.2676],[72.839,19.2676],[72.839,19.2674],[72.8388,19.2674],[72.8388,19.2671],[72.8382,19.2671],[72.8382,19.2668],[72.8379,19.2668],[72.8379,19.2665],[72.8376,19.2665],[72.8376,19.2663],[72.8374,19.2663],[72.8374,19.266],[72.8371,19.266],[72.8371,19.2657],[72.8368,19.2657],[72.8368,19.2651],[72.8365,19.2651],[72.8365,19.2649],[72.8363,19.2649],[72.8363,19.264],[72.836,19.264],[72.836,19.2638],[72.8357,19.2638],[72.8357,19.2635],[72.8354,19.2635],[72.8354,19.2624],[72.8351,19.2624],[72.8351,19.2621],[72.8349,19.2621],[72.8349,19.2615],[72.8346,19.2615],[72.8346,19.2607],[72.8343,19.2607],[72.8343,19.2601],[72.8346,19.2601],[72.8346,19.2593],[72.8349,19.2593],[72.8349,19.2588],[72.8351,19.2588],[72.8351,19.2585],[72.8357,19.2585],[72.8357,19.2582],[72.836,19.2582],[72.836,19.2579],[72.8363,19.2579],[72.8363,19.2576],[72.8365,19.2576],[72.8365,19.2571],[72.8368,19.2571],[72.8368,19.2565],[72.8371,19.2565],[72.8371,19.2563],[72.8374,19.2563],[72.8374,19.256],[72.8376,19.256],[72.8376,19.2557],[72.8379,19.2557],[72.8379,19.2537],[72.8376,19.2537],[72.8376,19.2535],[72.8374,19.2535],[72.8374,19.2529],[72.8371,19.2529],[72.8371,19.2526],[72.8368,19.2526],[72.8368,19.2521],[72.8365,19.2521],[72.8365,19.2512],[72.836,19.2513],[72.836,19.251],[72.8346,19.251],[72.8346,19.2507],[72.8335,19.2507],[72.8335,19.2504],[72.8307,19.2504],[72.8307,19.2501],[72.829,19.2501],[72.829,19.2499],[72.8285,19.2499],[72.8285,19.2496],[72.8276,19.2496],[72.8276,19.2493],[72.8274,19.2493],[72.8274,19.2496],[72.8271,19.2496],[72.8271,19.2493],[72.8268,19.2493],[72.8268,19.249],[72.8262,19.249],[72.8262,19.2488],[72.8257,19.2488],[72.8257,19.2485],[72.8254,19.2485],[72.8254,19.2482],[72.8251,19.2482],[72.8251,19.2479],[72.8249,19.2479],[72.8249,19.2476],[72.8246,19.2476],[72.8246,19.2474],[72.8243,19.2474],[72.8243,19.2471],[72.8238,19.2471],[72.8238,19.2468],[72.8235,19.2468],[72.8235,19.2465],[72.8232,19.2465],[72.8232,19.2463],[72.8229,19.2463],[72.8229,19.246],[72.8226,19.246],[72.8226,19.2457],[72.8224,19.2457],[72.8224,19.2454],[72.8218,19.2454],[72.8218,19.2451],[72.821,19.2451],[72.821,19.2454],[72.8204,19.2454],[72.8204,19.2449],[72.8207,19.2449],[72.8207,19.2446],[72.821,19.2446],[72.821,19.2437],[72.8215,19.2437],[72.8215,19.2421],[72.8213,19.2421],[72.8213,19.2418],[72.8215,19.2418],[72.8215,19.2415],[72.8213,19.2415],[72.8213,19.2407],[72.821,19.2407],[72.821,19.2401],[72.8207,19.2401],[72.8207,19.2393],[72.8204,19.2393],[72.8204,19.2385],[72.8201,19.2385],[72.8201,19.2376],[72.8199,19.2376],[72.8199,19.2368],[72.8196,19.2368],[72.8196,19.2362],[72.8193,19.2362],[72.8193,19.236],[72.819,19.236],[72.819,19.2354],[72.8185,19.2354],[72.8185,19.2351],[72.8182,19.2351],[72.8182,19.2346],[72.8179,19.2346],[72.8179,19.2343],[72.8176,19.2343],[72.8176,19.234],[72.8171,19.234],[72.8171,19.2335],[72.8168,19.2335],[72.8168,19.2329],[72.8165,19.2329],[72.8165,19.2326],[72.8162,19.2326],[72.8162,19.2321],[72.816,19.2321],[72.816,19.2318],[72.8157,19.2318],[72.8157,19.2313],[72.8151,19.2313],[72.8151,19.231],[72.8149,19.231],[72.8149,19.2307],[72.8146,19.2307],[72.8146,19.2304],[72.8143,19.2304],[72.8143,19.2301],[72.8132,19.2301],[72.8132,19.2299],[72.8124,19.2299],[72.8124,19.2296],[72.8121,19.2296],[72.8121,19.2293],[72.8118,19.2293],[72.8118,19.229],[72.8115,19.229],[72.8115,19.2288],[72.8112,19.2288],[72.8112,19.2285],[72.811,19.2285],[72.811,19.2282],[72.8107,19.2282],[72.8107,19.2279],[72.8104,19.2279],[72.8104,19.2276],[72.8101,19.2276],[72.8101,19.2274],[72.8099,19.2274],[72.8099,19.2268],[72.8096,19.2268],[72.8096,19.2265],[72.8093,19.2265],[72.8093,19.2262],[72.809,19.2262],[72.809,19.226],[72.8085,19.226],[72.8085,19.2257],[72.8082,19.2257],[72.8082,19.2254],[72.8079,19.2254],[72.8079,19.2251],[72.8076,19.2251],[72.8076,19.2249],[72.8074,19.2249],[72.8074,19.2246],[72.8071,19.2246],[72.8071,19.224],[72.8068,19.224],[72.8068,19.2235],[72.8065,19.2235],[72.8065,19.2232],[72.8063,19.2232],[72.8063,19.2229],[72.806,19.2229],[72.806,19.2224],[72.8057,19.2224],[72.8057,19.2221],[72.8054,19.2221],[72.8054,19.2218],[72.8051,19.2218],[72.8051,19.221],[72.8043,19.221],[72.8043,19.2213],[72.804,19.2213],[72.804,19.2215],[72.8035,19.2215],[72.8035,19.2218],[72.8029,19.2218],[72.8029,19.2221],[72.8024,19.2221],[72.8024,19.2224],[72.8007,19.2224],[72.8007,19.2229],[72.8004,19.2229],[72.8004,19.2232],[72.7999,19.2232],[72.7999,19.2235],[72.7988,19.2235],[72.7988,19.2232],[72.7985,19.2232],[72.7985,19.2226],[72.7988,19.2226],[72.7988,19.2224],[72.7993,19.2224],[72.7993,19.2221],[72.8001,19.2221],[72.8001,19.2218],[72.8007,19.2218],[72.8007,19.2215],[72.8012,19.2215],[72.8012,19.2213],[72.8015,19.2213],[72.8015,19.221],[72.8026,19.221],[72.8026,19.2207],[72.8029,19.2207],[72.8029,19.2204],[72.8032,19.2204],[72.8032,19.2201],[72.8035,19.2201],[72.8035,19.2199],[72.8037,19.2199],[72.8037,19.2193],[72.804,19.2193],[72.804,19.2187],[72.8037,19.2187],[72.8037,19.2174],[72.8035,19.2174],[72.8035,19.2168],[72.8032,19.2168],[72.8032,19.2165],[72.8029,19.2165],[72.8029,19.2162],[72.8026,19.2162],[72.8026,19.2165],[72.8024,19.2165],[72.8024,19.2162],[72.8021,19.2162],[72.8021,19.2157],[72.8018,19.2157],[72.8018,19.2154],[72.8015,19.2154],[72.8015,19.2151],[72.8012,19.2151],[72.8012,19.2149],[72.801,19.2149],[72.801,19.2146],[72.8007,19.2146],[72.8007,19.2143],[72.8001,19.2143],[72.8001,19.2135],[72.7999,19.2135],[72.7999,19.2129],[72.7996,19.2129],[72.7996,19.2126],[72.7993,19.2126],[72.7993,19.2124],[72.799,19.2124],[72.799,19.2121],[72.7988,19.2121],[72.7988,19.2118],[72.7985,19.2118],[72.7985,19.2115],[72.7982,19.2115],[72.7982,19.2113],[72.7979,19.2113],[72.7979,19.2107],[72.7976,19.2107],[72.7976,19.2104],[72.7974,19.2104],[72.7974,19.2099],[72.7971,19.2099],[72.7971,19.2093],[72.7968,19.2093],[72.7968,19.2087],[72.7965,19.2087],[72.7965,19.2079],[72.7962,19.2079],[72.7962,19.2076],[72.796,19.2076],[72.796,19.2071],[72.7949,19.2071],[72.7949,19.2068],[72.7946,19.2068],[72.7946,19.2065],[72.7943,19.2065],[72.7943,19.2062],[72.794,19.2062],[72.794,19.206],[72.7937,19.206],[72.7937,19.2054],[72.7932,19.2054],[72.7932,19.2051],[72.7929,19.2051],[72.7929,19.2046],[72.7926,19.2046],[72.7926,19.2043],[72.7924,19.2043],[72.7924,19.2038],[72.7921,19.2038],[72.7921,19.2026],[72.7918,19.2026],[72.7918,19.2007],[72.7921,19.2007],[72.7921,19.2001],[72.7924,19.2001],[72.7924,19.1999],[72.7926,19.1999],[72.7926,19.1996],[72.7929,19.1996],[72.7929,19.199],[72.7932,19.199],[72.7932,19.1985],[72.7935,19.1985],[72.7935,19.1976],[72.7937,19.1976],[72.7937,19.196],[72.7935,19.196],[72.7935,19.1957],[72.7932,19.1957],[72.7932,19.1951],[72.7929,19.1951],[72.7929,19.1949],[72.7926,19.1949],[72.7926,19.1946],[72.7924,19.1946],[72.7924,19.1943],[72.7921,19.1943],[72.7921,19.194],[72.7918,19.194],[72.7918,19.1938],[72.7915,19.1938],[72.7915,19.1935],[72.7913,19.1935],[72.7913,19.1932],[72.791,19.1932],[72.791,19.1929],[72.7901,19.1929],[72.7901,19.1926],[72.789,19.1926],[72.789,19.1929],[72.7888,19.1929],[72.7888,19.1932],[72.7885,19.1932],[72.7885,19.1935],[72.7879,19.1935],[72.7879,19.1932],[72.7871,19.1932],[72.7871,19.1929],[72.786,19.1929],[72.786,19.1926],[72.7857,19.1926],[72.7857,19.1924],[72.7854,19.1924],[72.7854,19.1926],[72.7846,19.1926],[72.7846,19.1924],[72.7838,19.1924],[72.7838,19.1926],[72.7835,19.1926],[72.7835,19.1929],[72.7832,19.1929],[72.7832,19.1932],[72.7824,19.1932],[72.7824,19.1935],[72.7821,19.1935],[72.7821,19.1938],[72.7818,19.1938],[72.7818,19.194],[72.7815,19.194],[72.7815,19.1946],[72.7813,19.1946],[72.7813,19.1965],[72.7815,19.1965],[72.7815,19.1971],[72.7818,19.1971],[72.7818,19.1993],[72.7821,19.1993],[72.7821,19.2001],[72.7824,19.2001],[72.7824,19.2007],[72.7826,19.2007],[72.7826,19.201],[72.7829,19.201],[72.7829,19.2013],[72.7846,19.2013],[72.7846,19.201],[72.7851,19.201],[72.7851,19.2013],[72.7857,19.2013],[72.7857,19.2015],[72.786,19.2015],[72.786,19.2018],[72.7862,19.2018],[72.7862,19.2026],[72.786,19.2026],[72.786,19.2035],[72.7857,19.2035],[72.7857,19.2038],[72.7851,19.2038],[72.7851,19.2051],[72.7849,19.2051],[72.7849,19.2054],[72.7846,19.2054],[72.7846,19.2057],[72.7843,19.2057],[72.7843,19.206],[72.7838,19.206],[72.7838,19.2062],[72.7815,19.2062],[72.7815,19.206],[72.7813,19.206],[72.7813,19.2057],[72.781,19.2057],[72.781,19.2054],[72.7793,19.2054],[72.7793,19.2074],[72.7796,19.2074],[72.7796,19.2076],[72.7799,19.2076],[72.7799,19.2079],[72.7801,19.2079],[72.7801,19.2085],[72.7804,19.2085],[72.7804,19.209],[72.7807,19.209],[72.7807,19.2093],[72.781,19.2093],[72.781,19.2101],[72.7813,19.2101],[72.7813,19.2115],[72.7815,19.2115],[72.7815,19.2151],[72.7813,19.2151],[72.7813,19.2157],[72.781,19.2157],[72.781,19.2165],[72.7807,19.2165],[72.7807,19.2168],[72.7804,19.2168],[72.7804,19.2171],[72.7801,19.2171],[72.7801,19.2174],[72.7799,19.2174],[72.7799,19.2176],[72.7796,19.2176],[72.7796,19.2179],[72.779,19.2179],[72.779,19.2193],[72.7787,19.2193],[72.7787,19.2199],[72.7785,19.2199],[72.7785,19.2201],[72.7782,19.2201],[72.7782,19.22],[72.7782,19.2199],[72.7779,19.2199],[72.7779,19.2201],[72.7776,19.2201],[72.7776,19.2207],[72.7774,19.2207],[72.7774,19.221],[72.7768,19.221],[72.7768,19.2213],[72.7765,19.2213],[72.7765,19.2215],[72.7763,19.2215],[72.7763,19.2221],[72.776,19.2221],[72.776,19.2246],[72.7763,19.2246],[72.7763,19.2257],[72.7765,19.2257],[72.7765,19.2262],[72.7768,19.2262],[72.7768,19.2268],[72.7774,19.2268],[72.7774,19.2271],[72.7776,19.2271],[72.7776,19.2274],[72.7779,19.2274],[72.7779,19.2276],[72.7785,19.2276],[72.7785,19.2279],[72.7787,19.2279],[72.7787,19.2282],[72.779,19.2282],[72.779,19.2288],[72.7793,19.2288],[72.7793,19.2299],[72.7796,19.2299],[72.7796,19.2304],[72.7799,19.2304],[72.7799,19.2332],[72.7796,19.2332],[72.7796,19.2354],[72.7793,19.2354],[72.7793,19.236],[72.779,19.236],[72.779,19.2362],[72.7787,19.2362],[72.7787,19.2365],[72.7782,19.2365],[72.7782,19.2371],[72.7779,19.2371],[72.7779,19.2379],[72.7796,19.2379],[72.7796,19.2382],[72.7799,19.2382],[72.7799,19.2385],[72.7801,19.2385],[72.7801,19.2393],[72.7804,19.2393],[72.7804,19.2399],[72.7807,19.2399],[72.7807,19.241],[72.7804,19.241],[72.7804,19.2413],[72.7801,19.2413],[72.7801,19.2424],[72.7804,19.2424],[72.7804,19.2432],[72.7807,19.2432],[72.7807,19.2435],[72.781,19.2435],[72.781,19.2437],[72.7813,19.2437],[72.7813,19.2443],[72.781,19.2443],[72.781,19.2454],[72.7813,19.2454],[72.7813,19.246],[72.7815,19.246],[72.7815,19.2468],[72.7818,19.2468],[72.7818,19.2479],[72.7821,19.2479],[72.7821,19.249],[72.7824,19.249],[72.7824,19.2499],[72.7826,19.2499],[72.7826,19.2501],[72.7829,19.2501],[72.7829,19.2518],[72.7826,19.2518],[72.7826,19.2532],[72.7824,19.2532],[72.7824,19.2565],[72.7821,19.2565],[72.7821,19.2571],[72.7818,19.2571],[72.7818,19.2582],[72.7815,19.2582],[72.7815,19.2596],[72.7818,19.2596],[72.7818,19.2601],[72.7829,19.2601],[72.7829,19.2604],[72.7832,19.2604],[72.7832,19.2607],[72.7835,19.2607],[72.7835,19.2615],[72.7838,19.2615],[72.7838,19.2618],[72.784,19.2618],[72.784,19.2635],[72.7838,19.2635],[72.7838,19.264],[72.7835,19.264],[72.7835,19.2651],[72.7838,19.2651],[72.7838,19.2654],[72.7843,19.2654],[72.7843,19.2657],[72.7846,19.2657],[72.7846,19.266],[72.7843,19.266],[72.7843,19.2682],[72.784,19.2682],[72.784,19.2685],[72.7838,19.2685],[72.7838,19.2688],[72.7835,19.2688],[72.7835,19.269],[72.7821,19.269],[72.7821,19.2693],[72.7815,19.2693],[72.7815,19.2696],[72.7813,19.2696],[72.7813,19.2718],[72.781,19.2718],[72.781,19.2721],[72.7807,19.2721],[72.7807,19.2729],[72.7804,19.2729],[72.7804,19.2735],[72.7801,19.2735],[72.7801,19.2754],[72.7799,19.2754],[72.7799,19.2763],[72.7796,19.2763],[72.7796,19.2765],[72.7793,19.2765],[72.7793,19.2771],[72.779,19.2771],[72.779,19.2779],[72.7787,19.2779],[72.7787,19.2782],[72.7785,19.2782],[72.7785,19.2785],[72.7782,19.2785],[72.7782,19.279],[72.7787,19.279],[72.7787,19.2793],[72.7799,19.2793],[72.7799,19.2796],[72.7818,19.2796],[72.7818,19.2793],[72.7832,19.2793],[72.7832,19.2799],[72.7835,19.2799],[72.7835,19.2804],[72.7838,19.2804],[72.7838,19.2876],[72.784,19.2876],[72.784,19.2885],[72.7843,19.2885],[72.7843,19.289],[72.7846,19.289],[72.7846,19.2915],[72.7843,19.2915],[72.7843,19.2938],[72.7846,19.2938],[72.7846,19.3004],[72.7843,19.3004],[72.7843,19.3026],[72.7846,19.3026],[72.7846,19.3035],[72.7849,19.3035],[72.7849,19.3038],[72.7851,19.3038],[72.7851,19.304],[72.7854,19.304],[72.7854,19.3043],[72.7857,19.3043],[72.7857,19.306],[72.786,19.306],[72.786,19.3062],[72.7862,19.3062],[72.7862,19.3065],[72.7865,19.3065],[72.7865,19.3068],[72.7862,19.3068],[72.7862,19.3071],[72.7865,19.3071],[72.7865,19.3074],[72.7868,19.3074],[72.7868,19.3076],[72.7871,19.3076],[72.7871,19.3079],[72.7874,19.3079],[72.7874,19.3082],[72.7879,19.3082],[72.7879,19.3085],[72.7885,19.3085],[72.7885,19.3088],[72.789,19.3088],[72.789,19.309],[72.7896,19.309],[72.7896,19.3093],[72.7899,19.3093],[72.7899,19.3096],[72.791,19.3096],[72.791,19.3099],[72.7918,19.3099],[72.7918,19.3101],[72.7924,19.3101],[72.7924,19.3104],[72.7932,19.3104],[72.7932,19.3113],[72.7935,19.3113],[72.7935,19.3121],[72.7937,19.3121],[72.7937,19.3132],[72.794,19.3132],[72.794,19.3143],[72.7943,19.3143],[72.7943,19.3152],[72.7946,19.3152],[72.7946,19.3162],[72.7949,19.3162],[72.7949,19.3171],[72.7951,19.3171],[72.7951,19.3182],[72.7954,19.3182],[72.7954,19.3193],[72.7957,19.3193],[72.7957,19.3201],[72.796,19.3201],[72.796,19.3213],[72.7962,19.3213],[72.7962,19.3221],[72.7965,19.3221],[72.7965,19.3232],[72.7968,19.3232],[72.7968,19.3243],[72.7971,19.3243],[72.7971,19.3251],[72.7974,19.3251],[72.7974,19.3263],[72.7976,19.3263],[72.7976,19.3271],[72.7979,19.3271],[72.7979,19.3282],[72.7982,19.3282],[72.7982,19.3293],[72.7985,19.3293],[72.7985,19.3301],[72.7988,19.3301],[72.7988,19.331],[72.799,19.331],[72.799,19.3313],[72.7985,19.3313],[72.7985,19.3315],[72.7982,19.3315],[72.7982,19.3318],[72.7979,19.3318],[72.7979,19.3321],[72.7976,19.3321],[72.7976,19.3324],[72.7971,19.3324],[72.7971,19.3326],[72.7968,19.3326],[72.7968,19.3329],[72.7965,19.3329],[72.7965,19.3332],[72.7962,19.3332],[72.7962,19.3337],[72.7957,19.3337],[72.7957,19.334],[72.7954,19.334],[72.7954,19.3346],[72.7951,19.3346],[72.7951,19.3349],[72.7949,19.3349],[72.7949,19.3351],[72.7943,19.3351],[72.7943,19.3357],[72.7937,19.3357],[72.7937,19.336],[72.7935,19.336],[72.7935,19.3365],[72.7932,19.3365],[72.7932,19.3368],[72.7929,19.3368],[72.7929,19.3374],[72.7926,19.3374],[72.7926,19.3376],[72.7924,19.3376],[72.7924,19.3379],[72.7921,19.3379],[72.7921,19.3382],[72.7918,19.3382],[72.7918,19.3385],[72.7915,19.3385],[72.7915,19.3388],[72.7913,19.3388],[72.7913,19.3393],[72.7907,19.3393],[72.7907,19.3399],[72.7904,19.3399],[72.7904,19.3404],[72.7901,19.3404],[72.7901,19.3407],[72.7899,19.3407],[72.7899,19.341],[72.7896,19.341],[72.7896,19.3415],[72.7893,19.3415],[72.7893,19.3418],[72.789,19.3418],[72.789,19.3421],[72.7888,19.3421],[72.7888,19.3426],[72.7885,19.3426],[72.7885,19.3429],[72.7879,19.3429],[72.7879,19.3432],[72.7876,19.3432],[72.7876,19.3435],[72.7871,19.3435],[72.7871,19.344],[72.7868,19.344],[72.7868,19.3446],[72.7865,19.3446],[72.7865,19.3449],[72.7857,19.3449],[72.7857,19.3454],[72.7854,19.3454],[72.7854,19.3457],[72.7851,19.3457],[72.7851,19.346],[72.7849,19.346],[72.7849,19.3463],[72.7846,19.3463],[72.7846,19.3465],[72.7843,19.3465],[72.7843,19.3468],[72.784,19.3468],[72.784,19.3471],[72.7838,19.3471],[72.7838,19.3474],[72.7835,19.3474],[72.7835,19.3482],[72.7832,19.3482],[72.7832,19.3485],[72.7829,19.3485],[72.7829,19.349],[72.7826,19.349],[72.7826,19.3493],[72.7821,19.3493],[72.7821,19.3496],[72.7818,19.3496],[72.7818,19.3499],[72.7815,19.3499],[72.7815,19.3501],[72.7813,19.3501],[72.7813,19.3504],[72.7804,19.3504],[72.7804,19.3507],[72.7801,19.3507],[72.7801,19.351],[72.7799,19.351],[72.7799,19.3513],[72.7779,19.3513],[72.7779,19.3515],[72.7776,19.3515],[72.7776,19.3518],[72.7774,19.3518],[72.7774,19.3524],[72.7771,19.3524],[72.7771,19.3526],[72.7765,19.3526],[72.7765,19.3529],[72.7757,19.3529],[72.7757,19.3532],[72.7754,19.3532],[72.7754,19.354],[72.7751,19.354],[72.7751,19.3546],[72.7749,19.3546],[72.7749,19.3549],[72.7746,19.3549],[72.7746,19.3554],[72.7743,19.3554],[72.7743,19.356],[72.774,19.356],[72.774,19.3565],[72.7738,19.3565],[72.7738,19.3571],[72.7735,19.3571],[72.7735,19.3574],[72.7732,19.3574],[72.7732,19.3582],[72.7729,19.3582],[72.7729,19.3587],[72.7726,19.3587],[72.7726,19.3596],[72.7724,19.3596],[72.7724,19.3601],[72.7721,19.3601],[72.7721,19.3615],[72.7718,19.3615],[72.7718,19.3618],[72.7715,19.3618],[72.7715,19.3621],[72.7712,19.3621],[72.7712,19.3624],[72.771,19.3624],[72.771,19.3626],[72.7707,19.3626],[72.7707,19.3629],[72.7704,19.3629],[72.7704,19.3632],[72.7701,19.3632],[72.7701,19.3635],[72.7699,19.3635],[72.7699,19.3638],[72.7696,19.3638],[72.7696,19.3643],[72.7693,19.3643],[72.7693,19.3646],[72.769,19.3646],[72.769,19.3649],[72.7688,19.3649],[72.7688,19.3651],[72.7685,19.3651],[72.7685,19.3654],[72.7682,19.3654],[72.7682,19.366],[72.7676,19.366],[72.7676,19.3663],[72.7674,19.3663],[72.7674,19.3665],[72.7668,19.3665],[72.7668,19.3668],[72.7665,19.3668],[72.7665,19.3674],[72.7663,19.3674],[72.7663,19.3676],[72.7657,19.3676],[72.7657,19.3679],[72.7654,19.3679],[72.7654,19.3682],[72.7651,19.3682],[72.7651,19.3685],[72.7649,19.3685],[72.7649,19.3687],[72.7646,19.3687],[72.7646,19.369],[72.764,19.369],[72.764,19.3693],[72.7637,19.3693],[72.7637,19.3696],[72.7632,19.3696],[72.7632,19.3699],[72.7629,19.3699],[72.7629,19.3701],[72.7626,19.3701],[72.7626,19.3704],[72.7624,19.3704],[72.7624,19.3707],[72.7621,19.3707],[72.7621,19.371],[72.7615,19.371],[72.7615,19.3713],[72.7613,19.3713],[72.7613,19.3718],[72.761,19.3718],[72.761,19.3721],[72.7607,19.3721],[72.7607,19.3724],[72.7601,19.3724],[72.7601,19.3726],[72.7599,19.3726],[72.7599,19.3732],[72.7596,19.3732],[72.7596,19.3735],[72.759,19.3735],[72.759,19.374],[72.7588,19.374],[72.7588,19.3743],[72.7585,19.3743],[72.7585,19.3749],[72.7582,19.3749],[72.7582,19.3754],[72.7579,19.3754],[72.7579,19.376],[72.7576,19.376],[72.7576,19.3782],[72.7574,19.3782],[72.7574,19.3796],[72.7576,19.3796],[72.7576,19.3801],[72.7579,19.3801],[72.7579,19.3813],[72.7582,19.3812],[72.7582,19.3826],[72.7585,19.3826],[72.7585,19.384],[72.7588,19.384],[72.7588,19.3843],[72.759,19.3843],[72.759,19.3851],[72.7593,19.3851],[72.7593,19.3857],[72.7596,19.3857],[72.7596,19.386],[72.7599,19.386],[72.7599,19.3865],[72.7601,19.3865],[72.7601,19.3876],[72.7604,19.3876],[72.7604,19.3882],[72.7607,19.3882],[72.7607,19.389],[72.761,19.389],[72.761,19.3893],[72.7613,19.3893],[72.7613,19.3896],[72.7615,19.3896],[72.7615,19.3904],[72.7618,19.3904],[72.7618,19.3907],[72.7621,19.3907],[72.7621,19.391],[72.7624,19.391],[72.7624,19.3915],[72.7657,19.3915],[72.7657,19.3918],[72.766,19.3918],[72.766,19.3932],[72.7657,19.3932],[72.7657,19.3935],[72.7651,19.3935],[72.7651,19.3937],[72.7646,19.3937],[72.7646,19.394],[72.764,19.394],[72.764,19.3943],[72.7637,19.3943],[72.7637,19.3946],[72.7635,19.3946],[72.7635,19.3949],[72.7632,19.3949],[72.7632,19.3951],[72.7629,19.3951],[72.7629,19.3954],[72.7624,19.3954],[72.7624,19.396],[72.7621,19.396],[72.7621,19.3962],[72.7618,19.3962],[72.7618,19.3985],[72.7615,19.3985],[72.7615,19.4001],[72.7618,19.4001],[72.7618,19.4029],[72.7615,19.4029],[72.7615,19.4054],[72.7613,19.4054],[72.7613,19.4071],[72.761,19.4071],[72.761,19.4079],[72.7607,19.4079],[72.7607,19.409],[72.7604,19.409],[72.7604,19.4099],[72.7601,19.4099],[72.7601,19.4104],[72.7604,19.4104],[72.7604,19.4149],[72.7601,19.4149],[72.7601,19.416],[72.7599,19.416],[72.7599,19.4165],[72.7596,19.4165],[72.7596,19.4179],[72.7593,19.4179],[72.7593,19.4188],[72.759,19.4188],[72.759,19.4196],[72.7588,19.4196],[72.7588,19.4212],[72.7582,19.4212],[72.7582,19.4229],[72.7579,19.4229],[72.7579,19.424],[72.7576,19.424],[72.7576,19.4249],[72.7574,19.4249],[72.7574,19.426],[72.7571,19.426],[72.7571,19.4268],[72.7568,19.4268],[72.7568,19.4274],[72.7565,19.4274],[72.7565,19.4282],[72.7562,19.4282],[72.7562,19.4285],[72.756,19.4285],[72.756,19.4293],[72.7557,19.4293],[72.7557,19.4318],[72.7551,19.4318],[72.7551,19.4321],[72.7549,19.4321],[72.7549,19.4324],[72.7546,19.4324],[72.7546,19.4332],[72.7543,19.4332],[72.7543,19.434],[72.754,19.434],[72.754,19.4349],[72.7538,19.4349],[72.7538,19.436],[72.7535,19.436],[72.7535,19.4363],[72.7532,19.4363],[72.7532,19.4368],[72.7529,19.4368],[72.7529,19.4374],[72.7526,19.4374],[72.7526,19.4385],[72.7524,19.4385],[72.7524,19.4393],[72.7521,19.4393],[72.7521,19.4404],[72.7518,19.4404],[72.7518,19.4412],[72.7515,19.4412],[72.7515,19.4418],[72.7513,19.4418],[72.7513,19.4421],[72.751,19.4421],[72.751,19.4429],[72.7513,19.4429],[72.7513,19.4432],[72.7507,19.4432],[72.7507,19.4438],[72.7504,19.4438],[72.7504,19.4446],[72.7501,19.4446],[72.7501,19.4454],[72.7499,19.4454],[72.7499,19.4463],[72.7496,19.4463],[72.7496,19.4468],[72.7493,19.4468],[72.7493,19.4476],[72.749,19.4476],[72.749,19.4482],[72.7487,19.4482],[72.7487,19.4499],[72.7485,19.4499],[72.7485,19.4504],[72.7482,19.4504],[72.7482,19.4507],[72.7479,19.4507],[72.7479,19.4513],[72.7476,19.4513],[72.7476,19.4516],[72.7476,19.4524],[72.7474,19.4524],[72.7474,19.4532],[72.7471,19.4532],[72.7471,19.454],[72.7468,19.454],[72.7468,19.4543],[72.7465,19.4543],[72.7465,19.4546],[72.746,19.4546],[72.746,19.4549],[72.7457,19.4549],[72.7457,19.4554],[72.7454,19.4554],[72.7454,19.4557],[72.7451,19.4557],[72.7451,19.4571],[72.7449,19.4571],[72.7449,19.4587],[72.7446,19.4587],[72.7446,19.4621],[72.7446,19.4629],[72.7449,19.4629],[72.7449,19.4635],[72.7451,19.4635],[72.7451,19.464],[72.7454,19.464],[72.7454,19.4643],[72.7457,19.4643],[72.7457,19.4646],[72.746,19.4646],[72.746,19.4649],[72.7462,19.4649],[72.7462,19.4651],[72.7465,19.4651],[72.7465,19.4654],[72.7468,19.4654],[72.7468,19.4657],[72.7471,19.4657],[72.7471,19.466],[72.7476,19.466],[72.7476,19.4662],[72.7479,19.4662],[72.7479,19.4665],[72.7482,19.4665],[72.7482,19.4668],[72.7485,19.4668],[72.7485,19.4671],[72.749,19.4671],[72.749,19.4676],[72.7496,19.4676],[72.7496,19.4679],[72.7499,19.4679],[72.7499,19.4682],[72.7501,19.4682],[72.7501,19.4685],[72.7504,19.4685],[72.7504,19.469],[72.7507,19.469],[72.7507,19.4693],[72.751,19.4693],[72.751,19.4699],[72.7513,19.4699],[72.7513,19.4701],[72.7515,19.4701],[72.7515,19.4707],[72.7518,19.4707],[72.7518,19.4713],[72.7524,19.4713],[72.7524,19.4715],[72.7526,19.4715],[72.7526,19.4718],[72.7529,19.4718],[72.7529,19.4721],[72.7532,19.4721],[72.7532,19.4724],[72.7535,19.4724],[72.7535,19.4726],[72.7538,19.4726],[72.7538,19.4732],[72.754,19.4732],[72.754,19.4735],[72.7543,19.4735],[72.7543,19.4737],[72.7546,19.4737],[72.7546,19.4743],[72.7554,19.4743],[72.7554,19.4746],[72.756,19.4746],[72.756,19.4751],[72.7565,19.4751],[72.7565,19.4754],[72.7574,19.4754],[72.7574,19.4757],[72.7599,19.4757],[72.7599,19.476],[72.76,19.476],[72.7607,19.476],[72.7607,19.4762],[72.7613,19.4762],[72.7613,19.4765],[72.7621,19.4765],[72.7621,19.4768],[72.7629,19.4768],[72.7629,19.4765],[72.7635,19.4765],[72.7635,19.4762],[72.7643,19.4762],[72.7643,19.4765],[72.7646,19.4765],[72.7646,19.4768],[72.7649,19.4768],[72.7649,19.4774],[72.7654,19.4774],[72.7654,19.4782],[72.7657,19.4782],[72.7657,19.4788],[72.766,19.4788],[72.766,19.4793],[72.7663,19.4793],[72.7663,19.4799],[72.7665,19.4799],[72.7665,19.4804],[72.7668,19.4804],[72.7668,19.481],[72.7671,19.481],[72.7671,19.4815],[72.7674,19.4815],[72.7674,19.4824],[72.7671,19.4824],[72.7671,19.4835],[72.7674,19.4835],[72.7674,19.484],[72.7679,19.484],[72.7679,19.4843],[72.7682,19.4843],[72.7682,19.4846],[72.7685,19.4846],[72.7685,19.4849],[72.7688,19.4849],[72.7688,19.4851],[72.7693,19.4851],[72.7693,19.4854],[72.7696,19.4854],[72.7696,19.486],[72.7699,19.486],[72.7699,19.4862],[72.7701,19.4862],[72.7701,19.4865],[72.771,19.4865],[72.771,19.4868],[72.7724,19.4868],[72.7724,19.486],[72.7726,19.486],[72.7726,19.4854],[72.7729,19.4854],[72.7729,19.4851],[72.7732,19.4851],[72.7732,19.4837],[72.7735,19.4837],[72.7735,19.484],[72.774,19.484],[72.774,19.4843],[72.7743,19.4843],[72.7743,19.4846],[72.7746,19.4846],[72.7746,19.4849],[72.7749,19.4849],[72.7749,19.4854],[72.7751,19.4854],[72.7751,19.486],[72.7749,19.486],[72.7749,19.4882],[72.7746,19.4882],[72.7746,19.489],[72.7749,19.489],[72.7749,19.4899],[72.7751,19.4899],[72.7751,19.4901],[72.7754,19.4901],[72.7754,19.4904],[72.7757,19.4904],[72.7757,19.4907],[72.7763,19.4907],[72.7763,19.491],[72.7765,19.491],[72.7765,19.4913],[72.7782,19.4913],[72.7782,19.4915],[72.7787,19.4915],[72.7787,19.4913],[72.7801,19.4913],[72.7801,19.4915],[72.7799,19.4915],[72.7799,19.496],[72.7796,19.496],[72.7796,19.5054],[72.7799,19.5054],[72.7799,19.506],[72.7796,19.506],[72.7796,19.5065],[72.7793,19.5065],[72.7793,19.5068],[72.779,19.5068],[72.779,19.5074],[72.7787,19.5074],[72.7787,19.5088],[72.7793,19.5088],[72.7793,19.5093],[72.7796,19.5093],[72.7796,19.5096],[72.7801,19.5096],[72.7801,19.5099],[72.7804,19.5099],[72.7804,19.5101],[72.7807,19.5101],[72.7807,19.5104],[72.781,19.5104],[72.781,19.511],[72.7813,19.511],[72.7813,19.5112],[72.7815,19.5112],[72.7815,19.5115],[72.7821,19.5115],[72.7821,19.5118],[72.7824,19.5118],[72.7824,19.5124],[72.7829,19.5124],[72.7829,19.5126],[72.7832,19.5126],[72.7832,19.5129],[72.7835,19.5129],[72.7835,19.5132],[72.7838,19.5132],[72.7838,19.514],[72.784,19.514],[72.784,19.5146],[72.7843,19.5146],[72.7843,19.5151],[72.7846,19.5151],[72.7846,19.516],[72.7849,19.516],[72.7849,19.5165],[72.7851,19.5165],[72.7851,19.5174],[72.7854,19.5174],[72.7854,19.5182],[72.7857,19.5182],[72.7857,19.5188],[72.7854,19.5188],[72.7854,19.5193],[72.7857,19.5193],[72.7857,19.5204],[72.786,19.5204],[72.786,19.5212],[72.7865,19.5212],[72.7865,19.5243],[72.7862,19.5243],[72.7862,19.526],[72.786,19.526],[72.786,19.5268],[72.7857,19.5268],[72.7857,19.5274],[72.7854,19.5274],[72.7854,19.5279],[72.7849,19.5279],[72.7849,19.5282],[72.7838,19.5282],[72.7838,19.5285],[72.7832,19.5285],[72.7832,19.5287],[72.7787,19.5287],[72.7787,19.5285],[72.7785,19.5285],[72.7785,19.5282],[72.7779,19.5282],[72.7779,19.5279],[72.7774,19.5279],[72.7774,19.5276],[72.7768,19.5276],[72.7768,19.5274],[72.7765,19.5274],[72.7765,19.5271],[72.7763,19.5271],[72.7763,19.5268],[72.7757,19.5268],[72.7757,19.5265],[72.7754,19.5265],[72.7754,19.526],[72.7765,19.526],[72.7765,19.5263],[72.7771,19.5263],[72.7771,19.5265],[72.7776,19.5265],[72.7776,19.5268],[72.7779,19.5268],[72.7779,19.5271],[72.7787,19.5271],[72.7787,19.5274],[72.7799,19.5274],[72.7799,19.5276],[72.7801,19.5276],[72.7801,19.5274],[72.7813,19.5274],[72.7813,19.5271],[72.7821,19.5271],[72.7821,19.5265],[72.7824,19.5265],[72.7824,19.5263],[72.7829,19.5263],[72.7829,19.526],[72.7835,19.526],[72.7835,19.5257],[72.784,19.5257],[72.784,19.5224],[72.7838,19.5224],[72.7838,19.5212],[72.7835,19.5212],[72.7835,19.5163],[72.7832,19.5163],[72.7832,19.5157],[72.7829,19.5157],[72.7829,19.5154],[72.7826,19.5154],[72.7826,19.5151],[72.7824,19.5151],[72.7824,19.5149],[72.7821,19.5149],[72.7821,19.5143],[72.7818,19.5143],[72.7818,19.514],[72.7815,19.514],[72.7815,19.5138],[72.7813,19.5138],[72.7813,19.5132],[72.7807,19.5132],[72.7807,19.5129],[72.7801,19.5129],[72.7801,19.5126],[72.7799,19.5126],[72.7799,19.5124],[72.7796,19.5124],[72.7796,19.5121],[72.7793,19.5121],[72.7793,19.5115],[72.779,19.5115],[72.779,19.5112],[72.7787,19.5112],[72.7787,19.511],[72.7785,19.511],[72.7785,19.5107],[72.7782,19.5107],[72.7782,19.5104],[72.7779,19.5104],[72.7779,19.5099],[72.7774,19.5099],[72.7774,19.5096],[72.7768,19.5096],[72.7768,19.509],[72.7765,19.509],[72.7765,19.5088],[72.7757,19.5088],[72.7757,19.5085],[72.7754,19.5085],[72.7754,19.5076],[72.7751,19.5076],[72.7751,19.5071],[72.7749,19.5071],[72.7749,19.5068],[72.7746,19.5068],[72.7746,19.5065],[72.774,19.5065],[72.774,19.5063],[72.7738,19.5063],[72.7738,19.5057],[72.7735,19.5057],[72.7735,19.5054],[72.7732,19.5054],[72.7732,19.5051],[72.7729,19.5051],[72.7729,19.5049],[72.7726,19.5049],[72.7726,19.5046],[72.7696,19.5046],[72.7696,19.5043],[72.7649,19.5043],[72.7649,19.5049],[72.7646,19.5049],[72.7646,19.5051],[72.7632,19.5051],[72.7632,19.5054],[72.7626,19.5054],[72.7626,19.5057],[72.7624,19.5057],[72.7624,19.506],[72.7615,19.506],[72.7615,19.5063],[72.7607,19.5063],[72.7607,19.5065],[72.7599,19.5065],[72.7599,19.5068],[72.7588,19.5068],[72.7588,19.5071],[72.7582,19.5071],[72.7582,19.5074],[72.7568,19.5074],[72.7568,19.5071],[72.7565,19.5071],[72.7565,19.5074],[72.7557,19.5074],[72.7557,19.5076],[72.7554,19.5076],[72.7554,19.5082],[72.7551,19.5082],[72.7551,19.5085],[72.7546,19.5085],[72.7546,19.5088],[72.7529,19.5088],[72.7529,19.509],[72.7526,19.509],[72.7526,19.5093],[72.7524,19.5093],[72.7524,19.5096],[72.7521,19.5096],[72.7521,19.5099],[72.7518,19.5099],[72.7518,19.5101],[72.7513,19.5101],[72.7513,19.5104],[72.7504,19.5104],[72.7504,19.5107],[72.7501,19.5107],[72.7501,19.511],[72.7499,19.511],[72.7499,19.5112],[72.749,19.5112],[72.749,19.5115],[72.7482,19.5115],[72.7482,19.5118],[72.7476,19.5118],[72.7476,19.5124],[72.7474,19.5124],[72.7474,19.5126],[72.7468,19.5126],[72.7468,19.5129],[72.7465,19.5129],[72.7465,19.5132],[72.746,19.5132],[72.746,19.5138],[72.7457,19.5138],[72.7457,19.514],[72.7449,19.514],[72.7449,19.5143],[72.7446,19.5143],[72.7446,19.5146],[72.744,19.5146],[72.744,19.5149],[72.7435,19.5149],[72.7435,19.5151],[72.7429,19.5151],[72.7429,19.5154],[72.7424,19.5154],[72.7424,19.5157],[72.7418,19.5157],[72.7418,19.516],[72.7415,19.516],[72.7415,19.5165],[72.7412,19.5165],[72.7412,19.5168],[72.741,19.5168],[72.741,19.5171],[72.7407,19.5171],[72.7407,19.5176],[72.7404,19.5176],[72.7404,19.5179],[72.7401,19.5179],[72.7401,19.5185],[72.7399,19.5185],[72.7399,19.519],[72.7393,19.519],[72.7393,19.5193],[72.739,19.5193],[72.739,19.5199],[72.7387,19.5199],[72.7387,19.521],[72.7387,19.5224],[72.7385,19.5224],[72.7385,19.5226],[72.7382,19.5226],[72.7382,19.5229],[72.7374,19.5229],[72.7374,19.5235],[72.7371,19.5235],[72.7371,19.5243],[72.7368,19.5243],[72.7368,19.5251],[72.7365,19.5251],[72.7365,19.5265],[72.7349,19.5265],[72.7349,19.5268],[72.7331,19.5268],[72.7329,19.5268],[72.7329,19.5265],[72.7315,19.5265],[72.7315,19.5268],[72.7312,19.5268],[72.7312,19.5274],[72.731,19.5274],[72.731,19.5276],[72.7301,19.5276],[72.7301,19.5279],[72.7299,19.5279],[72.7299,19.5285],[72.7296,19.5285],[72.7296,19.5287],[72.729,19.5287],[72.729,19.5296],[72.7288,19.5296],[72.7288,19.5318],[72.7285,19.5318],[72.7285,19.5324],[72.7282,19.5324],[72.7282,19.5326],[72.7276,19.5326],[72.7276,19.5329],[72.7274,19.5329],[72.7274,19.5335],[72.7271,19.5335],[72.7271,19.5338],[72.7268,19.5338],[72.7268,19.534],[72.7265,19.534],[72.7265,19.5338],[72.7262,19.5338],[72.7262,19.5326],[72.726,19.5326],[72.726,19.5321],[72.7257,19.5321],[72.7257,19.5318],[72.7246,19.5318],[72.7246,19.5324],[72.7249,19.5324],[72.7249,19.5329],[72.7251,19.5329],[72.7251,19.5335],[72.7257,19.5335],[72.7257,19.5338],[72.726,19.5338],[72.726,19.5349],[72.7262,19.5349],[72.7262,19.5351],[72.7265,19.5351],[72.7265,19.5368],[72.7262,19.5368],[72.7262,19.5371],[72.726,19.5371],[72.726,19.5374],[72.7254,19.5374],[72.7254,19.5379],[72.7251,19.5379],[72.7251,19.5382],[72.7249,19.5382],[72.7249,19.5387],[72.7246,19.5387],[72.7246,19.539],[72.724,19.539],[72.724,19.5393],[72.7229,19.5393],[72.7229,19.539],[72.7224,19.539],[72.7224,19.5387],[72.7218,19.5387],[72.7218,19.5385],[72.7213,19.5385],[72.7213,19.5387],[72.7207,19.5387],[72.7207,19.539],[72.7201,19.539],[72.7201,19.5387],[72.7199,19.5387],[72.7199,19.5385],[72.719,19.5385],[72.719,19.5387],[72.7182,19.5387],[72.7182,19.5404],[72.7185,19.5404],[72.7185,19.5407],[72.7188,19.5407],[72.7188,19.541],[72.719,19.541],[72.719,19.5424],[72.7201,19.5424],[72.7201,19.5426],[72.7207,19.5426],[72.7207,19.5435],[72.7204,19.5435],[72.7204,19.5438],[72.7193,19.5437],[72.7193,19.544],[72.7171,19.544],[72.7171,19.5446],[72.7168,19.5446],[72.7168,19.5454],[72.7185,19.5454],[72.7185,19.5451],[72.7188,19.5451],[72.7188,19.5449],[72.7193,19.5449],[72.7193,19.5446],[72.7196,19.5446],[72.7196,19.5443],[72.7201,19.5443],[72.7201,19.544],[72.7213,19.544],[72.7213,19.5437],[72.7218,19.5438],[72.7218,19.5435],[72.7224,19.5435],[72.7224,19.5438],[72.7226,19.5437],[72.7226,19.544],[72.7229,19.544],[72.7229,19.5451],[72.7218,19.5451],[72.7218,19.5454],[72.7213,19.5454],[72.7213,19.5457],[72.7207,19.5457],[72.7207,19.546],[72.7204,19.546],[72.7204,19.5462],[72.7201,19.5462],[72.7201,19.5471],[72.7204,19.5471],[72.7204,19.5476],[72.7215,19.5476],[72.7215,19.5479],[72.7218,19.5479],[72.7218,19.5482],[72.7221,19.5482],[72.7221,19.5521],[72.7218,19.5521],[72.7218,19.5524],[72.7215,19.5524],[72.7215,19.5532],[72.7218,19.5532],[72.7218,19.5535],[72.7215,19.5535],[72.7215,19.5537],[72.7218,19.5537],[72.7218,19.5549],[72.7215,19.5549],[72.7215,19.5557],[72.7213,19.5557],[72.7213,19.5562],[72.721,19.5562],[72.721,19.5565],[72.7207,19.5565],[72.7207,19.5574],[72.7204,19.5574],[72.7204,19.5579],[72.7201,19.5579],[72.7201,19.5593],[72.7199,19.5593],[72.7199,19.5599],[72.7196,19.5599],[72.7196,19.5607],[72.7199,19.5607],[72.7199,19.5624],[72.7201,19.5624],[72.7201,19.5638],[72.7204,19.5637],[72.7204,19.5649],[72.7207,19.5648],[72.7207,19.5654],[72.721,19.5654],[72.721,19.5665],[72.7201,19.5665],[72.7201,19.5668],[72.7199,19.5668],[72.7199,19.5676],[72.7196,19.5676],[72.7196,19.5679],[72.719,19.5679],[72.719,19.5685],[72.7188,19.5685],[72.7188,19.569],[72.7185,19.569],[72.7185,19.5693],[72.7182,19.5693],[72.7182,19.5699],[72.7179,19.5699],[72.7179,19.5701],[72.7176,19.5701],[72.7176,19.5704],[72.7174,19.5704],[72.7174,19.571],[72.7171,19.571],[72.7171,19.5715],[72.7168,19.5715],[72.7168,19.5721],[72.7165,19.5721],[72.7165,19.5726],[72.7162,19.5726],[72.7162,19.5751],[72.716,19.5751],[72.716,19.5754],[72.7162,19.5754],[72.7162,19.5763],[72.7165,19.5763],[72.7165,19.5771],[72.7168,19.5771],[72.7168,19.5779],[72.7171,19.5779],[72.7171,19.5793],[72.7174,19.5793],[72.7174,19.5799],[72.7176,19.5799],[72.7176,19.5818],[72.7179,19.5818],[72.7179,19.5826],[72.7176,19.5826],[72.7176,19.584],[72.7174,19.584],[72.7174,19.5843],[72.7171,19.5843],[72.7171,19.5849],[72.7168,19.5849],[72.7168,19.5868],[72.7165,19.5868],[72.7165,19.5882],[72.7157,19.5882],[72.7157,19.5901],[72.7154,19.5901],[72.7154,19.5904],[72.7149,19.5904],[72.7149,19.5907],[72.7143,19.5907],[72.7143,19.591],[72.714,19.591],[72.714,19.5912],[72.7135,19.5912],[72.7135,19.5926],[72.7132,19.5926],[72.7132,19.5929],[72.7129,19.5929],[72.7129,19.5932],[72.7126,19.5932],[72.7126,19.5935],[72.7124,19.5935],[72.7124,19.594],[72.7126,19.594],[72.7126,19.596],[72.7135,19.596],[72.7135,19.5957],[72.7146,19.5957],[72.7146,19.5954],[72.7154,19.5954],[72.7154,19.5957],[72.716,19.5957],[72.716,19.5951],[72.7185,19.5951],[72.7185,19.5954],[72.7196,19.5954],[72.7196,19.5957],[72.7201,19.5957],[72.7201,19.596],[72.7204,19.596],[72.7204,19.5965],[72.721,19.5965],[72.721,19.5968],[72.7215,19.5968],[72.7215,19.5971],[72.7224,19.5971],[72.7224,19.5974],[72.7232,19.5974],[72.7232,19.5968],[72.7237,19.5968],[72.7237,19.5963],[72.724,19.5963],[72.724,19.596],[72.7243,19.596],[72.7243,19.5957],[72.7246,19.5957],[72.7246,19.5954],[72.7251,19.5954],[72.7251,19.5949],[72.7257,19.5949],[72.7257,19.5946],[72.7276,19.5946],[72.7276,19.5949],[72.7285,19.5949],[72.7285,19.5951],[72.7288,19.5951],[72.7288,19.5954],[72.729,19.5954],[72.729,19.596],[72.7293,19.596],[72.7293,19.5963],[72.7296,19.5963],[72.7296,19.5971],[72.7301,19.5971],[72.7301,19.5974],[72.7304,19.5974],[72.7304,19.5985],[72.731,19.5985],[72.731,19.5988],[72.7329,19.5988],[72.7329,19.5985],[72.7335,19.5985],[72.7335,19.5982],[72.7337,19.5982],[72.7337,19.5979],[72.734,19.5979],[72.734,19.5976],[72.7343,19.5976],[72.7343,19.5974],[72.7374,19.5974],[72.7374,19.5976],[72.7379,19.5976],[72.7379,19.5979],[72.7368,19.5979],[72.7368,19.5985],[72.7365,19.5985],[72.7365,19.5988],[72.7357,19.5988],[72.7357,19.5993],[72.7354,19.5993],[72.7354,19.5999],[72.7346,19.5999],[72.7346,19.6001],[72.7343,19.6001],[72.7343,19.6004],[72.734,19.6004],[72.734,19.6007],[72.7337,19.6007],[72.7337,19.601],[72.7336,19.601],[72.7318,19.601],[72.7318,19.6004],[72.731,19.6004],[72.731,19.6007],[72.7307,19.6007],[72.7307,19.601],[72.7304,19.601],[72.7304,19.6012],[72.7301,19.6012],[72.7301,19.6026],[72.7299,19.6026],[72.7299,19.6057],[72.7301,19.6057],[72.7301,19.6054],[72.7304,19.6054],[72.7304,19.6057],[72.7307,19.6057],[72.7307,19.6085],[72.7304,19.6085],[72.7304,19.6101],[72.7301,19.6101],[72.7301,19.6112],[72.7299,19.6112],[72.7299,19.6129],[72.7296,19.6129],[72.7296,19.6138],[72.7293,19.6138],[72.7293,19.6151],[72.729,19.6151],[72.729,19.6157],[72.7288,19.6157],[72.7288,19.6163],[72.7285,19.6162],[72.7285,19.6171],[72.7282,19.6171],[72.7282,19.6176],[72.7279,19.6176],[72.7279,19.6179],[72.7274,19.6179],[72.7274,19.621],[72.7276,19.621],[72.7276,19.6213],[72.7279,19.6213],[72.7279,19.6218],[72.7279,19.6221],[72.7282,19.6221],[72.7282,19.6235],[72.7279,19.6235],[72.7279,19.6249],[72.7274,19.6249],[72.7274,19.6254],[72.7271,19.6254],[72.7271,19.6257],[72.7268,19.6257],[72.7268,19.626],[72.7265,19.626],[72.7265,19.6268],[72.7262,19.6268],[72.7262,19.6274],[72.726,19.6274],[72.726,19.6285],[72.7257,19.6285],[72.7257,19.6287],[72.7251,19.6287],[72.7251,19.6285],[72.7249,19.6285],[72.7249,19.6276],[72.7251,19.6276],[72.7251,19.6271],[72.7254,19.6271],[72.7254,19.6265],[72.7257,19.6265],[72.7257,19.626],[72.7249,19.626],[72.7249,19.6257],[72.7246,19.6257],[72.7246,19.626],[72.7235,19.626],[72.7235,19.6263],[72.7232,19.6263],[72.7232,19.6265],[72.7229,19.6265],[72.7229,19.6271],[72.7226,19.6271],[72.7226,19.6276],[72.7224,19.6276],[72.7224,19.6279],[72.7221,19.6279],[72.7221,19.6282],[72.7218,19.6282],[72.7218,19.6287],[72.7215,19.6287],[72.7215,19.6293],[72.7213,19.6293],[72.7213,19.6296],[72.721,19.6296],[72.721,19.6299],[72.7204,19.6299],[72.7204,19.6301],[72.7201,19.6301],[72.7201,19.6304],[72.7199,19.6304],[72.7199,19.6313],[72.7196,19.6313],[72.7196,19.6318],[72.7193,19.6318],[72.7193,19.6324],[72.719,19.6324],[72.719,19.6326],[72.7188,19.6326],[72.7188,19.6335],[72.7185,19.6335],[72.7185,19.6338],[72.7182,19.6338],[72.7182,19.6346],[72.7179,19.6346],[72.7179,19.6354],[72.7176,19.6354],[72.7176,19.6357],[72.7174,19.6357],[72.7174,19.6362],[72.7171,19.6362],[72.7171,19.6368],[72.7168,19.6368],[72.7168,19.6371],[72.7165,19.6371],[72.7165,19.6374],[72.7162,19.6374],[72.7162,19.6376],[72.716,19.6376],[72.716,19.6382],[72.7157,19.6382],[72.7157,19.6385],[72.7154,19.6385],[72.7154,19.639],[72.7151,19.639],[72.7151,19.6393],[72.7149,19.6393],[72.7149,19.6401],[72.7146,19.6401],[72.7146,19.6413],[72.7143,19.6413],[72.7143,19.6421],[72.714,19.6421],[72.714,19.6432],[72.7138,19.6432],[72.7138,19.6438],[72.7135,19.6438],[72.7135,19.6443],[72.7132,19.6443],[72.7132,19.6446],[72.7129,19.6446],[72.7129,19.6465],[72.7126,19.6465],[72.7126,19.6471],[72.7124,19.6471],[72.7124,19.6476],[72.7121,19.6476],[72.7121,19.6496],[72.7118,19.6496],[72.7118,19.6504],[72.7115,19.6504],[72.7115,19.6529],[72.7113,19.6529],[72.7113,19.6535],[72.711,19.6535],[72.711,19.656],[72.7107,19.656],[72.7107,19.6568],[72.711,19.6568],[72.711,19.6582],[72.7107,19.6582],[72.7107,19.6585],[72.711,19.6585],[72.711,19.6596],[72.7113,19.6596],[72.7113,19.6601],[72.711,19.6601],[72.711,19.6607],[72.7107,19.6607],[72.7107,19.6618],[72.711,19.6618],[72.711,19.6621],[72.7113,19.6621],[72.7113,19.6626],[72.711,19.6626],[72.711,19.6629],[72.7107,19.6629],[72.7107,19.6632],[72.7104,19.6632],[72.7104,19.6635],[72.7107,19.6635],[72.7107,19.6668],[72.711,19.6668],[72.711,19.6674],[72.7107,19.6674],[72.7107,19.6676],[72.7101,19.6676],[72.7101,19.6679],[72.7099,19.6679],[72.7099,19.6682],[72.7096,19.6682],[72.7096,19.669],[72.7093,19.669],[72.7093,19.6699],[72.709,19.6699],[72.709,19.6704],[72.7087,19.6705],[72.7087,19.6715],[72.7085,19.6715],[72.7085,19.6718],[72.7082,19.6718],[72.7082,19.6721],[72.7076,19.6721],[72.7076,19.6724],[72.7074,19.6724],[72.7074,19.6738],[72.7071,19.6738],[72.7071,19.679],[72.7068,19.679],[72.7068,19.681],[72.7065,19.681],[72.7065,19.6824],[72.7063,19.6824],[72.7063,19.6829],[72.7065,19.6829],[72.7065,19.6846],[72.7068,19.6846],[72.7068,19.6863],[72.7071,19.6863],[72.7071,19.6868],[72.7074,19.6868],[72.7074,19.6871],[72.7079,19.6871],[72.7079,19.6874],[72.7082,19.6874],[72.7082,19.6882],[72.7085,19.6882],[72.7085,19.689],[72.7087,19.689],[72.7087,19.6896],[72.709,19.6896],[72.709,19.6901],[72.7093,19.6901],[72.7093,19.6907],[72.7096,19.6907],[72.7096,19.6912],[72.7099,19.6912],[72.7099,19.6926],[72.7101,19.6926],[72.7101,19.6943],[72.7104,19.6943],[72.7104,19.6985],[72.7107,19.6985],[72.7107,19.7021],[72.7104,19.7021],[72.7104,19.7038],[72.7101,19.7038],[72.7101,19.7051],[72.7099,19.7051],[72.7099,19.7068],[72.7096,19.7068],[72.7096,19.7076],[72.7093,19.7076],[72.7093,19.7082],[72.709,19.7082],[72.709,19.7087],[72.7087,19.7087],[72.7087,19.7093],[72.7085,19.7093],[72.7085,19.7099],[72.7082,19.7099],[72.7082,19.7104],[72.7079,19.7104],[72.7079,19.711],[72.7076,19.711],[72.7076,19.7115],[72.7074,19.7115],[72.7074,19.7121],[72.7071,19.7121],[72.7071,19.7124],[72.7068,19.7124],[72.7068,19.7129],[72.7065,19.7129],[72.7065,19.7132],[72.7063,19.7132],[72.7063,19.7135],[72.706,19.7135],[72.706,19.714],[72.7057,19.714],[72.7057,19.7143],[72.7054,19.7143],[72.7054,19.7146],[72.7051,19.7146],[72.7051,19.7151],[72.7049,19.7151],[72.7049,19.7154],[72.7046,19.7154],[72.7046,19.7157],[72.7043,19.7157],[72.7043,19.7162],[72.704,19.7162],[72.704,19.7165],[72.7038,19.7165],[72.7038,19.7171],[72.7035,19.7171],[72.7035,19.7174],[72.7032,19.7174],[72.7032,19.7176],[72.7029,19.7176],[72.7029,19.7182],[72.7024,19.7182],[72.7024,19.7185],[72.7021,19.7185],[72.7021,19.7188],[72.7018,19.7188],[72.7018,19.719],[72.7015,19.719],[72.7015,19.7193],[72.7012,19.7193],[72.7012,19.7196],[72.7007,19.7196],[72.7007,19.7199],[72.7004,19.7199],[72.7004,19.7204],[72.7001,19.7204],[72.7001,19.721],[72.6999,19.721],[72.6999,19.7213],[72.6996,19.7213],[72.6996,19.7218],[72.6993,19.7218],[72.6993,19.7221],[72.699,19.7221],[72.699,19.7224],[72.6982,19.7224],[72.6982,19.7229],[72.6976,19.7229],[72.6976,19.7235],[72.6974,19.7235],[72.6974,19.7238],[72.6968,19.7238],[72.6968,19.724],[72.6965,19.724],[72.6965,19.7243],[72.6963,19.7243],[72.6963,19.7246],[72.696,19.7246],[72.696,19.7251],[72.6957,19.7251],[72.6957,19.7254],[72.6954,19.7254],[72.6954,19.726],[72.6951,19.726],[72.6951,19.7262],[72.6949,19.7262],[72.6949,19.7265],[72.6946,19.7265],[72.6946,19.7268],[72.6943,19.7268],[72.6943,19.7271],[72.694,19.7271],[72.694,19.7274],[72.6937,19.7273],[72.6937,19.7293],[72.694,19.7293],[72.694,19.7304],[72.6943,19.7304],[72.6943,19.7299],[72.6946,19.7299],[72.6946,19.7296],[72.6949,19.7296],[72.6949,19.7293],[72.6951,19.7293],[72.6951,19.7288],[72.6957,19.7288],[72.6957,19.7285],[72.696,19.7285],[72.696,19.7279],[72.6963,19.7279],[72.6963,19.7276],[72.6965,19.7276],[72.6965,19.7273],[72.6971,19.7274],[72.6971,19.7271],[72.6974,19.7271],[72.6974,19.7265],[72.6982,19.7265],[72.6982,19.7268],[72.6988,19.7268],[72.6988,19.7262],[72.7024,19.7262],[72.7024,19.7265],[72.7065,19.7265],[72.7065,19.7262],[72.7087,19.7262],[72.7087,19.7279],[72.709,19.7279],[72.709,19.7293],[72.7093,19.7293],[72.7093,19.7299],[72.7096,19.7299],[72.7096,19.7304],[72.7099,19.7304],[72.7099,19.7307],[72.7104,19.7307],[72.7104,19.731],[72.711,19.731],[72.711,19.7315],[72.7113,19.7315],[72.7113,19.7321],[72.7115,19.7321],[72.7115,19.7326],[72.7118,19.7326],[72.7118,19.7337],[72.7121,19.7337],[72.7121,19.7376],[72.7124,19.7376],[72.7124,19.7418],[72.7126,19.7418],[72.7126,19.7429],[72.7129,19.7429],[72.7129,19.7443],[72.7132,19.7443],[72.7132,19.7463],[72.7135,19.7463],[72.7135,19.7479],[72.7138,19.7479],[72.7138,19.7488],[72.714,19.7488],[72.714,19.7493],[72.7143,19.7493],[72.7143,19.7499],[72.7146,19.7499],[72.7146,19.7504],[72.7149,19.7504],[72.7149,19.751],[72.7154,19.751],[72.7154,19.7515],[72.716,19.7515],[72.716,19.7524],[72.7162,19.7524],[72.7162,19.7526],[72.7165,19.7526],[72.7165,19.7529],[72.7168,19.7529],[72.7168,19.7535],[72.7174,19.7535],[72.7174,19.7538],[72.7179,19.7538],[72.7179,19.754],[72.7182,19.754],[72.7182,19.7543],[72.7188,19.7543],[72.7188,19.7546],[72.7193,19.7546],[72.7193,19.7551],[72.7185,19.7551],[72.7185,19.7554],[72.7174,19.7554],[72.7174,19.7551],[72.7168,19.7551],[72.7168,19.7549],[72.7165,19.7549],[72.7165,19.7551],[72.716,19.7551],[72.716,19.7549],[72.7154,19.7549],[72.7154,19.7546],[72.7151,19.7546],[72.7151,19.754],[72.7149,19.754],[72.7149,19.7535],[72.7146,19.7535],[72.7146,19.7529],[72.7143,19.7529],[72.7143,19.7526],[72.714,19.7526],[72.714,19.7521],[72.7138,19.7521],[72.7138,19.7512],[72.7135,19.7513],[72.7135,19.7507],[72.7132,19.7507],[72.7132,19.7504],[72.7129,19.7504],[72.7129,19.7499],[72.7126,19.7499],[72.7126,19.749],[72.7124,19.749],[72.7124,19.7482],[72.7121,19.7482],[72.7121,19.7479],[72.7118,19.7479],[72.7118,19.7476],[72.7115,19.7476],[72.7115,19.7468],[72.7113,19.7468],[72.7113,19.7463],[72.711,19.7463],[72.711,19.744],[72.7107,19.744],[72.7107,19.7424],[72.7104,19.7424],[72.7104,19.7415],[72.7101,19.7415],[72.7101,19.7404],[72.7099,19.7404],[72.7099,19.7399],[72.7096,19.7399],[72.7096,19.739],[72.7093,19.739],[72.7093,19.7385],[72.709,19.7385],[72.709,19.7376],[72.7087,19.7376],[72.7087,19.7362],[72.7085,19.7362],[72.7085,19.7357],[72.7082,19.7357],[72.7082,19.7351],[72.7079,19.7351],[72.7079,19.7349],[72.7076,19.7349],[72.7076,19.7337],[72.7074,19.7337],[72.7074,19.7332],[72.7071,19.7332],[72.7071,19.7329],[72.7068,19.7329],[72.7068,19.7324],[72.7046,19.7324],[72.7046,19.7321],[72.7007,19.7321],[72.7007,19.7324],[72.6999,19.7324],[72.6999,19.7326],[72.699,19.7326],[72.699,19.7329],[72.6985,19.7329],[72.6985,19.7332],[72.6971,19.7332],[72.6971,19.7335],[72.6968,19.7335],[72.6968,19.7337],[72.6963,19.7337],[72.6963,19.7343],[72.696,19.7343],[72.696,19.7354],[72.6957,19.7354],[72.6957,19.7357],[72.6935,19.7357],[72.6935,19.7362],[72.6932,19.7362],[72.6932,19.7365],[72.6929,19.7365],[72.6929,19.7382],[72.6924,19.7382],[72.6924,19.7393],[72.6921,19.7393],[72.6921,19.7396],[72.6915,19.7396],[72.6915,19.7399],[72.6913,19.7399],[72.6913,19.741],[72.691,19.741],[72.691,19.7415],[72.6907,19.7415],[72.6907,19.7424],[72.6904,19.7424],[72.6904,19.7432],[72.6901,19.7432],[72.6901,19.7437],[72.6899,19.7437],[72.6899,19.7449],[72.6896,19.7449],[72.6896,19.7454],[72.6896,19.7457],[72.6893,19.7457],[72.6893,19.746],[72.689,19.746],[72.689,19.7465],[72.6888,19.7465],[72.6888,19.7468],[72.6885,19.7468],[72.6885,19.7471],[72.6882,19.7471],[72.6882,19.7474],[72.6876,19.7474],[72.6876,19.7476],[72.6874,19.7476],[72.6874,19.7493],[72.6871,19.7493],[72.6871,19.7501],[72.6868,19.7501],[72.6868,19.7507],[72.6865,19.7507],[72.6865,19.7518],[72.6862,19.7518],[72.6862,19.7524],[72.686,19.7524],[72.686,19.7529],[72.6862,19.7529],[72.6862,19.7546],[72.686,19.7546],[72.686,19.7563],[72.6857,19.7563],[72.6857,19.7571],[72.6854,19.7571],[72.6854,19.7601],[72.6857,19.7601],[72.6857,19.7615],[72.686,19.7615],[72.686,19.7624],[72.6862,19.7624],[72.6862,19.7626],[72.6864,19.7626],[72.6865,19.7626],[72.6865,19.7638],[72.6868,19.7638],[72.6868,19.764],[72.6871,19.764],[72.6871,19.7643],[72.6874,19.7643],[72.6874,19.7649],[72.6876,19.7649],[72.6876,19.7668],[72.6879,19.7668],[72.6879,19.7688],[72.6882,19.7687],[72.6882,19.7707],[72.6885,19.7707],[72.6885,19.7732],[72.6882,19.7732],[72.6882,19.7743],[72.6879,19.7743],[72.6879,19.7763],[72.6876,19.7763],[72.6876,19.7793],[72.6874,19.7793],[72.6874,19.7799],[72.6871,19.7799],[72.6871,19.7807],[72.6874,19.7807],[72.6874,19.7851],[72.6876,19.7851],[72.6876,19.7868],[72.6879,19.7868],[72.6879,19.7887],[72.6882,19.7887],[72.6882,19.7896],[72.6885,19.7896],[72.6885,19.7901],[72.6888,19.7901],[72.6888,19.7907],[72.689,19.7907],[72.689,19.7913],[72.6893,19.7913],[72.6893,19.7918],[72.6896,19.7918],[72.6896,19.7921],[72.6899,19.7921],[72.6899,19.7924],[72.6901,19.7924],[72.6901,19.7929],[72.6904,19.7929],[72.6904,19.7935],[72.6907,19.7935],[72.6907,19.794],[72.691,19.794],[72.691,19.7943],[72.6912,19.7943],[72.6912,19.7951],[72.691,19.7951],[72.691,19.7957],[72.6907,19.7957],[72.6907,19.7976],[72.6904,19.7976],[72.6904,19.7979],[72.6901,19.7979],[72.6901,19.7985],[72.6899,19.7985],[72.6899,19.7993],[72.6896,19.7993],[72.6896,19.8007],[72.6893,19.8007],[72.6893,19.8015],[72.6896,19.8015],[72.6896,19.8029],[72.6899,19.8029],[72.6899,19.8032],[72.6901,19.8032],[72.6901,19.8038],[72.6904,19.8038],[72.6904,19.8043],[72.6917,19.8043],[72.6921,19.8043],[72.6921,19.8046],[72.6932,19.8046],[72.6932,19.8043],[72.6937,19.8043],[72.6937,19.8038],[72.6939,19.8038],[72.694,19.8038],[72.694,19.8029],[72.6951,19.8029],[72.6951,19.8032],[72.6957,19.8032],[72.6957,19.8042],[72.6957,19.8049],[72.6951,19.8049],[72.6951,19.8051],[72.694,19.8051],[72.694,19.8054],[72.6935,19.8054],[72.6935,19.8057],[72.691,19.8057],[72.691,19.806],[72.6894,19.806],[72.689,19.806],[72.689,19.8057],[72.6885,19.8057],[72.6885,19.8049],[72.6882,19.8049],[72.6882,19.8043],[72.6879,19.8043],[72.6879,19.804],[72.6876,19.804],[72.6876,19.8038],[72.6874,19.8038],[72.6874,19.8021],[72.6876,19.8021],[72.6876,19.8004],[72.6879,19.8004],[72.6879,19.7985],[72.6882,19.7985],[72.6882,19.7951],[72.6885,19.7951],[72.6885,19.7949],[72.6882,19.7949],[72.6882,19.7943],[72.6871,19.7943],[72.6871,19.7951],[72.6868,19.7951],[72.6868,19.7957],[72.6865,19.7957],[72.6865,19.796],[72.6862,19.796],[72.6862,19.7965],[72.686,19.7965],[72.686,19.7968],[72.6862,19.7968],[72.6862,19.7971],[72.686,19.7971],[72.686,19.7974],[72.6857,19.7974],[72.6857,19.799],[72.6854,19.799],[72.6854,19.7996],[72.6851,19.7996],[72.6851,19.8018],[72.6849,19.8018],[72.6849,19.8024],[72.6846,19.8024],[72.6846,19.8026],[72.6843,19.8026],[72.6843,19.8032],[72.684,19.8032],[72.684,19.8038],[72.6837,19.8038],[72.6837,19.8054],[72.6835,19.8054],[72.6835,19.8057],[72.6832,19.8057],[72.6832,19.806],[72.6829,19.806],[72.6829,19.8062],[72.6826,19.8062],[72.6826,19.8065],[72.6824,19.8065],[72.6824,19.8068],[72.6821,19.8068],[72.6821,19.8071],[72.6818,19.8071],[72.6818,19.8076],[72.6815,19.8076],[72.6815,19.8079],[72.6813,19.8079],[72.6813,19.8085],[72.6815,19.8085],[72.6815,19.8088],[72.6813,19.8088],[72.6813,19.8093],[72.681,19.8093],[72.681,19.8101],[72.6807,19.8101],[72.6807,19.8107],[72.6804,19.8107],[72.6804,19.8118],[72.6801,19.8118],[72.6801,19.8124],[72.6799,19.8124],[72.6799,19.8129],[72.6796,19.8129],[72.6796,19.8135],[72.679,19.8135],[72.679,19.8138],[72.6787,19.8138],[72.6787,19.814],[72.6779,19.814],[72.6779,19.8146],[72.6776,19.8146],[72.6776,19.8149],[72.6771,19.8149],[72.6771,19.8151],[72.6768,19.8151],[72.6768,19.8157],[72.6765,19.8157],[72.6765,19.8168],[72.6762,19.8168],[72.6762,19.8171],[72.6757,19.8171],[72.6754,19.8171],[72.6754,19.8174],[72.6751,19.8174],[72.6751,19.8179],[72.6749,19.8179],[72.6749,19.8182],[72.674,19.8182],[72.674,19.8185],[72.6729,19.8185],[72.6729,19.8182],[72.6726,19.8182],[72.6726,19.8179],[72.6707,19.8179],[72.6707,19.8182],[72.6701,19.8182],[72.6701,19.8188],[72.669,19.8188],[72.669,19.819],[72.6687,19.819],[72.6687,19.8193],[72.6685,19.8193],[72.6685,19.8196],[72.6682,19.8196],[72.6682,19.8199],[72.6676,19.8199],[72.6676,19.8201],[72.6674,19.8201],[72.6674,19.8204],[72.6671,19.8204],[72.6671,19.8207],[72.6665,19.8207],[72.6665,19.821],[72.6663,19.821],[72.6663,19.8213],[72.6657,19.8213],[72.6657,19.8215],[72.6654,19.8215],[72.6654,19.8218],[72.6643,19.8218],[72.6643,19.8204],[72.664,19.8204],[72.6637,19.8204],[72.6637,19.8199],[72.6635,19.8199],[72.6635,19.8196],[72.6618,19.8196],[72.6618,19.8199],[72.6621,19.8199],[72.6621,19.8204],[72.6615,19.8204],[72.6615,19.8207],[72.6612,19.8207],[72.6612,19.821],[72.6599,19.821],[72.6599,19.8207],[72.6596,19.8207],[72.6596,19.821],[72.6593,19.821],[72.6593,19.8218],[72.659,19.8218],[72.659,19.8224],[72.6601,19.8224],[72.6601,19.8238],[72.6596,19.8238],[72.6596,19.824],[72.659,19.824],[72.659,19.8246],[72.6576,19.8246],[72.6576,19.8249],[72.6574,19.8249],[72.6574,19.8251],[72.6568,19.8251],[72.6568,19.8254],[72.6565,19.8254],[72.6565,19.8257],[72.6563,19.8257],[72.6563,19.8263],[72.656,19.8263],[72.656,19.8265],[72.6554,19.8265],[72.6554,19.8268],[72.6551,19.8268],[72.6551,19.8274],[72.6554,19.8274],[72.6554,19.8293],[72.6551,19.8293],[72.6551,19.8296],[72.6535,19.8296],[72.6535,19.831],[72.6532,19.831],[72.6532,19.8315],[72.6529,19.8315],[72.6529,19.8326],[72.6526,19.8326],[72.6526,19.8346],[72.6524,19.8346],[72.6524,19.8351],[72.6526,19.8351],[72.6526,19.836],[72.6524,19.836],[72.6524,19.8368],[72.6521,19.8368],[72.6521,19.8371],[72.6515,19.8371],[72.6515,19.8379],[72.6513,19.8379],[72.6513,19.8388],[72.651,19.8388],[72.651,19.8396],[72.6507,19.8396],[72.6507,19.8399],[72.6513,19.8399],[72.6513,19.8401],[72.6515,19.8401],[72.6515,19.8404],[72.6518,19.8404],[72.6518,19.8407],[72.6521,19.8407],[72.6521,19.8415],[72.6518,19.8415],[72.6518,19.8418],[72.6515,19.8418],[72.6515,19.8424],[72.6521,19.8424],[72.6521,19.8421],[72.6532,19.8421],[72.6532,19.8424],[72.6546,19.8424],[72.6546,19.8426],[72.6549,19.8426],[72.6549,19.844],[72.6546,19.844],[72.6546,19.8465],[72.6543,19.8465],[72.6543,19.8468],[72.654,19.8468],[72.654,19.8474],[72.6537,19.8474],[72.6537,19.8476],[72.6535,19.8476],[72.6535,19.8512],[72.6532,19.8512],[72.6532,19.8515],[72.6529,19.8515],[72.6529,19.8518],[72.6526,19.8518],[72.6526,19.8521],[72.6524,19.8521],[72.6524,19.8524],[72.6521,19.8524],[72.6521,19.8526],[72.6515,19.8526],[72.6515,19.8529],[72.6513,19.8529],[72.6513,19.8532],[72.6507,19.8532],[72.6507,19.8543],[72.651,19.8543],[72.651,19.8554],[72.6513,19.8554],[72.6513,19.8579],[72.6515,19.8579],[72.6515,19.8582],[72.6518,19.8582],[72.6518,19.8585],[72.6532,19.8585],[72.6532,19.8587],[72.6535,19.8587],[72.6535,19.8585],[72.6537,19.8585],[72.6537,19.859],[72.6546,19.859],[72.6546,19.8582],[72.6549,19.8582],[72.6549,19.8579],[72.6554,19.8579],[72.6554,19.8576],[72.656,19.8576],[72.656,19.8571],[72.6565,19.8571],[72.6565,19.8568],[72.6566,19.8568],[72.6568,19.8568],[72.6568,19.8565],[72.6571,19.8565],[72.6571,19.8563],[72.6574,19.8563],[72.6574,19.856],[72.6579,19.856],[72.6579,19.8557],[72.6588,19.8557],[72.6588,19.8551],[72.659,19.8551],[72.659,19.854],[72.6593,19.854],[72.6593,19.8537],[72.6596,19.8538],[72.6596,19.8535],[72.6604,19.8535],[72.6604,19.8532],[72.6607,19.8532],[72.6607,19.8529],[72.661,19.8529],[72.661,19.8526],[72.6615,19.8526],[72.6615,19.8524],[72.6621,19.8524],[72.6621,19.8521],[72.6626,19.8521],[72.6626,19.8518],[72.6629,19.8518],[72.6629,19.851],[72.664,19.851],[72.664,19.8518],[72.6663,19.8518],[72.6663,19.8521],[72.6665,19.8521],[72.6665,19.8524],[72.6668,19.8524],[72.6668,19.8526],[72.6671,19.8526],[72.6671,19.8529],[72.6674,19.8529],[72.6674,19.8532],[72.6687,19.8532],[72.6687,19.8529],[72.669,19.8529],[72.669,19.8524],[72.6693,19.8524],[72.6693,19.8518],[72.6701,19.8518],[72.6701,19.8521],[72.6707,19.8521],[72.6707,19.8524],[72.6718,19.8524],[72.6718,19.8526],[72.6726,19.8526],[72.6726,19.8529],[72.6732,19.8529],[72.6732,19.8532],[72.6735,19.8532],[72.6735,19.8535],[72.6738,19.8535],[72.6738,19.854],[72.6735,19.854],[72.6735,19.8551],[72.6732,19.8551],[72.6732,19.856],[72.6735,19.856],[72.6735,19.8565],[72.6738,19.8565],[72.6738,19.8568],[72.674,19.8568],[72.674,19.8574],[72.6743,19.8574],[72.6743,19.8579],[72.6746,19.8579],[72.6746,19.8587],[72.6749,19.8587],[72.6749,19.8593],[72.6754,19.8593],[72.6754,19.8596],[72.6757,19.8596],[72.6757,19.8599],[72.676,19.8599],[72.676,19.8601],[72.6762,19.8601],[72.6762,19.8604],[72.6765,19.8604],[72.6765,19.861],[72.6768,19.861],[72.6768,19.8615],[72.6771,19.8615],[72.6771,19.8621],[72.6773,19.8621],[72.6776,19.8621],[72.6776,19.8624],[72.6779,19.8624],[72.6779,19.8629],[72.6785,19.8629],[72.6785,19.8632],[72.679,19.8632],[72.679,19.8635],[72.6793,19.8635],[72.6793,19.8638],[72.6796,19.8638],[72.6796,19.864],[72.6801,19.864],[72.6801,19.8643],[72.6804,19.8643],[72.6804,19.8646],[72.6807,19.8646],[72.6807,19.8649],[72.6809,19.8649],[72.681,19.8651],[72.6811,19.8651],[72.6813,19.8651],[72.6813,19.8653],[72.6813,19.8654],[72.681,19.8654],[72.681,19.8657],[72.6807,19.8657],[72.6807,19.866],[72.681,19.866],[72.681,19.8663],[72.6807,19.8663],[72.6807,19.8674],[72.6804,19.8674],[72.6804,19.8685],[72.6801,19.8685],[72.6801,19.8699],[72.6804,19.8699],[72.6804,19.8724],[72.6807,19.8724],[72.6807,19.8749],[72.681,19.8749],[72.681,19.876],[72.6813,19.876],[72.6813,19.8765],[72.6815,19.8765],[72.6815,19.8776],[72.6818,19.8776],[72.6818,19.8801],[72.6821,19.8801],[72.6821,19.8807],[72.6824,19.8807],[72.6824,19.8829],[72.6826,19.8829],[72.6826,19.8874],[72.6829,19.8874],[72.6829,19.8885],[72.6826,19.8885],[72.6826,19.889],[72.6824,19.889],[72.6824,19.8896],[72.6826,19.8896],[72.6826,19.8907],[72.6826,19.8913],[72.6824,19.8913],[72.6824,19.8914],[72.6823,19.8915],[72.6821,19.8915],[72.6821,19.8918],[72.6815,19.8918],[72.6815,19.8924],[72.6813,19.8924],[72.6813,19.8932],[72.681,19.8932],[72.681,19.8949],[72.6807,19.8949],[72.6807,19.8954],[72.6804,19.8954],[72.6804,19.8964],[72.6804,19.8976],[72.6807,19.8976],[72.6807,19.9007],[72.6804,19.9007],[72.6804,19.901],[72.6799,19.901],[72.6799,19.9013],[72.679,19.9013],[72.679,19.9015],[72.6782,19.9015],[72.6782,19.9018],[72.6779,19.9018],[72.6779,19.9021],[72.6776,19.9021],[72.6776,19.9026],[72.6774,19.9026],[72.6774,19.9029],[72.6771,19.9029],[72.6771,19.9032],[72.6765,19.9032],[72.6765,19.904],[72.6762,19.904],[72.6762,19.9046],[72.676,19.9046],[72.676,19.9049],[72.6757,19.9049],[72.6757,19.9074],[72.6754,19.9074],[72.6754,19.9079],[72.6757,19.9079],[72.6757,19.9085],[72.676,19.9085],[72.676,19.909],[72.6765,19.909],[72.6765,19.9096],[72.6767,19.9096],[72.6768,19.9096],[72.6768,19.9104],[72.6771,19.9104],[72.6771,19.9124],[72.6774,19.9124],[72.6774,19.9129],[72.6776,19.9129],[72.6776,19.9137],[72.6779,19.9137],[72.6779,19.9149],[72.6776,19.9149],[72.6776,19.9163],[72.6774,19.9163],[72.6774,19.9165],[72.6771,19.9165],[72.6771,19.9193],[72.6768,19.9193],[72.6768,19.9196],[72.6765,19.9196],[72.6765,19.9199],[72.6762,19.9199],[72.6762,19.9204],[72.676,19.9204],[72.676,19.9207],[72.6754,19.9207],[72.6754,19.921],[72.6751,19.921],[72.6751,19.9212],[72.6749,19.9212],[72.6749,19.9218],[72.6746,19.9218],[72.6746,19.9224],[72.6743,19.9224],[72.6743,19.9229],[72.674,19.9229],[72.674,19.9232],[72.6738,19.9232],[72.6738,19.9235],[72.6735,19.9235],[72.6735,19.9237],[72.6729,19.9237],[72.6729,19.924],[72.6726,19.924],[72.6726,19.9249],[72.6724,19.9249],[72.6724,19.9251],[72.6721,19.9251],[72.6721,19.9254],[72.6718,19.9254],[72.6718,19.926],[72.6715,19.926],[72.6715,19.9265],[72.6712,19.9265],[72.6712,19.9268],[72.671,19.9268],[72.671,19.9271],[72.6707,19.9271],[72.6707,19.9276],[72.6676,19.9276],[72.6676,19.9279],[72.6674,19.9279],[72.6674,19.9282],[72.6671,19.9282],[72.6668,19.9282],[72.6668,19.9285],[72.6663,19.9285],[72.6663,19.9288],[72.6657,19.9287],[72.6657,19.929],[72.6654,19.929],[72.6654,19.9293],[72.6651,19.9293],[72.6651,19.9296],[72.6649,19.9296],[72.6649,19.9299],[72.6646,19.9299],[72.6646,19.9301],[72.6643,19.9301],[72.6643,19.9329],[72.6646,19.9329],[72.6646,19.9335],[72.6649,19.9335],[72.6649,19.934],[72.6651,19.934],[72.6651,19.9346],[72.6654,19.9346],[72.6654,19.9349],[72.6668,19.9349],[72.6668,19.9346],[72.6671,19.9346],[72.6671,19.9349],[72.6674,19.9349],[72.6674,19.9352],[72.6676,19.9352],[72.6676,19.9354],[72.6685,19.9354],[72.6685,19.9357],[72.6687,19.9357],[72.6687,19.936],[72.669,19.936],[72.669,19.9363],[72.6699,19.9363],[72.6699,19.9365],[72.6701,19.9365],[72.6701,19.9368],[72.6704,19.9368],[72.6704,19.9371],[72.6707,19.9371],[72.6707,19.9376],[72.671,19.9376],[72.671,19.9379],[72.6712,19.9379],[72.6712,19.9382],[72.6715,19.9382],[72.6715,19.9385],[72.6724,19.9385],[72.6724,19.9388],[72.6726,19.9388],[72.6726,19.939],[72.6732,19.939],[72.6732,19.9393],[72.6743,19.9393],[72.6743,19.9396],[72.6754,19.9396],[72.6754,19.9399],[72.676,19.9399],[72.676,19.9401],[72.6762,19.9401],[72.6762,19.9404],[72.6765,19.9404],[72.6765,19.9407],[72.6779,19.9407],[72.6779,19.941],[72.6782,19.941],[72.6782,19.9413],[72.679,19.9413],[72.679,19.9415],[72.6793,19.9415],[72.6793,19.9418],[72.6796,19.9418],[72.6796,19.9421],[72.6799,19.9421],[72.6799,19.9424],[72.6801,19.9424],[72.6801,19.9429],[72.6804,19.9429],[72.6804,19.9432],[72.681,19.9432],[72.681,19.9435],[72.6815,19.9435],[72.6815,19.9438],[72.6818,19.9438],[72.6818,19.944],[72.6824,19.944],[72.6824,19.9443],[72.6826,19.9443],[72.6826,19.9446],[72.6829,19.9446],[72.6829,19.9449],[72.6832,19.9449],[72.6832,19.9451],[72.6835,19.9451],[72.6835,19.9454],[72.6837,19.9454],[72.6837,19.9463],[72.684,19.9463],[72.684,19.9471],[72.6843,19.9471],[72.6843,19.9476],[72.6846,19.9476],[72.6846,19.9482],[72.6849,19.9482],[72.6849,19.9487],[72.6851,19.9487],[72.6851,19.949],[72.6854,19.949],[72.6854,19.9496],[72.6857,19.9496],[72.6857,19.9501],[72.686,19.9501],[72.686,19.951],[72.6862,19.951],[72.6862,19.9518],[72.6865,19.9518],[72.6865,19.9524],[72.6868,19.9524],[72.6868,19.9529],[72.6871,19.9529],[72.6871,19.9532],[72.6874,19.9532],[72.6874,19.9538],[72.6876,19.9538],[72.6876,19.9543],[72.6879,19.9543],[72.6879,19.9549],[72.6882,19.9549],[72.6882,19.9554],[72.6885,19.9554],[72.6885,19.956],[72.6888,19.956],[72.6888,19.9563],[72.689,19.9562],[72.689,19.9571],[72.6893,19.9571],[72.6893,19.9574],[72.6896,19.9574],[72.6896,19.9576],[72.6899,19.9576],[72.6899,19.9579],[72.6901,19.9579],[72.6901,19.9582],[72.691,19.9582],[72.691,19.9585],[72.6918,19.9585],[72.6918,19.9587],[72.6924,19.9587],[72.6924,19.959],[72.6926,19.959],[72.6926,19.9593],[72.6932,19.9593],[72.6932,19.9596],[72.6937,19.9596],[72.6937,19.9599],[72.694,19.9599],[72.694,19.9601],[72.6963,19.9601],[72.6963,19.961],[72.6965,19.961],[72.6965,19.9615],[72.6968,19.9615],[72.6968,19.961],[72.6974,19.961],[72.6974,19.9607],[72.6996,19.9607],[72.6996,19.961],[72.7004,19.961],[72.7004,19.9613],[72.701,19.9613],[72.701,19.9615],[72.7012,19.9615],[72.7012,19.9618],[72.7015,19.9618],[72.7015,19.9621],[72.7018,19.9621],[72.7018,19.9624],[72.7021,19.9624],[72.7021,19.9626],[72.7024,19.9626],[72.7024,19.9632],[72.7026,19.9632],[72.7026,19.9635],[72.7032,19.9635],[72.7032,19.9638],[72.7035,19.9638],[72.7035,19.964],[72.7038,19.964],[72.7038,19.9651],[72.704,19.9651],[72.704,19.9654],[72.7043,19.9654],[72.7043,19.9657],[72.7046,19.9657],[72.7046,19.966],[72.7049,19.966],[72.7049,19.9662],[72.7054,19.9662],[72.7054,19.9665],[72.7057,19.9665],[72.7057,19.9668],[72.7063,19.9668],[72.7063,19.9671],[72.7068,19.9671],[72.7068,19.9674],[72.7071,19.9674],[72.7071,19.9676],[72.7076,19.9676],[72.7076,19.9679],[72.7079,19.9679],[72.7079,19.9682],[72.7101,19.9682],[72.7101,19.9685],[72.7104,19.9685],[72.7104,19.9688],[72.7107,19.9688],[72.7107,19.969],[72.711,19.969],[72.711,19.9693],[72.7126,19.9693],[72.7126,19.9696],[72.7138,19.9696],[72.7138,19.9693],[72.7179,19.9693],[72.7179,19.969],[72.7182,19.969],[72.7182,19.9688],[72.7199,19.9688],[72.7199,19.9685],[72.7204,19.9685],[72.7204,19.9679],[72.7207,19.9679],[72.7207,19.9676],[72.721,19.9676],[72.721,19.9674],[72.7213,19.9674],[72.7213,19.9668],[72.7218,19.9668],[72.7218,19.9665],[72.7221,19.9665],[72.7221,19.9662],[72.7226,19.9662],[72.7226,19.9657],[72.7232,19.9657],[72.7232,19.9649],[72.7235,19.9649],[72.7235,19.9646],[72.724,19.9646],[72.724,19.9643],[72.7243,19.9643],[72.7243,19.964],[72.7246,19.964],[72.7246,19.9638],[72.7249,19.9638],[72.7249,19.9635],[72.7251,19.9635],[72.7251,19.9629],[72.7254,19.9629],[72.7254,19.9626],[72.726,19.9626],[72.726,19.9624],[72.7265,19.9624],[72.7265,19.9621],[72.7262,19.9621],[72.7262,19.9615],[72.7265,19.9615],[72.7265,19.9613],[72.7271,19.9613],[72.7271,19.961],[72.7274,19.961],[72.7274,19.9607],[72.7276,19.9607],[72.7276,19.9604],[72.7282,19.9604],[72.7282,19.9599],[72.7285,19.9599],[72.7285,19.9596],[72.7288,19.9596],[72.7288,19.9593],[72.729,19.9593],[72.729,19.959],[72.7296,19.959],[72.7296,19.9587],[72.7301,19.9587],[72.7301,19.9585],[72.7304,19.9585],[72.7304,19.9582],[72.7307,19.9582],[72.7307,19.9571],[72.731,19.9571],[72.731,19.9516],[72.731,19.9501],[72.7312,19.9501],[72.7312,19.9479],[72.7315,19.9479],[72.7315,19.9474],[72.7318,19.9474],[72.7318,19.946],[72.7321,19.946],[72.7321,19.9454],[72.7324,19.9454],[72.7324,19.9451],[72.7326,19.9451],[72.7326,19.9446],[72.7329,19.9446],[72.7329,19.9443],[72.7332,19.9443],[72.7332,19.944],[72.7335,19.944],[72.7335,19.9438],[72.7337,19.9438],[72.7337,19.9435],[72.7343,19.9435],[72.7343,19.9432],[72.7343,19.9426],[72.7351,19.9426],[72.7351,19.9424],[72.7354,19.9424],[72.7354,19.9421],[72.736,19.9421],[72.736,19.9415],[72.7387,19.9415],[72.7387,19.9413],[72.7399,19.9413],[72.7399,19.941],[72.7401,19.941],[72.7401,19.9407],[72.7426,19.9407],[72.7426,19.941],[72.7432,19.941],[72.7432,19.9413],[72.7435,19.9413],[72.7435,19.9415],[72.7454,19.9415],[72.7454,19.9418],[72.746,19.9418],[72.746,19.9421],[72.7465,19.9421],[72.7465,19.9424],[72.7471,19.9424],[72.7471,19.9426],[72.7499,19.9426],[72.7499,19.9424],[72.7507,19.9424],[72.7507,19.9421],[72.751,19.9421],[72.751,19.9418],[72.7515,19.9418],[72.7515,19.9415],[72.7518,19.9415],[72.7518,19.941],[72.7524,19.941],[72.7524,19.9404],[72.7526,19.9404],[72.7526,19.9401],[72.7529,19.9401],[72.7529,19.9399],[72.7532,19.9399],[72.7532,19.9396],[72.7535,19.9396],[72.7535,19.9393],[72.7537,19.9393],[72.7537,19.939],[72.754,19.939],[72.754,19.9346],[72.7538,19.9346],[72.7538,19.9326],[72.7535,19.9326],[72.7535,19.9279],[72.7537,19.9279],[72.7537,19.9274],[72.7549,19.9274],[72.7549,19.9343],[72.7551,19.9343],[72.7551,19.9354],[72.7554,19.9354],[72.7554,19.939],[72.7551,19.939],[72.7551,19.9393],[72.7549,19.9393],[72.7549,19.9399],[72.7546,19.9399],[72.7546,19.9404],[72.7543,19.9404],[72.7543,19.9407],[72.754,19.9407],[72.754,19.941],[72.7538,19.941],[72.7538,19.9418],[72.7535,19.9418],[72.7535,19.9421],[72.7537,19.9421],[72.7537,19.9426],[72.7535,19.9426],[72.7535,19.9429],[72.7532,19.9429],[72.7532,19.9432],[72.7529,19.9432],[72.7529,19.9435],[72.7524,19.9435],[72.7524,19.944],[72.7468,19.944],[72.7468,19.9438],[72.7449,19.9438],[72.7449,19.9435],[72.7446,19.9435],[72.7446,19.9432],[72.741,19.9432],[72.741,19.9435],[72.7407,19.9435],[72.7407,19.9438],[72.7396,19.9438],[72.7396,19.944],[72.7385,19.944],[72.7385,19.9443],[72.7379,19.9443],[72.7379,19.9446],[72.7376,19.9446],[72.7376,19.9451],[72.7374,19.9451],[72.7374,19.9454],[72.7371,19.9454],[72.7371,19.9457],[72.7368,19.9457],[72.7368,19.9463],[72.7365,19.9463],[72.7365,19.9465],[72.7364,19.9465],[72.7363,19.9465],[72.7363,19.9471],[72.736,19.9471],[72.736,19.9479],[72.7357,19.9479],[72.7357,19.949],[72.7354,19.949],[72.7354,19.951],[72.7351,19.951],[72.7351,19.9511],[72.7351,19.9543],[72.7349,19.9543],[72.7349,19.9565],[72.7346,19.9565],[72.7346,19.9576],[72.7343,19.9576],[72.7343,19.9579],[72.734,19.9579],[72.734,19.9585],[72.7335,19.9585],[72.7335,19.9601],[72.7332,19.9601],[72.7332,19.9607],[72.7329,19.9607],[72.7329,19.9613],[72.7326,19.9613],[72.7326,19.9615],[72.731,19.9615],[72.731,19.9618],[72.7307,19.9618],[72.7307,19.9621],[72.7304,19.9621],[72.7304,19.9624],[72.7301,19.9624],[72.7301,19.9626],[72.7299,19.9626],[72.7299,19.9629],[72.7301,19.9629],[72.7301,19.9632],[72.7299,19.9632],[72.7299,19.9635],[72.7296,19.9635],[72.7296,19.9638],[72.7293,19.9638],[72.7293,19.964],[72.729,19.964],[72.729,19.9643],[72.7288,19.9643],[72.7288,19.9646],[72.7285,19.9646],[72.7285,19.9649],[72.7282,19.9649],[72.7282,19.9651],[72.7279,19.9651],[72.7279,19.9657],[72.7276,19.9657],[72.7276,19.966],[72.7274,19.966],[72.7274,19.9665],[72.7271,19.9665],[72.7271,19.9668],[72.7268,19.9668],[72.7268,19.9671],[72.7265,19.9671],[72.7265,19.9676],[72.7262,19.9676],[72.7262,19.9679],[72.726,19.9679],[72.726,19.9682],[72.7254,19.9682],[72.7254,19.9688],[72.7251,19.9688],[72.7251,19.969],[72.7249,19.969],[72.7249,19.9693],[72.7243,19.9693],[72.7243,19.9696],[72.7237,19.9696],[72.7237,19.9699],[72.7226,19.9699],[72.7226,19.9701],[72.7215,19.9701],[72.7215,19.9707],[72.721,19.9707],[72.721,19.971],[72.7201,19.971],[72.7201,19.9715],[72.7168,19.9715],[72.7168,19.9721],[72.7165,19.9721],[72.7165,19.9724],[72.7162,19.9724],[72.7162,19.974],[72.7165,19.974],[72.7165,19.9749],[72.7168,19.9749],[72.7168,19.9751],[72.7171,19.9751],[72.7171,19.9754],[72.7174,19.9754],[72.7174,19.9762],[72.7176,19.9762],[72.7176,19.9771],[72.7179,19.9771],[72.7179,19.9774],[72.7182,19.9774],[72.7182,19.9776],[72.7185,19.9776],[72.7185,19.9782],[72.7188,19.9782],[72.7188,19.9788],[72.719,19.9788],[72.719,19.9804],[72.7193,19.9804],[72.7193,19.981],[72.7196,19.981],[72.7196,19.9818],[72.7199,19.9818],[72.7199,19.9821],[72.7201,19.9821],[72.7201,19.9835],[72.7204,19.9835],[72.7204,19.984],[72.7207,19.984],[72.7207,19.986],[72.721,19.986],[72.721,19.9862],[72.7213,19.9862],[72.7213,19.9865],[72.7215,19.9865],[72.7215,19.9874],[72.7218,19.9874],[72.7218,19.9893],[72.7221,19.9893],[72.7221,19.9896],[72.7218,19.9896],[72.7218,19.9915],[72.7221,19.9915],[72.7221,19.9929],[72.7218,19.9929],[72.7218,19.9974],[72.7215,19.9974],[72.7215,19.999],[72.7213,19.999],[72.7213,20],[72.7213,20.0007],[72.7215,20.0007],[72.7215,20.0012],[72.7213,20.0012],[72.7213,20.0015],[72.721,20.0015],[72.721,20.0024],[72.7207,20.0024],[72.7207,20.0057],[72.7204,20.0057],[72.7204,20.006],[72.7201,20.006],[72.7201,20.0068],[72.7199,20.0068],[72.7199,20.0085],[72.7196,20.0085],[72.7196,20.009],[72.7199,20.009],[72.7199,20.0096],[72.7196,20.0096],[72.7196,20.0104],[72.7193,20.0104],[72.7193,20.0107],[72.719,20.0107],[72.719,20.0115],[72.7188,20.0115],[72.7188,20.0121],[72.719,20.0121],[72.719,20.0132],[72.7188,20.0132],[72.7188,20.0138],[72.7185,20.0138],[72.7185,20.0149],[72.7182,20.0149],[72.7182,20.0154],[72.7179,20.0154],[72.7179,20.0176],[72.7176,20.0176],[72.7176,20.0179],[72.7171,20.0179],[72.7171,20.0185],[72.7168,20.0185],[72.7168,20.019],[72.7165,20.019],[72.7165,20.0199],[72.7162,20.0199],[72.7162,20.0204],[72.716,20.0204],[72.716,20.021],[72.7157,20.021],[72.7157,20.0213],[72.7154,20.0213],[72.7154,20.0218],[72.7151,20.0218],[72.7151,20.0226],[72.7149,20.0226],[72.7149,20.0251],[72.7151,20.0251],[72.7151,20.0265],[72.7154,20.0265],[72.7154,20.0282],[72.7157,20.0282],[72.7157,20.0299],[72.7154,20.0299],[72.7154,20.0315],[72.7151,20.0315],[72.7151,20.0326],[72.7154,20.0326],[72.7154,20.034],[72.7151,20.034],[72.7151,20.0363],[72.7154,20.0362],[72.7154,20.0371],[72.7151,20.0371],[72.7151,20.0374],[72.7149,20.0374],[72.7149,20.0379],[72.7151,20.0379],[72.7151,20.0387],[72.7149,20.0387],[72.7149,20.0393],[72.7151,20.0393],[72.7151,20.0404],[72.7149,20.0404],[72.7149,20.0426],[72.7146,20.0426],[72.7146,20.0429],[72.7143,20.0429],[72.7143,20.0435],[72.7146,20.0435],[72.7146,20.044],[72.7143,20.044],[72.7143,20.0443],[72.714,20.0443],[72.714,20.0454],[72.7138,20.0454],[72.7138,20.0462],[72.7135,20.0462],[72.7135,20.0476],[72.7132,20.0476],[72.7132,20.0482],[72.7129,20.0482],[72.7129,20.049],[72.7126,20.049],[72.7126,20.0507],[72.7124,20.0507],[72.7124,20.051],[72.7121,20.051],[72.7121,20.0518],[72.7118,20.0518],[72.7118,20.0524],[72.7115,20.0524],[72.7115,20.0535],[72.7113,20.0535],[72.7113,20.0546],[72.711,20.0546],[72.711,20.0562],[72.7107,20.0562],[72.7107,20.0571],[72.7104,20.0571],[72.7104,20.0604],[72.7101,20.0604],[72.7101,20.0621],[72.7099,20.0621],[72.7099,20.0632],[72.7096,20.0632],[72.7096,20.0651],[72.7093,20.0651],[72.7093,20.0662],[72.709,20.0662],[72.709,20.0665],[72.7087,20.0665],[72.7087,20.0674],[72.7085,20.0674],[72.7085,20.0682],[72.7082,20.0682],[72.7082,20.0688],[72.7079,20.0688],[72.7079,20.0701],[72.7076,20.0701],[72.7076,20.0704],[72.7079,20.0704],[72.7079,20.0713],[72.7082,20.0713],[72.7082,20.0721],[72.7085,20.0721],[72.7085,20.0726],[72.7087,20.0726],[72.7087,20.0735],[72.709,20.0735],[72.709,20.0743],[72.7093,20.0743],[72.7093,20.0751],[72.7096,20.0751],[72.7096,20.076],[72.7099,20.076],[72.7099,20.0768],[72.7101,20.0768],[72.7101,20.0774],[72.7104,20.0774],[72.7104,20.0776],[72.7107,20.0776],[72.7107,20.0782],[72.711,20.0782],[72.711,20.0788],[72.7113,20.0788],[72.7113,20.079],[72.7115,20.079],[72.7115,20.0793],[72.7121,20.0793],[72.7121,20.0796],[72.7124,20.0796],[72.7124,20.0799],[72.7129,20.0799],[72.7129,20.0796],[72.7132,20.0796],[72.7132,20.0799],[72.7143,20.0799],[72.7143,20.0801],[72.7151,20.0801],[72.7151,20.0804],[72.7162,20.0804],[72.7162,20.0807],[72.7164,20.0807],[72.7171,20.0807],[72.7171,20.081],[72.7185,20.081],[72.7185,20.0807],[72.7207,20.0807],[72.7207,20.081],[72.7249,20.081],[72.7249,20.0813],[72.7254,20.0813],[72.7254,20.0815],[72.726,20.0815],[72.726,20.0818],[72.7257,20.0818],[72.7257,20.0821],[72.7254,20.0821],[72.7254,20.0827],[72.7257,20.0827],[72.7257,20.0824],[72.726,20.0824],[72.726,20.0821],[72.7262,20.0821],[72.7262,20.0827],[72.7265,20.0826],[72.7265,20.0832],[72.7268,20.0832],[72.7268,20.084],[72.7271,20.084],[72.7271,20.0846],[72.7274,20.0846],[72.7274,20.0854],[72.7276,20.0854],[72.7276,20.086],[72.7279,20.086],[72.7279,20.0868],[72.7282,20.0868],[72.7282,20.0882],[72.7285,20.0882],[72.7285,20.0888],[72.7288,20.0888],[72.7288,20.0901],[72.729,20.0901],[72.729,20.0924],[72.7293,20.0924],[72.7293,20.0929],[72.7296,20.0929],[72.7296,20.0935],[72.7299,20.0935],[72.7299,20.094],[72.7301,20.094],[72.7301,20.0949],[72.7304,20.0949],[72.7304,20.0957],[72.731,20.0957],[72.731,20.0963],[72.7312,20.0963],[72.7312,20.0965],[72.7315,20.0965],[72.7315,20.0971],[72.7318,20.0971],[72.7318,20.0977],[72.7321,20.0976],[72.7321,20.0982],[72.7324,20.0982],[72.7324,20.099],[72.7326,20.099],[72.7326,20.0999],[72.7329,20.0999],[72.7329,20.1007],[72.7332,20.1007],[72.7332,20.1015],[72.7335,20.1015],[72.7335,20.1024],[72.7337,20.1024],[72.7337,20.1032],[72.734,20.1032],[72.734,20.1038],[72.7343,20.1038],[72.7343,20.1046],[72.7346,20.1046],[72.7346,20.1051],[72.7349,20.1051],[72.7349,20.106],[72.7351,20.106],[72.7351,20.1065],[72.7354,20.1065],[72.7354,20.1074],[72.7357,20.1074],[72.7357,20.1079],[72.736,20.1079],[72.736,20.1087],[72.7363,20.1087],[72.7363,20.1093],[72.7365,20.1093],[72.7365,20.1101],[72.7368,20.1101],[72.7368,20.1104],[72.7371,20.1104],[72.7371,20.1107],[72.7374,20.1107],[72.7374,20.1129],[72.7376,20.1129],[72.7376,20.1138],[72.7379,20.1138],[72.7379,20.1146],[72.7382,20.1146],[72.7382,20.1184],[72.7382,20.1229],[72.7379,20.1229],[72.7379,20.1257],[72.7376,20.1257],[72.7376,20.1274],[72.7379,20.1274],[72.7379,20.129],[72.7376,20.129],[72.7376,20.1326],[72.7374,20.1326],[72.7374,20.1354],[72.7376,20.1354],[72.7376,20.1365],[72.7411,20.136],[72.7483,20.1344],[72.7546,20.133],[72.7618,20.1315],[72.7745,20.1308],[72.7876,20.1301],[72.7945,20.1282],[72.8018,20.125],[72.8035,20.126],[72.8052,20.127],[72.8013,20.1378],[72.8007,20.1453],[72.8015,20.1471],[72.8021,20.1485],[72.8054,20.15],[72.8091,20.1518],[72.812,20.1524],[72.8159,20.1533],[72.826,20.1463],[72.8323,20.144],[72.8353,20.1446],[72.8342,20.1497],[72.8288,20.1566],[72.8336,20.1836],[72.8346,20.1858],[72.8355,20.1877],[72.8373,20.1887],[72.8422,20.1889],[72.8435,20.19],[72.8497,20.1893],[72.8491,20.1909],[72.8457,20.1941],[72.8441,20.1978],[72.8461,20.2036],[72.8503,20.2079],[72.8551,20.2091],[72.8644,20.2086],[72.872,20.2082],[72.8729,20.2125],[72.8719,20.2226],[72.8745,20.2258],[72.8843,20.2266],[72.8887,20.2258],[72.8998,20.2217],[72.9054,20.2262],[72.9109,20.2261],[72.9168,20.2248],[72.9222,20.2236],[72.9284,20.2234],[72.9418,20.2178],[72.951,20.216],[72.9608,20.214],[72.9692,20.2109],[72.9704,20.2123],[72.9759,20.1896],[72.9762,20.18],[72.986,20.1765],[72.9867,20.1713],[72.9862,20.1627],[72.986,20.1575],[72.9732,20.1308],[72.9796,20.1253],[72.9853,20.1135],[72.9892,20.1132],[72.9942,20.1139],[73.0043,20.1179],[73.0067,20.1213],[73.0073,20.1241],[73.0078,20.1264],[73.0077,20.1294],[73.0076,20.1325],[73.0088,20.137],[73.0105,20.1402],[73.0175,20.135],[73.017,20.1325],[73.0167,20.1305],[73.015,20.1249],[73.0102,20.1104],[73.0195,20.105],[73.0247,20.0963],[73.0318,20.0844],[73.0385,20.0781],[73.0453,20.0718],[73.0528,20.0677],[73.0592,20.0679],[73.058,20.0967],[73.0606,20.0991],[73.0782,20.0953],[73.0883,20.0945],[73.0984,20.0937],[73.1052,20.0872],[73.1079,20.0873],[73.1104,20.0846],[73.1118,20.083],[73.1175,20.0788],[73.1231,20.0779],[73.1261,20.0781],[73.1277,20.0782],[73.1297,20.0788],[73.1314,20.0794],[73.1367,20.0853],[73.1395,20.0843],[73.1445,20.0779],[73.1567,20.074],[73.1633,20.0731],[73.1702,20.0656],[73.1754,20.0581],[73.1814,20.0516],[73.1838,20.0523],[73.1859,20.0529],[73.1989,20.0623],[73.198,20.0778],[73.2029,20.0811],[73.2069,20.0837],[73.2139,20.0906],[73.2191,20.0975],[73.2177,20.1063],[73.2163,20.122],[73.2215,20.1208],[73.2267,20.1226],[73.2303,20.1282],[73.2295,20.1332],[73.2305,20.1377],[73.2326,20.1406],[73.2355,20.141],[73.2369,20.1369],[73.2367,20.1297],[73.2381,20.1281],[73.2439,20.129],[73.2536,20.1285],[73.2561,20.1279],[73.2595,20.1246],[73.2613,20.1256],[73.2628,20.128],[73.265,20.1338],[73.2685,20.1393],[73.2835,20.1458],[73.2891,20.1496],[73.2936,20.1539],[73.2932,20.1622],[73.2907,20.1744],[73.2907,20.1774],[73.2937,20.186],[73.2941,20.1939],[73.2949,20.1962],[73.2982,20.1962],[73.3111,20.2072],[73.3142,20.2077],[73.3205,20.2043],[73.3279,20.2025],[73.3364,20.2041],[73.3481,20.1991],[73.3529,20.1985],[73.3548,20.1996],[73.3572,20.2025],[73.3593,20.2091],[73.3618,20.212],[73.3676,20.2134],[73.3692,20.2117],[73.3676,20.2094],[73.3648,20.201],[73.3669,20.1963],[73.3743,20.1927],[73.3759,20.195],[73.3753,20.2029],[73.3763,20.2053],[73.3837,20.2024],[73.3885,20.2063],[73.3953,20.2092],[73.3974,20.2059],[73.3963,20.2016],[73.3981,20.196],[73.4028,20.195],[73.4055,20.198],[73.4092,20.2005],[73.4168,20.2003],[73.4268,20.2016],[73.4299,20.2062],[73.4303,20.2123],[73.4279,20.2154],[73.4261,20.2236],[73.4224,20.2318],[73.4228,20.2368],[73.4203,20.2423],[73.4223,20.2481],[73.4216,20.2537],[73.4204,20.257],[73.4218,20.2636],[73.4244,20.2691],[73.4231,20.2737],[73.4246,20.2768],[73.4362,20.279],[73.4369,20.2821],[73.4308,20.298],[73.4285,20.3119],[73.4261,20.3159],[73.4253,20.3207],[73.4254,20.3377],[73.4237,20.3418],[73.4234,20.3521],[73.4217,20.3556],[73.4148,20.3816],[73.412,20.3835],[73.4077,20.3839],[73.4031,20.3818],[73.3981,20.3747],[73.3945,20.3729],[73.3916,20.3729],[73.3903,20.3802],[73.3913,20.3902],[73.3955,20.398],[73.3977,20.3992],[73.4076,20.3963],[73.4095,20.4013],[73.4088,20.4042],[73.4131,20.4078],[73.4146,20.4057],[73.4158,20.4062],[73.4163,20.4107],[73.4229,20.4143],[73.4297,20.4144],[73.4293,20.42],[73.4308,20.4288],[73.4359,20.4361],[73.4379,20.4457],[73.449,20.4667],[73.452,20.4714],[73.4559,20.4754],[73.4611,20.4781],[73.4652,20.4842],[73.4667,20.4883],[73.4698,20.4923],[73.4759,20.495],[73.4741,20.5011],[73.4723,20.514],[73.4738,20.5153],[73.4769,20.522],[73.4847,20.5257],[73.4973,20.5362],[73.5007,20.5402],[73.4933,20.5422],[73.4818,20.5434],[73.4858,20.5641],[73.4837,20.5784],[73.4808,20.5836],[73.4767,20.5863],[73.4686,20.5888],[73.4548,20.5946],[73.4404,20.5951],[73.4375,20.5975],[73.4391,20.6013],[73.4338,20.6147],[73.4308,20.6205],[73.4276,20.6245],[73.416,20.6262],[73.4151,20.6281],[73.418,20.6305],[73.4147,20.6357],[73.4113,20.6386],[73.4027,20.6426],[73.4016,20.6492],[73.4036,20.6524],[73.4098,20.655],[73.415,20.656],[73.4175,20.6579],[73.4192,20.6605],[73.4304,20.6609],[73.4355,20.6624],[73.4399,20.6648],[73.4433,20.6744],[73.4436,20.678],[73.4501,20.6808],[73.4529,20.683],[73.4545,20.6861],[73.4565,20.6934],[73.4473,20.7011],[73.4537,20.7105],[73.4587,20.7143],[73.4752,20.7217],[73.4805,20.7197],[73.4826,20.7172],[73.4842,20.7091],[73.4887,20.7066],[73.4934,20.6943],[73.4938,20.6895],[73.4973,20.686],[73.4972,20.681],[73.4921,20.6803],[73.4892,20.6785],[73.4874,20.6756],[73.4878,20.6721],[73.4895,20.6696],[73.4925,20.6684],[73.4934,20.6656],[73.4955,20.6627],[73.4984,20.6534],[73.5009,20.6527],[73.5079,20.6586],[73.5123,20.663],[73.5178,20.6701],[73.52,20.6663],[73.5252,20.6671],[73.527,20.6701],[73.5304,20.6731],[73.5384,20.6739],[73.5448,20.6692],[73.5537,20.6553],[73.5629,20.6474],[73.5673,20.6479],[73.5742,20.6511],[73.5842,20.6479],[73.5912,20.6451],[73.6028,20.6379],[73.6073,20.6363],[73.6222,20.6253],[73.6259,20.6211],[73.6295,20.6123],[73.6304,20.606],[73.6322,20.6022],[73.6351,20.5917],[73.6345,20.5823],[73.6368,20.5793],[73.6395,20.5779],[73.6433,20.5772],[73.6471,20.5775],[73.6509,20.5764],[73.6571,20.5722],[73.6619,20.5657],[73.6658,20.5628],[73.6707,20.5623],[73.6762,20.5642],[73.6814,20.5677],[73.6855,20.5717],[73.6924,20.5753],[73.701,20.5784],[73.7096,20.5745],[73.7199,20.5763],[73.7243,20.5758],[73.729,20.5741],[73.7377,20.574],[73.7415,20.5726],[73.7482,20.5674],[73.7639,20.5833],[73.7691,20.5872],[73.7757,20.5888],[73.78,20.5919],[73.7814,20.5951],[73.7871,20.6023],[73.7927,20.6043],[73.8024,20.6058],[73.806,20.6015],[73.8166,20.6094],[73.8254,20.614],[73.8307,20.6149],[73.8339,20.6141],[73.8383,20.6158],[73.8464,20.6235],[73.8431,20.6444],[73.8435,20.6503],[73.8471,20.6564],[73.8454,20.6671],[73.8415,20.6751],[73.8343,20.6735],[73.8254,20.6736],[73.8226,20.6938],[73.8287,20.6965],[73.8336,20.6996],[73.8392,20.7019],[73.8428,20.7021],[73.8636,20.6943],[73.8736,20.7077],[73.8773,20.7213],[73.8819,20.7269],[73.8856,20.7296],[73.8889,20.7311],[73.9038,20.7306],[73.9088,20.7252],[73.9209,20.7235],[73.9276,20.7304],[73.9351,20.7346],[73.936,20.7315],[73.9495,20.7423],[73.9485,20.7467],[73.9452,20.7493],[73.9475,20.7525],[73.9472,20.7608],[73.9383,20.7608],[73.9406,20.7689],[73.9381,20.7897],[73.9411,20.8038],[73.9402,20.8089],[73.9463,20.8187],[73.9476,20.8251],[73.9476,20.8294],[73.9451,20.8401],[73.9359,20.8434],[73.9337,20.845],[73.9311,20.8484],[73.9316,20.8525],[73.9301,20.8601],[73.9317,20.8647],[73.9297,20.8689],[73.9312,20.8766],[73.931,20.8859],[73.9273,20.8991],[73.9244,20.9028],[73.9227,20.9077],[73.9203,20.9112],[73.9168,20.9151],[73.9122,20.9179],[73.9096,20.9214],[73.904,20.9254],[73.8963,20.933],[73.895,20.9401],[73.8951,20.9465],[73.8969,20.9526],[73.9018,20.9617],[73.9112,20.9624],[73.9154,20.9648],[73.914,20.97],[73.9112,20.9754],[73.9064,20.9832],[73.8986,20.9822],[73.8792,20.9865],[73.8727,20.9907],[73.8572,20.9977],[73.8538,20.9991],[73.8501,21.0014],[73.8468,20.994],[73.8408,20.9931],[73.8377,20.9948],[73.8275,20.9961],[73.8205,20.995],[73.8164,20.9961],[73.814,21.0008],[73.8121,21.0107],[73.8077,21.0226],[73.7938,21.0198],[73.7847,21.0196],[73.7749,21.0105],[73.7694,21.0145],[73.7739,21.0216],[73.7756,21.0276],[73.7661,21.0401],[73.763,21.0386],[73.757,21.0392],[73.7476,21.04],[73.7422,21.0555],[73.7437,21.0642],[73.7408,21.0729],[73.7441,21.0817],[73.7422,21.0816],[73.7405,21.0849],[73.7391,21.0948],[73.7495,21.1077],[73.7526,21.1141],[73.7434,21.1082],[73.7389,21.1013],[73.7358,21.1032],[73.7148,21.1072],[73.709,21.1123],[73.7106,21.119],[73.7032,21.109],[73.6934,21.101],[73.6894,21.106],[73.6789,21.1093],[73.6599,21.1084],[73.6577,21.121],[73.6554,21.1218],[73.653,21.1225],[73.6492,21.1227],[73.6455,21.123],[73.638,21.1217],[73.6287,21.1201],[73.6236,21.138],[73.6263,21.1398],[73.6291,21.1417],[73.6189,21.1442],[73.6142,21.147],[73.6135,21.1504],[73.6126,21.1522],[73.6115,21.1545],[73.6049,21.1551],[73.6003,21.1543],[73.5967,21.1527],[73.5923,21.1529],[73.5888,21.1542],[73.5875,21.1567],[73.5888,21.1609],[73.5883,21.1679],[73.5982,21.1747],[73.6069,21.1785],[73.6099,21.1767],[73.6132,21.1761],[73.6142,21.1725],[73.6138,21.168],[73.6147,21.1635],[73.6197,21.1579],[73.6375,21.1531],[73.639,21.1473],[73.6364,21.1327],[73.6715,21.1451],[73.6746,21.151],[73.6813,21.1521],[73.6894,21.1512],[73.6982,21.1501],[73.7132,21.1505],[73.7152,21.1431],[73.7171,21.1417],[73.7224,21.1392],[73.7367,21.1383],[73.7398,21.1402],[73.7432,21.1468],[73.746,21.1476],[73.748,21.1515],[73.7462,21.1548],[73.7408,21.1604],[73.7416,21.1671],[73.7531,21.1682],[73.7797,21.1646],[73.7837,21.1651],[73.7872,21.1663],[73.7898,21.1687],[73.7911,21.1762],[73.7963,21.1817],[73.8025,21.1786],[73.8075,21.1746],[73.8121,21.1721],[73.8179,21.1714],[73.8225,21.1719],[73.8292,21.1823],[73.8305,21.1844],[73.8323,21.1854],[73.8359,21.1952],[73.8341,21.1972],[73.8213,21.1953],[73.8195,21.1996],[73.8188,21.2039],[73.8186,21.2086],[73.8184,21.2137],[73.8201,21.2219],[73.8232,21.2276],[73.8275,21.2331],[73.8363,21.2423],[73.8365,21.2458],[73.8322,21.2583],[73.8321,21.2675],[73.8584,21.27],[73.8717,21.2674],[73.8843,21.2626],[73.892,21.2624],[73.9235,21.281],[73.9336,21.2853],[73.9485,21.2976],[73.9499,21.3066],[73.9502,21.3081],[73.9513,21.315],[73.952,21.3306],[73.957,21.3445],[73.9566,21.3616],[73.9553,21.3743],[73.9556,21.39],[73.9528,21.4024],[73.9555,21.4025],[73.9619,21.3931],[73.9687,21.3921],[73.9719,21.3948],[73.9774,21.395],[73.9816,21.3973],[73.9853,21.4019],[73.9888,21.4045],[74.0055,21.4118],[74.0077,21.4126],[74.0095,21.4134],[74.0111,21.4145],[74.0125,21.4158],[74.0141,21.417],[74.0158,21.418],[74.0177,21.4186],[74.0196,21.418],[74.0213,21.417],[74.0233,21.4171],[74.0253,21.4175],[74.0272,21.418],[74.0291,21.4186],[74.031,21.4192],[74.0329,21.4196],[74.0349,21.4198],[74.0369,21.4197],[74.0389,21.4193],[74.0408,21.419],[74.0428,21.4188],[74.0448,21.4185],[74.0468,21.4185],[74.0485,21.4194],[74.0497,21.421],[74.0505,21.4227],[74.0511,21.4245],[74.0516,21.4263],[74.0521,21.4281],[74.0525,21.43],[74.0529,21.4318],[74.0532,21.4337],[74.0534,21.4355],[74.0537,21.4374],[74.054,21.4392],[74.0542,21.4411],[74.0543,21.443],[74.0543,21.4449],[74.0544,21.4467],[74.0547,21.4486],[74.0551,21.4504],[74.0557,21.4522],[74.0563,21.454],[74.0572,21.4557],[74.058,21.4574],[74.0589,21.4591],[74.0599,21.4607],[74.0608,21.4624],[74.0624,21.4651],[74.0633,21.4668],[74.0641,21.4684],[74.065,21.4701],[74.0657,21.4719],[74.0662,21.4737],[74.0665,21.4756],[74.0667,21.4774],[74.0664,21.4793],[74.066,21.4811],[74.0672,21.4819],[74.0689,21.4811],[74.0704,21.4799],[74.0718,21.4785],[74.073,21.477],[74.0742,21.4755],[74.0753,21.4739],[74.0762,21.4722],[74.077,21.4705],[74.0774,21.4687],[74.0775,21.4668],[74.0776,21.4649],[74.0774,21.4631],[74.0771,21.4612],[74.077,21.4593],[74.0781,21.4578],[74.08,21.4572],[74.082,21.4568],[74.0839,21.4565],[74.0859,21.4563],[74.0879,21.456],[74.0899,21.4557],[74.0919,21.4555],[74.0938,21.4552],[74.0958,21.455],[74.0978,21.4547],[74.0998,21.4545],[74.1018,21.4542],[74.1037,21.4539],[74.1054,21.4529],[74.1056,21.4511],[74.1056,21.4492],[74.107,21.4481],[74.109,21.448],[74.111,21.4481],[74.113,21.4483],[74.1149,21.4486],[74.1169,21.449],[74.1189,21.4493],[74.1208,21.4497],[74.1225,21.4507],[74.1229,21.4525],[74.1229,21.4544],[74.1227,21.4563],[74.1226,21.4581],[74.1226,21.46],[74.1233,21.4617],[74.1251,21.4627],[74.127,21.4632],[74.1289,21.4635],[74.1309,21.4637],[74.1329,21.4637],[74.1349,21.4636],[74.1369,21.4634],[74.1389,21.463],[74.1408,21.4625],[74.1419,21.461],[74.1426,21.4577],[74.1432,21.4559],[74.1447,21.4547],[74.1466,21.4543],[74.1486,21.4541],[74.1506,21.4539],[74.1525,21.4536],[74.1545,21.4533],[74.1565,21.4531],[74.1585,21.4531],[74.1605,21.4534],[74.1613,21.455],[74.1616,21.4568],[74.1632,21.4576],[74.1652,21.4575],[74.1666,21.4587],[74.1672,21.4604],[74.1679,21.4622],[74.1693,21.4634],[74.1713,21.4637],[74.1733,21.4635],[74.1751,21.4627],[74.1765,21.4615],[74.1783,21.4609],[74.1802,21.4616],[74.1815,21.4629],[74.1827,21.4644],[74.184,21.4659],[74.1855,21.467],[74.1875,21.467],[74.1895,21.4668],[74.1915,21.4664],[74.1933,21.4656],[74.195,21.4646],[74.1966,21.4636],[74.1982,21.4624],[74.1994,21.4609],[74.2009,21.4597],[74.2029,21.4594],[74.2049,21.4596],[74.2068,21.4599],[74.2088,21.4601],[74.2108,21.4602],[74.2128,21.46],[74.2148,21.4596],[74.2167,21.4593],[74.2187,21.459],[74.2207,21.4588],[74.2226,21.459],[74.2236,21.4606],[74.2238,21.4624],[74.2238,21.4643],[74.2237,21.4662],[74.2235,21.4681],[74.2232,21.4699],[74.223,21.4718],[74.2229,21.4737],[74.223,21.4755],[74.2237,21.4773],[74.2253,21.4785],[74.2271,21.4792],[74.229,21.4796],[74.231,21.4798],[74.233,21.4799],[74.235,21.4797],[74.237,21.4793],[74.2387,21.4784],[74.2406,21.4756],[74.2412,21.4738],[74.2417,21.472],[74.2422,21.4701],[74.2427,21.4683],[74.2433,21.4665],[74.2443,21.4649],[74.2458,21.4637],[74.2477,21.4631],[74.2497,21.4629],[74.2517,21.4629],[74.2537,21.463],[74.2556,21.4633],[74.2576,21.4638],[74.2595,21.4643],[74.2614,21.4649],[74.2632,21.4657],[74.2642,21.4673],[74.2644,21.4692],[74.2645,21.471],[74.265,21.4728],[74.2665,21.474],[74.2684,21.4747],[74.2703,21.4753],[74.2722,21.4756],[74.2742,21.4759],[74.2762,21.4761],[74.2782,21.4763],[74.2802,21.4765],[74.2822,21.4767],[74.2841,21.477],[74.2861,21.4772],[74.2881,21.4773],[74.2901,21.4775],[74.2921,21.4776],[74.2941,21.4777],[74.2961,21.4779],[74.2981,21.478],[74.3001,21.4782],[74.302,21.4785],[74.304,21.4789],[74.3059,21.4794],[74.3078,21.4801],[74.3094,21.4812],[74.3106,21.4827],[74.3113,21.4844],[74.3117,21.4863],[74.3124,21.4881],[74.3134,21.4896],[74.315,21.4908],[74.3168,21.4916],[74.3187,21.4922],[74.3206,21.4927],[74.3225,21.4932],[74.3244,21.4938],[74.3262,21.4945],[74.3277,21.4958],[74.3282,21.4976],[74.3286,21.4994],[74.3291,21.5012],[74.3295,21.5031],[74.33,21.5049],[74.3304,21.5067],[74.3308,21.5086],[74.3313,21.5104],[74.3317,21.5122],[74.3321,21.514],[74.3334,21.5198],[74.3355,21.5402],[74.3327,21.5412],[74.3316,21.5412],[74.3307,21.5412],[74.3296,21.5412],[74.3286,21.5412],[74.3276,21.5411],[74.3273,21.5411],[74.3266,21.5411],[74.3256,21.5411],[74.3246,21.5411],[74.3241,21.5411],[74.3236,21.5411],[74.3226,21.5412],[74.3216,21.5413],[74.3206,21.5414],[74.3197,21.5415],[74.3187,21.5418],[74.3176,21.5421],[74.3167,21.5426],[74.3158,21.5432],[74.3152,21.5439],[74.3148,21.5447],[74.3146,21.5455],[74.3144,21.5464],[74.3143,21.5473],[74.3142,21.5482],[74.3141,21.5491],[74.3141,21.5501],[74.314,21.5506],[74.314,21.551],[74.314,21.552],[74.314,21.553],[74.314,21.554],[74.314,21.5549],[74.3139,21.5559],[74.3139,21.5566],[74.3139,21.5569],[74.3138,21.5578],[74.3137,21.5583],[74.3136,21.5587],[74.3135,21.5597],[74.3133,21.5606],[74.313,21.5615],[74.3128,21.5624],[74.3125,21.5633],[74.3121,21.5642],[74.3118,21.5651],[74.3113,21.566],[74.3107,21.5669],[74.31,21.5673],[74.3091,21.5673],[74.3081,21.5671],[74.3071,21.5666],[74.3062,21.566],[74.3057,21.5652],[74.3053,21.5643],[74.3052,21.564],[74.305,21.5633],[74.3048,21.5622],[74.3045,21.5613],[74.3041,21.5604],[74.3035,21.5598],[74.3028,21.5595],[74.3019,21.5592],[74.301,21.5591],[74.3005,21.5591],[74.3,21.559],[74.2989,21.559],[74.2979,21.559],[74.2968,21.5591],[74.2963,21.5591],[74.2957,21.5591],[74.2952,21.5591],[74.2946,21.5591],[74.2936,21.5591],[74.2926,21.559],[74.2917,21.5588],[74.291,21.5582],[74.2905,21.5573],[74.29,21.5564],[74.2892,21.556],[74.2882,21.5557],[74.2871,21.5556],[74.2866,21.5555],[74.2862,21.5554],[74.2853,21.5549],[74.2846,21.5543],[74.284,21.5535],[74.2834,21.5527],[74.2833,21.5524],[74.2831,21.5519],[74.2829,21.5508],[74.2828,21.5498],[74.2824,21.5491],[74.2816,21.5487],[74.2806,21.5485],[74.2795,21.5484],[74.2784,21.5483],[74.2774,21.5482],[74.2765,21.5478],[74.2759,21.5472],[74.2754,21.5464],[74.275,21.5455],[74.2747,21.5446],[74.2744,21.5436],[74.2741,21.5425],[74.2739,21.5415],[74.2736,21.5405],[74.2733,21.5395],[74.273,21.5386],[74.2726,21.5378],[74.2721,21.537],[74.2716,21.5364],[74.2709,21.536],[74.2701,21.5356],[74.2692,21.5354],[74.2683,21.5352],[74.2674,21.5351],[74.2664,21.535],[74.2654,21.535],[74.2643,21.535],[74.2637,21.5351],[74.2632,21.5351],[74.2621,21.5352],[74.261,21.5353],[74.2599,21.5355],[74.2589,21.5356],[74.2578,21.5358],[74.2568,21.536],[74.2558,21.5361],[74.255,21.5365],[74.2541,21.537],[74.2534,21.5377],[74.2527,21.5384],[74.252,21.5392],[74.2514,21.5399],[74.2508,21.5407],[74.2503,21.5415],[74.2497,21.5423],[74.2494,21.5428],[74.2492,21.5431],[74.2486,21.5439],[74.248,21.5446],[74.2473,21.5452],[74.2465,21.5456],[74.2454,21.5456],[74.2443,21.5455],[74.2434,21.5457],[74.2428,21.5464],[74.2424,21.5473],[74.2419,21.5483],[74.2415,21.5492],[74.2413,21.5495],[74.2409,21.5499],[74.2402,21.5502],[74.2392,21.5503],[74.2381,21.5501],[74.2371,21.5499],[74.2367,21.5498],[74.2361,21.5496],[74.2351,21.5492],[74.2341,21.5488],[74.2332,21.5483],[74.2326,21.5477],[74.2325,21.5474],[74.2323,21.5469],[74.2324,21.5459],[74.2325,21.5448],[74.2325,21.5439],[74.2323,21.5436],[74.2321,21.5432],[74.2311,21.5431],[74.2299,21.543],[74.2291,21.5427],[74.2288,21.5419],[74.2287,21.5409],[74.2286,21.5398],[74.2283,21.5389],[74.2278,21.5383],[74.227,21.5379],[74.226,21.5376],[74.2249,21.5375],[74.2238,21.5373],[74.2228,21.5372],[74.2218,21.5371],[74.2208,21.537],[74.2197,21.537],[74.2187,21.5369],[74.2182,21.5369],[74.2177,21.5369],[74.2167,21.5367],[74.2159,21.5365],[74.2151,21.536],[74.2148,21.5351],[74.2144,21.5341],[74.2139,21.5333],[74.213,21.5329],[74.2121,21.5326],[74.2111,21.5324],[74.2105,21.5322],[74.2101,21.5321],[74.2092,21.5318],[74.209,21.5317],[74.2083,21.5313],[74.208,21.5309],[74.2076,21.5305],[74.2073,21.5301],[74.2069,21.5298],[74.2062,21.5293],[74.2052,21.5292],[74.2042,21.5292],[74.2031,21.5294],[74.2021,21.5296],[74.2012,21.53],[74.2003,21.5303],[74.1997,21.531],[74.1993,21.5319],[74.199,21.5329],[74.1989,21.5334],[74.1988,21.5338],[74.1988,21.5342],[74.1987,21.5348],[74.1987,21.5352],[74.1987,21.5357],[74.1986,21.5366],[74.1985,21.5376],[74.1983,21.5385],[74.198,21.5394],[74.1976,21.5402],[74.1971,21.5411],[74.1965,21.5419],[74.196,21.5426],[74.1953,21.5433],[74.1946,21.544],[74.1939,21.5447],[74.1932,21.5454],[74.1925,21.546],[74.1918,21.5467],[74.1912,21.5475],[74.1907,21.5482],[74.1901,21.549],[74.1896,21.5498],[74.1893,21.5503],[74.1891,21.5507],[74.1886,21.5515],[74.1882,21.5524],[74.1878,21.5532],[74.1875,21.5541],[74.1874,21.5551],[74.1873,21.5561],[74.1872,21.5571],[74.187,21.558],[74.1868,21.5589],[74.1863,21.5596],[74.1857,21.5602],[74.1848,21.5608],[74.1839,21.5612],[74.1829,21.5616],[74.1818,21.5618],[74.1808,21.5618],[74.1798,21.5618],[74.1789,21.5618],[74.1779,21.5618],[74.1769,21.5618],[74.1759,21.5617],[74.1749,21.5616],[74.1738,21.5615],[74.1728,21.5614],[74.1718,21.5613],[74.1708,21.5612],[74.1703,21.5611],[74.1698,21.561],[74.1695,21.561],[74.1688,21.5609],[74.1678,21.5607],[74.1668,21.5605],[74.1658,21.5603],[74.1649,21.5601],[74.1639,21.5599],[74.163,21.5596],[74.1621,21.5593],[74.1613,21.5588],[74.1606,21.5581],[74.1599,21.5574],[74.1592,21.5567],[74.1585,21.5559],[74.1579,21.5552],[74.1574,21.5544],[74.1569,21.5535],[74.1563,21.5527],[74.1556,21.5521],[74.1547,21.5517],[74.1537,21.5514],[74.1528,21.5512],[74.1518,21.5511],[74.1508,21.5509],[74.1498,21.5507],[74.1488,21.5506],[74.1478,21.5505],[74.1468,21.5504],[74.1458,21.5503],[74.1448,21.5503],[74.1444,21.5504],[74.1438,21.5504],[74.1427,21.5505],[74.1417,21.5506],[74.1407,21.5509],[74.1398,21.5512],[74.1391,21.5517],[74.1385,21.5525],[74.1381,21.5535],[74.1377,21.5545],[74.1373,21.5555],[74.1368,21.5562],[74.1361,21.5567],[74.1352,21.5569],[74.1343,21.557],[74.1333,21.557],[74.1329,21.557],[74.1324,21.557],[74.1314,21.557],[74.1304,21.5569],[74.1294,21.5568],[74.1284,21.5567],[74.1273,21.5565],[74.1263,21.5564],[74.1253,21.5562],[74.1242,21.5561],[74.1232,21.556],[74.1222,21.5559],[74.1211,21.5558],[74.1202,21.5559],[74.1192,21.5559],[74.1182,21.5562],[74.1173,21.5565],[74.1164,21.557],[74.1155,21.5574],[74.1145,21.5578],[74.1136,21.5581],[74.1126,21.5582],[74.1116,21.5582],[74.1106,21.5581],[74.1096,21.5581],[74.1091,21.5581],[74.1086,21.558],[74.1081,21.558],[74.1077,21.558],[74.1067,21.5579],[74.1057,21.5578],[74.1046,21.5577],[74.1037,21.5576],[74.1026,21.5575],[74.1017,21.5574],[74.1006,21.5573],[74.0997,21.5572],[74.0987,21.5571],[74.0976,21.557],[74.0967,21.5569],[74.0956,21.5568],[74.0947,21.5567],[74.0942,21.5567],[74.0937,21.5567],[74.0932,21.5567],[74.0927,21.5566],[74.0917,21.5566],[74.0907,21.5566],[74.0897,21.5566],[74.0891,21.5566],[74.0887,21.5566],[74.0878,21.5568],[74.0868,21.5571],[74.0859,21.5576],[74.0852,21.5579],[74.085,21.558],[74.0841,21.5584],[74.0832,21.5587],[74.0822,21.5588],[74.0812,21.559],[74.0802,21.5591],[74.0792,21.5592],[74.0782,21.5593],[74.0773,21.5593],[74.0762,21.5594],[74.0752,21.5595],[74.0748,21.5595],[74.0742,21.5595],[74.0737,21.5595],[74.0732,21.5595],[74.0729,21.5595],[74.0722,21.5595],[74.0712,21.5595],[74.0702,21.5595],[74.0698,21.5595],[74.0692,21.5595],[74.0682,21.5594],[74.0672,21.5591],[74.0663,21.5589],[74.0653,21.5585],[74.0644,21.5582],[74.0635,21.5578],[74.0626,21.5574],[74.0617,21.557],[74.0608,21.5565],[74.0599,21.5561],[74.0591,21.5557],[74.0543,21.5522],[74.0471,21.5497],[74.0417,21.5513],[74.0256,21.5526],[74.0191,21.5505],[74.0053,21.5408],[73.9835,21.542],[73.9818,21.5398],[73.9825,21.5357],[73.9875,21.5224],[73.9857,21.5214],[73.9822,21.5218],[73.9745,21.5241],[73.9734,21.5314],[73.9699,21.5386],[73.9663,21.5391],[73.9628,21.5379],[73.9611,21.5193],[73.9573,21.5165],[73.9536,21.5158],[73.9394,21.5101],[73.9376,21.5207],[73.9361,21.5224],[73.9338,21.5236],[73.931,21.523],[73.9284,21.5206],[73.9261,21.5196],[73.9105,21.5202],[73.91,21.5133],[73.9036,21.5088],[73.8971,21.506],[73.8866,21.5047],[73.8826,21.5098],[73.8802,21.5079],[73.8768,21.5012],[73.8703,21.4973],[73.8608,21.4958],[73.854,21.5073],[73.8499,21.511],[73.845,21.5216],[73.8402,21.5369],[73.8338,21.5535],[73.8291,21.573],[73.8245,21.5983],[73.8232,21.6007],[73.8185,21.6023],[73.8068,21.6024],[73.7906,21.6185],[73.7895,21.6209],[73.7876,21.625],[73.7909,21.6288],[73.8001,21.6346],[73.8088,21.6357],[73.829,21.6398],[73.8385,21.6354],[73.8452,21.6332],[73.853,21.6359],[73.8603,21.6418],[73.8703,21.6388],[73.8856,21.6451],[73.8913,21.6515],[73.8944,21.6571],[73.8981,21.6673],[73.8964,21.7003],[73.894,21.7031],[73.8902,21.7106],[73.885,21.7144],[73.8783,21.7169],[73.8712,21.7219],[73.8651,21.7294],[73.8603,21.733],[73.8563,21.7346],[73.8464,21.742],[73.8312,21.7629],[73.8413,21.7687],[73.8429,21.7721],[73.8384,21.7841],[73.8441,21.7871],[73.845,21.7907],[73.8357,21.7935],[73.8342,21.7966],[73.8389,21.8002],[73.8335,21.8052],[73.8321,21.8109],[73.8276,21.8119],[73.8176,21.8085],[73.8136,21.8101],[73.8105,21.8233],[73.8162,21.8286],[73.8279,21.8349],[73.8415,21.8385],[73.8637,21.8367],[73.8796,21.8386],[73.8995,21.8545],[73.9067,21.8536],[73.9219,21.8566],[73.9364,21.8631],[73.9492,21.8703],[73.9608,21.876],[73.9797,21.8875],[74.0049,21.8994],[74.0117,21.9005],[74.023,21.906],[74.0356,21.916],[74.0467,21.9228],[74.0564,21.9264],[74.0616,21.9281],[74.0715,21.9296],[74.0987,21.9376],[74.1136,21.9447],[74.1382,21.9534],[74.146,21.9541],[74.147,21.954],[74.148,21.954],[74.149,21.954],[74.15,21.954],[74.151,21.954],[74.152,21.9539],[74.153,21.9537],[74.154,21.9536],[74.155,21.9533],[74.156,21.9531],[74.1569,21.9528],[74.1578,21.9524],[74.1587,21.952],[74.1596,21.9516],[74.1605,21.9512],[74.1614,21.9507],[74.1623,21.9503],[74.1632,21.9499],[74.164,21.9494],[74.1649,21.9489],[74.1658,21.9485],[74.1667,21.948],[74.1675,21.9475],[74.1684,21.947],[74.1692,21.9466],[74.1701,21.9461],[74.171,21.9456],[74.1718,21.9451],[74.1726,21.9445],[74.1734,21.944],[74.1742,21.9434],[74.1749,21.9427],[74.1756,21.9421],[74.1762,21.9413],[74.1768,21.9406],[74.1774,21.9398],[74.1779,21.9389],[74.1784,21.9381],[74.1789,21.9374],[74.1795,21.9366],[74.1802,21.9359],[74.1808,21.9351],[74.1814,21.9344],[74.1821,21.9337],[74.1827,21.9329],[74.1834,21.9322],[74.1841,21.9315],[74.1848,21.9308],[74.1855,21.9302],[74.1863,21.9296],[74.1871,21.9291],[74.1879,21.9286],[74.1888,21.9282],[74.1897,21.9279],[74.1907,21.9276],[74.1917,21.9273],[74.1927,21.9271],[74.1937,21.9269],[74.1947,21.9267],[74.1957,21.9265],[74.1967,21.9263],[74.1976,21.9261],[74.1986,21.926],[74.1996,21.9258],[74.2006,21.9256],[74.2016,21.9255],[74.2026,21.9254],[74.2036,21.9254],[74.2046,21.9254],[74.2056,21.9255],[74.2066,21.9256],[74.2076,21.9257],[74.2086,21.9259],[74.2095,21.9261],[74.2105,21.9262],[74.2115,21.9265],[74.2125,21.9267],[74.2134,21.9269],[74.2144,21.9271],[74.2154,21.9274],[74.2164,21.9276],[74.2173,21.9278],[74.2183,21.9281],[74.2193,21.9283],[74.2203,21.9286],[74.2212,21.9288],[74.2222,21.929],[74.2232,21.9292],[74.2242,21.9294],[74.2251,21.9296],[74.2261,21.9298],[74.2271,21.9299],[74.2281,21.93],[74.2291,21.93],[74.2301,21.93],[74.2311,21.93],[74.2321,21.9299],[74.2331,21.9298],[74.2341,21.9297],[74.2351,21.9296],[74.2361,21.9296],[74.2371,21.9297],[74.2381,21.9298],[74.2391,21.9299],[74.2401,21.93],[74.2411,21.9301],[74.2421,21.9303],[74.243,21.9304],[74.244,21.9305],[74.245,21.9307],[74.246,21.9308],[74.247,21.931],[74.248,21.9312],[74.249,21.9313],[74.2499,21.9315],[74.2509,21.9317],[74.2519,21.9318],[74.2529,21.932],[74.2539,21.9321],[74.2549,21.9323],[74.2559,21.9324],[74.2569,21.9326],[74.2579,21.9327],[74.2589,21.9329],[74.2599,21.933],[74.2609,21.9331],[74.2618,21.9332],[74.2628,21.9333],[74.2638,21.9334],[74.2648,21.9334],[74.2658,21.9335],[74.2669,21.9336],[74.2679,21.9337],[74.2689,21.9337],[74.2699,21.9338],[74.2709,21.9339],[74.2719,21.9339],[74.2729,21.934],[74.2739,21.9341],[74.2749,21.9342],[74.2759,21.9342],[74.2769,21.9343],[74.2779,21.9344],[74.2789,21.9345],[74.2799,21.9346],[74.2809,21.9346],[74.2819,21.9347],[74.2829,21.9348],[74.2839,21.9349],[74.2849,21.9351],[74.2858,21.9352],[74.2868,21.9353],[74.2878,21.9355],[74.2887,21.9356],[74.2897,21.9358],[74.2906,21.9361],[74.2915,21.9366],[74.2923,21.9373],[74.2929,21.9381],[74.2935,21.9389],[74.2939,21.9397],[74.2943,21.9406],[74.2945,21.9415],[74.2948,21.9424],[74.295,21.9433],[74.2952,21.9443],[74.2954,21.9452],[74.2956,21.9461],[74.2957,21.947],[74.2959,21.948],[74.2959,21.9489],[74.296,21.9498],[74.2961,21.9508],[74.2962,21.9517],[74.2963,21.9526],[74.2964,21.9536],[74.2966,21.9545],[74.2968,21.9554],[74.297,21.9563],[74.2972,21.9572],[74.2975,21.9581],[74.2978,21.959],[74.2981,21.9599],[74.2984,21.9608],[74.2988,21.9617],[74.2991,21.9626],[74.2995,21.9634],[74.2999,21.9643],[74.3003,21.9652],[74.3008,21.9661],[74.3014,21.9668],[74.302,21.9674],[74.3028,21.968],[74.3036,21.9686],[74.3044,21.9692],[74.3052,21.9697],[74.3061,21.9702],[74.307,21.9707],[74.3079,21.9711],[74.3088,21.9715],[74.3098,21.9719],[74.3107,21.9722],[74.3117,21.9724],[74.3126,21.9726],[74.3136,21.9728],[74.3146,21.973],[74.3156,21.9731],[74.3166,21.9732],[74.3176,21.9733],[74.3186,21.9734],[74.3196,21.9735],[74.3206,21.9736],[74.3216,21.9736],[74.3226,21.9737],[74.3236,21.9738],[74.3246,21.9739],[74.3256,21.974],[74.3266,21.9741],[74.3276,21.9741],[74.3286,21.9742],[74.3296,21.9742],[74.3306,21.9743],[74.3316,21.9743],[74.3326,21.9744],[74.3336,21.9744],[74.3346,21.9745],[74.3356,21.9745],[74.3366,21.9746],[74.3376,21.9746],[74.3386,21.9747],[74.3396,21.9747],[74.3406,21.9748],[74.3416,21.9749],[74.3426,21.9749],[74.3436,21.975],[74.3446,21.9751],[74.3456,21.9752],[74.3465,21.9754],[74.3475,21.9757],[74.3484,21.976],[74.3494,21.9764],[74.3502,21.9768],[74.3511,21.9773],[74.352,21.9777],[74.3529,21.9782],[74.3538,21.9787],[74.3546,21.9792],[74.3555,21.9797],[74.3563,21.9803],[74.357,21.9809],[74.3578,21.9815],[74.3584,21.9822],[74.359,21.9829],[74.3596,21.9837],[74.3602,21.9845],[74.3607,21.9853],[74.3613,21.9861],[74.3618,21.9869],[74.3624,21.9877],[74.3629,21.9885],[74.3634,21.9893],[74.364,21.99],[74.3646,21.9908],[74.3653,21.9914],[74.366,21.992],[74.3669,21.9925],[74.3678,21.9929],[74.3688,21.9932],[74.3697,21.9936],[74.3707,21.9939],[74.3716,21.9943],[74.3724,21.9949],[74.3731,21.9955],[74.3738,21.9962],[74.3744,21.9969],[74.375,21.9977],[74.3755,21.9984],[74.3761,21.9993],[74.3766,22],[74.3772,22.0009],[74.3782,22.0022],[74.3837,22.0118],[74.3883,22.0202],[74.3964,22.0237],[74.4065,22.0244],[74.4177,22.0258],[74.4355,22.031]]]]}}]}