{"type":"FeatureCollection","name":"Orissa","crs":{"type":"name","properties":{"name":"urn:ogc:def:crs:OGC:1.3:CRS84"}},"features":[{"type":"Feature","properties":{"ID_0":105,"ISO":"IND","NAME_0":"India","ID_1":26,"NAME_1":"Orissa","TYPE_1":"State","ENGTYPE_1":"State","NL_NAME_1":null,"VARNAME_1":null},"geometry":{"type":"MultiPolygon","coordinates":[[[[84.7699,19.106],[84.7699,19.1049],[84.7696,19.1049],[84.7696,19.1043],[84.7693,19.1043],[84.7693,19.104],[84.769,19.104],[84.769,19.1038],[84.7688,19.1038],[84.7688,19.1035],[84.7685,19.1035],[84.7685,19.1032],[84.7679,19.1032],[84.7679,19.1026],[84.7676,19.1026],[84.7676,19.1021],[84.7674,19.1021],[84.7674,19.1018],[84.7668,19.1018],[84.7668,19.1015],[84.7665,19.1015],[84.7665,19.1012],[84.766,19.1012],[84.766,19.101],[84.7657,19.101],[84.7657,19.1012],[84.7651,19.1012],[84.7651,19.1015],[84.7649,19.1015],[84.7649,19.1018],[84.7651,19.1018],[84.7651,19.1021],[84.7654,19.1021],[84.7654,19.1024],[84.7657,19.1024],[84.7657,19.1029],[84.766,19.1029],[84.766,19.1032],[84.7663,19.1032],[84.7663,19.1038],[84.7665,19.1038],[84.7665,19.1046],[84.7671,19.1046],[84.7671,19.1049],[84.7674,19.1049],[84.7674,19.1051],[84.7679,19.1051],[84.7679,19.1057],[84.7688,19.1057],[84.7688,19.106],[84.7699,19.106]]],[[[84.7565,19.111],[84.7565,19.1104],[84.7568,19.1104],[84.7568,19.1099],[84.7571,19.1099],[84.7571,19.1096],[84.7574,19.1096],[84.7574,19.109],[84.7571,19.109],[84.7571,19.1085],[84.7579,19.1085],[84.7579,19.1093],[84.7582,19.1093],[84.7582,19.1101],[84.7588,19.1101],[84.7588,19.1096],[84.7607,19.1096],[84.7607,19.109],[84.7599,19.109],[84.7599,19.1087],[84.7596,19.1087],[84.7596,19.1082],[84.7593,19.1082],[84.7593,19.1076],[84.759,19.1076],[84.759,19.1073],[84.7576,19.1074],[84.7576,19.1068],[84.7579,19.1068],[84.7579,19.1057],[84.7582,19.1057],[84.7582,19.1051],[84.7585,19.1051],[84.7585,19.1049],[84.7599,19.1049],[84.7599,19.1051],[84.7607,19.1051],[84.7607,19.1054],[84.7613,19.1054],[84.7613,19.1057],[84.7624,19.1057],[84.7624,19.106],[84.7626,19.106],[84.7626,19.1074],[84.7629,19.1074],[84.7629,19.1071],[84.7643,19.1071],[84.7643,19.1074],[84.7654,19.1074],[84.7654,19.1071],[84.7657,19.1071],[84.7657,19.1049],[84.7654,19.1049],[84.7654,19.104],[84.7651,19.104],[84.7651,19.1038],[84.7646,19.1038],[84.7646,19.1032],[84.7643,19.1032],[84.7643,19.1029],[84.764,19.1029],[84.764,19.1026],[84.7637,19.1026],[84.7637,19.1024],[84.7629,19.1024],[84.7629,19.1021],[84.7621,19.1021],[84.7621,19.1024],[84.7604,19.1024],[84.7604,19.1026],[84.7593,19.1026],[84.7593,19.1024],[84.7588,19.1024],[84.7588,19.1021],[84.7585,19.1021],[84.7585,19.1018],[84.7582,19.1018],[84.7582,19.1015],[84.7568,19.1015],[84.7568,19.1018],[84.7565,19.1018],[84.7565,19.1043],[84.7571,19.1043],[84.7571,19.1046],[84.7574,19.1046],[84.7574,19.1054],[84.7571,19.1054],[84.7571,19.1057],[84.7568,19.1057],[84.7568,19.106],[84.7565,19.106],[84.7565,19.1063],[84.7562,19.1063],[84.7562,19.1068],[84.756,19.1068],[84.756,19.1071],[84.7562,19.1071],[84.7562,19.1074],[84.756,19.1073],[84.756,19.1076],[84.7562,19.1076],[84.7562,19.1087],[84.756,19.1087],[84.756,19.109],[84.7557,19.109],[84.7557,19.1093],[84.7554,19.1093],[84.7554,19.1099],[84.7551,19.1099],[84.7551,19.1107],[84.7554,19.1107],[84.7554,19.111],[84.7565,19.111]]],[[[84.7832,19.111],[84.7832,19.1107],[84.7835,19.1107],[84.7835,19.1101],[84.7832,19.1101],[84.7832,19.1099],[84.7826,19.1099],[84.7826,19.1085],[84.7824,19.1085],[84.7824,19.1079],[84.7821,19.1079],[84.7821,19.1076],[84.7818,19.1076],[84.7818,19.1054],[84.7815,19.1054],[84.7815,19.1046],[84.7813,19.1046],[84.7813,19.104],[84.781,19.104],[84.781,19.1032],[84.7807,19.1032],[84.7807,19.1029],[84.7804,19.1029],[84.7804,19.1026],[84.7801,19.1026],[84.7801,19.1024],[84.7799,19.1024],[84.7799,19.1021],[84.7796,19.1021],[84.7796,19.1018],[84.7793,19.1018],[84.7793,19.1015],[84.779,19.1015],[84.779,19.101],[84.7787,19.101],[84.7787,19.1004],[84.7785,19.1004],[84.7785,19.1001],[84.7782,19.1001],[84.7782,19.0999],[84.7779,19.0999],[84.7779,19.0996],[84.7776,19.0996],[84.7776,19.0993],[84.7774,19.0993],[84.7774,19.0979],[84.7771,19.0979],[84.7771,19.0976],[84.7768,19.0976],[84.7768,19.0971],[84.7765,19.0971],[84.7765,19.0965],[84.7757,19.0965],[84.7757,19.096],[84.7754,19.096],[84.7754,19.0957],[84.7751,19.0957],[84.7751,19.0954],[84.7749,19.0954],[84.7749,19.0943],[84.7746,19.0943],[84.7746,19.0938],[84.7743,19.0938],[84.7743,19.0929],[84.774,19.0929],[84.774,19.0921],[84.7738,19.0921],[84.7738,19.0915],[84.7735,19.0915],[84.7735,19.0912],[84.7732,19.0912],[84.7732,19.0907],[84.7729,19.0907],[84.7729,19.0904],[84.7726,19.0904],[84.7726,19.0901],[84.7721,19.0901],[84.7721,19.0896],[84.7718,19.0896],[84.7718,19.0888],[84.7715,19.0888],[84.7715,19.0879],[84.7712,19.0879],[84.7712,19.0874],[84.771,19.0874],[84.771,19.0865],[84.7707,19.0865],[84.7707,19.0862],[84.7704,19.0863],[84.7704,19.0857],[84.7701,19.0857],[84.7701,19.0851],[84.7699,19.0851],[84.7699,19.0846],[84.7696,19.0846],[84.7696,19.084],[84.7693,19.084],[84.7693,19.0837],[84.769,19.0837],[84.769,19.0832],[84.7688,19.0832],[84.7688,19.0826],[84.7685,19.0826],[84.7685,19.0821],[84.7682,19.0821],[84.7682,19.0815],[84.7679,19.0815],[84.7679,19.0813],[84.7676,19.0813],[84.7676,19.081],[84.7674,19.081],[84.7674,19.0804],[84.7671,19.0804],[84.7671,19.0799],[84.7668,19.0799],[84.7668,19.0796],[84.7665,19.0796],[84.7665,19.079],[84.7663,19.079],[84.7663,19.0785],[84.766,19.0785],[84.766,19.0782],[84.7657,19.0782],[84.7657,19.0779],[84.7654,19.0779],[84.7654,19.0774],[84.7651,19.0774],[84.7651,19.0771],[84.7649,19.0771],[84.7649,19.0757],[84.7646,19.0757],[84.7646,19.0749],[84.7643,19.0749],[84.7643,19.0746],[84.7635,19.0746],[84.7635,19.0743],[84.7632,19.0743],[84.7632,19.0737],[84.7629,19.0737],[84.7629,19.0735],[84.7626,19.0735],[84.7626,19.0732],[84.7624,19.0732],[84.7624,19.0726],[84.7621,19.0726],[84.7621,19.0724],[84.7618,19.0724],[84.7618,19.0721],[84.7615,19.0721],[84.7615,19.0715],[84.7612,19.0715],[84.7613,19.0713],[84.7611,19.0713],[84.761,19.0713],[84.7302,19.0893],[84.7324,19.0893],[84.7324,19.0896],[84.7329,19.0896],[84.7329,19.0899],[84.7335,19.0899],[84.7335,19.0901],[84.7337,19.0901],[84.7337,19.0904],[84.734,19.0904],[84.734,19.0907],[84.7343,19.0907],[84.7343,19.0915],[84.736,19.0915],[84.736,19.0918],[84.7376,19.0918],[84.7376,19.0921],[84.7393,19.0921],[84.7393,19.0915],[84.7396,19.0915],[84.7396,19.0907],[84.7399,19.0907],[84.7399,19.0904],[84.7401,19.0904],[84.7401,19.0899],[84.741,19.0899],[84.741,19.0893],[84.7412,19.0893],[84.7412,19.0885],[84.7418,19.0885],[84.7418,19.0882],[84.7421,19.0882],[84.7421,19.0879],[84.7426,19.0879],[84.7426,19.0876],[84.7438,19.0876],[84.7438,19.0879],[84.744,19.0879],[84.744,19.0882],[84.7443,19.0882],[84.7443,19.0885],[84.7449,19.0885],[84.7449,19.0888],[84.7451,19.0888],[84.7451,19.089],[84.7454,19.089],[84.7454,19.0893],[84.7457,19.0893],[84.7457,19.0904],[84.746,19.0904],[84.746,19.0907],[84.7474,19.0907],[84.7474,19.0904],[84.7482,19.0904],[84.7482,19.0901],[84.749,19.0901],[84.749,19.0899],[84.7493,19.0899],[84.7493,19.0896],[84.7496,19.0896],[84.7496,19.0885],[84.7493,19.0885],[84.7493,19.0876],[84.7501,19.0876],[84.7501,19.0874],[84.7513,19.0874],[84.7513,19.0876],[84.7515,19.0876],[84.7515,19.0879],[84.7521,19.0879],[84.7521,19.0871],[84.7515,19.0871],[84.7515,19.0868],[84.751,19.0868],[84.751,19.086],[84.7507,19.086],[84.7507,19.0846],[84.7504,19.0846],[84.7504,19.0826],[84.7507,19.0826],[84.7507,19.0821],[84.751,19.0821],[84.751,19.0824],[84.7515,19.0824],[84.7515,19.0829],[84.7518,19.0829],[84.7518,19.084],[84.7521,19.084],[84.7521,19.0843],[84.7524,19.0843],[84.7524,19.0846],[84.7526,19.0846],[84.7526,19.0849],[84.7529,19.0849],[84.7529,19.0851],[84.7532,19.0851],[84.7532,19.0854],[84.7551,19.0854],[84.7551,19.0857],[84.7554,19.0857],[84.7554,19.086],[84.756,19.086],[84.756,19.0863],[84.7571,19.0862],[84.7571,19.0865],[84.7574,19.0865],[84.7574,19.0868],[84.7576,19.0868],[84.7576,19.0871],[84.7579,19.0871],[84.7579,19.0874],[84.7582,19.0874],[84.7582,19.0888],[84.7579,19.0888],[84.7579,19.0896],[84.7582,19.0896],[84.7582,19.0915],[84.7579,19.0915],[84.7579,19.0918],[84.7582,19.0918],[84.7582,19.0924],[84.7585,19.0924],[84.7585,19.0949],[84.7582,19.0949],[84.7582,19.0957],[84.7579,19.0957],[84.7579,19.0963],[84.7576,19.0963],[84.7576,19.0974],[84.7574,19.0974],[84.7574,19.0985],[84.7576,19.0985],[84.7576,19.0987],[84.7579,19.0987],[84.7579,19.099],[84.7582,19.099],[84.7582,19.0993],[84.7588,19.0993],[84.7588,19.0996],[84.759,19.0996],[84.759,19.1001],[84.7593,19.1001],[84.7593,19.1007],[84.7596,19.1007],[84.7596,19.1004],[84.7604,19.1004],[84.7604,19.1001],[84.7618,19.1001],[84.7618,19.1004],[84.7649,19.1004],[84.7649,19.0999],[84.7651,19.0999],[84.7651,19.0996],[84.7657,19.0996],[84.7657,19.1004],[84.7663,19.1004],[84.7663,19.1007],[84.7668,19.1007],[84.7668,19.101],[84.7671,19.101],[84.7671,19.1012],[84.7676,19.1012],[84.7676,19.1015],[84.7682,19.1015],[84.7682,19.1021],[84.7685,19.1021],[84.7685,19.1024],[84.769,19.1024],[84.769,19.1026],[84.7693,19.1026],[84.7693,19.1029],[84.7696,19.1029],[84.7696,19.1032],[84.7699,19.1032],[84.7699,19.1035],[84.7701,19.1035],[84.7701,19.1038],[84.7704,19.1038],[84.7704,19.104],[84.7707,19.104],[84.7707,19.1043],[84.7721,19.1043],[84.7721,19.1046],[84.7724,19.1046],[84.7724,19.1049],[84.7729,19.1049],[84.7729,19.1051],[84.7735,19.1051],[84.7735,19.1054],[84.774,19.1054],[84.774,19.1057],[84.7746,19.1057],[84.7746,19.106],[84.7751,19.106],[84.7751,19.1063],[84.7757,19.1063],[84.7757,19.1065],[84.7762,19.1065],[84.7762,19.1068],[84.7765,19.1068],[84.7765,19.1071],[84.7768,19.1071],[84.7768,19.1074],[84.7771,19.1073],[84.7771,19.1076],[84.7774,19.1076],[84.7774,19.1079],[84.7779,19.1079],[84.7779,19.1082],[84.7785,19.1082],[84.7785,19.1085],[84.779,19.1085],[84.779,19.1087],[84.7793,19.1087],[84.7793,19.109],[84.7801,19.109],[84.7801,19.1093],[84.7804,19.1093],[84.7804,19.1096],[84.7807,19.1096],[84.7807,19.1099],[84.781,19.1099],[84.781,19.1101],[84.7813,19.1101],[84.7813,19.1104],[84.7818,19.1104],[84.7818,19.1107],[84.7824,19.1107],[84.7824,19.111],[84.7832,19.111]]],[[[86.2406,19.9094],[86.2403,19.9092],[86.2399,19.9092],[86.2397,19.9092],[86.2394,19.9094],[86.2386,19.9094],[86.2378,19.9086],[86.2378,19.9083],[86.2372,19.9078],[86.2369,19.9081],[86.2367,19.9083],[86.2367,19.9089],[86.2372,19.9094],[86.2372,19.9097],[86.2378,19.9103],[86.2378,19.9106],[86.238,19.9108],[86.2383,19.9111],[86.2402,19.9111],[86.2406,19.9111],[86.2411,19.9106],[86.2411,19.9103],[86.2405,19.9097],[86.2406,19.9094]]],[[[86.3725,19.9544],[86.3717,19.9536],[86.3715,19.9538],[86.3709,19.9539],[86.3704,19.9539],[86.3702,19.9538],[86.3701,19.9538],[86.3696,19.9533],[86.3691,19.953],[86.3682,19.9524],[86.3678,19.9522],[86.3666,19.9522],[86.3662,19.9522],[86.3657,19.9519],[86.3645,19.9517],[86.3633,19.9516],[86.3629,19.9515],[86.3611,19.9511],[86.3608,19.9508],[86.36,19.9508],[86.3597,19.9506],[86.3595,19.9506],[86.3594,19.9505],[86.3592,19.9503],[86.3586,19.9503],[86.3583,19.95],[86.357,19.9497],[86.3564,19.9497],[86.3554,19.9496],[86.3551,19.9499],[86.3553,19.9502],[86.3555,19.9503],[86.357,19.9508],[86.3573,19.9508],[86.3574,19.9509],[86.3588,19.9511],[86.3602,19.9514],[86.3629,19.9523],[86.3652,19.9532],[86.3675,19.9535],[86.3685,19.9542],[86.3692,19.9544],[86.3699,19.9546],[86.3701,19.9548],[86.3708,19.955],[86.3711,19.9553],[86.3713,19.9558],[86.3713,19.956],[86.3713,19.9565],[86.3714,19.9569],[86.3721,19.9576],[86.3723,19.9576],[86.3727,19.9572],[86.3726,19.9565],[86.3722,19.956],[86.3722,19.9553],[86.3725,19.9547],[86.3725,19.9544]]],[[[86.3869,19.9628],[86.3869,19.9622],[86.3858,19.9611],[86.3856,19.9611],[86.3847,19.9603],[86.3845,19.9603],[86.3842,19.9601],[86.3842,19.96],[86.3839,19.9597],[86.3836,19.9597],[86.3833,19.9594],[86.3828,19.9594],[86.3825,19.9592],[86.3817,19.9592],[86.3814,19.9589],[86.3808,19.9589],[86.3805,19.9586],[86.38,19.9586],[86.3797,19.9589],[86.3794,19.9589],[86.3789,19.9594],[86.3792,19.9597],[86.3797,19.9597],[86.38,19.96],[86.3805,19.96],[86.3811,19.9606],[86.3814,19.9606],[86.3817,19.9608],[86.3819,19.9608],[86.3825,19.9614],[86.3828,19.9614],[86.3831,19.9617],[86.3833,19.9617],[86.3836,19.9619],[86.3839,19.9619],[86.3844,19.9625],[86.385,19.9625],[86.3853,19.9628],[86.3856,19.9628],[86.3859,19.9631],[86.3861,19.9633],[86.3864,19.9633],[86.3869,19.9628]]],[[[86.3925,19.9661],[86.3922,19.9658],[86.3919,19.9658],[86.391,19.9655],[86.3905,19.9655],[86.3905,19.9662],[86.3906,19.9665],[86.3919,19.9672],[86.3922,19.9672],[86.3926,19.9677],[86.3941,19.9688],[86.3957,19.9701],[86.3962,19.9706],[86.3972,19.9715],[86.3984,19.9723],[86.3988,19.9724],[86.3991,19.9725],[86.3993,19.9724],[86.3994,19.9723],[86.3991,19.9715],[86.3984,19.9707],[86.3978,19.9703],[86.3965,19.969],[86.395,19.9681],[86.3933,19.9664],[86.3931,19.9664],[86.3928,19.9661],[86.3925,19.9661]]],[[[86.3686,19.9739],[86.3689,19.9736],[86.3705,19.9736],[86.3723,19.9735],[86.3725,19.9735],[86.3728,19.9734],[86.373,19.973],[86.373,19.9727],[86.3728,19.9724],[86.3725,19.9722],[86.3714,19.9719],[86.3714,19.9717],[86.3722,19.9708],[86.3722,19.9692],[86.3717,19.9686],[86.3709,19.9682],[86.3707,19.9681],[86.3697,19.9681],[86.3696,19.9682],[86.3694,19.9683],[86.3692,19.9681],[86.3681,19.9681],[86.3678,19.9683],[86.3672,19.9683],[86.3669,19.9686],[86.365,19.9686],[86.3649,19.9687],[86.3642,19.9694],[86.3644,19.9697],[86.3644,19.97],[86.3653,19.9708],[86.3653,19.9711],[86.365,19.9714],[86.365,19.9719],[86.3656,19.9725],[86.3658,19.9728],[86.3661,19.9728],[86.3664,19.9731],[86.3667,19.9731],[86.3669,19.9733],[86.3672,19.9733],[86.3675,19.9736],[86.3681,19.9736],[86.3683,19.9739],[86.3686,19.9739]]],[[[86.3211,19.9881],[86.3206,19.9881],[86.32,19.9886],[86.32,19.9892],[86.3197,19.9894],[86.3197,19.9906],[86.3189,19.9918],[86.3188,19.9926],[86.3186,19.9933],[86.3186,19.9936],[86.3183,19.9939],[86.3183,19.9947],[86.3186,19.995],[86.3194,19.9942],[86.3194,19.9936],[86.3197,19.9933],[86.3197,19.9931],[86.3207,19.9914],[86.3209,19.9907],[86.3214,19.9895],[86.3215,19.9891],[86.3214,19.9884],[86.3211,19.9881]]],[[[86.3214,19.9989],[86.3214,19.9978],[86.3217,19.9975],[86.3217,19.9967],[86.322,19.9964],[86.3219,19.995],[86.3217,19.9947],[86.3217,19.9939],[86.3211,19.9933],[86.3208,19.9933],[86.3203,19.9939],[86.32,19.9944],[86.32,19.995],[86.3197,19.9953],[86.3197,19.9956],[86.3194,19.9958],[86.3194,19.9961],[86.3186,19.9969],[86.3186,19.9972],[86.3183,19.9975],[86.3183,19.9978],[86.3178,19.9983],[86.3175,19.9983],[86.3172,19.9986],[86.3161,19.9986],[86.3158,19.9989],[86.3156,19.9992],[86.316,19.9994],[86.3167,20],[86.3169,20.0004],[86.3174,20.0007],[86.3175,20.0008],[86.3178,20.0011],[86.3182,20.0012],[86.3183,20.0017],[86.3186,20.0021],[86.319,20.0023],[86.3194,20.0023],[86.3199,20.0021],[86.3202,20.0019],[86.3203,20.0015],[86.3205,20.0011],[86.3206,20.0008],[86.321,20.0004],[86.3206,20],[86.3211,19.9992],[86.3214,19.9989]]],[[[86.3356,19.9908],[86.3356,19.9898],[86.3356,19.9895],[86.3353,19.9889],[86.3353,19.9886],[86.335,19.9883],[86.3347,19.9883],[86.3339,19.9892],[86.3336,19.9892],[86.3331,19.9897],[86.3328,19.9897],[86.3325,19.99],[86.3322,19.99],[86.3314,19.9908],[86.3303,19.9924],[86.3299,19.9939],[86.3293,19.9957],[86.328,19.997],[86.3272,19.9986],[86.3272,20],[86.3269,20.0003],[86.3269,20.0011],[86.3267,20.0013],[86.3267,20.0014],[86.3266,20.0018],[86.3264,20.0023],[86.3262,20.0028],[86.3262,20.0034],[86.3264,20.0038],[86.3266,20.0042],[86.3274,20.0057],[86.3278,20.0068],[86.328,20.008],[86.3282,20.0085],[86.3284,20.0091],[86.3289,20.01],[86.3294,20.0106],[86.3305,20.0098],[86.3307,20.0093],[86.331,20.0089],[86.3313,20.0086],[86.3333,20.0072],[86.3333,20.0069],[86.3346,20.0057],[86.3347,20.0056],[86.3347,20.0051],[86.3347,20.005],[86.335,20.0047],[86.335,20.0044],[86.3353,20.0042],[86.3353,20.0039],[86.3356,20.0036],[86.3356,20.0033],[86.3358,20.0031],[86.3356,20.0028],[86.3356,20.0024],[86.3358,20.0021],[86.336,20.0017],[86.3361,20.0013],[86.3363,20.001],[86.3363,20.0006],[86.3365,20.0003],[86.3367,20],[86.3366,19.9997],[86.3369,19.9978],[86.3368,19.9961],[86.3364,19.9942],[86.3364,19.994],[86.3356,19.9917],[86.3356,19.9908]]],[[[86.3104,20.0162],[86.3106,20.0161],[86.3114,20.0161],[86.3119,20.0156],[86.3125,20.0156],[86.3131,20.0161],[86.3133,20.0161],[86.3136,20.0158],[86.3142,20.0158],[86.3147,20.0153],[86.3147,20.015],[86.315,20.0147],[86.315,20.0133],[86.3147,20.0131],[86.3147,20.0122],[86.3144,20.0119],[86.3144,20.0114],[86.3147,20.0111],[86.3147,20.0108],[86.3153,20.0103],[86.3153,20.01],[86.3156,20.0097],[86.3156,20.0092],[86.3158,20.0089],[86.3158,20.0086],[86.3153,20.0081],[86.3133,20.0081],[86.3131,20.0083],[86.3131,20.0086],[86.3128,20.0089],[86.3133,20.0095],[86.3133,20.01],[86.3119,20.0114],[86.3114,20.0114],[86.3111,20.0111],[86.3108,20.0111],[86.3105,20.0114],[86.3103,20.0114],[86.31,20.0117],[86.3103,20.0119],[86.3103,20.0122],[86.3105,20.0125],[86.3105,20.0128],[86.3111,20.0133],[86.3111,20.0139],[86.3108,20.0142],[86.3108,20.0144],[86.3103,20.015],[86.3103,20.0153],[86.31,20.0156],[86.31,20.0162],[86.3103,20.0164],[86.3104,20.0162]]],[[[86.2531,20.0253],[86.2533,20.025],[86.2544,20.025],[86.2547,20.0247],[86.2553,20.0247],[86.2558,20.0242],[86.2561,20.0242],[86.2583,20.0219],[86.2575,20.0211],[86.2572,20.0214],[86.2569,20.0214],[86.2567,20.0217],[86.2564,20.0217],[86.2561,20.0219],[86.2547,20.0219],[86.2544,20.0222],[86.2542,20.0222],[86.2536,20.0228],[86.2533,20.0228],[86.2517,20.0244],[86.2517,20.0247],[86.252,20.0247],[86.2525,20.0253],[86.2531,20.0253]]],[[[86.4109,20.0183],[86.4103,20.0178],[86.41,20.0178],[86.4097,20.0175],[86.4094,20.0175],[86.4089,20.0181],[86.4089,20.0189],[86.4092,20.0192],[86.4092,20.0197],[86.4094,20.02],[86.4094,20.0206],[86.4097,20.0208],[86.4097,20.0217],[86.41,20.022],[86.4103,20.0224],[86.4105,20.0227],[86.4108,20.0231],[86.4109,20.0236],[86.4111,20.0239],[86.4111,20.0242],[86.4114,20.0244],[86.4114,20.0247],[86.4117,20.025],[86.4117,20.0253],[86.4122,20.0258],[86.4125,20.0258],[86.4129,20.0254],[86.4131,20.0253],[86.4128,20.025],[86.4128,20.0247],[86.4125,20.0244],[86.4125,20.0239],[86.4122,20.0236],[86.4122,20.0233],[86.4117,20.0228],[86.4117,20.0217],[86.4122,20.0211],[86.4122,20.0206],[86.412,20.0201],[86.4118,20.0196],[86.4116,20.0191],[86.4112,20.0186],[86.4109,20.0183]]],[[[86.2725,20.0244],[86.2719,20.0239],[86.2717,20.0239],[86.2697,20.0219],[86.2694,20.0222],[86.2683,20.0211],[86.2681,20.0211],[86.2678,20.0208],[86.2667,20.0208],[86.2658,20.0217],[86.2653,20.0217],[86.2647,20.0222],[86.2647,20.0228],[86.2656,20.0236],[86.2658,20.0236],[86.2661,20.0239],[86.2664,20.0239],[86.2667,20.0242],[86.2669,20.0242],[86.2672,20.0244],[86.2681,20.0244],[86.2683,20.0247],[86.2686,20.0247],[86.2694,20.0256],[86.2694,20.0258],[86.2708,20.0272],[86.2714,20.0272],[86.2719,20.0267],[86.2719,20.0264],[86.2725,20.0258],[86.2725,20.0253],[86.2728,20.025],[86.2725,20.0247],[86.2725,20.0244]]],[[[86.3203,20.0294],[86.3206,20.0292],[86.321,20.0292],[86.3213,20.0291],[86.3216,20.029],[86.322,20.0289],[86.3224,20.0288],[86.3227,20.0286],[86.3231,20.0283],[86.3242,20.0272],[86.3242,20.0269],[86.3244,20.0267],[86.3244,20.0264],[86.3255,20.0253],[86.3258,20.0253],[86.3267,20.0244],[86.3267,20.0242],[86.3264,20.0239],[86.3264,20.0236],[86.3258,20.0231],[86.3253,20.0231],[86.3242,20.0219],[86.3233,20.0219],[86.3222,20.0231],[86.3221,20.0233],[86.3219,20.0236],[86.3216,20.0239],[86.3213,20.0242],[86.321,20.0245],[86.3207,20.0248],[86.3206,20.0252],[86.3204,20.0257],[86.3203,20.0261],[86.3203,20.0265],[86.3202,20.027],[86.3202,20.0274],[86.3202,20.0279],[86.32,20.0283],[86.3197,20.0286],[86.3197,20.0292],[86.32,20.0294],[86.3203,20.0294]]],[[[86.315,20.0317],[86.3156,20.0311],[86.3158,20.0311],[86.3161,20.0308],[86.3156,20.0303],[86.3156,20.03],[86.3158,20.0297],[86.3158,20.0286],[86.3161,20.0283],[86.3161,20.0281],[86.3167,20.0275],[86.3167,20.0272],[86.3169,20.0269],[86.3169,20.0261],[86.3172,20.0258],[86.3172,20.0256],[86.3178,20.025],[86.3178,20.0247],[86.3183,20.0242],[86.3183,20.0239],[86.3186,20.0236],[86.3188,20.0234],[86.319,20.0232],[86.3193,20.023],[86.3197,20.0228],[86.3197,20.0225],[86.32,20.0222],[86.3203,20.0222],[86.3206,20.0219],[86.3208,20.0219],[86.3214,20.0214],[86.3217,20.0214],[86.322,20.0211],[86.3222,20.0211],[86.3231,20.0203],[86.3233,20.0203],[86.3239,20.0197],[86.3239,20.0189],[86.3244,20.0183],[86.3244,20.0181],[86.3247,20.0178],[86.3247,20.0172],[86.325,20.0169],[86.325,20.0167],[86.3253,20.0164],[86.325,20.0161],[86.325,20.0156],[86.3248,20.015],[86.3244,20.0147],[86.324,20.0144],[86.3236,20.014],[86.3233,20.0135],[86.3231,20.0128],[86.3228,20.0125],[86.3228,20.0119],[86.3222,20.0114],[86.3222,20.0111],[86.3221,20.011],[86.3219,20.0108],[86.3219,20.0106],[86.3214,20.01],[86.3211,20.01],[86.3208,20.0103],[86.3208,20.0106],[86.3203,20.0111],[86.3203,20.0119],[86.32,20.0122],[86.32,20.0125],[86.32,20.0131],[86.3197,20.0133],[86.3197,20.0136],[86.3194,20.0139],[86.3194,20.0142],[86.3189,20.0147],[86.3189,20.015],[86.3186,20.0153],[86.3186,20.0156],[86.3178,20.0164],[86.3178,20.0169],[86.3175,20.0172],[86.3175,20.0175],[86.3172,20.0178],[86.3172,20.0183],[86.3169,20.0186],[86.3169,20.0192],[86.3167,20.0195],[86.3166,20.02],[86.3164,20.0204],[86.3164,20.0208],[86.3164,20.0211],[86.3161,20.0214],[86.3158,20.0217],[86.3153,20.0211],[86.3147,20.0211],[86.3141,20.0206],[86.3136,20.0206],[86.3133,20.0208],[86.3131,20.0208],[86.3128,20.0211],[86.3125,20.0211],[86.3122,20.0214],[86.3119,20.0214],[86.3111,20.0222],[86.3103,20.0214],[86.3083,20.0233],[86.3075,20.0233],[86.3072,20.0236],[86.3069,20.0236],[86.3067,20.0239],[86.3064,20.0239],[86.3061,20.0242],[86.3056,20.0242],[86.3053,20.0244],[86.3047,20.0244],[86.3042,20.025],[86.3036,20.025],[86.3033,20.0253],[86.3022,20.0253],[86.3011,20.0264],[86.3011,20.0267],[86.3019,20.0275],[86.3022,20.0275],[86.3025,20.0278],[86.3033,20.0278],[86.3038,20.0279],[86.3042,20.0281],[86.3067,20.0278],[86.3069,20.0278],[86.3072,20.0275],[86.3078,20.0275],[86.3081,20.0278],[86.3081,20.0281],[86.3083,20.0283],[86.3086,20.0283],[86.3089,20.0286],[86.3094,20.0286],[86.3103,20.0294],[86.31,20.0297],[86.31,20.03],[86.3103,20.0303],[86.3103,20.0306],[86.3106,20.0308],[86.3114,20.0308],[86.3117,20.0306],[86.3119,20.0306],[86.3128,20.0297],[86.3147,20.0317],[86.315,20.0317]]],[[[86.2658,20.0336],[86.2661,20.0333],[86.2664,20.0333],[86.2667,20.0331],[86.2669,20.0331],[86.2672,20.0328],[86.2675,20.0328],[86.2678,20.0325],[86.2683,20.0325],[86.2683,20.0314],[86.2678,20.0308],[86.2675,20.0308],[86.2672,20.0306],[86.2669,20.0306],[86.2667,20.0308],[86.2664,20.0308],[86.2661,20.0311],[86.2656,20.0311],[86.2653,20.0314],[86.2642,20.0314],[86.2639,20.0317],[86.2633,20.0317],[86.2631,20.0319],[86.2628,20.0319],[86.2625,20.0322],[86.2633,20.0331],[86.2631,20.0333],[86.2633,20.0336],[86.2658,20.0336]]],[[[86.31,20.0408],[86.3103,20.0406],[86.3108,20.0406],[86.3111,20.0403],[86.3125,20.0403],[86.3128,20.04],[86.3133,20.04],[86.3136,20.0386],[86.3133,20.0383],[86.3108,20.0383],[86.3105,20.0386],[86.3103,20.0386],[86.31,20.0389],[86.3092,20.0389],[86.3089,20.0392],[86.3089,20.0397],[86.3094,20.0403],[86.3094,20.0406],[86.3097,20.0408],[86.31,20.0408]]],[[[86.3006,20.0425],[86.3008,20.0422],[86.3011,20.0422],[86.3031,20.0403],[86.3033,20.0403],[86.3039,20.0397],[86.3033,20.0392],[86.3033,20.0389],[86.303,20.0386],[86.3025,20.0386],[86.3022,20.0389],[86.3014,20.0389],[86.3011,20.0392],[86.3008,20.0392],[86.3006,20.0394],[86.3003,20.0394],[86.3,20.0397],[86.2997,20.0397],[86.2992,20.0403],[86.2992,20.0406],[86.2989,20.0408],[86.2989,20.0411],[86.2986,20.0414],[86.2986,20.0417],[86.2989,20.042],[86.2992,20.0422],[86.2995,20.0422],[86.2997,20.0425],[86.3006,20.0425]]],[[[86.4264,20.0386],[86.4261,20.0383],[86.4256,20.0383],[86.4247,20.0375],[86.4247,20.0372],[86.425,20.0369],[86.425,20.0364],[86.4244,20.0358],[86.4244,20.0356],[86.4231,20.0342],[86.4228,20.0342],[86.4228,20.0339],[86.4217,20.0328],[86.4217,20.0325],[86.4214,20.0322],[86.4211,20.0322],[86.4208,20.0319],[86.4206,20.0322],[86.4206,20.0325],[86.4203,20.0328],[86.4206,20.0331],[86.4206,20.0333],[86.4208,20.0336],[86.4208,20.0342],[86.4211,20.0344],[86.4211,20.0347],[86.4214,20.035],[86.4214,20.0356],[86.4217,20.0358],[86.4217,20.0361],[86.4214,20.0364],[86.4214,20.0375],[86.4217,20.0378],[86.4217,20.0383],[86.4236,20.0403],[86.4236,20.0406],[86.4242,20.0411],[86.4242,20.0414],[86.4244,20.0417],[86.4244,20.0419],[86.4247,20.0422],[86.4247,20.0425],[86.4258,20.0436],[86.4264,20.0436],[86.4272,20.0428],[86.4272,20.0425],[86.4275,20.0422],[86.4275,20.0417],[86.4272,20.0414],[86.4272,20.0411],[86.4269,20.0408],[86.4269,20.0403],[86.4267,20.04],[86.4267,20.0394],[86.4264,20.0392],[86.4264,20.0386]]],[[[86.295,20.0497],[86.2956,20.0492],[86.2958,20.0492],[86.2964,20.0497],[86.2969,20.0497],[86.2983,20.0483],[86.2983,20.0481],[86.2986,20.0478],[86.2986,20.0475],[86.2989,20.0472],[86.2989,20.0469],[86.2992,20.0467],[86.2992,20.0464],[86.2994,20.0461],[86.2994,20.0458],[86.2997,20.0456],[86.2997,20.0453],[86.3003,20.0447],[86.3003,20.0444],[86.2997,20.0439],[86.2989,20.0439],[86.2983,20.0445],[86.2981,20.0445],[86.2975,20.045],[86.2972,20.045],[86.2969,20.0453],[86.2964,20.0453],[86.2961,20.0456],[86.2958,20.0456],[86.2956,20.0458],[86.2953,20.0458],[86.295,20.0461],[86.2947,20.0461],[86.2944,20.0464],[86.2942,20.0464],[86.2939,20.0467],[86.2933,20.0467],[86.2931,20.0469],[86.2922,20.0469],[86.2919,20.0472],[86.2917,20.0472],[86.2911,20.0478],[86.2911,20.0486],[86.2908,20.0489],[86.2911,20.0492],[86.2911,20.0497],[86.2917,20.0503],[86.2925,20.0503],[86.2928,20.0506],[86.2928,20.0508],[86.2939,20.0508],[86.295,20.0497]]],[[[86.2703,20.0581],[86.27,20.0578],[86.27,20.0572],[86.2703,20.0569],[86.2703,20.0564],[86.2692,20.0553],[86.2689,20.0553],[86.2683,20.0547],[86.2681,20.0547],[86.2678,20.0544],[86.2675,20.0545],[86.2672,20.0542],[86.2672,20.0533],[86.2675,20.0531],[86.2678,20.0531],[86.2681,20.0533],[86.2683,20.0533],[86.2686,20.0536],[86.2692,20.0531],[86.2697,20.0528],[86.2705,20.0519],[86.2708,20.0519],[86.2717,20.0528],[86.2717,20.0531],[86.2719,20.0533],[86.2719,20.0539],[86.2722,20.0542],[86.2722,20.0545],[86.2728,20.055],[86.2731,20.055],[86.2733,20.0553],[86.2736,20.055],[86.2739,20.055],[86.275,20.0539],[86.275,20.0536],[86.2744,20.0531],[86.2744,20.0528],[86.2747,20.0525],[86.2748,20.0525],[86.275,20.0523],[86.2754,20.0522],[86.2758,20.052],[86.2762,20.0519],[86.2768,20.052],[86.2772,20.0519],[86.2775,20.0516],[86.2778,20.0514],[86.278,20.0512],[86.2783,20.051],[86.2785,20.0509],[86.2789,20.0508],[86.2793,20.0506],[86.2797,20.0503],[86.2802,20.05],[86.2806,20.0497],[86.281,20.0495],[86.2813,20.0492],[86.2816,20.0491],[86.2819,20.0489],[86.2823,20.0489],[86.2828,20.0488],[86.2832,20.0486],[86.2836,20.0483],[86.2841,20.0481],[86.2847,20.0479],[86.2851,20.0476],[86.2856,20.0474],[86.2861,20.0471],[86.2863,20.0466],[86.2868,20.0465],[86.2872,20.0464],[86.2875,20.0461],[86.2875,20.0453],[86.2872,20.045],[86.2875,20.0447],[86.2878,20.0447],[86.2881,20.0444],[86.2892,20.0445],[86.2894,20.0442],[86.2897,20.0442],[86.29,20.0439],[86.29,20.0433],[86.2906,20.0428],[86.2908,20.0431],[86.2911,20.0431],[86.2914,20.0433],[86.2914,20.0445],[86.2925,20.0456],[86.2928,20.0456],[86.293,20.0453],[86.2933,20.0453],[86.2936,20.045],[86.2939,20.045],[86.2944,20.0445],[86.2947,20.0445],[86.2961,20.0431],[86.2964,20.0431],[86.2967,20.0428],[86.2967,20.0425],[86.2975,20.0417],[86.2975,20.0411],[86.2972,20.0408],[86.2972,20.0406],[86.2969,20.0403],[86.2969,20.04],[86.2967,20.0397],[86.2978,20.0386],[86.2989,20.0386],[86.2992,20.0383],[86.3,20.0383],[86.3003,20.0381],[86.3008,20.0381],[86.3011,20.0378],[86.3019,20.0378],[86.3022,20.0375],[86.3025,20.0375],[86.303,20.037],[86.3033,20.037],[86.3036,20.0367],[86.3039,20.0367],[86.3042,20.0364],[86.305,20.0364],[86.3053,20.0361],[86.3056,20.0361],[86.3061,20.0356],[86.3064,20.0356],[86.3067,20.0353],[86.3072,20.0353],[86.3078,20.0347],[86.3081,20.0347],[86.3081,20.0344],[86.3072,20.0336],[86.3069,20.0336],[86.3068,20.0334],[86.3064,20.0331],[86.3058,20.0331],[86.3053,20.0325],[86.3044,20.0325],[86.3039,20.0331],[86.3036,20.0328],[86.3033,20.0328],[86.303,20.0325],[86.3028,20.0325],[86.3017,20.0314],[86.3011,20.0319],[86.3006,20.0319],[86.2994,20.0308],[86.2992,20.0308],[86.2981,20.0297],[86.2981,20.0294],[86.2978,20.0292],[86.2972,20.0292],[86.2967,20.0297],[86.2967,20.03],[86.2964,20.0303],[86.2958,20.0303],[86.2953,20.0297],[86.295,20.0297],[86.2949,20.0296],[86.2947,20.0294],[86.2917,20.0294],[86.2914,20.0292],[86.2906,20.0292],[86.2903,20.0289],[86.29,20.0289],[86.2897,20.0286],[86.2892,20.0286],[86.2889,20.0289],[86.2886,20.0286],[86.2881,20.0286],[86.2875,20.0286],[86.2872,20.0283],[86.2867,20.0283],[86.2864,20.0286],[86.2856,20.0286],[86.2853,20.0283],[86.2847,20.0283],[86.2844,20.0281],[86.2842,20.0281],[86.284,20.0279],[86.2839,20.0278],[86.2833,20.0278],[86.2831,20.0275],[86.2822,20.0275],[86.2819,20.0272],[86.2806,20.0272],[86.2803,20.0269],[86.28,20.027],[86.2797,20.0267],[86.2789,20.0267],[86.2786,20.027],[86.2783,20.0269],[86.278,20.0272],[86.278,20.0281],[86.2784,20.0283],[86.278,20.0286],[86.278,20.0289],[86.2778,20.0292],[86.2778,20.0294],[86.2772,20.03],[86.2761,20.03],[86.2758,20.0297],[86.2744,20.0297],[86.2742,20.03],[86.2739,20.03],[86.2736,20.0303],[86.2733,20.0303],[86.2725,20.0311],[86.2725,20.0314],[86.2722,20.0317],[86.2722,20.0319],[86.2719,20.0322],[86.2719,20.0325],[86.2714,20.0331],[86.2711,20.0333],[86.27,20.0333],[86.2694,20.0339],[86.2692,20.0339],[86.2689,20.0342],[86.2686,20.0342],[86.2681,20.0347],[86.2678,20.0347],[86.2675,20.035],[86.2672,20.035],[86.2669,20.0353],[86.2664,20.0353],[86.2661,20.035],[86.2656,20.035],[86.2653,20.0347],[86.2644,20.0347],[86.2642,20.035],[86.2631,20.035],[86.2628,20.0347],[86.2625,20.0347],[86.2622,20.0344],[86.2608,20.0344],[86.2601,20.0337],[86.2597,20.0333],[86.2594,20.0333],[86.2592,20.0331],[86.2589,20.0331],[86.2583,20.0325],[86.2581,20.0325],[86.2578,20.0322],[86.2575,20.0322],[86.2569,20.0317],[86.2564,20.0317],[86.2563,20.0316],[86.2561,20.0314],[86.2558,20.0314],[86.2556,20.0311],[86.2553,20.0311],[86.255,20.0308],[86.2547,20.0308],[86.2539,20.03],[86.2539,20.0297],[86.2522,20.0297],[86.252,20.03],[86.2514,20.03],[86.2511,20.0297],[86.2508,20.0297],[86.2503,20.0303],[86.25,20.0303],[86.2496,20.0303],[86.2492,20.0303],[86.2489,20.0302],[86.2485,20.03],[86.2482,20.0298],[86.2478,20.0293],[86.2474,20.0289],[86.2471,20.0289],[86.2468,20.0291],[86.2464,20.0291],[86.2459,20.0289],[86.2457,20.029],[86.2455,20.0292],[86.2452,20.0294],[86.245,20.0296],[86.2448,20.0298],[86.2446,20.0301],[86.2445,20.0305],[86.2445,20.0308],[86.2447,20.0311],[86.2447,20.0314],[86.2447,20.0317],[86.2447,20.0321],[86.2447,20.0326],[86.2447,20.0331],[86.2447,20.0337],[86.2448,20.0343],[86.2449,20.0347],[86.245,20.0352],[86.2451,20.0357],[86.2452,20.0362],[86.2454,20.0367],[86.2456,20.0371],[86.2458,20.0375],[86.2459,20.0378],[86.2461,20.0381],[86.2463,20.0384],[86.2465,20.0387],[86.2467,20.039],[86.2468,20.0393],[86.247,20.0396],[86.2472,20.0399],[86.2474,20.0402],[86.2477,20.0406],[86.2479,20.0409],[86.2481,20.0412],[86.2483,20.0415],[86.2485,20.0418],[86.2486,20.0421],[86.2489,20.0424],[86.249,20.0427],[86.2492,20.0431],[86.2495,20.0434],[86.2499,20.0437],[86.2503,20.0441],[86.2508,20.0444],[86.2512,20.0447],[86.2517,20.045],[86.2522,20.0453],[86.2525,20.0456],[86.2531,20.0456],[86.2539,20.0464],[86.2542,20.0467],[86.2542,20.0472],[86.2544,20.0475],[86.2544,20.0486],[86.2547,20.0489],[86.2549,20.0493],[86.255,20.0497],[86.2553,20.05],[86.2555,20.0503],[86.2558,20.0507],[86.2561,20.0511],[86.2565,20.0515],[86.257,20.052],[86.2575,20.0524],[86.2581,20.0528],[86.2586,20.0531],[86.2592,20.0533],[86.2597,20.0536],[86.2597,20.0539],[86.26,20.0542],[86.2603,20.0542],[86.2606,20.0545],[86.2608,20.0545],[86.2615,20.0551],[86.2617,20.0553],[86.2619,20.0553],[86.2625,20.0547],[86.2628,20.0547],[86.2631,20.0544],[86.2634,20.0545],[86.2636,20.0542],[86.2639,20.0542],[86.2644,20.0536],[86.265,20.0542],[86.2656,20.0547],[86.2656,20.055],[86.265,20.0555],[86.265,20.0561],[86.2653,20.0564],[86.2653,20.0567],[86.2664,20.0578],[86.2667,20.0578],[86.2669,20.0581],[86.2683,20.0581],[86.2686,20.0583],[86.27,20.0583],[86.2703,20.0581]]],[[[86.2634,20.0581],[86.2617,20.0564],[86.2614,20.0564],[86.2603,20.0553],[86.26,20.0553],[86.2597,20.055],[86.2592,20.055],[86.2586,20.0545],[86.2583,20.0545],[86.2581,20.0542],[86.2578,20.0542],[86.2575,20.0539],[86.2572,20.0539],[86.2569,20.0536],[86.2567,20.0536],[86.2564,20.0533],[86.2561,20.0533],[86.2559,20.0531],[86.2553,20.0525],[86.2544,20.0525],[86.2542,20.0522],[86.2539,20.0525],[86.2533,20.0525],[86.2531,20.0522],[86.2528,20.0522],[86.2525,20.0519],[86.2522,20.0519],[86.2519,20.0517],[86.2517,20.0517],[86.2514,20.0514],[86.2508,20.0514],[86.2506,20.0517],[86.2506,20.0522],[86.2503,20.0525],[86.2506,20.0528],[86.2506,20.0531],[86.252,20.0545],[86.2522,20.0544],[86.2533,20.0556],[86.2536,20.0556],[86.2539,20.0558],[86.2542,20.0558],[86.2544,20.0561],[86.2547,20.0561],[86.255,20.0564],[86.2553,20.0564],[86.2558,20.0569],[86.2561,20.0569],[86.2564,20.0572],[86.2567,20.0573],[86.2569,20.0575],[86.2572,20.0575],[86.2575,20.0578],[86.2583,20.0578],[86.2586,20.0581],[86.2592,20.0581],[86.2594,20.0583],[86.2611,20.0583],[86.2617,20.0589],[86.2625,20.0589],[86.2634,20.0581]]],[[[86.4372,20.0594],[86.4381,20.0586],[86.4378,20.0583],[86.4375,20.0583],[86.4369,20.0578],[86.4367,20.0578],[86.4364,20.0575],[86.4361,20.0575],[86.4353,20.0567],[86.4353,20.0561],[86.4344,20.0553],[86.4344,20.055],[86.4336,20.0542],[86.4336,20.0528],[86.4342,20.0522],[86.4344,20.0522],[86.4347,20.0519],[86.4347,20.0517],[86.4342,20.0511],[86.4336,20.0511],[86.4333,20.0508],[86.4331,20.0511],[86.4322,20.0511],[86.4322,20.0522],[86.4319,20.0525],[86.4319,20.0544],[86.4317,20.0547],[86.4317,20.0553],[86.4322,20.0558],[86.4322,20.0561],[86.4325,20.0564],[86.4325,20.0569],[86.4339,20.0583],[86.4342,20.0583],[86.4344,20.0586],[86.4353,20.0586],[86.4355,20.0589],[86.4361,20.0589],[86.4364,20.0592],[86.4367,20.0592],[86.4369,20.0594],[86.4372,20.0594]]],[[[86.4911,20.1497],[86.4914,20.1494],[86.4917,20.1494],[86.4917,20.1481],[86.4922,20.1475],[86.4928,20.1475],[86.4933,20.1481],[86.4933,20.1486],[86.4936,20.1489],[86.4947,20.1489],[86.4947,20.1481],[86.4936,20.1469],[86.4936,20.1467],[86.4928,20.1458],[86.4925,20.1458],[86.4922,20.1456],[86.4911,20.1456],[86.4908,20.1458],[86.4903,20.1458],[86.49,20.1461],[86.4897,20.1461],[86.4892,20.1467],[86.4892,20.1469],[86.4894,20.1472],[86.4894,20.1481],[86.4892,20.1483],[86.4892,20.1486],[86.49,20.1494],[86.4906,20.1494],[86.4908,20.1497],[86.4911,20.1497]]],[[[86.5017,20.1758],[86.502,20.1756],[86.5025,20.1756],[86.5028,20.1753],[86.5036,20.1753],[86.5042,20.1747],[86.5044,20.1747],[86.5047,20.1744],[86.505,20.1744],[86.5053,20.1742],[86.5058,20.1742],[86.5061,20.1739],[86.5072,20.1739],[86.5081,20.1731],[86.5081,20.1725],[86.5069,20.1714],[86.5067,20.1714],[86.5055,20.1703],[86.505,20.1703],[86.505,20.17],[86.5039,20.1689],[86.5028,20.1689],[86.5025,20.1686],[86.5024,20.1688],[86.5022,20.1689],[86.5017,20.1683],[86.5003,20.1683],[86.5,20.1681],[86.5,20.1678],[86.4999,20.1672],[86.4998,20.1668],[86.4995,20.1663],[86.4992,20.1659],[86.499,20.1654],[86.4986,20.1649],[86.4983,20.1644],[86.4979,20.1639],[86.4977,20.1632],[86.4975,20.1625],[86.4971,20.162],[86.4966,20.1617],[86.4959,20.1617],[86.4957,20.1617],[86.4954,20.1618],[86.4949,20.162],[86.4944,20.1622],[86.494,20.1625],[86.4936,20.1628],[86.4935,20.1631],[86.4936,20.1635],[86.4937,20.1638],[86.4939,20.1642],[86.4941,20.1646],[86.4942,20.1649],[86.4945,20.1652],[86.4946,20.1655],[86.4944,20.1657],[86.4939,20.1659],[86.4939,20.1659],[86.4935,20.1659],[86.4931,20.1658],[86.4927,20.1656],[86.4923,20.1653],[86.4919,20.1649],[86.4916,20.1649],[86.4914,20.1653],[86.4911,20.1657],[86.4909,20.1663],[86.4909,20.1669],[86.4909,20.1674],[86.4908,20.1679],[86.4905,20.1683],[86.4903,20.1688],[86.4899,20.1694],[86.4896,20.1699],[86.4896,20.1704],[86.4901,20.1707],[86.4907,20.171],[86.4912,20.1713],[86.4917,20.1715],[86.4922,20.1717],[86.4925,20.1719],[86.4928,20.1719],[86.4931,20.1722],[86.4933,20.1722],[86.4939,20.1728],[86.4939,20.1731],[86.4942,20.1733],[86.4944,20.1733],[86.495,20.1728],[86.4953,20.1728],[86.4956,20.1731],[86.4958,20.1731],[86.4961,20.1735],[86.4965,20.1738],[86.4968,20.1742],[86.497,20.1745],[86.4972,20.1748],[86.4973,20.1752],[86.4975,20.1756],[86.4977,20.176],[86.498,20.1763],[86.4984,20.1767],[86.4988,20.1768],[86.4994,20.1766],[86.5,20.1764],[86.5006,20.1761],[86.5012,20.1759],[86.5017,20.1758]]],[[[86.553,20.2053],[86.5526,20.2053],[86.5527,20.2058],[86.5533,20.2064],[86.554,20.2068],[86.555,20.2074],[86.5553,20.2071],[86.5554,20.2068],[86.5551,20.2063],[86.5543,20.2061],[86.5537,20.2057],[86.553,20.2053]]],[[[86.7917,20.3736],[86.7919,20.3733],[86.7922,20.3733],[86.7925,20.3731],[86.7936,20.3731],[86.7938,20.3732],[86.7939,20.3733],[86.7942,20.3733],[86.7944,20.3731],[86.7947,20.3731],[86.7956,20.3722],[86.7958,20.3722],[86.7958,20.3717],[86.7953,20.3711],[86.7953,20.37],[86.795,20.3697],[86.7948,20.3693],[86.7947,20.3688],[86.7944,20.3683],[86.7942,20.3679],[86.7941,20.3675],[86.7939,20.3671],[86.7936,20.3667],[86.7923,20.3654],[86.7922,20.3653],[86.7917,20.3653],[86.7911,20.3658],[86.7911,20.3661],[86.7911,20.3662],[86.7908,20.3668],[86.7906,20.3674],[86.7905,20.3679],[86.7904,20.3686],[86.7904,20.3693],[86.7904,20.37],[86.7904,20.3707],[86.7905,20.3714],[86.7906,20.3721],[86.7906,20.3727],[86.791,20.3732],[86.7917,20.3736]]],[[[86.7939,20.3799],[86.7944,20.3797],[86.7947,20.3794],[86.7949,20.3791],[86.795,20.3787],[86.7952,20.3784],[86.7953,20.378],[86.7955,20.3777],[86.7957,20.3774],[86.7958,20.3772],[86.7968,20.3766],[86.7971,20.3761],[86.797,20.3751],[86.7964,20.3747],[86.7964,20.3744],[86.7958,20.3745],[86.7956,20.3742],[86.795,20.3747],[86.7942,20.3756],[86.7939,20.3756],[86.7939,20.375],[86.7936,20.3747],[86.7928,20.3747],[86.7925,20.375],[86.7922,20.375],[86.7917,20.3756],[86.7917,20.3758],[86.7911,20.3764],[86.7911,20.3778],[86.7908,20.3781],[86.7908,20.3783],[86.7911,20.3786],[86.7911,20.3789],[86.7919,20.3797],[86.7922,20.3797],[86.7925,20.38],[86.7933,20.38],[86.7939,20.3799]]],[[[86.7931,20.3842],[86.7928,20.3839],[86.7911,20.3856],[86.7917,20.3861],[86.7919,20.3861],[86.7933,20.3875],[86.7939,20.3875],[86.7944,20.3869],[86.7944,20.3867],[86.7942,20.3864],[86.7939,20.3864],[86.7939,20.3845],[86.7939,20.3842],[86.7931,20.3842]]],[[[86.8028,20.4208],[86.8036,20.42],[86.8039,20.42],[86.8042,20.4197],[86.8044,20.4197],[86.8047,20.4194],[86.8056,20.4194],[86.8058,20.4197],[86.8072,20.4197],[86.8078,20.4192],[86.8081,20.4192],[86.8083,20.4195],[86.8086,20.4195],[86.8089,20.4192],[86.8089,20.4189],[86.8094,20.4183],[86.8094,20.4181],[86.8097,20.4178],[86.81,20.4178],[86.8122,20.4156],[86.8122,20.4153],[86.8131,20.4144],[86.8131,20.4142],[86.8133,20.4139],[86.8131,20.4136],[86.8131,20.4133],[86.8133,20.4131],[86.8133,20.4125],[86.8136,20.4122],[86.8136,20.4117],[86.8139,20.4114],[86.8139,20.4111],[86.8142,20.4108],[86.8142,20.4106],[86.8145,20.4103],[86.8145,20.4081],[86.8147,20.4078],[86.8147,20.4072],[86.8149,20.4067],[86.8147,20.4062],[86.8145,20.4058],[86.8143,20.4055],[86.8145,20.405],[86.8146,20.4046],[86.8147,20.4041],[86.8145,20.4037],[86.8144,20.4032],[86.8142,20.4027],[86.814,20.4022],[86.8139,20.4017],[86.8138,20.4013],[86.8137,20.4008],[86.8136,20.4003],[86.8136,20.4],[86.8128,20.3992],[86.8128,20.3986],[86.8125,20.3983],[86.8125,20.3978],[86.8122,20.3975],[86.8122,20.3972],[86.8119,20.3969],[86.8119,20.3964],[86.8117,20.3961],[86.8114,20.3957],[86.8112,20.3953],[86.811,20.3949],[86.8108,20.3944],[86.8105,20.394],[86.8103,20.3936],[86.8102,20.3932],[86.8101,20.3928],[86.8101,20.3923],[86.8099,20.3919],[86.8097,20.3916],[86.8095,20.3912],[86.8094,20.3908],[86.8094,20.3903],[86.8092,20.39],[86.8092,20.3894],[86.8086,20.3889],[86.8086,20.3886],[86.8083,20.3883],[86.8083,20.3872],[86.8081,20.3869],[86.8081,20.3864],[86.8078,20.3861],[86.8078,20.3853],[86.8075,20.385],[86.8075,20.3839],[86.8078,20.3836],[86.8078,20.3819],[86.8075,20.3817],[86.8075,20.3811],[86.8078,20.3808],[86.8078,20.3806],[86.8075,20.3803],[86.8075,20.3783],[86.8072,20.3781],[86.8072,20.375],[86.8069,20.3747],[86.8069,20.3744],[86.8067,20.3742],[86.8067,20.3739],[86.8044,20.3717],[86.8042,20.3717],[86.8039,20.3714],[86.8036,20.3717],[86.8036,20.3719],[86.8033,20.3722],[86.8033,20.3725],[86.8036,20.3728],[86.8036,20.3739],[86.8044,20.3747],[86.803,20.3761],[86.803,20.3767],[86.8044,20.3781],[86.8044,20.3786],[86.8047,20.3789],[86.8047,20.3792],[86.805,20.3794],[86.805,20.3797],[86.8053,20.38],[86.8053,20.3803],[86.8056,20.3806],[86.8056,20.3811],[86.8057,20.3812],[86.8058,20.3814],[86.8058,20.3817],[86.8061,20.3819],[86.8061,20.3822],[86.8058,20.3825],[86.8058,20.3833],[86.8058,20.3839],[86.8058,20.3844],[86.8056,20.385],[86.8057,20.3854],[86.8058,20.3859],[86.8058,20.3864],[86.8059,20.3869],[86.8061,20.3874],[86.8061,20.3879],[86.8059,20.3883],[86.8059,20.3888],[86.8059,20.3893],[86.8057,20.3896],[86.8054,20.3898],[86.8051,20.3895],[86.8047,20.389],[86.8047,20.3889],[86.8044,20.3884],[86.804,20.3879],[86.8037,20.3875],[86.8027,20.3865],[86.8022,20.3861],[86.8017,20.3861],[86.8016,20.3866],[86.8015,20.3871],[86.8015,20.3877],[86.8012,20.3881],[86.8011,20.3886],[86.8007,20.3892],[86.8005,20.3896],[86.8003,20.3899],[86.8004,20.3904],[86.8006,20.3911],[86.8008,20.3916],[86.8011,20.3919],[86.8019,20.3928],[86.8019,20.3931],[86.8022,20.3933],[86.8022,20.3947],[86.8019,20.395],[86.8019,20.3956],[86.8017,20.3958],[86.8017,20.3961],[86.8011,20.3967],[86.801,20.3969],[86.8007,20.3971],[86.8003,20.3973],[86.8,20.3977],[86.7998,20.3982],[86.7997,20.3988],[86.7999,20.3994],[86.8006,20.3996],[86.801,20.4],[86.8012,20.4004],[86.8014,20.4008],[86.8022,20.4017],[86.8022,20.402],[86.8011,20.4031],[86.8011,20.4033],[86.8014,20.4036],[86.8014,20.4042],[86.8017,20.4044],[86.8017,20.4061],[86.8014,20.4064],[86.8014,20.4067],[86.8011,20.4069],[86.8011,20.4075],[86.8008,20.4078],[86.8011,20.4081],[86.8011,20.4089],[86.8014,20.4092],[86.8014,20.4097],[86.8008,20.4103],[86.8005,20.4105],[86.8005,20.4109],[86.8006,20.4114],[86.8009,20.4118],[86.8014,20.4122],[86.8017,20.4122],[86.8019,20.4125],[86.8022,20.4125],[86.8025,20.4128],[86.8028,20.4128],[86.8033,20.4122],[86.8036,20.4122],[86.8039,20.4119],[86.8042,20.412],[86.8047,20.4114],[86.805,20.4114],[86.8056,20.4108],[86.8056,20.4106],[86.8058,20.4103],[86.8064,20.4103],[86.8069,20.4108],[86.8061,20.4117],[86.8061,20.4122],[86.8064,20.4125],[86.8064,20.4128],[86.8069,20.4133],[86.8058,20.4144],[86.805,20.4144],[86.8042,20.4153],[86.8042,20.4158],[86.8036,20.4164],[86.8033,20.4164],[86.803,20.4167],[86.8031,20.4178],[86.8022,20.4186],[86.8022,20.4189],[86.8017,20.4195],[86.8017,20.42],[86.8025,20.4208],[86.8028,20.4208]]],[[[86.7897,20.3876],[86.7894,20.3875],[86.789,20.3878],[86.789,20.3882],[86.7892,20.3887],[86.7892,20.3892],[86.789,20.39],[86.7891,20.3906],[86.7892,20.391],[86.7891,20.3914],[86.789,20.3918],[86.7889,20.3922],[86.7889,20.3925],[86.7889,20.3929],[86.7889,20.3932],[86.7891,20.3935],[86.7892,20.3938],[86.7893,20.3941],[86.7894,20.3945],[86.7895,20.3949],[86.7897,20.3952],[86.7897,20.3956],[86.7897,20.396],[86.7897,20.3964],[86.7897,20.3968],[86.7897,20.3973],[86.7897,20.3978],[86.7897,20.3984],[86.7897,20.3989],[86.79,20.4002],[86.7898,20.401],[86.7893,20.402],[86.7888,20.403],[86.7886,20.4039],[86.7878,20.4051],[86.7879,20.4056],[86.7881,20.4061],[86.7883,20.4064],[86.7883,20.4067],[86.7886,20.4069],[86.7886,20.4078],[86.7894,20.4086],[86.7894,20.4089],[86.7897,20.4092],[86.7897,20.4094],[86.79,20.4097],[86.79,20.4106],[86.7903,20.4108],[86.7903,20.4117],[86.7906,20.412],[86.7906,20.4128],[86.7903,20.4131],[86.7903,20.4139],[86.79,20.4142],[86.79,20.4153],[86.7897,20.4156],[86.7897,20.4161],[86.7903,20.4167],[86.79,20.4169],[86.79,20.4175],[86.7897,20.4178],[86.7897,20.4197],[86.79,20.42],[86.79,20.4211],[86.7903,20.4214],[86.7903,20.4217],[86.79,20.4219],[86.79,20.4242],[86.7903,20.4244],[86.7903,20.425],[86.79,20.4253],[86.79,20.4258],[86.7903,20.4261],[86.7903,20.4264],[86.7904,20.4268],[86.7906,20.4273],[86.7908,20.4278],[86.7906,20.4281],[86.7906,20.4286],[86.7908,20.4289],[86.7911,20.4292],[86.7914,20.4292],[86.7915,20.429],[86.7919,20.4286],[86.7919,20.4283],[86.7922,20.4281],[86.7922,20.4278],[86.7925,20.4275],[86.7925,20.4272],[86.7928,20.4269],[86.7928,20.4267],[86.7931,20.4264],[86.7931,20.4261],[86.7933,20.4258],[86.7933,20.4253],[86.7933,20.4249],[86.7934,20.4245],[86.7935,20.424],[86.7936,20.4236],[86.7936,20.4231],[86.7936,20.4226],[86.7936,20.4221],[86.7937,20.4217],[86.7938,20.4213],[86.7938,20.4209],[86.7937,20.4204],[86.7936,20.42],[86.7934,20.4195],[86.7934,20.4191],[86.7933,20.4187],[86.7933,20.4183],[86.7933,20.4179],[86.7934,20.4176],[86.7935,20.4173],[86.7937,20.4169],[86.7939,20.4166],[86.794,20.4163],[86.7941,20.4158],[86.7942,20.4154],[86.7942,20.4148],[86.7942,20.4143],[86.7944,20.4138],[86.7944,20.4133],[86.7945,20.4129],[86.7945,20.4124],[86.7947,20.412],[86.7947,20.4116],[86.7946,20.4111],[86.7948,20.4105],[86.7945,20.41],[86.7942,20.4097],[86.7939,20.4092],[86.7937,20.4086],[86.7934,20.4081],[86.7933,20.4075],[86.7931,20.4069],[86.7931,20.4063],[86.793,20.4056],[86.7929,20.405],[86.7928,20.4043],[86.793,20.4037],[86.7931,20.403],[86.7931,20.4025],[86.7931,20.4019],[86.7931,20.4015],[86.7933,20.4011],[86.7933,20.4007],[86.7933,20.4002],[86.7933,20.3998],[86.7934,20.3995],[86.7935,20.3991],[86.7935,20.3987],[86.7936,20.3984],[86.7936,20.3982],[86.7936,20.398],[86.7936,20.3976],[86.7936,20.3972],[86.7937,20.3969],[86.7938,20.3966],[86.794,20.3962],[86.7941,20.3959],[86.7942,20.3955],[86.7944,20.3951],[86.7947,20.3947],[86.7952,20.3943],[86.7954,20.3938],[86.7953,20.3934],[86.7947,20.3929],[86.7943,20.3925],[86.7941,20.3921],[86.794,20.3917],[86.7938,20.3912],[86.7936,20.3908],[86.7933,20.3903],[86.7931,20.3899],[86.7928,20.3895],[86.7925,20.3893],[86.7922,20.389],[86.7919,20.3889],[86.7917,20.3887],[86.7914,20.3885],[86.7912,20.3883],[86.7909,20.3881],[86.7904,20.3878],[86.7897,20.3876]]],[[[86.8027,20.4595],[86.8026,20.4595],[86.802,20.4595],[86.8015,20.4597],[86.8013,20.4599],[86.8012,20.4605],[86.8012,20.4612],[86.8014,20.4618],[86.8015,20.4622],[86.8019,20.4625],[86.8025,20.4626],[86.8028,20.4626],[86.8033,20.4625],[86.8036,20.462],[86.8036,20.4615],[86.8032,20.4608],[86.8029,20.4603],[86.8027,20.4595]]],[[[86.8053,20.4919],[86.8064,20.4908],[86.8064,20.4906],[86.8069,20.49],[86.8069,20.4897],[86.8072,20.4894],[86.8072,20.4892],[86.8075,20.4889],[86.8075,20.4886],[86.8078,20.4883],[86.8078,20.4878],[86.8081,20.4875],[86.8078,20.4872],[86.8078,20.4869],[86.8081,20.4867],[86.8081,20.4864],[86.8083,20.4861],[86.8083,20.4856],[86.8086,20.4853],[86.8086,20.4844],[86.8094,20.4836],[86.8092,20.4833],[86.8092,20.4831],[86.8086,20.4825],[86.8089,20.4822],[86.8089,20.4817],[86.8086,20.4814],[86.8094,20.4806],[86.8094,20.48],[86.8092,20.4797],[86.8092,20.4794],[86.8089,20.4792],[86.8089,20.4781],[86.8092,20.4778],[86.8092,20.4772],[86.8094,20.4769],[86.8094,20.4767],[86.8086,20.4758],[86.8083,20.4744],[86.8083,20.4742],[86.8081,20.4739],[86.8078,20.4739],[86.8072,20.4733],[86.8069,20.4731],[86.8069,20.4728],[86.8067,20.4725],[86.8067,20.4719],[86.8058,20.4711],[86.8058,20.4692],[86.806,20.4684],[86.806,20.4676],[86.8059,20.4669],[86.8057,20.4667],[86.8056,20.4665],[86.8055,20.466],[86.8053,20.4657],[86.8052,20.4652],[86.8049,20.4646],[86.8048,20.4645],[86.8044,20.4639],[86.8042,20.4636],[86.8036,20.4636],[86.8025,20.4647],[86.8028,20.465],[86.8028,20.4656],[86.803,20.4658],[86.8031,20.4667],[86.8028,20.4669],[86.8028,20.4678],[86.8025,20.4681],[86.8025,20.4697],[86.8022,20.47],[86.8022,20.4706],[86.8019,20.4708],[86.8019,20.4722],[86.8011,20.4731],[86.8011,20.4733],[86.8008,20.4736],[86.8008,20.4739],[86.8011,20.4742],[86.8011,20.4744],[86.8014,20.4747],[86.8014,20.4753],[86.8015,20.4754],[86.8017,20.4756],[86.8017,20.4758],[86.8019,20.4761],[86.8019,20.4764],[86.8039,20.4783],[86.8053,20.4797],[86.8053,20.4803],[86.8058,20.4808],[86.8058,20.4811],[86.8042,20.4828],[86.8039,20.4828],[86.8033,20.4833],[86.8039,20.4839],[86.8039,20.4842],[86.8036,20.4844],[86.8036,20.485],[86.8042,20.4856],[86.8042,20.4858],[86.8039,20.4861],[86.8039,20.4864],[86.8042,20.4867],[86.8044,20.4867],[86.8047,20.4869],[86.8047,20.4872],[86.805,20.4875],[86.805,20.4883],[86.8044,20.4889],[86.8044,20.4892],[86.8042,20.4894],[86.8042,20.4897],[86.8044,20.49],[86.8044,20.4908],[86.8042,20.4911],[86.8042,20.4914],[86.8044,20.4917],[86.805,20.4917],[86.8053,20.4919]]],[[[86.8742,20.6736],[86.8739,20.6733],[86.8736,20.6733],[86.8732,20.6731],[86.8724,20.6727],[86.8721,20.6727],[86.872,20.6731],[86.8722,20.6739],[86.8722,20.6742],[86.8733,20.6753],[86.8733,20.6756],[86.8756,20.6778],[86.8758,20.6778],[86.8761,20.6781],[86.877,20.6789],[86.8772,20.6789],[86.8778,20.6795],[86.8783,20.6795],[86.8789,20.6789],[86.8789,20.6786],[86.8783,20.6781],[86.8783,20.6778],[86.8764,20.6758],[86.8764,20.6756],[86.8744,20.6736],[86.8742,20.6736]]],[[[86.7981,20.6919],[86.7978,20.6903],[86.7976,20.6898],[86.7976,20.6892],[86.7973,20.6886],[86.7966,20.6878],[86.7958,20.6856],[86.7953,20.6842],[86.7953,20.6839],[86.795,20.6836],[86.795,20.6833],[86.7947,20.6831],[86.7947,20.6828],[86.7944,20.6825],[86.7944,20.6822],[86.7942,20.6819],[86.7942,20.6817],[86.7939,20.6814],[86.7939,20.6808],[86.7936,20.6806],[86.7936,20.6803],[86.7933,20.68],[86.7933,20.6797],[86.7931,20.6794],[86.7931,20.6792],[86.7925,20.6786],[86.7925,20.6783],[86.7922,20.6781],[86.7922,20.6778],[86.7911,20.6767],[86.7911,20.6764],[86.7908,20.6761],[86.7906,20.6758],[86.7902,20.6753],[86.7897,20.6749],[86.7892,20.6751],[86.7892,20.6769],[86.7893,20.6782],[86.7893,20.6793],[86.7894,20.6808],[86.7897,20.6811],[86.7897,20.6828],[86.79,20.6831],[86.79,20.6833],[86.7903,20.6836],[86.7903,20.6839],[86.7906,20.6842],[86.7906,20.685],[86.7908,20.6853],[86.7908,20.6856],[86.7911,20.6858],[86.7911,20.6861],[86.7914,20.6864],[86.7914,20.6869],[86.7917,20.6872],[86.7917,20.6875],[86.7919,20.6878],[86.7919,20.6881],[86.7922,20.6883],[86.7922,20.6886],[86.7928,20.6892],[86.7928,20.6897],[86.7931,20.69],[86.7931,20.6906],[86.7933,20.6908],[86.7933,20.6911],[86.7936,20.6914],[86.7939,20.6914],[86.7939,20.6919],[86.7942,20.6922],[86.7942,20.6928],[86.7947,20.6933],[86.7947,20.6939],[86.795,20.6942],[86.795,20.6944],[86.7953,20.6947],[86.7953,20.6958],[86.7958,20.6964],[86.7958,20.6972],[86.7964,20.6978],[86.7964,20.6981],[86.7969,20.6986],[86.7969,20.6989],[86.7975,20.6994],[86.7975,20.6997],[86.7983,20.7006],[86.7986,20.7006],[86.7992,20.7],[86.7992,20.6997],[86.7989,20.6994],[86.7985,20.6991],[86.7985,20.6986],[86.7985,20.6968],[86.7985,20.6962],[86.7984,20.695],[86.7983,20.6942],[86.7983,20.6922],[86.7981,20.6919]]],[[[87.003,20.7108],[87.0023,20.7103],[87.0022,20.7106],[87.0022,20.7109],[87.0024,20.7111],[87.0025,20.7114],[87.0027,20.7118],[87.003,20.7122],[87.0031,20.7125],[87.0032,20.7129],[87.0033,20.7134],[87.004,20.7142],[87.0043,20.7147],[87.0046,20.7153],[87.005,20.7157],[87.0053,20.7161],[87.0059,20.7171],[87.0064,20.7176],[87.0069,20.7187],[87.0079,20.7197],[87.0083,20.7201],[87.0087,20.7202],[87.009,20.7202],[87.0092,20.72],[87.0091,20.7197],[87.0088,20.7194],[87.0088,20.7188],[87.0087,20.7185],[87.0085,20.7181],[87.0083,20.7177],[87.0082,20.7171],[87.0077,20.7167],[87.0074,20.7164],[87.0069,20.7156],[87.0069,20.7152],[87.0063,20.7143],[87.006,20.7134],[87.0056,20.7129],[87.0052,20.7124],[87.005,20.7122],[87.0049,20.7121],[87.0044,20.7117],[87.004,20.7115],[87.0036,20.7113],[87.0034,20.7111],[87.003,20.7108]]],[[[87.0085,20.7081],[87.0077,20.708],[87.0052,20.708],[87.0044,20.7081],[87.0037,20.7083],[87.0024,20.7087],[87.0024,20.709],[87.0029,20.7095],[87.0033,20.7099],[87.0038,20.7104],[87.0044,20.7109],[87.0046,20.7111],[87.0051,20.7115],[87.0059,20.7124],[87.0063,20.7131],[87.0066,20.7136],[87.0071,20.7143],[87.0073,20.7148],[87.0076,20.7155],[87.0081,20.7162],[87.0087,20.717],[87.0093,20.7177],[87.0099,20.7183],[87.0106,20.7191],[87.0111,20.7194],[87.0115,20.7199],[87.012,20.7204],[87.0126,20.7208],[87.0133,20.7211],[87.0139,20.7215],[87.0144,20.7219],[87.0151,20.7222],[87.0155,20.7222],[87.0157,20.7222],[87.0158,20.7222],[87.0161,20.7219],[87.0164,20.7215],[87.0166,20.7212],[87.0169,20.7208],[87.0171,20.7203],[87.0172,20.7199],[87.0174,20.7194],[87.0175,20.719],[87.0176,20.7186],[87.0176,20.7177],[87.0176,20.7174],[87.0178,20.7172],[87.0178,20.7167],[87.0175,20.7161],[87.0175,20.716],[87.0174,20.7156],[87.0174,20.715],[87.0172,20.7143],[87.0169,20.7139],[87.0166,20.7133],[87.0162,20.7124],[87.0159,20.7121],[87.0155,20.7118],[87.0149,20.7111],[87.0142,20.7104],[87.0137,20.7101],[87.0132,20.7098],[87.0126,20.7094],[87.0118,20.709],[87.0112,20.7088],[87.0107,20.7085],[87.0099,20.7083],[87.0092,20.7082],[87.0085,20.7081]]],[[[87.0575,20.7444],[87.0576,20.7439],[87.0574,20.7437],[87.0571,20.7439],[87.0567,20.7441],[87.0563,20.7441],[87.0561,20.744],[87.0559,20.7439],[87.0555,20.7438],[87.0551,20.7436],[87.0548,20.7434],[87.0542,20.7435],[87.0537,20.7436],[87.0532,20.7436],[87.0526,20.7435],[87.052,20.7433],[87.0516,20.7433],[87.0513,20.7431],[87.0509,20.743],[87.0505,20.7427],[87.0501,20.7426],[87.0498,20.7427],[87.0495,20.7431],[87.0493,20.7435],[87.049,20.7438],[87.0491,20.7442],[87.0495,20.7445],[87.05,20.7447],[87.0504,20.745],[87.0508,20.7452],[87.0512,20.7453],[87.0516,20.7453],[87.052,20.7454],[87.0525,20.7455],[87.0529,20.7456],[87.0534,20.7458],[87.0538,20.746],[87.0543,20.7461],[87.0549,20.7459],[87.0555,20.7457],[87.056,20.7454],[87.0565,20.7452],[87.0569,20.745],[87.0573,20.7448],[87.0574,20.7446],[87.0575,20.7444]]],[[[87.0706,20.7362],[87.0704,20.7355],[87.07,20.7353],[87.0694,20.7358],[87.0692,20.7358],[87.0682,20.7367],[87.068,20.7369],[87.068,20.7378],[87.0683,20.7381],[87.0683,20.7386],[87.0692,20.7394],[87.0695,20.7394],[87.0697,20.7394],[87.07,20.7397],[87.0698,20.74],[87.0697,20.7402],[87.0696,20.7406],[87.0697,20.7409],[87.0697,20.7412],[87.0697,20.7416],[87.0697,20.742],[87.0697,20.7425],[87.0698,20.743],[87.0699,20.7435],[87.07,20.744],[87.0702,20.7445],[87.0703,20.745],[87.0703,20.7456],[87.0703,20.7461],[87.0705,20.7466],[87.0706,20.747],[87.0707,20.7475],[87.0709,20.748],[87.0712,20.7485],[87.0715,20.7488],[87.0718,20.7488],[87.0719,20.7487],[87.0721,20.7485],[87.0721,20.7482],[87.0721,20.7478],[87.072,20.7472],[87.072,20.7467],[87.0719,20.7462],[87.072,20.7458],[87.0719,20.7454],[87.0719,20.745],[87.0719,20.7446],[87.0719,20.7441],[87.0717,20.7437],[87.0717,20.7432],[87.0717,20.7427],[87.0716,20.7423],[87.0714,20.7419],[87.0714,20.7414],[87.0713,20.7409],[87.0711,20.7406],[87.071,20.7404],[87.071,20.7402],[87.0708,20.7398],[87.0707,20.7394],[87.0706,20.739],[87.0704,20.7386],[87.0703,20.7382],[87.0703,20.7378],[87.0703,20.7373],[87.0705,20.7368],[87.0706,20.7362]]],[[[87.0908,20.7575],[87.0911,20.7572],[87.0914,20.7569],[87.0917,20.7566],[87.0921,20.7564],[87.0925,20.7561],[87.0929,20.7558],[87.0933,20.7556],[87.0938,20.7554],[87.0942,20.7552],[87.0944,20.7548],[87.0944,20.7545],[87.0943,20.7542],[87.0941,20.7539],[87.0939,20.7535],[87.0937,20.7531],[87.0933,20.7528],[87.0929,20.7525],[87.0923,20.7523],[87.0921,20.7522],[87.0918,20.7522],[87.0914,20.7522],[87.0909,20.7523],[87.0906,20.7524],[87.0904,20.7525],[87.0898,20.7525],[87.0893,20.7526],[87.0888,20.7527],[87.0884,20.7528],[87.0879,20.7528],[87.0875,20.7528],[87.0871,20.7528],[87.0866,20.7528],[87.0862,20.7529],[87.0858,20.7528],[87.0854,20.7527],[87.0849,20.7527],[87.0844,20.7529],[87.0839,20.7531],[87.0835,20.7533],[87.083,20.7533],[87.0827,20.7533],[87.0826,20.7533],[87.0824,20.7533],[87.0821,20.7533],[87.0817,20.7531],[87.0813,20.7531],[87.0809,20.753],[87.0805,20.7531],[87.08,20.7532],[87.0799,20.7532],[87.0796,20.7531],[87.0791,20.753],[87.0786,20.7529],[87.0782,20.7528],[87.0778,20.7526],[87.0775,20.7525],[87.0773,20.7524],[87.0769,20.7525],[87.0765,20.7525],[87.0764,20.7525],[87.0762,20.7524],[87.0758,20.7523],[87.0754,20.7522],[87.075,20.7521],[87.0746,20.7522],[87.0742,20.7525],[87.0738,20.7527],[87.0735,20.7528],[87.0731,20.753],[87.0727,20.7533],[87.0725,20.7541],[87.0725,20.7546],[87.0726,20.755],[87.0729,20.7556],[87.0733,20.7559],[87.074,20.7561],[87.0746,20.7564],[87.0752,20.7566],[87.0758,20.7567],[87.0763,20.7569],[87.0768,20.7571],[87.0772,20.7572],[87.0777,20.7575],[87.0782,20.7577],[87.0786,20.758],[87.079,20.7583],[87.0794,20.7585],[87.08,20.7583],[87.0804,20.7579],[87.0808,20.7576],[87.0811,20.7574],[87.0814,20.7573],[87.0818,20.7573],[87.0822,20.7573],[87.0826,20.7574],[87.0829,20.7575],[87.0833,20.7577],[87.0835,20.7579],[87.0837,20.7582],[87.0838,20.7587],[87.0838,20.7592],[87.0838,20.7597],[87.0836,20.7602],[87.0834,20.7607],[87.0832,20.7611],[87.0829,20.7615],[87.0825,20.762],[87.0822,20.7626],[87.082,20.763],[87.0822,20.7633],[87.0825,20.7634],[87.0828,20.7636],[87.0832,20.7638],[87.0835,20.764],[87.0839,20.7642],[87.0845,20.7644],[87.0847,20.7644],[87.0853,20.7643],[87.0862,20.7641],[87.0864,20.7639],[87.0867,20.7636],[87.0869,20.7633],[87.0871,20.7629],[87.0874,20.7625],[87.0876,20.7621],[87.0878,20.7618],[87.0881,20.7614],[87.0883,20.7609],[87.0886,20.7605],[87.0889,20.76],[87.0893,20.7597],[87.0896,20.7594],[87.0899,20.7591],[87.0901,20.7587],[87.0903,20.7583],[87.0906,20.7579],[87.0908,20.7575]]],[[[86.8707,20.7718],[86.8719,20.7716],[86.8728,20.7717],[86.8742,20.7717],[86.8744,20.7714],[86.8761,20.7707],[86.8773,20.7703],[86.8784,20.77],[86.8811,20.769],[86.883,20.7686],[86.8848,20.7682],[86.8871,20.7679],[86.8891,20.7675],[86.8906,20.7673],[86.8931,20.7672],[86.8956,20.7672],[86.8958,20.7669],[86.8969,20.7669],[86.8972,20.7672],[86.8992,20.7672],[86.8994,20.7669],[86.8997,20.7669],[86.9,20.7672],[86.9031,20.7672],[86.9033,20.7675],[86.9042,20.7675],[86.9044,20.7678],[86.905,20.7678],[86.9053,20.7681],[86.9072,20.7681],[86.9075,20.7683],[86.91,20.7683],[86.9114,20.7685],[86.9134,20.7687],[86.9145,20.7687],[86.9155,20.7687],[86.918,20.7686],[86.9188,20.7685],[86.92,20.7685],[86.9205,20.7685],[86.9219,20.7683],[86.9233,20.7682],[86.9252,20.7679],[86.9267,20.7678],[86.927,20.7678],[86.9271,20.7678],[86.9278,20.7681],[86.9283,20.7681],[86.9286,20.7683],[86.9289,20.7681],[86.9303,20.7681],[86.9306,20.7681],[86.9308,20.7678],[86.9314,20.7678],[86.9317,20.7681],[86.9322,20.7675],[86.9325,20.7678],[86.9328,20.7678],[86.9331,20.7675],[86.9339,20.7675],[86.9351,20.7673],[86.9366,20.7669],[86.9384,20.7666],[86.9395,20.7666],[86.9411,20.7665],[86.9421,20.7666],[86.9436,20.7667],[86.9461,20.7667],[86.9463,20.7668],[86.9464,20.7669],[86.9467,20.7669],[86.9472,20.7664],[86.9478,20.7664],[86.9481,20.7667],[86.9486,20.7667],[86.9487,20.7668],[86.9489,20.7669],[86.9497,20.7669],[86.95,20.7667],[86.9517,20.7667],[86.9519,20.7669],[86.9522,20.7669],[86.9525,20.7672],[86.9531,20.7672],[86.9533,20.7669],[86.9572,20.7669],[86.9575,20.7667],[86.9609,20.7667],[86.963,20.7667],[86.965,20.7671],[86.9664,20.7675],[86.9685,20.7683],[86.9702,20.7692],[86.9717,20.7697],[86.973,20.7703],[86.9745,20.771],[86.9754,20.7713],[86.9773,20.7713],[86.9781,20.7717],[86.9783,20.7719],[86.9806,20.7719],[86.9825,20.7722],[86.9828,20.7722],[86.9831,20.7719],[86.9832,20.7719],[86.9833,20.7719],[86.9845,20.7717],[86.9867,20.7718],[86.9877,20.7718],[86.988,20.7718],[86.9892,20.7717],[86.9905,20.7717],[86.9908,20.7714],[86.9911,20.7714],[86.9914,20.7711],[86.9919,20.7711],[86.9922,20.7708],[86.9925,20.7708],[86.9928,20.7706],[86.9931,20.7706],[86.9942,20.7694],[86.9942,20.7692],[86.9947,20.7686],[86.9947,20.7683],[86.995,20.7681],[86.995,20.7678],[86.9953,20.7675],[86.9953,20.7667],[86.9956,20.7664],[86.9956,20.7658],[86.9958,20.7656],[86.9958,20.7653],[86.9964,20.7647],[86.9964,20.7644],[86.9967,20.7642],[86.9967,20.7636],[86.9969,20.7633],[86.9969,20.7631],[86.9972,20.7628],[86.9972,20.7625],[86.9975,20.7622],[86.9975,20.7619],[86.9978,20.7617],[86.9978,20.7611],[86.9983,20.7606],[86.9983,20.76],[86.9986,20.7597],[86.9986,20.7586],[86.9989,20.7583],[86.9989,20.7558],[86.9992,20.7556],[86.9992,20.755],[86.9994,20.7547],[86.9994,20.7544],[86.9997,20.7531],[87,20.7533],[87.0003,20.7531],[87.0005,20.7531],[87.0005,20.7528],[87.0008,20.7525],[87.0008,20.7517],[87.0014,20.7511],[87.0014,20.7503],[87.002,20.75],[87.0019,20.7497],[87.0031,20.7486],[87.0036,20.7483],[87.0039,20.7481],[87.0039,20.7475],[87.0033,20.7469],[87.0036,20.7467],[87.0036,20.7464],[87.0044,20.7461],[87.0044,20.7458],[87.005,20.7456],[87.0047,20.7453],[87.005,20.745],[87.0058,20.7447],[87.0058,20.7442],[87.0069,20.7431],[87.0069,20.7414],[87.0072,20.7411],[87.0069,20.7408],[87.0069,20.7394],[87.0064,20.7392],[87.0067,20.7389],[87.0064,20.7386],[87.0064,20.7378],[87.0061,20.7375],[87.0061,20.7361],[87.0058,20.7358],[87.0058,20.7347],[87.0056,20.7344],[87.0056,20.7328],[87.0053,20.7325],[87.0053,20.7314],[87.005,20.7311],[87.005,20.7294],[87.0047,20.7292],[87.0047,20.7283],[87.0042,20.7278],[87.0042,20.7264],[87.0039,20.7261],[87.0039,20.725],[87.0037,20.7248],[87.0036,20.7247],[87.0036,20.7231],[87.0033,20.7228],[87.0033,20.7217],[87.0028,20.7211],[87.0028,20.72],[87.0022,20.7194],[87.0022,20.7183],[87.0017,20.7178],[87.0017,20.7169],[87.0014,20.7167],[87.0014,20.7158],[87.0011,20.7156],[87.0011,20.7153],[87.0008,20.715],[87.0008,20.7147],[87.0006,20.7144],[87.0005,20.7142],[87,20.7139],[86.9997,20.7134],[86.9994,20.7128],[86.999,20.7122],[86.9986,20.7117],[86.9981,20.7114],[86.9977,20.7111],[86.9974,20.7108],[86.997,20.7105],[86.9966,20.7103],[86.9961,20.71],[86.9956,20.7098],[86.995,20.7095],[86.9943,20.7095],[86.9936,20.7095],[86.9929,20.7097],[86.9921,20.7097],[86.9915,20.7098],[86.9909,20.7099],[86.9904,20.7101],[86.99,20.7103],[86.9896,20.7104],[86.9891,20.7106],[86.9886,20.7108],[86.9881,20.711],[86.9875,20.7112],[86.987,20.7114],[86.9864,20.7114],[86.9858,20.7115],[86.9858,20.7117],[86.9856,20.7117],[86.9853,20.7119],[86.985,20.7119],[86.9847,20.7122],[86.9844,20.7122],[86.9842,20.7125],[86.9831,20.7125],[86.9828,20.7128],[86.9822,20.7128],[86.9819,20.7131],[86.9817,20.7131],[86.9814,20.7133],[86.9808,20.7133],[86.9806,20.7136],[86.9801,20.7136],[86.9796,20.7137],[86.9792,20.7139],[86.9787,20.7139],[86.9782,20.7139],[86.9778,20.7141],[86.9773,20.7142],[86.9769,20.7142],[86.9764,20.7142],[86.976,20.7143],[86.9755,20.7144],[86.9751,20.7145],[86.9746,20.7145],[86.9742,20.7147],[86.9737,20.7149],[86.9732,20.715],[86.9728,20.715],[86.9726,20.715],[86.972,20.715],[86.9713,20.7148],[86.9706,20.7148],[86.9699,20.715],[86.9691,20.7149],[86.9677,20.7151],[86.9664,20.715],[86.9658,20.715],[86.9653,20.715],[86.9649,20.715],[86.9644,20.715],[86.9639,20.715],[86.9635,20.7149],[86.9629,20.7148],[86.9623,20.7147],[86.9617,20.7147],[86.9612,20.7145],[86.9606,20.7145],[86.9601,20.7145],[86.9596,20.7145],[86.9592,20.7145],[86.9588,20.7144],[86.9584,20.7144],[86.9579,20.7144],[86.9574,20.7145],[86.9569,20.7146],[86.9564,20.7147],[86.9558,20.7147],[86.9552,20.7147],[86.9547,20.7147],[86.9542,20.7149],[86.9538,20.715],[86.9533,20.715],[86.9529,20.715],[86.9526,20.715],[86.9521,20.715],[86.9517,20.715],[86.9514,20.7152],[86.9513,20.7152],[86.951,20.7152],[86.9507,20.715],[86.9502,20.715],[86.9498,20.715],[86.9493,20.7152],[86.9489,20.7153],[86.9484,20.7155],[86.9479,20.7156],[86.9474,20.7157],[86.947,20.7158],[86.9466,20.716],[86.9461,20.7161],[86.9456,20.7162],[86.9451,20.7164],[86.9444,20.7164],[86.9437,20.7164],[86.9429,20.7165],[86.9421,20.7166],[86.9413,20.7166],[86.9408,20.7166],[86.9405,20.7165],[86.9398,20.7164],[86.9391,20.7164],[86.9385,20.7164],[86.938,20.7165],[86.9375,20.7166],[86.9369,20.7167],[86.9364,20.7167],[86.9362,20.7167],[86.9359,20.7167],[86.9354,20.7166],[86.9349,20.7164],[86.9344,20.7164],[86.9339,20.7162],[86.9334,20.7161],[86.9329,20.716],[86.9324,20.7159],[86.9319,20.7157],[86.9314,20.7156],[86.931,20.7154],[86.9305,20.7153],[86.9302,20.715],[86.9297,20.7149],[86.9292,20.7147],[86.9287,20.7147],[86.9283,20.7145],[86.9278,20.7143],[86.9273,20.7141],[86.9269,20.7139],[86.9264,20.7137],[86.9259,20.7134],[86.9255,20.7131],[86.925,20.7129],[86.9245,20.7127],[86.9241,20.7125],[86.9236,20.7122],[86.9231,20.712],[86.9226,20.7119],[86.9221,20.7116],[86.9217,20.7112],[86.9212,20.7108],[86.9208,20.7106],[86.9204,20.7103],[86.92,20.71],[86.9195,20.7099],[86.9191,20.7097],[86.9187,20.7095],[86.9183,20.7093],[86.9178,20.7091],[86.9174,20.7089],[86.9169,20.7087],[86.9164,20.7086],[86.916,20.7083],[86.9157,20.7081],[86.9155,20.708],[86.9153,20.708],[86.9149,20.7078],[86.9144,20.7076],[86.9139,20.7073],[86.9134,20.707],[86.913,20.7068],[86.9126,20.7065],[86.9122,20.7063],[86.9117,20.7061],[86.9113,20.7058],[86.9109,20.7056],[86.9104,20.7054],[86.9099,20.7051],[86.9095,20.7048],[86.909,20.7046],[86.9086,20.7043],[86.9082,20.7039],[86.9078,20.7036],[86.9074,20.7033],[86.9069,20.7031],[86.9065,20.7028],[86.906,20.7025],[86.9056,20.7022],[86.9052,20.7019],[86.9047,20.7017],[86.9042,20.7014],[86.9036,20.7012],[86.903,20.7011],[86.9025,20.7008],[86.902,20.7005],[86.9016,20.7003],[86.9011,20.7],[86.9006,20.6999],[86.9001,20.6997],[86.8998,20.6993],[86.8995,20.699],[86.8992,20.6986],[86.8988,20.6984],[86.8983,20.6983],[86.8979,20.698],[86.8975,20.6978],[86.8971,20.6975],[86.8967,20.6974],[86.8962,20.6972],[86.8959,20.6969],[86.8955,20.6966],[86.8952,20.6963],[86.8948,20.6962],[86.8944,20.696],[86.8939,20.6958],[86.8934,20.6955],[86.8929,20.6951],[86.8923,20.6947],[86.8918,20.6942],[86.8912,20.6938],[86.8907,20.6933],[86.8902,20.693],[86.8898,20.6926],[86.8894,20.6923],[86.889,20.6919],[86.8885,20.6917],[86.8881,20.6914],[86.8878,20.6911],[86.8874,20.6908],[86.887,20.6905],[86.8867,20.6903],[86.8863,20.69],[86.8859,20.6897],[86.8855,20.6894],[86.8851,20.6891],[86.8849,20.6888],[86.8846,20.6884],[86.8842,20.6881],[86.8838,20.6877],[86.8833,20.6873],[86.8829,20.6869],[86.8825,20.6863],[86.882,20.6859],[86.8815,20.6855],[86.881,20.6851],[86.8806,20.6847],[86.8802,20.6842],[86.8798,20.6839],[86.8794,20.6836],[86.8791,20.6833],[86.8787,20.683],[86.8784,20.6828],[86.8781,20.6824],[86.8778,20.682],[86.8775,20.6815],[86.8771,20.6812],[86.8767,20.6809],[86.8764,20.6806],[86.8762,20.6803],[86.8758,20.68],[86.8755,20.6797],[86.8752,20.6793],[86.8748,20.679],[86.8745,20.6786],[86.8741,20.6784],[86.8737,20.6781],[86.8734,20.6778],[86.873,20.6775],[86.8728,20.6771],[86.8725,20.6767],[86.8721,20.6764],[86.8717,20.6761],[86.8714,20.6758],[86.871,20.6756],[86.8706,20.6753],[86.8703,20.6749],[86.8701,20.6745],[86.8699,20.6742],[86.8697,20.6739],[86.8694,20.6737],[86.8692,20.6735],[86.869,20.6731],[86.8687,20.6728],[86.8684,20.6724],[86.8683,20.6717],[86.8679,20.6712],[86.8675,20.6707],[86.8671,20.6703],[86.8666,20.6699],[86.8664,20.6695],[86.8661,20.6692],[86.8658,20.6689],[86.8656,20.6686],[86.8653,20.6683],[86.865,20.668],[86.8647,20.6676],[86.8643,20.6672],[86.8639,20.6669],[86.8635,20.6665],[86.863,20.6661],[86.8625,20.6658],[86.862,20.6655],[86.8614,20.665],[86.8611,20.665],[86.8608,20.6648],[86.8592,20.6647],[86.8589,20.665],[86.8583,20.665],[86.8572,20.6661],[86.8572,20.6672],[86.8575,20.6675],[86.8575,20.6683],[86.8578,20.6686],[86.8578,20.6692],[86.8583,20.6697],[86.8583,20.67],[86.8603,20.6719],[86.8603,20.6722],[86.8608,20.6728],[86.8608,20.6731],[86.8614,20.6736],[86.8644,20.6767],[86.8644,20.6769],[86.865,20.6775],[86.865,20.6778],[86.8653,20.678],[86.8653,20.6789],[86.865,20.6792],[86.865,20.6794],[86.8647,20.6797],[86.8647,20.68],[86.8644,20.6803],[86.8644,20.6806],[86.8633,20.6817],[86.8628,20.6817],[86.8625,20.6819],[86.8622,20.6819],[86.8619,20.6822],[86.8606,20.6822],[86.8603,20.6825],[86.8583,20.6825],[86.8581,20.6828],[86.8578,20.6828],[86.8575,20.6831],[86.8572,20.6831],[86.8569,20.6833],[86.8569,20.6842],[86.8581,20.6853],[86.8581,20.6856],[86.8594,20.6869],[86.8594,20.6872],[86.8597,20.6875],[86.8597,20.6878],[86.8603,20.6883],[86.8603,20.6886],[86.8625,20.6908],[86.8631,20.6908],[86.8633,20.6911],[86.8636,20.6911],[86.8639,20.6914],[86.8669,20.6914],[86.8672,20.6917],[86.8681,20.6917],[86.8681,20.6918],[86.8683,20.6919],[86.8689,20.6919],[86.8692,20.6922],[86.8694,20.6922],[86.87,20.6928],[86.8703,20.6928],[86.8711,20.6936],[86.8711,20.6939],[86.8717,20.6944],[86.8717,20.6947],[86.8719,20.695],[86.8719,20.6953],[86.8742,20.6975],[86.8742,20.6978],[86.875,20.6986],[86.8753,20.6986],[86.8756,20.6989],[86.8758,20.6989],[86.8759,20.699],[86.8764,20.6994],[86.8767,20.6994],[86.8769,20.6997],[86.8772,20.6997],[86.8778,20.7003],[86.8781,20.7003],[86.8783,20.7006],[86.8786,20.7006],[86.8794,20.7014],[86.8797,20.7014],[86.88,20.7017],[86.8806,20.7017],[86.8808,20.7019],[86.8811,20.7019],[86.8839,20.7047],[86.8839,20.705],[86.8842,20.7053],[86.8842,20.7056],[86.8844,20.7058],[86.8845,20.7061],[86.8847,20.7064],[86.8847,20.7067],[86.8853,20.7072],[86.8853,20.7081],[86.885,20.7083],[86.885,20.7086],[86.8847,20.7089],[86.8847,20.7092],[86.8844,20.7094],[86.8845,20.7097],[86.8842,20.71],[86.8842,20.7103],[86.8836,20.7108],[86.8836,20.7111],[86.8819,20.7128],[86.8817,20.7128],[86.8814,20.7131],[86.8811,20.7131],[86.8806,20.7136],[86.8803,20.7136],[86.88,20.7139],[86.8797,20.7139],[86.8794,20.7142],[86.8792,20.7142],[86.8789,20.7145],[86.8786,20.7144],[86.8783,20.7147],[86.8781,20.7147],[86.8781,20.715],[86.8778,20.7153],[86.8778,20.7156],[86.8775,20.7158],[86.8775,20.7161],[86.8772,20.7164],[86.8772,20.7194],[86.8775,20.7197],[86.8775,20.7208],[86.8778,20.7211],[86.8778,20.7214],[86.8781,20.7217],[86.8781,20.7219],[86.8783,20.7222],[86.8783,20.7228],[86.8786,20.7231],[86.8786,20.7239],[86.8789,20.7242],[86.8789,20.7247],[86.8792,20.725],[86.8792,20.7258],[86.8794,20.7261],[86.8794,20.7269],[86.8797,20.7272],[86.8797,20.7275],[86.8794,20.7278],[86.8794,20.7281],[86.8789,20.7286],[86.8789,20.7325],[86.8783,20.7331],[86.8781,20.7328],[86.8781,20.7325],[86.8778,20.7322],[86.8778,20.7303],[86.8775,20.73],[86.8775,20.7294],[86.8778,20.7292],[86.8778,20.7283],[86.8781,20.7281],[86.8781,20.7261],[86.8778,20.7258],[86.8778,20.7253],[86.8775,20.725],[86.8775,20.7247],[86.8772,20.7244],[86.8772,20.7242],[86.877,20.7239],[86.877,20.7236],[86.8767,20.7233],[86.8767,20.7228],[86.8764,20.7225],[86.8764,20.7219],[86.8761,20.7217],[86.8761,20.7203],[86.8758,20.72],[86.8758,20.7189],[86.8756,20.7186],[86.8756,20.7183],[86.8758,20.7181],[86.8758,20.7172],[86.8761,20.7169],[86.8761,20.7161],[86.8764,20.7158],[86.8764,20.7153],[86.8775,20.7142],[86.8775,20.7139],[86.8781,20.7133],[86.8783,20.7133],[86.8786,20.7131],[86.8789,20.7131],[86.8792,20.7128],[86.8794,20.7128],[86.88,20.7122],[86.8803,20.7122],[86.8808,20.7117],[86.8811,20.7117],[86.8822,20.7106],[86.8825,20.7106],[86.8833,20.7097],[86.8833,20.7092],[86.8839,20.7086],[86.8839,20.7072],[86.8836,20.7069],[86.8836,20.7067],[86.8831,20.7061],[86.8831,20.7058],[86.8828,20.7058],[86.8806,20.7036],[86.8803,20.7036],[86.8797,20.7031],[86.8794,20.7031],[86.8786,20.7022],[86.8783,20.7022],[86.8778,20.7017],[86.8775,20.7017],[86.8767,20.7008],[86.8764,20.7008],[86.8761,20.7006],[86.8758,20.7006],[86.8753,20.7],[86.875,20.7],[86.8747,20.6997],[86.8744,20.6997],[86.874,20.6993],[86.8736,20.6989],[86.8733,20.6989],[86.8714,20.697],[86.8714,20.6967],[86.8711,20.6964],[86.8711,20.6961],[86.8708,20.6958],[86.8708,20.6956],[86.8706,20.6953],[86.8706,20.695],[86.8703,20.6947],[86.8703,20.6944],[86.8692,20.6933],[86.8689,20.6933],[86.8686,20.6931],[86.8683,20.6931],[86.8681,20.6928],[86.8675,20.6928],[86.8672,20.6931],[86.8669,20.6931],[86.8667,20.6928],[86.8639,20.6928],[86.8633,20.6922],[86.8628,20.6922],[86.8625,20.6919],[86.8622,20.6919],[86.8621,20.6918],[86.8617,20.6914],[86.8614,20.6914],[86.8583,20.6883],[86.8583,20.6881],[86.8564,20.6861],[86.8564,20.6858],[86.8561,20.6856],[86.8561,20.6853],[86.8558,20.685],[86.8558,20.6847],[86.8556,20.6844],[86.8556,20.6831],[86.8569,20.6817],[86.8572,20.6817],[86.8575,20.6814],[86.8578,20.6814],[86.8581,20.6811],[86.8583,20.6811],[86.8586,20.6808],[86.8594,20.6808],[86.8597,20.6806],[86.86,20.6806],[86.8603,20.6803],[86.8608,20.6803],[86.8611,20.68],[86.8619,20.68],[86.8622,20.6797],[86.8628,20.6797],[86.8636,20.6789],[86.8636,20.6783],[86.8617,20.6764],[86.8614,20.6764],[86.8603,20.6753],[86.86,20.6753],[86.86,20.675],[86.8586,20.6736],[86.8586,20.6733],[86.8583,20.6731],[86.8583,20.6728],[86.8581,20.6725],[86.8581,20.6722],[86.8567,20.6708],[86.8567,20.6706],[86.8564,20.6703],[86.8564,20.6695],[86.8561,20.6692],[86.8561,20.6683],[86.8558,20.6681],[86.8558,20.6678],[86.8556,20.6675],[86.8556,20.6664],[86.8558,20.6661],[86.8558,20.6656],[86.8569,20.6644],[86.8572,20.6644],[86.8578,20.6639],[86.8581,20.6639],[86.8583,20.6636],[86.8589,20.6636],[86.8597,20.6628],[86.8592,20.6622],[86.8592,20.6619],[86.8587,20.6616],[86.8583,20.6613],[86.8579,20.661],[86.8575,20.6607],[86.8572,20.6603],[86.8569,20.66],[86.8567,20.6598],[86.8564,20.6595],[86.8561,20.6593],[86.8558,20.6591],[86.8556,20.6588],[86.8552,20.6585],[86.8548,20.6582],[86.8545,20.6578],[86.8542,20.6575],[86.8539,20.6571],[86.8535,20.6567],[86.8531,20.6564],[86.8528,20.6562],[86.8524,20.6559],[86.852,20.6556],[86.8515,20.6553],[86.8511,20.655],[86.8506,20.6547],[86.8501,20.6544],[86.8496,20.6542],[86.8492,20.6539],[86.8487,20.6536],[86.8482,20.6534],[86.8477,20.6532],[86.8472,20.653],[86.8467,20.6528],[86.8462,20.6526],[86.8458,20.6524],[86.8453,20.6522],[86.8449,20.652],[86.8444,20.6519],[86.8438,20.6519],[86.8433,20.6519],[86.8429,20.652],[86.8425,20.6521],[86.842,20.6522],[86.8416,20.6524],[86.8412,20.6528],[86.8408,20.6532],[86.8406,20.6535],[86.8403,20.6538],[86.8401,20.6541],[86.84,20.6544],[86.8399,20.6547],[86.8398,20.655],[86.8397,20.6553],[86.8396,20.6556],[86.8394,20.656],[86.8393,20.6565],[86.8392,20.657],[86.8391,20.6576],[86.839,20.6581],[86.8389,20.6586],[86.8389,20.6591],[86.8388,20.6595],[86.8387,20.6598],[86.8386,20.6602],[86.8385,20.6606],[86.8384,20.661],[86.8383,20.6614],[86.8381,20.6618],[86.838,20.6623],[86.8378,20.6627],[86.8376,20.6632],[86.8374,20.6637],[86.8372,20.6641],[86.837,20.6647],[86.8367,20.6653],[86.8364,20.666],[86.8361,20.6665],[86.8357,20.6671],[86.8353,20.6675],[86.835,20.6679],[86.8347,20.6683],[86.8345,20.6688],[86.8342,20.6691],[86.8339,20.6695],[86.8335,20.6699],[86.8331,20.6703],[86.8327,20.6707],[86.8324,20.671],[86.8319,20.6714],[86.8315,20.6717],[86.8311,20.672],[86.8306,20.6722],[86.8302,20.6725],[86.8298,20.6728],[86.8294,20.673],[86.8289,20.6733],[86.8285,20.6736],[86.828,20.6739],[86.8275,20.6741],[86.8269,20.6744],[86.8262,20.6746],[86.8256,20.6748],[86.8251,20.675],[86.8245,20.6752],[86.824,20.6753],[86.8236,20.6755],[86.8231,20.6756],[86.8227,20.6758],[86.8222,20.6759],[86.8217,20.676],[86.8212,20.6761],[86.8208,20.6762],[86.8203,20.6763],[86.8199,20.6764],[86.8194,20.6765],[86.8189,20.6766],[86.8184,20.6767],[86.8179,20.6768],[86.8173,20.6769],[86.8167,20.677],[86.8161,20.6771],[86.8155,20.6771],[86.8151,20.677],[86.8146,20.677],[86.8141,20.677],[86.8135,20.677],[86.8129,20.6771],[86.8123,20.6772],[86.812,20.6771],[86.8117,20.677],[86.8112,20.677],[86.8107,20.6769],[86.8102,20.6769],[86.8096,20.6769],[86.8089,20.6769],[86.8082,20.6769],[86.8074,20.6769],[86.8067,20.6768],[86.8059,20.6767],[86.8051,20.6767],[86.8043,20.6766],[86.8035,20.6766],[86.8027,20.6765],[86.8021,20.6762],[86.8015,20.676],[86.801,20.6758],[86.8005,20.6757],[86.8001,20.6755],[86.7997,20.6753],[86.7993,20.6751],[86.799,20.6748],[86.7987,20.6746],[86.7983,20.6743],[86.7981,20.6742],[86.7981,20.6739],[86.7967,20.6725],[86.7967,20.6722],[86.7964,20.6719],[86.7964,20.6717],[86.7958,20.6711],[86.7958,20.6708],[86.7956,20.6706],[86.7956,20.67],[86.7953,20.6697],[86.7953,20.6692],[86.795,20.6689],[86.795,20.6686],[86.7953,20.6683],[86.7953,20.6675],[86.795,20.6672],[86.7953,20.6669],[86.7953,20.6664],[86.7954,20.6656],[86.7958,20.665],[86.7962,20.6645],[86.7967,20.6641],[86.7971,20.6638],[86.7975,20.6636],[86.7979,20.6635],[86.7982,20.6635],[86.7985,20.6636],[86.7988,20.6639],[86.799,20.6642],[86.7994,20.6646],[86.7998,20.6649],[86.8002,20.6653],[86.8006,20.6657],[86.8009,20.6661],[86.8012,20.6666],[86.8016,20.6669],[86.802,20.6672],[86.8024,20.6674],[86.803,20.6675],[86.8037,20.6676],[86.8044,20.6675],[86.8049,20.6674],[86.8055,20.6673],[86.8059,20.6673],[86.8061,20.6673],[86.8064,20.6672],[86.8069,20.6671],[86.8074,20.6669],[86.8078,20.6667],[86.8084,20.6665],[86.8089,20.6662],[86.8093,20.6658],[86.8098,20.6655],[86.8103,20.6651],[86.8108,20.6647],[86.8112,20.6643],[86.8117,20.6639],[86.8121,20.6635],[86.8125,20.6631],[86.813,20.6628],[86.8134,20.6624],[86.8136,20.6619],[86.8139,20.6615],[86.8142,20.6611],[86.8144,20.6606],[86.8147,20.6601],[86.8149,20.6597],[86.8151,20.6593],[86.8153,20.659],[86.8154,20.6588],[86.8155,20.6585],[86.8156,20.6583],[86.8157,20.658],[86.8158,20.6577],[86.816,20.6574],[86.8161,20.6571],[86.8163,20.6568],[86.8164,20.6564],[86.8166,20.6561],[86.8168,20.6557],[86.817,20.6553],[86.8172,20.6549],[86.8174,20.6545],[86.8177,20.6541],[86.8179,20.6536],[86.8182,20.6532],[86.8184,20.6527],[86.8186,20.6523],[86.8188,20.6519],[86.8191,20.6516],[86.8195,20.6511],[86.8198,20.6507],[86.8202,20.6501],[86.8205,20.6497],[86.8208,20.6492],[86.8211,20.6488],[86.8213,20.6484],[86.8215,20.648],[86.8217,20.6475],[86.8219,20.6471],[86.8219,20.6466],[86.822,20.6461],[86.8219,20.6457],[86.8219,20.6453],[86.8219,20.6449],[86.8218,20.6446],[86.8216,20.6441],[86.8214,20.6437],[86.8212,20.6432],[86.8209,20.6427],[86.8206,20.6423],[86.8204,20.6418],[86.8202,20.6414],[86.82,20.6411],[86.8198,20.6407],[86.8197,20.6403],[86.8195,20.6399],[86.8194,20.6396],[86.8191,20.6392],[86.8188,20.6389],[86.8184,20.6386],[86.818,20.6383],[86.8176,20.638],[86.8171,20.6379],[86.8166,20.6379],[86.8162,20.6378],[86.8158,20.6378],[86.8155,20.6378],[86.8151,20.6378],[86.8147,20.638],[86.8143,20.6382],[86.8138,20.6385],[86.8132,20.6388],[86.8128,20.6392],[86.8124,20.6396],[86.812,20.64],[86.8117,20.6405],[86.8114,20.6409],[86.8111,20.6413],[86.8108,20.6417],[86.8105,20.642],[86.8101,20.6424],[86.8097,20.6427],[86.8092,20.643],[86.8087,20.6434],[86.8083,20.6437],[86.8079,20.6441],[86.8075,20.6444],[86.807,20.6447],[86.8065,20.6449],[86.8061,20.645],[86.8058,20.6453],[86.805,20.6453],[86.8037,20.645],[86.8024,20.6449],[86.8008,20.645],[86.8003,20.6456],[86.8003,20.6458],[86.8,20.6461],[86.7961,20.6461],[86.7944,20.646],[86.794,20.6458],[86.7931,20.6458],[86.7928,20.6461],[86.7925,20.6461],[86.7922,20.6458],[86.7911,20.6458],[86.7908,20.6456],[86.7906,20.6456],[86.7903,20.6453],[86.7897,20.6453],[86.7894,20.645],[86.7889,20.645],[86.7886,20.6447],[86.7869,20.6447],[86.7867,20.6444],[86.7858,20.6444],[86.7856,20.6442],[86.7856,20.6442],[86.7847,20.6442],[86.7844,20.6444],[86.7836,20.6444],[86.7833,20.6447],[86.7831,20.6447],[86.7828,20.645],[86.7828,20.6453],[86.7825,20.6456],[86.7817,20.6456],[86.7814,20.6458],[86.7806,20.6458],[86.7803,20.6461],[86.7797,20.6461],[86.7794,20.6464],[86.7789,20.6464],[86.7786,20.6467],[86.7781,20.6467],[86.7778,20.6469],[86.7775,20.6469],[86.7772,20.6467],[86.7769,20.6467],[86.7767,20.6464],[86.776,20.6464],[86.7752,20.6462],[86.7746,20.6464],[86.7738,20.6464],[86.7739,20.6467],[86.7743,20.6474],[86.7742,20.6481],[86.7742,20.6483],[86.7747,20.6489],[86.7747,20.6492],[86.7753,20.6497],[86.7753,20.65],[86.7756,20.6503],[86.7756,20.6508],[86.7764,20.6517],[86.7764,20.652],[86.7781,20.6536],[86.7781,20.6539],[86.7783,20.6542],[86.7783,20.6544],[86.7789,20.655],[86.7789,20.6553],[86.7792,20.6556],[86.7792,20.6558],[86.7811,20.6578],[86.7814,20.6578],[86.7819,20.6583],[86.7825,20.6583],[86.7892,20.665],[86.7892,20.6653],[86.7897,20.6658],[86.7897,20.6661],[86.79,20.6661],[86.79,20.6664],[86.7906,20.6669],[86.7906,20.6675],[86.7919,20.6689],[86.7919,20.6692],[86.7925,20.6697],[86.7925,20.67],[86.7928,20.6703],[86.7928,20.6706],[86.7931,20.6708],[86.7931,20.6711],[86.795,20.6731],[86.795,20.6733],[86.7956,20.6739],[86.7956,20.6742],[86.7958,20.6744],[86.7958,20.675],[86.7961,20.6753],[86.7961,20.6756],[86.7978,20.6772],[86.7975,20.6775],[86.7975,20.6778],[86.7978,20.6781],[86.7978,20.6783],[86.7986,20.6792],[86.7986,20.6794],[86.7989,20.6797],[86.7989,20.68],[86.7994,20.6806],[86.7994,20.6808],[86.7997,20.6811],[86.8007,20.6823],[86.8015,20.6834],[86.8021,20.6852],[86.8021,20.6866],[86.8025,20.688],[86.8036,20.6911],[86.8036,20.6931],[86.8039,20.6933],[86.8039,20.6944],[86.8042,20.6947],[86.8042,20.6953],[86.8044,20.6956],[86.8044,20.6983],[86.8047,20.6986],[86.8044,20.6989],[86.8047,20.6992],[86.8047,20.7025],[86.805,20.7028],[86.805,20.7036],[86.8053,20.7039],[86.8053,20.7047],[86.8056,20.705],[86.8056,20.7053],[86.8075,20.7072],[86.8075,20.7075],[86.8083,20.7083],[86.8083,20.7086],[86.8086,20.7089],[86.8092,20.7089],[86.8094,20.7092],[86.8097,20.7092],[86.8103,20.7097],[86.8105,20.7094],[86.8117,20.7106],[86.8117,20.7108],[86.8119,20.7111],[86.8119,20.7114],[86.8128,20.7122],[86.8131,20.7119],[86.8147,20.7136],[86.8147,20.7139],[86.8156,20.7147],[86.8156,20.715],[86.8167,20.7161],[86.8167,20.7164],[86.8172,20.7169],[86.8172,20.7172],[86.8178,20.7178],[86.8178,20.7181],[86.818,20.7183],[86.818,20.7186],[86.8183,20.7189],[86.8183,20.7192],[86.8186,20.7194],[86.8186,20.72],[86.8189,20.7203],[86.8189,20.7208],[86.8192,20.7211],[86.8192,20.7214],[86.8194,20.7217],[86.8194,20.7222],[86.8197,20.7225],[86.8197,20.7233],[86.8194,20.7236],[86.8194,20.7239],[86.8197,20.7242],[86.8197,20.7244],[86.82,20.7247],[86.82,20.725],[86.8203,20.7253],[86.8203,20.7256],[86.8206,20.7258],[86.8206,20.7267],[86.8208,20.7269],[86.8208,20.7278],[86.8211,20.7281],[86.8211,20.7294],[86.8214,20.7297],[86.8214,20.7303],[86.8217,20.7306],[86.8217,20.7325],[86.822,20.7328],[86.822,20.7353],[86.8222,20.7356],[86.8222,20.7361],[86.8225,20.7364],[86.8225,20.7375],[86.8228,20.7378],[86.8228,20.7394],[86.8231,20.7397],[86.8231,20.7403],[86.8233,20.7406],[86.8238,20.7424],[86.8241,20.7436],[86.8244,20.7453],[86.8244,20.7456],[86.8247,20.7458],[86.8247,20.7461],[86.825,20.7464],[86.825,20.7467],[86.8253,20.7469],[86.8253,20.7473],[86.8253,20.7475],[86.8255,20.7478],[86.8255,20.7489],[86.8258,20.7492],[86.8258,20.7494],[86.8261,20.7497],[86.8261,20.7503],[86.8264,20.7506],[86.8264,20.7508],[86.8267,20.7511],[86.8267,20.7517],[86.8272,20.7522],[86.8272,20.7525],[86.8278,20.7531],[86.8278,20.7536],[86.8281,20.7539],[86.8281,20.7544],[86.8283,20.7547],[86.8283,20.7553],[86.8286,20.7556],[86.8286,20.7561],[86.8292,20.7567],[86.8292,20.7575],[86.8294,20.7578],[86.8294,20.7581],[86.8297,20.7583],[86.8297,20.7586],[86.83,20.7589],[86.83,20.76],[86.8358,20.7658],[86.8361,20.7658],[86.8362,20.7659],[86.8369,20.7667],[86.8372,20.7667],[86.8381,20.7675],[86.8383,20.7675],[86.8386,20.7678],[86.8389,20.7678],[86.8392,20.7681],[86.8394,20.7681],[86.8397,20.7683],[86.84,20.7683],[86.8401,20.7685],[86.8406,20.7689],[86.8408,20.7689],[86.8411,20.7692],[86.8414,20.7692],[86.8415,20.7693],[86.8417,20.7694],[86.8419,20.7694],[86.8425,20.77],[86.8428,20.77],[86.8442,20.7714],[86.8444,20.7714],[86.8475,20.7731],[86.8495,20.7743],[86.851,20.7748],[86.8542,20.7758],[86.8553,20.7758],[86.8589,20.7757],[86.8611,20.7756],[86.863,20.7751],[86.8646,20.7745],[86.8666,20.7739],[86.8681,20.7731],[86.8693,20.7726],[86.8707,20.7718]]],[[[86.8753,20.7758],[86.8756,20.7756],[86.8761,20.7756],[86.8769,20.7747],[86.8772,20.7747],[86.8778,20.7742],[86.8778,20.7732],[86.8778,20.7731],[86.8775,20.7728],[86.877,20.7728],[86.8767,20.7731],[86.8761,20.7731],[86.8758,20.7733],[86.8756,20.7733],[86.8753,20.7736],[86.875,20.7736],[86.8744,20.7742],[86.8744,20.7744],[86.8739,20.775],[86.8739,20.7756],[86.8742,20.7758],[86.8747,20.7758],[86.875,20.7756],[86.8752,20.7757],[86.8753,20.7758]]],[[[86.865,20.7811],[86.8653,20.7808],[86.8655,20.7808],[86.8658,20.7806],[86.8664,20.7806],[86.8667,20.7803],[86.8672,20.7803],[86.8678,20.7797],[86.8681,20.7797],[86.8683,20.7794],[86.8686,20.7794],[86.8717,20.7764],[86.8717,20.7761],[86.8708,20.7753],[86.8703,20.7753],[86.87,20.7756],[86.8694,20.7756],[86.8692,20.7758],[86.8686,20.7758],[86.8683,20.7761],[86.8681,20.7761],[86.8675,20.7767],[86.8672,20.7767],[86.8667,20.7772],[86.8664,20.7772],[86.8658,20.7778],[86.8655,20.7778],[86.8644,20.7789],[86.8644,20.7792],[86.8642,20.7794],[86.8642,20.7806],[86.8647,20.7811],[86.865,20.7811]]],[[[86.9842,20.7822],[86.9844,20.7819],[86.985,20.7819],[86.9861,20.7808],[86.9867,20.7808],[86.9872,20.7803],[86.9875,20.7803],[86.9875,20.7794],[86.9867,20.7786],[86.9853,20.7786],[86.985,20.7783],[86.9831,20.7783],[86.9828,20.7781],[86.9819,20.7781],[86.9817,20.7783],[86.9814,20.7783],[86.9806,20.7792],[86.9806,20.7794],[86.9803,20.7797],[86.9803,20.78],[86.9806,20.7803],[86.9806,20.7806],[86.9817,20.7817],[86.9822,20.7817],[86.9825,20.7819],[86.9828,20.7819],[86.9831,20.7822],[86.9842,20.7822]]],[[[86.9481,20.7846],[86.9481,20.7842],[86.9478,20.7839],[86.9473,20.7839],[86.9467,20.784],[86.9456,20.7843],[86.9454,20.7844],[86.9446,20.7844],[86.9443,20.7842],[86.9437,20.7843],[86.9436,20.7844],[86.9436,20.785],[86.9436,20.7853],[86.945,20.7867],[86.9461,20.7867],[86.9462,20.7862],[86.9466,20.7857],[86.9473,20.7853],[86.9478,20.785],[86.9481,20.7846]]],[[[86.8819,20.7886],[86.8822,20.7883],[86.8867,20.7883],[86.8869,20.7881],[86.8908,20.7881],[86.8911,20.7878],[86.8928,20.7878],[86.8931,20.7875],[86.8942,20.7875],[86.8944,20.7872],[86.8967,20.7872],[86.8969,20.7869],[86.8983,20.7869],[86.8986,20.7867],[86.9,20.7867],[86.9003,20.7864],[86.9008,20.7864],[86.9011,20.7861],[86.9019,20.7861],[86.9025,20.7861],[86.9028,20.7858],[86.9031,20.7858],[86.9033,20.7856],[86.9042,20.7856],[86.9044,20.7853],[86.9047,20.7853],[86.905,20.785],[86.9056,20.785],[86.9058,20.7847],[86.9061,20.7847],[86.9064,20.7844],[86.9078,20.7844],[86.9081,20.7842],[86.9089,20.7842],[86.9092,20.7839],[86.91,20.7839],[86.9103,20.7836],[86.9114,20.7836],[86.9117,20.7833],[86.9131,20.7833],[86.9133,20.7831],[86.9136,20.7831],[86.9139,20.7828],[86.9144,20.7828],[86.9147,20.7825],[86.9169,20.7825],[86.9172,20.7822],[86.9178,20.7822],[86.9181,20.7819],[86.9194,20.7819],[86.9197,20.7817],[86.9219,20.7817],[86.9222,20.7814],[86.9242,20.7814],[86.9244,20.7811],[86.9261,20.7811],[86.9264,20.7808],[86.9269,20.7808],[86.9272,20.7806],[86.9278,20.7806],[86.928,20.7808],[86.9286,20.7808],[86.9289,20.7806],[86.9306,20.7806],[86.9308,20.7803],[86.9322,20.7803],[86.9325,20.7806],[86.9336,20.7806],[86.9339,20.7803],[86.9364,20.7803],[86.9367,20.7803],[86.9369,20.78],[86.9372,20.78],[86.9375,20.7803],[86.9383,20.7803],[86.9386,20.78],[86.9403,20.78],[86.9406,20.7797],[86.9419,20.7797],[86.9422,20.7794],[86.9425,20.7794],[86.9428,20.7792],[86.9436,20.7792],[86.9448,20.7784],[86.9461,20.7779],[86.9476,20.7773],[86.9494,20.7767],[86.9502,20.7764],[86.951,20.7758],[86.9515,20.7752],[86.9515,20.7747],[86.9505,20.7739],[86.95,20.7733],[86.9494,20.7733],[86.9493,20.7732],[86.9492,20.7731],[86.949,20.7731],[86.9486,20.7731],[86.9483,20.7728],[86.947,20.7728],[86.9467,20.7725],[86.9456,20.7725],[86.9453,20.7728],[86.9422,20.7728],[86.9419,20.7725],[86.9411,20.7725],[86.9408,20.7722],[86.9406,20.7722],[86.9403,20.7719],[86.9397,20.7725],[86.9395,20.7725],[86.9392,20.7728],[86.9353,20.7728],[86.935,20.7731],[86.9342,20.7731],[86.9339,20.7733],[86.9322,20.7733],[86.9319,20.7736],[86.9311,20.7736],[86.9308,20.7739],[86.928,20.7739],[86.9278,20.7742],[86.9267,20.7742],[86.9264,20.7739],[86.9256,20.7739],[86.9253,20.7742],[86.9208,20.7742],[86.9207,20.7741],[86.9206,20.7739],[86.9203,20.7739],[86.92,20.7742],[86.9183,20.7742],[86.9181,20.7739],[86.9178,20.7739],[86.9175,20.7742],[86.9167,20.7742],[86.9164,20.7744],[86.9144,20.7744],[86.9142,20.7747],[86.9139,20.7747],[86.9136,20.7744],[86.9133,20.7747],[86.9119,20.7747],[86.9117,20.7744],[86.9108,20.7744],[86.9106,20.7747],[86.9078,20.7747],[86.9075,20.7744],[86.9069,20.7744],[86.9064,20.7739],[86.9061,20.7739],[86.9058,20.7736],[86.9047,20.7736],[86.9044,20.7733],[86.9033,20.7733],[86.9031,20.7731],[86.9031,20.7731],[86.9028,20.7731],[86.9025,20.7728],[86.9022,20.7728],[86.9019,20.7725],[86.9014,20.7725],[86.9011,20.7722],[86.9003,20.7722],[86.9,20.7719],[86.8972,20.7719],[86.8969,20.7717],[86.8953,20.7717],[86.895,20.7719],[86.8908,20.7719],[86.8906,20.7722],[86.8872,20.7722],[86.8869,20.7725],[86.885,20.7725],[86.8847,20.7728],[86.8836,20.7728],[86.8833,20.7731],[86.8808,20.7731],[86.8806,20.7733],[86.88,20.7733],[86.8789,20.7744],[86.8794,20.775],[86.8803,20.775],[86.8806,20.7747],[86.8811,20.7747],[86.8814,20.7744],[86.8822,20.7744],[86.8825,20.7742],[86.8836,20.7742],[86.8839,20.7744],[86.8842,20.7744],[86.8845,20.7747],[86.8842,20.775],[86.8839,20.775],[86.8836,20.7753],[86.8828,20.7753],[86.8825,20.7756],[86.8822,20.7756],[86.8819,20.7758],[86.8817,20.7758],[86.8814,20.7761],[86.8808,20.7761],[86.8805,20.7764],[86.88,20.7764],[86.8797,20.7767],[86.8794,20.7767],[86.8792,20.777],[86.8789,20.777],[86.8772,20.7786],[86.8767,20.7786],[86.8764,20.7786],[86.8763,20.7785],[86.8761,20.7783],[86.8758,20.7783],[86.8756,20.7781],[86.8744,20.7792],[86.8739,20.7792],[86.8736,20.7794],[86.8731,20.7794],[86.8728,20.7792],[86.8725,20.7794],[86.8719,20.7794],[86.8717,20.7797],[86.8708,20.7797],[86.8706,20.78],[86.87,20.78],[86.8697,20.7803],[86.8694,20.7803],[86.8692,20.7806],[86.8689,20.7806],[86.8686,20.7808],[86.8683,20.7808],[86.8681,20.7811],[86.8678,20.7811],[86.8675,20.7814],[86.8672,20.7814],[86.8669,20.7817],[86.8667,20.7817],[86.8664,20.7819],[86.8661,20.7819],[86.8658,20.7822],[86.8655,20.7822],[86.8653,20.7825],[86.8653,20.7831],[86.8656,20.7833],[86.8656,20.7836],[86.8664,20.7844],[86.8667,20.7844],[86.8672,20.785],[86.8675,20.785],[86.8681,20.7856],[86.8683,20.7856],[86.8686,20.7858],[86.8689,20.7858],[86.8692,20.7861],[86.8697,20.7861],[86.87,20.7864],[86.8708,20.7864],[86.8711,20.7867],[86.8714,20.7867],[86.8719,20.7872],[86.873,20.7872],[86.8733,20.7875],[86.8747,20.7875],[86.8749,20.7877],[86.875,20.7878],[86.8756,20.7878],[86.8758,20.7881],[86.8764,20.7881],[86.8767,20.7883],[86.8791,20.7883],[86.8808,20.7883],[86.8811,20.7886],[86.8819,20.7886]]],[[[87.0165,20.8028],[87.0165,20.8007],[87.0168,20.799],[87.0168,20.7982],[87.0165,20.7977],[87.0157,20.7974],[87.015,20.7972],[87.0144,20.7972],[87.0142,20.7975],[87.0139,20.7975],[87.0133,20.7981],[87.0133,20.7986],[87.0136,20.7989],[87.0136,20.7992],[87.014,20.7996],[87.014,20.8012],[87.0134,20.802],[87.0131,20.8023],[87.0132,20.8026],[87.0123,20.8028],[87.012,20.8028],[87.0117,20.8031],[87.0114,20.8034],[87.0086,20.8061],[87.0074,20.8071],[87.0069,20.808],[87.0066,20.8082],[87.0057,20.8096],[87.0054,20.8104],[87.0051,20.8112],[87.0046,20.8123],[87.0046,20.8158],[87.0043,20.8166],[87.004,20.8169],[87.0034,20.8179],[87.0034,20.8187],[87.0029,20.8196],[87.0026,20.8209],[87.0023,20.822],[87.002,20.8233],[87.0017,20.8244],[87.0012,20.8258],[87.0009,20.8268],[87.0006,20.8285],[87.0009,20.8295],[87.0025,20.8322],[87.0028,20.8322],[87.0049,20.8323],[87.0066,20.8323],[87.0083,20.8318],[87.0094,20.831],[87.0109,20.8299],[87.0126,20.8283],[87.0143,20.8267],[87.0154,20.8258],[87.0163,20.8245],[87.0174,20.8237],[87.0186,20.8229],[87.0191,20.8215],[87.0197,20.8199],[87.02,20.8186],[87.02,20.8148],[87.0194,20.8134],[87.0188,20.8123],[87.0188,20.8106],[87.0182,20.809],[87.0182,20.8077],[87.0174,20.8044],[87.0168,20.8034],[87.0165,20.8028]]],[[[87.1239,21.5197],[87.1239,21.5178],[87.1238,21.5175],[87.1236,21.515],[87.1239,21.5147],[87.1236,21.5144],[87.123,21.5144],[87.1225,21.515],[87.1224,21.5153],[87.1222,21.5156],[87.1221,21.5157],[87.1219,21.5157],[87.1214,21.5156],[87.1211,21.5156],[87.1208,21.5156],[87.1206,21.5156],[87.1203,21.5156],[87.1192,21.5167],[87.1189,21.5172],[87.1189,21.5175],[87.1189,21.5178],[87.1191,21.5181],[87.1192,21.5183],[87.1194,21.5187],[87.1194,21.5189],[87.1197,21.5191],[87.1203,21.5194],[87.1206,21.5194],[87.1217,21.5206],[87.1224,21.5208],[87.1231,21.5208],[87.1237,21.5205],[87.1239,21.5197]]],[[[86.0783,22.5304],[86.0916,22.5092],[86.0935,22.5082],[86.0981,22.4956],[86.1014,22.4902],[86.1073,22.4849],[86.1119,22.4829],[86.1199,22.4856],[86.1462,22.4791],[86.1451,22.4751],[86.1555,22.4791],[86.166,22.4767],[86.1737,22.4764],[86.1967,22.4677],[86.2024,22.4703],[86.2091,22.4628],[86.2165,22.465],[86.2176,22.4682],[86.2182,22.4682],[86.2169,22.464],[86.2115,22.4597],[86.2204,22.4491],[86.221,22.4506],[86.2285,22.4496],[86.2426,22.4445],[86.2596,22.4413],[86.2652,22.4395],[86.2714,22.4428],[86.2798,22.4455],[86.288,22.4254],[86.2929,22.4201],[86.3007,22.4153],[86.3022,22.4052],[86.3098,22.3973],[86.3177,22.3906],[86.3199,22.3804],[86.3253,22.3731],[86.3393,22.3661],[86.3474,22.359],[86.3527,22.3515],[86.3527,22.3454],[86.363,22.3396],[86.3755,22.3371],[86.3906,22.3253],[86.4013,22.3194],[86.4114,22.3156],[86.4217,22.3139],[86.4247,22.3092],[86.4244,22.3063],[86.4334,22.3015],[86.4393,22.3058],[86.4402,22.3114],[86.4388,22.3165],[86.4384,22.3234],[86.4418,22.3253],[86.4495,22.3231],[86.4582,22.3221],[86.4603,22.3264],[86.464,22.327],[86.467,22.3289],[86.4684,22.3323],[86.4746,22.3342],[86.4785,22.3345],[86.4817,22.342],[86.4837,22.3444],[86.4999,22.341],[86.5013,22.3315],[86.508,22.324],[86.5196,22.3206],[86.5237,22.3186],[86.5251,22.3124],[86.5208,22.3115],[86.5232,22.3078],[86.5246,22.3029],[86.5324,22.2982],[86.5399,22.3037],[86.5457,22.2989],[86.5521,22.2953],[86.5612,22.297],[86.5677,22.297],[86.5707,22.2929],[86.5743,22.2939],[86.5752,22.2963],[86.5785,22.2978],[86.5813,22.2949],[86.5822,22.291],[86.5856,22.2909],[86.5856,22.2866],[86.5899,22.2821],[86.5909,22.2748],[86.5985,22.2744],[86.6026,22.2784],[86.6085,22.2788],[86.6161,22.276],[86.6272,22.2668],[86.6303,22.269],[86.6347,22.2691],[86.6373,22.2662],[86.6376,22.2631],[86.6414,22.2642],[86.6423,22.2618],[86.6456,22.2614],[86.6459,22.2573],[86.6483,22.2532],[86.6473,22.2497],[86.6482,22.2357],[86.6511,22.2332],[86.6603,22.2342],[86.6627,22.2375],[86.6651,22.2386],[86.6699,22.2368],[86.67,22.2301],[86.674,22.225],[86.6822,22.2195],[86.6918,22.2174],[86.7115,22.2177],[86.721,22.2168],[86.7228,22.2152],[86.72,22.2102],[86.7177,22.1979],[86.7161,22.1938],[86.7172,22.1856],[86.7134,22.1814],[86.7128,22.1783],[86.7153,22.1744],[86.7169,22.1638],[86.7152,22.1587],[86.7154,22.1435],[86.7228,22.1427],[86.7323,22.1449],[86.7395,22.1451],[86.7522,22.144],[86.7567,22.1452],[86.7715,22.1468],[86.7769,22.149],[86.7828,22.1501],[86.7868,22.1537],[86.7903,22.1539],[86.8005,22.1459],[86.7993,22.1391],[86.8005,22.1305],[86.7998,22.1285],[86.7971,22.1261],[86.7979,22.1253],[86.804,22.1261],[86.8066,22.1254],[86.808,22.1238],[86.8044,22.1171],[86.8062,22.1142],[86.8122,22.1137],[86.8148,22.1124],[86.8208,22.1136],[86.8233,22.1129],[86.8254,22.1086],[86.8313,22.1007],[86.832,22.0951],[86.8417,22.0918],[86.846,22.0951],[86.8479,22.0984],[86.9088,22.0864],[86.9223,22.0858],[86.929,22.0845],[86.932,22.0858],[86.9443,22.082],[86.952,22.0813],[86.9572,22.0834],[86.9671,22.0778],[86.9705,22.074],[86.9719,22.0663],[86.9875,22.0551],[86.9905,22.0494],[86.9952,22.0458],[87.0009,22.045],[87.0047,22.0428],[87.0094,22.0415],[87.0176,22.0413],[87.0247,22.0327],[87.026,22.0287],[87.0235,22.021],[87.0223,22.0121],[87.025,22.004],[87.028,21.9984],[87.032,21.9957],[87.0343,21.9892],[87.0322,21.9861],[87.0309,21.9788],[87.0203,21.9684],[87.0149,21.9533],[87.0055,21.9407],[87.0041,21.9354],[87.0025,21.9224],[86.9994,21.9181],[87.0006,21.9144],[86.9979,21.9075],[87.0013,21.9058],[87.0048,21.8955],[87.0148,21.8897],[87.0168,21.8872],[87.02,21.8857],[87.0251,21.8703],[87.0302,21.8653],[87.0538,21.8609],[87.0621,21.8602],[87.0777,21.8598],[87.0946,21.8603],[87.0929,21.8742],[87.0963,21.8821],[87.0961,21.8862],[87.0931,21.8899],[87.0894,21.8924],[87.0885,21.8951],[87.0888,21.8981],[87.091,21.8992],[87.0935,21.9079],[87.0996,21.911],[87.1018,21.9161],[87.1047,21.9178],[87.1079,21.9174],[87.1103,21.918],[87.1126,21.9212],[87.1142,21.9222],[87.1162,21.9206],[87.1235,21.9202],[87.1309,21.918],[87.1368,21.918],[87.1411,21.9197],[87.1478,21.9259],[87.1517,21.928],[87.1564,21.9289],[87.1583,21.9305],[87.1599,21.9339],[87.1598,21.9491],[87.1613,21.9539],[87.1606,21.9624],[87.1652,21.9675],[87.1674,21.9734],[87.1709,21.9726],[87.175,21.9662],[87.1884,21.957],[87.1951,21.9536],[87.2029,21.9564],[87.2096,21.9574],[87.2212,21.9532],[87.2232,21.9532],[87.2244,21.954],[87.2256,21.9571],[87.2287,21.9561],[87.2348,21.9544],[87.235,21.953],[87.2323,21.9465],[87.2322,21.9404],[87.2354,21.9337],[87.2521,21.921],[87.2524,21.9178],[87.2505,21.9152],[87.2394,21.9068],[87.2365,21.9027],[87.2348,21.8956],[87.2473,21.8717],[87.249,21.8665],[87.249,21.8638],[87.2448,21.8564],[87.2476,21.8482],[87.2553,21.8439],[87.2571,21.8414],[87.2589,21.835],[87.2617,21.8333],[87.2623,21.8298],[87.2636,21.8272],[87.2635,21.825],[87.2676,21.8215],[87.2678,21.8197],[87.2633,21.816],[87.2624,21.8139],[87.2654,21.8129],[87.2715,21.8131],[87.2738,21.8117],[87.2731,21.8058],[87.2717,21.8047],[87.2716,21.8034],[87.2733,21.8036],[87.2735,21.802],[87.2806,21.7992],[87.287,21.8038],[87.2928,21.8055],[87.2948,21.8039],[87.2945,21.7984],[87.2966,21.7953],[87.2987,21.7944],[87.3061,21.7939],[87.3076,21.7927],[87.3092,21.7889],[87.318,21.7906],[87.3169,21.7885],[87.3173,21.7857],[87.3229,21.786],[87.3243,21.7854],[87.3262,21.7856],[87.3301,21.7877],[87.3327,21.7872],[87.3353,21.7836],[87.3357,21.7812],[87.335,21.7801],[87.3367,21.7792],[87.3392,21.7808],[87.3405,21.784],[87.3445,21.786],[87.3521,21.7857],[87.355,21.7793],[87.3574,21.7772],[87.3678,21.7746],[87.3705,21.768],[87.3687,21.7626],[87.3701,21.7601],[87.3717,21.7604],[87.3731,21.762],[87.3735,21.7664],[87.3754,21.768],[87.3833,21.7709],[87.391,21.7704],[87.3924,21.769],[87.3899,21.7665],[87.3932,21.7661],[87.3938,21.7638],[87.3952,21.7624],[87.3999,21.7626],[87.401,21.7649],[87.4028,21.7655],[87.4121,21.7638],[87.4248,21.7657],[87.4314,21.7644],[87.4393,21.7644],[87.4437,21.7609],[87.4425,21.7553],[87.4433,21.7421],[87.4456,21.7379],[87.4511,21.7354],[87.4514,21.7324],[87.4444,21.7325],[87.4429,21.729],[87.4542,21.7294],[87.4628,21.7264],[87.4652,21.7264],[87.4661,21.7252],[87.4657,21.7236],[87.4623,21.7222],[87.4608,21.7205],[87.4626,21.7171],[87.4708,21.7072],[87.4693,21.6985],[87.4675,21.6957],[87.4697,21.6916],[87.4684,21.6838],[87.4683,21.6773],[87.4652,21.6751],[87.4651,21.6711],[87.4635,21.6688],[87.4649,21.6586],[87.4604,21.6571],[87.4586,21.6449],[87.4609,21.6445],[87.4678,21.6457],[87.4707,21.6431],[87.4775,21.6318],[87.4786,21.6279],[87.4821,21.6259],[87.4827,21.618],[87.4817,21.6138],[87.4818,21.6095],[87.482,21.6087],[87.4811,21.6078],[87.4808,21.6078],[87.48,21.6077],[87.4795,21.6077],[87.4786,21.6079],[87.4783,21.6078],[87.4778,21.6075],[87.4775,21.6071],[87.477,21.6068],[87.4764,21.6068],[87.4758,21.607],[87.4747,21.6069],[87.4739,21.6068],[87.4735,21.6064],[87.4727,21.6065],[87.4721,21.6061],[87.4715,21.6061],[87.4707,21.6063],[87.4699,21.6065],[87.4692,21.6065],[87.4685,21.6064],[87.4679,21.6063],[87.4672,21.6064],[87.4667,21.6065],[87.4664,21.6067],[87.4658,21.6067],[87.4657,21.6065],[87.4656,21.6064],[87.4639,21.6064],[87.4636,21.6061],[87.4633,21.6061],[87.4631,21.6058],[87.4628,21.6058],[87.4625,21.6056],[87.4622,21.6053],[87.4619,21.6053],[87.4617,21.605],[87.4614,21.605],[87.4606,21.6042],[87.4603,21.6042],[87.4597,21.6036],[87.4597,21.6031],[87.4606,21.6022],[87.4597,21.6018],[87.4594,21.6017],[87.4589,21.6017],[87.4587,21.6015],[87.4586,21.6014],[87.4583,21.6014],[87.4578,21.6008],[87.4576,21.6007],[87.4571,21.6004],[87.4564,21.6],[87.4558,21.6],[87.455,21.5992],[87.4547,21.5989],[87.4544,21.5989],[87.4542,21.5987],[87.4539,21.5986],[87.4536,21.5983],[87.4531,21.5983],[87.4525,21.5978],[87.4528,21.5975],[87.4528,21.5969],[87.4531,21.5969],[87.4533,21.5972],[87.4539,21.5972],[87.4542,21.5975],[87.455,21.5975],[87.4554,21.5971],[87.4556,21.5969],[87.455,21.5964],[87.4547,21.5964],[87.4542,21.5958],[87.4539,21.5958],[87.4533,21.5953],[87.4531,21.5953],[87.4522,21.5944],[87.4518,21.5942],[87.4512,21.5939],[87.4497,21.5933],[87.4472,21.5908],[87.4467,21.5908],[87.4464,21.5906],[87.4461,21.5906],[87.4458,21.5903],[87.4456,21.5903],[87.4444,21.5892],[87.4436,21.5892],[87.4419,21.5875],[87.4414,21.5875],[87.4411,21.5873],[87.4408,21.5872],[87.4406,21.5869],[87.4403,21.5869],[87.44,21.5867],[87.4397,21.5867],[87.4386,21.5856],[87.4383,21.5856],[87.4378,21.585],[87.4375,21.585],[87.4374,21.5849],[87.4373,21.5848],[87.4369,21.5844],[87.4367,21.5844],[87.4361,21.5839],[87.4358,21.5839],[87.4344,21.5825],[87.4342,21.5825],[87.4333,21.5817],[87.4331,21.5817],[87.4328,21.5814],[87.4325,21.5814],[87.4314,21.5803],[87.4311,21.5803],[87.4306,21.5798],[87.4306,21.5797],[87.4306,21.5794],[87.4303,21.5792],[87.43,21.5792],[87.4294,21.5786],[87.4292,21.5786],[87.4288,21.5782],[87.4283,21.5778],[87.4283,21.5775],[87.4278,21.5769],[87.4269,21.5769],[87.4267,21.5767],[87.4258,21.5764],[87.4242,21.5747],[87.4239,21.5747],[87.4236,21.5744],[87.4233,21.5744],[87.4232,21.5743],[87.4231,21.5742],[87.4228,21.5742],[87.4219,21.5733],[87.4217,21.5733],[87.4214,21.5731],[87.4211,21.5731],[87.4203,21.5739],[87.4197,21.5739],[87.4192,21.5733],[87.4192,21.5731],[87.4189,21.5728],[87.4189,21.5725],[87.4181,21.5717],[87.4181,21.5706],[87.4169,21.5694],[87.4167,21.5694],[87.4158,21.5688],[87.4156,21.5685],[87.4157,21.5683],[87.4162,21.5683],[87.4168,21.5682],[87.4168,21.568],[87.4168,21.5678],[87.4162,21.5671],[87.4157,21.5665],[87.415,21.5664],[87.4144,21.5658],[87.4142,21.5658],[87.4133,21.5667],[87.4134,21.567],[87.4135,21.5678],[87.4135,21.5681],[87.4137,21.5692],[87.4133,21.5697],[87.4128,21.5692],[87.4128,21.5686],[87.4125,21.5683],[87.4125,21.5675],[87.4117,21.5667],[87.4117,21.5664],[87.4114,21.5661],[87.4114,21.5656],[87.4111,21.5653],[87.4111,21.565],[87.4108,21.5647],[87.4108,21.5642],[87.4097,21.5631],[87.4095,21.5629],[87.4091,21.5624],[87.4092,21.5622],[87.4092,21.5619],[87.4094,21.5617],[87.4095,21.5615],[87.4099,21.5613],[87.4117,21.5627],[87.4121,21.5624],[87.4121,21.5622],[87.4119,21.5617],[87.4101,21.56],[87.4097,21.5601],[87.4094,21.56],[87.4094,21.56],[87.4092,21.5601],[87.4089,21.56],[87.4086,21.56],[87.4079,21.5598],[87.4078,21.5598],[87.4073,21.5596],[87.4069,21.5589],[87.4067,21.5586],[87.4061,21.5578],[87.406,21.5575],[87.405,21.5567],[87.4044,21.5564],[87.4041,21.5563],[87.4029,21.5564],[87.4022,21.5567],[87.4009,21.5569],[87.4003,21.5572],[87.3992,21.5576],[87.3986,21.5578],[87.3983,21.5578],[87.3981,21.5581],[87.3978,21.5581],[87.3975,21.5583],[87.3972,21.5583],[87.3957,21.5592],[87.3953,21.5597],[87.3952,21.5599],[87.395,21.56],[87.393,21.5611],[87.3926,21.5614],[87.3925,21.5617],[87.3924,21.5617],[87.3919,21.5618],[87.3918,21.5621],[87.3915,21.5622],[87.3911,21.5625],[87.3903,21.5633],[87.3897,21.5639],[87.3895,21.5642],[87.3891,21.5648],[87.3886,21.5651],[87.3881,21.5653],[87.3869,21.5663],[87.3864,21.5666],[87.3868,21.5663],[87.387,21.5654],[87.3868,21.565],[87.3868,21.5648],[87.3866,21.5645],[87.3865,21.5642],[87.3864,21.5639],[87.3864,21.5636],[87.3863,21.5633],[87.3861,21.5628],[87.3861,21.5625],[87.3856,21.5617],[87.3853,21.5614],[87.3853,21.5611],[87.3852,21.5608],[87.3849,21.5603],[87.3849,21.5602],[87.3846,21.56],[87.3841,21.5592],[87.3844,21.558],[87.3844,21.5571],[87.3843,21.5565],[87.3844,21.5561],[87.384,21.554],[87.3834,21.5535],[87.3829,21.5535],[87.382,21.5534],[87.3828,21.5525],[87.3831,21.5525],[87.3833,21.5522],[87.3839,21.5522],[87.3842,21.5519],[87.3844,21.5519],[87.3847,21.5522],[87.385,21.5522],[87.3853,21.5519],[87.3861,21.5519],[87.3864,21.5517],[87.3869,21.5517],[87.3872,21.5514],[87.3879,21.551],[87.3894,21.5508],[87.3896,21.5509],[87.3903,21.5512],[87.3907,21.5512],[87.3908,21.5514],[87.3911,21.5514],[87.3914,21.5511],[87.3914,21.55],[87.3911,21.55],[87.3903,21.5492],[87.39,21.5492],[87.3892,21.5483],[87.3889,21.5483],[87.3883,21.5478],[87.388,21.5478],[87.3878,21.5475],[87.3875,21.5475],[87.3872,21.5478],[87.3869,21.5478],[87.3864,21.5483],[87.3861,21.5483],[87.3858,21.5486],[87.3853,21.5486],[87.385,21.5489],[87.385,21.5492],[87.3847,21.5494],[87.3844,21.5494],[87.3842,21.5492],[87.3839,21.5492],[87.3836,21.5489],[87.3833,21.5489],[87.3828,21.5483],[87.3828,21.5481],[87.3825,21.5478],[87.3825,21.5475],[87.3811,21.5461],[87.3808,21.5461],[87.3806,21.5458],[87.3803,21.5458],[87.38,21.5456],[87.3794,21.5456],[87.3792,21.5458],[87.3789,21.5458],[87.3786,21.5461],[87.3778,21.5461],[87.3775,21.5464],[87.3772,21.5464],[87.377,21.5461],[87.3761,21.5461],[87.3758,21.5464],[87.375,21.5464],[87.3747,21.5467],[87.3742,21.5467],[87.3739,21.5469],[87.3736,21.5469],[87.3725,21.5481],[87.3725,21.5483],[87.3728,21.5486],[87.3742,21.5486],[87.3744,21.5489],[87.3742,21.5492],[87.3742,21.5494],[87.3736,21.55],[87.3728,21.55],[87.3722,21.5506],[87.3722,21.5508],[87.3717,21.5508],[87.3714,21.5511],[87.3711,21.5508],[87.3694,21.5508],[87.3692,21.5506],[87.3686,21.5506],[87.3683,21.5503],[87.3678,21.5503],[87.3675,21.55],[87.3672,21.55],[87.3669,21.5503],[87.3667,21.5503],[87.3664,21.5506],[87.3661,21.5506],[87.3653,21.5514],[87.3653,21.5522],[87.3642,21.5533],[87.3639,21.5531],[87.3639,21.5528],[87.3631,21.5519],[87.3622,21.5519],[87.3621,21.5518],[87.3619,21.5517],[87.3603,21.5517],[87.36,21.5514],[87.3594,21.5514],[87.3592,21.5517],[87.3581,21.5517],[87.3578,21.5519],[87.3575,21.5519],[87.3572,21.5522],[87.3564,21.5514],[87.3558,21.5514],[87.3556,21.5517],[87.355,21.5517],[87.3547,21.5514],[87.3539,21.5514],[87.3536,21.5517],[87.3522,21.5517],[87.3519,21.5514],[87.3511,21.5514],[87.3508,21.5517],[87.3506,21.5517],[87.3497,21.5517],[87.3492,21.5522],[87.3489,21.5519],[87.3483,21.5519],[87.3481,21.5517],[87.3478,21.5519],[87.3467,21.5519],[87.3464,21.5522],[87.3461,21.5522],[87.3456,21.5528],[87.3442,21.5528],[87.3439,21.5531],[87.3436,21.5531],[87.3434,21.5528],[87.3417,21.5528],[87.3414,21.5531],[87.3408,21.5531],[87.3405,21.5533],[87.3403,21.5533],[87.34,21.5536],[87.3392,21.5536],[87.3387,21.5531],[87.3383,21.5528],[87.3372,21.5528],[87.3369,21.5531],[87.3367,21.5531],[87.3364,21.5533],[87.335,21.5533],[87.3337,21.5542],[87.3333,21.5545],[87.332,21.5544],[87.3313,21.5544],[87.3307,21.5545],[87.3306,21.5545],[87.3299,21.5545],[87.3293,21.5545],[87.3286,21.5545],[87.328,21.5544],[87.3272,21.5545],[87.3269,21.5545],[87.3267,21.5542],[87.3264,21.5545],[87.3231,21.5544],[87.3228,21.5547],[87.3222,21.5547],[87.322,21.5545],[87.3189,21.5542],[87.3183,21.5542],[87.3178,21.5542],[87.3174,21.5544],[87.3172,21.5545],[87.3169,21.5547],[87.3156,21.5547],[87.3152,21.5547],[87.3136,21.5547],[87.3133,21.5547],[87.3132,21.5547],[87.3131,21.5547],[87.3114,21.555],[87.31,21.555],[87.3097,21.5551],[87.3078,21.5553],[87.3074,21.5552],[87.3044,21.5556],[87.3039,21.5557],[87.3036,21.5556],[87.3033,21.5556],[87.303,21.5557],[87.3027,21.5557],[87.3025,21.5556],[87.3014,21.5556],[87.3001,21.5554],[87.2961,21.555],[87.2953,21.5549],[87.2947,21.5547],[87.2944,21.5548],[87.2928,21.555],[87.2924,21.5549],[87.2908,21.5549],[87.2903,21.555],[87.29,21.555],[87.2895,21.5551],[87.2892,21.555],[87.2885,21.5547],[87.2881,21.5547],[87.2875,21.5546],[87.2872,21.5546],[87.2867,21.5547],[87.2864,21.5545],[87.2861,21.5547],[87.2853,21.5547],[87.2847,21.5548],[87.2845,21.5549],[87.2841,21.5547],[87.2839,21.5547],[87.2837,21.5546],[87.2831,21.5546],[87.2829,21.5545],[87.2828,21.5545],[87.2822,21.5544],[87.2819,21.5545],[87.2813,21.5544],[87.2808,21.5545],[87.2804,21.5543],[87.2801,21.5543],[87.2794,21.5543],[87.2786,21.5542],[87.2778,21.5542],[87.2743,21.5543],[87.2727,21.5542],[87.2711,21.5536],[87.2694,21.5536],[87.2677,21.5531],[87.2657,21.5533],[87.2653,21.5533],[87.2647,21.5534],[87.2629,21.5532],[87.2613,21.5532],[87.2605,21.553],[87.2586,21.5527],[87.2533,21.5527],[87.2527,21.5528],[87.2515,21.5527],[87.2498,21.5525],[87.2485,21.5519],[87.2478,21.5518],[87.2457,21.5516],[87.2445,21.5515],[87.2431,21.5516],[87.2419,21.5517],[87.2408,21.552],[87.2396,21.5512],[87.2391,21.5513],[87.2385,21.5512],[87.2378,21.5511],[87.2371,21.5509],[87.2364,21.5508],[87.2357,21.5508],[87.2351,21.5506],[87.2346,21.5504],[87.2342,21.55],[87.2322,21.55],[87.2319,21.5497],[87.2308,21.5497],[87.2296,21.5498],[87.2272,21.5498],[87.2265,21.5496],[87.226,21.5495],[87.2254,21.5494],[87.2251,21.5495],[87.2248,21.5495],[87.2242,21.5494],[87.2237,21.5494],[87.2233,21.5494],[87.2221,21.5493],[87.2209,21.5489],[87.2203,21.5485],[87.2184,21.5482],[87.2175,21.548],[87.2172,21.5478],[87.2169,21.5477],[87.2142,21.5472],[87.2132,21.5469],[87.2119,21.5468],[87.2104,21.5468],[87.21,21.5467],[87.2096,21.5467],[87.209,21.5463],[87.2084,21.5464],[87.208,21.5464],[87.2078,21.5461],[87.2075,21.5461],[87.2072,21.5464],[87.2069,21.5464],[87.2067,21.5467],[87.2058,21.5472],[87.2055,21.5473],[87.2049,21.5477],[87.2044,21.5478],[87.2042,21.5481],[87.2036,21.5482],[87.2033,21.5483],[87.2031,21.5483],[87.2028,21.5484],[87.2024,21.5484],[87.2019,21.5485],[87.2014,21.5485],[87.2009,21.5485],[87.2003,21.5481],[87.2,21.5481],[87.1994,21.5475],[87.1994,21.5469],[87.1998,21.5465],[87.2002,21.5462],[87.2005,21.5458],[87.2007,21.5454],[87.2006,21.5449],[87.2004,21.5445],[87.2001,21.5441],[87.1996,21.5438],[87.1992,21.5434],[87.1988,21.5432],[87.1983,21.5431],[87.1979,21.5429],[87.1974,21.5427],[87.197,21.5426],[87.1965,21.5424],[87.196,21.5422],[87.1956,21.542],[87.1951,21.5419],[87.1946,21.5417],[87.1943,21.5416],[87.1941,21.5415],[87.1937,21.5414],[87.1932,21.5412],[87.1927,21.5411],[87.1922,21.5409],[87.1917,21.5408],[87.1915,21.5408],[87.1911,21.5408],[87.1906,21.5406],[87.19,21.5405],[87.1894,21.5403],[87.1888,21.5402],[87.1882,21.54],[87.1876,21.5399],[87.187,21.5397],[87.1865,21.5395],[87.186,21.5392],[87.1854,21.539],[87.1848,21.5389],[87.1842,21.5387],[87.1836,21.5385],[87.1831,21.5383],[87.1825,21.538],[87.182,21.5378],[87.1815,21.5376],[87.1809,21.5374],[87.1803,21.5372],[87.1798,21.537],[87.1793,21.5368],[87.1788,21.5366],[87.1783,21.5363],[87.1779,21.5363],[87.1775,21.5363],[87.1771,21.5364],[87.1765,21.5362],[87.1758,21.5359],[87.1754,21.5357],[87.1751,21.5354],[87.1747,21.5352],[87.1743,21.535],[87.1739,21.5348],[87.1735,21.5346],[87.173,21.5344],[87.1726,21.5343],[87.1722,21.5341],[87.1717,21.5339],[87.1712,21.5337],[87.1708,21.5336],[87.1703,21.5334],[87.1699,21.5332],[87.1694,21.533],[87.169,21.5329],[87.1685,21.5327],[87.1681,21.5325],[87.1677,21.5324],[87.1672,21.5322],[87.1668,21.5321],[87.1663,21.532],[87.1658,21.5319],[87.1653,21.5319],[87.1649,21.5317],[87.1645,21.5314],[87.164,21.5312],[87.1636,21.531],[87.1632,21.5308],[87.1628,21.5305],[87.1625,21.5303],[87.1621,21.5301],[87.1617,21.53],[87.1612,21.5299],[87.1608,21.5297],[87.1603,21.5295],[87.1599,21.5293],[87.1595,21.5291],[87.1591,21.5288],[87.1587,21.5286],[87.1583,21.5284],[87.1579,21.5282],[87.1574,21.5281],[87.1564,21.5274],[87.1547,21.5268],[87.1538,21.526],[87.1523,21.525],[87.1509,21.5241],[87.1497,21.5236],[87.1492,21.5235],[87.1485,21.5235],[87.1479,21.5231],[87.1472,21.5227],[87.1466,21.5223],[87.1459,21.522],[87.1453,21.5216],[87.1447,21.5214],[87.144,21.5211],[87.1434,21.5208],[87.1428,21.5205],[87.1423,21.5201],[87.1418,21.5198],[87.1413,21.5196],[87.1408,21.5194],[87.1397,21.5186],[87.139,21.5183],[87.1385,21.5178],[87.1382,21.5174],[87.138,21.5172],[87.1372,21.517],[87.1367,21.5167],[87.1365,21.5165],[87.1359,21.5162],[87.1354,21.5158],[87.135,21.5155],[87.1346,21.5152],[87.1341,21.5149],[87.1337,21.515],[87.1328,21.5147],[87.1319,21.5142],[87.1317,21.514],[87.1315,21.514],[87.1306,21.5133],[87.1297,21.5129],[87.1286,21.513],[87.1283,21.5129],[87.1281,21.513],[87.1272,21.5133],[87.1272,21.5136],[87.1292,21.5156],[87.1294,21.5158],[87.1296,21.5161],[87.1298,21.5162],[87.1304,21.5165],[87.1307,21.5167],[87.1308,21.5168],[87.1317,21.5176],[87.1314,21.5178],[87.1311,21.5178],[87.1308,21.5178],[87.1305,21.5175],[87.1303,21.5175],[87.1297,21.5169],[87.1294,21.5169],[87.1286,21.5161],[87.1283,21.5161],[87.1281,21.5158],[87.1278,21.5158],[87.1272,21.5153],[87.1269,21.5153],[87.1267,21.515],[87.1264,21.515],[87.1261,21.5147],[87.1256,21.5147],[87.1253,21.5147],[87.1247,21.515],[87.1247,21.5158],[87.1246,21.5161],[87.1247,21.5164],[87.1247,21.5172],[87.125,21.5175],[87.125,21.5183],[87.1253,21.5186],[87.1253,21.5192],[87.125,21.5194],[87.125,21.52],[87.1236,21.5214],[87.1233,21.5214],[87.1228,21.5215],[87.1224,21.5215],[87.1219,21.5214],[87.1214,21.5211],[87.1211,21.5211],[87.1208,21.5211],[87.1206,21.5208],[87.1203,21.5208],[87.12,21.5206],[87.1197,21.5206],[87.1192,21.5203],[87.1181,21.5192],[87.1178,21.5192],[87.1176,21.519],[87.1175,21.5189],[87.1172,21.5189],[87.1164,21.5181],[87.116,21.5179],[87.1156,21.5176],[87.1152,21.5174],[87.1146,21.5167],[87.1142,21.5167],[87.1139,21.5164],[87.1131,21.5163],[87.1128,21.5162],[87.1124,21.5163],[87.1114,21.5164],[87.1111,21.5167],[87.1094,21.5167],[87.1092,21.5169],[87.1089,21.5169],[87.1086,21.5172],[87.1075,21.5172],[87.1069,21.5177],[87.107,21.5173],[87.1067,21.5167],[87.1064,21.5163],[87.1072,21.5156],[87.1085,21.5148],[87.1093,21.5149],[87.1111,21.5146],[87.1116,21.5143],[87.1123,21.5142],[87.1142,21.5138],[87.1147,21.5133],[87.1147,21.5128],[87.1147,21.5125],[87.1148,21.5122],[87.1147,21.5115],[87.1144,21.5097],[87.1142,21.5094],[87.1142,21.5089],[87.1139,21.5086],[87.1139,21.5083],[87.1136,21.5081],[87.1133,21.5081],[87.1122,21.5069],[87.1122,21.5067],[87.1119,21.5064],[87.1119,21.5061],[87.1117,21.5058],[87.1117,21.5056],[87.1114,21.5053],[87.1114,21.505],[87.1092,21.5028],[87.1089,21.5028],[87.1086,21.5025],[87.1081,21.5025],[87.1069,21.5014],[87.1067,21.5014],[87.1065,21.5013],[87.1064,21.5011],[87.1062,21.501],[87.106,21.5008],[87.1057,21.5004],[87.104,21.4985],[87.1038,21.4983],[87.1036,21.4981],[87.1031,21.4975],[87.1031,21.4972],[87.1019,21.4961],[87.1019,21.4958],[87.1017,21.4956],[87.1014,21.4956],[87.0997,21.4938],[87.0994,21.4936],[87.0983,21.4925],[87.0981,21.4923],[87.0972,21.4916],[87.0969,21.4914],[87.0966,21.4911],[87.0965,21.491],[87.0964,21.4909],[87.0963,21.4908],[87.0956,21.4903],[87.0953,21.49],[87.0944,21.4892],[87.0942,21.4892],[87.0931,21.4881],[87.0919,21.4869],[87.0919,21.4867],[87.0914,21.4861],[87.0908,21.4861],[87.0905,21.4857],[87.0903,21.4856],[87.0903,21.4853],[87.09,21.485],[87.09,21.4844],[87.0894,21.4839],[87.0892,21.4839],[87.0878,21.4825],[87.0875,21.4825],[87.0858,21.4808],[87.0856,21.4808],[87.085,21.4803],[87.0844,21.4803],[87.0836,21.4797],[87.0833,21.4794],[87.0828,21.4794],[87.0822,21.4789],[87.0817,21.4781],[87.0811,21.4776],[87.0803,21.4772],[87.0803,21.4769],[87.08,21.4767],[87.0797,21.4767],[87.0794,21.4764],[87.0789,21.4764],[87.0781,21.4756],[87.0778,21.4756],[87.077,21.4748],[87.0769,21.4747],[87.0769,21.4739],[87.0744,21.4714],[87.0739,21.4712],[87.0736,21.4711],[87.0733,21.4711],[87.0731,21.4711],[87.0728,21.4711],[87.0725,21.4711],[87.0712,21.4709],[87.0711,21.4709],[87.0708,21.4708],[87.0703,21.4708],[87.0693,21.4714],[87.069,21.4715],[87.0688,21.4717],[87.0686,21.4719],[87.0678,21.4721],[87.0661,21.4728],[87.0658,21.4729],[87.0655,21.4732],[87.065,21.4738],[87.0644,21.474],[87.0642,21.4744],[87.0638,21.4747],[87.0636,21.4747],[87.0628,21.4756],[87.0619,21.4764],[87.0614,21.4764],[87.0611,21.4767],[87.0606,21.4767],[87.0603,21.4769],[87.06,21.4767],[87.0592,21.4767],[87.0589,21.4769],[87.0583,21.4769],[87.0581,21.4767],[87.0578,21.4769],[87.0533,21.4769],[87.0531,21.4767],[87.0525,21.4767],[87.0522,21.4764],[87.0514,21.4764],[87.0511,21.4767],[87.05,21.4767],[87.0497,21.4768],[87.0492,21.4767],[87.0489,21.4767],[87.0483,21.4767],[87.0481,21.4769],[87.0475,21.4769],[87.0472,21.4767],[87.0467,21.4767],[87.0464,21.4764],[87.0461,21.4764],[87.0458,21.4761],[87.0456,21.4761],[87.0455,21.476],[87.0453,21.4758],[87.045,21.4758],[87.0444,21.4753],[87.0442,21.4753],[87.0438,21.4749],[87.0436,21.4747],[87.0436,21.4744],[87.0433,21.4742],[87.0433,21.4736],[87.0436,21.4733],[87.0436,21.4731],[87.0439,21.4728],[87.0439,21.4725],[87.0438,21.4722],[87.0437,21.472],[87.0436,21.4717],[87.0439,21.4706],[87.044,21.4704],[87.0442,21.4703],[87.0442,21.4697],[87.0444,21.4694],[87.0446,21.4693],[87.045,21.4692],[87.0457,21.469],[87.0458,21.4694],[87.0458,21.47],[87.0458,21.4703],[87.0458,21.4706],[87.0458,21.4708],[87.0461,21.4711],[87.0461,21.4714],[87.0461,21.4717],[87.0463,21.4719],[87.0463,21.4722],[87.0461,21.4725],[87.0461,21.4728],[87.0461,21.4731],[87.0461,21.4733],[87.0462,21.4738],[87.0472,21.475],[87.0484,21.4755],[87.0489,21.4753],[87.0494,21.4753],[87.0497,21.475],[87.05,21.475],[87.0503,21.4747],[87.0508,21.4747],[87.0513,21.4744],[87.0519,21.4741],[87.0526,21.4737],[87.0533,21.4734],[87.0539,21.4731],[87.0544,21.4731],[87.0553,21.4736],[87.0556,21.4737],[87.0561,21.4742],[87.0569,21.4742],[87.0575,21.4742],[87.0581,21.4742],[87.0583,21.4742],[87.0586,21.4742],[87.0589,21.4742],[87.0594,21.4739],[87.0597,21.4736],[87.0608,21.4736],[87.0611,21.4733],[87.0614,21.4733],[87.0619,21.4728],[87.0619,21.4725],[87.0617,21.4722],[87.0617,21.4717],[87.0614,21.4714],[87.0614,21.4708],[87.0622,21.47],[87.0622,21.4669],[87.0631,21.4661],[87.0631,21.4658],[87.0633,21.4656],[87.0633,21.465],[87.0636,21.4647],[87.0636,21.4644],[87.0642,21.4639],[87.0631,21.4628],[87.0631,21.4622],[87.0625,21.4617],[87.0625,21.4614],[87.0617,21.4606],[87.0614,21.4606],[87.0605,21.4597],[87.0597,21.4597],[87.0594,21.46],[87.0594,21.4614],[87.0592,21.4617],[87.0592,21.4628],[87.0594,21.4631],[87.0592,21.4633],[87.0581,21.4633],[87.0578,21.4636],[87.0572,21.4636],[87.0569,21.4633],[87.0564,21.4633],[87.0561,21.4636],[87.0556,21.4636],[87.0555,21.4635],[87.0553,21.4633],[87.0548,21.4632],[87.0544,21.463],[87.0539,21.4628],[87.0535,21.4625],[87.0531,21.4622],[87.0528,21.4619],[87.0524,21.4616],[87.0521,21.4613],[87.0518,21.461],[87.0515,21.4607],[87.0511,21.4603],[87.0508,21.4599],[87.0505,21.4596],[87.0504,21.4594],[87.0502,21.4592],[87.05,21.459],[87.0498,21.4587],[87.0494,21.4584],[87.049,21.4582],[87.0485,21.458],[87.0482,21.4577],[87.0477,21.4574],[87.0472,21.4571],[87.0468,21.4568],[87.0465,21.4564],[87.0462,21.4561],[87.0459,21.4558],[87.0456,21.4555],[87.0452,21.4552],[87.0448,21.4549],[87.0444,21.4546],[87.044,21.4543],[87.0435,21.454],[87.043,21.4537],[87.0425,21.4533],[87.042,21.4529],[87.0415,21.4524],[87.041,21.452],[87.0406,21.4516],[87.0402,21.4512],[87.0398,21.4509],[87.0393,21.4505],[87.0388,21.4503],[87.0383,21.45],[87.0379,21.4496],[87.0375,21.4493],[87.0371,21.449],[87.0368,21.4487],[87.0365,21.4484],[87.0362,21.4481],[87.0359,21.4478],[87.0355,21.4475],[87.035,21.4472],[87.0346,21.447],[87.0342,21.4467],[87.0339,21.4464],[87.0335,21.4461],[87.033,21.4458],[87.0325,21.4455],[87.032,21.4452],[87.0316,21.4449],[87.0312,21.4445],[87.0308,21.4441],[87.0305,21.4437],[87.0301,21.4434],[87.0296,21.443],[87.0292,21.4426],[87.0286,21.4421],[87.0281,21.4417],[87.0281,21.4414],[87.0275,21.4408],[87.0272,21.4408],[87.0269,21.4406],[87.0267,21.4406],[87.0256,21.4394],[87.0253,21.4394],[87.025,21.4392],[87.0242,21.4392],[87.0236,21.4386],[87.0233,21.4386],[87.0228,21.4381],[87.0225,21.4381],[87.0222,21.4378],[87.0219,21.4378],[87.0212,21.4373],[87.0206,21.4369],[87.0201,21.4366],[87.0196,21.4363],[87.0191,21.436],[87.0186,21.4358],[87.0182,21.4354],[87.0177,21.4351],[87.0172,21.4347],[87.0168,21.4344],[87.0164,21.434],[87.0159,21.4337],[87.0155,21.4334],[87.0151,21.4331],[87.0147,21.4328],[87.0143,21.4325],[87.014,21.4322],[87.0136,21.432],[87.0131,21.4317],[87.0127,21.4314],[87.0122,21.4311],[87.0117,21.4308],[87.0113,21.4304],[87.0109,21.4301],[87.0105,21.4298],[87.01,21.4295],[87.0097,21.4293],[87.0093,21.429],[87.009,21.4287],[87.0086,21.4284],[87.0081,21.4281],[87.0076,21.4278],[87.0071,21.4274],[87.0065,21.427],[87.0059,21.4266],[87.0053,21.4263],[87.0048,21.4259],[87.0044,21.4257],[87.004,21.4255],[87.0036,21.4253],[87.0031,21.4247],[87.0028,21.4247],[87.0025,21.4244],[87.0022,21.4244],[87.0019,21.4242],[87.0017,21.4239],[87.0014,21.4239],[87.0011,21.4236],[87.0008,21.4236],[87.0003,21.4228],[87,21.4225],[86.9997,21.4222],[86.9986,21.4217],[86.9983,21.4214],[86.9978,21.4211],[86.9961,21.4208],[86.9956,21.4206],[86.9956,21.4203],[86.9953,21.42],[86.9953,21.4197],[86.9947,21.4192],[86.9942,21.4189],[86.9933,21.4186],[86.9917,21.4169],[86.9911,21.4167],[86.9905,21.4161],[86.99,21.4158],[86.9897,21.4156],[86.9892,21.4153],[86.9883,21.415],[86.9883,21.4147],[86.9869,21.4133],[86.9858,21.4128],[86.9855,21.4125],[86.985,21.4122],[86.9847,21.4119],[86.9847,21.4117],[86.9836,21.4114],[86.9833,21.4111],[86.9828,21.4108],[86.9828,21.4106],[86.9817,21.4106],[86.9817,21.4108],[86.9811,21.4108],[86.9803,21.41],[86.9803,21.4097],[86.98,21.4094],[86.98,21.4092],[86.9797,21.4089],[86.9797,21.4083],[86.9794,21.4081],[86.9794,21.4078],[86.9792,21.4075],[86.9792,21.4072],[86.9789,21.4069],[86.9789,21.4067],[86.9783,21.4061],[86.9783,21.4058],[86.9775,21.405],[86.9769,21.4047],[86.9764,21.4042],[86.9758,21.4039],[86.9756,21.4036],[86.9756,21.4031],[86.9753,21.4028],[86.9753,21.4025],[86.9739,21.4011],[86.9733,21.4008],[86.9708,21.3983],[86.9708,21.3981],[86.9703,21.3975],[86.9697,21.3972],[86.9692,21.3967],[86.9686,21.3964],[86.9681,21.3958],[86.9681,21.3956],[86.9672,21.3947],[86.9672,21.3944],[86.9669,21.3942],[86.9661,21.3939],[86.9656,21.3933],[86.9656,21.3931],[86.9631,21.3906],[86.9622,21.3903],[86.9614,21.3894],[86.9614,21.3892],[86.9594,21.3872],[86.9594,21.3869],[86.9589,21.3867],[86.9583,21.3861],[86.9583,21.3856],[86.9578,21.385],[86.9578,21.3847],[86.9572,21.3842],[86.9567,21.3839],[86.9561,21.3833],[86.9553,21.3831],[86.955,21.3828],[86.955,21.3825],[86.9542,21.3817],[86.9536,21.3814],[86.9531,21.3808],[86.9531,21.3806],[86.9525,21.38],[86.9519,21.3797],[86.9508,21.3786],[86.9508,21.3783],[86.9506,21.3781],[86.9505,21.3778],[86.95,21.3775],[86.9489,21.3764],[86.9478,21.3758],[86.9472,21.3753],[86.9472,21.375],[86.947,21.3747],[86.9469,21.3744],[86.9467,21.3742],[86.9467,21.3739],[86.9461,21.3733],[86.9461,21.3731],[86.9458,21.3728],[86.9453,21.3725],[86.9453,21.3722],[86.9447,21.3717],[86.9447,21.3714],[86.9444,21.3711],[86.9444,21.3708],[86.9442,21.3706],[86.944,21.3704],[86.9439,21.37],[86.9433,21.3699],[86.9417,21.3675],[86.9414,21.3672],[86.9406,21.3661],[86.9403,21.366],[86.94,21.3656],[86.9392,21.3647],[86.9387,21.3644],[86.9378,21.3635],[86.9378,21.3631],[86.9364,21.3614],[86.9364,21.3611],[86.9361,21.3606],[86.9358,21.3603],[86.9355,21.3603],[86.935,21.3597],[86.935,21.3594],[86.9336,21.3581],[86.9333,21.3581],[86.9331,21.3578],[86.9331,21.3575],[86.9322,21.3567],[86.9322,21.3561],[86.9292,21.3531],[86.9292,21.3528],[86.9286,21.3522],[86.9286,21.3517],[86.928,21.3511],[86.928,21.3508],[86.9247,21.3475],[86.9247,21.3472],[86.9236,21.3461],[86.9233,21.3461],[86.9203,21.3431],[86.92,21.3431],[86.9197,21.3428],[86.9194,21.3428],[86.9172,21.3406],[86.9164,21.3406],[86.9158,21.34],[86.9156,21.34],[86.9153,21.3397],[86.9133,21.3397],[86.9131,21.34],[86.9128,21.34],[86.9125,21.3403],[86.9117,21.3403],[86.9114,21.3406],[86.9111,21.3406],[86.911,21.3404],[86.9108,21.3403],[86.9108,21.3397],[86.9103,21.3392],[86.9103,21.3389],[86.91,21.3386],[86.91,21.3369],[86.9106,21.3364],[86.9106,21.3361],[86.9117,21.335],[86.9117,21.3347],[86.9114,21.3344],[86.9114,21.3342],[86.9111,21.3339],[86.9111,21.3333],[86.9108,21.3331],[86.9108,21.3328],[86.9106,21.3325],[86.9106,21.3322],[86.91,21.3317],[86.91,21.3314],[86.9097,21.3311],[86.9097,21.3308],[86.9094,21.3306],[86.9094,21.3303],[86.9089,21.3297],[86.9089,21.3294],[86.9078,21.3283],[86.9078,21.3281],[86.9039,21.3242],[86.9036,21.3242],[86.9028,21.3233],[86.9028,21.3231],[86.9011,21.3214],[86.9008,21.3214],[86.8986,21.3192],[86.8983,21.3192],[86.8969,21.3178],[86.8967,21.3178],[86.8964,21.3175],[86.8953,21.3175],[86.895,21.3178],[86.8942,21.3178],[86.8936,21.3172],[86.8931,21.3172],[86.8922,21.3164],[86.8922,21.3161],[86.8919,21.3158],[86.8919,21.315],[86.8917,21.3147],[86.8917,21.3114],[86.8914,21.3111],[86.8914,21.3106],[86.8911,21.3103],[86.8911,21.3097],[86.8908,21.3094],[86.8908,21.3092],[86.8911,21.3089],[86.8906,21.3083],[86.8906,21.3075],[86.8903,21.3072],[86.8903,21.3069],[86.89,21.3067],[86.89,21.3061],[86.8894,21.3056],[86.8894,21.3053],[86.889,21.3048],[86.8889,21.3047],[86.8886,21.3044],[86.8886,21.3042],[86.8881,21.3036],[86.888,21.3033],[86.8878,21.3031],[86.8878,21.3028],[86.8875,21.3025],[86.8875,21.3019],[86.8872,21.3017],[86.8872,21.3011],[86.8869,21.3008],[86.8869,21.3003],[86.8868,21.3001],[86.8861,21.2994],[86.8861,21.2992],[86.8858,21.2989],[86.8858,21.2986],[86.8856,21.2983],[86.8856,21.2981],[86.8853,21.2978],[86.8853,21.2975],[86.885,21.2972],[86.885,21.2969],[86.8844,21.2964],[86.8845,21.2961],[86.8842,21.2958],[86.8842,21.2956],[86.8839,21.2953],[86.8839,21.295],[86.8836,21.2947],[86.8836,21.2944],[86.8828,21.2936],[86.8828,21.2933],[86.8819,21.2925],[86.8819,21.2922],[86.8803,21.2906],[86.8803,21.2903],[86.8797,21.2897],[86.8797,21.2894],[86.8775,21.2872],[86.8775,21.2869],[86.8753,21.2847],[86.8753,21.2844],[86.8747,21.2839],[86.8747,21.2836],[86.8742,21.2831],[86.8742,21.2828],[86.8739,21.2825],[86.8739,21.2822],[86.8736,21.2819],[86.8736,21.2817],[86.873,21.2811],[86.873,21.2808],[86.8722,21.28],[86.8719,21.28],[86.8714,21.2794],[86.8711,21.2794],[86.8708,21.2792],[86.8708,21.2789],[86.8697,21.2778],[86.8697,21.2775],[86.8683,21.2761],[86.8683,21.2758],[86.8681,21.2756],[86.8681,21.2753],[86.8683,21.275],[86.8683,21.2747],[86.8675,21.2739],[86.8675,21.2736],[86.8669,21.2731],[86.8669,21.2728],[86.8664,21.2722],[86.8664,21.2719],[86.8661,21.2717],[86.8661,21.2708],[86.8656,21.2703],[86.8653,21.2703],[86.865,21.27],[86.8647,21.27],[86.8644,21.2697],[86.8644,21.2692],[86.8642,21.2689],[86.8642,21.2686],[86.8636,21.2681],[86.8636,21.2678],[86.8631,21.2672],[86.8631,21.2669],[86.8617,21.2656],[86.8617,21.2653],[86.8614,21.265],[86.8614,21.2642],[86.8606,21.2633],[86.8606,21.2631],[86.8594,21.2619],[86.8594,21.2617],[86.8592,21.2614],[86.8592,21.2611],[86.8589,21.2608],[86.8589,21.2606],[86.8583,21.26],[86.8583,21.2597],[86.8576,21.2576],[86.8569,21.2567],[86.8569,21.2561],[86.8567,21.2558],[86.8567,21.2556],[86.8564,21.2553],[86.8564,21.255],[86.855,21.2536],[86.855,21.2533],[86.8544,21.2528],[86.8544,21.2525],[86.8542,21.2522],[86.8542,21.2519],[86.8544,21.2517],[86.8536,21.2508],[86.8536,21.2506],[86.8533,21.2503],[86.8533,21.25],[86.8531,21.2497],[86.8531,21.2494],[86.8525,21.2489],[86.8525,21.2486],[86.8528,21.2483],[86.8522,21.2478],[86.8522,21.2475],[86.8517,21.2469],[86.8517,21.2467],[86.8511,21.2461],[86.8511,21.2456],[86.8506,21.245],[86.8506,21.2447],[86.8503,21.2444],[86.8503,21.2439],[86.85,21.2436],[86.85,21.2433],[86.8494,21.2428],[86.8494,21.2425],[86.8492,21.2422],[86.8492,21.2419],[86.8486,21.2414],[86.8486,21.2411],[86.8483,21.2408],[86.8483,21.2403],[86.8478,21.2397],[86.8478,21.2394],[86.8475,21.2392],[86.8475,21.2389],[86.8472,21.2386],[86.8472,21.2383],[86.8469,21.2381],[86.8469,21.2378],[86.8464,21.2372],[86.8464,21.2369],[86.8461,21.2367],[86.8461,21.2361],[86.8458,21.2358],[86.8458,21.2356],[86.8453,21.235],[86.8453,21.2347],[86.845,21.2344],[86.845,21.2339],[86.8447,21.2336],[86.8447,21.2333],[86.8444,21.2331],[86.8444,21.2328],[86.8447,21.2325],[86.845,21.2325],[86.8453,21.2322],[86.8458,21.2322],[86.8461,21.2319],[86.8464,21.232],[86.8468,21.2316],[86.8489,21.2294],[86.8489,21.2289],[86.8492,21.2286],[86.8492,21.2281],[86.8489,21.2278],[86.8489,21.2267],[86.8483,21.2261],[86.8478,21.2267],[86.8475,21.2267],[86.8472,21.2269],[86.8472,21.2272],[86.8469,21.2275],[86.8469,21.2281],[86.8456,21.2294],[86.8454,21.2294],[86.845,21.2294],[86.8447,21.2297],[86.8444,21.2297],[86.8442,21.23],[86.8439,21.23],[86.8436,21.2303],[86.8433,21.23],[86.8433,21.2297],[86.8428,21.2292],[86.8428,21.2289],[86.8436,21.2281],[86.8436,21.2278],[86.8438,21.2276],[86.8439,21.2275],[86.8439,21.2272],[86.8436,21.2269],[86.8436,21.2267],[86.8433,21.2264],[86.8433,21.2258],[86.8431,21.2256],[86.8431,21.225],[86.8428,21.2247],[86.8428,21.2242],[86.8425,21.2239],[86.8425,21.2236],[86.8422,21.2233],[86.8422,21.2231],[86.8419,21.2228],[86.8419,21.2214],[86.8414,21.2208],[86.8414,21.2206],[86.8411,21.2203],[86.8411,21.2197],[86.8406,21.2192],[86.8406,21.2186],[86.8403,21.2183],[86.8403,21.2172],[86.8394,21.2164],[86.8394,21.2161],[86.8397,21.2158],[86.8397,21.2153],[86.8394,21.215],[86.8394,21.2147],[86.8381,21.2133],[86.8381,21.2111],[86.8383,21.2108],[86.8389,21.2108],[86.8394,21.2114],[86.8394,21.2117],[86.8397,21.2119],[86.8397,21.2122],[86.8403,21.2128],[86.8403,21.2131],[86.8406,21.2133],[86.8406,21.2139],[86.8411,21.2145],[86.8411,21.215],[86.8417,21.2156],[86.8417,21.2158],[86.8422,21.2164],[86.8422,21.2169],[86.8425,21.2172],[86.8425,21.2175],[86.8431,21.2181],[86.8431,21.2186],[86.8433,21.2189],[86.8433,21.2192],[86.8436,21.2194],[86.8436,21.2197],[86.8442,21.2203],[86.8444,21.2203],[86.8447,21.22],[86.845,21.22],[86.8453,21.2197],[86.8453,21.2192],[86.845,21.2189],[86.845,21.2183],[86.8447,21.2181],[86.8447,21.2178],[86.8439,21.2169],[86.8439,21.2164],[86.8433,21.2158],[86.8433,21.2156],[86.8431,21.2153],[86.8431,21.215],[86.8428,21.2147],[86.8428,21.2142],[86.8419,21.2133],[86.8419,21.2131],[86.8417,21.2128],[86.8417,21.2125],[86.8414,21.2122],[86.8414,21.2119],[86.8411,21.2117],[86.8411,21.2111],[86.8408,21.2108],[86.8408,21.2106],[86.8406,21.2103],[86.8406,21.21],[86.84,21.2094],[86.8394,21.2094],[86.8389,21.2089],[86.8389,21.2081],[86.8394,21.2075],[86.8394,21.2072],[86.8378,21.2056],[86.8375,21.2058],[86.8367,21.2058],[86.8364,21.2056],[86.8361,21.2056],[86.8356,21.2061],[86.8353,21.2061],[86.835,21.2064],[86.8342,21.2064],[86.8339,21.2061],[86.8336,21.2061],[86.8333,21.2058],[86.8331,21.2058],[86.8322,21.205],[86.8314,21.205],[86.8311,21.2053],[86.8308,21.205],[86.8306,21.205],[86.8297,21.2042],[86.8297,21.2031],[86.8294,21.2028],[86.8294,21.2022],[86.8292,21.2019],[86.8292,21.2015],[86.8292,21.2014],[86.8289,21.2011],[86.8289,21.2008],[86.8297,21.2],[86.83,21.2],[86.8308,21.1992],[86.8308,21.1989],[86.8311,21.1986],[86.8311,21.1978],[86.83,21.1967],[86.8303,21.1964],[86.8303,21.1961],[86.8308,21.1956],[86.8306,21.1953],[86.8306,21.1944],[86.83,21.1939],[86.83,21.1936],[86.8294,21.1931],[86.8292,21.1931],[86.8289,21.1933],[86.8278,21.1933],[86.8275,21.1936],[86.8275,21.1939],[86.8269,21.1944],[86.8269,21.1947],[86.8267,21.195],[86.8267,21.1953],[86.8268,21.1954],[86.8275,21.1961],[86.8278,21.1961],[86.828,21.1963],[86.8281,21.1964],[86.8286,21.1964],[86.8289,21.1967],[86.8289,21.1972],[86.8292,21.1975],[86.8286,21.1981],[86.8278,21.1981],[86.8272,21.1986],[86.8264,21.1986],[86.8264,21.1983],[86.8261,21.1981],[86.8261,21.1972],[86.8256,21.1967],[86.8253,21.1967],[86.8247,21.1972],[86.8239,21.1964],[86.8239,21.1958],[86.8242,21.1956],[86.8242,21.1953],[86.8231,21.1942],[86.8228,21.1942],[86.8225,21.1939],[86.8225,21.1933],[86.8228,21.1931],[86.8228,21.1928],[86.8231,21.1925],[86.8231,21.1919],[86.8233,21.1917],[86.8233,21.1911],[86.8231,21.1908],[86.8231,21.1906],[86.8225,21.19],[86.8225,21.1894],[86.8222,21.1892],[86.8222,21.1889],[86.822,21.1886],[86.8219,21.1883],[86.8217,21.1881],[86.8217,21.1867],[86.8214,21.1864],[86.8214,21.1853],[86.8211,21.185],[86.8211,21.1847],[86.8208,21.1844],[86.8208,21.1836],[86.8206,21.1833],[86.8206,21.1828],[86.8203,21.1825],[86.8203,21.1819],[86.8197,21.1814],[86.8197,21.1808],[86.8192,21.1803],[86.8192,21.1795],[86.8189,21.1792],[86.8189,21.1786],[86.8186,21.1783],[86.8186,21.1781],[86.8192,21.1775],[86.8194,21.1775],[86.8203,21.1783],[86.8206,21.1783],[86.8208,21.1786],[86.8211,21.1786],[86.8214,21.1786],[86.8217,21.1789],[86.8219,21.1789],[86.8221,21.1791],[86.8222,21.1792],[86.8225,21.1792],[86.8228,21.1795],[86.8231,21.1795],[86.8233,21.1792],[86.8239,21.1792],[86.8239,21.1786],[86.8231,21.1778],[86.8231,21.1775],[86.8233,21.1772],[86.8236,21.1772],[86.8242,21.1767],[86.8244,21.1767],[86.8258,21.1781],[86.8261,21.1781],[86.8272,21.1769],[86.8283,21.1769],[86.8283,21.1764],[86.8281,21.1761],[86.8281,21.1736],[86.8269,21.1725],[86.8269,21.1722],[86.8272,21.1719],[86.8272,21.1717],[86.8275,21.1714],[86.8275,21.1706],[86.8267,21.1697],[86.8267,21.1694],[86.8269,21.1692],[86.8269,21.1681],[86.8272,21.1678],[86.8272,21.1669],[86.8269,21.1667],[86.8269,21.165],[86.8267,21.1647],[86.8267,21.1642],[86.8264,21.1639],[86.8264,21.1625],[86.8258,21.1619],[86.8258,21.1606],[86.8261,21.1603],[86.8261,21.1581],[86.8255,21.1575],[86.8253,21.1575],[86.8251,21.1574],[86.825,21.1572],[86.825,21.1569],[86.8247,21.1567],[86.8247,21.1561],[86.8255,21.1553],[86.8255,21.1522],[86.8258,21.1519],[86.8258,21.1517],[86.8255,21.1514],[86.8255,21.1505],[86.8253,21.1503],[86.8253,21.1497],[86.825,21.1494],[86.825,21.1486],[86.8242,21.1478],[86.8247,21.1472],[86.8247,21.1469],[86.825,21.1467],[86.825,21.1461],[86.8247,21.1458],[86.8247,21.145],[86.8244,21.1447],[86.8244,21.1433],[86.8247,21.1431],[86.8247,21.1414],[86.8242,21.1408],[86.8236,21.1408],[86.8236,21.14],[86.8239,21.1397],[86.8236,21.1394],[86.8236,21.1389],[86.8233,21.1386],[86.8233,21.1383],[86.8239,21.1378],[86.8242,21.1378],[86.8267,21.1353],[86.8267,21.135],[86.8269,21.1347],[86.8269,21.1336],[86.8275,21.1331],[86.8275,21.1319],[86.8278,21.1317],[86.8278,21.1306],[86.8281,21.1303],[86.8281,21.1281],[86.8283,21.1278],[86.8283,21.1269],[86.8281,21.1267],[86.8281,21.1258],[86.8283,21.1256],[86.8283,21.1253],[86.8286,21.125],[86.8286,21.1245],[86.8289,21.1242],[86.8289,21.1239],[86.8292,21.1236],[86.8292,21.1233],[86.8294,21.1231],[86.8294,21.1228],[86.83,21.1222],[86.83,21.1219],[86.8303,21.1217],[86.8303,21.1211],[86.8306,21.1208],[86.8306,21.1206],[86.8308,21.1203],[86.8308,21.1194],[86.8306,21.1192],[86.8308,21.1189],[86.8306,21.1186],[86.8308,21.1186],[86.8308,21.1175],[86.8311,21.1172],[86.8311,21.1169],[86.8314,21.1167],[86.8314,21.1161],[86.8317,21.1158],[86.8317,21.1156],[86.8319,21.1153],[86.8319,21.1144],[86.8322,21.1142],[86.8322,21.1133],[86.8331,21.1125],[86.833,21.1122],[86.8333,21.1119],[86.8333,21.1117],[86.8336,21.1114],[86.8336,21.1108],[86.8339,21.1106],[86.8339,21.1103],[86.8342,21.11],[86.8342,21.1097],[86.8344,21.1094],[86.8344,21.1089],[86.8347,21.1086],[86.8347,21.1083],[86.835,21.1081],[86.835,21.1075],[86.8347,21.1072],[86.8347,21.1067],[86.8358,21.1056],[86.8358,21.105],[86.8356,21.1047],[86.8356,21.1044],[86.8358,21.1042],[86.8358,21.1033],[86.8361,21.1031],[86.8361,21.1028],[86.8367,21.1022],[86.8367,21.1019],[86.8369,21.1017],[86.8369,21.1006],[86.8367,21.1003],[86.8367,21.0997],[86.8369,21.0994],[86.8372,21.0995],[86.8375,21.0992],[86.8378,21.0992],[86.8392,21.0978],[86.8392,21.0972],[86.8394,21.0969],[86.8394,21.0964],[86.8397,21.0961],[86.8397,21.0958],[86.84,21.0956],[86.84,21.0953],[86.8406,21.0947],[86.8406,21.0944],[86.8408,21.0942],[86.8408,21.0939],[86.8406,21.0936],[86.8406,21.0933],[86.8411,21.0928],[86.8411,21.0925],[86.8417,21.0919],[86.8417,21.0917],[86.8419,21.0914],[86.8419,21.0911],[86.8422,21.0908],[86.8422,21.09],[86.8425,21.0897],[86.8425,21.0892],[86.8428,21.0889],[86.8428,21.0872],[86.8431,21.0869],[86.8431,21.0867],[86.8433,21.0864],[86.8433,21.0861],[86.8436,21.0858],[86.8436,21.0853],[86.8439,21.085],[86.8439,21.0844],[86.8436,21.0842],[86.8436,21.0839],[86.8439,21.0836],[86.8439,21.0831],[86.8442,21.0828],[86.8442,21.0822],[86.8439,21.0819],[86.8439,21.0817],[86.8444,21.0811],[86.8447,21.0811],[86.845,21.0808],[86.8453,21.0808],[86.8456,21.0806],[86.8458,21.0806],[86.8481,21.0783],[86.8481,21.0781],[86.8486,21.0775],[86.8486,21.0772],[86.8489,21.0769],[86.8492,21.0767],[86.8492,21.0764],[86.8494,21.0761],[86.8494,21.0758],[86.8497,21.0756],[86.8497,21.0753],[86.8503,21.0747],[86.8503,21.0744],[86.8506,21.0742],[86.8506,21.0739],[86.8508,21.0736],[86.8508,21.0733],[86.8511,21.0731],[86.8511,21.0728],[86.8514,21.0725],[86.8514,21.0714],[86.8522,21.0706],[86.8522,21.0703],[86.8528,21.0697],[86.8528,21.0694],[86.8531,21.0692],[86.8531,21.0689],[86.8533,21.0686],[86.8533,21.0683],[86.8536,21.0681],[86.8536,21.0672],[86.8539,21.0669],[86.8539,21.0667],[86.8544,21.0661],[86.8544,21.0656],[86.8547,21.0653],[86.8547,21.065],[86.8553,21.0644],[86.8556,21.0644],[86.8558,21.0642],[86.8558,21.0636],[86.8561,21.0633],[86.8561,21.0628],[86.8564,21.0625],[86.8564,21.062],[86.8567,21.0617],[86.8567,21.0614],[86.8569,21.0611],[86.8569,21.0606],[86.8572,21.0603],[86.8572,21.0597],[86.8569,21.0594],[86.8569,21.0589],[86.8572,21.0586],[86.8572,21.0583],[86.8575,21.0581],[86.8575,21.0578],[86.8578,21.0575],[86.8578,21.0569],[86.8581,21.0567],[86.8581,21.0561],[86.8583,21.0561],[86.8581,21.0558],[86.8581,21.0556],[86.8583,21.0553],[86.8583,21.055],[86.8592,21.0542],[86.8594,21.0542],[86.8606,21.0531],[86.8606,21.0528],[86.8611,21.0522],[86.8611,21.0519],[86.8617,21.0514],[86.8617,21.0511],[86.8622,21.0506],[86.8622,21.0503],[86.8633,21.0492],[86.8636,21.0492],[86.8639,21.0489],[86.8642,21.0489],[86.8661,21.0469],[86.8661,21.0464],[86.8664,21.0461],[86.8664,21.0458],[86.8678,21.0444],[86.8678,21.0442],[86.8683,21.0436],[86.8683,21.0431],[86.8689,21.0425],[86.8689,21.0422],[86.87,21.0411],[86.87,21.0408],[86.8703,21.0406],[86.8703,21.0403],[86.8706,21.04],[86.8706,21.0397],[86.8708,21.0394],[86.8708,21.0392],[86.8711,21.0389],[86.8711,21.0386],[86.8731,21.0367],[86.8731,21.0364],[86.8736,21.0358],[86.8736,21.0356],[86.8739,21.0353],[86.8739,21.035],[86.8761,21.0328],[86.8761,21.0322],[86.8767,21.0317],[86.8767,21.0314],[86.8772,21.0308],[86.8772,21.0303],[86.8789,21.0286],[86.8792,21.0286],[86.8808,21.0269],[86.8808,21.0267],[86.8811,21.0264],[86.8811,21.0261],[86.8814,21.0258],[86.8814,21.0256],[86.8817,21.0253],[86.8817,21.025],[86.8825,21.0242],[86.8825,21.0239],[86.8828,21.0236],[86.8828,21.0233],[86.8836,21.0225],[86.8836,21.0222],[86.8842,21.0217],[86.8842,21.0214],[86.8847,21.0208],[86.8847,21.0206],[86.885,21.0203],[86.885,21.0197],[86.8853,21.0197],[86.8858,21.0192],[86.8861,21.0192],[86.8889,21.0164],[86.8889,21.0161],[86.8892,21.0158],[86.8892,21.0156],[86.8894,21.0153],[86.8894,21.015],[86.8897,21.0147],[86.8897,21.0142],[86.8903,21.0136],[86.8903,21.0133],[86.8906,21.0131],[86.8906,21.0128],[86.8908,21.0125],[86.8908,21.0119],[86.8911,21.0117],[86.8911,21.0111],[86.8914,21.0108],[86.8914,21.0103],[86.8917,21.01],[86.8917,21.0095],[86.8919,21.0092],[86.8919,21.0089],[86.8933,21.0075],[86.8933,21.0072],[86.8936,21.0069],[86.8936,21.0067],[86.8939,21.0064],[86.8939,21.0056],[86.8942,21.0053],[86.8942,21.005],[86.8944,21.0047],[86.8944,21.0044],[86.8947,21.0042],[86.8947,21.0039],[86.8953,21.0033],[86.8953,21.0031],[86.8955,21.0028],[86.8955,21.0025],[86.8967,21.0014],[86.8967,21.0006],[86.8967,21.0003],[86.8969,21],[86.8975,20.9995],[86.8975,20.9992],[86.8978,20.9989],[86.8978,20.9986],[86.8986,20.9978],[86.8986,20.9969],[86.8989,20.9967],[86.8989,20.9961],[86.8992,20.9958],[86.8992,20.9947],[86.8994,20.9944],[86.8994,20.9942],[86.8997,20.9939],[86.8997,20.9933],[86.9,20.9931],[86.9,20.9928],[86.9003,20.9925],[86.9003,20.9922],[86.9006,20.9919],[86.9006,20.9911],[86.9007,20.9901],[86.9017,20.9889],[86.9021,20.9875],[86.9024,20.9869],[86.9029,20.9867],[86.9033,20.9864],[86.9033,20.986],[86.9032,20.9849],[86.9029,20.9841],[86.9035,20.9832],[86.904,20.9831],[86.9042,20.9824],[86.9042,20.98],[86.9044,20.9797],[86.9044,20.9792],[86.905,20.9778],[86.9059,20.9766],[86.9063,20.9762],[86.9066,20.9753],[86.9067,20.9743],[86.9073,20.9734],[86.9073,20.9725],[86.9075,20.9712],[86.908,20.9698],[86.9085,20.9691],[86.9085,20.9686],[86.9083,20.968],[86.9081,20.9675],[86.9078,20.967],[86.908,20.9666],[86.909,20.9666],[86.9096,20.9663],[86.9099,20.9659],[86.9101,20.9651],[86.9101,20.9635],[86.9102,20.963],[86.9103,20.9624],[86.9103,20.9618],[86.9101,20.9614],[86.9099,20.9609],[86.9099,20.9604],[86.9105,20.9601],[86.911,20.9597],[86.911,20.9593],[86.9108,20.9588],[86.9108,20.9575],[86.9106,20.9572],[86.9106,20.9564],[86.9103,20.9561],[86.91,20.9561],[86.91,20.9558],[86.9106,20.9553],[86.9111,20.9553],[86.9114,20.955],[86.9117,20.955],[86.9119,20.9547],[86.9119,20.9544],[86.9125,20.9539],[86.9125,20.9536],[86.9128,20.9533],[86.9128,20.9528],[86.9125,20.9525],[86.9125,20.9511],[86.9136,20.95],[86.9136,20.9497],[86.9138,20.9489],[86.9138,20.9483],[86.9141,20.9475],[86.9146,20.947],[86.9151,20.9458],[86.9154,20.9449],[86.9158,20.9443],[86.9166,20.9426],[86.9169,20.9413],[86.9173,20.9398],[86.9178,20.9392],[86.9184,20.9389],[86.9194,20.9387],[86.92,20.9381],[86.9206,20.9375],[86.9206,20.9372],[86.9208,20.9369],[86.9208,20.9367],[86.9206,20.9364],[86.9206,20.9358],[86.9203,20.9356],[86.9203,20.935],[86.9206,20.9347],[86.9206,20.9344],[86.9208,20.9342],[86.9208,20.9339],[86.9217,20.9331],[86.9217,20.9325],[86.9219,20.9322],[86.9219,20.9319],[86.9222,20.9317],[86.9222,20.9311],[86.9225,20.9308],[86.9225,20.9306],[86.9228,20.9303],[86.9228,20.93],[86.9231,20.9297],[86.9231,20.9286],[86.9247,20.9269],[86.9247,20.9267],[86.9258,20.9256],[86.9258,20.9253],[86.9261,20.925],[86.9261,20.9247],[86.9264,20.9244],[86.9264,20.9242],[86.9269,20.9236],[86.9269,20.9233],[86.9272,20.9231],[86.9272,20.9228],[86.9286,20.9214],[86.9286,20.9208],[86.9289,20.9206],[86.9289,20.92],[86.9292,20.9197],[86.9292,20.9194],[86.9306,20.9181],[86.9306,20.9169],[86.9308,20.9167],[86.9308,20.9164],[86.9311,20.9161],[86.9311,20.9156],[86.9314,20.9153],[86.9314,20.915],[86.9319,20.9144],[86.9319,20.9142],[86.9325,20.9136],[86.9325,20.9133],[86.9328,20.9131],[86.9328,20.9125],[86.9331,20.9122],[86.9328,20.9119],[86.9328,20.9114],[86.9331,20.9111],[86.9331,20.9108],[86.9339,20.91],[86.9339,20.9097],[86.9342,20.9094],[86.9342,20.9092],[86.9345,20.9089],[86.9344,20.9086],[86.9347,20.9083],[86.935,20.9083],[86.935,20.9067],[86.9353,20.9064],[86.9353,20.9058],[86.9356,20.9056],[86.9355,20.9053],[86.9358,20.905],[86.9358,20.9047],[86.9364,20.9042],[86.9364,20.9039],[86.9367,20.9036],[86.9367,20.9033],[86.9369,20.9031],[86.9369,20.9028],[86.9372,20.9025],[86.9372,20.9022],[86.9375,20.9019],[86.9375,20.9017],[86.9389,20.9003],[86.9389,20.8992],[86.9386,20.8989],[86.9386,20.8986],[86.9389,20.8983],[86.9389,20.8978],[86.9383,20.8972],[86.9383,20.8969],[86.9394,20.8958],[86.9394,20.8956],[86.9397,20.8953],[86.9408,20.8931],[86.9411,20.8923],[86.9413,20.8915],[86.9417,20.891],[86.9424,20.8902],[86.9431,20.8897],[86.9442,20.8886],[86.9442,20.8883],[86.9444,20.8881],[86.9444,20.8878],[86.9445,20.8868],[86.9446,20.8863],[86.9447,20.8853],[86.9452,20.8848],[86.9459,20.8841],[86.9465,20.8832],[86.9468,20.8824],[86.9468,20.8817],[86.9469,20.8811],[86.9475,20.8804],[86.9481,20.8802],[86.9486,20.8799],[86.949,20.8793],[86.9497,20.8785],[86.95,20.8779],[86.9508,20.8772],[86.9517,20.8764],[86.9517,20.8761],[86.9519,20.8758],[86.9519,20.8756],[86.9528,20.8747],[86.9528,20.8744],[86.9533,20.8739],[86.9531,20.8736],[86.9531,20.8731],[86.9536,20.8725],[86.9536,20.8722],[86.9542,20.8717],[86.9542,20.8708],[86.9558,20.8692],[86.9558,20.8683],[86.9578,20.8664],[86.9578,20.8661],[86.9581,20.8658],[86.9581,20.8656],[86.9589,20.8647],[86.9589,20.8644],[86.9592,20.8642],[86.9592,20.8639],[86.9594,20.8636],[86.9594,20.8625],[86.9597,20.8622],[86.9597,20.8619],[86.96,20.8617],[86.96,20.8611],[86.9603,20.8608],[86.9603,20.8606],[86.9606,20.8603],[86.9606,20.8597],[86.9608,20.8594],[86.9608,20.8592],[86.9606,20.8589],[86.9614,20.8581],[86.9614,20.8578],[86.9617,20.8575],[86.9617,20.8564],[86.9619,20.8561],[86.9619,20.8547],[86.9622,20.8544],[86.9623,20.8535],[86.9625,20.8528],[86.9625,20.851],[86.9628,20.8503],[86.9633,20.8492],[86.9634,20.848],[86.9635,20.8471],[86.9637,20.8461],[86.964,20.845],[86.9645,20.8439],[86.9648,20.8429],[86.9652,20.8419],[86.9653,20.8408],[86.9653,20.8397],[86.9655,20.8391],[86.9658,20.838],[86.9655,20.8372],[86.966,20.8364],[86.9664,20.8354],[86.9668,20.8347],[86.967,20.8334],[86.9672,20.8326],[86.9678,20.8313],[86.9682,20.8307],[86.9687,20.8301],[86.969,20.8293],[86.9694,20.8283],[86.97,20.8278],[86.97,20.8264],[86.9703,20.8261],[86.9703,20.8233],[86.97,20.8231],[86.97,20.822],[86.9697,20.8217],[86.9697,20.8214],[86.9694,20.8211],[86.9694,20.8203],[86.9692,20.82],[86.9692,20.8194],[86.9689,20.8192],[86.9689,20.8189],[86.9686,20.8186],[86.9686,20.8181],[86.9683,20.8178],[86.9683,20.8167],[86.9681,20.8164],[86.9681,20.8158],[86.9678,20.8156],[86.9678,20.8147],[86.9675,20.8144],[86.9675,20.8139],[86.9672,20.8136],[86.9672,20.8122],[86.9669,20.8119],[86.9669,20.8108],[86.9667,20.8106],[86.9667,20.8086],[86.9664,20.8083],[86.9664,20.8075],[86.9661,20.8072],[86.9661,20.805],[86.9658,20.8047],[86.9658,20.8036],[86.9656,20.8033],[86.9656,20.8028],[86.9653,20.8025],[86.9647,20.8018],[86.9647,20.8003],[86.9647,20.7992],[86.9647,20.7981],[86.9644,20.7978],[86.9647,20.7975],[86.9644,20.7972],[86.9644,20.7967],[86.9641,20.7964],[86.9641,20.7953],[86.9639,20.795],[86.9639,20.7947],[86.9642,20.7944],[86.9641,20.7942],[86.9639,20.7939],[86.9639,20.7936],[86.9636,20.7933],[86.9636,20.7925],[86.9633,20.7922],[86.9633,20.7917],[86.9631,20.7914],[86.9631,20.7911],[86.9628,20.7908],[86.9628,20.7906],[86.9626,20.7904],[86.9625,20.7903],[86.9625,20.79],[86.9622,20.7897],[86.9622,20.7894],[86.9611,20.7883],[86.9611,20.7881],[86.958,20.785],[86.9578,20.785],[86.9575,20.7847],[86.9572,20.785],[86.9564,20.785],[86.9558,20.7844],[86.9556,20.7844],[86.9547,20.7853],[86.9544,20.7853],[86.9542,20.7856],[86.9539,20.7856],[86.9533,20.7861],[86.9528,20.7861],[86.9525,20.7864],[86.9519,20.7864],[86.9517,20.7867],[86.9511,20.7867],[86.9508,20.7869],[86.9506,20.7869],[86.9503,20.7872],[86.9492,20.7872],[86.9489,20.7875],[86.9481,20.7875],[86.9478,20.7878],[86.9472,20.7878],[86.947,20.7881],[86.9467,20.7881],[86.9464,20.7883],[86.9456,20.7883],[86.9453,20.7886],[86.9447,20.7886],[86.9444,20.7889],[86.9439,20.7889],[86.9436,20.7892],[86.9431,20.7892],[86.9428,20.7894],[86.9422,20.7894],[86.9419,20.7897],[86.9403,20.7897],[86.94,20.79],[86.9397,20.79],[86.9395,20.7903],[86.9353,20.7903],[86.935,20.7906],[86.9333,20.7906],[86.9331,20.7908],[86.9308,20.7908],[86.9306,20.7906],[86.9297,20.7906],[86.9294,20.7903],[86.9292,20.7903],[86.9289,20.7906],[86.9258,20.7906],[86.9256,20.7908],[86.9253,20.7908],[86.925,20.7906],[86.9239,20.7906],[86.9236,20.7908],[86.9217,20.7908],[86.9214,20.7906],[86.9211,20.7906],[86.9208,20.7908],[86.9194,20.7908],[86.9192,20.7911],[86.9181,20.7911],[86.9178,20.7914],[86.9169,20.7914],[86.9167,20.7917],[86.9158,20.7917],[86.9156,20.7919],[86.915,20.7919],[86.9147,20.7922],[86.91,20.7922],[86.9097,20.7925],[86.9031,20.7925],[86.9028,20.7928],[86.9025,20.7928],[86.9022,20.7931],[86.9017,20.7931],[86.9011,20.7925],[86.9006,20.7925],[86.9003,20.7928],[86.8983,20.7928],[86.8981,20.7931],[86.8967,20.7931],[86.8964,20.7933],[86.895,20.7933],[86.8947,20.7936],[86.8942,20.7936],[86.8939,20.7939],[86.8933,20.7939],[86.8931,20.7942],[86.8919,20.7942],[86.8917,20.7945],[86.8906,20.7945],[86.8903,20.7942],[86.8894,20.7942],[86.8892,20.7945],[86.8883,20.7944],[86.8881,20.7947],[86.8872,20.7947],[86.8869,20.795],[86.8864,20.795],[86.8861,20.7953],[86.8858,20.7953],[86.8856,20.7956],[86.8853,20.7956],[86.885,20.7958],[86.8847,20.7958],[86.8844,20.7961],[86.8842,20.7961],[86.8839,20.7964],[86.8836,20.7964],[86.8833,20.7967],[86.8831,20.7967],[86.8828,20.7969],[86.8822,20.7969],[86.8819,20.7972],[86.8817,20.7972],[86.8814,20.7975],[86.8794,20.7964],[86.8792,20.7964],[86.8789,20.7961],[86.8781,20.7961],[86.8769,20.7961],[86.8767,20.7958],[86.8764,20.7958],[86.8761,20.7956],[86.8758,20.7956],[86.8756,20.7953],[86.8736,20.7953],[86.8733,20.795],[86.8728,20.795],[86.8725,20.7947],[86.8717,20.7947],[86.8714,20.7944],[86.8707,20.7945],[86.8706,20.7945],[86.8703,20.7942],[86.8697,20.7942],[86.8694,20.7939],[86.8686,20.7939],[86.8683,20.7936],[86.8681,20.7936],[86.868,20.7935],[86.8678,20.7933],[86.8675,20.7933],[86.8672,20.7931],[86.8667,20.7931],[86.8664,20.7928],[86.8661,20.7928],[86.8658,20.7925],[86.8653,20.7925],[86.865,20.7922],[86.8644,20.7922],[86.8642,20.7919],[86.8639,20.7919],[86.8636,20.7917],[86.8633,20.7917],[86.8628,20.7911],[86.8625,20.7911],[86.8622,20.7908],[86.8619,20.7908],[86.8614,20.7903],[86.8611,20.7903],[86.8608,20.79],[86.8606,20.79],[86.8603,20.7897],[86.86,20.7897],[86.8594,20.7892],[86.8592,20.7892],[86.8581,20.7881],[86.8578,20.7881],[86.8572,20.7875],[86.8569,20.7875],[86.8567,20.7872],[86.8561,20.7872],[86.8553,20.7864],[86.855,20.7864],[86.8549,20.7862],[86.8547,20.7861],[86.8544,20.7861],[86.8543,20.786],[86.8542,20.7858],[86.8539,20.7858],[86.8536,20.7856],[86.8533,20.7856],[86.8531,20.7853],[86.8528,20.7853],[86.8522,20.7847],[86.8519,20.7847],[86.8514,20.7842],[86.8511,20.7842],[86.8508,20.7839],[86.8506,20.7842],[86.8503,20.7839],[86.85,20.7839],[86.8492,20.7831],[86.8483,20.7831],[86.8478,20.7825],[86.8475,20.7825],[86.8472,20.7822],[86.8469,20.7822],[86.8468,20.7821],[86.8467,20.7819],[86.8464,20.7819],[86.8463,20.7818],[86.8461,20.7817],[86.8456,20.7817],[86.8453,20.7814],[86.845,20.7814],[86.8447,20.7811],[86.8442,20.7811],[86.8439,20.7808],[86.8436,20.7808],[86.8433,20.7806],[86.8428,20.7806],[86.8425,20.7803],[86.8422,20.7803],[86.8419,20.78],[86.8414,20.78],[86.8411,20.7797],[86.8408,20.7797],[86.8406,20.7794],[86.8403,20.7794],[86.84,20.7792],[86.8394,20.7792],[86.8389,20.7786],[86.8386,20.7786],[86.8383,20.7783],[86.8381,20.7783],[86.8378,20.7781],[86.8372,20.7781],[86.8369,20.7778],[86.8367,20.7778],[86.8364,20.7775],[86.8361,20.7775],[86.8358,20.7772],[86.8356,20.7772],[86.8353,20.7769],[86.835,20.777],[86.8347,20.7767],[86.8344,20.7767],[86.8339,20.7761],[86.8333,20.7756],[86.8331,20.7756],[86.8325,20.775],[86.8322,20.775],[86.8314,20.7742],[86.8311,20.7742],[86.8308,20.7739],[86.8306,20.7739],[86.8303,20.7736],[86.8303,20.7733],[86.8297,20.7728],[86.8294,20.7728],[86.8292,20.7725],[86.8289,20.7725],[86.8281,20.7717],[86.8278,20.7717],[86.8249,20.7687],[86.822,20.7658],[86.8219,20.7656],[86.8216,20.7652],[86.8208,20.7644],[86.8208,20.7642],[86.8206,20.7639],[86.8206,20.7636],[86.82,20.7631],[86.82,20.7628],[86.8189,20.7617],[86.8189,20.7614],[86.818,20.7606],[86.818,20.7603],[86.8178,20.76],[86.8178,20.7597],[86.8175,20.7595],[86.8175,20.7592],[86.8172,20.7589],[86.8172,20.7583],[86.8169,20.7581],[86.8169,20.7575],[86.8167,20.7572],[86.8167,20.7569],[86.8164,20.7567],[86.8164,20.7564],[86.8161,20.7561],[86.8161,20.7544],[86.8158,20.7542],[86.8158,20.7536],[86.8156,20.7533],[86.8156,20.7531],[86.8153,20.7528],[86.8153,20.7525],[86.815,20.7522],[86.815,20.7514],[86.8147,20.7511],[86.8147,20.7508],[86.8133,20.7494],[86.8133,20.7492],[86.8131,20.7489],[86.8131,20.7486],[86.8128,20.7483],[86.8128,20.7481],[86.8136,20.7462],[86.8137,20.7459],[86.8141,20.7449],[86.8146,20.7437],[86.8158,20.7442],[86.8167,20.7444],[86.8169,20.7444],[86.8175,20.745],[86.8178,20.745],[86.8186,20.7442],[86.8186,20.7439],[86.8183,20.7436],[86.8186,20.7433],[86.8186,20.7403],[86.8183,20.74],[86.8183,20.7386],[86.8181,20.7383],[86.8181,20.7378],[86.8178,20.7362],[86.8177,20.735],[86.8177,20.7335],[86.8174,20.7327],[86.8175,20.7311],[86.8175,20.73],[86.8172,20.7297],[86.8172,20.7294],[86.8169,20.7292],[86.8169,20.7289],[86.8167,20.7286],[86.8167,20.7283],[86.8164,20.7281],[86.8164,20.7272],[86.8161,20.7269],[86.8161,20.7261],[86.8164,20.7258],[86.8161,20.7256],[86.8161,20.7244],[86.8161,20.7239],[86.8156,20.7233],[86.8156,20.7228],[86.8153,20.7225],[86.8153,20.7222],[86.815,20.7219],[86.815,20.7217],[86.8142,20.7208],[86.8139,20.7208],[86.8136,20.7206],[86.8133,20.7206],[86.8131,20.7203],[86.8128,20.7203],[86.8067,20.7142],[86.8067,20.7139],[86.8033,20.7106],[86.8021,20.7097],[86.8014,20.7089],[86.8007,20.7078],[86.8001,20.7066],[86.7997,20.7053],[86.7997,20.7047],[86.7992,20.7042],[86.7992,20.7039],[86.7986,20.7033],[86.7986,20.7031],[86.7981,20.7025],[86.7981,20.7022],[86.7972,20.7014],[86.7972,20.7011],[86.7964,20.7003],[86.7964,20.7],[86.7958,20.6994],[86.7958,20.6992],[86.7956,20.6989],[86.7956,20.6986],[86.795,20.6981],[86.795,20.6978],[86.7944,20.6972],[86.7944,20.6967],[86.7942,20.6964],[86.7942,20.6961],[86.7939,20.6958],[86.7939,20.6956],[86.7936,20.6953],[86.7936,20.695],[86.7933,20.6947],[86.7933,20.6942],[86.7931,20.6939],[86.7931,20.6933],[86.7928,20.6931],[86.7928,20.6928],[86.7925,20.6925],[86.7925,20.6919],[86.7922,20.6917],[86.7922,20.6914],[86.7919,20.6911],[86.7919,20.6906],[86.7917,20.6903],[86.7917,20.69],[86.7914,20.6897],[86.7914,20.6894],[86.7911,20.6892],[86.7911,20.6886],[86.7908,20.6883],[86.7908,20.6881],[86.7906,20.6878],[86.7906,20.6872],[86.7903,20.6869],[86.7903,20.6867],[86.79,20.6864],[86.79,20.6858],[86.7897,20.6856],[86.7897,20.6853],[86.7894,20.685],[86.7894,20.6845],[86.7892,20.6842],[86.7892,20.6839],[86.7889,20.6836],[86.7889,20.6831],[86.7886,20.6828],[86.7886,20.6825],[86.7883,20.6822],[86.7883,20.6814],[86.7881,20.6811],[86.7881,20.6808],[86.7883,20.6806],[86.7883,20.6803],[86.7886,20.68],[86.7886,20.6786],[86.7889,20.6783],[86.7889,20.6781],[86.7886,20.6778],[86.7886,20.6772],[86.7883,20.6769],[86.7883,20.6767],[86.7886,20.6764],[86.7886,20.6753],[86.7883,20.675],[86.7883,20.6747],[86.7881,20.6744],[86.7881,20.6742],[86.7878,20.6739],[86.7878,20.6736],[86.7875,20.6733],[86.7875,20.6728],[86.7872,20.6725],[86.7872,20.6722],[86.7869,20.6719],[86.7869,20.6717],[86.7861,20.6708],[86.7861,20.6706],[86.7856,20.67],[86.7856,20.6695],[86.785,20.6689],[86.785,20.6686],[86.7844,20.6681],[86.7844,20.6678],[86.7839,20.6672],[86.7839,20.6667],[86.7836,20.6664],[86.7836,20.6661],[86.7828,20.6653],[86.7828,20.665],[86.7808,20.6631],[86.7808,20.6628],[86.7797,20.6617],[86.7794,20.6617],[86.7786,20.6608],[86.7783,20.6608],[86.7781,20.6606],[86.7778,20.6606],[86.775,20.6578],[86.775,20.6575],[86.7747,20.6572],[86.7747,20.6569],[86.7739,20.6561],[86.7739,20.6558],[86.7728,20.6547],[86.7728,20.6544],[86.7722,20.6539],[86.7722,20.6536],[86.7719,20.6533],[86.7719,20.6531],[86.7717,20.6528],[86.7717,20.6525],[86.7708,20.6517],[86.7708,20.6514],[86.7703,20.6508],[86.7703,20.6506],[86.77,20.6503],[86.77,20.6497],[86.7683,20.6481],[86.7683,20.6478],[86.7681,20.6475],[86.7681,20.6472],[86.7678,20.6469],[86.7678,20.6467],[86.7675,20.6464],[86.7675,20.6461],[86.7672,20.6458],[86.7672,20.6453],[86.7669,20.645],[86.7669,20.6447],[86.7667,20.6444],[86.7667,20.6394],[86.7664,20.6392],[86.7664,20.6369],[86.7662,20.6349],[86.766,20.6322],[86.7658,20.6301],[86.7654,20.628],[86.7651,20.6265],[86.7642,20.6247],[86.7642,20.6244],[86.7636,20.6239],[86.7636,20.6236],[86.7625,20.6225],[86.7625,20.6222],[86.7619,20.6217],[86.7619,20.6211],[86.7614,20.6206],[86.7614,20.6203],[86.7606,20.6194],[86.7606,20.6192],[86.7597,20.6183],[86.7594,20.6183],[86.7581,20.6169],[86.7578,20.617],[86.7575,20.6167],[86.7572,20.6167],[86.7569,20.6164],[86.7564,20.6164],[86.7562,20.6162],[86.7561,20.6161],[86.7558,20.6161],[86.7558,20.6145],[86.7557,20.6139],[86.7557,20.6133],[86.7574,20.6136],[86.7581,20.6139],[86.7583,20.6142],[86.7589,20.6142],[86.7592,20.6144],[86.7597,20.6144],[86.76,20.6147],[86.7603,20.6147],[86.7606,20.615],[86.7608,20.615],[86.7611,20.6153],[86.7614,20.6153],[86.7617,20.6156],[86.7619,20.6156],[86.7628,20.6164],[86.763,20.6164],[86.7633,20.6167],[86.7636,20.6167],[86.7639,20.617],[86.7642,20.617],[86.7658,20.6186],[86.7658,20.6189],[86.7675,20.6206],[86.7675,20.6208],[86.7678,20.6211],[86.7678,20.6214],[86.7686,20.6222],[86.7686,20.6225],[86.7689,20.6228],[86.7689,20.6233],[86.7692,20.6236],[86.7692,20.6242],[86.7694,20.6244],[86.7694,20.6247],[86.77,20.6253],[86.77,20.6258],[86.7708,20.6267],[86.7708,20.6275],[86.7711,20.6278],[86.7711,20.6281],[86.7714,20.6283],[86.7714,20.6297],[86.7717,20.63],[86.7717,20.6303],[86.7719,20.6306],[86.7719,20.6317],[86.7717,20.6319],[86.7719,20.6322],[86.7719,20.6328],[86.7722,20.6331],[86.7722,20.6336],[86.7719,20.6339],[86.7719,20.6344],[86.7717,20.6347],[86.7717,20.6353],[86.7714,20.6356],[86.7714,20.6358],[86.7711,20.6361],[86.7717,20.6367],[86.7717,20.6372],[86.7714,20.6375],[86.7717,20.6378],[86.7717,20.6381],[86.7714,20.6383],[86.7714,20.6389],[86.7715,20.6402],[86.7714,20.6417],[86.7711,20.6419],[86.7711,20.6422],[86.7719,20.6431],[86.7719,20.6436],[86.7722,20.6439],[86.7722,20.6442],[86.7731,20.645],[86.7733,20.645],[86.7736,20.6453],[86.7756,20.6453],[86.7758,20.6456],[86.7772,20.6456],[86.7775,20.6453],[86.7792,20.6453],[86.7794,20.645],[86.78,20.645],[86.7806,20.6444],[86.7808,20.6444],[86.7811,20.6442],[86.7814,20.6442],[86.7819,20.6436],[86.7819,20.6433],[86.7822,20.6431],[86.7825,20.6431],[86.7828,20.6428],[86.7831,20.6428],[86.7832,20.643],[86.7836,20.6433],[86.7842,20.6428],[86.7847,20.6428],[86.785,20.6431],[86.7856,20.6431],[86.7858,20.6433],[86.7883,20.6433],[86.7886,20.6436],[86.7906,20.6436],[86.7908,20.6439],[86.7911,20.6439],[86.7914,20.6442],[86.7917,20.6442],[86.7919,20.6444],[86.7919,20.6444],[86.7925,20.6444],[86.7931,20.645],[86.7942,20.645],[86.7944,20.6453],[86.795,20.6453],[86.7953,20.645],[86.7972,20.645],[86.7975,20.6447],[86.7978,20.6447],[86.7981,20.6444],[86.7986,20.6444],[86.7992,20.6439],[86.7997,20.6439],[86.7999,20.6439],[86.8002,20.6438],[86.8006,20.6437],[86.8012,20.6438],[86.8017,20.6439],[86.8023,20.6439],[86.8029,20.6439],[86.8035,20.6439],[86.8041,20.6438],[86.8045,20.6438],[86.805,20.6436],[86.8056,20.6436],[86.8058,20.6433],[86.8069,20.6433],[86.8072,20.6431],[86.8075,20.6431],[86.8078,20.6428],[86.8081,20.6428],[86.8086,20.6422],[86.8089,20.6422],[86.81,20.6411],[86.81,20.6408],[86.8103,20.6406],[86.8103,20.6403],[86.8108,20.6397],[86.8108,20.6394],[86.8111,20.6392],[86.8113,20.6389],[86.8117,20.6386],[86.8121,20.6382],[86.8125,20.638],[86.813,20.6376],[86.8134,20.6374],[86.814,20.6371],[86.8146,20.6369],[86.8152,20.6366],[86.8155,20.6365],[86.8159,20.6364],[86.8164,20.6364],[86.8169,20.6365],[86.8173,20.6367],[86.8177,20.6369],[86.8182,20.6372],[86.8186,20.6375],[86.819,20.6379],[86.8195,20.6383],[86.8199,20.6387],[86.8202,20.6392],[86.8206,20.6396],[86.8208,20.64],[86.8211,20.6404],[86.8212,20.6407],[86.8214,20.6411],[86.8216,20.6415],[86.8219,20.6418],[86.8221,20.6422],[86.8223,20.6425],[86.8224,20.6429],[86.8225,20.6432],[86.8227,20.6436],[86.8228,20.644],[86.8229,20.6444],[86.823,20.6449],[86.8231,20.6454],[86.8231,20.646],[86.823,20.6465],[86.8228,20.647],[86.8226,20.6475],[86.8225,20.6479],[86.8223,20.6483],[86.8222,20.6487],[86.8221,20.6491],[86.8219,20.6495],[86.8218,20.6498],[86.8216,20.65],[86.8215,20.6503],[86.8213,20.6506],[86.8212,20.6508],[86.821,20.6511],[86.8208,20.6513],[86.8207,20.6516],[86.8206,20.6519],[86.8205,20.6522],[86.8203,20.6525],[86.8202,20.6528],[86.8201,20.653],[86.8199,20.6534],[86.8197,20.6537],[86.8194,20.6541],[86.8191,20.6545],[86.8188,20.6551],[86.8185,20.6557],[86.8182,20.6563],[86.8179,20.6568],[86.8177,20.6573],[86.8175,20.6578],[86.8173,20.6582],[86.8171,20.6587],[86.8169,20.6592],[86.8168,20.6598],[86.8166,20.6603],[86.8163,20.6607],[86.816,20.6611],[86.8157,20.6615],[86.8155,20.6619],[86.8152,20.6622],[86.815,20.6626],[86.8147,20.6629],[86.8144,20.6633],[86.8141,20.6637],[86.8137,20.664],[86.8133,20.6642],[86.813,20.6645],[86.8127,20.6648],[86.8123,20.6651],[86.8119,20.6654],[86.8115,20.6657],[86.8111,20.6661],[86.8106,20.6664],[86.8101,20.6668],[86.8096,20.667],[86.8091,20.6673],[86.8086,20.6675],[86.8082,20.6677],[86.8077,20.668],[86.8072,20.6682],[86.8067,20.6683],[86.8064,20.6686],[86.8061,20.6686],[86.8058,20.6689],[86.805,20.6689],[86.8047,20.6692],[86.8036,20.6692],[86.8033,20.6689],[86.8019,20.6689],[86.8018,20.6688],[86.8017,20.6686],[86.8014,20.6686],[86.801,20.6682],[86.8006,20.6678],[86.8006,20.6675],[86.7992,20.6661],[86.7992,20.6658],[86.7987,20.6654],[86.7984,20.6651],[86.798,20.6648],[86.7977,20.6648],[86.7973,20.6648],[86.797,20.6649],[86.7967,20.6652],[86.7965,20.6656],[86.7963,20.666],[86.7962,20.6667],[86.7961,20.6674],[86.7961,20.6681],[86.7962,20.6688],[86.7964,20.6695],[86.7966,20.6702],[86.7969,20.6707],[86.7971,20.6712],[86.7973,20.6717],[86.7976,20.6721],[86.798,20.6725],[86.7983,20.6729],[86.7987,20.6731],[86.7991,20.6734],[86.7995,20.6737],[86.7999,20.674],[86.8004,20.6744],[86.801,20.6747],[86.8016,20.6749],[86.8022,20.6752],[86.8029,20.6754],[86.8035,20.6755],[86.804,20.6755],[86.8044,20.6755],[86.8048,20.6756],[86.8053,20.6756],[86.8057,20.6757],[86.8062,20.6758],[86.8065,20.6758],[86.8067,20.6758],[86.8071,20.6757],[86.8075,20.6756],[86.8078,20.6756],[86.8082,20.6757],[86.8086,20.6758],[86.8091,20.6758],[86.8095,20.6758],[86.81,20.6758],[86.8104,20.6757],[86.8108,20.6757],[86.8113,20.6758],[86.8117,20.6758],[86.8122,20.6758],[86.8126,20.6758],[86.813,20.6758],[86.8135,20.6757],[86.8139,20.6756],[86.8143,20.6756],[86.8147,20.6757],[86.8151,20.6757],[86.8155,20.6756],[86.816,20.6756],[86.8164,20.6756],[86.8169,20.6755],[86.8174,20.6755],[86.8178,20.6755],[86.8183,20.6753],[86.8188,20.6753],[86.8194,20.6753],[86.8199,20.6752],[86.8205,20.675],[86.821,20.6749],[86.8215,20.6748],[86.822,20.6746],[86.8225,20.6745],[86.8231,20.6744],[86.8236,20.6742],[86.8241,20.6741],[86.8246,20.6739],[86.8251,20.6738],[86.8256,20.6737],[86.8261,20.6735],[86.8266,20.6733],[86.8271,20.673],[86.8276,20.6728],[86.8281,20.6725],[86.8285,20.6723],[86.829,20.672],[86.8294,20.6717],[86.8298,20.6714],[86.8302,20.6711],[86.8307,20.6708],[86.8311,20.6704],[86.8315,20.67],[86.832,20.6696],[86.8325,20.6692],[86.8329,20.6687],[86.8333,20.6682],[86.8337,20.6677],[86.8341,20.6674],[86.8344,20.667],[86.8346,20.6667],[86.8347,20.6665],[86.8349,20.6662],[86.835,20.666],[86.8352,20.6657],[86.8353,20.6654],[86.8355,20.6651],[86.8356,20.6648],[86.8357,20.6646],[86.8359,20.6642],[86.836,20.664],[86.8361,20.6637],[86.8361,20.6633],[86.8362,20.663],[86.8363,20.6628],[86.8364,20.6624],[86.8366,20.6621],[86.8368,20.6615],[86.8369,20.6609],[86.837,20.6602],[86.8372,20.6595],[86.8372,20.6589],[86.8372,20.6583],[86.8373,20.6579],[86.8374,20.6574],[86.8375,20.657],[86.8377,20.6565],[86.8379,20.6561],[86.8382,20.6556],[86.8384,20.6552],[86.8386,20.6548],[86.8388,20.6544],[86.839,20.6539],[86.8393,20.6534],[86.8397,20.6529],[86.8401,20.6524],[86.8406,20.652],[86.841,20.6516],[86.8414,20.6513],[86.8418,20.6512],[86.8422,20.651],[86.8425,20.6509],[86.8429,20.6508],[86.8433,20.6508],[86.8438,20.6507],[86.8442,20.6507],[86.8447,20.6508],[86.8451,20.6508],[86.8454,20.6509],[86.8457,20.6509],[86.8461,20.6511],[86.8465,20.6512],[86.8469,20.6514],[86.8474,20.6517],[86.8479,20.6519],[86.8484,20.652],[86.8488,20.6521],[86.8492,20.6522],[86.8496,20.6524],[86.85,20.6527],[86.8505,20.653],[86.851,20.6534],[86.8515,20.6538],[86.8521,20.6541],[86.8525,20.6544],[86.853,20.6547],[86.8535,20.655],[86.854,20.6554],[86.8545,20.6558],[86.855,20.6561],[86.8555,20.6565],[86.856,20.6568],[86.8564,20.6572],[86.8568,20.6575],[86.8573,20.6578],[86.8578,20.6581],[86.8582,20.6584],[86.8586,20.6587],[86.859,20.6591],[86.8594,20.6594],[86.8599,20.6598],[86.8602,20.6602],[86.8606,20.6607],[86.8611,20.6611],[86.8616,20.6614],[86.8623,20.6617],[86.863,20.6619],[86.8636,20.6623],[86.8642,20.6627],[86.8646,20.6632],[86.8653,20.6636],[86.8659,20.6639],[86.8664,20.6642],[86.8669,20.6645],[86.8672,20.6649],[86.8675,20.6653],[86.8678,20.6657],[86.8682,20.6661],[86.8687,20.6664],[86.8692,20.6667],[86.8697,20.6669],[86.8702,20.6673],[86.8706,20.6676],[86.871,20.6679],[86.8714,20.6682],[86.8717,20.6685],[86.8721,20.6688],[86.8724,20.6691],[86.8727,20.6694],[86.873,20.6697],[86.8734,20.67],[86.8737,20.6703],[86.874,20.6705],[86.8744,20.6708],[86.8747,20.6712],[86.875,20.6715],[86.8753,20.6719],[86.8755,20.6724],[86.8758,20.6727],[86.8761,20.673],[86.8764,20.6732],[86.8767,20.6734],[86.8769,20.6737],[86.8772,20.6739],[86.8774,20.6742],[86.8777,20.6746],[86.878,20.6748],[86.8783,20.6751],[86.8786,20.6754],[86.8788,20.6758],[86.8791,20.6761],[86.8794,20.6763],[86.8797,20.6766],[86.88,20.677],[86.8803,20.6773],[86.8805,20.6776],[86.8808,20.6779],[86.8811,20.6782],[86.8814,20.6786],[86.8817,20.6789],[86.882,20.6791],[86.8822,20.6794],[86.8825,20.6796],[86.8828,20.6799],[86.8831,20.6803],[86.8833,20.6806],[86.8836,20.6806],[86.8842,20.6811],[86.8845,20.6811],[86.8861,20.6828],[86.8864,20.6828],[86.8867,20.6831],[86.8868,20.6835],[86.8871,20.6838],[86.8874,20.6841],[86.8877,20.6844],[86.888,20.6846],[86.8884,20.6849],[86.8887,20.6853],[86.8891,20.6855],[86.8895,20.6857],[86.8899,20.6859],[86.8902,20.6862],[86.8906,20.6865],[86.891,20.6867],[86.8913,20.6869],[86.8917,20.6872],[86.8919,20.6874],[86.8925,20.6881],[86.8928,20.6881],[86.8944,20.6897],[86.8947,20.6897],[86.8953,20.6903],[86.8953,20.6908],[86.8978,20.6933],[86.8986,20.6942],[86.8989,20.6942],[86.8989,20.6944],[86.9002,20.6957],[86.9008,20.6964],[86.9011,20.6964],[86.9025,20.6978],[86.9031,20.6978],[86.9036,20.6983],[86.9039,20.6983],[86.9042,20.6986],[86.9044,20.6986],[86.9047,20.6989],[86.905,20.6989],[86.9053,20.6992],[86.9056,20.6992],[86.9058,20.6994],[86.906,20.6994],[86.9061,20.6994],[86.9064,20.6997],[86.9067,20.6997],[86.9069,20.7],[86.9072,20.7],[86.9074,20.7002],[86.9075,20.7003],[86.9078,20.7003],[86.9081,20.7006],[86.9086,20.7006],[86.9089,20.7008],[86.9092,20.7008],[86.9097,20.7014],[86.91,20.7014],[86.9103,20.7017],[86.9108,20.7017],[86.9111,20.7019],[86.9117,20.7019],[86.9119,20.7022],[86.9125,20.7022],[86.9128,20.7025],[86.9131,20.7025],[86.9133,20.7028],[86.915,20.7028],[86.9153,20.7031],[86.9158,20.7031],[86.9161,20.7033],[86.9164,20.7033],[86.9167,20.7036],[86.9169,20.7036],[86.9172,20.7039],[86.9177,20.704],[86.9182,20.7042],[86.9187,20.7045],[86.9194,20.7047],[86.92,20.705],[86.9206,20.7052],[86.9211,20.7054],[86.9217,20.7056],[86.9222,20.7059],[86.9227,20.7062],[86.9234,20.7063],[86.9239,20.7064],[86.9243,20.7068],[86.9249,20.7068],[86.9254,20.707],[86.9258,20.7072],[86.9262,20.7075],[86.9266,20.7078],[86.9271,20.708],[86.9276,20.7082],[86.928,20.7083],[86.9284,20.7085],[86.9287,20.7086],[86.929,20.7088],[86.9293,20.709],[86.9297,20.7092],[86.9301,20.7094],[86.9306,20.7095],[86.9311,20.7096],[86.9316,20.7097],[86.932,20.7099],[86.9321,20.7099],[86.9324,20.71],[86.9328,20.7103],[86.9333,20.7105],[86.9339,20.7107],[86.9347,20.7109],[86.9354,20.7111],[86.9361,20.7112],[86.9368,20.7113],[86.9374,20.7114],[86.938,20.7114],[86.9386,20.7115],[86.9392,20.7116],[86.9398,20.7115],[86.9405,20.7114],[86.9412,20.7114],[86.942,20.7114],[86.9427,20.7114],[86.9434,20.7112],[86.944,20.7111],[86.9447,20.711],[86.9454,20.7109],[86.946,20.7108],[86.9467,20.7108],[86.9473,20.7108],[86.948,20.7108],[86.9485,20.7106],[86.949,20.7104],[86.9494,20.7103],[86.9499,20.7101],[86.9503,20.71],[86.9507,20.71],[86.9512,20.71],[86.9516,20.71],[86.952,20.7097],[86.9523,20.7096],[86.9526,20.7095],[86.9529,20.7096],[86.9532,20.7097],[86.9536,20.7097],[86.954,20.7097],[86.9544,20.7097],[86.9548,20.7095],[86.9553,20.7094],[86.9557,20.7094],[86.956,20.7092],[86.9564,20.7092],[86.9568,20.7092],[86.9573,20.7092],[86.9577,20.7092],[86.9581,20.7092],[86.9585,20.7092],[86.9589,20.7092],[86.9592,20.7092],[86.9594,20.7094],[86.9597,20.7094],[86.96,20.7092],[86.9619,20.7092],[86.9622,20.7094],[86.9631,20.7094],[86.9633,20.7092],[86.9658,20.7092],[86.9661,20.7089],[86.9667,20.7089],[86.9673,20.7089],[86.9679,20.7089],[86.9684,20.7089],[86.969,20.7089],[86.9695,20.7089],[86.97,20.7088],[86.9704,20.7086],[86.9709,20.7085],[86.9713,20.7084],[86.9717,20.7082],[86.9721,20.708],[86.9725,20.7078],[86.9729,20.7076],[86.9734,20.7075],[86.9739,20.7072],[86.9745,20.707],[86.9761,20.7061],[86.9767,20.7057],[86.9771,20.7054],[86.9782,20.7047],[86.9797,20.7042],[86.9803,20.7042],[86.9809,20.7041],[86.9815,20.704],[86.9821,20.7039],[86.9827,20.7037],[86.9834,20.7036],[86.9839,20.7035],[86.9844,20.7034],[86.985,20.7033],[86.9856,20.7033],[86.9862,20.7033],[86.9867,20.7032],[86.9872,20.703],[86.9878,20.7028],[86.9882,20.7026],[86.9887,20.7025],[86.9892,20.7024],[86.9898,20.7023],[86.9906,20.7022],[86.9911,20.7022],[86.9917,20.7022],[86.9924,20.7021],[86.9931,20.702],[86.9943,20.702],[86.9954,20.7019],[87,20.7003],[87.0031,20.7003],[87.0041,20.7003],[87.0049,20.7002],[87.0052,20.7002],[87.0055,20.7001],[87.0057,20.6998],[87.0057,20.6994],[87.0055,20.6988],[87.0053,20.6985],[87.0045,20.6982],[87.0041,20.698],[87.0038,20.6978],[87.0033,20.6975],[87.0026,20.6973],[87.0023,20.6971],[87.0018,20.6971],[87,20.6967],[86.9997,20.697],[86.9997,20.6972],[86.9996,20.6972],[86.9993,20.6972],[86.999,20.6972],[86.9986,20.6972],[86.9982,20.6973],[86.9978,20.6974],[86.9973,20.6975],[86.9969,20.6975],[86.9964,20.6977],[86.996,20.6978],[86.9955,20.698],[86.995,20.6981],[86.9945,20.6983],[86.994,20.6985],[86.9935,20.6986],[86.993,20.6988],[86.9924,20.6989],[86.9919,20.6989],[86.9914,20.6989],[86.991,20.6991],[86.9905,20.6991],[86.9901,20.6991],[86.9897,20.6989],[86.9892,20.6988],[86.9888,20.6987],[86.9885,20.6986],[86.9883,20.6986],[86.9881,20.6985],[86.9878,20.6984],[86.9872,20.6982],[86.9875,20.6972],[86.9881,20.6974],[86.9883,20.6975],[86.9888,20.6976],[86.9892,20.6977],[86.99,20.6977],[86.9904,20.6977],[86.9909,20.6977],[86.9913,20.6975],[86.9917,20.6975],[86.9921,20.6974],[86.9925,20.6973],[86.993,20.6971],[86.9933,20.697],[86.9938,20.6969],[86.9941,20.6967],[86.9945,20.6966],[86.9949,20.6965],[86.9953,20.6964],[86.9958,20.6962],[86.9963,20.6961],[86.9969,20.6959],[86.9974,20.6958],[86.998,20.6958],[86.9988,20.6957],[87,20.6953],[87.0012,20.6955],[87.0016,20.6956],[87.0022,20.6958],[87.0029,20.696],[87.0036,20.6962],[87.0041,20.6962],[87.0048,20.6963],[87.0052,20.6964],[87.0059,20.6964],[87.0064,20.6965],[87.0072,20.6966],[87.0079,20.6969],[87.0086,20.6973],[87.0089,20.6974],[87.0095,20.6977],[87.0103,20.6979],[87.0107,20.698],[87.0111,20.6981],[87.0115,20.6983],[87.0121,20.6985],[87.0124,20.6987],[87.0129,20.6988],[87.0132,20.6989],[87.0134,20.699],[87.0136,20.6993],[87.0144,20.6996],[87.0152,20.7],[87.0157,20.7003],[87.0166,20.7006],[87.0172,20.7009],[87.0177,20.7011],[87.0184,20.7017],[87.0187,20.7017],[87.019,20.7017],[87.0196,20.7017],[87.02,20.7015],[87.0204,20.701],[87.0207,20.7008],[87.0211,20.7008],[87.0214,20.7007],[87.0216,20.7006],[87.0229,20.7006],[87.0231,20.7007],[87.0234,20.7008],[87.0241,20.7015],[87.0243,20.7017],[87.0246,20.702],[87.0249,20.7023],[87.0251,20.7023],[87.0253,20.7024],[87.0257,20.7027],[87.0265,20.703],[87.0271,20.7035],[87.0277,20.7036],[87.0283,20.7038],[87.0288,20.7041],[87.0294,20.7046],[87.0297,20.7049],[87.0301,20.7054],[87.0304,20.7057],[87.0307,20.7059],[87.0312,20.7059],[87.0318,20.7057],[87.0326,20.7056],[87.0334,20.7056],[87.0337,20.7057],[87.0342,20.7059],[87.0345,20.7061],[87.035,20.7062],[87.0353,20.7064],[87.0357,20.7065],[87.036,20.7066],[87.0364,20.7067],[87.0367,20.7068],[87.037,20.7071],[87.0373,20.7075],[87.0373,20.708],[87.0383,20.7085],[87.0388,20.7089],[87.0391,20.7091],[87.0395,20.7092],[87.0399,20.7094],[87.0404,20.7096],[87.0407,20.7098],[87.0409,20.7098],[87.0413,20.71],[87.0417,20.71],[87.0422,20.7101],[87.0425,20.7102],[87.0428,20.7103],[87.0433,20.7104],[87.0446,20.7104],[87.0448,20.7102],[87.0449,20.7102],[87.0451,20.7099],[87.0452,20.7095],[87.0446,20.7089],[87.044,20.7085],[87.0432,20.708],[87.0423,20.7076],[87.0415,20.7073],[87.0407,20.7065],[87.0403,20.7062],[87.0397,20.7056],[87.0385,20.7054],[87.0376,20.7047],[87.0365,20.7039],[87.0357,20.7033],[87.035,20.7028],[87.0342,20.7019],[87.0332,20.7015],[87.0325,20.7008],[87.0315,20.7001],[87.0307,20.6992],[87.0304,20.699],[87.0297,20.6986],[87.0292,20.6982],[87.0288,20.6977],[87.027,20.6963],[87.0264,20.6962],[87.0258,20.6958],[87.0254,20.6955],[87.0241,20.6947],[87.0236,20.6945],[87.0231,20.6941],[87.0226,20.6937],[87.0214,20.6928],[87.0207,20.6922],[87.0203,20.6918],[87.0195,20.6914],[87.0189,20.6911],[87.0182,20.6908],[87.0174,20.6903],[87.0166,20.6897],[87.0164,20.6894],[87.0154,20.6884],[87.0146,20.6878],[87.0136,20.6872],[87.0114,20.686],[87.0107,20.6855],[87.0099,20.6848],[87.0092,20.6842],[87.0067,20.6826],[87.0057,20.682],[87.0047,20.6814],[87.0022,20.6797],[87.0014,20.6792],[87.0009,20.6787],[87,20.6772],[86.9983,20.6767],[86.9972,20.6761],[86.9969,20.6761],[86.9961,20.6753],[86.9958,20.6753],[86.9954,20.6748],[86.9953,20.6747],[86.995,20.6747],[86.9947,20.6744],[86.9944,20.6744],[86.9942,20.6742],[86.9939,20.6742],[86.9936,20.6739],[86.9933,20.6739],[86.9931,20.6736],[86.9928,20.6736],[86.9919,20.6728],[86.9917,20.6728],[86.9911,20.6722],[86.9906,20.6722],[86.9897,20.6714],[86.9894,20.6714],[86.9886,20.6706],[86.9883,20.6706],[86.9872,20.6695],[86.9872,20.6692],[86.9869,20.6689],[86.9869,20.6686],[86.9867,20.6683],[86.9864,20.6683],[86.9861,20.6681],[86.9858,20.6681],[86.9855,20.6678],[86.9853,20.6678],[86.9848,20.6673],[86.9844,20.6669],[86.9833,20.6669],[86.9828,20.6664],[86.9825,20.6664],[86.9819,20.6658],[86.9808,20.6658],[86.9803,20.6653],[86.98,20.6653],[86.9797,20.665],[86.9786,20.665],[86.9783,20.6647],[86.9781,20.6647],[86.9764,20.6631],[86.9761,20.6631],[86.9747,20.6617],[86.9744,20.6617],[86.9741,20.6613],[86.9739,20.6611],[86.9736,20.6611],[86.9731,20.6606],[86.9728,20.6606],[86.9725,20.6603],[86.9722,20.6603],[86.9719,20.66],[86.9717,20.66],[86.9714,20.6598],[86.9708,20.6597],[86.9703,20.6592],[86.97,20.6592],[86.9692,20.6583],[86.9689,20.6583],[86.9683,20.6578],[86.9681,20.6578],[86.9678,20.6575],[86.9675,20.6575],[86.9672,20.6572],[86.9667,20.6572],[86.9665,20.657],[86.9661,20.6567],[86.9658,20.6567],[86.9653,20.6561],[86.965,20.6561],[86.9633,20.6544],[86.9625,20.6544],[86.9622,20.6542],[86.9619,20.6542],[86.9617,20.6539],[86.9611,20.6539],[86.961,20.6538],[86.9609,20.6537],[86.9606,20.6533],[86.9606,20.6531],[86.96,20.6531],[86.9597,20.6528],[86.9592,20.6528],[86.9583,20.652],[86.958,20.652],[86.9577,20.6516],[86.9575,20.6514],[86.9572,20.6514],[86.9564,20.6506],[86.9564,20.6503],[86.9558,20.6497],[86.9547,20.6497],[86.9544,20.6494],[86.9542,20.6494],[86.9538,20.6491],[86.9528,20.6481],[86.9525,20.6481],[86.9522,20.6478],[86.9514,20.6478],[86.9512,20.6476],[86.9511,20.6476],[86.9508,20.6475],[86.9505,20.6472],[86.9506,20.6469],[86.9494,20.6458],[86.9492,20.6458],[86.9489,20.6456],[86.9483,20.6456],[86.9481,20.6453],[86.9478,20.6453],[86.9467,20.6442],[86.9464,20.6442],[86.9461,20.6439],[86.9458,20.6439],[86.9453,20.6433],[86.945,20.6433],[86.9431,20.6414],[86.9419,20.6414],[86.9414,20.6408],[86.9408,20.6408],[86.9406,20.6411],[86.94,20.6411],[86.9397,20.6408],[86.9394,20.6408],[86.9392,20.6406],[86.9386,20.6406],[86.9383,20.6403],[86.9381,20.6403],[86.9364,20.6386],[86.9364,20.6383],[86.9356,20.6375],[86.9353,20.6375],[86.935,20.6372],[86.9347,20.6372],[86.9345,20.637],[86.9342,20.6367],[86.9339,20.6367],[86.9336,20.6364],[86.9333,20.6364],[86.9331,20.6361],[86.9328,20.6361],[86.9325,20.6358],[86.9322,20.6358],[86.9319,20.6361],[86.93,20.6342],[86.9297,20.6342],[86.9294,20.6339],[86.9292,20.6339],[86.9278,20.6325],[86.9272,20.6325],[86.9269,20.6322],[86.9267,20.6322],[86.9264,20.6319],[86.9261,20.6319],[86.9258,20.6317],[86.9256,20.6317],[86.925,20.6311],[86.9247,20.6311],[86.9244,20.6308],[86.9239,20.6308],[86.9217,20.6286],[86.9214,20.6286],[86.9206,20.6278],[86.9206,20.6272],[86.92,20.6267],[86.9192,20.6267],[86.9189,20.6264],[86.9183,20.6264],[86.9181,20.6262],[86.9169,20.6261],[86.9168,20.626],[86.9167,20.6258],[86.915,20.6258],[86.9142,20.625],[86.9142,20.6245],[86.9144,20.6242],[86.9142,20.6239],[86.9142,20.6233],[86.9139,20.6231],[86.9128,20.6231],[86.9125,20.6228],[86.9122,20.6228],[86.9117,20.6222],[86.9114,20.6222],[86.9111,20.6219],[86.9108,20.6219],[86.9103,20.6214],[86.9097,20.6214],[86.9094,20.6211],[86.9086,20.6211],[86.9081,20.6206],[86.9078,20.6206],[86.9076,20.6204],[86.9072,20.62],[86.9069,20.62],[86.9067,20.6197],[86.9064,20.6197],[86.9056,20.6189],[86.9056,20.6186],[86.9053,20.6183],[86.9042,20.6183],[86.9036,20.6178],[86.9033,20.6178],[86.9014,20.6158],[86.9011,20.6158],[86.9006,20.6153],[86.9008,20.615],[86.9008,20.6147],[86.9003,20.6142],[86.8992,20.6142],[86.8989,20.6139],[86.8972,20.6122],[86.8969,20.6122],[86.8964,20.6117],[86.8961,20.6117],[86.8958,20.6114],[86.8955,20.6114],[86.8952,20.611],[86.895,20.6108],[86.8947,20.6108],[86.8944,20.6106],[86.8939,20.6106],[86.8933,20.61],[86.8931,20.61],[86.8928,20.6097],[86.8925,20.61],[86.8922,20.61],[86.8919,20.6097],[86.8919,20.6094],[86.8903,20.6078],[86.89,20.6078],[86.8894,20.6072],[86.8889,20.6072],[86.8881,20.6064],[86.8872,20.6061],[86.8866,20.6061],[86.8864,20.607],[86.8865,20.6082],[86.8867,20.6092],[86.8869,20.6094],[86.8869,20.61],[86.8872,20.6103],[86.8872,20.6117],[86.8869,20.6119],[86.8869,20.6125],[86.8872,20.6128],[86.8872,20.6133],[86.8875,20.6136],[86.8875,20.6139],[86.8878,20.6142],[86.8878,20.6172],[86.8872,20.6178],[86.8869,20.6178],[86.8861,20.617],[86.8861,20.6167],[86.8858,20.6164],[86.885,20.6164],[86.8839,20.6153],[86.8844,20.6147],[86.8844,20.6144],[86.8847,20.6142],[86.8847,20.6136],[86.8858,20.6125],[86.8858,20.6081],[86.8856,20.6075],[86.8851,20.6063],[86.885,20.6058],[86.885,20.6053],[86.8853,20.605],[86.8853,20.6047],[86.885,20.6044],[86.8847,20.6044],[86.8844,20.6042],[86.8842,20.6042],[86.8839,20.6039],[86.8836,20.6039],[86.8833,20.6036],[86.8825,20.6036],[86.8819,20.6031],[86.8817,20.6031],[86.8814,20.6028],[86.8803,20.6028],[86.88,20.6025],[86.8797,20.6025],[86.8783,20.6011],[86.8775,20.6011],[86.8772,20.6008],[86.8753,20.5989],[86.875,20.5989],[86.8744,20.5983],[86.8739,20.5983],[86.8736,20.5986],[86.8733,20.5983],[86.8728,20.5983],[86.8725,20.5981],[86.8722,20.5981],[86.872,20.5979],[86.8719,20.5978],[86.8719,20.5975],[86.8708,20.5964],[86.8706,20.5964],[86.87,20.5958],[86.8694,20.5958],[86.8689,20.5953],[86.8686,20.5953],[86.8683,20.595],[86.8681,20.595],[86.8669,20.5939],[86.8667,20.5939],[86.8655,20.5928],[86.8653,20.5928],[86.8642,20.5917],[86.8639,20.5917],[86.8636,20.5914],[86.8633,20.5914],[86.8632,20.5912],[86.8631,20.5911],[86.8628,20.5911],[86.8625,20.5908],[86.8622,20.5908],[86.8619,20.5906],[86.8617,20.5906],[86.8614,20.5903],[86.8608,20.5903],[86.8606,20.59],[86.8603,20.59],[86.86,20.5897],[86.8597,20.5897],[86.8597,20.5894],[86.8594,20.5892],[86.8594,20.5889],[86.8589,20.5883],[86.8586,20.5883],[86.8578,20.5875],[86.8575,20.5875],[86.8569,20.5869],[86.8567,20.5869],[86.8561,20.5864],[86.8558,20.5864],[86.8556,20.5867],[86.8553,20.5867],[86.8547,20.5872],[86.8547,20.5878],[86.855,20.588],[86.8558,20.5881],[86.8567,20.5884],[86.8568,20.5886],[86.8566,20.589],[86.8561,20.5892],[86.855,20.5891],[86.8538,20.5891],[86.8531,20.5884],[86.8528,20.5879],[86.8524,20.5873],[86.8523,20.5865],[86.8523,20.5858],[86.8526,20.5848],[86.8533,20.5842],[86.8533,20.5839],[86.8528,20.5833],[86.8525,20.5833],[86.8519,20.5828],[86.8517,20.5828],[86.8506,20.5817],[86.85,20.5817],[86.8492,20.5808],[86.8489,20.5808],[86.8481,20.58],[86.8478,20.58],[86.8469,20.5792],[86.8461,20.5792],[86.8459,20.579],[86.8458,20.5789],[86.8456,20.5789],[86.8447,20.5781],[86.8444,20.5781],[86.8437,20.5773],[86.8436,20.5772],[86.8436,20.5769],[86.8431,20.5764],[86.8425,20.5769],[86.8417,20.5769],[86.8392,20.5744],[86.8389,20.5744],[86.8386,20.5742],[86.8383,20.5742],[86.8375,20.5733],[86.8372,20.5733],[86.8364,20.5725],[86.8361,20.5722],[86.8358,20.5722],[86.8353,20.5717],[86.835,20.5717],[86.8342,20.5708],[86.8336,20.5708],[86.8325,20.5701],[86.831,20.5691],[86.8304,20.5687],[86.8296,20.5685],[86.8292,20.5681],[86.8275,20.5664],[86.8272,20.5664],[86.825,20.5642],[86.8247,20.5642],[86.8242,20.5636],[86.8239,20.5639],[86.8233,20.5639],[86.8226,20.5631],[86.822,20.5625],[86.8217,20.5625],[86.8192,20.56],[86.8186,20.56],[86.8183,20.5597],[86.8181,20.5597],[86.8178,20.5594],[86.8164,20.5594],[86.8162,20.5593],[86.8158,20.5589],[86.8156,20.5589],[86.8153,20.5586],[86.815,20.5586],[86.8147,20.5583],[86.8145,20.5583],[86.8142,20.5586],[86.8139,20.5586],[86.8133,20.5581],[86.8131,20.5581],[86.8128,20.5578],[86.8125,20.5578],[86.8124,20.5577],[86.8122,20.5575],[86.8119,20.5575],[86.8117,20.5572],[86.8117,20.5569],[86.8122,20.5564],[86.8119,20.5561],[86.8119,20.5558],[86.8114,20.5553],[86.8111,20.5553],[86.81,20.5542],[86.8097,20.5542],[86.8086,20.5531],[86.8083,20.5531],[86.8081,20.5528],[86.8078,20.5528],[86.8075,20.5525],[86.8072,20.5525],[86.8069,20.5522],[86.8064,20.5522],[86.8061,20.5519],[86.8058,20.5519],[86.8042,20.5503],[86.8039,20.5503],[86.8033,20.5497],[86.8031,20.5497],[86.8029,20.5495],[86.8028,20.5494],[86.8019,20.5494],[86.7997,20.5472],[86.7994,20.5472],[86.7992,20.5469],[86.7989,20.5469],[86.7983,20.5464],[86.7981,20.5464],[86.7968,20.5457],[86.7963,20.5455],[86.7953,20.5452],[86.7945,20.5448],[86.7939,20.5448],[86.7934,20.5448],[86.7929,20.5445],[86.7922,20.5441],[86.7917,20.5433],[86.7917,20.5425],[86.7911,20.5419],[86.7911,20.5417],[86.7908,20.5414],[86.7908,20.5411],[86.7894,20.5397],[86.7892,20.5397],[86.7869,20.5375],[86.7864,20.5375],[86.7858,20.537],[86.7856,20.537],[86.7844,20.5358],[86.7844,20.5353],[86.7842,20.535],[86.7842,20.5342],[86.7822,20.5322],[86.7822,20.5319],[86.7819,20.5317],[86.7815,20.5305],[86.7806,20.5292],[86.7803,20.5289],[86.7803,20.5286],[86.78,20.5283],[86.78,20.5281],[86.7794,20.5275],[86.7794,20.5272],[86.7797,20.5269],[86.7797,20.5264],[86.7789,20.5256],[86.7789,20.5253],[86.7786,20.525],[86.7786,20.5247],[86.7781,20.5242],[86.7781,20.5236],[86.7778,20.5233],[86.7778,20.5231],[86.7769,20.5222],[86.7769,20.5208],[86.7767,20.5206],[86.7767,20.5203],[86.7761,20.5197],[86.7761,20.5189],[86.7758,20.5186],[86.7758,20.5181],[86.7756,20.5178],[86.7756,20.5172],[86.7753,20.5169],[86.7753,20.5147],[86.7756,20.5144],[86.7756,20.5139],[86.7753,20.5136],[86.7753,20.5131],[86.775,20.5128],[86.775,20.5117],[86.7747,20.5114],[86.775,20.5111],[86.775,20.5108],[86.7747,20.5106],[86.7747,20.5103],[86.7744,20.51],[86.7744,20.5095],[86.7747,20.5092],[86.7744,20.5089],[86.7744,20.5083],[86.7739,20.5078],[86.7739,20.5075],[86.7728,20.5064],[86.7728,20.5061],[86.7711,20.5044],[86.7687,20.5044],[86.7681,20.5044],[86.7678,20.5042],[86.7667,20.5042],[86.7661,20.5036],[86.7639,20.5036],[86.7636,20.5033],[86.7633,20.5033],[86.763,20.5036],[86.7622,20.5036],[86.7614,20.5044],[86.7614,20.5047],[86.7606,20.5056],[86.7595,20.5056],[86.7574,20.5027],[86.7564,20.5012],[86.7562,20.5006],[86.7555,20.4996],[86.7556,20.4992],[86.7553,20.4992],[86.7539,20.4978],[86.7536,20.4978],[86.7533,20.4975],[86.7533,20.4972],[86.7531,20.4969],[86.7533,20.4967],[86.7533,20.4956],[86.7524,20.4946],[86.7519,20.4942],[86.752,20.4939],[86.7517,20.4936],[86.7514,20.4916],[86.7514,20.49],[86.7511,20.4897],[86.7511,20.4894],[86.7508,20.4892],[86.7508,20.4889],[86.7506,20.4886],[86.7506,20.4872],[86.7508,20.4869],[86.7508,20.4861],[86.7506,20.4858],[86.7506,20.485],[86.7503,20.4847],[86.7503,20.4842],[86.75,20.4839],[86.75,20.4833],[86.7497,20.4831],[86.7497,20.4822],[86.7494,20.4819],[86.7494,20.4817],[86.7492,20.4814],[86.7492,20.4808],[86.7489,20.4806],[86.7489,20.4803],[86.7486,20.48],[86.7486,20.4797],[86.7483,20.4794],[86.7483,20.4786],[86.748,20.4783],[86.7481,20.4778],[86.7478,20.4775],[86.7478,20.4769],[86.7475,20.4767],[86.7475,20.4758],[86.7472,20.4756],[86.7472,20.4753],[86.7467,20.4747],[86.7467,20.4742],[86.7464,20.4739],[86.7464,20.4731],[86.7456,20.4722],[86.7456,20.4719],[86.7453,20.4717],[86.7453,20.4711],[86.745,20.4708],[86.745,20.4703],[86.7447,20.47],[86.7447,20.4697],[86.7436,20.4686],[86.7428,20.4686],[86.7425,20.4689],[86.7422,20.4689],[86.7417,20.4694],[86.7417,20.47],[86.7414,20.4703],[86.7414,20.4706],[86.7417,20.4708],[86.7417,20.4717],[86.7414,20.4719],[86.7414,20.4725],[86.7411,20.4728],[86.7411,20.4739],[86.7406,20.4744],[86.7405,20.4747],[86.74,20.4753],[86.74,20.4756],[86.7392,20.4764],[86.7392,20.4767],[86.7389,20.4769],[86.7389,20.4772],[86.7383,20.4778],[86.7383,20.4781],[86.7378,20.4786],[86.7375,20.4786],[86.7372,20.4789],[86.7367,20.4789],[86.7364,20.4792],[86.7361,20.4792],[86.7358,20.4794],[86.7342,20.4794],[86.7339,20.4792],[86.7339,20.4786],[86.7347,20.4786],[86.735,20.4783],[86.7358,20.4783],[86.7364,20.4778],[86.7367,20.4778],[86.7378,20.4767],[86.7378,20.4764],[86.7381,20.4761],[86.7381,20.4758],[86.7386,20.4753],[86.7386,20.475],[86.7383,20.4747],[86.7386,20.4744],[86.7386,20.4725],[86.7383,20.4722],[86.7383,20.4689],[86.7381,20.4686],[86.738,20.4675],[86.7378,20.4672],[86.7378,20.4669],[86.7375,20.4667],[86.7375,20.4664],[86.7372,20.4661],[86.7372,20.4658],[86.7369,20.4656],[86.7369,20.465],[86.7367,20.4647],[86.7367,20.4639],[86.7364,20.4636],[86.7364,20.4631],[86.7361,20.4628],[86.7361,20.4614],[86.7358,20.4611],[86.7358,20.4603],[86.7356,20.46],[86.7356,20.4597],[86.7353,20.4594],[86.7353,20.4589],[86.735,20.4586],[86.735,20.4581],[86.7347,20.4578],[86.7347,20.4575],[86.7344,20.4572],[86.7344,20.4569],[86.7339,20.4564],[86.7339,20.4561],[86.7336,20.4558],[86.7336,20.4553],[86.7333,20.455],[86.7333,20.4544],[86.7333,20.4539],[86.7331,20.4536],[86.7336,20.4531],[86.7336,20.4525],[86.7334,20.4522],[86.7334,20.4521],[86.7333,20.4517],[86.7336,20.4514],[86.7336,20.4489],[86.7333,20.4486],[86.7333,20.4478],[86.7336,20.4475],[86.7336,20.447],[86.7333,20.4467],[86.7333,20.4464],[86.7331,20.4461],[86.7331,20.4453],[86.7328,20.445],[86.7328,20.4444],[86.7333,20.4439],[86.7331,20.4436],[86.7331,20.4431],[86.7333,20.4428],[86.7333,20.4417],[86.7331,20.4414],[86.7331,20.4403],[86.7328,20.44],[86.7328,20.4397],[86.7325,20.4394],[86.7325,20.4392],[86.7331,20.4386],[86.7331,20.4381],[86.7325,20.4375],[86.7325,20.4364],[86.7322,20.4361],[86.7322,20.435],[86.7325,20.4347],[86.7325,20.4322],[86.7328,20.4319],[86.7328,20.4267],[86.7331,20.4264],[86.7331,20.4261],[86.7333,20.4258],[86.7333,20.425],[86.7331,20.4247],[86.7331,20.4236],[86.7333,20.4233],[86.7333,20.4231],[86.7336,20.4228],[86.7336,20.4186],[86.7339,20.4183],[86.7339,20.4178],[86.7333,20.4172],[86.7333,20.4169],[86.7331,20.4167],[86.7331,20.4164],[86.7336,20.4158],[86.7331,20.4153],[86.7331,20.4147],[86.7333,20.4144],[86.7333,20.4139],[86.7331,20.4136],[86.7331,20.4133],[86.7328,20.4131],[86.7328,20.4108],[86.7331,20.4106],[86.7325,20.41],[86.7328,20.4097],[86.7322,20.4092],[86.7322,20.4089],[86.7319,20.4086],[86.7319,20.4083],[86.7317,20.4081],[86.7317,20.4078],[86.7314,20.4075],[86.7311,20.4071],[86.73,20.4058],[86.7294,20.4049],[86.7311,20.4037],[86.7317,20.4032],[86.7327,20.4025],[86.7328,20.4028],[86.7333,20.4033],[86.7336,20.4033],[86.7339,20.4036],[86.7342,20.4036],[86.7358,20.4039],[86.7361,20.4042],[86.7364,20.4042],[86.7365,20.4043],[86.7367,20.4044],[86.7375,20.4044],[86.7378,20.4047],[86.7394,20.4047],[86.7397,20.405],[86.7405,20.405],[86.7408,20.4047],[86.7411,20.4047],[86.7414,20.405],[86.7431,20.405],[86.7433,20.4053],[86.7436,20.4053],[86.7439,20.4056],[86.7442,20.4056],[86.7444,20.4058],[86.745,20.4058],[86.7453,20.4056],[86.7456,20.4056],[86.7458,20.4053],[86.7467,20.4053],[86.7469,20.405],[86.7483,20.405],[86.7489,20.4056],[86.7492,20.4056],[86.7497,20.405],[86.7497,20.4047],[86.7506,20.4039],[86.7506,20.4036],[86.752,20.4022],[86.7519,20.4017],[86.7522,20.4014],[86.7522,20.4006],[86.7519,20.4003],[86.752,20.4],[86.7503,20.3983],[86.75,20.3983],[86.7497,20.3981],[86.7494,20.3978],[86.7492,20.3978],[86.7489,20.3975],[86.7486,20.3972],[86.7483,20.3972],[86.7481,20.3969],[86.7472,20.3969],[86.7469,20.3967],[86.7461,20.3967],[86.7458,20.3964],[86.7447,20.3964],[86.7444,20.3961],[86.7439,20.3961],[86.7436,20.3958],[86.7428,20.3958],[86.7425,20.3956],[86.7419,20.3956],[86.7417,20.3953],[86.7411,20.3953],[86.74,20.3942],[86.7403,20.3939],[86.7405,20.3939],[86.7408,20.3936],[86.7411,20.3936],[86.7412,20.3937],[86.7414,20.3939],[86.7417,20.3939],[86.7419,20.3941],[86.7422,20.3944],[86.7425,20.3944],[86.7428,20.3947],[86.7439,20.3948],[86.7442,20.395],[86.7458,20.395],[86.7461,20.3953],[86.7464,20.3953],[86.7467,20.3956],[86.7472,20.3956],[86.7475,20.3958],[86.7483,20.3958],[86.7487,20.3962],[86.7489,20.3964],[86.7494,20.3964],[86.7495,20.3965],[86.7497,20.3967],[86.75,20.3967],[86.7503,20.3969],[86.7514,20.3969],[86.7517,20.3972],[86.752,20.3972],[86.7522,20.3975],[86.7525,20.3975],[86.7528,20.3978],[86.7533,20.3978],[86.7536,20.3981],[86.7544,20.3981],[86.7547,20.3983],[86.755,20.3983],[86.7553,20.3986],[86.7555,20.3986],[86.7561,20.3992],[86.7567,20.3992],[86.7575,20.3983],[86.7578,20.3983],[86.7581,20.3981],[86.7583,20.3981],[86.7586,20.3978],[86.7586,20.3958],[86.7583,20.3956],[86.7583,20.3953],[86.7581,20.395],[86.7581,20.3936],[86.7578,20.3933],[86.7578,20.3922],[86.7575,20.3919],[86.7575,20.3914],[86.7572,20.3911],[86.7572,20.3908],[86.7569,20.3906],[86.7569,20.3903],[86.7567,20.39],[86.7561,20.3894],[86.7561,20.3892],[86.7567,20.3886],[86.7569,20.3886],[86.7572,20.3889],[86.7578,20.3894],[86.7578,20.3897],[86.7581,20.39],[86.7581,20.3903],[86.7583,20.3906],[86.7583,20.3911],[86.7586,20.3914],[86.7586,20.3919],[86.7589,20.3922],[86.7589,20.3931],[86.7592,20.3933],[86.7592,20.3944],[86.7594,20.3947],[86.7597,20.395],[86.7597,20.3953],[86.7603,20.3958],[86.7603,20.3961],[86.7611,20.3969],[86.7625,20.3969],[86.7628,20.3972],[86.763,20.3972],[86.7633,20.3975],[86.7636,20.3976],[86.7637,20.3976],[86.7639,20.3978],[86.7642,20.3978],[86.7644,20.3975],[86.765,20.3975],[86.7653,20.3978],[86.7656,20.3978],[86.7661,20.3983],[86.7664,20.3983],[86.7667,20.3981],[86.7669,20.3981],[86.7672,20.3978],[86.7681,20.3978],[86.7683,20.3981],[86.7689,20.3981],[86.7692,20.3978],[86.77,20.3978],[86.7703,20.3975],[86.7705,20.3975],[86.7708,20.3972],[86.7711,20.3972],[86.7714,20.3969],[86.7725,20.3969],[86.7728,20.3967],[86.7731,20.3967],[86.7739,20.3958],[86.7742,20.3958],[86.7744,20.3956],[86.7747,20.3956],[86.775,20.3953],[86.7753,20.3953],[86.7761,20.3944],[86.7764,20.3944],[86.7767,20.3942],[86.7772,20.3942],[86.7797,20.3917],[86.7797,20.3914],[86.78,20.3911],[86.78,20.3908],[86.7808,20.39],[86.7808,20.3897],[86.7811,20.3894],[86.7811,20.3889],[86.7817,20.3883],[86.7817,20.3878],[86.7819,20.3875],[86.7819,20.3867],[86.7822,20.3864],[86.7822,20.3858],[86.7819,20.3856],[86.7822,20.3853],[86.7822,20.3836],[86.7819,20.3833],[86.7819,20.3831],[86.7817,20.3828],[86.7817,20.3822],[86.7811,20.3817],[86.7811,20.3814],[86.7797,20.38],[86.7792,20.38],[86.7789,20.3797],[86.7783,20.3797],[86.7781,20.3794],[86.7764,20.3794],[86.7761,20.3792],[86.7756,20.3792],[86.7753,20.3789],[86.7747,20.3789],[86.7744,20.3786],[86.7739,20.3786],[86.7736,20.3783],[86.7733,20.3783],[86.7731,20.3781],[86.7728,20.3781],[86.7722,20.3775],[86.7717,20.3769],[86.7717,20.3767],[86.7697,20.3747],[86.7697,20.3744],[86.7692,20.3739],[86.7692,20.3736],[86.7689,20.3733],[86.7689,20.3731],[86.7686,20.3728],[86.7686,20.3722],[86.7672,20.3708],[86.7669,20.3708],[86.7661,20.37],[86.7661,20.3697],[86.7658,20.3694],[86.7658,20.3689],[86.7653,20.3683],[86.7653,20.3681],[86.765,20.3678],[86.765,20.3675],[86.7647,20.3672],[86.7647,20.3669],[86.7642,20.3664],[86.7642,20.3658],[86.7647,20.3653],[86.7656,20.3661],[86.7656,20.3664],[86.7658,20.3667],[86.7658,20.3669],[86.7661,20.3672],[86.7661,20.3675],[86.7664,20.3678],[86.7664,20.3681],[86.7669,20.3686],[86.7669,20.3689],[86.7675,20.3694],[86.7675,20.3697],[86.7679,20.37],[86.7684,20.3703],[86.7688,20.3707],[86.7693,20.3711],[86.7697,20.3714],[86.7702,20.3717],[86.7706,20.3721],[86.7709,20.3724],[86.7712,20.3728],[86.7715,20.373],[86.7717,20.3733],[86.772,20.3736],[86.7722,20.374],[86.7725,20.3744],[86.7729,20.3749],[86.7732,20.3754],[86.7738,20.3756],[86.7744,20.3758],[86.7747,20.3758],[86.775,20.3761],[86.7753,20.3761],[86.7756,20.3764],[86.7758,20.3761],[86.776,20.3761],[86.7764,20.3761],[86.7767,20.3758],[86.7778,20.3758],[86.7781,20.3756],[86.7786,20.3756],[86.7789,20.3758],[86.7794,20.3758],[86.7796,20.3759],[86.7797,20.3761],[86.7803,20.3761],[86.7806,20.3764],[86.7808,20.3764],[86.7813,20.3763],[86.7819,20.3765],[86.7825,20.3766],[86.7831,20.3767],[86.7838,20.3769],[86.7844,20.3774],[86.785,20.3775],[86.7855,20.3772],[86.7861,20.3769],[86.7864,20.3765],[86.7862,20.376],[86.786,20.3754],[86.7857,20.3749],[86.7855,20.3745],[86.7852,20.3741],[86.7849,20.3738],[86.7846,20.3735],[86.7846,20.373],[86.7847,20.3724],[86.7847,20.3721],[86.7845,20.3718],[86.7843,20.3716],[86.7841,20.3713],[86.7838,20.3709],[86.7834,20.3705],[86.783,20.37],[86.7826,20.3695],[86.7821,20.3689],[86.7817,20.3684],[86.7813,20.3679],[86.7809,20.3674],[86.7806,20.367],[86.7803,20.3666],[86.78,20.3661],[86.7797,20.3656],[86.7797,20.3653],[86.7794,20.365],[86.7794,20.3647],[86.7792,20.3644],[86.7792,20.3642],[86.7789,20.3639],[86.7789,20.3636],[86.7786,20.3633],[86.7786,20.3631],[86.7783,20.3628],[86.7783,20.3622],[86.7781,20.3619],[86.7781,20.3617],[86.7778,20.3614],[86.7778,20.3608],[86.7775,20.3606],[86.7775,20.3592],[86.7772,20.3589],[86.7775,20.3586],[86.7775,20.3583],[86.7776,20.3583],[86.7778,20.3581],[86.7778,20.3556],[86.7786,20.3547],[86.7786,20.3553],[86.7789,20.3556],[86.7789,20.3561],[86.7792,20.3564],[86.7792,20.3567],[86.7789,20.357],[86.7789,20.3589],[86.7792,20.3592],[86.7792,20.3594],[86.7794,20.3597],[86.7794,20.3603],[86.7797,20.3606],[86.7797,20.3617],[86.78,20.3619],[86.78,20.3622],[86.7808,20.3631],[86.7808,20.3636],[86.7811,20.3639],[86.7825,20.3653],[86.7825,20.3656],[86.7839,20.3669],[86.7839,20.3672],[86.7844,20.3678],[86.7844,20.3681],[86.7867,20.3703],[86.7867,20.3708],[86.7875,20.3717],[86.7883,20.3708],[86.7883,20.3706],[86.7886,20.3703],[86.7886,20.37],[86.7889,20.3697],[86.7886,20.3694],[86.7886,20.3681],[86.7892,20.3675],[86.7892,20.3672],[86.7894,20.3669],[86.7894,20.3667],[86.7892,20.3664],[86.7892,20.3661],[86.7886,20.3656],[86.7888,20.3653],[86.7894,20.3647],[86.7892,20.3644],[86.7892,20.3636],[86.79,20.3628],[86.79,20.3611],[86.7894,20.3606],[86.7894,20.3603],[86.7897,20.36],[86.7894,20.3597],[86.7897,20.3594],[86.7897,20.3592],[86.7892,20.3586],[86.7892,20.3583],[86.7886,20.3578],[86.7883,20.3575],[86.7883,20.3572],[86.7881,20.3569],[86.7881,20.3567],[86.7869,20.3556],[86.7869,20.3553],[86.7867,20.355],[86.7867,20.3547],[86.7844,20.3525],[86.7844,20.3522],[86.7842,20.3519],[86.7842,20.3517],[86.7839,20.3514],[86.7839,20.3511],[86.7836,20.3508],[86.7836,20.3506],[86.7828,20.3497],[86.7828,20.3494],[86.7822,20.3489],[86.7822,20.3486],[86.7819,20.3483],[86.7819,20.3481],[86.7817,20.3478],[86.7817,20.3472],[86.7811,20.3467],[86.7811,20.3464],[86.7808,20.3461],[86.7808,20.3458],[86.7778,20.3428],[86.7775,20.3428],[86.7772,20.3425],[86.7769,20.3425],[86.7761,20.3433],[86.7761,20.3436],[86.7758,20.3439],[86.7761,20.3442],[86.7761,20.3447],[86.7758,20.345],[86.7758,20.3458],[86.7756,20.3461],[86.7756,20.3464],[86.7753,20.3467],[86.7753,20.3469],[86.7748,20.3475],[86.7744,20.3475],[86.7742,20.3472],[86.7739,20.3472],[86.7736,20.3469],[86.7736,20.3467],[86.7739,20.3464],[86.7739,20.3461],[86.7747,20.3453],[86.7747,20.3442],[86.7744,20.3439],[86.7744,20.3431],[86.7742,20.3428],[86.7742,20.3422],[86.7747,20.3417],[86.7747,20.3406],[86.775,20.3403],[86.775,20.3397],[86.7747,20.3394],[86.7747,20.3392],[86.7744,20.3389],[86.7744,20.3383],[86.7747,20.3381],[86.7744,20.3378],[86.7742,20.3378],[86.7725,20.3361],[86.7725,20.3358],[86.7714,20.3347],[86.7714,20.3344],[86.7711,20.3342],[86.7711,20.3336],[86.7705,20.3331],[86.7705,20.3325],[86.7692,20.3311],[86.7689,20.3311],[86.7686,20.3308],[86.7683,20.3308],[86.7681,20.3306],[86.7678,20.3306],[86.7672,20.33],[86.7669,20.33],[86.7667,20.3297],[86.7664,20.3297],[86.7661,20.3294],[86.7658,20.3294],[86.7647,20.3283],[86.7642,20.3278],[86.7639,20.3278],[86.7633,20.3272],[86.7631,20.3272],[86.7628,20.3269],[86.7625,20.3269],[86.7622,20.3267],[86.7619,20.3267],[86.7617,20.3264],[86.7614,20.3264],[86.7611,20.3261],[86.7608,20.3261],[86.7603,20.3256],[86.76,20.3256],[86.7592,20.3247],[86.7589,20.3247],[86.7588,20.3246],[86.7586,20.3244],[86.7583,20.3244],[86.7582,20.3243],[86.7581,20.3242],[86.7578,20.3242],[86.7575,20.3239],[86.7572,20.3239],[86.7569,20.3236],[86.7564,20.3236],[86.7558,20.3231],[86.7555,20.3231],[86.755,20.3225],[86.7533,20.3225],[86.7528,20.322],[86.7522,20.322],[86.7517,20.3214],[86.7514,20.3214],[86.75,20.32],[86.7497,20.32],[86.7492,20.3194],[86.7489,20.3194],[86.7486,20.3192],[86.7483,20.3192],[86.748,20.3189],[86.7478,20.3189],[86.7469,20.3181],[86.7467,20.3181],[86.7461,20.3175],[86.7458,20.3175],[86.7457,20.3174],[86.7456,20.3172],[86.7453,20.3172],[86.7447,20.3167],[86.7442,20.3161],[86.7439,20.3161],[86.7431,20.3153],[86.7431,20.315],[86.7422,20.3142],[86.7419,20.3142],[86.7417,20.3139],[86.7417,20.3136],[86.7411,20.3131],[86.7411,20.3128],[86.7381,20.3097],[86.7378,20.3094],[86.7375,20.3094],[86.7369,20.3089],[86.7367,20.3089],[86.7364,20.3086],[86.7361,20.3086],[86.7358,20.3083],[86.7356,20.3083],[86.735,20.3078],[86.7347,20.3078],[86.7344,20.3075],[86.7336,20.3075],[86.7333,20.3072],[86.7322,20.3072],[86.7321,20.3071],[86.7319,20.3069],[86.7297,20.3069],[86.7296,20.3068],[86.7294,20.3067],[86.7272,20.3067],[86.7269,20.3064],[86.7264,20.3064],[86.7258,20.3069],[86.7256,20.3069],[86.7253,20.3072],[86.725,20.3072],[86.7247,20.3069],[86.7247,20.3067],[86.7244,20.3064],[86.7239,20.3064],[86.7238,20.3063],[86.7233,20.3058],[86.7225,20.3058],[86.7219,20.3064],[86.7217,20.3064],[86.7214,20.3061],[86.7211,20.3061],[86.7208,20.3058],[86.7206,20.3058],[86.7204,20.3057],[86.7203,20.3056],[86.72,20.3056],[86.7199,20.3054],[86.7197,20.3053],[86.7194,20.3053],[86.7189,20.3047],[86.7186,20.3047],[86.7183,20.3044],[86.7181,20.3045],[86.7178,20.3042],[86.7175,20.3042],[86.7172,20.3039],[86.7169,20.3039],[86.7168,20.3037],[86.7164,20.3033],[86.7161,20.3033],[86.7158,20.3031],[86.7156,20.3031],[86.7153,20.3028],[86.715,20.3028],[86.7144,20.3022],[86.7142,20.3022],[86.7136,20.3017],[86.7133,20.3017],[86.7131,20.3014],[86.7128,20.3014],[86.7119,20.3006],[86.7117,20.3006],[86.7106,20.2994],[86.71,20.2989],[86.7097,20.2989],[86.7083,20.2975],[86.7085,20.2939],[86.7086,20.2925],[86.7094,20.2925],[86.7097,20.2928],[86.71,20.2928],[86.7103,20.2925],[86.7122,20.2925],[86.7125,20.2928],[86.7128,20.2925],[86.7131,20.2925],[86.7133,20.2928],[86.7136,20.2928],[86.7142,20.2922],[86.7144,20.2922],[86.7147,20.2919],[86.7156,20.2919],[86.7164,20.2928],[86.7172,20.2928],[86.7181,20.2919],[86.7181,20.2917],[86.7185,20.2912],[86.7186,20.2911],[86.7189,20.2911],[86.7189,20.2903],[86.7186,20.29],[86.7186,20.2897],[86.7183,20.2894],[86.7183,20.2889],[86.7181,20.2886],[86.7181,20.2878],[86.7172,20.2869],[86.7169,20.2869],[86.7164,20.2864],[86.7158,20.2864],[86.7153,20.2858],[86.7147,20.2858],[86.7144,20.2856],[86.7142,20.2856],[86.7136,20.285],[86.7131,20.285],[86.7128,20.2847],[86.7125,20.2847],[86.7122,20.2844],[86.7119,20.2844],[86.7118,20.2843],[86.7117,20.2842],[86.7114,20.2842],[86.7111,20.2839],[86.7108,20.2839],[86.7103,20.2833],[86.7097,20.2833],[86.7094,20.2831],[86.7089,20.2831],[86.7086,20.2828],[86.708,20.2828],[86.7078,20.2825],[86.7072,20.2825],[86.7071,20.2824],[86.7069,20.2822],[86.7067,20.2822],[86.7064,20.2819],[86.7061,20.2819],[86.7058,20.2817],[86.7053,20.2817],[86.705,20.2814],[86.7047,20.2814],[86.7044,20.2811],[86.7039,20.2811],[86.7036,20.2808],[86.7033,20.2808],[86.7028,20.2803],[86.7019,20.2803],[86.7017,20.28],[86.7014,20.28],[86.7011,20.2797],[86.7008,20.2797],[86.7007,20.2796],[86.7006,20.2794],[86.7003,20.2794],[86.7,20.2792],[86.6992,20.2792],[86.6989,20.2789],[86.6981,20.2789],[86.6978,20.2786],[86.6972,20.2786],[86.697,20.2783],[86.6964,20.2783],[86.6961,20.2781],[86.6958,20.2781],[86.6956,20.2778],[86.6953,20.2778],[86.695,20.2775],[86.6947,20.2775],[86.6944,20.2772],[86.6939,20.2772],[86.6933,20.2767],[86.693,20.2767],[86.6928,20.2764],[86.6925,20.2764],[86.6922,20.2761],[86.6919,20.2758],[86.6917,20.2758],[86.6914,20.2756],[86.6911,20.2756],[86.6903,20.2747],[86.69,20.2747],[86.6886,20.2733],[86.6881,20.2733],[86.6878,20.2731],[86.6875,20.2731],[86.6872,20.2728],[86.6867,20.2728],[86.6855,20.2717],[86.6853,20.2719],[86.6847,20.2719],[86.6839,20.2711],[86.6833,20.2711],[86.6831,20.2708],[86.6828,20.2708],[86.6825,20.2706],[86.6822,20.2706],[86.6819,20.2703],[86.6817,20.2703],[86.6814,20.27],[86.6811,20.27],[86.6803,20.2692],[86.6803,20.2689],[86.68,20.2686],[86.68,20.2681],[86.6803,20.2678],[86.6803,20.2669],[86.68,20.2667],[86.68,20.2661],[86.6803,20.2658],[86.6803,20.2653],[86.6806,20.265],[86.6806,20.2647],[86.6806,20.2639],[86.68,20.2633],[86.6797,20.2633],[86.6789,20.2642],[86.6789,20.2644],[86.6781,20.2653],[86.678,20.2661],[86.6775,20.2667],[86.6775,20.2669],[86.6772,20.2669],[86.6771,20.2668],[86.6769,20.2667],[86.6767,20.2667],[86.6761,20.2661],[86.6756,20.2667],[86.6753,20.2667],[86.6742,20.2678],[86.6742,20.2683],[86.6739,20.2686],[86.6739,20.2692],[86.6736,20.2694],[86.6736,20.2714],[86.6733,20.2717],[86.6733,20.2725],[86.6731,20.2728],[86.6731,20.2731],[86.6742,20.2742],[86.6742,20.2744],[86.6747,20.275],[86.6747,20.2753],[86.675,20.2756],[86.675,20.2758],[86.6758,20.2767],[86.6758,20.2772],[86.6761,20.2775],[86.6761,20.2778],[86.6764,20.2781],[86.6764,20.2786],[86.6758,20.2792],[86.6756,20.2792],[86.675,20.2786],[86.675,20.2783],[86.6744,20.2778],[86.6744,20.2772],[86.6742,20.2769],[86.6742,20.2767],[86.6739,20.2764],[86.6739,20.2761],[86.6736,20.2758],[86.6736,20.2756],[86.6731,20.275],[86.6731,20.2747],[86.6728,20.2744],[86.6728,20.2742],[86.6725,20.2739],[86.6725,20.2733],[86.6722,20.2733],[86.6719,20.2736],[86.6711,20.2736],[86.6706,20.2742],[86.6703,20.2742],[86.6693,20.2752],[86.6696,20.2756],[86.67,20.2772],[86.6703,20.2775],[86.6703,20.2778],[86.6706,20.2781],[86.6706,20.2783],[86.6719,20.2797],[86.6719,20.28],[86.6722,20.2803],[86.6722,20.2811],[86.6719,20.2814],[86.6719,20.2819],[86.6717,20.2822],[86.6711,20.2822],[86.6708,20.2819],[86.6708,20.2817],[86.6706,20.2814],[86.6706,20.2811],[86.6703,20.2808],[86.6703,20.2803],[86.67,20.28],[86.67,20.2794],[86.6697,20.2792],[86.6697,20.2786],[86.6694,20.2783],[86.6694,20.2781],[86.6692,20.2778],[86.6678,20.2761],[86.6667,20.275],[86.6667,20.2744],[86.6664,20.2742],[86.6664,20.2733],[86.6669,20.2728],[86.6669,20.2725],[86.6672,20.2722],[86.6675,20.2722],[86.6683,20.2714],[86.6683,20.2711],[86.6686,20.2708],[86.6686,20.2706],[86.6689,20.2703],[86.6689,20.27],[86.6692,20.2697],[86.6694,20.2697],[86.6697,20.2694],[86.6706,20.2694],[86.6708,20.2692],[86.6711,20.2692],[86.6725,20.2678],[86.6725,20.2675],[86.6728,20.2672],[86.6728,20.2667],[86.6736,20.2658],[86.6736,20.2656],[86.6733,20.2653],[86.6733,20.265],[86.6731,20.2647],[86.6731,20.2644],[86.6728,20.2642],[86.6728,20.2625],[86.6736,20.2617],[86.6739,20.2617],[86.6744,20.2611],[86.6747,20.2611],[86.675,20.2608],[86.6756,20.2608],[86.6758,20.2606],[86.6761,20.2606],[86.6764,20.2603],[86.6767,20.2603],[86.6769,20.26],[86.6778,20.26],[86.678,20.2597],[86.6797,20.2597],[86.6803,20.2592],[86.6806,20.2592],[86.6806,20.2589],[86.6797,20.2581],[86.6783,20.2581],[86.6781,20.2583],[86.6769,20.2583],[86.6759,20.2583],[86.6754,20.2583],[86.674,20.2579],[86.6718,20.2576],[86.6693,20.2565],[86.6683,20.2563],[86.6671,20.2561],[86.6639,20.2547],[86.662,20.2541],[86.6607,20.2539],[86.6586,20.2531],[86.6562,20.2526],[86.6533,20.2514],[86.6517,20.2506],[86.6498,20.25],[86.6473,20.2491],[86.6446,20.2482],[86.6432,20.2475],[86.641,20.2469],[86.6388,20.2461],[86.6363,20.2455],[86.6348,20.2442],[86.6321,20.2429],[86.6295,20.2422],[86.6262,20.2407],[86.6233,20.2397],[86.6222,20.2388],[86.6198,20.2379],[86.6178,20.2372],[86.6167,20.2361],[86.6164,20.2361],[86.6158,20.2356],[86.6155,20.2356],[86.6153,20.2353],[86.6147,20.2353],[86.6144,20.235],[86.6139,20.235],[86.6136,20.2347],[86.6133,20.2347],[86.6131,20.2344],[86.6128,20.2344],[86.6122,20.2339],[86.6119,20.2339],[86.6117,20.2336],[86.6111,20.2336],[86.6106,20.2331],[86.6103,20.2331],[86.61,20.2328],[86.6097,20.2328],[86.6094,20.2325],[86.6092,20.2325],[86.6069,20.2317],[86.6064,20.2311],[86.6061,20.2311],[86.6056,20.2306],[86.6053,20.2306],[86.605,20.2303],[86.6047,20.2303],[86.6044,20.23],[86.6042,20.23],[86.6039,20.2297],[86.6036,20.2297],[86.6033,20.2294],[86.6028,20.2294],[86.6023,20.2289],[86.6019,20.2286],[86.6017,20.2286],[86.6011,20.2281],[86.6008,20.2281],[86.6,20.2272],[86.5997,20.2272],[86.5994,20.2269],[86.5992,20.2269],[86.5986,20.2264],[86.5983,20.2264],[86.5978,20.2258],[86.5975,20.2258],[86.5972,20.2256],[86.5961,20.2256],[86.5958,20.2258],[86.5956,20.2258],[86.5953,20.2261],[86.595,20.2261],[86.5947,20.2264],[86.5942,20.2258],[86.5939,20.2258],[86.5936,20.2256],[86.5933,20.2253],[86.5931,20.2253],[86.5928,20.225],[86.5922,20.225],[86.592,20.2248],[86.5919,20.2247],[86.5908,20.2247],[86.5896,20.2235],[86.5892,20.2231],[86.5889,20.2231],[86.5875,20.2217],[86.5872,20.2217],[86.5869,20.2214],[86.5867,20.2214],[86.5856,20.2203],[86.5853,20.2203],[86.585,20.22],[86.5847,20.22],[86.5845,20.2198],[86.5842,20.2197],[86.584,20.2195],[86.5836,20.2192],[86.5833,20.2192],[86.583,20.2189],[86.583,20.2186],[86.5828,20.2183],[86.5825,20.2183],[86.5822,20.2181],[86.5819,20.2181],[86.5814,20.2186],[86.5808,20.2186],[86.5806,20.2189],[86.5806,20.2192],[86.5803,20.2192],[86.58,20.2194],[86.5797,20.2194],[86.5796,20.2193],[86.5792,20.2189],[86.5786,20.2189],[86.5783,20.2186],[86.5772,20.2186],[86.5769,20.2183],[86.5756,20.2183],[86.5753,20.2181],[86.575,20.2181],[86.5747,20.2178],[86.5742,20.2178],[86.5736,20.2172],[86.5733,20.2172],[86.5731,20.2169],[86.5728,20.2169],[86.5726,20.2168],[86.5725,20.2167],[86.5722,20.2167],[86.5721,20.2166],[86.5719,20.2164],[86.5717,20.2164],[86.5707,20.2154],[86.5697,20.2144],[86.5694,20.2145],[86.5692,20.2142],[86.5681,20.2142],[86.5675,20.2147],[86.5669,20.2147],[86.5667,20.2144],[86.5664,20.2145],[86.5661,20.2142],[86.5658,20.2142],[86.5654,20.2137],[86.5653,20.2136],[86.565,20.2136],[86.5647,20.2133],[86.5644,20.2133],[86.5642,20.2131],[86.5639,20.2131],[86.5633,20.2125],[86.5631,20.2125],[86.5619,20.2114],[86.5619,20.2111],[86.5611,20.2103],[86.5611,20.21],[86.5603,20.2092],[86.56,20.2092],[86.5597,20.2089],[86.5589,20.2089],[86.5586,20.2086],[86.5583,20.2086],[86.5581,20.2083],[86.5578,20.2083],[86.5575,20.2081],[86.5572,20.2081],[86.5569,20.2078],[86.5564,20.2078],[86.5561,20.2081],[86.5553,20.2081],[86.5547,20.2086],[86.5547,20.2092],[86.5544,20.2094],[86.5544,20.2097],[86.5542,20.21],[86.5536,20.21],[86.5535,20.2099],[86.5533,20.2097],[86.5531,20.2097],[86.5525,20.2092],[86.5522,20.2092],[86.5511,20.2081],[86.5511,20.2078],[86.5494,20.2061],[86.5492,20.2061],[86.5478,20.2047],[86.5478,20.2044],[86.5475,20.2042],[86.5475,20.2039],[86.5458,20.2022],[86.5458,20.2019],[86.5461,20.2017],[86.5458,20.2014],[86.5461,20.2006],[86.5456,20.1997],[86.5456,20.1983],[86.5456,20.1981],[86.5447,20.1972],[86.5439,20.1972],[86.5436,20.1975],[86.5428,20.1975],[86.5422,20.1981],[86.5422,20.1983],[86.5419,20.1986],[86.5419,20.1989],[86.5417,20.1992],[86.5417,20.2003],[86.5416,20.2012],[86.541,20.2019],[86.5389,20.2011],[86.5386,20.2011],[86.5383,20.2008],[86.5378,20.2008],[86.5375,20.2006],[86.5372,20.2006],[86.5367,20.2],[86.5361,20.2],[86.5347,20.1986],[86.5347,20.1983],[86.5331,20.1967],[86.5328,20.1967],[86.5328,20.1964],[86.5325,20.1961],[86.5325,20.1956],[86.5317,20.1947],[86.5308,20.1947],[86.5297,20.1936],[86.5294,20.1936],[86.5292,20.1939],[86.5292,20.1942],[86.5289,20.1944],[86.5289,20.1947],[86.5286,20.195],[86.5281,20.195],[86.5275,20.1944],[86.5275,20.1942],[86.5267,20.1933],[86.5267,20.1931],[86.5258,20.1922],[86.5258,20.1914],[86.5253,20.1908],[86.5247,20.1908],[86.5244,20.1906],[86.5244,20.1903],[86.5239,20.1897],[86.5231,20.1897],[86.5228,20.1894],[86.5225,20.1894],[86.5214,20.1883],[86.5206,20.1883],[86.5181,20.1873],[86.5172,20.1864],[86.5169,20.1861],[86.5169,20.1858],[86.5161,20.185],[86.5158,20.185],[86.515,20.1842],[86.515,20.1839],[86.5144,20.1833],[86.5144,20.1831],[86.5142,20.1828],[86.5142,20.1825],[86.5136,20.1819],[86.5133,20.1819],[86.5131,20.1817],[86.5128,20.1817],[86.5124,20.1813],[86.5119,20.1808],[86.5117,20.1808],[86.5115,20.1806],[86.5114,20.1806],[86.5114,20.1803],[86.5111,20.18],[86.5111,20.1786],[86.5114,20.1783],[86.5108,20.1778],[86.5106,20.1781],[86.5097,20.1772],[86.5095,20.1772],[86.5092,20.1775],[86.5089,20.1772],[86.5081,20.1772],[86.5078,20.1769],[86.5072,20.1775],[86.5069,20.1775],[86.5056,20.1789],[86.5047,20.1789],[86.5039,20.1797],[86.5036,20.1794],[86.5033,20.1794],[86.503,20.1791],[86.5028,20.1789],[86.502,20.1789],[86.5017,20.1792],[86.5014,20.1792],[86.5011,20.1794],[86.5006,20.1794],[86.5003,20.1797],[86.4986,20.1797],[86.4983,20.18],[86.498,20.18],[86.4975,20.1806],[86.4956,20.1806],[86.4953,20.1808],[86.495,20.1808],[86.4947,20.1811],[86.4944,20.1811],[86.4942,20.1814],[86.4939,20.1814],[86.4936,20.1817],[86.4936,20.1828],[86.4958,20.185],[86.4961,20.185],[86.4967,20.1856],[86.4969,20.1856],[86.4972,20.1858],[86.4975,20.1858],[86.4992,20.1875],[86.4992,20.1881],[86.4994,20.1883],[86.4994,20.1886],[86.4997,20.1886],[86.5003,20.1892],[86.5,20.1894],[86.4997,20.1894],[86.4994,20.1897],[86.4992,20.1897],[86.4989,20.19],[86.4986,20.19],[86.4983,20.1903],[86.4975,20.1903],[86.4972,20.19],[86.4972,20.1897],[86.4978,20.1892],[86.498,20.1892],[86.4983,20.1889],[86.4972,20.1878],[86.4969,20.1878],[86.4961,20.187],[86.4958,20.187],[86.4956,20.1867],[86.4953,20.1867],[86.4942,20.1856],[86.4931,20.1844],[86.4928,20.1844],[86.4928,20.1839],[86.4922,20.1833],[86.4919,20.1833],[86.4919,20.1831],[86.4922,20.1828],[86.4922,20.1822],[86.4925,20.1819],[86.4925,20.1806],[86.4928,20.1803],[86.4928,20.18],[86.4933,20.1794],[86.4936,20.1794],[86.4939,20.1792],[86.4942,20.1792],[86.4944,20.1789],[86.4947,20.1789],[86.4953,20.1783],[86.4953,20.1778],[86.495,20.1775],[86.4953,20.1772],[86.495,20.1769],[86.4947,20.1769],[86.4939,20.1761],[86.4939,20.1756],[86.4942,20.1753],[86.4939,20.175],[86.4939,20.1747],[86.4925,20.1733],[86.4922,20.1733],[86.4919,20.1731],[86.4917,20.1731],[86.4914,20.1728],[86.4905,20.1728],[86.4903,20.1725],[86.4897,20.1725],[86.4894,20.1722],[86.4883,20.1722],[86.4881,20.1719],[86.4878,20.1719],[86.4875,20.1717],[86.4864,20.1717],[86.4858,20.1722],[86.4842,20.1722],[86.4839,20.1719],[86.4836,20.1719],[86.4835,20.1718],[86.4833,20.1717],[86.4831,20.1717],[86.4829,20.1715],[86.4828,20.1714],[86.4825,20.1714],[86.4806,20.1695],[86.4806,20.1686],[86.4797,20.1678],[86.4797,20.1675],[86.4794,20.1672],[86.4794,20.1669],[86.4786,20.1661],[86.4783,20.1661],[86.4781,20.1658],[86.4778,20.1658],[86.4775,20.1656],[86.4767,20.1656],[86.4753,20.1669],[86.4753,20.1689],[86.475,20.1692],[86.4744,20.1692],[86.4742,20.1689],[86.4742,20.1678],[86.4739,20.1675],[86.4739,20.1664],[86.4742,20.1661],[86.4742,20.1658],[86.4747,20.1653],[86.4758,20.1642],[86.4753,20.1636],[86.475,20.1636],[86.4747,20.1633],[86.4744,20.1633],[86.4742,20.1631],[86.4739,20.1631],[86.4736,20.1628],[86.4728,20.1619],[86.4728,20.1617],[86.4725,20.1614],[86.4725,20.1611],[86.4722,20.1608],[86.4722,20.1606],[86.4719,20.1603],[86.4719,20.1589],[86.4717,20.1586],[86.4719,20.1583],[86.4719,20.1581],[86.4722,20.1578],[86.4725,20.1578],[86.4728,20.1575],[86.4728,20.1572],[86.4731,20.1569],[86.4731,20.1567],[86.4733,20.1564],[86.4733,20.155],[86.4736,20.1547],[86.4736,20.1531],[86.4733,20.1528],[86.4733,20.1522],[86.4728,20.1517],[86.4728,20.1514],[86.4725,20.1511],[86.4725,20.1506],[86.4717,20.1497],[86.4714,20.1497],[86.4708,20.1492],[86.4708,20.1489],[86.4706,20.1489],[86.4694,20.1478],[86.4692,20.1478],[86.4689,20.1475],[86.4686,20.1475],[86.4685,20.1474],[86.4683,20.1472],[86.4658,20.1472],[86.4656,20.1475],[86.4653,20.1475],[86.465,20.1478],[86.4647,20.1478],[86.4638,20.1486],[86.4631,20.1511],[86.4631,20.1514],[86.4628,20.1517],[86.4628,20.1519],[86.4625,20.1522],[86.4619,20.1539],[86.4619,20.1542],[86.4617,20.1544],[86.4617,20.155],[86.4605,20.1573],[86.4604,20.1581],[86.4605,20.1591],[86.4608,20.1608],[86.4608,20.1619],[86.4606,20.1622],[86.46,20.1622],[86.4597,20.1619],[86.4597,20.1617],[86.4594,20.1614],[86.4594,20.1608],[86.4592,20.1606],[86.4592,20.1578],[86.4594,20.1575],[86.4594,20.1564],[86.4597,20.1561],[86.4597,20.1553],[86.46,20.155],[86.46,20.1539],[86.4606,20.1533],[86.4606,20.1531],[86.4611,20.1525],[86.4611,20.1522],[86.4614,20.1519],[86.4614,20.1511],[86.4617,20.1508],[86.4617,20.15],[86.4628,20.1483],[86.4647,20.1464],[86.465,20.1464],[86.466,20.146],[86.4676,20.146],[86.4686,20.1461],[86.4689,20.1461],[86.4692,20.1464],[86.4694,20.1464],[86.4703,20.1472],[86.4706,20.1472],[86.4711,20.1478],[86.4714,20.1478],[86.4722,20.1486],[86.4725,20.1486],[86.4731,20.1492],[86.4731,20.1494],[86.4739,20.1503],[86.4739,20.1506],[86.4742,20.1508],[86.4742,20.1514],[86.4744,20.1517],[86.4744,20.1519],[86.4747,20.1522],[86.4747,20.1528],[86.4753,20.1533],[86.4753,20.1536],[86.475,20.1539],[86.475,20.1542],[86.4747,20.1544],[86.4747,20.1558],[86.4744,20.1561],[86.4744,20.1578],[86.4742,20.1581],[86.4742,20.1611],[86.4744,20.1614],[86.4744,20.1617],[86.4753,20.1625],[86.4756,20.1625],[86.4758,20.1628],[86.4775,20.1628],[86.4778,20.1631],[86.4781,20.1631],[86.4783,20.1633],[86.4786,20.1633],[86.4803,20.165],[86.4803,20.1653],[86.4808,20.1658],[86.4808,20.1661],[86.4844,20.1697],[86.4847,20.1697],[86.485,20.17],[86.4853,20.17],[86.4856,20.1697],[86.4883,20.1669],[86.4883,20.1664],[86.4886,20.1661],[86.4886,20.1658],[86.4889,20.1656],[86.4889,20.165],[86.4892,20.1647],[86.4892,20.1636],[86.4894,20.1633],[86.4894,20.1628],[86.4897,20.1625],[86.4897,20.1622],[86.4892,20.1617],[86.4892,20.1611],[86.4894,20.1608],[86.4894,20.1603],[86.4897,20.16],[86.4897,20.1597],[86.4908,20.1586],[86.4908,20.1581],[86.4911,20.1578],[86.4911,20.1575],[86.4908,20.1572],[86.4908,20.1567],[86.4905,20.1564],[86.4905,20.1561],[86.4897,20.1553],[86.4897,20.155],[86.4894,20.1547],[86.4894,20.1528],[86.4897,20.1525],[86.4897,20.1522],[86.4894,20.1519],[86.4894,20.1517],[86.4892,20.1514],[86.4892,20.1511],[86.4881,20.15],[86.4878,20.15],[86.4875,20.1497],[86.4872,20.1497],[86.4861,20.1486],[86.4861,20.1472],[86.4858,20.1469],[86.4858,20.1467],[86.4856,20.1464],[86.4856,20.1456],[86.4844,20.1444],[86.4836,20.1444],[86.4833,20.1447],[86.4825,20.1447],[86.4824,20.1446],[86.4822,20.1444],[86.4819,20.1444],[86.4818,20.1443],[86.4817,20.1442],[86.4814,20.1442],[86.4811,20.1439],[86.4808,20.1439],[86.4806,20.1437],[86.4797,20.1436],[86.4794,20.1433],[86.4789,20.1433],[86.4786,20.1431],[86.4781,20.1431],[86.478,20.143],[86.4778,20.1428],[86.4769,20.1428],[86.4767,20.1425],[86.4761,20.1425],[86.4754,20.1419],[86.4746,20.1414],[86.4745,20.1408],[86.4748,20.1395],[86.4755,20.1384],[86.4762,20.1379],[86.4767,20.1381],[86.4767,20.1383],[86.4758,20.1392],[86.4758,20.1394],[86.4756,20.1397],[86.4756,20.1406],[86.4764,20.1414],[86.4772,20.1414],[86.4775,20.1417],[86.4781,20.1417],[86.4783,20.1419],[86.4794,20.1419],[86.4797,20.1422],[86.4817,20.1422],[86.4819,20.1425],[86.4822,20.1425],[86.4825,20.1422],[86.4833,20.1422],[86.4836,20.1419],[86.4839,20.1419],[86.4842,20.1417],[86.4842,20.1408],[86.4844,20.1406],[86.4844,20.1403],[86.4842,20.14],[86.4839,20.14],[86.4836,20.1397],[86.4833,20.1397],[86.4822,20.1386],[86.4817,20.1386],[86.4811,20.1381],[86.4806,20.1381],[86.48,20.1375],[86.48,20.1372],[86.4789,20.1361],[86.4789,20.1358],[86.4786,20.1356],[86.4786,20.1353],[86.4783,20.135],[86.4783,20.1328],[86.4789,20.1322],[86.4792,20.1322],[86.48,20.1314],[86.48,20.1297],[86.4803,20.1294],[86.4803,20.1264],[86.48,20.1261],[86.48,20.1258],[86.4789,20.1247],[86.4767,20.1247],[86.4764,20.1245],[86.4747,20.1245],[86.4744,20.1247],[86.4742,20.1247],[86.4736,20.1242],[86.4733,20.1242],[86.473,20.1238],[86.4725,20.1233],[86.4722,20.1233],[86.4719,20.1231],[86.4717,20.1231],[86.4717,20.1228],[86.4711,20.1222],[86.4711,20.1219],[86.4708,20.1219],[86.4708,20.1217],[86.47,20.1208],[86.4697,20.1208],[86.4694,20.1206],[86.4692,20.1206],[86.4689,20.1203],[86.4686,20.1203],[86.4683,20.12],[86.4681,20.12],[86.4675,20.1194],[86.4672,20.1194],[86.4669,20.1192],[86.4664,20.1192],[86.4658,20.1197],[86.4656,20.1197],[86.4653,20.1194],[86.4653,20.1189],[86.465,20.1186],[86.465,20.1178],[86.4647,20.1175],[86.4647,20.1172],[86.4633,20.1158],[86.4631,20.1158],[86.4628,20.1156],[86.4628,20.1153],[86.4622,20.1147],[86.4622,20.1144],[86.4625,20.1142],[86.4625,20.1136],[86.4628,20.1133],[86.4628,20.1119],[86.4631,20.1117],[86.4631,20.1111],[86.4628,20.1108],[86.4628,20.11],[86.4625,20.1097],[86.4625,20.1092],[86.4628,20.1089],[86.4628,20.1086],[86.4633,20.1081],[86.4647,20.1067],[86.4647,20.1064],[86.4658,20.1053],[86.4658,20.105],[86.4661,20.1047],[86.4661,20.1044],[86.4669,20.1036],[86.4672,20.1036],[86.4675,20.1033],[86.4683,20.1033],[86.4686,20.1031],[86.4692,20.1031],[86.4694,20.1028],[86.4697,20.1028],[86.47,20.1025],[86.4703,20.1025],[86.4708,20.1019],[86.4708,20.1008],[86.4706,20.1006],[86.4706,20.1003],[86.47,20.0997],[86.47,20.0994],[86.4694,20.0989],[86.4697,20.0986],[86.4697,20.0983],[86.4694,20.0981],[86.4694,20.0978],[86.4697,20.0975],[86.4714,20.0975],[86.4719,20.0981],[86.4722,20.0981],[86.4733,20.0992],[86.4725,20.0997],[86.4722,20.0994],[86.4714,20.0994],[86.4714,20.0997],[86.4717,20.1],[86.4717,20.1003],[86.4719,20.1006],[86.4719,20.1008],[86.4722,20.1011],[86.4722,20.1014],[86.4725,20.1017],[86.4725,20.1019],[86.4722,20.1022],[86.4722,20.1028],[86.4717,20.1033],[86.4714,20.1033],[86.4711,20.1036],[86.4708,20.1036],[86.4698,20.1046],[86.4697,20.1047],[86.4694,20.1044],[86.4686,20.1044],[86.4681,20.105],[86.4675,20.105],[86.4672,20.1053],[86.4672,20.1056],[86.4669,20.1058],[86.4669,20.1061],[86.4656,20.1075],[86.4656,20.1078],[86.465,20.1083],[86.465,20.1086],[86.4647,20.1089],[86.4647,20.11],[86.4653,20.1106],[86.465,20.1108],[86.465,20.1111],[86.4644,20.1117],[86.4644,20.1125],[86.4642,20.1128],[86.4642,20.1133],[86.4639,20.1136],[86.4639,20.1147],[86.465,20.1158],[86.4653,20.1158],[86.4661,20.1167],[86.4661,20.1172],[86.4669,20.1181],[86.4678,20.1181],[86.4681,20.1183],[86.4689,20.1183],[86.4692,20.1186],[86.4697,20.1186],[86.47,20.1189],[86.4703,20.1189],[86.4706,20.1192],[86.4708,20.1192],[86.4744,20.1228],[86.4756,20.1228],[86.4758,20.1225],[86.4767,20.1225],[86.4769,20.1228],[86.4781,20.1228],[86.4783,20.1231],[86.4789,20.1231],[86.4814,20.1256],[86.4814,20.1258],[86.4817,20.1261],[86.4817,20.1314],[86.4814,20.1317],[86.4814,20.1319],[86.4811,20.1322],[86.4811,20.1325],[86.4808,20.1328],[86.4808,20.1333],[86.4847,20.1372],[86.485,20.1372],[86.4852,20.1374],[86.4856,20.1378],[86.4858,20.1378],[86.4867,20.1386],[86.4867,20.1389],[86.4872,20.1394],[86.4872,20.1403],[86.4875,20.1406],[86.4878,20.1406],[86.4883,20.14],[86.4883,20.1397],[86.4889,20.1392],[86.4889,20.1383],[86.4892,20.1381],[86.4892,20.1367],[86.4894,20.1364],[86.4894,20.1356],[86.4897,20.1353],[86.4897,20.1347],[86.4894,20.1344],[86.4894,20.1339],[86.49,20.1333],[86.4903,20.1333],[86.4906,20.1336],[86.4908,20.1336],[86.4911,20.1333],[86.4911,20.1331],[86.4903,20.1322],[86.49,20.1322],[86.4889,20.1311],[86.4889,20.1308],[86.4881,20.13],[86.4881,20.1297],[86.4878,20.1294],[86.4878,20.1286],[86.4875,20.1283],[86.4875,20.1275],[86.4872,20.1272],[86.4872,20.1269],[86.4875,20.1267],[86.4875,20.1256],[86.4878,20.1253],[86.4878,20.1233],[86.4881,20.1231],[86.4878,20.1228],[86.4878,20.1222],[86.4875,20.1219],[86.4875,20.1217],[86.4883,20.1208],[86.4886,20.1208],[86.4892,20.1214],[86.4892,20.1219],[86.4894,20.1222],[86.4894,20.125],[86.4892,20.1253],[86.4892,20.1256],[86.4889,20.1258],[86.4889,20.1264],[86.4886,20.1267],[86.4886,20.1269],[86.4883,20.1272],[86.4883,20.1275],[86.4886,20.1278],[86.4889,20.1278],[86.4889,20.1281],[86.4886,20.1283],[86.4886,20.1286],[86.4889,20.1289],[86.4889,20.1292],[86.4906,20.1308],[86.4911,20.1308],[86.4917,20.1314],[86.4917,20.1317],[86.4919,20.1319],[86.4919,20.1322],[86.4922,20.1325],[86.4922,20.1333],[86.4919,20.1336],[86.4919,20.1339],[86.4917,20.1342],[86.4917,20.1344],[86.4914,20.1347],[86.4914,20.135],[86.4911,20.1353],[86.4911,20.1361],[86.4914,20.1364],[86.4914,20.1367],[86.4917,20.1369],[86.4917,20.1372],[86.4919,20.1375],[86.4919,20.1381],[86.4922,20.1383],[86.4922,20.1392],[86.4925,20.1394],[86.4922,20.1397],[86.4922,20.14],[86.4919,20.1403],[86.4919,20.1406],[86.4922,20.1408],[86.4922,20.1411],[86.4919,20.1414],[86.4919,20.1417],[86.4911,20.1425],[86.49,20.1425],[86.4897,20.1422],[86.4889,20.1431],[86.4892,20.1433],[86.4894,20.1433],[86.4897,20.1436],[86.49,20.1436],[86.4903,20.1439],[86.4919,20.1439],[86.4922,20.1442],[86.4928,20.1442],[86.495,20.1464],[86.495,20.1467],[86.4953,20.1469],[86.4953,20.1475],[86.4958,20.1481],[86.4958,20.1486],[86.4956,20.1489],[86.4956,20.1497],[86.4953,20.15],[86.4953,20.1503],[86.495,20.1506],[86.495,20.1508],[86.4947,20.1511],[86.4947,20.1522],[86.4944,20.1525],[86.4947,20.1528],[86.4947,20.1533],[86.495,20.1536],[86.495,20.1539],[86.4961,20.155],[86.4967,20.155],[86.4969,20.1553],[86.4975,20.1553],[86.4978,20.1556],[86.498,20.1556],[86.4986,20.1561],[86.4989,20.1561],[86.4992,20.1564],[86.4994,20.1564],[86.5,20.1569],[86.5003,20.1569],[86.5011,20.1578],[86.5014,20.1578],[86.5022,20.1586],[86.5022,20.1589],[86.5025,20.1592],[86.5025,20.1594],[86.5028,20.1597],[86.5028,20.1603],[86.5033,20.1608],[86.5033,20.1611],[86.5036,20.1614],[86.5036,20.1622],[86.5039,20.1625],[86.5039,20.1631],[86.5033,20.1636],[86.5039,20.1642],[86.5039,20.1644],[86.5055,20.1661],[86.5056,20.1664],[86.5075,20.1683],[86.5078,20.1683],[86.5086,20.1692],[86.5089,20.1692],[86.5094,20.1697],[86.51,20.1697],[86.5103,20.17],[86.5106,20.17],[86.5108,20.1703],[86.5111,20.1703],[86.513,20.1722],[86.513,20.1725],[86.5142,20.1736],[86.5142,20.1739],[86.5144,20.1742],[86.5153,20.1742],[86.5156,20.1744],[86.5161,20.1744],[86.5164,20.1747],[86.5167,20.1747],[86.5169,20.1749],[86.5178,20.1758],[86.5181,20.1758],[86.5183,20.1761],[86.5186,20.1761],[86.5189,20.1764],[86.5192,20.1764],[86.5194,20.1766],[86.5194,20.1767],[86.5197,20.1767],[86.52,20.1769],[86.5203,20.1769],[86.5208,20.1775],[86.5211,20.1775],[86.5214,20.1778],[86.5222,20.1778],[86.5228,20.1783],[86.5231,20.1783],[86.5236,20.1789],[86.5239,20.1789],[86.5242,20.1792],[86.5242,20.1794],[86.5244,20.1797],[86.5244,20.18],[86.5253,20.1808],[86.5256,20.1808],[86.5269,20.1822],[86.5269,20.1825],[86.5275,20.1831],[86.5275,20.1833],[86.5278,20.1836],[86.5278,20.1839],[86.5286,20.1847],[86.5286,20.185],[86.5289,20.1853],[86.5289,20.1856],[86.5292,20.1858],[86.5303,20.1858],[86.5306,20.1861],[86.5308,20.1861],[86.5311,20.1864],[86.5317,20.1864],[86.5322,20.187],[86.5325,20.1869],[86.5328,20.1872],[86.5331,20.1872],[86.5333,20.1875],[86.5336,20.1875],[86.5342,20.1881],[86.5347,20.1881],[86.535,20.1883],[86.535,20.1886],[86.5356,20.1886],[86.5361,20.1881],[86.5367,20.1881],[86.5368,20.1882],[86.5369,20.1883],[86.5372,20.1881],[86.5379,20.1886],[86.5388,20.1894],[86.539,20.1897],[86.5393,20.1904],[86.5408,20.1917],[86.5406,20.1922],[86.5396,20.1923],[86.5392,20.1931],[86.5394,20.1936],[86.5396,20.1937],[86.5397,20.1938],[86.5399,20.1938],[86.54,20.1939],[86.5406,20.1939],[86.5408,20.1936],[86.5416,20.1933],[86.5417,20.1933],[86.542,20.1931],[86.5425,20.1933],[86.5428,20.1933],[86.5431,20.1936],[86.5436,20.1936],[86.5439,20.1933],[86.5442,20.1936],[86.5444,20.1936],[86.5447,20.1939],[86.545,20.1939],[86.5453,20.1936],[86.5469,20.1936],[86.5472,20.1939],[86.5478,20.1939],[86.5481,20.1942],[86.5483,20.1942],[86.5486,20.1944],[86.5492,20.1944],[86.5494,20.1947],[86.55,20.1947],[86.5511,20.1958],[86.5514,20.1958],[86.553,20.1975],[86.5531,20.1978],[86.5536,20.1983],[86.5536,20.1986],[86.5547,20.1997],[86.555,20.1997],[86.5553,20.2],[86.5556,20.2],[86.5572,20.2017],[86.5578,20.2017],[86.5589,20.2006],[86.5589,20.2003],[86.5581,20.1994],[86.5578,20.1994],[86.5575,20.1992],[86.5572,20.1992],[86.5544,20.1964],[86.5542,20.1964],[86.5536,20.1958],[86.5533,20.1958],[86.5528,20.1953],[86.5525,20.1953],[86.5511,20.1939],[86.5508,20.1939],[86.5503,20.1933],[86.55,20.1933],[86.5499,20.1932],[86.5497,20.1931],[86.5492,20.1931],[86.5489,20.1928],[86.5486,20.1928],[86.5478,20.1919],[86.5475,20.1919],[86.5461,20.1906],[86.5458,20.1906],[86.5447,20.1894],[86.5439,20.1894],[86.5422,20.1878],[86.5411,20.1878],[86.5406,20.1872],[86.5403,20.1872],[86.5394,20.1864],[86.5392,20.1864],[86.5386,20.1858],[86.5383,20.1858],[86.5369,20.1844],[86.5367,20.1844],[86.5344,20.1822],[86.5342,20.1822],[86.5339,20.1819],[86.5336,20.1819],[86.5314,20.1797],[86.5311,20.1797],[86.5272,20.1758],[86.5269,20.1758],[86.5264,20.1753],[86.5261,20.1753],[86.5256,20.1747],[86.5256,20.1744],[86.5225,20.1714],[86.5225,20.1711],[86.5206,20.1692],[86.5205,20.1689],[86.52,20.1683],[86.52,20.1681],[86.5192,20.1672],[86.5192,20.1669],[86.5183,20.1661],[86.5183,20.1658],[86.5181,20.1656],[86.5181,20.1653],[86.5178,20.165],[86.5178,20.1647],[86.5167,20.1636],[86.5167,20.1633],[86.5156,20.1622],[86.5156,20.1619],[86.5153,20.1617],[86.5153,20.1614],[86.515,20.1611],[86.515,20.1608],[86.5144,20.1603],[86.5144,20.16],[86.5139,20.1594],[86.5139,20.1589],[86.5136,20.1586],[86.5136,20.1583],[86.5125,20.1572],[86.5125,20.1567],[86.5122,20.1564],[86.5122,20.1561],[86.5114,20.1553],[86.5114,20.155],[86.5111,20.1547],[86.5111,20.1544],[86.5092,20.1525],[86.5092,20.152],[86.5089,20.1517],[86.5089,20.1514],[86.5086,20.1511],[86.5086,20.1506],[86.5083,20.1503],[86.5083,20.1497],[86.5081,20.1494],[86.5081,20.1492],[86.5078,20.1489],[86.5078,20.1486],[86.5072,20.1481],[86.5072,20.1478],[86.5067,20.1472],[86.5067,20.1469],[86.5064,20.1467],[86.5064,20.1461],[86.5061,20.1458],[86.5061,20.1456],[86.5058,20.1453],[86.5058,20.145],[86.5055,20.1447],[86.5056,20.1442],[86.5047,20.1433],[86.5044,20.1433],[86.5042,20.1431],[86.5039,20.1431],[86.5036,20.1428],[86.5036,20.1422],[86.5042,20.1417],[86.5036,20.1411],[86.5025,20.1411],[86.5023,20.1409],[86.5008,20.1394],[86.5006,20.1394],[86.5005,20.1394],[86.5003,20.1392],[86.5,20.1392],[86.4999,20.1391],[86.4997,20.1389],[86.4997,20.1386],[86.5006,20.1378],[86.4997,20.1369],[86.4997,20.1364],[86.4994,20.1361],[86.4994,20.1358],[86.4978,20.1342],[86.4978,20.1339],[86.4975,20.1336],[86.4975,20.1331],[86.4972,20.1328],[86.4972,20.1325],[86.4969,20.1322],[86.4969,20.1314],[86.4967,20.1311],[86.4967,20.1297],[86.4964,20.1294],[86.4964,20.1292],[86.4967,20.1289],[86.4967,20.1286],[86.4964,20.1283],[86.4961,20.1283],[86.4958,20.1281],[86.4958,20.1278],[86.4953,20.1272],[86.4953,20.1264],[86.4947,20.1258],[86.4947,20.1256],[86.4942,20.125],[86.4942,20.1247],[86.4939,20.1245],[86.4939,20.1236],[86.4928,20.1225],[86.4925,20.1225],[86.4922,20.1222],[86.4919,20.1222],[86.4908,20.1211],[86.4908,20.1208],[86.4906,20.1206],[86.4903,20.1203],[86.4903,20.12],[86.49,20.1197],[86.4897,20.1197],[86.4894,20.1194],[86.4892,20.1194],[86.4883,20.1186],[86.4878,20.1186],[86.4878,20.1178],[86.4872,20.1172],[86.4869,20.1172],[86.4868,20.117],[86.4864,20.1167],[86.4864,20.1164],[86.4867,20.1161],[86.4867,20.1158],[86.4864,20.1156],[86.486,20.1152],[86.4857,20.1147],[86.4853,20.1142],[86.485,20.1139],[86.4833,20.1156],[86.4833,20.1161],[86.4839,20.1167],[86.4839,20.1172],[86.4842,20.1175],[86.4842,20.1178],[86.4847,20.1183],[86.4842,20.1189],[86.4839,20.1189],[86.4833,20.1183],[86.4833,20.1181],[86.4828,20.1175],[86.4828,20.1172],[86.4825,20.1169],[86.4825,20.1167],[86.4811,20.1153],[86.4811,20.115],[86.4808,20.1147],[86.4808,20.1142],[86.4811,20.1139],[86.4811,20.1136],[86.4822,20.1125],[86.4831,20.1125],[86.4833,20.1122],[86.4833,20.1119],[86.4836,20.1117],[86.4836,20.1111],[86.4839,20.1108],[86.4839,20.1103],[86.4833,20.1097],[86.4828,20.1103],[86.4825,20.1103],[86.4814,20.1092],[86.4814,20.1089],[86.4797,20.1072],[86.4794,20.1072],[86.4792,20.1075],[86.4789,20.1075],[86.4789,20.1078],[86.4792,20.1081],[86.4792,20.1083],[86.4794,20.1086],[86.4794,20.1089],[86.4797,20.1092],[86.4797,20.1094],[86.48,20.1097],[86.48,20.11],[86.4803,20.1103],[86.4806,20.1103],[86.4808,20.1106],[86.4814,20.1106],[86.4819,20.1111],[86.4814,20.1117],[86.4808,20.1122],[86.4806,20.1122],[86.48,20.1117],[86.4797,20.1117],[86.4792,20.1111],[86.4786,20.1111],[86.4783,20.1108],[86.4778,20.1108],[86.4772,20.1103],[86.4772,20.11],[86.4769,20.1097],[86.4769,20.1094],[86.4767,20.1092],[86.4767,20.1075],[86.4764,20.1072],[86.4764,20.1064],[86.4761,20.1061],[86.4761,20.1058],[86.4758,20.1056],[86.4758,20.1053],[86.4753,20.1047],[86.4753,20.1044],[86.475,20.1042],[86.475,20.1039],[86.4756,20.1033],[86.4758,20.1033],[86.4761,20.1031],[86.4764,20.1031],[86.4767,20.1028],[86.4767,20.1022],[86.4764,20.1019],[86.4764,20.1017],[86.4761,20.1014],[86.4761,20.1011],[86.4758,20.1008],[86.4758,20.1006],[86.4747,20.0994],[86.4717,20.0964],[86.4714,20.0964],[86.4714,20.0961],[86.4711,20.0958],[86.4711,20.0956],[86.4706,20.095],[86.4703,20.095],[86.4703,20.0947],[86.4625,20.0869],[86.4625,20.0867],[86.4614,20.0856],[86.4608,20.0856],[86.46,20.0847],[86.4597,20.0847],[86.4592,20.0842],[86.4586,20.0842],[86.4578,20.0833],[86.4578,20.0831],[86.4575,20.0828],[86.4575,20.0825],[86.4569,20.0819],[86.4569,20.0811],[86.455,20.0792],[86.4547,20.0792],[86.4544,20.0789],[86.4542,20.0789],[86.4539,20.0786],[86.4539,20.0781],[86.4533,20.0775],[86.4522,20.0775],[86.4517,20.0769],[86.4512,20.0767],[86.4507,20.0764],[86.4502,20.0761],[86.4497,20.0756],[86.4494,20.075],[86.4491,20.0743],[86.4486,20.0739],[86.4482,20.0735],[86.4478,20.0733],[86.4475,20.073],[86.4473,20.0727],[86.447,20.0724],[86.4467,20.0722],[86.4464,20.0718],[86.4461,20.0714],[86.4456,20.0711],[86.4444,20.0706],[86.4437,20.0699],[86.4429,20.0687],[86.4425,20.0684],[86.4421,20.0681],[86.4416,20.0677],[86.4412,20.0674],[86.4408,20.0669],[86.4404,20.0665],[86.4399,20.0661],[86.4394,20.0657],[86.439,20.0651],[86.4387,20.0644],[86.4385,20.0639],[86.4382,20.0634],[86.4379,20.063],[86.4375,20.0626],[86.4373,20.062],[86.4371,20.0614],[86.4368,20.061],[86.4364,20.0607],[86.436,20.0605],[86.4356,20.0603],[86.4351,20.0602],[86.4347,20.06],[86.4341,20.0599],[86.4334,20.0598],[86.4327,20.0599],[86.4322,20.0598],[86.4318,20.0596],[86.4313,20.0592],[86.4308,20.0588],[86.4303,20.0583],[86.43,20.0577],[86.4297,20.0571],[86.4295,20.0566],[86.4295,20.056],[86.4294,20.0555],[86.4294,20.0551],[86.4294,20.0547],[86.4292,20.0544],[86.4283,20.0536],[86.4281,20.0536],[86.4269,20.0547],[86.4269,20.055],[86.4258,20.0561],[86.4256,20.0561],[86.4247,20.0569],[86.4244,20.0569],[86.4242,20.0572],[86.4239,20.0572],[86.4236,20.0575],[86.4219,20.0575],[86.4217,20.0578],[86.4197,20.0578],[86.4194,20.0575],[86.4189,20.0575],[86.4186,20.0572],[86.4181,20.0572],[86.4178,20.0569],[86.4172,20.0569],[86.4171,20.0568],[86.4169,20.0567],[86.4164,20.0567],[86.4161,20.0564],[86.415,20.0564],[86.4147,20.0561],[86.4139,20.0561],[86.4136,20.0558],[86.4118,20.0555],[86.4118,20.0551],[86.4131,20.055],[86.4161,20.055],[86.4164,20.0553],[86.4172,20.0553],[86.4173,20.0554],[86.4175,20.0556],[86.4192,20.0556],[86.4194,20.0558],[86.4203,20.0558],[86.4206,20.0561],[86.4217,20.0561],[86.4219,20.0564],[86.4225,20.0564],[86.4228,20.0561],[86.4239,20.0561],[86.4256,20.0545],[86.4256,20.0533],[86.4258,20.0531],[86.4261,20.0531],[86.4264,20.0528],[86.4264,20.0525],[86.4272,20.0517],[86.4269,20.0514],[86.4269,20.0503],[86.4272,20.05],[86.4272,20.0497],[86.4269,20.0494],[86.4269,20.0489],[86.4264,20.0483],[86.4264,20.0475],[86.4261,20.0472],[86.4256,20.0472],[86.4253,20.0475],[86.4253,20.0478],[86.425,20.0481],[86.425,20.0483],[86.4239,20.0495],[86.4236,20.0495],[86.4236,20.0492],[86.4217,20.0472],[86.4214,20.0472],[86.4211,20.0469],[86.4206,20.0469],[86.4197,20.0478],[86.4197,20.0481],[86.4194,20.0483],[86.4194,20.0486],[86.4192,20.0489],[86.419,20.0487],[86.4186,20.0483],[86.4186,20.0461],[86.4183,20.0458],[86.4183,20.0456],[86.4181,20.0453],[86.4172,20.0449],[86.4166,20.0445],[86.4157,20.0435],[86.4154,20.0422],[86.4151,20.0419],[86.4149,20.0415],[86.4147,20.0411],[86.4144,20.0408],[86.4144,20.0406],[86.4147,20.0403],[86.4147,20.0383],[86.4144,20.0381],[86.4144,20.0372],[86.4147,20.0369],[86.4147,20.0367],[86.415,20.0364],[86.4153,20.0364],[86.4161,20.0355],[86.4161,20.035],[86.4164,20.0347],[86.4164,20.0342],[86.4161,20.0339],[86.4161,20.0331],[86.4158,20.0328],[86.4158,20.0322],[86.4156,20.0319],[86.4158,20.0317],[86.4158,20.0311],[86.415,20.0303],[86.4136,20.0317],[86.4136,20.0319],[86.4133,20.0322],[86.4133,20.0339],[86.4136,20.0342],[86.4136,20.0344],[86.4131,20.035],[86.4131,20.0356],[86.4128,20.0358],[86.4128,20.0361],[86.4125,20.0364],[86.4125,20.0367],[86.4122,20.037],[86.4117,20.0364],[86.4117,20.0355],[86.4116,20.0349],[86.4115,20.0344],[86.4116,20.0338],[86.4116,20.0333],[86.4114,20.0328],[86.4113,20.0322],[86.4111,20.0317],[86.411,20.0312],[86.4109,20.0307],[86.4108,20.0302],[86.4107,20.0298],[86.4107,20.0294],[86.4108,20.0289],[86.4108,20.0284],[86.4107,20.0278],[86.4106,20.0272],[86.4105,20.0264],[86.4105,20.0257],[86.4102,20.0251],[86.4098,20.0247],[86.4095,20.0244],[86.4092,20.024],[86.409,20.0236],[86.4089,20.0232],[86.4087,20.0228],[86.4086,20.0224],[86.4084,20.022],[86.4083,20.0216],[86.4081,20.0212],[86.4078,20.0207],[86.4075,20.0203],[86.4075,20.02],[86.4072,20.0197],[86.4072,20.0186],[86.4078,20.0181],[86.4078,20.0175],[86.4081,20.0172],[86.4081,20.0169],[86.4083,20.0167],[86.4086,20.0167],[86.4092,20.0161],[86.4097,20.0161],[86.4103,20.0156],[86.4103,20.0153],[86.4109,20.0147],[86.4108,20.0144],[86.4114,20.0139],[86.4111,20.0136],[86.4111,20.0131],[86.4114,20.0128],[86.4119,20.0128],[86.4122,20.0131],[86.4125,20.0128],[86.4125,20.0125],[86.4128,20.0122],[86.4128,20.0108],[86.4125,20.0106],[86.4125,20.01],[86.4122,20.0097],[86.4122,20.0092],[86.4119,20.0086],[86.4119,20.0081],[86.4117,20.0078],[86.4117,20.0075],[86.4119,20.0072],[86.4119,20.0069],[86.4117,20.0067],[86.4119,20.0064],[86.4119,20.0056],[86.4117,20.0053],[86.4117,20.0036],[86.4114,20.0033],[86.4114,20.0022],[86.4111,20.0019],[86.4111,20],[86.41,19.9995],[86.4083,19.9978],[86.4083,19.9975],[86.4081,19.9972],[86.4081,19.9958],[86.4075,19.9953],[86.4072,19.9953],[86.4064,19.9944],[86.4061,19.9944],[86.4058,19.9942],[86.4056,19.9942],[86.4054,19.994],[86.4053,19.9939],[86.405,19.9939],[86.4044,19.9933],[86.4042,19.9933],[86.4036,19.9928],[86.4033,19.9928],[86.4011,19.9906],[86.4008,19.9906],[86.3992,19.9889],[86.3992,19.9886],[86.3975,19.9869],[86.3975,19.9867],[86.3972,19.9867],[86.3969,19.9864],[86.3967,19.9864],[86.396,19.9857],[86.3947,19.9844],[86.3944,19.9842],[86.3942,19.9842],[86.394,19.984],[86.3939,19.9839],[86.3936,19.9839],[86.3931,19.9833],[86.3931,19.9828],[86.3922,19.982],[86.3917,19.982],[86.3917,19.9817],[86.3906,19.9806],[86.3906,19.9803],[86.39,19.9797],[86.39,19.9789],[86.3897,19.9786],[86.3897,19.9783],[86.3892,19.9778],[86.3892,19.9775],[86.3889,19.9772],[86.3886,19.9772],[86.3883,19.9769],[86.3881,19.9769],[86.3875,19.9764],[86.3872,19.9764],[86.3869,19.9761],[86.3864,19.9761],[86.3836,19.9761],[86.3833,19.9764],[86.3822,19.9764],[86.3819,19.9767],[86.3814,19.9767],[86.3808,19.9772],[86.3805,19.9772],[86.3803,19.9775],[86.3797,19.9775],[86.3792,19.9781],[86.3789,19.9781],[86.3783,19.9786],[86.3781,19.9786],[86.3778,19.9789],[86.3778,19.9794],[86.3781,19.9797],[86.3781,19.98],[86.3783,19.9803],[86.3783,19.9808],[86.3786,19.9811],[86.3786,19.9814],[86.3789,19.9817],[86.3789,19.9822],[86.3792,19.9825],[86.3792,19.9828],[86.3797,19.9833],[86.3797,19.9836],[86.3808,19.9847],[86.3808,19.9861],[86.3811,19.9864],[86.3808,19.9867],[86.3808,19.9875],[86.3805,19.9878],[86.3806,19.9892],[86.3808,19.9894],[86.3808,19.99],[86.3814,19.9906],[86.3817,19.9906],[86.3828,19.9908],[86.3833,19.9908],[86.3836,19.9911],[86.3838,19.9912],[86.385,19.9914],[86.3858,19.9914],[86.3861,19.9917],[86.3864,19.9917],[86.3867,19.9919],[86.3869,19.9919],[86.3872,19.9922],[86.3872,19.9925],[86.3869,19.9928],[86.3858,19.9925],[86.3842,19.9923],[86.3828,19.9925],[86.3825,19.9931],[86.3824,19.9953],[86.3822,19.9956],[86.3817,19.9956],[86.3814,19.9953],[86.3814,19.995],[86.3811,19.9947],[86.3811,19.9933],[86.3806,19.9928],[86.3805,19.9925],[86.3798,19.9918],[86.379,19.9912],[86.3785,19.9905],[86.3784,19.9889],[86.3785,19.9881],[86.3789,19.9869],[86.3789,19.985],[86.3783,19.9844],[86.3781,19.9844],[86.3778,19.9842],[86.3778,19.9839],[86.3775,19.9836],[86.3775,19.9833],[86.3767,19.9825],[86.3767,19.9822],[86.3761,19.9817],[86.3761,19.9814],[86.3753,19.9806],[86.375,19.9806],[86.3747,19.9803],[86.3742,19.9803],[86.3738,19.98],[86.3725,19.98],[86.3722,19.9797],[86.3717,19.9797],[86.3714,19.98],[86.3703,19.98],[86.37,19.9803],[86.3692,19.9803],[86.3692,19.98],[86.3689,19.9797],[86.3686,19.9797],[86.3683,19.9794],[86.3678,19.9794],[86.3675,19.9797],[86.3672,19.9797],[86.3669,19.98],[86.3636,19.98],[86.3633,19.9803],[86.3622,19.9803],[86.3619,19.9806],[86.3617,19.9803],[86.3606,19.9803],[86.3603,19.98],[86.3597,19.98],[86.3595,19.9803],[86.3589,19.9803],[86.3586,19.9806],[86.3583,19.9806],[86.3581,19.9808],[86.3553,19.9808],[86.355,19.9806],[86.3544,19.9811],[86.3536,19.9811],[86.3533,19.9814],[86.3526,19.9814],[86.3522,19.9814],[86.3519,19.9817],[86.3517,19.9817],[86.3514,19.982],[86.3511,19.9819],[86.3506,19.9825],[86.3506,19.9828],[86.35,19.9833],[86.35,19.9836],[86.35,19.9844],[86.3497,19.9847],[86.3497,19.985],[86.35,19.9853],[86.35,19.9861],[86.3503,19.9864],[86.3503,19.9867],[86.3501,19.9868],[86.3497,19.9872],[86.3494,19.9869],[86.3492,19.9867],[86.3492,19.9864],[86.3489,19.9861],[86.3489,19.9858],[86.3483,19.9853],[86.3483,19.9847],[86.3486,19.9844],[86.3486,19.9839],[86.3489,19.9836],[86.3489,19.9828],[86.3494,19.9822],[86.3494,19.9817],[86.3492,19.9814],[86.3486,19.982],[86.3481,19.9819],[86.3478,19.9822],[86.3475,19.9822],[86.3472,19.9825],[86.3472,19.9828],[86.3458,19.9842],[86.3456,19.9842],[86.345,19.9847],[86.3447,19.9847],[86.3446,19.9849],[86.3433,19.9861],[86.3431,19.9861],[86.3428,19.9864],[86.3422,19.9864],[86.3413,19.9875],[86.3403,19.9889],[86.34,19.9892],[86.34,19.9894],[86.3397,19.9897],[86.3397,19.99],[86.3394,19.9903],[86.3394,19.9911],[86.3395,19.9931],[86.3396,19.9947],[86.34,19.9957],[86.3402,19.9968],[86.3401,19.9976],[86.3399,19.9983],[86.3392,20],[86.3389,20.0004],[86.3388,20.0007],[86.3387,20.0011],[86.3386,20.0014],[86.3386,20.0018],[86.3386,20.0022],[86.3386,20.0025],[86.3384,20.0028],[86.3383,20.0032],[86.3381,20.0035],[86.3377,20.0049],[86.3373,20.0061],[86.3369,20.0078],[86.3366,20.009],[86.3362,20.0107],[86.3353,20.0125],[86.335,20.0128],[86.335,20.0131],[86.3344,20.0136],[86.3344,20.0144],[86.3339,20.015],[86.3339,20.0153],[86.3336,20.0156],[86.3336,20.0158],[86.3328,20.0167],[86.3324,20.017],[86.3321,20.0174],[86.3317,20.0177],[86.3313,20.018],[86.3309,20.0183],[86.3305,20.0186],[86.3301,20.0188],[86.3298,20.0192],[86.3296,20.0196],[86.3293,20.02],[86.329,20.0204],[86.3289,20.021],[86.3287,20.0216],[86.3285,20.0221],[86.3283,20.0226],[86.3283,20.0231],[86.3283,20.0237],[86.3283,20.0242],[86.3286,20.0244],[86.3286,20.025],[86.3289,20.0253],[86.3289,20.0258],[86.3286,20.0261],[86.3286,20.027],[86.3285,20.0282],[86.3282,20.0295],[86.3274,20.0307],[86.3264,20.0318],[86.3258,20.0328],[86.3248,20.0337],[86.3242,20.0344],[86.3229,20.0347],[86.3224,20.035],[86.322,20.0352],[86.3215,20.0354],[86.3211,20.0357],[86.3208,20.036],[86.3203,20.0364],[86.3199,20.0367],[86.3194,20.0369],[86.319,20.0372],[86.3186,20.0374],[86.3184,20.0377],[86.3181,20.038],[86.3179,20.0383],[86.3176,20.0386],[86.3173,20.0389],[86.317,20.0392],[86.3167,20.0396],[86.3164,20.0399],[86.316,20.0402],[86.3156,20.0403],[86.3152,20.0405],[86.3148,20.0406],[86.3144,20.0408],[86.3139,20.0409],[86.3134,20.0411],[86.3129,20.0412],[86.3124,20.0414],[86.3118,20.0415],[86.3114,20.0417],[86.311,20.042],[86.3106,20.0422],[86.3102,20.0425],[86.3098,20.0427],[86.3094,20.0428],[86.309,20.0429],[86.3086,20.0431],[86.3082,20.0433],[86.3078,20.0435],[86.3075,20.0437],[86.3072,20.0439],[86.3068,20.0441],[86.3064,20.0442],[86.306,20.0444],[86.3055,20.0445],[86.305,20.0447],[86.3045,20.0449],[86.304,20.0451],[86.3036,20.0454],[86.3031,20.0456],[86.3027,20.0459],[86.3022,20.0461],[86.3018,20.0464],[86.3015,20.0467],[86.3011,20.047],[86.3008,20.0474],[86.3005,20.0478],[86.3003,20.0482],[86.3,20.0486],[86.2999,20.0491],[86.2996,20.0495],[86.2993,20.0498],[86.2991,20.05],[86.2988,20.0502],[86.2986,20.0506],[86.2969,20.0522],[86.2967,20.0522],[86.2961,20.0528],[86.2956,20.0531],[86.2953,20.0533],[86.2948,20.0534],[86.2945,20.0536],[86.2941,20.0539],[86.2937,20.0543],[86.2934,20.0549],[86.2931,20.0554],[86.2927,20.0559],[86.2924,20.0564],[86.2921,20.0568],[86.2919,20.0571],[86.2916,20.0574],[86.2915,20.0577],[86.2914,20.058],[86.2914,20.0583],[86.2913,20.0586],[86.2912,20.0589],[86.2911,20.0593],[86.2911,20.0597],[86.291,20.0601],[86.2909,20.0604],[86.2907,20.0607],[86.2905,20.061],[86.2901,20.0611],[86.2899,20.0608],[86.2898,20.0603],[86.2898,20.0599],[86.2899,20.0595],[86.2899,20.0592],[86.2898,20.059],[86.2897,20.0587],[86.2895,20.0586],[86.2892,20.0586],[86.2888,20.0585],[86.2883,20.0585],[86.2875,20.0586],[86.2875,20.0575],[86.2878,20.0572],[86.2894,20.0572],[86.2919,20.0547],[86.2919,20.0542],[86.2922,20.0539],[86.2917,20.0533],[86.2914,20.0533],[86.2908,20.0528],[86.2911,20.0525],[86.2906,20.0519],[86.2903,20.0519],[86.29,20.0517],[86.29,20.0514],[86.2897,20.0511],[86.2892,20.0511],[86.2886,20.0506],[86.2883,20.0506],[86.2881,20.0503],[86.2878,20.0503],[86.2877,20.0502],[86.2872,20.0497],[86.2861,20.0497],[86.2858,20.05],[86.2853,20.05],[86.285,20.0503],[86.2842,20.0503],[86.2833,20.0511],[86.2833,20.0517],[86.2839,20.0522],[86.2839,20.0525],[86.2831,20.0533],[86.2822,20.0533],[86.2817,20.0539],[86.2814,20.0539],[86.2811,20.0542],[86.2808,20.0542],[86.2806,20.0539],[86.2789,20.0556],[86.2786,20.0555],[86.2767,20.0575],[86.2767,20.0578],[86.2763,20.0593],[86.2758,20.0601],[86.2745,20.0616],[86.2738,20.0618],[86.2719,20.062],[86.2708,20.0619],[86.2706,20.0622],[86.27,20.0622],[86.2697,20.0625],[86.2694,20.0625],[86.2692,20.0628],[86.2681,20.0628],[86.2678,20.0625],[86.2672,20.0625],[86.2669,20.0628],[86.2661,20.0628],[86.2658,20.0625],[86.2644,20.0625],[86.2642,20.0622],[86.2636,20.0622],[86.2633,20.0619],[86.2625,20.062],[86.2622,20.0617],[86.2619,20.0617],[86.2617,20.0614],[86.2614,20.0614],[86.2611,20.0611],[86.2608,20.0611],[86.2604,20.061],[86.2601,20.0606],[86.2596,20.0603],[86.2591,20.06],[86.2585,20.0597],[86.258,20.0594],[86.2575,20.0592],[86.257,20.0589],[86.2565,20.0588],[86.256,20.0586],[86.2556,20.0584],[86.2553,20.0581],[86.255,20.0578],[86.2547,20.0576],[86.2544,20.0574],[86.254,20.0572],[86.2536,20.057],[86.2531,20.0568],[86.2526,20.0567],[86.2521,20.0565],[86.2516,20.0563],[86.2512,20.0561],[86.2508,20.0559],[86.2505,20.0557],[86.2502,20.0555],[86.2499,20.0553],[86.2496,20.055],[86.2493,20.0547],[86.249,20.0544],[86.2487,20.054],[86.2483,20.0536],[86.2479,20.0532],[86.2475,20.0526],[86.2473,20.0521],[86.2472,20.0515],[86.247,20.051],[86.2469,20.0505],[86.2468,20.0499],[86.2469,20.0493],[86.2469,20.0487],[86.2467,20.0482],[86.2467,20.0477],[86.2467,20.0473],[86.2468,20.0468],[86.2467,20.0464],[86.2467,20.0459],[86.2467,20.0454],[86.2466,20.045],[86.2465,20.0446],[86.2464,20.0441],[86.2463,20.0436],[86.2462,20.0432],[86.2461,20.0428],[86.246,20.0425],[86.2459,20.0423],[86.2458,20.042],[86.2458,20.0417],[86.2457,20.0415],[86.2456,20.0414],[86.2456,20.0408],[86.245,20.0403],[86.2447,20.0403],[86.2444,20.04],[86.2439,20.04],[86.2433,20.0394],[86.2431,20.0394],[86.2428,20.0392],[86.2425,20.0392],[86.2419,20.0386],[86.2408,20.0386],[86.2405,20.0383],[86.2403,20.0383],[86.2392,20.0372],[86.2392,20.0369],[86.2397,20.0364],[86.2403,20.0364],[86.2411,20.0355],[86.2414,20.0356],[86.2419,20.035],[86.2425,20.035],[86.2428,20.0347],[86.2433,20.0347],[86.2433,20.0344],[86.2436,20.0342],[86.2436,20.0336],[86.2431,20.0331],[86.2431,20.0328],[86.2425,20.0322],[86.2425,20.0319],[86.2422,20.0317],[86.2422,20.0314],[86.2419,20.0311],[86.2419,20.0308],[86.2406,20.0294],[86.24,20.03],[86.2394,20.03],[86.2392,20.0297],[86.2389,20.0297],[86.2386,20.0294],[86.2383,20.0294],[86.2381,20.0292],[86.2378,20.0292],[86.2375,20.0289],[86.2369,20.0289],[86.2367,20.0286],[86.2367,20.027],[86.2397,20.027],[86.24,20.0267],[86.2419,20.0267],[86.2422,20.0264],[86.2425,20.0264],[86.2429,20.0263],[86.2432,20.0261],[86.2435,20.0258],[86.2438,20.0256],[86.2441,20.0253],[86.2445,20.025],[86.2449,20.0247],[86.2452,20.0243],[86.2455,20.0239],[86.2458,20.0235],[86.2461,20.0232],[86.2466,20.0229],[86.247,20.0225],[86.2474,20.0222],[86.2478,20.0218],[86.2482,20.0214],[86.2486,20.0212],[86.2491,20.0211],[86.2495,20.0213],[86.25,20.0213],[86.2506,20.0212],[86.2512,20.0211],[86.2518,20.0209],[86.2523,20.0206],[86.2528,20.0203],[86.2533,20.0201],[86.2537,20.0199],[86.254,20.0196],[86.2542,20.0193],[86.2546,20.0189],[86.255,20.0186],[86.2554,20.0184],[86.256,20.0183],[86.2565,20.0183],[86.2569,20.0183],[86.2573,20.0183],[86.2577,20.0183],[86.2581,20.0182],[86.2585,20.0181],[86.259,20.0183],[86.2594,20.0183],[86.2599,20.0181],[86.2605,20.0181],[86.2611,20.0181],[86.2616,20.0181],[86.2621,20.0181],[86.2625,20.018],[86.2629,20.0178],[86.2632,20.0178],[86.2634,20.0178],[86.2636,20.0175],[86.2642,20.0175],[86.2644,20.0172],[86.2647,20.0172],[86.265,20.0169],[86.2656,20.0169],[86.2658,20.0172],[86.2667,20.0172],[86.2669,20.0175],[86.2672,20.0175],[86.2675,20.0178],[86.2689,20.0178],[86.2692,20.0175],[86.27,20.0175],[86.2703,20.0178],[86.2722,20.0178],[86.2726,20.0178],[86.273,20.0178],[86.2735,20.0178],[86.2739,20.0177],[86.2744,20.0175],[86.2747,20.0175],[86.2751,20.0177],[86.2754,20.0178],[86.2758,20.0178],[86.2762,20.018],[86.2766,20.0181],[86.2771,20.0181],[86.2775,20.0182],[86.2779,20.0183],[86.2783,20.0185],[86.2786,20.0187],[86.2789,20.0189],[86.2793,20.019],[86.2797,20.0192],[86.2801,20.0194],[86.2805,20.0196],[86.2809,20.0199],[86.2813,20.0201],[86.2817,20.0204],[86.2822,20.0206],[86.2827,20.0209],[86.283,20.0213],[86.2833,20.0216],[86.2836,20.0219],[86.2839,20.0222],[86.2841,20.0224],[86.2844,20.0226],[86.2845,20.0229],[86.2847,20.0232],[86.2849,20.0235],[86.2853,20.0239],[86.2858,20.0242],[86.2864,20.0243],[86.2869,20.0242],[86.2873,20.0242],[86.2877,20.0243],[86.2882,20.0246],[86.2887,20.0246],[86.2892,20.0245],[86.2897,20.0245],[86.2901,20.0247],[86.2905,20.0247],[86.2909,20.0247],[86.2913,20.0248],[86.2917,20.025],[86.2921,20.025],[86.2923,20.025],[86.2925,20.025],[86.293,20.0251],[86.2934,20.025],[86.2939,20.0248],[86.2944,20.0246],[86.2949,20.0244],[86.2953,20.0241],[86.2954,20.0233],[86.2957,20.0229],[86.2958,20.0227],[86.2961,20.0222],[86.2964,20.0217],[86.2967,20.0214],[86.2969,20.021],[86.2969,20.0205],[86.297,20.0201],[86.2972,20.0197],[86.2974,20.0193],[86.2977,20.0188],[86.298,20.0181],[86.2984,20.0175],[86.2988,20.017],[86.2994,20.0167],[86.2999,20.0164],[86.3004,20.0161],[86.3007,20.0157],[86.301,20.0153],[86.3014,20.0151],[86.3018,20.0149],[86.3022,20.0147],[86.3026,20.0145],[86.303,20.0145],[86.3034,20.0144],[86.304,20.0144],[86.3045,20.0142],[86.3052,20.0142],[86.3054,20.0139],[86.3056,20.0136],[86.3059,20.0133],[86.3061,20.0129],[86.3064,20.0125],[86.3066,20.0121],[86.3067,20.0117],[86.3069,20.0114],[86.3069,20.0108],[86.3072,20.0106],[86.3072,20.0103],[86.3083,20.0092],[86.3083,20.0089],[86.3089,20.0083],[86.3089,20.0081],[86.3092,20.0078],[86.3092,20.0075],[86.3094,20.0072],[86.3106,20.0061],[86.3105,20.006],[86.3108,20.0057],[86.311,20.0054],[86.3111,20.005],[86.3114,20.0047],[86.3118,20.0044],[86.312,20.004],[86.3118,20.0033],[86.3117,20.0029],[86.3118,20.0025],[86.3117,20.002],[86.3117,20.0014],[86.3118,20.0009],[86.3122,20.0004],[86.3125,20],[86.3133,19.9992],[86.3138,19.9988],[86.314,19.9985],[86.3144,19.9978],[86.3145,19.9975],[86.3153,19.9967],[86.3153,19.9964],[86.3158,19.9958],[86.3158,19.9953],[86.3161,19.995],[86.3161,19.9947],[86.3164,19.9944],[86.3164,19.9942],[86.3178,19.9928],[86.3178,19.9925],[86.318,19.9922],[86.3181,19.9919],[86.3183,19.9917],[86.3183,19.9903],[86.3186,19.99],[86.3186,19.9894],[86.3192,19.9889],[86.3192,19.9886],[86.3197,19.9881],[86.3197,19.9878],[86.32,19.9875],[86.32,19.9872],[86.3217,19.9856],[86.3217,19.9847],[86.3219,19.9844],[86.3219,19.9839],[86.3214,19.9833],[86.3214,19.9831],[86.3201,19.9818],[86.3191,19.981],[86.3172,19.9806],[86.3165,19.9807],[86.3152,19.9807],[86.3141,19.9811],[86.3118,19.9818],[86.3113,19.9821],[86.31,19.9824],[86.3089,19.9829],[86.308,19.9831],[86.3069,19.9835],[86.3049,19.9839],[86.3039,19.984],[86.3032,19.9841],[86.3027,19.9841],[86.3025,19.984],[86.3025,19.9838],[86.3027,19.9835],[86.3031,19.9833],[86.3035,19.9833],[86.3039,19.9833],[86.3042,19.9831],[86.3047,19.9831],[86.305,19.9828],[86.3069,19.9828],[86.3072,19.9825],[86.3078,19.9825],[86.3086,19.9817],[86.3092,19.9817],[86.3094,19.9814],[86.3103,19.9814],[86.3105,19.9811],[86.3114,19.9811],[86.3136,19.9801],[86.3158,19.9799],[86.3171,19.9797],[86.3179,19.9799],[86.3184,19.98],[86.3191,19.9802],[86.32,19.9806],[86.321,19.981],[86.3217,19.9817],[86.322,19.9822],[86.3228,19.9831],[86.3232,19.9835],[86.3233,19.9836],[86.3239,19.9836],[86.3247,19.9828],[86.3247,19.9825],[86.3264,19.9808],[86.3264,19.9806],[86.3269,19.98],[86.3272,19.98],[86.3286,19.9786],[86.3289,19.9786],[86.3292,19.9783],[86.3294,19.9783],[86.3297,19.9781],[86.3306,19.9781],[86.3308,19.9778],[86.3311,19.9778],[86.3314,19.9775],[86.3317,19.9775],[86.3319,19.9772],[86.333,19.9772],[86.3333,19.9769],[86.3344,19.9769],[86.3347,19.9767],[86.3353,19.9767],[86.3356,19.9764],[86.3358,19.9764],[86.3361,19.9761],[86.3364,19.9761],[86.3367,19.9758],[86.3372,19.9758],[86.3375,19.9756],[86.3378,19.9756],[86.3381,19.9753],[86.3383,19.9753],[86.3392,19.9745],[86.3398,19.9739],[86.3406,19.9728],[86.341,19.9724],[86.3414,19.9712],[86.3414,19.9706],[86.3403,19.9694],[86.34,19.9694],[86.3397,19.9692],[86.3394,19.9692],[86.3392,19.9689],[86.3389,19.9689],[86.3383,19.9683],[86.3381,19.9683],[86.3379,19.9682],[86.3378,19.9681],[86.3378,19.9678],[86.3358,19.9658],[86.3347,19.9639],[86.3347,19.9636],[86.3331,19.9619],[86.3328,19.9619],[86.3307,19.9599],[86.3294,19.9586],[86.3294,19.9578],[86.3295,19.9577],[86.3297,19.9575],[86.329,19.9568],[86.3289,19.9567],[86.3289,19.9566],[86.3289,19.9564],[86.3286,19.9561],[86.3281,19.9556],[86.3278,19.9556],[86.3275,19.9553],[86.3269,19.9553],[86.3267,19.955],[86.3264,19.955],[86.3258,19.9544],[86.3256,19.9544],[86.325,19.9539],[86.3247,19.9539],[86.3246,19.9538],[86.3242,19.9533],[86.3239,19.9533],[86.3236,19.9531],[86.3231,19.9531],[86.3228,19.9528],[86.3225,19.9528],[86.3222,19.9525],[86.3217,19.9525],[86.3214,19.9522],[86.3211,19.9522],[86.3208,19.9519],[86.3203,19.9519],[86.32,19.9517],[86.3194,19.9517],[86.3192,19.9514],[86.3189,19.9514],[86.3186,19.9511],[86.3183,19.9511],[86.3172,19.95],[86.3169,19.9497],[86.3175,19.9492],[86.3183,19.9492],[86.3185,19.9493],[86.3186,19.9494],[86.3189,19.9494],[86.3192,19.9497],[86.3194,19.9497],[86.32,19.9503],[86.3203,19.9503],[86.3208,19.9508],[86.3211,19.9508],[86.3214,19.9511],[86.3217,19.9511],[86.322,19.9514],[86.3222,19.9514],[86.3225,19.9517],[86.3231,19.9517],[86.3233,19.9519],[86.3239,19.9519],[86.3242,19.9522],[86.3244,19.9522],[86.325,19.9528],[86.3253,19.9528],[86.3255,19.9531],[86.3261,19.9531],[86.3269,19.9539],[86.3272,19.9539],[86.3275,19.9542],[86.3278,19.9542],[86.3281,19.9544],[86.3283,19.9544],[86.3311,19.9572],[86.3342,19.9606],[86.3344,19.9606],[86.3347,19.9608],[86.335,19.9608],[86.3367,19.9625],[86.3378,19.965],[86.3378,19.9653],[86.3381,19.9656],[86.3381,19.9658],[86.3383,19.9661],[86.3383,19.9664],[86.3394,19.9675],[86.3397,19.9675],[86.34,19.9678],[86.3403,19.9678],[86.3414,19.9686],[86.3424,19.9695],[86.3433,19.9693],[86.3438,19.9692],[86.3447,19.9687],[86.3452,19.9686],[86.3455,19.9681],[86.3463,19.9676],[86.347,19.9671],[86.3477,19.9665],[86.3481,19.9661],[86.3491,19.9655],[86.35,19.9647],[86.3509,19.9642],[86.3514,19.9639],[86.3516,19.9637],[86.3517,19.9634],[86.3511,19.9633],[86.3508,19.9633],[86.349,19.9639],[86.3481,19.9643],[86.3471,19.9649],[86.3467,19.9651],[86.3462,19.9653],[86.3459,19.9653],[86.3459,19.9651],[86.3459,19.9648],[86.3465,19.9644],[86.3469,19.9642],[86.3475,19.9636],[86.3478,19.9636],[86.3483,19.9631],[86.3486,19.9631],[86.3489,19.9628],[86.3497,19.9628],[86.35,19.9625],[86.3508,19.9625],[86.3511,19.9622],[86.3525,19.9622],[86.3528,19.9619],[86.3536,19.9619],[86.3539,19.9617],[86.355,19.9617],[86.3553,19.9614],[86.3558,19.9614],[86.3561,19.9611],[86.3567,19.9611],[86.3569,19.9608],[86.3575,19.9608],[86.3578,19.9606],[86.3583,19.9606],[86.3586,19.9603],[86.3589,19.9603],[86.3595,19.9597],[86.3597,19.9597],[86.36,19.9594],[86.3603,19.9594],[86.3606,19.9592],[86.3611,19.9592],[86.3614,19.9589],[86.3622,19.9589],[86.3625,19.9586],[86.3628,19.9586],[86.3631,19.9583],[86.3639,19.9583],[86.3642,19.9581],[86.3647,19.9581],[86.365,19.9578],[86.3655,19.9578],[86.3658,19.9575],[86.3658,19.9558],[86.3656,19.9552],[86.3642,19.9537],[86.3627,19.9528],[86.3607,19.9522],[86.3579,19.9516],[86.3563,19.9513],[86.3555,19.9511],[86.3517,19.9506],[86.3499,19.9501],[86.3466,19.9497],[86.345,19.9487],[86.344,19.9482],[86.3426,19.9482],[86.3413,19.9477],[86.3395,19.9474],[86.3369,19.9468],[86.3341,19.9464],[86.332,19.946],[86.3311,19.9458],[86.3297,19.9456],[86.3275,19.9447],[86.3246,19.9441],[86.324,19.9441],[86.3232,19.9439],[86.3221,19.9437],[86.3215,19.9435],[86.3204,19.943],[86.3198,19.9428],[86.3186,19.9422],[86.3174,19.942],[86.3159,19.9419],[86.3144,19.9412],[86.3128,19.9407],[86.3118,19.9405],[86.3106,19.9399],[86.3091,19.9395],[86.3071,19.9392],[86.3054,19.9386],[86.3042,19.938],[86.3017,19.9372],[86.3003,19.9366],[86.2988,19.9359],[86.2977,19.9356],[86.2961,19.9355],[86.2948,19.935],[86.2938,19.9346],[86.2926,19.9337],[86.2919,19.9334],[86.2904,19.9328],[86.2896,19.9323],[86.2884,19.9319],[86.2873,19.9311],[86.2857,19.9309],[86.2842,19.9303],[86.2831,19.9296],[86.2822,19.9292],[86.2807,19.9282],[86.2787,19.9273],[86.277,19.9266],[86.2737,19.925],[86.2722,19.9244],[86.27,19.9231],[86.2672,19.9216],[86.2657,19.9207],[86.2648,19.9202],[86.2635,19.9193],[86.2618,19.9189],[86.2593,19.9178],[86.2567,19.9164],[86.2542,19.9152],[86.2526,19.9143],[86.2502,19.9127],[86.2487,19.9118],[86.2474,19.9112],[86.2462,19.9112],[86.2452,19.9112],[86.2444,19.9119],[86.2428,19.9125],[86.2414,19.9139],[86.2414,19.9142],[86.2408,19.9147],[86.2408,19.915],[86.2403,19.9156],[86.2403,19.9161],[86.2417,19.9175],[86.2419,19.9175],[86.2422,19.9178],[86.2425,19.9178],[86.2433,19.9186],[86.2431,19.9189],[86.2431,19.9194],[86.2428,19.9197],[86.2428,19.9203],[86.2425,19.9206],[86.2425,19.9208],[86.2422,19.9211],[86.2418,19.9221],[86.2416,19.9221],[86.2414,19.9219],[86.2414,19.921],[86.2417,19.92],[86.2417,19.9192],[86.241,19.9182],[86.2401,19.9173],[86.2389,19.9164],[86.2389,19.916],[86.2389,19.9158],[86.2394,19.9153],[86.2394,19.915],[86.2397,19.9147],[86.2397,19.9142],[86.24,19.9139],[86.24,19.9136],[86.2403,19.9133],[86.24,19.9131],[86.24,19.9128],[86.2397,19.9125],[86.2383,19.9139],[86.2381,19.9139],[86.2375,19.9133],[86.2375,19.9122],[86.2372,19.9119],[86.2372,19.9117],[86.2369,19.9114],[86.2369,19.9108],[86.2358,19.9097],[86.2358,19.9092],[86.2344,19.9078],[86.2339,19.9078],[86.2333,19.9072],[86.2331,19.9072],[86.2328,19.9069],[86.2322,19.9069],[86.2319,19.9067],[86.2317,19.9067],[86.2314,19.9064],[86.2311,19.9064],[86.2297,19.905],[86.2294,19.905],[86.2283,19.9039],[86.2278,19.9036],[86.2267,19.9036],[86.2264,19.9039],[86.2258,19.9039],[86.225,19.9047],[86.225,19.905],[86.2236,19.9064],[86.2236,19.9067],[86.2233,19.9069],[86.2233,19.9072],[86.2225,19.9081],[86.2225,19.9083],[86.2217,19.9092],[86.2217,19.9094],[86.2214,19.9097],[86.2214,19.9106],[86.2211,19.9108],[86.2211,19.9114],[86.2231,19.9133],[86.2231,19.9136],[86.2239,19.9144],[86.2239,19.9147],[86.2253,19.9161],[86.2256,19.9161],[86.2261,19.9166],[86.2263,19.9173],[86.2266,19.9186],[86.2266,19.9195],[86.2263,19.9205],[86.2261,19.9209],[86.2258,19.9211],[86.2255,19.9218],[86.2248,19.9225],[86.2243,19.9233],[86.2238,19.9247],[86.2235,19.925],[86.2233,19.9253],[86.2229,19.9256],[86.2225,19.9256],[86.2225,19.9255],[86.2225,19.9253],[86.2227,19.9248],[86.2231,19.9242],[86.2235,19.9229],[86.224,19.9221],[86.2242,19.9219],[86.2251,19.921],[86.2256,19.9203],[86.2258,19.9197],[86.2256,19.9186],[86.2253,19.9183],[86.2253,19.9181],[86.225,19.9178],[86.225,19.9175],[86.2239,19.9164],[86.2239,19.9161],[86.2208,19.9131],[86.2208,19.9128],[86.2206,19.9125],[86.2206,19.9122],[86.2203,19.9119],[86.2203,19.9117],[86.22,19.9114],[86.2194,19.9119],[86.2189,19.9119],[86.2187,19.9121],[86.2178,19.9129],[86.2172,19.9132],[86.2169,19.9133],[86.2167,19.9134],[86.2166,19.9134],[86.2163,19.9133],[86.2161,19.9131],[86.2161,19.9127],[86.2156,19.9124],[86.2147,19.9122],[86.2142,19.9122],[86.2139,19.9119],[86.2136,19.9119],[86.213,19.9113],[86.2128,19.9111],[86.2125,19.9111],[86.2125,19.9108],[86.2122,19.9106],[86.2122,19.9092],[86.2125,19.9089],[86.2122,19.9083],[86.2125,19.9081],[86.2125,19.9061],[86.2122,19.9058],[86.2122,19.9056],[86.2114,19.9047],[86.2094,19.9047],[86.2089,19.9053],[86.2089,19.9056],[86.2085,19.906],[86.2081,19.9061],[86.2079,19.9061],[86.2079,19.9055],[86.208,19.9047],[86.2094,19.9033],[86.2111,19.9033],[86.2114,19.9036],[86.2119,19.9036],[86.2131,19.9047],[86.2131,19.905],[86.2136,19.9056],[86.2136,19.9058],[86.2139,19.9061],[86.2139,19.9064],[86.2142,19.9067],[86.2142,19.9069],[86.2139,19.9072],[86.2139,19.9083],[86.2136,19.9086],[86.2136,19.9089],[86.2139,19.9092],[86.2139,19.9097],[86.2142,19.91],[86.2142,19.9103],[86.2144,19.9106],[86.2144,19.9108],[86.215,19.9114],[86.2156,19.9114],[86.2157,19.9115],[86.2158,19.9117],[86.2168,19.9117],[86.2172,19.9117],[86.2175,19.9114],[86.2178,19.9114],[86.2183,19.9108],[86.2189,19.9108],[86.2192,19.9106],[86.2192,19.9103],[86.2197,19.9097],[86.2197,19.9089],[86.22,19.9086],[86.22,19.9081],[86.2203,19.9078],[86.2203,19.9072],[86.2211,19.9064],[86.2214,19.9064],[86.2219,19.9058],[86.2219,19.9053],[86.2231,19.9042],[86.2231,19.9039],[86.2247,19.9022],[86.2256,19.9017],[86.2266,19.9016],[86.2274,19.9018],[86.2281,19.9018],[86.2284,19.9018],[86.2287,19.9016],[86.228,19.9009],[86.2275,19.9008],[86.2247,19.8995],[86.2224,19.899],[86.22,19.8981],[86.2184,19.8974],[86.2171,19.8969],[86.2161,19.8969],[86.2144,19.8962],[86.2125,19.8955],[86.2099,19.8946],[86.2071,19.8939],[86.206,19.8935],[86.2046,19.8929],[86.2023,19.892],[86.1991,19.8908],[86.1963,19.8901],[86.1947,19.8897],[86.1921,19.8888],[86.1906,19.888],[86.188,19.8872],[86.1853,19.8863],[86.1839,19.8859],[86.1817,19.8853],[86.1789,19.8844],[86.1778,19.8839],[86.1764,19.8838],[86.1758,19.8834],[86.1749,19.883],[86.1744,19.8829],[86.1728,19.8828],[86.1708,19.8822],[86.167,19.881],[86.1651,19.8803],[86.1627,19.8796],[86.1608,19.8789],[86.1589,19.8783],[86.1583,19.8783],[86.1578,19.8778],[86.1551,19.8773],[86.154,19.8769],[86.1525,19.8762],[86.1502,19.8757],[86.1499,19.8757],[86.1489,19.8753],[86.1471,19.8746],[86.1459,19.8742],[86.1441,19.874],[86.1427,19.8734],[86.1411,19.8727],[86.1402,19.8725],[86.1394,19.8722],[86.1375,19.8718],[86.1367,19.8714],[86.1355,19.8714],[86.1345,19.8707],[86.1334,19.8705],[86.1325,19.8701],[86.1317,19.8697],[86.1306,19.8697],[86.1281,19.8693],[86.127,19.8689],[86.1254,19.8684],[86.1241,19.868],[86.1225,19.8675],[86.1222,19.8675],[86.1208,19.8675],[86.1203,19.8675],[86.1198,19.8674],[86.1183,19.8667],[86.1169,19.8666],[86.1155,19.8658],[86.1135,19.8655],[86.1114,19.8647],[86.1106,19.8644],[86.11,19.8642],[86.1096,19.864],[86.1085,19.8635],[86.1073,19.8635],[86.1061,19.8636],[86.1058,19.8633],[86.1044,19.8633],[86.1042,19.8631],[86.1031,19.8631],[86.1028,19.8628],[86.1025,19.8628],[86.1022,19.8625],[86.1014,19.8625],[86.1012,19.8624],[86.1011,19.8622],[86.1008,19.8622],[86.1006,19.8619],[86.1,19.8619],[86.0997,19.8617],[86.0992,19.8617],[86.0977,19.8613],[86.0967,19.8606],[86.0951,19.8599],[86.0947,19.8598],[86.0928,19.8597],[86.0919,19.8597],[86.0917,19.8594],[86.0908,19.8594],[86.0906,19.8592],[86.0903,19.8592],[86.09,19.8589],[86.0895,19.8589],[86.0878,19.8585],[86.0859,19.8582],[86.0844,19.8577],[86.083,19.8574],[86.0806,19.8571],[86.0792,19.8567],[86.0786,19.8567],[86.0781,19.8567],[86.0778,19.8569],[86.0772,19.8569],[86.0769,19.8572],[86.0764,19.8572],[86.0761,19.8569],[86.0758,19.8569],[86.0756,19.8567],[86.0733,19.8567],[86.0731,19.8569],[86.0725,19.8569],[86.0722,19.8567],[86.0717,19.8567],[86.0714,19.8564],[86.0705,19.8564],[86.07,19.8558],[86.0697,19.8561],[86.0683,19.8561],[86.0681,19.8558],[86.0661,19.8558],[86.0658,19.8556],[86.0653,19.8556],[86.065,19.8553],[86.0647,19.8553],[86.0645,19.855],[86.0633,19.855],[86.0631,19.8547],[86.0622,19.8547],[86.0614,19.8539],[86.0611,19.8539],[86.0608,19.8542],[86.06,19.8542],[86.0597,19.8539],[86.0592,19.8539],[86.0589,19.8542],[86.0567,19.8542],[86.0546,19.8537],[86.0535,19.8534],[86.0519,19.8531],[86.0508,19.8527],[86.0487,19.8522],[86.0483,19.8522],[86.0481,19.8519],[86.0478,19.8519],[86.0475,19.8517],[86.0436,19.8517],[86.0433,19.8519],[86.0422,19.8519],[86.0419,19.8522],[86.0414,19.8522],[86.0411,19.8525],[86.0408,19.8525],[86.0403,19.8531],[86.0397,19.8531],[86.0392,19.8536],[86.0389,19.8536],[86.0381,19.8544],[86.0378,19.8544],[86.0375,19.8547],[86.0372,19.8547],[86.0369,19.855],[86.0367,19.855],[86.0364,19.8553],[86.0361,19.8553],[86.0358,19.855],[86.0356,19.855],[86.0353,19.8553],[86.035,19.8553],[86.0347,19.855],[86.0341,19.855],[86.0339,19.8548],[86.0333,19.8547],[86.0331,19.8544],[86.0325,19.8544],[86.0324,19.8543],[86.0322,19.8542],[86.0319,19.8542],[86.031,19.8529],[86.0304,19.8523],[86.0304,19.852],[86.0308,19.8517],[86.0309,19.8515],[86.0309,19.8512],[86.0306,19.8506],[86.0306,19.8503],[86.0303,19.85],[86.0303,19.8497],[86.03,19.8494],[86.03,19.8492],[86.0292,19.8483],[86.0289,19.8483],[86.0281,19.8475],[86.0281,19.8472],[86.0278,19.8469],[86.0278,19.8467],[86.0267,19.8456],[86.0261,19.8452],[86.0253,19.8451],[86.0248,19.845],[86.0235,19.8449],[86.0235,19.8445],[86.0237,19.8442],[86.0246,19.8441],[86.0253,19.8442],[86.0258,19.8442],[86.0261,19.8443],[86.0269,19.8447],[86.0272,19.8447],[86.0278,19.8453],[86.0281,19.8453],[86.0283,19.8456],[86.0283,19.8458],[86.0289,19.8464],[86.0292,19.8464],[86.0308,19.8481],[86.0308,19.8483],[86.0311,19.8486],[86.0311,19.8489],[86.0317,19.8494],[86.0317,19.8497],[86.0319,19.85],[86.0319,19.8506],[86.0322,19.8508],[86.0322,19.8511],[86.0325,19.8514],[86.0325,19.8519],[86.0328,19.8522],[86.0328,19.8525],[86.0341,19.8539],[86.0367,19.8539],[86.0369,19.8536],[86.0375,19.8536],[86.0378,19.8533],[86.0381,19.8533],[86.0386,19.8528],[86.0389,19.8528],[86.0406,19.8511],[86.0411,19.8511],[86.0433,19.8489],[86.0442,19.848],[86.045,19.8478],[86.0455,19.8476],[86.0456,19.8474],[86.0456,19.8472],[86.0456,19.8471],[86.0451,19.8469],[86.0443,19.8468],[86.044,19.8467],[86.043,19.8466],[86.0419,19.8462],[86.0414,19.8461],[86.0403,19.846],[86.0385,19.8453],[86.0378,19.8453],[86.0362,19.8451],[86.035,19.8445],[86.0336,19.8443],[86.0321,19.8441],[86.0305,19.8439],[86.0298,19.8436],[86.0275,19.8433],[86.0263,19.8428],[86.0249,19.8426],[86.0235,19.8425],[86.0213,19.8423],[86.0207,19.8421],[86.0185,19.8416],[86.0164,19.8409],[86.0149,19.8406],[86.0139,19.8405],[86.0125,19.8402],[86.0115,19.8401],[86.01,19.84],[86.0091,19.8399],[86.0082,19.8398],[86.0074,19.8394],[86.0066,19.8391],[86.0054,19.8391],[86.0048,19.8388],[86.0032,19.8384],[86.0017,19.8383],[86,19.8381],[85.9982,19.8377],[85.9975,19.8378],[85.9956,19.8378],[85.995,19.8375],[85.9947,19.8375],[85.9944,19.8372],[85.9942,19.8372],[85.9939,19.8369],[85.9911,19.8369],[85.9906,19.8364],[85.9889,19.8364],[85.9886,19.8361],[85.9858,19.8361],[85.9856,19.8358],[85.985,19.8358],[85.9847,19.8356],[85.9836,19.8356],[85.9833,19.8353],[85.9828,19.8353],[85.9825,19.835],[85.9811,19.835],[85.9808,19.8347],[85.9792,19.8347],[85.9789,19.835],[85.9786,19.835],[85.9784,19.8348],[85.9781,19.8347],[85.9775,19.8342],[85.9764,19.8342],[85.9761,19.8339],[85.9758,19.8339],[85.9756,19.8336],[85.975,19.8336],[85.9747,19.8339],[85.9744,19.8339],[85.9742,19.8336],[85.9736,19.8336],[85.9733,19.8333],[85.9731,19.8336],[85.9728,19.8336],[85.9725,19.8333],[85.9717,19.8333],[85.9714,19.8331],[85.9706,19.8331],[85.9703,19.8328],[85.9686,19.8328],[85.9683,19.8325],[85.9675,19.8325],[85.9672,19.8322],[85.9669,19.8322],[85.9667,19.8319],[85.9644,19.8319],[85.9642,19.8317],[85.9619,19.8317],[85.9617,19.8314],[85.9603,19.8314],[85.9601,19.8312],[85.96,19.8311],[85.9592,19.8311],[85.9589,19.8308],[85.9583,19.8308],[85.9581,19.8306],[85.9575,19.8306],[85.9572,19.8303],[85.9553,19.8303],[85.955,19.83],[85.9533,19.83],[85.9531,19.8297],[85.9528,19.8297],[85.9525,19.8294],[85.9514,19.8294],[85.9511,19.8292],[85.95,19.8292],[85.9497,19.8289],[85.9486,19.8289],[85.9483,19.8286],[85.9478,19.8286],[85.9475,19.8283],[85.9467,19.8283],[85.9466,19.8282],[85.9464,19.8281],[85.945,19.8281],[85.9449,19.828],[85.9447,19.8278],[85.9444,19.8278],[85.9442,19.8275],[85.9428,19.8275],[85.9425,19.8272],[85.9422,19.8272],[85.9419,19.8269],[85.9408,19.8269],[85.9406,19.8267],[85.9389,19.8267],[85.9386,19.8264],[85.9378,19.8264],[85.9375,19.8261],[85.9358,19.8261],[85.9355,19.8258],[85.9353,19.8258],[85.935,19.8256],[85.9344,19.8256],[85.9339,19.825],[85.9311,19.8244],[85.9297,19.8244],[85.9292,19.8239],[85.9275,19.8239],[85.9272,19.8236],[85.9269,19.8236],[85.9267,19.8233],[85.9261,19.8233],[85.926,19.8232],[85.9258,19.8231],[85.9247,19.8231],[85.9246,19.8232],[85.9244,19.8233],[85.9242,19.8231],[85.9236,19.8231],[85.9233,19.8233],[85.9214,19.8233],[85.9208,19.8228],[85.9203,19.8228],[85.92,19.8225],[85.9197,19.8225],[85.9194,19.8222],[85.9175,19.8222],[85.9172,19.8225],[85.9169,19.8222],[85.9164,19.8222],[85.9161,19.8225],[85.9142,19.8225],[85.9136,19.8219],[85.9133,19.822],[85.9131,19.8217],[85.9128,19.8217],[85.9122,19.8211],[85.9108,19.8211],[85.9103,19.8206],[85.9097,19.8211],[85.9097,19.8214],[85.9086,19.8225],[85.9086,19.8236],[85.9083,19.8239],[85.9083,19.8247],[85.9081,19.825],[85.9081,19.8258],[85.9078,19.8261],[85.9078,19.8269],[85.9075,19.8272],[85.9075,19.8278],[85.9072,19.8281],[85.9072,19.8286],[85.9069,19.8289],[85.9069,19.8294],[85.9067,19.8297],[85.9067,19.83],[85.9069,19.8303],[85.9064,19.8308],[85.9064,19.8311],[85.9058,19.8317],[85.9058,19.8319],[85.9056,19.8322],[85.905,19.8322],[85.9046,19.8318],[85.9044,19.8317],[85.9042,19.8317],[85.9042,19.8297],[85.9047,19.8292],[85.9047,19.8289],[85.905,19.8286],[85.905,19.8281],[85.9053,19.8278],[85.9053,19.825],[85.9056,19.8247],[85.9056,19.8231],[85.9058,19.8228],[85.9058,19.8222],[85.9061,19.8219],[85.9061,19.8211],[85.9064,19.8208],[85.9064,19.8206],[85.9078,19.8192],[85.9083,19.8186],[85.9081,19.8179],[85.9072,19.8178],[85.906,19.8177],[85.9034,19.817],[85.9008,19.816],[85.8981,19.8152],[85.8951,19.8146],[85.893,19.814],[85.8897,19.8128],[85.8886,19.8128],[85.8883,19.8125],[85.8864,19.8125],[85.8861,19.8122],[85.8856,19.8122],[85.8853,19.8119],[85.885,19.812],[85.8847,19.8117],[85.8842,19.8117],[85.8839,19.8114],[85.8836,19.8114],[85.8833,19.8111],[85.8825,19.8111],[85.8822,19.8108],[85.8808,19.8108],[85.8806,19.8106],[85.8794,19.8106],[85.8793,19.8104],[85.8792,19.8103],[85.8789,19.8103],[85.8786,19.81],[85.8769,19.81],[85.8767,19.8097],[85.8761,19.8097],[85.8758,19.8094],[85.8747,19.8094],[85.8744,19.8092],[85.8742,19.8092],[85.8739,19.8089],[85.8728,19.8089],[85.8725,19.8086],[85.8722,19.8086],[85.8719,19.8083],[85.8714,19.8083],[85.8711,19.8081],[85.8703,19.8081],[85.87,19.8078],[85.8697,19.8078],[85.8694,19.8075],[85.8681,19.8075],[85.8678,19.8072],[85.8667,19.8072],[85.8664,19.8069],[85.8656,19.8069],[85.8653,19.8067],[85.865,19.8067],[85.8647,19.8064],[85.8644,19.8064],[85.8642,19.8061],[85.8636,19.8061],[85.8631,19.8056],[85.8619,19.8056],[85.8617,19.8053],[85.8606,19.8053],[85.8594,19.8042],[85.8589,19.8039],[85.8586,19.8036],[85.8575,19.8036],[85.8556,19.8034],[85.8548,19.8026],[85.8539,19.8027],[85.8528,19.8027],[85.8511,19.8017],[85.8495,19.8017],[85.8491,19.8011],[85.8475,19.8007],[85.8467,19.8012],[85.8455,19.8012],[85.8445,19.8006],[85.8431,19.8004],[85.8414,19.7995],[85.8395,19.7992],[85.838,19.7988],[85.8375,19.7981],[85.8344,19.7972],[85.8335,19.7972],[85.8319,19.7968],[85.8311,19.7966],[85.829,19.7957],[85.8269,19.7956],[85.8249,19.7948],[85.8223,19.7941],[85.8201,19.7931],[85.8184,19.7924],[85.817,19.7924],[85.8132,19.7915],[85.8103,19.7903],[85.81,19.7906],[85.8092,19.7906],[85.8089,19.7903],[85.8083,19.7903],[85.8072,19.7892],[85.8069,19.7892],[85.8067,19.7889],[85.8053,19.7889],[85.8038,19.7881],[85.8012,19.7873],[85.7993,19.7869],[85.7978,19.7864],[85.7975,19.7861],[85.7952,19.7854],[85.793,19.7843],[85.7914,19.7836],[85.789,19.7836],[85.7884,19.7829],[85.787,19.7825],[85.7853,19.7828],[85.7842,19.7828],[85.7839,19.7825],[85.7833,19.7825],[85.7832,19.7824],[85.7831,19.7822],[85.7825,19.7822],[85.7822,19.7819],[85.7819,19.7819],[85.7814,19.7825],[85.7814,19.7828],[85.7808,19.7833],[85.7808,19.7836],[85.7806,19.7839],[85.7808,19.7844],[85.7808,19.7847],[85.7806,19.785],[85.7799,19.785],[85.7798,19.785],[85.7796,19.7849],[85.7796,19.784],[85.7797,19.7836],[85.7797,19.7833],[85.78,19.7831],[85.78,19.7806],[85.7797,19.7803],[85.7797,19.7797],[85.7794,19.7794],[85.7792,19.7794],[85.7789,19.7792],[85.7786,19.7792],[85.7783,19.7789],[85.7781,19.7789],[85.7772,19.7781],[85.7769,19.7781],[85.7764,19.7775],[85.7756,19.7775],[85.7753,19.7772],[85.775,19.7772],[85.7747,19.7769],[85.7744,19.7772],[85.7739,19.7772],[85.7733,19.7767],[85.7731,19.7767],[85.7725,19.7761],[85.7722,19.7761],[85.7719,19.7759],[85.7703,19.7758],[85.77,19.7756],[85.7697,19.7756],[85.7694,19.7753],[85.7692,19.7753],[85.7689,19.775],[85.7672,19.775],[85.7669,19.7747],[85.7667,19.7747],[85.7664,19.7744],[85.7661,19.7747],[85.7644,19.7741],[85.7628,19.7736],[85.7603,19.7728],[85.76,19.7725],[85.7597,19.7725],[85.7594,19.7722],[85.7586,19.7722],[85.7583,19.7719],[85.7581,19.7719],[85.7578,19.7717],[85.7575,19.7717],[85.7569,19.7711],[85.7555,19.7711],[85.7553,19.7708],[85.755,19.7706],[85.7544,19.7706],[85.7526,19.7698],[85.7513,19.7693],[85.7483,19.7686],[85.7481,19.7683],[85.7475,19.7683],[85.7474,19.7682],[85.7472,19.7681],[85.7467,19.7681],[85.7464,19.7678],[85.7461,19.7678],[85.7458,19.7675],[85.7456,19.7675],[85.7453,19.7672],[85.7447,19.7672],[85.7444,19.7669],[85.7431,19.7669],[85.7425,19.7664],[85.7417,19.7664],[85.7408,19.7656],[85.7405,19.7656],[85.7403,19.7653],[85.7386,19.7653],[85.7361,19.7644],[85.7342,19.7636],[85.7326,19.7628],[85.7307,19.7621],[85.7281,19.7617],[85.7278,19.7614],[85.7275,19.7614],[85.7272,19.7611],[85.7264,19.7611],[85.7258,19.7605],[85.7256,19.7606],[85.7253,19.7603],[85.7244,19.7603],[85.7206,19.7589],[85.7161,19.7575],[85.7156,19.7575],[85.7153,19.7572],[85.715,19.7572],[85.7147,19.7569],[85.7144,19.7569],[85.7142,19.7567],[85.7139,19.7567],[85.7131,19.7558],[85.7107,19.7556],[85.709,19.7551],[85.7077,19.7547],[85.7064,19.7545],[85.7058,19.7545],[85.7056,19.7542],[85.7053,19.7542],[85.705,19.7539],[85.7044,19.7539],[85.7031,19.7533],[85.702,19.7528],[85.7003,19.7522],[85.7,19.7519],[85.6997,19.7519],[85.6989,19.7511],[85.6986,19.7511],[85.6985,19.751],[85.6983,19.7508],[85.6972,19.7508],[85.697,19.7507],[85.6969,19.7506],[85.6961,19.7506],[85.6958,19.7503],[85.6953,19.7503],[85.695,19.75],[85.6944,19.75],[85.6939,19.7495],[85.693,19.7495],[85.6928,19.7492],[85.6925,19.7492],[85.6922,19.7489],[85.6919,19.7489],[85.6917,19.7486],[85.6911,19.7486],[85.6908,19.7483],[85.6903,19.7483],[85.69,19.7481],[85.6895,19.7481],[85.6893,19.7479],[85.6892,19.7478],[85.6886,19.7478],[85.6883,19.7475],[85.6875,19.7475],[85.6872,19.7472],[85.6869,19.7472],[85.6867,19.7469],[85.6861,19.7469],[85.6858,19.7467],[85.685,19.7467],[85.6847,19.7464],[85.6844,19.7464],[85.6825,19.746],[85.6805,19.7457],[85.6789,19.7447],[85.6783,19.7442],[85.678,19.7442],[85.6778,19.7439],[85.6769,19.7439],[85.6758,19.7428],[85.6753,19.7428],[85.675,19.7425],[85.6739,19.7425],[85.6736,19.7422],[85.6728,19.7422],[85.6725,19.7419],[85.6719,19.742],[85.6717,19.7417],[85.6714,19.7417],[85.6711,19.7414],[85.6708,19.7414],[85.6706,19.7411],[85.6703,19.7411],[85.67,19.7408],[85.6692,19.7408],[85.6689,19.7406],[85.6686,19.7406],[85.6683,19.7403],[85.6678,19.7403],[85.6677,19.7402],[85.6672,19.7397],[85.6667,19.7397],[85.6664,19.7394],[85.6647,19.7394],[85.6644,19.7392],[85.6636,19.7392],[85.6631,19.7386],[85.6628,19.7383],[85.6628,19.7381],[85.6625,19.7378],[85.6625,19.7367],[85.6622,19.7364],[85.6622,19.7356],[85.6625,19.7353],[85.6622,19.735],[85.6622,19.7347],[85.6619,19.7344],[85.6619,19.7339],[85.6617,19.7336],[85.6617,19.7333],[85.6603,19.7319],[85.66,19.732],[85.6597,19.7317],[85.6594,19.732],[85.6589,19.732],[85.6581,19.7311],[85.6575,19.7311],[85.6567,19.732],[85.6556,19.7319],[85.6553,19.7322],[85.6547,19.7322],[85.6544,19.732],[85.6536,19.732],[85.6533,19.7317],[85.6528,19.7317],[85.6519,19.7308],[85.6517,19.7308],[85.6511,19.7303],[85.6508,19.7303],[85.6506,19.73],[85.65,19.7294],[85.6497,19.7294],[85.6494,19.7297],[85.6489,19.7297],[85.6486,19.7294],[85.6475,19.7294],[85.6472,19.7292],[85.6469,19.7292],[85.6467,19.7289],[85.6464,19.7289],[85.6461,19.7286],[85.6455,19.7286],[85.6453,19.7283],[85.6447,19.7283],[85.6444,19.7281],[85.6442,19.7281],[85.644,19.7279],[85.6439,19.7278],[85.6436,19.7278],[85.6433,19.7275],[85.6431,19.7275],[85.6427,19.7271],[85.6425,19.7269],[85.6422,19.7269],[85.6411,19.7258],[85.6406,19.7258],[85.6403,19.7256],[85.6397,19.7256],[85.6394,19.7253],[85.6392,19.7253],[85.6383,19.725],[85.6378,19.725],[85.6372,19.7244],[85.6369,19.7244],[85.6367,19.7242],[85.6364,19.7242],[85.6358,19.7236],[85.6353,19.7236],[85.635,19.7233],[85.6344,19.7233],[85.6342,19.7231],[85.6339,19.7233],[85.6331,19.7225],[85.6317,19.7225],[85.6314,19.7222],[85.6308,19.7222],[85.6294,19.7208],[85.6292,19.7208],[85.629,19.7206],[85.6289,19.7206],[85.6278,19.7206],[85.6275,19.7203],[85.6272,19.7203],[85.627,19.72],[85.6267,19.72],[85.6264,19.7197],[85.6261,19.7197],[85.6258,19.7194],[85.6256,19.7194],[85.6253,19.7192],[85.625,19.7192],[85.6248,19.719],[85.6247,19.7189],[85.6244,19.7189],[85.6242,19.7186],[85.6239,19.7186],[85.6228,19.7175],[85.6225,19.7175],[85.6222,19.7172],[85.6194,19.7168],[85.6187,19.7164],[85.6178,19.7158],[85.6164,19.7153],[85.6153,19.7148],[85.6143,19.7144],[85.6133,19.7136],[85.6131,19.7133],[85.6125,19.7133],[85.6122,19.7131],[85.6119,19.7131],[85.6111,19.7122],[85.6089,19.7116],[85.6077,19.7108],[85.6075,19.7106],[85.6072,19.7103],[85.6067,19.7103],[85.6064,19.71],[85.6061,19.71],[85.6058,19.7097],[85.605,19.7097],[85.6047,19.7094],[85.6044,19.7094],[85.6039,19.7089],[85.6036,19.7089],[85.6032,19.7085],[85.6031,19.7083],[85.6028,19.7083],[85.6023,19.7078],[85.6019,19.7075],[85.6011,19.7075],[85.6008,19.7072],[85.6006,19.7072],[85.6002,19.7068],[85.6,19.7067],[85.5994,19.7067],[85.5992,19.7064],[85.5989,19.7064],[85.5986,19.7062],[85.5981,19.7061],[85.5973,19.7056],[85.5965,19.7051],[85.5962,19.7047],[85.596,19.7044],[85.5954,19.7044],[85.5949,19.7043],[85.594,19.7041],[85.5936,19.7036],[85.5933,19.7036],[85.5931,19.7033],[85.5928,19.7033],[85.5925,19.7031],[85.5919,19.7031],[85.5918,19.7029],[85.5917,19.7028],[85.5914,19.7028],[85.5908,19.7022],[85.5906,19.7022],[85.5903,19.7019],[85.59,19.7019],[85.5892,19.7011],[85.5889,19.7011],[85.5887,19.7009],[85.5886,19.7008],[85.5883,19.7008],[85.5882,19.7007],[85.5881,19.7006],[85.5872,19.7006],[85.5869,19.7003],[85.5867,19.7003],[85.5864,19.7],[85.5861,19.7],[85.5858,19.6997],[85.5856,19.6997],[85.5853,19.6994],[85.585,19.6994],[85.5847,19.6992],[85.5844,19.6992],[85.5839,19.6986],[85.5836,19.6986],[85.5833,19.6983],[85.5831,19.6983],[85.5828,19.6981],[85.5825,19.6981],[85.5819,19.6975],[85.5817,19.6975],[85.5812,19.6973],[85.5806,19.6974],[85.5794,19.6973],[85.5783,19.6967],[85.5769,19.6962],[85.5755,19.6954],[85.5746,19.6954],[85.5725,19.6944],[85.5722,19.6942],[85.572,19.6942],[85.5717,19.6939],[85.5714,19.6939],[85.5711,19.6936],[85.5708,19.6936],[85.57,19.6928],[85.5692,19.6928],[85.5689,19.6925],[85.5686,19.6925],[85.5683,19.6922],[85.568,19.6925],[85.5667,19.6911],[85.5664,19.6911],[85.5658,19.6906],[85.5653,19.69],[85.565,19.69],[85.5647,19.6897],[85.5644,19.6897],[85.5642,19.6894],[85.5639,19.6894],[85.5636,19.6892],[85.5633,19.6892],[85.5631,19.6889],[85.5628,19.6889],[85.5625,19.6886],[85.5622,19.6883],[85.5617,19.6883],[85.5611,19.6878],[85.5605,19.6878],[85.5603,19.6875],[85.5597,19.6875],[85.5594,19.6872],[85.5589,19.6872],[85.5583,19.6867],[85.5581,19.6867],[85.5575,19.6861],[85.5569,19.6861],[85.5567,19.6858],[85.5564,19.6858],[85.5558,19.6853],[85.5556,19.6853],[85.5553,19.685],[85.555,19.685],[85.5547,19.6847],[85.5539,19.6847],[85.5536,19.6844],[85.5533,19.6844],[85.5528,19.6839],[85.5525,19.6839],[85.5522,19.6836],[85.5519,19.6836],[85.5497,19.6825],[85.5494,19.6825],[85.5489,19.6819],[85.5486,19.6819],[85.5483,19.6817],[85.5481,19.6817],[85.5478,19.6814],[85.5472,19.6814],[85.5469,19.6811],[85.5425,19.6798],[85.5395,19.6782],[85.5364,19.6764],[85.5336,19.6756],[85.5309,19.6746],[85.5289,19.6727],[85.5254,19.6715],[85.5228,19.6699],[85.5189,19.668],[85.5164,19.6672],[85.5135,19.6655],[85.5114,19.6642],[85.5093,19.6632],[85.5069,19.6617],[85.5028,19.6592],[85.5014,19.6589],[85.5011,19.6589],[85.5003,19.6581],[85.4994,19.6581],[85.4992,19.6578],[85.4989,19.6578],[85.4986,19.6575],[85.4983,19.6575],[85.498,19.6572],[85.4978,19.6572],[85.4975,19.6569],[85.4972,19.6569],[85.4969,19.6567],[85.4964,19.6567],[85.4961,19.6564],[85.4958,19.6564],[85.4956,19.6561],[85.4953,19.6561],[85.4947,19.6556],[85.4944,19.6556],[85.4939,19.655],[85.4936,19.655],[85.4928,19.6542],[85.4925,19.6542],[85.4924,19.6541],[85.4922,19.6539],[85.4917,19.6539],[85.4914,19.6536],[85.4911,19.6536],[85.4905,19.6531],[85.4903,19.6531],[85.49,19.6528],[85.4892,19.6528],[85.4889,19.6525],[85.4886,19.6525],[85.4883,19.6522],[85.4881,19.6522],[85.4878,19.652],[85.4869,19.652],[85.4867,19.6517],[85.4856,19.6517],[85.4853,19.6514],[85.485,19.6514],[85.4849,19.6512],[85.4847,19.6511],[85.4842,19.6511],[85.4839,19.6508],[85.4833,19.6508],[85.4831,19.6506],[85.4828,19.6506],[85.4825,19.6503],[85.4822,19.6503],[85.4819,19.65],[85.4817,19.65],[85.4814,19.6497],[85.4811,19.6497],[85.4806,19.6492],[85.4803,19.6492],[85.48,19.6489],[85.4797,19.6489],[85.4794,19.6486],[85.4789,19.6486],[85.4786,19.6483],[85.4783,19.6483],[85.4781,19.6481],[85.4778,19.6481],[85.4774,19.6477],[85.4769,19.6472],[85.4764,19.6472],[85.4761,19.6469],[85.475,19.6469],[85.4744,19.6464],[85.4739,19.6464],[85.4736,19.6461],[85.4733,19.6461],[85.4731,19.6458],[85.4728,19.6458],[85.4725,19.6456],[85.4722,19.6456],[85.4719,19.6453],[85.4714,19.6453],[85.471,19.6449],[85.4708,19.6447],[85.4703,19.6447],[85.4697,19.6442],[85.4694,19.6442],[85.4689,19.6436],[85.4675,19.6436],[85.4672,19.6433],[85.4669,19.6433],[85.4668,19.6432],[85.4667,19.6431],[85.4664,19.6431],[85.4662,19.6428],[85.4658,19.6425],[85.4656,19.6425],[85.4653,19.6422],[85.4647,19.6422],[85.4644,19.6419],[85.4642,19.6419],[85.4639,19.6417],[85.4636,19.6417],[85.4633,19.6414],[85.4628,19.6414],[85.4625,19.6411],[85.4622,19.6411],[85.4617,19.6406],[85.4611,19.6406],[85.4608,19.6403],[85.4597,19.6403],[85.4594,19.64],[85.4589,19.64],[85.4583,19.6394],[85.4581,19.6394],[85.4575,19.6389],[85.4572,19.6389],[85.4569,19.6386],[85.4567,19.6389],[85.4558,19.6389],[85.455,19.6381],[85.4547,19.6381],[85.4544,19.6378],[85.4542,19.6378],[85.4539,19.6375],[85.4536,19.6375],[85.4533,19.6372],[85.4531,19.6372],[85.4528,19.6369],[85.4525,19.6369],[85.4522,19.6367],[85.4511,19.6367],[85.4508,19.6364],[85.4497,19.6364],[85.4494,19.6361],[85.448,19.6356],[85.4478,19.6356],[85.4465,19.635],[85.4458,19.6348],[85.445,19.6346],[85.4439,19.6339],[85.4436,19.6342],[85.4433,19.6342],[85.4417,19.6325],[85.4414,19.6325],[85.4411,19.6322],[85.4406,19.6322],[85.4403,19.6319],[85.4392,19.6319],[85.4389,19.6317],[85.4386,19.6317],[85.4381,19.6311],[85.4378,19.6311],[85.4375,19.6308],[85.4372,19.6308],[85.4328,19.6292],[85.431,19.6282],[85.429,19.6274],[85.4255,19.6255],[85.4238,19.6246],[85.4222,19.6242],[85.4192,19.6231],[85.4178,19.622],[85.4164,19.6212],[85.4147,19.6203],[85.4144,19.6203],[85.4142,19.62],[85.4139,19.62],[85.4136,19.6197],[85.4131,19.6197],[85.4105,19.6184],[85.4092,19.6177],[85.4072,19.6167],[85.4049,19.6156],[85.4034,19.6147],[85.4016,19.6138],[85.4005,19.6132],[85.3989,19.6125],[85.3979,19.6117],[85.3974,19.6113],[85.3957,19.6107],[85.3943,19.6102],[85.3926,19.6091],[85.391,19.6086],[85.3898,19.608],[85.3888,19.6071],[85.3872,19.6064],[85.3856,19.6061],[85.3847,19.6053],[85.3845,19.6053],[85.3843,19.6051],[85.3842,19.605],[85.3841,19.6047],[85.3825,19.6031],[85.3814,19.6031],[85.3808,19.6025],[85.3805,19.6025],[85.38,19.6019],[85.3794,19.6019],[85.3792,19.6017],[85.3786,19.6017],[85.3778,19.6008],[85.3775,19.6008],[85.3772,19.6006],[85.3767,19.6006],[85.3764,19.6003],[85.3761,19.6003],[85.3756,19.5998],[85.3756,19.5997],[85.375,19.5997],[85.3747,19.5994],[85.3742,19.5995],[85.3739,19.5992],[85.3736,19.5992],[85.3731,19.5986],[85.3725,19.5981],[85.3719,19.5981],[85.3717,19.5978],[85.3711,19.5978],[85.3708,19.5975],[85.3703,19.5975],[85.3679,19.5966],[85.3667,19.5958],[85.3655,19.5954],[85.3641,19.5946],[85.3627,19.5934],[85.3601,19.5923],[85.3587,19.5912],[85.3564,19.59],[85.3558,19.5895],[85.3556,19.5895],[85.3553,19.5892],[85.355,19.5892],[85.3549,19.5891],[85.3547,19.5889],[85.3544,19.5889],[85.3542,19.5886],[85.3539,19.5886],[85.3533,19.5881],[85.3531,19.5881],[85.3528,19.5878],[85.3525,19.5878],[85.3519,19.5872],[85.3517,19.5872],[85.3514,19.5869],[85.3511,19.5869],[85.3508,19.5867],[85.3506,19.5867],[85.3503,19.5864],[85.35,19.5864],[85.3497,19.5867],[85.3494,19.5867],[85.3489,19.5861],[85.3486,19.5861],[85.3475,19.585],[85.3475,19.5847],[85.3472,19.5847],[85.3469,19.5844],[85.3467,19.5844],[85.3456,19.5833],[85.3453,19.5833],[85.3447,19.5828],[85.3423,19.5821],[85.3409,19.5814],[85.3386,19.5803],[85.3381,19.5797],[85.3375,19.5797],[85.3367,19.5789],[85.3364,19.5789],[85.3358,19.5783],[85.3356,19.5783],[85.3353,19.5781],[85.335,19.5778],[85.3347,19.5778],[85.3344,19.5775],[85.3322,19.5753],[85.3317,19.5753],[85.3314,19.575],[85.3311,19.575],[85.3308,19.5747],[85.3303,19.5747],[85.33,19.5744],[85.3297,19.5744],[85.3289,19.5736],[85.3286,19.5736],[85.3275,19.5725],[85.3272,19.5725],[85.3267,19.572],[85.3264,19.572],[85.3255,19.5711],[85.325,19.5711],[85.3247,19.5708],[85.3242,19.5708],[85.3236,19.5703],[85.3228,19.5703],[85.3225,19.57],[85.3222,19.5697],[85.3222,19.5694],[85.3208,19.5681],[85.3206,19.5681],[85.3203,19.5678],[85.32,19.5678],[85.3194,19.5672],[85.3189,19.5672],[85.3186,19.5669],[85.3177,19.5669],[85.3166,19.5665],[85.3156,19.5653],[85.3156,19.565],[85.3153,19.5647],[85.3153,19.5644],[85.315,19.5642],[85.3139,19.5642],[85.3133,19.5636],[85.3131,19.5636],[85.3128,19.5633],[85.3125,19.5633],[85.3119,19.5628],[85.3117,19.5628],[85.3114,19.5625],[85.3094,19.5625],[85.3089,19.5619],[85.3086,19.5619],[85.3078,19.5611],[85.3078,19.5608],[85.3072,19.5604],[85.3067,19.5594],[85.3061,19.5594],[85.3058,19.5592],[85.3053,19.5592],[85.3045,19.559],[85.3036,19.5583],[85.3019,19.5567],[85.3014,19.5567],[85.3011,19.5564],[85.3008,19.5564],[85.3006,19.5561],[85.3003,19.5561],[85.3,19.5558],[85.2994,19.5558],[85.2975,19.5547],[85.2953,19.5536],[85.2924,19.5516],[85.2905,19.5505],[85.289,19.5497],[85.2878,19.5489],[85.2872,19.5483],[85.2869,19.5483],[85.2867,19.5481],[85.2864,19.5481],[85.2864,19.5478],[85.2853,19.5467],[85.285,19.5467],[85.2844,19.5461],[85.2842,19.5461],[85.2836,19.5456],[85.2833,19.5456],[85.2831,19.5453],[85.2828,19.5453],[85.2817,19.5442],[85.2811,19.5442],[85.281,19.544],[85.2806,19.5436],[85.2803,19.5436],[85.2792,19.5425],[85.2789,19.5425],[85.2786,19.5422],[85.2781,19.5422],[85.2767,19.5408],[85.2764,19.5408],[85.2761,19.5406],[85.2746,19.5397],[85.2722,19.5378],[85.2719,19.5378],[85.2714,19.5373],[85.2706,19.5364],[85.2703,19.5364],[85.2692,19.5353],[85.2692,19.535],[85.2689,19.535],[85.2686,19.5347],[85.2683,19.5347],[85.2669,19.5333],[85.2667,19.5333],[85.265,19.5317],[85.2644,19.5317],[85.2642,19.5314],[85.2633,19.5314],[85.263,19.5311],[85.2628,19.5311],[85.2611,19.5294],[85.2608,19.5294],[85.2578,19.5264],[85.2569,19.5264],[85.2569,19.5263],[85.2567,19.5261],[85.2564,19.5261],[85.2561,19.5258],[85.2558,19.5258],[85.2556,19.5256],[85.2553,19.5253],[85.255,19.5253],[85.2533,19.5236],[85.2531,19.5236],[85.2522,19.5228],[85.2517,19.5228],[85.2514,19.5225],[85.2511,19.5225],[85.2509,19.5223],[85.2506,19.5222],[85.25,19.5217],[85.2497,19.5217],[85.2482,19.5202],[85.2472,19.5192],[85.2469,19.5192],[85.2466,19.5188],[85.2464,19.5186],[85.2461,19.5186],[85.2458,19.5183],[85.2456,19.5183],[85.245,19.5178],[85.2447,19.5178],[85.2436,19.5167],[85.2433,19.5167],[85.2431,19.5164],[85.2428,19.5164],[85.2411,19.5147],[85.24,19.5147],[85.2397,19.5144],[85.2394,19.5144],[85.2392,19.5142],[85.2389,19.5142],[85.2386,19.5139],[85.2383,19.5139],[85.2378,19.5133],[85.2378,19.5131],[85.2372,19.5125],[85.2369,19.5125],[85.2364,19.5119],[85.2361,19.5119],[85.2356,19.5114],[85.2353,19.5114],[85.2347,19.5108],[85.2344,19.5108],[85.2335,19.5099],[85.2331,19.5094],[85.2328,19.5095],[85.2319,19.5086],[85.2317,19.5086],[85.2314,19.5083],[85.2311,19.5083],[85.2303,19.5075],[85.23,19.5075],[85.2297,19.5072],[85.2294,19.5072],[85.2292,19.5069],[85.2289,19.5069],[85.2283,19.5064],[85.2278,19.5064],[85.2273,19.5059],[85.2272,19.5058],[85.2269,19.5058],[85.2258,19.5047],[85.2256,19.5047],[85.2247,19.5039],[85.2247,19.5036],[85.2244,19.5033],[85.2242,19.5033],[85.2233,19.5025],[85.2228,19.5025],[85.2222,19.5019],[85.2219,19.5019],[85.2208,19.5008],[85.2208,19.5006],[85.2206,19.5003],[85.2203,19.5003],[85.22,19.5],[85.2197,19.5],[85.2194,19.4997],[85.2192,19.4997],[85.2189,19.4994],[85.2186,19.4995],[85.2181,19.4989],[85.2178,19.4989],[85.2161,19.4972],[85.2158,19.4972],[85.2153,19.4967],[85.215,19.4967],[85.2142,19.4958],[85.2139,19.4958],[85.2136,19.4956],[85.2133,19.4956],[85.2128,19.495],[85.2125,19.495],[85.2119,19.4944],[85.2117,19.4944],[85.2115,19.4943],[85.2114,19.4942],[85.2111,19.4942],[85.2106,19.4936],[85.2103,19.4936],[85.2083,19.4917],[85.208,19.4917],[85.2078,19.4914],[85.2075,19.4914],[85.2067,19.4906],[85.2064,19.4906],[85.2053,19.49],[85.2036,19.4883],[85.2033,19.4883],[85.2028,19.4878],[85.2025,19.4878],[85.2022,19.4875],[85.2019,19.4875],[85.2014,19.4869],[85.2011,19.4869],[85.2008,19.4867],[85.2006,19.4867],[85.2003,19.4864],[85.2,19.4864],[85.1983,19.4847],[85.1981,19.4847],[85.1978,19.4844],[85.1972,19.4844],[85.1961,19.4833],[85.1958,19.4833],[85.1947,19.4822],[85.1942,19.4822],[85.1939,19.4819],[85.1936,19.482],[85.1928,19.4811],[85.1925,19.4811],[85.1911,19.4797],[85.1908,19.4797],[85.1897,19.4786],[85.1894,19.4786],[85.1892,19.4783],[85.1889,19.4783],[85.1886,19.4781],[85.1883,19.4781],[85.1878,19.4775],[85.1875,19.4775],[85.1872,19.4772],[85.1869,19.4772],[85.1864,19.4767],[85.1861,19.4767],[85.1858,19.4764],[85.1856,19.4764],[85.1853,19.4761],[85.185,19.4761],[85.1844,19.4756],[85.1842,19.4756],[85.1836,19.475],[85.183,19.4744],[85.1813,19.4736],[85.1772,19.47],[85.1769,19.47],[85.1767,19.4697],[85.1764,19.4697],[85.1761,19.4694],[85.1756,19.4694],[85.175,19.4689],[85.1747,19.4689],[85.1742,19.4683],[85.1739,19.4683],[85.1733,19.4678],[85.1731,19.4678],[85.1717,19.4664],[85.1714,19.4664],[85.1697,19.4647],[85.1694,19.4647],[85.1692,19.4644],[85.1689,19.4645],[85.1686,19.4642],[85.1683,19.4642],[85.1672,19.4631],[85.1669,19.4631],[85.1666,19.4627],[85.1661,19.4622],[85.1656,19.4622],[85.165,19.4617],[85.1647,19.4617],[85.1644,19.4614],[85.1642,19.4614],[85.1639,19.4611],[85.1636,19.4611],[85.1631,19.4606],[85.1628,19.4606],[85.1622,19.46],[85.1618,19.4595],[85.1585,19.4572],[85.155,19.4542],[85.1547,19.4542],[85.1544,19.4539],[85.1542,19.4539],[85.1528,19.4525],[85.1525,19.4525],[85.1522,19.4523],[85.1519,19.4522],[85.1464,19.4483],[85.1461,19.4481],[85.1458,19.4481],[85.1422,19.4453],[85.1417,19.4447],[85.1414,19.4447],[85.1408,19.4442],[85.1403,19.4442],[85.1394,19.4433],[85.1356,19.44],[85.1339,19.4383],[85.132,19.4369],[85.1292,19.4344],[85.1281,19.4333],[85.1278,19.4333],[85.1264,19.4319],[85.1261,19.4319],[85.1258,19.4317],[85.1255,19.4317],[85.123,19.43],[85.1218,19.4292],[85.1207,19.4281],[85.1187,19.4265],[85.1173,19.4254],[85.1159,19.4238],[85.1144,19.4225],[85.1125,19.4211],[85.1117,19.4203],[85.1117,19.42],[85.1108,19.4192],[85.1079,19.4167],[85.1056,19.4148],[85.1047,19.4138],[85.1043,19.4132],[85.1038,19.4126],[85.1032,19.4119],[85.1028,19.4113],[85.1023,19.4107],[85.102,19.4102],[85.1013,19.4095],[85.1011,19.4092],[85.1006,19.4084],[85.1005,19.4079],[85.0999,19.4075],[85.0995,19.407],[85.0992,19.4064],[85.0983,19.4056],[85.0983,19.4053],[85.0981,19.405],[85.0981,19.4047],[85.0972,19.4039],[85.0972,19.4036],[85.0969,19.4033],[85.0969,19.4031],[85.0964,19.4025],[85.0964,19.402],[85.0961,19.4017],[85.0961,19.4014],[85.0939,19.3992],[85.0936,19.3992],[85.0936,19.3989],[85.0928,19.3981],[85.0928,19.3978],[85.0922,19.3972],[85.0922,19.3967],[85.0917,19.3961],[85.0917,19.3956],[85.0914,19.3953],[85.0914,19.395],[85.0911,19.3947],[85.0908,19.3947],[85.0902,19.3927],[85.0874,19.3899],[85.0861,19.3878],[85.0853,19.3859],[85.0851,19.3845],[85.0839,19.3828],[85.083,19.382],[85.0818,19.381],[85.0806,19.3803],[85.0797,19.3794],[85.0797,19.3792],[85.0778,19.3772],[85.0761,19.3789],[85.0755,19.3789],[85.0745,19.3778],[85.0742,19.3778],[85.0739,19.3775],[85.0736,19.3775],[85.0733,19.3772],[85.0731,19.3772],[85.0728,19.3769],[85.0725,19.3769],[85.0717,19.3761],[85.0717,19.3758],[85.0689,19.3731],[85.0686,19.3731],[85.068,19.3725],[85.0678,19.3725],[85.0675,19.3722],[85.0664,19.3718],[85.0662,19.3717],[85.0656,19.369],[85.0651,19.3669],[85.0652,19.3669],[85.0659,19.3668],[85.0662,19.3665],[85.0662,19.3658],[85.066,19.3655],[85.0654,19.365],[85.0647,19.3644],[85.0642,19.3641],[85.0638,19.3638],[85.0631,19.3637],[85.0625,19.3633],[85.0617,19.3633],[85.0616,19.3632],[85.0614,19.3631],[85.0608,19.3631],[85.0605,19.3628],[85.0603,19.3628],[85.06,19.3625],[85.0597,19.3625],[85.0595,19.3622],[85.0592,19.3622],[85.0586,19.3617],[85.0583,19.3617],[85.0581,19.3614],[85.0575,19.3614],[85.0572,19.3611],[85.0569,19.3611],[85.0567,19.3608],[85.0564,19.3608],[85.0558,19.3603],[85.0556,19.36],[85.0556,19.3597],[85.0553,19.3594],[85.055,19.3594],[85.0547,19.3592],[85.0533,19.3592],[85.053,19.3589],[85.0528,19.3589],[85.0525,19.3586],[85.0522,19.3586],[85.0517,19.3581],[85.0514,19.3581],[85.0508,19.3575],[85.0503,19.3575],[85.05,19.3572],[85.0494,19.3572],[85.0492,19.357],[85.0486,19.357],[85.0483,19.3567],[85.0481,19.3567],[85.0477,19.3563],[85.0475,19.3561],[85.0472,19.3561],[85.0469,19.3558],[85.0467,19.3558],[85.0466,19.3557],[85.0464,19.3556],[85.0461,19.3556],[85.0458,19.3553],[85.0456,19.3553],[85.045,19.3547],[85.0447,19.3547],[85.0439,19.3539],[85.0436,19.3539],[85.0431,19.3533],[85.0428,19.3533],[85.0422,19.3528],[85.0419,19.3528],[85.0411,19.3519],[85.0403,19.3519],[85.0397,19.3514],[85.0394,19.3514],[85.0393,19.3512],[85.0392,19.3511],[85.0389,19.3511],[85.0385,19.3508],[85.0383,19.3506],[85.0381,19.3506],[85.038,19.3505],[85.0378,19.3503],[85.0375,19.3503],[85.0372,19.35],[85.0364,19.35],[85.0361,19.3497],[85.0356,19.3497],[85.035,19.3492],[85.0344,19.3486],[85.0342,19.3486],[85.0336,19.3481],[85.0333,19.3481],[85.0331,19.3478],[85.0325,19.3478],[85.0322,19.3475],[85.0317,19.3475],[85.0314,19.3472],[85.0311,19.3472],[85.0306,19.3467],[85.0303,19.3467],[85.0292,19.3456],[85.0289,19.3456],[85.0283,19.345],[85.0281,19.345],[85.0278,19.3447],[85.0275,19.3447],[85.0272,19.3444],[85.0267,19.3444],[85.0264,19.3442],[85.0261,19.3442],[85.0258,19.3439],[85.0256,19.3439],[85.0244,19.3428],[85.0242,19.3428],[85.0239,19.3425],[85.0236,19.3425],[85.0231,19.3419],[85.0228,19.3419],[85.0226,19.3418],[85.0225,19.3417],[85.0222,19.3417],[85.0217,19.3411],[85.0214,19.3411],[85.0208,19.3406],[85.0205,19.3406],[85.02,19.34],[85.0194,19.34],[85.0192,19.3397],[85.0189,19.3397],[85.0183,19.3392],[85.0181,19.3392],[85.0178,19.339],[85.0178,19.3389],[85.0175,19.3389],[85.0169,19.3383],[85.0167,19.3383],[85.0164,19.3381],[85.0161,19.3378],[85.0158,19.3378],[85.0156,19.3375],[85.0153,19.3375],[85.0151,19.3373],[85.015,19.3372],[85.0147,19.3372],[85.0142,19.3367],[85.0139,19.3367],[85.0136,19.3364],[85.0133,19.3364],[85.0117,19.3347],[85.0114,19.3347],[85.0113,19.3346],[85.0108,19.3342],[85.0106,19.3342],[85.0103,19.3339],[85.01,19.3339],[85.0097,19.3336],[85.0092,19.3336],[85.0089,19.3333],[85.0086,19.3333],[85.0083,19.3331],[85.0081,19.3331],[85.0069,19.3319],[85.0067,19.3319],[85.0064,19.3317],[85.0058,19.3317],[85.0055,19.3314],[85.0053,19.3314],[85.0047,19.3308],[85.0044,19.3308],[85.0036,19.33],[85.0033,19.33],[85.0001,19.3287],[85.0001,19.3288],[84.9999,19.3288],[84.9999,19.3285],[84.9996,19.3285],[84.9996,19.3282],[84.999,19.3282],[84.999,19.3279],[84.9985,19.3279],[84.9985,19.3276],[84.9976,19.3276],[84.9976,19.3271],[84.9974,19.3271],[84.9974,19.3268],[84.9971,19.3268],[84.9971,19.3263],[84.9965,19.3263],[84.9965,19.326],[84.996,19.326],[84.996,19.3257],[84.9957,19.3257],[84.9957,19.3254],[84.9951,19.3254],[84.9951,19.3251],[84.9949,19.3251],[84.9949,19.3249],[84.9943,19.3249],[84.9943,19.324],[84.9938,19.324],[84.9938,19.3237],[84.9935,19.3237],[84.9935,19.3235],[84.9926,19.3235],[84.9926,19.3232],[84.9924,19.3232],[84.9924,19.3229],[84.9915,19.3229],[84.9915,19.3226],[84.9912,19.3226],[84.9912,19.3221],[84.9907,19.3221],[84.9907,19.3218],[84.9904,19.3218],[84.9904,19.3215],[84.9902,19.3215],[84.9902,19.321],[84.9896,19.321],[84.9896,19.3204],[84.9885,19.3204],[84.9885,19.3201],[84.9874,19.3201],[84.9874,19.3199],[84.9868,19.3199],[84.9868,19.3196],[84.9863,19.3196],[84.9863,19.3193],[84.9857,19.3193],[84.9857,19.319],[84.9851,19.319],[84.9851,19.3185],[84.9849,19.3185],[84.9849,19.3182],[84.9843,19.3182],[84.9843,19.3176],[84.984,19.3176],[84.984,19.3174],[84.9837,19.3174],[84.9837,19.3171],[84.9835,19.3171],[84.9835,19.3168],[84.9829,19.3168],[84.9829,19.3165],[84.9824,19.3165],[84.9824,19.3162],[84.9815,19.3162],[84.9815,19.316],[84.981,19.316],[84.981,19.3157],[84.9804,19.3157],[84.9804,19.3154],[84.9801,19.3154],[84.9801,19.3146],[84.9796,19.3146],[84.9796,19.314],[84.9788,19.314],[84.9788,19.3135],[84.9782,19.3135],[84.9782,19.3132],[84.9776,19.3132],[84.9776,19.3129],[84.9774,19.3129],[84.9774,19.3126],[84.9768,19.3126],[84.9768,19.3121],[84.976,19.3121],[84.976,19.3118],[84.9757,19.3118],[84.9757,19.3115],[84.9751,19.3115],[84.9751,19.311],[84.9749,19.311],[84.9749,19.3104],[84.9746,19.3104],[84.9746,19.3101],[84.9743,19.3101],[84.9743,19.3099],[84.974,19.3099],[84.974,19.3096],[84.9732,19.3096],[84.9732,19.3093],[84.9729,19.3093],[84.9729,19.309],[84.9726,19.309],[84.9726,19.3088],[84.9721,19.3088],[84.9721,19.3085],[84.9715,19.3085],[84.9715,19.3082],[84.9713,19.3082],[84.9713,19.3079],[84.9704,19.3079],[84.9704,19.3076],[84.9701,19.3076],[84.9701,19.3074],[84.9699,19.3074],[84.9699,19.3071],[84.9696,19.3071],[84.9696,19.3065],[84.9693,19.3065],[84.9693,19.3062],[84.9688,19.3062],[84.9688,19.306],[84.9685,19.306],[84.9685,19.3057],[84.9679,19.3057],[84.9679,19.3054],[84.9676,19.3054],[84.9676,19.3049],[84.9674,19.3049],[84.9674,19.3043],[84.9671,19.3043],[84.9671,19.304],[84.9668,19.304],[84.9668,19.3038],[84.9665,19.3038],[84.9665,19.3035],[84.9668,19.3035],[84.9668,19.3029],[84.9671,19.3029],[84.9671,19.3024],[84.9674,19.3024],[84.9674,19.3021],[84.9676,19.3021],[84.9676,19.3015],[84.9679,19.3015],[84.9679,19.3013],[84.9665,19.3013],[84.9665,19.301],[84.9668,19.301],[84.9668,19.3007],[84.9671,19.3007],[84.9671,19.3004],[84.9674,19.3004],[84.9674,19.3002],[84.9676,19.3002],[84.9676,19.2996],[84.9679,19.2996],[84.9679,19.2993],[84.9685,19.2993],[84.9685,19.299],[84.969,19.299],[84.969,19.2985],[84.9674,19.2985],[84.9674,19.2987],[84.9671,19.2987],[84.9671,19.2992],[84.9671,19.2993],[84.9668,19.2993],[84.9668,19.2996],[84.9662,19.2996],[84.9662,19.2999],[84.966,19.2999],[84.966,19.3002],[84.9657,19.3002],[84.9657,19.3004],[84.9654,19.3004],[84.9654,19.301],[84.9651,19.301],[84.9651,19.3013],[84.9649,19.3013],[84.9649,19.3015],[84.9646,19.3015],[84.9646,19.3013],[84.9643,19.3013],[84.9643,19.301],[84.964,19.301],[84.964,19.3007],[84.9638,19.3007],[84.9638,19.3004],[84.9635,19.3004],[84.9635,19.3002],[84.9632,19.3002],[84.9632,19.2999],[84.9629,19.2999],[84.9629,19.2996],[84.9626,19.2996],[84.9626,19.2993],[84.9624,19.2993],[84.9624,19.299],[84.9618,19.299],[84.9618,19.2987],[84.9615,19.2987],[84.9615,19.2985],[84.9613,19.2985],[84.9613,19.2982],[84.961,19.2982],[84.961,19.2979],[84.9604,19.2979],[84.9604,19.2976],[84.9601,19.2976],[84.9601,19.2974],[84.9599,19.2974],[84.9599,19.2971],[84.959,19.2971],[84.959,19.2968],[84.9585,19.2968],[84.9585,19.2965],[84.9582,19.2965],[84.9582,19.2962],[84.9576,19.2962],[84.9576,19.296],[84.9565,19.296],[84.9565,19.2957],[84.9557,19.2957],[84.9557,19.2954],[84.9554,19.2954],[84.9554,19.2951],[84.9549,19.2951],[84.9549,19.2946],[84.9546,19.2946],[84.9546,19.2943],[84.954,19.2943],[84.954,19.294],[84.9538,19.294],[84.9538,19.2938],[84.9535,19.2938],[84.9535,19.2935],[84.9532,19.2935],[84.9532,19.2929],[84.9529,19.2929],[84.9529,19.2926],[84.9521,19.2926],[84.9521,19.2924],[84.9518,19.2924],[84.9518,19.2921],[84.9512,19.2921],[84.9512,19.2918],[84.951,19.2918],[84.951,19.2915],[84.9504,19.2915],[84.9504,19.2913],[84.9499,19.2913],[84.9499,19.291],[84.9493,19.291],[84.9493,19.2907],[84.949,19.2907],[84.949,19.2904],[84.9488,19.2904],[84.9488,19.2901],[84.9485,19.2901],[84.9485,19.2899],[84.9479,19.2899],[84.9479,19.289],[84.9476,19.289],[84.9476,19.2887],[84.9471,19.2887],[84.9471,19.2885],[84.9463,19.2885],[84.9463,19.2879],[84.9457,19.2879],[84.9457,19.2876],[84.9451,19.2876],[84.9451,19.2874],[84.9446,19.2874],[84.9446,19.2871],[84.9443,19.2871],[84.9443,19.2865],[84.944,19.2865],[84.944,19.2862],[84.9437,19.2862],[84.9437,19.286],[84.9432,19.286],[84.9432,19.2857],[84.9429,19.2857],[84.9429,19.2854],[84.9421,19.2854],[84.9421,19.2851],[84.9418,19.2851],[84.9418,19.2849],[84.9415,19.2849],[84.9415,19.2846],[84.941,19.2846],[84.941,19.2843],[84.9407,19.2843],[84.9407,19.284],[84.9401,19.284],[84.9401,19.2838],[84.9399,19.2838],[84.9399,19.2835],[84.9396,19.2835],[84.9396,19.2832],[84.9393,19.2832],[84.9393,19.2829],[84.939,19.2829],[84.939,19.2826],[84.9385,19.2826],[84.9385,19.2824],[84.9382,19.2824],[84.9382,19.2821],[84.9379,19.2821],[84.9379,19.2818],[84.9376,19.2818],[84.9376,19.2815],[84.9374,19.2815],[84.9374,19.2813],[84.9368,19.2813],[84.9368,19.281],[84.9362,19.281],[84.9362,19.2807],[84.936,19.2807],[84.936,19.2804],[84.9357,19.2804],[84.9357,19.2801],[84.9354,19.2801],[84.9354,19.2799],[84.9351,19.2799],[84.9351,19.2796],[84.9349,19.2796],[84.9349,19.2793],[84.9343,19.2793],[84.9343,19.279],[84.934,19.279],[84.934,19.2787],[84.9337,19.2787],[84.9337,19.2785],[84.9335,19.2785],[84.9335,19.2782],[84.9329,19.2782],[84.9329,19.2779],[84.9324,19.2779],[84.9324,19.2776],[84.9321,19.2776],[84.9321,19.2774],[84.9315,19.2774],[84.9315,19.2771],[84.9313,19.2771],[84.9313,19.2768],[84.931,19.2768],[84.931,19.2765],[84.9307,19.2765],[84.9307,19.2763],[84.9304,19.2763],[84.9304,19.276],[84.9301,19.276],[84.9301,19.2757],[84.9299,19.2757],[84.9299,19.2754],[84.9296,19.2754],[84.9296,19.2746],[84.9293,19.2746],[84.9293,19.2743],[84.929,19.2743],[84.929,19.274],[84.9287,19.274],[84.9287,19.2738],[84.9285,19.2738],[84.9285,19.2735],[84.9282,19.2735],[84.9282,19.2732],[84.9279,19.2732],[84.9279,19.2729],[84.9276,19.2729],[84.9276,19.2726],[84.9274,19.2726],[84.9274,19.2724],[84.9271,19.2724],[84.9271,19.2721],[84.9265,19.2721],[84.9265,19.2718],[84.926,19.2718],[84.926,19.2715],[84.9254,19.2715],[84.9254,19.2712],[84.9249,19.2712],[84.9249,19.271],[84.9246,19.271],[84.9246,19.2707],[84.9243,19.2707],[84.9243,19.2704],[84.9237,19.2704],[84.9237,19.2701],[84.9235,19.2701],[84.9235,19.2698],[84.9232,19.2699],[84.9232,19.2696],[84.9229,19.2696],[84.9229,19.2693],[84.9226,19.2693],[84.9226,19.2688],[84.9224,19.2688],[84.9224,19.2685],[84.9221,19.2685],[84.9221,19.2682],[84.9218,19.2682],[84.9218,19.2679],[84.9212,19.2679],[84.9212,19.2676],[84.921,19.2676],[84.921,19.2671],[84.9207,19.2671],[84.9207,19.2665],[84.9207,19.266],[84.9204,19.266],[84.9204,19.2657],[84.9199,19.2657],[84.9199,19.2654],[84.9196,19.2654],[84.9196,19.2651],[84.9191,19.2651],[84.919,19.2649],[84.9187,19.2649],[84.9187,19.2646],[84.9183,19.2646],[84.9182,19.2646],[84.9182,19.2643],[84.9179,19.2643],[84.9157,19.2643],[84.9157,19.264],[84.9154,19.264],[84.9154,19.2638],[84.914,19.2638],[84.914,19.2635],[84.9135,19.2635],[84.9135,19.2632],[84.9132,19.2632],[84.9132,19.2629],[84.9129,19.2629],[84.9129,19.2626],[84.9126,19.2626],[84.9126,19.2624],[84.9124,19.2624],[84.9124,19.2621],[84.9112,19.2621],[84.9112,19.2624],[84.9104,19.2624],[84.9104,19.2626],[84.9099,19.2626],[84.9099,19.2629],[84.909,19.2629],[84.909,19.2632],[84.9085,19.2632],[84.9085,19.2635],[84.9082,19.2635],[84.9082,19.2643],[84.9079,19.2643],[84.9079,19.2671],[84.9076,19.2671],[84.9076,19.2693],[84.9074,19.2693],[84.9074,19.2699],[84.9063,19.2699],[84.9063,19.2696],[84.9057,19.2696],[84.9057,19.2693],[84.9054,19.2693],[84.9054,19.2685],[84.9051,19.2685],[84.9051,19.2682],[84.9049,19.2682],[84.9049,19.2679],[84.9046,19.2679],[84.9046,19.2671],[84.9049,19.2671],[84.9049,19.2668],[84.9051,19.2668],[84.9051,19.2665],[84.9054,19.2665],[84.9054,19.2663],[84.9057,19.2663],[84.9057,19.2635],[84.906,19.2635],[84.906,19.2632],[84.9063,19.2632],[84.9063,19.2626],[84.9074,19.2626],[84.9074,19.2624],[84.9076,19.2624],[84.9076,19.2621],[84.9082,19.2621],[84.9082,19.2615],[84.9085,19.2615],[84.9085,19.2612],[84.9096,19.2612],[84.9096,19.261],[84.9104,19.261],[84.9104,19.2607],[84.9115,19.2607],[84.9115,19.2604],[84.9124,19.2604],[84.9124,19.2601],[84.9126,19.2601],[84.9126,19.2596],[84.9124,19.2596],[84.9124,19.2593],[84.9118,19.2593],[84.9118,19.259],[84.9115,19.259],[84.9115,19.2588],[84.9112,19.2588],[84.9112,19.2585],[84.911,19.2585],[84.911,19.2582],[84.9104,19.2582],[84.9104,19.2579],[84.9101,19.2579],[84.9101,19.2576],[84.9099,19.2576],[84.9099,19.2574],[84.9096,19.2574],[84.9096,19.2571],[84.9093,19.2571],[84.9093,19.2568],[84.909,19.2568],[84.909,19.2565],[84.9087,19.2565],[84.9087,19.2563],[84.9085,19.2563],[84.9085,19.256],[84.9082,19.256],[84.9082,19.2557],[84.9079,19.2557],[84.9079,19.2554],[84.9076,19.2554],[84.9076,19.2551],[84.9074,19.2551],[84.9074,19.2546],[84.9068,19.2546],[84.9068,19.2543],[84.9065,19.2543],[84.9065,19.254],[84.9063,19.254],[84.9063,19.2537],[84.906,19.2537],[84.906,19.2532],[84.9057,19.2532],[84.9057,19.2529],[84.9054,19.2529],[84.9054,19.2526],[84.9049,19.2526],[84.9049,19.2524],[84.9037,19.2524],[84.9037,19.2521],[84.9032,19.2521],[84.9032,19.2515],[84.9029,19.2515],[84.9029,19.2513],[84.9026,19.2513],[84.9026,19.2507],[84.9024,19.2507],[84.9024,19.2504],[84.9021,19.2504],[84.9021,19.2501],[84.9015,19.2501],[84.9015,19.2499],[84.9013,19.2499],[84.9013,19.2496],[84.901,19.2496],[84.901,19.2493],[84.9007,19.2493],[84.9007,19.249],[84.9004,19.249],[84.9004,19.2485],[84.8996,19.2485],[84.8996,19.2482],[84.8988,19.2482],[84.8988,19.2479],[84.8985,19.2479],[84.8985,19.2476],[84.8982,19.2476],[84.8979,19.2476],[84.8979,19.2474],[84.8978,19.2474],[84.8974,19.2474],[84.8974,19.2471],[84.8971,19.2471],[84.8971,19.2468],[84.8965,19.2468],[84.8965,19.2465],[84.8962,19.2465],[84.8962,19.2463],[84.896,19.2463],[84.896,19.246],[84.8957,19.246],[84.8957,19.2457],[84.8954,19.2457],[84.8954,19.2454],[84.8951,19.2454],[84.8951,19.2451],[84.8946,19.2451],[84.8946,19.2446],[84.8943,19.2446],[84.8943,19.2443],[84.894,19.2443],[84.894,19.244],[84.8938,19.244],[84.8938,19.2438],[84.8935,19.2437],[84.8934,19.2435],[84.8934,19.2435],[84.8932,19.2435],[84.8932,19.2433],[84.8932,19.2432],[84.8931,19.2432],[84.8926,19.2432],[84.8926,19.2429],[84.8921,19.2429],[84.8921,19.2426],[84.8918,19.2426],[84.8918,19.2424],[84.8915,19.2424],[84.8915,19.2421],[84.8913,19.2421],[84.8913,19.2418],[84.8907,19.2418],[84.8907,19.2415],[84.8904,19.2415],[84.8904,19.241],[84.8901,19.241],[84.8901,19.2407],[84.8899,19.2407],[84.8899,19.2404],[84.8896,19.2404],[84.8895,19.2401],[84.889,19.2401],[84.889,19.2399],[84.8887,19.2399],[84.8887,19.2396],[84.8885,19.2396],[84.8885,19.2393],[84.8882,19.2393],[84.8882,19.239],[84.8879,19.239],[84.8879,19.2388],[84.8876,19.2388],[84.8876,19.2385],[84.8871,19.2385],[84.8871,19.2382],[84.8868,19.2382],[84.8868,19.2379],[84.8863,19.2379],[84.8863,19.2376],[84.886,19.2376],[84.886,19.2374],[84.8857,19.2374],[84.8857,19.2371],[84.8854,19.2371],[84.8854,19.2368],[84.8851,19.2368],[84.8851,19.2365],[84.8849,19.2365],[84.8849,19.2362],[84.8846,19.2362],[84.8846,19.2358],[84.8846,19.2357],[84.8844,19.2357],[84.8843,19.2357],[84.8843,19.2354],[84.884,19.2354],[84.884,19.2353],[84.884,19.2351],[84.8838,19.2351],[84.8838,19.2349],[84.8835,19.2349],[84.8835,19.2346],[84.8832,19.2346],[84.8832,19.2343],[84.8829,19.2343],[84.8829,19.2337],[84.8826,19.2337],[84.8826,19.2335],[84.8821,19.2335],[84.8821,19.2332],[84.8819,19.2332],[84.8818,19.2332],[84.8818,19.2329],[84.8817,19.2329],[84.8815,19.2329],[84.8815,19.2326],[84.8812,19.2326],[84.8812,19.2322],[84.8812,19.2321],[84.8804,19.2321],[84.8804,19.2315],[84.8801,19.2315],[84.8801,19.2313],[84.8799,19.2313],[84.8799,19.231],[84.8796,19.231],[84.8796,19.2307],[84.879,19.2307],[84.879,19.2304],[84.8788,19.2304],[84.8788,19.2301],[84.8785,19.2301],[84.8785,19.2296],[84.8779,19.2296],[84.8779,19.229],[84.8776,19.229],[84.8776,19.2288],[84.8771,19.2288],[84.8771,19.2285],[84.8768,19.2285],[84.8768,19.2282],[84.8765,19.2282],[84.8765,19.2279],[84.8763,19.2279],[84.8763,19.2276],[84.876,19.2276],[84.876,19.2271],[84.8757,19.2271],[84.8757,19.2268],[84.8751,19.2268],[84.8751,19.2265],[84.8746,19.2265],[84.8746,19.226],[84.8743,19.226],[84.8743,19.2257],[84.874,19.2257],[84.874,19.2254],[84.8735,19.2254],[84.8735,19.2251],[84.8729,19.2251],[84.8729,19.2249],[84.8726,19.2249],[84.8726,19.2243],[84.8724,19.2243],[84.8724,19.224],[84.8721,19.224],[84.8721,19.2238],[84.8715,19.2238],[84.8715,19.2232],[84.8712,19.2232],[84.8712,19.2229],[84.871,19.2229],[84.871,19.2226],[84.8707,19.2226],[84.8707,19.2224],[84.8704,19.2224],[84.8704,19.2221],[84.8701,19.2221],[84.8701,19.2218],[84.8699,19.2218],[84.8699,19.2215],[84.869,19.2215],[84.869,19.2213],[84.8688,19.2213],[84.8688,19.221],[84.8685,19.221],[84.8685,19.2207],[84.8679,19.2207],[84.8679,19.2204],[84.8676,19.2204],[84.8676,19.2201],[84.8674,19.2201],[84.8674,19.2196],[84.8668,19.2196],[84.8668,19.219],[84.8665,19.219],[84.8665,19.2187],[84.8662,19.2187],[84.8662,19.2185],[84.866,19.2185],[84.866,19.2182],[84.8657,19.2182],[84.8657,19.2179],[84.8654,19.2179],[84.8654,19.2176],[84.8651,19.2176],[84.8651,19.2171],[84.8649,19.2171],[84.8649,19.2165],[84.8646,19.2165],[84.8646,19.2162],[84.8643,19.2162],[84.8643,19.216],[84.864,19.216],[84.864,19.2157],[84.8637,19.2157],[84.8637,19.2154],[84.8635,19.2154],[84.8635,19.2151],[84.8632,19.2151],[84.8632,19.2149],[84.8629,19.2149],[84.8629,19.2143],[84.8626,19.2143],[84.8626,19.214],[84.8621,19.214],[84.8621,19.2138],[84.8615,19.2138],[84.8615,19.2135],[84.8613,19.2135],[84.8613,19.2132],[84.861,19.2132],[84.861,19.2129],[84.8607,19.2129],[84.8607,19.2126],[84.8604,19.2126],[84.8604,19.2124],[84.8601,19.2124],[84.8601,19.2121],[84.8599,19.2121],[84.8599,19.2118],[84.8593,19.2118],[84.8593,19.2115],[84.859,19.2115],[84.859,19.2113],[84.8587,19.2113],[84.8587,19.2107],[84.8585,19.2107],[84.8585,19.2104],[84.8582,19.2104],[84.8582,19.2099],[84.8579,19.2099],[84.8579,19.2096],[84.8576,19.2096],[84.8576,19.2093],[84.8571,19.2093],[84.8571,19.2087],[84.8568,19.2087],[84.8568,19.2085],[84.8565,19.2085],[84.8565,19.2082],[84.8562,19.2082],[84.8562,19.2079],[84.856,19.2079],[84.856,19.2076],[84.8557,19.2076],[84.8557,19.2074],[84.8554,19.2074],[84.8554,19.2071],[84.8551,19.2071],[84.8551,19.2068],[84.8549,19.2068],[84.8549,19.2065],[84.8546,19.2065],[84.8546,19.2062],[84.8543,19.2062],[84.8543,19.206],[84.8538,19.206],[84.8538,19.2057],[84.8535,19.2057],[84.8535,19.2054],[84.8532,19.2054],[84.8532,19.2051],[84.8529,19.2051],[84.8529,19.2049],[84.8526,19.2049],[84.8526,19.2046],[84.8524,19.2046],[84.8524,19.204],[84.8521,19.204],[84.8521,19.2038],[84.8515,19.2038],[84.8515,19.2032],[84.8512,19.2032],[84.8512,19.2029],[84.851,19.2029],[84.851,19.2026],[84.8507,19.2026],[84.8507,19.2021],[84.8504,19.2021],[84.8504,19.2018],[84.8496,19.2018],[84.8496,19.2015],[84.8493,19.2015],[84.8493,19.2013],[84.849,19.2013],[84.849,19.201],[84.8487,19.201],[84.8487,19.2007],[84.8485,19.2007],[84.8485,19.2004],[84.8482,19.2004],[84.8482,19.1999],[84.8479,19.1999],[84.8479,19.1996],[84.8476,19.1996],[84.8476,19.1993],[84.8474,19.1993],[84.8474,19.199],[84.8471,19.199],[84.8471,19.1985],[84.8468,19.1985],[84.8468,19.1982],[84.8465,19.1982],[84.8465,19.1976],[84.8463,19.1976],[84.8463,19.1974],[84.8462,19.1974],[84.846,19.1974],[84.846,19.1972],[84.8454,19.1971],[84.8454,19.1968],[84.8449,19.1968],[84.8449,19.1965],[84.8446,19.1965],[84.8446,19.1963],[84.8443,19.1963],[84.8443,19.1957],[84.844,19.1957],[84.844,19.1951],[84.8435,19.1951],[84.8435,19.1946],[84.8429,19.1946],[84.8429,19.1943],[84.8427,19.1943],[84.8427,19.194],[84.8424,19.194],[84.8424,19.1938],[84.8421,19.1938],[84.8421,19.1935],[84.8418,19.1935],[84.8418,19.1932],[84.8415,19.1932],[84.8415,19.1924],[84.8412,19.1924],[84.8412,19.1919],[84.8412,19.1918],[84.841,19.1918],[84.841,19.1915],[84.8407,19.1915],[84.8407,19.1913],[84.8401,19.1912],[84.8401,19.191],[84.8399,19.191],[84.8399,19.1907],[84.8396,19.1907],[84.8396,19.1904],[84.8393,19.1904],[84.8393,19.1901],[84.839,19.1901],[84.839,19.1899],[84.8388,19.1899],[84.8388,19.1896],[84.8385,19.1896],[84.8385,19.189],[84.8382,19.189],[84.8382,19.1888],[84.8379,19.1888],[84.8379,19.1884],[84.8379,19.1882],[84.8378,19.1882],[84.8376,19.1882],[84.8376,19.1881],[84.8376,19.1876],[84.8374,19.1876],[84.8374,19.1871],[84.8371,19.1871],[84.8371,19.1865],[84.8368,19.1865],[84.8368,19.1863],[84.8365,19.1863],[84.8365,19.186],[84.8357,19.186],[84.8357,19.1857],[84.8354,19.1857],[84.8351,19.1857],[84.8351,19.1854],[84.8351,19.1849],[84.8349,19.1849],[84.8349,19.1846],[84.8346,19.1846],[84.8346,19.1843],[84.8343,19.1843],[84.8343,19.1838],[84.834,19.1838],[84.834,19.1832],[84.8337,19.1832],[84.8337,19.1829],[84.8335,19.1829],[84.8335,19.1826],[84.8332,19.1826],[84.8332,19.1824],[84.8329,19.1824],[84.8329,19.1821],[84.8326,19.1821],[84.8326,19.1818],[84.8321,19.1818],[84.8321,19.1815],[84.8318,19.1815],[84.8318,19.1812],[84.8315,19.1812],[84.8315,19.1807],[84.8313,19.1807],[84.8313,19.1804],[84.831,19.1804],[84.831,19.1801],[84.8307,19.1801],[84.8307,19.18],[84.8307,19.1799],[84.8304,19.1799],[84.8304,19.1796],[84.8301,19.1796],[84.8301,19.1793],[84.8299,19.1793],[84.8299,19.179],[84.8296,19.179],[84.8296,19.1787],[84.8293,19.1787],[84.8293,19.1785],[84.829,19.1785],[84.829,19.1779],[84.8288,19.1779],[84.8288,19.1771],[84.8282,19.1771],[84.8282,19.1765],[84.8279,19.1765],[84.8279,19.1763],[84.8274,19.1763],[84.8274,19.176],[84.8265,19.176],[84.8265,19.1754],[84.8262,19.1754],[84.8262,19.1752],[84.826,19.1751],[84.826,19.1749],[84.8257,19.1749],[84.8257,19.1746],[84.8254,19.1746],[84.8254,19.1743],[84.8254,19.174],[84.8252,19.174],[84.8251,19.1737],[84.825,19.1737],[84.8246,19.1737],[84.8246,19.1735],[84.8238,19.1735],[84.8238,19.1729],[84.8235,19.1729],[84.8235,19.1724],[84.8232,19.1724],[84.8232,19.1718],[84.8229,19.1718],[84.8229,19.1715],[84.8226,19.1715],[84.8226,19.171],[84.8224,19.171],[84.8224,19.1707],[84.8218,19.1707],[84.8218,19.1704],[84.8215,19.1704],[84.8215,19.1701],[84.8213,19.1701],[84.8213,19.1699],[84.821,19.1699],[84.821,19.1696],[84.8207,19.1696],[84.8207,19.169],[84.8204,19.169],[84.8204,19.1685],[84.8201,19.1685],[84.8201,19.1682],[84.8199,19.1682],[84.8199,19.1678],[84.8199,19.1676],[84.8197,19.1676],[84.8196,19.1677],[84.8196,19.1675],[84.8196,19.1671],[84.8193,19.1671],[84.8193,19.1668],[84.819,19.1668],[84.819,19.1665],[84.8187,19.1665],[84.8187,19.166],[84.8185,19.166],[84.8185,19.1657],[84.8182,19.1657],[84.8182,19.1651],[84.8179,19.1651],[84.8179,19.1646],[84.8176,19.1646],[84.8176,19.1643],[84.8174,19.1643],[84.8174,19.1637],[84.8171,19.1637],[84.8171,19.1635],[84.8168,19.1635],[84.8168,19.1632],[84.8165,19.1632],[84.8165,19.1629],[84.8161,19.1629],[84.816,19.1629],[84.816,19.1626],[84.8157,19.1626],[84.8157,19.1624],[84.8154,19.1624],[84.8154,19.1621],[84.8151,19.1621],[84.8151,19.1615],[84.8149,19.1615],[84.8149,19.1613],[84.8146,19.1613],[84.8146,19.161],[84.8143,19.161],[84.8143,19.1604],[84.814,19.1604],[84.814,19.1601],[84.8138,19.1601],[84.8138,19.1599],[84.8135,19.1599],[84.8135,19.1593],[84.8129,19.1593],[84.8129,19.1588],[84.8126,19.1588],[84.8126,19.1585],[84.8124,19.1585],[84.8124,19.1582],[84.8121,19.1582],[84.8121,19.1576],[84.8118,19.1576],[84.8118,19.1574],[84.8112,19.1574],[84.8112,19.1571],[84.811,19.1571],[84.811,19.1568],[84.8107,19.1568],[84.8107,19.1565],[84.8104,19.1565],[84.8104,19.1563],[84.8101,19.1563],[84.8101,19.156],[84.8099,19.156],[84.8099,19.1557],[84.8096,19.1557],[84.8096,19.1554],[84.8093,19.1554],[84.8093,19.1551],[84.809,19.1551],[84.809,19.1549],[84.8087,19.1549],[84.8087,19.154],[84.8085,19.154],[84.8085,19.1524],[84.8082,19.1524],[84.8082,19.1515],[84.8079,19.1515],[84.8079,19.1512],[84.8079,19.151],[84.8076,19.151],[84.8076,19.1504],[84.8074,19.1504],[84.8074,19.1501],[84.807,19.1501],[84.8068,19.1501],[84.8068,19.15],[84.8068,19.1496],[84.8065,19.1496],[84.8065,19.1493],[84.8062,19.1493],[84.806,19.1493],[84.806,19.149],[84.8057,19.149],[84.8057,19.1488],[84.8054,19.1488],[84.8054,19.1485],[84.8054,19.1482],[84.8052,19.1482],[84.8051,19.1479],[84.8049,19.1479],[84.8049,19.1478],[84.8049,19.1465],[84.8046,19.1465],[84.8046,19.1457],[84.8043,19.1457],[84.8043,19.1451],[84.804,19.1451],[84.804,19.1449],[84.8037,19.1449],[84.8037,19.1446],[84.8032,19.1446],[84.8032,19.144],[84.8029,19.144],[84.8029,19.1435],[84.8026,19.1435],[84.8026,19.1429],[84.8024,19.1429],[84.8024,19.1421],[84.8021,19.1421],[84.8021,19.1415],[84.8018,19.1415],[84.8018,19.141],[84.8015,19.141],[84.8015,19.1404],[84.8012,19.1404],[84.8012,19.1401],[84.801,19.1401],[84.801,19.1396],[84.8007,19.1396],[84.8007,19.1393],[84.8004,19.1393],[84.8004,19.1387],[84.7999,19.1387],[84.7999,19.1385],[84.7996,19.1385],[84.7996,19.1376],[84.7993,19.1376],[84.7993,19.1368],[84.799,19.1368],[84.799,19.1362],[84.7988,19.1362],[84.7988,19.1357],[84.7985,19.1357],[84.7985,19.1351],[84.7979,19.1351],[84.7979,19.1338],[84.7976,19.1338],[84.7976,19.1335],[84.7974,19.1335],[84.7974,19.1332],[84.7971,19.1332],[84.7971,19.1313],[84.7968,19.1313],[84.7968,19.1304],[84.7965,19.1304],[84.7965,19.1293],[84.7962,19.1293],[84.7962,19.1287],[84.796,19.1287],[84.796,19.1285],[84.7957,19.1285],[84.7957,19.1282],[84.7951,19.1282],[84.7951,19.1279],[84.7949,19.1279],[84.7949,19.1276],[84.794,19.1276],[84.794,19.1271],[84.7937,19.1271],[84.7937,19.1268],[84.7932,19.1268],[84.7932,19.1265],[84.7926,19.1265],[84.7926,19.1262],[84.7921,19.1262],[84.7921,19.126],[84.7918,19.126],[84.7918,19.1257],[84.7915,19.1257],[84.7915,19.1254],[84.791,19.1254],[84.791,19.1252],[84.791,19.1251],[84.7899,19.1251],[84.7899,19.1246],[84.7896,19.1246],[84.7896,19.124],[84.7893,19.124],[84.7893,19.1238],[84.789,19.1238],[84.789,19.1232],[84.7887,19.1232],[84.7887,19.1229],[84.7885,19.1229],[84.7885,19.1226],[84.7882,19.1226],[84.7882,19.1221],[84.7879,19.1221],[84.7879,19.1218],[84.7876,19.1218],[84.7876,19.1215],[84.7871,19.1215],[84.7871,19.1213],[84.7862,19.1213],[84.7862,19.121],[84.786,19.121],[84.786,19.1207],[84.7857,19.1207],[84.7857,19.1204],[84.7854,19.1204],[84.7854,19.1201],[84.7851,19.1201],[84.7851,19.1199],[84.7849,19.1199],[84.7849,19.1193],[84.7846,19.1193],[84.7846,19.119],[84.7843,19.119],[84.7843,19.1187],[84.784,19.1187],[84.784,19.1182],[84.7838,19.1182],[84.7838,19.1179],[84.7835,19.1179],[84.7835,19.1174],[84.7832,19.1174],[84.7832,19.1171],[84.7829,19.1171],[84.7829,19.1168],[84.7826,19.1168],[84.7826,19.1163],[84.7824,19.1163],[84.7824,19.116],[84.7821,19.116],[84.7821,19.1154],[84.7829,19.1154],[84.7829,19.1151],[84.7832,19.1151],[84.7832,19.114],[84.7829,19.114],[84.7829,19.1138],[84.7826,19.1138],[84.7826,19.1135],[84.7824,19.1135],[84.7824,19.1132],[84.7804,19.1132],[84.7804,19.1129],[84.7801,19.1129],[84.7801,19.1124],[84.7799,19.1124],[84.7799,19.1121],[84.7796,19.1121],[84.7796,19.1118],[84.7793,19.1118],[84.7793,19.1115],[84.7787,19.1115],[84.7787,19.1112],[84.7785,19.1112],[84.7785,19.1107],[84.7782,19.1107],[84.7782,19.1104],[84.7779,19.1104],[84.7779,19.1101],[84.7774,19.1101],[84.7774,19.1099],[84.7765,19.1099],[84.7765,19.1096],[84.776,19.1096],[84.776,19.1099],[84.7754,19.1099],[84.7754,19.1096],[84.774,19.1096],[84.774,19.1099],[84.7738,19.1099],[84.7738,19.1096],[84.7726,19.1096],[84.7726,19.1093],[84.7693,19.1093],[84.7693,19.1096],[84.769,19.1096],[84.769,19.1093],[84.7682,19.1093],[84.7682,19.1096],[84.7676,19.1096],[84.7676,19.1099],[84.7674,19.1099],[84.7674,19.1101],[84.7671,19.1101],[84.7671,19.1099],[84.7668,19.1099],[84.7668,19.1101],[84.7657,19.1101],[84.7657,19.1104],[84.7654,19.1104],[84.7654,19.1107],[84.7646,19.1107],[84.7646,19.1115],[84.7626,19.1115],[84.7626,19.1118],[84.7621,19.1118],[84.7621,19.1121],[84.7618,19.1121],[84.7618,19.1124],[84.7615,19.1124],[84.7615,19.1126],[84.761,19.1126],[84.761,19.1129],[84.7607,19.1129],[84.7607,19.1132],[84.7599,19.1132],[84.7599,19.1135],[84.7593,19.1135],[84.7593,19.1138],[84.759,19.1138],[84.759,19.1135],[84.7588,19.1135],[84.7588,19.1132],[84.7582,19.1132],[84.7582,19.1135],[84.7576,19.1135],[84.7576,19.1138],[84.7574,19.1138],[84.7574,19.114],[84.7576,19.114],[84.7576,19.1149],[84.7574,19.1149],[84.7574,19.1151],[84.7571,19.1151],[84.7571,19.1154],[84.7565,19.1154],[84.7565,19.1151],[84.756,19.1151],[84.756,19.1149],[84.7557,19.1149],[84.7557,19.1146],[84.7554,19.1146],[84.7554,19.1143],[84.7557,19.1143],[84.7557,19.1138],[84.756,19.1138],[84.756,19.1126],[84.7557,19.1126],[84.7557,19.1121],[84.7554,19.1121],[84.7554,19.1118],[84.7549,19.1118],[84.7549,19.1112],[84.7543,19.1112],[84.7543,19.1115],[84.7537,19.1115],[84.7537,19.1112],[84.7535,19.1112],[84.7535,19.1115],[84.7532,19.1115],[84.7532,19.1129],[84.7543,19.1129],[84.7543,19.1138],[84.754,19.1138],[84.754,19.1143],[84.7535,19.1143],[84.7535,19.1146],[84.7529,19.1146],[84.7529,19.1151],[84.7526,19.1151],[84.7526,19.1157],[84.7521,19.1157],[84.7521,19.116],[84.751,19.116],[84.751,19.1163],[84.7499,19.1163],[84.7499,19.1165],[84.7496,19.1165],[84.7496,19.1168],[84.7493,19.1168],[84.7493,19.1171],[84.7476,19.1171],[84.7476,19.1174],[84.7471,19.1174],[84.7471,19.1176],[84.7457,19.1176],[84.7457,19.1174],[84.7454,19.1174],[84.7454,19.1171],[84.7451,19.1171],[84.7451,19.1168],[84.7449,19.1168],[84.7449,19.1165],[84.7443,19.1165],[84.7443,19.1163],[84.744,19.1163],[84.744,19.116],[84.7438,19.116],[84.7438,19.1157],[84.7435,19.1157],[84.7435,19.1154],[84.7429,19.1154],[84.7429,19.1151],[84.7426,19.1151],[84.7426,19.1149],[84.7421,19.1149],[84.7421,19.1146],[84.7412,19.1146],[84.7412,19.1143],[84.741,19.1143],[84.741,19.114],[84.7407,19.114],[84.7407,19.1138],[84.7404,19.1138],[84.7404,19.1132],[84.7401,19.1132],[84.7401,19.1129],[84.7399,19.1129],[84.7399,19.1126],[84.7396,19.1126],[84.7396,19.1124],[84.7385,19.1124],[84.7385,19.1118],[84.7382,19.1118],[84.7382,19.111],[84.7379,19.111],[84.7379,19.1107],[84.7371,19.1107],[84.7371,19.1104],[84.7368,19.1104],[84.7368,19.1101],[84.7365,19.1101],[84.7365,19.1093],[84.7363,19.1093],[84.7363,19.1087],[84.7365,19.1087],[84.7365,19.1073],[84.7363,19.1074],[84.7363,19.1068],[84.736,19.1068],[84.736,19.1065],[84.7357,19.1065],[84.7357,19.1063],[84.7354,19.1063],[84.7354,19.106],[84.7351,19.106],[84.7351,19.1057],[84.7349,19.1057],[84.7349,19.1035],[84.7346,19.1035],[84.7346,19.1032],[84.7349,19.1032],[84.7349,19.1024],[84.7351,19.1024],[84.7351,19.1012],[84.7349,19.1012],[84.7349,19.101],[84.7346,19.101],[84.7346,19.1007],[84.7337,19.1007],[84.7337,19.1001],[84.7335,19.1001],[84.7335,19.0999],[84.7332,19.0999],[84.7332,19.0996],[84.7329,19.0996],[84.7329,19.099],[84.7326,19.099],[84.7326,19.0982],[84.7324,19.0982],[84.7324,19.0979],[84.7321,19.0979],[84.7321,19.0976],[84.7315,19.0976],[84.7315,19.0974],[84.7312,19.0974],[84.7312,19.0971],[84.731,19.0971],[84.731,19.0968],[84.7304,19.0968],[84.7304,19.0965],[84.7288,19.0965],[84.7288,19.0963],[84.7285,19.0963],[84.7285,19.096],[84.7279,19.096],[84.7279,19.0957],[84.7274,19.0957],[84.7274,19.096],[84.7268,19.096],[84.7268,19.0963],[84.7262,19.0963],[84.7262,19.0965],[84.7254,19.0965],[84.7254,19.0974],[84.7251,19.0974],[84.7251,19.0979],[84.7257,19.0979],[84.7257,19.0985],[84.726,19.0985],[84.726,19.1001],[84.7257,19.1001],[84.7257,19.1026],[84.726,19.1026],[84.726,19.1032],[84.7262,19.1032],[84.7262,19.1038],[84.7265,19.1038],[84.7265,19.104],[84.7268,19.104],[84.7268,19.1043],[84.7271,19.1043],[84.7271,19.1046],[84.7276,19.1046],[84.7276,19.1049],[84.7279,19.1049],[84.7279,19.1054],[84.7282,19.1054],[84.7282,19.1057],[84.7293,19.1057],[84.7293,19.1065],[84.7296,19.1065],[84.7296,19.1071],[84.7299,19.1071],[84.7299,19.1074],[84.7301,19.1073],[84.7301,19.1076],[84.7304,19.1076],[84.7304,19.1079],[84.7307,19.1079],[84.7307,19.1082],[84.731,19.1082],[84.731,19.1085],[84.7315,19.1085],[84.7315,19.1093],[84.7318,19.1093],[84.7318,19.1096],[84.7321,19.1096],[84.7321,19.1101],[84.7324,19.1101],[84.7324,19.1104],[84.7326,19.1104],[84.7326,19.111],[84.7329,19.111],[84.7329,19.1118],[84.7326,19.1118],[84.7326,19.1126],[84.7329,19.1126],[84.7329,19.1129],[84.734,19.1129],[84.734,19.1126],[84.7343,19.1126],[84.7343,19.1124],[84.7346,19.1124],[84.7346,19.1121],[84.7351,19.1121],[84.7351,19.1118],[84.7354,19.1118],[84.7354,19.1115],[84.7357,19.1115],[84.7357,19.111],[84.7365,19.111],[84.7365,19.1121],[84.7371,19.1121],[84.7371,19.1124],[84.7379,19.1124],[84.7379,19.1126],[84.7382,19.1126],[84.7382,19.1132],[84.7371,19.1132],[84.7371,19.1135],[84.7368,19.1135],[84.7368,19.1146],[84.7365,19.1146],[84.7365,19.1143],[84.7363,19.1143],[84.7363,19.114],[84.736,19.114],[84.736,19.1157],[84.7357,19.1157],[84.7357,19.1163],[84.7354,19.1163],[84.7354,19.1165],[84.7351,19.1165],[84.7351,19.1168],[84.7349,19.1168],[84.7349,19.1174],[84.7351,19.1174],[84.7351,19.1179],[84.7354,19.1179],[84.7354,19.1176],[84.736,19.1176],[84.736,19.1179],[84.7363,19.1179],[84.7363,19.1196],[84.736,19.1196],[84.736,19.1199],[84.7357,19.1199],[84.7357,19.1201],[84.7349,19.1201],[84.7349,19.1204],[84.7343,19.1204],[84.7343,19.1201],[84.7337,19.1201],[84.7337,19.1207],[84.7335,19.1207],[84.7335,19.1221],[84.7337,19.1221],[84.7337,19.1224],[84.7354,19.1224],[84.7354,19.1221],[84.7357,19.1221],[84.7357,19.1218],[84.7371,19.1218],[84.7371,19.1221],[84.7374,19.1221],[84.7374,19.1229],[84.7371,19.1229],[84.7371,19.1232],[84.7368,19.1232],[84.7368,19.1235],[84.736,19.1235],[84.736,19.1238],[84.7357,19.1238],[84.7357,19.124],[84.7354,19.124],[84.7354,19.1249],[84.736,19.1249],[84.736,19.1246],[84.7385,19.1246],[84.7385,19.124],[84.7387,19.124],[84.7387,19.1238],[84.7393,19.1238],[84.7393,19.1235],[84.7401,19.1235],[84.7401,19.1232],[84.741,19.1232],[84.741,19.1229],[84.7415,19.1229],[84.7415,19.1226],[84.7418,19.1226],[84.7418,19.1224],[84.7424,19.1224],[84.7424,19.1226],[84.7435,19.1226],[84.7435,19.1224],[84.7438,19.1224],[84.7438,19.1221],[84.744,19.1221],[84.744,19.1215],[84.7446,19.1215],[84.7446,19.121],[84.7454,19.121],[84.7454,19.1207],[84.7457,19.1207],[84.7457,19.121],[84.746,19.121],[84.746,19.1213],[84.7463,19.1213],[84.7463,19.1215],[84.7465,19.1215],[84.7465,19.1232],[84.7462,19.1232],[84.7463,19.1238],[84.746,19.1238],[84.746,19.1243],[84.7454,19.1243],[84.7454,19.1249],[84.7451,19.1249],[84.7451,19.1251],[84.7443,19.1251],[84.7443,19.1262],[84.744,19.1262],[84.744,19.1271],[84.7443,19.1271],[84.7443,19.1279],[84.7446,19.1279],[84.7446,19.1282],[84.7449,19.1282],[84.7449,19.1285],[84.7457,19.1285],[84.7457,19.1287],[84.7463,19.1287],[84.7463,19.129],[84.7465,19.129],[84.7465,19.1293],[84.7468,19.1293],[84.7468,19.1296],[84.7465,19.1296],[84.7465,19.1299],[84.7463,19.1299],[84.7463,19.1307],[84.7465,19.1307],[84.7465,19.131],[84.7468,19.131],[84.7468,19.1318],[84.7454,19.1318],[84.7454,19.1321],[84.7449,19.1321],[84.7449,19.1324],[84.7446,19.1324],[84.7446,19.1329],[84.7449,19.1329],[84.7449,19.1332],[84.7451,19.1332],[84.7451,19.1335],[84.7454,19.1335],[84.7454,19.134],[84.7471,19.134],[84.7471,19.1343],[84.7476,19.1343],[84.7476,19.1346],[84.7479,19.1346],[84.7479,19.1349],[84.7482,19.1349],[84.7482,19.1351],[84.7485,19.1351],[84.7485,19.1357],[84.7487,19.1357],[84.7487,19.136],[84.7504,19.136],[84.7504,19.1365],[84.7501,19.1365],[84.7501,19.1371],[84.7499,19.1371],[84.7499,19.1404],[84.7496,19.1404],[84.7496,19.1413],[84.7493,19.1413],[84.7493,19.1418],[84.749,19.1418],[84.749,19.1421],[84.7487,19.1421],[84.7487,19.1424],[84.7482,19.1424],[84.7482,19.1426],[84.7474,19.1426],[84.7474,19.1432],[84.7471,19.1432],[84.7471,19.1435],[84.7451,19.1435],[84.7451,19.1438],[84.7449,19.1438],[84.7449,19.144],[84.7446,19.144],[84.7446,19.1446],[84.7438,19.1446],[84.7438,19.1443],[84.7435,19.1443],[84.7435,19.144],[84.7401,19.144],[84.7401,19.1438],[84.7399,19.1438],[84.7399,19.1435],[84.7396,19.1435],[84.7396,19.1429],[84.7393,19.1429],[84.7393,19.1424],[84.7382,19.1424],[84.7382,19.1426],[84.7379,19.1426],[84.7379,19.1429],[84.7376,19.1429],[84.7376,19.1432],[84.7371,19.1432],[84.7371,19.1435],[84.7368,19.1435],[84.7368,19.1438],[84.7354,19.1438],[84.7354,19.1435],[84.7346,19.1435],[84.7346,19.1432],[84.7343,19.1432],[84.7343,19.1429],[84.7335,19.1429],[84.7335,19.1426],[84.7329,19.1426],[84.7329,19.1421],[84.7324,19.1421],[84.7324,19.1418],[84.731,19.1418],[84.731,19.1415],[84.7299,19.1415],[84.7299,19.1413],[84.7296,19.1413],[84.7296,19.141],[84.729,19.141],[84.729,19.1407],[84.7288,19.1407],[84.7288,19.1404],[84.7285,19.1404],[84.7285,19.1401],[84.7282,19.1401],[84.7282,19.1399],[84.7274,19.1399],[84.7274,19.1396],[84.7268,19.1396],[84.7268,19.1399],[84.7262,19.1399],[84.7262,19.1401],[84.7249,19.1401],[84.7249,19.1404],[84.7237,19.1404],[84.7237,19.1401],[84.7235,19.1401],[84.7235,19.1399],[84.7226,19.1399],[84.7226,19.1396],[84.7224,19.1396],[84.7224,19.1393],[84.7221,19.1393],[84.7221,19.1385],[84.7218,19.1385],[84.7218,19.1382],[84.7215,19.1382],[84.7215,19.1379],[84.7213,19.1379],[84.7213,19.1376],[84.721,19.1376],[84.721,19.1374],[84.7207,19.1374],[84.7207,19.1368],[84.721,19.1368],[84.721,19.1365],[84.7213,19.1365],[84.7213,19.136],[84.7215,19.136],[84.7215,19.1351],[84.7213,19.1351],[84.7213,19.1346],[84.7215,19.1346],[84.7215,19.134],[84.7218,19.134],[84.7218,19.1335],[84.7213,19.1335],[84.7213,19.1332],[84.721,19.1332],[84.721,19.1329],[84.7204,19.1329],[84.7204,19.1326],[84.7201,19.1326],[84.7201,19.1324],[84.7199,19.1324],[84.7199,19.1318],[84.7196,19.1318],[84.7196,19.1313],[84.7199,19.1313],[84.7199,19.131],[84.7196,19.131],[84.7196,19.1307],[84.7193,19.1307],[84.7193,19.1301],[84.719,19.1301],[84.719,19.1299],[84.7179,19.1299],[84.7179,19.1296],[84.7174,19.1296],[84.7174,19.1293],[84.7171,19.1293],[84.7171,19.129],[84.7168,19.129],[84.7168,19.1287],[84.7162,19.1287],[84.7162,19.1285],[84.7157,19.1285],[84.7157,19.1282],[84.7154,19.1282],[84.7154,19.1279],[84.714,19.1279],[84.714,19.1276],[84.7138,19.1276],[84.7138,19.1274],[84.7135,19.1274],[84.7135,19.1271],[84.7132,19.1271],[84.7132,19.1265],[84.7129,19.1265],[84.7129,19.1262],[84.7126,19.1262],[84.7126,19.126],[84.7124,19.126],[84.7124,19.1254],[84.7121,19.1254],[84.7121,19.1249],[84.7118,19.1249],[84.7118,19.1246],[84.7115,19.1246],[84.7115,19.1235],[84.711,19.1235],[84.711,19.1232],[84.7107,19.1232],[84.7107,19.1229],[84.7104,19.1229],[84.7104,19.1224],[84.7085,19.1224],[84.7085,19.1221],[84.7068,19.1221],[84.7068,19.1218],[84.7065,19.1218],[84.7065,19.1215],[84.7057,19.1215],[84.7057,19.121],[84.7054,19.121],[84.7054,19.1204],[84.704,19.1204],[84.704,19.121],[84.7035,19.121],[84.7035,19.1207],[84.7032,19.1207],[84.7032,19.1199],[84.7029,19.1199],[84.7029,19.1187],[84.7032,19.1187],[84.7032,19.1176],[84.7035,19.1176],[84.7035,19.1168],[84.7038,19.1168],[84.7038,19.1163],[84.704,19.1163],[84.704,19.116],[84.7043,19.116],[84.7043,19.1146],[84.7049,19.1146],[84.7049,19.1143],[84.7054,19.1143],[84.7054,19.114],[84.7057,19.114],[84.7057,19.1138],[84.7065,19.1138],[84.7065,19.1132],[84.706,19.1132],[84.706,19.1112],[84.7063,19.1112],[84.7063,19.111],[84.7065,19.111],[84.7065,19.1107],[84.7068,19.1107],[84.7068,19.1101],[84.7071,19.1101],[84.7071,19.109],[84.7068,19.109],[84.7068,19.1087],[84.7065,19.1087],[84.7065,19.1085],[84.7068,19.1085],[84.7068,19.1082],[84.7071,19.1082],[84.7071,19.1079],[84.7079,19.1079],[84.7079,19.1082],[84.7101,19.1082],[84.7101,19.1085],[84.7104,19.1085],[84.7104,19.1082],[84.711,19.1082],[84.711,19.1076],[84.7113,19.1076],[84.7113,19.1073],[84.7115,19.1074],[84.7115,19.1071],[84.7113,19.1071],[84.7113,19.1065],[84.7115,19.1065],[84.7115,19.1063],[84.7118,19.1063],[84.7118,19.1051],[84.7121,19.1051],[84.7121,19.1049],[84.7124,19.1049],[84.7124,19.1046],[84.7129,19.1046],[84.7129,19.1038],[84.7132,19.1038],[84.7132,19.1032],[84.7135,19.1032],[84.7135,19.1029],[84.7138,19.1029],[84.7138,19.1004],[84.714,19.1004],[84.714,19.0996],[84.7143,19.0996],[84.7143,19.0993],[84.7146,19.0993],[84.7146,19.099],[84.7163,19.099],[84.7163,19.0987],[84.7165,19.0987],[84.7165,19.0979],[84.7168,19.0979],[84.7168,19.0976],[84.7171,19.0976],[84.7171,19.0974],[84.7176,19.0974],[84.7176,19.0971],[84.7188,19.0971],[84.7188,19.0968],[84.719,19.0968],[84.719,19.0965],[84.7188,19.0965],[84.7188,19.0963],[84.719,19.0963],[84.719,19.0958],[84.7119,19.1],[84.6975,19.1088],[84.6983,19.1103],[84.6978,19.1156],[84.6938,19.1195],[84.6939,19.1216],[84.6973,19.1251],[84.7065,19.1436],[84.7052,19.149],[84.7021,19.1511],[84.6976,19.1503],[84.6921,19.1517],[84.6814,19.1497],[84.6781,19.1535],[84.6733,19.1569],[84.6693,19.1557],[84.665,19.1567],[84.6633,19.1475],[84.6654,19.1447],[84.6659,19.1353],[84.6645,19.1282],[84.6612,19.1219],[84.6573,19.1214],[84.6534,19.1229],[84.6473,19.1204],[84.6417,19.1248],[84.6404,19.1222],[84.6293,19.1207],[84.6255,19.1183],[84.6094,19.1175],[84.5946,19.1235],[84.5918,19.1238],[84.5917,19.1211],[84.5958,19.1152],[84.6029,19.0966],[84.6056,19.0926],[84.6096,19.0909],[84.6144,19.0923],[84.6168,19.09],[84.6166,19.0852],[84.6198,19.0765],[84.6244,19.0744],[84.6314,19.0726],[84.6336,19.0746],[84.6347,19.0787],[84.6446,19.0845],[84.6487,19.0842],[84.6542,19.081],[84.6596,19.0709],[84.6646,19.0663],[84.6632,19.0645],[84.659,19.0636],[84.6545,19.0523],[84.6477,19.0561],[84.6368,19.0571],[84.6344,19.0555],[84.6301,19.0496],[84.6261,19.0503],[84.6254,19.0528],[84.6233,19.0557],[84.6127,19.0548],[84.6115,19.0537],[84.6124,19.0497],[84.6142,19.0467],[84.6095,19.0467],[84.6076,19.0454],[84.6005,19.0329],[84.597,19.0197],[84.5901,19.0134],[84.5877,19.013],[84.5781,19.0189],[84.5753,19.0272],[84.5736,19.0351],[84.5751,19.0375],[84.5781,19.0621],[84.5764,19.0646],[84.5706,19.0604],[84.5685,19.0606],[84.568,19.0635],[84.5661,19.065],[84.5597,19.0596],[84.5536,19.0474],[84.5477,19.0461],[84.5348,19.0454],[84.5315,19.0441],[84.5272,19.0387],[84.5099,19.0375],[84.5071,19.0354],[84.5031,19.0293],[84.4978,19.0249],[84.4894,19.021],[84.4821,19.0099],[84.4778,19.0079],[84.4755,18.996],[84.4757,18.9917],[84.4731,18.9826],[84.4717,18.9812],[84.4628,18.9833],[84.4522,18.9883],[84.4482,18.9917],[84.4441,18.9946],[84.4374,18.9975],[84.433,19.0019],[84.4298,19.0012],[84.4222,19.0085],[84.42,19.0125],[84.4151,19.0139],[84.4146,19.0124],[84.4154,19.0081],[84.418,19.005],[84.42,19.0008],[84.4253,18.9953],[84.4261,18.9918],[84.4256,18.9892],[84.4264,18.984],[84.428,18.9826],[84.4347,18.9768],[84.4406,18.9669],[84.4377,18.9657],[84.4345,18.9632],[84.4203,18.9494],[84.4156,18.938],[84.4171,18.9333],[84.42,18.9297],[84.4294,18.9137],[84.4203,18.9049],[84.418,18.9007],[84.4096,18.9081],[84.4062,18.9061],[84.4077,18.9011],[84.4107,18.8983],[84.4121,18.8939],[84.4098,18.8906],[84.3978,18.8861],[84.394,18.8859],[84.3869,18.8899],[84.3785,18.8932],[84.3741,18.894],[84.3698,18.8958],[84.3653,18.8963],[84.3649,18.8932],[84.3677,18.8893],[84.3742,18.8889],[84.379,18.8855],[84.3861,18.883],[84.3876,18.8777],[84.3862,18.8717],[84.3832,18.8693],[84.3781,18.8741],[84.3741,18.8765],[84.3714,18.8754],[84.3547,18.8829],[84.3514,18.8832],[84.3518,18.8778],[84.3538,18.8751],[84.3596,18.8719],[84.3613,18.8727],[84.3662,18.8717],[84.3716,18.8672],[84.3715,18.8634],[84.3693,18.859],[84.3624,18.8511],[84.3583,18.8513],[84.3552,18.8526],[84.3541,18.8515],[84.3515,18.8509],[84.347,18.86],[84.3444,18.8628],[84.3398,18.8659],[84.336,18.8667],[84.3344,18.8638],[84.3341,18.858],[84.3341,18.8516],[84.336,18.8414],[84.3381,18.8362],[84.3444,18.8327],[84.3452,18.8268],[84.3443,18.8227],[84.3424,18.8215],[84.3408,18.8183],[84.3441,18.8119],[84.3293,18.809],[84.3295,18.8045],[84.3336,18.7951],[84.3322,18.792],[84.327,18.7897],[84.3157,18.7862],[84.3129,18.7822],[84.3125,18.7792],[84.3089,18.7784],[84.3072,18.7817],[84.3043,18.7807],[84.3004,18.7817],[84.2839,18.7908],[84.2785,18.7897],[84.2753,18.7872],[84.2732,18.7825],[84.2682,18.7803],[84.2642,18.7805],[84.2589,18.7748],[84.2522,18.7725],[84.246,18.7734],[84.2312,18.7801],[84.2307,18.7856],[84.227,18.7872],[84.2243,18.7843],[84.2215,18.7865],[84.2167,18.7873],[84.2038,18.7826],[84.1903,18.7767],[84.1865,18.7796],[84.1815,18.7775],[84.1798,18.769],[84.167,18.7701],[84.1626,18.7686],[84.1582,18.7692],[84.1603,18.7723],[84.1593,18.775],[84.1549,18.776],[84.1514,18.7758],[84.1481,18.7718],[84.1404,18.7677],[84.135,18.7668],[84.1314,18.7648],[84.1279,18.7613],[84.1295,18.7529],[84.1229,18.7483],[84.1189,18.753],[84.1141,18.7551],[84.1076,18.7548],[84.1007,18.7527],[84.0916,18.7452],[84.0888,18.7471],[84.0856,18.7452],[84.0818,18.7446],[84.0793,18.7461],[84.0779,18.7489],[84.0699,18.7498],[84.0658,18.7517],[84.0605,18.7627],[84.0586,18.7681],[84.0536,18.7684],[84.0492,18.7707],[84.048,18.7744],[84.0497,18.7773],[84.0476,18.7799],[84.0479,18.7835],[84.0387,18.7874],[84.0343,18.7901],[84.0308,18.7954],[84.0307,18.8003],[84.0271,18.8022],[84.0237,18.8012],[84.0223,18.7986],[84.0197,18.7976],[84.0159,18.8014],[84.0125,18.8006],[84.0074,18.8042],[84,18.8048],[83.9915,18.8047],[83.9823,18.8],[83.9694,18.8038],[83.964,18.8041],[83.9556,18.8031],[83.9512,18.8],[83.949,18.797],[83.9437,18.7963],[83.9398,18.7966],[83.9366,18.7992],[83.9357,18.8031],[83.9336,18.8069],[83.9264,18.8066],[83.9227,18.8085],[83.9206,18.8116],[83.9078,18.8164],[83.902,18.8169],[83.8986,18.8164],[83.8955,18.8149],[83.8906,18.8069],[83.8869,18.8054],[83.8854,18.81],[83.8846,18.8178],[83.8832,18.8197],[83.8739,18.8178],[83.8702,18.8184],[83.8669,18.8235],[83.8643,18.839],[83.8591,18.843],[83.848,18.8476],[83.8437,18.8514],[83.8371,18.8647],[83.836,18.8691],[83.8367,18.8727],[83.8423,18.8882],[83.8416,18.8976],[83.8403,18.9041],[83.8377,18.9086],[83.8349,18.9093],[83.8231,18.9055],[83.8185,18.9071],[83.8169,18.9094],[83.8212,18.922],[83.8189,18.9261],[83.8149,18.93],[83.8134,18.9336],[83.8161,18.9487],[83.8148,18.9532],[83.8106,18.9648],[83.8081,18.9684],[83.8025,18.9818],[83.7912,18.9924],[83.7889,18.9983],[83.7883,19.0078],[83.787,19.0084],[83.786,19.0088],[83.7849,19.0091],[83.7838,19.0093],[83.7826,19.0096],[83.7815,19.0098],[83.7804,19.0099],[83.7789,19.01],[83.7777,19.0099],[83.7766,19.0095],[83.7757,19.009],[83.7747,19.0082],[83.7739,19.0075],[83.7732,19.0066],[83.7726,19.0057],[83.772,19.0047],[83.7716,19.0037],[83.7711,19.0026],[83.7707,19.0016],[83.7702,19.0006],[83.7694,18.9998],[83.7685,18.9991],[83.7675,18.9984],[83.7664,18.998],[83.7652,18.9976],[83.7641,18.9973],[83.7629,18.9971],[83.7617,18.9968],[83.7606,18.9965],[83.7595,18.9961],[83.7585,18.9955],[83.7578,18.9946],[83.757,18.9939],[83.7558,18.9936],[83.7547,18.9934],[83.7535,18.9932],[83.7524,18.9933],[83.7513,18.9933],[83.7506,18.9924],[83.7492,18.9907],[83.7411,18.9839],[83.7396,18.9784],[83.7417,18.9671],[83.746,18.9632],[83.749,18.9584],[83.7484,18.9514],[83.7504,18.9444],[83.7552,18.942],[83.7615,18.9446],[83.7653,18.9364],[83.7699,18.933],[83.7772,18.9191],[83.7801,18.9077],[83.7774,18.9044],[83.7713,18.9013],[83.7705,18.9016],[83.7675,18.9024],[83.7628,18.9065],[83.7561,18.9167],[83.7458,18.9182],[83.7421,18.9231],[83.7414,18.9303],[83.7399,18.9341],[83.7365,18.939],[83.73,18.9602],[83.7275,18.9661],[83.7263,18.9756],[83.7169,18.9825],[83.7114,18.985],[83.7088,18.9838],[83.7057,18.9852],[83.7048,18.992],[83.7047,18.9925],[83.7044,18.9953],[83.705,18.9995],[83.7094,19.002],[83.7148,19.0021],[83.7198,19.0043],[83.7233,19.0119],[83.7213,19.0134],[83.7168,19.0144],[83.6998,19.015],[83.697,19.0165],[83.6942,19.0211],[83.6844,19.0439],[83.6764,19.0525],[83.6667,19.0645],[83.6626,19.0665],[83.6597,19.0697],[83.6569,19.0749],[83.6581,19.0821],[83.6575,19.0878],[83.6503,19.1001],[83.6479,19.1023],[83.6478,19.1059],[83.6459,19.1087],[83.6447,19.1133],[83.6463,19.1145],[83.6497,19.1148],[83.6507,19.1184],[83.6494,19.1219],[83.6456,19.1231],[83.6333,19.1244],[83.6298,19.127],[83.6284,19.1315],[83.6302,19.1448],[83.6285,19.1497],[83.6233,19.1536],[83.6212,19.1519],[83.6202,19.1486],[83.6227,19.1447],[83.6191,19.1419],[83.6141,19.1338],[83.6106,19.1309],[83.6052,19.131],[83.6005,19.1277],[83.5943,19.1203],[83.5937,19.1155],[83.5943,19.1106],[83.5968,19.1052],[83.6044,19.0929],[83.6044,19.0882],[83.5999,19.0848],[83.5932,19.0849],[83.5876,19.0831],[83.5844,19.0797],[83.5822,19.0756],[83.5818,19.0628],[83.5808,19.0551],[83.5788,19.0498],[83.5674,19.0523],[83.5611,19.0504],[83.5577,19.0514],[83.5564,19.0558],[83.5571,19.06],[83.5604,19.064],[83.5607,19.0662],[83.555,19.0781],[83.5515,19.0779],[83.5464,19.0738],[83.5449,19.0694],[83.5449,19.0621],[83.5515,19.0504],[83.5523,19.0472],[83.5477,19.045],[83.5428,19.0368],[83.5358,19.0303],[83.5348,19.0286],[83.5331,19.0194],[83.5331,19.0125],[83.5314,19.0054],[83.5153,19.0049],[83.5046,19.0101],[83.4954,19.0111],[83.4929,19.018],[83.4926,19.024],[83.4936,19.0268],[83.4993,19.0271],[83.5039,19.0262],[83.5082,19.022],[83.5137,19.0248],[83.5132,19.0303],[83.5101,19.0362],[83.5098,19.0401],[83.5107,19.048],[83.5085,19.0499],[83.5062,19.0543],[83.5054,19.0648],[83.5029,19.0647],[83.5004,19.0621],[83.4963,19.0555],[83.4936,19.0531],[83.4925,19.055],[83.4804,19.0665],[83.4782,19.0702],[83.477,19.0753],[83.4732,19.0778],[83.472,19.0727],[83.4703,19.0703],[83.4675,19.0699],[83.4638,19.0714],[83.4594,19.0697],[83.4583,19.0671],[83.4591,19.0635],[83.4574,19.0598],[83.4567,19.0561],[83.4633,19.0526],[83.4628,19.044],[83.4654,19.0362],[83.4774,19.0255],[83.478,19.0212],[83.4751,19.0115],[83.4766,19.0041],[83.4746,19.0003],[83.4718,18.999],[83.4675,18.9989],[83.4585,19.0021],[83.4533,19.0025],[83.4502,19.0019],[83.4485,18.9996],[83.4482,18.9959],[83.4491,18.9926],[83.4502,18.9824],[83.4577,18.9825],[83.4603,18.9808],[83.4583,18.9725],[83.4589,18.9704],[83.4615,18.9679],[83.4622,18.9636],[83.4623,18.9592],[83.4555,18.9456],[83.4512,18.9445],[83.4468,18.9456],[83.4427,18.9477],[83.44,18.9502],[83.4365,18.9579],[83.4329,18.9614],[83.4148,18.9779],[83.4088,18.9799],[83.4114,18.9887],[83.4106,18.9926],[83.4089,18.9962],[83.4069,18.9951],[83.4046,18.9932],[83.4023,18.9952],[83.4014,18.9964],[83.3961,18.9958],[83.393,18.9991],[83.3888,19],[83.3847,18.9973],[83.3772,18.9947],[83.3675,18.9936],[83.3623,18.9947],[83.358,19.0061],[83.355,19.0094],[83.3463,19.0099],[83.3409,19.0092],[83.335,19.0067],[83.3327,18.9998],[83.3307,18.9984],[83.3301,18.997],[83.3308,18.9926],[83.3312,18.9901],[83.3292,18.9882],[83.3254,18.9888],[83.3164,18.9904],[83.3078,18.9909],[83.3053,18.9897],[83.3043,18.987],[83.3077,18.9832],[83.3091,18.9804],[83.3096,18.9768],[83.3133,18.9666],[83.3198,18.9613],[83.3206,18.961],[83.3256,18.959],[83.3269,18.9573],[83.3257,18.9529],[83.326,18.9502],[83.327,18.9479],[83.3289,18.9468],[83.331,18.9458],[83.3325,18.9434],[83.333,18.9393],[83.3311,18.9376],[83.3212,18.936],[83.3185,18.9336],[83.3189,18.9284],[83.3199,18.9258],[83.322,18.9233],[83.329,18.9169],[83.3345,18.9158],[83.3391,18.9162],[83.3414,18.9184],[83.3396,18.9262],[83.3395,18.9295],[83.3395,18.9319],[83.3397,18.9328],[83.3398,18.9332],[83.3433,18.9352],[83.3448,18.9452],[83.345,18.9563],[83.3458,18.9571],[83.349,18.9561],[83.3544,18.9545],[83.3589,18.9547],[83.3602,18.9539],[83.3611,18.9534],[83.3608,18.9481],[83.3639,18.9379],[83.3674,18.9335],[83.3802,18.9233],[83.3797,18.9215],[83.3763,18.9178],[83.3738,18.9168],[83.371,18.9171],[83.3641,18.9228],[83.3628,18.9301],[83.3552,18.933],[83.349,18.9338],[83.3479,18.9321],[83.3466,18.9269],[83.3477,18.921],[83.3502,18.9159],[83.3565,18.9048],[83.3578,18.9037],[83.3605,18.9012],[83.3663,18.9005],[83.3672,18.9004],[83.3768,18.9025],[83.381,18.9018],[83.3839,18.8997],[83.3833,18.8972],[83.3744,18.8919],[83.3725,18.8898],[83.3739,18.8859],[83.3789,18.8803],[83.3857,18.8755],[83.3854,18.8733],[83.3878,18.871],[83.3943,18.8682],[83.4018,18.8671],[83.4043,18.866],[83.4059,18.8653],[83.4113,18.8593],[83.4107,18.8568],[83.4088,18.8545],[83.4068,18.8537],[83.3999,18.8537],[83.3979,18.8526],[83.3969,18.8492],[83.3987,18.8335],[83.3963,18.8307],[83.3865,18.8258],[83.3831,18.8261],[83.3764,18.822],[83.3728,18.8212],[83.3623,18.8321],[83.3603,18.832],[83.3589,18.832],[83.3535,18.8275],[83.3501,18.8216],[83.36,18.8074],[83.3602,18.8045],[83.3585,18.8018],[83.3563,18.8001],[83.3525,18.8002],[83.3478,18.8013],[83.3443,18.8029],[83.3407,18.8035],[83.3393,18.8031],[83.3381,18.8004],[83.3376,18.7957],[83.3369,18.7947],[83.3359,18.7932],[83.3333,18.7927],[83.3298,18.7937],[83.3261,18.7948],[83.323,18.7983],[83.3183,18.7958],[83.314,18.7958],[83.3042,18.7989],[83.3004,18.7979],[83.2921,18.7925],[83.2795,18.7896],[83.2753,18.7854],[83.2699,18.7753],[83.2691,18.7708],[83.2712,18.7673],[83.2717,18.7632],[83.2699,18.7598],[83.2661,18.757],[83.2594,18.7576],[83.2554,18.7588],[83.2451,18.7581],[83.2396,18.7588],[83.2293,18.7641],[83.2265,18.7649],[83.2227,18.7659],[83.221,18.7659],[83.2194,18.7658],[83.2171,18.7636],[83.2173,18.759],[83.2219,18.752],[83.2227,18.7486],[83.223,18.748],[83.2224,18.7451],[83.2203,18.742],[83.2145,18.7372],[83.2136,18.736],[83.2125,18.7345],[83.2092,18.7245],[83.2068,18.7175],[83.2051,18.7159],[83.2033,18.7196],[83.2037,18.7235],[83.2064,18.7274],[83.2063,18.728],[83.2063,18.7287],[83.2024,18.7325],[83.2019,18.7361],[83.2034,18.7404],[83.2017,18.7422],[83.1918,18.7418],[83.1854,18.7441],[83.1808,18.7483],[83.177,18.7544],[83.1739,18.7568],[83.1685,18.7591],[83.1562,18.7573],[83.1508,18.7587],[83.1469,18.7632],[83.1449,18.7669],[83.1388,18.7711],[83.133,18.7724],[83.1158,18.7621],[83.1122,18.7583],[83.1175,18.7505],[83.1165,18.748],[83.106,18.7385],[83.0992,18.7269],[83.0955,18.7231],[83.0926,18.7218],[83.0908,18.7193],[83.0896,18.7163],[83.0881,18.7124],[83.0857,18.71],[83.0779,18.7053],[83.0707,18.6972],[83.0691,18.6941],[83.0699,18.6919],[83.0708,18.6893],[83.0558,18.6671],[83.0515,18.6632],[83.051,18.6542],[83.0362,18.6477],[83.0226,18.6444],[83.0115,18.639],[83.0097,18.6365],[83.0095,18.6335],[83.0093,18.6315],[83.0113,18.6277],[83.0146,18.6263],[83.0174,18.6234],[83.0213,18.6105],[83.0203,18.6054],[83.0095,18.5914],[83.008,18.5884],[83.0159,18.5848],[83.0277,18.5823],[83.0311,18.5836],[83.0378,18.5887],[83.0397,18.5921],[83.0407,18.5953],[83.0411,18.5967],[83.0489,18.5953],[83.0495,18.5949],[83.0521,18.5931],[83.053,18.5899],[83.0539,18.5865],[83.0511,18.5831],[83.0447,18.5782],[83.042,18.5773],[83.0417,18.5773],[83.0365,18.5776],[83.0338,18.5757],[83.0311,18.5718],[83.0269,18.568],[83.0255,18.5643],[83.0337,18.5583],[83.0325,18.5479],[83.0402,18.5449],[83.0451,18.5393],[83.0512,18.5349],[83.0541,18.5348],[83.0574,18.5347],[83.0715,18.5425],[83.0871,18.5411],[83.0893,18.5379],[83.0885,18.5328],[83.0823,18.5272],[83.0732,18.5147],[83.0688,18.502],[83.0651,18.4976],[83.0604,18.4944],[83.0552,18.4881],[83.0518,18.4775],[83.0438,18.4721],[83.037,18.4631],[83.0341,18.4608],[83.0267,18.4569],[83.0246,18.4537],[83.0164,18.4477],[83.0154,18.4444],[83.018,18.4404],[83.0248,18.4367],[83.0323,18.4362],[83.0373,18.4348],[83.039,18.432],[83.0382,18.4267],[83.0333,18.4233],[83.0356,18.4201],[83.0374,18.4189],[83.0426,18.4183],[83.0486,18.4249],[83.0583,18.4291],[83.0598,18.4286],[83.0612,18.4239],[83.0621,18.4209],[83.0606,18.4192],[83.0605,18.4135],[83.0604,18.4134],[83.0553,18.4081],[83.0558,18.4044],[83.059,18.399],[83.0637,18.3957],[83.0658,18.3932],[83.0665,18.3923],[83.0658,18.3894],[83.0562,18.3773],[83.0534,18.3753],[83.0395,18.3701],[83.037,18.3698],[83.0319,18.3733],[83.0238,18.3764],[83.0201,18.3835],[83.0172,18.3845],[83.0116,18.3782],[83.0035,18.3769],[82.9971,18.3749],[82.9929,18.3748],[82.992,18.375],[82.9876,18.3695],[82.9861,18.3659],[82.9812,18.3658],[82.9784,18.361],[82.9764,18.3549],[82.9688,18.3576],[82.9598,18.3572],[82.956,18.3558],[82.952,18.3543],[82.9482,18.3521],[82.9455,18.3505],[82.9327,18.3514],[82.9276,18.361],[82.9201,18.3597],[82.9151,18.3564],[82.9117,18.3574],[82.9084,18.3594],[82.9027,18.3559],[82.8985,18.3593],[82.8919,18.3669],[82.8849,18.3786],[82.891,18.3922],[82.8908,18.3986],[82.8884,18.4063],[82.8846,18.4128],[82.8794,18.4146],[82.8771,18.4118],[82.87,18.4062],[82.863,18.4079],[82.856,18.4108],[82.8486,18.415],[82.8449,18.4098],[82.8398,18.4118],[82.837,18.4143],[82.8363,18.4195],[82.8358,18.4242],[82.8301,18.4261],[82.8242,18.4299],[82.8187,18.4334],[82.8184,18.4385],[82.7992,18.4394],[82.792,18.4331],[82.7871,18.4267],[82.7762,18.4197],[82.7762,18.4155],[82.7785,18.4095],[82.7816,18.4043],[82.7812,18.3995],[82.7874,18.3998],[82.7933,18.395],[82.7875,18.3902],[82.7868,18.3846],[82.7876,18.3782],[82.781,18.3725],[82.7779,18.3709],[82.7842,18.3542],[82.7714,18.3397],[82.7671,18.3311],[82.7618,18.3278],[82.7585,18.3272],[82.7545,18.3298],[82.751,18.3283],[82.7506,18.3233],[82.7464,18.3199],[82.7378,18.3199],[82.7328,18.3179],[82.7343,18.3133],[82.7253,18.3116],[82.7173,18.3148],[82.7109,18.3128],[82.7067,18.3106],[82.7026,18.3085],[82.7017,18.3048],[82.7005,18.2998],[82.6981,18.2963],[82.6937,18.2973],[82.6903,18.2971],[82.6818,18.2928],[82.6754,18.2924],[82.6726,18.2922],[82.6649,18.2906],[82.6588,18.2866],[82.6565,18.2788],[82.6522,18.2721],[82.6491,18.2638],[82.6449,18.2571],[82.6476,18.2447],[82.6453,18.2404],[82.6372,18.2349],[82.6317,18.2285],[82.6289,18.2287],[82.6269,18.2287],[82.6204,18.2364],[82.6164,18.2381],[82.6134,18.2394],[82.611,18.2438],[82.6118,18.2465],[82.6095,18.2493],[82.6008,18.252],[82.5983,18.2545],[82.5892,18.2567],[82.5887,18.2621],[82.5872,18.2658],[82.5855,18.2661],[82.5832,18.2666],[82.5807,18.2701],[82.5843,18.2732],[82.5885,18.275],[82.5884,18.2783],[82.5872,18.2794],[82.5856,18.281],[82.5876,18.2848],[82.5903,18.2878],[82.591,18.292],[82.5878,18.302],[82.5827,18.3008],[82.5811,18.3009],[82.5798,18.301],[82.5764,18.3068],[82.5781,18.3094],[82.5833,18.3114],[82.586,18.3159],[82.5886,18.3185],[82.5897,18.3195],[82.5923,18.3179],[82.5957,18.3159],[82.6021,18.3173],[82.6038,18.3204],[82.6003,18.3308],[82.5976,18.3336],[82.5965,18.3409],[82.5978,18.3416],[82.5992,18.3424],[82.6079,18.3417],[82.6113,18.3465],[82.6087,18.3512],[82.6057,18.3528],[82.5986,18.354],[82.5976,18.3562],[82.5993,18.36],[82.5977,18.3626],[82.6009,18.3661],[82.6005,18.3687],[82.599,18.3716],[82.5936,18.3705],[82.5892,18.3771],[82.5808,18.3789],[82.5773,18.3773],[82.5756,18.3799],[82.5706,18.3842],[82.5652,18.384],[82.556,18.3885],[82.5517,18.3871],[82.5494,18.3835],[82.5423,18.389],[82.5352,18.3896],[82.5323,18.3934],[82.5326,18.3968],[82.5403,18.4019],[82.5406,18.4034],[82.5397,18.4036],[82.537,18.4042],[82.5359,18.4083],[82.5376,18.4122],[82.5397,18.4169],[82.5451,18.4172],[82.5461,18.4241],[82.5502,18.4265],[82.5511,18.4339],[82.5538,18.4377],[82.5501,18.4389],[82.5477,18.4418],[82.5442,18.4413],[82.5384,18.4432],[82.539,18.4381],[82.5356,18.4367],[82.5331,18.4341],[82.5302,18.4343],[82.5288,18.4403],[82.5294,18.4429],[82.5267,18.4473],[82.5232,18.4458],[82.5212,18.4471],[82.5204,18.4505],[82.5232,18.4528],[82.5161,18.4559],[82.5168,18.4572],[82.5177,18.4593],[82.5218,18.4618],[82.5275,18.4682],[82.5257,18.4705],[82.521,18.4724],[82.5275,18.4777],[82.5245,18.4828],[82.5195,18.4825],[82.5198,18.4849],[82.5201,18.4873],[82.5245,18.4898],[82.5232,18.4935],[82.522,18.497],[82.5239,18.4993],[82.5231,18.5039],[82.5175,18.5056],[82.5143,18.5036],[82.5074,18.5081],[82.5042,18.5055],[82.502,18.5017],[82.4992,18.5018],[82.4988,18.5033],[82.4982,18.506],[82.4815,18.5151],[82.4757,18.5294],[82.4778,18.5315],[82.4819,18.5327],[82.4853,18.5337],[82.4816,18.5385],[82.474,18.5368],[82.4534,18.517],[82.4499,18.5114],[82.4371,18.4973],[82.4291,18.4851],[82.4269,18.477],[82.4203,18.4699],[82.4122,18.4647],[82.3974,18.4516],[82.3823,18.4317],[82.3807,18.4264],[82.3776,18.422],[82.3717,18.4202],[82.367,18.4172],[82.366,18.413],[82.3613,18.4099],[82.366,18.4034],[82.3725,18.3981],[82.3749,18.3928],[82.3752,18.3831],[82.3784,18.3781],[82.3844,18.3724],[82.3844,18.3691],[82.3811,18.3667],[82.3788,18.3617],[82.3797,18.3574],[82.3764,18.3533],[82.3695,18.3504],[82.3601,18.3437],[82.3566,18.3336],[82.3502,18.3289],[82.3454,18.3218],[82.3364,18.3201],[82.3344,18.3171],[82.341,18.3107],[82.3429,18.3073],[82.3487,18.3062],[82.3546,18.309],[82.358,18.3082],[82.3652,18.3164],[82.3692,18.3178],[82.3751,18.318],[82.3805,18.3193],[82.3844,18.3187],[82.3884,18.3112],[82.393,18.3064],[82.3874,18.3006],[82.3854,18.2891],[82.3822,18.2843],[82.3719,18.2741],[82.3671,18.2709],[82.3437,18.2717],[82.3369,18.2662],[82.3339,18.2523],[82.3318,18.2468],[82.332,18.2401],[82.331,18.2334],[82.3302,18.2313],[82.3225,18.2281],[82.3213,18.2225],[82.3267,18.2162],[82.3328,18.2158],[82.3197,18.201],[82.3061,18.1957],[82.3094,18.1894],[82.3082,18.1813],[82.3103,18.1746],[82.3193,18.1714],[82.3248,18.1664],[82.333,18.1634],[82.3416,18.1634],[82.3487,18.1618],[82.359,18.1491],[82.3652,18.1397],[82.3643,18.1349],[82.3618,18.1292],[82.3576,18.1251],[82.3449,18.1346],[82.3383,18.138],[82.3334,18.1424],[82.3354,18.1273],[82.3303,18.119],[82.3325,18.107],[82.3322,18.0941],[82.3347,18.0899],[82.3406,18.0871],[82.3432,18.0825],[82.3436,18.075],[82.3419,18.0713],[82.3432,18.0678],[82.3369,18.0491],[82.3363,18.0473],[82.3298,18.0404],[82.3249,18.0427],[82.3262,18.0465],[82.3218,18.0502],[82.3196,18.0486],[82.3173,18.0485],[82.3157,18.0467],[82.313,18.0452],[82.317,18.036],[82.3132,18.0348],[82.3096,18.0384],[82.3055,18.0378],[82.3044,18.0396],[82.3063,18.045],[82.3011,18.044],[82.2965,18.0461],[82.2928,18.0543],[82.2964,18.0576],[82.2979,18.062],[82.2878,18.0606],[82.2851,18.0594],[82.283,18.0558],[82.2789,18.0549],[82.267,18.0483],[82.2651,18.0431],[82.2646,18.039],[82.2622,18.0363],[82.2582,18.0349],[82.2662,18.0257],[82.2689,18.0199],[82.2708,18.0107],[82.2705,17.9977],[82.2689,17.992],[82.2673,17.9864],[82.2611,17.9824],[82.2532,17.9802],[82.2417,17.9798],[82.2383,17.9839],[82.237,17.992],[82.2308,17.9937],[82.223,17.9929],[82.2182,17.9942],[82.2078,18.0007],[82.1969,18.0087],[82.191,18.009],[82.1851,18.0074],[82.1774,18.0106],[82.1742,18.0155],[82.1769,18.0209],[82.1731,18.0256],[82.1637,18.0416],[82.1603,18.0436],[82.1473,18.0404],[82.1423,18.0436],[82.1324,18.0356],[82.1304,18.0409],[82.1292,18.0487],[82.1271,18.051],[82.1193,18.0512],[82.1133,18.0578],[82.1106,18.0577],[82.108,18.054],[82.0924,18.0528],[82.0892,18.0574],[82.0801,18.0604],[82.0722,18.0656],[82.0699,18.0604],[82.0644,18.0584],[82.059,18.0585],[82.061,18.054],[82.0655,18.0513],[82.0656,18.0489],[82.0597,18.0451],[82.0509,18.0445],[82.0452,18.0456],[82.0326,18.0517],[82.0299,18.0565],[82.0247,18.0579],[82.0168,18.0551],[82.0066,18.0492],[82.0016,18.0448],[82.0047,18.0343],[82.0021,18.0282],[82.0017,18.0237],[81.9915,18.0218],[81.9889,18.0203],[81.9859,18.0143],[81.9805,18.0113],[81.9731,18.0057],[81.964,17.9999],[81.9571,17.9971],[81.9518,17.9921],[81.9361,17.9841],[81.9247,17.9809],[81.9137,17.9799],[81.9045,17.9735],[81.8993,17.9685],[81.8851,17.9658],[81.8741,17.9598],[81.8468,17.9508],[81.8397,17.9501],[81.8333,17.951],[81.8198,17.9455],[81.801,17.9361],[81.7941,17.9297],[81.7893,17.9214],[81.786,17.9136],[81.7824,17.9097],[81.7757,17.9048],[81.7622,17.8966],[81.7583,17.8934],[81.7263,17.8741],[81.7032,17.8611],[81.6993,17.8697],[81.6979,17.8755],[81.6883,17.8848],[81.6832,17.8795],[81.6777,17.8776],[81.6681,17.8784],[81.6631,17.8769],[81.657,17.8728],[81.6527,17.8682],[81.6491,17.8625],[81.646,17.8563],[81.6461,17.8469],[81.6428,17.8393],[81.6366,17.8363],[81.6314,17.8304],[81.624,17.8244],[81.6157,17.822],[81.6112,17.8154],[81.5997,17.8154],[81.594,17.8191],[81.5749,17.8273],[81.5687,17.8279],[81.5646,17.8257],[81.5539,17.8164],[81.5257,17.8109],[81.5113,17.8066],[81.4963,17.8065],[81.4858,17.8026],[81.4812,17.8029],[81.4787,17.8047],[81.4746,17.81],[81.4727,17.8179],[81.4701,17.8232],[81.4668,17.8249],[81.4594,17.8247],[81.4376,17.8153],[81.4339,17.8158],[81.4259,17.8213],[81.4194,17.8206],[81.4143,17.8164],[81.4145,17.8101],[81.4093,17.8048],[81.4028,17.8053],[81.3943,17.8081],[81.385,17.8066],[81.3831,17.8141],[81.383,17.817],[81.383,17.8206],[81.3838,17.8235],[81.3844,17.8258],[81.3933,17.8358],[81.3974,17.8436],[81.3981,17.8468],[81.3899,17.8594],[81.3895,17.8621],[81.3905,17.8743],[81.3938,17.8851],[81.3959,17.8876],[81.399,17.8885],[81.4038,17.8886],[81.4117,17.8854],[81.4231,17.8774],[81.4302,17.8747],[81.4345,17.8749],[81.436,17.8754],[81.4373,17.8759],[81.4403,17.8791],[81.4427,17.8852],[81.4437,17.8932],[81.4483,17.903],[81.4482,17.9051],[81.4481,17.9071],[81.4462,17.9103],[81.4459,17.9172],[81.4445,17.9221],[81.4451,17.9255],[81.4452,17.9262],[81.4548,17.9466],[81.467,17.9549],[81.4733,17.9653],[81.4757,17.9671],[81.4764,17.9676],[81.4773,17.97],[81.4769,17.9727],[81.4767,17.9739],[81.4731,17.9833],[81.4745,17.9887],[81.4777,17.9935],[81.4789,18.0037],[81.4775,18.02],[81.4739,18.0285],[81.4775,18.0387],[81.4815,18.0499],[81.4947,18.058],[81.4949,18.0627],[81.4952,18.0687],[81.496,18.0707],[81.4968,18.0727],[81.5087,18.0924],[81.5107,18.1039],[81.5119,18.1292],[81.5158,18.1399],[81.5217,18.1483],[81.5226,18.1573],[81.5149,18.1722],[81.5089,18.1741],[81.5052,18.1778],[81.5048,18.1838],[81.5088,18.1925],[81.5111,18.2019],[81.5229,18.2274],[81.5258,18.2365],[81.5237,18.2487],[81.528,18.2591],[81.5395,18.2621],[81.5481,18.2621],[81.5676,18.2732],[81.574,18.2812],[81.5818,18.2882],[81.5862,18.2922],[81.5905,18.2933],[81.592,18.2975],[81.5934,18.3013],[81.5969,18.3021],[81.6061,18.2994],[81.6159,18.3008],[81.6214,18.3037],[81.6276,18.3049],[81.6321,18.308],[81.6468,18.3115],[81.6587,18.3111],[81.6604,18.3158],[81.6525,18.3248],[81.6494,18.3306],[81.6492,18.331],[81.6528,18.3367],[81.6581,18.3393],[81.6808,18.341],[81.6992,18.3436],[81.7175,18.3432],[81.7371,18.3442],[81.7449,18.3454],[81.7461,18.3517],[81.7468,18.3555],[81.7555,18.3862],[81.7604,18.3998],[81.7621,18.4113],[81.7674,18.4148],[81.7976,18.4398],[81.8289,18.469],[81.8443,18.4815],[81.8496,18.489],[81.849,18.5006],[81.853,18.5073],[81.8579,18.5131],[81.863,18.5173],[81.8681,18.5175],[81.8708,18.5176],[81.8736,18.5199],[81.8754,18.5214],[81.8787,18.5263],[81.8826,18.5292],[81.8961,18.5284],[81.8968,18.5284],[81.9003,18.5325],[81.8987,18.5362],[81.8979,18.5377],[81.8976,18.5427],[81.8998,18.549],[81.9008,18.5572],[81.9086,18.5642],[81.9132,18.5612],[81.9164,18.559],[81.9202,18.5573],[81.9255,18.5577],[81.9298,18.558],[81.9362,18.5577],[81.9435,18.5554],[81.9463,18.5584],[81.9469,18.5592],[81.9453,18.5625],[81.9436,18.5662],[81.9458,18.5749],[81.9545,18.5867],[81.9489,18.5895],[81.9385,18.5918],[81.933,18.5947],[81.9297,18.5964],[81.9262,18.6032],[81.913,18.6129],[81.8999,18.6196],[81.8884,18.621],[81.8873,18.6244],[81.8878,18.6316],[81.8882,18.6374],[81.8893,18.6411],[81.89,18.6435],[81.8854,18.6503],[81.8932,18.6539],[81.8948,18.652],[81.9049,18.6464],[81.9091,18.641],[81.9155,18.6358],[81.9356,18.6329],[81.9474,18.6288],[81.9483,18.6328],[81.9461,18.6405],[81.9459,18.6464],[81.9474,18.6557],[81.9516,18.661],[81.9606,18.6677],[81.9551,18.6802],[81.9572,18.6834],[81.9639,18.6878],[81.9677,18.6906],[81.976,18.6951],[81.9919,18.6977],[81.9977,18.7005],[82.01,18.7106],[82.0156,18.7135],[82.0337,18.7188],[82.0395,18.717],[82.0494,18.7176],[82.0518,18.7118],[82.058,18.7125],[82.0591,18.7178],[82.0613,18.718],[82.0674,18.7171],[82.074,18.7131],[82.0786,18.7121],[82.0805,18.7227],[82.0849,18.7327],[82.0867,18.7469],[82.0814,18.7559],[82.0847,18.7584],[82.0913,18.7562],[82.1057,18.7584],[82.1139,18.7607],[82.1291,18.7577],[82.1282,18.7643],[82.1307,18.7701],[82.139,18.7695],[82.1455,18.7733],[82.15,18.7787],[82.1517,18.7838],[82.1592,18.7881],[82.1611,18.791],[82.1589,18.7951],[82.1543,18.7963],[82.1561,18.7999],[82.161,18.8036],[82.1618,18.805],[82.1587,18.8092],[82.1583,18.8115],[82.1649,18.8302],[82.1618,18.8379],[82.1624,18.8451],[82.158,18.852],[82.1613,18.8577],[82.1628,18.8655],[82.1582,18.8695],[82.1631,18.8719],[82.1704,18.8776],[82.1708,18.8916],[82.1727,18.8953],[82.1771,18.8969],[82.1854,18.897],[82.1987,18.9055],[82.2138,18.9121],[82.2249,18.9092],[82.2277,18.9067],[82.2312,18.9052],[82.2343,18.9053],[82.2396,18.9105],[82.2267,18.994],[82.2251,19.0146],[82.2225,19.0211],[82.1941,19.0602],[82.1968,19.0679],[82.2086,19.0785],[82.2112,19.0858],[82.2121,19.0905],[82.2106,19.0923],[82.1999,19.0922],[82.1985,19.0942],[82.1995,19.0998],[82.1969,19.1012],[82.2015,19.1158],[82.1998,19.1175],[82.191,19.1163],[82.1762,19.1251],[82.1698,19.1129],[82.1648,19.1147],[82.1598,19.1265],[82.1612,19.1298],[82.1666,19.1321],[82.1681,19.1338],[82.1647,19.1395],[82.1659,19.1431],[82.1699,19.1436],[82.172,19.1425],[82.1748,19.1452],[82.1724,19.1476],[82.165,19.1504],[82.1641,19.1546],[82.1676,19.1569],[82.1715,19.1539],[82.1747,19.1528],[82.1768,19.155],[82.1788,19.1589],[82.1782,19.1615],[82.173,19.1648],[82.1711,19.1683],[82.1752,19.1696],[82.1746,19.1736],[82.1694,19.1767],[82.1734,19.1843],[82.1648,19.1873],[82.158,19.1932],[82.1557,19.1965],[82.1612,19.2084],[82.1538,19.2158],[82.1516,19.2236],[82.152,19.2389],[82.151,19.2584],[82.1517,19.2655],[82.1549,19.2748],[82.1584,19.2815],[82.1685,19.2907],[82.17,19.2957],[82.1701,19.3025],[82.1737,19.3163],[82.1832,19.3197],[82.1803,19.3322],[82.1775,19.3324],[82.1732,19.3341],[82.169,19.3372],[82.1631,19.3378],[82.1572,19.3428],[82.1496,19.3444],[82.1423,19.3482],[82.1423,19.3551],[82.1408,19.3619],[82.1412,19.3658],[82.1446,19.3701],[82.1508,19.3703],[82.1664,19.3659],[82.174,19.3769],[82.1778,19.4056],[82.1835,19.4125],[82.1831,19.4176],[82.1793,19.4191],[82.1705,19.4295],[82.1672,19.4298],[82.1607,19.4295],[82.1341,19.4248],[82.1193,19.4239],[82.1068,19.4431],[82.1072,19.4526],[82.0969,19.4611],[82.0999,19.4661],[82.1018,19.4737],[82.099,19.4896],[82.091,19.4941],[82.0921,19.5098],[82.0882,19.5104],[82.0708,19.5159],[82.0671,19.511],[82.0598,19.5036],[82.0224,19.5018],[82.0302,19.5142],[82.0325,19.5213],[82.041,19.5257],[82.0426,19.5316],[82.0461,19.5386],[82.043,19.5445],[82.0404,19.5522],[82.0426,19.558],[82.0441,19.5648],[82.0432,19.5677],[82.0422,19.5709],[82.0378,19.5772],[82.0349,19.5833],[82.034,19.5907],[82.0373,19.5979],[82.0451,19.6017],[82.0447,19.6108],[82.0485,19.6158],[82.0513,19.6244],[82.0508,19.6316],[82.0473,19.6383],[82.0464,19.644],[82.0483,19.6494],[82.046,19.6536],[82.0477,19.6627],[82.0468,19.6694],[82.0385,19.6928],[82.0376,19.7039],[82.0416,19.7083],[82.0437,19.7139],[82.0426,19.7231],[82.0443,19.7291],[82.044,19.7377],[82.0466,19.743],[82.0572,19.7534],[82.0554,19.761],[82.059,19.7751],[82.0594,19.779],[82.0598,19.7831],[82.0522,19.7913],[82.0483,19.7884],[82.0444,19.7892],[82.0411,19.7922],[82.0349,19.7927],[82.0291,19.7922],[82.0242,19.793],[82.0082,19.7966],[82.0031,19.7985],[82.0029,19.7985],[81.9993,19.7983],[81.9924,19.7944],[81.9874,19.7917],[81.9801,19.7958],[81.9702,19.8127],[81.9615,19.8244],[81.9574,19.836],[81.9604,19.8547],[81.9394,19.8648],[81.9245,19.8687],[81.8981,19.8785],[81.8692,19.8928],[81.8584,19.8995],[81.8496,19.9081],[81.8458,19.9149],[81.8457,19.923],[81.8488,19.9386],[81.8465,19.9414],[81.839,19.9455],[81.8373,19.9501],[81.8403,19.9551],[81.8469,19.9704],[81.8503,19.9826],[81.851,19.9898],[81.8516,19.9961],[81.8521,19.9972],[81.8555,20.0035],[81.8576,20.0091],[81.8589,20.0164],[81.8602,20.0234],[81.8646,20.0286],[81.8655,20.0339],[81.8661,20.0352],[81.8665,20.036],[81.8738,20.0462],[81.8762,20.0444],[81.8809,20.0424],[81.885,20.0417],[81.8895,20.0433],[81.8942,20.0482],[81.9014,20.0591],[81.9103,20.0671],[81.9154,20.0738],[81.9219,20.0869],[81.9256,20.0901],[81.9339,20.0993],[81.937,20.1012],[81.9414,20.1023],[81.9442,20.1016],[81.9548,20.0915],[81.9626,20.0856],[81.9736,20.0756],[81.9785,20.0692],[81.9833,20.057],[81.9866,20.0521],[81.9927,20.0478],[81.9956,20.0475],[82.001,20.0493],[82.0069,20.0473],[82.01,20.0448],[82.0127,20.041],[82.0143,20.0364],[82.0145,20.0303],[82.0155,20.0268],[82.0148,20.0195],[82.0244,20.01],[82.0307,20.015],[82.0316,20.0167],[82.031,20.0229],[82.0388,20.0289],[82.049,20.0352],[82.0579,20.0499],[82.0698,20.048],[82.0763,20.044],[82.083,20.0327],[82.0894,20.0345],[82.0932,20.0327],[82.0952,20.0268],[82.0977,20.0234],[82.1027,20.0208],[82.1055,20.0178],[82.1161,20.0104],[82.1214,20.0098],[82.1284,20.0126],[82.1317,20.0127],[82.1483,20.003],[82.1556,20.0023],[82.1658,19.9981],[82.1661,19.9958],[82.1758,19.9855],[82.1785,19.9781],[82.1842,19.9812],[82.1938,19.9813],[82.2043,19.9803],[82.2106,19.9908],[82.2143,19.9933],[82.2195,19.9935],[82.2244,19.9959],[82.2306,19.9981],[82.2334,19.9959],[82.2527,19.9765],[82.2586,19.9717],[82.2617,19.9716],[82.2686,19.9579],[82.2695,19.9452],[82.2833,19.9181],[82.2953,19.899],[82.2982,19.8835],[82.3179,19.8592],[82.3213,19.8519],[82.3251,19.8405],[82.3268,19.8383],[82.3394,19.83],[82.3562,19.8466],[82.3574,19.8495],[82.3561,19.8551],[82.3585,19.8569],[82.368,19.8545],[82.3773,19.863],[82.378,19.8687],[82.3862,19.8768],[82.3888,19.8818],[82.397,19.8845],[82.4004,19.8888],[82.4104,19.8934],[82.4139,19.8965],[82.4209,19.8983],[82.4249,19.8976],[82.4323,19.8995],[82.4395,19.9029],[82.4424,19.903],[82.4584,19.8946],[82.4656,19.8966],[82.4681,19.8995],[82.4757,19.9005],[82.4869,19.8965],[82.4942,19.8974],[82.4976,19.8951],[82.4985,19.8852],[82.5023,19.8824],[82.5124,19.8841],[82.518,19.8763],[82.5231,19.8728],[82.5299,19.8821],[82.5364,19.8769],[82.5443,19.869],[82.5472,19.8733],[82.5509,19.8746],[82.5549,19.8695],[82.5667,19.8717],[82.5776,19.8634],[82.5908,19.8662],[82.5935,19.8645],[82.5974,19.8605],[82.5915,19.8524],[82.5898,19.8482],[82.5857,19.8464],[82.5815,19.8405],[82.5835,19.8383],[82.5789,19.8366],[82.5742,19.832],[82.5718,19.8278],[82.5713,19.8224],[82.5738,19.8237],[82.5718,19.8076],[82.573,19.8056],[82.5716,19.802],[82.5793,19.7972],[82.5778,19.7923],[82.5778,19.7878],[82.5793,19.7847],[82.5779,19.7796],[82.5785,19.7758],[82.5813,19.7727],[82.5851,19.771],[82.5951,19.7731],[82.5983,19.7752],[82.599,19.7813],[82.6033,19.7836],[82.6081,19.7851],[82.6189,19.7861],[82.623,19.7893],[82.6273,19.7962],[82.6289,19.8038],[82.6363,19.808],[82.6418,19.8137],[82.6457,19.8254],[82.6541,19.8255],[82.66,19.8237],[82.6691,19.8252],[82.6833,19.8237],[82.6905,19.8258],[82.6984,19.8269],[82.7027,19.831],[82.7059,19.8381],[82.7047,19.8446],[82.711,19.8486],[82.7139,19.8621],[82.7175,19.8708],[82.7094,19.8701],[82.7064,19.8785],[82.7027,19.8858],[82.7005,19.8933],[82.7015,19.9007],[82.7004,19.9066],[82.7059,19.9112],[82.7043,19.9183],[82.7063,19.9269],[82.7065,19.9335],[82.7106,19.9395],[82.7116,19.9445],[82.7094,19.9467],[82.7109,19.9833],[82.7075,19.9902],[82.7006,19.9929],[82.698,19.9927],[82.6923,19.9924],[82.6864,19.9946],[82.681,19.9955],[82.6505,19.9994],[82.6419,19.9979],[82.6363,19.9983],[82.6318,20.0001],[82.6236,19.9976],[82.6209,19.9956],[82.6188,19.9916],[82.6144,19.987],[82.5984,19.9856],[82.5824,19.9899],[82.5787,19.9956],[82.5759,19.999],[82.5436,20.0121],[82.532,20.0122],[82.5242,20.0104],[82.5021,20.0135],[82.4901,20.0186],[82.4816,20.0246],[82.4759,20.0301],[82.4708,20.032],[82.4641,20.0315],[82.4583,20.0339],[82.4515,20.0353],[82.4414,20.0354],[82.4319,20.039],[82.4248,20.0435],[82.4171,20.0453],[82.4062,20.0463],[82.3958,20.049],[82.3909,20.0596],[82.3903,20.0642],[82.3926,20.0733],[82.3947,20.0892],[82.3926,20.1082],[82.3907,20.1191],[82.3878,20.1269],[82.3866,20.1334],[82.3823,20.1382],[82.3789,20.1446],[82.3872,20.1489],[82.3833,20.1605],[82.3905,20.1673],[82.4057,20.179],[82.4076,20.1941],[82.4136,20.2023],[82.4131,20.208],[82.4137,20.2133],[82.4128,20.2174],[82.4082,20.2206],[82.4073,20.2276],[82.4043,20.2396],[82.4084,20.2417],[82.4141,20.2416],[82.4054,20.2559],[82.4051,20.2635],[82.4123,20.2699],[82.4208,20.2726],[82.428,20.2786],[82.4292,20.283],[82.4283,20.2899],[82.424,20.2965],[82.4224,20.3097],[82.4163,20.317],[82.4072,20.3221],[82.4005,20.3247],[82.4003,20.3293],[82.3988,20.3317],[82.3938,20.3355],[82.3944,20.3401],[82.398,20.3468],[82.3979,20.3559],[82.4025,20.3613],[82.4031,20.3653],[82.4104,20.3772],[82.4106,20.3825],[82.4127,20.3882],[82.4099,20.4027],[82.4177,20.4056],[82.4243,20.4102],[82.423,20.4183],[82.4292,20.4258],[82.4277,20.4321],[82.4257,20.4363],[82.4177,20.4383],[82.4194,20.4456],[82.4194,20.4573],[82.4161,20.4662],[82.4101,20.4733],[82.4064,20.4661],[82.3973,20.4519],[82.3881,20.4525],[82.3901,20.4594],[82.3896,20.4654],[82.3851,20.4705],[82.3861,20.4755],[82.3838,20.4827],[82.3812,20.5018],[82.3813,20.5078],[82.3805,20.5098],[82.3699,20.5139],[82.3585,20.5162],[82.3488,20.5229],[82.3422,20.5377],[82.3361,20.5432],[82.3278,20.5493],[82.324,20.5539],[82.3245,20.5566],[82.3264,20.5566],[82.3275,20.5579],[82.3278,20.562],[82.3324,20.5623],[82.3372,20.5652],[82.3406,20.5697],[82.3425,20.5752],[82.3377,20.5849],[82.3384,20.5908],[82.3387,20.5943],[82.3455,20.5979],[82.348,20.6016],[82.3558,20.6035],[82.3579,20.6092],[82.3567,20.6114],[82.3582,20.6152],[82.3663,20.6203],[82.3682,20.6241],[82.3675,20.6296],[82.3638,20.6396],[82.3623,20.6505],[82.3658,20.6611],[82.3652,20.6638],[82.3607,20.6719],[82.3543,20.675],[82.3513,20.6781],[82.3456,20.6949],[82.3433,20.6989],[82.3443,20.7095],[82.347,20.7142],[82.3394,20.7258],[82.3459,20.7287],[82.3404,20.7467],[82.3351,20.7585],[82.3369,20.7793],[82.3388,20.7902],[82.3357,20.7974],[82.3331,20.8197],[82.3355,20.8278],[82.334,20.8406],[82.3369,20.8493],[82.3412,20.8681],[82.3466,20.8838],[82.3592,20.8827],[82.3562,20.8764],[82.3559,20.8699],[82.359,20.8665],[82.368,20.8641],[82.3767,20.8669],[82.3828,20.8699],[82.4014,20.8624],[82.4025,20.858],[82.4023,20.8533],[82.4073,20.848],[82.4074,20.8435],[82.4056,20.8372],[82.4135,20.8296],[82.4155,20.8265],[82.4229,20.826],[82.4365,20.8295],[82.4394,20.8272],[82.4411,20.8238],[82.4447,20.8241],[82.4484,20.8222],[82.4535,20.8212],[82.4591,20.8238],[82.4625,20.8276],[82.4623,20.8304],[82.4598,20.8356],[82.4634,20.8397],[82.4683,20.8426],[82.4776,20.8467],[82.4819,20.8553],[82.4814,20.8615],[82.4845,20.8729],[82.4847,20.8796],[82.4831,20.8997],[82.4857,20.9035],[82.4936,20.9093],[82.5031,20.9139],[82.5134,20.9172],[82.5192,20.9247],[82.5263,20.9277],[82.5359,20.9295],[82.5457,20.9349],[82.5529,20.9415],[82.5665,20.967],[82.5781,20.9789],[82.5821,20.9868],[82.5951,20.9971],[82.6044,21.0059],[82.6077,21.0122],[82.6086,21.0182],[82.6223,21.0366],[82.62,21.0444],[82.6091,21.0639],[82.6094,21.0712],[82.6152,21.0752],[82.6219,21.0752],[82.6259,21.0768],[82.6318,21.087],[82.6354,21.092],[82.643,21.0978],[82.645,21.1019],[82.6383,21.1065],[82.6371,21.1116],[82.6396,21.117],[82.6453,21.1207],[82.6478,21.125],[82.6446,21.1288],[82.6384,21.1316],[82.6341,21.1364],[82.6328,21.1427],[82.6359,21.1495],[82.6458,21.1517],[82.662,21.1508],[82.6845,21.1581],[82.692,21.1569],[82.694,21.1528],[82.7005,21.1533],[82.7055,21.1549],[82.7115,21.1558],[82.7212,21.1589],[82.7272,21.1592],[82.7354,21.1579],[82.7523,21.1597],[82.7575,21.1586],[82.7821,21.141],[82.7888,21.1393],[82.7918,21.1451],[82.7956,21.1506],[82.8038,21.1531],[82.8068,21.1566],[82.8125,21.1586],[82.84,21.1634],[82.8471,21.1627],[82.8468,21.1582],[82.854,21.157],[82.8595,21.1573],[82.8637,21.1554],[82.8688,21.1597],[82.8729,21.1511],[82.8792,21.1491],[82.8874,21.1538],[82.8951,21.1598],[82.9023,21.163],[82.908,21.1603],[82.9144,21.1606],[82.9219,21.1582],[82.928,21.161],[82.9374,21.1611],[82.9423,21.163],[82.949,21.1698],[82.9561,21.1755],[82.9596,21.1739],[82.9636,21.1617],[82.9651,21.1558],[82.9716,21.1563],[82.9799,21.1575],[82.9834,21.1483],[82.993,21.1543],[82.9991,21.1481],[83.0055,21.1458],[83.0077,21.1465],[83.0105,21.1454],[83.0159,21.1397],[83.0186,21.1382],[83.0295,21.1313],[83.0291,21.126],[83.0328,21.1244],[83.0364,21.1212],[83.0406,21.1189],[83.0468,21.1202],[83.0514,21.1172],[83.0598,21.1159],[83.0644,21.1111],[83.0714,21.1081],[83.0816,21.1067],[83.0887,21.1075],[83.0921,21.106],[83.0952,21.1043],[83.1083,21.1077],[83.1198,21.1011],[83.134,21.1052],[83.1377,21.1098],[83.1488,21.1199],[83.1534,21.1258],[83.1614,21.1315],[83.1699,21.1315],[83.1766,21.1307],[83.183,21.132],[83.1901,21.1355],[83.1927,21.1394],[83.1937,21.1577],[83.1994,21.162],[83.2001,21.1689],[83.1995,21.174],[83.202,21.1774],[83.2052,21.184],[83.21,21.1881],[83.2112,21.1912],[83.2076,21.2014],[83.2154,21.2155],[83.2144,21.2206],[83.2152,21.2237],[83.2191,21.2237],[83.2147,21.2404],[83.2141,21.2509],[83.2184,21.2601],[83.2249,21.267],[83.2319,21.2653],[83.2424,21.2764],[83.2484,21.2773],[83.2573,21.2756],[83.2628,21.2726],[83.2677,21.2686],[83.2713,21.2805],[83.2746,21.2857],[83.2748,21.2906],[83.2727,21.2961],[83.2588,21.3021],[83.2541,21.3124],[83.2542,21.3196],[83.2609,21.3267],[83.2558,21.3293],[83.255,21.3319],[83.2606,21.3372],[83.2661,21.3454],[83.2708,21.3592],[83.2695,21.3672],[83.27,21.375],[83.2761,21.3759],[83.2814,21.3751],[83.2872,21.3715],[83.3016,21.3678],[83.3096,21.3646],[83.3193,21.3581],[83.3346,21.3558],[83.3748,21.34],[83.3766,21.3433],[83.388,21.3389],[83.3939,21.3421],[83.4027,21.3484],[83.4044,21.3551],[83.4019,21.3583],[83.3942,21.3611],[83.3932,21.3652],[83.3963,21.3693],[83.3966,21.3723],[83.3931,21.3832],[83.3938,21.3994],[83.3897,21.4017],[83.3814,21.4096],[83.3739,21.4222],[83.3714,21.4284],[83.3701,21.4361],[83.3658,21.4398],[83.3609,21.4422],[83.3503,21.444],[83.3473,21.4551],[83.3434,21.4649],[83.342,21.4741],[83.3421,21.4853],[83.3356,21.4919],[83.3346,21.4956],[83.3359,21.4996],[83.3378,21.5026],[83.3459,21.5082],[83.349,21.516],[83.3543,21.5353],[83.3658,21.5497],[83.3669,21.553],[83.3669,21.5593],[83.3633,21.5678],[83.3623,21.5725],[83.3682,21.5971],[83.3773,21.6047],[83.3807,21.6128],[83.3868,21.6154],[83.3898,21.6205],[83.3952,21.6242],[83.4018,21.6268],[83.4052,21.6318],[83.4086,21.6342],[83.4135,21.6363],[83.4241,21.6385],[83.4265,21.6435],[83.4412,21.6493],[83.4476,21.6446],[83.4414,21.6325],[83.4405,21.6267],[83.4414,21.625],[83.4413,21.6181],[83.4499,21.617],[83.45,21.6134],[83.4487,21.6082],[83.4528,21.6073],[83.4528,21.6052],[83.463,21.6055],[83.4699,21.6268],[83.4766,21.6273],[83.4845,21.6256],[83.4865,21.6332],[83.4833,21.6372],[83.4831,21.6396],[83.4748,21.6412],[83.4662,21.6441],[83.4408,21.6552],[83.4354,21.6631],[83.4286,21.6689],[83.4197,21.675],[83.4211,21.6865],[83.4249,21.689],[83.428,21.6923],[83.4318,21.6939],[83.4408,21.6934],[83.4497,21.691],[83.4563,21.6943],[83.4576,21.6997],[83.4616,21.7063],[83.4669,21.7106],[83.478,21.728],[83.4799,21.7341],[83.4841,21.7416],[83.4773,21.7459],[83.4739,21.7496],[83.4754,21.7534],[83.479,21.7587],[83.4779,21.7646],[83.4759,21.7738],[83.4672,21.7827],[83.4743,21.7861],[83.484,21.7943],[83.4855,21.8032],[83.4913,21.8087],[83.4909,21.8145],[83.4977,21.8062],[83.5061,21.8004],[83.5141,21.7978],[83.5222,21.7941],[83.5366,21.7939],[83.5358,21.799],[83.5387,21.8006],[83.5348,21.8068],[83.5364,21.8183],[83.5277,21.823],[83.5312,21.8319],[83.5409,21.8347],[83.5485,21.8352],[83.5575,21.8344],[83.5645,21.8304],[83.5735,21.8297],[83.5749,21.8326],[83.5795,21.8371],[83.5845,21.8436],[83.5859,21.8476],[83.5841,21.8528],[83.5715,21.8719],[83.5733,21.8764],[83.5781,21.8798],[83.5767,21.8862],[83.5799,21.8893],[83.5833,21.891],[83.5832,21.8941],[83.5815,21.8974],[83.5833,21.8986],[83.5926,21.9008],[83.5993,21.906],[83.6005,21.9108],[83.5878,21.9261],[83.5534,21.9322],[83.554,21.9363],[83.5577,21.9439],[83.5495,21.9504],[83.5352,21.9635],[83.5345,21.9762],[83.5354,21.9797],[83.5401,21.9853],[83.5408,21.9932],[83.5434,21.9944],[83.5466,21.9983],[83.545,21.9994],[83.5467,22.0034],[83.5486,22.0067],[83.5389,22.0144],[83.534,22.0223],[83.5327,22.0286],[83.5324,22.034],[83.5341,22.0434],[83.5384,22.0554],[83.543,22.0594],[83.551,22.0556],[83.5656,22.0568],[83.5835,22.055],[83.586,22.0556],[83.5906,22.0593],[83.6003,22.0655],[83.5892,22.0764],[83.5831,22.0805],[83.5737,22.0888],[83.5648,22.094],[83.5589,22.0955],[83.5573,22.1],[83.5592,22.1039],[83.5658,22.1129],[83.5673,22.1137],[83.5925,22.14],[83.6023,22.1518],[83.6059,22.1576],[83.6118,22.1771],[83.6193,22.1964],[83.6263,22.2059],[83.6458,22.2246],[83.6546,22.2239],[83.6574,22.2248],[83.6646,22.232],[83.6727,22.2374],[83.679,22.2406],[83.693,22.2455],[83.7004,22.2459],[83.719,22.2433],[83.7457,22.2412],[83.7528,22.2429],[83.7569,22.2504],[83.7618,22.2542],[83.7658,22.256],[83.7713,22.2573],[83.7747,22.2673],[83.7786,22.2745],[83.7886,22.2803],[83.7908,22.2846],[83.7936,22.2877],[83.7975,22.2895],[83.798,22.29],[83.8048,22.2899],[83.816,22.2912],[83.8194,22.2925],[83.8208,22.296],[83.8201,22.3051],[83.8207,22.3103],[83.8225,22.3156],[83.8252,22.3196],[83.8294,22.3239],[83.843,22.3263],[83.8476,22.3308],[83.8533,22.3388],[83.861,22.3438],[83.8641,22.3436],[83.8671,22.341],[83.8719,22.3389],[83.897,22.3397],[83.9053,22.3526],[83.9155,22.3597],[83.9193,22.3598],[83.924,22.3575],[83.9296,22.3563],[83.9432,22.3585],[83.9523,22.3612],[83.9566,22.3611],[83.967,22.3578],[83.9782,22.3651],[83.9854,22.3664],[83.993,22.3692],[83.9974,22.3685],[84.0012,22.3697],[84.0042,22.3677],[84.0017,22.3759],[84.0017,22.3804],[84.009,22.3914],[84.0099,22.3961],[84.0125,22.3989],[84.0144,22.4041],[84.0188,22.4068],[84.0222,22.4102],[84.026,22.4191],[84.024,22.4222],[84.0327,22.426],[84.04,22.4329],[84.0414,22.4379],[84.0395,22.4487],[84.0416,22.4641],[84.0387,22.4689],[84.0347,22.4699],[84.0238,22.4707],[84.0217,22.4721],[84.0155,22.4824],[84.013,22.4852],[83.9971,22.4908],[83.993,22.494],[83.9904,22.4944],[83.9807,22.4987],[83.9761,22.5022],[83.9738,22.5091],[83.9745,22.514],[83.9766,22.5184],[83.9801,22.522],[83.9858,22.5255],[83.993,22.5274],[83.9943,22.5288],[84.0025,22.5209],[84.0096,22.5203],[84.0155,22.5217],[84.0191,22.5211],[84.0247,22.5162],[84.0331,22.5121],[84.0507,22.5124],[84.0576,22.5102],[84.0605,22.505],[84.0667,22.5022],[84.069,22.4995],[84.0671,22.4981],[84.0716,22.4942],[84.0792,22.4889],[84.0878,22.4849],[84.0999,22.4803],[84.1029,22.4813],[84.1035,22.4793],[84.1021,22.4773],[84.1061,22.4738],[84.1178,22.4714],[84.1256,22.4736],[84.1291,22.4735],[84.1307,22.47],[84.1349,22.4709],[84.1374,22.4671],[84.1375,22.4572],[84.1352,22.4491],[84.1331,22.4453],[84.1359,22.4207],[84.1423,22.4154],[84.1525,22.4009],[84.1752,22.3889],[84.1834,22.3837],[84.1941,22.3718],[84.2261,22.3741],[84.2405,22.3745],[84.2466,22.3737],[84.2514,22.3704],[84.2609,22.3537],[84.2662,22.3478],[84.2732,22.3451],[84.285,22.3421],[84.2892,22.3373],[84.3146,22.3389],[84.3187,22.3405],[84.324,22.3389],[84.334,22.3429],[84.3384,22.3421],[84.345,22.344],[84.3533,22.3451],[84.3591,22.345],[84.3617,22.3485],[84.3674,22.3496],[84.372,22.3491],[84.3776,22.3459],[84.3879,22.3464],[84.3945,22.3439],[84.4191,22.3508],[84.4261,22.3488],[84.4258,22.352],[84.4314,22.36],[84.4272,22.362],[84.4269,22.3647],[84.4421,22.373],[84.4479,22.3791],[84.4557,22.3752],[84.4728,22.3827],[84.4776,22.3837],[84.4802,22.3872],[84.4757,22.3902],[84.476,22.3935],[84.4745,22.4017],[84.4767,22.406],[84.4813,22.4057],[84.5018,22.4153],[84.5058,22.4162],[84.521,22.4149],[84.5266,22.42],[84.5407,22.4206],[84.5433,22.4172],[84.5722,22.423],[84.5891,22.4254],[84.594,22.4288],[84.5953,22.4249],[84.6136,22.4276],[84.6255,22.4276],[84.6321,22.4286],[84.6616,22.4139],[84.6693,22.4163],[84.6728,22.4149],[84.6815,22.4149],[84.6915,22.4125],[84.7113,22.4139],[84.7261,22.4166],[84.7439,22.4148],[84.7527,22.442],[84.7781,22.4435],[84.7913,22.4428],[84.8012,22.4437],[84.8078,22.4469],[84.8105,22.4413],[84.8105,22.4352],[84.8127,22.4316],[84.8284,22.4292],[84.8316,22.4299],[84.8325,22.4264],[84.8357,22.4276],[84.8395,22.434],[84.8414,22.4349],[84.8478,22.4344],[84.8553,22.432],[84.8637,22.4345],[84.8712,22.4382],[84.8753,22.4412],[84.8765,22.4433],[84.8778,22.4425],[84.8795,22.4322],[84.8815,22.4294],[84.882,22.4262],[84.8802,22.4176],[84.8938,22.418],[84.9077,22.4196],[84.9164,22.4234],[84.9199,22.426],[84.9182,22.4286],[84.9174,22.4344],[84.9253,22.4366],[84.9314,22.4396],[84.9408,22.4474],[84.9473,22.4511],[84.9524,22.4528],[84.9534,22.4455],[84.9524,22.4394],[84.9546,22.4389],[84.9573,22.4419],[84.9602,22.4437],[84.9778,22.4509],[84.9941,22.4583],[85.0005,22.4584],[85.0216,22.4671],[85.0281,22.4682],[85.0316,22.4698],[85.0333,22.4769],[85.0354,22.4773],[85.0373,22.4751],[85.0422,22.4769],[85.0467,22.4774],[85.0514,22.4794],[85.0625,22.4784],[85.0732,22.4729],[85.0736,22.4667],[85.0709,22.4612],[85.0711,22.4559],[85.0605,22.4495],[85.057,22.4447],[85.0582,22.4397],[85.0629,22.4361],[85.0637,22.4232],[85.0681,22.4181],[85.0746,22.4135],[85.0773,22.4083],[85.0772,22.403],[85.0807,22.3955],[85.0831,22.3784],[85.0779,22.3692],[85.075,22.361],[85.0755,22.3558],[85.0741,22.3486],[85.0799,22.3444],[85.0822,22.3413],[85.093,22.3411],[85.0905,22.3249],[85.0859,22.317],[85.088,22.3141],[85.0951,22.3124],[85.1012,22.3143],[85.1077,22.3152],[85.114,22.3142],[85.1122,22.3051],[85.1148,22.3004],[85.1145,22.2905],[85.1084,22.2895],[85.1053,22.2911],[85.0986,22.2879],[85.0824,22.2777],[85.0705,22.2722],[85.0694,22.2676],[85.0699,22.2603],[85.0743,22.2509],[85.0721,22.2457],[85.0681,22.2434],[85.0695,22.2306],[85.0625,22.2162],[85.0588,22.206],[85.0469,22.1858],[85.0496,22.1793],[85.0478,22.1743],[85.0415,22.1707],[85.0332,22.1608],[85.028,22.1574],[85.0254,22.154],[85.0262,22.1485],[85.0303,22.1425],[85.0312,22.1374],[85.0274,22.1226],[85.0243,22.1179],[85.0237,22.112],[85.0195,22.1084],[84.9936,22.0979],[84.9859,22.0926],[84.9835,22.0915],[84.9805,22.0913],[84.9798,22.0847],[84.981,22.0824],[84.9874,22.0767],[84.9936,22.0772],[85.0023,22.0799],[85.0072,22.0831],[85.009,22.0907],[85.0141,22.0937],[85.02,22.1034],[85.0271,22.1011],[85.0312,22.1025],[85.0351,22.1081],[85.0439,22.1107],[85.0695,22.1071],[85.0762,22.103],[85.0841,22.1004],[85.0954,22.0995],[85.099,22.0961],[85.0997,22.0845],[85.1045,22.0828],[85.109,22.08],[85.1103,22.0759],[85.1133,22.0711],[85.1189,22.0665],[85.1254,22.0691],[85.1351,22.0711],[85.1408,22.0736],[85.1489,22.0726],[85.1555,22.0705],[85.1578,22.067],[85.159,22.0619],[85.1637,22.053],[85.1672,22.0487],[85.1708,22.0482],[85.1698,22.0531],[85.1644,22.0652],[85.1696,22.0661],[85.1725,22.0682],[85.1768,22.0667],[85.1791,22.0648],[85.1835,22.0549],[85.187,22.0527],[85.1923,22.0512],[85.2107,22.0432],[85.2146,22.0373],[85.2139,22.0272],[85.2138,22.0163],[85.2149,22.0107],[85.2184,22.0067],[85.2221,22.0034],[85.2309,22.0003],[85.2411,22.0125],[85.2465,22.0254],[85.2561,22.0425],[85.26,22.0529],[85.2655,22.0603],[85.27,22.069],[85.2742,22.0801],[85.2809,22.0876],[85.2874,22.0932],[85.3001,22.1071],[85.3097,22.1134],[85.3154,22.1158],[85.323,22.125],[85.3385,22.1247],[85.3454,22.127],[85.3536,22.1206],[85.3581,22.1196],[85.3614,22.1214],[85.3617,22.1248],[85.3587,22.1328],[85.3581,22.138],[85.3629,22.1466],[85.3624,22.15],[85.3632,22.1546],[85.3694,22.1552],[85.3722,22.1524],[85.3793,22.1517],[85.3854,22.1523],[85.3904,22.1551],[85.3944,22.1586],[85.4024,22.1565],[85.4103,22.1561],[85.4178,22.1534],[85.4358,22.1442],[85.457,22.1358],[85.4652,22.1312],[85.4717,22.1241],[85.4794,22.1218],[85.4858,22.1165],[85.5057,22.1115],[85.5148,22.1082],[85.5242,22.1031],[85.5287,22.0988],[85.5335,22.0968],[85.536,22.0944],[85.5373,22.0903],[85.5395,22.0866],[85.5486,22.0886],[85.5543,22.0908],[85.5602,22.0849],[85.5662,22.087],[85.5711,22.0861],[85.5822,22.081],[85.5868,22.0768],[85.5911,22.0744],[85.5966,22.0747],[85.6018,22.0763],[85.6036,22.0792],[85.6073,22.0818],[85.6086,22.079],[85.6111,22.0768],[85.6196,22.0778],[85.6262,22.0796],[85.6312,22.0815],[85.6364,22.0858],[85.6401,22.0902],[85.6446,22.0903],[85.6481,22.0868],[85.6503,22.0813],[85.6553,22.0778],[85.6575,22.0743],[85.6647,22.0666],[85.6676,22.061],[85.6724,22.0597],[85.672,22.0515],[85.6815,22.0488],[85.6879,22.0561],[85.696,22.0568],[85.7047,22.0543],[85.7078,22.0563],[85.7128,22.0564],[85.7176,22.0577],[85.7224,22.0581],[85.7338,22.0645],[85.7461,22.0699],[85.7504,22.0744],[85.7521,22.0792],[85.7578,22.085],[85.765,22.0882],[85.7734,22.0902],[85.779,22.0934],[85.7843,22.099],[85.7909,22.1004],[85.794,22.1054],[85.7972,22.1063],[85.802,22.1108],[85.8147,22.1021],[85.8152,22.099],[85.8087,22.0918],[85.8154,22.0928],[85.819,22.0896],[85.8249,22.0871],[85.8281,22.0827],[85.8308,22.077],[85.8144,22.0701],[85.8027,22.0718],[85.7968,22.0745],[85.7879,22.0772],[85.7851,22.0719],[85.7703,22.0513],[85.7712,22.0471],[85.7733,22.0433],[85.7789,22.0363],[85.7756,22.0283],[85.7722,22.0247],[85.7618,22.0179],[85.7587,22.0148],[85.7561,22.0084],[85.7605,21.9969],[85.7607,21.9897],[85.7714,21.9837],[85.7805,21.981],[85.7822,21.9794],[85.7843,21.9786],[85.801,21.9817],[85.8052,21.9802],[85.8127,21.981],[85.8154,21.9801],[85.8161,21.9753],[85.8156,21.9713],[85.8183,21.97],[85.8223,21.9701],[85.8286,21.9729],[85.8404,21.9765],[85.847,21.9771],[85.8713,21.9748],[85.8818,21.9748],[85.8861,21.9754],[85.8912,21.9785],[85.8942,21.9783],[85.9028,21.9666],[85.9054,21.9666],[85.906,21.9681],[85.9045,21.9727],[85.9092,21.9755],[85.9097,21.9776],[85.9073,21.9813],[85.9092,21.9901],[85.9131,21.9967],[85.9122,22.0048],[85.9195,22.0098],[85.9234,22.0141],[85.9249,22.0174],[85.9288,22.0194],[85.9331,22.0174],[85.9386,22.0166],[85.9426,22.0191],[85.9447,22.0233],[85.9515,22.0316],[85.9536,22.0361],[85.958,22.0425],[85.9633,22.0544],[85.9674,22.0598],[85.9712,22.0668],[85.9753,22.0718],[85.9774,22.0767],[85.9773,22.08],[85.979,22.0834],[85.9892,22.0935],[85.9926,22.1003],[86.0005,22.109],[86.0026,22.113],[85.9961,22.1207],[85.9951,22.1236],[85.9946,22.1318],[85.9991,22.1371],[85.9997,22.1424],[85.9992,22.1449],[86.0039,22.1511],[86.0114,22.1577],[86.0131,22.1636],[86.0126,22.1679],[86.0148,22.1726],[86.0267,22.1852],[86.0256,22.1892],[86.0174,22.1988],[85.9928,22.2155],[85.9851,22.2238],[85.9778,22.2355],[85.9714,22.2384],[85.9698,22.2434],[85.9818,22.2521],[85.9854,22.2575],[85.9852,22.2672],[85.993,22.2733],[85.9975,22.2753],[86.0007,22.2793],[86.0022,22.2815],[86.0002,22.2844],[86.0085,22.2927],[86.0161,22.2965],[86.0198,22.2978],[86.0234,22.2977],[86.0273,22.2995],[86.0294,22.3008],[86.0303,22.303],[86.04,22.3036],[86.0433,22.3062],[86.0423,22.3082],[86.0393,22.3087],[86.0341,22.3079],[86.0323,22.3052],[86.0282,22.3077],[86.0247,22.3042],[86.0204,22.3055],[86.0178,22.3046],[86.0114,22.3094],[86.0112,22.3106],[86.0084,22.31],[86.0085,22.3132],[86.0059,22.3159],[86.0133,22.324],[86.0192,22.3271],[86.0204,22.3294],[86.014,22.3345],[86.0048,22.3356],[85.9984,22.3311],[85.9958,22.3331],[85.9929,22.3382],[86.0061,22.3488],[86.0169,22.3622],[86.0153,22.366],[86.016,22.373],[86.0184,22.3715],[86.0189,22.3748],[86.0212,22.375],[86.0196,22.3782],[86.0215,22.3818],[86.0205,22.3842],[86.0176,22.3861],[86.0191,22.3907],[86.018,22.3932],[86.0157,22.3933],[86.0148,22.3971],[86.0123,22.399],[86.0137,22.4039],[86.012,22.4147],[86.0096,22.4189],[86.0097,22.4217],[86.0087,22.4243],[86.006,22.4254],[86.0028,22.4251],[86,22.4226],[85.9969,22.4216],[85.993,22.4221],[85.9821,22.429],[85.967,22.4412],[85.9631,22.4451],[85.9614,22.4527],[85.9535,22.456],[85.9583,22.4659],[85.9593,22.4704],[85.9581,22.4762],[85.9608,22.4786],[85.9668,22.4822],[85.967,22.486],[85.9656,22.4902],[85.9664,22.4938],[85.9692,22.4998],[85.9807,22.5097],[85.9841,22.5106],[85.993,22.5089],[85.9959,22.509],[85.9999,22.515],[86.0018,22.5149],[86.0087,22.5186],[86.0154,22.5245],[86.022,22.5205],[86.0283,22.5343],[86.0183,22.5436],[86.0385,22.5636],[86.0466,22.5579],[86.0534,22.5547],[86.0581,22.5534],[86.0618,22.5485],[86.0692,22.5431],[86.0783,22.5304]]]]}}]}