{"type":"FeatureCollection","name":"Tamil_Nadu","crs":{"type":"name","properties":{"name":"urn:ogc:def:crs:OGC:1.3:CRS84"}},"features":[{"type":"Feature","properties":{"ID_0":105,"ISO":"IND","NAME_0":"India","ID_1":31,"NAME_1":"Tamil Nadu","TYPE_1":"State","ENGTYPE_1":"State","NL_NAME_1":null,"VARNAME_1":"Madras|Tamilnad"},"geometry":{"type":"MultiPolygon","coordinates":[[[[77.556,8.079],[77.556,8.0788],[77.5563,8.0788],[77.5563,8.0785],[77.5565,8.0785],[77.5565,8.0774],[77.5563,8.0774],[77.5563,8.0771],[77.556,8.0771],[77.556,8.0768],[77.5551,8.0768],[77.5551,8.0765],[77.5546,8.0765],[77.5546,8.0768],[77.5537,8.0768],[77.5537,8.0771],[77.5535,8.0771],[77.5535,8.0774],[77.5532,8.0774],[77.5532,8.0785],[77.5535,8.0785],[77.5535,8.0788],[77.5549,8.0788],[77.5549,8.079],[77.556,8.079]]],[[[78.1154,8.6168],[78.1154,8.616],[78.1157,8.616],[78.1157,8.6157],[78.116,8.6157],[78.116,8.6154],[78.1162,8.6154],[78.1162,8.6151],[78.1165,8.6151],[78.1165,8.6149],[78.1168,8.6149],[78.1168,8.6146],[78.1176,8.6146],[78.1176,8.6149],[78.1179,8.6149],[78.1179,8.6151],[78.1182,8.6151],[78.1182,8.6154],[78.1188,8.6154],[78.1188,8.6151],[78.119,8.6151],[78.119,8.6149],[78.1193,8.6149],[78.1193,8.6146],[78.1201,8.6146],[78.1201,8.6143],[78.1207,8.6143],[78.1207,8.6138],[78.1204,8.6138],[78.1204,8.6135],[78.1201,8.6135],[78.1201,8.6132],[78.1188,8.6132],[78.1188,8.6126],[78.1185,8.6126],[78.1185,8.6121],[78.1182,8.6121],[78.1182,8.6112],[78.1185,8.6112],[78.1185,8.6107],[78.1179,8.6107],[78.1179,8.6104],[78.1174,8.6104],[78.1174,8.6101],[78.116,8.6101],[78.116,8.6104],[78.1157,8.6104],[78.1157,8.6107],[78.1151,8.6107],[78.1151,8.611],[78.1154,8.611],[78.1154,8.6121],[78.1157,8.6121],[78.1157,8.6135],[78.1149,8.6135],[78.1149,8.6137],[78.1146,8.6138],[78.1146,8.6146],[78.1143,8.6146],[78.1143,8.6149],[78.114,8.6149],[78.114,8.6151],[78.1121,8.6151],[78.1121,8.6149],[78.1104,8.6149],[78.1104,8.6146],[78.1099,8.6146],[78.1099,8.616],[78.1101,8.616],[78.1101,8.6163],[78.1104,8.6163],[78.1104,8.6165],[78.1132,8.6165],[78.1132,8.6168],[78.1154,8.6168]]],[[[78.1212,8.6174],[78.1212,8.6168],[78.121,8.6168],[78.121,8.6165],[78.1207,8.6165],[78.1207,8.6163],[78.1204,8.6163],[78.1204,8.6157],[78.1201,8.6157],[78.1201,8.6154],[78.1199,8.6154],[78.1199,8.6151],[78.1196,8.6151],[78.1196,8.6154],[78.119,8.6154],[78.119,8.6157],[78.1193,8.6157],[78.1193,8.6163],[78.1196,8.6163],[78.1196,8.6165],[78.1199,8.6165],[78.1199,8.6171],[78.1201,8.6171],[78.1201,8.6176],[78.1204,8.6176],[78.1204,8.6179],[78.1215,8.6179],[78.1215,8.6174],[78.1212,8.6174]]],[[[78.1201,8.6379],[78.1201,8.6376],[78.1204,8.6376],[78.1204,8.6374],[78.121,8.6374],[78.121,8.6371],[78.1212,8.6371],[78.1212,8.6368],[78.1215,8.6368],[78.1215,8.6365],[78.1221,8.6365],[78.1221,8.636],[78.1224,8.636],[78.1224,8.6354],[78.121,8.6354],[78.121,8.6351],[78.1207,8.6351],[78.1207,8.6346],[78.1204,8.6346],[78.1204,8.6343],[78.1201,8.6343],[78.1201,8.6337],[78.1199,8.6337],[78.1199,8.6335],[78.1196,8.6335],[78.1196,8.6332],[78.1193,8.6332],[78.1193,8.6329],[78.1188,8.6329],[78.1188,8.6324],[78.1185,8.6324],[78.1185,8.6318],[78.1182,8.6318],[78.1182,8.6313],[78.1168,8.6313],[78.1168,8.6315],[78.1157,8.6315],[78.1157,8.6285],[78.116,8.6285],[78.116,8.6276],[78.1168,8.6277],[78.1168,8.6274],[78.1185,8.6274],[78.1185,8.6279],[78.1218,8.6279],[78.1218,8.6282],[78.1207,8.6282],[78.1207,8.6285],[78.1196,8.6285],[78.1196,8.6287],[78.1201,8.6287],[78.1201,8.629],[78.1207,8.629],[78.1207,8.6293],[78.1212,8.6293],[78.1212,8.6296],[78.1218,8.6296],[78.1218,8.6301],[78.1207,8.6301],[78.1207,8.6307],[78.121,8.6307],[78.121,8.6332],[78.1212,8.6332],[78.1212,8.6337],[78.1221,8.6337],[78.1221,8.634],[78.1226,8.634],[78.1226,8.6321],[78.1224,8.6321],[78.1224,8.6304],[78.1226,8.6304],[78.1226,8.6299],[78.1229,8.6299],[78.1229,8.6293],[78.1226,8.6293],[78.1226,8.6287],[78.1224,8.6287],[78.1224,8.6282],[78.1221,8.6282],[78.1221,8.6276],[78.1218,8.6277],[78.1218,8.6271],[78.1215,8.6271],[78.1215,8.6268],[78.1212,8.6268],[78.1212,8.6265],[78.121,8.6265],[78.121,8.626],[78.1207,8.626],[78.1207,8.6257],[78.1204,8.6257],[78.1204,8.6251],[78.1201,8.6251],[78.1201,8.6243],[78.1199,8.6243],[78.1199,8.6232],[78.1196,8.6232],[78.1196,8.6224],[78.1193,8.6224],[78.1193,8.6218],[78.1196,8.6218],[78.1196,8.6215],[78.1193,8.6215],[78.1193,8.621],[78.1196,8.621],[78.1196,8.6196],[78.1193,8.6196],[78.1193,8.6187],[78.119,8.6188],[78.119,8.6185],[78.1188,8.6185],[78.1188,8.6179],[78.1185,8.6179],[78.1185,8.6176],[78.1182,8.6176],[78.1182,8.6174],[78.1179,8.6174],[78.1179,8.6188],[78.1182,8.6188],[78.1182,8.6199],[78.1179,8.6199],[78.1179,8.6204],[78.1176,8.6204],[78.1176,8.621],[78.1174,8.621],[78.1174,8.6212],[78.1171,8.6212],[78.1171,8.6218],[78.1168,8.6218],[78.1168,8.6221],[78.1171,8.6221],[78.1171,8.6224],[78.1185,8.6224],[78.1185,8.6238],[78.1182,8.6237],[78.1182,8.6249],[78.1185,8.6249],[78.1185,8.6251],[78.1188,8.6251],[78.1188,8.6254],[78.119,8.6254],[78.119,8.6257],[78.1196,8.6257],[78.1196,8.626],[78.1199,8.626],[78.1199,8.6274],[78.119,8.6274],[78.119,8.6271],[78.1171,8.6271],[78.1171,8.6268],[78.1168,8.6268],[78.1168,8.6265],[78.1165,8.6265],[78.1165,8.626],[78.1162,8.626],[78.1162,8.6257],[78.1157,8.6257],[78.1157,8.626],[78.1151,8.626],[78.1151,8.6279],[78.1149,8.6279],[78.1149,8.6299],[78.1146,8.6299],[78.1146,8.6301],[78.114,8.6301],[78.114,8.6304],[78.1137,8.6304],[78.1137,8.6307],[78.1132,8.6307],[78.1132,8.631],[78.1124,8.631],[78.1124,8.6313],[78.1118,8.6313],[78.1118,8.6315],[78.1113,8.6315],[78.1113,8.6324],[78.1115,8.6324],[78.1115,8.6329],[78.1118,8.6329],[78.1118,8.6335],[78.1121,8.6335],[78.1121,8.6337],[78.1124,8.6337],[78.1124,8.634],[78.1126,8.634],[78.1126,8.6343],[78.1129,8.6343],[78.1129,8.6346],[78.1132,8.6346],[78.1132,8.6349],[78.1137,8.6349],[78.1137,8.6351],[78.1143,8.6351],[78.1143,8.6354],[78.1149,8.6354],[78.1149,8.6357],[78.1154,8.6357],[78.1154,8.636],[78.116,8.636],[78.116,8.6362],[78.1162,8.6362],[78.1162,8.6365],[78.1168,8.6365],[78.1168,8.6368],[78.1174,8.6368],[78.1174,8.6371],[78.1179,8.6371],[78.1179,8.6374],[78.1188,8.6374],[78.1188,8.6376],[78.1193,8.6376],[78.1193,8.6379],[78.1201,8.6379]]],[[[78.1276,8.6479],[78.1276,8.6451],[78.1279,8.6451],[78.1279,8.6435],[78.1282,8.6435],[78.1282,8.6429],[78.1279,8.6429],[78.1279,8.6432],[78.126,8.6432],[78.126,8.6435],[78.1263,8.6435],[78.1263,8.644],[78.1265,8.644],[78.1265,8.6465],[78.1263,8.6465],[78.1263,8.6474],[78.1274,8.6474],[78.1274,8.6479],[78.1276,8.6479]]],[[[78.1171,8.6565],[78.1171,8.6554],[78.1174,8.6554],[78.1174,8.6549],[78.1176,8.6549],[78.1176,8.6546],[78.1179,8.6546],[78.1179,8.6543],[78.1185,8.6543],[78.1185,8.654],[78.1188,8.654],[78.1188,8.6537],[78.1193,8.6537],[78.1193,8.6535],[78.1199,8.6535],[78.1199,8.6518],[78.1201,8.6518],[78.1201,8.6513],[78.1204,8.6513],[78.1204,8.651],[78.1221,8.651],[78.1221,8.6507],[78.1229,8.6507],[78.1229,8.6504],[78.1237,8.6504],[78.1237,8.6501],[78.124,8.6501],[78.124,8.6499],[78.1243,8.6499],[78.1243,8.6496],[78.1246,8.6496],[78.1246,8.6462],[78.1249,8.6463],[78.1249,8.6457],[78.1251,8.6457],[78.1251,8.6424],[78.1254,8.6424],[78.1254,8.6421],[78.1249,8.6421],[78.1249,8.6418],[78.124,8.6418],[78.124,8.6413],[78.1243,8.6413],[78.1243,8.6401],[78.1246,8.6401],[78.1246,8.6393],[78.1254,8.6393],[78.1254,8.639],[78.1251,8.639],[78.1251,8.6388],[78.1246,8.6388],[78.1246,8.6385],[78.124,8.6385],[78.124,8.6382],[78.1232,8.6382],[78.1232,8.6388],[78.1226,8.6388],[78.1226,8.639],[78.1224,8.639],[78.1224,8.6393],[78.1226,8.6393],[78.1226,8.6399],[78.1229,8.6399],[78.1229,8.6404],[78.1232,8.6404],[78.1232,8.641],[78.1215,8.641],[78.1215,8.6413],[78.1199,8.6413],[78.1199,8.6418],[78.1201,8.6418],[78.1201,8.6421],[78.1204,8.6421],[78.1204,8.6424],[78.121,8.6424],[78.121,8.6426],[78.1212,8.6426],[78.1212,8.6429],[78.1215,8.6429],[78.1215,8.6432],[78.1218,8.6432],[78.1218,8.6435],[78.1221,8.6435],[78.1221,8.644],[78.1224,8.644],[78.1224,8.6443],[78.1215,8.6443],[78.1215,8.6446],[78.1201,8.6446],[78.1201,8.644],[78.1199,8.644],[78.1199,8.6438],[78.1196,8.6438],[78.1196,8.6432],[78.1193,8.6432],[78.1193,8.6429],[78.119,8.6429],[78.119,8.6426],[78.1188,8.6426],[78.1188,8.6421],[78.1185,8.6421],[78.1185,8.6418],[78.1174,8.6418],[78.1174,8.6424],[78.1171,8.6424],[78.1171,8.644],[78.1168,8.644],[78.1168,8.6449],[78.1171,8.6449],[78.1171,8.6451],[78.1176,8.6451],[78.1176,8.6454],[78.1179,8.6454],[78.1179,8.6457],[78.1185,8.6457],[78.1185,8.646],[78.1188,8.646],[78.1188,8.6496],[78.1185,8.6496],[78.1185,8.6499],[78.1179,8.6499],[78.1179,8.6501],[78.1176,8.6501],[78.1176,8.6507],[78.1179,8.6507],[78.1179,8.6518],[78.1176,8.6518],[78.1176,8.6526],[78.1174,8.6526],[78.1174,8.6532],[78.1171,8.6532],[78.1171,8.6537],[78.1168,8.6537],[78.1168,8.6546],[78.1165,8.6546],[78.1165,8.6554],[78.1168,8.6554],[78.1168,8.6565],[78.1171,8.6565]]],[[[78.2085,8.841],[78.2085,8.8407],[78.209,8.8407],[78.209,8.8404],[78.2096,8.8404],[78.2096,8.8401],[78.2101,8.8401],[78.2101,8.8399],[78.2104,8.8399],[78.2104,8.8393],[78.211,8.8393],[78.211,8.839],[78.2121,8.839],[78.2121,8.8385],[78.2124,8.8385],[78.2124,8.8379],[78.2126,8.8379],[78.2126,8.8371],[78.2129,8.8371],[78.2129,8.8365],[78.2126,8.8365],[78.2126,8.8363],[78.2118,8.8363],[78.2118,8.836],[78.2115,8.836],[78.2115,8.8354],[78.2101,8.8354],[78.2101,8.8357],[78.2104,8.8357],[78.2104,8.8363],[78.2099,8.8363],[78.2099,8.8365],[78.2096,8.8365],[78.2096,8.8371],[78.2093,8.8371],[78.2093,8.8393],[78.209,8.8393],[78.209,8.8399],[78.2087,8.8399],[78.2087,8.8404],[78.2082,8.8404],[78.2082,8.8407],[78.2076,8.8407],[78.2076,8.841],[78.2085,8.841]]],[[[78.2249,8.8737],[78.2249,8.8732],[78.2254,8.8732],[78.2254,8.8729],[78.226,8.8729],[78.226,8.8726],[78.2262,8.8726],[78.2262,8.8724],[78.2265,8.8724],[78.2265,8.8715],[78.2268,8.8715],[78.2268,8.8713],[78.2271,8.8713],[78.2271,8.8696],[78.2274,8.8696],[78.2274,8.869],[78.2276,8.869],[78.2276,8.8687],[78.2271,8.8687],[78.2271,8.8679],[78.2274,8.8679],[78.2274,8.8674],[78.2257,8.8674],[78.2257,8.8676],[78.226,8.8676],[78.226,8.8682],[78.2257,8.8682],[78.2257,8.8685],[78.2254,8.8685],[78.2254,8.869],[78.2249,8.869],[78.2249,8.8696],[78.2246,8.8696],[78.2246,8.8701],[78.2243,8.8701],[78.2243,8.8704],[78.224,8.8704],[78.224,8.871],[78.2243,8.871],[78.2243,8.8715],[78.224,8.8715],[78.224,8.8721],[78.2235,8.8721],[78.2235,8.8724],[78.2229,8.8724],[78.2229,8.8732],[78.2232,8.8732],[78.2232,8.8735],[78.2237,8.8735],[78.2237,8.8737],[78.2249,8.8737]]],[[[78.2529,8.9579],[78.2529,8.9574],[78.2532,8.9574],[78.2532,8.9571],[78.2535,8.9571],[78.2535,8.9568],[78.2537,8.9568],[78.2537,8.9565],[78.254,8.9565],[78.254,8.956],[78.2546,8.956],[78.2546,8.9557],[78.2549,8.9557],[78.2549,8.9554],[78.2554,8.9554],[78.2554,8.9543],[78.2551,8.9543],[78.2551,8.954],[78.2549,8.954],[78.2549,8.9535],[78.2546,8.9535],[78.2546,8.9529],[78.254,8.9529],[78.254,8.9532],[78.2529,8.9532],[78.2529,8.9529],[78.2524,8.9529],[78.2524,8.9532],[78.2518,8.9532],[78.2518,8.9549],[78.2515,8.9549],[78.2515,8.9576],[78.2512,8.9576],[78.2512,8.9579],[78.2529,8.9579]]],[[[78.4918,9.0932],[78.4918,9.0929],[78.4921,9.0929],[78.4921,9.0924],[78.4924,9.0924],[78.4924,9.0921],[78.4926,9.0921],[78.4926,9.0918],[78.4932,9.0918],[78.4932,9.0915],[78.4938,9.0915],[78.4938,9.0913],[78.4943,9.0913],[78.4943,9.091],[78.4949,9.091],[78.4949,9.0907],[78.4951,9.0907],[78.4951,9.0901],[78.4949,9.0901],[78.4949,9.0893],[78.4946,9.0893],[78.4946,9.0885],[78.4943,9.0885],[78.4943,9.0879],[78.494,9.0879],[78.494,9.0874],[78.4938,9.0874],[78.4938,9.0868],[78.4935,9.0868],[78.4935,9.086],[78.4932,9.086],[78.4932,9.0857],[78.4926,9.0857],[78.4926,9.086],[78.4924,9.086],[78.4924,9.0865],[78.4921,9.0865],[78.4921,9.0871],[78.4918,9.0871],[78.4918,9.0876],[78.4912,9.0876],[78.4912,9.0879],[78.4907,9.0879],[78.4907,9.0882],[78.4901,9.0882],[78.4901,9.0885],[78.4896,9.0885],[78.4896,9.0888],[78.489,9.0888],[78.489,9.089],[78.4887,9.089],[78.4887,9.0893],[78.4885,9.0893],[78.4885,9.0899],[78.4882,9.0899],[78.4882,9.0901],[78.4879,9.0901],[78.4879,9.0904],[78.4885,9.0904],[78.4885,9.0907],[78.4893,9.0907],[78.4893,9.091],[78.4899,9.091],[78.4899,9.0913],[78.4901,9.0913],[78.4901,9.0918],[78.4904,9.0918],[78.4904,9.0924],[78.4907,9.0924],[78.4907,9.0929],[78.491,9.0929],[78.491,9.0932],[78.4918,9.0932]]],[[[78.5393,9.106],[78.5393,9.1057],[78.5396,9.1057],[78.5396,9.1054],[78.5393,9.1054],[78.5393,9.1051],[78.539,9.1051],[78.539,9.1046],[78.5387,9.1046],[78.5387,9.1043],[78.5385,9.1043],[78.5385,9.1035],[78.5382,9.1035],[78.5382,9.1029],[78.5376,9.1029],[78.5376,9.1026],[78.5371,9.1026],[78.5371,9.1024],[78.5362,9.1024],[78.5362,9.1021],[78.5351,9.1021],[78.5351,9.1024],[78.5349,9.1024],[78.5349,9.1029],[78.5351,9.1029],[78.5351,9.1032],[78.5354,9.1032],[78.5354,9.1035],[78.536,9.1035],[78.536,9.1038],[78.5362,9.1038],[78.5362,9.104],[78.5365,9.104],[78.5365,9.1043],[78.5368,9.1043],[78.5368,9.1046],[78.5374,9.1046],[78.5374,9.1049],[78.5376,9.1049],[78.5376,9.1051],[78.5379,9.1051],[78.5379,9.1057],[78.5382,9.1057],[78.5382,9.106],[78.5393,9.106]]],[[[78.5804,9.1124],[78.5804,9.1121],[78.581,9.1121],[78.581,9.1118],[78.5818,9.1118],[78.5818,9.1115],[78.5832,9.1115],[78.5832,9.1113],[78.5846,9.1113],[78.5846,9.111],[78.5849,9.111],[78.5849,9.1107],[78.5851,9.1107],[78.5851,9.1104],[78.5854,9.1104],[78.5854,9.1101],[78.5857,9.1101],[78.5857,9.1099],[78.5863,9.1099],[78.5863,9.1096],[78.5865,9.1096],[78.5865,9.1093],[78.5863,9.1093],[78.5863,9.1087],[78.586,9.1087],[78.586,9.1085],[78.5857,9.1085],[78.5857,9.1082],[78.5851,9.1082],[78.5851,9.1079],[78.5835,9.1079],[78.5835,9.1076],[78.5832,9.1076],[78.5832,9.1074],[78.5829,9.1074],[78.5829,9.1068],[78.5826,9.1068],[78.5826,9.1065],[78.5824,9.1065],[78.5824,9.1063],[78.5821,9.1063],[78.5821,9.106],[78.5818,9.106],[78.5818,9.1054],[78.5815,9.1054],[78.5815,9.1051],[78.5813,9.1051],[78.5813,9.1049],[78.581,9.1049],[78.581,9.1046],[78.5807,9.1046],[78.5807,9.104],[78.5804,9.104],[78.5804,9.1038],[78.5801,9.1038],[78.5801,9.1035],[78.579,9.1035],[78.579,9.1032],[78.5779,9.1032],[78.5779,9.1029],[78.5735,9.1029],[78.5735,9.1026],[78.5732,9.1026],[78.5732,9.1021],[78.5718,9.1021],[78.5718,9.1029],[78.5721,9.1029],[78.5721,9.104],[78.5718,9.104],[78.5718,9.1046],[78.5721,9.1046],[78.5721,9.1049],[78.5726,9.1049],[78.5726,9.1051],[78.5729,9.1051],[78.5729,9.1054],[78.5732,9.1054],[78.5732,9.1057],[78.5735,9.1057],[78.5735,9.106],[78.574,9.106],[78.574,9.1063],[78.5743,9.1063],[78.5743,9.1065],[78.5746,9.1065],[78.5746,9.1068],[78.5749,9.1068],[78.5749,9.1071],[78.5754,9.1071],[78.5754,9.1074],[78.5757,9.1074],[78.5757,9.1076],[78.576,9.1076],[78.576,9.1085],[78.5762,9.1085],[78.5762,9.1096],[78.5765,9.1096],[78.5765,9.1104],[78.5768,9.1104],[78.5768,9.1107],[78.5774,9.1107],[78.5774,9.111],[78.5776,9.111],[78.5776,9.1113],[78.5779,9.1113],[78.5779,9.1115],[78.5782,9.1115],[78.5782,9.1118],[78.5788,9.1118],[78.5788,9.1121],[78.579,9.1121],[78.579,9.1124],[78.5804,9.1124]]],[[[78.4879,9.1349],[78.4879,9.1343],[78.4876,9.1343],[78.4876,9.1332],[78.4874,9.1332],[78.4874,9.1324],[78.4871,9.1324],[78.4871,9.1321],[78.4868,9.1321],[78.4868,9.131],[78.4865,9.131],[78.4865,9.1307],[78.4854,9.1307],[78.4854,9.131],[78.4851,9.131],[78.4851,9.1313],[78.4846,9.1313],[78.4846,9.1318],[78.4849,9.1318],[78.4849,9.1324],[78.4851,9.1324],[78.4851,9.1326],[78.4849,9.1326],[78.4849,9.1335],[78.4851,9.1335],[78.4851,9.1338],[78.4854,9.1338],[78.4854,9.134],[78.4863,9.134],[78.4863,9.1343],[78.4871,9.1343],[78.4871,9.1346],[78.4874,9.1346],[78.4874,9.1349],[78.4879,9.1349]]],[[[78.6963,9.1551],[78.6963,9.1538],[78.6965,9.1538],[78.6965,9.1513],[78.696,9.1513],[78.696,9.151],[78.6937,9.151],[78.6937,9.1513],[78.6932,9.1512],[78.6932,9.1515],[78.6929,9.1515],[78.6929,9.1521],[78.6932,9.1521],[78.6932,9.1526],[78.6935,9.1526],[78.6935,9.1535],[78.6938,9.1535],[78.6938,9.154],[78.694,9.154],[78.694,9.1543],[78.6943,9.1543],[78.6943,9.1549],[78.6946,9.1549],[78.6946,9.1551],[78.6963,9.1551]]],[[[78.7307,9.1563],[78.7307,9.156],[78.731,9.156],[78.731,9.1557],[78.7315,9.1557],[78.7315,9.1554],[78.7321,9.1554],[78.7321,9.1532],[78.7318,9.1532],[78.7318,9.1513],[78.7304,9.1512],[78.7304,9.1515],[78.7299,9.1515],[78.7299,9.1518],[78.7296,9.1518],[78.7296,9.1521],[78.729,9.1521],[78.729,9.1524],[78.7288,9.1524],[78.7288,9.1526],[78.729,9.1526],[78.729,9.1529],[78.7293,9.1529],[78.7293,9.1532],[78.7296,9.1532],[78.7296,9.1538],[78.7299,9.1538],[78.7299,9.1549],[78.7301,9.1549],[78.7301,9.1557],[78.7299,9.1557],[78.7299,9.1563],[78.7307,9.1563]]],[[[78.8282,9.1713],[78.8282,9.171],[78.8285,9.171],[78.8285,9.1704],[78.8288,9.1704],[78.8288,9.169],[78.829,9.169],[78.829,9.1671],[78.8288,9.1671],[78.8288,9.166],[78.8285,9.166],[78.8285,9.1654],[78.8282,9.1654],[78.8282,9.1651],[78.8279,9.1651],[78.8279,9.1649],[78.8254,9.1649],[78.8254,9.1646],[78.8249,9.1646],[78.8249,9.1643],[78.8243,9.1643],[78.8243,9.164],[78.8238,9.164],[78.8238,9.1638],[78.8229,9.1638],[78.8229,9.1635],[78.8224,9.1635],[78.8224,9.1612],[78.8213,9.1613],[78.8213,9.161],[78.821,9.161],[78.821,9.1604],[78.8207,9.1604],[78.8207,9.1596],[78.8204,9.1596],[78.8204,9.1585],[78.8201,9.1585],[78.8201,9.1576],[78.8193,9.1576],[78.8193,9.1579],[78.8149,9.1579],[78.8149,9.1588],[78.8171,9.1588],[78.8171,9.159],[78.8174,9.159],[78.8174,9.1593],[78.8176,9.1593],[78.8176,9.1596],[78.8179,9.1596],[78.8179,9.1599],[78.8182,9.1599],[78.8182,9.1601],[78.8185,9.1601],[78.8185,9.1607],[78.8187,9.1607],[78.8187,9.1615],[78.819,9.1615],[78.819,9.1621],[78.8193,9.1621],[78.8193,9.1624],[78.8196,9.1624],[78.8196,9.1626],[78.8199,9.1626],[78.8199,9.1629],[78.8201,9.1629],[78.8201,9.1632],[78.8204,9.1632],[78.8204,9.1635],[78.8207,9.1635],[78.8207,9.1638],[78.821,9.1638],[78.821,9.164],[78.8221,9.164],[78.8221,9.1643],[78.8226,9.1643],[78.8226,9.1646],[78.8232,9.1646],[78.8232,9.1649],[78.8235,9.1649],[78.8235,9.1651],[78.824,9.1651],[78.824,9.1654],[78.8246,9.1654],[78.8246,9.1657],[78.8249,9.1657],[78.8249,9.166],[78.8251,9.166],[78.8251,9.1663],[78.8254,9.1662],[78.8254,9.1668],[78.8257,9.1668],[78.8257,9.1671],[78.826,9.1671],[78.826,9.1676],[78.8262,9.1676],[78.8262,9.1685],[78.8265,9.1685],[78.8265,9.169],[78.8268,9.169],[78.8268,9.1699],[78.8271,9.1699],[78.8271,9.1707],[78.8274,9.1707],[78.8274,9.1713],[78.8282,9.1713]]],[[[78.9407,9.1846],[78.9407,9.1843],[78.9404,9.1843],[78.9404,9.184],[78.9401,9.184],[78.9401,9.1838],[78.9396,9.1838],[78.9396,9.1835],[78.9393,9.1835],[78.9393,9.1832],[78.9388,9.1832],[78.9388,9.1826],[78.9376,9.1826],[78.9376,9.1829],[78.9368,9.1829],[78.9368,9.1832],[78.9351,9.1832],[78.9351,9.1829],[78.9335,9.1829],[78.9335,9.1826],[78.9329,9.1826],[78.9329,9.1824],[78.9324,9.1824],[78.9324,9.1821],[78.9321,9.1821],[78.9321,9.1818],[78.9315,9.1818],[78.9315,9.1815],[78.9296,9.1815],[78.9296,9.1818],[78.9285,9.1818],[78.9285,9.1821],[78.9274,9.1821],[78.9274,9.1824],[78.9262,9.1824],[78.9262,9.1826],[78.919,9.1826],[78.919,9.1824],[78.9179,9.1824],[78.9179,9.1821],[78.9165,9.1821],[78.9165,9.1818],[78.9154,9.1818],[78.9154,9.1815],[78.9146,9.1815],[78.9146,9.1813],[78.9135,9.1813],[78.9135,9.181],[78.9126,9.181],[78.9126,9.1807],[78.9115,9.1807],[78.9115,9.1804],[78.9107,9.1804],[78.9107,9.1801],[78.9088,9.1801],[78.9088,9.1804],[78.9085,9.1804],[78.9085,9.1807],[78.9071,9.1807],[78.9071,9.1804],[78.9057,9.1804],[78.9057,9.1801],[78.9054,9.1801],[78.9054,9.1799],[78.9049,9.1799],[78.9049,9.1796],[78.9046,9.1796],[78.9046,9.1793],[78.9043,9.1793],[78.9043,9.179],[78.9037,9.179],[78.9037,9.1788],[78.9035,9.1788],[78.9035,9.1785],[78.9032,9.1785],[78.9032,9.1782],[78.9026,9.1782],[78.9026,9.1779],[78.9013,9.1779],[78.9013,9.1782],[78.9001,9.1782],[78.9001,9.1785],[78.8993,9.1785],[78.8993,9.1788],[78.899,9.1788],[78.899,9.179],[78.8988,9.179],[78.8988,9.1793],[78.8985,9.1793],[78.8985,9.1796],[78.8988,9.1796],[78.8988,9.1799],[78.8993,9.1799],[78.8993,9.1801],[78.8996,9.1801],[78.8996,9.1804],[78.8999,9.1804],[78.8999,9.1807],[78.9004,9.1807],[78.9004,9.181],[78.9007,9.181],[78.9007,9.1813],[78.901,9.1813],[78.901,9.1815],[78.9015,9.1815],[78.9015,9.1818],[78.9018,9.1818],[78.9018,9.1821],[78.9024,9.1821],[78.9024,9.1824],[78.9029,9.1824],[78.9029,9.1826],[78.9037,9.1826],[78.9037,9.1829],[78.9043,9.1829],[78.9043,9.1832],[78.9049,9.1832],[78.9049,9.1835],[78.906,9.1835],[78.906,9.1832],[78.9063,9.1832],[78.9063,9.1829],[78.9068,9.1829],[78.9068,9.1826],[78.9073,9.1826],[78.9073,9.1818],[78.9082,9.1818],[78.9082,9.1815],[78.9088,9.1815],[78.9088,9.1813],[78.9104,9.1813],[78.9104,9.1815],[78.9118,9.1815],[78.9118,9.1818],[78.9129,9.1818],[78.9129,9.1824],[78.914,9.1824],[78.914,9.1826],[78.9154,9.1826],[78.9154,9.1829],[78.9165,9.1829],[78.9165,9.1832],[78.9179,9.1832],[78.9179,9.1835],[78.919,9.1835],[78.919,9.1838],[78.9204,9.1838],[78.9204,9.184],[78.9254,9.184],[78.9254,9.1838],[78.926,9.1838],[78.926,9.184],[78.9265,9.184],[78.9265,9.1843],[78.9287,9.1843],[78.9287,9.184],[78.9304,9.184],[78.9304,9.1838],[78.9307,9.1838],[78.9307,9.1835],[78.9351,9.1835],[78.9351,9.1838],[78.9368,9.1838],[78.9368,9.184],[78.9374,9.184],[78.9374,9.1843],[78.9376,9.1843],[78.9376,9.1846],[78.9382,9.1846],[78.9382,9.1849],[78.9388,9.1849],[78.9388,9.1851],[78.939,9.1851],[78.939,9.1854],[78.9415,9.1854],[78.9415,9.1851],[78.9412,9.1851],[78.9412,9.1849],[78.941,9.1849],[78.941,9.1846],[78.9407,9.1846]]],[[[78.9677,9.1893],[78.9677,9.189],[78.9682,9.189],[78.9682,9.1885],[78.9685,9.1885],[78.9685,9.1879],[78.9688,9.1879],[78.9688,9.1874],[78.969,9.1874],[78.969,9.1871],[78.9696,9.1871],[78.9696,9.1868],[78.9704,9.1868],[78.9704,9.1863],[78.9707,9.1863],[78.9707,9.186],[78.971,9.186],[78.971,9.1857],[78.9701,9.1857],[78.9701,9.1854],[78.9699,9.1854],[78.9699,9.1851],[78.9696,9.1851],[78.9696,9.1849],[78.969,9.1849],[78.969,9.1846],[78.9688,9.1846],[78.9688,9.1843],[78.9685,9.1843],[78.9685,9.184],[78.9674,9.184],[78.9674,9.1849],[78.9671,9.1849],[78.9671,9.1857],[78.9668,9.1857],[78.9668,9.1865],[78.9665,9.1865],[78.9665,9.1871],[78.9662,9.1871],[78.9662,9.1874],[78.966,9.1874],[78.966,9.1876],[78.9657,9.1876],[78.9657,9.1885],[78.9654,9.1885],[78.9654,9.1887],[78.9662,9.1887],[78.9662,9.189],[78.9668,9.189],[78.9668,9.1893],[78.9677,9.1893]]],[[[79.0701,9.2082],[79.0701,9.2071],[79.0699,9.2071],[79.0699,9.2068],[79.0696,9.2068],[79.0696,9.2065],[79.0693,9.2065],[79.0693,9.2063],[79.069,9.2063],[79.069,9.206],[79.0687,9.206],[79.0687,9.2054],[79.0696,9.2054],[79.0696,9.2051],[79.0698,9.2051],[79.0698,9.2049],[79.0704,9.2049],[79.0704,9.2046],[79.0707,9.2046],[79.0707,9.2038],[79.071,9.2038],[79.071,9.2035],[79.0721,9.2035],[79.0721,9.2024],[79.0726,9.2024],[79.0726,9.2021],[79.0732,9.2021],[79.0732,9.2018],[79.0738,9.2018],[79.0738,9.2015],[79.0743,9.2015],[79.0743,9.2013],[79.0746,9.2013],[79.0746,9.201],[79.0751,9.201],[79.0751,9.2007],[79.0754,9.2007],[79.0754,9.2004],[79.076,9.2004],[79.076,9.2001],[79.0768,9.2001],[79.0768,9.1999],[79.0804,9.1999],[79.0804,9.2004],[79.0807,9.2004],[79.0807,9.2007],[79.0815,9.2007],[79.0815,9.2004],[79.0818,9.2004],[79.0818,9.2001],[79.0824,9.2001],[79.0824,9.1996],[79.0826,9.1996],[79.0826,9.199],[79.0829,9.199],[79.0829,9.1985],[79.0835,9.1985],[79.0835,9.1982],[79.0843,9.1982],[79.0843,9.1979],[79.0848,9.1979],[79.0848,9.1976],[79.0851,9.1976],[79.0851,9.1974],[79.0857,9.1974],[79.0857,9.1971],[79.0868,9.1971],[79.0868,9.1965],[79.0865,9.1965],[79.0865,9.1962],[79.0868,9.1962],[79.0868,9.196],[79.0871,9.196],[79.0871,9.1949],[79.0868,9.1949],[79.0868,9.1946],[79.086,9.1946],[79.086,9.1943],[79.0863,9.1943],[79.0863,9.1938],[79.0865,9.1938],[79.0865,9.1943],[79.0871,9.1943],[79.0871,9.1946],[79.0879,9.1946],[79.0879,9.1951],[79.0882,9.1951],[79.0882,9.196],[79.0885,9.196],[79.0885,9.1968],[79.0882,9.1968],[79.0882,9.1979],[79.0888,9.1979],[79.0888,9.1982],[79.089,9.1982],[79.089,9.1987],[79.0893,9.1987],[79.0893,9.1999],[79.0904,9.1999],[79.0904,9.2001],[79.091,9.2001],[79.091,9.1996],[79.0912,9.1996],[79.0912,9.199],[79.0915,9.199],[79.0915,9.196],[79.0912,9.196],[79.0912,9.1957],[79.091,9.1957],[79.091,9.1954],[79.0907,9.1954],[79.0907,9.1949],[79.0904,9.1949],[79.0904,9.1946],[79.0901,9.1946],[79.0901,9.1943],[79.0899,9.1943],[79.0899,9.194],[79.0893,9.194],[79.0893,9.1935],[79.089,9.1935],[79.089,9.1929],[79.0885,9.1929],[79.0885,9.1926],[79.0879,9.1926],[79.0879,9.1924],[79.0876,9.1924],[79.0876,9.1921],[79.0871,9.1921],[79.0871,9.1918],[79.0851,9.1918],[79.0851,9.1921],[79.0846,9.1921],[79.0846,9.1924],[79.0843,9.1924],[79.0843,9.1926],[79.0837,9.1926],[79.0837,9.1929],[79.0835,9.1929],[79.0835,9.1932],[79.0829,9.1932],[79.0829,9.1935],[79.0826,9.1935],[79.0826,9.1938],[79.0821,9.1938],[79.0821,9.194],[79.0818,9.194],[79.0818,9.1946],[79.0815,9.1946],[79.0815,9.1949],[79.0813,9.1949],[79.0813,9.1951],[79.081,9.1951],[79.081,9.1954],[79.0804,9.1954],[79.0804,9.1957],[79.0801,9.1957],[79.0801,9.196],[79.079,9.196],[79.079,9.1962],[79.0782,9.1962],[79.0782,9.1965],[79.0779,9.1965],[79.0779,9.1968],[79.0771,9.1968],[79.0771,9.1971],[79.0762,9.1971],[79.0762,9.1974],[79.0757,9.1974],[79.0757,9.1976],[79.0749,9.1976],[79.0749,9.1979],[79.0743,9.1979],[79.0743,9.1982],[79.0735,9.1982],[79.0735,9.1985],[79.0729,9.1985],[79.0729,9.1987],[79.0718,9.1987],[79.0718,9.199],[79.0707,9.199],[79.0707,9.1993],[79.0693,9.1993],[79.0693,9.1996],[79.0679,9.1996],[79.0679,9.1999],[79.0651,9.1999],[79.0651,9.1996],[79.0646,9.1996],[79.0646,9.1999],[79.0643,9.1999],[79.0643,9.1996],[79.064,9.1996],[79.064,9.1993],[79.0635,9.1993],[79.0635,9.199],[79.0632,9.199],[79.0632,9.1987],[79.0626,9.1987],[79.0626,9.1985],[79.0624,9.1985],[79.0624,9.1982],[79.0621,9.1982],[79.0621,9.1979],[79.0615,9.1979],[79.0615,9.1974],[79.0612,9.1974],[79.0612,9.1971],[79.061,9.1971],[79.061,9.1968],[79.0604,9.1968],[79.0604,9.1965],[79.059,9.1965],[79.059,9.1968],[79.0585,9.1968],[79.0585,9.1971],[79.0582,9.1971],[79.0582,9.1976],[79.0585,9.1976],[79.0585,9.1979],[79.0587,9.1979],[79.0587,9.1985],[79.059,9.1985],[79.059,9.199],[79.0593,9.199],[79.0593,9.1996],[79.0596,9.1996],[79.0596,9.2001],[79.0599,9.2001],[79.0599,9.2004],[79.0601,9.2004],[79.0601,9.201],[79.0599,9.201],[79.0599,9.2024],[79.0601,9.2024],[79.0601,9.2026],[79.0607,9.2026],[79.0607,9.2029],[79.0612,9.2029],[79.0612,9.2032],[79.0615,9.2032],[79.0615,9.2035],[79.0618,9.2035],[79.0618,9.2038],[79.0621,9.2038],[79.0621,9.204],[79.0624,9.204],[79.0624,9.2043],[79.0626,9.2043],[79.0626,9.2046],[79.0629,9.2046],[79.0629,9.2049],[79.0632,9.2049],[79.0632,9.2051],[79.0635,9.2051],[79.0635,9.2054],[79.064,9.2054],[79.064,9.2057],[79.0646,9.2057],[79.0646,9.206],[79.0649,9.206],[79.0649,9.2063],[79.0654,9.2063],[79.0654,9.2065],[79.066,9.2065],[79.066,9.2068],[79.0663,9.2068],[79.0663,9.2071],[79.0665,9.2071],[79.0665,9.2076],[79.0668,9.2076],[79.0668,9.2079],[79.0687,9.2079],[79.0687,9.2082],[79.0701,9.2082]]],[[[79.1421,9.2149],[79.1421,9.214],[79.1418,9.214],[79.1418,9.2135],[79.1415,9.2135],[79.1415,9.2132],[79.1413,9.2132],[79.1413,9.2129],[79.1404,9.2129],[79.1404,9.2126],[79.1401,9.2126],[79.1401,9.2124],[79.1396,9.2124],[79.1396,9.2121],[79.139,9.2121],[79.139,9.2124],[79.1385,9.2124],[79.1385,9.2138],[79.1387,9.2138],[79.1387,9.214],[79.1393,9.214],[79.1393,9.2143],[79.1401,9.2143],[79.1401,9.2146],[79.1407,9.2146],[79.1407,9.2149],[79.1421,9.2149]]],[[[79.1257,9.2179],[79.1257,9.2176],[79.1282,9.2176],[79.1282,9.2174],[79.1288,9.2174],[79.1288,9.2171],[79.1293,9.2171],[79.1293,9.2168],[79.1296,9.2168],[79.1296,9.2165],[79.1349,9.2165],[79.1349,9.2162],[79.1351,9.2162],[79.1351,9.216],[79.1354,9.216],[79.1354,9.2157],[79.1357,9.2157],[79.1357,9.2154],[79.136,9.2154],[79.136,9.2149],[79.1351,9.2149],[79.1351,9.2146],[79.1343,9.2146],[79.1343,9.2143],[79.1338,9.2143],[79.1338,9.214],[79.1321,9.214],[79.1321,9.2138],[79.1315,9.2138],[79.1315,9.2135],[79.131,9.2135],[79.131,9.2132],[79.1304,9.2132],[79.1304,9.2129],[79.1299,9.2129],[79.1299,9.2132],[79.1285,9.2132],[79.1285,9.2135],[79.1276,9.2135],[79.1276,9.2138],[79.1263,9.2138],[79.1263,9.214],[79.1257,9.214],[79.1257,9.2143],[79.1251,9.2143],[79.1251,9.2146],[79.124,9.2146],[79.124,9.2149],[79.1232,9.2149],[79.1232,9.2151],[79.1224,9.2151],[79.1224,9.2154],[79.1212,9.2154],[79.1212,9.216],[79.121,9.216],[79.121,9.2162],[79.1215,9.2162],[79.1215,9.2165],[79.1229,9.2165],[79.1229,9.2162],[79.1243,9.2162],[79.1243,9.2168],[79.124,9.2168],[79.124,9.2174],[79.1243,9.2174],[79.1243,9.2179],[79.1257,9.2179]]],[[[79.2324,9.2446],[79.2324,9.2443],[79.2326,9.2443],[79.2326,9.244],[79.2329,9.244],[79.2329,9.2438],[79.2337,9.2438],[79.2337,9.2435],[79.2363,9.2435],[79.2363,9.2432],[79.2365,9.2432],[79.2365,9.2435],[79.2368,9.2435],[79.2368,9.2438],[79.2371,9.2438],[79.2371,9.244],[79.2374,9.244],[79.2374,9.2443],[79.2382,9.2443],[79.2382,9.2438],[79.2385,9.2438],[79.2385,9.2432],[79.2387,9.2432],[79.2387,9.2421],[79.2393,9.2421],[79.2393,9.241],[79.2387,9.241],[79.2387,9.2407],[79.2379,9.2407],[79.2379,9.2404],[79.2374,9.2404],[79.2374,9.2401],[79.2365,9.2401],[79.2365,9.2399],[79.2363,9.2399],[79.2363,9.2396],[79.2346,9.2396],[79.2346,9.2401],[79.2343,9.2401],[79.2343,9.2407],[79.234,9.2407],[79.234,9.241],[79.2337,9.241],[79.2337,9.2413],[79.2335,9.2412],[79.2335,9.2415],[79.2332,9.2415],[79.2332,9.2421],[79.2329,9.2421],[79.2329,9.2424],[79.2326,9.2424],[79.2326,9.2426],[79.2324,9.2426],[79.2324,9.2429],[79.2321,9.2429],[79.2321,9.2432],[79.2318,9.2432],[79.2318,9.2435],[79.2315,9.2435],[79.2315,9.2438],[79.2312,9.2438],[79.2312,9.244],[79.2315,9.244],[79.2315,9.2446],[79.2324,9.2446]]],[[[79.184,9.249],[79.184,9.2487],[79.1843,9.2487],[79.1843,9.2482],[79.1846,9.2482],[79.1846,9.2463],[79.1837,9.2463],[79.1837,9.2465],[79.1821,9.2465],[79.1821,9.2457],[79.1818,9.2457],[79.1818,9.2454],[79.181,9.2454],[79.181,9.2446],[79.1807,9.2446],[79.1807,9.244],[79.181,9.244],[79.181,9.2438],[79.1812,9.2438],[79.1812,9.2443],[79.1821,9.2443],[79.1821,9.244],[79.1824,9.244],[79.1824,9.2438],[79.1826,9.2438],[79.1826,9.2435],[79.1829,9.2435],[79.1829,9.2426],[79.1826,9.2426],[79.1826,9.2421],[79.1829,9.2421],[79.1829,9.2418],[79.1832,9.2418],[79.1832,9.2415],[79.1835,9.2415],[79.1835,9.2418],[79.186,9.2418],[79.186,9.2415],[79.1862,9.2415],[79.1862,9.2418],[79.1874,9.2418],[79.1874,9.2415],[79.1876,9.2415],[79.1876,9.2412],[79.1882,9.2413],[79.1882,9.241],[79.1885,9.241],[79.1885,9.2407],[79.1896,9.2407],[79.1896,9.2404],[79.1899,9.2404],[79.1899,9.2399],[79.1901,9.2399],[79.1901,9.2396],[79.1904,9.2396],[79.1904,9.2388],[79.1901,9.2388],[79.1901,9.2382],[79.1899,9.2382],[79.1899,9.2379],[79.1904,9.2379],[79.1904,9.2376],[79.1907,9.2376],[79.1907,9.2374],[79.1943,9.2374],[79.1943,9.2363],[79.1946,9.2363],[79.1946,9.236],[79.1951,9.236],[79.1951,9.2357],[79.1957,9.2357],[79.1957,9.2354],[79.1962,9.2354],[79.1962,9.2351],[79.1971,9.2351],[79.1971,9.2346],[79.1979,9.2346],[79.1979,9.234],[79.1982,9.234],[79.1982,9.2335],[79.1985,9.2335],[79.1985,9.234],[79.1988,9.234],[79.1988,9.2346],[79.1996,9.2346],[79.1996,9.2351],[79.1993,9.2351],[79.1993,9.2371],[79.1996,9.2371],[79.1996,9.2379],[79.1999,9.2379],[79.1999,9.2385],[79.2001,9.2385],[79.2001,9.239],[79.2004,9.239],[79.2004,9.2393],[79.2007,9.2393],[79.2007,9.2396],[79.2004,9.2396],[79.2004,9.2404],[79.2007,9.2404],[79.2007,9.2407],[79.2012,9.2407],[79.2012,9.2404],[79.2015,9.2404],[79.2015,9.2401],[79.2018,9.2401],[79.2018,9.2379],[79.2015,9.2379],[79.2015,9.2376],[79.2012,9.2376],[79.2012,9.2368],[79.201,9.2368],[79.201,9.2363],[79.2012,9.2363],[79.2012,9.2354],[79.2015,9.2354],[79.2015,9.234],[79.2012,9.234],[79.2012,9.2338],[79.2007,9.2338],[79.2007,9.2335],[79.2004,9.2335],[79.2004,9.2332],[79.2001,9.2332],[79.2001,9.2329],[79.1999,9.2329],[79.1999,9.2326],[79.1996,9.2326],[79.1996,9.2324],[79.1979,9.2324],[79.1979,9.2326],[79.1974,9.2326],[79.1971,9.2326],[79.1971,9.2329],[79.1963,9.2329],[79.1963,9.2332],[79.196,9.2332],[79.196,9.2335],[79.1951,9.2335],[79.1951,9.2338],[79.1949,9.2338],[79.1949,9.234],[79.1937,9.234],[79.1937,9.2343],[79.1935,9.2343],[79.1935,9.2346],[79.1921,9.2346],[79.1921,9.2349],[79.1918,9.2349],[79.1918,9.2351],[79.1915,9.2351],[79.1915,9.2354],[79.1907,9.2354],[79.1907,9.236],[79.1904,9.236],[79.1904,9.2363],[79.1896,9.2363],[79.1896,9.2365],[79.1888,9.2365],[79.1888,9.2368],[79.1882,9.2368],[79.1882,9.2371],[79.1874,9.2371],[79.1874,9.2374],[79.1868,9.2374],[79.1868,9.2379],[79.1865,9.2379],[79.1865,9.2382],[79.186,9.2382],[79.186,9.2385],[79.1857,9.2385],[79.1857,9.2387],[79.1843,9.2388],[79.1843,9.239],[79.1826,9.239],[79.1826,9.2393],[79.1821,9.2393],[79.1821,9.2396],[79.1818,9.2396],[79.1818,9.2399],[79.1815,9.2399],[79.1815,9.2401],[79.181,9.2401],[79.181,9.2404],[79.1807,9.2404],[79.1807,9.2407],[79.1804,9.2407],[79.1804,9.2413],[79.1801,9.2412],[79.1801,9.2415],[79.1799,9.2415],[79.1799,9.2421],[79.1796,9.2421],[79.1796,9.2426],[79.1793,9.2426],[79.1793,9.2429],[79.179,9.2429],[79.179,9.2435],[79.1787,9.2435],[79.1787,9.2443],[79.179,9.2443],[79.179,9.2454],[79.1793,9.2454],[79.1793,9.2465],[79.1796,9.2465],[79.1796,9.2471],[79.1799,9.2471],[79.1799,9.2477],[79.1801,9.2476],[79.1801,9.2482],[79.1804,9.2482],[79.1804,9.2485],[79.1815,9.2485],[79.1815,9.2487],[79.1824,9.2487],[79.1824,9.249],[79.184,9.249]]],[[[79.219,9.251],[79.219,9.2507],[79.2193,9.2507],[79.2193,9.2504],[79.2196,9.2504],[79.2196,9.2501],[79.2199,9.2501],[79.2199,9.2499],[79.2201,9.2499],[79.2201,9.2493],[79.2204,9.2493],[79.2204,9.249],[79.221,9.249],[79.221,9.2487],[79.2215,9.2487],[79.2215,9.2485],[79.2221,9.2485],[79.2221,9.2482],[79.2224,9.2482],[79.2224,9.2476],[79.2221,9.2477],[79.2221,9.2471],[79.2215,9.2471],[79.2215,9.2468],[79.2201,9.2468],[79.2201,9.2471],[79.2193,9.2471],[79.2193,9.2468],[79.2179,9.2468],[79.2179,9.2471],[79.2168,9.2471],[79.2168,9.2468],[79.2162,9.2468],[79.2162,9.2465],[79.216,9.2465],[79.2146,9.2465],[79.2143,9.2465],[79.2143,9.2464],[79.2143,9.2463],[79.214,9.2463],[79.2129,9.2463],[79.2129,9.246],[79.2121,9.246],[79.2121,9.2457],[79.2115,9.2457],[79.2115,9.2454],[79.2107,9.2454],[79.2107,9.2451],[79.2104,9.2451],[79.2104,9.2449],[79.2099,9.2449],[79.2099,9.2446],[79.2096,9.2446],[79.2096,9.2443],[79.209,9.2443],[79.209,9.244],[79.2079,9.244],[79.2079,9.2438],[79.2074,9.2438],[79.2074,9.2435],[79.2068,9.2435],[79.2068,9.2432],[79.2065,9.2432],[79.2065,9.2429],[79.2063,9.2429],[79.2062,9.2427],[79.206,9.2426],[79.206,9.2424],[79.2049,9.2424],[79.2049,9.2421],[79.2046,9.2421],[79.2046,9.2418],[79.2035,9.2418],[79.2035,9.2415],[79.2032,9.2415],[79.2032,9.2412],[79.201,9.2413],[79.201,9.2418],[79.2012,9.2418],[79.2012,9.2432],[79.2015,9.2432],[79.2015,9.2437],[79.2018,9.2438],[79.2018,9.2443],[79.2021,9.2443],[79.2021,9.2446],[79.2029,9.2446],[79.2029,9.2454],[79.2032,9.2454],[79.2032,9.246],[79.2035,9.246],[79.2035,9.2463],[79.2063,9.2463],[79.2063,9.2474],[79.2079,9.2474],[79.2079,9.2482],[79.2076,9.2482],[79.2076,9.2493],[79.2085,9.2493],[79.2085,9.2496],[79.211,9.2496],[79.211,9.2499],[79.2132,9.2499],[79.2132,9.2501],[79.2143,9.2501],[79.2143,9.2504],[79.2146,9.2504],[79.2146,9.2507],[79.2149,9.2507],[79.2149,9.251],[79.219,9.251]]],[[[79.3124,9.3285],[79.3124,9.3282],[79.3129,9.3282],[79.3129,9.3279],[79.3146,9.3279],[79.3146,9.3276],[79.3149,9.3276],[79.3149,9.3274],[79.3157,9.3274],[79.3157,9.3271],[79.3165,9.3271],[79.3165,9.3268],[79.3168,9.3268],[79.3168,9.3265],[79.3176,9.3265],[79.3176,9.3263],[79.3182,9.3263],[79.3182,9.326],[79.3187,9.326],[79.3187,9.3257],[79.3193,9.3257],[79.3193,9.3254],[79.3201,9.3254],[79.3201,9.3251],[79.3207,9.3251],[79.3207,9.3249],[79.3213,9.3249],[79.3213,9.3243],[79.3215,9.3243],[79.3215,9.324],[79.3221,9.324],[79.3221,9.3238],[79.3226,9.3237],[79.3226,9.3235],[79.3235,9.3235],[79.3235,9.3232],[79.324,9.3232],[79.324,9.3229],[79.3243,9.3229],[79.3243,9.3226],[79.3246,9.3226],[79.3246,9.3224],[79.3251,9.3224],[79.3251,9.3221],[79.3254,9.3221],[79.3254,9.3218],[79.3262,9.3218],[79.3262,9.3215],[79.3268,9.3215],[79.3268,9.3213],[79.3271,9.3213],[79.3271,9.321],[79.3274,9.321],[79.3274,9.3207],[79.3279,9.3207],[79.3279,9.3204],[79.3285,9.3204],[79.3285,9.3201],[79.329,9.3201],[79.329,9.3199],[79.3293,9.3199],[79.3293,9.3196],[79.3299,9.3196],[79.3299,9.3193],[79.3304,9.3193],[79.3304,9.319],[79.3307,9.319],[79.3307,9.3188],[79.331,9.3188],[79.331,9.3185],[79.3313,9.3185],[79.3313,9.3176],[79.3315,9.3176],[79.3315,9.3171],[79.3321,9.3171],[79.3321,9.316],[79.3324,9.316],[79.3324,9.3157],[79.3332,9.3157],[79.3332,9.3151],[79.3335,9.3151],[79.3335,9.3149],[79.3337,9.3149],[79.3337,9.3143],[79.334,9.3143],[79.334,9.314],[79.3343,9.314],[79.3343,9.3135],[79.3346,9.3135],[79.3346,9.3126],[79.3349,9.3126],[79.3349,9.3115],[79.3351,9.3115],[79.3351,9.3099],[79.3349,9.3099],[79.3349,9.3085],[79.3346,9.3085],[79.3346,9.3079],[79.334,9.3079],[79.334,9.3074],[79.3337,9.3074],[79.3337,9.3068],[79.3332,9.3068],[79.3332,9.306],[79.3329,9.306],[79.3329,9.304],[79.3326,9.304],[79.3326,9.3035],[79.3324,9.3035],[79.3324,9.3032],[79.3321,9.3032],[79.3321,9.3029],[79.3315,9.3029],[79.3315,9.3026],[79.3307,9.3026],[79.3307,9.3021],[79.3304,9.3021],[79.3304,9.3015],[79.3299,9.3015],[79.3299,9.3013],[79.3293,9.3013],[79.3293,9.301],[79.329,9.301],[79.329,9.3007],[79.3288,9.3007],[79.3288,9.3004],[79.3285,9.3004],[79.3285,9.3001],[79.3282,9.3001],[79.3282,9.2996],[79.3279,9.2996],[79.3279,9.2993],[79.3276,9.2993],[79.3276,9.299],[79.3274,9.299],[79.3274,9.2987],[79.3271,9.2987],[79.3271,9.2979],[79.3274,9.2979],[79.3274,9.2949],[79.3279,9.2949],[79.3279,9.2943],[79.3271,9.2943],[79.3271,9.294],[79.3265,9.294],[79.3265,9.2926],[79.3251,9.2926],[79.3251,9.2924],[79.3249,9.2924],[79.3249,9.2921],[79.3246,9.2921],[79.3246,9.2918],[79.324,9.2918],[79.324,9.2915],[79.3238,9.2915],[79.3238,9.2913],[79.3235,9.2913],[79.3235,9.2907],[79.3232,9.2907],[79.3232,9.2904],[79.3224,9.2904],[79.3224,9.2899],[79.3218,9.2899],[79.3218,9.2896],[79.3215,9.2896],[79.3215,9.2893],[79.3213,9.2893],[79.3213,9.289],[79.321,9.289],[79.321,9.2876],[79.3201,9.2876],[79.3201,9.2874],[79.3196,9.2874],[79.3196,9.2868],[79.3193,9.2868],[79.3193,9.2863],[79.3182,9.2863],[79.3182,9.286],[79.3176,9.286],[79.3176,9.2857],[79.3171,9.2857],[79.3171,9.2854],[79.3165,9.2854],[79.3165,9.2851],[79.3162,9.2851],[79.3162,9.2849],[79.316,9.2849],[79.316,9.2835],[79.3157,9.2835],[79.3157,9.2826],[79.3151,9.2826],[79.3151,9.2824],[79.3146,9.2824],[79.3146,9.2818],[79.3154,9.2818],[79.3154,9.2821],[79.3157,9.2821],[79.3157,9.2824],[79.3171,9.2824],[79.3171,9.2821],[79.3174,9.2821],[79.3174,9.2815],[79.3176,9.2815],[79.3176,9.2813],[79.3179,9.2813],[79.3179,9.2807],[79.3176,9.2807],[79.3176,9.2799],[79.3174,9.2799],[79.3174,9.2788],[79.3176,9.2788],[79.3176,9.2782],[79.3179,9.2782],[79.3179,9.2776],[79.3176,9.2776],[79.3176,9.2757],[79.3179,9.2757],[79.3179,9.2754],[79.3185,9.2754],[79.3185,9.2749],[79.3182,9.2749],[79.3182,9.2738],[79.3185,9.2738],[79.3185,9.2732],[79.3187,9.2732],[79.3187,9.2726],[79.319,9.2726],[79.319,9.2724],[79.3193,9.2724],[79.3193,9.2718],[79.3196,9.2718],[79.3196,9.2715],[79.3199,9.2715],[79.3199,9.271],[79.3201,9.271],[79.3201,9.2704],[79.3204,9.2704],[79.3204,9.2699],[79.3207,9.2699],[79.3207,9.2693],[79.321,9.2693],[79.321,9.269],[79.3213,9.269],[79.3213,9.2688],[79.3215,9.2688],[79.3215,9.2682],[79.3221,9.2682],[79.3221,9.2679],[79.3224,9.2679],[79.3224,9.2674],[79.3226,9.2674],[79.3226,9.2668],[79.3229,9.2668],[79.3229,9.2665],[79.3232,9.2665],[79.3232,9.266],[79.3235,9.266],[79.3235,9.2657],[79.3238,9.2657],[79.3238,9.2651],[79.324,9.2651],[79.324,9.2646],[79.3243,9.2646],[79.3243,9.2643],[79.3246,9.2643],[79.3246,9.2638],[79.3249,9.2638],[79.3249,9.2635],[79.3251,9.2635],[79.3251,9.2632],[79.3254,9.2632],[79.3254,9.2626],[79.3257,9.2626],[79.3257,9.2624],[79.326,9.2624],[79.326,9.2618],[79.3262,9.2618],[79.3262,9.2615],[79.3265,9.2615],[79.3265,9.2613],[79.3268,9.2612],[79.3268,9.261],[79.3271,9.261],[79.3271,9.2607],[79.3274,9.2607],[79.3274,9.2604],[79.3276,9.2604],[79.3276,9.2599],[79.3279,9.2599],[79.3279,9.2596],[79.3282,9.2596],[79.3282,9.2593],[79.3285,9.2593],[79.3285,9.259],[79.3287,9.259],[79.3287,9.2588],[79.329,9.2588],[79.329,9.2582],[79.3293,9.2582],[79.3293,9.2579],[79.3296,9.2579],[79.3296,9.2576],[79.3299,9.2576],[79.3299,9.2574],[79.3304,9.2574],[79.3304,9.2571],[79.3307,9.2571],[79.3307,9.2565],[79.331,9.2565],[79.331,9.2563],[79.3313,9.2563],[79.3313,9.256],[79.3315,9.256],[79.3315,9.2557],[79.3318,9.2557],[79.3318,9.2554],[79.3321,9.2554],[79.3321,9.2551],[79.3324,9.2551],[79.3324,9.2549],[79.3326,9.2549],[79.3326,9.2546],[79.3329,9.2546],[79.3329,9.2543],[79.3332,9.2543],[79.3332,9.254],[79.3335,9.254],[79.3335,9.2537],[79.3337,9.2537],[79.3337,9.2535],[79.334,9.2535],[79.334,9.2532],[79.3343,9.2532],[79.3343,9.2529],[79.3346,9.2529],[79.3346,9.2526],[79.3349,9.2526],[79.3349,9.2524],[79.3354,9.2524],[79.3354,9.2521],[79.3357,9.2521],[79.3357,9.2518],[79.336,9.2518],[79.336,9.2515],[79.3363,9.2515],[79.3363,9.2513],[79.3365,9.2513],[79.3365,9.251],[79.3368,9.251],[79.3368,9.2507],[79.3371,9.2507],[79.3371,9.2504],[79.3374,9.2504],[79.3374,9.2501],[79.3376,9.2501],[79.3376,9.2499],[79.3382,9.2499],[79.3382,9.2496],[79.3385,9.2496],[79.3385,9.2493],[79.3388,9.2493],[79.3388,9.249],[79.339,9.249],[79.339,9.2487],[79.3393,9.2487],[79.3393,9.2485],[79.3396,9.2485],[79.3396,9.2482],[79.3399,9.2482],[79.3399,9.2479],[79.3404,9.2479],[79.3404,9.2477],[79.3407,9.2477],[79.3407,9.2474],[79.341,9.2474],[79.341,9.2471],[79.3412,9.2471],[79.3412,9.2468],[79.3415,9.2468],[79.3415,9.2465],[79.3418,9.2465],[79.3418,9.2463],[79.3424,9.2463],[79.3424,9.246],[79.3426,9.246],[79.3426,9.2457],[79.3432,9.2457],[79.3432,9.2454],[79.3435,9.2454],[79.3435,9.2451],[79.3437,9.2451],[79.3437,9.2449],[79.3443,9.2449],[79.3443,9.2446],[79.3446,9.2446],[79.3446,9.2443],[79.3449,9.2443],[79.3449,9.244],[79.3454,9.244],[79.3454,9.2438],[79.3457,9.2438],[79.3457,9.2435],[79.346,9.2435],[79.346,9.2432],[79.3465,9.2432],[79.3465,9.2429],[79.3468,9.2429],[79.3468,9.2426],[79.3471,9.2426],[79.3471,9.2424],[79.3476,9.2424],[79.3476,9.2421],[79.3479,9.2421],[79.3479,9.2418],[79.3482,9.2418],[79.3482,9.2415],[79.3487,9.2415],[79.3487,9.2412],[79.349,9.2413],[79.349,9.241],[79.3493,9.241],[79.3493,9.2407],[79.3496,9.2407],[79.3496,9.2404],[79.3499,9.2404],[79.3499,9.2401],[79.3504,9.2401],[79.3504,9.2399],[79.3507,9.2399],[79.3507,9.2396],[79.351,9.2396],[79.351,9.2393],[79.3512,9.2393],[79.3512,9.239],[79.3515,9.239],[79.3515,9.2388],[79.3518,9.2388],[79.3518,9.2385],[79.3524,9.2385],[79.3524,9.2382],[79.3526,9.2382],[79.3526,9.2379],[79.3529,9.2379],[79.3529,9.2376],[79.3532,9.2376],[79.3532,9.2374],[79.3535,9.2374],[79.3535,9.2371],[79.354,9.2371],[79.354,9.2368],[79.3543,9.2368],[79.3543,9.2365],[79.3546,9.2365],[79.3546,9.2363],[79.3549,9.2363],[79.3549,9.236],[79.3551,9.236],[79.3551,9.2357],[79.3557,9.2357],[79.3557,9.2354],[79.356,9.2354],[79.356,9.2351],[79.3562,9.2351],[79.3562,9.2349],[79.3565,9.2349],[79.3565,9.2346],[79.3568,9.2346],[79.3568,9.2343],[79.3574,9.2343],[79.3574,9.234],[79.3576,9.234],[79.3576,9.2338],[79.3579,9.2338],[79.3579,9.2335],[79.3582,9.2335],[79.3582,9.2332],[79.3585,9.2332],[79.3585,9.2329],[79.359,9.2329],[79.359,9.2326],[79.3593,9.2326],[79.3593,9.2324],[79.3596,9.2324],[79.3596,9.2321],[79.3599,9.2321],[79.3599,9.2318],[79.3601,9.2318],[79.3601,9.2315],[79.3607,9.2315],[79.3607,9.2312],[79.361,9.2313],[79.361,9.231],[79.3613,9.231],[79.3613,9.2307],[79.3615,9.2307],[79.3615,9.2304],[79.3621,9.2304],[79.3621,9.2301],[79.3624,9.2301],[79.3624,9.2299],[79.3626,9.2299],[79.3626,9.2293],[79.3629,9.2293],[79.3629,9.229],[79.3632,9.229],[79.3632,9.2288],[79.3635,9.2288],[79.3635,9.2285],[79.3637,9.2285],[79.3637,9.2282],[79.364,9.2282],[79.364,9.2279],[79.3643,9.2279],[79.3643,9.2276],[79.3646,9.2276],[79.3646,9.2274],[79.3649,9.2274],[79.3649,9.2271],[79.3651,9.2271],[79.3651,9.2268],[79.3654,9.2268],[79.3654,9.2265],[79.366,9.2265],[79.366,9.2262],[79.3662,9.2262],[79.3662,9.226],[79.3668,9.226],[79.3668,9.2257],[79.3671,9.2257],[79.3671,9.2254],[79.3676,9.2254],[79.3676,9.2251],[79.3679,9.2251],[79.3679,9.2249],[79.3682,9.2249],[79.3682,9.2246],[79.3685,9.2246],[79.3685,9.2243],[79.3688,9.2243],[79.3688,9.224],[79.369,9.224],[79.369,9.2238],[79.3693,9.2238],[79.3693,9.2235],[79.3696,9.2235],[79.3696,9.2232],[79.3699,9.2232],[79.3699,9.2229],[79.3701,9.2229],[79.3701,9.2226],[79.3704,9.2226],[79.3704,9.2224],[79.3707,9.2224],[79.3707,9.2221],[79.371,9.2221],[79.371,9.2218],[79.3712,9.2218],[79.3712,9.2215],[79.3715,9.2215],[79.3715,9.2212],[79.3721,9.2212],[79.3721,9.221],[79.3724,9.221],[79.3724,9.2207],[79.3726,9.2207],[79.3726,9.2204],[79.3729,9.2204],[79.3729,9.2201],[79.3732,9.2201],[79.3732,9.2199],[79.3737,9.2199],[79.3737,9.2196],[79.374,9.2196],[79.374,9.2193],[79.3743,9.2193],[79.3743,9.219],[79.3746,9.219],[79.3746,9.2188],[79.3749,9.2188],[79.3749,9.2185],[79.3754,9.2185],[79.3754,9.2182],[79.3757,9.2182],[79.3757,9.2179],[79.376,9.2179],[79.376,9.2176],[79.3763,9.2176],[79.3763,9.2174],[79.3765,9.2174],[79.3765,9.2171],[79.3771,9.2171],[79.3771,9.2168],[79.3774,9.2168],[79.3774,9.2165],[79.3776,9.2165],[79.3776,9.2162],[79.3779,9.2162],[79.3779,9.216],[79.3785,9.216],[79.3785,9.2157],[79.3788,9.2157],[79.3788,9.2154],[79.3793,9.2154],[79.3793,9.2151],[79.3796,9.2151],[79.3796,9.2149],[79.3799,9.2149],[79.3799,9.2146],[79.3804,9.2146],[79.3804,9.2143],[79.3807,9.2143],[79.3807,9.214],[79.3812,9.214],[79.3812,9.2138],[79.3815,9.2138],[79.3815,9.2135],[79.3821,9.2135],[79.3821,9.2132],[79.3824,9.2132],[79.3824,9.2129],[79.3829,9.2129],[79.3829,9.2126],[79.3835,9.2126],[79.3835,9.2124],[79.3843,9.2124],[79.3843,9.2121],[79.3849,9.2121],[79.3849,9.2118],[79.3851,9.2118],[79.3851,9.2113],[79.3854,9.2113],[79.3854,9.211],[79.3857,9.211],[79.3857,9.2107],[79.3865,9.2107],[79.3865,9.2104],[79.3868,9.2104],[79.3868,9.2101],[79.3876,9.2101],[79.3876,9.2099],[79.3879,9.2099],[79.3879,9.2096],[79.3882,9.2096],[79.3882,9.2093],[79.3885,9.2093],[79.3885,9.209],[79.389,9.209],[79.389,9.2088],[79.3896,9.2088],[79.3896,9.2082],[79.3899,9.2082],[79.3899,9.2079],[79.3904,9.2079],[79.3904,9.2076],[79.3907,9.2076],[79.3907,9.2074],[79.391,9.2074],[79.391,9.2068],[79.3913,9.2068],[79.3913,9.2065],[79.3918,9.2065],[79.3918,9.2063],[79.3924,9.2063],[79.3924,9.2057],[79.3926,9.2057],[79.3926,9.2054],[79.3932,9.2054],[79.3932,9.2051],[79.3938,9.2051],[79.3938,9.2046],[79.3943,9.2046],[79.3943,9.2043],[79.3946,9.2043],[79.3946,9.204],[79.3949,9.204],[79.3949,9.2035],[79.3954,9.2035],[79.3954,9.2032],[79.3957,9.2032],[79.3957,9.2029],[79.3962,9.2029],[79.3962,9.2024],[79.3968,9.2024],[79.3968,9.2021],[79.3974,9.2021],[79.3974,9.2018],[79.3976,9.2018],[79.3976,9.2015],[79.3979,9.2015],[79.3979,9.2013],[79.3982,9.2013],[79.3982,9.201],[79.3988,9.201],[79.3988,9.2007],[79.399,9.2007],[79.399,9.2001],[79.3993,9.2001],[79.3993,9.1999],[79.3999,9.1999],[79.3999,9.1996],[79.4001,9.1996],[79.4001,9.1993],[79.4004,9.1993],[79.4004,9.199],[79.4007,9.199],[79.4007,9.1987],[79.401,9.1987],[79.401,9.1985],[79.4015,9.1985],[79.4015,9.1982],[79.4018,9.1982],[79.4018,9.1979],[79.4021,9.1979],[79.4021,9.1976],[79.4026,9.1976],[79.4026,9.1974],[79.4029,9.1974],[79.4029,9.1965],[79.4035,9.1965],[79.4035,9.1962],[79.404,9.1962],[79.404,9.196],[79.4043,9.196],[79.4043,9.1954],[79.4049,9.1954],[79.4049,9.1951],[79.4054,9.1951],[79.4054,9.1949],[79.4057,9.1949],[79.4057,9.1946],[79.406,9.1946],[79.406,9.1943],[79.4063,9.1943],[79.4063,9.194],[79.4068,9.194],[79.4068,9.1938],[79.4071,9.1938],[79.4071,9.1935],[79.4074,9.1935],[79.4074,9.1932],[79.4076,9.1932],[79.4076,9.1926],[79.4082,9.1926],[79.4082,9.1921],[79.4088,9.1921],[79.4088,9.1918],[79.4093,9.1918],[79.4093,9.1915],[79.4099,9.1915],[79.4099,9.1912],[79.4101,9.1912],[79.4101,9.1907],[79.4107,9.1907],[79.4107,9.1904],[79.411,9.1904],[79.411,9.1901],[79.4112,9.1901],[79.4112,9.1899],[79.4115,9.1899],[79.4115,9.1896],[79.4121,9.1896],[79.4121,9.1893],[79.4118,9.1893],[79.4118,9.1887],[79.4124,9.1887],[79.4124,9.1885],[79.4126,9.1885],[79.4126,9.1882],[79.4129,9.1882],[79.4129,9.1879],[79.4137,9.1879],[79.4137,9.1874],[79.414,9.1874],[79.414,9.1871],[79.4143,9.1871],[79.4143,9.1865],[79.4149,9.1865],[79.4149,9.1863],[79.4146,9.1863],[79.4146,9.186],[79.4154,9.186],[79.4154,9.1863],[79.416,9.1863],[79.416,9.1857],[79.4163,9.1857],[79.4163,9.1854],[79.4165,9.1854],[79.4165,9.1851],[79.4168,9.1851],[79.4168,9.1846],[79.4171,9.1846],[79.4171,9.1843],[79.4174,9.1843],[79.4174,9.184],[79.4176,9.184],[79.4176,9.1838],[79.4179,9.1838],[79.4179,9.1835],[79.4182,9.1835],[79.4182,9.1832],[79.4187,9.1832],[79.4187,9.1829],[79.419,9.1829],[79.419,9.1826],[79.4193,9.1826],[79.4193,9.1824],[79.4196,9.1824],[79.4196,9.1821],[79.4199,9.1821],[79.4199,9.1818],[79.4204,9.1818],[79.4204,9.1815],[79.421,9.1815],[79.421,9.181],[79.4212,9.181],[79.4212,9.1804],[79.4221,9.1804],[79.4221,9.1801],[79.4224,9.1801],[79.4224,9.1799],[79.4226,9.1799],[79.4226,9.1796],[79.4232,9.1796],[79.4232,9.1793],[79.4235,9.1793],[79.4235,9.179],[79.4238,9.179],[79.4238,9.1788],[79.424,9.1788],[79.424,9.1785],[79.4246,9.1785],[79.4246,9.1782],[79.4249,9.1782],[79.4249,9.1779],[79.4251,9.1779],[79.4251,9.1776],[79.4254,9.1776],[79.4254,9.1771],[79.4257,9.1771],[79.4257,9.1765],[79.426,9.1765],[79.426,9.1763],[79.4265,9.1763],[79.4265,9.176],[79.4271,9.176],[79.4271,9.1757],[79.4274,9.1757],[79.4274,9.1751],[79.4276,9.1751],[79.4276,9.1749],[79.4285,9.1749],[79.4285,9.1746],[79.4287,9.1746],[79.4287,9.1743],[79.429,9.1743],[79.429,9.174],[79.4293,9.174],[79.4293,9.1737],[79.4299,9.1737],[79.4299,9.1735],[79.4301,9.1735],[79.4301,9.1729],[79.4304,9.1729],[79.4304,9.1726],[79.4307,9.1726],[79.4307,9.1721],[79.431,9.1721],[79.431,9.1718],[79.4313,9.1718],[79.4313,9.1715],[79.4315,9.1715],[79.4315,9.1713],[79.4318,9.1713],[79.4318,9.1707],[79.4321,9.1707],[79.4321,9.1704],[79.4324,9.1704],[79.4324,9.1701],[79.4326,9.1701],[79.4326,9.1699],[79.4329,9.1699],[79.4329,9.1696],[79.4332,9.1696],[79.4332,9.1693],[79.4335,9.1693],[79.4335,9.169],[79.4337,9.169],[79.4337,9.1687],[79.434,9.1687],[79.434,9.1685],[79.4343,9.1685],[79.4343,9.1682],[79.4346,9.1682],[79.4346,9.1679],[79.4349,9.1679],[79.4349,9.1676],[79.4351,9.1676],[79.4351,9.1671],[79.4354,9.1671],[79.4354,9.1668],[79.4357,9.1668],[79.4357,9.1662],[79.436,9.1663],[79.436,9.166],[79.4362,9.166],[79.4362,9.1657],[79.4365,9.1657],[79.4365,9.1651],[79.4368,9.1651],[79.4368,9.1649],[79.4371,9.1649],[79.4371,9.1646],[79.4376,9.1646],[79.4376,9.1643],[79.4379,9.1643],[79.4379,9.164],[79.4385,9.164],[79.4385,9.1638],[79.4388,9.1638],[79.4388,9.1635],[79.439,9.1635],[79.439,9.1632],[79.4393,9.1632],[79.4393,9.1629],[79.4396,9.1629],[79.4396,9.1626],[79.4399,9.1626],[79.4399,9.1621],[79.4401,9.1621],[79.4401,9.1615],[79.4393,9.1615],[79.4393,9.1621],[79.439,9.1621],[79.439,9.1624],[79.4388,9.1624],[79.4388,9.1626],[79.4385,9.1626],[79.4385,9.1629],[79.4379,9.1629],[79.4379,9.1632],[79.4376,9.1632],[79.4376,9.1635],[79.4371,9.1635],[79.4371,9.1638],[79.4368,9.1638],[79.4368,9.164],[79.4365,9.164],[79.4365,9.1643],[79.4362,9.1643],[79.4362,9.1646],[79.436,9.1646],[79.436,9.1649],[79.4357,9.1649],[79.4357,9.1651],[79.4354,9.1651],[79.4354,9.1654],[79.4351,9.1654],[79.4351,9.1657],[79.4349,9.1657],[79.4349,9.166],[79.4346,9.166],[79.4346,9.1665],[79.4343,9.1665],[79.4343,9.1668],[79.434,9.1668],[79.434,9.1671],[79.4337,9.1671],[79.4337,9.1674],[79.4335,9.1674],[79.4335,9.1676],[79.4332,9.1676],[79.4332,9.1682],[79.4329,9.1682],[79.4329,9.1685],[79.4326,9.1685],[79.4326,9.1687],[79.4324,9.1687],[79.4324,9.1693],[79.4321,9.1693],[79.4321,9.1696],[79.4313,9.1696],[79.4313,9.1699],[79.4307,9.1699],[79.4307,9.1701],[79.4304,9.1701],[79.4304,9.1704],[79.4301,9.1704],[79.4301,9.1707],[79.4299,9.1707],[79.4299,9.1713],[79.4296,9.1713],[79.4296,9.1715],[79.4293,9.1715],[79.4293,9.1718],[79.429,9.1718],[79.429,9.1721],[79.4287,9.1721],[79.4287,9.1724],[79.4285,9.1724],[79.4285,9.1726],[79.4282,9.1726],[79.4282,9.1729],[79.4279,9.1729],[79.4279,9.1735],[79.4276,9.1735],[79.4276,9.1737],[79.4274,9.1737],[79.4274,9.174],[79.4271,9.174],[79.4271,9.1743],[79.4268,9.1743],[79.4268,9.1746],[79.4265,9.1746],[79.4265,9.1749],[79.4262,9.1749],[79.4262,9.1751],[79.426,9.1751],[79.426,9.1754],[79.4257,9.1754],[79.4257,9.1757],[79.4254,9.1757],[79.4254,9.176],[79.4251,9.176],[79.4251,9.1763],[79.4249,9.1763],[79.4249,9.1765],[79.4246,9.1765],[79.4246,9.1768],[79.4243,9.1768],[79.4243,9.1771],[79.4229,9.1771],[79.4229,9.1774],[79.4226,9.1774],[79.4226,9.1779],[79.4221,9.1779],[79.4221,9.1782],[79.4215,9.1782],[79.4215,9.1785],[79.4212,9.1785],[79.4212,9.179],[79.421,9.179],[79.421,9.1796],[79.4207,9.1796],[79.4207,9.1799],[79.4204,9.1799],[79.4204,9.1801],[79.4199,9.1801],[79.4199,9.1804],[79.4196,9.1804],[79.4196,9.1807],[79.4193,9.1807],[79.4193,9.1813],[79.419,9.1813],[79.419,9.1815],[79.4185,9.1815],[79.4185,9.1818],[79.4182,9.1818],[79.4182,9.1821],[79.4179,9.1821],[79.4179,9.1824],[79.4176,9.1824],[79.4176,9.1826],[79.4174,9.1826],[79.4174,9.1829],[79.4171,9.1829],[79.4171,9.1832],[79.4168,9.1832],[79.4168,9.1835],[79.4165,9.1835],[79.4165,9.1838],[79.4163,9.1838],[79.4163,9.1835],[79.4149,9.1835],[79.4149,9.1826],[79.4146,9.1826],[79.4146,9.1821],[79.4149,9.1821],[79.4149,9.181],[79.4154,9.181],[79.4154,9.1807],[79.4157,9.1807],[79.4157,9.1801],[79.416,9.1801],[79.416,9.1799],[79.4165,9.1799],[79.4165,9.1796],[79.4168,9.1796],[79.4168,9.1793],[79.4171,9.1793],[79.4171,9.179],[79.4179,9.179],[79.4179,9.1788],[79.4199,9.1788],[79.4199,9.1776],[79.4201,9.1776],[79.4201,9.1774],[79.4204,9.1774],[79.4204,9.1779],[79.4215,9.1779],[79.4215,9.1776],[79.4221,9.1776],[79.4221,9.176],[79.4224,9.176],[79.4224,9.1754],[79.4226,9.1754],[79.4226,9.1749],[79.4229,9.1749],[79.4229,9.1743],[79.4232,9.1743],[79.4232,9.174],[79.4238,9.174],[79.4238,9.1737],[79.424,9.1737],[79.424,9.1735],[79.4246,9.1735],[79.4246,9.1732],[79.4249,9.1732],[79.4249,9.1729],[79.4254,9.1729],[79.4254,9.1726],[79.4257,9.1726],[79.4257,9.1721],[79.426,9.1721],[79.426,9.1718],[79.4262,9.1718],[79.4262,9.1715],[79.4265,9.1715],[79.4265,9.1713],[79.4268,9.1713],[79.4268,9.171],[79.4271,9.171],[79.4271,9.1704],[79.4274,9.1704],[79.4274,9.1701],[79.4276,9.1701],[79.4276,9.1699],[79.4279,9.1699],[79.4279,9.1696],[79.4282,9.1696],[79.4282,9.1693],[79.4285,9.1693],[79.4285,9.169],[79.4287,9.169],[79.4287,9.1687],[79.429,9.1687],[79.429,9.1682],[79.4293,9.1682],[79.4293,9.1676],[79.4296,9.1676],[79.4296,9.1674],[79.4304,9.1674],[79.4304,9.1671],[79.4315,9.1671],[79.4315,9.1668],[79.4318,9.1668],[79.4318,9.1662],[79.4321,9.1663],[79.4321,9.166],[79.4324,9.166],[79.4324,9.1657],[79.4326,9.1657],[79.4326,9.1651],[79.4329,9.1651],[79.4329,9.1649],[79.4332,9.1649],[79.4332,9.1646],[79.4335,9.1646],[79.4335,9.1643],[79.4337,9.1643],[79.4337,9.164],[79.434,9.164],[79.434,9.1638],[79.4343,9.1638],[79.4343,9.1635],[79.4346,9.1635],[79.4346,9.1632],[79.4349,9.1632],[79.4349,9.1629],[79.4351,9.1629],[79.4351,9.1626],[79.4354,9.1626],[79.4354,9.1624],[79.4357,9.1624],[79.4357,9.1621],[79.436,9.1621],[79.436,9.1618],[79.4362,9.1618],[79.4362,9.1615],[79.4365,9.1615],[79.4365,9.1613],[79.4368,9.1613],[79.4368,9.161],[79.4374,9.161],[79.4374,9.1607],[79.4376,9.1607],[79.4376,9.1604],[79.4379,9.1604],[79.4379,9.1601],[79.4382,9.1601],[79.4382,9.1599],[79.4385,9.1599],[79.4385,9.1596],[79.4388,9.1596],[79.4388,9.1593],[79.439,9.1593],[79.439,9.159],[79.4393,9.159],[79.4393,9.1588],[79.4396,9.1588],[79.4396,9.1585],[79.4399,9.1585],[79.4399,9.1582],[79.439,9.1582],[79.439,9.1585],[79.4388,9.1585],[79.4388,9.1588],[79.4385,9.1588],[79.4385,9.159],[79.4382,9.159],[79.4382,9.1593],[79.4379,9.1593],[79.4379,9.1596],[79.4376,9.1596],[79.4376,9.1599],[79.4374,9.1599],[79.4374,9.1601],[79.4368,9.1601],[79.4368,9.1604],[79.4365,9.1604],[79.4365,9.1607],[79.436,9.1607],[79.436,9.161],[79.4357,9.161],[79.4357,9.1613],[79.4354,9.1613],[79.4354,9.1615],[79.4349,9.1615],[79.4349,9.1618],[79.4346,9.1618],[79.4346,9.1621],[79.4343,9.1621],[79.4343,9.1624],[79.434,9.1624],[79.434,9.1626],[79.4337,9.1626],[79.4337,9.1629],[79.4335,9.1629],[79.4335,9.1632],[79.4332,9.1632],[79.4332,9.1635],[79.4326,9.1635],[79.4326,9.1638],[79.4324,9.1638],[79.4324,9.164],[79.4321,9.164],[79.4321,9.1643],[79.4318,9.1643],[79.4318,9.1646],[79.4315,9.1646],[79.4315,9.1649],[79.4313,9.1649],[79.4313,9.1651],[79.431,9.1651],[79.431,9.1657],[79.4307,9.1657],[79.4307,9.166],[79.4304,9.166],[79.4304,9.1663],[79.4301,9.1662],[79.4301,9.1665],[79.4296,9.1665],[79.4296,9.1668],[79.4293,9.1668],[79.4293,9.1671],[79.429,9.1671],[79.429,9.1674],[79.4287,9.1674],[79.4287,9.1676],[79.4282,9.1676],[79.4282,9.1679],[79.4279,9.1679],[79.4279,9.1682],[79.4276,9.1682],[79.4276,9.1685],[79.4274,9.1685],[79.4274,9.1687],[79.4271,9.1687],[79.4271,9.169],[79.4268,9.169],[79.4268,9.1693],[79.4265,9.1693],[79.4265,9.1699],[79.4262,9.1699],[79.4262,9.1704],[79.4254,9.1704],[79.4254,9.1707],[79.4246,9.1707],[79.4246,9.171],[79.4232,9.171],[79.4232,9.1713],[79.4229,9.1713],[79.4229,9.1718],[79.4224,9.1718],[79.4224,9.1724],[79.4221,9.1724],[79.4221,9.1737],[79.4218,9.1737],[79.4218,9.174],[79.4212,9.174],[79.4212,9.1743],[79.421,9.1743],[79.421,9.1746],[79.4207,9.1746],[79.4207,9.1749],[79.4201,9.1749],[79.4201,9.1751],[79.4199,9.1751],[79.4199,9.1754],[79.4193,9.1754],[79.4193,9.1757],[79.419,9.1757],[79.419,9.176],[79.4176,9.176],[79.4176,9.1763],[79.4174,9.1763],[79.4174,9.1765],[79.4168,9.1765],[79.4168,9.1768],[79.4165,9.1768],[79.4165,9.1771],[79.416,9.1771],[79.416,9.1774],[79.4157,9.1774],[79.4157,9.1776],[79.4151,9.1776],[79.4151,9.1779],[79.4149,9.1779],[79.4149,9.1782],[79.4143,9.1782],[79.4143,9.1785],[79.4135,9.1785],[79.4135,9.1788],[79.4132,9.1788],[79.4132,9.1793],[79.4121,9.1793],[79.4121,9.1796],[79.4118,9.1796],[79.4118,9.1799],[79.4115,9.1799],[79.4115,9.1801],[79.411,9.1801],[79.411,9.1804],[79.4107,9.1804],[79.4107,9.1807],[79.4104,9.1807],[79.4104,9.181],[79.409,9.181],[79.409,9.1813],[79.4088,9.1813],[79.4088,9.1815],[79.4082,9.1815],[79.4082,9.1818],[79.4079,9.1818],[79.4079,9.1821],[79.4076,9.1821],[79.4076,9.1824],[79.4071,9.1824],[79.4071,9.1826],[79.4068,9.1826],[79.4068,9.1829],[79.4065,9.1829],[79.4065,9.1835],[79.4063,9.1835],[79.4063,9.1838],[79.4051,9.1838],[79.4051,9.184],[79.4049,9.184],[79.4049,9.1843],[79.4043,9.1843],[79.4043,9.1846],[79.404,9.1846],[79.404,9.1849],[79.4035,9.1849],[79.4035,9.1854],[79.4029,9.1854],[79.4029,9.1857],[79.4024,9.1857],[79.4024,9.186],[79.4021,9.186],[79.4021,9.1865],[79.401,9.1865],[79.401,9.1868],[79.4007,9.1868],[79.4007,9.1871],[79.3996,9.1871],[79.3996,9.1874],[79.3993,9.1874],[79.3993,9.1876],[79.399,9.1876],[79.399,9.1879],[79.3988,9.1879],[79.3988,9.1882],[79.3982,9.1882],[79.3982,9.1885],[79.3976,9.1885],[79.3976,9.1887],[79.3974,9.1887],[79.3974,9.189],[79.3965,9.189],[79.3965,9.1904],[79.3954,9.1904],[79.3954,9.1907],[79.3949,9.1907],[79.3949,9.191],[79.3946,9.191],[79.3946,9.1912],[79.394,9.1912],[79.394,9.1915],[79.3938,9.1915],[79.3938,9.1918],[79.3932,9.1918],[79.3932,9.1921],[79.3924,9.1921],[79.3924,9.1924],[79.3918,9.1924],[79.3918,9.1926],[79.3915,9.1926],[79.3915,9.1929],[79.3913,9.1929],[79.3913,9.1932],[79.3907,9.1932],[79.3907,9.1935],[79.3901,9.1935],[79.3901,9.1938],[79.3899,9.1938],[79.3899,9.194],[79.3893,9.194],[79.3893,9.1943],[79.3887,9.1943],[79.3887,9.1946],[79.3882,9.1946],[79.3882,9.1949],[79.3876,9.1949],[79.3876,9.1951],[79.3871,9.1951],[79.3871,9.1954],[79.3868,9.1954],[79.3868,9.1957],[79.3863,9.1957],[79.3863,9.196],[79.3857,9.196],[79.3857,9.1962],[79.3851,9.1962],[79.3851,9.1965],[79.3849,9.1965],[79.3849,9.1968],[79.3846,9.1968],[79.3846,9.1971],[79.3843,9.1971],[79.3843,9.1974],[79.3838,9.1974],[79.3838,9.1976],[79.3835,9.1976],[79.3835,9.1979],[79.3829,9.1979],[79.3829,9.1982],[79.3826,9.1982],[79.3826,9.1985],[79.3815,9.1985],[79.3815,9.1987],[79.3812,9.1987],[79.3812,9.199],[79.3807,9.199],[79.3807,9.1993],[79.3804,9.1993],[79.3804,9.1996],[79.3799,9.1996],[79.3799,9.1999],[79.3796,9.1999],[79.3796,9.2001],[79.379,9.2001],[79.379,9.2004],[79.3785,9.2004],[79.3785,9.2007],[79.3779,9.2007],[79.3779,9.201],[79.3776,9.201],[79.3776,9.2013],[79.3771,9.2013],[79.3771,9.2015],[79.3765,9.2015],[79.3765,9.2018],[79.3763,9.2018],[79.3763,9.2021],[79.3757,9.2021],[79.3757,9.2024],[79.3754,9.2024],[79.3754,9.2026],[79.3749,9.2026],[79.3749,9.2029],[79.3746,9.2029],[79.3746,9.2032],[79.3743,9.2032],[79.3743,9.2038],[79.3735,9.2038],[79.3735,9.204],[79.3726,9.204],[79.3726,9.2043],[79.3721,9.2043],[79.3721,9.2046],[79.3718,9.2046],[79.3718,9.2049],[79.3715,9.2049],[79.3715,9.2051],[79.3712,9.2051],[79.3712,9.2054],[79.3704,9.2054],[79.3704,9.2057],[79.3701,9.2057],[79.3701,9.206],[79.3696,9.206],[79.3696,9.2063],[79.3693,9.2063],[79.3693,9.2065],[79.3688,9.2065],[79.3688,9.2068],[79.3685,9.2068],[79.3685,9.2071],[79.3682,9.2071],[79.3682,9.2074],[79.3676,9.2074],[79.3676,9.2076],[79.3671,9.2076],[79.3671,9.2079],[79.3665,9.2079],[79.3665,9.2082],[79.3662,9.2082],[79.3662,9.2085],[79.3657,9.2085],[79.3657,9.2088],[79.3654,9.2088],[79.3654,9.209],[79.3649,9.209],[79.3649,9.2093],[79.3646,9.2093],[79.3646,9.2096],[79.364,9.2096],[79.364,9.2099],[79.3637,9.2099],[79.3637,9.2101],[79.3635,9.2101],[79.3635,9.2107],[79.3632,9.2107],[79.3632,9.211],[79.3626,9.211],[79.3626,9.2113],[79.3624,9.2113],[79.3624,9.2115],[79.3618,9.2115],[79.3618,9.2118],[79.3615,9.2118],[79.3615,9.2121],[79.361,9.2121],[79.361,9.2124],[79.3607,9.2124],[79.3607,9.2126],[79.3604,9.2126],[79.3604,9.2129],[79.3601,9.2129],[79.3601,9.2132],[79.3596,9.2132],[79.3596,9.2135],[79.3593,9.2135],[79.3593,9.214],[79.3582,9.214],[79.3582,9.2143],[79.3576,9.2143],[79.3576,9.2146],[79.3571,9.2146],[79.3571,9.2149],[79.3568,9.2149],[79.3568,9.2154],[79.3565,9.2154],[79.3565,9.2157],[79.3557,9.2157],[79.3557,9.216],[79.3551,9.216],[79.3551,9.2162],[79.3543,9.2162],[79.3543,9.2165],[79.3538,9.2165],[79.3538,9.2168],[79.3532,9.2168],[79.3532,9.2171],[79.3529,9.2171],[79.3529,9.2174],[79.3524,9.2174],[79.3524,9.2176],[79.3521,9.2176],[79.3521,9.2179],[79.3515,9.2179],[79.3515,9.2182],[79.351,9.2182],[79.351,9.219],[79.3501,9.219],[79.3501,9.2193],[79.3493,9.2193],[79.3493,9.2196],[79.349,9.2196],[79.349,9.2199],[79.3487,9.2199],[79.3487,9.2201],[79.3485,9.2201],[79.3485,9.2204],[79.3482,9.2204],[79.3482,9.2207],[79.3474,9.2207],[79.3474,9.221],[79.3468,9.221],[79.3468,9.2212],[79.3465,9.2212],[79.3465,9.2215],[79.346,9.2215],[79.346,9.2218],[79.3454,9.2218],[79.3454,9.2221],[79.3451,9.2221],[79.3451,9.2224],[79.3446,9.2224],[79.3446,9.2226],[79.3443,9.2226],[79.3443,9.2229],[79.3437,9.2229],[79.3437,9.2235],[79.3435,9.2235],[79.3435,9.224],[79.3421,9.224],[79.3421,9.2243],[79.3418,9.2243],[79.3418,9.2246],[79.3412,9.2246],[79.3412,9.2249],[79.341,9.2249],[79.341,9.2251],[79.3407,9.2251],[79.3407,9.2254],[79.3396,9.2254],[79.3396,9.2257],[79.3393,9.2257],[79.3393,9.226],[79.3385,9.226],[79.3385,9.2262],[79.3379,9.2262],[79.3379,9.2265],[79.3376,9.2265],[79.3376,9.2268],[79.3374,9.2268],[79.3374,9.2271],[79.3371,9.2271],[79.3371,9.2274],[79.3368,9.2274],[79.3368,9.2276],[79.3363,9.2276],[79.3363,9.2279],[79.336,9.2279],[79.336,9.2282],[79.3357,9.2282],[79.3357,9.2285],[79.3354,9.2285],[79.3354,9.2288],[79.3349,9.2288],[79.3349,9.229],[79.3346,9.229],[79.3346,9.2293],[79.3329,9.2293],[79.3329,9.2296],[79.3326,9.2296],[79.3326,9.2299],[79.3321,9.2299],[79.3321,9.2301],[79.3318,9.2301],[79.3318,9.2304],[79.3313,9.2304],[79.3313,9.2307],[79.3307,9.2307],[79.3307,9.231],[79.3301,9.231],[79.3301,9.2313],[79.3299,9.2312],[79.3299,9.2315],[79.3293,9.2315],[79.3293,9.2318],[79.3288,9.2318],[79.3288,9.2321],[79.3282,9.2321],[79.3282,9.2324],[79.3268,9.2324],[79.3268,9.2326],[79.3262,9.2326],[79.3262,9.2329],[79.326,9.2329],[79.326,9.2332],[79.3257,9.2332],[79.3257,9.2335],[79.3254,9.2335],[79.3254,9.2338],[79.3246,9.2338],[79.3246,9.234],[79.3243,9.234],[79.3243,9.2343],[79.324,9.2343],[79.324,9.2349],[79.3238,9.2349],[79.3238,9.2351],[79.3235,9.2351],[79.3235,9.2354],[79.3224,9.2354],[79.3224,9.2357],[79.3221,9.2357],[79.3221,9.2363],[79.3218,9.2363],[79.3218,9.2365],[79.3215,9.2365],[79.3215,9.2368],[79.3207,9.2368],[79.3207,9.2365],[79.3204,9.2365],[79.3204,9.2363],[79.3201,9.2363],[79.3201,9.2365],[79.3199,9.2365],[79.3199,9.2368],[79.3193,9.2368],[79.3193,9.2371],[79.319,9.2371],[79.319,9.2374],[79.3179,9.2374],[79.3179,9.2376],[79.3174,9.2376],[79.3174,9.2382],[79.3168,9.2382],[79.3168,9.2385],[79.3162,9.2385],[79.3162,9.2388],[79.3154,9.2388],[79.3154,9.239],[79.3149,9.239],[79.3149,9.2393],[79.314,9.2393],[79.314,9.2396],[79.3132,9.2396],[79.3132,9.2399],[79.3129,9.2399],[79.3129,9.2401],[79.3126,9.2401],[79.3126,9.2404],[79.3118,9.2404],[79.3118,9.2407],[79.3115,9.2407],[79.3115,9.241],[79.3111,9.241],[79.311,9.241],[79.311,9.2411],[79.311,9.2413],[79.3101,9.2412],[79.3101,9.2415],[79.3093,9.2415],[79.3093,9.2418],[79.309,9.2418],[79.309,9.2421],[79.3087,9.2421],[79.3087,9.2424],[79.3085,9.2424],[79.3085,9.2426],[79.3074,9.2426],[79.3074,9.2429],[79.3065,9.2429],[79.3065,9.2432],[79.306,9.2432],[79.306,9.2435],[79.3057,9.2435],[79.3057,9.2438],[79.3049,9.2438],[79.3049,9.244],[79.304,9.244],[79.304,9.2443],[79.3032,9.2443],[79.3032,9.2446],[79.3026,9.2446],[79.3026,9.2449],[79.3024,9.2449],[79.3024,9.2451],[79.3015,9.2451],[79.3015,9.2454],[79.301,9.2454],[79.301,9.2457],[79.3004,9.2457],[79.3004,9.246],[79.2999,9.246],[79.2999,9.2463],[79.2993,9.2463],[79.2993,9.2465],[79.2988,9.2465],[79.2988,9.2468],[79.2979,9.2468],[79.2979,9.2471],[79.2974,9.2471],[79.2974,9.2474],[79.2965,9.2474],[79.2965,9.2477],[79.2957,9.2477],[79.2957,9.2479],[79.2949,9.2479],[79.2949,9.2482],[79.2943,9.2482],[79.2943,9.2485],[79.2935,9.2485],[79.2935,9.2487],[79.2926,9.2487],[79.2926,9.249],[79.2921,9.249],[79.2921,9.2493],[79.2913,9.2493],[79.2913,9.2496],[79.2907,9.2496],[79.2907,9.2499],[79.2899,9.2499],[79.2899,9.2501],[79.2893,9.2501],[79.2893,9.2504],[79.2885,9.2504],[79.2885,9.2507],[79.2879,9.2507],[79.2879,9.251],[79.2871,9.251],[79.2871,9.2513],[79.2865,9.2513],[79.2865,9.2515],[79.286,9.2515],[79.286,9.2518],[79.2849,9.2518],[79.2849,9.2521],[79.284,9.2521],[79.284,9.2524],[79.2832,9.2524],[79.2832,9.2526],[79.2826,9.2526],[79.2826,9.2532],[79.2818,9.2532],[79.2818,9.2535],[79.2807,9.2535],[79.2807,9.2537],[79.2796,9.2537],[79.2796,9.2535],[79.2787,9.2535],[79.2787,9.2537],[79.2782,9.2537],[79.2782,9.254],[79.2776,9.254],[79.2776,9.2543],[79.2771,9.2543],[79.2771,9.2546],[79.2749,9.2546],[79.2749,9.2549],[79.274,9.2549],[79.274,9.2551],[79.2732,9.2551],[79.2732,9.2554],[79.2718,9.2554],[79.2718,9.2557],[79.2712,9.2557],[79.2712,9.256],[79.2685,9.256],[79.2685,9.2563],[79.2676,9.2563],[79.2676,9.2565],[79.2671,9.2565],[79.2671,9.2568],[79.2663,9.2568],[79.2663,9.2571],[79.2646,9.2571],[79.2646,9.2574],[79.2637,9.2574],[79.2637,9.2571],[79.2615,9.2571],[79.2615,9.2574],[79.2613,9.2574],[79.2613,9.2576],[79.261,9.2576],[79.261,9.2579],[79.2593,9.2579],[79.2593,9.2582],[79.2585,9.2582],[79.2585,9.2585],[79.2574,9.2585],[79.2574,9.2588],[79.2554,9.2588],[79.2554,9.259],[79.2551,9.259],[79.2551,9.2593],[79.2535,9.2593],[79.2535,9.2596],[79.251,9.2596],[79.251,9.2593],[79.2493,9.2593],[79.2493,9.2596],[79.2487,9.2596],[79.2487,9.2599],[79.2482,9.2599],[79.2482,9.2601],[79.2462,9.2601],[79.2462,9.2599],[79.246,9.2599],[79.246,9.2596],[79.2454,9.2596],[79.2454,9.2593],[79.244,9.2593],[79.244,9.2596],[79.239,9.2596],[79.239,9.2593],[79.2376,9.2593],[79.2376,9.259],[79.2346,9.259],[79.2346,9.2593],[79.2332,9.2593],[79.2332,9.2596],[79.2312,9.2596],[79.2312,9.2593],[79.231,9.2593],[79.231,9.2596],[79.2268,9.2596],[79.2268,9.2593],[79.224,9.2593],[79.224,9.259],[79.2235,9.259],[79.2235,9.2588],[79.2229,9.2588],[79.2229,9.2585],[79.2224,9.2585],[79.2224,9.2582],[79.2221,9.2582],[79.2221,9.2579],[79.2215,9.2579],[79.2215,9.2576],[79.2213,9.2576],[79.2213,9.2574],[79.2193,9.2574],[79.2193,9.2571],[79.219,9.2571],[79.219,9.2568],[79.2188,9.2568],[79.2188,9.2563],[79.2185,9.2563],[79.2185,9.256],[79.2182,9.256],[79.2182,9.2557],[79.2174,9.2557],[79.2174,9.2551],[79.2171,9.2551],[79.2171,9.2532],[79.2168,9.2532],[79.2168,9.2526],[79.216,9.2526],[79.216,9.2529],[79.2157,9.2529],[79.2157,9.2532],[79.2154,9.2532],[79.2154,9.2535],[79.2151,9.2535],[79.2151,9.2537],[79.2149,9.2537],[79.2149,9.254],[79.2146,9.254],[79.2146,9.2546],[79.2143,9.2546],[79.2143,9.256],[79.2146,9.256],[79.2146,9.2565],[79.2149,9.2565],[79.2149,9.2568],[79.2151,9.2568],[79.2151,9.2571],[79.2154,9.2571],[79.2154,9.2574],[79.2157,9.2574],[79.2157,9.2576],[79.216,9.2576],[79.216,9.2579],[79.2162,9.2579],[79.2162,9.2585],[79.2168,9.2585],[79.2168,9.2588],[79.2171,9.2588],[79.2171,9.2593],[79.2173,9.2593],[79.2173,9.2599],[79.2176,9.2599],[79.2176,9.2604],[79.2179,9.2604],[79.2179,9.2615],[79.2182,9.2615],[79.2182,9.2618],[79.2185,9.2618],[79.2185,9.2624],[79.2188,9.2624],[79.2188,9.2626],[79.2196,9.2626],[79.2196,9.2629],[79.221,9.2629],[79.221,9.264],[79.2207,9.264],[79.2207,9.2643],[79.221,9.2643],[79.221,9.2646],[79.2207,9.2646],[79.2207,9.2649],[79.221,9.2649],[79.221,9.2654],[79.2207,9.2654],[79.2207,9.266],[79.221,9.266],[79.221,9.2663],[79.2213,9.2662],[79.2213,9.2671],[79.221,9.2671],[79.221,9.2676],[79.2204,9.2676],[79.2204,9.2679],[79.2201,9.2679],[79.2201,9.2682],[79.2199,9.2682],[79.2199,9.2685],[79.2196,9.2685],[79.2196,9.269],[79.219,9.269],[79.219,9.2696],[79.2188,9.2696],[79.2188,9.2699],[79.219,9.2699],[79.219,9.2701],[79.2193,9.2701],[79.2193,9.2704],[79.219,9.2704],[79.219,9.2707],[79.2176,9.2707],[79.2176,9.271],[79.2168,9.271],[79.2168,9.2713],[79.216,9.2713],[79.216,9.2715],[79.2157,9.2715],[79.2157,9.2718],[79.2154,9.2718],[79.2154,9.2721],[79.2149,9.2721],[79.2149,9.2724],[79.2143,9.2724],[79.2143,9.2726],[79.2138,9.2726],[79.2138,9.2729],[79.2135,9.2729],[79.2135,9.2732],[79.2132,9.2732],[79.2132,9.2735],[79.2118,9.2735],[79.2118,9.2738],[79.2099,9.2738],[79.2099,9.274],[79.2093,9.274],[79.2093,9.2743],[79.2085,9.2743],[79.2085,9.2746],[79.2079,9.2746],[79.2079,9.2749],[79.2065,9.2749],[79.2065,9.2743],[79.2068,9.2743],[79.2068,9.274],[79.2071,9.274],[79.2071,9.2738],[79.2074,9.2738],[79.2074,9.2735],[79.2071,9.2735],[79.2071,9.2732],[79.2068,9.2732],[79.2068,9.2729],[79.2063,9.2729],[79.2063,9.2726],[79.2057,9.2726],[79.2057,9.2729],[79.2054,9.2729],[79.2054,9.2732],[79.2051,9.2732],[79.2051,9.2735],[79.2049,9.2735],[79.2049,9.2743],[79.2046,9.2743],[79.2046,9.2746],[79.2043,9.2746],[79.2043,9.2774],[79.2046,9.2774],[79.2046,9.2779],[79.2049,9.2779],[79.2049,9.2787],[79.2049,9.2796],[79.2051,9.2796],[79.2051,9.2804],[79.2068,9.2804],[79.2068,9.281],[79.2071,9.281],[79.2071,9.2813],[79.2076,9.2813],[79.2076,9.2815],[79.2082,9.2815],[79.2082,9.2818],[79.2085,9.2818],[79.2085,9.2821],[79.2087,9.2821],[79.2087,9.2824],[79.2093,9.2824],[79.2093,9.2826],[79.2096,9.2826],[79.2096,9.2829],[79.2104,9.2829],[79.2104,9.2832],[79.2124,9.2832],[79.2124,9.2835],[79.2129,9.2835],[79.2129,9.2838],[79.2132,9.2838],[79.2132,9.284],[79.2135,9.284],[79.2135,9.2843],[79.2138,9.2843],[79.2138,9.2846],[79.2143,9.2846],[79.2143,9.2849],[79.2146,9.2849],[79.2146,9.2851],[79.2151,9.2851],[79.2151,9.2854],[79.2154,9.2854],[79.2154,9.2857],[79.216,9.2857],[79.216,9.286],[79.2162,9.286],[79.2162,9.2863],[79.2165,9.2863],[79.2165,9.2868],[79.2168,9.2868],[79.2168,9.2874],[79.2171,9.2874],[79.2171,9.2879],[79.2174,9.2879],[79.2174,9.2882],[79.2176,9.2882],[79.2176,9.2888],[79.2179,9.2888],[79.2179,9.2893],[79.2182,9.2893],[79.2182,9.2899],[79.2185,9.2899],[79.2185,9.2904],[79.2188,9.2904],[79.2188,9.2907],[79.219,9.2907],[79.219,9.291],[79.2196,9.291],[79.2196,9.2913],[79.2199,9.2913],[79.2199,9.2915],[79.2201,9.2915],[79.2201,9.2918],[79.2204,9.2918],[79.2204,9.2921],[79.2224,9.2921],[79.2224,9.2918],[79.2257,9.2918],[79.2257,9.2915],[79.2262,9.2915],[79.2262,9.2918],[79.2285,9.2918],[79.2285,9.2921],[79.2299,9.2921],[79.2299,9.2924],[79.2304,9.2924],[79.2304,9.2926],[79.2315,9.2926],[79.2315,9.2924],[79.2343,9.2924],[79.2343,9.2921],[79.2365,9.2921],[79.2365,9.2918],[79.2376,9.2918],[79.2376,9.2921],[79.2393,9.2921],[79.2393,9.2918],[79.2399,9.2918],[79.2399,9.2921],[79.2418,9.2921],[79.2418,9.2924],[79.2424,9.2924],[79.2424,9.2926],[79.2426,9.2926],[79.2426,9.2924],[79.2435,9.2924],[79.2435,9.2921],[79.2462,9.2921],[79.2462,9.2918],[79.2493,9.2918],[79.2493,9.2915],[79.2535,9.2915],[79.2535,9.2918],[79.2549,9.2918],[79.2549,9.2915],[79.2554,9.2915],[79.2554,9.2918],[79.2557,9.2918],[79.2557,9.2921],[79.2568,9.2921],[79.2568,9.2924],[79.2588,9.2924],[79.2588,9.2921],[79.2617,9.2921],[79.2624,9.2921],[79.2624,9.2924],[79.264,9.2924],[79.264,9.2926],[79.2651,9.2926],[79.2651,9.2929],[79.2657,9.2929],[79.2657,9.2932],[79.2676,9.2932],[79.2676,9.2935],[79.2679,9.2935],[79.2679,9.2938],[79.2682,9.2938],[79.2682,9.294],[79.2688,9.294],[79.2688,9.2943],[79.2693,9.2943],[79.2693,9.2946],[79.2699,9.2946],[79.2699,9.2949],[79.2701,9.2949],[79.2701,9.2951],[79.2704,9.2951],[79.2704,9.2954],[79.2707,9.2954],[79.2707,9.2957],[79.271,9.2957],[79.271,9.2962],[79.2712,9.2962],[79.2712,9.2965],[79.2715,9.2965],[79.2715,9.2976],[79.2718,9.2976],[79.2718,9.2985],[79.2724,9.2985],[79.2724,9.299],[79.2726,9.299],[79.2726,9.2993],[79.2724,9.2993],[79.2724,9.3004],[79.2726,9.3004],[79.2726,9.301],[79.2729,9.301],[79.2729,9.3018],[79.2726,9.3018],[79.2726,9.3026],[79.2729,9.3026],[79.2729,9.3029],[79.2732,9.3029],[79.2732,9.3032],[79.2735,9.3032],[79.2735,9.3035],[79.2738,9.3035],[79.2738,9.3038],[79.274,9.3038],[79.274,9.3039],[79.274,9.304],[79.2743,9.304],[79.2743,9.3046],[79.2746,9.3046],[79.2746,9.3051],[79.2749,9.3051],[79.2749,9.3057],[79.2751,9.3057],[79.2751,9.3062],[79.2754,9.3062],[79.2754,9.3065],[79.2757,9.3065],[79.2757,9.3068],[79.276,9.3068],[79.276,9.3071],[79.2763,9.3071],[79.2763,9.3074],[79.2765,9.3074],[79.2765,9.3079],[79.2768,9.3079],[79.2768,9.3085],[79.2771,9.3085],[79.2771,9.309],[79.2774,9.309],[79.2774,9.3093],[79.2776,9.3093],[79.2776,9.3099],[79.2779,9.3099],[79.2779,9.3101],[79.2782,9.3101],[79.2782,9.3104],[79.2785,9.3104],[79.2785,9.3107],[79.2787,9.3107],[79.2787,9.311],[79.279,9.311],[79.279,9.3113],[79.2793,9.3113],[79.2793,9.3121],[79.2799,9.3121],[79.2799,9.3118],[79.2801,9.3118],[79.2801,9.3124],[79.2804,9.3124],[79.2804,9.3126],[79.2807,9.3126],[79.2807,9.3129],[79.2824,9.3129],[79.2824,9.3138],[79.2829,9.3137],[79.2829,9.314],[79.2835,9.314],[79.2835,9.3143],[79.284,9.3143],[79.284,9.3146],[79.2843,9.3146],[79.2843,9.3149],[79.2849,9.3149],[79.2849,9.3154],[79.2851,9.3154],[79.2851,9.3157],[79.2854,9.3157],[79.2854,9.316],[79.2857,9.316],[79.2857,9.3163],[79.286,9.3163],[79.286,9.3168],[79.2862,9.3168],[79.2862,9.3171],[79.2865,9.3171],[79.2865,9.3174],[79.2876,9.3174],[79.2876,9.3176],[79.2885,9.3176],[79.2885,9.3179],[79.289,9.3179],[79.289,9.3185],[79.2893,9.3185],[79.2893,9.3199],[79.2901,9.3199],[79.2901,9.3201],[79.2907,9.3201],[79.2907,9.3204],[79.2915,9.3204],[79.2915,9.3207],[79.2932,9.3207],[79.2932,9.321],[79.2935,9.321],[79.2935,9.3213],[79.294,9.3213],[79.294,9.3215],[79.2943,9.3215],[79.2943,9.3218],[79.2962,9.3218],[79.2962,9.3221],[79.2968,9.3221],[79.2968,9.3224],[79.2982,9.3224],[79.2982,9.3221],[79.2985,9.3221],[79.2985,9.3224],[79.2993,9.3224],[79.2993,9.3226],[79.3004,9.3226],[79.3004,9.3229],[79.3007,9.3229],[79.3007,9.3235],[79.301,9.3235],[79.301,9.3238],[79.3012,9.3238],[79.3012,9.3243],[79.3015,9.3243],[79.3015,9.3246],[79.3024,9.3246],[79.3024,9.3249],[79.3026,9.3249],[79.3026,9.3251],[79.3029,9.3251],[79.3029,9.3254],[79.3035,9.3254],[79.3035,9.3257],[79.304,9.3257],[79.304,9.326],[79.306,9.326],[79.306,9.3263],[79.3065,9.3263],[79.3065,9.3265],[79.3068,9.3265],[79.3068,9.3268],[79.3074,9.3268],[79.3074,9.3271],[79.3079,9.3271],[79.3079,9.3274],[79.3085,9.3274],[79.3085,9.3276],[79.309,9.3276],[79.309,9.3279],[79.3096,9.3279],[79.3096,9.3282],[79.3101,9.3282],[79.3101,9.3285],[79.3124,9.3285]]],[[[79.5293,9.384],[79.5291,9.384],[79.5293,9.3842],[79.5293,9.384]]],[[[79.5301,9.386],[79.5301,9.3857],[79.53,9.3857],[79.5301,9.386]]],[[[79.5301,9.386],[79.5301,9.3861],[79.5301,9.3864],[79.5301,9.3866],[79.5302,9.3869],[79.5301,9.3871],[79.5304,9.3871],[79.5304,9.386],[79.5301,9.386]]],[[[79.5299,9.3888],[79.5301,9.3888],[79.5301,9.3883],[79.5299,9.3886],[79.5299,9.3888]]],[[[79.5299,9.3888],[79.5297,9.389],[79.5297,9.3891],[79.5299,9.389],[79.5299,9.3888]]],[[[79.5293,9.3893],[79.5296,9.3893],[79.5296,9.3892],[79.5293,9.3893]]],[[[79.5293,9.3893],[79.5289,9.3896],[79.5286,9.3899],[79.5293,9.3899],[79.5293,9.3893]]],[[[79.5286,9.3899],[79.5284,9.3901],[79.5287,9.3901],[79.5286,9.3899]]],[[[79.7068,10.2882],[79.7068,10.2879],[79.7071,10.2879],[79.7071,10.2876],[79.7074,10.2876],[79.7074,10.2871],[79.7076,10.2871],[79.7076,10.2868],[79.7079,10.2868],[79.7079,10.2863],[79.7076,10.2863],[79.7076,10.2857],[79.7071,10.2857],[79.7071,10.2854],[79.7068,10.2854],[79.7068,10.2851],[79.7054,10.2851],[79.7054,10.2854],[79.7049,10.2854],[79.7049,10.2857],[79.7046,10.2857],[79.7046,10.286],[79.704,10.286],[79.704,10.2863],[79.7038,10.2863],[79.7038,10.2865],[79.7032,10.2865],[79.7032,10.2868],[79.7029,10.2868],[79.7029,10.2871],[79.7024,10.2871],[79.7024,10.2874],[79.7026,10.2874],[79.7026,10.2879],[79.7029,10.2879],[79.7029,10.2882],[79.7068,10.2882]]],[[[79.6979,10.2901],[79.6979,10.2899],[79.699,10.2899],[79.699,10.2896],[79.7004,10.2896],[79.7004,10.2893],[79.701,10.2893],[79.701,10.2888],[79.7007,10.2888],[79.7007,10.2882],[79.6985,10.2882],[79.6985,10.2885],[79.6976,10.2885],[79.6976,10.2888],[79.6971,10.2888],[79.6971,10.2901],[79.6979,10.2901]]],[[[79.6957,10.291],[79.6957,10.2904],[79.696,10.2904],[79.696,10.2901],[79.6965,10.2901],[79.6965,10.2899],[79.6963,10.2899],[79.6963,10.2896],[79.6957,10.2896],[79.6957,10.2893],[79.6943,10.2893],[79.6943,10.2896],[79.6935,10.2896],[79.6935,10.2912],[79.6949,10.2912],[79.6949,10.291],[79.6957,10.291]]],[[[79.6912,10.2979],[79.6912,10.2976],[79.6915,10.2976],[79.6915,10.2974],[79.6918,10.2974],[79.6918,10.2971],[79.6924,10.2971],[79.6924,10.2968],[79.6926,10.2968],[79.6926,10.2965],[79.6929,10.2965],[79.6929,10.296],[79.6929,10.2954],[79.6926,10.2954],[79.6926,10.2946],[79.6924,10.2946],[79.6924,10.294],[79.6921,10.294],[79.6921,10.2937],[79.6915,10.2937],[79.6915,10.2935],[79.6904,10.2935],[79.6904,10.2937],[79.6901,10.2937],[79.6901,10.294],[79.6896,10.294],[79.6896,10.2943],[79.6893,10.2943],[79.6893,10.2946],[79.689,10.2946],[79.689,10.2951],[79.6888,10.2951],[79.6888,10.2957],[79.689,10.2957],[79.689,10.2963],[79.6893,10.2963],[79.6893,10.2964],[79.6893,10.2968],[79.6896,10.2968],[79.6896,10.2971],[79.6899,10.2971],[79.6899,10.2974],[79.6901,10.2974],[79.6901,10.2976],[79.6904,10.2976],[79.6904,10.2979],[79.6912,10.2979]]],[[[79.686,10.2985],[79.686,10.2982],[79.6862,10.2982],[79.6862,10.2976],[79.6865,10.2976],[79.6865,10.2974],[79.6868,10.2974],[79.6868,10.2971],[79.6865,10.2971],[79.6865,10.2969],[79.6865,10.2965],[79.6862,10.2965],[79.6862,10.296],[79.686,10.296],[79.686,10.2954],[79.6849,10.2954],[79.6849,10.2957],[79.6843,10.2957],[79.6843,10.296],[79.684,10.296],[79.684,10.2963],[79.6837,10.2963],[79.6837,10.2968],[79.6835,10.2968],[79.6835,10.2978],[79.6835,10.2982],[79.6851,10.2982],[79.6851,10.2985],[79.686,10.2985]]],[[[79.6226,10.2999],[79.6226,10.2996],[79.6246,10.2996],[79.6246,10.2993],[79.6265,10.2993],[79.6265,10.299],[79.6293,10.299],[79.6293,10.2982],[79.629,10.2982],[79.629,10.2979],[79.6287,10.2979],[79.6287,10.2976],[79.6282,10.2976],[79.6282,10.2974],[79.6224,10.2974],[79.6224,10.2976],[79.6221,10.2976],[79.6221,10.2979],[79.6215,10.2979],[79.6215,10.2982],[79.6212,10.2982],[79.6212,10.2985],[79.6207,10.2985],[79.6207,10.2987],[79.6204,10.2987],[79.6204,10.299],[79.6201,10.299],[79.6201,10.2993],[79.6204,10.2993],[79.6204,10.2996],[79.6207,10.2996],[79.6207,10.2999],[79.6226,10.2999]]],[[[79.6082,10.3026],[79.6082,10.3024],[79.6085,10.3024],[79.6085,10.3021],[79.609,10.3021],[79.609,10.301],[79.6065,10.301],[79.6065,10.3013],[79.606,10.3013],[79.606,10.3014],[79.606,10.3015],[79.6057,10.3015],[79.6057,10.3024],[79.606,10.3024],[79.606,10.3026],[79.6082,10.3026]]],[[[79.6188,10.3088],[79.6188,10.3085],[79.6204,10.3085],[79.6204,10.3082],[79.621,10.3082],[79.621,10.3079],[79.6212,10.3079],[79.6212,10.3074],[79.621,10.3074],[79.621,10.3068],[79.6207,10.3068],[79.6207,10.3065],[79.6201,10.3065],[79.6201,10.3062],[79.6193,10.3062],[79.6193,10.3076],[79.6188,10.3076],[79.6188,10.3074],[79.6185,10.3074],[79.6185,10.3071],[79.6182,10.3071],[79.6182,10.3068],[79.6179,10.3068],[79.6179,10.3065],[79.6162,10.3065],[79.6162,10.3079],[79.616,10.3079],[79.616,10.3082],[79.6168,10.3082],[79.6168,10.3085],[79.6174,10.3085],[79.6174,10.3088],[79.6188,10.3088]]],[[[79.624,10.3088],[79.624,10.3079],[79.6238,10.3079],[79.6238,10.3071],[79.6235,10.3071],[79.6235,10.3065],[79.6232,10.3065],[79.6232,10.3062],[79.6226,10.3062],[79.6226,10.306],[79.6224,10.306],[79.6224,10.3057],[79.6218,10.3057],[79.6218,10.3054],[79.6212,10.3054],[79.6212,10.3057],[79.621,10.3057],[79.621,10.3062],[79.6215,10.3062],[79.6215,10.3065],[79.6221,10.3065],[79.6221,10.3079],[79.6226,10.3079],[79.6226,10.3082],[79.6229,10.3082],[79.6229,10.3085],[79.6235,10.3085],[79.6235,10.3088],[79.624,10.3088]]],[[[79.6315,10.3088],[79.6315,10.3082],[79.6318,10.3082],[79.6318,10.3074],[79.6315,10.3074],[79.6315,10.3068],[79.6307,10.3068],[79.6307,10.3065],[79.629,10.3065],[79.629,10.3068],[79.6279,10.3068],[79.6279,10.3082],[79.6285,10.3082],[79.6285,10.3085],[79.6293,10.3085],[79.6293,10.3088],[79.6315,10.3088]]],[[[79.6999,10.3096],[79.6999,10.3093],[79.7004,10.3093],[79.7004,10.309],[79.701,10.309],[79.701,10.3088],[79.7015,10.3088],[79.7015,10.3085],[79.7018,10.3085],[79.7018,10.3082],[79.7024,10.3082],[79.7024,10.3079],[79.7029,10.3079],[79.7029,10.3076],[79.7035,10.3076],[79.7035,10.3074],[79.7038,10.3074],[79.7038,10.3071],[79.7043,10.3071],[79.7043,10.3068],[79.7048,10.3068],[79.7048,10.3065],[79.7054,10.3065],[79.7054,10.3068],[79.7074,10.3068],[79.7074,10.3071],[79.709,10.3071],[79.709,10.3074],[79.7099,10.3074],[79.7099,10.3076],[79.7107,10.3076],[79.7107,10.3074],[79.7104,10.3074],[79.7104,10.3071],[79.7101,10.3071],[79.7101,10.3068],[79.7099,10.3068],[79.7099,10.306],[79.7096,10.306],[79.7096,10.3054],[79.7093,10.3054],[79.7093,10.3051],[79.7087,10.3051],[79.7087,10.3049],[79.7085,10.3049],[79.7085,10.3046],[79.7079,10.3046],[79.7079,10.3043],[79.7076,10.3043],[79.7076,10.304],[79.7071,10.304],[79.7071,10.3038],[79.7038,10.3038],[79.7038,10.3046],[79.7035,10.3046],[79.7035,10.3054],[79.7032,10.3054],[79.7032,10.306],[79.7026,10.306],[79.7026,10.3062],[79.7024,10.3062],[79.7024,10.3065],[79.7018,10.3065],[79.7018,10.3068],[79.7012,10.3068],[79.7012,10.3071],[79.701,10.3071],[79.701,10.3074],[79.7004,10.3074],[79.7004,10.3076],[79.6999,10.3076],[79.6999,10.3079],[79.6996,10.3079],[79.6996,10.3082],[79.699,10.3082],[79.699,10.3096],[79.6999,10.3096]]],[[[79.6774,10.3099],[79.6774,10.3096],[79.6779,10.3096],[79.6779,10.3093],[79.6785,10.3093],[79.6785,10.309],[79.679,10.309],[79.679,10.3088],[79.6818,10.3088],[79.6818,10.3085],[79.6821,10.3085],[79.6821,10.3082],[79.6826,10.3082],[79.6826,10.3079],[79.6829,10.3079],[79.6829,10.3076],[79.6835,10.3076],[79.6835,10.3071],[79.6832,10.3071],[79.6832,10.3065],[79.6829,10.3065],[79.6829,10.306],[79.6826,10.306],[79.6826,10.3054],[79.681,10.3054],[79.681,10.3051],[79.679,10.3051],[79.679,10.3049],[79.6765,10.3049],[79.6765,10.3051],[79.6726,10.3051],[79.6726,10.3054],[79.6721,10.3054],[79.6721,10.3057],[79.6715,10.3057],[79.6715,10.306],[79.6707,10.306],[79.6707,10.3062],[79.6701,10.3062],[79.6701,10.3065],[79.6696,10.3065],[79.6696,10.3068],[79.6699,10.3068],[79.6699,10.3074],[79.6724,10.3074],[79.6724,10.3076],[79.6726,10.3076],[79.6726,10.3079],[79.6732,10.3079],[79.6732,10.3082],[79.6738,10.3082],[79.6738,10.3085],[79.674,10.3085],[79.674,10.3088],[79.6746,10.3088],[79.6746,10.309],[79.6751,10.309],[79.6751,10.3093],[79.6754,10.3093],[79.6754,10.3096],[79.676,10.3096],[79.676,10.3099],[79.6774,10.3099]]],[[[79.6898,10.3104],[79.6898,10.3102],[79.6904,10.3102],[79.6904,10.3099],[79.6907,10.3099],[79.6907,10.3093],[79.691,10.3093],[79.691,10.309],[79.6918,10.309],[79.6918,10.3085],[79.6921,10.3085],[79.6921,10.3082],[79.6924,10.3082],[79.6924,10.3079],[79.6926,10.3079],[79.6926,10.3082],[79.6932,10.3082],[79.6932,10.3085],[79.6937,10.3085],[79.6937,10.3082],[79.694,10.3082],[79.694,10.3076],[79.6937,10.3076],[79.6937,10.3071],[79.6935,10.3071],[79.6935,10.3068],[79.6932,10.3068],[79.6932,10.3064],[79.6932,10.3057],[79.6929,10.3057],[79.6929,10.3051],[79.6926,10.3051],[79.6926,10.3046],[79.6924,10.3046],[79.6924,10.3043],[79.6915,10.3043],[79.6915,10.3046],[79.6912,10.3046],[79.6913,10.3049],[79.6907,10.3049],[79.6907,10.3051],[79.6904,10.3051],[79.6904,10.3054],[79.6901,10.3054],[79.6901,10.3057],[79.6898,10.3057],[79.6898,10.3062],[79.6896,10.3062],[79.6896,10.3068],[79.6893,10.3068],[79.6893,10.3083],[79.6893,10.3088],[79.689,10.3088],[79.689,10.3093],[79.6888,10.3093],[79.6888,10.3104],[79.6898,10.3104]]],[[[79.6088,10.3113],[79.6088,10.311],[79.6093,10.311],[79.6093,10.3107],[79.6096,10.3107],[79.6096,10.3099],[79.6099,10.3099],[79.6099,10.3093],[79.6093,10.3093],[79.6093,10.309],[79.6088,10.309],[79.6088,10.3088],[79.6085,10.3088],[79.6085,10.3085],[79.6082,10.3085],[79.6082,10.3082],[79.6079,10.3082],[79.6079,10.3079],[79.6076,10.3079],[79.6076,10.3076],[79.6074,10.3076],[79.6074,10.3074],[79.6071,10.3074],[79.6071,10.3071],[79.6068,10.3071],[79.6068,10.3068],[79.6065,10.3068],[79.6065,10.3065],[79.6057,10.3065],[79.6057,10.3062],[79.6051,10.3062],[79.6051,10.3065],[79.6049,10.3065],[79.6049,10.3085],[79.6051,10.3085],[79.6051,10.3093],[79.6054,10.3093],[79.6054,10.3102],[79.6057,10.3102],[79.6057,10.3104],[79.6062,10.3104],[79.6062,10.3107],[79.6074,10.3107],[79.6074,10.311],[79.6076,10.311],[79.6076,10.3113],[79.6088,10.3113]]],[[[79.696,10.3213],[79.696,10.321],[79.6965,10.321],[79.6965,10.3207],[79.6968,10.3207],[79.6968,10.3204],[79.6974,10.3204],[79.6974,10.3201],[79.6979,10.3201],[79.6979,10.3199],[79.6982,10.3199],[79.6982,10.3196],[79.6988,10.3196],[79.6988,10.3193],[79.6993,10.3193],[79.6993,10.319],[79.6999,10.319],[79.6999,10.3187],[79.7001,10.3187],[79.7001,10.3185],[79.7007,10.3185],[79.7007,10.3182],[79.701,10.3182],[79.701,10.3179],[79.7012,10.3179],[79.7012,10.3174],[79.7015,10.3174],[79.7015,10.3171],[79.7018,10.3171],[79.7018,10.3168],[79.7021,10.3168],[79.7021,10.3162],[79.7024,10.3162],[79.7024,10.316],[79.7026,10.316],[79.7026,10.3157],[79.7085,10.3157],[79.7085,10.316],[79.7101,10.316],[79.7101,10.3162],[79.7124,10.3162],[79.7124,10.316],[79.7129,10.316],[79.7129,10.3157],[79.7132,10.3157],[79.7132,10.3154],[79.7138,10.3154],[79.7138,10.3151],[79.7165,10.3151],[79.7165,10.3143],[79.7162,10.3143],[79.7162,10.3126],[79.716,10.3126],[79.716,10.3115],[79.7157,10.3115],[79.7157,10.3113],[79.7154,10.3113],[79.7154,10.311],[79.7149,10.311],[79.7149,10.3107],[79.714,10.3107],[79.7138,10.3107],[79.7138,10.311],[79.7132,10.311],[79.7132,10.3115],[79.7129,10.3115],[79.7129,10.3117],[79.7129,10.3124],[79.7126,10.3124],[79.7126,10.3135],[79.7124,10.3135],[79.7124,10.314],[79.7118,10.314],[79.7118,10.3143],[79.7113,10.3143],[79.7113,10.3146],[79.711,10.3146],[79.711,10.3143],[79.7107,10.3143],[79.7107,10.3138],[79.7107,10.3135],[79.7104,10.3135],[79.7104,10.3129],[79.7101,10.3129],[79.7101,10.3126],[79.7096,10.3126],[79.7096,10.3132],[79.7093,10.3132],[79.7093,10.3135],[79.709,10.3135],[79.709,10.314],[79.7076,10.314],[79.7076,10.3138],[79.7074,10.3138],[79.7074,10.3136],[79.7074,10.3135],[79.707,10.3135],[79.7068,10.3135],[79.7068,10.3132],[79.7065,10.3132],[79.7065,10.3129],[79.7032,10.3129],[79.7032,10.3126],[79.7021,10.3126],[79.7021,10.3124],[79.7007,10.3124],[79.7007,10.3121],[79.6974,10.3121],[79.6974,10.3124],[79.6968,10.3124],[79.6968,10.3126],[79.6965,10.3126],[79.6965,10.3129],[79.696,10.3129],[79.696,10.3132],[79.6957,10.3132],[79.6957,10.3135],[79.6951,10.3135],[79.6951,10.3138],[79.6929,10.3138],[79.6929,10.314],[79.6926,10.314],[79.6926,10.3143],[79.6921,10.3143],[79.6921,10.3146],[79.6915,10.3146],[79.6915,10.3149],[79.6912,10.3149],[79.6912,10.3151],[79.6907,10.3151],[79.6907,10.3154],[79.6904,10.3154],[79.6904,10.3157],[79.6904,10.316],[79.6901,10.316],[79.6901,10.3165],[79.6898,10.3165],[79.6898,10.3168],[79.6896,10.3168],[79.6896,10.3174],[79.6893,10.3174],[79.6893,10.3179],[79.689,10.3179],[79.689,10.3185],[79.6888,10.3185],[79.6888,10.3187],[79.6907,10.3187],[79.6907,10.319],[79.6926,10.319],[79.6926,10.3193],[79.6929,10.3193],[79.6929,10.3196],[79.6935,10.3196],[79.6935,10.3199],[79.6937,10.3199],[79.6937,10.3201],[79.6943,10.3201],[79.6943,10.3204],[79.6946,10.3204],[79.6946,10.3207],[79.6951,10.3207],[79.6951,10.321],[79.6954,10.321],[79.6954,10.3213],[79.696,10.3213]]],[[[79.6321,10.3332],[79.6321,10.3329],[79.6324,10.3329],[79.6324,10.3326],[79.6326,10.3326],[79.6326,10.3324],[79.6338,10.3324],[79.6338,10.3318],[79.6335,10.3318],[79.6335,10.331],[79.6332,10.331],[79.6332,10.3304],[79.6329,10.3304],[79.6329,10.3299],[79.6326,10.3299],[79.6326,10.3296],[79.6324,10.3296],[79.6324,10.329],[79.6321,10.329],[79.6321,10.3287],[79.6318,10.3287],[79.6318,10.3285],[79.6315,10.3285],[79.6315,10.3279],[79.6312,10.3279],[79.6312,10.3274],[79.6307,10.3274],[79.6307,10.3271],[79.6293,10.3271],[79.6293,10.3268],[79.629,10.3268],[79.629,10.3265],[79.6287,10.3265],[79.6287,10.3263],[79.6285,10.3263],[79.6285,10.326],[79.6276,10.326],[79.6276,10.3263],[79.6274,10.3263],[79.6274,10.3271],[79.6276,10.3271],[79.6276,10.3274],[79.6279,10.3274],[79.6279,10.3276],[79.6282,10.3276],[79.6282,10.3279],[79.6274,10.3279],[79.6274,10.3285],[79.6276,10.3285],[79.6276,10.329],[79.6279,10.329],[79.6279,10.3304],[79.6282,10.3304],[79.6282,10.3307],[79.629,10.3307],[79.629,10.3304],[79.6296,10.3304],[79.6296,10.3307],[79.6299,10.3307],[79.6299,10.331],[79.6304,10.331],[79.6304,10.3313],[79.6307,10.3313],[79.6307,10.3315],[79.631,10.3315],[79.631,10.3321],[79.6312,10.3321],[79.6312,10.3326],[79.6315,10.3326],[79.6315,10.3332],[79.6321,10.3332]]],[[[79.6257,10.3438],[79.6257,10.3435],[79.6268,10.3435],[79.6268,10.3432],[79.6271,10.3432],[79.6271,10.3429],[79.6276,10.3429],[79.6276,10.3426],[79.6279,10.3426],[79.6279,10.3424],[79.6285,10.3424],[79.6285,10.3421],[79.6288,10.3421],[79.6288,10.3413],[79.6285,10.3413],[79.6285,10.3401],[79.6282,10.3401],[79.6282,10.3388],[79.6285,10.3388],[79.6285,10.3382],[79.6288,10.3382],[79.6288,10.3379],[79.629,10.3379],[79.629,10.3374],[79.6288,10.3374],[79.6288,10.3371],[79.6282,10.3371],[79.6282,10.3368],[79.6271,10.3368],[79.6271,10.3374],[79.6268,10.3374],[79.6268,10.3379],[79.6263,10.3379],[79.6263,10.3382],[79.6257,10.3382],[79.6257,10.3385],[79.6254,10.3385],[79.6254,10.3388],[79.6249,10.3388],[79.6249,10.3407],[79.6251,10.3407],[79.6251,10.3413],[79.6249,10.3413],[79.6249,10.3424],[79.6251,10.3424],[79.6251,10.3432],[79.6254,10.3432],[79.6254,10.3435],[79.6251,10.3435],[79.6251,10.3438],[79.6257,10.3438]]],[[[79.839,11.2365],[79.839,11.2363],[79.8399,11.2363],[79.8399,11.236],[79.8401,11.236],[79.8401,11.2357],[79.8404,11.2357],[79.8404,11.2351],[79.8415,11.2351],[79.8415,11.2349],[79.8418,11.2349],[79.8418,11.2343],[79.8421,11.2343],[79.8421,11.234],[79.8418,11.234],[79.8418,11.2337],[79.8415,11.2337],[79.8415,11.2335],[79.8407,11.2335],[79.8407,11.2332],[79.839,11.2332],[79.839,11.2335],[79.8379,11.2335],[79.8379,11.2332],[79.8373,11.2332],[79.8373,11.2351],[79.8371,11.2351],[79.8371,11.2354],[79.8374,11.2354],[79.8374,11.2357],[79.8376,11.2357],[79.8376,11.236],[79.8379,11.236],[79.8379,11.2363],[79.8388,11.2363],[79.8388,11.2365],[79.839,11.2365]]],[[[79.8271,11.2374],[79.8271,11.2371],[79.8282,11.2371],[79.8282,11.2368],[79.8285,11.2368],[79.8285,11.2363],[79.8282,11.2363],[79.8282,11.236],[79.8279,11.236],[79.8279,11.2357],[79.8274,11.2357],[79.8274,11.236],[79.8268,11.236],[79.8268,11.2357],[79.8262,11.2357],[79.8262,11.2354],[79.8254,11.2354],[79.8254,11.2351],[79.8251,11.2351],[79.8251,11.2349],[79.8243,11.2349],[79.8243,11.2346],[79.8238,11.2346],[79.8238,11.2357],[79.824,11.2357],[79.824,11.2363],[79.8243,11.2363],[79.8243,11.2365],[79.8246,11.2365],[79.8246,11.2368],[79.8262,11.2368],[79.8262,11.2374],[79.8271,11.2374]]],[[[79.9912,12.2513],[79.9912,12.251],[79.9915,12.251],[79.9915,12.2507],[79.9918,12.2507],[79.9918,12.2504],[79.9915,12.2504],[79.9915,12.2496],[79.9912,12.2496],[79.9912,12.2493],[79.991,12.2493],[79.991,12.249],[79.9907,12.249],[79.9907,12.2488],[79.9901,12.2488],[79.9901,12.2485],[79.9899,12.2485],[79.9899,12.2482],[79.9893,12.2482],[79.9893,12.2479],[79.989,12.2479],[79.989,12.2476],[79.9887,12.2476],[79.9887,12.2474],[79.9885,12.2474],[79.9885,12.2471],[79.9879,12.2471],[79.9879,12.2465],[79.9874,12.2465],[79.9874,12.2463],[79.9871,12.2463],[79.9871,12.246],[79.9868,12.246],[79.9868,12.2457],[79.9865,12.2457],[79.9865,12.2454],[79.9863,12.2454],[79.9863,12.2451],[79.9851,12.2451],[79.9851,12.2454],[79.9854,12.2454],[79.9854,12.246],[79.9857,12.246],[79.9857,12.2468],[79.986,12.2468],[79.986,12.2474],[79.9863,12.2474],[79.9863,12.2479],[79.9865,12.2479],[79.9865,12.2485],[79.9868,12.2485],[79.9868,12.249],[79.9871,12.249],[79.9871,12.2496],[79.9874,12.2496],[79.9874,12.2501],[79.9879,12.2501],[79.9879,12.2504],[79.9885,12.2504],[79.9885,12.251],[79.989,12.251],[79.989,12.2513],[79.9912,12.2513]]],[[[80.3229,13.4385],[80.3229,13.4379],[80.3235,13.4379],[80.3235,13.4376],[80.3238,13.4376],[80.3238,13.4374],[80.3243,13.4374],[80.3243,13.4371],[80.3246,13.4371],[80.3246,13.4365],[80.3249,13.4365],[80.3249,13.436],[80.3251,13.436],[80.3251,13.4351],[80.3249,13.4351],[80.3249,13.4343],[80.3235,13.4343],[80.3235,13.434],[80.3229,13.434],[80.3229,13.4343],[80.3221,13.4343],[80.3221,13.4346],[80.3215,13.4346],[80.3215,13.4349],[80.3213,13.4349],[80.3213,13.4368],[80.3215,13.4368],[80.3215,13.4382],[80.3221,13.4382],[80.3221,13.4385],[80.3229,13.4385]]],[[[80.0758,13.5268],[80.0763,13.5261],[80.0794,13.5294],[80.0867,13.5272],[80.0877,13.5266],[80.0879,13.526],[80.0887,13.5255],[80.0938,13.5136],[80.0957,13.5098],[80.0967,13.5082],[80.0994,13.5063],[80.1004,13.5052],[80.105,13.5036],[80.1069,13.5039],[80.1208,13.5024],[80.1279,13.499],[80.1286,13.4986],[80.1289,13.4976],[80.1295,13.4973],[80.1307,13.4971],[80.1327,13.4959],[80.1354,13.4931],[80.1355,13.4922],[80.1362,13.492],[80.1376,13.4912],[80.1446,13.4856],[80.1447,13.4847],[80.1474,13.4828],[80.1507,13.48],[80.1521,13.4789],[80.1542,13.4789],[80.1565,13.4789],[80.1584,13.4783],[80.1631,13.4776],[80.1646,13.4779],[80.1651,13.478],[80.1658,13.4778],[80.1757,13.479],[80.1794,13.4783],[80.1818,13.4778],[80.1941,13.4762],[80.2037,13.478],[80.2094,13.4818],[80.2118,13.4823],[80.2162,13.4818],[80.222,13.4803],[80.2303,13.4768],[80.235,13.4739],[80.2409,13.4702],[80.2422,13.4687],[80.2436,13.4678],[80.2442,13.467],[80.2459,13.4657],[80.2464,13.4654],[80.2472,13.4636],[80.2506,13.4606],[80.2506,13.4597],[80.252,13.4589],[80.2536,13.4557],[80.2558,13.454],[80.2583,13.4493],[80.2599,13.4474],[80.2634,13.4394],[80.2646,13.4356],[80.2649,13.4283],[80.2653,13.4211],[80.2661,13.418],[80.268,13.4143],[80.2716,13.4132],[80.2779,13.4075],[80.28,13.4021],[80.2802,13.4003],[80.2798,13.3996],[80.2789,13.3991],[80.2772,13.3992],[80.2763,13.3994],[80.2749,13.3989],[80.2741,13.3984],[80.2739,13.3977],[80.276,13.3891],[80.2773,13.3883],[80.2792,13.3874],[80.2821,13.3855],[80.2931,13.3834],[80.2969,13.3813],[80.3018,13.3779],[80.3065,13.3748],[80.3067,13.3746],[80.3076,13.3735],[80.3121,13.3694],[80.3154,13.3715],[80.315,13.3746],[80.3155,13.3755],[80.3165,13.3764],[80.3153,13.3797],[80.3148,13.3918],[80.3145,13.3992],[80.3128,13.4059],[80.3116,13.4181],[80.3115,13.4218],[80.312,13.4225],[80.3128,13.4262],[80.3127,13.4263],[80.313,13.4279],[80.3138,13.4279],[80.3138,13.4282],[80.316,13.4282],[80.316,13.4285],[80.3163,13.4285],[80.3163,13.4282],[80.3165,13.4282],[80.3165,13.4274],[80.3168,13.4274],[80.3168,13.4271],[80.3165,13.4271],[80.3165,13.4263],[80.3168,13.4263],[80.3168,13.426],[80.3171,13.426],[80.3171,13.4257],[80.3179,13.4257],[80.3179,13.4251],[80.3176,13.4252],[80.3176,13.4246],[80.3174,13.4246],[80.3174,13.4235],[80.3171,13.4235],[80.3171,13.4229],[80.3174,13.4229],[80.3174,13.4226],[80.3179,13.4226],[80.3179,13.4224],[80.3185,13.4224],[80.3185,13.4226],[80.3187,13.4226],[80.3187,13.4218],[80.3185,13.4218],[80.3185,13.4213],[80.3182,13.4213],[80.3182,13.4207],[80.3185,13.4207],[80.3185,13.4201],[80.3187,13.4201],[80.3187,13.4196],[80.319,13.4196],[80.319,13.4193],[80.3193,13.4193],[80.3193,13.419],[80.3196,13.419],[80.3196,13.4185],[80.3199,13.4185],[80.3199,13.4179],[80.3201,13.4179],[80.3201,13.4174],[80.3204,13.4174],[80.3204,13.4165],[80.3207,13.4165],[80.3207,13.4149],[80.3204,13.4149],[80.3204,13.4146],[80.3201,13.4146],[80.3201,13.4143],[80.3199,13.4143],[80.3199,13.414],[80.3196,13.414],[80.3196,13.4138],[80.3187,13.4138],[80.3187,13.4135],[80.3185,13.4135],[80.3185,13.4132],[80.3182,13.4132],[80.3182,13.4129],[80.3176,13.4129],[80.3176,13.4126],[80.3174,13.4126],[80.3174,13.4121],[80.3173,13.4121],[80.3171,13.4121],[80.3171,13.4118],[80.3173,13.4118],[80.3174,13.4115],[80.3176,13.4115],[80.3176,13.4118],[80.3185,13.4118],[80.3185,13.4121],[80.3193,13.4121],[80.3193,13.4124],[80.3196,13.4124],[80.3196,13.4126],[80.3199,13.4126],[80.3199,13.4129],[80.3204,13.4129],[80.3204,13.4132],[80.321,13.4132],[80.321,13.4129],[80.3215,13.4129],[80.3215,13.4113],[80.3218,13.4113],[80.3218,13.4099],[80.3221,13.4099],[80.3221,13.4096],[80.3224,13.4096],[80.3224,13.4093],[80.3226,13.4093],[80.3226,13.4079],[80.3229,13.4079],[80.3229,13.4074],[80.3232,13.4074],[80.3232,13.4068],[80.3235,13.4068],[80.3235,13.4065],[80.3238,13.4065],[80.3238,13.4063],[80.324,13.4063],[80.324,13.406],[80.3243,13.406],[80.3243,13.4057],[80.3246,13.4057],[80.3246,13.4054],[80.3249,13.4054],[80.3249,13.4051],[80.3251,13.4051],[80.3251,13.404],[80.3249,13.404],[80.3249,13.4029],[80.3246,13.4029],[80.3246,13.4024],[80.3243,13.4024],[80.3243,13.4021],[80.3238,13.4021],[80.3238,13.4015],[80.324,13.4015],[80.324,13.4013],[80.3243,13.4013],[80.3243,13.401],[80.3249,13.401],[80.3249,13.4007],[80.3251,13.4007],[80.3251,13.4004],[80.3254,13.4004],[80.3254,13.4001],[80.3257,13.4001],[80.3257,13.3999],[80.3262,13.3999],[80.3262,13.399],[80.3265,13.399],[80.3265,13.396],[80.3262,13.396],[80.3262,13.3957],[80.326,13.3957],[80.326,13.3949],[80.3257,13.3949],[80.3257,13.3924],[80.3254,13.3924],[80.3254,13.3921],[80.3246,13.3921],[80.3246,13.3918],[80.3243,13.3918],[80.3243,13.3915],[80.3238,13.3915],[80.3238,13.3912],[80.3229,13.3912],[80.3229,13.3907],[80.3226,13.3907],[80.3226,13.3901],[80.3224,13.3901],[80.3224,13.3899],[80.3232,13.3899],[80.3232,13.3901],[80.324,13.3901],[80.324,13.3904],[80.3246,13.3904],[80.3246,13.3907],[80.3251,13.3907],[80.3251,13.3904],[80.3257,13.3904],[80.3257,13.3901],[80.326,13.3901],[80.326,13.3899],[80.3262,13.3899],[80.3262,13.3896],[80.3268,13.3896],[80.3268,13.3893],[80.3271,13.3893],[80.3271,13.389],[80.3274,13.389],[80.3274,13.3888],[80.3279,13.3888],[80.3279,13.3885],[80.3282,13.3885],[80.3282,13.3882],[80.3285,13.3882],[80.3285,13.3879],[80.3288,13.3879],[80.3288,13.3876],[80.3293,13.3876],[80.3293,13.3874],[80.3296,13.3874],[80.3296,13.3871],[80.3299,13.3871],[80.3299,13.3849],[80.3301,13.3849],[80.3301,13.3804],[80.3304,13.3804],[80.3304,13.3779],[80.3301,13.3779],[80.3301,13.3776],[80.3299,13.3776],[80.3299,13.3771],[80.3296,13.3771],[80.3296,13.3768],[80.3293,13.3768],[80.3293,13.3765],[80.329,13.3765],[80.329,13.3763],[80.3288,13.3763],[80.3288,13.376],[80.3285,13.376],[80.3285,13.3754],[80.3282,13.3754],[80.3282,13.3751],[80.3279,13.3751],[80.3279,13.3749],[80.3276,13.3749],[80.3276,13.3746],[80.3274,13.3746],[80.3274,13.3743],[80.3268,13.3743],[80.3268,13.374],[80.3265,13.374],[80.3265,13.3738],[80.3262,13.3738],[80.3262,13.3732],[80.326,13.3732],[80.326,13.3726],[80.3257,13.3726],[80.3257,13.3724],[80.3254,13.3724],[80.3254,13.3718],[80.3251,13.3718],[80.3251,13.3715],[80.3249,13.3715],[80.3249,13.371],[80.3246,13.371],[80.3246,13.3707],[80.3243,13.3707],[80.3243,13.3704],[80.3246,13.3704],[80.3246,13.3701],[80.3249,13.3701],[80.3249,13.3699],[80.3251,13.3699],[80.3251,13.3696],[80.3254,13.3696],[80.3254,13.3693],[80.3257,13.3693],[80.3257,13.369],[80.326,13.369],[80.326,13.3687],[80.3262,13.3687],[80.3262,13.3685],[80.3265,13.3685],[80.3265,13.3682],[80.3268,13.3682],[80.3268,13.3679],[80.3271,13.3679],[80.3271,13.3676],[80.3274,13.3676],[80.3274,13.3674],[80.3276,13.3674],[80.3276,13.3671],[80.3282,13.3671],[80.3282,13.3668],[80.3285,13.3668],[80.3285,13.3665],[80.329,13.3665],[80.329,13.3676],[80.3288,13.3676],[80.3288,13.3685],[80.3285,13.3685],[80.3285,13.3687],[80.3282,13.3687],[80.3282,13.369],[80.3279,13.369],[80.3279,13.3693],[80.3274,13.3693],[80.3274,13.3696],[80.3271,13.3696],[80.3271,13.3701],[80.3274,13.3701],[80.3274,13.371],[80.3276,13.371],[80.3276,13.3718],[80.3279,13.3718],[80.3279,13.3729],[80.3282,13.3729],[80.3282,13.3732],[80.3285,13.3732],[80.3285,13.3735],[80.3288,13.3735],[80.3288,13.3738],[80.329,13.3738],[80.329,13.374],[80.3293,13.374],[80.3293,13.3743],[80.3296,13.3743],[80.3296,13.3746],[80.3299,13.3746],[80.3299,13.3749],[80.3301,13.3749],[80.3301,13.3751],[80.3304,13.3751],[80.3304,13.3754],[80.3307,13.3754],[80.3307,13.3757],[80.331,13.3757],[80.331,13.3763],[80.3313,13.3763],[80.3313,13.3765],[80.3315,13.3765],[80.3315,13.3796],[80.3318,13.3796],[80.3318,13.3838],[80.3315,13.3838],[80.3315,13.3854],[80.3313,13.3854],[80.3313,13.3879],[80.331,13.3879],[80.331,13.3912],[80.3307,13.3912],[80.3307,13.3929],[80.3304,13.3929],[80.3304,13.3935],[80.3301,13.3935],[80.3301,13.394],[80.3299,13.394],[80.3299,13.3946],[80.3296,13.3946],[80.3296,13.3951],[80.3293,13.3951],[80.3293,13.3957],[80.329,13.3957],[80.329,13.3962],[80.3288,13.3962],[80.3288,13.3968],[80.3285,13.3968],[80.3285,13.3974],[80.3282,13.3974],[80.3282,13.3985],[80.3279,13.3985],[80.3279,13.4001],[80.3276,13.4001],[80.3276,13.4015],[80.3274,13.4015],[80.3274,13.4032],[80.3271,13.4032],[80.3271,13.4046],[80.3268,13.4046],[80.3268,13.4054],[80.3265,13.4054],[80.3265,13.406],[80.3262,13.406],[80.3262,13.4065],[80.326,13.4065],[80.326,13.4071],[80.3257,13.4071],[80.3257,13.4076],[80.3254,13.4076],[80.3254,13.4079],[80.3251,13.4079],[80.3251,13.4082],[80.3249,13.4082],[80.3249,13.4085],[80.3246,13.4085],[80.3246,13.4088],[80.3243,13.4088],[80.3243,13.409],[80.324,13.409],[80.324,13.4093],[80.3238,13.4093],[80.3238,13.4099],[80.3235,13.4099],[80.3235,13.4102],[80.3238,13.4102],[80.3238,13.4113],[80.324,13.4112],[80.324,13.4124],[80.3238,13.4124],[80.3238,13.4132],[80.3235,13.4132],[80.3235,13.4135],[80.3238,13.4135],[80.3238,13.4143],[80.324,13.4143],[80.324,13.4146],[80.3238,13.4146],[80.3238,13.4154],[80.324,13.4154],[80.324,13.416],[80.3238,13.416],[80.3238,13.4165],[80.3235,13.4165],[80.3235,13.4174],[80.3232,13.4174],[80.3232,13.4176],[80.3229,13.4176],[80.3229,13.4185],[80.3226,13.4185],[80.3226,13.419],[80.3229,13.419],[80.3229,13.4193],[80.3226,13.4193],[80.3226,13.4199],[80.3224,13.4199],[80.3224,13.4201],[80.3215,13.4201],[80.3215,13.4207],[80.3213,13.4207],[80.3213,13.4213],[80.321,13.4213],[80.321,13.4218],[80.3207,13.4218],[80.3207,13.4224],[80.3204,13.4224],[80.3204,13.4229],[80.3201,13.4229],[80.3201,13.4235],[80.3199,13.4235],[80.3199,13.4237],[80.3193,13.4237],[80.3193,13.424],[80.3196,13.424],[80.3196,13.4246],[80.3199,13.4246],[80.3199,13.4265],[80.3201,13.4265],[80.3201,13.4268],[80.3204,13.4268],[80.3204,13.4271],[80.3207,13.4271],[80.3207,13.4274],[80.3215,13.4274],[80.3215,13.4276],[80.3226,13.4276],[80.3226,13.4274],[80.3229,13.4274],[80.3229,13.4268],[80.3232,13.4268],[80.3232,13.4257],[80.3235,13.4257],[80.3235,13.4271],[80.3238,13.4271],[80.3238,13.4274],[80.324,13.4274],[80.324,13.4276],[80.3246,13.4276],[80.3246,13.4279],[80.3249,13.4279],[80.3249,13.4282],[80.3251,13.4282],[80.3251,13.4285],[80.3254,13.4285],[80.3254,13.429],[80.3257,13.429],[80.3257,13.4293],[80.326,13.4293],[80.326,13.4299],[80.3262,13.4299],[80.3262,13.4313],[80.326,13.4313],[80.326,13.4324],[80.3257,13.4324],[80.3257,13.4346],[80.3254,13.4346],[80.3254,13.4363],[80.3251,13.4363],[80.3251,13.4379],[80.3249,13.4379],[80.3249,13.439],[80.3246,13.439],[80.3246,13.4424],[80.3249,13.4424],[80.3249,13.4426],[80.3251,13.4426],[80.3251,13.4432],[80.3254,13.4432],[80.3254,13.4438],[80.3257,13.4438],[80.3257,13.4432],[80.326,13.4432],[80.326,13.4426],[80.3262,13.4426],[80.3262,13.4396],[80.3265,13.4396],[80.3265,13.4379],[80.3268,13.4379],[80.3268,13.4363],[80.3271,13.4363],[80.3271,13.4343],[80.3274,13.4343],[80.3274,13.4326],[80.3276,13.4326],[80.3276,13.4313],[80.3279,13.4313],[80.3279,13.4299],[80.3282,13.4299],[80.3282,13.4268],[80.3279,13.4268],[80.3279,13.4257],[80.3282,13.4257],[80.3282,13.4251],[80.3285,13.4252],[80.3285,13.4221],[80.3282,13.4221],[80.3282,13.4215],[80.3279,13.4215],[80.3279,13.421],[80.3276,13.421],[80.3276,13.4204],[80.3274,13.4204],[80.3274,13.4201],[80.3271,13.4201],[80.3271,13.4199],[80.3274,13.4199],[80.3274,13.4193],[80.3276,13.4193],[80.3276,13.419],[80.3279,13.419],[80.3279,13.4185],[80.3282,13.4185],[80.3282,13.4168],[80.3285,13.4168],[80.3285,13.4146],[80.3288,13.4146],[80.3288,13.4085],[80.329,13.4085],[80.329,13.4071],[80.3288,13.4071],[80.3288,13.4068],[80.329,13.4068],[80.329,13.4049],[80.3293,13.4049],[80.3293,13.4046],[80.3296,13.4046],[80.3296,13.4043],[80.3299,13.4043],[80.3299,13.4038],[80.3296,13.4038],[80.3296,13.4024],[80.3299,13.4024],[80.3299,13.4013],[80.3296,13.4013],[80.3296,13.4001],[80.3299,13.4001],[80.3299,13.3999],[80.3301,13.3999],[80.3301,13.3985],[80.3304,13.3985],[80.3304,13.3976],[80.3307,13.3976],[80.3307,13.3965],[80.331,13.3965],[80.331,13.3951],[80.3313,13.3951],[80.3313,13.3949],[80.331,13.3949],[80.331,13.3943],[80.3313,13.3943],[80.3313,13.3935],[80.3315,13.3935],[80.3315,13.3924],[80.3318,13.3924],[80.3318,13.3912],[80.3321,13.3912],[80.3321,13.3901],[80.3324,13.3901],[80.3324,13.389],[80.3326,13.389],[80.3326,13.3879],[80.3329,13.3879],[80.3329,13.3868],[80.3332,13.3868],[80.3332,13.3857],[80.3335,13.3857],[80.3335,13.3846],[80.3337,13.3846],[80.3337,13.3835],[80.334,13.3835],[80.334,13.3824],[80.3343,13.3824],[80.3343,13.3813],[80.3346,13.3813],[80.3346,13.3801],[80.3349,13.3801],[80.3349,13.379],[80.3351,13.379],[80.3351,13.3779],[80.3354,13.3779],[80.3354,13.3768],[80.3357,13.3768],[80.3357,13.376],[80.336,13.376],[80.336,13.3749],[80.3363,13.3749],[80.3363,13.3738],[80.3365,13.3738],[80.3365,13.3726],[80.3368,13.3726],[80.3368,13.3718],[80.3365,13.3718],[80.3365,13.3707],[80.3368,13.3707],[80.3368,13.371],[80.3371,13.371],[80.3371,13.3707],[80.3374,13.3707],[80.3374,13.3696],[80.3376,13.3696],[80.3376,13.3685],[80.3379,13.3685],[80.3379,13.3674],[80.3382,13.3674],[80.3382,13.3665],[80.3385,13.3665],[80.3385,13.3654],[80.3388,13.3654],[80.3388,13.3643],[80.339,13.3643],[80.339,13.3638],[80.3388,13.3638],[80.3388,13.3635],[80.339,13.3635],[80.339,13.3624],[80.3393,13.3624],[80.3393,13.3621],[80.3396,13.3621],[80.3396,13.361],[80.3399,13.361],[80.3399,13.3604],[80.3396,13.3604],[80.3396,13.3599],[80.3399,13.3599],[80.3399,13.3576],[80.3401,13.3576],[80.3401,13.3571],[80.3404,13.3571],[80.3404,13.3562],[80.3407,13.3563],[80.3407,13.3557],[80.341,13.3557],[80.341,13.3551],[80.3412,13.3551],[80.3412,13.3529],[80.3415,13.3529],[80.3415,13.3524],[80.3418,13.3524],[80.3418,13.351],[80.3415,13.351],[80.3415,13.3501],[80.3418,13.3501],[80.3418,13.3499],[80.3421,13.3499],[80.3421,13.349],[80.3424,13.349],[80.3424,13.3474],[80.3426,13.3474],[80.3426,13.3451],[80.3429,13.3451],[80.3429,13.3443],[80.3432,13.3443],[80.3432,13.3426],[80.3435,13.3426],[80.3435,13.3421],[80.3438,13.3421],[80.3438,13.3418],[80.344,13.3418],[80.344,13.3404],[80.3438,13.3404],[80.3438,13.3399],[80.344,13.3399],[80.344,13.339],[80.3443,13.339],[80.3443,13.3379],[80.3446,13.3379],[80.3446,13.3376],[80.3443,13.3376],[80.3443,13.3363],[80.3446,13.3363],[80.3446,13.3357],[80.3449,13.3357],[80.3449,13.3354],[80.3446,13.3354],[80.3446,13.3343],[80.3449,13.3343],[80.3449,13.3318],[80.3446,13.3318],[80.3446,13.3315],[80.344,13.3315],[80.344,13.3312],[80.3446,13.3312],[80.3446,13.331],[80.3451,13.331],[80.3451,13.3301],[80.3454,13.3301],[80.3454,13.3276],[80.3457,13.3276],[80.3457,13.326],[80.346,13.326],[80.346,13.3254],[80.3457,13.3254],[80.3457,13.3218],[80.3454,13.3218],[80.3454,13.3207],[80.3457,13.3207],[80.3457,13.3204],[80.346,13.3204],[80.346,13.3199],[80.3463,13.3199],[80.3463,13.3196],[80.346,13.3196],[80.346,13.319],[80.3457,13.319],[80.3457,13.3176],[80.346,13.3176],[80.346,13.3154],[80.3463,13.3154],[80.3463,13.3135],[80.3465,13.3135],[80.3465,13.3132],[80.3468,13.3132],[80.3468,13.3118],[80.3465,13.3118],[80.3465,13.3112],[80.3468,13.3112],[80.3468,13.3085],[80.3465,13.3085],[80.3465,13.3076],[80.3463,13.3076],[80.3463,13.3074],[80.346,13.3074],[80.346,13.3051],[80.3463,13.3051],[80.3463,13.3046],[80.3465,13.3046],[80.3465,13.304],[80.3457,13.304],[80.3457,13.3038],[80.3454,13.3038],[80.3454,13.3026],[80.3463,13.3026],[80.3463,13.3018],[80.3465,13.3018],[80.3465,13.3001],[80.346,13.3001],[80.346,13.2993],[80.3463,13.2993],[80.3463,13.2968],[80.346,13.2968],[80.346,13.296],[80.3463,13.296],[80.3463,13.2949],[80.346,13.2949],[80.346,13.2935],[80.3463,13.2935],[80.3463,13.2924],[80.3465,13.2924],[80.3465,13.2915],[80.3463,13.2915],[80.3463,13.2913],[80.3457,13.2913],[80.3457,13.2907],[80.346,13.2907],[80.346,13.2904],[80.3457,13.2904],[80.3457,13.2899],[80.346,13.2899],[80.346,13.2893],[80.3457,13.2893],[80.3457,13.2885],[80.3454,13.2885],[80.3454,13.2879],[80.3449,13.2879],[80.3449,13.2876],[80.3435,13.2876],[80.3435,13.2865],[80.3432,13.2865],[80.3432,13.2843],[80.3435,13.2843],[80.3435,13.2804],[80.3432,13.2804],[80.3432,13.2801],[80.3435,13.2801],[80.3435,13.2796],[80.3438,13.2796],[80.3438,13.279],[80.3446,13.279],[80.3446,13.2785],[80.3443,13.2785],[80.3443,13.2779],[80.344,13.2779],[80.344,13.2777],[80.3438,13.2777],[80.3438,13.2774],[80.3435,13.2774],[80.3435,13.2771],[80.3432,13.2771],[80.3432,13.276],[80.3429,13.276],[80.3429,13.2757],[80.3426,13.2757],[80.3426,13.2754],[80.3429,13.2754],[80.3429,13.2751],[80.3432,13.2751],[80.3432,13.2749],[80.344,13.2749],[80.344,13.2746],[80.3446,13.2746],[80.3446,13.2743],[80.3449,13.2743],[80.3449,13.2732],[80.3446,13.2732],[80.3446,13.2729],[80.344,13.2729],[80.344,13.2726],[80.3435,13.2726],[80.3435,13.2724],[80.3432,13.2724],[80.3432,13.2721],[80.3429,13.2721],[80.3429,13.2718],[80.3418,13.2718],[80.3418,13.2721],[80.3415,13.2721],[80.3415,13.2732],[80.3412,13.2732],[80.3412,13.2729],[80.341,13.2729],[80.341,13.2726],[80.3407,13.2726],[80.3407,13.2718],[80.3404,13.2718],[80.3404,13.271],[80.3401,13.271],[80.3401,13.2704],[80.3399,13.2704],[80.3399,13.2699],[80.3396,13.2699],[80.3396,13.2693],[80.3393,13.2693],[80.3393,13.2679],[80.3388,13.2679],[80.3388,13.2676],[80.3385,13.2676],[80.3385,13.2671],[80.339,13.2671],[80.339,13.2665],[80.3388,13.2665],[80.3388,13.2657],[80.3385,13.2657],[80.3385,13.2654],[80.3388,13.2654],[80.3388,13.2651],[80.3385,13.2651],[80.3385,13.2646],[80.3382,13.2646],[80.3382,13.2638],[80.3379,13.2638],[80.3379,13.2629],[80.3376,13.2629],[80.3376,13.2624],[80.3374,13.2624],[80.3374,13.2612],[80.3371,13.2612],[80.3371,13.254],[80.3374,13.254],[80.3374,13.2526],[80.3371,13.2526],[80.3371,13.2521],[80.3368,13.2521],[80.3368,13.251],[80.3365,13.251],[80.3365,13.2501],[80.3363,13.2501],[80.3363,13.2493],[80.336,13.2493],[80.336,13.2488],[80.3357,13.2488],[80.3357,13.2479],[80.3354,13.2479],[80.3354,13.2465],[80.3351,13.2465],[80.3351,13.2454],[80.3349,13.2454],[80.3349,13.2449],[80.3346,13.2449],[80.3346,13.2443],[80.3343,13.2443],[80.3343,13.244],[80.3346,13.244],[80.3346,13.2438],[80.3343,13.2438],[80.3343,13.2421],[80.334,13.2421],[80.334,13.2418],[80.3343,13.2418],[80.3343,13.2415],[80.334,13.2415],[80.334,13.2404],[80.3337,13.2404],[80.3337,13.2401],[80.334,13.2401],[80.334,13.2399],[80.3337,13.2399],[80.3337,13.2393],[80.3335,13.2393],[80.3335,13.2388],[80.3329,13.2388],[80.3329,13.2385],[80.3326,13.2385],[80.3326,13.2382],[80.3324,13.2382],[80.3324,13.2379],[80.3318,13.2379],[80.3318,13.2368],[80.3315,13.2368],[80.3315,13.2362],[80.3313,13.2362],[80.3313,13.236],[80.331,13.236],[80.331,13.2357],[80.3304,13.2357],[80.3304,13.2354],[80.3296,13.2354],[80.3296,13.2351],[80.329,13.2351],[80.329,13.2354],[80.3288,13.2354],[80.3288,13.2351],[80.3282,13.2351],[80.3282,13.2354],[80.3279,13.2354],[80.3279,13.2351],[80.3276,13.2351],[80.3276,13.2349],[80.3268,13.2349],[80.3268,13.2346],[80.3262,13.2346],[80.3262,13.2343],[80.3257,13.2343],[80.3257,13.234],[80.3254,13.234],[80.3254,13.2338],[80.3251,13.2338],[80.3251,13.2335],[80.3249,13.2335],[80.3249,13.2332],[80.324,13.2332],[80.324,13.2329],[80.3229,13.2329],[80.3229,13.2326],[80.3221,13.2326],[80.3221,13.2324],[80.3215,13.2324],[80.3215,13.2326],[80.3213,13.2326],[80.3213,13.2324],[80.3204,13.2324],[80.3204,13.2321],[80.3198,13.2321],[80.319,13.2321],[80.319,13.2318],[80.3187,13.2318],[80.3187,13.2315],[80.3182,13.2315],[80.3182,13.2312],[80.3171,13.2312],[80.3171,13.2324],[80.3168,13.2324],[80.3168,13.2332],[80.3165,13.2332],[80.3165,13.234],[80.3163,13.234],[80.3163,13.2349],[80.316,13.2349],[80.316,13.2362],[80.3162,13.2362],[80.3162,13.2385],[80.3165,13.2385],[80.3165,13.2393],[80.3168,13.2393],[80.3168,13.2399],[80.3171,13.2399],[80.3171,13.2404],[80.3168,13.2404],[80.3168,13.2413],[80.3165,13.2413],[80.3165,13.2429],[80.3162,13.2429],[80.3162,13.2443],[80.316,13.2443],[80.316,13.2446],[80.3157,13.2446],[80.3157,13.2449],[80.3154,13.2449],[80.3154,13.2451],[80.3151,13.2451],[80.3151,13.2454],[80.3149,13.2454],[80.3149,13.2457],[80.3146,13.2457],[80.3146,13.246],[80.3143,13.246],[80.3143,13.2465],[80.3138,13.2465],[80.3138,13.2451],[80.314,13.2451],[80.314,13.2443],[80.3146,13.2443],[80.3146,13.244],[80.3151,13.244],[80.3151,13.2424],[80.3154,13.2424],[80.3154,13.2393],[80.3151,13.2393],[80.3151,13.2388],[80.3149,13.2388],[80.3149,13.2362],[80.3146,13.2362],[80.3146,13.2354],[80.3143,13.2354],[80.3143,13.2343],[80.314,13.2343],[80.314,13.2332],[80.3138,13.2332],[80.3138,13.2326],[80.3135,13.2326],[80.3135,13.2324],[80.3132,13.2324],[80.3132,13.2315],[80.3135,13.2315],[80.3135,13.2312],[80.3138,13.2312],[80.3138,13.231],[80.314,13.231],[80.314,13.2307],[80.3143,13.2307],[80.3143,13.2304],[80.3146,13.2304],[80.3146,13.2301],[80.3149,13.2301],[80.3149,13.2296],[80.3151,13.2296],[80.3151,13.2293],[80.3154,13.2293],[80.3154,13.229],[80.3157,13.229],[80.3157,13.2285],[80.316,13.2285],[80.316,13.2282],[80.3163,13.2282],[80.3163,13.2276],[80.3165,13.2276],[80.3165,13.2274],[80.3168,13.2274],[80.3168,13.2271],[80.3171,13.2271],[80.3171,13.2268],[80.3174,13.2268],[80.3174,13.2265],[80.3176,13.2265],[80.3176,13.226],[80.3168,13.226],[80.3168,13.2257],[80.3157,13.2257],[80.3157,13.2254],[80.3149,13.2254],[80.3149,13.2251],[80.3138,13.2251],[80.3138,13.2249],[80.3135,13.2249],[80.3135,13.2246],[80.3132,13.2246],[80.3132,13.2243],[80.3126,13.2243],[80.3126,13.224],[80.3124,13.224],[80.3124,13.2235],[80.3121,13.2235],[80.3121,13.2229],[80.3115,13.2229],[80.3115,13.2226],[80.3107,13.2226],[80.3107,13.2213],[80.311,13.2213],[80.311,13.2207],[80.3112,13.2207],[80.3112,13.2199],[80.311,13.2199],[80.311,13.219],[80.3107,13.219],[80.3107,13.2188],[80.3104,13.2188],[80.3104,13.2185],[80.3101,13.2185],[80.3101,13.2182],[80.3099,13.2182],[80.3099,13.2179],[80.3096,13.2179],[80.3096,13.2176],[80.3093,13.2176],[80.3093,13.2174],[80.3087,13.2174],[80.3087,13.2171],[80.3085,13.2171],[80.3085,13.2168],[80.3079,13.2168],[80.3079,13.2165],[80.3074,13.2165],[80.3074,13.2163],[80.3071,13.2163],[80.3071,13.216],[80.3068,13.216],[80.3068,13.2154],[80.3065,13.2154],[80.3065,13.2151],[80.3063,13.2151],[80.3063,13.2149],[80.3065,13.2149],[80.3065,13.2146],[80.3065,13.2143],[80.3068,13.2143],[80.3068,13.2124],[80.3071,13.2124],[80.3071,13.2118],[80.3074,13.2118],[80.3074,13.2113],[80.3082,13.2113],[80.3082,13.2126],[80.3079,13.2126],[80.3079,13.2143],[80.3076,13.2143],[80.3076,13.2149],[80.3079,13.2149],[80.3079,13.2151],[80.3082,13.2151],[80.3082,13.2155],[80.3082,13.2157],[80.3085,13.2157],[80.3085,13.216],[80.3087,13.216],[80.3087,13.2163],[80.309,13.2163],[80.309,13.2168],[80.3093,13.2168],[80.3093,13.2171],[80.3104,13.2171],[80.3104,13.2166],[80.3104,13.2154],[80.311,13.2154],[80.311,13.2157],[80.3112,13.2157],[80.3112,13.216],[80.3115,13.216],[80.3115,13.2163],[80.3118,13.2163],[80.3118,13.2165],[80.3121,13.2165],[80.3121,13.2168],[80.3124,13.2168],[80.3124,13.2171],[80.3126,13.2171],[80.3126,13.2174],[80.3129,13.2174],[80.3129,13.2176],[80.3132,13.2176],[80.3132,13.2182],[80.3129,13.2182],[80.3129,13.2193],[80.3132,13.2193],[80.3132,13.2204],[80.3135,13.2204],[80.3135,13.2221],[80.314,13.2221],[80.314,13.2224],[80.3143,13.2224],[80.3143,13.2226],[80.3149,13.2226],[80.3149,13.2229],[80.3154,13.2229],[80.3154,13.2232],[80.3157,13.2232],[80.3157,13.2235],[80.3162,13.2235],[80.3162,13.2238],[80.3165,13.2238],[80.3165,13.224],[80.3171,13.224],[80.3171,13.2238],[80.3175,13.2238],[80.3179,13.2238],[80.3179,13.2218],[80.3176,13.2218],[80.3176,13.2215],[80.3174,13.2215],[80.3174,13.2213],[80.3171,13.2213],[80.3171,13.2207],[80.3168,13.2207],[80.3168,13.2204],[80.3165,13.2204],[80.3165,13.2201],[80.3162,13.2201],[80.3162,13.2199],[80.3157,13.2199],[80.3157,13.2196],[80.3151,13.2196],[80.3151,13.2193],[80.3135,13.2193],[80.3135,13.219],[80.3138,13.219],[80.3138,13.2185],[80.3139,13.2185],[80.314,13.2185],[80.314,13.2174],[80.3138,13.2174],[80.3138,13.2163],[80.3135,13.2163],[80.3135,13.2157],[80.3132,13.2157],[80.3132,13.2151],[80.3129,13.2151],[80.3129,13.2146],[80.3126,13.2146],[80.3126,13.214],[80.3124,13.214],[80.3124,13.2132],[80.3121,13.2132],[80.3121,13.2124],[80.3118,13.2124],[80.3118,13.2118],[80.3115,13.2118],[80.3115,13.211],[80.3112,13.211],[80.3112,13.2101],[80.311,13.2101],[80.311,13.2096],[80.3107,13.2096],[80.3107,13.209],[80.3115,13.209],[80.3115,13.2093],[80.3118,13.2093],[80.3118,13.2099],[80.3121,13.2099],[80.3121,13.2101],[80.3124,13.2101],[80.3124,13.2107],[80.3126,13.2107],[80.3126,13.2113],[80.3129,13.2113],[80.3129,13.2118],[80.3132,13.2118],[80.3132,13.2126],[80.3135,13.2126],[80.3135,13.2132],[80.3138,13.2132],[80.3138,13.214],[80.314,13.214],[80.314,13.2146],[80.3143,13.2146],[80.3143,13.2151],[80.3146,13.2151],[80.3146,13.2157],[80.3149,13.2157],[80.3149,13.2163],[80.3151,13.2163],[80.3151,13.2171],[80.3154,13.2171],[80.3154,13.2179],[80.3157,13.2179],[80.3157,13.2185],[80.316,13.2185],[80.316,13.2188],[80.3161,13.2188],[80.3162,13.2188],[80.3162,13.219],[80.3165,13.219],[80.3165,13.2193],[80.3168,13.2193],[80.3168,13.2196],[80.3171,13.2196],[80.3171,13.2199],[80.3174,13.2199],[80.3174,13.2204],[80.3176,13.2204],[80.3176,13.221],[80.3179,13.221],[80.3179,13.2213],[80.3187,13.2213],[80.3187,13.2218],[80.319,13.2218],[80.319,13.2229],[80.3193,13.2229],[80.3193,13.224],[80.3196,13.224],[80.3196,13.2251],[80.3199,13.2251],[80.3199,13.2257],[80.3201,13.2257],[80.3201,13.226],[80.3204,13.226],[80.3204,13.2265],[80.321,13.2265],[80.321,13.2268],[80.3213,13.2268],[80.3213,13.2274],[80.3215,13.2274],[80.3215,13.2276],[80.3218,13.2276],[80.3218,13.2279],[80.3221,13.2279],[80.3221,13.2282],[80.3226,13.2282],[80.3226,13.2285],[80.3232,13.2285],[80.3232,13.229],[80.3243,13.229],[80.3243,13.2293],[80.3246,13.2293],[80.3246,13.2296],[80.3251,13.2296],[80.3251,13.2299],[80.3257,13.2299],[80.3257,13.2301],[80.3274,13.2301],[80.3274,13.2304],[80.3276,13.2304],[80.3276,13.2307],[80.3279,13.2307],[80.3279,13.231],[80.3282,13.231],[80.3282,13.2315],[80.3288,13.2315],[80.3288,13.2318],[80.329,13.2318],[80.329,13.2321],[80.3296,13.2321],[80.3296,13.2324],[80.3299,13.2324],[80.3299,13.2326],[80.3304,13.2326],[80.3304,13.2329],[80.3307,13.2329],[80.3307,13.2332],[80.331,13.2332],[80.331,13.2335],[80.3313,13.2335],[80.3313,13.2338],[80.331,13.2338],[80.331,13.2351],[80.3318,13.2351],[80.3318,13.2354],[80.3335,13.2354],[80.3335,13.2351],[80.3337,13.2351],[80.3337,13.2349],[80.3335,13.2349],[80.3335,13.2343],[80.3332,13.2343],[80.3332,13.234],[80.3326,13.234],[80.3326,13.2338],[80.3321,13.2338],[80.3321,13.2335],[80.3315,13.2335],[80.3315,13.2318],[80.3313,13.2318],[80.3313,13.2312],[80.331,13.2312],[80.331,13.2304],[80.3307,13.2304],[80.3307,13.2296],[80.3304,13.2296],[80.3304,13.2293],[80.3301,13.2293],[80.3301,13.2288],[80.3299,13.2288],[80.3299,13.2285],[80.3296,13.2285],[80.3296,13.2282],[80.3293,13.2282],[80.3293,13.2276],[80.3296,13.2276],[80.3296,13.2265],[80.3299,13.2265],[80.3299,13.2263],[80.3296,13.2263],[80.3296,13.2254],[80.3293,13.2254],[80.3293,13.2251],[80.3288,13.2251],[80.3288,13.2246],[80.3285,13.2246],[80.3285,13.224],[80.3282,13.224],[80.3282,13.2224],[80.3285,13.2224],[80.3285,13.2213],[80.3279,13.2213],[80.3279,13.2207],[80.3276,13.2207],[80.3276,13.2199],[80.3274,13.2199],[80.3274,13.2182],[80.3271,13.2182],[80.3271,13.2179],[80.3268,13.2179],[80.3268,13.2163],[80.3265,13.2163],[80.3265,13.2157],[80.3262,13.2157],[80.3262,13.2146],[80.326,13.2146],[80.326,13.2143],[80.3257,13.2143],[80.3257,13.214],[80.3254,13.214],[80.3254,13.2138],[80.3251,13.2138],[80.3251,13.2118],[80.3249,13.2118],[80.3249,13.2115],[80.3246,13.2115],[80.3246,13.211],[80.3243,13.211],[80.3243,13.2104],[80.324,13.2104],[80.324,13.2099],[80.3238,13.2099],[80.3238,13.2096],[80.3235,13.2096],[80.3235,13.2093],[80.3226,13.2093],[80.3226,13.2085],[80.3229,13.2085],[80.3229,13.2082],[80.3232,13.2082],[80.3232,13.2079],[80.3235,13.2079],[80.3235,13.2076],[80.3238,13.2076],[80.3238,13.2068],[80.3235,13.2068],[80.3235,13.2063],[80.3229,13.2063],[80.3229,13.206],[80.3226,13.206],[80.3226,13.2049],[80.3229,13.2049],[80.3229,13.2046],[80.3226,13.2046],[80.3226,13.2043],[80.3229,13.2043],[80.3229,13.2035],[80.3232,13.2035],[80.3232,13.2032],[80.3235,13.2032],[80.3235,13.2029],[80.3232,13.2029],[80.3232,13.2026],[80.3229,13.2026],[80.3229,13.2024],[80.3226,13.2024],[80.3226,13.2021],[80.3224,13.2021],[80.3224,13.2015],[80.3221,13.2015],[80.3221,13.201],[80.3218,13.201],[80.3218,13.2007],[80.3215,13.2007],[80.3215,13.2004],[80.3213,13.2004],[80.3213,13.2001],[80.321,13.2001],[80.321,13.1996],[80.3213,13.1996],[80.3213,13.1993],[80.3215,13.1993],[80.3215,13.1985],[80.3213,13.1985],[80.3213,13.1974],[80.321,13.1974],[80.321,13.1968],[80.3207,13.1968],[80.3207,13.1965],[80.3204,13.1965],[80.3204,13.196],[80.3201,13.196],[80.3201,13.1957],[80.3199,13.1957],[80.3199,13.1954],[80.3196,13.1954],[80.3196,13.1949],[80.3193,13.1949],[80.3193,13.1943],[80.319,13.1943],[80.319,13.1918],[80.3187,13.1918],[80.3187,13.1912],[80.3185,13.1912],[80.3185,13.1907],[80.3182,13.1907],[80.3182,13.1896],[80.3179,13.1896],[80.3179,13.1893],[80.3176,13.1893],[80.3176,13.1863],[80.3174,13.1863],[80.3174,13.1849],[80.3171,13.1849],[80.3171,13.1838],[80.3168,13.1838],[80.3168,13.1821],[80.3165,13.1821],[80.3165,13.1812],[80.3163,13.1812],[80.3163,13.181],[80.316,13.181],[80.316,13.1801],[80.3157,13.1801],[80.3157,13.1799],[80.3154,13.1799],[80.3154,13.1796],[80.3151,13.1796],[80.3151,13.1793],[80.3149,13.1793],[80.3149,13.1788],[80.3146,13.1788],[80.3146,13.1779],[80.3143,13.1779],[80.3143,13.1774],[80.3146,13.1774],[80.3146,13.1771],[80.3143,13.1771],[80.3143,13.1765],[80.314,13.1765],[80.314,13.1763],[80.3138,13.1763],[80.3138,13.176],[80.3135,13.176],[80.3135,13.174],[80.3132,13.174],[80.3132,13.1732],[80.3129,13.1732],[80.3129,13.1724],[80.3126,13.1724],[80.3126,13.1712],[80.3124,13.1712],[80.3124,13.1704],[80.3121,13.1704],[80.3121,13.1688],[80.3118,13.1688],[80.3118,13.1676],[80.3115,13.1676],[80.3115,13.1674],[80.3112,13.1674],[80.3112,13.1668],[80.311,13.1668],[80.311,13.166],[80.3107,13.166],[80.3107,13.1657],[80.3104,13.1657],[80.3104,13.1646],[80.3101,13.1646],[80.3101,13.1632],[80.3096,13.1632],[80.3096,13.1629],[80.3093,13.1629],[80.3093,13.1624],[80.3087,13.1624],[80.3087,13.161],[80.3082,13.161],[80.3082,13.1599],[80.3079,13.1599],[80.3079,13.1593],[80.3076,13.1593],[80.3076,13.1585],[80.3074,13.1585],[80.3074,13.1579],[80.3071,13.1579],[80.3071,13.1576],[80.3074,13.1576],[80.3074,13.1574],[80.3071,13.1574],[80.3071,13.1568],[80.3068,13.1568],[80.3068,13.1563],[80.3065,13.1563],[80.3065,13.1557],[80.3063,13.1557],[80.3063,13.1554],[80.306,13.1554],[80.306,13.1551],[80.3057,13.1551],[80.3057,13.1546],[80.3054,13.1546],[80.3054,13.154],[80.3051,13.154],[80.3051,13.1538],[80.3049,13.1538],[80.3049,13.1524],[80.3051,13.1524],[80.3051,13.1521],[80.3049,13.1521],[80.3049,13.1518],[80.3046,13.1518],[80.3046,13.1507],[80.3043,13.1507],[80.3043,13.1504],[80.3037,13.1504],[80.3037,13.1501],[80.3035,13.1501],[80.3035,13.1493],[80.3032,13.1493],[80.3032,13.1488],[80.3029,13.1488],[80.3029,13.1476],[80.3026,13.1476],[80.3026,13.1474],[80.3024,13.1474],[80.3024,13.1468],[80.3021,13.1468],[80.3021,13.1463],[80.3018,13.1463],[80.3018,13.146],[80.3015,13.146],[80.3015,13.1454],[80.3012,13.1454],[80.3012,13.1451],[80.301,13.1451],[80.301,13.1446],[80.3007,13.1446],[80.3007,13.144],[80.3004,13.144],[80.3004,13.1435],[80.3001,13.1435],[80.3001,13.1432],[80.2999,13.1432],[80.2999,13.1429],[80.3001,13.1429],[80.3001,13.1426],[80.2999,13.1426],[80.2999,13.1404],[80.2996,13.1404],[80.2996,13.1401],[80.2993,13.1401],[80.2993,13.1393],[80.299,13.1393],[80.299,13.1388],[80.2999,13.1388],[80.2999,13.1376],[80.2996,13.1376],[80.2996,13.1365],[80.2993,13.1365],[80.2993,13.1357],[80.2988,13.1357],[80.2988,13.1346],[80.2993,13.1346],[80.2993,13.1343],[80.2999,13.1343],[80.2999,13.1332],[80.3001,13.1332],[80.3001,13.1329],[80.3004,13.1329],[80.3004,13.1326],[80.3007,13.1326],[80.3007,13.1324],[80.3004,13.1324],[80.3004,13.1321],[80.2976,13.1321],[80.2976,13.131],[80.2979,13.131],[80.2979,13.1307],[80.2982,13.1307],[80.2982,13.1304],[80.2985,13.1304],[80.2985,13.1301],[80.2988,13.1301],[80.2988,13.1293],[80.2985,13.1293],[80.2985,13.1276],[80.2982,13.1276],[80.2982,13.1274],[80.2979,13.1274],[80.2979,13.1268],[80.2976,13.1268],[80.2976,13.1266],[80.2976,13.1265],[80.2979,13.1265],[80.2979,13.126],[80.2982,13.126],[80.2982,13.1257],[80.2985,13.1257],[80.2985,13.1249],[80.2982,13.1249],[80.2982,13.1243],[80.2976,13.1243],[80.2976,13.124],[80.2979,13.124],[80.2979,13.1237],[80.2985,13.1237],[80.2985,13.1235],[80.2988,13.1235],[80.2988,13.1232],[80.2996,13.1232],[80.2996,13.1229],[80.2999,13.1229],[80.2999,13.1224],[80.3001,13.1224],[80.3001,13.1215],[80.3004,13.1215],[80.3004,13.1213],[80.3007,13.1213],[80.3007,13.121],[80.301,13.121],[80.301,13.1207],[80.3012,13.1207],[80.3012,13.1199],[80.3015,13.1199],[80.3015,13.1187],[80.3018,13.1187],[80.3018,13.1176],[80.3024,13.1176],[80.3024,13.1165],[80.3026,13.1165],[80.3026,13.1163],[80.3024,13.1163],[80.3024,13.1152],[80.3021,13.1152],[80.3021,13.1146],[80.3024,13.1146],[80.3024,13.1135],[80.3026,13.1135],[80.3026,13.1132],[80.3032,13.1132],[80.3032,13.1129],[80.3035,13.1129],[80.3035,13.1126],[80.3037,13.1126],[80.3037,13.1121],[80.304,13.1121],[80.304,13.1115],[80.3046,13.1115],[80.3046,13.1113],[80.3049,13.1113],[80.3049,13.1107],[80.3046,13.1107],[80.3046,13.1096],[80.3049,13.1096],[80.3049,13.1079],[80.3046,13.1079],[80.3046,13.1074],[80.3051,13.1074],[80.3051,13.1071],[80.3049,13.1071],[80.3049,13.1068],[80.3043,13.1068],[80.3043,13.1065],[80.304,13.1065],[80.304,13.1054],[80.3037,13.1054],[80.3037,13.1043],[80.3032,13.1043],[80.3032,13.1046],[80.3026,13.1046],[80.3026,13.1049],[80.3021,13.1049],[80.3021,13.1051],[80.3018,13.1051],[80.3018,13.1054],[80.3021,13.1054],[80.3021,13.106],[80.3015,13.106],[80.3015,13.1076],[80.3029,13.1076],[80.3029,13.1101],[80.3035,13.1101],[80.3035,13.1104],[80.3037,13.1104],[80.3037,13.1115],[80.3032,13.1115],[80.3032,13.1118],[80.3026,13.1118],[80.3026,13.1124],[80.3021,13.1124],[80.3021,13.1129],[80.3018,13.1129],[80.3018,13.1124],[80.3015,13.1124],[80.3015,13.1118],[80.3012,13.1118],[80.3012,13.1104],[80.301,13.1104],[80.301,13.1099],[80.3007,13.1099],[80.3007,13.1096],[80.3004,13.1096],[80.3004,13.109],[80.3001,13.109],[80.3001,13.1088],[80.3004,13.1088],[80.3004,13.1079],[80.3001,13.1079],[80.3001,13.1065],[80.2999,13.1065],[80.2999,13.1057],[80.2996,13.1057],[80.2996,13.1046],[80.2993,13.1046],[80.2993,13.1038],[80.299,13.1038],[80.299,13.1026],[80.2988,13.1026],[80.2988,13.1018],[80.2985,13.1018],[80.2985,13.1004],[80.299,13.1004],[80.299,13.1002],[80.2996,13.1002],[80.2996,13.0999],[80.3004,13.0999],[80.3004,13.0996],[80.301,13.0996],[80.301,13.0993],[80.3012,13.0993],[80.3012,13.099],[80.3015,13.099],[80.3015,13.0988],[80.301,13.0988],[80.301,13.0982],[80.3007,13.0982],[80.3007,13.0979],[80.3001,13.0979],[80.3001,13.0974],[80.2999,13.0974],[80.2999,13.0971],[80.2988,13.0971],[80.2988,13.0968],[80.2985,13.0968],[80.2985,13.0971],[80.2982,13.0971],[80.2982,13.0974],[80.2976,13.0974],[80.2976,13.0982],[80.2971,13.0982],[80.2971,13.0962],[80.2968,13.0962],[80.2968,13.096],[80.2965,13.096],[80.2965,13.0957],[80.2962,13.0957],[80.2962,13.0951],[80.296,13.0951],[80.296,13.0949],[80.2957,13.0949],[80.2957,13.0935],[80.2965,13.0935],[80.2965,13.0932],[80.2971,13.0932],[80.2971,13.0929],[80.2979,13.0929],[80.2979,13.0926],[80.2982,13.0926],[80.2982,13.0924],[80.2996,13.0924],[80.2996,13.0921],[80.3001,13.0921],[80.3001,13.0924],[80.3007,13.0924],[80.3007,13.0926],[80.301,13.0926],[80.301,13.0929],[80.3012,13.0929],[80.3012,13.0932],[80.3015,13.0932],[80.3015,13.0935],[80.3018,13.0935],[80.3018,13.0938],[80.3021,13.0938],[80.3021,13.094],[80.3024,13.094],[80.3024,13.0943],[80.3026,13.0943],[80.3026,13.0951],[80.3029,13.0951],[80.3029,13.0954],[80.3032,13.0954],[80.3032,13.0957],[80.3035,13.0957],[80.3035,13.0968],[80.3029,13.0968],[80.3029,13.0971],[80.3026,13.0971],[80.3026,13.0974],[80.3029,13.0974],[80.3029,13.099],[80.3032,13.099],[80.3032,13.0996],[80.3035,13.0996],[80.3035,13.1007],[80.3037,13.1007],[80.3037,13.1012],[80.304,13.1012],[80.304,13.1015],[80.3046,13.1015],[80.3046,13.1018],[80.3051,13.1018],[80.3051,13.1015],[80.306,13.1015],[80.306,13.1004],[80.3057,13.1004],[80.3057,13.1002],[80.3051,13.1002],[80.3051,13.0999],[80.3049,13.0999],[80.3049,13.0993],[80.3046,13.0993],[80.3046,13.0982],[80.3049,13.0982],[80.3049,13.0979],[80.3046,13.0979],[80.3046,13.0976],[80.3043,13.0976],[80.3043,13.0971],[80.304,13.0971],[80.304,13.0962],[80.3043,13.0962],[80.3043,13.096],[80.3046,13.096],[80.3046,13.0957],[80.3043,13.0957],[80.3043,13.0938],[80.304,13.0938],[80.304,13.0926],[80.3037,13.0926],[80.3037,13.0921],[80.3035,13.0921],[80.3035,13.091],[80.3032,13.091],[80.3032,13.0896],[80.3029,13.0896],[80.3029,13.0893],[80.3026,13.0893],[80.3026,13.089],[80.3021,13.089],[80.3021,13.0888],[80.3018,13.0888],[80.3018,13.0885],[80.3015,13.0885],[80.3015,13.0882],[80.301,13.0882],[80.301,13.0879],[80.3007,13.0879],[80.3007,13.0871],[80.3004,13.0871],[80.3004,13.0868],[80.3007,13.0868],[80.3007,13.0854],[80.3004,13.0854],[80.3004,13.0849],[80.3001,13.0849],[80.3001,13.0846],[80.2985,13.0846],[80.2985,13.0843],[80.2982,13.0843],[80.2982,13.084],[80.2976,13.084],[80.2976,13.0832],[80.2974,13.0832],[80.2974,13.0829],[80.2971,13.0829],[80.2971,13.0824],[80.2968,13.0824],[80.2968,13.0821],[80.2965,13.0821],[80.2965,13.0818],[80.2962,13.0818],[80.2962,13.0813],[80.296,13.0813],[80.296,13.081],[80.2957,13.081],[80.2957,13.0804],[80.2954,13.0804],[80.2954,13.0799],[80.2951,13.0799],[80.2951,13.0793],[80.2949,13.0793],[80.2949,13.079],[80.2946,13.079],[80.2946,13.0785],[80.2943,13.0785],[80.2943,13.0776],[80.294,13.0776],[80.294,13.0774],[80.2937,13.0774],[80.2937,13.0765],[80.2935,13.0765],[80.2935,13.076],[80.2932,13.076],[80.2932,13.0757],[80.2929,13.0757],[80.2929,13.0754],[80.2926,13.0754],[80.2926,13.0746],[80.2924,13.0746],[80.2924,13.074],[80.2921,13.074],[80.2921,13.0737],[80.2918,13.0737],[80.2918,13.0732],[80.2915,13.0732],[80.2915,13.0729],[80.2913,13.0729],[80.2913,13.0715],[80.291,13.0715],[80.291,13.071],[80.2907,13.071],[80.2907,13.0707],[80.2904,13.0707],[80.2904,13.0701],[80.2901,13.0701],[80.2901,13.0696],[80.2904,13.0696],[80.2904,13.0693],[80.2901,13.0693],[80.2901,13.0685],[80.2899,13.0685],[80.2899,13.0682],[80.289,13.0682],[80.289,13.0679],[80.2882,13.0679],[80.2882,13.0682],[80.2874,13.0682],[80.2874,13.0685],[80.2868,13.0685],[80.2868,13.0688],[80.2863,13.0688],[80.286,13.0688],[80.286,13.069],[80.2857,13.069],[80.2857,13.0688],[80.2851,13.0688],[80.2851,13.0685],[80.2854,13.0685],[80.2854,13.0682],[80.2857,13.0682],[80.2857,13.0679],[80.286,13.0679],[80.2862,13.0679],[80.2862,13.0676],[80.2868,13.0676],[80.2868,13.0674],[80.2871,13.0674],[80.2871,13.0671],[80.2874,13.0671],[80.2874,13.0662],[80.2876,13.0662],[80.2876,13.0657],[80.2874,13.0657],[80.2874,13.0651],[80.2876,13.0651],[80.2876,13.0637],[80.2874,13.0637],[80.2874,13.0635],[80.2868,13.0635],[80.2868,13.0632],[80.2854,13.0632],[80.2854,13.0635],[80.2849,13.0635],[80.2849,13.0632],[80.2843,13.0632],[80.2843,13.0626],[80.284,13.0626],[80.284,13.0615],[80.2838,13.0615],[80.2838,13.061],[80.2835,13.061],[80.2835,13.0604],[80.2838,13.0604],[80.2838,13.0585],[80.2835,13.0585],[80.2835,13.0582],[80.2832,13.0582],[80.2832,13.0576],[80.2829,13.0576],[80.2829,13.0574],[80.2826,13.0574],[80.2826,13.0568],[80.2824,13.0568],[80.2824,13.0565],[80.2821,13.0565],[80.2821,13.0549],[80.2818,13.0549],[80.2818,13.0526],[80.2815,13.0526],[80.2815,13.0507],[80.2813,13.0507],[80.2813,13.0499],[80.2813,13.0496],[80.281,13.0496],[80.281,13.0487],[80.2807,13.0487],[80.2807,13.0451],[80.2804,13.0451],[80.2804,13.0437],[80.2807,13.0437],[80.2807,13.0429],[80.2804,13.0429],[80.2804,13.0424],[80.2801,13.0424],[80.2801,13.0407],[80.2799,13.0407],[80.2799,13.0399],[80.2801,13.0399],[80.2801,13.0393],[80.2804,13.0393],[80.2804,13.0387],[80.2807,13.0387],[80.2807,13.0385],[80.2804,13.0385],[80.2804,13.0382],[80.2807,13.0382],[80.2807,13.0376],[80.281,13.0376],[80.281,13.0374],[80.2807,13.0374],[80.2807,13.0365],[80.2804,13.0365],[80.2804,13.0363],[80.2801,13.0363],[80.2801,13.0354],[80.2799,13.0354],[80.2799,13.0351],[80.2801,13.0351],[80.2801,13.0346],[80.2799,13.0346],[80.2799,13.0304],[80.2796,13.0304],[80.2796,13.0282],[80.2799,13.0282],[80.2799,13.0276],[80.2796,13.0276],[80.2796,13.0268],[80.2793,13.0268],[80.2793,13.0251],[80.279,13.0251],[80.279,13.0246],[80.2787,13.0246],[80.2787,13.0235],[80.2785,13.0235],[80.2785,13.0232],[80.2787,13.0232],[80.2787,13.0229],[80.2785,13.0229],[80.2785,13.0224],[80.2787,13.0224],[80.2787,13.0218],[80.2785,13.0218],[80.2785,13.0193],[80.2782,13.0193],[80.2782,13.0188],[80.2782,13.0185],[80.2779,13.0185],[80.2779,13.0174],[80.2776,13.0174],[80.2776,13.0162],[80.2774,13.0162],[80.2774,13.0157],[80.2768,13.0157],[80.2768,13.0154],[80.2763,13.0154],[80.2763,13.0151],[80.2757,13.0151],[80.2757,13.0149],[80.2754,13.0149],[80.2754,13.0146],[80.2749,13.0146],[80.2749,13.0143],[80.274,13.0143],[80.274,13.0146],[80.2735,13.0146],[80.2735,13.0149],[80.2729,13.0149],[80.2729,13.0146],[80.2718,13.0146],[80.2718,13.0149],[80.2704,13.0149],[80.2704,13.0146],[80.2699,13.0146],[80.2699,13.0143],[80.2696,13.0143],[80.2696,13.014],[80.2679,13.014],[80.2679,13.0138],[80.2677,13.0138],[80.2676,13.0138],[80.2676,13.0135],[80.2671,13.0135],[80.2671,13.0132],[80.2668,13.0132],[80.2668,13.0126],[80.2674,13.0126],[80.2674,13.0129],[80.2675,13.0129],[80.2712,13.0129],[80.2712,13.0126],[80.271,13.0126],[80.271,13.0118],[80.2712,13.0118],[80.2712,13.0112],[80.2718,13.0112],[80.2718,13.011],[80.2724,13.011],[80.2724,13.0107],[80.2726,13.0107],[80.2726,13.011],[80.2746,13.011],[80.2746,13.0112],[80.2751,13.0112],[80.2751,13.0115],[80.2754,13.0115],[80.2754,13.0118],[80.2757,13.0118],[80.2757,13.0121],[80.276,13.0121],[80.276,13.0124],[80.2763,13.0124],[80.2763,13.0126],[80.2765,13.0126],[80.2765,13.0124],[80.2768,13.0124],[80.2768,13.0121],[80.2771,13.0121],[80.2771,13.011],[80.2768,13.011],[80.2768,13.0104],[80.2765,13.0104],[80.2765,13.0093],[80.2763,13.0093],[80.2763,13.0085],[80.276,13.0085],[80.276,13.0082],[80.2754,13.0082],[80.2754,13.0079],[80.2749,13.0079],[80.2749,13.0076],[80.2746,13.0076],[80.2746,13.0071],[80.2743,13.0071],[80.2743,13.0057],[80.2746,13.0057],[80.2746,13.0051],[80.2749,13.0051],[80.2749,13.0046],[80.2746,13.0046],[80.2746,13.004],[80.2743,13.004],[80.2743,13.0038],[80.274,13.0038],[80.274,13.0035],[80.2738,13.0035],[80.2738,13.0032],[80.2735,13.0032],[80.2735,13.0026],[80.2732,13.0026],[80.2732,13.0024],[80.2726,13.0024],[80.2726,13.0021],[80.2724,13.0021],[80.2724,13.0018],[80.2721,13.0018],[80.2721,13.0015],[80.2718,13.0015],[80.2718,13.001],[80.2715,13.001],[80.2715,13.0004],[80.2712,13.0004],[80.2712,13.0001],[80.2712,12.9999],[80.2715,12.9999],[80.2715,12.9979],[80.2721,12.9979],[80.2721,12.9963],[80.2718,12.9963],[80.2718,12.9951],[80.2715,12.9951],[80.2715,12.9937],[80.2712,12.9937],[80.2712,12.9926],[80.271,12.9926],[80.271,12.9913],[80.2707,12.9913],[80.2707,12.9901],[80.2704,12.9901],[80.2704,12.9893],[80.2701,12.9893],[80.2701,12.9888],[80.2699,12.9888],[80.2699,12.9882],[80.2696,12.9882],[80.2696,12.9874],[80.2693,12.9874],[80.2693,12.9857],[80.269,12.9857],[80.269,12.9843],[80.2688,12.9843],[80.2688,12.9826],[80.2685,12.9826],[80.2685,12.9812],[80.2682,12.9813],[80.2682,12.9799],[80.2679,12.9799],[80.2679,12.9788],[80.2676,12.9788],[80.2676,12.9774],[80.2674,12.9774],[80.2674,12.976],[80.2671,12.976],[80.2671,12.9749],[80.2668,12.9749],[80.2668,12.9738],[80.2665,12.9738],[80.2665,12.9729],[80.2663,12.9729],[80.2663,12.9718],[80.266,12.9718],[80.266,12.971],[80.2657,12.971],[80.2657,12.9701],[80.2654,12.9701],[80.2654,12.9693],[80.2651,12.9693],[80.2651,12.9682],[80.2649,12.9682],[80.2649,12.9671],[80.2646,12.9671],[80.2646,12.9657],[80.2643,12.9657],[80.2643,12.9646],[80.264,12.9646],[80.264,12.9638],[80.2637,12.9638],[80.2637,12.9615],[80.2635,12.9615],[80.2635,12.9599],[80.2632,12.9599],[80.2632,12.9585],[80.2629,12.9585],[80.2629,12.9568],[80.2626,12.9568],[80.2626,12.9554],[80.2624,12.9554],[80.2624,12.9545],[80.2624,12.954],[80.2621,12.954],[80.2621,12.9524],[80.2618,12.9524],[80.2618,12.951],[80.2615,12.951],[80.2615,12.9493],[80.2613,12.9493],[80.2613,12.9474],[80.261,12.9474],[80.261,12.9454],[80.2607,12.9454],[80.2607,12.9438],[80.2604,12.9438],[80.2604,12.9418],[80.2601,12.9418],[80.2601,12.9399],[80.2599,12.9399],[80.2599,12.9382],[80.2596,12.9382],[80.2596,12.9368],[80.2593,12.9368],[80.2593,12.936],[80.2585,12.936],[80.2585,12.9343],[80.2587,12.9343],[80.2587,12.9324],[80.2585,12.9324],[80.2585,12.9301],[80.2582,12.9301],[80.2582,12.9279],[80.2579,12.9279],[80.2579,12.9257],[80.2576,12.9257],[80.2576,12.9237],[80.2574,12.9238],[80.2574,12.9221],[80.2571,12.9221],[80.2571,12.9204],[80.2568,12.9204],[80.2568,12.9185],[80.2565,12.9185],[80.2565,12.9163],[80.2562,12.9163],[80.2562,12.9137],[80.256,12.9137],[80.256,12.9113],[80.2557,12.9113],[80.2557,12.909],[80.2554,12.909],[80.2554,12.9068],[80.2551,12.9068],[80.2551,12.9046],[80.2549,12.9046],[80.2549,12.9024],[80.2546,12.9024],[80.2546,12.9001],[80.2543,12.9001],[80.2543,12.8979],[80.254,12.8979],[80.254,12.8957],[80.2538,12.8957],[80.2538,12.8929],[80.2535,12.8929],[80.2535,12.8899],[80.2532,12.8899],[80.2532,12.8871],[80.2529,12.8871],[80.2529,12.8849],[80.2526,12.8849],[80.2526,12.8835],[80.2524,12.8835],[80.2524,12.8824],[80.2521,12.8824],[80.2521,12.8815],[80.2518,12.8815],[80.2518,12.881],[80.2521,12.881],[80.2521,12.8801],[80.2524,12.8801],[80.2524,12.8787],[80.2521,12.8787],[80.2521,12.8782],[80.2518,12.8782],[80.2518,12.8746],[80.2515,12.8746],[80.2515,12.8732],[80.251,12.8732],[80.251,12.8713],[80.2507,12.8713],[80.2507,12.8693],[80.251,12.8693],[80.251,12.869],[80.2507,12.869],[80.2507,12.8679],[80.251,12.8679],[80.251,12.8671],[80.2507,12.8671],[80.2507,12.8663],[80.2504,12.8663],[80.2504,12.8654],[80.2501,12.8654],[80.2501,12.8612],[80.2499,12.8612],[80.2499,12.8601],[80.2496,12.8601],[80.2496,12.8593],[80.2499,12.8593],[80.2499,12.8585],[80.2496,12.8585],[80.2496,12.8568],[80.2493,12.8568],[80.2493,12.8554],[80.2496,12.8554],[80.2496,12.8543],[80.2493,12.8543],[80.2493,12.8515],[80.249,12.8515],[80.249,12.8474],[80.2487,12.8474],[80.2487,12.8413],[80.2485,12.8413],[80.2485,12.839],[80.2485,12.8371],[80.2482,12.8371],[80.2482,12.8332],[80.2479,12.8332],[80.2479,12.8329],[80.2482,12.8329],[80.2482,12.8324],[80.2479,12.8324],[80.2479,12.8268],[80.2476,12.8268],[80.2476,12.8257],[80.2474,12.8257],[80.2474,12.8168],[80.2476,12.8168],[80.2476,12.811],[80.2479,12.811],[80.2479,12.8093],[80.2482,12.8093],[80.2482,12.8054],[80.2479,12.8054],[80.2479,12.8052],[80.2474,12.8052],[80.2474,12.8054],[80.2468,12.8054],[80.2468,12.8062],[80.2454,12.8062],[80.2454,12.806],[80.2443,12.806],[80.2443,12.8057],[80.244,12.8057],[80.244,12.8054],[80.2421,12.8054],[80.2421,12.8057],[80.2418,12.8057],[80.2418,12.806],[80.2415,12.806],[80.2415,12.8062],[80.2412,12.8062],[80.2412,12.8071],[80.241,12.8071],[80.241,12.8085],[80.2407,12.8085],[80.2407,12.8088],[80.241,12.8088],[80.241,12.8124],[80.2401,12.8124],[80.2401,12.8135],[80.2399,12.8135],[80.2399,12.8149],[80.2396,12.8149],[80.2396,12.8154],[80.2393,12.8154],[80.2393,12.8157],[80.239,12.8157],[80.239,12.8165],[80.2387,12.8165],[80.2387,12.8174],[80.2385,12.8174],[80.2385,12.8182],[80.2382,12.8182],[80.2382,12.8199],[80.2379,12.8199],[80.2379,12.8229],[80.2376,12.8229],[80.2376,12.8235],[80.2374,12.8235],[80.2374,12.824],[80.2371,12.824],[80.2371,12.8251],[80.2368,12.8251],[80.2368,12.8254],[80.2368,12.8268],[80.2371,12.8268],[80.2371,12.8287],[80.2374,12.8287],[80.2374,12.8299],[80.2376,12.8299],[80.2376,12.8318],[80.2374,12.8318],[80.2374,12.8335],[80.2371,12.8335],[80.2371,12.834],[80.2368,12.834],[80.2368,12.836],[80.2365,12.836],[80.2365,12.8365],[80.2363,12.8365],[80.2363,12.8371],[80.236,12.8371],[80.236,12.8376],[80.2357,12.8376],[80.2357,12.8382],[80.2354,12.8382],[80.2354,12.8385],[80.2351,12.8385],[80.2351,12.839],[80.2349,12.839],[80.2349,12.8399],[80.2346,12.8399],[80.2346,12.8407],[80.2343,12.8407],[80.2343,12.8415],[80.234,12.8415],[80.234,12.8421],[80.234,12.8435],[80.2337,12.8435],[80.2337,12.8463],[80.2326,12.8463],[80.2326,12.8449],[80.2329,12.8449],[80.2329,12.8432],[80.2332,12.8432],[80.2332,12.8423],[80.2332,12.8418],[80.2335,12.8418],[80.2335,12.8385],[80.2337,12.8385],[80.2337,12.8382],[80.234,12.8382],[80.234,12.8376],[80.2343,12.8376],[80.2343,12.8374],[80.2346,12.8374],[80.2346,12.8368],[80.2349,12.8368],[80.2349,12.8357],[80.2351,12.8357],[80.2351,12.8335],[80.2354,12.8335],[80.2354,12.8321],[80.2357,12.8321],[80.2357,12.8268],[80.236,12.8268],[80.236,12.8251],[80.2363,12.8251],[80.2363,12.824],[80.2365,12.824],[80.2365,12.8235],[80.2368,12.8235],[80.2368,12.8232],[80.2365,12.8232],[80.2365,12.8226],[80.2368,12.8226],[80.2368,12.8188],[80.2371,12.8188],[80.2371,12.8179],[80.2374,12.8179],[80.2374,12.8176],[80.2371,12.8176],[80.2371,12.8171],[80.2368,12.8171],[80.2368,12.8157],[80.2371,12.8157],[80.2371,12.8146],[80.2374,12.8146],[80.2374,12.8138],[80.2376,12.8138],[80.2376,12.8132],[80.2379,12.8132],[80.2379,12.8126],[80.2382,12.8126],[80.2382,12.8124],[80.2385,12.8124],[80.2385,12.8121],[80.2387,12.8121],[80.2387,12.8115],[80.239,12.8115],[80.239,12.8107],[80.2393,12.8107],[80.2393,12.8101],[80.239,12.8101],[80.239,12.8099],[80.2387,12.8099],[80.2387,12.8096],[80.2382,12.8096],[80.2382,12.8079],[80.2379,12.8079],[80.2379,12.8062],[80.2382,12.8062],[80.2382,12.8054],[80.2376,12.8054],[80.2376,12.8052],[80.2374,12.8052],[80.2374,12.8049],[80.2368,12.8049],[80.2368,12.8046],[80.2363,12.8046],[80.2363,12.8043],[80.236,12.8043],[80.236,12.8038],[80.2354,12.8038],[80.2354,12.8035],[80.2351,12.8035],[80.2351,12.8026],[80.2349,12.8026],[80.2349,12.8021],[80.2346,12.8021],[80.2346,12.8015],[80.2345,12.8015],[80.2343,12.8015],[80.2343,12.801],[80.234,12.801],[80.234,12.8004],[80.2337,12.8004],[80.2337,12.7999],[80.2335,12.7999],[80.2335,12.799],[80.2332,12.799],[80.2332,12.7979],[80.2329,12.7979],[80.2329,12.7968],[80.2326,12.7968],[80.2326,12.7965],[80.2321,12.7965],[80.2321,12.7957],[80.2337,12.7957],[80.2337,12.7954],[80.2339,12.7954],[80.234,12.7954],[80.234,12.7949],[80.2343,12.7949],[80.2343,12.794],[80.2346,12.794],[80.2346,12.7929],[80.2349,12.7929],[80.2349,12.7921],[80.2346,12.7921],[80.2346,12.7915],[80.2343,12.7915],[80.2343,12.7902],[80.234,12.7902],[80.234,12.789],[80.2337,12.789],[80.2337,12.7888],[80.234,12.7888],[80.234,12.7882],[80.2343,12.7882],[80.2343,12.7879],[80.234,12.7879],[80.234,12.7876],[80.2331,12.7876],[80.2326,12.7876],[80.2326,12.7868],[80.2321,12.7868],[80.2321,12.7857],[80.2318,12.7857],[80.2318,12.7849],[80.2321,12.7849],[80.2321,12.7843],[80.233,12.7843],[80.2337,12.7843],[80.2337,12.784],[80.2346,12.784],[80.2346,12.7843],[80.2351,12.7843],[80.2351,12.784],[80.236,12.784],[80.236,12.7838],[80.2368,12.7838],[80.2368,12.784],[80.2379,12.784],[80.2379,12.7888],[80.2382,12.7888],[80.2382,12.7893],[80.2385,12.7893],[80.2385,12.7896],[80.2387,12.7896],[80.2387,12.7893],[80.2399,12.7893],[80.2399,12.7899],[80.2401,12.7899],[80.2401,12.7915],[80.2399,12.7915],[80.2399,12.7932],[80.2396,12.7932],[80.2396,12.7954],[80.2393,12.7954],[80.2393,12.796],[80.239,12.796],[80.239,12.7965],[80.2387,12.7965],[80.2387,12.8007],[80.2393,12.8007],[80.2393,12.801],[80.2396,12.801],[80.2396,12.8013],[80.2399,12.8013],[80.2399,12.8015],[80.2401,12.8015],[80.2401,12.8018],[80.2404,12.8018],[80.2404,12.8021],[80.2407,12.8021],[80.2407,12.8024],[80.241,12.8024],[80.241,12.8026],[80.2438,12.8026],[80.2438,12.8013],[80.2435,12.8013],[80.2435,12.8004],[80.2438,12.8004],[80.2438,12.8001],[80.2449,12.8001],[80.2449,12.801],[80.2451,12.801],[80.2451,12.8015],[80.2454,12.8015],[80.2454,12.8018],[80.2457,12.8018],[80.2457,12.8021],[80.246,12.8021],[80.246,12.8024],[80.2462,12.8024],[80.2462,12.8026],[80.2482,12.8026],[80.2482,12.8024],[80.2485,12.8024],[80.2485,12.8013],[80.2487,12.8013],[80.2487,12.8007],[80.249,12.8007],[80.249,12.8004],[80.2493,12.8004],[80.2493,12.7993],[80.2496,12.7993],[80.2496,12.7976],[80.2493,12.7976],[80.2493,12.796],[80.2496,12.796],[80.2496,12.7943],[80.2493,12.7943],[80.2493,12.794],[80.2496,12.794],[80.2496,12.7935],[80.2499,12.7935],[80.2499,12.7932],[80.2501,12.7932],[80.2501,12.7929],[80.2504,12.7929],[80.2504,12.7924],[80.2507,12.7924],[80.2507,12.7913],[80.251,12.7913],[80.251,12.791],[80.2515,12.791],[80.2515,12.7907],[80.2521,12.7907],[80.2521,12.7904],[80.254,12.7904],[80.254,12.7902],[80.2543,12.7902],[80.2543,12.789],[80.2546,12.789],[80.2546,12.7879],[80.2549,12.7879],[80.2549,12.7868],[80.2551,12.7868],[80.2551,12.7849],[80.2549,12.7849],[80.2549,12.7832],[80.2546,12.7832],[80.2546,12.7818],[80.2543,12.7818],[80.2543,12.7804],[80.254,12.7804],[80.254,12.779],[80.2537,12.779],[80.2537,12.7782],[80.2535,12.7782],[80.2535,12.7771],[80.2532,12.7771],[80.2532,12.7762],[80.2529,12.7763],[80.2529,12.7754],[80.2526,12.7754],[80.2526,12.7749],[80.2524,12.7749],[80.2524,12.774],[80.2521,12.774],[80.2521,12.7732],[80.2518,12.7732],[80.2518,12.7726],[80.2515,12.7726],[80.2515,12.7718],[80.2513,12.7718],[80.2513,12.771],[80.251,12.771],[80.251,12.7699],[80.2507,12.7699],[80.2507,12.769],[80.2504,12.769],[80.2504,12.7671],[80.2501,12.7671],[80.2501,12.7662],[80.2499,12.7663],[80.2499,12.7657],[80.2496,12.7657],[80.2496,12.7649],[80.2493,12.7649],[80.2493,12.764],[80.249,12.764],[80.249,12.7632],[80.2487,12.7632],[80.2487,12.7624],[80.2485,12.7624],[80.2485,12.7615],[80.2482,12.7615],[80.2482,12.7607],[80.2479,12.7607],[80.2479,12.7599],[80.2476,12.7599],[80.2476,12.759],[80.2474,12.759],[80.2474,12.7582],[80.2471,12.7582],[80.2471,12.7574],[80.2468,12.7574],[80.2468,12.7565],[80.2465,12.7565],[80.2465,12.7557],[80.246,12.7557],[80.246,12.7551],[80.2462,12.7551],[80.2462,12.7549],[80.246,12.7549],[80.246,12.754],[80.2457,12.754],[80.2457,12.7532],[80.2454,12.7532],[80.2454,12.7524],[80.2451,12.7524],[80.2451,12.7515],[80.2449,12.7515],[80.2449,12.7507],[80.2446,12.7507],[80.2446,12.7499],[80.2443,12.7499],[80.2443,12.749],[80.244,12.749],[80.244,12.7485],[80.2438,12.7485],[80.2438,12.7476],[80.2435,12.7476],[80.2435,12.7468],[80.2432,12.7468],[80.2432,12.746],[80.2429,12.746],[80.2429,12.7451],[80.2426,12.7451],[80.2426,12.7446],[80.2424,12.7446],[80.2424,12.744],[80.2421,12.744],[80.2421,12.7437],[80.2418,12.7437],[80.2418,12.7421],[80.2415,12.7421],[80.2415,12.7415],[80.2412,12.7415],[80.2412,12.7407],[80.241,12.7407],[80.241,12.7401],[80.2407,12.7401],[80.2407,12.7399],[80.2404,12.7399],[80.2404,12.7385],[80.2401,12.7385],[80.2401,12.7376],[80.2399,12.7376],[80.2399,12.7368],[80.2396,12.7368],[80.2396,12.736],[80.2393,12.736],[80.2393,12.7354],[80.239,12.7354],[80.239,12.7346],[80.2387,12.7346],[80.2387,12.734],[80.2385,12.734],[80.2385,12.7332],[80.2382,12.7332],[80.2382,12.7324],[80.2379,12.7324],[80.2379,12.7315],[80.2376,12.7315],[80.2376,12.731],[80.2374,12.731],[80.2374,12.7301],[80.2371,12.7301],[80.2371,12.729],[80.2368,12.729],[80.2368,12.7282],[80.2365,12.7282],[80.2365,12.7276],[80.2363,12.7276],[80.2363,12.7268],[80.236,12.7268],[80.236,12.726],[80.2357,12.726],[80.2357,12.7251],[80.2354,12.7251],[80.2354,12.7246],[80.2351,12.7246],[80.2351,12.7238],[80.2349,12.7238],[80.2349,12.7229],[80.2346,12.7229],[80.2346,12.7224],[80.2343,12.7224],[80.2343,12.7215],[80.234,12.7215],[80.234,12.7207],[80.2337,12.7207],[80.2337,12.7201],[80.2335,12.7201],[80.2335,12.7193],[80.2332,12.7193],[80.2332,12.7188],[80.2329,12.7188],[80.2329,12.7179],[80.2326,12.7179],[80.2326,12.7171],[80.2324,12.7171],[80.2324,12.7165],[80.2321,12.7165],[80.2321,12.7157],[80.2318,12.7157],[80.2318,12.7149],[80.2315,12.7149],[80.2315,12.7143],[80.2312,12.7143],[80.2312,12.7135],[80.231,12.7135],[80.231,12.7126],[80.2307,12.7126],[80.2307,12.7121],[80.2304,12.7121],[80.2304,12.7113],[80.2301,12.7113],[80.2301,12.7104],[80.2299,12.7104],[80.2299,12.7099],[80.2296,12.7099],[80.2296,12.709],[80.2293,12.709],[80.2293,12.7082],[80.229,12.7082],[80.229,12.7074],[80.2288,12.7074],[80.2288,12.7068],[80.2285,12.7068],[80.2285,12.706],[80.2282,12.706],[80.2282,12.7051],[80.2279,12.7051],[80.2279,12.7043],[80.2276,12.7043],[80.2276,12.7035],[80.2274,12.7035],[80.2274,12.7026],[80.2271,12.7026],[80.2271,12.7015],[80.2268,12.7015],[80.2268,12.7001],[80.2265,12.7001],[80.2265,12.6996],[80.2262,12.6996],[80.2262,12.699],[80.226,12.699],[80.226,12.6979],[80.2257,12.6979],[80.2257,12.6968],[80.2254,12.6968],[80.2254,12.6965],[80.2251,12.6965],[80.2251,12.6957],[80.2249,12.6957],[80.2249,12.6949],[80.2246,12.6949],[80.2246,12.6943],[80.2243,12.6943],[80.2243,12.6935],[80.224,12.6935],[80.224,12.6926],[80.2237,12.6926],[80.2237,12.6918],[80.2235,12.6918],[80.2235,12.6907],[80.2232,12.6907],[80.2232,12.6901],[80.2229,12.6901],[80.2229,12.6893],[80.2226,12.6893],[80.2226,12.6885],[80.2224,12.6885],[80.2224,12.6879],[80.2221,12.6879],[80.2221,12.6871],[80.2218,12.6871],[80.2218,12.6862],[80.2215,12.6863],[80.2215,12.6854],[80.2213,12.6854],[80.2213,12.6846],[80.221,12.6846],[80.221,12.6837],[80.2207,12.6837],[80.2207,12.6829],[80.2204,12.6829],[80.2204,12.6821],[80.2201,12.6821],[80.2201,12.6812],[80.2199,12.6813],[80.2199,12.6807],[80.2196,12.6807],[80.2196,12.679],[80.219,12.679],[80.219,12.6782],[80.2188,12.6782],[80.2188,12.6771],[80.2185,12.6771],[80.2185,12.6765],[80.2182,12.6765],[80.2182,12.676],[80.2179,12.676],[80.2179,12.6754],[80.2176,12.6754],[80.2176,12.6749],[80.2174,12.6749],[80.2174,12.6743],[80.2171,12.6743],[80.2171,12.6735],[80.2168,12.6735],[80.2168,12.6726],[80.2165,12.6726],[80.2165,12.6715],[80.2162,12.6715],[80.2162,12.6707],[80.216,12.6707],[80.216,12.6699],[80.2157,12.6699],[80.2157,12.669],[80.2154,12.669],[80.2154,12.6685],[80.2151,12.6685],[80.2151,12.6679],[80.2149,12.6679],[80.2149,12.6674],[80.2146,12.6674],[80.2146,12.6668],[80.2143,12.6668],[80.2143,12.666],[80.214,12.666],[80.214,12.6649],[80.2138,12.6649],[80.2138,12.664],[80.2135,12.664],[80.2135,12.6629],[80.2132,12.6629],[80.2132,12.6621],[80.2129,12.6621],[80.2129,12.6612],[80.2126,12.6613],[80.2126,12.6601],[80.2124,12.6601],[80.2124,12.6593],[80.2121,12.6593],[80.2121,12.6582],[80.2118,12.6582],[80.2118,12.6574],[80.2115,12.6574],[80.2115,12.6568],[80.2113,12.6568],[80.2113,12.656],[80.211,12.656],[80.211,12.6554],[80.2107,12.6554],[80.2107,12.6546],[80.2104,12.6546],[80.2104,12.654],[80.2101,12.654],[80.2101,12.6532],[80.2099,12.6532],[80.2099,12.6526],[80.2096,12.6526],[80.2096,12.6518],[80.2093,12.6518],[80.2093,12.6513],[80.209,12.6513],[80.209,12.6507],[80.2087,12.6507],[80.2087,12.6504],[80.2085,12.6504],[80.2085,12.6499],[80.2082,12.6499],[80.2082,12.6496],[80.2079,12.6496],[80.2079,12.6482],[80.2076,12.6482],[80.2076,12.6479],[80.2074,12.6479],[80.2074,12.6476],[80.2071,12.6476],[80.2071,12.6474],[80.2068,12.6474],[80.2068,12.646],[80.2065,12.646],[80.2065,12.6449],[80.2063,12.6449],[80.2063,12.644],[80.206,12.644],[80.206,12.6438],[80.2057,12.6438],[80.2057,12.6424],[80.2054,12.6424],[80.2054,12.6418],[80.2051,12.6418],[80.2051,12.6415],[80.2049,12.6415],[80.2049,12.641],[80.2046,12.641],[80.2046,12.6401],[80.2043,12.6401],[80.2043,12.6399],[80.204,12.6399],[80.204,12.6388],[80.2038,12.6388],[80.2038,12.6382],[80.2035,12.6382],[80.2035,12.6376],[80.2032,12.6376],[80.2032,12.6371],[80.2029,12.6371],[80.2029,12.6365],[80.2026,12.6365],[80.2026,12.6357],[80.2024,12.6357],[80.2024,12.6349],[80.2021,12.6349],[80.2021,12.634],[80.2018,12.634],[80.2018,12.6335],[80.2015,12.6335],[80.2015,12.6326],[80.2012,12.6326],[80.2012,12.6315],[80.201,12.6315],[80.201,12.6304],[80.2007,12.6304],[80.2007,12.6296],[80.2004,12.6296],[80.2004,12.6287],[80.2001,12.6287],[80.2001,12.6276],[80.1999,12.6276],[80.1999,12.6265],[80.1996,12.6265],[80.1996,12.6249],[80.1993,12.6249],[80.1993,12.6218],[80.199,12.6218],[80.199,12.6182],[80.1993,12.6182],[80.1993,12.6176],[80.1999,12.6176],[80.1999,12.6174],[80.2001,12.6174],[80.2001,12.6163],[80.1999,12.6163],[80.1999,12.6157],[80.1996,12.6157],[80.1996,12.6154],[80.1993,12.6154],[80.1993,12.6151],[80.1988,12.6151],[80.1988,12.6149],[80.1985,12.6149],[80.1985,12.6143],[80.1982,12.6143],[80.1982,12.6138],[80.1979,12.6138],[80.1979,12.6132],[80.1976,12.6132],[80.1976,12.6126],[80.1974,12.6126],[80.1974,12.6121],[80.1971,12.6121],[80.1971,12.6112],[80.1968,12.6112],[80.1968,12.6107],[80.1965,12.6107],[80.1965,12.6099],[80.1963,12.6099],[80.1963,12.6093],[80.196,12.6093],[80.196,12.6088],[80.1957,12.6088],[80.1957,12.6082],[80.1954,12.6082],[80.1954,12.6076],[80.1951,12.6076],[80.1951,12.6071],[80.1949,12.6071],[80.1949,12.6065],[80.1946,12.6065],[80.1946,12.606],[80.1943,12.606],[80.1943,12.6054],[80.194,12.6054],[80.194,12.6043],[80.1937,12.6043],[80.1937,12.6026],[80.1932,12.6026],[80.1932,12.6021],[80.1929,12.6021],[80.1929,12.6018],[80.1926,12.6018],[80.1926,12.601],[80.1924,12.601],[80.1924,12.6004],[80.1921,12.6004],[80.1921,12.5996],[80.1918,12.5996],[80.1918,12.599],[80.1915,12.599],[80.1915,12.5985],[80.1913,12.5985],[80.1913,12.5982],[80.1915,12.5982],[80.1915,12.5974],[80.1913,12.5974],[80.1913,12.5971],[80.191,12.5971],[80.191,12.5965],[80.1907,12.5965],[80.1907,12.5963],[80.1904,12.5963],[80.1904,12.5957],[80.1901,12.5957],[80.1901,12.5949],[80.1899,12.5949],[80.1899,12.5946],[80.1901,12.5946],[80.1901,12.5938],[80.1899,12.5938],[80.1899,12.5935],[80.1896,12.5935],[80.1896,12.5932],[80.1893,12.5932],[80.1893,12.5929],[80.189,12.5929],[80.189,12.5918],[80.1888,12.5918],[80.1888,12.5915],[80.1885,12.5915],[80.1885,12.5907],[80.1882,12.5907],[80.1882,12.589],[80.1879,12.589],[80.1879,12.5888],[80.1876,12.5888],[80.1876,12.5882],[80.1874,12.5882],[80.1874,12.5879],[80.1871,12.5879],[80.1871,12.5868],[80.1868,12.5868],[80.1868,12.5857],[80.1865,12.5857],[80.1865,12.5843],[80.1862,12.5843],[80.1862,12.5815],[80.186,12.5815],[80.186,12.5796],[80.1857,12.5796],[80.1857,12.5793],[80.186,12.5793],[80.186,12.5788],[80.1857,12.5788],[80.1857,12.5785],[80.1854,12.5785],[80.1854,12.5776],[80.1835,12.5776],[80.1835,12.5779],[80.1824,12.5779],[80.1824,12.5776],[80.1818,12.5776],[80.1818,12.5774],[80.1813,12.5774],[80.1813,12.5771],[80.1807,12.5771],[80.1807,12.5774],[80.1801,12.5774],[80.1801,12.5776],[80.1799,12.5776],[80.1799,12.5779],[80.1793,12.5779],[80.1793,12.5782],[80.1787,12.5782],[80.1787,12.5785],[80.1782,12.5785],[80.1782,12.5786],[80.1782,12.5788],[80.1776,12.5788],[80.1776,12.579],[80.1771,12.579],[80.1771,12.5793],[80.1768,12.5793],[80.1768,12.5796],[80.1762,12.5796],[80.1762,12.5799],[80.1757,12.5799],[80.1757,12.5801],[80.1754,12.5801],[80.1754,12.5804],[80.1751,12.5804],[80.1751,12.5807],[80.1746,12.5807],[80.1746,12.581],[80.174,12.581],[80.174,12.5813],[80.1738,12.5813],[80.1738,12.5818],[80.1732,12.5818],[80.1732,12.5821],[80.1726,12.5821],[80.1726,12.5824],[80.1721,12.5824],[80.1721,12.5826],[80.1718,12.5826],[80.1718,12.5832],[80.1715,12.5832],[80.1715,12.5835],[80.1712,12.5835],[80.1712,12.584],[80.171,12.584],[80.171,12.5851],[80.1707,12.5851],[80.1707,12.5865],[80.171,12.5865],[80.171,12.5868],[80.1712,12.5868],[80.1712,12.5871],[80.1715,12.5871],[80.1715,12.5876],[80.1718,12.5876],[80.1718,12.5879],[80.1721,12.5879],[80.1721,12.5882],[80.1735,12.5882],[80.1735,12.5885],[80.1738,12.5885],[80.1738,12.5888],[80.174,12.5888],[80.174,12.589],[80.1743,12.589],[80.1743,12.5896],[80.1746,12.5896],[80.1746,12.5901],[80.1749,12.5901],[80.1749,12.5907],[80.1751,12.5907],[80.1751,12.5935],[80.1754,12.5935],[80.1754,12.5946],[80.1751,12.5946],[80.1751,12.5951],[80.1746,12.5951],[80.1746,12.5943],[80.1743,12.5943],[80.1743,12.5935],[80.174,12.5935],[80.174,12.5929],[80.1738,12.5929],[80.1738,12.5924],[80.1735,12.5924],[80.1735,12.5918],[80.1732,12.5918],[80.1732,12.5915],[80.1729,12.5915],[80.1729,12.5913],[80.1726,12.5913],[80.1726,12.591],[80.1715,12.591],[80.1715,12.5915],[80.1718,12.5915],[80.1718,12.5929],[80.1721,12.5929],[80.1721,12.594],[80.1712,12.594],[80.1712,12.5943],[80.171,12.5943],[80.171,12.5949],[80.1712,12.5949],[80.1712,12.5951],[80.1715,12.5951],[80.1715,12.5954],[80.1724,12.5954],[80.1724,12.5963],[80.1721,12.5963],[80.1721,12.5965],[80.1718,12.5965],[80.1718,12.5968],[80.1715,12.5968],[80.1715,12.5971],[80.1718,12.5971],[80.1718,12.5974],[80.1735,12.5974],[80.1735,12.5976],[80.174,12.5976],[80.174,12.5979],[80.1743,12.5979],[80.1743,12.5982],[80.1751,12.5982],[80.1751,12.5985],[80.1754,12.5985],[80.1754,12.5988],[80.1757,12.5988],[80.1757,12.599],[80.176,12.599],[80.176,12.5993],[80.1762,12.5993],[80.1762,12.5999],[80.176,12.5999],[80.176,12.6001],[80.1757,12.6001],[80.1757,12.6004],[80.1754,12.6004],[80.1754,12.6015],[80.1757,12.6015],[80.1757,12.6024],[80.1754,12.6024],[80.1754,12.6026],[80.1757,12.6026],[80.1757,12.6032],[80.176,12.6032],[80.176,12.6035],[80.1765,12.6035],[80.1765,12.6026],[80.1774,12.6026],[80.1774,12.6032],[80.1776,12.6032],[80.1776,12.6037],[80.1779,12.6037],[80.1779,12.604],[80.1782,12.604],[80.1782,12.6046],[80.1785,12.6046],[80.1785,12.6051],[80.1787,12.6051],[80.1787,12.6054],[80.179,12.6054],[80.179,12.6062],[80.1793,12.6062],[80.1793,12.6068],[80.1799,12.6068],[80.1799,12.6071],[80.1801,12.6071],[80.1801,12.6076],[80.1804,12.6076],[80.1804,12.6082],[80.1807,12.6082],[80.1807,12.6085],[80.181,12.6085],[80.181,12.6088],[80.1813,12.6088],[80.1813,12.609],[80.1815,12.609],[80.1815,12.6099],[80.1793,12.6099],[80.1793,12.609],[80.179,12.609],[80.179,12.6082],[80.1782,12.6082],[80.1782,12.6076],[80.1779,12.6076],[80.1779,12.6049],[80.1776,12.6049],[80.1776,12.6043],[80.1762,12.6043],[80.1762,12.6046],[80.176,12.6046],[80.176,12.6051],[80.1757,12.6051],[80.1757,12.6054],[80.174,12.6054],[80.174,12.6057],[80.1732,12.6057],[80.1732,12.606],[80.1726,12.606],[80.1726,12.6062],[80.1721,12.6062],[80.1721,12.6065],[80.1715,12.6065],[80.1715,12.6068],[80.1704,12.6068],[80.1704,12.6065],[80.1693,12.6065],[80.1693,12.6062],[80.1676,12.6062],[80.1676,12.606],[80.1674,12.606],[80.1674,12.6057],[80.1668,12.6057],[80.1668,12.606],[80.1663,12.606],[80.1663,12.6054],[80.166,12.6054],[80.166,12.6051],[80.1657,12.6051],[80.1657,12.6049],[80.1654,12.6049],[80.1654,12.6043],[80.1651,12.6043],[80.1651,12.6037],[80.1649,12.6037],[80.1649,12.6029],[80.1651,12.6029],[80.1651,12.6026],[80.1657,12.6026],[80.1657,12.6024],[80.166,12.6024],[80.166,12.6021],[80.1663,12.6021],[80.1663,12.6018],[80.1674,12.6018],[80.1674,12.6015],[80.1676,12.6015],[80.1676,12.6013],[80.1679,12.6013],[80.1679,12.6004],[80.1676,12.6004],[80.1676,12.5999],[80.1671,12.5999],[80.1671,12.6001],[80.1665,12.6001],[80.1665,12.6004],[80.1663,12.6004],[80.1663,12.6007],[80.1651,12.6007],[80.1651,12.6001],[80.1649,12.6001],[80.1649,12.5996],[80.1646,12.5996],[80.1646,12.5988],[80.1643,12.5988],[80.1643,12.5982],[80.164,12.5982],[80.164,12.5976],[80.1637,12.5976],[80.1637,12.5974],[80.164,12.5974],[80.164,12.5968],[80.1643,12.5968],[80.1643,12.5965],[80.164,12.5965],[80.164,12.5957],[80.1637,12.5957],[80.1637,12.5954],[80.1635,12.5954],[80.1635,12.594],[80.164,12.594],[80.164,12.5938],[80.1649,12.5938],[80.1649,12.594],[80.1651,12.594],[80.1651,12.5943],[80.1657,12.5943],[80.1657,12.5946],[80.1663,12.5946],[80.1663,12.5951],[80.1682,12.5951],[80.1682,12.5949],[80.1685,12.5949],[80.1685,12.5946],[80.1701,12.5946],[80.1701,12.594],[80.1699,12.594],[80.1699,12.5938],[80.1696,12.5938],[80.1696,12.5935],[80.1693,12.5935],[80.1693,12.5932],[80.169,12.5932],[80.169,12.5935],[80.1687,12.5935],[80.1687,12.5938],[80.1685,12.5938],[80.1685,12.594],[80.1676,12.594],[80.1676,12.5938],[80.1665,12.5938],[80.1665,12.5935],[80.1663,12.5935],[80.1663,12.5932],[80.1657,12.5932],[80.1657,12.5929],[80.1654,12.5929],[80.1654,12.5926],[80.1649,12.5926],[80.1649,12.5924],[80.1643,12.5924],[80.1643,12.5918],[80.164,12.5918],[80.164,12.5913],[80.1637,12.5913],[80.1637,12.5896],[80.1626,12.5896],[80.1626,12.5893],[80.1623,12.5893],[80.1623,12.589],[80.1621,12.589],[80.1621,12.5885],[80.1618,12.5885],[80.1618,12.5874],[80.1615,12.5874],[80.1615,12.5863],[80.1612,12.5863],[80.1612,12.5854],[80.1615,12.5854],[80.1615,12.5851],[80.1618,12.5851],[80.1618,12.5849],[80.1621,12.5849],[80.1621,12.5846],[80.1626,12.5846],[80.1626,12.5843],[80.1635,12.5843],[80.1635,12.584],[80.164,12.584],[80.164,12.5837],[80.1646,12.5837],[80.1646,12.5835],[80.1654,12.5835],[80.1654,12.5832],[80.166,12.5832],[80.166,12.5829],[80.1663,12.5829],[80.1663,12.5826],[80.1665,12.5826],[80.1665,12.5824],[80.1671,12.5824],[80.1671,12.5821],[80.1674,12.5821],[80.1674,12.5818],[80.1676,12.5818],[80.1676,12.5815],[80.1682,12.5815],[80.1682,12.5813],[80.169,12.5813],[80.169,12.581],[80.1699,12.581],[80.1699,12.5807],[80.1704,12.5807],[80.1704,12.5804],[80.1712,12.5804],[80.1712,12.5801],[80.1721,12.5801],[80.1721,12.5799],[80.1732,12.5799],[80.1732,12.5796],[80.1738,12.5796],[80.1738,12.5793],[80.1743,12.5793],[80.1743,12.579],[80.1746,12.579],[80.1746,12.5788],[80.1751,12.5788],[80.1751,12.5785],[80.1757,12.5785],[80.1757,12.5782],[80.1765,12.5782],[80.1765,12.5779],[80.1768,12.5779],[80.1768,12.5776],[80.1774,12.5776],[80.1774,12.5774],[80.1777,12.5774],[80.1779,12.5774],[80.1779,12.5771],[80.1782,12.5771],[80.1782,12.5768],[80.1787,12.5768],[80.1787,12.5765],[80.179,12.5765],[80.179,12.5762],[80.1801,12.5762],[80.1801,12.576],[80.1824,12.576],[80.1824,12.5762],[80.1829,12.5762],[80.1829,12.5765],[80.184,12.5765],[80.184,12.5762],[80.1846,12.5762],[80.1846,12.5746],[80.1843,12.5746],[80.1843,12.5738],[80.184,12.5738],[80.184,12.5732],[80.1837,12.5732],[80.1837,12.5726],[80.1835,12.5726],[80.1835,12.5715],[80.1832,12.5715],[80.1832,12.5713],[80.1829,12.5713],[80.1829,12.5701],[80.1826,12.5701],[80.1826,12.5699],[80.1824,12.5699],[80.1824,12.5693],[80.1821,12.5693],[80.1821,12.569],[80.1818,12.569],[80.1818,12.5688],[80.1815,12.5688],[80.1815,12.5682],[80.1813,12.5682],[80.1813,12.5676],[80.181,12.5676],[80.181,12.5671],[80.1807,12.5671],[80.1807,12.5657],[80.1804,12.5657],[80.1804,12.5649],[80.1801,12.5649],[80.1801,12.5635],[80.1799,12.5635],[80.1799,12.5624],[80.1796,12.5624],[80.1796,12.5612],[80.1793,12.5612],[80.1793,12.561],[80.179,12.561],[80.179,12.5604],[80.1787,12.5604],[80.1787,12.5601],[80.1785,12.5601],[80.1785,12.5593],[80.1782,12.5593],[80.1782,12.5579],[80.1779,12.5579],[80.1779,12.5568],[80.1776,12.5568],[80.1776,12.556],[80.1774,12.556],[80.1774,12.5554],[80.1771,12.5554],[80.1771,12.5546],[80.1768,12.5546],[80.1768,12.554],[80.1765,12.554],[80.1765,12.5535],[80.1762,12.5535],[80.1762,12.5526],[80.176,12.5526],[80.176,12.5524],[80.1757,12.5524],[80.1757,12.551],[80.1754,12.551],[80.1754,12.5504],[80.1751,12.5504],[80.1751,12.5496],[80.1749,12.5496],[80.1749,12.5487],[80.1746,12.5488],[80.1746,12.5482],[80.1743,12.5482],[80.1743,12.5476],[80.174,12.5476],[80.174,12.5471],[80.1738,12.5471],[80.1738,12.5463],[80.1735,12.5463],[80.1735,12.5457],[80.1732,12.5457],[80.1732,12.5451],[80.1729,12.5451],[80.1729,12.5446],[80.1726,12.5446],[80.1726,12.5438],[80.1724,12.5438],[80.1724,12.5429],[80.1721,12.5429],[80.1721,12.5424],[80.1718,12.5424],[80.1718,12.5415],[80.1715,12.5415],[80.1715,12.5407],[80.1712,12.5407],[80.1712,12.5399],[80.171,12.5399],[80.171,12.5393],[80.1707,12.5393],[80.1707,12.5385],[80.1704,12.5385],[80.1704,12.5376],[80.1701,12.5376],[80.1701,12.5371],[80.1699,12.5371],[80.1699,12.5363],[80.1696,12.5363],[80.1696,12.5354],[80.1693,12.5354],[80.1693,12.5346],[80.169,12.5346],[80.169,12.5337],[80.1687,12.5337],[80.1687,12.5329],[80.1685,12.5329],[80.1685,12.5324],[80.1682,12.5324],[80.1682,12.5315],[80.1679,12.5315],[80.1679,12.5307],[80.1676,12.5307],[80.1676,12.529],[80.1674,12.529],[80.1674,12.5288],[80.1671,12.5288],[80.1671,12.5282],[80.1668,12.5282],[80.1668,12.5271],[80.1665,12.5271],[80.1665,12.5254],[80.1663,12.5254],[80.1663,12.5251],[80.166,12.5251],[80.166,12.5249],[80.1657,12.5249],[80.1657,12.5229],[80.1654,12.5229],[80.1654,12.5218],[80.1651,12.5218],[80.1651,12.5207],[80.1649,12.5207],[80.1649,12.5193],[80.1646,12.5193],[80.1646,12.5185],[80.1643,12.5185],[80.1643,12.5176],[80.164,12.5176],[80.164,12.5165],[80.1643,12.5165],[80.1643,12.5163],[80.164,12.5163],[80.164,12.5157],[80.1637,12.5157],[80.1637,12.5146],[80.1635,12.5146],[80.1635,12.5135],[80.1632,12.5135],[80.1632,12.5121],[80.1629,12.5121],[80.1629,12.5104],[80.1626,12.5104],[80.1626,12.5087],[80.1623,12.5087],[80.1623,12.5074],[80.1621,12.5074],[80.1621,12.506],[80.1618,12.506],[80.1618,12.5043],[80.1615,12.5043],[80.1615,12.5029],[80.1612,12.5029],[80.1612,12.5015],[80.161,12.5015],[80.161,12.499],[80.1607,12.499],[80.1607,12.4982],[80.1604,12.4982],[80.1604,12.4965],[80.1601,12.4965],[80.1601,12.4952],[80.1599,12.4952],[80.1599,12.4935],[80.1596,12.4935],[80.1596,12.4921],[80.1593,12.4921],[80.1593,12.4918],[80.1596,12.4918],[80.1596,12.4913],[80.1593,12.4913],[80.1593,12.4904],[80.159,12.4904],[80.159,12.4876],[80.1588,12.4876],[80.1588,12.4843],[80.1585,12.4843],[80.1585,12.4815],[80.1582,12.4815],[80.1582,12.4788],[80.1579,12.4788],[80.1579,12.476],[80.1576,12.476],[80.1576,12.4735],[80.1574,12.4735],[80.1574,12.4712],[80.1571,12.4713],[80.1571,12.4699],[80.1568,12.4699],[80.1568,12.469],[80.1565,12.469],[80.1565,12.4685],[80.1563,12.4685],[80.1563,12.4676],[80.156,12.4676],[80.156,12.4668],[80.1557,12.4668],[80.1557,12.4663],[80.1554,12.4663],[80.1554,12.4657],[80.1551,12.4657],[80.1551,12.4651],[80.1549,12.4651],[80.1549,12.4646],[80.1546,12.4646],[80.1546,12.464],[80.1543,12.464],[80.1543,12.4635],[80.154,12.4635],[80.154,12.4629],[80.1537,12.4629],[80.1537,12.4625],[80.1537,12.4624],[80.1535,12.4624],[80.1535,12.4618],[80.1532,12.4618],[80.1532,12.4613],[80.1529,12.4613],[80.1529,12.4607],[80.1526,12.4607],[80.1526,12.4601],[80.1524,12.4601],[80.1524,12.4596],[80.1521,12.4596],[80.1521,12.459],[80.1518,12.459],[80.1518,12.4585],[80.1515,12.4585],[80.1515,12.4579],[80.1513,12.4579],[80.1513,12.4574],[80.151,12.4574],[80.151,12.4568],[80.1507,12.4568],[80.1507,12.4565],[80.1504,12.4565],[80.1504,12.456],[80.1501,12.456],[80.1501,12.4557],[80.1499,12.4557],[80.1499,12.4551],[80.1496,12.4551],[80.1496,12.4546],[80.1493,12.4546],[80.1493,12.4543],[80.149,12.4543],[80.149,12.4537],[80.1488,12.4537],[80.1488,12.4535],[80.1485,12.4535],[80.1485,12.4529],[80.1482,12.4529],[80.1482,12.4524],[80.1479,12.4524],[80.1479,12.4521],[80.1476,12.4521],[80.1476,12.4515],[80.1473,12.4515],[80.1473,12.4513],[80.1471,12.4513],[80.1471,12.4507],[80.1468,12.4507],[80.1468,12.4501],[80.1465,12.4501],[80.1465,12.4496],[80.1462,12.4496],[80.1462,12.4493],[80.146,12.4493],[80.146,12.4487],[80.1457,12.4487],[80.1457,12.4482],[80.1454,12.4482],[80.1454,12.4479],[80.1451,12.4479],[80.1451,12.4474],[80.1449,12.4474],[80.1449,12.4468],[80.1446,12.4468],[80.1446,12.4463],[80.1443,12.4463],[80.1443,12.446],[80.144,12.446],[80.144,12.4454],[80.1438,12.4454],[80.1438,12.4451],[80.1435,12.4451],[80.1435,12.4449],[80.1432,12.4449],[80.1432,12.4443],[80.1429,12.4443],[80.1429,12.444],[80.1426,12.444],[80.1426,12.4437],[80.1424,12.4437],[80.1424,12.4432],[80.1421,12.4432],[80.1421,12.4429],[80.1418,12.4429],[80.1418,12.4426],[80.1415,12.4426],[80.1415,12.4421],[80.1413,12.4421],[80.1413,12.4418],[80.141,12.4418],[80.141,12.4415],[80.1407,12.4415],[80.1407,12.441],[80.1404,12.441],[80.1404,12.4407],[80.1401,12.4407],[80.1401,12.4404],[80.1399,12.4404],[80.1399,12.4399],[80.1396,12.4399],[80.1396,12.4396],[80.1393,12.4396],[80.1393,12.4393],[80.139,12.4393],[80.139,12.4388],[80.1387,12.4388],[80.1387,12.4385],[80.1385,12.4385],[80.1385,12.4382],[80.1382,12.4382],[80.1382,12.4376],[80.1379,12.4376],[80.1379,12.4374],[80.1376,12.4374],[80.1376,12.4371],[80.1374,12.4371],[80.1374,12.4365],[80.1371,12.4365],[80.1371,12.4363],[80.1368,12.4363],[80.1368,12.436],[80.1365,12.436],[80.1365,12.4354],[80.1363,12.4354],[80.1363,12.4351],[80.136,12.4351],[80.136,12.4349],[80.1357,12.4349],[80.1357,12.4343],[80.1354,12.4343],[80.1354,12.434],[80.1351,12.434],[80.1351,12.4338],[80.1349,12.4338],[80.1349,12.4332],[80.1346,12.4332],[80.1346,12.4329],[80.1343,12.4329],[80.1343,12.4326],[80.134,12.4326],[80.134,12.4321],[80.1338,12.4321],[80.1338,12.4318],[80.1335,12.4318],[80.1335,12.4315],[80.1332,12.4315],[80.1332,12.431],[80.1329,12.431],[80.1329,12.4307],[80.1326,12.4307],[80.1326,12.4301],[80.1324,12.4301],[80.1324,12.4299],[80.1321,12.4299],[80.1321,12.4293],[80.1318,12.4293],[80.1318,12.429],[80.1315,12.429],[80.1315,12.4288],[80.1312,12.4288],[80.1312,12.4279],[80.131,12.4279],[80.131,12.4274],[80.1307,12.4274],[80.1307,12.4271],[80.1304,12.4271],[80.1304,12.4268],[80.1301,12.4268],[80.1301,12.4263],[80.1299,12.4263],[80.1299,12.426],[80.1296,12.426],[80.1296,12.4257],[80.1293,12.4257],[80.1293,12.4254],[80.129,12.4254],[80.129,12.4249],[80.1287,12.4249],[80.1287,12.4246],[80.1285,12.4246],[80.1285,12.4237],[80.1282,12.4237],[80.1282,12.4229],[80.1276,12.4229],[80.1276,12.4226],[80.1274,12.4226],[80.1274,12.4224],[80.1271,12.4224],[80.1271,12.4218],[80.1268,12.4218],[80.1268,12.4215],[80.1265,12.4215],[80.1265,12.421],[80.1263,12.421],[80.1263,12.4207],[80.126,12.4207],[80.126,12.4201],[80.1257,12.4201],[80.1257,12.4199],[80.1254,12.4199],[80.1254,12.4193],[80.1251,12.4193],[80.1251,12.419],[80.1249,12.419],[80.1249,12.4185],[80.1246,12.4185],[80.1246,12.4182],[80.1243,12.4182],[80.1243,12.4179],[80.124,12.4179],[80.124,12.4174],[80.1237,12.4174],[80.1237,12.4171],[80.1235,12.4171],[80.1235,12.4168],[80.1232,12.4168],[80.1232,12.4162],[80.1229,12.4162],[80.1229,12.4157],[80.1226,12.4157],[80.1226,12.4154],[80.1224,12.4154],[80.1224,12.4151],[80.1221,12.4151],[80.1221,12.4146],[80.1218,12.4146],[80.1218,12.4143],[80.1215,12.4143],[80.1215,12.4129],[80.121,12.4129],[80.121,12.4126],[80.1207,12.4126],[80.1207,12.4121],[80.1204,12.4121],[80.1204,12.4113],[80.1199,12.4113],[80.1199,12.411],[80.1196,12.411],[80.1196,12.4101],[80.1193,12.4101],[80.1193,12.4099],[80.1188,12.4099],[80.1188,12.4096],[80.1185,12.4096],[80.1185,12.409],[80.1182,12.409],[80.1182,12.4088],[80.1179,12.4088],[80.1179,12.4082],[80.1176,12.4082],[80.1176,12.4076],[80.1174,12.4076],[80.1174,12.4071],[80.1171,12.4071],[80.1171,12.4068],[80.1168,12.4068],[80.1168,12.4065],[80.1165,12.4065],[80.1165,12.406],[80.1162,12.406],[80.1162,12.4054],[80.116,12.4054],[80.116,12.4051],[80.1157,12.4051],[80.1157,12.4049],[80.1154,12.4049],[80.1154,12.4046],[80.1151,12.4046],[80.1151,12.404],[80.1149,12.404],[80.1149,12.4038],[80.1146,12.4038],[80.1146,12.4035],[80.1143,12.4035],[80.1143,12.4032],[80.114,12.4032],[80.114,12.4029],[80.1137,12.4029],[80.1137,12.4026],[80.1135,12.4026],[80.1135,12.4024],[80.1132,12.4024],[80.1132,12.4021],[80.1129,12.4021],[80.1129,12.4018],[80.1126,12.4018],[80.1126,12.4015],[80.1124,12.4015],[80.1124,12.4013],[80.1121,12.4013],[80.1121,12.401],[80.1118,12.401],[80.1118,12.4004],[80.1115,12.4004],[80.1115,12.4001],[80.1112,12.4001],[80.1112,12.3999],[80.111,12.3999],[80.111,12.3993],[80.1107,12.3993],[80.1107,12.399],[80.1104,12.399],[80.1104,12.3987],[80.1101,12.3988],[80.1101,12.3985],[80.1099,12.3985],[80.1099,12.3979],[80.1096,12.3979],[80.1096,12.3976],[80.1093,12.3976],[80.1093,12.3974],[80.109,12.3974],[80.109,12.3971],[80.1087,12.3971],[80.1087,12.3965],[80.1085,12.3965],[80.1085,12.3962],[80.1082,12.3962],[80.1082,12.396],[80.1079,12.396],[80.1079,12.3954],[80.1076,12.3954],[80.1076,12.3951],[80.1074,12.3951],[80.1074,12.3949],[80.1071,12.3949],[80.1071,12.3946],[80.1068,12.3946],[80.1068,12.394],[80.1065,12.394],[80.1065,12.3938],[80.1062,12.3938],[80.1062,12.3935],[80.106,12.3935],[80.106,12.3932],[80.1057,12.3932],[80.1057,12.3929],[80.1054,12.3929],[80.1054,12.3924],[80.1051,12.3924],[80.1051,12.3921],[80.1049,12.3921],[80.1049,12.3918],[80.1046,12.3918],[80.1046,12.3915],[80.1043,12.3915],[80.1043,12.3913],[80.104,12.3913],[80.104,12.3907],[80.1038,12.3907],[80.1038,12.3904],[80.1035,12.3904],[80.1035,12.3901],[80.1032,12.3901],[80.1032,12.3899],[80.1029,12.3899],[80.1029,12.3896],[80.1026,12.3896],[80.1026,12.3893],[80.1024,12.3893],[80.1024,12.3888],[80.1021,12.3888],[80.1021,12.3885],[80.1018,12.3885],[80.1018,12.3882],[80.1015,12.3882],[80.1015,12.3879],[80.1012,12.3879],[80.1012,12.3876],[80.101,12.3876],[80.101,12.3874],[80.1007,12.3874],[80.1007,12.3868],[80.1004,12.3868],[80.1004,12.3865],[80.1001,12.3865],[80.1001,12.3863],[80.0999,12.3863],[80.0999,12.386],[80.0996,12.386],[80.0996,12.3857],[80.0993,12.3857],[80.0993,12.3854],[80.099,12.3854],[80.099,12.3851],[80.0987,12.3851],[80.0987,12.3846],[80.0985,12.3846],[80.0985,12.3843],[80.0982,12.3843],[80.0982,12.384],[80.0979,12.384],[80.0979,12.3838],[80.0976,12.3838],[80.0976,12.3835],[80.0974,12.3835],[80.0974,12.3832],[80.0971,12.3832],[80.0971,12.3829],[80.0968,12.3829],[80.0968,12.3826],[80.0965,12.3826],[80.0965,12.3824],[80.0963,12.3824],[80.0963,12.3821],[80.096,12.3821],[80.096,12.3818],[80.0957,12.3818],[80.0957,12.3815],[80.0954,12.3815],[80.0954,12.3813],[80.0951,12.3813],[80.0951,12.3807],[80.0949,12.3807],[80.0949,12.3804],[80.0946,12.3804],[80.0946,12.3801],[80.0943,12.3801],[80.0943,12.3799],[80.094,12.3799],[80.094,12.3796],[80.0938,12.3796],[80.0938,12.3793],[80.0935,12.3793],[80.0935,12.379],[80.0932,12.379],[80.0932,12.3788],[80.0929,12.3788],[80.0929,12.3785],[80.0926,12.3785],[80.0926,12.3782],[80.0924,12.3782],[80.0924,12.3779],[80.0921,12.3779],[80.0921,12.3776],[80.0918,12.3776],[80.0918,12.3774],[80.0915,12.3774],[80.0915,12.3771],[80.0912,12.3771],[80.0912,12.3768],[80.091,12.3768],[80.091,12.3765],[80.0907,12.3765],[80.0907,12.376],[80.0904,12.376],[80.0904,12.3757],[80.0901,12.3757],[80.0901,12.3754],[80.0899,12.3754],[80.0899,12.3751],[80.0896,12.3751],[80.0896,12.3749],[80.0893,12.3749],[80.0893,12.3746],[80.089,12.3746],[80.089,12.374],[80.0885,12.374],[80.0885,12.3737],[80.0882,12.3737],[80.0882,12.3735],[80.0876,12.3735],[80.0876,12.3734],[80.0876,12.3732],[80.0875,12.3732],[80.0874,12.3732],[80.0874,12.3731],[80.0874,12.3729],[80.0872,12.3729],[80.0871,12.3729],[80.0871,12.3728],[80.0871,12.3724],[80.0868,12.3724],[80.0868,12.3721],[80.0865,12.3721],[80.0865,12.3718],[80.0863,12.3718],[80.0863,12.3715],[80.086,12.3715],[80.086,12.3713],[80.0857,12.3713],[80.0857,12.371],[80.0854,12.371],[80.0854,12.3707],[80.0851,12.3707],[80.0851,12.3701],[80.0849,12.3701],[80.0849,12.3699],[80.0846,12.3699],[80.0846,12.3696],[80.0843,12.3696],[80.0843,12.369],[80.084,12.369],[80.084,12.3688],[80.0837,12.3688],[80.0837,12.3685],[80.0835,12.3685],[80.0835,12.3682],[80.0832,12.3682],[80.0832,12.3676],[80.0829,12.3676],[80.0829,12.3674],[80.0826,12.3674],[80.0826,12.3671],[80.0824,12.3671],[80.0824,12.3668],[80.0821,12.3668],[80.0821,12.3654],[80.0818,12.3654],[80.0818,12.3649],[80.0815,12.3649],[80.0815,12.3646],[80.081,12.3646],[80.081,12.3643],[80.0807,12.3643],[80.0807,12.364],[80.0804,12.364],[80.0804,12.3638],[80.0801,12.3638],[80.0801,12.3635],[80.0799,12.3635],[80.0799,12.3632],[80.0796,12.3632],[80.0796,12.3629],[80.0793,12.3629],[80.0793,12.3624],[80.079,12.3624],[80.079,12.3618],[80.0788,12.3618],[80.0788,12.3615],[80.0785,12.3615],[80.0785,12.3613],[80.0782,12.3613],[80.0782,12.361],[80.0779,12.361],[80.0779,12.3607],[80.0776,12.3607],[80.0776,12.3604],[80.0774,12.3604],[80.0774,12.3599],[80.0771,12.3599],[80.0771,12.3596],[80.0768,12.3596],[80.0768,12.3593],[80.0765,12.3593],[80.0765,12.359],[80.0762,12.359],[80.0762,12.3588],[80.076,12.3588],[80.076,12.3585],[80.0757,12.3585],[80.0757,12.3582],[80.0754,12.3582],[80.0754,12.3579],[80.0751,12.3579],[80.0751,12.3576],[80.0749,12.3576],[80.0749,12.3574],[80.0747,12.3574],[80.0746,12.3574],[80.0746,12.3572],[80.0746,12.3571],[80.0743,12.3571],[80.0743,12.3568],[80.074,12.3568],[80.074,12.3565],[80.0738,12.3565],[80.0738,12.3562],[80.0735,12.3562],[80.0735,12.356],[80.0732,12.356],[80.0732,12.3557],[80.0729,12.3557],[80.0729,12.3554],[80.0726,12.3554],[80.0726,12.3551],[80.0724,12.3551],[80.0724,12.3549],[80.0721,12.3549],[80.0721,12.3546],[80.0718,12.3546],[80.0718,12.3543],[80.0715,12.3543],[80.0715,12.3538],[80.0713,12.3538],[80.0713,12.3535],[80.071,12.3535],[80.071,12.3532],[80.0707,12.3532],[80.0707,12.3529],[80.0704,12.3529],[80.0704,12.3526],[80.0701,12.3526],[80.0701,12.3521],[80.0699,12.3521],[80.0699,12.3515],[80.0696,12.3515],[80.0696,12.3513],[80.0695,12.3513],[80.0693,12.3513],[80.0693,12.3511],[80.0693,12.3507],[80.069,12.3507],[80.069,12.3501],[80.0687,12.3501],[80.0687,12.3499],[80.0685,12.3499],[80.0685,12.3493],[80.0682,12.3493],[80.0682,12.349],[80.0679,12.349],[80.0679,12.3485],[80.0676,12.3485],[80.0676,12.3482],[80.0674,12.3482],[80.0674,12.3476],[80.0671,12.3476],[80.0671,12.3474],[80.0668,12.3474],[80.0668,12.3471],[80.0665,12.3471],[80.0665,12.3465],[80.0662,12.3465],[80.0662,12.3462],[80.066,12.3462],[80.066,12.346],[80.0657,12.346],[80.0657,12.3454],[80.0654,12.3454],[80.0654,12.3451],[80.0651,12.3451],[80.0651,12.3449],[80.0649,12.3449],[80.0649,12.3443],[80.0646,12.3443],[80.0646,12.344],[80.0643,12.344],[80.0643,12.3438],[80.064,12.3438],[80.064,12.3432],[80.0638,12.3432],[80.0638,12.3429],[80.0635,12.3429],[80.0635,12.3426],[80.0632,12.3426],[80.0632,12.3424],[80.0629,12.3424],[80.0629,12.3421],[80.0626,12.3421],[80.0626,12.3415],[80.0624,12.3415],[80.0624,12.3413],[80.0621,12.3413],[80.0621,12.341],[80.0618,12.341],[80.0618,12.3404],[80.0615,12.3404],[80.0615,12.3401],[80.0612,12.3401],[80.0612,12.3399],[80.061,12.3399],[80.061,12.3393],[80.0607,12.3393],[80.0607,12.339],[80.0604,12.339],[80.0604,12.3388],[80.0601,12.3388],[80.0601,12.3382],[80.0599,12.3382],[80.0599,12.3379],[80.0596,12.3379],[80.0596,12.3374],[80.0593,12.3374],[80.0593,12.3371],[80.059,12.3371],[80.059,12.3362],[80.0587,12.3362],[80.0587,12.3354],[80.0579,12.3354],[80.0579,12.3349],[80.0576,12.3349],[80.0576,12.3346],[80.0574,12.3346],[80.0574,12.3343],[80.0571,12.3343],[80.0571,12.3338],[80.0568,12.3338],[80.0568,12.3335],[80.0565,12.3335],[80.0565,12.3332],[80.0563,12.3332],[80.0563,12.3326],[80.056,12.3327],[80.056,12.3324],[80.0557,12.3324],[80.0557,12.3321],[80.0554,12.3321],[80.0554,12.3318],[80.0551,12.3318],[80.0551,12.3315],[80.0549,12.3315],[80.0549,12.3313],[80.0546,12.3313],[80.0546,12.3307],[80.0543,12.3307],[80.0543,12.3304],[80.054,12.3304],[80.054,12.3301],[80.0537,12.3301],[80.0537,12.3296],[80.0532,12.3296],[80.0532,12.3293],[80.0529,12.3293],[80.0529,12.3288],[80.0526,12.3288],[80.0526,12.3285],[80.0524,12.3285],[80.0524,12.3282],[80.0521,12.3282],[80.0521,12.3276],[80.0518,12.3276],[80.0518,12.3274],[80.0515,12.3274],[80.0515,12.3271],[80.0512,12.3271],[80.0512,12.3268],[80.051,12.3268],[80.051,12.3263],[80.0507,12.3263],[80.0507,12.326],[80.0499,12.326],[80.0499,12.3263],[80.0501,12.3263],[80.0501,12.3268],[80.0504,12.3268],[80.0504,12.3274],[80.0507,12.3274],[80.0507,12.3279],[80.051,12.3279],[80.051,12.3285],[80.0512,12.3285],[80.0512,12.329],[80.0518,12.329],[80.0518,12.3293],[80.0521,12.3293],[80.0521,12.3296],[80.0526,12.3296],[80.0526,12.3301],[80.0529,12.3301],[80.0529,12.3313],[80.0532,12.3313],[80.0532,12.3324],[80.0535,12.3324],[80.0535,12.3329],[80.0537,12.3329],[80.0537,12.3335],[80.054,12.3335],[80.054,12.334],[80.0543,12.334],[80.0543,12.3346],[80.0546,12.3346],[80.0546,12.3351],[80.0549,12.3351],[80.0549,12.3355],[80.0549,12.3357],[80.0551,12.3357],[80.0551,12.3362],[80.0554,12.3362],[80.0554,12.3365],[80.0557,12.3365],[80.0557,12.3371],[80.056,12.3371],[80.056,12.3376],[80.0563,12.3376],[80.0563,12.3379],[80.0565,12.3379],[80.0565,12.3385],[80.0568,12.3385],[80.0568,12.339],[80.0571,12.339],[80.0571,12.3399],[80.0574,12.3399],[80.0574,12.3407],[80.0576,12.3407],[80.0576,12.3415],[80.0579,12.3415],[80.0579,12.3424],[80.0582,12.3424],[80.0582,12.3435],[80.0585,12.3435],[80.0585,12.344],[80.0587,12.344],[80.0587,12.3443],[80.059,12.3443],[80.059,12.3449],[80.0593,12.3449],[80.0593,12.3451],[80.0596,12.3451],[80.0596,12.3454],[80.0599,12.3454],[80.0599,12.3457],[80.0601,12.3457],[80.0601,12.3462],[80.0604,12.3462],[80.0604,12.3465],[80.0607,12.3465],[80.0607,12.3468],[80.0612,12.3468],[80.0612,12.3471],[80.0618,12.3471],[80.0618,12.3474],[80.0621,12.3474],[80.0621,12.3476],[80.0624,12.3476],[80.0624,12.3482],[80.0626,12.3482],[80.0626,12.3485],[80.0629,12.3485],[80.0629,12.3488],[80.0635,12.3488],[80.0635,12.3493],[80.0638,12.3493],[80.0638,12.3499],[80.064,12.3499],[80.064,12.3504],[80.0638,12.3504],[80.0638,12.3518],[80.064,12.3518],[80.064,12.3524],[80.0638,12.3524],[80.0638,12.3532],[80.0635,12.3532],[80.0635,12.3538],[80.0632,12.3538],[80.0632,12.354],[80.0629,12.354],[80.0629,12.3543],[80.0624,12.3543],[80.0624,12.3546],[80.0615,12.3546],[80.0615,12.3549],[80.061,12.3549],[80.061,12.3551],[80.0604,12.3551],[80.0604,12.3554],[80.0596,12.3554],[80.0596,12.3557],[80.0587,12.3557],[80.0587,12.356],[80.0576,12.356],[80.0576,12.3562],[80.0568,12.3562],[80.0568,12.3574],[80.0571,12.3574],[80.0571,12.3582],[80.0574,12.3582],[80.0574,12.3593],[80.0576,12.3593],[80.0576,12.3601],[80.0579,12.3601],[80.0579,12.3607],[80.0582,12.3607],[80.0582,12.3624],[80.0579,12.3624],[80.0579,12.3657],[80.0582,12.3657],[80.0582,12.3674],[80.0568,12.3674],[80.0568,12.3676],[80.056,12.3676],[80.056,12.3674],[80.0557,12.3674],[80.0557,12.3671],[80.0554,12.3671],[80.0554,12.3668],[80.0551,12.3668],[80.0551,12.3665],[80.0549,12.3665],[80.0549,12.3663],[80.0546,12.3663],[80.0546,12.366],[80.0543,12.366],[80.0543,12.3657],[80.054,12.3657],[80.054,12.3654],[80.0537,12.3654],[80.0537,12.3649],[80.0535,12.3649],[80.0535,12.3646],[80.0532,12.3646],[80.0532,12.3635],[80.0529,12.3635],[80.0529,12.3632],[80.0518,12.3632],[80.0518,12.3629],[80.0512,12.3629],[80.0512,12.3626],[80.0496,12.3626],[80.0496,12.3629],[80.0493,12.3629],[80.0493,12.3632],[80.0479,12.3632],[80.0479,12.3635],[80.0476,12.3635],[80.0476,12.3638],[80.0471,12.3638],[80.0471,12.364],[80.0465,12.364],[80.0465,12.3638],[80.0443,12.3638],[80.0443,12.3635],[80.044,12.3635],[80.044,12.3632],[80.0435,12.3632],[80.0435,12.3629],[80.0432,12.3629],[80.0432,12.3626],[80.0429,12.3626],[80.0429,12.3624],[80.0426,12.3624],[80.0426,12.3621],[80.0424,12.3621],[80.0424,12.3615],[80.0426,12.3615],[80.0426,12.361],[80.0429,12.361],[80.0429,12.3604],[80.0432,12.3604],[80.0432,12.3599],[80.0435,12.3599],[80.0435,12.3593],[80.0437,12.3593],[80.0437,12.359],[80.044,12.359],[80.044,12.3585],[80.0443,12.3585],[80.0443,12.3582],[80.044,12.3582],[80.044,12.3579],[80.0437,12.3579],[80.0437,12.3576],[80.0432,12.3576],[80.0432,12.3574],[80.0429,12.3574],[80.0429,12.3571],[80.0426,12.3571],[80.0426,12.3568],[80.0424,12.3568],[80.0424,12.3565],[80.0421,12.3565],[80.0421,12.3557],[80.0424,12.3557],[80.0424,12.3554],[80.0426,12.3554],[80.0426,12.3549],[80.0424,12.3549],[80.0424,12.3546],[80.0421,12.3546],[80.0421,12.3543],[80.0418,12.3543],[80.0418,12.354],[80.0407,12.354],[80.0407,12.3538],[80.0404,12.3538],[80.0404,12.3532],[80.0401,12.3532],[80.0401,12.3529],[80.0396,12.3529],[80.0396,12.3526],[80.039,12.3526],[80.039,12.3529],[80.0385,12.3529],[80.0385,12.3532],[80.0382,12.3532],[80.0382,12.3535],[80.0376,12.3535],[80.0376,12.3538],[80.0374,12.3538],[80.0374,12.3532],[80.0371,12.3532],[80.0371,12.3526],[80.0368,12.3526],[80.0368,12.3521],[80.0365,12.3521],[80.0365,12.3518],[80.036,12.3518],[80.036,12.3515],[80.0357,12.3515],[80.0357,12.3513],[80.0351,12.3513],[80.0351,12.351],[80.0338,12.351],[80.0338,12.3513],[80.0326,12.3513],[80.0326,12.351],[80.0321,12.351],[80.0321,12.3504],[80.0318,12.3504],[80.0318,12.3501],[80.0315,12.3501],[80.0315,12.3499],[80.0313,12.3499],[80.0313,12.3493],[80.0307,12.3493],[80.0307,12.349],[80.0302,12.349],[80.0302,12.3488],[80.0299,12.3488],[80.0299,12.3479],[80.0296,12.3479],[80.0296,12.3476],[80.0293,12.3476],[80.0293,12.3474],[80.029,12.3474],[80.029,12.3471],[80.0276,12.3471],[80.0276,12.3468],[80.0268,12.3468],[80.0268,12.3465],[80.0249,12.3465],[80.0249,12.3451],[80.0246,12.3451],[80.0246,12.3449],[80.0226,12.3449],[80.0226,12.344],[80.0229,12.344],[80.0229,12.3438],[80.0232,12.3438],[80.0232,12.3432],[80.0235,12.3432],[80.0235,12.3424],[80.0232,12.3424],[80.0232,12.3421],[80.0204,12.3421],[80.0204,12.3418],[80.0193,12.3418],[80.0193,12.3415],[80.019,12.3415],[80.019,12.341],[80.0185,12.341],[80.0185,12.3407],[80.0174,12.3407],[80.0174,12.3404],[80.0171,12.3404],[80.0171,12.3396],[80.0174,12.3396],[80.0174,12.3393],[80.0176,12.3393],[80.0176,12.339],[80.0207,12.339],[80.0207,12.3388],[80.021,12.3388],[80.021,12.3385],[80.0201,12.3385],[80.0201,12.3382],[80.0182,12.3382],[80.0182,12.3379],[80.0176,12.3379],[80.0176,12.3371],[80.0179,12.3371],[80.0179,12.3368],[80.0188,12.3368],[80.0188,12.3365],[80.0185,12.3365],[80.0185,12.336],[80.0182,12.336],[80.0182,12.3357],[80.0179,12.3357],[80.0179,12.3346],[80.0176,12.3346],[80.0176,12.3337],[80.0174,12.3338],[80.0174,12.3332],[80.0171,12.3332],[80.0171,12.3329],[80.0168,12.3329],[80.0168,12.3321],[80.0171,12.3321],[80.0171,12.3318],[80.0174,12.3318],[80.0174,12.331],[80.0171,12.331],[80.0171,12.3307],[80.016,12.3307],[80.016,12.3304],[80.0151,12.3304],[80.0151,12.3301],[80.0143,12.3301],[80.0143,12.3299],[80.014,12.3299],[80.014,12.3296],[80.0135,12.3296],[80.0135,12.3293],[80.0132,12.3293],[80.0132,12.329],[80.0129,12.329],[80.0129,12.3288],[80.0124,12.3288],[80.0124,12.3285],[80.0121,12.3285],[80.0121,12.3282],[80.0104,12.3282],[80.0104,12.3271],[80.011,12.3271],[80.011,12.3274],[80.0113,12.3274],[80.0113,12.3276],[80.0121,12.3276],[80.0121,12.3274],[80.0124,12.3274],[80.0124,12.3271],[80.0126,12.3271],[80.0126,12.3268],[80.0129,12.3268],[80.0129,12.3263],[80.0132,12.3263],[80.0132,12.326],[80.0135,12.326],[80.0135,12.3229],[80.0137,12.3229],[80.0137,12.3226],[80.0143,12.3226],[80.0143,12.3229],[80.0146,12.3229],[80.0146,12.3232],[80.0148,12.3232],[80.0148,12.324],[80.0154,12.324],[80.0154,12.3243],[80.0157,12.3243],[80.0157,12.3246],[80.016,12.3246],[80.016,12.3249],[80.0163,12.3249],[80.0163,12.3251],[80.0165,12.3251],[80.0165,12.3254],[80.0171,12.3254],[80.0171,12.3257],[80.0176,12.3257],[80.0176,12.326],[80.0182,12.326],[80.0182,12.3263],[80.0193,12.3263],[80.0193,12.3265],[80.0196,12.3265],[80.0196,12.3268],[80.0199,12.3268],[80.0199,12.3271],[80.0201,12.3271],[80.0201,12.3274],[80.0204,12.3274],[80.0204,12.3276],[80.0207,12.3276],[80.0207,12.3279],[80.021,12.3279],[80.021,12.3285],[80.0212,12.3285],[80.0212,12.3288],[80.0221,12.3288],[80.0221,12.329],[80.0226,12.329],[80.0226,12.3293],[80.0229,12.3293],[80.0229,12.3296],[80.0232,12.3296],[80.0232,12.3301],[80.0235,12.3301],[80.0235,12.3304],[80.0238,12.3304],[80.0238,12.3307],[80.024,12.3307],[80.024,12.331],[80.0243,12.331],[80.0243,12.3313],[80.0246,12.3313],[80.0246,12.3315],[80.0249,12.3315],[80.0249,12.3318],[80.0251,12.3318],[80.0251,12.3321],[80.0254,12.3321],[80.0254,12.3324],[80.026,12.3324],[80.026,12.3327],[80.0263,12.3327],[80.0263,12.3329],[80.0265,12.3329],[80.0265,12.3332],[80.0268,12.3332],[80.0268,12.3338],[80.0271,12.3338],[80.0271,12.3343],[80.0279,12.3343],[80.0279,12.3346],[80.0285,12.3346],[80.0285,12.3343],[80.0301,12.3343],[80.0301,12.3346],[80.0307,12.3346],[80.0307,12.3349],[80.0315,12.3349],[80.0315,12.3351],[80.0321,12.3351],[80.0321,12.3354],[80.0324,12.3354],[80.0324,12.3357],[80.0326,12.3357],[80.0326,12.336],[80.0329,12.336],[80.0329,12.3362],[80.034,12.3362],[80.034,12.3365],[80.0354,12.3365],[80.0354,12.3368],[80.0357,12.3368],[80.0357,12.3371],[80.036,12.3371],[80.036,12.3376],[80.0371,12.3376],[80.0371,12.3379],[80.0379,12.3379],[80.0379,12.3376],[80.0385,12.3376],[80.0385,12.3379],[80.0393,12.3379],[80.0393,12.3376],[80.0396,12.3376],[80.0396,12.3374],[80.041,12.3374],[80.041,12.3371],[80.0415,12.3371],[80.0415,12.3368],[80.0418,12.3368],[80.0418,12.3365],[80.0452,12.3365],[80.0452,12.3368],[80.0454,12.3368],[80.0454,12.3371],[80.0457,12.3371],[80.0457,12.3374],[80.046,12.3374],[80.046,12.3379],[80.0462,12.3379],[80.0462,12.3382],[80.0465,12.3382],[80.0465,12.3385],[80.0468,12.3385],[80.0468,12.3388],[80.0471,12.3388],[80.0471,12.3393],[80.0474,12.3393],[80.0474,12.3396],[80.0476,12.3396],[80.0476,12.3399],[80.0479,12.3399],[80.0479,12.3404],[80.0482,12.3404],[80.0482,12.3407],[80.0485,12.3407],[80.0485,12.341],[80.0488,12.341],[80.0488,12.3413],[80.049,12.3413],[80.049,12.3418],[80.0493,12.3418],[80.0493,12.3424],[80.0496,12.3424],[80.0496,12.3429],[80.0499,12.3429],[80.0499,12.3432],[80.0501,12.3432],[80.0501,12.3435],[80.0504,12.3435],[80.0504,12.3438],[80.0507,12.3438],[80.0507,12.3443],[80.051,12.3443],[80.051,12.3446],[80.0512,12.3446],[80.0512,12.3451],[80.0515,12.3451],[80.0515,12.3454],[80.0521,12.3454],[80.0521,12.3457],[80.0524,12.3457],[80.0524,12.346],[80.0526,12.346],[80.0526,12.3465],[80.0529,12.3465],[80.0529,12.3468],[80.0532,12.3468],[80.0532,12.3471],[80.0535,12.3471],[80.0535,12.3474],[80.054,12.3474],[80.054,12.3476],[80.0543,12.3476],[80.0543,12.3479],[80.0549,12.3479],[80.0549,12.3485],[80.0551,12.3485],[80.0551,12.3488],[80.0554,12.3488],[80.0554,12.349],[80.056,12.349],[80.056,12.3493],[80.0563,12.3493],[80.0563,12.3496],[80.0568,12.3496],[80.0568,12.3499],[80.0571,12.3499],[80.0571,12.3501],[80.0574,12.3501],[80.0574,12.3504],[80.0576,12.3504],[80.0576,12.3507],[80.0579,12.3507],[80.0579,12.351],[80.0596,12.351],[80.0596,12.3513],[80.0599,12.3513],[80.0599,12.3515],[80.0604,12.3515],[80.0604,12.3518],[80.0607,12.3518],[80.0607,12.3521],[80.061,12.3521],[80.061,12.3524],[80.0618,12.3524],[80.0618,12.3521],[80.0621,12.3521],[80.0621,12.3518],[80.0624,12.3518],[80.0624,12.3515],[80.0629,12.3515],[80.0629,12.3513],[80.0632,12.3513],[80.0632,12.3507],[80.0629,12.3507],[80.0629,12.3501],[80.0626,12.3501],[80.0626,12.3499],[80.0624,12.3499],[80.0624,12.3493],[80.0621,12.3493],[80.0621,12.3488],[80.061,12.3488],[80.061,12.3485],[80.0604,12.3485],[80.0604,12.3482],[80.0601,12.3482],[80.0601,12.3479],[80.0599,12.3479],[80.0599,12.3476],[80.0593,12.3476],[80.0593,12.3474],[80.0587,12.3474],[80.0587,12.3471],[80.0585,12.3471],[80.0585,12.3465],[80.0582,12.3465],[80.0582,12.3462],[80.0579,12.3462],[80.0579,12.3457],[80.0576,12.3457],[80.0576,12.3451],[80.0574,12.3451],[80.0574,12.3435],[80.0571,12.3435],[80.0571,12.3432],[80.0574,12.3432],[80.0574,12.3429],[80.0571,12.3429],[80.0571,12.3421],[80.0568,12.3421],[80.0568,12.3413],[80.0565,12.3413],[80.0565,12.3401],[80.0563,12.3401],[80.0563,12.3396],[80.056,12.3396],[80.056,12.3393],[80.0557,12.3393],[80.0557,12.339],[80.0554,12.339],[80.0554,12.3385],[80.0551,12.3385],[80.0551,12.3374],[80.0549,12.3374],[80.0549,12.3371],[80.0546,12.3371],[80.0546,12.3365],[80.0543,12.3365],[80.0543,12.3357],[80.054,12.3357],[80.054,12.3351],[80.0537,12.3351],[80.0537,12.3349],[80.0535,12.3349],[80.0535,12.3343],[80.0532,12.3343],[80.0532,12.334],[80.0529,12.334],[80.0529,12.3338],[80.0526,12.3338],[80.0526,12.3335],[80.0524,12.3335],[80.0524,12.3332],[80.0521,12.3332],[80.0521,12.3329],[80.0518,12.3329],[80.0518,12.3324],[80.0515,12.3324],[80.0515,12.3315],[80.0512,12.3315],[80.0512,12.3312],[80.0512,12.331],[80.051,12.331],[80.051,12.3308],[80.051,12.3307],[80.0508,12.3307],[80.0507,12.3307],[80.0507,12.3304],[80.0504,12.3304],[80.0504,12.3301],[80.0501,12.3301],[80.0501,12.3298],[80.0501,12.3296],[80.05,12.3296],[80.0499,12.3296],[80.0499,12.3294],[80.0499,12.3293],[80.0496,12.3293],[80.0496,12.3291],[80.0496,12.3287],[80.0493,12.3287],[80.0493,12.3285],[80.049,12.3285],[80.049,12.3284],[80.049,12.3282],[80.0489,12.3282],[80.0488,12.3282],[80.0487,12.3279],[80.0485,12.3279],[80.0485,12.3276],[80.0482,12.3276],[80.0482,12.3273],[80.0482,12.3271],[80.048,12.3271],[80.0479,12.3271],[80.0479,12.3269],[80.0479,12.3265],[80.0482,12.3265],[80.0482,12.3251],[80.0474,12.3251],[80.0474,12.3249],[80.0471,12.3249],[80.0471,12.3243],[80.0468,12.3243],[80.0468,12.3237],[80.0465,12.3237],[80.0465,12.3235],[80.0462,12.3235],[80.0462,12.3232],[80.0457,12.3232],[80.0457,12.3226],[80.0454,12.3226],[80.0454,12.3224],[80.0451,12.3224],[80.0451,12.3218],[80.0449,12.3218],[80.0449,12.321],[80.0446,12.321],[80.0446,12.3207],[80.044,12.3207],[80.044,12.3204],[80.0437,12.3204],[80.0437,12.3201],[80.0435,12.3201],[80.0435,12.3196],[80.0432,12.3196],[80.0432,12.3193],[80.0429,12.3193],[80.0429,12.319],[80.0426,12.319],[80.0426,12.3185],[80.0424,12.3185],[80.0424,12.3182],[80.0421,12.3182],[80.0421,12.3176],[80.0418,12.3176],[80.0418,12.3171],[80.0415,12.3171],[80.0415,12.3165],[80.0413,12.3165],[80.0413,12.316],[80.041,12.316],[80.041,12.3154],[80.0407,12.3154],[80.0407,12.3149],[80.0404,12.3149],[80.0404,12.3143],[80.0401,12.3143],[80.0401,12.3135],[80.0404,12.3135],[80.0404,12.3138],[80.0407,12.3138],[80.0407,12.314],[80.041,12.314],[80.041,12.3143],[80.0413,12.3143],[80.0413,12.3149],[80.0415,12.3149],[80.0415,12.3151],[80.0418,12.3151],[80.0418,12.3154],[80.0421,12.3154],[80.0421,12.316],[80.0424,12.316],[80.0424,12.3162],[80.0426,12.3162],[80.0426,12.3168],[80.0429,12.3168],[80.0429,12.3171],[80.0432,12.3171],[80.0432,12.3176],[80.0435,12.3176],[80.0435,12.3182],[80.0437,12.3182],[80.0437,12.3185],[80.044,12.3185],[80.044,12.319],[80.0443,12.319],[80.0443,12.3193],[80.0446,12.3193],[80.0446,12.3199],[80.0449,12.3199],[80.0449,12.3201],[80.0452,12.3201],[80.0452,12.3204],[80.0454,12.3204],[80.0454,12.321],[80.0457,12.321],[80.0457,12.3212],[80.046,12.3212],[80.046,12.3215],[80.0462,12.3215],[80.0462,12.3218],[80.0465,12.3218],[80.0465,12.3224],[80.0468,12.3224],[80.0468,12.3226],[80.0471,12.3226],[80.0471,12.3229],[80.0474,12.3229],[80.0474,12.3235],[80.0476,12.3235],[80.0476,12.3237],[80.0479,12.3237],[80.0479,12.324],[80.0482,12.324],[80.0482,12.3246],[80.0485,12.3246],[80.0485,12.3249],[80.0488,12.3249],[80.0488,12.3254],[80.0496,12.3254],[80.0496,12.3251],[80.0501,12.3251],[80.0501,12.3249],[80.0499,12.3249],[80.0499,12.3243],[80.0496,12.3243],[80.0496,12.324],[80.0493,12.324],[80.0493,12.3235],[80.049,12.3235],[80.049,12.3232],[80.0488,12.3232],[80.0488,12.3226],[80.0485,12.3226],[80.0485,12.3224],[80.0482,12.3224],[80.0482,12.3218],[80.0479,12.3218],[80.0479,12.3215],[80.0476,12.3215],[80.0476,12.321],[80.0474,12.321],[80.0474,12.3207],[80.0471,12.3207],[80.0471,12.3204],[80.0468,12.3204],[80.0468,12.3199],[80.0465,12.3199],[80.0465,12.3196],[80.0462,12.3196],[80.0462,12.3193],[80.046,12.3193],[80.046,12.3188],[80.0457,12.3188],[80.0457,12.3185],[80.0454,12.3185],[80.0454,12.3179],[80.0452,12.3179],[80.0452,12.3176],[80.0449,12.3176],[80.0449,12.3174],[80.0446,12.3174],[80.0446,12.3168],[80.0443,12.3168],[80.0443,12.3165],[80.044,12.3165],[80.044,12.3162],[80.0437,12.3162],[80.0437,12.3157],[80.0435,12.3157],[80.0435,12.3154],[80.0432,12.3154],[80.0432,12.3149],[80.0429,12.3149],[80.0429,12.3146],[80.0426,12.3146],[80.0426,12.3143],[80.0424,12.3143],[80.0424,12.3138],[80.0421,12.3138],[80.0421,12.3135],[80.0418,12.3135],[80.0418,12.3132],[80.0415,12.3132],[80.0415,12.3126],[80.0413,12.3126],[80.0413,12.3124],[80.041,12.3124],[80.041,12.3118],[80.0407,12.3118],[80.0407,12.3115],[80.0404,12.3115],[80.0404,12.3112],[80.0401,12.3113],[80.0401,12.3107],[80.0399,12.3107],[80.0399,12.3104],[80.0396,12.3104],[80.0396,12.3099],[80.0393,12.3099],[80.0393,12.3093],[80.039,12.3093],[80.039,12.309],[80.0387,12.309],[80.0387,12.3087],[80.0385,12.3087],[80.0385,12.3085],[80.0382,12.3085],[80.0382,12.3082],[80.0379,12.3082],[80.0379,12.3076],[80.0376,12.3076],[80.0376,12.3071],[80.0374,12.3071],[80.0374,12.3068],[80.0371,12.3068],[80.0371,12.3065],[80.0368,12.3065],[80.0368,12.3063],[80.0365,12.3063],[80.0365,12.306],[80.0362,12.306],[80.0362,12.3051],[80.0357,12.3051],[80.0357,12.3046],[80.0354,12.3046],[80.0354,12.3043],[80.0351,12.3043],[80.0351,12.3038],[80.0346,12.3038],[80.0346,12.3032],[80.0343,12.3032],[80.0343,12.3029],[80.034,12.3029],[80.034,12.3026],[80.0338,12.3026],[80.0338,12.3021],[80.0335,12.3021],[80.0335,12.3015],[80.0332,12.3015],[80.0332,12.301],[80.0329,12.301],[80.0329,12.3007],[80.0326,12.3007],[80.0326,12.3001],[80.0324,12.3001],[80.0324,12.2996],[80.0321,12.2996],[80.0321,12.299],[80.0318,12.299],[80.0318,12.2985],[80.0315,12.2985],[80.0315,12.2982],[80.0313,12.2982],[80.0313,12.2976],[80.031,12.2976],[80.031,12.2971],[80.0307,12.2971],[80.0307,12.2965],[80.0304,12.2965],[80.0304,12.2963],[80.0301,12.2963],[80.0301,12.2957],[80.0299,12.2957],[80.0299,12.2954],[80.0296,12.2954],[80.0296,12.2949],[80.0293,12.2949],[80.0293,12.2946],[80.029,12.2946],[80.029,12.294],[80.0287,12.294],[80.0287,12.2935],[80.0285,12.2935],[80.0285,12.2932],[80.0282,12.2932],[80.0282,12.2926],[80.0279,12.2926],[80.0279,12.2924],[80.0276,12.2924],[80.0276,12.2918],[80.0274,12.2918],[80.0274,12.2915],[80.0271,12.2915],[80.0271,12.291],[80.0268,12.291],[80.0268,12.2907],[80.0265,12.2907],[80.0265,12.2901],[80.0263,12.2901],[80.0263,12.2899],[80.026,12.2899],[80.026,12.2893],[80.0257,12.2893],[80.0257,12.289],[80.0254,12.289],[80.0254,12.2885],[80.0251,12.2885],[80.0251,12.2882],[80.0249,12.2882],[80.0249,12.2876],[80.0246,12.2876],[80.0246,12.2873],[80.0243,12.2874],[80.0243,12.2868],[80.024,12.2868],[80.024,12.2865],[80.0238,12.2865],[80.0238,12.286],[80.0235,12.286],[80.0235,12.2857],[80.0232,12.2857],[80.0232,12.2851],[80.0229,12.2851],[80.0229,12.2849],[80.0226,12.2849],[80.0226,12.2843],[80.0224,12.2843],[80.0224,12.284],[80.0221,12.284],[80.0221,12.2835],[80.0218,12.2835],[80.0218,12.2829],[80.0215,12.2829],[80.0215,12.2826],[80.0212,12.2826],[80.0212,12.2821],[80.021,12.2821],[80.021,12.2815],[80.0207,12.2815],[80.0207,12.281],[80.0204,12.281],[80.0204,12.2807],[80.0201,12.2807],[80.0201,12.2801],[80.0199,12.2801],[80.0199,12.2796],[80.0196,12.2796],[80.0196,12.279],[80.0193,12.279],[80.0193,12.2788],[80.019,12.2788],[80.019,12.2782],[80.0188,12.2782],[80.0188,12.2776],[80.0185,12.2776],[80.0185,12.2771],[80.0182,12.2771],[80.0182,12.2768],[80.0179,12.2768],[80.0179,12.2763],[80.0176,12.2763],[80.0176,12.2757],[80.0174,12.2757],[80.0174,12.2751],[80.0171,12.2751],[80.0171,12.2746],[80.0168,12.2746],[80.0168,12.2718],[80.0165,12.2718],[80.0165,12.2701],[80.016,12.2701],[80.016,12.2699],[80.0157,12.2699],[80.0157,12.2696],[80.0154,12.2696],[80.0154,12.269],[80.0151,12.269],[80.0151,12.2685],[80.0149,12.2685],[80.0149,12.2676],[80.0146,12.2676],[80.0146,12.2668],[80.0143,12.2668],[80.0143,12.266],[80.014,12.266],[80.014,12.2651],[80.0137,12.2651],[80.0137,12.2643],[80.0135,12.2643],[80.0135,12.2635],[80.0132,12.2635],[80.0132,12.2629],[80.0129,12.2629],[80.0129,12.2624],[80.0126,12.2624],[80.0126,12.2618],[80.0124,12.2618],[80.0124,12.2612],[80.0121,12.2612],[80.0121,12.261],[80.0118,12.261],[80.0118,12.2604],[80.0115,12.2604],[80.0115,12.2601],[80.0113,12.2601],[80.0113,12.2596],[80.011,12.2596],[80.011,12.2593],[80.0107,12.2593],[80.0107,12.2588],[80.0104,12.2588],[80.0104,12.2585],[80.0101,12.2585],[80.0101,12.2579],[80.0099,12.2579],[80.0099,12.2574],[80.0096,12.2574],[80.0096,12.2571],[80.0093,12.2571],[80.0093,12.2565],[80.009,12.2565],[80.009,12.2562],[80.0076,12.2562],[80.0076,12.2565],[80.0079,12.2565],[80.0079,12.2571],[80.0082,12.2571],[80.0082,12.2574],[80.0085,12.2574],[80.0085,12.2576],[80.0088,12.2576],[80.0088,12.2582],[80.009,12.2582],[80.009,12.2585],[80.0093,12.2585],[80.0093,12.259],[80.0096,12.259],[80.0096,12.2596],[80.0099,12.2596],[80.0099,12.2601],[80.0101,12.2601],[80.0101,12.2607],[80.0104,12.2607],[80.0104,12.2612],[80.0107,12.2612],[80.0107,12.2615],[80.011,12.2615],[80.011,12.2621],[80.0113,12.2621],[80.0113,12.2624],[80.0115,12.2624],[80.0115,12.2626],[80.0118,12.2626],[80.0118,12.2632],[80.0121,12.2632],[80.0121,12.2635],[80.0124,12.2635],[80.0124,12.264],[80.0126,12.264],[80.0126,12.2646],[80.0124,12.2646],[80.0124,12.2651],[80.0121,12.2651],[80.0121,12.2654],[80.0115,12.2654],[80.0115,12.2651],[80.0113,12.2651],[80.0113,12.2649],[80.011,12.2649],[80.011,12.2646],[80.0104,12.2646],[80.0104,12.2643],[80.0101,12.2643],[80.0101,12.264],[80.0099,12.264],[80.0099,12.2638],[80.0096,12.2638],[80.0096,12.2635],[80.0093,12.2635],[80.0093,12.2632],[80.009,12.2632],[80.009,12.2629],[80.0088,12.2629],[80.0088,12.2626],[80.0085,12.2626],[80.0085,12.2624],[80.0082,12.2624],[80.0082,12.2621],[80.0079,12.2621],[80.0079,12.2618],[80.0076,12.2618],[80.0076,12.2615],[80.0074,12.2615],[80.0074,12.261],[80.0071,12.261],[80.0071,12.2607],[80.0068,12.2607],[80.0068,12.2604],[80.0065,12.2604],[80.0065,12.2599],[80.0062,12.2599],[80.0062,12.2596],[80.0057,12.2596],[80.0057,12.2593],[80.0049,12.2593],[80.0049,12.2596],[80.0046,12.2596],[80.0046,12.261],[80.0049,12.261],[80.0049,12.2626],[80.0051,12.2626],[80.0051,12.2638],[80.0054,12.2638],[80.0054,12.2643],[80.0057,12.2643],[80.0057,12.2649],[80.006,12.2649],[80.006,12.2654],[80.0062,12.2654],[80.0062,12.266],[80.0065,12.266],[80.0065,12.2665],[80.0068,12.2665],[80.0068,12.2671],[80.0071,12.2671],[80.0071,12.2674],[80.0076,12.2674],[80.0076,12.2679],[80.0079,12.2679],[80.0079,12.269],[80.0082,12.269],[80.0082,12.2696],[80.0085,12.2696],[80.0085,12.2699],[80.009,12.2699],[80.009,12.2701],[80.0093,12.2701],[80.0093,12.2704],[80.0096,12.2704],[80.0096,12.2707],[80.0101,12.2707],[80.0101,12.271],[80.0104,12.271],[80.0104,12.2713],[80.011,12.2713],[80.011,12.2715],[80.0113,12.2715],[80.0113,12.2721],[80.0115,12.2721],[80.0115,12.2726],[80.0101,12.2726],[80.0101,12.2724],[80.0099,12.2724],[80.0099,12.2721],[80.0096,12.2721],[80.0096,12.2718],[80.0093,12.2718],[80.0093,12.2715],[80.0091,12.2715],[80.009,12.2713],[80.0089,12.2713],[80.0085,12.2713],[80.0085,12.271],[80.0082,12.271],[80.0082,12.2707],[80.0079,12.2707],[80.0079,12.2704],[80.0076,12.2704],[80.0076,12.2701],[80.0074,12.2701],[80.0074,12.2699],[80.0074,12.2696],[80.0071,12.2696],[80.0071,12.269],[80.0068,12.269],[80.0068,12.2676],[80.0065,12.2676],[80.0065,12.2674],[80.006,12.2674],[80.006,12.2671],[80.0057,12.2671],[80.0057,12.2665],[80.0054,12.2665],[80.0054,12.2662],[80.0051,12.2662],[80.0051,12.2657],[80.0049,12.2657],[80.0049,12.2654],[80.0046,12.2654],[80.0046,12.2649],[80.0043,12.2649],[80.0043,12.2629],[80.004,12.2629],[80.004,12.2615],[80.0037,12.2615],[80.0037,12.2596],[80.0035,12.2596],[80.0035,12.2585],[80.0032,12.2585],[80.0032,12.2582],[80.0029,12.2582],[80.0029,12.2579],[80.0024,12.2579],[80.0024,12.2576],[80.0015,12.2576],[80.0015,12.2574],[80.001,12.2574],[80.001,12.2571],[79.9999,12.2571],[79.9988,12.2571],[79.9982,12.2571],[79.9982,12.2568],[79.9979,12.2568],[79.9979,12.2565],[79.9974,12.2565],[79.9974,12.2562],[79.9968,12.2562],[79.9968,12.2565],[79.9962,12.2565],[79.9962,12.2571],[79.9957,12.2571],[79.9957,12.2568],[79.9954,12.2568],[79.9954,12.2562],[79.9951,12.2562],[79.9951,12.2557],[79.9949,12.2557],[79.9949,12.2554],[79.994,12.2554],[79.994,12.2551],[79.9938,12.2551],[79.9938,12.2549],[79.9935,12.2549],[79.9935,12.2546],[79.9929,12.2546],[79.9929,12.2543],[79.9924,12.2543],[79.9924,12.254],[79.9918,12.254],[79.9918,12.2537],[79.991,12.2537],[79.991,12.2535],[79.9907,12.2535],[79.9907,12.2532],[79.9904,12.2532],[79.9904,12.2529],[79.9899,12.2529],[79.9899,12.2526],[79.9893,12.2526],[79.9893,12.2524],[79.9885,12.2524],[79.9885,12.2521],[79.9879,12.2521],[79.9879,12.2518],[79.9871,12.2518],[79.9871,12.2515],[79.9865,12.2515],[79.9865,12.2512],[79.9863,12.2513],[79.9863,12.251],[79.986,12.251],[79.986,12.2507],[79.9854,12.2507],[79.9854,12.2504],[79.9851,12.2504],[79.9851,12.2499],[79.9849,12.2499],[79.9849,12.2493],[79.9846,12.2493],[79.9846,12.2488],[79.9843,12.2488],[79.9843,12.2485],[79.984,12.2485],[79.984,12.2482],[79.9837,12.2482],[79.9837,12.2468],[79.9835,12.2468],[79.9835,12.2463],[79.9832,12.2463],[79.9832,12.2454],[79.9829,12.2454],[79.9829,12.2443],[79.9826,12.2443],[79.9826,12.2438],[79.9821,12.2438],[79.9821,12.2435],[79.9815,12.2435],[79.9815,12.2432],[79.9812,12.2432],[79.9812,12.2429],[79.9807,12.2429],[79.9807,12.2426],[79.9801,12.2426],[79.9801,12.2424],[79.9796,12.2424],[79.9796,12.2421],[79.9793,12.2421],[79.9793,12.2418],[79.9788,12.2418],[79.9788,12.2415],[79.9782,12.2415],[79.9782,12.2413],[79.9776,12.2413],[79.9776,12.241],[79.9771,12.241],[79.9771,12.2407],[79.9765,12.2407],[79.9765,12.2404],[79.9762,12.2404],[79.9762,12.2401],[79.9757,12.2401],[79.9757,12.2399],[79.9751,12.2399],[79.9751,12.2396],[79.9746,12.2396],[79.9746,12.2393],[79.974,12.2393],[79.974,12.239],[79.9737,12.239],[79.9737,12.2388],[79.9735,12.2388],[79.9735,12.2385],[79.9732,12.2385],[79.9732,12.2382],[79.9729,12.2382],[79.9729,12.2376],[79.9726,12.2376],[79.9726,12.2374],[79.9724,12.2374],[79.9724,12.2371],[79.9721,12.2371],[79.9721,12.2368],[79.9718,12.2368],[79.9718,12.2365],[79.971,12.2365],[79.971,12.2363],[79.9693,12.2363],[79.9693,12.236],[79.969,12.236],[79.969,12.2357],[79.9682,12.2357],[79.9682,12.2354],[79.9679,12.2354],[79.9679,12.2351],[79.9676,12.2351],[79.9676,12.2349],[79.9674,12.2349],[79.9674,12.2346],[79.9671,12.2346],[79.9671,12.2343],[79.9668,12.2343],[79.9668,12.234],[79.9665,12.234],[79.9665,12.2338],[79.966,12.2338],[79.966,12.2329],[79.9654,12.2329],[79.9654,12.2326],[79.9649,12.2326],[79.9649,12.2324],[79.964,12.2324],[79.964,12.2321],[79.9635,12.2321],[79.9635,12.2318],[79.9629,12.2318],[79.9629,12.2315],[79.9621,12.2315],[79.9621,12.2312],[79.9618,12.2312],[79.9618,12.231],[79.9613,12.231],[79.9613,12.2307],[79.961,12.2307],[79.961,12.2304],[79.9604,12.2304],[79.9604,12.2299],[79.9601,12.2299],[79.9601,12.2296],[79.9599,12.2296],[79.9599,12.2293],[79.9593,12.2293],[79.9593,12.229],[79.9587,12.229],[79.9587,12.2287],[79.9582,12.2287],[79.9582,12.2285],[79.9576,12.2285],[79.9576,12.2282],[79.9571,12.2282],[79.9571,12.2279],[79.9565,12.2279],[79.9565,12.2274],[79.9554,12.2274],[79.9554,12.2271],[79.9551,12.2271],[79.9551,12.2268],[79.9549,12.2268],[79.9549,12.2265],[79.954,12.2265],[79.954,12.2263],[79.9538,12.2263],[79.9538,12.226],[79.9532,12.226],[79.9532,12.2257],[79.9526,12.2257],[79.9526,12.2254],[79.9521,12.2254],[79.9521,12.2251],[79.9512,12.2251],[79.9512,12.2249],[79.951,12.2249],[79.951,12.2246],[79.9504,12.2246],[79.9504,12.2243],[79.9499,12.2243],[79.9499,12.2246],[79.9496,12.2246],[79.9496,12.2243],[79.9493,12.2243],[79.9493,12.224],[79.949,12.224],[79.949,12.2238],[79.9487,12.2238],[79.9487,12.2232],[79.9485,12.2232],[79.9485,12.2229],[79.9479,12.2229],[79.9479,12.2226],[79.9474,12.2226],[79.9474,12.2224],[79.9468,12.2224],[79.9468,12.2221],[79.9463,12.2221],[79.9463,12.2218],[79.946,12.2218],[79.946,12.2215],[79.9457,12.2215],[79.9457,12.221],[79.9454,12.221],[79.9454,12.2207],[79.9451,12.2207],[79.9451,12.2204],[79.9449,12.2204],[79.9449,12.2201],[79.9446,12.2201],[79.9446,12.2199],[79.9449,12.2199],[79.9449,12.2193],[79.9457,12.2193],[79.9457,12.2196],[79.9463,12.2196],[79.9463,12.2191],[79.9463,12.219],[79.9458,12.219],[79.9451,12.219],[79.9451,12.2187],[79.9451,12.2182],[79.9454,12.2182],[79.9454,12.2179],[79.9457,12.2179],[79.9457,12.2176],[79.946,12.2176],[79.946,12.2174],[79.9474,12.2174],[79.9474,12.2171],[79.9476,12.2171],[79.9476,12.2165],[79.9479,12.2165],[79.9479,12.216],[79.9488,12.216],[79.9488,12.2157],[79.9499,12.2157],[79.9499,12.2154],[79.9501,12.2154],[79.9501,12.2151],[79.9507,12.2151],[79.9507,12.2146],[79.951,12.2146],[79.951,12.2143],[79.9518,12.2143],[79.9518,12.214],[79.9529,12.214],[79.9529,12.2138],[79.9526,12.2138],[79.9526,12.2135],[79.9521,12.2135],[79.9521,12.2132],[79.9524,12.2132],[79.9524,12.2129],[79.9526,12.2129],[79.9526,12.2126],[79.9532,12.2126],[79.9532,12.2124],[79.9535,12.2124],[79.9535,12.2121],[79.954,12.2121],[79.954,12.2124],[79.9549,12.2124],[79.9549,12.2121],[79.9551,12.2121],[79.9551,12.2118],[79.9565,12.2118],[79.9565,12.2121],[79.9568,12.2121],[79.9568,12.2124],[79.9571,12.2124],[79.9571,12.2126],[79.9576,12.2126],[79.9576,12.2129],[79.9579,12.2129],[79.9579,12.2132],[79.9582,12.2132],[79.9582,12.2135],[79.9585,12.2135],[79.9585,12.2138],[79.9587,12.2138],[79.9587,12.214],[79.9585,12.214],[79.9585,12.2146],[79.9593,12.2146],[79.9593,12.2149],[79.9599,12.2149],[79.9599,12.2154],[79.9601,12.2154],[79.9601,12.216],[79.9604,12.216],[79.9604,12.2165],[79.9607,12.2165],[79.9607,12.2171],[79.9604,12.2171],[79.9604,12.2188],[79.961,12.2188],[79.961,12.219],[79.9613,12.219],[79.9613,12.2193],[79.9618,12.2193],[79.9618,12.2196],[79.9621,12.2196],[79.9621,12.2199],[79.9624,12.2199],[79.9624,12.2204],[79.9626,12.2204],[79.9626,12.221],[79.9629,12.221],[79.9629,12.2215],[79.9632,12.2215],[79.9632,12.2218],[79.9629,12.2218],[79.9629,12.2224],[79.9626,12.2224],[79.9626,12.2221],[79.9621,12.2221],[79.9621,12.2222],[79.9621,12.2226],[79.9629,12.2226],[79.9632,12.2226],[79.9632,12.2229],[79.9633,12.2229],[79.9635,12.2229],[79.9635,12.2235],[79.9641,12.2234],[79.964,12.2238],[79.9643,12.2237],[79.9643,12.2243],[79.9646,12.2243],[79.9646,12.224],[79.9651,12.224],[79.9651,12.2243],[79.9657,12.2243],[79.9657,12.224],[79.966,12.224],[79.966,12.2249],[79.9657,12.2249],[79.9657,12.2251],[79.9657,12.2254],[79.966,12.2254],[79.966,12.2257],[79.9663,12.2257],[79.9665,12.2257],[79.9665,12.226],[79.9668,12.226],[79.9668,12.2263],[79.9674,12.2263],[79.9674,12.2265],[79.9679,12.2265],[79.9679,12.2268],[79.9685,12.2268],[79.9685,12.2271],[79.9688,12.2271],[79.9688,12.2274],[79.9693,12.2274],[79.9693,12.2276],[79.9696,12.2276],[79.9696,12.2279],[79.9701,12.2279],[79.9701,12.2282],[79.9704,12.2282],[79.9704,12.2285],[79.9707,12.2285],[79.9707,12.2287],[79.971,12.2287],[79.971,12.229],[79.9713,12.229],[79.9713,12.2293],[79.9715,12.2293],[79.9715,12.2296],[79.9718,12.2296],[79.9718,12.2299],[79.9721,12.2299],[79.9721,12.2301],[79.9724,12.2301],[79.9724,12.2307],[79.9726,12.2307],[79.9726,12.231],[79.9732,12.231],[79.9732,12.2312],[79.9735,12.2312],[79.9735,12.231],[79.9743,12.231],[79.9743,12.2312],[79.9746,12.2312],[79.9746,12.2315],[79.9751,12.2315],[79.9751,12.2318],[79.9757,12.2318],[79.9757,12.2321],[79.976,12.2321],[79.976,12.2324],[79.9765,12.2324],[79.9765,12.2326],[79.9771,12.2326],[79.9771,12.2318],[79.9774,12.2318],[79.9774,12.2315],[79.9779,12.2315],[79.9779,12.2321],[79.9782,12.2321],[79.9782,12.2329],[79.9785,12.2329],[79.9785,12.2335],[79.979,12.2335],[79.979,12.2338],[79.9796,12.2338],[79.9796,12.234],[79.9801,12.234],[79.9801,12.2343],[79.9804,12.2343],[79.9804,12.2351],[79.981,12.2351],[79.981,12.2354],[79.9812,12.2354],[79.9812,12.2357],[79.9815,12.2357],[79.9815,12.2365],[79.9818,12.2365],[79.9818,12.2368],[79.9821,12.2368],[79.9821,12.2374],[79.9824,12.2374],[79.9824,12.2376],[79.9829,12.2376],[79.9829,12.2385],[79.9832,12.2385],[79.9832,12.239],[79.9837,12.239],[79.9837,12.2393],[79.984,12.2393],[79.984,12.2396],[79.9843,12.2396],[79.9843,12.2401],[79.9846,12.2401],[79.9846,12.2404],[79.9849,12.2404],[79.9849,12.241],[79.9851,12.241],[79.9851,12.2413],[79.9857,12.2413],[79.9857,12.2418],[79.986,12.2418],[79.986,12.2421],[79.9871,12.2421],[79.9871,12.2422],[79.9871,12.2424],[79.9874,12.2424],[79.9874,12.2429],[79.9876,12.2429],[79.9876,12.2432],[79.9879,12.2432],[79.9879,12.2435],[79.9882,12.2435],[79.9882,12.2438],[79.9885,12.2438],[79.9885,12.244],[79.9887,12.244],[79.9887,12.2446],[79.989,12.2446],[79.989,12.2449],[79.9893,12.2449],[79.9893,12.2451],[79.9896,12.2451],[79.9896,12.2454],[79.9899,12.2454],[79.9899,12.2457],[79.9901,12.2457],[79.9901,12.246],[79.9904,12.246],[79.9904,12.2463],[79.9907,12.2463],[79.9907,12.2465],[79.991,12.2465],[79.991,12.2468],[79.9915,12.2468],[79.9915,12.2471],[79.9918,12.2471],[79.9918,12.2474],[79.9921,12.2474],[79.9921,12.2476],[79.9924,12.2476],[79.9924,12.2479],[79.9926,12.2479],[79.9926,12.2482],[79.9929,12.2482],[79.9929,12.2485],[79.994,12.2485],[79.994,12.2488],[79.9943,12.2488],[79.9943,12.249],[79.9946,12.249],[79.9946,12.2493],[79.9949,12.2493],[79.9949,12.2499],[79.995,12.2499],[79.9951,12.2499],[79.9951,12.2501],[79.9954,12.2501],[79.9954,12.2507],[79.996,12.2507],[79.996,12.251],[79.9962,12.251],[79.9962,12.2515],[79.9968,12.2515],[79.9968,12.2518],[79.9971,12.2518],[79.9971,12.2521],[79.9976,12.2521],[79.9976,12.2524],[79.9982,12.2524],[79.9982,12.2526],[79.999,12.2526],[79.999,12.2529],[79.9996,12.2529],[79.9996,12.2532],[80.0001,12.2532],[80.0018,12.2532],[80.0018,12.2535],[80.0024,12.2535],[80.0024,12.2537],[80.0026,12.2537],[80.0026,12.254],[80.0032,12.254],[80.0032,12.2543],[80.0049,12.2543],[80.0049,12.2546],[80.0062,12.2546],[80.0062,12.2549],[80.0068,12.2549],[80.0068,12.2546],[80.0071,12.2546],[80.0071,12.2537],[80.0068,12.2537],[80.0068,12.2535],[80.0065,12.2535],[80.0065,12.2529],[80.0062,12.2529],[80.0062,12.2526],[80.006,12.2526],[80.006,12.2521],[80.0054,12.2521],[80.0054,12.2513],[80.0051,12.2513],[80.0051,12.2507],[80.0049,12.2507],[80.0049,12.2504],[80.0046,12.2504],[80.0046,12.2499],[80.0043,12.2499],[80.0043,12.2493],[80.004,12.2493],[80.004,12.2488],[80.0037,12.2488],[80.0037,12.2485],[80.0035,12.2485],[80.0035,12.2479],[80.0032,12.2479],[80.0032,12.2474],[80.0029,12.2474],[80.0029,12.2471],[80.0026,12.2471],[80.0026,12.2465],[80.0024,12.2465],[80.0024,12.246],[80.0021,12.246],[80.0021,12.2454],[80.0018,12.2454],[80.0018,12.2449],[80.0015,12.2449],[80.0015,12.2443],[80.0013,12.2443],[80.0013,12.2438],[80.001,12.2438],[80.001,12.2435],[80.0007,12.2435],[80.0007,12.2429],[80.0004,12.2429],[80.0004,12.2426],[80.0001,12.2426],[80.0001,12.2421],[79.9999,12.2421],[79.9999,12.2418],[79.9996,12.2418],[79.9996,12.241],[79.9993,12.241],[79.9993,12.2407],[79.999,12.2407],[79.999,12.2404],[79.9987,12.2404],[79.9987,12.2401],[79.9985,12.2401],[79.9985,12.2399],[79.9982,12.2399],[79.9982,12.2396],[79.9974,12.2396],[79.9974,12.2399],[79.9971,12.2399],[79.9971,12.2401],[79.9968,12.2401],[79.9968,12.2404],[79.9962,12.2404],[79.9962,12.2396],[79.9965,12.2396],[79.9965,12.2393],[79.9974,12.2393],[79.9974,12.239],[79.9976,12.239],[79.9976,12.2376],[79.9974,12.2376],[79.9974,12.2374],[79.9971,12.2374],[79.9971,12.2368],[79.9968,12.2368],[79.9968,12.2365],[79.9965,12.2365],[79.9965,12.236],[79.9962,12.236],[79.9962,12.2357],[79.996,12.2357],[79.996,12.2351],[79.9957,12.2351],[79.9957,12.2346],[79.9954,12.2346],[79.9954,12.234],[79.9951,12.234],[79.9951,12.2338],[79.9949,12.2338],[79.9949,12.2335],[79.9946,12.2335],[79.9946,12.2332],[79.994,12.2332],[79.994,12.2329],[79.9938,12.2329],[79.9938,12.2318],[79.9935,12.2318],[79.9935,12.231],[79.9932,12.231],[79.9932,12.2304],[79.9929,12.2304],[79.9929,12.2299],[79.9926,12.2299],[79.9926,12.2293],[79.9924,12.2293],[79.9924,12.229],[79.9921,12.229],[79.9921,12.2287],[79.9918,12.2287],[79.9918,12.2285],[79.9915,12.2285],[79.9915,12.2282],[79.9912,12.2282],[79.9912,12.2274],[79.991,12.2274],[79.991,12.2268],[79.9907,12.2268],[79.9907,12.2263],[79.9904,12.2263],[79.9904,12.2257],[79.9901,12.2257],[79.9901,12.2254],[79.9899,12.2254],[79.9899,12.2249],[79.9896,12.2249],[79.9896,12.2243],[79.9893,12.2243],[79.9893,12.224],[79.989,12.224],[79.989,12.2238],[79.9887,12.2238],[79.9887,12.2235],[79.9885,12.2235],[79.9885,12.2232],[79.9882,12.2232],[79.9882,12.2226],[79.9879,12.2226],[79.9879,12.2224],[79.9876,12.2224],[79.9876,12.2221],[79.9874,12.2221],[79.9874,12.2215],[79.9871,12.2215],[79.9871,12.221],[79.9868,12.221],[79.9868,12.2207],[79.9865,12.2207],[79.9865,12.2201],[79.9863,12.2201],[79.9863,12.2199],[79.986,12.2199],[79.986,12.2196],[79.9857,12.2196],[79.9857,12.2193],[79.9854,12.2193],[79.9854,12.219],[79.9851,12.219],[79.9851,12.2188],[79.9849,12.2188],[79.9849,12.2185],[79.9846,12.2185],[79.9846,12.2182],[79.9843,12.2182],[79.9843,12.2179],[79.984,12.2179],[79.984,12.2176],[79.9837,12.2176],[79.9837,12.216],[79.9835,12.216],[79.9835,12.2157],[79.9832,12.2157],[79.9832,12.2149],[79.9829,12.2149],[79.9829,12.2143],[79.9826,12.2143],[79.9826,12.2138],[79.9818,12.2138],[79.9818,12.2135],[79.9815,12.2135],[79.9815,12.2129],[79.9812,12.2129],[79.9812,12.2124],[79.981,12.2124],[79.981,12.2118],[79.9807,12.2118],[79.9807,12.2115],[79.9804,12.2115],[79.9804,12.211],[79.9801,12.211],[79.9801,12.2104],[79.9799,12.2104],[79.9799,12.2099],[79.9796,12.2099],[79.9796,12.2093],[79.9793,12.2093],[79.9793,12.2087],[79.979,12.2087],[79.979,12.2082],[79.9788,12.2082],[79.9788,12.2079],[79.9785,12.2079],[79.9785,12.2074],[79.9782,12.2074],[79.9782,12.2068],[79.9779,12.2068],[79.9779,12.2063],[79.9776,12.2063],[79.9776,12.2057],[79.9774,12.2057],[79.9774,12.2051],[79.9771,12.2051],[79.9771,12.2049],[79.9768,12.2049],[79.9768,12.2046],[79.9765,12.2046],[79.9765,12.2043],[79.9762,12.2043],[79.9762,12.204],[79.976,12.204],[79.976,12.2038],[79.9757,12.2038],[79.9757,12.2032],[79.9754,12.2032],[79.9754,12.2026],[79.9751,12.2026],[79.9751,12.2024],[79.9749,12.2024],[79.9749,12.2018],[79.9746,12.2018],[79.9746,12.2013],[79.9743,12.2013],[79.9743,12.201],[79.974,12.201],[79.974,12.2004],[79.9737,12.2004],[79.9737,12.1999],[79.9735,12.1999],[79.9735,12.1996],[79.9732,12.1996],[79.9732,12.199],[79.9729,12.199],[79.9729,12.1985],[79.9726,12.1985],[79.9726,12.1982],[79.9724,12.1982],[79.9724,12.1976],[79.9721,12.1976],[79.9721,12.1971],[79.9718,12.1971],[79.9718,12.1965],[79.971,12.1965],[79.971,12.1963],[79.9707,12.1963],[79.9707,12.1957],[79.9704,12.1957],[79.9704,12.1954],[79.9701,12.1954],[79.9701,12.1949],[79.9699,12.1949],[79.9699,12.1946],[79.9696,12.1946],[79.9696,12.194],[79.9693,12.194],[79.9693,12.1935],[79.969,12.1935],[79.969,12.1929],[79.9688,12.1929],[79.9688,12.1926],[79.9685,12.1926],[79.9685,12.1921],[79.9682,12.1921],[79.9682,12.1915],[79.9679,12.1915],[79.9679,12.1913],[79.9676,12.1913],[79.9676,12.1907],[79.9674,12.1907],[79.9674,12.1901],[79.9671,12.1901],[79.9671,12.1896],[79.9668,12.1896],[79.9668,12.1893],[79.9665,12.1893],[79.9665,12.1888],[79.9662,12.1888],[79.9662,12.1885],[79.966,12.1885],[79.966,12.1879],[79.9657,12.1879],[79.9657,12.1874],[79.9654,12.1874],[79.9654,12.1871],[79.9651,12.1871],[79.9651,12.1865],[79.9649,12.1865],[79.9649,12.1862],[79.9646,12.1862],[79.9646,12.1857],[79.9643,12.1857],[79.9643,12.1854],[79.964,12.1854],[79.964,12.1849],[79.9638,12.1849],[79.9638,12.1846],[79.9635,12.1846],[79.9635,12.184],[79.9632,12.184],[79.9632,12.1838],[79.9629,12.1838],[79.9629,12.1832],[79.9626,12.1832],[79.9626,12.1829],[79.9624,12.1829],[79.9624,12.1826],[79.9621,12.1826],[79.9621,12.1821],[79.9618,12.1821],[79.9618,12.1818],[79.9615,12.1818],[79.9615,12.1812],[79.9613,12.1812],[79.9613,12.181],[79.961,12.181],[79.961,12.1804],[79.9607,12.1804],[79.9607,12.1801],[79.9604,12.1801],[79.9604,12.1796],[79.9601,12.1796],[79.9601,12.179],[79.9599,12.179],[79.9599,12.1788],[79.9596,12.1788],[79.9596,12.1782],[79.9593,12.1782],[79.9593,12.1779],[79.959,12.1779],[79.959,12.1774],[79.9587,12.1774],[79.9587,12.1771],[79.9585,12.1771],[79.9585,12.1768],[79.9582,12.1768],[79.9582,12.1762],[79.9579,12.1762],[79.9579,12.176],[79.9576,12.176],[79.9576,12.1754],[79.9574,12.1754],[79.9574,12.1751],[79.9571,12.1751],[79.9571,12.1749],[79.9568,12.1749],[79.9568,12.1743],[79.9565,12.1743],[79.9565,12.174],[79.9563,12.174],[79.9563,12.1738],[79.956,12.1738],[79.956,12.1732],[79.9557,12.1732],[79.9557,12.1729],[79.9554,12.1729],[79.9554,12.1726],[79.9551,12.1726],[79.9551,12.1721],[79.9549,12.1721],[79.9549,12.1718],[79.9546,12.1718],[79.9546,12.1715],[79.9543,12.1715],[79.9543,12.171],[79.954,12.171],[79.954,12.1707],[79.9538,12.1707],[79.9538,12.1701],[79.9535,12.1702],[79.9535,12.1699],[79.9532,12.1699],[79.9532,12.1693],[79.9529,12.1693],[79.9529,12.169],[79.9526,12.169],[79.9526,12.1687],[79.9524,12.1687],[79.9524,12.1682],[79.9521,12.1682],[79.9521,12.1679],[79.9518,12.1679],[79.9518,12.1674],[79.9515,12.1674],[79.9515,12.1671],[79.9512,12.1671],[79.9512,12.1665],[79.951,12.1665],[79.951,12.1663],[79.9507,12.1663],[79.9507,12.1657],[79.9504,12.1657],[79.9504,12.1654],[79.9501,12.1654],[79.9501,12.1649],[79.9499,12.1649],[79.9499,12.1646],[79.9496,12.1646],[79.9496,12.164],[79.9493,12.164],[79.9493,12.1638],[79.949,12.1638],[79.949,12.1632],[79.9488,12.1632],[79.9488,12.1626],[79.9485,12.1626],[79.9485,12.1624],[79.9482,12.1624],[79.9482,12.1618],[79.9479,12.1618],[79.9479,12.1615],[79.9476,12.1615],[79.9476,12.161],[79.9474,12.161],[79.9474,12.1604],[79.9471,12.1604],[79.9471,12.1601],[79.9468,12.1601],[79.9468,12.1599],[79.9465,12.1599],[79.9465,12.1593],[79.9463,12.1593],[79.9463,12.159],[79.9457,12.159],[79.9457,12.1587],[79.9454,12.1587],[79.9454,12.1582],[79.9451,12.1582],[79.9451,12.1579],[79.9449,12.1579],[79.9449,12.1574],[79.9446,12.1574],[79.9446,12.1571],[79.9443,12.1571],[79.9443,12.1565],[79.944,12.1565],[79.944,12.1563],[79.9437,12.1563],[79.9437,12.1557],[79.9435,12.1557],[79.9435,12.1551],[79.9432,12.1551],[79.9432,12.1549],[79.9429,12.1549],[79.9429,12.1543],[79.9426,12.1543],[79.9426,12.154],[79.9424,12.154],[79.9424,12.1535],[79.9421,12.1535],[79.9421,12.1532],[79.9418,12.1532],[79.9418,12.1526],[79.9415,12.1526],[79.9415,12.1524],[79.9412,12.1524],[79.9412,12.1518],[79.941,12.1518],[79.941,12.1515],[79.9407,12.1515],[79.9407,12.1513],[79.9404,12.1513],[79.9404,12.1507],[79.9401,12.1507],[79.9401,12.1504],[79.9399,12.1504],[79.9399,12.1501],[79.9396,12.1501],[79.9396,12.1499],[79.9393,12.1499],[79.9393,12.1493],[79.939,12.1493],[79.939,12.149],[79.9388,12.149],[79.9388,12.1487],[79.9385,12.1487],[79.9385,12.1485],[79.9382,12.1485],[79.9382,12.1479],[79.9379,12.1479],[79.9379,12.1474],[79.9374,12.1474],[79.9374,12.1471],[79.9371,12.1471],[79.9371,12.1465],[79.9368,12.1465],[79.9368,12.1463],[79.9365,12.1463],[79.9365,12.1451],[79.9362,12.1451],[79.9362,12.1446],[79.9354,12.1446],[79.9354,12.1443],[79.9351,12.1443],[79.9351,12.1438],[79.9349,12.1438],[79.9349,12.1435],[79.9346,12.1435],[79.9346,12.1429],[79.9343,12.1429],[79.9343,12.1418],[79.934,12.1418],[79.934,12.1415],[79.9338,12.1415],[79.9338,12.1413],[79.9335,12.1413],[79.9335,12.1407],[79.9332,12.1407],[79.9332,12.1404],[79.9329,12.1404],[79.9329,12.1399],[79.9326,12.1399],[79.9326,12.1388],[79.9324,12.1388],[79.9324,12.1385],[79.9318,12.1385],[79.9318,12.1382],[79.9313,12.1382],[79.9313,12.1376],[79.9315,12.1376],[79.9315,12.1374],[79.9318,12.1374],[79.9318,12.1371],[79.9315,12.1371],[79.9315,12.1365],[79.9313,12.1365],[79.9313,12.1363],[79.931,12.1363],[79.931,12.1357],[79.9307,12.1357],[79.9307,12.1354],[79.9304,12.1354],[79.9304,12.1346],[79.9301,12.1346],[79.9301,12.1343],[79.9299,12.1343],[79.9299,12.134],[79.9296,12.134],[79.9296,12.1337],[79.9293,12.1337],[79.9293,12.1335],[79.929,12.1335],[79.929,12.1329],[79.9287,12.1329],[79.9287,12.1326],[79.9285,12.1326],[79.9285,12.1321],[79.9282,12.1321],[79.9282,12.1318],[79.9279,12.1318],[79.9279,12.1313],[79.9276,12.1313],[79.9276,12.1307],[79.9274,12.1307],[79.9274,12.1304],[79.9271,12.1304],[79.9271,12.1299],[79.9268,12.1299],[79.9268,12.1296],[79.9265,12.1296],[79.9265,12.129],[79.9262,12.129],[79.9262,12.1285],[79.926,12.1285],[79.926,12.1282],[79.9257,12.1282],[79.9257,12.1276],[79.9254,12.1276],[79.9254,12.1271],[79.9251,12.1271],[79.9251,12.1268],[79.9249,12.1268],[79.9249,12.1263],[79.9246,12.1263],[79.9246,12.126],[79.9243,12.126],[79.9243,12.1254],[79.924,12.1254],[79.924,12.1249],[79.9238,12.1249],[79.9238,12.1246],[79.9235,12.1246],[79.9235,12.124],[79.9232,12.124],[79.9232,12.1235],[79.9229,12.1235],[79.9229,12.1232],[79.9226,12.1232],[79.9226,12.1226],[79.9224,12.1226],[79.9224,12.1221],[79.9221,12.1221],[79.9221,12.1218],[79.9218,12.1218],[79.9218,12.1212],[79.9215,12.1212],[79.9215,12.121],[79.9212,12.121],[79.9212,12.1204],[79.921,12.1204],[79.921,12.1199],[79.9207,12.1199],[79.9207,12.1193],[79.9204,12.1193],[79.9204,12.1188],[79.9201,12.1188],[79.9201,12.1185],[79.9199,12.1185],[79.9199,12.1182],[79.9196,12.1182],[79.9196,12.1179],[79.9193,12.1179],[79.9193,12.1176],[79.919,12.1176],[79.919,12.1171],[79.9187,12.1171],[79.9187,12.1165],[79.9185,12.1165],[79.9185,12.116],[79.9182,12.116],[79.9182,12.1154],[79.9179,12.1154],[79.9179,12.1149],[79.9176,12.1149],[79.9176,12.1143],[79.9174,12.1143],[79.9174,12.1138],[79.9171,12.1138],[79.9171,12.1132],[79.9168,12.1132],[79.9168,12.1129],[79.9165,12.1129],[79.9165,12.1124],[79.9163,12.1124],[79.9163,12.1118],[79.916,12.1118],[79.916,12.1115],[79.9157,12.1115],[79.9157,12.111],[79.9154,12.111],[79.9154,12.1104],[79.9151,12.1104],[79.9151,12.1101],[79.9149,12.1101],[79.9149,12.1096],[79.9146,12.1096],[79.9146,12.109],[79.9143,12.109],[79.9143,12.1088],[79.914,12.1088],[79.914,12.1085],[79.9137,12.1085],[79.9137,12.1079],[79.9135,12.1079],[79.9135,12.1076],[79.9132,12.1076],[79.9132,12.1074],[79.9129,12.1074],[79.9129,12.1068],[79.9126,12.1068],[79.9126,12.1065],[79.9124,12.1065],[79.9124,12.1057],[79.9121,12.1057],[79.9121,12.1051],[79.9118,12.1051],[79.9118,12.1046],[79.9115,12.1046],[79.9115,12.1043],[79.9112,12.1043],[79.9112,12.1037],[79.911,12.1038],[79.911,12.1035],[79.9107,12.1035],[79.9107,12.1029],[79.9104,12.1029],[79.9104,12.1026],[79.9101,12.1026],[79.9101,12.1021],[79.9099,12.1021],[79.9099,12.1018],[79.9096,12.1018],[79.9096,12.1015],[79.9093,12.1015],[79.9093,12.101],[79.909,12.101],[79.909,12.1007],[79.9088,12.1007],[79.9088,12.1001],[79.9085,12.1001],[79.9085,12.0999],[79.9082,12.0999],[79.9082,12.0993],[79.9071,12.0993],[79.9071,12.099],[79.9068,12.099],[79.9068,12.0985],[79.9065,12.0985],[79.9065,12.0979],[79.9063,12.0979],[79.9063,12.0976],[79.906,12.0976],[79.906,12.0971],[79.9057,12.0971],[79.9057,12.0968],[79.9054,12.0968],[79.9054,12.0962],[79.9051,12.0962],[79.9051,12.096],[79.9049,12.096],[79.9049,12.0954],[79.9046,12.0954],[79.9046,12.0951],[79.9043,12.0951],[79.9043,12.0946],[79.904,12.0946],[79.904,12.094],[79.9037,12.094],[79.9037,12.0938],[79.9035,12.0938],[79.9035,12.0932],[79.9032,12.0932],[79.9032,12.0926],[79.9029,12.0926],[79.9029,12.0924],[79.9026,12.0924],[79.9026,12.0918],[79.9024,12.0918],[79.9024,12.0913],[79.9021,12.0913],[79.9021,12.091],[79.9018,12.091],[79.9018,12.0904],[79.9015,12.0904],[79.9015,12.0901],[79.9013,12.0901],[79.9013,12.0896],[79.901,12.0896],[79.901,12.089],[79.9007,12.089],[79.9007,12.0887],[79.9004,12.0887],[79.9004,12.0882],[79.9001,12.0882],[79.9001,12.0876],[79.8999,12.0876],[79.8999,12.0874],[79.8996,12.0874],[79.8996,12.0868],[79.8993,12.0868],[79.8993,12.0863],[79.899,12.0863],[79.899,12.0857],[79.8988,12.0857],[79.8988,12.0854],[79.8985,12.0854],[79.8985,12.0849],[79.8982,12.0849],[79.8982,12.0843],[79.8979,12.0843],[79.8979,12.0838],[79.8977,12.0838],[79.8977,12.0835],[79.8974,12.0835],[79.8974,12.0829],[79.8971,12.0829],[79.8971,12.0824],[79.8968,12.0824],[79.8968,12.0818],[79.8965,12.0818],[79.8965,12.0813],[79.8962,12.0813],[79.8962,12.081],[79.896,12.081],[79.896,12.0804],[79.8957,12.0804],[79.8957,12.0799],[79.8954,12.0799],[79.8954,12.0793],[79.8951,12.0793],[79.8951,12.079],[79.8949,12.079],[79.8949,12.0785],[79.8946,12.0785],[79.8946,12.0779],[79.8943,12.0779],[79.8943,12.0774],[79.894,12.0774],[79.894,12.0771],[79.8938,12.0771],[79.8938,12.0765],[79.8935,12.0765],[79.8935,12.0763],[79.8932,12.0763],[79.8932,12.0757],[79.8929,12.0757],[79.8929,12.0754],[79.8926,12.0754],[79.8926,12.0749],[79.8924,12.0749],[79.8924,12.0746],[79.8921,12.0746],[79.8921,12.074],[79.8918,12.074],[79.8918,12.0738],[79.8915,12.0738],[79.8915,12.0732],[79.8913,12.0732],[79.8913,12.0729],[79.891,12.0729],[79.891,12.0724],[79.8907,12.0724],[79.8907,12.0721],[79.8904,12.0721],[79.8904,12.0715],[79.8901,12.0715],[79.8901,12.0713],[79.8899,12.0713],[79.8899,12.071],[79.8896,12.071],[79.8896,12.0704],[79.8893,12.0704],[79.8893,12.0701],[79.889,12.0701],[79.889,12.0699],[79.8887,12.0699],[79.8887,12.0696],[79.8885,12.0696],[79.8885,12.069],[79.8882,12.069],[79.8882,12.0687],[79.8879,12.0687],[79.8879,12.0685],[79.8876,12.0685],[79.8876,12.0679],[79.8874,12.0679],[79.8874,12.0676],[79.8871,12.0676],[79.8871,12.0674],[79.8868,12.0674],[79.8868,12.0671],[79.8865,12.0671],[79.8865,12.0665],[79.8863,12.0665],[79.8863,12.0662],[79.886,12.0662],[79.886,12.066],[79.8857,12.066],[79.8857,12.0657],[79.8854,12.0657],[79.8854,12.0651],[79.8851,12.0651],[79.8851,12.0649],[79.8849,12.0649],[79.8849,12.0632],[79.8846,12.0632],[79.8846,12.0624],[79.8843,12.0624],[79.8843,12.0621],[79.8835,12.0621],[79.8835,12.0615],[79.8832,12.0615],[79.8832,12.061],[79.8829,12.061],[79.8829,12.0604],[79.8827,12.0604],[79.8827,12.0593],[79.8824,12.0593],[79.8824,12.0585],[79.8821,12.0585],[79.8821,12.0579],[79.8818,12.0579],[79.8818,12.0576],[79.8815,12.0576],[79.8815,12.0574],[79.8812,12.0574],[79.8812,12.0568],[79.881,12.0568],[79.881,12.0563],[79.8807,12.0563],[79.8807,12.0557],[79.8804,12.0557],[79.8804,12.0551],[79.8801,12.0551],[79.8801,12.0546],[79.8799,12.0546],[79.8799,12.0538],[79.8796,12.0538],[79.8796,12.0532],[79.8793,12.0532],[79.8793,12.0526],[79.879,12.0526],[79.879,12.0521],[79.8788,12.0521],[79.8788,12.0518],[79.8793,12.0518],[79.8793,12.0513],[79.879,12.0513],[79.879,12.051],[79.8785,12.051],[79.8785,12.0507],[79.8782,12.0507],[79.8782,12.0501],[79.8779,12.0501],[79.8779,12.0496],[79.8776,12.0496],[79.8776,12.049],[79.8774,12.049],[79.8774,12.0485],[79.8771,12.0485],[79.8771,12.0476],[79.8768,12.0476],[79.8768,12.0471],[79.8765,12.0471],[79.8765,12.0465],[79.8763,12.0465],[79.8763,12.046],[79.876,12.046],[79.876,12.0454],[79.8757,12.0454],[79.8757,12.0446],[79.8754,12.0446],[79.8754,12.044],[79.8751,12.044],[79.8751,12.0435],[79.8749,12.0435],[79.8749,12.0429],[79.8746,12.0429],[79.8746,12.0424],[79.8743,12.0424],[79.8743,12.0418],[79.874,12.0418],[79.874,12.0412],[79.8737,12.0412],[79.8737,12.0407],[79.8735,12.0407],[79.8735,12.0401],[79.8732,12.0401],[79.8732,12.0396],[79.8729,12.0396],[79.8729,12.039],[79.8726,12.039],[79.8726,12.0385],[79.8724,12.0385],[79.8724,12.0379],[79.8721,12.0379],[79.8721,12.0377],[79.8718,12.0377],[79.8718,12.0374],[79.8715,12.0374],[79.8715,12.0371],[79.8712,12.0371],[79.8712,12.0365],[79.871,12.0365],[79.871,12.0354],[79.8707,12.0354],[79.8707,12.0349],[79.8704,12.0349],[79.8704,12.034],[79.8701,12.034],[79.8701,12.0335],[79.8699,12.0335],[79.8699,12.0329],[79.8696,12.0329],[79.8696,12.0324],[79.8693,12.0324],[79.8693,12.0318],[79.869,12.0318],[79.869,12.0313],[79.8688,12.0313],[79.8688,12.0307],[79.8685,12.0307],[79.8685,12.0293],[79.8682,12.0293],[79.8682,12.029],[79.8679,12.029],[79.8679,12.0285],[79.8676,12.0285],[79.8676,12.0282],[79.8674,12.0282],[79.8674,12.0279],[79.8671,12.0279],[79.8671,12.0274],[79.8668,12.0274],[79.8668,12.0268],[79.8665,12.0268],[79.8665,12.0263],[79.8662,12.0263],[79.8662,12.026],[79.866,12.026],[79.866,12.0251],[79.8657,12.0251],[79.8657,12.024],[79.8654,12.024],[79.8654,12.0232],[79.8651,12.0232],[79.8651,12.0226],[79.8649,12.0227],[79.8649,12.0224],[79.8646,12.0224],[79.8646,12.0221],[79.8643,12.0221],[79.8643,12.0215],[79.864,12.0215],[79.864,12.0207],[79.8637,12.0207],[79.8637,12.0193],[79.8635,12.0193],[79.8635,12.0185],[79.8632,12.0185],[79.8632,12.0179],[79.8629,12.0179],[79.8629,12.0174],[79.8626,12.0174],[79.8626,12.0171],[79.8624,12.0171],[79.8624,12.0168],[79.8621,12.0168],[79.8621,12.016],[79.8618,12.016],[79.8618,12.0157],[79.8615,12.0157],[79.8615,12.0154],[79.8613,12.0154],[79.8613,12.0151],[79.861,12.0151],[79.861,12.0146],[79.8607,12.0146],[79.8607,12.014],[79.8604,12.014],[79.8604,12.0138],[79.8601,12.0138],[79.8601,12.0129],[79.8599,12.0129],[79.8599,12.0118],[79.8596,12.0118],[79.8596,12.0115],[79.8593,12.0115],[79.8593,12.0107],[79.859,12.0107],[79.859,12.0101],[79.8587,12.0101],[79.8587,12.0099],[79.859,12.0099],[79.859,12.0096],[79.8593,12.0096],[79.8593,12.009],[79.8587,12.009],[79.8587,12.0085],[79.8585,12.0085],[79.8585,12.0076],[79.8582,12.0076],[79.8582,12.0068],[79.8579,12.0068],[79.8579,12.006],[79.8576,12.006],[79.8576,12.0054],[79.8574,12.0054],[79.8574,12.0049],[79.8571,12.0049],[79.8571,12.0046],[79.8568,12.0046],[79.8568,12.0038],[79.8565,12.0038],[79.8565,12.0035],[79.8562,12.0035],[79.8562,12.0029],[79.856,12.0029],[79.856,12.0026],[79.8562,12.0026],[79.8562,12.0021],[79.856,12.0021],[79.856,12.0018],[79.8557,12.0018],[79.8557,12.0001],[79.8554,12.0001],[79.8554,11.9999],[79.8554,11.9993],[79.8551,11.9993],[79.8551,11.9987],[79.8549,11.9987],[79.8549,11.9982],[79.8546,11.9982],[79.8546,11.9976],[79.8543,11.9976],[79.8543,11.9971],[79.854,11.9971],[79.854,11.9965],[79.8538,11.9965],[79.8538,11.996],[79.8535,11.996],[79.8535,11.9949],[79.8532,11.9949],[79.8532,11.9943],[79.8529,11.9943],[79.8529,11.994],[79.8532,11.994],[79.8532,11.9937],[79.8529,11.9937],[79.8529,11.9935],[79.8526,11.9935],[79.8526,11.9926],[79.8523,11.9926],[79.8523,11.9921],[79.8521,11.9921],[79.8521,11.991],[79.8518,11.991],[79.8518,11.9907],[79.8515,11.9907],[79.8515,11.9904],[79.8512,11.9904],[79.8512,11.9893],[79.851,11.9893],[79.851,11.989],[79.8507,11.989],[79.8507,11.9887],[79.8501,11.9887],[79.8501,11.9885],[79.8499,11.9885],[79.8499,11.9882],[79.8496,11.9882],[79.8496,11.9876],[79.8493,11.9876],[79.8493,11.9865],[79.8499,11.9865],[79.8499,11.9857],[79.8496,11.9857],[79.8496,11.9846],[79.8493,11.9846],[79.8493,11.9838],[79.849,11.9838],[79.849,11.9829],[79.8487,11.9829],[79.8487,11.9821],[79.8482,11.9821],[79.8482,11.9812],[79.8479,11.9812],[79.8479,11.9807],[79.8476,11.9807],[79.8476,11.9804],[79.8474,11.9804],[79.8474,11.9801],[79.8471,11.9801],[79.8471,11.9782],[79.8468,11.9782],[79.8468,11.9771],[79.8465,11.9771],[79.8465,11.9768],[79.8463,11.9768],[79.8463,11.9763],[79.846,11.9763],[79.846,11.974],[79.8457,11.974],[79.8457,11.9738],[79.8454,11.9738],[79.8454,11.9735],[79.8451,11.9735],[79.8451,11.9721],[79.8449,11.9721],[79.8449,11.9707],[79.8446,11.9707],[79.8446,11.9693],[79.8443,11.9693],[79.8443,11.9688],[79.8435,11.9688],[79.8435,11.9676],[79.8438,11.9676],[79.8438,11.9674],[79.844,11.9674],[79.844,11.9671],[79.8438,11.9671],[79.8438,11.9668],[79.8435,11.9668],[79.8435,11.9657],[79.8432,11.9657],[79.8432,11.9646],[79.8426,11.9646],[79.8426,11.9643],[79.8424,11.9643],[79.8424,11.9635],[79.8426,11.9635],[79.8426,11.9632],[79.8424,11.9632],[79.8424,11.9621],[79.8421,11.9621],[79.8421,11.9612],[79.8418,11.9612],[79.8418,11.9601],[79.8415,11.9601],[79.8415,11.9588],[79.8412,11.9588],[79.8412,11.9579],[79.841,11.9579],[79.841,11.9571],[79.8407,11.9571],[79.8407,11.9563],[79.8404,11.9563],[79.8404,11.9546],[79.8401,11.9546],[79.8401,11.9532],[79.8399,11.9532],[79.8399,11.9526],[79.8401,11.9526],[79.8401,11.9521],[79.8399,11.9521],[79.8399,11.9513],[79.8396,11.9513],[79.8396,11.9504],[79.8393,11.9504],[79.8393,11.9501],[79.839,11.9501],[79.839,11.9496],[79.8388,11.9496],[79.8388,11.9493],[79.839,11.9493],[79.839,11.949],[79.8388,11.949],[79.8388,11.9479],[79.8385,11.9479],[79.8385,11.9471],[79.8382,11.9471],[79.8382,11.9468],[79.8385,11.9468],[79.8385,11.9465],[79.8382,11.9465],[79.8382,11.9454],[79.8379,11.9454],[79.8379,11.944],[79.8376,11.944],[79.8376,11.9438],[79.8379,11.9438],[79.8379,11.9435],[79.8376,11.9435],[79.8376,11.9426],[79.8379,11.9426],[79.8379,11.9424],[79.8376,11.9424],[79.8376,11.9405],[79.8307,11.9402],[79.8254,11.9401],[79.8254,11.94],[79.818,11.9404],[79.8142,11.9406],[79.811,11.9425],[79.8081,11.9465],[79.8063,11.9553],[79.806,11.9592],[79.8046,11.9631],[79.7997,11.9643],[79.7979,11.9635],[79.7953,11.9619],[79.7924,11.9571],[79.7917,11.9477],[79.7903,11.9426],[79.7876,11.9384],[79.7833,11.9437],[79.7788,11.9464],[79.7758,11.946],[79.7727,11.9468],[79.7718,11.9464],[79.7694,11.9415],[79.7654,11.9392],[79.7642,11.9346],[79.7581,11.9304],[79.7478,11.9289],[79.7472,11.9178],[79.7475,11.9152],[79.7408,11.9095],[79.7405,11.9072],[79.7369,11.9072],[79.7366,11.9102],[79.7369,11.9274],[79.7336,11.9373],[79.7336,11.9472],[79.7145,11.9553],[79.7157,11.9675],[79.7179,11.9689],[79.7221,11.9674],[79.7269,11.9625],[79.7354,11.9636],[79.7382,11.967],[79.7424,11.967],[79.7451,11.9709],[79.7491,11.9724],[79.7524,11.9761],[79.7526,11.9795],[79.7496,11.9861],[79.7347,11.9943],[79.729,11.986],[79.7289,11.986],[79.7271,11.98],[79.7249,11.9779],[79.7199,11.9765],[79.717,11.9754],[79.7126,11.9756],[79.7099,11.9762],[79.7058,11.9774],[79.7036,11.9801],[79.7017,11.9861],[79.6954,11.9927],[79.6908,11.9963],[79.6905,12.0011],[79.6924,12.0111],[79.6916,12.0174],[79.679,12.0193],[79.6765,12.0129],[79.6715,12.0116],[79.6689,12.0073],[79.6633,12.0064],[79.6593,11.9969],[79.6524,11.9983],[79.6473,11.9972],[79.647,11.9933],[79.6443,11.9927],[79.6444,11.9863],[79.6443,11.9863],[79.6423,11.9758],[79.6442,11.9732],[79.6512,11.972],[79.6596,11.9771],[79.6614,11.9729],[79.6654,11.9675],[79.6711,11.9748],[79.6734,11.9724],[79.6775,11.974],[79.6811,11.9728],[79.6842,11.9747],[79.6869,11.974],[79.69,11.9756],[79.6948,11.9751],[79.6991,11.9721],[79.6992,11.97],[79.6953,11.961],[79.7019,11.9564],[79.7016,11.9522],[79.6932,11.9508],[79.6867,11.9473],[79.6854,11.9452],[79.6831,11.9465],[79.6815,11.9434],[79.6777,11.9394],[79.6782,11.9365],[79.6841,11.9272],[79.6902,11.9262],[79.692,11.9245],[79.6928,11.9212],[79.6978,11.9167],[79.6961,11.9201],[79.6945,11.9259],[79.6946,11.9313],[79.6965,11.9325],[79.706,11.9287],[79.7041,11.913],[79.7249,11.8915],[79.7175,11.8892],[79.716,11.8867],[79.7169,11.8768],[79.7154,11.875],[79.7083,11.874],[79.7044,11.8746],[79.7017,11.8765],[79.6915,11.8784],[79.6917,11.8978],[79.7025,11.8984],[79.7026,11.9025],[79.6829,11.9047],[79.6798,11.8934],[79.6823,11.8919],[79.6838,11.8875],[79.6799,11.8862],[79.6807,11.8819],[79.6799,11.8793],[79.6759,11.8793],[79.6687,11.8746],[79.6682,11.8763],[79.6604,11.8773],[79.6591,11.8721],[79.6591,11.8657],[79.6712,11.8666],[79.6709,11.8698],[79.6732,11.87],[79.6784,11.8696],[79.6804,11.8706],[79.6821,11.8734],[79.6905,11.8741],[79.6957,11.8734],[79.6935,11.8539],[79.6977,11.8524],[79.7038,11.8383],[79.7067,11.8471],[79.718,11.8476],[79.7182,11.8484],[79.7303,11.8469],[79.7278,11.8323],[79.7384,11.835],[79.7394,11.8499],[79.7434,11.8536],[79.7436,11.8597],[79.7498,11.8605],[79.751,11.8589],[79.755,11.8578],[79.7557,11.8505],[79.7539,11.8422],[79.7516,11.8417],[79.7503,11.836],[79.7487,11.8358],[79.7473,11.8327],[79.7521,11.8245],[79.7581,11.8221],[79.7604,11.823],[79.7636,11.8325],[79.7654,11.8333],[79.7671,11.8405],[79.7785,11.8388],[79.7818,11.8403],[79.7862,11.8384],[79.7879,11.8351],[79.791,11.8318],[79.794,11.8302],[79.7918,11.827],[79.7928,11.8195],[79.793,11.8176],[79.794,11.8156],[79.7968,11.8115],[79.8004,11.8084],[79.8004,11.8076],[79.8007,11.8076],[79.8007,11.8071],[79.8004,11.8071],[79.8004,11.8065],[79.8001,11.8065],[79.8001,11.8057],[79.7996,11.8057],[79.7996,11.8051],[79.7993,11.8051],[79.7993,11.8026],[79.799,11.8026],[79.799,11.8018],[79.7988,11.8018],[79.7988,11.8013],[79.7985,11.8013],[79.7985,11.799],[79.7982,11.799],[79.7982,11.7988],[79.7976,11.7988],[79.7976,11.7965],[79.7974,11.7965],[79.7974,11.7935],[79.7971,11.7935],[79.7971,11.7926],[79.7968,11.7926],[79.7968,11.7918],[79.7971,11.7918],[79.7971,11.7901],[79.7968,11.7901],[79.7968,11.789],[79.7965,11.789],[79.7965,11.7888],[79.7968,11.7888],[79.7968,11.7874],[79.7965,11.7874],[79.7965,11.7863],[79.7962,11.7863],[79.7962,11.7851],[79.796,11.7851],[79.796,11.7843],[79.7957,11.7843],[79.7957,11.7837],[79.7954,11.7837],[79.7954,11.7832],[79.7949,11.7832],[79.7949,11.7829],[79.7946,11.7829],[79.7946,11.7824],[79.7957,11.7824],[79.7957,11.7787],[79.7954,11.7788],[79.7954,11.7776],[79.7951,11.7776],[79.7951,11.776],[79.7954,11.776],[79.7954,11.7751],[79.7951,11.7751],[79.7951,11.7749],[79.7946,11.7749],[79.7946,11.7732],[79.7943,11.7732],[79.7943,11.7715],[79.794,11.7715],[79.794,11.7704],[79.7943,11.7704],[79.7943,11.7699],[79.794,11.7699],[79.794,11.7693],[79.7943,11.7693],[79.7943,11.769],[79.794,11.769],[79.794,11.7679],[79.7937,11.7679],[79.7937,11.7676],[79.7935,11.7676],[79.7935,11.7668],[79.7932,11.7668],[79.7932,11.7657],[79.7929,11.7657],[79.7929,11.7638],[79.7926,11.7638],[79.7926,11.7635],[79.7929,11.7635],[79.7929,11.7629],[79.7926,11.7629],[79.7926,11.7626],[79.7924,11.7626],[79.7924,11.7621],[79.7921,11.7621],[79.7921,11.7618],[79.7918,11.7618],[79.7918,11.7607],[79.7915,11.7607],[79.7915,11.7596],[79.7913,11.7596],[79.7913,11.7579],[79.791,11.7579],[79.791,11.7568],[79.7907,11.7568],[79.7907,11.756],[79.7904,11.756],[79.7904,11.7551],[79.7901,11.7551],[79.7901,11.7543],[79.7899,11.7543],[79.7899,11.7532],[79.7896,11.7532],[79.7896,11.7482],[79.7893,11.7482],[79.7893,11.7479],[79.789,11.7479],[79.789,11.746],[79.7887,11.746],[79.7887,11.7443],[79.7885,11.7443],[79.7885,11.7432],[79.7882,11.7432],[79.7882,11.7429],[79.7879,11.7429],[79.7879,11.7426],[79.7876,11.7426],[79.7876,11.7421],[79.7874,11.7421],[79.7874,11.7412],[79.7876,11.7413],[79.7876,11.7404],[79.7874,11.7404],[79.7874,11.739],[79.7871,11.739],[79.7871,11.7376],[79.7868,11.7376],[79.7868,11.7365],[79.7865,11.7365],[79.7865,11.736],[79.7862,11.736],[79.7862,11.7351],[79.786,11.7351],[79.786,11.7343],[79.7857,11.7343],[79.7857,11.7338],[79.7854,11.7338],[79.7854,11.7332],[79.7851,11.7332],[79.7851,11.7329],[79.7854,11.7329],[79.7854,11.7324],[79.7851,11.7324],[79.7851,11.7321],[79.7849,11.7321],[79.7849,11.7312],[79.7846,11.7313],[79.7846,11.7293],[79.7843,11.7293],[79.7843,11.7279],[79.784,11.7279],[79.784,11.7271],[79.7838,11.7271],[79.7838,11.7257],[79.7835,11.7257],[79.7835,11.7254],[79.7832,11.7254],[79.7832,11.7251],[79.7829,11.7251],[79.7829,11.7246],[79.7826,11.7246],[79.7826,11.7238],[79.7829,11.7238],[79.7829,11.7232],[79.7826,11.7232],[79.7826,11.7221],[79.7824,11.7221],[79.7824,11.7218],[79.7821,11.7218],[79.7821,11.7212],[79.7818,11.7212],[79.7818,11.721],[79.7815,11.721],[79.7815,11.7207],[79.7807,11.7207],[79.7807,11.7204],[79.7804,11.7204],[79.7804,11.7199],[79.7807,11.7199],[79.7807,11.7196],[79.781,11.7196],[79.781,11.7182],[79.7807,11.7182],[79.7807,11.7174],[79.7804,11.7174],[79.7804,11.7171],[79.7801,11.7171],[79.7801,11.7168],[79.7799,11.7168],[79.7799,11.7165],[79.7796,11.7165],[79.7796,11.716],[79.779,11.716],[79.779,11.7137],[79.7787,11.7138],[79.7787,11.7135],[79.7785,11.7135],[79.7785,11.7124],[79.7782,11.7124],[79.7782,11.7115],[79.7779,11.7115],[79.7779,11.711],[79.7776,11.711],[79.7776,11.7101],[79.7774,11.7101],[79.7774,11.7099],[79.7771,11.7099],[79.7771,11.7096],[79.7763,11.7096],[79.7763,11.7099],[79.776,11.7099],[79.776,11.7101],[79.7757,11.7101],[79.7757,11.711],[79.7754,11.711],[79.7754,11.7113],[79.7751,11.7113],[79.7751,11.711],[79.7749,11.711],[79.7749,11.7104],[79.7746,11.7104],[79.7746,11.7085],[79.7749,11.7085],[79.7749,11.7082],[79.7751,11.7082],[79.7751,11.7076],[79.7757,11.7076],[79.7757,11.7074],[79.7763,11.7074],[79.7763,11.7071],[79.7768,11.7071],[79.7768,11.7068],[79.7774,11.7068],[79.7774,11.706],[79.7771,11.706],[79.7771,11.7057],[79.7765,11.7057],[79.7765,11.7054],[79.7768,11.7054],[79.7768,11.7043],[79.7765,11.7043],[79.7765,11.7029],[79.7763,11.7029],[79.7763,11.7018],[79.776,11.7018],[79.776,11.7004],[79.7757,11.7004],[79.7757,11.6993],[79.7754,11.6993],[79.7754,11.6982],[79.7751,11.6982],[79.7751,11.6968],[79.7749,11.6968],[79.7749,11.696],[79.7746,11.696],[79.7746,11.6957],[79.7749,11.6957],[79.7749,11.6954],[79.7751,11.6954],[79.7751,11.6943],[79.7749,11.6943],[79.7749,11.6929],[79.7746,11.6929],[79.7746,11.6926],[79.7743,11.6926],[79.7743,11.6924],[79.774,11.6924],[79.774,11.6918],[79.7743,11.6918],[79.7743,11.6912],[79.7746,11.6912],[79.7746,11.6904],[79.7749,11.6904],[79.7749,11.6896],[79.7746,11.6896],[79.7746,11.6893],[79.7743,11.6893],[79.7743,11.689],[79.774,11.689],[79.774,11.6885],[79.7738,11.6885],[79.7738,11.684],[79.7735,11.684],[79.7735,11.6838],[79.7732,11.6838],[79.7732,11.6829],[79.7729,11.6829],[79.7729,11.6818],[79.7726,11.6818],[79.7726,11.6813],[79.7724,11.6813],[79.7724,11.6804],[79.7721,11.6804],[79.7721,11.679],[79.7718,11.679],[79.7718,11.6782],[79.7715,11.6782],[79.7715,11.6774],[79.7712,11.6774],[79.7712,11.6763],[79.771,11.6763],[79.771,11.6737],[79.7707,11.6737],[79.7707,11.6715],[79.7704,11.6715],[79.7704,11.6704],[79.7701,11.6704],[79.7701,11.6693],[79.7699,11.6693],[79.7699,11.6682],[79.7696,11.6682],[79.7696,11.6674],[79.7693,11.6674],[79.7693,11.666],[79.769,11.666],[79.769,11.6646],[79.7688,11.6646],[79.7688,11.6632],[79.7685,11.6632],[79.7685,11.6618],[79.7682,11.6618],[79.7682,11.6607],[79.7679,11.6607],[79.7679,11.6593],[79.7676,11.6593],[79.7676,11.6579],[79.7674,11.6579],[79.7674,11.6563],[79.7671,11.6563],[79.7671,11.6551],[79.7668,11.6551],[79.7668,11.6538],[79.7665,11.6538],[79.7665,11.6521],[79.7663,11.6521],[79.7663,11.6504],[79.766,11.6504],[79.766,11.6488],[79.7657,11.6488],[79.7657,11.6471],[79.7654,11.6471],[79.7654,11.6454],[79.7651,11.6454],[79.7651,11.6438],[79.7649,11.6438],[79.7649,11.6421],[79.7646,11.6421],[79.7646,11.6404],[79.7643,11.6404],[79.7643,11.6388],[79.764,11.6388],[79.764,11.6371],[79.7637,11.6371],[79.7637,11.6363],[79.7635,11.6363],[79.7635,11.636],[79.7632,11.636],[79.7632,11.6351],[79.7629,11.6351],[79.7629,11.6346],[79.7626,11.6346],[79.7626,11.6337],[79.7624,11.6338],[79.7624,11.6335],[79.7626,11.6335],[79.7626,11.6332],[79.7624,11.6332],[79.7624,11.6329],[79.7618,11.6329],[79.7618,11.6324],[79.7615,11.6324],[79.7615,11.6321],[79.7613,11.6321],[79.7613,11.6318],[79.761,11.6318],[79.761,11.6312],[79.7613,11.6313],[79.7613,11.6304],[79.7615,11.6304],[79.7615,11.629],[79.7613,11.629],[79.7613,11.6282],[79.761,11.6282],[79.761,11.6274],[79.7607,11.6274],[79.7607,11.6271],[79.7604,11.6271],[79.7604,11.6268],[79.7601,11.6268],[79.7601,11.626],[79.7604,11.626],[79.7604,11.6257],[79.7607,11.6257],[79.7607,11.6254],[79.7604,11.6254],[79.7604,11.6251],[79.7607,11.6251],[79.7607,11.6246],[79.761,11.6246],[79.761,11.624],[79.7607,11.624],[79.7607,11.6237],[79.7604,11.6237],[79.7604,11.6232],[79.7607,11.6232],[79.7607,11.6224],[79.761,11.6224],[79.761,11.6221],[79.7613,11.6221],[79.7613,11.621],[79.761,11.621],[79.761,11.6207],[79.7607,11.6207],[79.7607,11.6201],[79.7604,11.6201],[79.7604,11.6185],[79.7601,11.6185],[79.7601,11.6179],[79.7599,11.6179],[79.7599,11.6174],[79.7596,11.6174],[79.7596,11.6171],[79.7593,11.6171],[79.7593,11.6168],[79.759,11.6168],[79.759,11.6171],[79.7582,11.6171],[79.7582,11.6176],[79.7579,11.6176],[79.7579,11.6179],[79.7576,11.6179],[79.7576,11.6185],[79.7571,11.6185],[79.7571,11.6176],[79.7568,11.6176],[79.7568,11.6165],[79.7576,11.6165],[79.7576,11.6163],[79.7582,11.6163],[79.7582,11.6157],[79.759,11.6157],[79.759,11.6154],[79.7604,11.6154],[79.7604,11.6149],[79.7601,11.6149],[79.7601,11.614],[79.7599,11.614],[79.7599,11.6132],[79.7596,11.6132],[79.7596,11.6129],[79.7593,11.6129],[79.7593,11.6124],[79.759,11.6124],[79.759,11.6118],[79.7588,11.6118],[79.7588,11.6115],[79.759,11.6115],[79.759,11.6107],[79.7593,11.6107],[79.7593,11.6101],[79.7596,11.6101],[79.7596,11.609],[79.7593,11.609],[79.7593,11.6088],[79.7596,11.6088],[79.7596,11.6076],[79.7593,11.6076],[79.7593,11.6063],[79.759,11.6063],[79.759,11.6035],[79.7588,11.6035],[79.7588,11.6004],[79.7585,11.6004],[79.7585,11.5985],[79.7582,11.5985],[79.7582,11.5951],[79.7579,11.5951],[79.7579,11.5918],[79.7576,11.5918],[79.7576,11.5879],[79.7574,11.5879],[79.7574,11.584],[79.7571,11.584],[79.7571,11.5782],[79.7574,11.5782],[79.7574,11.5674],[79.7571,11.5674],[79.7571,11.5671],[79.7574,11.5671],[79.7574,11.5668],[79.7576,11.5668],[79.7576,11.5646],[79.7574,11.5646],[79.7574,11.5643],[79.7571,11.5643],[79.7571,11.5638],[79.7574,11.5638],[79.7574,11.5632],[79.7576,11.5632],[79.7576,11.5604],[79.7579,11.5604],[79.7579,11.5582],[79.7582,11.5582],[79.7582,11.556],[79.7585,11.556],[79.7585,11.5537],[79.7588,11.5538],[79.7588,11.5521],[79.759,11.5521],[79.759,11.552],[79.759,11.5507],[79.7593,11.5507],[79.7593,11.549],[79.7596,11.549],[79.7596,11.5465],[79.7599,11.5465],[79.7599,11.5463],[79.7601,11.5463],[79.7601,11.5446],[79.7604,11.5446],[79.7604,11.5429],[79.7607,11.5429],[79.7607,11.5421],[79.761,11.5421],[79.761,11.541],[79.7613,11.541],[79.7613,11.5399],[79.7615,11.5399],[79.7615,11.5382],[79.7613,11.5382],[79.7613,11.5374],[79.7615,11.5374],[79.7615,11.5371],[79.7621,11.5371],[79.7621,11.5363],[79.7624,11.5363],[79.7624,11.5354],[79.7626,11.5354],[79.7626,11.5349],[79.7629,11.5349],[79.7629,11.5337],[79.7632,11.5337],[79.7632,11.5324],[79.7635,11.5324],[79.7635,11.5321],[79.7637,11.5321],[79.7637,11.5318],[79.764,11.5318],[79.764,11.531],[79.7643,11.531],[79.7643,11.5301],[79.7646,11.5301],[79.7646,11.5296],[79.7643,11.5296],[79.7643,11.529],[79.7646,11.529],[79.7646,11.5288],[79.7643,11.5288],[79.7643,11.5282],[79.764,11.5282],[79.764,11.5279],[79.7637,11.5279],[79.7637,11.5274],[79.764,11.5274],[79.764,11.5268],[79.7646,11.5268],[79.7646,11.5271],[79.7649,11.5271],[79.7649,11.5268],[79.7654,11.5268],[79.7654,11.5265],[79.7657,11.5265],[79.7657,11.5263],[79.766,11.5263],[79.766,11.526],[79.7663,11.526],[79.7663,11.5254],[79.7665,11.5254],[79.7665,11.5249],[79.7668,11.5249],[79.7668,11.5243],[79.7671,11.5243],[79.7671,11.5238],[79.7674,11.5238],[79.7674,11.5229],[79.7676,11.5229],[79.7676,11.5226],[79.7679,11.5226],[79.7679,11.5215],[79.7682,11.5215],[79.7682,11.521],[79.7685,11.521],[79.7685,11.5204],[79.7688,11.5204],[79.7688,11.5196],[79.769,11.5196],[79.769,11.519],[79.7693,11.519],[79.7693,11.5182],[79.7696,11.5182],[79.7696,11.5179],[79.7693,11.5179],[79.7693,11.5174],[79.7696,11.5174],[79.7696,11.5165],[79.7699,11.5165],[79.7699,11.516],[79.7701,11.516],[79.7701,11.5154],[79.7704,11.5154],[79.7704,11.5149],[79.7707,11.5149],[79.7707,11.5146],[79.771,11.5146],[79.771,11.5143],[79.7713,11.5143],[79.7713,11.5138],[79.7715,11.5138],[79.7715,11.5129],[79.7713,11.5129],[79.7713,11.5126],[79.7715,11.5126],[79.7715,11.5124],[79.7718,11.5124],[79.7718,11.5121],[79.7721,11.5121],[79.7721,11.5115],[79.7724,11.5115],[79.7724,11.511],[79.7726,11.511],[79.7726,11.5104],[79.7729,11.5104],[79.7729,11.5099],[79.7732,11.5099],[79.7732,11.5079],[79.7735,11.5079],[79.7735,11.5074],[79.774,11.5074],[79.774,11.5071],[79.7743,11.5071],[79.7743,11.5068],[79.7746,11.5068],[79.7746,11.5063],[79.7749,11.5063],[79.7749,11.5057],[79.7751,11.5057],[79.7751,11.5054],[79.7754,11.5054],[79.7754,11.5051],[79.7757,11.5051],[79.7757,11.5046],[79.776,11.5046],[79.776,11.5043],[79.7763,11.5043],[79.7763,11.504],[79.7765,11.504],[79.7765,11.5035],[79.7768,11.5035],[79.7768,11.5032],[79.7771,11.5032],[79.7771,11.5029],[79.7774,11.5029],[79.7774,11.5026],[79.7776,11.5026],[79.7776,11.5021],[79.7779,11.5021],[79.7779,11.5018],[79.7782,11.5018],[79.7782,11.5015],[79.7785,11.5015],[79.7785,11.5012],[79.7787,11.5012],[79.7787,11.5007],[79.7796,11.5007],[79.7796,11.5004],[79.7799,11.5004],[79.7799,11.4996],[79.7801,11.4996],[79.7801,11.4985],[79.7804,11.4985],[79.7804,11.4974],[79.7807,11.4974],[79.7807,11.4963],[79.781,11.4963],[79.781,11.4951],[79.7813,11.4951],[79.7813,11.494],[79.7815,11.494],[79.7815,11.4932],[79.7818,11.4932],[79.7818,11.4921],[79.7821,11.4921],[79.7821,11.491],[79.7824,11.491],[79.7824,11.4901],[79.7826,11.4901],[79.7826,11.4893],[79.7829,11.4893],[79.7829,11.4885],[79.7832,11.4885],[79.7832,11.4876],[79.7835,11.4876],[79.7835,11.4865],[79.7838,11.4865],[79.7838,11.4857],[79.784,11.4857],[79.784,11.4849],[79.7843,11.4849],[79.7843,11.484],[79.7846,11.484],[79.7846,11.4832],[79.7849,11.4832],[79.7849,11.4826],[79.7851,11.4826],[79.7851,11.4818],[79.7854,11.4818],[79.7854,11.4812],[79.7857,11.4812],[79.7857,11.4807],[79.786,11.4807],[79.786,11.4799],[79.7862,11.4799],[79.7862,11.4793],[79.7865,11.4793],[79.7865,11.4785],[79.7868,11.4785],[79.7868,11.4779],[79.7871,11.4779],[79.7871,11.4774],[79.7874,11.4774],[79.7874,11.4768],[79.7876,11.4768],[79.7876,11.4763],[79.7879,11.4763],[79.7879,11.476],[79.7882,11.476],[79.7882,11.4757],[79.7885,11.4757],[79.7885,11.4751],[79.7887,11.4751],[79.7887,11.4749],[79.789,11.4749],[79.789,11.4743],[79.7893,11.4743],[79.7893,11.474],[79.7896,11.474],[79.7896,11.4735],[79.7899,11.4735],[79.7899,11.4732],[79.7901,11.4732],[79.7901,11.4729],[79.7904,11.4729],[79.7904,11.4724],[79.7907,11.4724],[79.7907,11.4721],[79.791,11.4721],[79.791,11.4715],[79.7913,11.4715],[79.7913,11.4713],[79.7915,11.4713],[79.7915,11.4707],[79.7918,11.4707],[79.7918,11.4704],[79.7921,11.4704],[79.7921,11.4699],[79.7924,11.4699],[79.7924,11.4696],[79.7926,11.4696],[79.7926,11.469],[79.7929,11.469],[79.7929,11.4687],[79.7932,11.4688],[79.7932,11.4685],[79.7935,11.4685],[79.7935,11.4679],[79.7937,11.4679],[79.7937,11.4676],[79.794,11.4676],[79.794,11.4671],[79.7943,11.4671],[79.7943,11.4668],[79.7946,11.4668],[79.7946,11.4665],[79.7949,11.4665],[79.7949,11.466],[79.7951,11.466],[79.7951,11.4657],[79.7954,11.4657],[79.7954,11.4651],[79.7957,11.4651],[79.7957,11.4649],[79.796,11.4649],[79.796,11.4643],[79.7962,11.4643],[79.7962,11.464],[79.7965,11.464],[79.7965,11.4638],[79.7968,11.4638],[79.7968,11.4632],[79.7971,11.4632],[79.7971,11.4629],[79.7974,11.4629],[79.7974,11.4624],[79.7976,11.4624],[79.7976,11.4621],[79.7979,11.4621],[79.7979,11.4618],[79.7982,11.4618],[79.7982,11.4613],[79.7985,11.4613],[79.7985,11.4607],[79.7988,11.4607],[79.7988,11.4601],[79.799,11.4601],[79.799,11.4596],[79.7993,11.4596],[79.7993,11.459],[79.7996,11.459],[79.7996,11.4585],[79.7999,11.4585],[79.7999,11.4579],[79.8001,11.4579],[79.8001,11.4574],[79.8004,11.4574],[79.8004,11.4568],[79.8007,11.4568],[79.8007,11.4563],[79.801,11.4563],[79.801,11.4557],[79.8012,11.4557],[79.8012,11.4551],[79.8015,11.4551],[79.8015,11.4546],[79.8018,11.4546],[79.8018,11.454],[79.8021,11.454],[79.8021,11.4535],[79.8024,11.4535],[79.8024,11.4526],[79.8026,11.4526],[79.8026,11.4521],[79.8029,11.4521],[79.8029,11.4515],[79.8032,11.4515],[79.8032,11.4507],[79.8035,11.4507],[79.8035,11.4501],[79.8037,11.4501],[79.8037,11.4496],[79.804,11.4496],[79.804,11.449],[79.8043,11.449],[79.8043,11.4488],[79.8046,11.4488],[79.8046,11.4482],[79.8049,11.4482],[79.8049,11.4479],[79.8051,11.4479],[79.8051,11.4474],[79.8054,11.4474],[79.8054,11.4471],[79.8057,11.4471],[79.8057,11.4465],[79.806,11.4465],[79.806,11.446],[79.8063,11.446],[79.8063,11.4457],[79.8065,11.4457],[79.8065,11.4451],[79.8068,11.4451],[79.8068,11.4449],[79.8071,11.4449],[79.8071,11.4446],[79.8074,11.4446],[79.8074,11.4438],[79.8071,11.4438],[79.8071,11.4432],[79.8074,11.4432],[79.8074,11.4424],[79.8076,11.4424],[79.8076,11.4413],[79.8079,11.4413],[79.8079,11.4401],[79.8082,11.4401],[79.8082,11.439],[79.8085,11.439],[79.8085,11.4379],[79.8087,11.4379],[79.8087,11.4371],[79.809,11.4371],[79.809,11.4362],[79.8093,11.4362],[79.8093,11.4354],[79.8096,11.4354],[79.8096,11.4346],[79.8099,11.4346],[79.8099,11.4332],[79.8101,11.4332],[79.8101,11.4326],[79.8104,11.4326],[79.8104,11.4321],[79.8107,11.4321],[79.8107,11.4315],[79.811,11.4315],[79.811,11.4307],[79.8112,11.4307],[79.8112,11.4296],[79.8115,11.4296],[79.8115,11.4282],[79.8118,11.4282],[79.8118,11.4271],[79.8121,11.4271],[79.8121,11.426],[79.8124,11.426],[79.8124,11.4249],[79.8126,11.4249],[79.8126,11.4238],[79.8129,11.4238],[79.8129,11.4229],[79.8132,11.4229],[79.8132,11.4218],[79.8135,11.4218],[79.8135,11.421],[79.8138,11.421],[79.8138,11.4201],[79.814,11.4201],[79.814,11.4191],[79.814,11.419],[79.8143,11.419],[79.8143,11.4179],[79.8146,11.4179],[79.8146,11.4163],[79.8149,11.4163],[79.8149,11.4146],[79.8151,11.4146],[79.8151,11.4129],[79.8154,11.4129],[79.8154,11.4113],[79.8157,11.4113],[79.8157,11.4096],[79.816,11.4096],[79.816,11.4079],[79.8162,11.4079],[79.8162,11.4063],[79.8165,11.4063],[79.8165,11.4046],[79.8168,11.4046],[79.8168,11.4024],[79.8171,11.4024],[79.8171,11.4007],[79.8174,11.4007],[79.8174,11.4001],[79.8176,11.4001],[79.8176,11.3993],[79.8179,11.3993],[79.8179,11.3988],[79.8182,11.3988],[79.8182,11.3976],[79.8185,11.3976],[79.8185,11.3965],[79.8187,11.3965],[79.8187,11.3951],[79.819,11.3951],[79.819,11.3937],[79.8193,11.3937],[79.8193,11.3926],[79.8196,11.3926],[79.8196,11.3913],[79.8199,11.3913],[79.8199,11.3901],[79.8201,11.3901],[79.8201,11.3888],[79.8204,11.3888],[79.8204,11.3874],[79.8207,11.3874],[79.8207,11.3862],[79.821,11.3863],[79.821,11.3851],[79.8213,11.3851],[79.8213,11.3843],[79.8215,11.3843],[79.8215,11.3838],[79.8218,11.3838],[79.8218,11.3829],[79.8221,11.3829],[79.8221,11.3824],[79.8224,11.3824],[79.8224,11.3818],[79.8226,11.3818],[79.8226,11.3813],[79.8229,11.3813],[79.8229,11.381],[79.8232,11.381],[79.8232,11.3804],[79.8235,11.3804],[79.8235,11.3801],[79.8238,11.3801],[79.8238,11.3796],[79.824,11.3796],[79.824,11.379],[79.8243,11.379],[79.8243,11.3787],[79.8235,11.3787],[79.8235,11.3771],[79.8232,11.3771],[79.8232,11.3754],[79.8235,11.3754],[79.8235,11.3746],[79.8238,11.3746],[79.8238,11.3737],[79.824,11.3737],[79.824,11.3729],[79.8243,11.3729],[79.8243,11.3704],[79.8246,11.3704],[79.8246,11.3699],[79.8249,11.3699],[79.8249,11.3693],[79.8251,11.3693],[79.8251,11.3685],[79.8254,11.3685],[79.8254,11.3679],[79.8257,11.3679],[79.8257,11.3674],[79.826,11.3674],[79.826,11.3665],[79.8262,11.3665],[79.8262,11.366],[79.8265,11.366],[79.8265,11.3654],[79.8268,11.3654],[79.8268,11.3649],[79.8271,11.3649],[79.8271,11.3635],[79.8274,11.3635],[79.8274,11.3629],[79.824,11.3629],[79.824,11.3632],[79.8238,11.3632],[79.8238,11.3635],[79.8235,11.3635],[79.8235,11.3638],[79.8232,11.3638],[79.8232,11.364],[79.8229,11.364],[79.8229,11.3643],[79.8226,11.3643],[79.8226,11.3649],[79.8224,11.3649],[79.8224,11.3651],[79.8221,11.3651],[79.8221,11.3654],[79.8207,11.3654],[79.8207,11.3657],[79.8204,11.3657],[79.8204,11.3663],[79.8199,11.3663],[79.8199,11.3668],[79.8196,11.3668],[79.8196,11.3676],[79.8193,11.3676],[79.8193,11.3679],[79.819,11.3679],[79.819,11.3682],[79.8187,11.3682],[79.8187,11.3685],[79.8185,11.3685],[79.8185,11.3688],[79.8182,11.3688],[79.8182,11.369],[79.8179,11.369],[79.8179,11.3693],[79.8174,11.3693],[79.8174,11.3696],[79.8165,11.3696],[79.8165,11.3699],[79.816,11.3699],[79.816,11.3701],[79.8157,11.3701],[79.8157,11.3704],[79.8124,11.3704],[79.8124,11.3707],[79.8118,11.3707],[79.8118,11.3721],[79.8121,11.3721],[79.8121,11.3726],[79.8124,11.3726],[79.8124,11.3732],[79.8126,11.3732],[79.8126,11.3735],[79.8129,11.3735],[79.8129,11.3737],[79.8132,11.3737],[79.8132,11.374],[79.8135,11.374],[79.8135,11.3746],[79.8138,11.3746],[79.8138,11.376],[79.8135,11.376],[79.8135,11.3776],[79.8132,11.3776],[79.8132,11.3779],[79.8129,11.3779],[79.8129,11.3785],[79.8126,11.3785],[79.8126,11.379],[79.8124,11.379],[79.8124,11.3793],[79.8121,11.3793],[79.8121,11.3799],[79.8115,11.3799],[79.8115,11.3801],[79.8112,11.3801],[79.8112,11.3804],[79.811,11.3804],[79.811,11.3807],[79.8107,11.3807],[79.8107,11.381],[79.8104,11.381],[79.8104,11.3813],[79.8101,11.3813],[79.8101,11.3826],[79.8104,11.3826],[79.8104,11.3835],[79.8101,11.3835],[79.8101,11.3838],[79.8096,11.3838],[79.8096,11.3835],[79.8093,11.3835],[79.8093,11.3824],[79.809,11.3824],[79.809,11.381],[79.8093,11.381],[79.8093,11.3807],[79.8096,11.3807],[79.8096,11.3804],[79.8099,11.3804],[79.8099,11.3801],[79.8101,11.3801],[79.8101,11.3796],[79.8104,11.3796],[79.8104,11.3793],[79.8107,11.3793],[79.8107,11.379],[79.811,11.379],[79.811,11.3785],[79.8115,11.3785],[79.8115,11.3779],[79.8118,11.3779],[79.8118,11.3776],[79.8121,11.3776],[79.8121,11.3774],[79.8124,11.3774],[79.8124,11.3768],[79.8126,11.3768],[79.8126,11.3765],[79.8129,11.3765],[79.8129,11.376],[79.8126,11.376],[79.8126,11.3754],[79.8124,11.3754],[79.8124,11.3749],[79.8121,11.3749],[79.8121,11.3746],[79.8118,11.3746],[79.8118,11.3743],[79.8115,11.3743],[79.8115,11.3737],[79.8112,11.3737],[79.8112,11.3732],[79.811,11.3732],[79.811,11.3726],[79.8107,11.3726],[79.8107,11.371],[79.811,11.371],[79.811,11.3704],[79.8112,11.3704],[79.8112,11.3701],[79.8115,11.3701],[79.8115,11.3696],[79.8118,11.3696],[79.8118,11.3693],[79.8121,11.3693],[79.8121,11.369],[79.8129,11.369],[79.8129,11.3688],[79.8138,11.3688],[79.8138,11.3682],[79.814,11.3682],[79.814,11.3679],[79.8146,11.3679],[79.8146,11.3682],[79.8149,11.3682],[79.8149,11.3685],[79.8154,11.3685],[79.8154,11.3682],[79.8157,11.3682],[79.8157,11.3668],[79.8162,11.3668],[79.8162,11.3665],[79.8165,11.3665],[79.8165,11.3663],[79.8171,11.3663],[79.8171,11.366],[79.8174,11.366],[79.8174,11.3657],[79.8182,11.3657],[79.8182,11.3654],[79.8185,11.3654],[79.8185,11.3649],[79.8187,11.3649],[79.8187,11.3646],[79.8182,11.3646],[79.8182,11.3643],[79.8179,11.3643],[79.8179,11.3646],[79.8165,11.3646],[79.8165,11.3643],[79.8168,11.3643],[79.8168,11.3638],[79.8171,11.3638],[79.8171,11.3632],[79.8174,11.3632],[79.8174,11.3626],[79.8176,11.3626],[79.8176,11.3621],[79.8179,11.3621],[79.8179,11.3615],[79.8182,11.3615],[79.8182,11.361],[79.8185,11.361],[79.8185,11.3604],[79.8187,11.3604],[79.8187,11.3599],[79.819,11.3599],[79.819,11.3596],[79.8193,11.3596],[79.8193,11.3593],[79.8196,11.3593],[79.8196,11.359],[79.8201,11.359],[79.8201,11.3588],[79.821,11.3588],[79.821,11.3582],[79.8213,11.3582],[79.8213,11.3576],[79.8215,11.3576],[79.8215,11.3574],[79.8218,11.3574],[79.8218,11.3571],[79.8221,11.3571],[79.8221,11.3576],[79.8224,11.3576],[79.8224,11.3579],[79.8226,11.3579],[79.8226,11.3588],[79.8229,11.3588],[79.8229,11.3593],[79.8235,11.3593],[79.8235,11.3596],[79.8243,11.3596],[79.8243,11.3593],[79.8246,11.3593],[79.8246,11.3588],[79.8249,11.3588],[79.8249,11.3585],[79.8251,11.3585],[79.8251,11.3582],[79.8254,11.3582],[79.8254,11.3579],[79.8257,11.3579],[79.8257,11.3574],[79.826,11.3574],[79.826,11.3571],[79.8271,11.3571],[79.8271,11.3568],[79.8274,11.3568],[79.8274,11.3565],[79.8282,11.3565],[79.8282,11.3557],[79.8285,11.3557],[79.8285,11.3554],[79.8288,11.3554],[79.8288,11.3551],[79.829,11.3551],[79.829,11.3549],[79.8293,11.3549],[79.8293,11.3546],[79.8304,11.3546],[79.8304,11.3543],[79.8315,11.3543],[79.8315,11.354],[79.8324,11.354],[79.8324,11.3538],[79.8326,11.3538],[79.8326,11.3535],[79.8332,11.3535],[79.8332,11.3538],[79.8337,11.3538],[79.8337,11.354],[79.8343,11.354],[79.8343,11.3543],[79.8346,11.3543],[79.8346,11.3546],[79.8351,11.3546],[79.8351,11.3549],[79.8354,11.3549],[79.8354,11.3579],[79.8357,11.3579],[79.8357,11.3585],[79.836,11.3585],[79.836,11.3596],[79.8357,11.3596],[79.8357,11.3599],[79.8351,11.3599],[79.8351,11.3613],[79.8335,11.3613],[79.8335,11.3615],[79.8332,11.3615],[79.8332,11.3618],[79.8335,11.3618],[79.8335,11.3621],[79.834,11.3621],[79.834,11.3624],[79.8343,11.3624],[79.8343,11.3626],[79.8357,11.3626],[79.8357,11.3621],[79.836,11.3621],[79.836,11.3618],[79.8363,11.3618],[79.8363,11.3613],[79.8365,11.3613],[79.8365,11.3607],[79.8368,11.3607],[79.8368,11.3601],[79.8371,11.3601],[79.8371,11.3593],[79.8373,11.3593],[79.8373,11.3579],[79.8376,11.3579],[79.8376,11.3568],[79.8379,11.3568],[79.8379,11.3549],[79.8382,11.3549],[79.8382,11.3526],[79.8385,11.3526],[79.8385,11.3482],[79.8388,11.3482],[79.8388,11.3424],[79.8385,11.3424],[79.8385,11.339],[79.8382,11.339],[79.8382,11.3374],[79.8379,11.3374],[79.8379,11.3354],[79.8382,11.3354],[79.8382,11.3332],[79.8379,11.3332],[79.8379,11.3304],[79.8376,11.3304],[79.8376,11.3279],[79.8373,11.3279],[79.8373,11.3251],[79.8371,11.3251],[79.8371,11.3221],[79.8368,11.3221],[79.8368,11.3185],[79.8365,11.3185],[79.8365,11.3154],[79.8368,11.3154],[79.8368,11.3129],[79.8371,11.3129],[79.8371,11.3099],[79.8374,11.3099],[79.8374,11.304],[79.8376,11.304],[79.8376,11.3001],[79.8379,11.3001],[79.8379,11.2965],[79.8382,11.2965],[79.8382,11.2932],[79.8385,11.2932],[79.8385,11.2904],[79.8388,11.2904],[79.8388,11.2876],[79.839,11.2876],[79.839,11.2849],[79.8393,11.2849],[79.8393,11.2829],[79.8396,11.2829],[79.8396,11.2815],[79.8399,11.2815],[79.8399,11.2801],[79.8401,11.2801],[79.8401,11.2785],[79.8404,11.2785],[79.8404,11.2771],[79.8407,11.2771],[79.8407,11.2757],[79.841,11.2757],[79.841,11.2738],[79.8412,11.2738],[79.8412,11.2712],[79.8415,11.2712],[79.8415,11.269],[79.8418,11.269],[79.8418,11.2671],[79.8421,11.2671],[79.8421,11.2657],[79.8424,11.2657],[79.8424,11.2646],[79.8426,11.2646],[79.8426,11.2638],[79.8429,11.2638],[79.8429,11.2618],[79.8432,11.2618],[79.8432,11.2607],[79.8435,11.2607],[79.8435,11.2596],[79.8438,11.2596],[79.8438,11.2585],[79.844,11.2585],[79.844,11.2574],[79.8443,11.2574],[79.8443,11.2563],[79.8446,11.2563],[79.8446,11.2552],[79.8449,11.2552],[79.8449,11.254],[79.8451,11.254],[79.8451,11.2529],[79.8454,11.2529],[79.8454,11.2518],[79.8457,11.2518],[79.8457,11.2504],[79.846,11.2504],[79.846,11.249],[79.8463,11.249],[79.8463,11.2479],[79.8465,11.2479],[79.8465,11.2465],[79.8468,11.2465],[79.8468,11.2451],[79.8465,11.2451],[79.8465,11.244],[79.8463,11.244],[79.8463,11.2435],[79.846,11.2435],[79.846,11.2429],[79.8457,11.2429],[79.8457,11.2424],[79.8454,11.2424],[79.8454,11.2415],[79.8451,11.2415],[79.8451,11.2404],[79.8449,11.2404],[79.8449,11.2396],[79.8446,11.2396],[79.8446,11.2393],[79.8443,11.2393],[79.8443,11.239],[79.8438,11.239],[79.8438,11.2388],[79.8432,11.2388],[79.8432,11.2385],[79.8429,11.2385],[79.8429,11.2382],[79.8418,11.2382],[79.8418,11.2379],[79.8382,11.2379],[79.8382,11.2376],[79.8371,11.2376],[79.8371,11.2374],[79.8368,11.2374],[79.8368,11.2371],[79.8365,11.2371],[79.8365,11.2368],[79.836,11.2368],[79.836,11.2365],[79.8354,11.2365],[79.8354,11.2363],[79.8346,11.2363],[79.8346,11.236],[79.834,11.236],[79.834,11.2357],[79.8332,11.2357],[79.8332,11.2354],[79.8307,11.2354],[79.8307,11.2351],[79.8301,11.2351],[79.8301,11.2354],[79.8299,11.2354],[79.8299,11.2363],[79.8304,11.2363],[79.8304,11.236],[79.8318,11.236],[79.8318,11.2363],[79.8324,11.2363],[79.8324,11.2365],[79.8329,11.2365],[79.8329,11.2368],[79.8343,11.2368],[79.8343,11.2371],[79.8346,11.2371],[79.8346,11.2374],[79.8343,11.2374],[79.8343,11.2376],[79.834,11.2376],[79.834,11.2379],[79.8335,11.2379],[79.8335,11.2382],[79.8313,11.2382],[79.8313,11.2385],[79.8307,11.2385],[79.8307,11.2388],[79.8301,11.2388],[79.8301,11.239],[79.8296,11.239],[79.8296,11.2393],[79.829,11.2393],[79.829,11.2396],[79.8288,11.2396],[79.8288,11.2402],[79.8285,11.2402],[79.8285,11.2404],[79.8282,11.2404],[79.8282,11.2407],[79.8279,11.2407],[79.8279,11.241],[79.8277,11.241],[79.8268,11.241],[79.8268,11.2413],[79.8243,11.2413],[79.8243,11.241],[79.824,11.241],[79.824,11.2407],[79.8238,11.2407],[79.8238,11.2396],[79.8243,11.2396],[79.8243,11.2399],[79.8257,11.2399],[79.8257,11.2402],[79.8262,11.2402],[79.8262,11.2399],[79.8265,11.2399],[79.8265,11.2396],[79.8268,11.2396],[79.8268,11.239],[79.8271,11.239],[79.8271,11.2388],[79.8274,11.2388],[79.8274,11.2382],[79.8265,11.2382],[79.8265,11.2379],[79.826,11.2379],[79.826,11.2382],[79.8257,11.2382],[79.8257,11.2379],[79.824,11.2379],[79.824,11.2376],[79.8238,11.2376],[79.8238,11.2374],[79.8235,11.2374],[79.8235,11.2371],[79.8232,11.2371],[79.8232,11.2368],[79.8226,11.2368],[79.8226,11.2363],[79.8224,11.2363],[79.8224,11.236],[79.8218,11.236],[79.8218,11.2357],[79.8213,11.2357],[79.8213,11.2354],[79.821,11.2354],[79.821,11.2351],[79.8213,11.2351],[79.8213,11.2349],[79.8215,11.2349],[79.8215,11.2346],[79.8226,11.2346],[79.8226,11.2349],[79.8229,11.2349],[79.8229,11.2343],[79.8226,11.2343],[79.8226,11.234],[79.8224,11.234],[79.8224,11.2335],[79.8221,11.2335],[79.8221,11.2332],[79.8218,11.2332],[79.8218,11.2329],[79.8215,11.2329],[79.8215,11.2326],[79.821,11.2326],[79.821,11.2324],[79.8204,11.2324],[79.8204,11.2321],[79.819,11.2321],[79.819,11.2318],[79.8179,11.2318],[79.8179,11.2315],[79.8162,11.2315],[79.8162,11.2318],[79.816,11.2318],[79.816,11.2321],[79.8143,11.2321],[79.8143,11.2324],[79.8135,11.2324],[79.8135,11.2329],[79.8132,11.2329],[79.8132,11.2332],[79.8124,11.2332],[79.8124,11.2335],[79.8115,11.2335],[79.8115,11.2337],[79.811,11.2337],[79.811,11.234],[79.8101,11.234],[79.8101,11.2343],[79.8096,11.2343],[79.8096,11.2349],[79.809,11.2349],[79.809,11.2351],[79.8087,11.2351],[79.8087,11.2354],[79.8085,11.2354],[79.8085,11.2357],[79.8074,11.2357],[79.8074,11.236],[79.8068,11.236],[79.8068,11.2363],[79.8057,11.2363],[79.8057,11.2365],[79.8054,11.2365],[79.8054,11.2368],[79.8046,11.2368],[79.8046,11.2363],[79.8054,11.2363],[79.8054,11.236],[79.806,11.236],[79.806,11.2357],[79.8065,11.2357],[79.8065,11.2354],[79.8071,11.2354],[79.8071,11.2351],[79.8076,11.2351],[79.8076,11.2349],[79.8085,11.2349],[79.8085,11.2346],[79.809,11.2346],[79.809,11.2343],[79.8093,11.2343],[79.8093,11.234],[79.8096,11.234],[79.8096,11.2337],[79.8099,11.2337],[79.8099,11.2335],[79.8104,11.2335],[79.8104,11.2332],[79.811,11.2332],[79.811,11.2329],[79.8112,11.2329],[79.8112,11.2326],[79.8118,11.2326],[79.8118,11.2324],[79.8121,11.2324],[79.8121,11.2321],[79.8124,11.2321],[79.8124,11.2318],[79.8126,11.2318],[79.8126,11.2315],[79.8132,11.2315],[79.8132,11.2313],[79.814,11.2313],[79.814,11.2307],[79.8182,11.2307],[79.8182,11.231],[79.8185,11.231],[79.8185,11.2313],[79.8196,11.2313],[79.8196,11.2315],[79.8204,11.2315],[79.8204,11.2318],[79.821,11.2318],[79.821,11.2315],[79.8213,11.2315],[79.8213,11.2318],[79.8218,11.2318],[79.8218,11.2321],[79.8221,11.2321],[79.8221,11.2324],[79.8224,11.2324],[79.8224,11.2326],[79.8226,11.2326],[79.8226,11.2329],[79.8232,11.2329],[79.8232,11.2332],[79.8243,11.2332],[79.8243,11.2335],[79.826,11.2335],[79.826,11.2337],[79.8279,11.2337],[79.8279,11.2335],[79.8293,11.2335],[79.8293,11.2337],[79.8294,11.2337],[79.8301,11.2337],[79.8301,11.234],[79.831,11.234],[79.831,11.2343],[79.834,11.2343],[79.834,11.234],[79.8354,11.234],[79.8354,11.2332],[79.8351,11.2332],[79.8351,11.2329],[79.8349,11.2329],[79.8349,11.2321],[79.8346,11.2321],[79.8346,11.2315],[79.8343,11.2315],[79.8343,11.2313],[79.834,11.2313],[79.834,11.231],[79.8337,11.231],[79.8337,11.2307],[79.8335,11.2307],[79.8335,11.2304],[79.8332,11.2304],[79.8332,11.2301],[79.8329,11.2301],[79.8329,11.2299],[79.8332,11.2299],[79.8332,11.2296],[79.834,11.2296],[79.834,11.2299],[79.8343,11.2299],[79.8343,11.2301],[79.8346,11.2301],[79.8346,11.2304],[79.8349,11.2304],[79.8349,11.2315],[79.8354,11.2315],[79.8354,11.2318],[79.836,11.2318],[79.836,11.2321],[79.8376,11.2321],[79.8376,11.2318],[79.8382,11.2318],[79.8382,11.2321],[79.8396,11.2321],[79.8396,11.2318],[79.8399,11.2318],[79.8399,11.2315],[79.8401,11.2315],[79.8401,11.2313],[79.8404,11.2313],[79.8404,11.2301],[79.8399,11.2301],[79.8399,11.2299],[79.8393,11.2299],[79.8393,11.2296],[79.839,11.2296],[79.839,11.2293],[79.8393,11.2293],[79.8393,11.229],[79.8401,11.229],[79.8401,11.2293],[79.8404,11.2293],[79.8404,11.2296],[79.8407,11.2296],[79.8407,11.2299],[79.8415,11.2299],[79.8415,11.2301],[79.8421,11.2301],[79.8421,11.2304],[79.8426,11.2304],[79.8426,11.2307],[79.8429,11.2307],[79.8429,11.231],[79.8432,11.231],[79.8432,11.2313],[79.8438,11.2313],[79.8438,11.2315],[79.8446,11.2315],[79.8446,11.2318],[79.8449,11.2318],[79.8449,11.2321],[79.8457,11.2321],[79.8457,11.2324],[79.846,11.2324],[79.846,11.2326],[79.8457,11.2326],[79.8457,11.2329],[79.8451,11.2329],[79.8451,11.2332],[79.8454,11.2332],[79.8454,11.2337],[79.8457,11.2337],[79.8457,11.2343],[79.846,11.2343],[79.846,11.2346],[79.8463,11.2346],[79.8463,11.2351],[79.8465,11.2351],[79.8465,11.2357],[79.8468,11.2357],[79.8468,11.2362],[79.8468,11.2365],[79.8471,11.2365],[79.8471,11.2376],[79.8474,11.2376],[79.8474,11.2385],[79.8471,11.2385],[79.8471,11.239],[79.8468,11.239],[79.8468,11.2388],[79.8465,11.2388],[79.8465,11.2385],[79.8463,11.2385],[79.8463,11.2379],[79.846,11.2379],[79.846,11.2376],[79.8457,11.2376],[79.8457,11.2371],[79.8443,11.2371],[79.8443,11.2374],[79.8438,11.2374],[79.8438,11.2376],[79.8443,11.2376],[79.8443,11.2379],[79.8446,11.2379],[79.8446,11.2382],[79.8449,11.2382],[79.8449,11.2385],[79.8451,11.2385],[79.8451,11.2388],[79.8454,11.2388],[79.8454,11.239],[79.8457,11.239],[79.8457,11.2393],[79.846,11.2393],[79.846,11.2399],[79.8463,11.2399],[79.8463,11.2402],[79.8465,11.2402],[79.8465,11.2404],[79.8463,11.2404],[79.8463,11.241],[79.846,11.241],[79.846,11.2413],[79.8463,11.2413],[79.8463,11.2418],[79.8465,11.2418],[79.8465,11.2424],[79.8468,11.2424],[79.8468,11.2429],[79.8476,11.2429],[79.8476,11.2402],[79.8479,11.2402],[79.8479,11.2388],[79.8482,11.2388],[79.8482,11.2376],[79.8485,11.2376],[79.8485,11.2365],[79.8487,11.2365],[79.8487,11.2354],[79.849,11.2354],[79.849,11.2332],[79.8493,11.2332],[79.8493,11.2321],[79.849,11.2321],[79.849,11.2315],[79.8493,11.2315],[79.8493,11.2293],[79.8496,11.2293],[79.8496,11.2276],[79.8499,11.2276],[79.8499,11.226],[79.8501,11.226],[79.8501,11.2235],[79.8504,11.2235],[79.8504,11.2201],[79.8507,11.2201],[79.8507,11.2171],[79.851,11.2171],[79.851,11.2163],[79.8512,11.2163],[79.8512,11.2151],[79.8515,11.2151],[79.8515,11.2135],[79.8518,11.2135],[79.8518,11.2121],[79.8515,11.2121],[79.8515,11.2118],[79.8512,11.2118],[79.8512,11.211],[79.8515,11.211],[79.8515,11.2107],[79.8518,11.2107],[79.8518,11.209],[79.8521,11.209],[79.8521,11.2079],[79.8523,11.2079],[79.8523,11.2062],[79.8526,11.2062],[79.8526,11.204],[79.8529,11.204],[79.8529,11.2035],[79.8532,11.2035],[79.8532,11.2029],[79.8529,11.2029],[79.8529,11.2026],[79.8526,11.2026],[79.8526,11.201],[79.8529,11.201],[79.8529,11.1993],[79.8532,11.1993],[79.8532,11.1974],[79.8535,11.1974],[79.8535,11.1957],[79.8538,11.1957],[79.8538,11.194],[79.854,11.194],[79.854,11.1924],[79.8543,11.1924],[79.8543,11.1901],[79.8546,11.1901],[79.8546,11.1882],[79.8543,11.1882],[79.8543,11.1865],[79.854,11.1865],[79.854,11.1857],[79.8538,11.1857],[79.8538,11.1854],[79.854,11.1854],[79.854,11.1851],[79.8546,11.1851],[79.8546,11.1849],[79.8549,11.1849],[79.8549,11.1843],[79.8554,11.1843],[79.8554,11.1821],[79.8557,11.1821],[79.8557,11.1776],[79.856,11.1776],[79.856,11.1735],[79.8562,11.1735],[79.8562,11.169],[79.8565,11.169],[79.8565,11.1646],[79.8568,11.1646],[79.8568,11.1601],[79.8571,11.1601],[79.8571,11.1554],[79.8574,11.1554],[79.8574,11.151],[79.8576,11.151],[79.8576,11.1476],[79.8579,11.1476],[79.8579,11.1471],[79.8582,11.1471],[79.8582,11.1462],[79.8579,11.1463],[79.8579,11.1449],[79.8582,11.1449],[79.8582,11.144],[79.8579,11.144],[79.8579,11.1435],[79.8582,11.1435],[79.8582,11.1407],[79.8585,11.1407],[79.8585,11.1399],[79.859,11.1399],[79.859,11.1221],[79.8587,11.1221],[79.8587,11.1165],[79.8585,11.1165],[79.8585,11.0943],[79.8582,11.0943],[79.8582,11.0896],[79.8582,11.0893],[79.8579,11.0893],[79.8579,11.0857],[79.8576,11.0857],[79.8576,11.0824],[79.8574,11.0824],[79.8574,11.0768],[79.8571,11.0768],[79.8571,11.0763],[79.8576,11.0763],[79.8576,11.076],[79.8582,11.076],[79.8582,11.0757],[79.8587,11.0757],[79.8587,11.0754],[79.859,11.0754],[79.859,11.0732],[79.8587,11.0732],[79.8587,11.0729],[79.8579,11.0729],[79.8579,11.0732],[79.8574,11.0732],[79.8574,11.0735],[79.8571,11.0735],[79.8571,11.0712],[79.8568,11.0713],[79.8568,11.0554],[79.8565,11.0554],[79.8565,11.0482],[79.8562,11.0482],[79.8562,11.0374],[79.856,11.0374],[79.856,11.031],[79.8562,11.031],[79.8562,11.0299],[79.8565,11.0299],[79.8565,11.0296],[79.8562,11.0296],[79.8562,11.0288],[79.8565,11.0288],[79.8565,11.0268],[79.8568,11.0268],[79.8568,11.026],[79.8576,11.026],[79.8576,11.0251],[79.8582,11.0251],[79.8582,11.0246],[79.8579,11.0246],[79.8579,11.0243],[79.8574,11.0243],[79.8574,11.0246],[79.8571,11.0246],[79.8571,11.0238],[79.8576,11.0238],[79.8576,11.0235],[79.8574,11.0235],[79.8574,11.0232],[79.8568,11.0232],[79.8568,11.0235],[79.8565,11.0235],[79.8565,11.0201],[79.8562,11.0201],[79.8562,11.0163],[79.856,11.0163],[79.856,11.0099],[79.8557,11.0099],[79.8557,11.0043],[79.8554,11.0043],[79.8554,11.0015],[79.8551,11.0015],[79.8551,11.0007],[79.8549,11.0007],[79.8549,11.0004],[79.8546,11.0004],[79.8546,11.0001],[79.8546,10.9999],[79.8546,10.9979],[79.8549,10.9979],[79.8549,10.9951],[79.8551,10.9951],[79.8551,10.9776],[79.8549,10.9776],[79.8549,10.976],[79.8546,10.976],[79.8506,10.9758],[79.8444,10.976],[79.8376,10.9764],[79.8354,10.9766],[79.8345,10.9767],[79.8345,10.9768],[79.8244,10.9795],[79.8249,10.9848],[79.8248,10.9866],[79.8139,10.9871],[79.813,10.9849],[79.812,10.983],[79.8098,10.9821],[79.8045,10.9829],[79.8026,10.9849],[79.8015,10.9862],[79.7974,10.9849],[79.7964,10.9831],[79.7919,10.9809],[79.7904,10.9785],[79.7896,10.9734],[79.7871,10.9698],[79.7834,10.9673],[79.7772,10.9679],[79.7739,10.971],[79.7744,10.9772],[79.7723,10.9796],[79.7652,10.9792],[79.7605,10.9806],[79.7526,10.9799],[79.7482,10.9815],[79.7431,10.9851],[79.7372,10.9891],[79.7319,10.987],[79.7302,10.9851],[79.7299,10.9814],[79.7316,10.9753],[79.7302,10.971],[79.7382,10.9693],[79.7395,10.9661],[79.7438,10.967],[79.7413,10.9633],[79.7391,10.9615],[79.7381,10.9586],[79.7399,10.9558],[79.7446,10.9545],[79.7457,10.9493],[79.7455,10.9433],[79.7401,10.9437],[79.7327,10.9412],[79.7317,10.9482],[79.7267,10.9524],[79.7209,10.9506],[79.7155,10.9533],[79.7115,10.9523],[79.7037,10.9519],[79.7039,10.9476],[79.7029,10.9456],[79.7032,10.9383],[79.7044,10.9352],[79.7093,10.9356],[79.7148,10.9341],[79.7156,10.9383],[79.7192,10.9405],[79.7212,10.9353],[79.7202,10.9322],[79.7159,10.9305],[79.713,10.9279],[79.7085,10.9267],[79.7077,10.9234],[79.7085,10.9212],[79.7044,10.921],[79.7042,10.9189],[79.7104,10.9191],[79.7103,10.9174],[79.708,10.9151],[79.7086,10.9142],[79.7092,10.9132],[79.7208,10.9107],[79.7196,10.9058],[79.7212,10.9052],[79.7239,10.908],[79.7259,10.9069],[79.7256,10.9036],[79.7284,10.9023],[79.7269,10.8975],[79.743,10.8994],[79.7449,10.8967],[79.7418,10.8944],[79.7422,10.8905],[79.7414,10.8833],[79.743,10.8819],[79.7458,10.8872],[79.7453,10.8931],[79.7479,10.8952],[79.7492,10.8894],[79.7542,10.8867],[79.7519,10.8809],[79.7569,10.8801],[79.7605,10.8832],[79.7612,10.8914],[79.7732,10.8896],[79.7764,10.8817],[79.7749,10.8789],[79.7701,10.878],[79.7674,10.8756],[79.767,10.8728],[79.7725,10.8733],[79.7756,10.8758],[79.7803,10.8713],[79.7849,10.8736],[79.7883,10.8729],[79.7925,10.87],[79.8028,10.8711],[79.809,10.8674],[79.8114,10.8644],[79.8056,10.8637],[79.7918,10.8639],[79.7896,10.8618],[79.7973,10.8581],[79.8035,10.8575],[79.8075,10.8527],[79.8082,10.8489],[79.8034,10.8473],[79.7994,10.8447],[79.7956,10.8438],[79.7923,10.8488],[79.7911,10.8457],[79.7931,10.8395],[79.7967,10.8359],[79.8031,10.8337],[79.8059,10.828],[79.8082,10.8314],[79.812,10.8328],[79.8133,10.8287],[79.8137,10.8184],[79.8117,10.8158],[79.8133,10.8141],[79.8198,10.8111],[79.832,10.8114],[79.8357,10.8117],[79.8433,10.8123],[79.8512,10.8138],[79.8512,10.801],[79.851,10.801],[79.851,10.7993],[79.8507,10.7993],[79.8507,10.7974],[79.851,10.7974],[79.851,10.796],[79.8507,10.796],[79.8507,10.7957],[79.851,10.7957],[79.851,10.784],[79.8507,10.784],[79.8507,10.7835],[79.851,10.7835],[79.851,10.7799],[79.8512,10.7799],[79.8512,10.776],[79.8515,10.776],[79.8515,10.7693],[79.8518,10.7693],[79.8518,10.7649],[79.8515,10.7649],[79.8515,10.7632],[79.8512,10.7632],[79.8512,10.7629],[79.8507,10.7629],[79.8507,10.7607],[79.851,10.7607],[79.851,10.7554],[79.8507,10.7554],[79.8507,10.7546],[79.8504,10.7546],[79.8504,10.7535],[79.8507,10.7535],[79.8507,10.7529],[79.851,10.7529],[79.851,10.7501],[79.8507,10.7501],[79.8507,10.7496],[79.851,10.7496],[79.851,10.749],[79.8512,10.749],[79.8512,10.7462],[79.8515,10.7462],[79.8515,10.7451],[79.8512,10.7451],[79.8512,10.744],[79.8515,10.744],[79.8515,10.7396],[79.8512,10.7396],[79.8512,10.7393],[79.8515,10.7393],[79.8515,10.7379],[79.8518,10.7379],[79.8518,10.736],[79.8515,10.736],[79.8515,10.7357],[79.8518,10.7357],[79.8518,10.7351],[79.8521,10.7351],[79.8521,10.7304],[79.8523,10.7304],[79.8523,10.726],[79.8526,10.726],[79.8526,10.7235],[79.8524,10.7235],[79.8524,10.7229],[79.8526,10.7229],[79.8526,10.7215],[79.8529,10.7215],[79.8529,10.7126],[79.8532,10.7126],[79.8532,10.7018],[79.8529,10.7018],[79.8529,10.7007],[79.8532,10.7007],[79.8532,10.6999],[79.8535,10.6999],[79.8535,10.6938],[79.8532,10.6938],[79.8532,10.6935],[79.8535,10.6935],[79.8535,10.6924],[79.8532,10.6924],[79.8532,10.691],[79.8529,10.691],[79.8529,10.6899],[79.8532,10.6899],[79.8532,10.6893],[79.8535,10.6893],[79.8535,10.689],[79.8538,10.689],[79.8538,10.6876],[79.8535,10.6876],[79.8535,10.6871],[79.8532,10.6871],[79.8532,10.6863],[79.8535,10.6863],[79.8535,10.6854],[79.8538,10.6854],[79.8538,10.6851],[79.8535,10.6851],[79.8535,10.6843],[79.8532,10.6843],[79.8532,10.6838],[79.8535,10.6838],[79.8535,10.6821],[79.8538,10.6821],[79.8538,10.6682],[79.8535,10.6682],[79.8535,10.6551],[79.8532,10.6551],[79.8532,10.6538],[79.8535,10.6538],[79.8535,10.6532],[79.8538,10.6532],[79.8538,10.6476],[79.854,10.6476],[79.854,10.6421],[79.8543,10.6421],[79.8543,10.6365],[79.8546,10.6365],[79.8546,10.631],[79.8549,10.631],[79.8549,10.6254],[79.8551,10.6254],[79.8551,10.6199],[79.8554,10.6199],[79.8554,10.6143],[79.8557,10.6143],[79.8557,10.609],[79.856,10.609],[79.856,10.6038],[79.8562,10.6038],[79.8562,10.6012],[79.856,10.6012],[79.856,10.601],[79.8554,10.601],[79.8554,10.6004],[79.8557,10.6004],[79.8557,10.5993],[79.856,10.5993],[79.856,10.5954],[79.8557,10.5954],[79.8557,10.5951],[79.856,10.5951],[79.856,10.5949],[79.8562,10.5949],[79.8562,10.5924],[79.856,10.5924],[79.856,10.5915],[79.8562,10.5915],[79.8562,10.5907],[79.8565,10.5907],[79.8565,10.5893],[79.8562,10.5893],[79.8562,10.5882],[79.8565,10.5882],[79.8565,10.5879],[79.8562,10.5879],[79.8562,10.5871],[79.8565,10.5871],[79.8565,10.5868],[79.8568,10.5868],[79.8568,10.586],[79.8565,10.586],[79.8565,10.5857],[79.8568,10.5857],[79.8568,10.5829],[79.8571,10.5829],[79.8571,10.5813],[79.8568,10.5813],[79.8568,10.5799],[79.8571,10.5799],[79.8571,10.579],[79.8574,10.579],[79.8574,10.5751],[79.8576,10.5751],[79.8576,10.5718],[79.8579,10.5718],[79.8579,10.5688],[79.8582,10.5688],[79.8582,10.566],[79.8585,10.566],[79.8585,10.5651],[79.8582,10.5651],[79.8582,10.5649],[79.8585,10.5649],[79.8585,10.5629],[79.8587,10.5629],[79.8587,10.5599],[79.859,10.5599],[79.859,10.5571],[79.8593,10.5571],[79.8593,10.554],[79.8596,10.554],[79.8596,10.5501],[79.8599,10.5501],[79.8599,10.5451],[79.8601,10.5451],[79.8601,10.5426],[79.8601,10.5404],[79.8604,10.5404],[79.8604,10.5354],[79.8607,10.5354],[79.8607,10.5293],[79.861,10.5293],[79.861,10.5215],[79.8613,10.5215],[79.8613,10.5138],[79.8615,10.5138],[79.8615,10.5046],[79.8613,10.5046],[79.8613,10.5043],[79.8615,10.5043],[79.8615,10.5035],[79.8621,10.5035],[79.8621,10.5032],[79.8626,10.5032],[79.8626,10.5015],[79.8624,10.5015],[79.8624,10.501],[79.8621,10.501],[79.8621,10.5007],[79.8615,10.5007],[79.8615,10.5004],[79.8618,10.5004],[79.8618,10.4999],[79.8621,10.4999],[79.8621,10.499],[79.8618,10.499],[79.8618,10.4976],[79.8621,10.4976],[79.8621,10.4974],[79.8624,10.4974],[79.8624,10.4949],[79.8626,10.4949],[79.8626,10.4921],[79.8629,10.4921],[79.8629,10.4829],[79.8626,10.4829],[79.8626,10.4812],[79.8629,10.4812],[79.8629,10.4807],[79.8632,10.4807],[79.8632,10.4796],[79.8629,10.4796],[79.8629,10.479],[79.8632,10.479],[79.8632,10.4787],[79.8635,10.4787],[79.8635,10.4779],[79.8637,10.4779],[79.8637,10.4776],[79.8632,10.4776],[79.8632,10.4774],[79.8629,10.4774],[79.8629,10.4765],[79.8632,10.4765],[79.8632,10.4754],[79.8629,10.4754],[79.8629,10.4751],[79.8635,10.4751],[79.8635,10.4746],[79.8632,10.4746],[79.8632,10.4743],[79.8629,10.4743],[79.8629,10.474],[79.8632,10.474],[79.8632,10.4682],[79.8635,10.4682],[79.8635,10.4654],[79.8632,10.4654],[79.8632,10.464],[79.8635,10.464],[79.8635,10.4638],[79.8637,10.4638],[79.8637,10.459],[79.864,10.459],[79.864,10.4551],[79.8637,10.4551],[79.8637,10.4546],[79.864,10.4546],[79.864,10.454],[79.8643,10.454],[79.8643,10.4501],[79.8646,10.4501],[79.8646,10.4449],[79.8649,10.4449],[79.8649,10.4407],[79.8646,10.4407],[79.8646,10.4404],[79.8649,10.4404],[79.8649,10.4393],[79.8651,10.4393],[79.8651,10.4338],[79.8654,10.4338],[79.8654,10.4282],[79.8657,10.4282],[79.8657,10.4215],[79.866,10.4215],[79.866,10.4163],[79.8662,10.4163],[79.8662,10.416],[79.8665,10.416],[79.8665,10.4149],[79.8668,10.4149],[79.8668,10.4118],[79.8671,10.4118],[79.8671,10.4087],[79.8668,10.4087],[79.8668,10.4085],[79.8671,10.4085],[79.8671,10.4082],[79.8674,10.4082],[79.8674,10.4065],[79.8676,10.4065],[79.8676,10.4035],[79.8679,10.4035],[79.8679,10.4018],[79.8676,10.4018],[79.8676,10.4007],[79.8679,10.4007],[79.8679,10.4004],[79.8682,10.4004],[79.8682,10.3976],[79.8685,10.3976],[79.8685,10.3954],[79.8682,10.3954],[79.8682,10.3949],[79.8685,10.3949],[79.8685,10.3946],[79.8688,10.3946],[79.8688,10.3918],[79.869,10.3918],[79.869,10.3893],[79.8693,10.3893],[79.8693,10.3871],[79.8696,10.3871],[79.8696,10.3846],[79.8699,10.3846],[79.8699,10.3821],[79.8701,10.3821],[79.8701,10.3799],[79.8704,10.3799],[79.8704,10.3774],[79.8707,10.3774],[79.8707,10.3749],[79.871,10.3749],[79.871,10.3726],[79.8712,10.3726],[79.8712,10.3701],[79.8715,10.3701],[79.8715,10.3682],[79.8718,10.3682],[79.8718,10.3671],[79.8721,10.3671],[79.8721,10.3657],[79.8724,10.3657],[79.8724,10.3646],[79.8726,10.3646],[79.8726,10.3632],[79.8729,10.3632],[79.8729,10.3618],[79.8732,10.3618],[79.8732,10.3607],[79.8735,10.3607],[79.8735,10.3593],[79.8737,10.3593],[79.8737,10.3582],[79.874,10.3582],[79.874,10.3568],[79.8743,10.3568],[79.8743,10.3557],[79.8746,10.3557],[79.8746,10.3543],[79.8749,10.3543],[79.8749,10.3532],[79.8751,10.3532],[79.8751,10.3518],[79.8754,10.3518],[79.8754,10.3507],[79.8757,10.3507],[79.8757,10.3493],[79.876,10.3493],[79.876,10.3479],[79.8763,10.3479],[79.8763,10.3468],[79.8765,10.3468],[79.8765,10.3454],[79.8768,10.3454],[79.8768,10.3443],[79.8765,10.3443],[79.8765,10.3435],[79.8768,10.3435],[79.8768,10.3432],[79.8771,10.3432],[79.8771,10.3429],[79.8774,10.3429],[79.8774,10.3413],[79.8776,10.3413],[79.8776,10.3401],[79.8779,10.3401],[79.8779,10.339],[79.8782,10.339],[79.8782,10.3376],[79.8785,10.3376],[79.8785,10.3363],[79.8788,10.3363],[79.8787,10.3349],[79.879,10.3349],[79.879,10.3335],[79.8793,10.3335],[79.8793,10.3324],[79.8796,10.3324],[79.8796,10.331],[79.8799,10.331],[79.8799,10.3296],[79.8801,10.3296],[79.8801,10.3282],[79.8804,10.3282],[79.8804,10.3268],[79.8807,10.3268],[79.8807,10.3257],[79.881,10.3257],[79.881,10.3243],[79.8812,10.3243],[79.8812,10.3229],[79.8815,10.3229],[79.8815,10.3215],[79.8818,10.3215],[79.8818,10.3201],[79.8821,10.3201],[79.8821,10.319],[79.8824,10.319],[79.8824,10.3176],[79.8827,10.3176],[79.8827,10.3165],[79.8829,10.3165],[79.8829,10.316],[79.8832,10.316],[79.8832,10.3151],[79.8835,10.3151],[79.8835,10.3146],[79.8838,10.3146],[79.8838,10.314],[79.884,10.314],[79.884,10.306],[79.8838,10.306],[79.8838,10.3054],[79.8835,10.3054],[79.8835,10.3049],[79.8832,10.3049],[79.8832,10.3043],[79.8829,10.3043],[79.8829,10.3038],[79.8827,10.3038],[79.8827,10.3032],[79.8824,10.3032],[79.8824,10.3029],[79.8829,10.3029],[79.8829,10.3024],[79.8826,10.3024],[79.8826,10.3021],[79.8824,10.3021],[79.8824,10.3018],[79.8821,10.3018],[79.8821,10.3015],[79.8818,10.3015],[79.8818,10.3013],[79.8815,10.3013],[79.8815,10.301],[79.8812,10.301],[79.8812,10.3004],[79.881,10.3004],[79.881,10.2999],[79.8807,10.2999],[79.8807,10.2993],[79.8804,10.2993],[79.8804,10.2987],[79.8801,10.2987],[79.8801,10.2982],[79.8799,10.2982],[79.8799,10.2976],[79.8796,10.2976],[79.8796,10.2971],[79.8793,10.2971],[79.8793,10.2965],[79.879,10.2965],[79.879,10.2963],[79.8787,10.2963],[79.8787,10.296],[79.8785,10.296],[79.8785,10.2957],[79.8782,10.2957],[79.8782,10.2954],[79.8776,10.2954],[79.8776,10.2951],[79.8774,10.2951],[79.8774,10.2949],[79.8771,10.2949],[79.8771,10.2946],[79.8768,10.2946],[79.8768,10.2943],[79.8765,10.2943],[79.8765,10.294],[79.876,10.294],[79.876,10.2937],[79.8757,10.2937],[79.8757,10.2935],[79.8754,10.2935],[79.8754,10.2932],[79.8751,10.2932],[79.8751,10.2929],[79.8749,10.2929],[79.8749,10.2926],[79.8746,10.2926],[79.8746,10.2924],[79.874,10.2924],[79.874,10.2926],[79.8737,10.2926],[79.8737,10.2924],[79.8735,10.2924],[79.8735,10.2918],[79.8732,10.2918],[79.8732,10.2915],[79.8729,10.2915],[79.8729,10.2912],[79.8726,10.2912],[79.8726,10.291],[79.8724,10.291],[79.8724,10.2907],[79.8721,10.2907],[79.8721,10.2904],[79.8718,10.2904],[79.8718,10.2901],[79.8712,10.2901],[79.8712,10.2899],[79.871,10.2899],[79.871,10.2896],[79.8707,10.2896],[79.8707,10.2893],[79.8704,10.2893],[79.8704,10.289],[79.8701,10.289],[79.8701,10.2888],[79.8693,10.2888],[79.8693,10.2885],[79.869,10.2885],[79.869,10.2882],[79.8688,10.2882],[79.8688,10.2879],[79.8685,10.2879],[79.8685,10.2876],[79.8682,10.2876],[79.8682,10.2874],[79.8679,10.2874],[79.8679,10.2871],[79.8676,10.2871],[79.8676,10.2868],[79.8674,10.2868],[79.8674,10.2865],[79.8671,10.2865],[79.8671,10.2863],[79.8662,10.2863],[79.8662,10.286],[79.8654,10.286],[79.8654,10.2857],[79.8651,10.2857],[79.8651,10.2854],[79.8649,10.2854],[79.8649,10.2851],[79.8646,10.2851],[79.8646,10.2849],[79.864,10.2849],[79.864,10.2846],[79.8626,10.2846],[79.8626,10.2843],[79.8621,10.2843],[79.8621,10.284],[79.8618,10.284],[79.8618,10.2838],[79.8607,10.2838],[79.8607,10.2835],[79.8601,10.2835],[79.8601,10.2832],[79.8593,10.2832],[79.8593,10.2826],[79.859,10.2826],[79.859,10.2818],[79.8576,10.2818],[79.8576,10.2815],[79.8568,10.2815],[79.8568,10.2813],[79.8562,10.2813],[79.8562,10.281],[79.8554,10.281],[79.8554,10.2807],[79.8549,10.2807],[79.8549,10.2804],[79.8535,10.2804],[79.8535,10.2807],[79.8529,10.2807],[79.8529,10.2799],[79.8526,10.2799],[79.8526,10.2796],[79.8521,10.2796],[79.8521,10.2793],[79.851,10.2793],[79.851,10.279],[79.8501,10.279],[79.8501,10.2788],[79.8493,10.2788],[79.8493,10.2785],[79.8476,10.2785],[79.8476,10.2782],[79.8465,10.2782],[79.8465,10.2779],[79.8454,10.2779],[79.8454,10.2776],[79.844,10.2776],[79.844,10.2774],[79.8429,10.2774],[79.8429,10.2771],[79.8418,10.2771],[79.8418,10.2768],[79.8404,10.2768],[79.8404,10.2765],[79.8393,10.2765],[79.8393,10.2763],[79.8382,10.2763],[79.8382,10.276],[79.8368,10.276],[79.8368,10.2757],[79.8357,10.2757],[79.8357,10.2754],[79.8243,10.2754],[79.8243,10.2751],[79.8235,10.2751],[79.8235,10.2749],[79.8229,10.2749],[79.8229,10.2751],[79.8201,10.2751],[79.8201,10.2749],[79.8168,10.2749],[79.8168,10.2746],[79.8138,10.2746],[79.8138,10.2743],[79.8104,10.2743],[79.8104,10.274],[79.8071,10.274],[79.8071,10.2738],[79.8035,10.2738],[79.8035,10.274],[79.8024,10.274],[79.8024,10.2738],[79.8001,10.2738],[79.8001,10.2735],[79.7982,10.2735],[79.7982,10.2732],[79.796,10.2732],[79.796,10.2729],[79.7871,10.2729],[79.7871,10.2732],[79.7732,10.2732],[79.7732,10.2735],[79.767,10.2735],[79.7657,10.2735],[79.7657,10.2738],[79.7585,10.2738],[79.7585,10.274],[79.7549,10.274],[79.7549,10.2743],[79.7513,10.2743],[79.7513,10.2746],[79.7479,10.2746],[79.7479,10.2749],[79.7443,10.2749],[79.7443,10.2751],[79.7429,10.2751],[79.7429,10.2757],[79.7426,10.2757],[79.7426,10.2763],[79.7424,10.2763],[79.7424,10.2768],[79.7421,10.2768],[79.7421,10.2774],[79.7418,10.2774],[79.7418,10.2779],[79.7415,10.2779],[79.7415,10.2785],[79.7429,10.2785],[79.7429,10.2776],[79.7432,10.2776],[79.7432,10.2768],[79.7462,10.2768],[79.7462,10.2771],[79.746,10.2771],[79.746,10.2774],[79.7454,10.2774],[79.7454,10.2776],[79.7451,10.2776],[79.7451,10.2779],[79.7454,10.2779],[79.7454,10.2782],[79.7457,10.2782],[79.7457,10.2785],[79.746,10.2785],[79.746,10.279],[79.7462,10.279],[79.7462,10.2793],[79.7465,10.2793],[79.7465,10.2796],[79.7476,10.2796],[79.7476,10.2793],[79.7479,10.2793],[79.7479,10.279],[79.7485,10.279],[79.7485,10.2788],[79.749,10.2788],[79.749,10.2785],[79.7496,10.2785],[79.7496,10.2782],[79.7499,10.2782],[79.7499,10.2779],[79.7504,10.2779],[79.7504,10.2763],[79.751,10.2763],[79.751,10.276],[79.7518,10.276],[79.7518,10.2757],[79.7524,10.2757],[79.7524,10.2754],[79.7557,10.2754],[79.7557,10.276],[79.7554,10.276],[79.7554,10.2771],[79.7551,10.2771],[79.7551,10.2776],[79.7524,10.2776],[79.7524,10.2779],[79.7521,10.2779],[79.7521,10.2782],[79.7515,10.2782],[79.7515,10.2785],[79.7513,10.2785],[79.7513,10.2788],[79.751,10.2788],[79.751,10.279],[79.7507,10.279],[79.7507,10.2793],[79.7501,10.2793],[79.7501,10.2796],[79.7499,10.2796],[79.7499,10.2799],[79.7493,10.2799],[79.7493,10.2801],[79.749,10.2801],[79.749,10.2804],[79.7485,10.2804],[79.7485,10.2807],[79.7482,10.2807],[79.7482,10.281],[79.7476,10.281],[79.7476,10.2815],[79.7474,10.2815],[79.7474,10.2824],[79.7471,10.2824],[79.7471,10.2829],[79.7474,10.2829],[79.7474,10.2832],[79.7479,10.2832],[79.7479,10.2835],[79.7482,10.2835],[79.7482,10.2838],[79.7487,10.2838],[79.7487,10.284],[79.7496,10.284],[79.7496,10.2835],[79.7499,10.2835],[79.7499,10.2832],[79.7501,10.2832],[79.7501,10.2838],[79.7504,10.2838],[79.7504,10.2843],[79.7507,10.2843],[79.7507,10.2849],[79.751,10.2849],[79.751,10.2854],[79.7513,10.2854],[79.7513,10.286],[79.751,10.286],[79.751,10.2865],[79.7507,10.2865],[79.7507,10.2868],[79.7504,10.2868],[79.7504,10.2871],[79.7501,10.2871],[79.7501,10.2876],[79.7499,10.2876],[79.7499,10.2879],[79.7496,10.2879],[79.7496,10.2882],[79.7493,10.2882],[79.7493,10.2888],[79.749,10.2888],[79.749,10.289],[79.7496,10.289],[79.7496,10.2893],[79.7501,10.2893],[79.7501,10.2896],[79.7504,10.2896],[79.7504,10.2899],[79.751,10.2899],[79.751,10.2901],[79.7521,10.2901],[79.7521,10.2899],[79.7524,10.2899],[79.7524,10.2896],[79.7526,10.2896],[79.7526,10.289],[79.7529,10.289],[79.7529,10.2888],[79.7532,10.2888],[79.7532,10.2885],[79.7537,10.2885],[79.7537,10.289],[79.754,10.289],[79.754,10.2896],[79.7543,10.2896],[79.7543,10.2901],[79.7588,10.2901],[79.7588,10.2896],[79.759,10.2896],[79.759,10.289],[79.7593,10.289],[79.7593,10.2888],[79.7596,10.2888],[79.7596,10.2882],[79.7599,10.2882],[79.7599,10.2879],[79.7601,10.2879],[79.7601,10.2874],[79.7604,10.2874],[79.7604,10.2868],[79.7607,10.2868],[79.7607,10.2865],[79.7604,10.2865],[79.7604,10.2863],[79.7601,10.2863],[79.7601,10.286],[79.7599,10.286],[79.7599,10.2857],[79.7596,10.2857],[79.7596,10.2854],[79.7593,10.2854],[79.7593,10.2851],[79.759,10.2851],[79.759,10.2849],[79.7588,10.2849],[79.7588,10.2846],[79.7582,10.2846],[79.7582,10.2843],[79.7579,10.2843],[79.7579,10.284],[79.7596,10.284],[79.7596,10.2838],[79.7599,10.2838],[79.7599,10.2832],[79.7601,10.2832],[79.7601,10.2829],[79.7604,10.2829],[79.7604,10.2824],[79.7607,10.2824],[79.7607,10.2829],[79.761,10.2829],[79.761,10.2835],[79.7613,10.2835],[79.7613,10.2838],[79.7615,10.2838],[79.7615,10.2843],[79.7618,10.2843],[79.7618,10.2846],[79.7621,10.2846],[79.7621,10.2851],[79.7624,10.2851],[79.7624,10.2857],[79.7626,10.2857],[79.7626,10.286],[79.7629,10.286],[79.7629,10.2865],[79.7632,10.2865],[79.7632,10.2871],[79.7668,10.2871],[79.7668,10.2874],[79.7676,10.2874],[79.7676,10.2876],[79.7685,10.2876],[79.7685,10.2879],[79.7699,10.2879],[79.7699,10.2876],[79.7704,10.2876],[79.7704,10.2874],[79.7707,10.2874],[79.7707,10.2871],[79.7712,10.2871],[79.7712,10.2857],[79.7715,10.2857],[79.7715,10.2843],[79.7735,10.2843],[79.7735,10.2849],[79.7738,10.2849],[79.7738,10.2857],[79.7763,10.2857],[79.7763,10.2854],[79.7765,10.2854],[79.7765,10.2851],[79.7768,10.2851],[79.7768,10.2849],[79.7771,10.2849],[79.7771,10.2846],[79.7774,10.2846],[79.7774,10.2843],[79.7776,10.2843],[79.7776,10.284],[79.7779,10.284],[79.7779,10.2838],[79.7782,10.2838],[79.7782,10.2835],[79.7785,10.2835],[79.7785,10.2829],[79.7787,10.2829],[79.7787,10.2818],[79.779,10.2818],[79.779,10.2815],[79.781,10.2815],[79.781,10.2818],[79.7835,10.2818],[79.7835,10.2807],[79.7849,10.2807],[79.7849,10.281],[79.7851,10.281],[79.7851,10.2815],[79.7854,10.2815],[79.7854,10.2818],[79.7857,10.2818],[79.7857,10.2821],[79.786,10.2821],[79.786,10.2826],[79.7862,10.2826],[79.7862,10.2829],[79.7865,10.2829],[79.7865,10.2835],[79.7868,10.2835],[79.7868,10.284],[79.7865,10.284],[79.7865,10.2846],[79.7863,10.2846],[79.7863,10.2851],[79.786,10.2851],[79.786,10.2857],[79.7857,10.2857],[79.7857,10.2863],[79.7854,10.2863],[79.7854,10.2868],[79.7851,10.2868],[79.7851,10.2871],[79.7849,10.2871],[79.7849,10.2874],[79.7846,10.2874],[79.7846,10.2876],[79.7843,10.2876],[79.7843,10.2879],[79.784,10.2879],[79.784,10.2882],[79.7835,10.2882],[79.7835,10.2885],[79.7832,10.2885],[79.7832,10.2888],[79.7829,10.2888],[79.7829,10.289],[79.7826,10.289],[79.7826,10.2893],[79.7824,10.2893],[79.7824,10.2896],[79.7821,10.2896],[79.7821,10.2899],[79.7818,10.2899],[79.7818,10.2901],[79.7815,10.2901],[79.7815,10.2904],[79.7813,10.2904],[79.7813,10.2907],[79.781,10.2907],[79.781,10.291],[79.7804,10.291],[79.7804,10.2912],[79.7801,10.2912],[79.7801,10.2915],[79.7799,10.2915],[79.7799,10.2918],[79.7796,10.2918],[79.7796,10.2921],[79.779,10.2921],[79.779,10.2924],[79.7785,10.2924],[79.7785,10.2926],[79.7779,10.2926],[79.7779,10.2929],[79.7774,10.2929],[79.7774,10.2932],[79.7771,10.2932],[79.7771,10.2935],[79.7765,10.2935],[79.7765,10.2937],[79.776,10.2937],[79.776,10.294],[79.7754,10.294],[79.7754,10.2943],[79.7749,10.2943],[79.7749,10.2946],[79.7743,10.2946],[79.7743,10.2949],[79.774,10.2949],[79.774,10.2951],[79.7735,10.2951],[79.7735,10.2954],[79.7732,10.2954],[79.7732,10.2957],[79.7726,10.2957],[79.7726,10.296],[79.7721,10.296],[79.7721,10.2963],[79.7718,10.2963],[79.7718,10.2965],[79.7713,10.2965],[79.7713,10.2968],[79.7707,10.2968],[79.7707,10.2971],[79.7704,10.2971],[79.7704,10.2974],[79.7699,10.2974],[79.7699,10.2976],[79.7693,10.2976],[79.7693,10.2979],[79.7688,10.2979],[79.7688,10.2982],[79.7685,10.2982],[79.7685,10.2985],[79.7679,10.2985],[79.7679,10.2987],[79.7674,10.2987],[79.7674,10.299],[79.7671,10.299],[79.7671,10.2993],[79.7665,10.2993],[79.7665,10.2996],[79.766,10.2996],[79.766,10.2999],[79.7657,10.2999],[79.7657,10.3001],[79.7651,10.3001],[79.7651,10.3004],[79.7646,10.3004],[79.7646,10.3007],[79.7643,10.3007],[79.7643,10.301],[79.7637,10.301],[79.7637,10.3013],[79.7635,10.3013],[79.7635,10.3015],[79.7632,10.3015],[79.7632,10.3018],[79.7629,10.3018],[79.7629,10.3021],[79.7626,10.3021],[79.7626,10.3026],[79.7624,10.3026],[79.7624,10.3029],[79.7621,10.3029],[79.7621,10.3032],[79.7618,10.3032],[79.7618,10.3035],[79.7615,10.3035],[79.7615,10.3038],[79.7613,10.3038],[79.7613,10.304],[79.761,10.304],[79.761,10.3043],[79.7607,10.3043],[79.7607,10.3046],[79.7604,10.3046],[79.7604,10.3051],[79.7601,10.3051],[79.7601,10.3054],[79.7599,10.3054],[79.7599,10.3057],[79.7596,10.3057],[79.7596,10.306],[79.7593,10.306],[79.7593,10.3062],[79.759,10.3062],[79.759,10.3065],[79.7588,10.3065],[79.7588,10.3071],[79.7585,10.3071],[79.7585,10.3076],[79.7582,10.3076],[79.7582,10.3079],[79.7579,10.3079],[79.7579,10.3085],[79.7576,10.3085],[79.7576,10.309],[79.7574,10.309],[79.7574,10.3093],[79.7576,10.3093],[79.7576,10.3096],[79.7582,10.3096],[79.7582,10.3099],[79.7585,10.3099],[79.7585,10.3102],[79.7582,10.3101],[79.7582,10.3107],[79.7579,10.3107],[79.7579,10.311],[79.7576,10.311],[79.7576,10.3113],[79.7574,10.3113],[79.7574,10.3118],[79.7571,10.3118],[79.7571,10.3121],[79.7599,10.3121],[79.7599,10.3118],[79.7601,10.3118],[79.7601,10.3113],[79.7604,10.3113],[79.7604,10.311],[79.7613,10.311],[79.7613,10.3107],[79.7621,10.3107],[79.7621,10.3104],[79.7626,10.3104],[79.7626,10.3102],[79.7629,10.3102],[79.7629,10.3096],[79.7632,10.3096],[79.7632,10.3093],[79.7635,10.3093],[79.7635,10.3088],[79.7637,10.3088],[79.7637,10.3085],[79.764,10.3085],[79.764,10.3082],[79.7643,10.3082],[79.7643,10.3076],[79.7646,10.3076],[79.7646,10.3074],[79.7649,10.3074],[79.7649,10.3068],[79.7651,10.3068],[79.7651,10.3065],[79.7657,10.3065],[79.7657,10.3062],[79.766,10.3062],[79.766,10.306],[79.7665,10.306],[79.7665,10.3057],[79.7671,10.3057],[79.7671,10.3054],[79.7674,10.3054],[79.7674,10.3051],[79.7676,10.3051],[79.7676,10.3049],[79.7679,10.3049],[79.7679,10.3046],[79.7682,10.3046],[79.7682,10.3043],[79.7685,10.3043],[79.7685,10.304],[79.7688,10.304],[79.7688,10.3038],[79.7693,10.3038],[79.7693,10.3035],[79.7699,10.3035],[79.7699,10.3032],[79.7707,10.3032],[79.7707,10.3029],[79.7713,10.3029],[79.7713,10.3026],[79.7718,10.3026],[79.7718,10.3024],[79.7724,10.3024],[79.7724,10.3021],[79.7732,10.3021],[79.7732,10.3018],[79.7757,10.3018],[79.7757,10.3015],[79.7774,10.3015],[79.7774,10.3018],[79.7785,10.3018],[79.7785,10.3024],[79.7782,10.3024],[79.7782,10.3026],[79.7751,10.3026],[79.7751,10.3029],[79.7746,10.3029],[79.7746,10.3032],[79.7743,10.3032],[79.7743,10.3035],[79.774,10.3035],[79.774,10.3038],[79.7735,10.3038],[79.7735,10.304],[79.7729,10.304],[79.7729,10.3043],[79.7724,10.3043],[79.7724,10.3046],[79.7718,10.3046],[79.7718,10.3049],[79.7713,10.3049],[79.7713,10.3051],[79.7704,10.3051],[79.7704,10.3054],[79.7699,10.3054],[79.7699,10.3057],[79.7693,10.3057],[79.7693,10.306],[79.7688,10.306],[79.7688,10.3062],[79.7682,10.3062],[79.7682,10.3065],[79.7676,10.3065],[79.7676,10.3068],[79.7663,10.3068],[79.7663,10.3071],[79.766,10.3071],[79.766,10.3076],[79.7657,10.3076],[79.7657,10.3079],[79.7654,10.3079],[79.7654,10.3082],[79.7651,10.3082],[79.7651,10.3085],[79.7649,10.3085],[79.7649,10.3088],[79.7646,10.3088],[79.7646,10.3093],[79.7643,10.3093],[79.7643,10.3096],[79.764,10.3096],[79.764,10.3099],[79.7637,10.3099],[79.7637,10.3102],[79.7635,10.3102],[79.7635,10.3104],[79.7632,10.3104],[79.7632,10.311],[79.7629,10.311],[79.7629,10.3113],[79.7626,10.3113],[79.7626,10.3115],[79.7624,10.3115],[79.7624,10.3118],[79.7621,10.3118],[79.7621,10.3121],[79.7618,10.3121],[79.7618,10.3126],[79.7615,10.3126],[79.7615,10.3129],[79.7613,10.3129],[79.7613,10.3132],[79.7593,10.3132],[79.7593,10.3135],[79.7576,10.3135],[79.7576,10.3138],[79.7499,10.3138],[79.7499,10.3135],[79.7438,10.3135],[79.7438,10.3132],[79.7432,10.3132],[79.7432,10.3129],[79.7429,10.3129],[79.7429,10.3126],[79.7424,10.3126],[79.7424,10.3124],[79.7418,10.3124],[79.7418,10.3121],[79.741,10.3121],[79.741,10.3118],[79.7404,10.3118],[79.7404,10.3115],[79.7396,10.3115],[79.7396,10.3113],[79.739,10.3113],[79.739,10.311],[79.7382,10.311],[79.7382,10.3107],[79.7376,10.3107],[79.7376,10.3104],[79.7343,10.3104],[79.7343,10.3107],[79.7324,10.3107],[79.7324,10.311],[79.7301,10.311],[79.7301,10.3113],[79.7299,10.3113],[79.7299,10.3115],[79.7296,10.3115],[79.7296,10.3118],[79.729,10.3118],[79.729,10.3121],[79.7288,10.3121],[79.7288,10.3124],[79.7285,10.3124],[79.7285,10.3126],[79.7282,10.3126],[79.7282,10.3129],[79.7279,10.3129],[79.7279,10.3132],[79.7276,10.3132],[79.7276,10.3135],[79.7271,10.3135],[79.7271,10.3138],[79.7268,10.3138],[79.7268,10.314],[79.7265,10.314],[79.7265,10.3143],[79.7262,10.3143],[79.7262,10.3146],[79.726,10.3146],[79.726,10.3149],[79.7254,10.3149],[79.7254,10.3151],[79.7251,10.3151],[79.7251,10.3154],[79.7249,10.3154],[79.7249,10.3157],[79.7246,10.3157],[79.7246,10.316],[79.7243,10.316],[79.7243,10.3162],[79.7237,10.3162],[79.7237,10.3165],[79.7235,10.3165],[79.7235,10.3168],[79.7232,10.3168],[79.7232,10.3171],[79.7229,10.3171],[79.7229,10.3174],[79.7226,10.3174],[79.7226,10.3176],[79.7224,10.3176],[79.7224,10.3179],[79.7218,10.3179],[79.7218,10.3182],[79.7215,10.3182],[79.7215,10.3185],[79.7213,10.3185],[79.7213,10.3187],[79.7207,10.3187],[79.7207,10.319],[79.7201,10.319],[79.7201,10.3193],[79.7193,10.3193],[79.7193,10.3196],[79.7188,10.3196],[79.7188,10.3199],[79.7182,10.3199],[79.7182,10.3201],[79.7171,10.3201],[79.7171,10.3204],[79.7162,10.3204],[79.7162,10.3207],[79.7151,10.3207],[79.7151,10.321],[79.7143,10.321],[79.7143,10.3213],[79.7132,10.3213],[79.7132,10.3215],[79.7126,10.3215],[79.7126,10.3218],[79.7121,10.3218],[79.7121,10.3221],[79.7115,10.3221],[79.7115,10.3224],[79.7107,10.3224],[79.7107,10.3226],[79.7101,10.3226],[79.7101,10.3229],[79.7096,10.3229],[79.7096,10.3232],[79.709,10.3232],[79.709,10.3235],[79.7085,10.3235],[79.7085,10.3237],[79.7115,10.3237],[79.7115,10.324],[79.7118,10.324],[79.7118,10.3249],[79.7104,10.3249],[79.7104,10.3252],[79.7087,10.3252],[79.7087,10.3249],[79.7082,10.3249],[79.7082,10.3246],[79.7076,10.3246],[79.7076,10.3243],[79.7071,10.3243],[79.7071,10.324],[79.7065,10.324],[79.7065,10.3237],[79.706,10.3237],[79.706,10.3235],[79.704,10.3235],[79.704,10.3237],[79.7029,10.3237],[79.7029,10.324],[79.7018,10.324],[79.7018,10.3243],[79.6999,10.3243],[79.6999,10.3246],[79.6976,10.3246],[79.6976,10.3249],[79.6957,10.3249],[79.6957,10.3252],[79.6937,10.3252],[79.6937,10.3254],[79.6871,10.3254],[79.6871,10.3252],[79.6865,10.3252],[79.6865,10.3249],[79.6857,10.3249],[79.6857,10.3246],[79.6851,10.3246],[79.6851,10.3243],[79.6843,10.3243],[79.6843,10.324],[79.6837,10.324],[79.6837,10.3237],[79.6826,10.3237],[79.6826,10.3235],[79.6815,10.3235],[79.6815,10.3232],[79.6804,10.3232],[79.6804,10.3229],[79.6793,10.3229],[79.6793,10.3226],[79.679,10.3226],[79.679,10.3224],[79.6787,10.3224],[79.6787,10.3218],[79.6785,10.3218],[79.6785,10.3215],[79.6782,10.3215],[79.6782,10.3213],[79.6779,10.3213],[79.6779,10.321],[79.6768,10.321],[79.6768,10.3207],[79.676,10.3207],[79.676,10.3204],[79.6749,10.3204],[79.6749,10.3201],[79.674,10.3201],[79.674,10.3199],[79.6729,10.3199],[79.6729,10.3196],[79.6721,10.3196],[79.6721,10.3193],[79.6604,10.3193],[79.6604,10.3196],[79.6588,10.3196],[79.6588,10.3193],[79.6582,10.3193],[79.6582,10.319],[79.6579,10.319],[79.6579,10.3187],[79.6565,10.3187],[79.6565,10.319],[79.6557,10.319],[79.6557,10.3193],[79.6551,10.3193],[79.6551,10.3196],[79.6513,10.3196],[79.6513,10.3199],[79.6504,10.3199],[79.6504,10.3201],[79.6471,10.3201],[79.6471,10.3199],[79.6465,10.3199],[79.6465,10.3196],[79.646,10.3196],[79.646,10.3193],[79.6454,10.3193],[79.6454,10.319],[79.6393,10.319],[79.6393,10.3187],[79.639,10.3187],[79.639,10.3179],[79.6376,10.3179],[79.6376,10.3182],[79.637,10.3182],[79.6365,10.3182],[79.6365,10.3226],[79.6363,10.3226],[79.6363,10.3237],[79.6365,10.3237],[79.6365,10.3249],[79.6368,10.3249],[79.6368,10.326],[79.6371,10.326],[79.6371,10.3271],[79.6374,10.3271],[79.6374,10.3279],[79.6371,10.3279],[79.6371,10.3285],[79.6368,10.3285],[79.6368,10.329],[79.6365,10.329],[79.6365,10.3296],[79.6363,10.3296],[79.6363,10.3318],[79.636,10.3318],[79.636,10.3324],[79.6357,10.3324],[79.6357,10.3329],[79.6354,10.3329],[79.6354,10.3338],[79.6351,10.3338],[79.6351,10.3354],[79.6349,10.3354],[79.6349,10.3349],[79.6346,10.3349],[79.6346,10.334],[79.6343,10.334],[79.6343,10.3338],[79.6338,10.3338],[79.6338,10.334],[79.6335,10.334],[79.6335,10.3343],[79.6332,10.3343],[79.6332,10.3346],[79.6329,10.3346],[79.6329,10.3349],[79.6324,10.3349],[79.6324,10.3351],[79.6321,10.3351],[79.6321,10.3354],[79.6318,10.3354],[79.6318,10.3357],[79.6315,10.3357],[79.6315,10.336],[79.6312,10.336],[79.6312,10.3379],[79.631,10.3379],[79.631,10.3399],[79.6307,10.3399],[79.6307,10.3401],[79.6304,10.3401],[79.6304,10.3407],[79.6301,10.3407],[79.6301,10.341],[79.6299,10.341],[79.6299,10.3413],[79.6296,10.3413],[79.6296,10.3415],[79.6293,10.3415],[79.6293,10.3421],[79.629,10.3421],[79.629,10.3424],[79.6287,10.3424],[79.6287,10.3429],[79.6285,10.3429],[79.6285,10.3435],[79.6282,10.3435],[79.6282,10.344],[79.6279,10.344],[79.6279,10.3449],[79.6276,10.3449],[79.6276,10.3454],[79.6274,10.3454],[79.6274,10.3476],[79.6271,10.3476],[79.6271,10.3499],[79.6274,10.3499],[79.6274,10.3501],[79.6276,10.3501],[79.6276,10.3507],[79.6279,10.3507],[79.6279,10.351],[79.6282,10.351],[79.6282,10.3512],[79.6285,10.3512],[79.6285,10.3518],[79.6288,10.3518],[79.6288,10.3521],[79.629,10.3521],[79.629,10.3524],[79.6293,10.3524],[79.6293,10.3529],[79.6296,10.3529],[79.6296,10.3532],[79.6293,10.3532],[79.6293,10.3535],[79.629,10.3535],[79.629,10.3538],[79.6287,10.3538],[79.6287,10.354],[79.6285,10.354],[79.6285,10.3543],[79.6282,10.3543],[79.6282,10.3549],[79.6279,10.3549],[79.6279,10.3554],[79.6276,10.3554],[79.6276,10.3565],[79.6274,10.3565],[79.6274,10.3571],[79.6276,10.3571],[79.6276,10.3576],[79.6279,10.3576],[79.6279,10.3579],[79.6282,10.3579],[79.6282,10.3585],[79.6285,10.3585],[79.6285,10.359],[79.6287,10.359],[79.6287,10.3593],[79.629,10.3593],[79.629,10.3596],[79.6293,10.3596],[79.6293,10.3599],[79.6296,10.3599],[79.6296,10.3601],[79.6299,10.3601],[79.6299,10.3604],[79.6301,10.3604],[79.6301,10.361],[79.6304,10.361],[79.6304,10.3613],[79.6307,10.3613],[79.6307,10.3615],[79.631,10.3615],[79.631,10.3618],[79.6312,10.3618],[79.6312,10.3621],[79.6315,10.3621],[79.6315,10.3624],[79.631,10.3624],[79.631,10.3626],[79.6304,10.3626],[79.6304,10.3629],[79.6301,10.3629],[79.6301,10.3632],[79.6299,10.3632],[79.6299,10.3621],[79.6293,10.3621],[79.6293,10.3624],[79.6285,10.3624],[79.6285,10.3629],[79.6276,10.3629],[79.6276,10.3626],[79.6271,10.3626],[79.6271,10.3624],[79.6268,10.3624],[79.6268,10.3621],[79.6263,10.3621],[79.6263,10.3618],[79.626,10.3618],[79.626,10.3615],[79.6257,10.3615],[79.6257,10.3613],[79.6254,10.3613],[79.6254,10.361],[79.6251,10.361],[79.6251,10.3604],[79.6249,10.3604],[79.6249,10.3599],[79.6246,10.3599],[79.6246,10.3593],[79.6243,10.3593],[79.6243,10.3588],[79.624,10.3588],[79.624,10.3579],[79.6243,10.3579],[79.6243,10.3563],[79.6246,10.3563],[79.6246,10.3546],[79.6249,10.3546],[79.6249,10.3529],[79.6251,10.3529],[79.6251,10.3515],[79.6249,10.3515],[79.6249,10.3504],[79.6246,10.3504],[79.6246,10.3501],[79.624,10.3501],[79.624,10.3499],[79.6237,10.3499],[79.6237,10.3496],[79.6235,10.3496],[79.6235,10.3493],[79.6229,10.3493],[79.6229,10.349],[79.6226,10.349],[79.6226,10.3488],[79.6221,10.3488],[79.6221,10.3485],[79.6212,10.3485],[79.6212,10.3482],[79.6218,10.3482],[79.6218,10.3479],[79.6224,10.3479],[79.6224,10.3474],[79.6221,10.3474],[79.6221,10.3468],[79.6218,10.3468],[79.6218,10.3465],[79.6215,10.3465],[79.6215,10.3463],[79.6218,10.3463],[79.6218,10.3457],[79.6212,10.3457],[79.6212,10.3451],[79.621,10.3451],[79.621,10.3449],[79.6207,10.3449],[79.6207,10.3443],[79.6204,10.3443],[79.6204,10.3438],[79.6199,10.3438],[79.6199,10.3435],[79.6193,10.3435],[79.6193,10.3432],[79.6157,10.3432],[79.6157,10.3429],[79.6149,10.3429],[79.6149,10.3426],[79.614,10.3426],[79.614,10.3424],[79.6132,10.3424],[79.6132,10.3421],[79.6124,10.3421],[79.6124,10.3418],[79.6115,10.3418],[79.6115,10.3415],[79.6104,10.3415],[79.6104,10.3407],[79.6107,10.3407],[79.6107,10.3401],[79.6124,10.3401],[79.6124,10.3399],[79.6126,10.3399],[79.6126,10.3396],[79.6137,10.3396],[79.6137,10.3401],[79.614,10.3401],[79.614,10.3407],[79.6143,10.3407],[79.6143,10.341],[79.6149,10.341],[79.6149,10.3407],[79.616,10.3407],[79.616,10.3399],[79.6162,10.3399],[79.6162,10.3388],[79.6165,10.3388],[79.6165,10.3382],[79.6171,10.3382],[79.6171,10.3385],[79.6174,10.3385],[79.6174,10.3388],[79.6176,10.3388],[79.6176,10.3393],[79.6179,10.3393],[79.6179,10.3399],[79.6182,10.3399],[79.6182,10.3401],[79.6185,10.3401],[79.6185,10.3407],[79.6188,10.3407],[79.6188,10.341],[79.6193,10.341],[79.6193,10.3407],[79.6207,10.3407],[79.6207,10.3393],[79.6204,10.3393],[79.6204,10.3376],[79.6207,10.3376],[79.6207,10.3371],[79.621,10.3371],[79.621,10.3365],[79.6212,10.3365],[79.6212,10.336],[79.6215,10.336],[79.6215,10.3349],[79.6218,10.3349],[79.6218,10.334],[79.6221,10.334],[79.6221,10.3332],[79.6218,10.3332],[79.6218,10.3321],[79.6215,10.3321],[79.6215,10.331],[79.6212,10.331],[79.6212,10.3304],[79.621,10.3304],[79.621,10.3301],[79.6207,10.3301],[79.6207,10.3296],[79.6204,10.3296],[79.6204,10.3293],[79.6201,10.3293],[79.6201,10.329],[79.6199,10.329],[79.6199,10.3287],[79.6196,10.3287],[79.6196,10.3285],[79.6193,10.3285],[79.6193,10.3279],[79.619,10.3279],[79.619,10.3276],[79.6188,10.3276],[79.6188,10.3274],[79.6185,10.3274],[79.6185,10.3271],[79.6182,10.3271],[79.6182,10.3268],[79.6179,10.3268],[79.6179,10.3263],[79.6176,10.3263],[79.6176,10.326],[79.6174,10.326],[79.6174,10.3257],[79.6171,10.3257],[79.6171,10.3251],[79.6168,10.3252],[79.6168,10.3246],[79.6165,10.3246],[79.6165,10.3237],[79.6162,10.3237],[79.6162,10.3229],[79.6157,10.3229],[79.6157,10.3226],[79.6154,10.3226],[79.6154,10.3221],[79.6151,10.3221],[79.6151,10.3215],[79.6149,10.3215],[79.6149,10.3207],[79.6146,10.3207],[79.6146,10.3201],[79.6146,10.3199],[79.6143,10.3199],[79.6143,10.3193],[79.614,10.3193],[79.614,10.3187],[79.6137,10.3187],[79.6137,10.3179],[79.6135,10.3179],[79.6135,10.3174],[79.6124,10.3174],[79.6124,10.3171],[79.6113,10.3171],[79.6113,10.3168],[79.6102,10.3168],[79.6099,10.3168],[79.6099,10.3165],[79.6088,10.3165],[79.6088,10.3162],[79.6076,10.3162],[79.6076,10.316],[79.6068,10.316],[79.6068,10.3157],[79.6062,10.3157],[79.6062,10.3154],[79.606,10.3154],[79.606,10.3151],[79.6054,10.3151],[79.6054,10.3149],[79.6051,10.3149],[79.6051,10.3146],[79.6049,10.3146],[79.6049,10.3143],[79.6046,10.3143],[79.6046,10.314],[79.6043,10.314],[79.6043,10.3138],[79.6038,10.3138],[79.6038,10.3135],[79.6035,10.3135],[79.6035,10.3132],[79.6032,10.3132],[79.6032,10.3129],[79.6029,10.3129],[79.6029,10.3126],[79.6026,10.3126],[79.6026,10.3124],[79.6021,10.3124],[79.6021,10.3121],[79.6018,10.3121],[79.6018,10.3118],[79.6015,10.3118],[79.6015,10.3115],[79.6012,10.3115],[79.6012,10.3113],[79.601,10.3113],[79.601,10.311],[79.6004,10.311],[79.6004,10.3107],[79.6001,10.3107],[79.6001,10.3104],[79.5996,10.3104],[79.5996,10.3102],[79.5993,10.3102],[79.5993,10.3099],[79.5996,10.3099],[79.5996,10.3096],[79.5987,10.3096],[79.5987,10.3093],[79.5979,10.3093],[79.5979,10.309],[79.5968,10.309],[79.5968,10.3088],[79.5963,10.3088],[79.5963,10.3093],[79.5943,10.3093],[79.5943,10.309],[79.594,10.309],[79.594,10.3088],[79.5893,10.3088],[79.5893,10.309],[79.5882,10.309],[79.5882,10.3093],[79.5863,10.3093],[79.5863,10.3096],[79.5854,10.3096],[79.5854,10.3099],[79.5849,10.3099],[79.5849,10.3102],[79.5851,10.3101],[79.5851,10.3107],[79.5854,10.3107],[79.5854,10.3113],[79.5857,10.3113],[79.5857,10.3115],[79.5851,10.3115],[79.5851,10.3113],[79.5849,10.3113],[79.5849,10.311],[79.5846,10.311],[79.5846,10.3107],[79.584,10.3107],[79.584,10.3104],[79.5837,10.3104],[79.5837,10.3102],[79.5832,10.3102],[79.5832,10.3099],[79.5829,10.3099],[79.5829,10.3096],[79.5826,10.3096],[79.5826,10.3093],[79.5815,10.3093],[79.5815,10.309],[79.581,10.309],[79.581,10.3088],[79.5765,10.3088],[79.5765,10.309],[79.5751,10.309],[79.5751,10.3093],[79.574,10.3093],[79.574,10.3096],[79.5735,10.3096],[79.5735,10.3099],[79.5729,10.3099],[79.5729,10.3102],[79.5726,10.3102],[79.5726,10.3104],[79.5721,10.3104],[79.5721,10.3107],[79.5715,10.3107],[79.5715,10.3104],[79.5662,10.3104],[79.5662,10.3102],[79.564,10.3102],[79.564,10.3104],[79.5632,10.3104],[79.5632,10.3107],[79.5621,10.3107],[79.5621,10.311],[79.5615,10.311],[79.5615,10.3113],[79.5607,10.3113],[79.5607,10.3115],[79.5601,10.3115],[79.5601,10.3118],[79.5596,10.3118],[79.5596,10.3121],[79.5549,10.3121],[79.5549,10.3124],[79.554,10.3124],[79.554,10.3126],[79.5535,10.3126],[79.5535,10.3129],[79.5526,10.3129],[79.5526,10.3132],[79.5521,10.3132],[79.5521,10.3135],[79.5512,10.3135],[79.5512,10.3138],[79.5507,10.3138],[79.5507,10.3135],[79.551,10.3135],[79.551,10.3129],[79.5512,10.3129],[79.5512,10.3124],[79.5515,10.3124],[79.5515,10.3121],[79.5518,10.3121],[79.5518,10.3118],[79.5521,10.3118],[79.5521,10.3115],[79.5524,10.3115],[79.5524,10.3113],[79.5526,10.3113],[79.5526,10.311],[79.5529,10.311],[79.5529,10.3107],[79.5532,10.3107],[79.5532,10.3104],[79.5537,10.3104],[79.5537,10.3102],[79.554,10.3102],[79.554,10.3099],[79.5543,10.3099],[79.5543,10.3096],[79.5546,10.3096],[79.5546,10.3093],[79.5549,10.3093],[79.5549,10.309],[79.5551,10.309],[79.5551,10.3088],[79.5554,10.3088],[79.5554,10.3085],[79.5571,10.3085],[79.5571,10.3082],[79.5587,10.3082],[79.5587,10.3079],[79.5604,10.3079],[79.5604,10.3076],[79.5624,10.3076],[79.5624,10.3074],[79.564,10.3074],[79.564,10.3071],[79.5668,10.3071],[79.5668,10.3074],[79.5693,10.3074],[79.5693,10.3071],[79.5704,10.3071],[79.5704,10.3068],[79.5713,10.3068],[79.5713,10.3065],[79.5724,10.3065],[79.5724,10.3062],[79.5732,10.3062],[79.5732,10.3051],[79.574,10.3051],[79.574,10.3049],[79.5796,10.3049],[79.5796,10.3046],[79.5799,10.3046],[79.5799,10.3043],[79.5801,10.3043],[79.5801,10.304],[79.5804,10.304],[79.5804,10.3038],[79.581,10.3038],[79.581,10.3035],[79.5818,10.3035],[79.5818,10.3032],[79.5824,10.3032],[79.5824,10.3029],[79.5849,10.3029],[79.5849,10.3032],[79.5851,10.3032],[79.5851,10.3035],[79.5854,10.3035],[79.5854,10.3038],[79.586,10.3038],[79.586,10.304],[79.5863,10.304],[79.5863,10.3043],[79.5865,10.3043],[79.5865,10.3046],[79.5868,10.3046],[79.5868,10.3049],[79.5876,10.3049],[79.5876,10.304],[79.5879,10.304],[79.5879,10.3029],[79.5882,10.3029],[79.5882,10.3024],[79.5885,10.3024],[79.5885,10.3021],[79.5896,10.3021],[79.5896,10.3024],[79.5893,10.3024],[79.5893,10.3029],[79.589,10.3029],[79.589,10.3032],[79.5912,10.3032],[79.5912,10.3029],[79.5935,10.3029],[79.5935,10.3024],[79.5932,10.3024],[79.5932,10.3018],[79.5929,10.3018],[79.5929,10.3013],[79.594,10.3013],[79.594,10.3026],[79.5957,10.3026],[79.5957,10.3024],[79.5971,10.3024],[79.5971,10.3021],[79.5982,10.3021],[79.5982,10.3018],[79.5996,10.3018],[79.5996,10.3015],[79.6007,10.3015],[79.6007,10.3013],[79.6021,10.3013],[79.6021,10.301],[79.6032,10.301],[79.6032,10.3007],[79.6029,10.3007],[79.6029,10.3001],[79.6026,10.3001],[79.6026,10.2999],[79.6043,10.2999],[79.6043,10.2996],[79.606,10.2996],[79.606,10.2993],[79.6074,10.2993],[79.6074,10.2999],[79.6085,10.2999],[79.6085,10.2996],[79.609,10.2996],[79.609,10.2993],[79.6099,10.2993],[79.6099,10.299],[79.6162,10.299],[79.6162,10.2987],[79.616,10.2987],[79.616,10.2985],[79.6157,10.2985],[79.6157,10.2982],[79.6154,10.2982],[79.6154,10.2979],[79.6151,10.2979],[79.6151,10.2976],[79.6149,10.2976],[79.6149,10.2974],[79.6162,10.2974],[79.6162,10.2976],[79.6165,10.2976],[79.6165,10.2982],[79.6168,10.2982],[79.6168,10.2987],[79.6199,10.2987],[79.6199,10.2985],[79.6196,10.2985],[79.6196,10.2979],[79.6193,10.2979],[79.6193,10.2976],[79.6201,10.2976],[79.6201,10.2974],[79.6212,10.2974],[79.6212,10.2971],[79.6218,10.2971],[79.6218,10.2968],[79.6226,10.2968],[79.6226,10.2965],[79.6232,10.2965],[79.6232,10.2963],[79.624,10.2963],[79.624,10.296],[79.6246,10.296],[79.6246,10.2957],[79.6254,10.2957],[79.6254,10.2954],[79.6276,10.2954],[79.6276,10.2951],[79.6299,10.2951],[79.6299,10.2949],[79.6321,10.2949],[79.6321,10.2951],[79.6324,10.2951],[79.6324,10.2954],[79.6326,10.2954],[79.6326,10.2957],[79.6338,10.2957],[79.6338,10.2954],[79.6343,10.2954],[79.6343,10.2951],[79.6349,10.2951],[79.6349,10.2949],[79.6357,10.2949],[79.6357,10.2946],[79.6363,10.2946],[79.6363,10.2943],[79.6371,10.2943],[79.6371,10.2946],[79.6376,10.2946],[79.6376,10.2949],[79.6387,10.2949],[79.6387,10.2946],[79.639,10.2946],[79.639,10.2943],[79.6393,10.2943],[79.6393,10.294],[79.6446,10.294],[79.6446,10.2937],[79.6449,10.2937],[79.6449,10.2932],[79.6451,10.2932],[79.6451,10.2926],[79.6457,10.2926],[79.6457,10.2924],[79.6518,10.2924],[79.6518,10.2926],[79.6543,10.2926],[79.6543,10.2924],[79.6563,10.2924],[79.6563,10.2921],[79.6568,10.2921],[79.6568,10.2918],[79.6574,10.2918],[79.6574,10.2915],[79.6579,10.2915],[79.6579,10.2912],[79.6585,10.2912],[79.6585,10.291],[79.659,10.291],[79.659,10.2907],[79.6596,10.2907],[79.6596,10.2904],[79.6601,10.2904],[79.6601,10.2901],[79.6607,10.2901],[79.6607,10.2899],[79.6612,10.2899],[79.6612,10.2896],[79.6618,10.2896],[79.6618,10.2893],[79.6624,10.2893],[79.6624,10.289],[79.6632,10.289],[79.6632,10.2893],[79.6643,10.2893],[79.6643,10.289],[79.6651,10.289],[79.6651,10.2896],[79.6654,10.2896],[79.6654,10.2899],[79.6654,10.2912],[79.6657,10.2912],[79.6657,10.2921],[79.6654,10.2921],[79.6654,10.2926],[79.6651,10.2926],[79.6651,10.2929],[79.6649,10.2929],[79.6649,10.2935],[79.6646,10.2935],[79.6646,10.294],[79.6643,10.294],[79.6643,10.2943],[79.664,10.2943],[79.664,10.2949],[79.6637,10.2949],[79.6637,10.2951],[79.6635,10.2951],[79.6635,10.2957],[79.6632,10.2957],[79.6632,10.2963],[79.6629,10.2963],[79.6629,10.2968],[79.6626,10.2968],[79.6626,10.2974],[79.6624,10.2974],[79.6624,10.2976],[79.6626,10.2976],[79.6626,10.2982],[79.6629,10.2982],[79.6629,10.2985],[79.6635,10.2985],[79.6635,10.2987],[79.6637,10.2987],[79.6637,10.299],[79.664,10.299],[79.664,10.2993],[79.6646,10.2993],[79.6646,10.2996],[79.6649,10.2996],[79.6649,10.2999],[79.6651,10.2999],[79.6651,10.3004],[79.6654,10.3004],[79.6654,10.3007],[79.6657,10.3007],[79.6657,10.3013],[79.666,10.3013],[79.666,10.3015],[79.6674,10.3015],[79.6674,10.3018],[79.6687,10.3018],[79.6687,10.301],[79.6685,10.301],[79.6685,10.3007],[79.6682,10.3007],[79.6682,10.3004],[79.6676,10.3004],[79.6676,10.3001],[79.6674,10.3001],[79.6674,10.2999],[79.6671,10.2999],[79.6671,10.2996],[79.6668,10.2996],[79.6668,10.2993],[79.6665,10.2993],[79.6665,10.299],[79.666,10.299],[79.666,10.2987],[79.6657,10.2987],[79.6657,10.2985],[79.6651,10.2985],[79.6651,10.2982],[79.6649,10.2982],[79.6649,10.2979],[79.6646,10.2979],[79.6646,10.2976],[79.6643,10.2976],[79.6643,10.2971],[79.664,10.2971],[79.664,10.2968],[79.6637,10.2968],[79.6637,10.2965],[79.6643,10.2965],[79.6643,10.2963],[79.6646,10.2963],[79.6646,10.296],[79.6651,10.296],[79.6651,10.2957],[79.6654,10.2957],[79.6654,10.2954],[79.6663,10.2954],[79.6663,10.2957],[79.6665,10.2957],[79.6665,10.2963],[79.6668,10.2963],[79.6668,10.2968],[79.6671,10.2968],[79.6671,10.2976],[79.6674,10.2976],[79.6674,10.2982],[79.6676,10.2982],[79.6676,10.2987],[79.6679,10.2987],[79.6679,10.2993],[79.6682,10.2993],[79.6682,10.2996],[79.6685,10.2996],[79.6685,10.2999],[79.6687,10.2999],[79.6687,10.3001],[79.6693,10.3001],[79.6693,10.3004],[79.6699,10.3004],[79.6699,10.3007],[79.6704,10.3007],[79.6704,10.301],[79.671,10.301],[79.671,10.3013],[79.6715,10.3013],[79.6715,10.3015],[79.6735,10.3015],[79.6735,10.3013],[79.6743,10.3013],[79.6743,10.301],[79.6749,10.301],[79.6754,10.301],[79.6754,10.3008],[79.6756,10.3007],[79.6765,10.3007],[79.6765,10.3004],[79.6768,10.3004],[79.6768,10.3002],[79.6771,10.3001],[79.6771,10.3],[79.6771,10.2999],[79.6774,10.2999],[79.6774,10.2996],[79.6776,10.2996],[79.6776,10.2993],[79.6779,10.2993],[79.6779,10.2987],[79.6782,10.2987],[79.6782,10.2985],[79.6785,10.2985],[79.6785,10.2982],[79.6787,10.2982],[79.6787,10.2979],[79.679,10.2979],[79.679,10.2976],[79.6793,10.2976],[79.6793,10.2974],[79.6799,10.2974],[79.6799,10.2971],[79.6801,10.2971],[79.6801,10.2968],[79.6807,10.2968],[79.6807,10.2965],[79.6813,10.2965],[79.6813,10.2963],[79.6815,10.2963],[79.6815,10.296],[79.6821,10.296],[79.6821,10.2957],[79.6826,10.2957],[79.6826,10.2954],[79.6829,10.2954],[79.6829,10.2951],[79.6835,10.2951],[79.6835,10.2949],[79.6843,10.2949],[79.6843,10.2946],[79.6851,10.2946],[79.6851,10.2943],[79.686,10.2943],[79.686,10.294],[79.6868,10.294],[79.6868,10.2937],[79.6879,10.2937],[79.6879,10.2935],[79.6888,10.2935],[79.6888,10.2932],[79.6896,10.2932],[79.6896,10.2929],[79.6904,10.2929],[79.6904,10.2921],[79.6907,10.2921],[79.6907,10.2912],[79.6893,10.2912],[79.6893,10.291],[79.6862,10.291],[79.6862,10.2912],[79.6851,10.2912],[79.6851,10.2915],[79.684,10.2915],[79.684,10.2918],[79.6832,10.2918],[79.6832,10.2921],[79.6821,10.2921],[79.6821,10.2924],[79.6801,10.2924],[79.6801,10.2921],[79.6804,10.2921],[79.6804,10.2918],[79.6807,10.2918],[79.6807,10.2915],[79.681,10.2915],[79.681,10.291],[79.6813,10.291],[79.6813,10.2907],[79.6815,10.2907],[79.6815,10.2904],[79.6818,10.2904],[79.6818,10.2901],[79.6832,10.2901],[79.6832,10.2899],[79.6843,10.2899],[79.6843,10.2896],[79.6857,10.2896],[79.6857,10.2893],[79.6868,10.2893],[79.6868,10.289],[79.6882,10.289],[79.6882,10.2888],[79.6893,10.2888],[79.6893,10.2885],[79.6904,10.2885],[79.6904,10.2882],[79.6913,10.2882],[79.6913,10.2879],[79.6924,10.2879],[79.6924,10.2876],[79.6935,10.2876],[79.6935,10.2874],[79.6946,10.2874],[79.6946,10.2871],[79.6957,10.2871],[79.6957,10.2868],[79.6968,10.2868],[79.6968,10.2865],[79.6976,10.2865],[79.6976,10.2863],[79.6988,10.2863],[79.6988,10.286],[79.6999,10.286],[79.6999,10.2857],[79.7012,10.2857],[79.7012,10.286],[79.7024,10.286],[79.7024,10.2857],[79.7032,10.2857],[79.7032,10.2854],[79.7038,10.2854],[79.7038,10.2851],[79.7046,10.2851],[79.7046,10.2849],[79.7051,10.2849],[79.7051,10.2846],[79.706,10.2846],[79.706,10.2843],[79.7065,10.2843],[79.7065,10.284],[79.7074,10.284],[79.7074,10.2838],[79.7079,10.2838],[79.7079,10.2835],[79.7087,10.2835],[79.7087,10.2832],[79.709,10.2832],[79.709,10.284],[79.7087,10.284],[79.7087,10.2857],[79.7085,10.2857],[79.7085,10.2868],[79.7138,10.2868],[79.7138,10.2863],[79.714,10.2863],[79.714,10.286],[79.7143,10.286],[79.7143,10.2854],[79.7146,10.2854],[79.7146,10.2849],[79.7149,10.2849],[79.7149,10.2846],[79.7151,10.2846],[79.7151,10.284],[79.7154,10.284],[79.7154,10.2838],[79.7168,10.2838],[79.7168,10.2835],[79.7179,10.2835],[79.7179,10.2832],[79.7193,10.2832],[79.7193,10.2829],[79.7204,10.2829],[79.7204,10.2826],[79.721,10.2826],[79.7218,10.2826],[79.7218,10.2824],[79.7229,10.2824],[79.7229,10.2821],[79.7243,10.2821],[79.7243,10.2818],[79.7254,10.2818],[79.7254,10.2815],[79.7268,10.2815],[79.7268,10.2813],[79.7279,10.2813],[79.7279,10.281],[79.7293,10.281],[79.7293,10.2807],[79.7304,10.2807],[79.7304,10.2804],[79.7305,10.2804],[79.7318,10.2804],[79.7318,10.2801],[79.7321,10.2801],[79.7321,10.2799],[79.7326,10.2799],[79.7326,10.2796],[79.7329,10.2796],[79.7329,10.2793],[79.7335,10.2793],[79.7335,10.279],[79.7337,10.279],[79.7337,10.2788],[79.734,10.2788],[79.734,10.2785],[79.7346,10.2785],[79.7346,10.2782],[79.7349,10.2782],[79.7349,10.2779],[79.736,10.2779],[79.736,10.2782],[79.7376,10.2782],[79.7376,10.2785],[79.7379,10.2785],[79.7379,10.279],[79.7382,10.279],[79.7382,10.2793],[79.7396,10.2793],[79.7396,10.2785],[79.7393,10.2785],[79.7393,10.2779],[79.739,10.2779],[79.739,10.2774],[79.7376,10.2774],[79.7376,10.2771],[79.7346,10.2771],[79.7346,10.2768],[79.7343,10.2768],[79.7343,10.2765],[79.7337,10.2765],[79.7337,10.2763],[79.7335,10.2763],[79.7335,10.2757],[79.7332,10.2757],[79.7332,10.2751],[79.7326,10.2751],[79.7326,10.2749],[79.7324,10.2749],[79.7318,10.2749],[79.7318,10.2746],[79.7312,10.2746],[79.7312,10.2743],[79.7304,10.2743],[79.7304,10.274],[79.7271,10.274],[79.7271,10.2743],[79.7249,10.2743],[79.7249,10.2746],[79.7229,10.2746],[79.7229,10.2749],[79.7213,10.2749],[79.7213,10.2751],[79.7193,10.2751],[79.7193,10.2754],[79.7176,10.2754],[79.7176,10.2757],[79.7157,10.2757],[79.7157,10.276],[79.714,10.276],[79.714,10.2763],[79.7121,10.2763],[79.7121,10.2765],[79.7101,10.2765],[79.7101,10.2768],[79.7082,10.2768],[79.7082,10.2771],[79.7065,10.2771],[79.7065,10.2774],[79.7046,10.2774],[79.7046,10.2776],[79.7026,10.2776],[79.7026,10.2779],[79.7007,10.2779],[79.7007,10.2782],[79.6988,10.2782],[79.6988,10.2785],[79.6971,10.2785],[79.6971,10.2788],[79.6951,10.2788],[79.6951,10.279],[79.6932,10.279],[79.6932,10.2793],[79.6913,10.2793],[79.6913,10.2796],[79.6896,10.2796],[79.6896,10.2799],[79.6876,10.2799],[79.6876,10.2801],[79.6857,10.2801],[79.6857,10.2804],[79.6818,10.2804],[79.6818,10.2807],[79.6797,10.2807],[79.6779,10.2807],[79.6779,10.281],[79.674,10.281],[79.674,10.2813],[79.6729,10.2813],[79.6729,10.2815],[79.6715,10.2815],[79.6715,10.2818],[79.6704,10.2818],[79.6704,10.2821],[79.6693,10.2821],[79.6693,10.2824],[79.6682,10.2824],[79.6682,10.2826],[79.6668,10.2826],[79.6668,10.2829],[79.6657,10.2829],[79.6657,10.2832],[79.6646,10.2832],[79.6646,10.2835],[79.6632,10.2835],[79.6632,10.2838],[79.6621,10.2838],[79.6621,10.284],[79.661,10.284],[79.661,10.2843],[79.6599,10.2843],[79.6599,10.2846],[79.6585,10.2846],[79.6585,10.2849],[79.6574,10.2849],[79.6574,10.2851],[79.6554,10.2851],[79.6554,10.2854],[79.6537,10.2854],[79.6537,10.2857],[79.6521,10.2857],[79.6521,10.286],[79.6504,10.286],[79.6504,10.2863],[79.6485,10.2863],[79.6485,10.2865],[79.6468,10.2865],[79.6468,10.2868],[79.6454,10.2868],[79.6454,10.2871],[79.644,10.2871],[79.644,10.2874],[79.6426,10.2874],[79.6426,10.2876],[79.6413,10.2876],[79.6413,10.2879],[79.6396,10.2879],[79.6396,10.2882],[79.6382,10.2882],[79.6382,10.2885],[79.6368,10.2885],[79.6368,10.2888],[79.6354,10.2888],[79.6354,10.289],[79.634,10.289],[79.634,10.2893],[79.6293,10.2893],[79.6293,10.2896],[79.6276,10.2896],[79.6276,10.2899],[79.626,10.2899],[79.626,10.2901],[79.6243,10.2901],[79.6243,10.2904],[79.6229,10.2904],[79.6229,10.2907],[79.6212,10.2907],[79.6212,10.291],[79.6196,10.291],[79.6196,10.2912],[79.6179,10.2912],[79.6179,10.2915],[79.6162,10.2915],[79.6162,10.2918],[79.6146,10.2918],[79.6146,10.2921],[79.6129,10.2921],[79.6129,10.2924],[79.6115,10.2924],[79.6115,10.2926],[79.6099,10.2926],[79.6099,10.2929],[79.6082,10.2929],[79.6082,10.2932],[79.6065,10.2932],[79.6065,10.2935],[79.6049,10.2935],[79.6049,10.2937],[79.6029,10.2937],[79.6029,10.294],[79.6012,10.294],[79.6012,10.2943],[79.5996,10.2943],[79.5996,10.2946],[79.5976,10.2946],[79.5976,10.2949],[79.596,10.2949],[79.596,10.2951],[79.5943,10.2951],[79.5943,10.2954],[79.5924,10.2954],[79.5924,10.2957],[79.5907,10.2957],[79.5907,10.296],[79.589,10.296],[79.589,10.2963],[79.5871,10.2963],[79.5871,10.2965],[79.5854,10.2965],[79.5854,10.2968],[79.5826,10.2968],[79.5826,10.2971],[79.5818,10.2971],[79.5818,10.2974],[79.5785,10.2974],[79.5785,10.2971],[79.5774,10.2971],[79.5774,10.2968],[79.5771,10.2968],[79.5771,10.2971],[79.5765,10.2971],[79.5765,10.2974],[79.5762,10.2974],[79.5762,10.2976],[79.5754,10.2976],[79.5754,10.2979],[79.5735,10.2979],[79.5735,10.2985],[79.5732,10.2985],[79.5732,10.2987],[79.5724,10.2987],[79.5724,10.2985],[79.5713,10.2985],[79.5713,10.2987],[79.5707,10.2987],[79.5707,10.299],[79.5696,10.299],[79.5696,10.2993],[79.5671,10.2993],[79.5671,10.2996],[79.5662,10.2996],[79.5663,10.2999],[79.564,10.2999],[79.564,10.3001],[79.5618,10.3001],[79.5618,10.3004],[79.5612,10.3004],[79.5612,10.3001],[79.559,10.3001],[79.559,10.3004],[79.5579,10.3004],[79.5579,10.3007],[79.5551,10.3007],[79.5551,10.301],[79.5526,10.301],[79.5526,10.3013],[79.5507,10.3013],[79.5507,10.301],[79.5504,10.301],[79.5504,10.3013],[79.5496,10.3013],[79.5496,10.3015],[79.5485,10.3015],[79.5485,10.3018],[79.5476,10.3018],[79.5476,10.3021],[79.5457,10.3021],[79.5457,10.3024],[79.5454,10.3024],[79.5454,10.3026],[79.544,10.3026],[79.544,10.3029],[79.5424,10.3029],[79.5424,10.3032],[79.541,10.3032],[79.541,10.3035],[79.5401,10.3035],[79.5401,10.3032],[79.5399,10.3032],[79.5399,10.3035],[79.539,10.3035],[79.539,10.3038],[79.5379,10.3038],[79.5379,10.3035],[79.5368,10.3035],[79.5368,10.3038],[79.5365,10.3038],[79.5365,10.304],[79.5354,10.304],[79.5354,10.3043],[79.5338,10.3043],[79.5338,10.3046],[79.5334,10.3046],[79.5321,10.3046],[79.5321,10.3049],[79.5299,10.3049],[79.5299,10.3051],[79.5285,10.3051],[79.5285,10.3054],[79.5265,10.3054],[79.5265,10.3057],[79.5263,10.3057],[79.5263,10.306],[79.5257,10.306],[79.5257,10.3062],[79.5254,10.3062],[79.5254,10.3065],[79.5251,10.3065],[79.5251,10.3068],[79.5246,10.3068],[79.5246,10.3071],[79.5243,10.3071],[79.5243,10.3074],[79.524,10.3074],[79.524,10.3076],[79.5235,10.3076],[79.5235,10.3079],[79.5232,10.3079],[79.5232,10.3113],[79.5235,10.3113],[79.5235,10.3118],[79.5238,10.3118],[79.5238,10.3124],[79.524,10.3124],[79.524,10.3129],[79.5243,10.3129],[79.5243,10.3138],[79.5246,10.3138],[79.5246,10.3143],[79.5249,10.3143],[79.5249,10.3149],[79.5251,10.3149],[79.5251,10.3154],[79.5257,10.3154],[79.5257,10.3157],[79.5263,10.3157],[79.5263,10.316],[79.5268,10.316],[79.5268,10.3162],[79.5271,10.3162],[79.5271,10.3165],[79.5276,10.3165],[79.5276,10.3168],[79.5315,10.3168],[79.5315,10.3165],[79.5318,10.3165],[79.5318,10.3162],[79.5324,10.3162],[79.5324,10.316],[79.5326,10.316],[79.5326,10.3157],[79.5329,10.3157],[79.5329,10.3154],[79.5332,10.3154],[79.5332,10.3151],[79.5335,10.3151],[79.5335,10.3149],[79.5338,10.3149],[79.5338,10.3146],[79.534,10.3146],[79.534,10.3143],[79.5343,10.3143],[79.5343,10.314],[79.5346,10.314],[79.5346,10.3138],[79.5351,10.3138],[79.5351,10.3135],[79.5354,10.3135],[79.5354,10.3132],[79.536,10.3132],[79.536,10.3129],[79.5362,10.3129],[79.5362,10.3127],[79.5362,10.3126],[79.5368,10.3126],[79.5368,10.3124],[79.5371,10.3124],[79.5371,10.3121],[79.5379,10.3121],[79.5379,10.3124],[79.5385,10.3124],[79.5385,10.3126],[79.539,10.3126],[79.539,10.3129],[79.5393,10.3129],[79.5393,10.3132],[79.5399,10.3132],[79.5399,10.3135],[79.5404,10.3135],[79.5404,10.3138],[79.541,10.3138],[79.541,10.314],[79.5421,10.314],[79.5421,10.3143],[79.5426,10.3143],[79.5426,10.3146],[79.5435,10.3146],[79.5435,10.3149],[79.5443,10.3149],[79.5443,10.3151],[79.5451,10.3151],[79.5451,10.3154],[79.5457,10.3154],[79.5457,10.3157],[79.5465,10.3157],[79.5465,10.316],[79.5474,10.316],[79.5474,10.3162],[79.5482,10.3162],[79.5482,10.3165],[79.5488,10.3165],[79.5488,10.3168],[79.5496,10.3168],[79.5496,10.3171],[79.5499,10.3171],[79.5499,10.3176],[79.5501,10.3176],[79.5501,10.3179],[79.5504,10.3179],[79.5504,10.3185],[79.5507,10.3185],[79.5507,10.3187],[79.551,10.3187],[79.551,10.3193],[79.5512,10.3193],[79.5512,10.3196],[79.5515,10.3196],[79.5515,10.3201],[79.5518,10.3201],[79.5518,10.3224],[79.5515,10.3224],[79.5515,10.3252],[79.5518,10.3251],[79.5518,10.3257],[79.5521,10.3257],[79.5521,10.3265],[79.5524,10.3265],[79.5524,10.3271],[79.5526,10.3271],[79.5526,10.3279],[79.5529,10.3279],[79.5529,10.3285],[79.5532,10.3285],[79.5532,10.329],[79.5537,10.329],[79.5537,10.3293],[79.554,10.3293],[79.5543,10.3293],[79.5543,10.3296],[79.5549,10.3296],[79.5549,10.3299],[79.5554,10.3299],[79.5554,10.3301],[79.5557,10.3301],[79.5557,10.3304],[79.5563,10.3304],[79.5563,10.3307],[79.5568,10.3307],[79.5568,10.331],[79.5574,10.331],[79.5574,10.3313],[79.5579,10.3313],[79.5579,10.3315],[79.5582,10.3315],[79.5582,10.3318],[79.5587,10.3318],[79.5587,10.3321],[79.5593,10.3321],[79.5593,10.3324],[79.5599,10.3324],[79.5599,10.3326],[79.5615,10.3326],[79.5615,10.3329],[79.5621,10.3329],[79.5621,10.3326],[79.5626,10.3326],[79.5626,10.3324],[79.5629,10.3324],[79.5629,10.3321],[79.5635,10.3321],[79.5635,10.3324],[79.5643,10.3324],[79.5643,10.3321],[79.5649,10.3321],[79.5649,10.3318],[79.5662,10.3318],[79.5662,10.3315],[79.5676,10.3315],[79.5676,10.3313],[79.569,10.3313],[79.569,10.331],[79.5704,10.331],[79.5704,10.3307],[79.5718,10.3307],[79.5718,10.3304],[79.5732,10.3304],[79.5732,10.3301],[79.5743,10.3301],[79.5743,10.3299],[79.5749,10.3299],[79.5754,10.3299],[79.5754,10.3296],[79.5765,10.3296],[79.5765,10.3293],[79.5776,10.3293],[79.5776,10.329],[79.579,10.329],[79.579,10.3287],[79.5801,10.3287],[79.5801,10.3285],[79.5813,10.3285],[79.5813,10.3282],[79.5824,10.3282],[79.5824,10.3279],[79.5865,10.3279],[79.5865,10.3285],[79.5868,10.3285],[79.5868,10.329],[79.5871,10.329],[79.5871,10.3296],[79.5874,10.3296],[79.5874,10.3304],[79.5876,10.3304],[79.5876,10.3313],[79.5879,10.3313],[79.5879,10.3321],[79.5882,10.3321],[79.5882,10.3326],[79.5888,10.3326],[79.5888,10.3332],[79.5885,10.3332],[79.5885,10.334],[79.5888,10.334],[79.5888,10.3349],[79.589,10.3349],[79.589,10.336],[79.5893,10.336],[79.5893,10.3371],[79.5896,10.3371],[79.5896,10.3382],[79.5899,10.3382],[79.5899,10.3393],[79.5901,10.3393],[79.5901,10.3401],[79.5899,10.3401],[79.5899,10.3404],[79.5896,10.3404],[79.5896,10.341],[79.5893,10.341],[79.5893,10.3413],[79.589,10.3413],[79.589,10.3415],[79.5882,10.3415],[79.5882,10.3418],[79.5879,10.3418],[79.5879,10.3421],[79.5874,10.3421],[79.5874,10.3432],[79.5871,10.3432],[79.5871,10.3435],[79.5863,10.3435],[79.5863,10.3429],[79.586,10.3429],[79.586,10.3424],[79.5857,10.3424],[79.5857,10.3421],[79.5843,10.3421],[79.5843,10.3418],[79.584,10.3418],[79.584,10.3415],[79.5835,10.3415],[79.5835,10.3413],[79.5821,10.3413],[79.5821,10.3415],[79.5818,10.3415],[79.5818,10.3413],[79.5815,10.3413],[79.5815,10.341],[79.581,10.341],[79.581,10.3413],[79.5782,10.3413],[79.5782,10.341],[79.5771,10.341],[79.5771,10.3407],[79.5762,10.3407],[79.5762,10.341],[79.5746,10.341],[79.5746,10.3413],[79.5738,10.3413],[79.5738,10.3415],[79.5732,10.3415],[79.5732,10.3418],[79.5721,10.3418],[79.5721,10.3421],[79.571,10.3421],[79.571,10.3424],[79.5699,10.3424],[79.5699,10.3426],[79.5685,10.3426],[79.5685,10.3424],[79.5682,10.3424],[79.5682,10.3426],[79.5676,10.3426],[79.5676,10.3429],[79.5668,10.3429],[79.5668,10.3432],[79.5654,10.3432],[79.5654,10.3435],[79.5643,10.3435],[79.5643,10.3438],[79.564,10.3438],[79.564,10.344],[79.5635,10.344],[79.5635,10.3443],[79.5629,10.3443],[79.5629,10.3446],[79.5626,10.3446],[79.5626,10.3443],[79.5612,10.3443],[79.5612,10.3446],[79.5601,10.3446],[79.5601,10.3449],[79.559,10.3449],[79.559,10.3451],[79.5582,10.3451],[79.5582,10.3454],[79.5571,10.3454],[79.5571,10.3457],[79.556,10.3457],[79.556,10.346],[79.5549,10.346],[79.5549,10.3463],[79.5537,10.3463],[79.5537,10.3465],[79.5526,10.3465],[79.5526,10.3468],[79.5518,10.3468],[79.5518,10.3471],[79.5501,10.3471],[79.5501,10.3474],[79.5485,10.3474],[79.5485,10.3476],[79.5471,10.3476],[79.5471,10.3479],[79.5451,10.3479],[79.5451,10.3476],[79.5435,10.3476],[79.5435,10.3471],[79.5432,10.3471],[79.5432,10.3468],[79.5429,10.3468],[79.5429,10.3463],[79.5426,10.3463],[79.5426,10.346],[79.5424,10.346],[79.5424,10.3451],[79.5426,10.3451],[79.5426,10.344],[79.5429,10.344],[79.5429,10.3438],[79.5432,10.3438],[79.5432,10.3435],[79.5435,10.3435],[79.5435,10.3421],[79.5432,10.3421],[79.5432,10.3413],[79.5429,10.3413],[79.5429,10.3399],[79.5432,10.3399],[79.5432,10.3396],[79.5435,10.3396],[79.5435,10.3393],[79.5429,10.3393],[79.5429,10.339],[79.5426,10.339],[79.5426,10.3393],[79.5421,10.3393],[79.5421,10.3396],[79.5418,10.3396],[79.5418,10.3399],[79.5415,10.3399],[79.5415,10.3404],[79.5413,10.3404],[79.5413,10.341],[79.541,10.341],[79.541,10.3415],[79.5407,10.3415],[79.5407,10.3421],[79.5404,10.3421],[79.5404,10.3432],[79.5407,10.3432],[79.5407,10.3435],[79.541,10.3435],[79.541,10.344],[79.5407,10.344],[79.5407,10.3446],[79.5404,10.3446],[79.5404,10.3449],[79.5399,10.3449],[79.5399,10.3451],[79.5396,10.3451],[79.5396,10.3457],[79.5393,10.3457],[79.5393,10.3465],[79.539,10.3465],[79.539,10.3471],[79.5382,10.3471],[79.5382,10.3457],[79.5385,10.3457],[79.5385,10.3446],[79.5387,10.3446],[79.5387,10.3443],[79.539,10.3443],[79.539,10.344],[79.5393,10.344],[79.5393,10.3429],[79.5387,10.3429],[79.5387,10.3424],[79.539,10.3424],[79.539,10.3418],[79.5393,10.3418],[79.5393,10.3413],[79.5396,10.3413],[79.5396,10.3407],[79.5399,10.3407],[79.5399,10.3396],[79.5401,10.3396],[79.5401,10.3385],[79.541,10.3385],[79.541,10.339],[79.5415,10.339],[79.5415,10.3385],[79.5424,10.3385],[79.5424,10.3388],[79.5435,10.3388],[79.5435,10.3385],[79.5437,10.3385],[79.5437,10.3382],[79.5435,10.3382],[79.5435,10.3376],[79.5429,10.3376],[79.5429,10.3374],[79.5424,10.3374],[79.5424,10.3371],[79.5421,10.3371],[79.5421,10.3368],[79.5415,10.3368],[79.5415,10.3365],[79.5404,10.3365],[79.5404,10.3368],[79.5401,10.3368],[79.5401,10.3371],[79.5399,10.3371],[79.5399,10.3374],[79.5396,10.3374],[79.5396,10.3376],[79.5393,10.3376],[79.5393,10.3379],[79.5365,10.3379],[79.5365,10.3376],[79.5362,10.3376],[79.5362,10.3374],[79.5351,10.3374],[79.5351,10.3371],[79.5349,10.3371],[79.5349,10.3368],[79.5346,10.3368],[79.5346,10.336],[79.5343,10.336],[79.5343,10.3357],[79.5346,10.3357],[79.5346,10.3354],[79.5349,10.3354],[79.5349,10.3351],[79.5351,10.3351],[79.5351,10.3346],[79.5354,10.3346],[79.5354,10.334],[79.5357,10.334],[79.5357,10.3338],[79.5362,10.3338],[79.5362,10.3332],[79.5365,10.3332],[79.5365,10.3329],[79.5368,10.3329],[79.5368,10.3326],[79.5371,10.3326],[79.5371,10.3324],[79.5374,10.3324],[79.5374,10.3321],[79.5379,10.3321],[79.5379,10.3318],[79.5382,10.3318],[79.5382,10.3315],[79.5387,10.3315],[79.5387,10.3313],[79.539,10.3313],[79.539,10.331],[79.5393,10.331],[79.5393,10.3307],[79.5396,10.3307],[79.5396,10.3304],[79.5399,10.3304],[79.5399,10.3301],[79.5401,10.3301],[79.5401,10.3296],[79.5404,10.3296],[79.5404,10.3293],[79.5407,10.3293],[79.5407,10.329],[79.541,10.329],[79.541,10.3287],[79.5413,10.3287],[79.5413,10.3285],[79.5415,10.3285],[79.5415,10.3279],[79.5418,10.3279],[79.5418,10.3271],[79.5421,10.3271],[79.5421,10.3265],[79.5424,10.3265],[79.5424,10.326],[79.5426,10.326],[79.5426,10.3257],[79.5429,10.3257],[79.5429,10.3254],[79.5432,10.3254],[79.5432,10.3252],[79.5435,10.3252],[79.5435,10.3243],[79.5407,10.3243],[79.5407,10.3226],[79.5387,10.3226],[79.5387,10.3224],[79.5379,10.3224],[79.5379,10.3221],[79.5374,10.3221],[79.5374,10.3218],[79.5354,10.3218],[79.5354,10.3221],[79.5349,10.3221],[79.5349,10.3224],[79.5324,10.3224],[79.5324,10.3221],[79.5313,10.3221],[79.5313,10.3218],[79.5299,10.3218],[79.5299,10.3215],[79.5287,10.3215],[79.5287,10.3213],[79.5285,10.3213],[79.5285,10.321],[79.5282,10.321],[79.5282,10.3207],[79.5276,10.3207],[79.5276,10.3204],[79.5274,10.3204],[79.5274,10.3201],[79.5268,10.3201],[79.5268,10.3199],[79.5263,10.3199],[79.5263,10.3193],[79.526,10.3193],[79.526,10.3187],[79.5257,10.3187],[79.5257,10.3185],[79.5235,10.3185],[79.5235,10.3187],[79.5232,10.3187],[79.5232,10.319],[79.5229,10.319],[79.5229,10.3193],[79.5226,10.3193],[79.5226,10.3196],[79.5224,10.3196],[79.5224,10.3199],[79.5221,10.3199],[79.5221,10.3201],[79.521,10.3201],[79.521,10.3204],[79.5204,10.3204],[79.5204,10.3207],[79.5193,10.3207],[79.5193,10.3204],[79.516,10.3204],[79.516,10.3207],[79.5154,10.3207],[79.5154,10.321],[79.5151,10.321],[79.5149,10.321],[79.5149,10.3211],[79.5149,10.3213],[79.5147,10.3212],[79.5146,10.3212],[79.5146,10.3215],[79.5141,10.3216],[79.514,10.3216],[79.514,10.3218],[79.5136,10.3218],[79.5135,10.3219],[79.5135,10.3221],[79.5131,10.3221],[79.5129,10.3221],[79.5129,10.3222],[79.5129,10.3224],[79.5126,10.3224],[79.5124,10.3224],[79.5124,10.3226],[79.512,10.3226],[79.5118,10.3226],[79.5118,10.3227],[79.5118,10.3229],[79.5115,10.3229],[79.5113,10.3229],[79.5113,10.323],[79.5113,10.3232],[79.511,10.3232],[79.511,10.3235],[79.5104,10.3235],[79.5104,10.3237],[79.5099,10.3238],[79.5099,10.324],[79.5093,10.324],[79.5093,10.3243],[79.5087,10.3243],[79.5082,10.3243],[79.5082,10.3246],[79.5081,10.3246],[79.5076,10.3246],[79.5076,10.3249],[79.5074,10.3249],[79.5074,10.3249],[79.5074,10.3252],[79.5071,10.3251],[79.5071,10.3257],[79.5074,10.3257],[79.5074,10.3265],[79.5076,10.3265],[79.5076,10.3274],[79.5082,10.3274],[79.5082,10.3276],[79.509,10.3276],[79.509,10.3279],[79.5101,10.3279],[79.5101,10.3276],[79.5104,10.3276],[79.5104,10.3274],[79.5107,10.3274],[79.5107,10.3271],[79.511,10.3271],[79.511,10.3268],[79.5115,10.3268],[79.5115,10.3265],[79.5118,10.3265],[79.5118,10.3263],[79.5149,10.3263],[79.5149,10.326],[79.5163,10.326],[79.5163,10.3257],[79.5176,10.3257],[79.5176,10.3254],[79.519,10.3254],[79.519,10.3252],[79.5204,10.3252],[79.5204,10.3254],[79.521,10.3254],[79.521,10.3252],[79.5215,10.3252],[79.5215,10.3254],[79.5221,10.3254],[79.5221,10.3252],[79.5224,10.3252],[79.5224,10.3254],[79.5232,10.3254],[79.5232,10.326],[79.5229,10.326],[79.5229,10.3263],[79.5226,10.3263],[79.5226,10.3268],[79.5224,10.3268],[79.5224,10.3271],[79.5226,10.3271],[79.5226,10.3274],[79.5229,10.3274],[79.5229,10.3276],[79.5232,10.3276],[79.5232,10.3279],[79.524,10.3279],[79.524,10.3276],[79.5246,10.3276],[79.5246,10.3274],[79.5251,10.3274],[79.5251,10.3251],[79.5254,10.3252],[79.5254,10.3249],[79.5257,10.3249],[79.5257,10.3246],[79.5285,10.3246],[79.5285,10.3263],[79.5287,10.3263],[79.5287,10.3271],[79.529,10.3271],[79.529,10.3276],[79.5296,10.3276],[79.5296,10.3282],[79.5293,10.3282],[79.5293,10.3285],[79.529,10.3285],[79.529,10.3293],[79.5285,10.3293],[79.5285,10.3296],[79.5282,10.3296],[79.5282,10.3299],[79.5276,10.3299],[79.5276,10.3301],[79.5274,10.3301],[79.5274,10.3304],[79.5265,10.3304],[79.5265,10.3301],[79.5254,10.3301],[79.5254,10.3304],[79.5249,10.3304],[79.5249,10.3307],[79.5218,10.3307],[79.5218,10.3304],[79.5212,10.3304],[79.5212,10.3301],[79.521,10.3301],[79.521,10.3299],[79.5204,10.3299],[79.5204,10.3296],[79.5201,10.3296],[79.5201,10.3293],[79.5199,10.3293],[79.5199,10.3287],[79.5196,10.3287],[79.5196,10.329],[79.5193,10.329],[79.5193,10.3287],[79.519,10.3287],[79.519,10.3285],[79.5188,10.3285],[79.5188,10.3282],[79.5182,10.3282],[79.5182,10.3279],[79.5179,10.3279],[79.5179,10.3276],[79.5174,10.3276],[79.5174,10.3274],[79.516,10.3274],[79.5157,10.3274],[79.5157,10.3276],[79.5151,10.3276],[79.5146,10.3276],[79.5146,10.3278],[79.5146,10.3279],[79.5143,10.3279],[79.5143,10.3282],[79.5132,10.3282],[79.5132,10.3285],[79.5126,10.3285],[79.5126,10.3287],[79.5124,10.3287],[79.5124,10.329],[79.5121,10.329],[79.5121,10.3293],[79.5115,10.3293],[79.5115,10.3296],[79.511,10.3296],[79.511,10.3299],[79.5104,10.3299],[79.5104,10.3304],[79.5099,10.3304],[79.5099,10.3315],[79.5118,10.3315],[79.5118,10.3321],[79.5124,10.3321],[79.5124,10.3324],[79.5129,10.3324],[79.5129,10.3326],[79.5135,10.3326],[79.5135,10.3329],[79.5137,10.3329],[79.5137,10.3332],[79.514,10.3332],[79.514,10.3338],[79.5143,10.3338],[79.5143,10.3346],[79.514,10.3346],[79.514,10.3349],[79.5137,10.3349],[79.5137,10.3354],[79.5135,10.3354],[79.5135,10.3363],[79.5132,10.3363],[79.5132,10.3365],[79.5129,10.3365],[79.5129,10.3371],[79.5126,10.3371],[79.5126,10.3374],[79.5124,10.3374],[79.5124,10.3376],[79.5118,10.3376],[79.5118,10.3374],[79.5107,10.3374],[79.5107,10.3376],[79.5104,10.3376],[79.5104,10.3379],[79.5101,10.3379],[79.5101,10.3382],[79.5098,10.3382],[79.5096,10.3382],[79.5096,10.3385],[79.5082,10.3385],[79.5082,10.3382],[79.5076,10.3382],[79.5076,10.3379],[79.5071,10.3379],[79.5071,10.3376],[79.5065,10.3376],[79.5065,10.3374],[79.5062,10.3374],[79.5062,10.3365],[79.5054,10.3365],[79.5054,10.3363],[79.5051,10.3363],[79.5051,10.3357],[79.5043,10.3357],[79.5043,10.3354],[79.504,10.3354],[79.504,10.3357],[79.5038,10.3357],[79.5038,10.3354],[79.5035,10.3354],[79.5035,10.3349],[79.5032,10.3349],[79.5032,10.3346],[79.5029,10.3346],[79.5029,10.334],[79.5024,10.334],[79.5024,10.3338],[79.5018,10.3338],[79.5018,10.3332],[79.5015,10.3332],[79.5015,10.3326],[79.5018,10.3326],[79.5018,10.3321],[79.5018,10.3315],[79.5021,10.3315],[79.5021,10.3299],[79.5024,10.3299],[79.5024,10.3296],[79.5026,10.3296],[79.5026,10.3293],[79.5051,10.3293],[79.5051,10.329],[79.5054,10.329],[79.5054,10.3282],[79.5051,10.3282],[79.5051,10.3259],[79.5051,10.3232],[79.5049,10.3232],[79.5049,10.3226],[79.5046,10.3226],[79.5046,10.3221],[79.504,10.3221],[79.504,10.3218],[79.5037,10.3218],[79.5037,10.3215],[79.5032,10.3215],[79.5032,10.3213],[79.5026,10.3213],[79.5026,10.321],[79.5021,10.321],[79.5021,10.3207],[79.5018,10.3207],[79.5018,10.3204],[79.5013,10.3204],[79.5013,10.3201],[79.4993,10.3201],[79.4993,10.3204],[79.4985,10.3204],[79.4985,10.3207],[79.4974,10.3207],[79.4974,10.321],[79.4965,10.321],[79.4965,10.3213],[79.4957,10.3213],[79.4957,10.3215],[79.4951,10.3215],[79.4951,10.3221],[79.4954,10.3221],[79.4954,10.3226],[79.4957,10.3226],[79.4957,10.3235],[79.496,10.3235],[79.496,10.3249],[79.4962,10.3249],[79.4962,10.3254],[79.4965,10.3254],[79.4965,10.3274],[79.4968,10.3274],[79.4968,10.3282],[79.4965,10.3282],[79.4965,10.3279],[79.4962,10.3279],[79.4962,10.3276],[79.496,10.3276],[79.496,10.3271],[79.4957,10.3271],[79.4957,10.3268],[79.4954,10.3268],[79.4954,10.3265],[79.4951,10.3265],[79.4951,10.3263],[79.4949,10.3263],[79.4949,10.326],[79.4946,10.326],[79.4946,10.3254],[79.4943,10.3254],[79.4943,10.3252],[79.494,10.3252],[79.494,10.3235],[79.4938,10.3235],[79.4938,10.3224],[79.494,10.3224],[79.494,10.3221],[79.4943,10.3221],[79.4943,10.3215],[79.4946,10.3215],[79.4946,10.321],[79.4949,10.321],[79.4949,10.3201],[79.4951,10.3201],[79.4951,10.3199],[79.4954,10.3199],[79.4954,10.3196],[79.4957,10.3196],[79.4957,10.319],[79.496,10.319],[79.496,10.3187],[79.4954,10.3187],[79.4954,10.319],[79.4949,10.319],[79.4949,10.3193],[79.4946,10.3193],[79.4946,10.3196],[79.494,10.3196],[79.494,10.3199],[79.4935,10.3199],[79.4935,10.3201],[79.4929,10.3201],[79.4929,10.3204],[79.4926,10.3204],[79.4926,10.3207],[79.4924,10.3207],[79.4924,10.3213],[79.4921,10.3213],[79.4921,10.3221],[79.4924,10.3221],[79.4924,10.3224],[79.4926,10.3224],[79.4926,10.3226],[79.4929,10.3226],[79.4929,10.3237],[79.4921,10.3237],[79.4921,10.324],[79.4918,10.324],[79.4918,10.3243],[79.4901,10.3243],[79.4901,10.3246],[79.4896,10.3246],[79.4896,10.3249],[79.4887,10.3249],[79.4887,10.3252],[79.4876,10.3251],[79.4876,10.3257],[79.4879,10.3257],[79.4879,10.326],[79.4882,10.326],[79.4882,10.3263],[79.4885,10.3263],[79.4885,10.3274],[79.4882,10.3274],[79.4882,10.3276],[79.4876,10.3276],[79.4876,10.3279],[79.4874,10.3279],[79.4874,10.3285],[79.4876,10.3285],[79.4876,10.3287],[79.489,10.3287],[79.489,10.3285],[79.4896,10.3285],[79.4896,10.3282],[79.4901,10.3282],[79.4901,10.3285],[79.4912,10.3285],[79.4912,10.3282],[79.4924,10.3282],[79.4924,10.3279],[79.4932,10.3279],[79.4932,10.3276],[79.4943,10.3276],[79.4943,10.3279],[79.4946,10.3279],[79.4946,10.3285],[79.4949,10.3285],[79.4949,10.3303],[79.4949,10.3307],[79.494,10.3307],[79.494,10.331],[79.4934,10.331],[79.4932,10.331],[79.4932,10.3307],[79.4926,10.3307],[79.4926,10.3304],[79.4924,10.3304],[79.4924,10.3301],[79.4921,10.3301],[79.4921,10.3299],[79.4912,10.3299],[79.4912,10.3293],[79.4893,10.3293],[79.4893,10.3296],[79.4887,10.3296],[79.4887,10.3299],[79.4879,10.3299],[79.4879,10.3301],[79.4874,10.3301],[79.4874,10.3307],[79.4871,10.3307],[79.4871,10.3313],[79.4868,10.3313],[79.4868,10.3318],[79.4865,10.3318],[79.4865,10.3324],[79.4868,10.3324],[79.4868,10.3326],[79.4863,10.3326],[79.4863,10.3338],[79.486,10.3338],[79.486,10.334],[79.4865,10.334],[79.4865,10.3354],[79.4865,10.3357],[79.486,10.3357],[79.4857,10.3357],[79.4856,10.3359],[79.4821,10.336],[79.4821,10.3363],[79.4818,10.3363],[79.4818,10.3365],[79.4801,10.3365],[79.4801,10.3363],[79.4799,10.3363],[79.4799,10.336],[79.4796,10.336],[79.4796,10.3357],[79.4793,10.3357],[79.4793,10.3354],[79.479,10.3354],[79.479,10.3351],[79.4776,10.3351],[79.4776,10.3357],[79.4774,10.3357],[79.4774,10.336],[79.4768,10.336],[79.4768,10.3363],[79.4763,10.3363],[79.4763,10.3365],[79.4751,10.3365],[79.4751,10.3368],[79.474,10.3368],[79.474,10.3365],[79.4715,10.3365],[79.4715,10.3368],[79.471,10.3368],[79.471,10.3374],[79.4707,10.3374],[79.4707,10.3376],[79.4704,10.3376],[79.4704,10.3382],[79.4701,10.3382],[79.4701,10.3385],[79.4699,10.3385],[79.4699,10.339],[79.4696,10.339],[79.4696,10.3393],[79.469,10.3393],[79.469,10.3396],[79.4685,10.3396],[79.4685,10.3399],[79.4679,10.3399],[79.4679,10.3401],[79.4657,10.3401],[79.4657,10.3399],[79.4654,10.3399],[79.4654,10.3396],[79.4651,10.3396],[79.4651,10.3393],[79.4624,10.3393],[79.4624,10.339],[79.4621,10.339],[79.4621,10.3388],[79.4618,10.3388],[79.4618,10.3385],[79.4615,10.3385],[79.4615,10.3382],[79.4613,10.3382],[79.4613,10.3379],[79.4576,10.3379],[79.4576,10.3388],[79.4574,10.3388],[79.4574,10.3401],[79.4571,10.3401],[79.4571,10.3407],[79.4568,10.3407],[79.4568,10.341],[79.4565,10.341],[79.4565,10.3415],[79.4563,10.3415],[79.4563,10.3421],[79.456,10.3421],[79.456,10.3415],[79.4557,10.3415],[79.4557,10.3399],[79.4554,10.3399],[79.4554,10.3388],[79.4551,10.3388],[79.4551,10.3379],[79.4549,10.3379],[79.4549,10.3365],[79.4551,10.3365],[79.4551,10.3363],[79.4557,10.3363],[79.4557,10.3365],[79.4585,10.3365],[79.4585,10.336],[79.4587,10.336],[79.4587,10.3351],[79.459,10.3351],[79.459,10.3354],[79.4593,10.3354],[79.4593,10.336],[79.4596,10.336],[79.4596,10.3363],[79.4599,10.3363],[79.4599,10.3365],[79.4601,10.3365],[79.4601,10.3368],[79.4604,10.3368],[79.4604,10.3371],[79.4615,10.3371],[79.4615,10.3368],[79.4618,10.3368],[79.4618,10.3365],[79.4624,10.3365],[79.4624,10.3363],[79.4626,10.3363],[79.4626,10.3376],[79.4632,10.3376],[79.4632,10.3379],[79.4638,10.3379],[79.4638,10.3382],[79.4643,10.3382],[79.4643,10.3385],[79.4649,10.3385],[79.4649,10.3388],[79.4654,10.3388],[79.4654,10.339],[79.4665,10.339],[79.4665,10.3388],[79.4668,10.3388],[79.4668,10.3382],[79.4671,10.3382],[79.4671,10.3379],[79.4674,10.3379],[79.4674,10.3376],[79.4676,10.3376],[79.4676,10.3371],[79.4679,10.3371],[79.4679,10.3365],[79.4685,10.3365],[79.4685,10.336],[79.4688,10.336],[79.4688,10.3357],[79.476,10.3357],[79.476,10.3354],[79.4763,10.3354],[79.4763,10.3351],[79.4768,10.3351],[79.4768,10.3349],[79.4771,10.3349],[79.4771,10.3346],[79.4776,10.3346],[79.4776,10.3343],[79.4779,10.3343],[79.4779,10.334],[79.4807,10.334],[79.4807,10.3338],[79.481,10.3338],[79.481,10.3335],[79.4812,10.3335],[79.4812,10.3332],[79.4815,10.3332],[79.4815,10.3326],[79.4818,10.3326],[79.4818,10.3318],[79.4821,10.3318],[79.4821,10.3313],[79.4824,10.3313],[79.4824,10.3307],[79.4826,10.3307],[79.4826,10.3301],[79.4829,10.3301],[79.4829,10.3299],[79.4832,10.3299],[79.4832,10.3296],[79.4835,10.3296],[79.4835,10.329],[79.4837,10.329],[79.4837,10.3287],[79.484,10.3287],[79.484,10.3285],[79.4843,10.3285],[79.4843,10.3282],[79.4846,10.3282],[79.4846,10.3279],[79.4849,10.3279],[79.4849,10.3276],[79.4851,10.3276],[79.4851,10.3274],[79.4854,10.3274],[79.4854,10.3271],[79.4857,10.3271],[79.4857,10.3268],[79.486,10.3268],[79.486,10.3265],[79.4863,10.3265],[79.4863,10.3263],[79.4865,10.3263],[79.4865,10.326],[79.4863,10.326],[79.4863,10.3254],[79.486,10.3254],[79.486,10.3249],[79.484,10.3249],[79.484,10.3246],[79.4832,10.3246],[79.4832,10.3243],[79.481,10.3243],[79.481,10.324],[79.4788,10.324],[79.4788,10.3243],[79.4785,10.3243],[79.4785,10.3246],[79.4768,10.3246],[79.4768,10.3249],[79.4763,10.3249],[79.4763,10.3252],[79.4757,10.3252],[79.4757,10.3254],[79.4754,10.3254],[79.4754,10.3257],[79.4751,10.3257],[79.4751,10.326],[79.4729,10.326],[79.4729,10.3257],[79.4713,10.3257],[79.4713,10.3254],[79.471,10.3254],[79.471,10.3249],[79.4679,10.3249],[79.4679,10.3252],[79.4662,10.3252],[79.4662,10.3254],[79.4629,10.3254],[79.4629,10.3252],[79.4607,10.3252],[79.4607,10.3254],[79.4604,10.3254],[79.4604,10.326],[79.4601,10.326],[79.4601,10.3265],[79.4599,10.3265],[79.4599,10.3271],[79.4582,10.3271],[79.4582,10.3263],[79.4579,10.3263],[79.4579,10.3252],[79.4574,10.3252],[79.4574,10.3243],[79.4576,10.3243],[79.4576,10.3215],[79.4571,10.3215],[79.4571,10.321],[79.4568,10.321],[79.4568,10.3207],[79.4571,10.3207],[79.4571,10.3204],[79.4607,10.3204],[79.4607,10.3201],[79.4615,10.3201],[79.4615,10.3199],[79.4626,10.3199],[79.4626,10.3196],[79.4635,10.3196],[79.4635,10.3193],[79.4679,10.3193],[79.4679,10.319],[79.4704,10.319],[79.4704,10.3187],[79.4724,10.3187],[79.4724,10.3185],[79.4737,10.3185],[79.4737,10.3182],[79.481,10.3182],[79.481,10.3179],[79.4843,10.3179],[79.4843,10.3176],[79.4854,10.3176],[79.4854,10.3174],[79.4865,10.3174],[79.4865,10.3171],[79.4929,10.3171],[79.4929,10.3168],[79.4976,10.3168],[79.4976,10.3171],[79.4982,10.3171],[79.4982,10.3174],[79.4985,10.3174],[79.4985,10.3176],[79.4993,10.3176],[79.4993,10.3162],[79.5013,10.3162],[79.5013,10.316],[79.5035,10.316],[79.5035,10.3157],[79.5054,10.3157],[79.5054,10.3154],[79.5076,10.3154],[79.5076,10.3151],[79.5137,10.3151],[79.5137,10.3154],[79.5143,10.3154],[79.5143,10.3157],[79.5154,10.3157],[79.5154,10.316],[79.516,10.316],[79.516,10.3162],[79.5176,10.3162],[79.5176,10.316],[79.5179,10.316],[79.5179,10.3154],[79.5182,10.3154],[79.5182,10.3151],[79.5179,10.3151],[79.5179,10.3149],[79.5176,10.3149],[79.5176,10.3146],[79.5171,10.3146],[79.5171,10.3143],[79.5168,10.3143],[79.5168,10.314],[79.5165,10.314],[79.5165,10.3138],[79.5163,10.3138],[79.5163,10.3135],[79.5157,10.3135],[79.5157,10.3132],[79.5154,10.3132],[79.5154,10.3129],[79.5151,10.3129],[79.5151,10.3126],[79.5149,10.3126],[79.5149,10.3124],[79.5146,10.3124],[79.5146,10.3118],[79.5143,10.3118],[79.5143,10.3115],[79.514,10.3115],[79.514,10.3113],[79.5137,10.3113],[79.5137,10.3107],[79.5135,10.3107],[79.5135,10.3104],[79.5132,10.3104],[79.5132,10.3102],[79.5129,10.3102],[79.5129,10.3096],[79.5126,10.3096],[79.5126,10.3093],[79.5124,10.3093],[79.5124,10.309],[79.511,10.309],[79.511,10.3088],[79.5101,10.3088],[79.5101,10.3085],[79.5099,10.3085],[79.5099,10.3088],[79.5096,10.3088],[79.5096,10.3085],[79.5068,10.3085],[79.5068,10.3088],[79.5051,10.3088],[79.5051,10.309],[79.5046,10.309],[79.5046,10.3093],[79.504,10.3093],[79.504,10.3096],[79.5026,10.3096],[79.5026,10.3099],[79.5018,10.3099],[79.5018,10.3093],[79.5013,10.3093],[79.5013,10.3096],[79.501,10.3096],[79.501,10.3093],[79.5007,10.3093],[79.5007,10.3096],[79.4999,10.3096],[79.4999,10.3099],[79.4993,10.3099],[79.4993,10.3102],[79.4982,10.3102],[79.4982,10.3099],[79.4979,10.3099],[79.4979,10.3102],[79.4965,10.3102],[79.4965,10.3099],[79.4957,10.3099],[79.4957,10.3102],[79.4926,10.3102],[79.4926,10.3099],[79.4921,10.3099],[79.4921,10.3102],[79.4915,10.3102],[79.4915,10.3099],[79.4907,10.3099],[79.4907,10.3102],[79.4899,10.3102],[79.4899,10.3104],[79.4868,10.3104],[79.4868,10.3107],[79.481,10.3107],[79.481,10.311],[79.4771,10.311],[79.4771,10.3113],[79.4751,10.3113],[79.4751,10.3115],[79.4732,10.3115],[79.4732,10.3118],[79.4724,10.3118],[79.4724,10.3115],[79.4721,10.3115],[79.4721,10.3118],[79.4707,10.3118],[79.4707,10.3121],[79.4682,10.3121],[79.4682,10.3124],[79.466,10.3124],[79.466,10.3126],[79.4651,10.3126],[79.4651,10.3124],[79.4649,10.3124],[79.4649,10.3126],[79.4632,10.3126],[79.4632,10.3129],[79.4618,10.3129],[79.4618,10.3126],[79.4615,10.3126],[79.4615,10.3129],[79.4599,10.3129],[79.4599,10.3132],[79.4571,10.3132],[79.4571,10.3135],[79.4554,10.3135],[79.4554,10.3138],[79.4549,10.3138],[79.4549,10.3135],[79.4546,10.3135],[79.4546,10.3138],[79.4526,10.3138],[79.4526,10.314],[79.4512,10.314],[79.4512,10.3143],[79.4504,10.3143],[79.4504,10.3146],[79.4499,10.3146],[79.4499,10.3143],[79.4463,10.3143],[79.4463,10.314],[79.4454,10.314],[79.4454,10.3138],[79.444,10.3138],[79.444,10.314],[79.4407,10.314],[79.4407,10.3143],[79.4404,10.3143],[79.4404,10.3146],[79.4401,10.3146],[79.4401,10.3149],[79.4396,10.3149],[79.4396,10.3146],[79.4393,10.3146],[79.4393,10.3149],[79.439,10.3149],[79.439,10.3151],[79.4388,10.3151],[79.4388,10.3154],[79.4371,10.3154],[79.4371,10.3157],[79.4368,10.3157],[79.4368,10.3154],[79.434,10.3154],[79.434,10.3151],[79.4332,10.3151],[79.4332,10.3149],[79.4329,10.3149],[79.4329,10.3151],[79.4324,10.3151],[79.4324,10.3154],[79.4304,10.3154],[79.4304,10.3151],[79.4301,10.3151],[79.4301,10.3154],[79.4293,10.3154],[79.4293,10.3151],[79.4279,10.3151],[79.4279,10.3154],[79.4276,10.3154],[79.4276,10.3151],[79.4271,10.3151],[79.4271,10.3154],[79.4265,10.3154],[79.4265,10.3157],[79.4254,10.3157],[79.4254,10.316],[79.4251,10.316],[79.4251,10.3157],[79.4249,10.3157],[79.4249,10.316],[79.4243,10.316],[79.4243,10.3157],[79.424,10.3157],[79.424,10.316],[79.4235,10.316],[79.4235,10.3162],[79.4226,10.3162],[79.4226,10.316],[79.4221,10.316],[79.4221,10.3162],[79.4182,10.3162],[79.4182,10.3165],[79.4168,10.3165],[79.4168,10.3168],[79.414,10.3168],[79.414,10.3171],[79.4135,10.3171],[79.4135,10.3168],[79.4126,10.3168],[79.4126,10.3171],[79.4088,10.3171],[79.4088,10.3174],[79.4085,10.3174],[79.4085,10.3168],[79.4082,10.3168],[79.4082,10.3174],[79.4076,10.3174],[79.4076,10.3171],[79.4071,10.3171],[79.4071,10.3174],[79.4049,10.3174],[79.4049,10.3176],[79.4046,10.3176],[79.4046,10.3174],[79.4029,10.3174],[79.4029,10.3176],[79.4015,10.3176],[79.4015,10.3174],[79.4013,10.3174],[79.4013,10.3176],[79.399,10.3176],[79.399,10.3174],[79.3974,10.3174],[79.3974,10.3176],[79.3968,10.3176],[79.3968,10.3179],[79.3949,10.3179],[79.3949,10.3176],[79.3935,10.3176],[79.3935,10.3174],[79.3924,10.3174],[79.3924,10.3176],[79.3915,10.3176],[79.3915,10.3174],[79.3907,10.3174],[79.3907,10.3171],[79.3882,10.3171],[79.3882,10.3168],[79.3871,10.3168],[79.3871,10.3165],[79.3863,10.3165],[79.3863,10.3168],[79.3857,10.3168],[79.3857,10.3165],[79.3851,10.3165],[79.3851,10.3162],[79.3843,10.3162],[79.3843,10.316],[79.3829,10.316],[79.3829,10.3157],[79.3824,10.3157],[79.3824,10.3154],[79.3821,10.3154],[79.3821,10.3146],[79.3818,10.3146],[79.3818,10.3143],[79.3815,10.3143],[79.3815,10.3138],[79.3812,10.3138],[79.3812,10.3135],[79.381,10.3135],[79.381,10.3132],[79.3807,10.3132],[79.3807,10.3129],[79.3804,10.3129],[79.3804,10.3126],[79.3801,10.3126],[79.3801,10.3124],[79.3799,10.3124],[79.3799,10.3118],[79.3796,10.3118],[79.3796,10.3113],[79.3793,10.3113],[79.3793,10.3107],[79.379,10.3107],[79.379,10.3099],[79.3788,10.3099],[79.3788,10.3092],[79.3788,10.3088],[79.3785,10.3088],[79.3785,10.3079],[79.3782,10.3079],[79.3782,10.3071],[79.3779,10.3071],[79.3779,10.3068],[79.3776,10.3068],[79.3776,10.306],[79.3774,10.306],[79.3774,10.3057],[79.3776,10.3057],[79.3776,10.3051],[79.3774,10.3051],[79.3774,10.3046],[79.3771,10.3046],[79.3771,10.304],[79.3768,10.304],[79.3768,10.3035],[79.3765,10.3035],[79.3765,10.3029],[79.3763,10.3029],[79.3763,10.3024],[79.376,10.3024],[79.376,10.3021],[79.3757,10.3021],[79.3757,10.3015],[79.3754,10.3015],[79.3754,10.3013],[79.3751,10.3013],[79.3751,10.3007],[79.3749,10.3007],[79.3749,10.3004],[79.3746,10.3004],[79.3746,10.3001],[79.3743,10.3001],[79.3743,10.2996],[79.374,10.2996],[79.374,10.2993],[79.3737,10.2993],[79.3737,10.2987],[79.3735,10.2987],[79.3735,10.2985],[79.3732,10.2985],[79.3732,10.2982],[79.3729,10.2982],[79.3729,10.2979],[79.3726,10.2979],[79.3726,10.2976],[79.3724,10.2976],[79.3724,10.2974],[79.3721,10.2974],[79.3721,10.2971],[79.3718,10.2971],[79.3718,10.2968],[79.3715,10.2968],[79.3715,10.2965],[79.3712,10.2965],[79.3712,10.2963],[79.371,10.2963],[79.371,10.296],[79.3707,10.296],[79.3707,10.2957],[79.3701,10.2957],[79.3701,10.2954],[79.3699,10.2954],[79.3699,10.2951],[79.3696,10.2951],[79.3696,10.2949],[79.3688,10.2949],[79.3688,10.2951],[79.3685,10.2951],[79.3685,10.2957],[79.3682,10.2957],[79.3682,10.296],[79.3679,10.296],[79.3679,10.2963],[79.3676,10.2963],[79.3676,10.2968],[79.3671,10.2968],[79.3671,10.2971],[79.3665,10.2971],[79.3665,10.2974],[79.3662,10.2974],[79.3662,10.2976],[79.366,10.2976],[79.366,10.2979],[79.3657,10.2979],[79.3657,10.2982],[79.3654,10.2982],[79.3654,10.2985],[79.3649,10.2985],[79.3649,10.2987],[79.3643,10.2987],[79.3643,10.299],[79.364,10.299],[79.364,10.2993],[79.3637,10.2993],[79.3637,10.2996],[79.3635,10.2996],[79.3635,10.2999],[79.3632,10.2999],[79.3632,10.3001],[79.3626,10.3001],[79.3626,10.3004],[79.3621,10.3004],[79.3621,10.3007],[79.3613,10.3007],[79.3612,10.301],[79.3604,10.301],[79.3604,10.3013],[79.3599,10.3013],[79.3599,10.3015],[79.3593,10.3015],[79.3593,10.3018],[79.359,10.3018],[79.359,10.3021],[79.3585,10.3021],[79.3585,10.3007],[79.359,10.3007],[79.359,10.3004],[79.3596,10.3004],[79.3596,10.3001],[79.3601,10.3001],[79.3601,10.3],[79.3601,10.2999],[79.3607,10.2999],[79.3607,10.2996],[79.361,10.2996],[79.361,10.2993],[79.3615,10.2993],[79.3615,10.299],[79.3621,10.299],[79.3621,10.2987],[79.3626,10.2987],[79.3626,10.2985],[79.3629,10.2985],[79.3629,10.2982],[79.3632,10.2982],[79.3632,10.2979],[79.3635,10.2979],[79.3635,10.2976],[79.3637,10.2976],[79.3637,10.2974],[79.364,10.2974],[79.364,10.2971],[79.3643,10.2971],[79.3643,10.2968],[79.3646,10.2968],[79.3646,10.2965],[79.3649,10.2965],[79.3649,10.2963],[79.3651,10.2963],[79.3651,10.2957],[79.3654,10.2957],[79.3654,10.2954],[79.3657,10.2954],[79.3657,10.2951],[79.366,10.2951],[79.366,10.2946],[79.3662,10.2946],[79.3662,10.2943],[79.3665,10.2943],[79.3665,10.2932],[79.3662,10.2932],[79.3662,10.2926],[79.366,10.2926],[79.366,10.2921],[79.3643,10.2921],[79.3643,10.2924],[79.3629,10.2924],[79.3629,10.2921],[79.3624,10.2921],[79.3624,10.2918],[79.3618,10.2918],[79.3618,10.2915],[79.3613,10.2915],[79.3613,10.2912],[79.3607,10.2912],[79.3607,10.291],[79.3601,10.291],[79.3601,10.2907],[79.3596,10.2907],[79.3596,10.2904],[79.359,10.2904],[79.359,10.2901],[79.3585,10.2901],[79.3585,10.2899],[79.3579,10.2899],[79.3579,10.2896],[79.3571,10.2896],[79.3571,10.2893],[79.356,10.2893],[79.356,10.289],[79.3551,10.289],[79.3551,10.2888],[79.354,10.2888],[79.354,10.2885],[79.3532,10.2885],[79.3532,10.2879],[79.3529,10.2879],[79.3529,10.2876],[79.3526,10.2876],[79.3526,10.2874],[79.3524,10.2874],[79.3524,10.2871],[79.3521,10.2871],[79.3521,10.2865],[79.3518,10.2865],[79.3518,10.2863],[79.3515,10.2863],[79.3515,10.286],[79.351,10.286],[79.351,10.2863],[79.3507,10.2863],[79.3507,10.2874],[79.3504,10.2874],[79.3504,10.2885],[79.3501,10.2885],[79.3501,10.2896],[79.3499,10.2896],[79.3499,10.2901],[79.3485,10.2901],[79.3485,10.2921],[79.3487,10.2921],[79.3487,10.2932],[79.349,10.2932],[79.349,10.2937],[79.3487,10.2937],[79.3487,10.294],[79.3485,10.294],[79.3485,10.2943],[79.3482,10.2943],[79.3482,10.2949],[79.3479,10.2949],[79.3479,10.296],[79.3476,10.296],[79.3476,10.2954],[79.3474,10.2954],[79.3474,10.2951],[79.3471,10.2951],[79.3471,10.2946],[79.3474,10.2946],[79.3474,10.2918],[79.3476,10.2918],[79.3476,10.291],[79.3479,10.291],[79.3479,10.2904],[79.3476,10.2904],[79.3476,10.2901],[79.3474,10.2901],[79.3474,10.2896],[79.3471,10.2896],[79.3471,10.2885],[79.3474,10.2885],[79.3474,10.2882],[79.3476,10.2882],[79.3476,10.2879],[79.3479,10.2879],[79.3479,10.2874],[79.3476,10.2874],[79.3476,10.2871],[79.3474,10.2871],[79.3474,10.2868],[79.3465,10.2868],[79.3465,10.2865],[79.3454,10.2865],[79.3454,10.2868],[79.3426,10.2868],[79.3426,10.2871],[79.3412,10.2871],[79.3412,10.2868],[79.3401,10.2868],[79.3401,10.2865],[79.3388,10.2865],[79.3388,10.2863],[79.3376,10.2863],[79.3376,10.286],[79.3368,10.286],[79.3368,10.2857],[79.3363,10.2857],[79.3363,10.2854],[79.3337,10.2854],[79.3337,10.2851],[79.3332,10.2851],[79.3332,10.2849],[79.3324,10.2849],[79.3324,10.2846],[79.3318,10.2846],[79.3318,10.2843],[79.331,10.2843],[79.331,10.284],[79.3304,10.284],[79.3304,10.2838],[79.3299,10.2838],[79.3299,10.2835],[79.3293,10.2835],[79.3293,10.2832],[79.3288,10.2832],[79.3288,10.2829],[79.3282,10.2829],[79.3282,10.2826],[79.3276,10.2826],[79.3276,10.2824],[79.3271,10.2824],[79.3271,10.2821],[79.3265,10.2821],[79.3265,10.2818],[79.326,10.2818],[79.326,10.2815],[79.3257,10.2815],[79.3257,10.2813],[79.3251,10.2813],[79.3251,10.281],[79.3249,10.281],[79.3249,10.2807],[79.3243,10.2807],[79.3243,10.2804],[79.3238,10.2804],[79.3238,10.2801],[79.3235,10.2801],[79.3235,10.2799],[79.3229,10.2799],[79.3229,10.2796],[79.3226,10.2796],[79.3226,10.2793],[79.3221,10.2793],[79.3221,10.279],[79.3215,10.279],[79.3215,10.2788],[79.3213,10.2788],[79.3213,10.2785],[79.321,10.2785],[79.321,10.2782],[79.3204,10.2782],[79.3204,10.2779],[79.3199,10.2779],[79.3199,10.2771],[79.3196,10.2771],[79.3196,10.2765],[79.3193,10.2765],[79.3193,10.2763],[79.319,10.2763],[79.319,10.276],[79.3182,10.276],[79.3182,10.2763],[79.3179,10.2763],[79.3179,10.2757],[79.3176,10.2757],[79.3176,10.2754],[79.3174,10.2754],[79.3174,10.2751],[79.3168,10.2751],[79.3168,10.2749],[79.316,10.2749],[79.316,10.2746],[79.3157,10.2746],[79.3157,10.2743],[79.3154,10.2743],[79.3154,10.274],[79.3151,10.274],[79.3151,10.2738],[79.3149,10.2738],[79.3149,10.2735],[79.3146,10.2735],[79.3146,10.2729],[79.3143,10.2729],[79.3143,10.2726],[79.314,10.2726],[79.314,10.2724],[79.3138,10.2724],[79.3138,10.2722],[79.3138,10.2721],[79.3135,10.2721],[79.3135,10.2718],[79.3132,10.2718],[79.3132,10.2715],[79.3129,10.2715],[79.3129,10.2712],[79.3126,10.2712],[79.3126,10.271],[79.3124,10.271],[79.3124,10.2707],[79.3121,10.2707],[79.3121,10.2704],[79.3118,10.2704],[79.3118,10.2701],[79.3115,10.2701],[79.3115,10.2696],[79.3112,10.2696],[79.3112,10.269],[79.311,10.269],[79.311,10.2688],[79.3107,10.2688],[79.3107,10.2682],[79.3104,10.2682],[79.3104,10.2676],[79.3101,10.2676],[79.3101,10.2674],[79.3099,10.2674],[79.3099,10.2668],[79.3096,10.2668],[79.3096,10.2663],[79.3093,10.2663],[79.3093,10.2657],[79.309,10.2657],[79.309,10.2654],[79.3087,10.2654],[79.3087,10.2649],[79.3085,10.2649],[79.3085,10.2643],[79.3074,10.2643],[79.3074,10.2646],[79.3068,10.2646],[79.3068,10.2649],[79.3063,10.2649],[79.3063,10.2651],[79.3052,10.2651],[79.3046,10.2651],[79.3046,10.2649],[79.3021,10.2649],[79.3021,10.2651],[79.3018,10.2651],[79.3018,10.2649],[79.3012,10.2649],[79.3012,10.2646],[79.3007,10.2646],[79.3007,10.2643],[79.3004,10.2643],[79.3004,10.264],[79.3001,10.264],[79.3001,10.2638],[79.2999,10.2638],[79.2999,10.2635],[79.2993,10.2635],[79.2993,10.2632],[79.299,10.2632],[79.299,10.2629],[79.2985,10.2629],[79.2985,10.2626],[79.2979,10.2626],[79.2979,10.2624],[79.2976,10.2624],[79.2976,10.2621],[79.2971,10.2621],[79.2971,10.2618],[79.2968,10.2618],[79.2968,10.2615],[79.2962,10.2615],[79.2962,10.2613],[79.2957,10.2613],[79.2957,10.261],[79.2954,10.261],[79.2954,10.2607],[79.2949,10.2607],[79.2949,10.2604],[79.2946,10.2604],[79.2946,10.2601],[79.2943,10.2601],[79.2943,10.2599],[79.294,10.2599],[79.294,10.2593],[79.2937,10.2593],[79.2937,10.259],[79.2935,10.259],[79.2935,10.2588],[79.2932,10.2588],[79.2932,10.2585],[79.2929,10.2585],[79.2929,10.2582],[79.2926,10.2582],[79.2926,10.2579],[79.2924,10.2579],[79.2924,10.2574],[79.2918,10.2574],[79.2918,10.2571],[79.2915,10.2571],[79.2915,10.2568],[79.2913,10.2568],[79.2913,10.2565],[79.291,10.2565],[79.291,10.2563],[79.2907,10.2563],[79.2907,10.256],[79.2904,10.256],[79.2904,10.2554],[79.2896,10.2554],[79.2896,10.2549],[79.2893,10.2549],[79.2893,10.2546],[79.289,10.2546],[79.289,10.2543],[79.2887,10.2543],[79.2887,10.2542],[79.2887,10.254],[79.2884,10.254],[79.2876,10.254],[79.2876,10.2538],[79.2871,10.2538],[79.2871,10.2535],[79.2868,10.2535],[79.2868,10.253],[79.2868,10.2529],[79.2867,10.2529],[79.2865,10.2529],[79.2865,10.2528],[79.2865,10.2524],[79.2862,10.2524],[79.2862,10.2521],[79.286,10.2521],[79.286,10.2515],[79.2857,10.2515],[79.2857,10.2507],[79.2854,10.2507],[79.2854,10.2504],[79.2851,10.2504],[79.2851,10.2501],[79.2843,10.2501],[79.2843,10.2499],[79.284,10.2499],[79.284,10.2493],[79.2832,10.2493],[79.2832,10.249],[79.2829,10.249],[79.2829,10.2487],[79.2826,10.2487],[79.2826,10.2485],[79.2824,10.2485],[79.2824,10.2482],[79.2821,10.2482],[79.2821,10.2479],[79.2818,10.2479],[79.2818,10.2476],[79.2815,10.2476],[79.2815,10.2474],[79.281,10.2474],[79.281,10.2468],[79.2807,10.2468],[79.2807,10.2465],[79.2804,10.2465],[79.2804,10.246],[79.2801,10.246],[79.2801,10.2457],[79.2798,10.2457],[79.2799,10.2454],[79.2796,10.2454],[79.2796,10.2449],[79.2793,10.2449],[79.279,10.2449],[79.279,10.2444],[79.279,10.2443],[79.2785,10.2443],[79.2785,10.2437],[79.2782,10.2437],[79.2782,10.2435],[79.2776,10.2435],[79.2776,10.2432],[79.2774,10.2432],[79.2774,10.2429],[79.2771,10.2429],[79.2771,10.2426],[79.2768,10.2426],[79.2768,10.2424],[79.2765,10.2424],[79.2765,10.2418],[79.2757,10.2418],[79.2757,10.2415],[79.2751,10.2415],[79.2751,10.2413],[79.2749,10.2413],[79.2749,10.241],[79.2746,10.241],[79.2746,10.2407],[79.274,10.2407],[79.274,10.2404],[79.2738,10.2404],[79.2738,10.2401],[79.2735,10.2401],[79.2735,10.2396],[79.2732,10.2396],[79.2732,10.2393],[79.2729,10.2393],[79.2729,10.2387],[79.2726,10.2387],[79.2726,10.2382],[79.2724,10.2382],[79.2724,10.2376],[79.2718,10.2376],[79.2718,10.2374],[79.2715,10.2374],[79.2715,10.2368],[79.2712,10.2368],[79.2712,10.2365],[79.271,10.2365],[79.271,10.236],[79.2709,10.236],[79.2707,10.236],[79.2707,10.2358],[79.2707,10.2354],[79.2704,10.2354],[79.2704,10.2351],[79.2701,10.2351],[79.2701,10.2346],[79.2696,10.2346],[79.2696,10.234],[79.2693,10.234],[79.2693,10.2338],[79.269,10.2338],[79.269,10.2332],[79.2688,10.2332],[79.2688,10.2326],[79.2685,10.2326],[79.2685,10.2324],[79.2679,10.2324],[79.2679,10.2312],[79.2676,10.2312],[79.2676,10.2299],[79.2679,10.2299],[79.2679,10.229],[79.2682,10.229],[79.2682,10.2282],[79.2688,10.2282],[79.2688,10.2279],[79.269,10.2279],[79.269,10.2276],[79.2693,10.2276],[79.2693,10.2268],[79.2696,10.2268],[79.2696,10.2263],[79.2699,10.2263],[79.2699,10.2257],[79.2701,10.2257],[79.2701,10.2251],[79.2704,10.2251],[79.2704,10.2249],[79.2712,10.2249],[79.2712,10.2246],[79.2715,10.2246],[79.2715,10.2243],[79.2721,10.2243],[79.2721,10.224],[79.2726,10.224],[79.2726,10.2238],[79.2732,10.2238],[79.2732,10.2235],[79.2738,10.2235],[79.2738,10.2232],[79.2746,10.2232],[79.2746,10.2229],[79.2754,10.2229],[79.2754,10.2226],[79.2757,10.2226],[79.2757,10.2224],[79.276,10.2224],[79.276,10.2218],[79.2763,10.2218],[79.2763,10.2215],[79.2768,10.2215],[79.2768,10.2212],[79.2771,10.2212],[79.2771,10.221],[79.2785,10.221],[79.2785,10.2207],[79.2801,10.2207],[79.2801,10.2196],[79.2804,10.2196],[79.2804,10.2185],[79.2807,10.2185],[79.2807,10.2176],[79.281,10.2176],[79.281,10.2168],[79.2813,10.2168],[79.2813,10.2137],[79.281,10.2138],[79.281,10.2135],[79.2807,10.2135],[79.2807,10.2129],[79.2804,10.2129],[79.2804,10.2126],[79.2801,10.2126],[79.2801,10.2124],[79.2799,10.2124],[79.2799,10.2121],[79.2796,10.2121],[79.2796,10.2118],[79.279,10.2118],[79.279,10.2115],[79.2787,10.2115],[79.2787,10.2112],[79.2785,10.2112],[79.2785,10.211],[79.2779,10.211],[79.2779,10.2107],[79.2776,10.2107],[79.2776,10.2104],[79.2774,10.2104],[79.2774,10.2101],[79.2768,10.2101],[79.2768,10.2099],[79.2765,10.2099],[79.2765,10.2096],[79.276,10.2096],[79.276,10.2093],[79.2757,10.2093],[79.2757,10.209],[79.2754,10.209],[79.2754,10.2088],[79.2749,10.2088],[79.2749,10.2085],[79.2746,10.2085],[79.2746,10.2082],[79.2743,10.2082],[79.2743,10.2079],[79.2738,10.2079],[79.2738,10.2076],[79.2735,10.2076],[79.2735,10.2074],[79.2732,10.2074],[79.2732,10.2071],[79.2726,10.2071],[79.2726,10.2068],[79.2724,10.2068],[79.2724,10.2065],[79.2718,10.2065],[79.2718,10.2063],[79.2715,10.2063],[79.2715,10.206],[79.271,10.206],[79.271,10.2057],[79.2707,10.2057],[79.2707,10.2054],[79.2701,10.2054],[79.2701,10.2051],[79.2699,10.2051],[79.2699,10.2049],[79.2693,10.2049],[79.2693,10.2046],[79.269,10.2046],[79.269,10.2043],[79.2688,10.2043],[79.2688,10.2038],[79.2685,10.2038],[79.2685,10.2032],[79.2682,10.2032],[79.2682,10.2026],[79.2679,10.2026],[79.2679,10.2024],[79.2676,10.2024],[79.2676,10.2018],[79.2674,10.2018],[79.2674,10.2013],[79.2671,10.2013],[79.2671,10.2007],[79.2668,10.2007],[79.2668,10.2001],[79.2665,10.2001],[79.2665,10.1999],[79.2663,10.1999],[79.2663,10.1993],[79.266,10.1993],[79.266,10.1988],[79.2657,10.1988],[79.2657,10.1982],[79.2654,10.1982],[79.2654,10.1979],[79.2651,10.1979],[79.2651,10.1976],[79.2649,10.1976],[79.2649,10.1974],[79.2646,10.1974],[79.2646,10.1971],[79.2643,10.1971],[79.2643,10.1968],[79.2637,10.1968],[79.2637,10.1965],[79.2635,10.1965],[79.2635,10.1962],[79.2632,10.1962],[79.2632,10.196],[79.2629,10.196],[79.2629,10.1957],[79.2626,10.1957],[79.2626,10.1954],[79.2624,10.1954],[79.2624,10.1951],[79.2621,10.1951],[79.2621,10.1949],[79.2618,10.1949],[79.2618,10.1946],[79.2613,10.1946],[79.2613,10.1943],[79.261,10.1943],[79.261,10.194],[79.2607,10.194],[79.2607,10.1938],[79.2604,10.1938],[79.2604,10.1935],[79.2601,10.1935],[79.2601,10.1932],[79.2596,10.1932],[79.2596,10.1929],[79.2593,10.1929],[79.2593,10.1926],[79.259,10.1926],[79.259,10.1924],[79.2585,10.1924],[79.2585,10.1921],[79.2582,10.1921],[79.2582,10.1918],[79.2579,10.1918],[79.2579,10.1915],[79.2574,10.1915],[79.2574,10.1912],[79.2571,10.1912],[79.2571,10.191],[79.2565,10.191],[79.2565,10.1907],[79.2562,10.1907],[79.2562,10.1904],[79.256,10.1904],[79.256,10.1901],[79.2554,10.1901],[79.2554,10.1899],[79.2551,10.1899],[79.2551,10.1896],[79.2549,10.1896],[79.2549,10.1893],[79.2543,10.1893],[79.2543,10.189],[79.254,10.189],[79.254,10.1888],[79.2532,10.1888],[79.2532,10.1885],[79.2529,10.1885],[79.2529,10.1879],[79.2524,10.1879],[79.2524,10.1876],[79.2521,10.1876],[79.2521,10.1879],[79.2513,10.1879],[79.2513,10.1876],[79.2507,10.1876],[79.2507,10.1874],[79.2504,10.1874],[79.2504,10.1872],[79.2504,10.1871],[79.2501,10.1871],[79.2501,10.1868],[79.2496,10.1868],[79.2496,10.1865],[79.2493,10.1865],[79.2493,10.1863],[79.2485,10.1863],[79.2485,10.186],[79.2474,10.186],[79.2474,10.1857],[79.2465,10.1857],[79.2465,10.1854],[79.2454,10.1854],[79.2454,10.1851],[79.2451,10.1851],[79.2451,10.1849],[79.2449,10.1849],[79.2449,10.1846],[79.2443,10.1846],[79.2443,10.1843],[79.244,10.1843],[79.244,10.184],[79.2438,10.184],[79.2438,10.1837],[79.2435,10.1837],[79.2435,10.1835],[79.2429,10.1835],[79.2429,10.1832],[79.2426,10.1832],[79.2426,10.1829],[79.2424,10.1829],[79.2424,10.1824],[79.2421,10.1824],[79.2421,10.1821],[79.2418,10.1821],[79.2418,10.1812],[79.2415,10.1813],[79.2415,10.1807],[79.2412,10.1807],[79.2412,10.1783],[79.2412,10.1774],[79.2415,10.1774],[79.2415,10.1743],[79.2412,10.1743],[79.2412,10.1738],[79.241,10.1738],[79.241,10.1732],[79.2407,10.1732],[79.2407,10.1726],[79.2404,10.1726],[79.2404,10.1718],[79.2399,10.1718],[79.2399,10.1713],[79.2396,10.1713],[79.2396,10.171],[79.2393,10.171],[79.2393,10.1707],[79.239,10.1707],[79.239,10.1704],[79.2387,10.1704],[79.2387,10.1699],[79.2385,10.1699],[79.2385,10.1696],[79.2382,10.1696],[79.2382,10.1693],[79.2379,10.1693],[79.2379,10.1688],[79.2382,10.1688],[79.2382,10.1682],[79.2385,10.1682],[79.2385,10.1676],[79.2387,10.1676],[79.2387,10.1671],[79.239,10.1671],[79.239,10.1665],[79.2393,10.1665],[79.2393,10.166],[79.2396,10.166],[79.2396,10.1657],[79.2393,10.1657],[79.2393,10.1654],[79.2396,10.1654],[79.2396,10.1651],[79.2399,10.1651],[79.2399,10.1643],[79.2401,10.1643],[79.2401,10.164],[79.2404,10.164],[79.2404,10.1635],[79.2407,10.1635],[79.2407,10.1632],[79.241,10.1632],[79.241,10.1624],[79.2404,10.1624],[79.2404,10.1621],[79.2401,10.1621],[79.2401,10.1574],[79.2399,10.1574],[79.2399,10.1543],[79.2396,10.1543],[79.2396,10.1538],[79.2393,10.1538],[79.2393,10.1535],[79.2385,10.1535],[79.2385,10.1532],[79.2379,10.1532],[79.2379,10.1529],[79.2376,10.1529],[79.2376,10.1526],[79.2374,10.1526],[79.2374,10.1524],[79.2371,10.1524],[79.2371,10.1521],[79.2357,10.1521],[79.2357,10.1524],[79.2351,10.1524],[79.2351,10.1518],[79.2349,10.1518],[79.2349,10.1515],[79.2335,10.1515],[79.2335,10.1513],[79.2332,10.1513],[79.2332,10.151],[79.2326,10.151],[79.2326,10.1507],[79.2312,10.1507],[79.2312,10.1504],[79.2307,10.1504],[79.2307,10.1501],[79.2304,10.1501],[79.2304,10.1499],[79.2301,10.1499],[79.2301,10.1485],[79.2299,10.1485],[79.2299,10.1468],[79.2296,10.1468],[79.2296,10.1449],[79.2293,10.1449],[79.2293,10.1443],[79.229,10.1443],[79.229,10.1435],[79.2293,10.1435],[79.2293,10.1432],[79.2296,10.1432],[79.2296,10.1429],[79.2299,10.1429],[79.2299,10.1426],[79.2301,10.1426],[79.2301,10.1424],[79.2304,10.1424],[79.2304,10.1415],[79.2301,10.1415],[79.2301,10.1407],[79.2299,10.1407],[79.2299,10.1404],[79.2301,10.1404],[79.2301,10.1399],[79.2304,10.1399],[79.2304,10.1396],[79.2307,10.1396],[79.2307,10.1388],[79.2304,10.1388],[79.2304,10.1385],[79.2301,10.1385],[79.2301,10.1382],[79.2293,10.1382],[79.2293,10.1379],[79.2288,10.1379],[79.2288,10.1351],[79.2293,10.1351],[79.2293,10.1343],[79.2296,10.1343],[79.2296,10.1335],[79.2299,10.1335],[79.2299,10.1324],[79.2301,10.1324],[79.2301,10.1319],[79.2301,10.131],[79.2304,10.131],[79.2304,10.1307],[79.2307,10.1307],[79.2307,10.1304],[79.2315,10.1304],[79.2315,10.1301],[79.2321,10.1301],[79.2321,10.1299],[79.2326,10.1299],[79.2326,10.1293],[79.2329,10.1293],[79.2329,10.129],[79.2335,10.129],[79.2335,10.1287],[79.2371,10.1287],[79.2371,10.1285],[79.2368,10.1285],[79.2368,10.1279],[79.2365,10.1279],[79.2365,10.1276],[79.236,10.1276],[79.236,10.1274],[79.2357,10.1274],[79.2357,10.1271],[79.2354,10.1271],[79.2354,10.1268],[79.2351,10.1268],[79.2351,10.1265],[79.2349,10.1265],[79.2349,10.1263],[79.2343,10.1263],[79.2343,10.126],[79.234,10.126],[79.234,10.1257],[79.2337,10.1257],[79.2337,10.1251],[79.2335,10.1251],[79.2335,10.1249],[79.2332,10.1249],[79.2332,10.1246],[79.2329,10.1246],[79.2329,10.1243],[79.2324,10.1243],[79.2324,10.1238],[79.2321,10.1238],[79.2321,10.1226],[79.2318,10.1226],[79.2318,10.1215],[79.2315,10.1215],[79.2315,10.121],[79.2312,10.121],[79.2312,10.1199],[79.231,10.1199],[79.231,10.119],[79.2307,10.119],[79.2307,10.1185],[79.2304,10.1185],[79.2304,10.1176],[79.2301,10.1176],[79.2301,10.1171],[79.2299,10.1171],[79.2299,10.1157],[79.2293,10.1157],[79.2293,10.1151],[79.229,10.1151],[79.229,10.1143],[79.2288,10.1143],[79.2288,10.1138],[79.2285,10.1138],[79.2285,10.1132],[79.2282,10.1132],[79.2282,10.1118],[79.2285,10.1118],[79.2285,10.1101],[79.2288,10.1101],[79.2288,10.1085],[79.229,10.1085],[79.229,10.1068],[79.2293,10.1068],[79.2293,10.1051],[79.2296,10.1051],[79.2296,10.1035],[79.2293,10.1035],[79.2293,10.1029],[79.2288,10.1029],[79.2288,10.1026],[79.2282,10.1026],[79.2282,10.1024],[79.2279,10.1024],[79.2279,10.1021],[79.2276,10.1021],[79.2276,10.1018],[79.2274,10.1018],[79.2274,10.1015],[79.2268,10.1015],[79.2268,10.1013],[79.2265,10.1013],[79.2265,10.0985],[79.2268,10.0985],[79.2268,10.0982],[79.2271,10.0982],[79.2271,10.0968],[79.2274,10.0968],[79.2274,10.0962],[79.2276,10.0962],[79.2276,10.0957],[79.2279,10.0957],[79.2279,10.0946],[79.2282,10.0946],[79.2282,10.094],[79.2279,10.094],[79.2279,10.0938],[79.2282,10.0938],[79.2282,10.0932],[79.2285,10.0932],[79.2285,10.0921],[79.2288,10.0921],[79.2288,10.0915],[79.229,10.0915],[79.229,10.0907],[79.2293,10.0907],[79.2293,10.0901],[79.2296,10.0901],[79.2296,10.0896],[79.2299,10.0896],[79.2299,10.0887],[79.2301,10.0888],[79.2301,10.0882],[79.2304,10.0882],[79.2304,10.0874],[79.2307,10.0874],[79.2307,10.0868],[79.231,10.0868],[79.231,10.0863],[79.2312,10.0863],[79.2312,10.0854],[79.2315,10.0854],[79.2315,10.0849],[79.2318,10.0849],[79.2318,10.0846],[79.2321,10.0846],[79.2321,10.0843],[79.2326,10.0843],[79.2326,10.084],[79.2332,10.084],[79.2332,10.0837],[79.2326,10.0837],[79.2326,10.0835],[79.2329,10.0835],[79.2329,10.0832],[79.2326,10.0832],[79.2326,10.0824],[79.2329,10.0824],[79.2329,10.0818],[79.2332,10.0818],[79.2332,10.0815],[79.2335,10.0815],[79.2335,10.0807],[79.2337,10.0807],[79.2337,10.0799],[79.234,10.0799],[79.234,10.0785],[79.2343,10.0785],[79.2343,10.0782],[79.2349,10.0782],[79.2349,10.0779],[79.2351,10.0779],[79.2351,10.0771],[79.2354,10.0771],[79.2354,10.0762],[79.2357,10.0763],[79.2357,10.0754],[79.236,10.0754],[79.236,10.0749],[79.2363,10.0749],[79.2363,10.0746],[79.2365,10.0746],[79.2365,10.074],[79.2368,10.074],[79.2368,10.0738],[79.239,10.0738],[79.239,10.0735],[79.2396,10.0735],[79.2396,10.0732],[79.2404,10.0732],[79.2404,10.0735],[79.241,10.0735],[79.241,10.0738],[79.2418,10.0738],[79.2418,10.0732],[79.2424,10.0732],[79.2424,10.0735],[79.2435,10.0735],[79.2435,10.0732],[79.244,10.0732],[79.244,10.0729],[79.2443,10.0729],[79.2443,10.0726],[79.2438,10.0726],[79.2438,10.0729],[79.2426,10.0729],[79.2426,10.0726],[79.2424,10.0726],[79.2424,10.0724],[79.2435,10.0724],[79.2435,10.0721],[79.2446,10.0721],[79.2446,10.0718],[79.2449,10.0718],[79.2449,10.0715],[79.2454,10.0715],[79.2454,10.0713],[79.2465,10.0713],[79.2465,10.071],[79.2471,10.071],[79.2471,10.0704],[79.2474,10.0704],[79.2474,10.0701],[79.2476,10.0701],[79.2476,10.0699],[79.2482,10.0699],[79.2482,10.0696],[79.2487,10.0696],[79.2487,10.0693],[79.249,10.0693],[79.249,10.069],[79.2493,10.069],[79.2493,10.0685],[79.2496,10.0685],[79.2496,10.0682],[79.2504,10.0682],[79.2504,10.0679],[79.2507,10.0679],[79.2507,10.0676],[79.251,10.0676],[79.251,10.0674],[79.2513,10.0674],[79.2513,10.0671],[79.2518,10.0671],[79.2518,10.0668],[79.2521,10.0668],[79.2521,10.0665],[79.2524,10.0665],[79.2524,10.0654],[79.2526,10.0654],[79.2526,10.0649],[79.2529,10.0649],[79.2529,10.0646],[79.2532,10.0646],[79.2532,10.0643],[79.2535,10.0643],[79.2535,10.0632],[79.2537,10.0632],[79.2537,10.0612],[79.2535,10.0612],[79.2535,10.0607],[79.2538,10.0607],[79.2538,10.059],[79.2535,10.059],[79.2535,10.0588],[79.2532,10.0588],[79.2532,10.0582],[79.2529,10.0582],[79.2529,10.0571],[79.2526,10.0571],[79.2526,10.056],[79.2529,10.056],[79.2529,10.0557],[79.2532,10.0557],[79.2532,10.0549],[79.2526,10.0549],[79.2526,10.0546],[79.2524,10.0546],[79.2524,10.054],[79.2521,10.054],[79.2521,10.0526],[79.2518,10.0526],[79.2518,10.0524],[79.2524,10.0524],[79.2524,10.0521],[79.2526,10.0521],[79.2526,10.0518],[79.2529,10.0518],[79.2529,10.0507],[79.2526,10.0507],[79.2526,10.0501],[79.2524,10.0501],[79.2524,10.049],[79.2526,10.049],[79.2526,10.0485],[79.2529,10.0485],[79.2529,10.0482],[79.2535,10.0482],[79.2535,10.0479],[79.2537,10.0479],[79.2537,10.0476],[79.254,10.0476],[79.254,10.0474],[79.2543,10.0474],[79.2543,10.0468],[79.2546,10.0468],[79.2546,10.0465],[79.2549,10.0465],[79.2549,10.0463],[79.2551,10.0463],[79.2551,10.0457],[79.2557,10.0457],[79.2557,10.0454],[79.256,10.0454],[79.256,10.0451],[79.2562,10.0451],[79.2562,10.0449],[79.2565,10.0449],[79.2565,10.0446],[79.2571,10.0446],[79.2571,10.0443],[79.2574,10.0443],[79.2574,10.044],[79.2579,10.044],[79.2579,10.0437],[79.2582,10.0437],[79.2582,10.0435],[79.2585,10.0435],[79.2585,10.0432],[79.259,10.0432],[79.259,10.0429],[79.2593,10.0429],[79.2593,10.0426],[79.2599,10.0426],[79.2599,10.0424],[79.2601,10.0424],[79.2601,10.0421],[79.2604,10.0421],[79.2604,10.0418],[79.261,10.0418],[79.261,10.0415],[79.2613,10.0415],[79.2613,10.0413],[79.2618,10.0413],[79.2618,10.041],[79.2621,10.041],[79.2621,10.0407],[79.2626,10.0407],[79.2626,10.0404],[79.2632,10.0404],[79.2632,10.0401],[79.2637,10.0401],[79.2637,10.0399],[79.2643,10.0399],[79.2643,10.0396],[79.2651,10.0396],[79.2651,10.0393],[79.2657,10.0393],[79.2657,10.039],[79.2663,10.039],[79.2663,10.0388],[79.2668,10.0388],[79.2668,10.0385],[79.2674,10.0385],[79.2674,10.0379],[79.2663,10.0379],[79.2663,10.0376],[79.2654,10.0376],[79.2654,10.0374],[79.2643,10.0374],[79.2643,10.0371],[79.2635,10.0371],[79.2635,10.0368],[79.2624,10.0368],[79.2624,10.0365],[79.2621,10.0365],[79.2621,10.0363],[79.2615,10.0363],[79.2615,10.036],[79.261,10.036],[79.261,10.0357],[79.2604,10.0357],[79.2604,10.0354],[79.2599,10.0354],[79.2599,10.0351],[79.2593,10.0351],[79.2593,10.0349],[79.259,10.0349],[79.259,10.0346],[79.2585,10.0346],[79.2585,10.0343],[79.2574,10.0343],[79.2574,10.034],[79.2568,10.034],[79.2568,10.0337],[79.2565,10.0337],[79.2565,10.0335],[79.2562,10.0335],[79.2562,10.0332],[79.2557,10.0332],[79.2557,10.0329],[79.2549,10.0329],[79.2549,10.0326],[79.2543,10.0326],[79.2543,10.0324],[79.2537,10.0324],[79.2537,10.0321],[79.2532,10.0321],[79.2532,10.0318],[79.2526,10.0318],[79.2526,10.0315],[79.2518,10.0315],[79.2518,10.0313],[79.2515,10.0313],[79.2515,10.031],[79.2513,10.031],[79.2513,10.0307],[79.251,10.0307],[79.251,10.0304],[79.2507,10.0304],[79.2507,10.0301],[79.2499,10.0301],[79.2499,10.0299],[79.2493,10.0299],[79.2493,10.0296],[79.249,10.0296],[79.249,10.0293],[79.2485,10.0293],[79.2485,10.029],[79.2479,10.029],[79.2479,10.0288],[79.2474,10.0288],[79.2474,10.0285],[79.2468,10.0285],[79.2468,10.0276],[79.2465,10.0276],[79.2465,10.0274],[79.246,10.0274],[79.246,10.0271],[79.2457,10.0271],[79.2457,10.0268],[79.2451,10.0268],[79.2451,10.0265],[79.2449,10.0265],[79.2449,10.0263],[79.2443,10.0263],[79.2443,10.026],[79.244,10.026],[79.244,10.0254],[79.2432,10.0254],[79.2432,10.0251],[79.2426,10.0251],[79.2426,10.0249],[79.2424,10.0249],[79.2424,10.024],[79.2421,10.024],[79.2421,10.0235],[79.2415,10.0235],[79.2415,10.0232],[79.2412,10.0232],[79.2412,10.0226],[79.2407,10.0226],[79.2407,10.0224],[79.2404,10.0224],[79.2404,10.0212],[79.2401,10.0213],[79.2401,10.021],[79.2399,10.021],[79.2399,10.0207],[79.2396,10.0207],[79.2396,10.0204],[79.2393,10.0204],[79.2393,10.0201],[79.2387,10.0201],[79.2387,10.0199],[79.2382,10.0199],[79.2382,10.0196],[79.2379,10.0196],[79.2379,10.0193],[79.2376,10.0193],[79.2376,10.0188],[79.2374,10.0188],[79.2374,10.0185],[79.2371,10.0185],[79.2371,10.0182],[79.2368,10.0182],[79.2368,10.0179],[79.2363,10.0179],[79.2363,10.0176],[79.236,10.0176],[79.236,10.0174],[79.2357,10.0174],[79.2357,10.0168],[79.2351,10.0168],[79.2351,10.0163],[79.2349,10.0163],[79.2348,10.016],[79.2343,10.016],[79.2343,10.0157],[79.2337,10.0157],[79.2337,10.0154],[79.2335,10.0154],[79.2335,10.0153],[79.2335,10.0151],[79.2333,10.0151],[79.2332,10.0151],[79.2332,10.0146],[79.2329,10.0146],[79.2329,10.0138],[79.2326,10.0138],[79.2326,10.0135],[79.2321,10.0135],[79.2321,10.0129],[79.2315,10.0129],[79.2315,10.0126],[79.2312,10.0126],[79.2312,10.0121],[79.2307,10.0121],[79.2307,10.0118],[79.2304,10.0118],[79.2304,10.0115],[79.2296,10.0115],[79.2296,10.0113],[79.2293,10.0113],[79.2293,10.0107],[79.229,10.0107],[79.229,10.0101],[79.2288,10.0101],[79.2288,10.0096],[79.2285,10.0096],[79.2285,10.0093],[79.2282,10.0093],[79.2282,10.0087],[79.2279,10.0087],[79.2279,10.0085],[79.2276,10.0085],[79.2276,10.0079],[79.2274,10.0079],[79.2274,10.0076],[79.2268,10.0076],[79.2268,10.0074],[79.2265,10.0074],[79.2265,10.0076],[79.226,10.0076],[79.226,10.0082],[79.2257,10.0082],[79.2257,10.0085],[79.2251,10.0085],[79.2251,10.0082],[79.2249,10.0082],[79.2249,10.0074],[79.2251,10.0074],[79.2251,10.0063],[79.2249,10.0063],[79.2249,10.006],[79.2246,10.006],[79.2246,10.0054],[79.2243,10.0054],[79.2243,10.0051],[79.224,10.0051],[79.224,10.0049],[79.2237,10.0049],[79.2237,10.0046],[79.2235,10.0046],[79.2235,10.0043],[79.2232,10.0043],[79.2232,10.004],[79.2229,10.004],[79.2229,10.0037],[79.2226,10.0037],[79.2226,10.0032],[79.2224,10.0032],[79.2224,10.0029],[79.2218,10.0029],[79.2218,10.0018],[79.2215,10.0018],[79.2215,10.0015],[79.2213,10.0015],[79.2213,10.0013],[79.2207,10.0013],[79.2207,10.001],[79.2204,10.001],[79.2204,10.0007],[79.2201,10.0007],[79.2201,10.0001],[79.2201,9.9999],[79.2201,9.9996],[79.2199,9.9996],[79.2199,9.9993],[79.2196,9.9993],[79.2196,9.999],[79.2193,9.999],[79.2193,9.9988],[79.219,9.9988],[79.219,9.9985],[79.2188,9.9985],[79.2188,9.9982],[79.2185,9.9982],[79.2185,9.9976],[79.2179,9.9976],[79.2179,9.9971],[79.2176,9.9971],[79.2176,9.9968],[79.2173,9.9968],[79.2173,9.9965],[79.2171,9.9965],[79.2171,9.9962],[79.2168,9.9962],[79.2168,9.996],[79.2165,9.996],[79.2165,9.9957],[79.2162,9.9957],[79.2162,9.9954],[79.2157,9.9954],[79.2157,9.9951],[79.2154,9.9951],[79.2154,9.9946],[79.2151,9.9946],[79.2151,9.9943],[79.2149,9.9943],[79.2149,9.994],[79.2146,9.994],[79.2146,9.9937],[79.2143,9.9938],[79.2143,9.9935],[79.214,9.9935],[79.214,9.9932],[79.2138,9.9932],[79.2138,9.9926],[79.2132,9.9926],[79.2132,9.9924],[79.2129,9.9924],[79.2129,9.9921],[79.2126,9.9921],[79.2126,9.9918],[79.2121,9.9918],[79.2121,9.9915],[79.2118,9.9915],[79.2118,9.9913],[79.2115,9.9913],[79.2115,9.991],[79.2113,9.991],[79.2113,9.9907],[79.211,9.9907],[79.211,9.9904],[79.2107,9.9904],[79.2107,9.9896],[79.2104,9.9896],[79.2104,9.9893],[79.2101,9.9893],[79.2101,9.9888],[79.2099,9.9888],[79.2099,9.9885],[79.2093,9.9885],[79.2093,9.9882],[79.2087,9.9882],[79.2087,9.9876],[79.2085,9.9876],[79.2085,9.9868],[79.2082,9.9868],[79.2082,9.9865],[79.2076,9.9865],[79.2076,9.9863],[79.2071,9.9863],[79.2071,9.986],[79.2068,9.986],[79.2068,9.9854],[79.2065,9.9854],[79.2065,9.9851],[79.2063,9.9851],[79.2063,9.9846],[79.206,9.9846],[79.206,9.9843],[79.2057,9.9843],[79.2057,9.984],[79.2054,9.984],[79.2054,9.9838],[79.2051,9.9838],[79.2051,9.9832],[79.2043,9.9832],[79.2043,9.9826],[79.204,9.9826],[79.204,9.9824],[79.2038,9.9824],[79.2038,9.9815],[79.2035,9.9815],[79.2035,9.9807],[79.2026,9.9807],[79.2026,9.9801],[79.2024,9.9801],[79.2024,9.9799],[79.2021,9.9799],[79.2021,9.9793],[79.2018,9.9793],[79.2018,9.9788],[79.2015,9.9788],[79.2015,9.9782],[79.2012,9.9782],[79.2012,9.9776],[79.201,9.9776],[79.201,9.9771],[79.2007,9.9771],[79.2007,9.9765],[79.2004,9.9765],[79.2004,9.9757],[79.2001,9.9757],[79.2001,9.9749],[79.1999,9.9749],[79.1999,9.9743],[79.1996,9.9743],[79.1996,9.9735],[79.1993,9.9735],[79.1993,9.9712],[79.1985,9.9712],[79.1985,9.971],[79.1976,9.971],[79.1976,9.9707],[79.1974,9.9707],[79.1974,9.9704],[79.1971,9.9704],[79.1971,9.9701],[79.1965,9.9701],[79.1965,9.9698],[79.1963,9.9699],[79.1963,9.9696],[79.1951,9.9696],[79.1951,9.9693],[79.1949,9.9693],[79.1949,9.969],[79.1937,9.969],[79.1937,9.9685],[79.1929,9.9685],[79.1929,9.9682],[79.1924,9.9682],[79.1924,9.9676],[79.1921,9.9676],[79.1921,9.9674],[79.1918,9.9674],[79.1918,9.9671],[79.1915,9.9671],[79.1915,9.9668],[79.1912,9.9668],[79.1912,9.9665],[79.191,9.9665],[79.191,9.9663],[79.1907,9.9663],[79.1907,9.966],[79.1904,9.966],[79.1904,9.9657],[79.1901,9.9657],[79.1901,9.9654],[79.1899,9.9654],[79.1899,9.9651],[79.1896,9.9651],[79.1896,9.9649],[79.1893,9.9649],[79.1893,9.9646],[79.189,9.9646],[79.189,9.9643],[79.1888,9.9643],[79.1888,9.964],[79.1885,9.964],[79.1885,9.9638],[79.1882,9.9638],[79.1882,9.9635],[79.1879,9.9635],[79.1879,9.9632],[79.1876,9.9632],[79.1876,9.9629],[79.1874,9.9629],[79.1874,9.9626],[79.1871,9.9626],[79.1871,9.9624],[79.1868,9.9624],[79.1868,9.9621],[79.1865,9.9621],[79.1865,9.9618],[79.1862,9.9618],[79.1862,9.9615],[79.186,9.9615],[79.186,9.9613],[79.1857,9.9613],[79.1857,9.961],[79.1854,9.961],[79.1854,9.9607],[79.1851,9.9607],[79.1851,9.9604],[79.1849,9.9604],[79.1849,9.9601],[79.1846,9.9601],[79.1846,9.9599],[79.1843,9.9599],[79.1843,9.9596],[79.184,9.9596],[79.184,9.9593],[79.1835,9.9593],[79.1835,9.959],[79.1832,9.959],[79.1832,9.9588],[79.1829,9.9588],[79.1829,9.9585],[79.1826,9.9585],[79.1826,9.9582],[79.1824,9.9582],[79.1824,9.9581],[79.1824,9.9579],[79.1821,9.9579],[79.1821,9.9576],[79.1818,9.9576],[79.1818,9.9574],[79.1815,9.9574],[79.1815,9.9571],[79.1813,9.9571],[79.1813,9.9568],[79.181,9.9568],[79.181,9.9565],[79.1807,9.9565],[79.1807,9.9563],[79.1804,9.9563],[79.1804,9.9557],[79.1801,9.9557],[79.1801,9.9554],[79.1799,9.9554],[79.1799,9.9551],[79.1796,9.9551],[79.1796,9.9549],[79.1793,9.9549],[79.1793,9.9546],[79.179,9.9546],[79.179,9.9543],[79.1787,9.9543],[79.1787,9.954],[79.1782,9.954],[79.1782,9.9537],[79.1779,9.9537],[79.1779,9.9535],[79.1776,9.9535],[79.1776,9.9532],[79.1774,9.9532],[79.1774,9.9529],[79.1768,9.9529],[79.1768,9.9526],[79.1765,9.9526],[79.1765,9.9524],[79.1762,9.9524],[79.1762,9.9521],[79.176,9.9521],[79.176,9.9518],[79.1754,9.9518],[79.1754,9.9515],[79.1751,9.9515],[79.1751,9.9513],[79.1749,9.9513],[79.1749,9.951],[79.1746,9.951],[79.1746,9.9507],[79.1743,9.9507],[79.1743,9.9504],[79.174,9.9504],[79.174,9.9499],[79.1738,9.9499],[79.1738,9.9496],[79.1735,9.9496],[79.1735,9.9493],[79.1732,9.9493],[79.1732,9.949],[79.1729,9.949],[79.1729,9.9487],[79.1726,9.9487],[79.1726,9.9482],[79.1724,9.9482],[79.1724,9.9479],[79.1721,9.9479],[79.1721,9.9474],[79.1718,9.9474],[79.1718,9.9471],[79.1712,9.9471],[79.1712,9.9468],[79.171,9.9468],[79.171,9.9463],[79.1707,9.9463],[79.1707,9.9457],[79.171,9.9457],[79.171,9.9454],[79.1707,9.9454],[79.1707,9.9451],[79.1704,9.9451],[79.1704,9.9449],[79.1699,9.9449],[79.1699,9.9446],[79.1696,9.9446],[79.1696,9.9443],[79.1693,9.9443],[79.1693,9.944],[79.169,9.944],[79.169,9.9437],[79.1687,9.9437],[79.1687,9.9435],[79.1682,9.9435],[79.1682,9.9432],[79.1679,9.9432],[79.1679,9.9429],[79.1676,9.9429],[79.1676,9.9426],[79.1674,9.9426],[79.1674,9.9425],[79.1674,9.9424],[79.1671,9.9424],[79.1668,9.9424],[79.1668,9.9422],[79.1668,9.9421],[79.1665,9.9421],[79.1665,9.9418],[79.1663,9.9418],[79.1663,9.9415],[79.166,9.9415],[79.166,9.9412],[79.1657,9.9412],[79.1657,9.941],[79.1654,9.941],[79.1654,9.9404],[79.1651,9.9404],[79.1651,9.9401],[79.1649,9.9401],[79.1649,9.9399],[79.1646,9.9399],[79.1646,9.9396],[79.1643,9.9396],[79.1643,9.9393],[79.164,9.9393],[79.164,9.939],[79.1637,9.939],[79.1637,9.9385],[79.1635,9.9385],[79.1635,9.9382],[79.1632,9.9382],[79.1632,9.9379],[79.1629,9.9379],[79.1629,9.9376],[79.1624,9.9376],[79.1624,9.9374],[79.1618,9.9374],[79.1618,9.9371],[79.1612,9.9371],[79.1612,9.9368],[79.1604,9.9368],[79.1604,9.9365],[79.1601,9.9365],[79.1601,9.9363],[79.1596,9.9363],[79.1596,9.936],[79.1593,9.936],[79.1593,9.9357],[79.159,9.9357],[79.159,9.9354],[79.1588,9.9354],[79.1588,9.9351],[79.1585,9.9351],[79.1585,9.9349],[79.1579,9.9349],[79.1579,9.9346],[79.1576,9.9346],[79.1576,9.9343],[79.1574,9.9343],[79.1574,9.934],[79.1571,9.934],[79.1571,9.9337],[79.1568,9.9338],[79.1568,9.9335],[79.1565,9.9335],[79.1565,9.9332],[79.156,9.9332],[79.156,9.9329],[79.1557,9.9329],[79.1557,9.9326],[79.1554,9.9326],[79.1554,9.9324],[79.1551,9.9324],[79.1551,9.9318],[79.1549,9.9318],[79.1549,9.9313],[79.1546,9.9313],[79.1546,9.9307],[79.1543,9.9307],[79.1543,9.9304],[79.154,9.9304],[79.154,9.9299],[79.1537,9.9299],[79.1537,9.9293],[79.1532,9.9293],[79.1532,9.9279],[79.1529,9.9279],[79.1529,9.9268],[79.1526,9.9268],[79.1526,9.9251],[79.1529,9.9251],[79.1529,9.9249],[79.1532,9.9249],[79.1532,9.924],[79.1535,9.924],[79.1535,9.9224],[79.1537,9.9224],[79.1537,9.9204],[79.1535,9.9204],[79.1535,9.9199],[79.1532,9.9199],[79.1532,9.9193],[79.1529,9.9193],[79.1529,9.9187],[79.1526,9.9187],[79.1526,9.9185],[79.1524,9.9185],[79.1524,9.9179],[79.1521,9.9179],[79.1521,9.9174],[79.1518,9.9174],[79.1518,9.9171],[79.1515,9.9171],[79.1515,9.9165],[79.1513,9.9165],[79.1513,9.9162],[79.151,9.9162],[79.151,9.916],[79.1507,9.916],[79.1507,9.9154],[79.1504,9.9154],[79.1504,9.9151],[79.1501,9.9151],[79.1501,9.9149],[79.1499,9.9149],[79.1499,9.9143],[79.1496,9.9143],[79.1496,9.9138],[79.1493,9.9138],[79.1493,9.9132],[79.149,9.9132],[79.149,9.9126],[79.1488,9.9126],[79.1488,9.9124],[79.1485,9.9124],[79.1485,9.9121],[79.1479,9.9121],[79.1479,9.9118],[79.1476,9.9118],[79.1476,9.9115],[79.1465,9.9115],[79.1465,9.9113],[79.1462,9.9113],[79.1462,9.911],[79.1465,9.911],[79.1465,9.9104],[79.1468,9.9104],[79.1468,9.9101],[79.1471,9.9101],[79.1471,9.9096],[79.1443,9.9096],[79.1443,9.9093],[79.144,9.9093],[79.144,9.909],[79.1438,9.909],[79.1438,9.9088],[79.1435,9.9088],[79.1435,9.9085],[79.1432,9.9085],[79.1432,9.9079],[79.1426,9.9079],[79.1426,9.9074],[79.1424,9.9074],[79.1424,9.9071],[79.1421,9.9071],[79.1421,9.9068],[79.1418,9.9068],[79.1418,9.9065],[79.1415,9.9065],[79.1415,9.9063],[79.1413,9.9063],[79.1413,9.9057],[79.141,9.9057],[79.141,9.9054],[79.1407,9.9054],[79.1407,9.9051],[79.1404,9.9051],[79.1404,9.9049],[79.1401,9.9049],[79.1401,9.9046],[79.1399,9.9046],[79.1399,9.9043],[79.1396,9.9043],[79.1396,9.904],[79.1393,9.904],[79.1393,9.9035],[79.139,9.9035],[79.139,9.9032],[79.1387,9.9032],[79.1387,9.9029],[79.1385,9.9029],[79.1385,9.9026],[79.1382,9.9026],[79.1382,9.9024],[79.1379,9.9024],[79.1379,9.9021],[79.1376,9.9021],[79.1376,9.9018],[79.1374,9.9018],[79.1374,9.9015],[79.1371,9.9015],[79.1371,9.9013],[79.1368,9.9013],[79.1368,9.901],[79.1365,9.901],[79.1365,9.9004],[79.1363,9.9004],[79.1363,9.9001],[79.136,9.9001],[79.136,9.8999],[79.1357,9.8999],[79.1357,9.8996],[79.1354,9.8996],[79.1354,9.8993],[79.1351,9.8993],[79.1351,9.899],[79.1343,9.899],[79.1343,9.8988],[79.1335,9.8988],[79.1335,9.8985],[79.1332,9.8985],[79.1332,9.8979],[79.1329,9.8979],[79.1329,9.8974],[79.1326,9.8974],[79.1326,9.8971],[79.1322,9.8971],[79.1315,9.8971],[79.1315,9.8965],[79.1307,9.8965],[79.1307,9.8963],[79.1304,9.8963],[79.1304,9.896],[79.1301,9.896],[79.1301,9.8957],[79.1299,9.8957],[79.1299,9.8954],[79.1296,9.8954],[79.1296,9.8951],[79.1293,9.8951],[79.1293,9.8949],[79.129,9.8949],[79.129,9.8946],[79.1285,9.8946],[79.1285,9.8943],[79.1282,9.8943],[79.1282,9.894],[79.1279,9.894],[79.1279,9.8935],[79.1276,9.8935],[79.1276,9.8932],[79.1274,9.8932],[79.1274,9.8926],[79.1271,9.8926],[79.1271,9.8924],[79.1268,9.8924],[79.1268,9.8921],[79.1265,9.8921],[79.1265,9.8911],[79.1265,9.8907],[79.1263,9.8907],[79.1263,9.8904],[79.126,9.8904],[79.126,9.8896],[79.1257,9.8896],[79.1257,9.8893],[79.1254,9.8893],[79.1254,9.8865],[79.1251,9.8865],[79.1251,9.8854],[79.1249,9.8854],[79.1249,9.8843],[79.1246,9.8843],[79.1246,9.884],[79.124,9.884],[79.124,9.8838],[79.1237,9.8838],[79.1237,9.8829],[79.1235,9.8829],[79.1235,9.8826],[79.1232,9.8826],[79.1232,9.8824],[79.1229,9.8824],[79.1229,9.8818],[79.1226,9.8818],[79.1226,9.8813],[79.1224,9.8813],[79.1224,9.881],[79.1221,9.881],[79.1221,9.8804],[79.1218,9.8804],[79.1218,9.8801],[79.1215,9.8801],[79.1215,9.8799],[79.1212,9.8799],[79.1212,9.8796],[79.121,9.8796],[79.121,9.879],[79.1207,9.879],[79.1207,9.8788],[79.1204,9.8788],[79.1204,9.8776],[79.1199,9.8776],[79.1199,9.8768],[79.1196,9.8768],[79.1196,9.8763],[79.1193,9.8763],[79.1193,9.8757],[79.119,9.8757],[79.119,9.8746],[79.1188,9.8746],[79.1188,9.8737],[79.119,9.8737],[79.119,9.8735],[79.1193,9.8735],[79.1193,9.8726],[79.1196,9.8726],[79.1196,9.8721],[79.1199,9.8721],[79.1199,9.871],[79.1196,9.871],[79.1196,9.8701],[79.1199,9.8701],[79.1199,9.8696],[79.1201,9.8696],[79.1201,9.869],[79.1204,9.869],[79.1204,9.8687],[79.121,9.8687],[79.121,9.8685],[79.1215,9.8685],[79.1215,9.8682],[79.1218,9.8682],[79.1218,9.8679],[79.1224,9.8679],[79.1224,9.8677],[79.1229,9.8677],[79.1229,9.8671],[79.1232,9.8671],[79.1232,9.8665],[79.1235,9.8665],[79.1235,9.866],[79.1237,9.866],[79.1237,9.8654],[79.124,9.8654],[79.124,9.8646],[79.1243,9.8646],[79.1243,9.8635],[79.1246,9.8635],[79.1246,9.8629],[79.1249,9.8629],[79.1249,9.8624],[79.1246,9.8624],[79.1246,9.8621],[79.1243,9.8621],[79.1243,9.8615],[79.124,9.8615],[79.124,9.8612],[79.1243,9.8613],[79.1243,9.861],[79.1237,9.861],[79.1237,9.8604],[79.124,9.8604],[79.124,9.8596],[79.1243,9.8596],[79.1243,9.859],[79.124,9.859],[79.124,9.8588],[79.1237,9.8588],[79.1237,9.8585],[79.1235,9.8585],[79.1235,9.8582],[79.1232,9.8582],[79.1232,9.8576],[79.1229,9.8576],[79.1229,9.8568],[79.1226,9.8568],[79.1226,9.8562],[79.1224,9.8562],[79.1224,9.8557],[79.1221,9.8557],[79.1221,9.8551],[79.1218,9.8551],[79.1218,9.8546],[79.1215,9.8546],[79.1215,9.8543],[79.121,9.8543],[79.121,9.8538],[79.1207,9.8538],[79.1207,9.8532],[79.1204,9.8532],[79.1204,9.8529],[79.1199,9.8529],[79.1199,9.8524],[79.1196,9.8524],[79.1196,9.8518],[79.1193,9.8518],[79.1193,9.8515],[79.1188,9.8515],[79.1188,9.8513],[79.1185,9.8513],[79.1185,9.851],[79.1182,9.851],[79.1182,9.8507],[79.1179,9.8507],[79.1179,9.8504],[79.1174,9.8504],[79.1174,9.8501],[79.1171,9.8501],[79.1171,9.8496],[79.1168,9.8496],[79.1168,9.8493],[79.1165,9.8493],[79.1165,9.849],[79.1162,9.849],[79.1162,9.8488],[79.116,9.8488],[79.116,9.8485],[79.1157,9.8485],[79.1157,9.8482],[79.1154,9.8482],[79.1154,9.8479],[79.1152,9.8479],[79.1152,9.8476],[79.1149,9.8476],[79.1149,9.8474],[79.1146,9.8474],[79.1146,9.8471],[79.1143,9.8471],[79.1143,9.8468],[79.1137,9.8468],[79.1137,9.8465],[79.1135,9.8465],[79.1135,9.8462],[79.1132,9.8462],[79.1132,9.846],[79.1129,9.846],[79.1129,9.8457],[79.1124,9.8457],[79.1124,9.8454],[79.1121,9.8454],[79.1121,9.8451],[79.1118,9.8451],[79.1118,9.8449],[79.1115,9.8449],[79.1115,9.8446],[79.1113,9.8446],[79.1113,9.8443],[79.1107,9.8443],[79.1107,9.844],[79.1104,9.844],[79.1104,9.8438],[79.1101,9.8438],[79.1101,9.8435],[79.1099,9.8435],[79.1099,9.8432],[79.1096,9.8432],[79.1096,9.8429],[79.1093,9.8429],[79.1093,9.8426],[79.109,9.8426],[79.109,9.8421],[79.1087,9.8421],[79.1087,9.8418],[79.1085,9.8418],[79.1085,9.8407],[79.1082,9.8407],[79.1082,9.8401],[79.1079,9.8401],[79.1079,9.8399],[79.1076,9.8399],[79.1076,9.839],[79.1079,9.839],[79.1079,9.8385],[79.1076,9.8385],[79.1076,9.8379],[79.1074,9.8379],[79.1074,9.8376],[79.1068,9.8376],[79.1068,9.8371],[79.1062,9.8371],[79.1062,9.8368],[79.106,9.8368],[79.106,9.8365],[79.1054,9.8365],[79.1054,9.8362],[79.1049,9.8362],[79.1049,9.836],[79.1043,9.836],[79.1043,9.8357],[79.104,9.8357],[79.104,9.8354],[79.1035,9.8354],[79.1035,9.8351],[79.1032,9.8351],[79.1032,9.8354],[79.1026,9.8354],[79.1026,9.8351],[79.1024,9.8351],[79.1024,9.8349],[79.101,9.8349],[79.101,9.8343],[79.1004,9.8343],[79.1004,9.834],[79.1002,9.834],[79.1002,9.8338],[79.0996,9.8338],[79.0996,9.8335],[79.0993,9.8335],[79.0993,9.8332],[79.0987,9.8332],[79.0987,9.8329],[79.0985,9.8329],[79.0985,9.8326],[79.0979,9.8326],[79.0979,9.8324],[79.0976,9.8324],[79.0976,9.8321],[79.0971,9.8321],[79.0971,9.8318],[79.0968,9.8318],[79.0968,9.8315],[79.0963,9.8315],[79.0962,9.8313],[79.0957,9.8313],[79.0957,9.831],[79.0954,9.831],[79.0954,9.8307],[79.0949,9.8307],[79.0949,9.8304],[79.0946,9.8304],[79.0946,9.8301],[79.094,9.8301],[79.094,9.8299],[79.0938,9.8299],[79.0938,9.8296],[79.0935,9.8296],[79.0935,9.8293],[79.0932,9.8293],[79.0932,9.829],[79.0929,9.829],[79.0929,9.8288],[79.0926,9.8288],[79.0926,9.8285],[79.0921,9.8285],[79.0921,9.8282],[79.0918,9.8282],[79.0918,9.8279],[79.0915,9.8279],[79.0915,9.8276],[79.0912,9.8276],[79.0912,9.8271],[79.091,9.8271],[79.091,9.8268],[79.0907,9.8268],[79.0907,9.8265],[79.0904,9.8265],[79.0904,9.8263],[79.0901,9.8263],[79.0901,9.8257],[79.0899,9.8257],[79.0899,9.8254],[79.0896,9.8254],[79.0896,9.8251],[79.0893,9.8251],[79.0893,9.8249],[79.089,9.8249],[79.089,9.8246],[79.0888,9.8246],[79.0888,9.8238],[79.0885,9.8238],[79.0885,9.8235],[79.0882,9.8235],[79.0882,9.8232],[79.0879,9.8232],[79.0879,9.8229],[79.0876,9.8229],[79.0876,9.8226],[79.0874,9.8226],[79.0874,9.8221],[79.0871,9.8221],[79.0871,9.8218],[79.0868,9.8218],[79.0868,9.8215],[79.0865,9.8215],[79.0865,9.8207],[79.0863,9.8207],[79.0863,9.8201],[79.086,9.8201],[79.086,9.8199],[79.0857,9.8199],[79.0857,9.8196],[79.0854,9.8196],[79.0854,9.819],[79.0851,9.819],[79.0851,9.8185],[79.0849,9.8185],[79.0849,9.8179],[79.0846,9.8179],[79.0846,9.8174],[79.0843,9.8174],[79.0843,9.8168],[79.084,9.8168],[79.084,9.8162],[79.0837,9.8162],[79.0837,9.8157],[79.0835,9.8157],[79.0835,9.8151],[79.0832,9.8151],[79.0832,9.8149],[79.0829,9.8149],[79.0829,9.8143],[79.0826,9.8143],[79.0826,9.8138],[79.0824,9.8138],[79.0824,9.8132],[79.0821,9.8132],[79.0821,9.8121],[79.0818,9.8121],[79.0818,9.8115],[79.0815,9.8115],[79.0815,9.8112],[79.081,9.8112],[79.081,9.8101],[79.0807,9.8101],[79.0807,9.8099],[79.0804,9.8099],[79.0804,9.8085],[79.0801,9.8085],[79.0801,9.8071],[79.0799,9.8071],[79.0799,9.8054],[79.0796,9.8054],[79.0796,9.8038],[79.0799,9.8038],[79.0799,9.8026],[79.0796,9.8026],[79.0796,9.8018],[79.0793,9.8018],[79.0793,9.8013],[79.079,9.8013],[79.079,9.8007],[79.0788,9.8007],[79.0788,9.8004],[79.0785,9.8004],[79.0785,9.8001],[79.0782,9.8001],[79.0782,9.7996],[79.0779,9.7996],[79.0779,9.799],[79.0776,9.799],[79.0776,9.7988],[79.0771,9.7988],[79.0771,9.7985],[79.0768,9.7985],[79.0768,9.7982],[79.0762,9.7982],[79.0762,9.7979],[79.076,9.7979],[79.076,9.7976],[79.0754,9.7976],[79.0754,9.7974],[79.0751,9.7974],[79.0751,9.7971],[79.0746,9.7971],[79.0746,9.7968],[79.0743,9.7968],[79.0743,9.7965],[79.074,9.7965],[79.074,9.7963],[79.0735,9.7963],[79.0735,9.796],[79.0732,9.796],[79.0732,9.7957],[79.0729,9.7957],[79.0729,9.7954],[79.0726,9.7954],[79.0726,9.7951],[79.0724,9.7951],[79.0724,9.7949],[79.0721,9.7949],[79.0721,9.7946],[79.0718,9.7946],[79.0718,9.7943],[79.0715,9.7943],[79.0715,9.794],[79.0713,9.794],[79.0713,9.7938],[79.071,9.7938],[79.071,9.7935],[79.0704,9.7935],[79.0704,9.7932],[79.0701,9.7932],[79.0701,9.7929],[79.0698,9.7929],[79.0698,9.7926],[79.0696,9.7926],[79.0696,9.7924],[79.0693,9.7924],[79.0693,9.7921],[79.069,9.7921],[79.069,9.7915],[79.0687,9.7915],[79.0687,9.7913],[79.0685,9.7913],[79.0685,9.7907],[79.0682,9.7907],[79.0682,9.7899],[79.0679,9.7899],[79.0679,9.7896],[79.0676,9.7896],[79.0676,9.789],[79.0674,9.789],[79.0674,9.7885],[79.0671,9.7885],[79.0671,9.7879],[79.0668,9.7879],[79.0668,9.7874],[79.0665,9.7874],[79.0665,9.7868],[79.0662,9.7868],[79.0662,9.7862],[79.066,9.7863],[79.066,9.786],[79.0654,9.786],[79.0654,9.7857],[79.0651,9.7857],[79.0651,9.7854],[79.0649,9.7854],[79.0649,9.7849],[79.0646,9.7849],[79.0646,9.7846],[79.0643,9.7846],[79.0643,9.7843],[79.064,9.7843],[79.064,9.784],[79.0638,9.784],[79.0638,9.7837],[79.0635,9.7837],[79.0635,9.7835],[79.0632,9.7835],[79.0632,9.7832],[79.0629,9.7832],[79.0629,9.7829],[79.0626,9.7829],[79.0626,9.7824],[79.0624,9.7824],[79.0624,9.7818],[79.0621,9.7818],[79.0621,9.7813],[79.0618,9.7813],[79.0618,9.7804],[79.0615,9.7804],[79.0615,9.7796],[79.0612,9.7796],[79.0612,9.7788],[79.061,9.7788],[79.061,9.7776],[79.0607,9.7776],[79.0607,9.7774],[79.0604,9.7774],[79.0604,9.7768],[79.0601,9.7768],[79.0601,9.7765],[79.0599,9.7765],[79.0599,9.7754],[79.0596,9.7754],[79.0596,9.7749],[79.0593,9.7749],[79.0593,9.7746],[79.059,9.7746],[79.059,9.7743],[79.0587,9.7743],[79.0587,9.7738],[79.0585,9.7738],[79.0585,9.7735],[79.0582,9.7735],[79.0582,9.7732],[79.0579,9.7732],[79.0579,9.7726],[79.0576,9.7726],[79.0576,9.7724],[79.0574,9.7724],[79.0574,9.7721],[79.0568,9.7721],[79.0568,9.7718],[79.056,9.7718],[79.056,9.7715],[79.0549,9.7715],[79.0549,9.7712],[79.054,9.7713],[79.054,9.771],[79.0535,9.771],[79.0535,9.7707],[79.0529,9.7707],[79.0529,9.7704],[79.0526,9.7704],[79.0526,9.7701],[79.0521,9.7701],[79.0521,9.7699],[79.0518,9.7699],[79.0518,9.7696],[79.0512,9.7696],[79.0512,9.7693],[79.051,9.7693],[79.051,9.7688],[79.0496,9.7688],[79.0496,9.7682],[79.0488,9.7682],[79.0488,9.7679],[79.0468,9.7679],[79.0468,9.7676],[79.046,9.7676],[79.046,9.7674],[79.0454,9.7674],[79.0454,9.7671],[79.0453,9.7671],[79.0449,9.7671],[79.0449,9.7668],[79.0443,9.7668],[79.0443,9.7665],[79.0435,9.7665],[79.0435,9.7662],[79.0429,9.7662],[79.0429,9.766],[79.0418,9.766],[79.0418,9.7662],[79.0415,9.7662],[79.0415,9.766],[79.0413,9.766],[79.0413,9.7651],[79.041,9.7651],[79.041,9.7649],[79.0404,9.7649],[79.0404,9.7646],[79.0401,9.7646],[79.0401,9.7643],[79.0399,9.7643],[79.0399,9.764],[79.0393,9.764],[79.0393,9.7638],[79.039,9.7638],[79.039,9.7635],[79.0387,9.7635],[79.0387,9.7632],[79.0385,9.7632],[79.0385,9.7629],[79.0382,9.7629],[79.0382,9.7626],[79.0376,9.7626],[79.0376,9.7624],[79.0374,9.7624],[79.0374,9.7621],[79.0371,9.7621],[79.0371,9.7618],[79.0368,9.7618],[79.0368,9.7612],[79.0365,9.7612],[79.0365,9.761],[79.0362,9.761],[79.0362,9.7607],[79.036,9.7607],[79.036,9.7601],[79.0357,9.7601],[79.0357,9.7599],[79.0354,9.7599],[79.0354,9.7596],[79.0351,9.7596],[79.0351,9.759],[79.0349,9.759],[79.0349,9.7585],[79.0346,9.7585],[79.0346,9.7579],[79.0343,9.7579],[79.0343,9.7574],[79.034,9.7574],[79.034,9.7571],[79.0338,9.7571],[79.0338,9.7568],[79.0335,9.7568],[79.0335,9.7563],[79.0332,9.7563],[79.0332,9.756],[79.0329,9.756],[79.0329,9.7556],[79.0329,9.7554],[79.0326,9.7554],[79.0326,9.7551],[79.0324,9.7551],[79.0324,9.7546],[79.0321,9.7546],[79.0321,9.7543],[79.0318,9.7543],[79.0318,9.7537],[79.0315,9.7537],[79.0315,9.7535],[79.0313,9.7535],[79.0313,9.7532],[79.031,9.7532],[79.031,9.7529],[79.0304,9.7529],[79.0304,9.7526],[79.0301,9.7526],[79.0301,9.7524],[79.0299,9.7524],[79.0299,9.7521],[79.0296,9.7521],[79.0296,9.7515],[79.0293,9.7515],[79.0293,9.7513],[79.029,9.7513],[79.029,9.7507],[79.0287,9.7507],[79.0287,9.7501],[79.0285,9.7501],[79.0285,9.7496],[79.0282,9.7496],[79.0282,9.7487],[79.0279,9.7488],[79.0279,9.7482],[79.0276,9.7482],[79.0276,9.7476],[79.0274,9.7476],[79.0274,9.7471],[79.0271,9.7471],[79.0271,9.7468],[79.0268,9.7468],[79.0268,9.7465],[79.0265,9.7465],[79.0265,9.746],[79.0263,9.746],[79.0263,9.7457],[79.026,9.7457],[79.026,9.7454],[79.0257,9.7454],[79.0257,9.7451],[79.0254,9.7451],[79.0254,9.7449],[79.0251,9.7449],[79.0251,9.7446],[79.0249,9.7446],[79.0249,9.7443],[79.0243,9.7443],[79.0243,9.744],[79.024,9.744],[79.024,9.7435],[79.0238,9.7435],[79.0238,9.7432],[79.0235,9.7432],[79.0235,9.7429],[79.0229,9.7429],[79.0229,9.7426],[79.0226,9.7426],[79.0226,9.7424],[79.0224,9.7424],[79.0224,9.7421],[79.0221,9.7421],[79.0221,9.7418],[79.0218,9.7418],[79.0218,9.7415],[79.0212,9.7415],[79.0212,9.7413],[79.021,9.7413],[79.021,9.741],[79.0207,9.741],[79.0207,9.7407],[79.0204,9.7407],[79.0204,9.7401],[79.0201,9.7401],[79.0201,9.7399],[79.0199,9.7399],[79.0199,9.7393],[79.0196,9.7393],[79.0196,9.7388],[79.0193,9.7388],[79.0193,9.7382],[79.019,9.7382],[79.019,9.7376],[79.0187,9.7376],[79.0187,9.7368],[79.0185,9.7368],[79.0185,9.736],[79.0182,9.736],[79.0182,9.7351],[79.0179,9.7351],[79.0179,9.7343],[79.0176,9.7343],[79.0176,9.7338],[79.0174,9.7338],[79.0174,9.7332],[79.0176,9.7332],[79.0176,9.7326],[79.0174,9.7326],[79.0174,9.7324],[79.0171,9.7324],[79.0171,9.7321],[79.0168,9.7321],[79.0168,9.7318],[79.0165,9.7318],[79.0165,9.7315],[79.0163,9.7315],[79.0163,9.7312],[79.016,9.7312],[79.016,9.731],[79.0157,9.731],[79.0157,9.7304],[79.0154,9.7304],[79.0154,9.7301],[79.0151,9.7301],[79.0151,9.7299],[79.0149,9.7299],[79.0149,9.7296],[79.0146,9.7296],[79.0146,9.7293],[79.0143,9.7293],[79.0143,9.729],[79.014,9.729],[79.014,9.7287],[79.0137,9.7287],[79.0137,9.7285],[79.0135,9.7285],[79.0135,9.7282],[79.0132,9.7282],[79.0132,9.7279],[79.0129,9.7279],[79.0129,9.7276],[79.0124,9.7276],[79.0124,9.7274],[79.0121,9.7274],[79.0121,9.7271],[79.0118,9.7271],[79.0118,9.7268],[79.0115,9.7268],[79.0115,9.7265],[79.0113,9.7265],[79.0113,9.7263],[79.0099,9.7263],[79.0099,9.726],[79.0096,9.726],[79.0096,9.7257],[79.0093,9.7257],[79.0093,9.7254],[79.009,9.7254],[79.009,9.7251],[79.0088,9.7251],[79.0088,9.7246],[79.0085,9.7246],[79.0085,9.7235],[79.0082,9.7235],[79.0082,9.7232],[79.0079,9.7232],[79.0079,9.7226],[79.0076,9.7226],[79.0076,9.7218],[79.0074,9.7218],[79.0074,9.7213],[79.0071,9.7213],[79.0071,9.7201],[79.0068,9.7201],[79.0068,9.7199],[79.006,9.7199],[79.006,9.7196],[79.0057,9.7196],[79.0057,9.719],[79.0054,9.719],[79.0054,9.7185],[79.0051,9.7185],[79.0051,9.7182],[79.0049,9.7182],[79.0049,9.7176],[79.0046,9.7176],[79.0046,9.7171],[79.0043,9.7171],[79.0043,9.7168],[79.004,9.7168],[79.004,9.7165],[79.0035,9.7165],[79.0035,9.7163],[79.0032,9.7163],[79.0032,9.716],[79.0029,9.716],[79.0029,9.7157],[79.0026,9.7157],[79.0026,9.7154],[79.0018,9.7154],[79.0018,9.7151],[79.0015,9.7151],[79.0015,9.7146],[79.0013,9.7146],[79.0013,9.7143],[79.001,9.7143],[79.001,9.714],[79.0007,9.714],[79.0007,9.7138],[78.9999,9.7138],[78.9999,9.7135],[78.9993,9.7135],[78.9993,9.7132],[78.9987,9.7132],[78.9987,9.7129],[78.9982,9.7129],[78.9982,9.7126],[78.9979,9.7126],[78.9979,9.7124],[78.9976,9.7124],[78.9976,9.7121],[78.9974,9.7121],[78.9974,9.7115],[78.9971,9.7115],[78.9971,9.7113],[78.9968,9.7113],[78.9968,9.711],[78.9965,9.711],[78.9965,9.7107],[78.9962,9.7107],[78.9962,9.7104],[78.996,9.7104],[78.996,9.7101],[78.9957,9.7101],[78.9957,9.7096],[78.9951,9.7096],[78.9951,9.7093],[78.9949,9.7093],[78.9949,9.709],[78.9946,9.709],[78.9946,9.7088],[78.9943,9.7088],[78.9943,9.7085],[78.994,9.7085],[78.994,9.7079],[78.9938,9.7079],[78.9938,9.7074],[78.9935,9.7074],[78.9935,9.7071],[78.9932,9.7071],[78.9932,9.7068],[78.9929,9.7068],[78.9929,9.7063],[78.9926,9.7063],[78.9926,9.7057],[78.9924,9.7057],[78.9924,9.7051],[78.9921,9.7052],[78.9921,9.7049],[78.9918,9.7049],[78.9918,9.7043],[78.9915,9.7043],[78.9915,9.704],[78.9912,9.704],[78.9912,9.7037],[78.991,9.7037],[78.991,9.7035],[78.9907,9.7035],[78.9907,9.7029],[78.9904,9.7029],[78.9904,9.701],[78.9901,9.701],[78.9901,9.7001],[78.9899,9.7001],[78.9899,9.6996],[78.9896,9.6996],[78.9896,9.6993],[78.9893,9.6993],[78.9893,9.6988],[78.989,9.6988],[78.989,9.6985],[78.9887,9.6985],[78.9887,9.6979],[78.9885,9.6979],[78.9885,9.6974],[78.9882,9.6974],[78.9882,9.6968],[78.9879,9.6968],[78.9879,9.6965],[78.9876,9.6965],[78.9876,9.6963],[78.9874,9.6963],[78.9874,9.696],[78.9871,9.696],[78.9871,9.6957],[78.9868,9.6957],[78.9868,9.6954],[78.9865,9.6954],[78.9865,9.6951],[78.986,9.6951],[78.986,9.6949],[78.9857,9.6949],[78.9857,9.6946],[78.9854,9.6946],[78.9854,9.6943],[78.9851,9.6943],[78.9851,9.694],[78.9846,9.694],[78.9846,9.6938],[78.9843,9.6938],[78.9843,9.6932],[78.984,9.6932],[78.984,9.6929],[78.9837,9.6929],[78.9837,9.6926],[78.9835,9.6926],[78.9835,9.6924],[78.9832,9.6924],[78.9832,9.6921],[78.9829,9.6921],[78.9829,9.6918],[78.9826,9.6918],[78.9826,9.6915],[78.9824,9.6915],[78.9824,9.691],[78.9821,9.691],[78.9821,9.6907],[78.9818,9.6907],[78.9818,9.6904],[78.9815,9.6904],[78.9815,9.6899],[78.9812,9.6899],[78.9812,9.6893],[78.981,9.6893],[78.981,9.689],[78.9807,9.689],[78.9807,9.6885],[78.9804,9.6885],[78.9804,9.6874],[78.9799,9.6874],[78.9799,9.6868],[78.9796,9.6868],[78.9796,9.686],[78.9793,9.686],[78.9793,9.6851],[78.979,9.6851],[78.979,9.6843],[78.9788,9.6843],[78.9788,9.6838],[78.9785,9.6838],[78.9785,9.6829],[78.9782,9.6829],[78.9782,9.6826],[78.9779,9.6826],[78.9779,9.6821],[78.9776,9.6821],[78.9776,9.6815],[78.9774,9.6815],[78.9774,9.6812],[78.9771,9.6812],[78.9771,9.6807],[78.9768,9.6807],[78.9768,9.6801],[78.9765,9.6801],[78.9765,9.6796],[78.9762,9.6796],[78.9762,9.679],[78.976,9.679],[78.976,9.6785],[78.9757,9.6785],[78.9757,9.6776],[78.9754,9.6776],[78.9754,9.6771],[78.9751,9.6771],[78.9751,9.6754],[78.9749,9.6754],[78.9749,9.6746],[78.9746,9.6746],[78.9746,9.6732],[78.9743,9.6732],[78.9743,9.6726],[78.974,9.6726],[78.974,9.6721],[78.9737,9.6721],[78.9737,9.6718],[78.9735,9.6718],[78.9735,9.6713],[78.9732,9.6713],[78.9732,9.6704],[78.9729,9.6704],[78.9729,9.6696],[78.9726,9.6696],[78.9726,9.6693],[78.9724,9.6693],[78.9724,9.6688],[78.9721,9.6688],[78.9721,9.6685],[78.9718,9.6685],[78.9718,9.6676],[78.9715,9.6676],[78.9715,9.6665],[78.9718,9.6665],[78.9718,9.6663],[78.9715,9.6663],[78.9715,9.6649],[78.9713,9.6649],[78.9713,9.664],[78.971,9.664],[78.971,9.6629],[78.9707,9.6629],[78.9707,9.6615],[78.971,9.6615],[78.971,9.6607],[78.9713,9.6607],[78.9713,9.659],[78.971,9.659],[78.971,9.6585],[78.9713,9.6585],[78.9713,9.656],[78.971,9.656],[78.971,9.6554],[78.9707,9.6554],[78.9707,9.6551],[78.9704,9.6551],[78.9704,9.6543],[78.9701,9.6543],[78.9701,9.6532],[78.9699,9.6532],[78.9699,9.6524],[78.9696,9.6524],[78.9696,9.6521],[78.9693,9.6521],[78.9693,9.6515],[78.969,9.6515],[78.969,9.6513],[78.9688,9.6513],[78.9688,9.6507],[78.9685,9.6507],[78.9685,9.6504],[78.9682,9.6504],[78.9682,9.6501],[78.9679,9.6501],[78.9679,9.6496],[78.9676,9.6496],[78.9676,9.6493],[78.9674,9.6493],[78.9674,9.649],[78.9671,9.649],[78.9671,9.6487],[78.9668,9.6487],[78.9668,9.6479],[78.9665,9.6479],[78.9665,9.6471],[78.9662,9.6471],[78.9662,9.6462],[78.966,9.6463],[78.966,9.646],[78.9654,9.646],[78.9654,9.6454],[78.9649,9.6454],[78.9649,9.6451],[78.9646,9.6451],[78.9646,9.6429],[78.9643,9.6429],[78.9643,9.6418],[78.964,9.6418],[78.964,9.6415],[78.9638,9.6415],[78.9638,9.641],[78.9635,9.641],[78.9635,9.6407],[78.9632,9.6407],[78.9632,9.6404],[78.9629,9.6404],[78.9629,9.6401],[78.9626,9.6401],[78.9626,9.6404],[78.9624,9.6404],[78.9624,9.6407],[78.9626,9.6407],[78.9626,9.6413],[78.9624,9.6413],[78.9624,9.6418],[78.9621,9.6418],[78.9621,9.6424],[78.9613,9.6424],[78.9613,9.6415],[78.9615,9.6415],[78.9615,9.6404],[78.9613,9.6404],[78.9613,9.6396],[78.9615,9.6396],[78.9615,9.639],[78.9618,9.639],[78.9618,9.6382],[78.9621,9.6382],[78.9621,9.6379],[78.9618,9.6379],[78.9618,9.6371],[78.9615,9.6371],[78.9615,9.6365],[78.9613,9.6365],[78.9613,9.6354],[78.961,9.6354],[78.961,9.634],[78.9607,9.634],[78.9607,9.6335],[78.9604,9.6335],[78.9604,9.6329],[78.9601,9.6329],[78.9601,9.6321],[78.9599,9.6321],[78.9599,9.6304],[78.9596,9.6304],[78.9596,9.6299],[78.9593,9.6299],[78.9593,9.6296],[78.959,9.6296],[78.959,9.629],[78.9587,9.629],[78.9587,9.6287],[78.9585,9.6287],[78.9585,9.6285],[78.9582,9.6285],[78.9582,9.6282],[78.9579,9.6282],[78.9579,9.6279],[78.9574,9.6279],[78.9574,9.6276],[78.9571,9.6276],[78.9571,9.6274],[78.9568,9.6274],[78.9568,9.6268],[78.9565,9.6268],[78.9565,9.6265],[78.9563,9.6265],[78.9563,9.626],[78.956,9.626],[78.956,9.6254],[78.9557,9.6254],[78.9557,9.6251],[78.9554,9.6251],[78.9554,9.6249],[78.9549,9.6249],[78.9549,9.6246],[78.9546,9.6246],[78.9546,9.6243],[78.954,9.6243],[78.954,9.6237],[78.9532,9.6237],[78.9532,9.6235],[78.9526,9.6235],[78.9526,9.6232],[78.9524,9.6232],[78.9524,9.6229],[78.9521,9.6229],[78.9521,9.6226],[78.9518,9.6226],[78.9518,9.6224],[78.9515,9.6224],[78.9515,9.6221],[78.951,9.6221],[78.951,9.6218],[78.9501,9.6218],[78.9501,9.6215],[78.9496,9.6215],[78.9496,9.6212],[78.9493,9.6212],[78.9493,9.621],[78.949,9.621],[78.949,9.6207],[78.9488,9.6207],[78.9488,9.6204],[78.9479,9.6204],[78.9479,9.6201],[78.9474,9.6201],[78.9474,9.6199],[78.9471,9.6199],[78.9471,9.6196],[78.9463,9.6196],[78.9463,9.619],[78.9457,9.619],[78.9457,9.6188],[78.9454,9.6188],[78.9454,9.6185],[78.9451,9.6185],[78.9451,9.6182],[78.9446,9.6182],[78.9446,9.6179],[78.9443,9.6179],[78.9443,9.6176],[78.944,9.6176],[78.944,9.6174],[78.9437,9.6174],[78.9437,9.6168],[78.9435,9.6168],[78.9435,9.6165],[78.9432,9.6165],[78.9432,9.616],[78.9424,9.616],[78.9424,9.6154],[78.9421,9.6154],[78.9421,9.6151],[78.9418,9.6151],[78.9418,9.6149],[78.9415,9.6149],[78.9415,9.6146],[78.9413,9.6146],[78.9413,9.6143],[78.941,9.6143],[78.941,9.614],[78.9407,9.614],[78.9407,9.6138],[78.9404,9.6138],[78.9404,9.6135],[78.9401,9.6135],[78.9401,9.6132],[78.9399,9.6132],[78.9399,9.6126],[78.9396,9.6126],[78.9396,9.6124],[78.9393,9.6124],[78.9393,9.6118],[78.939,9.6118],[78.939,9.6115],[78.9388,9.6115],[78.9388,9.611],[78.9385,9.611],[78.9385,9.6107],[78.9379,9.6107],[78.9379,9.6104],[78.9376,9.6104],[78.9376,9.6101],[78.9371,9.6101],[78.9371,9.6099],[78.9365,9.6099],[78.9365,9.6096],[78.9362,9.6096],[78.9362,9.6093],[78.936,9.6093],[78.936,9.609],[78.9357,9.609],[78.9357,9.6087],[78.9354,9.6088],[78.9354,9.6085],[78.9351,9.6085],[78.9351,9.6082],[78.9349,9.6082],[78.9349,9.6076],[78.9346,9.6076],[78.9346,9.6068],[78.9343,9.6068],[78.9343,9.6029],[78.934,9.6029],[78.934,9.6021],[78.9337,9.6021],[78.9337,9.6015],[78.9335,9.6015],[78.9335,9.601],[78.9332,9.601],[78.9332,9.6004],[78.9329,9.6004],[78.9329,9.5999],[78.9326,9.5999],[78.9326,9.5993],[78.9324,9.5993],[78.9324,9.599],[78.9321,9.599],[78.9321,9.5985],[78.9318,9.5985],[78.9318,9.5982],[78.9315,9.5982],[78.9315,9.5976],[78.9313,9.5976],[78.9313,9.5971],[78.931,9.5971],[78.931,9.5965],[78.9307,9.5965],[78.9307,9.596],[78.9304,9.596],[78.9304,9.5954],[78.9301,9.5954],[78.9301,9.5951],[78.9299,9.5951],[78.9299,9.5946],[78.9296,9.5946],[78.9296,9.594],[78.9293,9.594],[78.9293,9.5926],[78.929,9.5926],[78.929,9.5918],[78.9293,9.5918],[78.9293,9.5901],[78.929,9.5901],[78.929,9.5896],[78.9287,9.5896],[78.9287,9.589],[78.9285,9.589],[78.9285,9.5885],[78.9282,9.5885],[78.9282,9.5879],[78.9279,9.5879],[78.9279,9.5871],[78.9276,9.5871],[78.9276,9.5863],[78.9274,9.5863],[78.9274,9.5832],[78.9276,9.5832],[78.9276,9.5815],[78.9279,9.5815],[78.9279,9.581],[78.9282,9.581],[78.9282,9.5804],[78.9276,9.5804],[78.9276,9.5796],[78.9274,9.5796],[78.9274,9.5793],[78.9276,9.5793],[78.9276,9.579],[78.9274,9.579],[78.9274,9.5788],[78.9271,9.5788],[78.9271,9.5785],[78.9268,9.5785],[78.9268,9.5779],[78.9265,9.5779],[78.9265,9.5768],[78.9262,9.5768],[78.9262,9.5763],[78.926,9.5763],[78.926,9.5751],[78.9257,9.5751],[78.9257,9.5743],[78.9254,9.5743],[78.9254,9.574],[78.9251,9.574],[78.9251,9.5737],[78.9249,9.5737],[78.9249,9.5735],[78.9246,9.5735],[78.9246,9.5729],[78.9243,9.5729],[78.9243,9.5724],[78.924,9.5724],[78.924,9.5701],[78.9238,9.5701],[78.9238,9.569],[78.924,9.569],[78.924,9.5685],[78.9243,9.5685],[78.9243,9.5682],[78.924,9.5682],[78.924,9.5679],[78.9238,9.5679],[78.9238,9.5671],[78.9235,9.5671],[78.9235,9.5668],[78.9232,9.5668],[78.9232,9.566],[78.9229,9.566],[78.9229,9.5654],[78.9226,9.5654],[78.9226,9.5651],[78.9223,9.5651],[78.9223,9.5643],[78.9221,9.5643],[78.9221,9.5635],[78.9224,9.5635],[78.9224,9.5624],[78.9226,9.5624],[78.9226,9.561],[78.9224,9.561],[78.9224,9.5599],[78.9226,9.5599],[78.9226,9.5596],[78.9224,9.5596],[78.9224,9.5588],[78.9226,9.5588],[78.9226,9.5585],[78.9224,9.5585],[78.9224,9.5582],[78.9221,9.5582],[78.9221,9.5571],[78.9218,9.5571],[78.9218,9.5565],[78.9215,9.5565],[78.9215,9.5557],[78.9212,9.5557],[78.9212,9.5551],[78.9215,9.5551],[78.9215,9.5549],[78.9212,9.5549],[78.9212,9.5535],[78.921,9.5535],[78.921,9.5529],[78.9207,9.5529],[78.9207,9.5507],[78.9204,9.5507],[78.9204,9.5501],[78.9201,9.5501],[78.9201,9.5485],[78.9199,9.5485],[78.9199,9.546],[78.9196,9.546],[78.9196,9.5451],[78.9193,9.5451],[78.9193,9.5443],[78.919,9.5443],[78.919,9.5429],[78.9187,9.5429],[78.9187,9.5407],[78.919,9.5407],[78.919,9.5399],[78.9187,9.5399],[78.9187,9.5396],[78.9185,9.5396],[78.9185,9.5365],[78.9187,9.5365],[78.9187,9.536],[78.919,9.536],[78.919,9.5357],[78.9193,9.5357],[78.9193,9.5349],[78.9199,9.5349],[78.9199,9.5346],[78.9201,9.5346],[78.9201,9.5343],[78.9204,9.5343],[78.9204,9.534],[78.9207,9.534],[78.9207,9.5335],[78.9212,9.5335],[78.9212,9.5332],[78.9215,9.5332],[78.9215,9.5326],[78.9218,9.5326],[78.9218,9.5324],[78.9221,9.5324],[78.9221,9.5321],[78.9224,9.5321],[78.9224,9.531],[78.9226,9.531],[78.9226,9.5299],[78.9224,9.5299],[78.9224,9.5296],[78.9221,9.5296],[78.9221,9.5293],[78.9218,9.5293],[78.9218,9.529],[78.9221,9.529],[78.9221,9.5285],[78.9224,9.5285],[78.9224,9.5274],[78.9221,9.5274],[78.9221,9.5268],[78.9218,9.5268],[78.9218,9.526],[78.9215,9.526],[78.9215,9.5243],[78.9212,9.5243],[78.9212,9.524],[78.921,9.524],[78.921,9.5238],[78.9207,9.5238],[78.9207,9.5229],[78.9204,9.5229],[78.9204,9.5226],[78.9201,9.5226],[78.9201,9.5224],[78.9199,9.5224],[78.9199,9.5218],[78.9196,9.5218],[78.9196,9.5215],[78.9193,9.5215],[78.9193,9.521],[78.919,9.521],[78.919,9.519],[78.9187,9.519],[78.9187,9.5185],[78.9185,9.5185],[78.9185,9.5182],[78.9182,9.5182],[78.9182,9.5179],[78.9171,9.5179],[78.9171,9.5176],[78.9168,9.5176],[78.9168,9.5168],[78.9171,9.5168],[78.9171,9.5165],[78.9174,9.5165],[78.9174,9.5157],[78.9171,9.5157],[78.9171,9.5146],[78.9168,9.5146],[78.9168,9.5143],[78.9165,9.5143],[78.9165,9.5135],[78.9163,9.5135],[78.9163,9.5124],[78.916,9.5124],[78.916,9.5101],[78.9157,9.5101],[78.9157,9.5096],[78.9154,9.5096],[78.9154,9.5093],[78.9151,9.5093],[78.9151,9.5088],[78.9149,9.5088],[78.9149,9.5054],[78.9151,9.5054],[78.9151,9.5051],[78.9157,9.5051],[78.9157,9.5046],[78.9154,9.5046],[78.9154,9.5043],[78.9149,9.5043],[78.9149,9.5026],[78.9146,9.5026],[78.9146,9.5015],[78.9143,9.5015],[78.9143,9.5007],[78.9146,9.5007],[78.9146,9.5004],[78.9149,9.5004],[78.9149,9.5001],[78.9151,9.5001],[78.9151,9.4987],[78.9149,9.4987],[78.9149,9.4963],[78.9146,9.4963],[78.9146,9.4957],[78.9149,9.4957],[78.9149,9.494],[78.9146,9.494],[78.9146,9.4935],[78.9143,9.4935],[78.9143,9.4932],[78.914,9.4932],[78.914,9.4926],[78.9137,9.4926],[78.9137,9.4921],[78.9135,9.4921],[78.9135,9.4915],[78.9118,9.4915],[78.9118,9.4913],[78.9112,9.4913],[78.9112,9.491],[78.9085,9.491],[78.9085,9.4913],[78.9076,9.4913],[78.9076,9.4915],[78.9068,9.4915],[78.9068,9.4918],[78.9063,9.4918],[78.9063,9.4921],[78.9057,9.4921],[78.9057,9.4924],[78.9054,9.4924],[78.9054,9.4926],[78.9051,9.4926],[78.9051,9.4929],[78.9049,9.4929],[78.9049,9.4932],[78.9035,9.4932],[78.9035,9.4929],[78.9029,9.4929],[78.9029,9.4926],[78.9021,9.4926],[78.9021,9.4924],[78.9015,9.4924],[78.9015,9.4921],[78.9007,9.4921],[78.9007,9.4915],[78.9004,9.4915],[78.9004,9.491],[78.9001,9.491],[78.9001,9.4904],[78.8996,9.4904],[78.8996,9.4901],[78.8985,9.4901],[78.8985,9.489],[78.8982,9.489],[78.8982,9.4801],[78.8985,9.4801],[78.8985,9.4782],[78.8988,9.4782],[78.8988,9.4768],[78.899,9.4768],[78.899,9.4751],[78.8993,9.4751],[78.8993,9.4738],[78.8996,9.4738],[78.8996,9.4724],[78.8999,9.4724],[78.8999,9.4712],[78.9001,9.4712],[78.9001,9.4704],[78.9004,9.4704],[78.9004,9.4699],[78.9007,9.4699],[78.9007,9.469],[78.901,9.469],[78.901,9.4682],[78.9013,9.4682],[78.9013,9.4676],[78.9015,9.4676],[78.9015,9.4668],[78.9018,9.4668],[78.9018,9.4663],[78.9021,9.4663],[78.9021,9.4657],[78.9024,9.4657],[78.9024,9.4651],[78.9026,9.4651],[78.9026,9.4646],[78.9029,9.4646],[78.9029,9.464],[78.9032,9.464],[78.9032,9.4635],[78.9035,9.4635],[78.9035,9.4632],[78.9037,9.4632],[78.9037,9.4626],[78.904,9.4626],[78.904,9.4621],[78.9043,9.4621],[78.9043,9.4615],[78.9046,9.4615],[78.9046,9.461],[78.9049,9.461],[78.9049,9.4604],[78.9051,9.4604],[78.9051,9.4599],[78.9054,9.4599],[78.9054,9.4593],[78.9057,9.4593],[78.9057,9.459],[78.906,9.459],[78.906,9.4585],[78.9063,9.4585],[78.9063,9.4579],[78.9065,9.4579],[78.9065,9.4574],[78.9068,9.4574],[78.9068,9.4568],[78.9071,9.4568],[78.9071,9.4562],[78.9074,9.4562],[78.9073,9.4557],[78.9076,9.4557],[78.9076,9.4551],[78.9079,9.4551],[78.9079,9.4546],[78.9082,9.4546],[78.9082,9.4543],[78.9085,9.4543],[78.9085,9.4538],[78.9088,9.4538],[78.9088,9.4532],[78.909,9.4532],[78.909,9.4526],[78.9093,9.4526],[78.9093,9.4521],[78.9096,9.4521],[78.9096,9.4515],[78.9099,9.4515],[78.9099,9.451],[78.9101,9.451],[78.9101,9.4504],[78.9104,9.4504],[78.9104,9.4501],[78.9107,9.4501],[78.9107,9.4496],[78.911,9.4496],[78.911,9.4493],[78.9112,9.4493],[78.9112,9.4487],[78.9115,9.4488],[78.9115,9.4482],[78.9118,9.4482],[78.9118,9.4479],[78.9121,9.4479],[78.9121,9.4474],[78.9124,9.4474],[78.9124,9.4468],[78.9126,9.4468],[78.9126,9.4463],[78.9129,9.4463],[78.9129,9.4457],[78.9132,9.4457],[78.9132,9.4451],[78.9135,9.4451],[78.9135,9.4446],[78.9137,9.4446],[78.9137,9.4443],[78.914,9.4443],[78.914,9.4438],[78.9143,9.4438],[78.9143,9.4432],[78.9146,9.4432],[78.9146,9.4429],[78.9149,9.4429],[78.9149,9.4424],[78.9151,9.4424],[78.9151,9.4418],[78.9154,9.4418],[78.9154,9.4415],[78.9157,9.4415],[78.9157,9.441],[78.916,9.441],[78.916,9.4404],[78.9163,9.4404],[78.9163,9.4401],[78.9165,9.4401],[78.9165,9.4396],[78.9168,9.4396],[78.9168,9.439],[78.9171,9.439],[78.9171,9.4388],[78.9174,9.4388],[78.9174,9.4382],[78.9176,9.4382],[78.9176,9.4379],[78.9179,9.4379],[78.9179,9.4374],[78.9182,9.4374],[78.9182,9.4368],[78.9185,9.4368],[78.9185,9.4365],[78.9187,9.4365],[78.9187,9.436],[78.919,9.436],[78.919,9.4354],[78.9193,9.4354],[78.9193,9.4351],[78.9196,9.4351],[78.9196,9.4346],[78.9199,9.4346],[78.9199,9.434],[78.9201,9.434],[78.9201,9.4337],[78.9204,9.4337],[78.9204,9.4332],[78.9207,9.4332],[78.9207,9.4324],[78.9212,9.4324],[78.9212,9.4318],[78.9215,9.4318],[78.9215,9.4315],[78.9218,9.4315],[78.9218,9.431],[78.9221,9.431],[78.9221,9.4307],[78.9224,9.4307],[78.9224,9.4301],[78.9226,9.4301],[78.9226,9.4299],[78.9229,9.4299],[78.9229,9.4293],[78.9232,9.4293],[78.9232,9.4288],[78.9235,9.4288],[78.9235,9.4285],[78.9238,9.4285],[78.9238,9.4279],[78.924,9.4279],[78.924,9.4276],[78.9243,9.4276],[78.9243,9.4271],[78.9246,9.4271],[78.9246,9.4268],[78.9249,9.4268],[78.9249,9.4263],[78.9251,9.4262],[78.9251,9.4257],[78.9254,9.4257],[78.9254,9.4254],[78.9257,9.4254],[78.9257,9.4249],[78.926,9.4249],[78.926,9.4246],[78.9262,9.4246],[78.9262,9.424],[78.9265,9.424],[78.9265,9.4238],[78.9268,9.4238],[78.9268,9.4232],[78.9271,9.4232],[78.9271,9.4226],[78.9274,9.4226],[78.9274,9.4224],[78.9276,9.4224],[78.9276,9.4218],[78.9279,9.4218],[78.9279,9.4215],[78.9282,9.4215],[78.9282,9.421],[78.9285,9.421],[78.9285,9.4207],[78.9287,9.4207],[78.9287,9.4204],[78.929,9.4204],[78.929,9.4199],[78.9293,9.4199],[78.9293,9.4196],[78.9296,9.4196],[78.9296,9.4193],[78.9299,9.4193],[78.9299,9.4187],[78.9301,9.4187],[78.9301,9.4185],[78.9304,9.4185],[78.9304,9.4182],[78.9307,9.4182],[78.9307,9.4176],[78.931,9.4176],[78.931,9.4174],[78.9313,9.4174],[78.9313,9.4171],[78.9315,9.4171],[78.9315,9.4165],[78.9318,9.4165],[78.9318,9.4163],[78.9321,9.4163],[78.9321,9.416],[78.9324,9.416],[78.9324,9.4154],[78.9326,9.4154],[78.9326,9.4151],[78.9329,9.4151],[78.9329,9.4149],[78.9332,9.4149],[78.9332,9.4143],[78.9335,9.4143],[78.9335,9.414],[78.9337,9.414],[78.9337,9.4137],[78.934,9.4137],[78.934,9.4132],[78.9343,9.4132],[78.9343,9.4129],[78.9346,9.4129],[78.9346,9.4126],[78.9349,9.4126],[78.9349,9.4121],[78.9351,9.4121],[78.9351,9.4118],[78.9354,9.4118],[78.9354,9.4113],[78.9357,9.4113],[78.9357,9.411],[78.936,9.411],[78.936,9.4107],[78.9362,9.4107],[78.9362,9.4104],[78.9365,9.4104],[78.9365,9.4099],[78.9368,9.4099],[78.9368,9.4096],[78.9371,9.4096],[78.9371,9.4093],[78.9374,9.4093],[78.9374,9.409],[78.9376,9.409],[78.9376,9.4085],[78.9379,9.4085],[78.9379,9.4082],[78.9382,9.4082],[78.9382,9.4079],[78.9385,9.4079],[78.9385,9.4074],[78.9388,9.4074],[78.9388,9.4071],[78.939,9.4071],[78.939,9.4068],[78.9393,9.4068],[78.9393,9.4063],[78.9396,9.4063],[78.9396,9.406],[78.9399,9.406],[78.9399,9.4057],[78.9404,9.4057],[78.9404,9.4054],[78.9407,9.4054],[78.9407,9.4051],[78.9412,9.4051],[78.9412,9.4049],[78.9418,9.4049],[78.9418,9.4046],[78.9421,9.4046],[78.9421,9.404],[78.9424,9.404],[78.9424,9.4035],[78.9426,9.4035],[78.9426,9.4029],[78.9429,9.4029],[78.9429,9.4024],[78.9432,9.4024],[78.9432,9.4018],[78.9435,9.4018],[78.9435,9.4015],[78.9437,9.4015],[78.9437,9.4013],[78.944,9.4013],[78.944,9.401],[78.9443,9.401],[78.9443,9.4007],[78.9446,9.4007],[78.9446,9.4004],[78.9449,9.4004],[78.9449,9.4001],[78.9451,9.4001],[78.9451,9.3999],[78.9454,9.3999],[78.9454,9.3996],[78.9457,9.3996],[78.9457,9.399],[78.946,9.399],[78.946,9.3988],[78.9463,9.3988],[78.9463,9.3985],[78.9465,9.3985],[78.9465,9.3982],[78.9468,9.3982],[78.9468,9.3979],[78.9471,9.3979],[78.9471,9.3976],[78.9474,9.3976],[78.9474,9.3974],[78.9476,9.3974],[78.9476,9.3971],[78.9479,9.3971],[78.9479,9.3968],[78.9482,9.3968],[78.9482,9.3965],[78.9485,9.3965],[78.9485,9.3963],[78.9488,9.3963],[78.9488,9.396],[78.949,9.396],[78.949,9.3957],[78.9493,9.3957],[78.9493,9.3954],[78.9496,9.3954],[78.9496,9.3952],[78.9499,9.3952],[78.9499,9.3946],[78.9501,9.3946],[78.9501,9.3943],[78.9504,9.3943],[78.9504,9.394],[78.9507,9.394],[78.9507,9.3938],[78.951,9.3938],[78.951,9.3935],[78.9512,9.3935],[78.9512,9.3932],[78.9515,9.3932],[78.9515,9.3929],[78.9518,9.3929],[78.9518,9.3926],[78.9521,9.3926],[78.9521,9.3924],[78.9524,9.3924],[78.9524,9.3921],[78.9527,9.3921],[78.9527,9.3918],[78.9529,9.3918],[78.9529,9.3915],[78.9532,9.3915],[78.9532,9.3912],[78.9535,9.3912],[78.9535,9.391],[78.9538,9.391],[78.9538,9.3907],[78.954,9.3907],[78.954,9.3901],[78.9543,9.3901],[78.9543,9.3899],[78.9546,9.3899],[78.9546,9.3896],[78.9549,9.3896],[78.9549,9.3893],[78.9551,9.3893],[78.9551,9.389],[78.9554,9.389],[78.9554,9.3888],[78.9557,9.3888],[78.9557,9.3885],[78.956,9.3885],[78.956,9.3882],[78.9563,9.3882],[78.9563,9.3879],[78.9565,9.3879],[78.9565,9.3876],[78.9568,9.3876],[78.9568,9.3874],[78.9571,9.3874],[78.9571,9.3871],[78.9574,9.3871],[78.9574,9.3868],[78.9576,9.3868],[78.9576,9.3865],[78.9579,9.3865],[78.9579,9.3862],[78.9582,9.3862],[78.9582,9.386],[78.9585,9.386],[78.9585,9.3857],[78.9587,9.3857],[78.9587,9.3854],[78.959,9.3854],[78.959,9.3851],[78.9593,9.3851],[78.9593,9.3849],[78.9596,9.3849],[78.9596,9.3846],[78.9599,9.3846],[78.9599,9.3843],[78.9601,9.3843],[78.9601,9.384],[78.9604,9.384],[78.9604,9.3835],[78.9607,9.3835],[78.9607,9.3832],[78.961,9.3832],[78.961,9.3829],[78.9613,9.3829],[78.9613,9.3826],[78.9615,9.3826],[78.9615,9.3824],[78.9618,9.3824],[78.9618,9.3821],[78.9621,9.3821],[78.9621,9.3818],[78.9624,9.3818],[78.9624,9.3815],[78.9626,9.3815],[78.9626,9.3813],[78.9629,9.3813],[78.9629,9.381],[78.9632,9.381],[78.9632,9.3807],[78.9635,9.3807],[78.9635,9.3804],[78.9638,9.3804],[78.9638,9.3801],[78.964,9.3801],[78.964,9.3799],[78.9643,9.3799],[78.9643,9.3796],[78.9646,9.3796],[78.9646,9.3793],[78.9649,9.3793],[78.9649,9.379],[78.9651,9.379],[78.9651,9.3787],[78.9654,9.3787],[78.9654,9.3782],[78.9657,9.3782],[78.9657,9.3779],[78.966,9.3779],[78.966,9.3776],[78.9662,9.3776],[78.9662,9.3771],[78.9665,9.3771],[78.9665,9.3768],[78.9668,9.3768],[78.9668,9.3765],[78.9671,9.3765],[78.9671,9.376],[78.9674,9.376],[78.9674,9.3757],[78.9676,9.3757],[78.9676,9.3754],[78.9679,9.3754],[78.9679,9.3749],[78.9682,9.3749],[78.9682,9.3746],[78.9685,9.3746],[78.9685,9.3743],[78.9688,9.3743],[78.9688,9.374],[78.969,9.374],[78.969,9.3737],[78.9693,9.3738],[78.9693,9.3735],[78.9696,9.3735],[78.9696,9.3732],[78.9699,9.3732],[78.9699,9.3729],[78.9701,9.3729],[78.9701,9.3726],[78.9704,9.3726],[78.9704,9.3724],[78.9707,9.3724],[78.9707,9.3721],[78.971,9.3721],[78.971,9.3718],[78.9713,9.3718],[78.9713,9.3715],[78.9715,9.3715],[78.9715,9.3713],[78.9718,9.3713],[78.9718,9.371],[78.9721,9.371],[78.9721,9.3707],[78.9724,9.3707],[78.9724,9.3704],[78.9726,9.3704],[78.9726,9.3701],[78.9729,9.3701],[78.9729,9.3699],[78.9732,9.3699],[78.9732,9.3696],[78.9735,9.3696],[78.9735,9.3693],[78.9737,9.3693],[78.9737,9.369],[78.974,9.369],[78.974,9.3688],[78.9743,9.3688],[78.9743,9.3685],[78.9746,9.3685],[78.9746,9.3682],[78.9749,9.3682],[78.9749,9.3679],[78.9751,9.3679],[78.9751,9.3676],[78.9754,9.3676],[78.9754,9.3674],[78.9757,9.3674],[78.9757,9.3671],[78.976,9.3671],[78.976,9.3668],[78.9762,9.3668],[78.9762,9.3665],[78.9765,9.3665],[78.9765,9.3663],[78.9768,9.3663],[78.9768,9.366],[78.9771,9.366],[78.9771,9.3657],[78.9774,9.3657],[78.9774,9.3654],[78.9776,9.3654],[78.9776,9.3651],[78.9782,9.3651],[78.9782,9.3649],[78.9785,9.3649],[78.9785,9.3646],[78.9788,9.3646],[78.9788,9.3643],[78.979,9.3643],[78.979,9.364],[78.9793,9.364],[78.9793,9.3638],[78.9796,9.3638],[78.9796,9.3635],[78.9799,9.3635],[78.9799,9.3632],[78.9801,9.3632],[78.9801,9.3629],[78.9807,9.3629],[78.9807,9.3626],[78.981,9.3626],[78.981,9.3624],[78.9812,9.3624],[78.9812,9.3621],[78.9815,9.3621],[78.9815,9.3618],[78.9818,9.3618],[78.9818,9.3615],[78.9821,9.3615],[78.9821,9.3612],[78.9824,9.3612],[78.9824,9.361],[78.9826,9.361],[78.9826,9.3607],[78.9832,9.3607],[78.9832,9.3604],[78.9835,9.3604],[78.9835,9.3601],[78.9837,9.3601],[78.9837,9.3599],[78.984,9.3599],[78.984,9.3596],[78.9843,9.3596],[78.9843,9.3593],[78.9846,9.3593],[78.9846,9.359],[78.9849,9.359],[78.9849,9.3588],[78.9851,9.3588],[78.9851,9.3582],[78.9854,9.3582],[78.9854,9.3579],[78.9857,9.3579],[78.9857,9.3576],[78.986,9.3576],[78.986,9.3574],[78.9863,9.3574],[78.9863,9.3571],[78.9865,9.3571],[78.9865,9.3568],[78.9868,9.3568],[78.9868,9.3565],[78.9871,9.3565],[78.9871,9.3562],[78.9874,9.3562],[78.9874,9.356],[78.9876,9.356],[78.9876,9.3554],[78.9879,9.3554],[78.9879,9.3551],[78.9882,9.3551],[78.9882,9.3549],[78.9885,9.3549],[78.9885,9.3546],[78.9887,9.3546],[78.9887,9.3543],[78.989,9.3543],[78.989,9.354],[78.9893,9.354],[78.9893,9.3538],[78.9899,9.3538],[78.9899,9.3535],[78.9901,9.3535],[78.9901,9.3532],[78.9904,9.3532],[78.9904,9.3529],[78.9907,9.3529],[78.9907,9.3526],[78.9912,9.3526],[78.9912,9.3524],[78.9915,9.3524],[78.9915,9.3521],[78.9918,9.3521],[78.9918,9.3518],[78.9921,9.3518],[78.9921,9.3515],[78.9926,9.3515],[78.9926,9.3513],[78.9929,9.3513],[78.9929,9.351],[78.9932,9.351],[78.9932,9.3507],[78.9935,9.3507],[78.9935,9.3504],[78.994,9.3504],[78.994,9.3501],[78.9943,9.3501],[78.9943,9.3498],[78.9946,9.3499],[78.9946,9.3496],[78.9949,9.3496],[78.9949,9.3493],[78.9954,9.3493],[78.9954,9.349],[78.996,9.349],[78.996,9.3488],[78.9962,9.3488],[78.9962,9.3485],[78.9965,9.3485],[78.9965,9.3479],[78.9968,9.3479],[78.9968,9.3476],[78.9974,9.3476],[78.9974,9.3474],[78.9976,9.3474],[78.9976,9.3471],[78.9979,9.3471],[78.9979,9.3468],[78.9982,9.3468],[78.9982,9.3465],[78.9985,9.3465],[78.9985,9.3463],[78.9987,9.3463],[78.9987,9.346],[78.9993,9.346],[78.9993,9.3457],[78.9996,9.3457],[78.9996,9.3454],[78.9999,9.3454],[78.9999,9.3451],[79.0013,9.3451],[79.0013,9.3449],[79.0015,9.3449],[79.0015,9.3446],[79.0018,9.3446],[79.0018,9.3443],[79.0021,9.3443],[79.0021,9.344],[79.0026,9.344],[79.0026,9.3435],[79.0029,9.3435],[79.0029,9.3432],[79.0032,9.3432],[79.0032,9.3429],[79.0035,9.3429],[79.0035,9.3426],[79.0038,9.3426],[79.0038,9.3424],[79.004,9.3424],[79.004,9.3421],[79.0043,9.3421],[79.0043,9.3418],[79.0046,9.3418],[79.0046,9.3415],[79.0051,9.3415],[79.0051,9.3413],[79.0054,9.3413],[79.0054,9.341],[79.006,9.341],[79.006,9.3407],[79.0062,9.3407],[79.0062,9.3404],[79.0071,9.3404],[79.0071,9.3401],[79.0074,9.3401],[79.0074,9.3399],[79.0076,9.3399],[79.0076,9.3393],[79.0082,9.3393],[79.0082,9.339],[79.0085,9.339],[79.0085,9.3388],[79.009,9.3388],[79.009,9.3385],[79.0093,9.3385],[79.0093,9.3382],[79.0096,9.3382],[79.0096,9.3379],[79.0099,9.3379],[79.0099,9.3376],[79.0104,9.3376],[79.0104,9.3374],[79.0107,9.3374],[79.0107,9.3371],[79.011,9.3371],[79.011,9.3368],[79.0115,9.3368],[79.0115,9.3365],[79.0118,9.3365],[79.0118,9.3363],[79.0124,9.3363],[79.0124,9.336],[79.0126,9.336],[79.0126,9.3357],[79.0129,9.3357],[79.0129,9.3354],[79.0132,9.3354],[79.0132,9.3351],[79.0135,9.3351],[79.0135,9.3349],[79.0137,9.3349],[79.0137,9.3346],[79.014,9.3346],[79.014,9.3343],[79.0143,9.3343],[79.0143,9.334],[79.0146,9.334],[79.0146,9.3337],[79.0149,9.3337],[79.0149,9.3335],[79.0151,9.3335],[79.0151,9.3332],[79.0154,9.3332],[79.0154,9.3329],[79.016,9.3329],[79.016,9.3326],[79.0163,9.3326],[79.0163,9.3324],[79.0165,9.3324],[79.0165,9.3321],[79.0168,9.3321],[79.0168,9.3318],[79.0174,9.3318],[79.0174,9.3315],[79.0176,9.3315],[79.0176,9.3313],[79.0179,9.3313],[79.0179,9.331],[79.0185,9.331],[79.0185,9.3307],[79.0188,9.3307],[79.0188,9.3304],[79.019,9.3304],[79.019,9.3301],[79.0196,9.3301],[79.0196,9.3299],[79.0193,9.3299],[79.0193,9.3296],[79.019,9.3296],[79.019,9.3293],[79.0204,9.3293],[79.0204,9.3296],[79.021,9.3296],[79.021,9.3293],[79.0212,9.3293],[79.0212,9.3285],[79.0215,9.3285],[79.0215,9.3276],[79.0218,9.3276],[79.0218,9.3274],[79.0224,9.3274],[79.0224,9.3271],[79.0226,9.3271],[79.0226,9.3268],[79.0232,9.3268],[79.0232,9.3265],[79.0235,9.3265],[79.0235,9.3263],[79.024,9.3263],[79.024,9.326],[79.0243,9.326],[79.0243,9.3257],[79.0249,9.3257],[79.0249,9.3254],[79.0251,9.3254],[79.0251,9.3251],[79.0257,9.3251],[79.0257,9.3249],[79.026,9.3249],[79.026,9.3246],[79.0263,9.3246],[79.0263,9.3243],[79.0268,9.3243],[79.0268,9.324],[79.0271,9.324],[79.0271,9.3238],[79.0276,9.3238],[79.0276,9.3235],[79.0279,9.3235],[79.0279,9.3232],[79.0285,9.3232],[79.0285,9.3229],[79.0287,9.3229],[79.0287,9.3226],[79.0293,9.3226],[79.0293,9.3224],[79.0296,9.3224],[79.0296,9.3221],[79.0301,9.3221],[79.0301,9.3218],[79.0304,9.3218],[79.0304,9.3215],[79.0307,9.3215],[79.0307,9.3213],[79.0313,9.3213],[79.0313,9.321],[79.0315,9.321],[79.0315,9.3207],[79.0318,9.3207],[79.0318,9.3204],[79.0321,9.3204],[79.0321,9.3201],[79.0326,9.3201],[79.0326,9.3199],[79.0329,9.3199],[79.0329,9.3196],[79.0332,9.3196],[79.0332,9.3193],[79.0337,9.3193],[79.0337,9.319],[79.034,9.319],[79.034,9.3188],[79.0343,9.3188],[79.0343,9.3185],[79.0349,9.3185],[79.0349,9.3182],[79.0351,9.3182],[79.0351,9.3179],[79.0357,9.3179],[79.0357,9.3176],[79.036,9.3176],[79.036,9.3174],[79.0365,9.3174],[79.0365,9.3171],[79.0368,9.3171],[79.0368,9.3168],[79.0374,9.3168],[79.0374,9.3165],[79.0376,9.3165],[79.0376,9.3163],[79.0382,9.3163],[79.0382,9.316],[79.0385,9.316],[79.0385,9.3157],[79.039,9.3157],[79.039,9.3154],[79.0393,9.3154],[79.0393,9.3151],[79.0399,9.3151],[79.0399,9.3149],[79.0401,9.3149],[79.0401,9.3146],[79.0407,9.3146],[79.0407,9.3143],[79.041,9.3143],[79.041,9.314],[79.0415,9.314],[79.0415,9.3137],[79.0418,9.3138],[79.0418,9.3135],[79.0424,9.3135],[79.0424,9.3132],[79.0426,9.3132],[79.0426,9.3129],[79.0432,9.3129],[79.0432,9.3126],[79.0435,9.3126],[79.0435,9.3124],[79.044,9.3124],[79.044,9.3121],[79.0443,9.3121],[79.0443,9.3118],[79.0449,9.3118],[79.0449,9.3115],[79.0451,9.3115],[79.0451,9.3113],[79.0457,9.3113],[79.0457,9.311],[79.046,9.311],[79.046,9.3107],[79.0465,9.3107],[79.0465,9.3104],[79.0468,9.3104],[79.0468,9.3101],[79.0474,9.3101],[79.0474,9.3096],[79.0479,9.3096],[79.0479,9.3093],[79.0485,9.3093],[79.0485,9.309],[79.049,9.309],[79.049,9.3088],[79.0493,9.3088],[79.0493,9.3085],[79.0499,9.3085],[79.0499,9.3082],[79.0504,9.3082],[79.0504,9.3079],[79.0507,9.3079],[79.0507,9.3076],[79.0512,9.3076],[79.0512,9.3074],[79.0518,9.3074],[79.0518,9.3071],[79.0524,9.3071],[79.0524,9.3068],[79.0526,9.3068],[79.0526,9.3065],[79.0532,9.3065],[79.0532,9.3062],[79.0537,9.3062],[79.0537,9.306],[79.0543,9.306],[79.0543,9.3057],[79.0546,9.3057],[79.0546,9.3054],[79.0551,9.3054],[79.0551,9.3051],[79.0557,9.3051],[79.0557,9.3049],[79.056,9.3049],[79.056,9.3046],[79.0565,9.3046],[79.0565,9.3043],[79.0571,9.3043],[79.0571,9.304],[79.0576,9.304],[79.0576,9.3038],[79.0579,9.3038],[79.0579,9.3035],[79.0585,9.3035],[79.0585,9.3032],[79.059,9.3032],[79.059,9.3029],[79.0596,9.3029],[79.0596,9.3026],[79.0599,9.3026],[79.0599,9.3024],[79.0604,9.3024],[79.0604,9.3021],[79.061,9.3021],[79.061,9.3018],[79.0615,9.3018],[79.0615,9.3015],[79.0621,9.3015],[79.0621,9.3013],[79.0626,9.3013],[79.0626,9.301],[79.0629,9.301],[79.0629,9.3007],[79.0635,9.3007],[79.0635,9.3004],[79.064,9.3004],[79.064,9.3001],[79.0646,9.3001],[79.0646,9.2999],[79.0654,9.2999],[79.0654,9.2996],[79.0665,9.2996],[79.0665,9.2993],[79.0676,9.2993],[79.0676,9.299],[79.0685,9.299],[79.0685,9.2987],[79.0696,9.2987],[79.0696,9.2985],[79.0707,9.2985],[79.0707,9.2982],[79.0715,9.2982],[79.0715,9.2979],[79.0726,9.2979],[79.0726,9.2976],[79.0735,9.2976],[79.0735,9.2979],[79.074,9.2979],[79.074,9.2982],[79.0743,9.2982],[79.0743,9.2985],[79.0746,9.2985],[79.0746,9.2982],[79.0749,9.2982],[79.0749,9.2979],[79.0754,9.2979],[79.0754,9.2976],[79.0765,9.2976],[79.0765,9.2974],[79.0776,9.2974],[79.0776,9.2971],[79.0793,9.2971],[79.0793,9.2968],[79.0804,9.2968],[79.0804,9.2965],[79.0815,9.2965],[79.0815,9.2962],[79.0826,9.2962],[79.0826,9.296],[79.0837,9.296],[79.0837,9.2957],[79.0848,9.2957],[79.0848,9.2954],[79.086,9.2954],[79.086,9.2951],[79.0871,9.2951],[79.0871,9.2949],[79.0879,9.2949],[79.0879,9.2946],[79.0885,9.2946],[79.0885,9.2943],[79.0893,9.2943],[79.0893,9.294],[79.0901,9.294],[79.0901,9.2938],[79.0907,9.2938],[79.0907,9.2935],[79.0915,9.2935],[79.0915,9.2932],[79.0924,9.2932],[79.0924,9.2929],[79.0932,9.2929],[79.0932,9.2926],[79.094,9.2926],[79.094,9.2924],[79.0951,9.2924],[79.0951,9.2921],[79.096,9.2921],[79.096,9.2918],[79.0968,9.2918],[79.0968,9.2915],[79.0976,9.2915],[79.0976,9.2913],[79.0985,9.2913],[79.0985,9.291],[79.0996,9.291],[79.0996,9.2907],[79.1004,9.2907],[79.1004,9.2904],[79.1012,9.2904],[79.1012,9.2901],[79.1024,9.2901],[79.1024,9.2899],[79.1032,9.2899],[79.1032,9.2896],[79.1046,9.2896],[79.1046,9.2893],[79.106,9.2893],[79.106,9.289],[79.1076,9.289],[79.1076,9.2888],[79.1093,9.2888],[79.1093,9.2885],[79.1129,9.2885],[79.1129,9.2888],[79.1143,9.2888],[79.1143,9.289],[79.1157,9.289],[79.1157,9.2893],[79.1171,9.2893],[79.1171,9.2896],[79.124,9.2896],[79.124,9.2893],[79.1243,9.2893],[79.1243,9.289],[79.1249,9.289],[79.1249,9.2888],[79.1251,9.2888],[79.1251,9.2885],[79.1254,9.2885],[79.1254,9.2882],[79.1257,9.2882],[79.1257,9.2879],[79.1263,9.2879],[79.1263,9.2876],[79.1279,9.2876],[79.1279,9.2874],[79.1299,9.2874],[79.1299,9.2871],[79.1324,9.2871],[79.1324,9.2874],[79.1326,9.2874],[79.1326,9.2879],[79.1338,9.2879],[79.1338,9.2882],[79.134,9.2882],[79.134,9.2885],[79.1346,9.2885],[79.1346,9.2888],[79.1349,9.2888],[79.1349,9.289],[79.1351,9.289],[79.1351,9.2893],[79.1354,9.2893],[79.1354,9.2896],[79.136,9.2896],[79.136,9.2899],[79.1363,9.2899],[79.1363,9.2901],[79.1365,9.2901],[79.1365,9.291],[79.1374,9.291],[79.1374,9.2913],[79.1382,9.2913],[79.1382,9.2915],[79.1387,9.2915],[79.1387,9.2918],[79.139,9.2918],[79.139,9.2921],[79.1393,9.2921],[79.1393,9.2924],[79.1401,9.2924],[79.1401,9.2921],[79.1418,9.2921],[79.1418,9.2918],[79.1429,9.2918],[79.1429,9.2915],[79.1438,9.2915],[79.1438,9.2913],[79.1449,9.2913],[79.1449,9.291],[79.1457,9.291],[79.1457,9.2907],[79.1465,9.2907],[79.1465,9.2904],[79.1471,9.2904],[79.1471,9.2901],[79.1479,9.2901],[79.1479,9.2899],[79.1488,9.2899],[79.1488,9.2896],[79.1493,9.2896],[79.1493,9.2893],[79.1501,9.2893],[79.1501,9.289],[79.1507,9.289],[79.1507,9.2888],[79.1513,9.2888],[79.1513,9.2885],[79.1518,9.2885],[79.1518,9.2882],[79.1524,9.2882],[79.1524,9.2879],[79.1526,9.2879],[79.1526,9.2876],[79.1532,9.2876],[79.1532,9.2874],[79.154,9.2874],[79.154,9.2871],[79.1546,9.2871],[79.1546,9.2868],[79.1551,9.2868],[79.1551,9.2865],[79.1557,9.2865],[79.1557,9.2863],[79.1565,9.2863],[79.1565,9.2857],[79.1568,9.2857],[79.1568,9.2851],[79.1588,9.2851],[79.1588,9.2849],[79.159,9.2849],[79.159,9.2846],[79.1601,9.2846],[79.1601,9.2843],[79.1612,9.2843],[79.1612,9.284],[79.1626,9.284],[79.1626,9.2843],[79.164,9.2843],[79.164,9.2846],[79.1646,9.2846],[79.1646,9.2843],[79.1682,9.2843],[79.1682,9.2846],[79.1771,9.2846],[79.1771,9.2843],[79.179,9.2843],[79.179,9.284],[79.1796,9.284],[79.1796,9.2838],[79.1801,9.2838],[79.1801,9.2835],[79.1813,9.2835],[79.1813,9.2832],[79.1904,9.2832],[79.1904,9.2829],[79.1907,9.2829],[79.1907,9.2818],[79.1904,9.2818],[79.1904,9.2815],[79.1899,9.2815],[79.1899,9.2813],[79.1879,9.2813],[79.1879,9.2815],[79.1865,9.2815],[79.1865,9.2813],[79.1854,9.2813],[79.1854,9.2815],[79.1843,9.2815],[79.1843,9.2813],[79.1832,9.2813],[79.1832,9.281],[79.1796,9.281],[79.1796,9.2807],[79.1793,9.2807],[79.1793,9.2804],[79.1785,9.2804],[79.1785,9.2807],[79.1774,9.2807],[79.1774,9.2804],[79.1771,9.2804],[79.1771,9.2801],[79.176,9.2801],[79.176,9.2799],[79.1724,9.2799],[79.1724,9.2796],[79.1693,9.2796],[79.1693,9.2793],[79.1687,9.2793],[79.1687,9.279],[79.1671,9.279],[79.1671,9.2788],[79.1657,9.2788],[79.1657,9.2785],[79.1637,9.2785],[79.1637,9.2782],[79.1621,9.2782],[79.1621,9.2779],[79.1607,9.2779],[79.1607,9.2776],[79.1574,9.2776],[79.1574,9.2774],[79.1568,9.2774],[79.1568,9.2768],[79.156,9.2768],[79.156,9.2765],[79.1537,9.2765],[79.1537,9.2768],[79.1526,9.2768],[79.1526,9.2765],[79.1496,9.2765],[79.1496,9.2763],[79.1488,9.2763],[79.1488,9.2765],[79.1479,9.2765],[79.1479,9.2763],[79.1471,9.2763],[79.1471,9.276],[79.1465,9.276],[79.1465,9.2757],[79.1457,9.2757],[79.1457,9.2754],[79.1454,9.2754],[79.1454,9.2749],[79.1438,9.2749],[79.1438,9.2743],[79.1435,9.2743],[79.1435,9.2742],[79.1435,9.274],[79.1432,9.274],[79.1432,9.2735],[79.1429,9.2735],[79.1429,9.2729],[79.1426,9.2729],[79.1426,9.2726],[79.1415,9.2726],[79.1415,9.2724],[79.1368,9.2724],[79.1363,9.2724],[79.1363,9.2721],[79.1346,9.2721],[79.1346,9.2718],[79.1326,9.2718],[79.1326,9.2715],[79.1296,9.2715],[79.1296,9.2713],[79.1285,9.2713],[79.1285,9.271],[79.1274,9.271],[79.1274,9.2707],[79.1263,9.2707],[79.1263,9.2704],[79.1254,9.2704],[79.1254,9.2701],[79.1243,9.2701],[79.1243,9.2699],[79.1232,9.2699],[79.1232,9.2696],[79.1218,9.2696],[79.1218,9.2693],[79.1204,9.2693],[79.1204,9.269],[79.1199,9.269],[79.1199,9.2688],[79.119,9.2688],[79.119,9.2685],[79.1185,9.2685],[79.1185,9.2682],[79.1174,9.2682],[79.1174,9.2679],[79.1168,9.2679],[79.1168,9.2676],[79.1165,9.2676],[79.1165,9.2674],[79.1162,9.2674],[79.1162,9.2671],[79.1157,9.2671],[79.1157,9.2668],[79.1154,9.2668],[79.1154,9.2665],[79.1146,9.2665],[79.1146,9.2663],[79.114,9.2663],[79.114,9.266],[79.1129,9.266],[79.1129,9.2657],[79.1126,9.2657],[79.1126,9.2654],[79.1104,9.2654],[79.1104,9.2651],[79.1099,9.2651],[79.1099,9.2649],[79.1087,9.2649],[79.1087,9.2651],[79.1079,9.2651],[79.1079,9.2649],[79.1071,9.2649],[79.1071,9.2646],[79.1065,9.2646],[79.1065,9.2643],[79.1057,9.2643],[79.1057,9.264],[79.1051,9.264],[79.1051,9.2638],[79.1043,9.2638],[79.1043,9.2635],[79.1035,9.2635],[79.1035,9.2632],[79.1029,9.2632],[79.1029,9.2626],[79.1021,9.2626],[79.1021,9.2624],[79.101,9.2624],[79.101,9.2621],[79.1001,9.2621],[79.1001,9.2618],[79.0993,9.2618],[79.0993,9.2615],[79.0985,9.2615],[79.0985,9.2613],[79.0974,9.2613],[79.0974,9.261],[79.0965,9.261],[79.0965,9.2607],[79.0957,9.2607],[79.0957,9.2604],[79.0946,9.2604],[79.0946,9.2601],[79.0938,9.2601],[79.0938,9.2599],[79.091,9.2599],[79.091,9.2601],[79.0893,9.2601],[79.0893,9.2604],[79.0857,9.2604],[79.0857,9.2607],[79.0754,9.2607],[79.0754,9.261],[79.069,9.261],[79.069,9.2612],[79.0682,9.2613],[79.0682,9.2615],[79.0676,9.2615],[79.0676,9.261],[79.0674,9.261],[79.0674,9.2607],[79.0654,9.2607],[79.0654,9.261],[79.064,9.261],[79.064,9.2612],[79.0638,9.2613],[79.0638,9.2615],[79.0635,9.2615],[79.0635,9.2618],[79.0632,9.2618],[79.0632,9.2621],[79.0629,9.2621],[79.0629,9.2624],[79.0582,9.2624],[79.0582,9.2626],[79.0563,9.2626],[79.0563,9.2624],[79.054,9.2624],[79.054,9.2626],[79.0532,9.2626],[79.0532,9.2629],[79.051,9.2629],[79.051,9.2632],[79.0504,9.2632],[79.0504,9.2635],[79.0499,9.2635],[79.0499,9.2638],[79.0496,9.2638],[79.0496,9.264],[79.049,9.264],[79.049,9.2643],[79.0488,9.2643],[79.0488,9.2646],[79.0432,9.2646],[79.0432,9.2649],[79.0421,9.2649],[79.0421,9.2651],[79.0401,9.2651],[79.0401,9.2654],[79.0382,9.2654],[79.0382,9.2657],[79.0365,9.2657],[79.0365,9.266],[79.0357,9.266],[79.0357,9.2663],[79.0351,9.2663],[79.0351,9.2665],[79.0343,9.2665],[79.0343,9.2668],[79.0338,9.2668],[79.0338,9.2671],[79.0304,9.2671],[79.0304,9.2674],[79.0293,9.2674],[79.0293,9.2676],[79.0285,9.2676],[79.0285,9.2679],[79.0274,9.2679],[79.0274,9.2682],[79.0254,9.2682],[79.0254,9.2685],[79.0238,9.2685],[79.0238,9.2688],[79.0218,9.2688],[79.0218,9.269],[79.0201,9.269],[79.0201,9.2693],[79.0179,9.2693],[79.0179,9.2696],[79.0157,9.2696],[79.0157,9.2699],[79.0135,9.2699],[79.0135,9.2701],[79.0113,9.2701],[79.0113,9.2704],[79.0096,9.2704],[79.0096,9.2707],[79.0082,9.2707],[79.0082,9.271],[79.0062,9.271],[79.0062,9.2713],[79.0043,9.2713],[79.0043,9.2715],[79.0021,9.2715],[79.0021,9.2718],[79.0004,9.2718],[79.0004,9.2724],[79.0001,9.2724],[78.9996,9.2724],[78.9996,9.2726],[78.9993,9.2726],[78.9993,9.2732],[78.9985,9.2732],[78.9985,9.2735],[78.9982,9.2735],[78.9982,9.2729],[78.9979,9.2729],[78.9979,9.2726],[78.9968,9.2726],[78.9968,9.2724],[78.9962,9.2724],[78.9962,9.2726],[78.996,9.2726],[78.996,9.2724],[78.9954,9.2724],[78.9954,9.2726],[78.9949,9.2726],[78.9949,9.2724],[78.9938,9.2724],[78.9938,9.2726],[78.9921,9.2726],[78.9921,9.2729],[78.991,9.2729],[78.991,9.2732],[78.9885,9.2732],[78.9885,9.2735],[78.9879,9.2735],[78.9879,9.2738],[78.9868,9.2738],[78.9868,9.2735],[78.986,9.2735],[78.986,9.2738],[78.9851,9.2738],[78.9851,9.2743],[78.9849,9.2743],[78.9849,9.2746],[78.9846,9.2746],[78.9846,9.2749],[78.9821,9.2749],[78.9821,9.2746],[78.9815,9.2746],[78.9815,9.2749],[78.9807,9.2749],[78.9807,9.2746],[78.9804,9.2746],[78.9804,9.274],[78.9801,9.274],[78.9801,9.2738],[78.979,9.2738],[78.979,9.2735],[78.9776,9.2735],[78.9776,9.2738],[78.9765,9.2738],[78.9765,9.2735],[78.9751,9.2735],[78.9751,9.2738],[78.9718,9.2738],[78.9718,9.2735],[78.9707,9.2735],[78.9707,9.2732],[78.9704,9.2732],[78.9704,9.2729],[78.9662,9.2729],[78.9662,9.2732],[78.9657,9.2732],[78.9657,9.2729],[78.9643,9.2729],[78.9643,9.2726],[78.9635,9.2726],[78.9635,9.2724],[78.9626,9.2724],[78.9626,9.2721],[78.9621,9.2721],[78.9621,9.2724],[78.9618,9.2724],[78.9618,9.2726],[78.9596,9.2726],[78.9596,9.2724],[78.9585,9.2724],[78.9585,9.2721],[78.9571,9.2721],[78.9571,9.2724],[78.9551,9.2724],[78.9551,9.2721],[78.954,9.2721],[78.954,9.2718],[78.9521,9.2718],[78.9521,9.2715],[78.951,9.2715],[78.951,9.2713],[78.9482,9.2713],[78.9482,9.271],[78.946,9.271],[78.946,9.2707],[78.9454,9.2707],[78.9454,9.2704],[78.9443,9.2704],[78.9443,9.2701],[78.9437,9.2701],[78.9437,9.2699],[78.9429,9.2699],[78.9429,9.2696],[78.9418,9.2696],[78.9418,9.2693],[78.9399,9.2693],[78.9399,9.269],[78.9393,9.269],[78.9393,9.2688],[78.9365,9.2688],[78.9365,9.2685],[78.9349,9.2685],[78.9349,9.2682],[78.9343,9.2682],[78.9343,9.2679],[78.9337,9.2679],[78.9337,9.2676],[78.9321,9.2676],[78.9321,9.2674],[78.931,9.2674],[78.931,9.2671],[78.9299,9.2671],[78.9299,9.2668],[78.9287,9.2668],[78.9287,9.2665],[78.9276,9.2665],[78.9276,9.2663],[78.9271,9.2663],[78.9271,9.266],[78.9257,9.266],[78.9257,9.2657],[78.9251,9.2657],[78.9251,9.2654],[78.9246,9.2654],[78.9246,9.2651],[78.9243,9.2651],[78.9243,9.2649],[78.924,9.2649],[78.924,9.2646],[78.9235,9.2646],[78.9235,9.2643],[78.9232,9.2643],[78.9232,9.264],[78.9226,9.264],[78.9226,9.2638],[78.9223,9.2638],[78.9223,9.2635],[78.9221,9.2635],[78.9221,9.2632],[78.9218,9.2632],[78.9218,9.2629],[78.9215,9.2629],[78.9215,9.2626],[78.921,9.2626],[78.921,9.2621],[78.9207,9.2621],[78.9207,9.2618],[78.9204,9.2618],[78.9204,9.2615],[78.9199,9.2615],[78.9199,9.2613],[78.9196,9.2613],[78.9196,9.261],[78.9193,9.261],[78.9193,9.2607],[78.919,9.2607],[78.919,9.2604],[78.9187,9.2604],[78.9187,9.2601],[78.9185,9.2601],[78.9185,9.2596],[78.9182,9.2596],[78.9182,9.2593],[78.9179,9.2593],[78.9179,9.259],[78.9176,9.259],[78.9176,9.2585],[78.9171,9.2585],[78.9171,9.2582],[78.9168,9.2582],[78.9168,9.2579],[78.9163,9.2579],[78.9163,9.2576],[78.916,9.2576],[78.916,9.2574],[78.9157,9.2574],[78.9157,9.2571],[78.9154,9.2571],[78.9154,9.2565],[78.9151,9.2565],[78.9151,9.256],[78.9149,9.256],[78.9149,9.2551],[78.9146,9.2551],[78.9146,9.2547],[78.9146,9.2546],[78.9143,9.2546],[78.9143,9.254],[78.914,9.254],[78.914,9.2535],[78.9135,9.2535],[78.9135,9.2532],[78.9132,9.2532],[78.9132,9.2529],[78.9124,9.2529],[78.9124,9.2526],[78.9118,9.2526],[78.9118,9.2524],[78.9115,9.2524],[78.9115,9.2521],[78.9112,9.2521],[78.9112,9.2518],[78.911,9.2518],[78.911,9.2515],[78.9107,9.2515],[78.9107,9.2513],[78.9101,9.2513],[78.9101,9.251],[78.9099,9.251],[78.9099,9.2507],[78.9096,9.2507],[78.9096,9.2504],[78.9088,9.2504],[78.9088,9.2501],[78.9073,9.2501],[78.9073,9.2499],[78.9065,9.2499],[78.9065,9.2496],[78.9051,9.2496],[78.9051,9.2499],[78.9043,9.2499],[78.9043,9.2501],[78.9032,9.2501],[78.9032,9.2504],[78.9021,9.2504],[78.9021,9.2507],[78.9013,9.2507],[78.9013,9.251],[78.9001,9.251],[78.9001,9.2513],[78.8996,9.2513],[78.8996,9.2515],[78.899,9.2515],[78.899,9.2518],[78.8982,9.2518],[78.8982,9.2521],[78.8968,9.2521],[78.8968,9.2524],[78.896,9.2524],[78.896,9.2526],[78.8951,9.2526],[78.8951,9.2529],[78.8949,9.2529],[78.8949,9.2526],[78.8946,9.2526],[78.8946,9.2529],[78.8935,9.2529],[78.8935,9.2532],[78.8932,9.2532],[78.8932,9.2529],[78.8929,9.2529],[78.8929,9.2532],[78.8924,9.2532],[78.8924,9.2535],[78.8907,9.2535],[78.8907,9.2537],[78.8904,9.2537],[78.8904,9.254],[78.8893,9.254],[78.8893,9.2543],[78.8876,9.2543],[78.8876,9.2546],[78.8865,9.2546],[78.8865,9.2549],[78.8851,9.2549],[78.8851,9.2551],[78.8843,9.2551],[78.8843,9.2554],[78.8826,9.2554],[78.8826,9.2557],[78.8818,9.2557],[78.8818,9.256],[78.8804,9.256],[78.8804,9.2563],[78.8774,9.2563],[78.8774,9.2565],[78.8732,9.2565],[78.8732,9.2563],[78.8724,9.2563],[78.8724,9.256],[78.8721,9.256],[78.8721,9.2557],[78.8715,9.2557],[78.8715,9.2554],[78.8712,9.2554],[78.8712,9.2551],[78.871,9.2551],[78.871,9.2549],[78.8704,9.2549],[78.8704,9.2546],[78.8701,9.2546],[78.8701,9.254],[78.8699,9.254],[78.8699,9.2537],[78.8696,9.2537],[78.8696,9.2535],[78.8657,9.2535],[78.8657,9.2537],[78.8651,9.2537],[78.8651,9.2535],[78.8649,9.2535],[78.8649,9.2537],[78.8618,9.2537],[78.8618,9.2535],[78.8601,9.2535],[78.8601,9.2532],[78.8596,9.2532],[78.8596,9.2529],[78.8593,9.2529],[78.8593,9.2526],[78.859,9.2526],[78.859,9.2524],[78.8587,9.2524],[78.8587,9.2521],[78.8585,9.2521],[78.8585,9.2518],[78.8579,9.2518],[78.8579,9.2515],[78.8576,9.2515],[78.8576,9.2513],[78.8574,9.2513],[78.8574,9.251],[78.8571,9.251],[78.8571,9.2504],[78.8565,9.2504],[78.8565,9.2501],[78.8563,9.2501],[78.8563,9.2499],[78.856,9.2499],[78.856,9.2496],[78.8546,9.2496],[78.8546,9.2493],[78.854,9.2493],[78.854,9.249],[78.8538,9.249],[78.8538,9.2487],[78.8535,9.2487],[78.8535,9.2485],[78.8504,9.2485],[78.8504,9.2482],[78.8496,9.2482],[78.8496,9.2485],[78.849,9.2485],[78.849,9.2482],[78.8485,9.2482],[78.8485,9.2479],[78.8479,9.2479],[78.8479,9.2482],[78.8432,9.2482],[78.8432,9.2479],[78.8421,9.2479],[78.8421,9.2477],[78.841,9.2477],[78.841,9.2474],[78.8401,9.2474],[78.8401,9.2471],[78.8396,9.2471],[78.8396,9.2465],[78.8393,9.2465],[78.8393,9.2463],[78.8385,9.2463],[78.8385,9.246],[78.8371,9.246],[78.8371,9.2457],[78.836,9.2457],[78.836,9.2454],[78.8349,9.2454],[78.8349,9.2451],[78.8337,9.2451],[78.8337,9.2454],[78.8335,9.2454],[78.8335,9.2463],[78.8337,9.2463],[78.8337,9.2471],[78.834,9.2471],[78.834,9.2474],[78.8343,9.2474],[78.8343,9.2477],[78.8346,9.2476],[78.8346,9.2485],[78.8343,9.2485],[78.8343,9.2487],[78.834,9.2487],[78.834,9.249],[78.8337,9.249],[78.8337,9.2496],[78.8335,9.2496],[78.8335,9.2499],[78.8332,9.2499],[78.8332,9.2501],[78.8329,9.2501],[78.8329,9.2504],[78.8326,9.2504],[78.8326,9.2507],[78.8324,9.2507],[78.8324,9.251],[78.8321,9.251],[78.8321,9.2513],[78.8318,9.2513],[78.8318,9.2515],[78.8315,9.2515],[78.8315,9.2518],[78.8313,9.2518],[78.8313,9.2524],[78.831,9.2524],[78.831,9.2529],[78.8307,9.2529],[78.8307,9.2532],[78.8304,9.2532],[78.8304,9.2543],[78.8301,9.2543],[78.8301,9.2557],[78.8304,9.2557],[78.8304,9.2565],[78.831,9.2565],[78.831,9.2571],[78.8318,9.2571],[78.8318,9.2574],[78.8321,9.2574],[78.8321,9.2582],[78.8324,9.2582],[78.8324,9.2588],[78.8326,9.2588],[78.8326,9.2593],[78.8329,9.2593],[78.8329,9.2601],[78.8332,9.2601],[78.8332,9.2607],[78.8335,9.2607],[78.8335,9.2613],[78.8337,9.2612],[78.8337,9.2624],[78.834,9.2624],[78.834,9.2626],[78.8337,9.2626],[78.8337,9.2629],[78.834,9.2629],[78.834,9.2632],[78.8343,9.2632],[78.8343,9.2643],[78.8346,9.2643],[78.8346,9.2671],[78.8343,9.2671],[78.8343,9.2676],[78.834,9.2676],[78.834,9.2679],[78.8337,9.2679],[78.8337,9.2682],[78.8335,9.2682],[78.8335,9.2685],[78.8332,9.2685],[78.8332,9.2688],[78.8326,9.2688],[78.8326,9.2682],[78.8329,9.2682],[78.8329,9.2679],[78.8332,9.2679],[78.8332,9.2676],[78.8335,9.2676],[78.8335,9.2663],[78.8337,9.2663],[78.8337,9.2651],[78.8335,9.2651],[78.8335,9.264],[78.8332,9.264],[78.8332,9.2638],[78.8329,9.2638],[78.8329,9.2635],[78.8326,9.2635],[78.8326,9.2621],[78.8324,9.2621],[78.8324,9.2615],[78.8321,9.2615],[78.8321,9.261],[78.8318,9.261],[78.8318,9.2607],[78.8315,9.2607],[78.8315,9.2604],[78.8313,9.2604],[78.8313,9.2596],[78.831,9.2596],[78.831,9.2593],[78.8313,9.2593],[78.8313,9.259],[78.831,9.259],[78.831,9.2588],[78.8307,9.2588],[78.8307,9.2585],[78.8304,9.2585],[78.8304,9.2582],[78.8301,9.2582],[78.8301,9.2579],[78.8299,9.2579],[78.8299,9.2576],[78.8301,9.2576],[78.8301,9.2574],[78.8299,9.2574],[78.8299,9.2568],[78.8296,9.2568],[78.8296,9.2565],[78.829,9.2565],[78.829,9.2549],[78.8288,9.2549],[78.8288,9.2537],[78.829,9.2537],[78.829,9.2529],[78.8293,9.2529],[78.8293,9.2524],[78.8296,9.2524],[78.8296,9.2518],[78.8299,9.2518],[78.8299,9.2513],[78.8301,9.2513],[78.8301,9.251],[78.8304,9.251],[78.8304,9.2507],[78.8307,9.2507],[78.8307,9.2504],[78.831,9.2504],[78.831,9.249],[78.8313,9.249],[78.8313,9.2487],[78.8318,9.2487],[78.8318,9.2485],[78.8321,9.2485],[78.8321,9.2482],[78.8318,9.2482],[78.8318,9.2479],[78.8321,9.2479],[78.8321,9.2474],[78.8324,9.2474],[78.8324,9.2471],[78.8326,9.2471],[78.8326,9.2463],[78.8324,9.2463],[78.8324,9.246],[78.8326,9.246],[78.8326,9.2454],[78.8329,9.2454],[78.8329,9.2438],[78.8326,9.2438],[78.8326,9.2435],[78.8324,9.2435],[78.8324,9.2432],[78.831,9.2432],[78.831,9.2429],[78.8299,9.2429],[78.8299,9.2426],[78.8279,9.2426],[78.8279,9.2424],[78.8274,9.2424],[78.8274,9.2421],[78.8268,9.2421],[78.8268,9.2418],[78.8262,9.2418],[78.8262,9.2415],[78.8251,9.2415],[78.8251,9.2412],[78.8246,9.2413],[78.8246,9.241],[78.824,9.241],[78.824,9.2407],[78.8235,9.2407],[78.8235,9.2404],[78.8229,9.2404],[78.8229,9.2399],[78.8226,9.2399],[78.8226,9.2396],[78.8224,9.2396],[78.8224,9.2393],[78.8221,9.2393],[78.8221,9.239],[78.821,9.239],[78.821,9.2388],[78.8199,9.2388],[78.8199,9.2385],[78.819,9.2385],[78.819,9.2382],[78.8185,9.2382],[78.8185,9.2379],[78.8182,9.2379],[78.8182,9.2376],[78.8179,9.2376],[78.8179,9.2374],[78.8171,9.2374],[78.8171,9.2371],[78.8163,9.2371],[78.8163,9.2368],[78.8157,9.2368],[78.8157,9.2371],[78.8154,9.2371],[78.8154,9.2368],[78.8151,9.2368],[78.8151,9.2371],[78.814,9.2371],[78.814,9.2374],[78.8129,9.2374],[78.8129,9.2371],[78.8126,9.2371],[78.8126,9.2374],[78.8121,9.2374],[78.8121,9.2376],[78.8115,9.2376],[78.8115,9.2374],[78.8107,9.2374],[78.8107,9.2371],[78.8096,9.2371],[78.8096,9.2368],[78.8087,9.2368],[78.8087,9.2365],[78.8076,9.2365],[78.8076,9.2368],[78.8068,9.2368],[78.8068,9.2365],[78.8063,9.2365],[78.8063,9.2363],[78.8049,9.2363],[78.8049,9.236],[78.8043,9.236],[78.8043,9.2357],[78.8037,9.2357],[78.8037,9.2354],[78.8035,9.2354],[78.8035,9.2351],[78.8032,9.2351],[78.8032,9.2349],[78.8029,9.2349],[78.8029,9.2346],[78.8021,9.2346],[78.8021,9.2343],[78.801,9.2343],[78.801,9.234],[78.8004,9.234],[78.8004,9.2338],[78.7999,9.2338],[78.7999,9.2335],[78.7996,9.2335],[78.7996,9.2332],[78.7993,9.2332],[78.7993,9.2329],[78.799,9.2329],[78.799,9.2324],[78.7982,9.2324],[78.7982,9.2321],[78.7979,9.2321],[78.7979,9.2318],[78.7976,9.2318],[78.7976,9.2315],[78.7974,9.2315],[78.7974,9.2312],[78.7968,9.2313],[78.7968,9.231],[78.796,9.231],[78.796,9.2307],[78.7954,9.2307],[78.7954,9.2304],[78.7951,9.2304],[78.7951,9.2301],[78.7949,9.2301],[78.7949,9.2296],[78.7946,9.2296],[78.7946,9.2293],[78.7943,9.2293],[78.7943,9.229],[78.794,9.229],[78.794,9.2288],[78.7932,9.2288],[78.7932,9.2285],[78.7929,9.2285],[78.7929,9.2288],[78.7918,9.2288],[78.7918,9.229],[78.789,9.229],[78.789,9.2288],[78.7887,9.2288],[78.7887,9.2285],[78.7876,9.2285],[78.7876,9.2282],[78.7874,9.2282],[78.7874,9.2279],[78.7871,9.2279],[78.7871,9.2276],[78.7868,9.2276],[78.7868,9.2274],[78.7865,9.2274],[78.7865,9.2271],[78.786,9.2271],[78.786,9.2268],[78.7857,9.2268],[78.7857,9.2265],[78.7854,9.2265],[78.7854,9.2262],[78.7843,9.2262],[78.7843,9.226],[78.7832,9.226],[78.7832,9.2257],[78.7818,9.2257],[78.7818,9.2254],[78.7813,9.2254],[78.7813,9.2257],[78.7799,9.2257],[78.7799,9.2254],[78.7785,9.2254],[78.7785,9.2251],[78.7782,9.2251],[78.7782,9.2249],[78.7771,9.2249],[78.7771,9.2246],[78.7765,9.2246],[78.7765,9.2243],[78.776,9.2243],[78.776,9.224],[78.7754,9.224],[78.7754,9.2235],[78.7748,9.2235],[78.7748,9.2232],[78.7746,9.2232],[78.7746,9.2229],[78.774,9.2229],[78.774,9.2226],[78.7738,9.2226],[78.7738,9.2224],[78.7735,9.2224],[78.7735,9.2221],[78.7726,9.2221],[78.7726,9.2218],[78.7718,9.2218],[78.7718,9.2215],[78.7699,9.2215],[78.7699,9.2212],[78.7688,9.2212],[78.7688,9.221],[78.7674,9.221],[78.7674,9.2212],[78.7671,9.2212],[78.7671,9.221],[78.7663,9.221],[78.7663,9.2207],[78.7654,9.2207],[78.7654,9.2204],[78.7649,9.2204],[78.7649,9.2201],[78.7643,9.2201],[78.7643,9.2199],[78.7637,9.2199],[78.7637,9.2196],[78.7632,9.2196],[78.7632,9.2193],[78.7629,9.2193],[78.7629,9.219],[78.7624,9.219],[78.7624,9.2188],[78.7613,9.2188],[78.7613,9.2185],[78.7607,9.2185],[78.7607,9.2182],[78.7601,9.2182],[78.7601,9.2179],[78.7596,9.2179],[78.7596,9.2176],[78.7588,9.2176],[78.7588,9.2174],[78.7582,9.2174],[78.7582,9.2171],[78.7579,9.2171],[78.7579,9.2168],[78.7576,9.2168],[78.7576,9.2165],[78.7571,9.2165],[78.7571,9.2162],[78.7568,9.2162],[78.7568,9.216],[78.7562,9.216],[78.7562,9.2157],[78.7554,9.2157],[78.7554,9.2154],[78.7532,9.2154],[78.7532,9.2151],[78.751,9.2151],[78.751,9.2149],[78.7507,9.2149],[78.7507,9.2151],[78.7496,9.2151],[78.7496,9.2149],[78.7493,9.2149],[78.7493,9.2146],[78.749,9.2146],[78.749,9.2143],[78.7487,9.2143],[78.7487,9.2146],[78.7479,9.2146],[78.7479,9.2143],[78.746,9.2143],[78.746,9.214],[78.7446,9.214],[78.7446,9.2138],[78.7443,9.2138],[78.7443,9.2135],[78.7438,9.2135],[78.7438,9.2132],[78.7435,9.2132],[78.7435,9.2129],[78.7432,9.2129],[78.7432,9.2126],[78.7421,9.2126],[78.7421,9.2124],[78.7415,9.2124],[78.7415,9.2121],[78.741,9.2121],[78.741,9.2118],[78.7404,9.2118],[78.7404,9.2121],[78.7382,9.2121],[78.7382,9.2118],[78.7354,9.2118],[78.7354,9.2115],[78.7349,9.2115],[78.7349,9.2113],[78.7346,9.2113],[78.7346,9.211],[78.7335,9.211],[78.7335,9.2107],[78.7326,9.2107],[78.7326,9.2104],[78.7321,9.2104],[78.7321,9.2101],[78.7312,9.2101],[78.7312,9.2099],[78.731,9.2099],[78.731,9.2096],[78.7299,9.2096],[78.7299,9.2093],[78.7293,9.2093],[78.7293,9.209],[78.7285,9.209],[78.7285,9.2088],[78.7276,9.2088],[78.7276,9.2085],[78.7271,9.2085],[78.7271,9.2082],[78.7268,9.2082],[78.7268,9.2076],[78.7265,9.2076],[78.7265,9.2071],[78.7262,9.2071],[78.7262,9.2068],[78.7257,9.2068],[78.7257,9.2065],[78.7254,9.2065],[78.7254,9.2063],[78.7251,9.2063],[78.7251,9.206],[78.7246,9.206],[78.7246,9.2057],[78.7237,9.2057],[78.7237,9.2054],[78.7232,9.2054],[78.7232,9.2051],[78.7226,9.2051],[78.7226,9.2049],[78.7224,9.2049],[78.7224,9.2046],[78.7221,9.2046],[78.7221,9.2043],[78.7218,9.2043],[78.7218,9.204],[78.7215,9.204],[78.7215,9.2038],[78.721,9.2038],[78.721,9.2035],[78.7207,9.2035],[78.7207,9.2032],[78.7204,9.2032],[78.7204,9.2029],[78.7201,9.2029],[78.7201,9.2026],[78.7199,9.2026],[78.7199,9.2024],[78.7196,9.2024],[78.7196,9.2018],[78.7193,9.2018],[78.7193,9.2015],[78.719,9.2015],[78.719,9.2013],[78.7185,9.2013],[78.7185,9.201],[78.7182,9.201],[78.7182,9.2007],[78.7179,9.2007],[78.7179,9.2001],[78.7176,9.2001],[78.7176,9.1993],[78.7174,9.1993],[78.7174,9.1979],[78.7176,9.1979],[78.7176,9.1976],[78.7179,9.1976],[78.7179,9.1979],[78.7182,9.1979],[78.7182,9.1985],[78.7185,9.1985],[78.7185,9.1982],[78.7188,9.1982],[78.7188,9.1976],[78.7193,9.1976],[78.7193,9.1975],[78.7193,9.1974],[78.7196,9.1974],[78.7196,9.1971],[78.7199,9.1971],[78.7199,9.1962],[78.7196,9.1962],[78.7196,9.1957],[78.7193,9.1957],[78.7193,9.1929],[78.719,9.1929],[78.719,9.191],[78.7188,9.191],[78.7188,9.1904],[78.7185,9.1904],[78.7185,9.1901],[78.7168,9.1901],[78.7168,9.1899],[78.7149,9.1899],[78.7149,9.1901],[78.7135,9.1901],[78.7135,9.1904],[78.7118,9.1904],[78.7118,9.1907],[78.711,9.1907],[78.711,9.191],[78.7076,9.191],[78.7076,9.1907],[78.7043,9.1907],[78.7043,9.191],[78.7038,9.191],[78.7038,9.1912],[78.7035,9.1912],[78.7035,9.1915],[78.7024,9.1915],[78.7024,9.1918],[78.702,9.1918],[78.7015,9.1918],[78.7015,9.1921],[78.7007,9.1921],[78.7007,9.1924],[78.7001,9.1924],[78.7001,9.1926],[78.6993,9.1926],[78.6993,9.1929],[78.6988,9.1929],[78.6988,9.1932],[78.6976,9.1932],[78.6976,9.1935],[78.6971,9.1935],[78.6971,9.1938],[78.6965,9.1938],[78.6965,9.194],[78.6957,9.194],[78.6957,9.1943],[78.6926,9.1943],[78.6926,9.1946],[78.6915,9.1946],[78.6915,9.1949],[78.6907,9.1949],[78.6907,9.1954],[78.6893,9.1954],[78.6893,9.1957],[78.6871,9.1957],[78.6871,9.196],[78.6843,9.196],[78.6843,9.1962],[78.6837,9.1962],[78.6837,9.196],[78.6807,9.196],[78.6807,9.1962],[78.6804,9.1962],[78.6804,9.1965],[78.6799,9.1965],[78.6799,9.1962],[78.6793,9.1962],[78.6793,9.1965],[78.679,9.1965],[78.679,9.1962],[78.6782,9.1962],[78.6782,9.1965],[78.6776,9.1965],[78.6776,9.1968],[78.6774,9.1968],[78.6774,9.1974],[78.6768,9.1974],[78.6768,9.1976],[78.6743,9.1976],[78.6743,9.1974],[78.6732,9.1974],[78.6732,9.1979],[78.6718,9.1979],[78.6718,9.1982],[78.6712,9.1982],[78.6712,9.1985],[78.6707,9.1985],[78.6707,9.1982],[78.6704,9.1982],[78.6704,9.1979],[78.6699,9.1979],[78.6699,9.1976],[78.6696,9.1976],[78.6696,9.1974],[78.669,9.1974],[78.669,9.1971],[78.6674,9.1971],[78.6674,9.1968],[78.6671,9.1968],[78.6671,9.196],[78.6665,9.196],[78.6665,9.1957],[78.6663,9.1957],[78.6663,9.1951],[78.6635,9.1951],[78.6635,9.1949],[78.6626,9.1949],[78.6626,9.1946],[78.6624,9.1946],[78.6624,9.1943],[78.6621,9.1943],[78.6621,9.194],[78.6612,9.194],[78.6612,9.1938],[78.6604,9.1938],[78.6604,9.1935],[78.6599,9.1935],[78.6599,9.1929],[78.6596,9.1929],[78.6596,9.1926],[78.659,9.1926],[78.659,9.1924],[78.6579,9.1924],[78.6579,9.1921],[78.6576,9.1921],[78.6576,9.1918],[78.6571,9.1918],[78.6571,9.1912],[78.6568,9.1912],[78.6568,9.1904],[78.6565,9.1904],[78.6565,9.1901],[78.6563,9.1901],[78.6563,9.1899],[78.6557,9.1899],[78.6557,9.1896],[78.6551,9.1896],[78.6551,9.1893],[78.6549,9.1893],[78.6549,9.189],[78.6543,9.189],[78.6543,9.1887],[78.654,9.1887],[78.654,9.1882],[78.6532,9.1882],[78.6532,9.1879],[78.6526,9.1879],[78.6526,9.1876],[78.6524,9.1876],[78.6524,9.1874],[78.6518,9.1874],[78.6518,9.1871],[78.6513,9.1871],[78.6513,9.1868],[78.651,9.1868],[78.651,9.1865],[78.6507,9.1865],[78.6507,9.1863],[78.6501,9.1863],[78.6501,9.186],[78.6499,9.186],[78.6499,9.1857],[78.649,9.1857],[78.649,9.1849],[78.6488,9.1849],[78.6488,9.184],[78.6485,9.184],[78.6485,9.1838],[78.6476,9.1838],[78.6476,9.1835],[78.6474,9.1835],[78.6474,9.1832],[78.6471,9.1832],[78.6471,9.1829],[78.6465,9.1829],[78.6465,9.1826],[78.6462,9.1826],[78.6462,9.1824],[78.646,9.1824],[78.646,9.1818],[78.6457,9.1818],[78.6457,9.1815],[78.6451,9.1815],[78.6451,9.181],[78.6449,9.181],[78.6449,9.1807],[78.6446,9.1807],[78.6446,9.1796],[78.6443,9.1796],[78.6443,9.179],[78.644,9.179],[78.644,9.1788],[78.6438,9.1788],[78.6438,9.1785],[78.6435,9.1785],[78.6435,9.1782],[78.6432,9.1782],[78.6432,9.1774],[78.6429,9.1774],[78.6429,9.1768],[78.6429,9.1763],[78.6426,9.1763],[78.6426,9.1737],[78.6424,9.1737],[78.6424,9.1735],[78.6426,9.1735],[78.6426,9.1713],[78.6429,9.1713],[78.6429,9.1707],[78.6432,9.1707],[78.6432,9.1693],[78.644,9.1693],[78.644,9.1687],[78.6443,9.1687],[78.6443,9.1685],[78.6446,9.1685],[78.6446,9.1682],[78.6451,9.1682],[78.6451,9.1679],[78.6454,9.1679],[78.6454,9.1676],[78.6457,9.1676],[78.6457,9.1674],[78.646,9.1674],[78.646,9.1671],[78.6462,9.1671],[78.6462,9.1668],[78.6468,9.1668],[78.6468,9.1665],[78.6471,9.1665],[78.6471,9.1662],[78.6476,9.1663],[78.6476,9.166],[78.6479,9.166],[78.6479,9.1657],[78.6482,9.1657],[78.6482,9.1654],[78.6485,9.1654],[78.6485,9.1651],[78.6488,9.1651],[78.6488,9.1649],[78.649,9.1649],[78.649,9.1637],[78.6493,9.1638],[78.6493,9.1621],[78.6496,9.1621],[78.6496,9.1615],[78.6499,9.1615],[78.6499,9.161],[78.6501,9.161],[78.6501,9.1601],[78.6504,9.1601],[78.6504,9.1599],[78.6507,9.1599],[78.6507,9.1593],[78.651,9.1593],[78.651,9.159],[78.6518,9.159],[78.6518,9.1588],[78.6549,9.1588],[78.6549,9.159],[78.6551,9.159],[78.6551,9.1593],[78.6576,9.1593],[78.6576,9.1588],[78.6579,9.1588],[78.6579,9.1582],[78.6576,9.1582],[78.6576,9.1579],[78.6574,9.1579],[78.6574,9.1576],[78.6554,9.1576],[78.6554,9.1574],[78.6535,9.1574],[78.6535,9.1571],[78.6515,9.1571],[78.6515,9.1568],[78.6496,9.1568],[78.6496,9.1565],[78.6468,9.1565],[78.6468,9.1563],[78.644,9.1563],[78.644,9.156],[78.641,9.156],[78.641,9.1557],[78.6382,9.1557],[78.6382,9.1554],[78.6354,9.1554],[78.6354,9.1551],[78.6343,9.1551],[78.6343,9.1549],[78.6335,9.1549],[78.6335,9.1546],[78.6324,9.1546],[78.6324,9.1543],[78.6312,9.1543],[78.6312,9.154],[78.6301,9.154],[78.6301,9.1538],[78.6293,9.1538],[78.6293,9.1535],[78.6282,9.1535],[78.6282,9.1532],[78.6268,9.1532],[78.626,9.1532],[78.626,9.1535],[78.6254,9.1535],[78.6254,9.1538],[78.6246,9.1538],[78.6246,9.154],[78.6237,9.154],[78.6237,9.1543],[78.6229,9.1543],[78.6229,9.154],[78.6221,9.154],[78.6221,9.1538],[78.6226,9.1538],[78.6226,9.1535],[78.6224,9.1535],[78.6224,9.1532],[78.6218,9.1532],[78.6218,9.1535],[78.6207,9.1535],[78.6207,9.1532],[78.6199,9.1532],[78.6199,9.1529],[78.619,9.1529],[78.619,9.1526],[78.6185,9.1526],[78.6185,9.1524],[78.616,9.1524],[78.616,9.1521],[78.6143,9.1521],[78.6143,9.1515],[78.614,9.1515],[78.614,9.1512],[78.6135,9.1513],[78.6135,9.151],[78.6126,9.151],[78.6126,9.1507],[78.6121,9.1507],[78.6121,9.1504],[78.6118,9.1504],[78.6118,9.1501],[78.6115,9.1501],[78.6115,9.1499],[78.6099,9.1499],[78.6099,9.1496],[78.6085,9.1496],[78.6085,9.1493],[78.6076,9.1493],[78.6076,9.149],[78.6071,9.149],[78.6071,9.1488],[78.6062,9.1488],[78.6062,9.1485],[78.6051,9.1485],[78.6051,9.1482],[78.6049,9.1482],[78.6049,9.1479],[78.6043,9.1479],[78.6043,9.1476],[78.6038,9.1476],[78.6038,9.1474],[78.6032,9.1474],[78.6032,9.1471],[78.6024,9.1471],[78.6024,9.1468],[78.6012,9.1468],[78.6012,9.1465],[78.6007,9.1465],[78.6007,9.1462],[78.6004,9.1462],[78.6004,9.146],[78.6001,9.146],[78.6001,9.1457],[78.5993,9.1457],[78.5993,9.1454],[78.5987,9.1454],[78.5987,9.1451],[78.5985,9.1451],[78.5985,9.1449],[78.5979,9.1449],[78.5979,9.1446],[78.5971,9.1446],[78.5971,9.1443],[78.596,9.1443],[78.596,9.144],[78.5957,9.144],[78.5957,9.1438],[78.5954,9.1438],[78.5954,9.1435],[78.5949,9.1435],[78.5949,9.1432],[78.5946,9.1432],[78.5946,9.1429],[78.594,9.1429],[78.594,9.1426],[78.5935,9.1426],[78.5935,9.1424],[78.5932,9.1424],[78.5932,9.1421],[78.5926,9.1421],[78.5926,9.1418],[78.5918,9.1418],[78.5918,9.1415],[78.5915,9.1415],[78.5915,9.1412],[78.5912,9.1412],[78.5912,9.141],[78.5907,9.141],[78.5907,9.1407],[78.5904,9.1407],[78.5904,9.1404],[78.5901,9.1404],[78.5901,9.1401],[78.5899,9.1401],[78.5899,9.1399],[78.5893,9.1399],[78.5893,9.1396],[78.589,9.1396],[78.589,9.1393],[78.5888,9.1393],[78.5888,9.139],[78.5885,9.139],[78.5885,9.1388],[78.5879,9.1388],[78.5879,9.1385],[78.5874,9.1385],[78.5874,9.1379],[78.5865,9.1379],[78.5865,9.1376],[78.5863,9.1376],[78.5863,9.137],[78.5863,9.1368],[78.586,9.1368],[78.586,9.1365],[78.5851,9.1365],[78.5851,9.1363],[78.5849,9.1363],[78.5849,9.136],[78.584,9.136],[78.584,9.1357],[78.5832,9.1357],[78.5832,9.1351],[78.5829,9.1351],[78.5829,9.1349],[78.5826,9.1349],[78.5826,9.1346],[78.5824,9.1346],[78.5824,9.134],[78.5821,9.134],[78.5821,9.1335],[78.5818,9.1335],[78.5818,9.1332],[78.5807,9.1332],[78.5807,9.1329],[78.5804,9.1329],[78.5804,9.1324],[78.5801,9.1324],[78.5801,9.1321],[78.5799,9.1321],[78.5799,9.1318],[78.5788,9.1318],[78.5788,9.1315],[78.5782,9.1315],[78.5782,9.1313],[78.5774,9.1313],[78.5774,9.1315],[78.5757,9.1315],[78.5757,9.1318],[78.5751,9.1318],[78.5751,9.1321],[78.5749,9.1321],[78.5743,9.1321],[78.5743,9.1324],[78.5738,9.1324],[78.5738,9.1326],[78.5729,9.1326],[78.5729,9.1329],[78.5724,9.1329],[78.5724,9.1332],[78.5715,9.1332],[78.5715,9.1335],[78.5707,9.1335],[78.5707,9.1338],[78.5701,9.1338],[78.5701,9.134],[78.5693,9.134],[78.5693,9.1343],[78.5687,9.1343],[78.5687,9.1346],[78.5676,9.1346],[78.5676,9.1343],[78.5665,9.1343],[78.5665,9.1346],[78.5662,9.1346],[78.5662,9.1351],[78.5646,9.1351],[78.5646,9.1354],[78.564,9.1354],[78.564,9.1357],[78.5632,9.1357],[78.5632,9.136],[78.5626,9.136],[78.5626,9.1363],[78.5621,9.1363],[78.5621,9.1365],[78.5601,9.1365],[78.5601,9.1363],[78.5599,9.1363],[78.5599,9.1365],[78.5596,9.1365],[78.5596,9.1368],[78.5568,9.1368],[78.5568,9.1371],[78.5546,9.1371],[78.5546,9.1374],[78.5535,9.1374],[78.5535,9.1371],[78.5524,9.1371],[78.5524,9.1374],[78.5488,9.1374],[78.5488,9.1376],[78.5485,9.1376],[78.5485,9.1374],[78.5454,9.1374],[78.5454,9.1371],[78.544,9.1371],[78.544,9.1374],[78.5435,9.1374],[78.5435,9.1371],[78.5404,9.1371],[78.5404,9.1374],[78.5387,9.1374],[78.5387,9.1371],[78.5379,9.1371],[78.5379,9.1368],[78.5376,9.1368],[78.5376,9.1365],[78.5368,9.1365],[78.5368,9.1368],[78.5354,9.1368],[78.5354,9.1365],[78.5315,9.1365],[78.5315,9.1363],[78.531,9.1363],[78.531,9.1365],[78.5304,9.1365],[78.5304,9.1363],[78.529,9.1363],[78.529,9.136],[78.5246,9.136],[78.5246,9.1363],[78.524,9.1363],[78.524,9.1365],[78.5238,9.1365],[78.5238,9.1363],[78.5218,9.1363],[78.5218,9.1365],[78.521,9.1365],[78.521,9.1363],[78.5201,9.1363],[78.5201,9.136],[78.5196,9.136],[78.5196,9.1363],[78.5188,9.1363],[78.5188,9.136],[78.5179,9.136],[78.5179,9.1357],[78.5171,9.1357],[78.5171,9.136],[78.5165,9.136],[78.5165,9.1357],[78.5143,9.1357],[78.5143,9.1354],[78.5132,9.1354],[78.5132,9.1351],[78.5104,9.1351],[78.5104,9.1349],[78.5099,9.1349],[78.5099,9.1346],[78.5085,9.1346],[78.5085,9.1343],[78.5076,9.1343],[78.5076,9.134],[78.5071,9.134],[78.5071,9.1338],[78.5068,9.1338],[78.5068,9.1335],[78.5051,9.1335],[78.5051,9.1332],[78.5037,9.1332],[78.5037,9.1329],[78.5029,9.1329],[78.5029,9.1326],[78.5021,9.1326],[78.5021,9.1324],[78.5004,9.1324],[78.5004,9.1321],[78.4996,9.1321],[78.4996,9.1318],[78.4987,9.1318],[78.4987,9.1315],[78.4982,9.1315],[78.4982,9.1313],[78.4962,9.1313],[78.4962,9.131],[78.4954,9.131],[78.4954,9.1307],[78.4949,9.1307],[78.4949,9.1304],[78.4943,9.1304],[78.4943,9.1301],[78.4932,9.1301],[78.4932,9.1299],[78.4918,9.1299],[78.4918,9.1296],[78.4912,9.1296],[78.4912,9.1293],[78.4907,9.1293],[78.4907,9.129],[78.4901,9.129],[78.4901,9.1287],[78.4899,9.1287],[78.4899,9.1285],[78.4882,9.1285],[78.4882,9.1282],[78.4874,9.1282],[78.4874,9.1285],[78.4863,9.1285],[78.4863,9.1282],[78.4857,9.1282],[78.4857,9.1279],[78.484,9.1279],[78.484,9.1287],[78.4843,9.1287],[78.4843,9.129],[78.4846,9.129],[78.4846,9.1287],[78.4868,9.1287],[78.4868,9.1293],[78.4871,9.1293],[78.4871,9.1299],[78.4874,9.1299],[78.4874,9.1313],[78.4876,9.1313],[78.4876,9.1318],[78.4879,9.1318],[78.4879,9.1321],[78.4882,9.1321],[78.4882,9.1324],[78.4885,9.1324],[78.4885,9.1326],[78.4887,9.1326],[78.4887,9.1329],[78.489,9.1329],[78.489,9.1351],[78.4887,9.1351],[78.4887,9.1357],[78.489,9.1357],[78.489,9.1379],[78.4893,9.1379],[78.4893,9.1385],[78.4896,9.1385],[78.4896,9.1412],[78.4899,9.1412],[78.4899,9.1424],[78.4901,9.1424],[78.4901,9.1432],[78.4899,9.1432],[78.4899,9.1435],[78.4901,9.1435],[78.4901,9.1438],[78.4904,9.1438],[78.4904,9.1443],[78.4907,9.1443],[78.4907,9.1449],[78.4904,9.1449],[78.4904,9.1451],[78.4901,9.1451],[78.4901,9.1462],[78.4904,9.1462],[78.4904,9.1482],[78.4901,9.1482],[78.4901,9.149],[78.4899,9.149],[78.4899,9.1501],[78.4887,9.1501],[78.4887,9.1496],[78.4885,9.1496],[78.4885,9.1493],[78.4882,9.1493],[78.4882,9.1482],[78.4885,9.1482],[78.4885,9.1476],[78.4887,9.1476],[78.4887,9.1471],[78.489,9.1471],[78.489,9.1465],[78.4893,9.1465],[78.4893,9.1454],[78.4887,9.1454],[78.4887,9.1446],[78.4885,9.1446],[78.4885,9.144],[78.4887,9.144],[78.4887,9.1432],[78.4885,9.1432],[78.4885,9.1415],[78.4882,9.1415],[78.4882,9.141],[78.4879,9.141],[78.4879,9.1388],[78.4876,9.1388],[78.4876,9.1382],[78.4874,9.1382],[78.4874,9.1371],[78.4871,9.1371],[78.4871,9.1365],[78.4865,9.1365],[78.4865,9.1363],[78.486,9.1363],[78.486,9.1365],[78.4849,9.1365],[78.4849,9.136],[78.4846,9.136],[78.4846,9.1354],[78.4843,9.1354],[78.4843,9.1351],[78.4829,9.1351],[78.4829,9.1354],[78.4821,9.1354],[78.4821,9.1349],[78.4826,9.1349],[78.4826,9.1343],[78.4824,9.1343],[78.4824,9.134],[78.4826,9.134],[78.4826,9.1326],[78.4824,9.1326],[78.4824,9.1324],[78.4821,9.1324],[78.4821,9.1318],[78.4815,9.1318],[78.4815,9.1315],[78.4812,9.1315],[78.4812,9.1313],[78.4807,9.1313],[78.4807,9.131],[78.4804,9.131],[78.4804,9.1304],[78.4801,9.1304],[78.4801,9.1293],[78.481,9.1293],[78.481,9.1296],[78.4818,9.1296],[78.4818,9.1293],[78.4821,9.1293],[78.4821,9.1276],[78.4818,9.1276],[78.4818,9.1274],[78.4804,9.1274],[78.4804,9.1271],[78.4799,9.1271],[78.4799,9.1274],[78.4782,9.1274],[78.4782,9.1271],[78.4779,9.1271],[78.4779,9.1274],[78.4774,9.1274],[78.4774,9.1276],[78.4762,9.1276],[78.4762,9.1279],[78.4757,9.1279],[78.4757,9.1276],[78.4754,9.1276],[78.4754,9.1274],[78.4707,9.1274],[78.4707,9.1271],[78.4649,9.1271],[78.4649,9.1268],[78.4618,9.1268],[78.4618,9.1271],[78.461,9.1271],[78.461,9.1268],[78.4604,9.1268],[78.4604,9.1265],[78.4576,9.1265],[78.4576,9.1263],[78.4574,9.1263],[78.4574,9.126],[78.4565,9.126],[78.4565,9.1257],[78.4563,9.1257],[78.4563,9.1254],[78.456,9.1254],[78.456,9.1251],[78.4551,9.1251],[78.4551,9.1249],[78.4549,9.1249],[78.4549,9.1246],[78.4543,9.1246],[78.4543,9.1249],[78.454,9.1249],[78.454,9.1251],[78.4532,9.1251],[78.4532,9.1249],[78.4521,9.1249],[78.4521,9.1246],[78.4515,9.1246],[78.4515,9.1243],[78.451,9.1243],[78.451,9.124],[78.4504,9.124],[78.4504,9.1238],[78.4499,9.1238],[78.4499,9.1235],[78.4476,9.1235],[78.4476,9.1232],[78.4471,9.1232],[78.4471,9.1229],[78.4463,9.1229],[78.4463,9.1226],[78.4451,9.1226],[78.4451,9.1224],[78.444,9.1224],[78.444,9.1221],[78.4432,9.1221],[78.4432,9.1224],[78.4429,9.1224],[78.4429,9.1221],[78.4421,9.1221],[78.4421,9.1218],[78.4412,9.1218],[78.4412,9.1215],[78.4401,9.1215],[78.4401,9.1213],[78.4393,9.1213],[78.4393,9.121],[78.4385,9.121],[78.4385,9.1207],[78.4374,9.1207],[78.4374,9.1204],[78.4365,9.1204],[78.4365,9.1201],[78.4357,9.1201],[78.4357,9.1199],[78.4346,9.1199],[78.4346,9.1196],[78.4335,9.1196],[78.4335,9.1193],[78.4326,9.1193],[78.4326,9.119],[78.4318,9.119],[78.4318,9.1187],[78.431,9.1187],[78.431,9.1185],[78.4301,9.1185],[78.4301,9.1182],[78.4299,9.1182],[78.4299,9.1179],[78.4296,9.1179],[78.4296,9.1176],[78.429,9.1176],[78.429,9.1174],[78.4279,9.1174],[78.4279,9.1176],[78.4274,9.1176],[78.4274,9.1174],[78.4254,9.1174],[78.4254,9.1171],[78.4251,9.1171],[78.4251,9.1165],[78.4238,9.1165],[78.4238,9.1163],[78.4235,9.1163],[78.4235,9.116],[78.4226,9.116],[78.4226,9.1157],[78.4224,9.1157],[78.4224,9.1154],[78.4218,9.1154],[78.4218,9.1151],[78.4212,9.1151],[78.4212,9.1149],[78.4207,9.1149],[78.4207,9.1146],[78.4196,9.1146],[78.4196,9.1143],[78.419,9.1143],[78.419,9.114],[78.4185,9.114],[78.4185,9.1138],[78.4182,9.1138],[78.4182,9.1135],[78.4179,9.1135],[78.4179,9.1132],[78.4171,9.1132],[78.4171,9.1135],[78.4165,9.1135],[78.4165,9.1132],[78.416,9.1132],[78.416,9.1129],[78.4154,9.1129],[78.4154,9.1126],[78.414,9.1126],[78.414,9.1124],[78.4137,9.1124],[78.4137,9.1118],[78.4135,9.1118],[78.4135,9.1121],[78.4115,9.1121],[78.4115,9.1118],[78.4107,9.1118],[78.4107,9.1113],[78.4104,9.1113],[78.4104,9.111],[78.4101,9.111],[78.4101,9.1107],[78.4099,9.1107],[78.4099,9.1104],[78.4093,9.1104],[78.4093,9.1101],[78.4088,9.1101],[78.4088,9.1099],[78.4085,9.1099],[78.4085,9.109],[78.4082,9.109],[78.4082,9.1085],[78.4079,9.1085],[78.4079,9.1082],[78.4076,9.1082],[78.4076,9.1079],[78.4074,9.1079],[78.4074,9.1076],[78.4071,9.1076],[78.4071,9.1079],[78.4068,9.1079],[78.4068,9.1076],[78.4057,9.1076],[78.4057,9.1074],[78.4054,9.1074],[78.4054,9.1071],[78.4049,9.1071],[78.4049,9.1068],[78.4046,9.1068],[78.4046,9.1065],[78.4043,9.1065],[78.4043,9.1063],[78.404,9.1063],[78.404,9.106],[78.4035,9.106],[78.4035,9.1057],[78.4032,9.1057],[78.4032,9.1054],[78.4029,9.1054],[78.4029,9.1051],[78.4024,9.1051],[78.4024,9.1049],[78.4021,9.1049],[78.4021,9.1046],[78.4013,9.1046],[78.4013,9.1043],[78.4007,9.1043],[78.4007,9.104],[78.4004,9.104],[78.4004,9.1038],[78.4001,9.1038],[78.4001,9.1035],[78.3999,9.1035],[78.3999,9.1032],[78.3993,9.1032],[78.3993,9.1029],[78.3987,9.1029],[78.3987,9.1026],[78.3985,9.1026],[78.3985,9.1024],[78.3982,9.1024],[78.3982,9.1018],[78.3979,9.1018],[78.3979,9.1015],[78.3965,9.1015],[78.3965,9.1013],[78.3962,9.1013],[78.3962,9.101],[78.396,9.101],[78.396,9.1007],[78.3957,9.1007],[78.3957,9.1004],[78.3954,9.1004],[78.3954,9.1001],[78.3951,9.1001],[78.3951,9.0999],[78.3949,9.0999],[78.3949,9.0996],[78.3946,9.0996],[78.3946,9.0993],[78.394,9.0993],[78.394,9.099],[78.3932,9.099],[78.3932,9.0985],[78.3929,9.0985],[78.3929,9.0982],[78.3926,9.0982],[78.3926,9.0979],[78.3924,9.0979],[78.3924,9.0976],[78.3921,9.0976],[78.3921,9.0974],[78.3915,9.0974],[78.3915,9.0971],[78.3913,9.0971],[78.3913,9.0968],[78.3907,9.0968],[78.3907,9.0963],[78.3901,9.0963],[78.3901,9.096],[78.3896,9.096],[78.3896,9.0957],[78.3893,9.0957],[78.3893,9.0954],[78.389,9.0954],[78.389,9.0951],[78.3887,9.0951],[78.3887,9.0949],[78.3885,9.0949],[78.3885,9.0946],[78.3879,9.0946],[78.3879,9.0943],[78.3874,9.0943],[78.3874,9.094],[78.3871,9.094],[78.3871,9.0938],[78.3868,9.0938],[78.3868,9.0935],[78.3863,9.0935],[78.3863,9.0932],[78.3857,9.0932],[78.3857,9.0929],[78.3854,9.0929],[78.3854,9.0926],[78.3851,9.0926],[78.3851,9.0924],[78.3849,9.0924],[78.3849,9.0921],[78.3846,9.0921],[78.3846,9.0918],[78.384,9.0918],[78.384,9.0915],[78.3838,9.0915],[78.3838,9.0913],[78.3835,9.0913],[78.3835,9.091],[78.3829,9.091],[78.3829,9.0907],[78.3826,9.0907],[78.3826,9.0904],[78.3821,9.0904],[78.3821,9.0901],[78.3818,9.0901],[78.3818,9.0899],[78.3815,9.0899],[78.3815,9.0896],[78.381,9.0896],[78.381,9.0893],[78.3807,9.0893],[78.3807,9.089],[78.3804,9.089],[78.3804,9.0888],[78.3801,9.0888],[78.3801,9.0885],[78.3799,9.0885],[78.3799,9.0882],[78.3799,9.0879],[78.3796,9.0879],[78.3796,9.0876],[78.379,9.0876],[78.379,9.0874],[78.3785,9.0874],[78.3785,9.0871],[78.3782,9.0871],[78.3782,9.0868],[78.3776,9.0868],[78.3776,9.0865],[78.3772,9.0865],[78.3771,9.0865],[78.3771,9.0863],[78.3768,9.0863],[78.3768,9.086],[78.3765,9.086],[78.3765,9.0857],[78.3763,9.0857],[78.3763,9.0854],[78.376,9.0854],[78.376,9.0852],[78.3754,9.0852],[78.3754,9.0849],[78.3751,9.0849],[78.3751,9.0846],[78.3747,9.0846],[78.3746,9.0846],[78.3746,9.0845],[78.3746,9.0843],[78.3743,9.0843],[78.3743,9.0842],[78.3743,9.084],[78.374,9.084],[78.3737,9.084],[78.3737,9.0838],[78.374,9.0838],[78.374,9.0835],[78.3737,9.0835],[78.3737,9.0832],[78.3735,9.0832],[78.3735,9.0829],[78.3729,9.0829],[78.3729,9.0826],[78.3723,9.0826],[78.3721,9.0826],[78.3721,9.0825],[78.3721,9.0824],[78.3719,9.0824],[78.3718,9.0824],[78.3718,9.0822],[78.3718,9.0821],[78.3716,9.0821],[78.3715,9.0818],[78.3712,9.0818],[78.3712,9.0815],[78.371,9.0815],[78.371,9.081],[78.3701,9.081],[78.3701,9.0812],[78.3699,9.0812],[78.3699,9.0815],[78.3696,9.0815],[78.3696,9.0821],[78.3693,9.0821],[78.3693,9.0824],[78.3685,9.0824],[78.3685,9.0826],[78.3682,9.0826],[78.3682,9.0832],[78.3679,9.0832],[78.3679,9.0835],[78.3674,9.0835],[78.3674,9.0838],[78.3671,9.0837],[78.3671,9.0842],[78.3671,9.0843],[78.3668,9.0843],[78.3668,9.0846],[78.3662,9.0846],[78.3662,9.0849],[78.3657,9.0849],[78.3657,9.0852],[78.3654,9.0852],[78.3654,9.0854],[78.3651,9.0854],[78.3651,9.0857],[78.3649,9.0857],[78.3649,9.086],[78.3646,9.086],[78.3646,9.0865],[78.3643,9.0865],[78.3643,9.0868],[78.364,9.0868],[78.364,9.0871],[78.3637,9.0871],[78.3637,9.0876],[78.3635,9.0876],[78.3635,9.0882],[78.3637,9.0882],[78.3637,9.0885],[78.364,9.0885],[78.364,9.089],[78.3643,9.089],[78.3643,9.0893],[78.3646,9.0893],[78.3646,9.0896],[78.3651,9.0896],[78.3651,9.0899],[78.3654,9.0899],[78.3654,9.0901],[78.3657,9.0901],[78.3657,9.0904],[78.366,9.0904],[78.366,9.0907],[78.3662,9.0907],[78.3662,9.0913],[78.3665,9.0913],[78.3665,9.0924],[78.366,9.0924],[78.366,9.0921],[78.3654,9.0921],[78.3654,9.0918],[78.3651,9.0918],[78.3651,9.0913],[78.3649,9.0913],[78.3649,9.091],[78.3646,9.091],[78.3646,9.0907],[78.3643,9.0907],[78.3643,9.0904],[78.364,9.0904],[78.364,9.0901],[78.3637,9.0901],[78.3637,9.0899],[78.3635,9.0899],[78.3635,9.0893],[78.3632,9.0893],[78.3632,9.089],[78.3629,9.089],[78.3629,9.0888],[78.3626,9.0888],[78.3626,9.0871],[78.3624,9.0871],[78.3624,9.0868],[78.3626,9.0868],[78.3626,9.086],[78.3629,9.086],[78.3629,9.0854],[78.3632,9.0854],[78.3632,9.0853],[78.3632,9.0851],[78.3635,9.0852],[78.3635,9.0846],[78.3637,9.0846],[78.3637,9.0843],[78.3643,9.0843],[78.3643,9.0838],[78.3646,9.0838],[78.3646,9.0832],[78.3649,9.0832],[78.3649,9.0829],[78.3651,9.0829],[78.3651,9.0824],[78.3654,9.0824],[78.3654,9.0818],[78.3657,9.0818],[78.3657,9.0812],[78.366,9.0812],[78.366,9.081],[78.3662,9.081],[78.3662,9.0804],[78.3665,9.0804],[78.3665,9.0801],[78.3668,9.0801],[78.3668,9.0799],[78.3671,9.0799],[78.3671,9.0791],[78.3671,9.079],[78.3674,9.079],[78.3674,9.0782],[78.3676,9.0782],[78.3676,9.0779],[78.3674,9.0779],[78.3674,9.0776],[78.3671,9.0776],[78.3671,9.0774],[78.3668,9.0774],[78.3668,9.0771],[78.3665,9.0771],[78.3665,9.0768],[78.3662,9.0768],[78.3662,9.0765],[78.366,9.0765],[78.366,9.0763],[78.3654,9.0763],[78.3654,9.076],[78.3651,9.076],[78.3651,9.0757],[78.3649,9.0757],[78.3649,9.0754],[78.3646,9.0754],[78.3646,9.0751],[78.3643,9.0751],[78.3643,9.0749],[78.364,9.0749],[78.364,9.0746],[78.3637,9.0746],[78.3637,9.0743],[78.3635,9.0743],[78.3635,9.074],[78.3632,9.074],[78.3632,9.0738],[78.3626,9.0738],[78.3626,9.0735],[78.3624,9.0735],[78.3624,9.0732],[78.3621,9.0732],[78.3621,9.0729],[78.3618,9.0729],[78.3618,9.0726],[78.3615,9.0726],[78.3615,9.0724],[78.3613,9.0724],[78.3613,9.0721],[78.361,9.0721],[78.361,9.0718],[78.3607,9.0718],[78.3607,9.0715],[78.3604,9.0715],[78.3604,9.0713],[78.3601,9.0713],[78.3601,9.071],[78.3599,9.071],[78.3599,9.0707],[78.3596,9.0707],[78.3596,9.0704],[78.359,9.0704],[78.359,9.0702],[78.3587,9.0702],[78.3587,9.0699],[78.3585,9.0699],[78.3585,9.0696],[78.3582,9.0696],[78.3582,9.0693],[78.3579,9.0693],[78.3579,9.069],[78.3576,9.069],[78.3576,9.0688],[78.3571,9.0688],[78.3571,9.0685],[78.3568,9.0685],[78.3568,9.0682],[78.3565,9.0682],[78.3565,9.0676],[78.3562,9.0676],[78.3562,9.0674],[78.356,9.0674],[78.356,9.0671],[78.3554,9.0671],[78.3554,9.0668],[78.3551,9.0668],[78.3551,9.0665],[78.3549,9.0665],[78.3549,9.0662],[78.3543,9.0662],[78.3543,9.066],[78.354,9.066],[78.354,9.0657],[78.3538,9.0657],[78.3538,9.0651],[78.3535,9.0651],[78.3535,9.0649],[78.3532,9.0649],[78.3532,9.0646],[78.3526,9.0646],[78.3526,9.0643],[78.3524,9.0643],[78.3524,9.0638],[78.3518,9.0638],[78.3518,9.0635],[78.3515,9.0635],[78.3515,9.0632],[78.3512,9.0632],[78.3512,9.0629],[78.351,9.0629],[78.351,9.0626],[78.3507,9.0626],[78.3507,9.0624],[78.3504,9.0624],[78.3504,9.0621],[78.3501,9.0621],[78.3501,9.0618],[78.3496,9.0618],[78.3496,9.0612],[78.3493,9.0612],[78.3493,9.061],[78.349,9.061],[78.349,9.0607],[78.3487,9.0607],[78.3487,9.0604],[78.3482,9.0604],[78.3482,9.0601],[78.3479,9.0601],[78.3479,9.0599],[78.3476,9.0599],[78.3476,9.0596],[78.3471,9.0596],[78.3471,9.0593],[78.3468,9.0593],[78.3468,9.059],[78.3465,9.059],[78.3465,9.0588],[78.3463,9.0588],[78.3463,9.0585],[78.3457,9.0585],[78.3457,9.0582],[78.3454,9.0582],[78.3454,9.0579],[78.3451,9.0579],[78.3451,9.0576],[78.3446,9.0576],[78.3446,9.0574],[78.3443,9.0574],[78.3443,9.0571],[78.344,9.0571],[78.344,9.0568],[78.3435,9.0568],[78.3435,9.0565],[78.3432,9.0565],[78.3432,9.0563],[78.3429,9.0563],[78.3429,9.056],[78.3424,9.056],[78.3424,9.0557],[78.3421,9.0557],[78.3421,9.0554],[78.3415,9.0554],[78.3415,9.0551],[78.3412,9.0551],[78.3412,9.0548],[78.341,9.0549],[78.341,9.0546],[78.3404,9.0546],[78.3404,9.0543],[78.3401,9.0543],[78.3401,9.054],[78.3396,9.054],[78.3396,9.0538],[78.3393,9.0538],[78.3393,9.0535],[78.339,9.0535],[78.339,9.0532],[78.3385,9.0532],[78.3385,9.0529],[78.3382,9.0529],[78.3382,9.0526],[78.3376,9.0526],[78.3376,9.0524],[78.3374,9.0524],[78.3374,9.0521],[78.3368,9.0521],[78.3368,9.0518],[78.3365,9.0518],[78.3365,9.0515],[78.3363,9.0515],[78.3363,9.0513],[78.3357,9.0513],[78.3357,9.051],[78.3354,9.051],[78.3354,9.0507],[78.3349,9.0507],[78.3349,9.0504],[78.3346,9.0504],[78.3346,9.0501],[78.3343,9.0501],[78.3343,9.0499],[78.3337,9.0499],[78.3337,9.0496],[78.3335,9.0496],[78.3335,9.0493],[78.3332,9.0493],[78.3332,9.049],[78.3326,9.049],[78.3326,9.0488],[78.3324,9.0488],[78.3324,9.0485],[78.3318,9.0485],[78.3318,9.0482],[78.3315,9.0482],[78.3315,9.0479],[78.3313,9.0479],[78.3313,9.0476],[78.3307,9.0476],[78.3307,9.0474],[78.3304,9.0474],[78.3304,9.0471],[78.3301,9.0471],[78.3301,9.0468],[78.3296,9.0468],[78.3296,9.0465],[78.3293,9.0465],[78.3293,9.0463],[78.3288,9.0463],[78.3288,9.046],[78.3285,9.046],[78.3285,9.0457],[78.3282,9.0457],[78.3282,9.0454],[78.3276,9.0454],[78.3276,9.0451],[78.3274,9.0451],[78.3274,9.0449],[78.3268,9.0449],[78.3268,9.0446],[78.3265,9.0446],[78.3265,9.0443],[78.3262,9.0443],[78.3262,9.044],[78.3257,9.044],[78.3257,9.0437],[78.3254,9.0438],[78.3254,9.0435],[78.3249,9.0435],[78.3249,9.0432],[78.3246,9.0432],[78.3246,9.0429],[78.324,9.0429],[78.324,9.0426],[78.3238,9.0426],[78.3238,9.0424],[78.3232,9.0424],[78.3232,9.0421],[78.3229,9.0421],[78.3229,9.0418],[78.3224,9.0418],[78.3224,9.0415],[78.3221,9.0415],[78.3221,9.0413],[78.3215,9.0413],[78.3215,9.041],[78.3213,9.041],[78.3213,9.0407],[78.3207,9.0407],[78.3207,9.0404],[78.3204,9.0404],[78.3204,9.0401],[78.3199,9.0401],[78.3199,9.0399],[78.3196,9.0399],[78.3196,9.0396],[78.319,9.0396],[78.319,9.0393],[78.3187,9.0393],[78.3187,9.039],[78.3182,9.039],[78.3182,9.0387],[78.3179,9.0387],[78.3179,9.0385],[78.3174,9.0385],[78.3174,9.0382],[78.3171,9.0382],[78.3171,9.0379],[78.3165,9.0379],[78.3165,9.0376],[78.3162,9.0376],[78.3162,9.0374],[78.3157,9.0374],[78.3157,9.0371],[78.3154,9.0371],[78.3154,9.0368],[78.3149,9.0368],[78.3149,9.0365],[78.3146,9.0365],[78.3146,9.0363],[78.3143,9.0363],[78.3143,9.036],[78.314,9.036],[78.314,9.0357],[78.3138,9.0357],[78.3138,9.0351],[78.3135,9.0351],[78.3135,9.0349],[78.3132,9.0349],[78.3132,9.0346],[78.3129,9.0346],[78.3129,9.0343],[78.3126,9.0343],[78.3126,9.034],[78.3124,9.034],[78.3124,9.0337],[78.3121,9.0337],[78.3121,9.0332],[78.3118,9.0332],[78.3118,9.0329],[78.3115,9.0329],[78.3115,9.0326],[78.3112,9.0326],[78.3112,9.0324],[78.3107,9.0324],[78.3107,9.0321],[78.3104,9.0321],[78.3104,9.0318],[78.3099,9.0318],[78.3099,9.0315],[78.3093,9.0315],[78.3093,9.0313],[78.3087,9.0313],[78.3087,9.031],[78.3085,9.031],[78.3085,9.0307],[78.3079,9.0307],[78.3079,9.0304],[78.3074,9.0304],[78.3074,9.0301],[78.3068,9.0301],[78.3068,9.0299],[78.3065,9.0299],[78.3065,9.0296],[78.306,9.0296],[78.306,9.0293],[78.3054,9.0293],[78.3054,9.029],[78.3049,9.029],[78.3049,9.0287],[78.3046,9.0287],[78.3046,9.0285],[78.304,9.0285],[78.304,9.0282],[78.3037,9.0282],[78.3037,9.0279],[78.3032,9.0279],[78.3032,9.0276],[78.3029,9.0276],[78.3029,9.0274],[78.3026,9.0274],[78.3026,9.0271],[78.3021,9.0271],[78.3021,9.0268],[78.3018,9.0268],[78.3018,9.0265],[78.3015,9.0265],[78.3015,9.0263],[78.3012,9.0263],[78.3012,9.026],[78.3007,9.026],[78.3007,9.0257],[78.3004,9.0257],[78.3004,9.0254],[78.3001,9.0254],[78.3001,9.0251],[78.2996,9.0251],[78.2996,9.0249],[78.2993,9.0249],[78.2993,9.0246],[78.299,9.0246],[78.299,9.0243],[78.2985,9.0243],[78.2985,9.024],[78.2982,9.024],[78.2982,9.0238],[78.2985,9.0238],[78.2985,9.0235],[78.2982,9.0235],[78.2982,9.0232],[78.2976,9.0232],[78.2976,9.0229],[78.2974,9.0229],[78.2974,9.0226],[78.2968,9.0226],[78.2968,9.0224],[78.2965,9.0224],[78.2965,9.0221],[78.296,9.0221],[78.296,9.0218],[78.2957,9.0218],[78.2957,9.0215],[78.2951,9.0215],[78.2951,9.0213],[78.2949,9.0213],[78.2949,9.021],[78.2943,9.021],[78.2943,9.0207],[78.294,9.0207],[78.294,9.0204],[78.2935,9.0204],[78.2935,9.0201],[78.2932,9.0201],[78.2932,9.0199],[78.2926,9.0199],[78.2926,9.0196],[78.2924,9.0196],[78.2924,9.0193],[78.2918,9.0193],[78.2918,9.019],[78.2913,9.019],[78.2913,9.0188],[78.291,9.0188],[78.291,9.0185],[78.2904,9.0185],[78.2904,9.0182],[78.2899,9.0182],[78.2899,9.0179],[78.2893,9.0179],[78.2893,9.0176],[78.289,9.0176],[78.289,9.0174],[78.2885,9.0174],[78.2885,9.0171],[78.2879,9.0171],[78.2879,9.0168],[78.2882,9.0168],[78.2882,9.0163],[78.2885,9.0163],[78.2885,9.0157],[78.2882,9.0157],[78.2882,9.0154],[78.2879,9.0154],[78.2879,9.0157],[78.2876,9.0157],[78.2876,9.016],[78.2868,9.016],[78.2868,9.0157],[78.2865,9.0157],[78.2865,9.0154],[78.2862,9.0154],[78.2862,9.0151],[78.2857,9.0151],[78.2857,9.0149],[78.2854,9.0149],[78.2854,9.0146],[78.2851,9.0146],[78.2851,9.0143],[78.2849,9.0143],[78.2849,9.0146],[78.2843,9.0146],[78.2843,9.0149],[78.2832,9.0149],[78.2832,9.0146],[78.2826,9.0146],[78.2826,9.0143],[78.2818,9.0143],[78.2818,9.014],[78.2813,9.014],[78.2813,9.0138],[78.281,9.0138],[78.281,9.0135],[78.2807,9.0135],[78.2807,9.0132],[78.2804,9.0132],[78.2804,9.0126],[78.2801,9.0126],[78.2801,9.0124],[78.2799,9.0124],[78.2799,9.0121],[78.2796,9.0121],[78.2796,9.0118],[78.2793,9.0118],[78.2793,9.0115],[78.279,9.0115],[78.279,9.0112],[78.2787,9.0112],[78.2787,9.011],[78.2785,9.011],[78.2785,9.0107],[78.2782,9.0107],[78.2782,9.0104],[78.2779,9.0104],[78.2779,9.0099],[78.2776,9.0099],[78.2776,9.0096],[78.2774,9.0096],[78.2774,9.0093],[78.2771,9.0093],[78.2771,9.009],[78.2768,9.009],[78.2768,9.0087],[78.2765,9.0087],[78.2765,9.0085],[78.2763,9.0085],[78.2763,9.0082],[78.276,9.0082],[78.276,9.0079],[78.2757,9.0079],[78.2757,9.0076],[78.2751,9.0076],[78.2751,9.0074],[78.2749,9.0074],[78.2749,9.0071],[78.2746,9.0071],[78.2746,9.0068],[78.274,9.0068],[78.274,9.0065],[78.2738,9.0065],[78.2738,9.0063],[78.2735,9.0063],[78.2735,9.006],[78.2729,9.006],[78.2729,9.0057],[78.2726,9.0057],[78.2726,9.0054],[78.271,9.0054],[78.271,9.0068],[78.2707,9.0068],[78.2707,9.0085],[78.2704,9.0085],[78.2704,9.009],[78.2701,9.009],[78.2701,9.0096],[78.2699,9.0096],[78.2699,9.0101],[78.2696,9.0101],[78.2696,9.0107],[78.2693,9.0107],[78.2693,9.0111],[78.2693,9.0112],[78.269,9.0112],[78.269,9.0118],[78.2688,9.0118],[78.2688,9.0124],[78.2685,9.0124],[78.2685,9.0129],[78.2682,9.0129],[78.2682,9.0143],[78.2685,9.0143],[78.2685,9.0157],[78.2682,9.0157],[78.2682,9.0163],[78.2674,9.0163],[78.2674,9.0165],[78.2671,9.0165],[78.2671,9.0168],[78.2668,9.0168],[78.2668,9.0174],[78.2665,9.0174],[78.2665,9.0176],[78.266,9.0176],[78.266,9.0179],[78.2657,9.0179],[78.2657,9.0182],[78.2651,9.0182],[78.2651,9.0185],[78.2646,9.0185],[78.2646,9.0188],[78.2643,9.0188],[78.2643,9.019],[78.2637,9.019],[78.2637,9.0193],[78.2618,9.0193],[78.2618,9.019],[78.2615,9.019],[78.2615,9.0188],[78.261,9.0188],[78.261,9.0179],[78.2613,9.0179],[78.2613,9.0171],[78.2657,9.0171],[78.2657,9.0168],[78.266,9.0168],[78.266,9.0165],[78.2662,9.0165],[78.2662,9.0163],[78.2665,9.0163],[78.2665,9.0154],[78.2668,9.0154],[78.2668,9.014],[78.2671,9.014],[78.2671,9.0126],[78.2674,9.0126],[78.2674,9.0121],[78.2674,9.0115],[78.2676,9.0115],[78.2676,9.0104],[78.2679,9.0104],[78.2679,9.0085],[78.2676,9.0085],[78.2676,9.0068],[78.2668,9.0068],[78.2668,9.0065],[78.2665,9.0065],[78.2665,9.0063],[78.2662,9.0063],[78.2662,9.0046],[78.2665,9.0046],[78.2665,9.004],[78.2668,9.004],[78.2668,9.0035],[78.2671,9.0035],[78.2671,9.0032],[78.2668,9.0032],[78.2668,9.0029],[78.2662,9.0029],[78.2662,9.0026],[78.266,9.0026],[78.266,9.0024],[78.2657,9.0024],[78.2657,9.0021],[78.2651,9.0021],[78.2651,9.0018],[78.2649,9.0018],[78.2649,9.0015],[78.2646,9.0015],[78.2646,9.0012],[78.264,9.0012],[78.264,9.001],[78.2637,9.001],[78.2637,9.0007],[78.2635,9.0007],[78.2635,9.0004],[78.2626,9.0004],[78.2626,9.0001],[78.2621,9.0001],[78.2621,8.9999],[78.2613,8.9999],[78.2613,8.9996],[78.261,8.9996],[78.261,8.9993],[78.2607,8.9993],[78.2607,8.999],[78.2604,8.999],[78.2604,8.9988],[78.2599,8.9988],[78.2599,8.9985],[78.2596,8.9985],[78.2596,8.9982],[78.2593,8.9982],[78.2593,8.9979],[78.259,8.9979],[78.259,8.9976],[78.2585,8.9976],[78.2585,8.9974],[78.2582,8.9974],[78.2582,8.9971],[78.2576,8.9971],[78.2576,8.9968],[78.2574,8.9968],[78.2574,8.9965],[78.2568,8.9965],[78.2568,8.9963],[78.2565,8.9963],[78.2565,8.996],[78.256,8.996],[78.256,8.9957],[78.2554,8.9957],[78.2554,8.9954],[78.2551,8.9954],[78.2551,8.9951],[78.2546,8.9951],[78.2546,8.9949],[78.2543,8.9949],[78.2543,8.9946],[78.2538,8.9946],[78.2538,8.9943],[78.2532,8.9943],[78.2532,8.994],[78.2529,8.994],[78.2529,8.9938],[78.2524,8.9938],[78.2524,8.9935],[78.2521,8.9935],[78.2521,8.9932],[78.2515,8.9932],[78.2515,8.9929],[78.2512,8.9929],[78.2512,8.9926],[78.2507,8.9926],[78.2507,8.9924],[78.2501,8.9924],[78.2501,8.9921],[78.2499,8.9921],[78.2499,8.9918],[78.2493,8.9918],[78.2493,8.9915],[78.249,8.9915],[78.249,8.9913],[78.2485,8.9913],[78.2485,8.991],[78.2481,8.991],[78.2479,8.991],[78.2479,8.9907],[78.2476,8.9907],[78.2476,8.9904],[78.2471,8.9904],[78.2471,8.9901],[78.2465,8.9901],[78.2465,8.9899],[78.2462,8.9899],[78.2462,8.9896],[78.2457,8.9896],[78.2457,8.9893],[78.2451,8.9893],[78.2451,8.989],[78.2449,8.989],[78.2449,8.9887],[78.2443,8.9888],[78.2443,8.9885],[78.2438,8.9885],[78.2438,8.9882],[78.2435,8.9882],[78.2435,8.9879],[78.2429,8.9879],[78.2429,8.9876],[78.2426,8.9876],[78.2426,8.9874],[78.2421,8.9874],[78.2421,8.9871],[78.2415,8.9871],[78.2415,8.9868],[78.2412,8.9868],[78.2412,8.9865],[78.2407,8.9865],[78.2407,8.9862],[78.2401,8.9862],[78.2401,8.986],[78.2399,8.986],[78.2399,8.9857],[78.2393,8.9857],[78.2393,8.9854],[78.2387,8.9854],[78.2387,8.9851],[78.2385,8.9851],[78.2385,8.9849],[78.2379,8.9849],[78.2379,8.9846],[78.2374,8.9846],[78.2374,8.9843],[78.2371,8.9843],[78.2371,8.984],[78.2365,8.984],[78.2365,8.9838],[78.2363,8.9838],[78.2363,8.9835],[78.236,8.9835],[78.236,8.9832],[78.2354,8.9832],[78.2354,8.9829],[78.2351,8.9829],[78.2351,8.9826],[78.2349,8.9826],[78.2349,8.9824],[78.2346,8.9824],[78.2346,8.9821],[78.234,8.9821],[78.234,8.9818],[78.2337,8.9818],[78.2337,8.9815],[78.2335,8.9815],[78.2335,8.9812],[78.2332,8.9812],[78.2332,8.981],[78.2329,8.981],[78.2329,8.9807],[78.2324,8.9807],[78.2324,8.9804],[78.2321,8.9804],[78.2321,8.9801],[78.2318,8.9801],[78.2318,8.9799],[78.2315,8.9799],[78.2315,8.9796],[78.231,8.9796],[78.231,8.9793],[78.2307,8.9793],[78.2307,8.979],[78.2304,8.979],[78.2304,8.9788],[78.2301,8.9788],[78.2301,8.9785],[78.2299,8.9785],[78.2299,8.9782],[78.2293,8.9782],[78.2293,8.9779],[78.229,8.9779],[78.229,8.9776],[78.2288,8.9776],[78.2288,8.9774],[78.2285,8.9774],[78.2285,8.9771],[78.2279,8.9771],[78.2279,8.9768],[78.2276,8.9768],[78.2276,8.9765],[78.2274,8.9765],[78.2274,8.9763],[78.2271,8.9763],[78.2271,8.976],[78.2268,8.976],[78.2268,8.9757],[78.2262,8.9757],[78.2262,8.9754],[78.226,8.9754],[78.226,8.9751],[78.2257,8.9751],[78.2257,8.9749],[78.2254,8.9749],[78.2254,8.9746],[78.2251,8.9746],[78.2251,8.9743],[78.2246,8.9743],[78.2246,8.974],[78.2243,8.974],[78.2243,8.9738],[78.224,8.9738],[78.224,8.9735],[78.2237,8.9735],[78.2237,8.9732],[78.2235,8.9732],[78.2235,8.9729],[78.2229,8.9729],[78.2229,8.9726],[78.2226,8.9726],[78.2226,8.9724],[78.2224,8.9724],[78.2224,8.9722],[78.2224,8.9721],[78.2221,8.9721],[78.2221,8.9718],[78.2218,8.9718],[78.2218,8.9715],[78.2213,8.9715],[78.2213,8.9713],[78.221,8.9713],[78.221,8.971],[78.2207,8.971],[78.2207,8.9707],[78.2204,8.9707],[78.2204,8.9704],[78.2201,8.9704],[78.2201,8.9701],[78.2199,8.9701],[78.2199,8.9699],[78.2196,8.9699],[78.2196,8.9696],[78.2193,8.9696],[78.2193,8.9693],[78.219,8.9693],[78.219,8.969],[78.2188,8.969],[78.2188,8.9688],[78.2185,8.9688],[78.2185,8.9685],[78.2182,8.9685],[78.2182,8.9682],[78.2179,8.9682],[78.2179,8.9679],[78.2176,8.9679],[78.2176,8.9676],[78.2174,8.9676],[78.2174,8.9674],[78.2171,8.9674],[78.2171,8.9671],[78.2168,8.9671],[78.2168,8.9668],[78.2165,8.9668],[78.2165,8.9665],[78.2162,8.9665],[78.2162,8.9663],[78.216,8.9663],[78.216,8.966],[78.2157,8.966],[78.2157,8.9657],[78.2154,8.9657],[78.2154,8.9654],[78.2151,8.9654],[78.2151,8.9651],[78.2149,8.9651],[78.2149,8.9649],[78.2146,8.9649],[78.2146,8.9646],[78.2143,8.9646],[78.2143,8.9643],[78.214,8.9643],[78.214,8.964],[78.2138,8.964],[78.2138,8.9638],[78.2135,8.9638],[78.2135,8.9635],[78.2132,8.9635],[78.2132,8.9632],[78.2129,8.9632],[78.2129,8.9629],[78.2126,8.9629],[78.2126,8.9626],[78.2124,8.9626],[78.2124,8.9624],[78.2121,8.9624],[78.2121,8.9621],[78.2118,8.9621],[78.2118,8.9618],[78.2115,8.9618],[78.2115,8.9615],[78.2113,8.9615],[78.2113,8.9613],[78.211,8.9613],[78.211,8.961],[78.2107,8.961],[78.2107,8.9607],[78.2104,8.9607],[78.2104,8.9604],[78.2101,8.9604],[78.2101,8.9601],[78.2099,8.9601],[78.2099,8.9599],[78.2096,8.9599],[78.2096,8.9596],[78.2093,8.9596],[78.2093,8.9593],[78.209,8.9593],[78.209,8.9588],[78.2087,8.9588],[78.2087,8.9585],[78.2085,8.9585],[78.2085,8.9582],[78.2082,8.9582],[78.2082,8.9576],[78.2079,8.9576],[78.2079,8.9574],[78.2076,8.9574],[78.2076,8.9571],[78.2074,8.9571],[78.2074,8.9565],[78.2071,8.9565],[78.2071,8.9563],[78.2068,8.9563],[78.2068,8.9557],[78.2065,8.9557],[78.2065,8.9551],[78.2082,8.9551],[78.2082,8.9549],[78.2079,8.9549],[78.2079,8.9546],[78.2076,8.9546],[78.2076,8.9543],[78.2074,8.9543],[78.2074,8.954],[78.2071,8.954],[78.2071,8.9537],[78.2068,8.9537],[78.2068,8.9535],[78.2065,8.9535],[78.2065,8.9529],[78.2063,8.9529],[78.2063,8.9526],[78.206,8.9526],[78.206,8.9524],[78.2057,8.9524],[78.2057,8.9518],[78.2054,8.9518],[78.2054,8.9515],[78.2051,8.9515],[78.2051,8.9513],[78.2049,8.9513],[78.2049,8.9507],[78.2046,8.9507],[78.2046,8.9504],[78.2043,8.9504],[78.2043,8.9501],[78.204,8.9501],[78.204,8.9496],[78.2038,8.9496],[78.2038,8.9493],[78.2035,8.9493],[78.2035,8.949],[78.2032,8.949],[78.2032,8.9487],[78.2026,8.9487],[78.2026,8.9485],[78.2024,8.9485],[78.2024,8.9482],[78.2021,8.9482],[78.2021,8.9479],[78.2018,8.9479],[78.2018,8.9476],[78.2015,8.9476],[78.2015,8.9474],[78.201,8.9474],[78.201,8.9471],[78.2007,8.9471],[78.2007,8.9468],[78.2004,8.9468],[78.2004,8.9465],[78.2001,8.9465],[78.2001,8.9464],[78.2001,8.946],[78.1999,8.946],[78.1999,8.9457],[78.1996,8.9457],[78.1996,8.9454],[78.1993,8.9454],[78.1993,8.9449],[78.199,8.9449],[78.199,8.9446],[78.1988,8.9446],[78.1988,8.944],[78.1985,8.944],[78.1985,8.9438],[78.1982,8.9438],[78.1982,8.9432],[78.1979,8.9432],[78.1979,8.9429],[78.1976,8.9429],[78.1976,8.9426],[78.1974,8.9426],[78.1974,8.9421],[78.1971,8.9421],[78.1971,8.9418],[78.1968,8.9418],[78.1968,8.9412],[78.1965,8.9412],[78.1965,8.941],[78.1963,8.941],[78.1963,8.9407],[78.196,8.9407],[78.196,8.9401],[78.1957,8.9401],[78.1957,8.9399],[78.1954,8.9399],[78.1954,8.9393],[78.1951,8.9393],[78.1951,8.9388],[78.1949,8.9388],[78.1949,8.9385],[78.1946,8.9385],[78.1946,8.9379],[78.1943,8.9379],[78.1943,8.9374],[78.194,8.9374],[78.194,8.9368],[78.1937,8.9368],[78.1937,8.9365],[78.1935,8.9365],[78.1935,8.936],[78.1932,8.936],[78.1932,8.9354],[78.1929,8.9354],[78.1929,8.9351],[78.1926,8.9351],[78.1926,8.9346],[78.1924,8.9346],[78.1924,8.934],[78.1921,8.934],[78.1921,8.9335],[78.1918,8.9335],[78.1918,8.9332],[78.1915,8.9332],[78.1915,8.9326],[78.1912,8.9326],[78.1912,8.9321],[78.191,8.9321],[78.191,8.9318],[78.1907,8.9318],[78.1907,8.9312],[78.1904,8.9312],[78.1904,8.9307],[78.1901,8.9307],[78.1901,8.9301],[78.1899,8.9301],[78.1899,8.9299],[78.1896,8.9299],[78.1896,8.9293],[78.1893,8.9293],[78.1893,8.9288],[78.189,8.9288],[78.189,8.9282],[78.1888,8.9282],[78.1888,8.9276],[78.1885,8.9276],[78.1885,8.9271],[78.1882,8.9271],[78.1882,8.9265],[78.1879,8.9265],[78.1879,8.926],[78.1876,8.926],[78.1876,8.9254],[78.1874,8.9254],[78.1874,8.9249],[78.1871,8.9249],[78.1871,8.9243],[78.1868,8.9243],[78.1868,8.9238],[78.1865,8.9238],[78.1865,8.9232],[78.1862,8.9232],[78.1862,8.9226],[78.186,8.9227],[78.186,8.9221],[78.1857,8.9221],[78.1857,8.9212],[78.1854,8.9212],[78.1854,8.9207],[78.1851,8.9207],[78.1851,8.9201],[78.1849,8.9201],[78.1849,8.9193],[78.1846,8.9193],[78.1846,8.9188],[78.1843,8.9188],[78.1843,8.9179],[78.184,8.9179],[78.184,8.9171],[78.1837,8.9171],[78.1837,8.9163],[78.1835,8.9163],[78.1835,8.9154],[78.1832,8.9154],[78.1832,8.9149],[78.1829,8.9149],[78.1829,8.914],[78.1826,8.914],[78.1826,8.9132],[78.1824,8.9132],[78.1824,8.9124],[78.1821,8.9124],[78.1821,8.9115],[78.1818,8.9115],[78.1818,8.9107],[78.1815,8.9107],[78.1815,8.9101],[78.1813,8.9101],[78.1813,8.9093],[78.181,8.9093],[78.181,8.9082],[78.1807,8.9082],[78.1807,8.9071],[78.1804,8.9071],[78.1804,8.906],[78.1801,8.906],[78.1801,8.9049],[78.1799,8.9049],[78.1799,8.899],[78.1801,8.899],[78.1801,8.8979],[78.1804,8.8979],[78.1804,8.8968],[78.1807,8.8968],[78.1807,8.8954],[78.1804,8.8954],[78.1804,8.8943],[78.1801,8.8943],[78.1801,8.8932],[78.1799,8.8932],[78.1799,8.8926],[78.1782,8.8926],[78.1782,8.8924],[78.1776,8.8924],[78.1776,8.8921],[78.1771,8.8921],[78.1771,8.8918],[78.1765,8.8918],[78.1765,8.8915],[78.176,8.8915],[78.176,8.8913],[78.1757,8.8913],[78.1757,8.891],[78.1754,8.891],[78.1754,8.8907],[78.1751,8.8907],[78.1751,8.8904],[78.1749,8.8904],[78.1749,8.8901],[78.1746,8.8901],[78.1746,8.8899],[78.1743,8.8899],[78.1743,8.8896],[78.174,8.8896],[78.174,8.8893],[78.1735,8.8893],[78.1735,8.889],[78.1732,8.889],[78.1732,8.8888],[78.1729,8.8888],[78.1729,8.8885],[78.1726,8.8885],[78.1726,8.8882],[78.1724,8.8882],[78.1724,8.8879],[78.1721,8.8879],[78.1721,8.8876],[78.1718,8.8876],[78.1718,8.8874],[78.1715,8.8874],[78.1715,8.8871],[78.1712,8.8871],[78.1712,8.8865],[78.171,8.8865],[78.171,8.886],[78.1707,8.886],[78.1707,8.8854],[78.1704,8.8854],[78.1704,8.8849],[78.1701,8.8849],[78.1701,8.8843],[78.1699,8.8843],[78.1699,8.8838],[78.1696,8.8838],[78.1696,8.8832],[78.1693,8.8832],[78.1693,8.8826],[78.169,8.8826],[78.169,8.8821],[78.1687,8.8821],[78.1687,8.881],[78.1685,8.881],[78.1685,8.879],[78.1682,8.879],[78.1682,8.8771],[78.1679,8.8771],[78.1679,8.8754],[78.1676,8.8754],[78.1676,8.8735],[78.1674,8.8735],[78.1674,8.8715],[78.1676,8.8715],[78.1676,8.8693],[78.1679,8.8693],[78.1679,8.8679],[78.1682,8.8679],[78.1682,8.8671],[78.1685,8.8671],[78.1685,8.8662],[78.1687,8.8663],[78.1687,8.8654],[78.1685,8.8654],[78.1685,8.8599],[78.1682,8.8599],[78.1682,8.8596],[78.1679,8.8596],[78.1679,8.8593],[78.1676,8.8593],[78.1676,8.859],[78.1674,8.859],[78.1674,8.8585],[78.1671,8.8585],[78.1671,8.8582],[78.1668,8.8582],[78.1668,8.8579],[78.1663,8.8579],[78.1663,8.8571],[78.166,8.8571],[78.166,8.856],[78.1663,8.856],[78.1663,8.8549],[78.1665,8.8549],[78.1665,8.8496],[78.1668,8.8496],[78.1668,8.8474],[78.1671,8.8474],[78.1671,8.844],[78.1668,8.844],[78.1668,8.8432],[78.1665,8.8432],[78.1665,8.8426],[78.1663,8.8426],[78.1663,8.8424],[78.166,8.8424],[78.166,8.8418],[78.1657,8.8418],[78.1657,8.8415],[78.1654,8.8415],[78.1654,8.8412],[78.1651,8.8412],[78.1651,8.8407],[78.1649,8.8407],[78.1649,8.8399],[78.1646,8.8399],[78.1646,8.8387],[78.1643,8.8388],[78.1643,8.8379],[78.1646,8.8379],[78.1646,8.8371],[78.1649,8.8371],[78.1649,8.8357],[78.1646,8.8357],[78.1646,8.8344],[78.1646,8.8343],[78.1649,8.8343],[78.1649,8.8332],[78.1651,8.8332],[78.1651,8.8321],[78.1654,8.8321],[78.1654,8.831],[78.1657,8.831],[78.1657,8.8304],[78.166,8.8304],[78.166,8.8296],[78.1663,8.8296],[78.1663,8.829],[78.1665,8.829],[78.1665,8.8285],[78.1679,8.8285],[78.1679,8.8276],[78.1682,8.8276],[78.1682,8.8268],[78.1679,8.8268],[78.1679,8.8265],[78.1676,8.8265],[78.1676,8.8263],[78.1674,8.8263],[78.1674,8.826],[78.1671,8.826],[78.1671,8.8254],[78.1668,8.8254],[78.1668,8.8251],[78.1665,8.8251],[78.1665,8.8249],[78.1663,8.8249],[78.1663,8.8246],[78.166,8.8246],[78.166,8.824],[78.1657,8.824],[78.1657,8.8235],[78.1654,8.8235],[78.1654,8.8229],[78.1651,8.8229],[78.1651,8.8224],[78.1649,8.8224],[78.1649,8.8218],[78.1646,8.8218],[78.1646,8.8212],[78.1643,8.8212],[78.1643,8.8207],[78.164,8.8207],[78.164,8.8201],[78.1637,8.8201],[78.1637,8.8196],[78.164,8.8196],[78.164,8.8176],[78.1637,8.8176],[78.1637,8.8168],[78.1635,8.8168],[78.1635,8.8137],[78.1632,8.8137],[78.1632,8.8129],[78.1635,8.8129],[78.1635,8.8124],[78.1637,8.8124],[78.1637,8.8121],[78.164,8.8121],[78.164,8.8118],[78.1646,8.8118],[78.1646,8.8115],[78.1649,8.8115],[78.1649,8.8113],[78.1654,8.8113],[78.1654,8.8107],[78.1651,8.8107],[78.1651,8.8099],[78.1649,8.8099],[78.1649,8.8093],[78.1643,8.8093],[78.1643,8.809],[78.164,8.809],[78.164,8.8088],[78.1635,8.8088],[78.1635,8.8085],[78.1624,8.8085],[78.1624,8.8079],[78.1621,8.8079],[78.1621,8.8074],[78.1618,8.8074],[78.1618,8.8071],[78.1621,8.8071],[78.1621,8.8062],[78.1624,8.8063],[78.1624,8.806],[78.1629,8.806],[78.1629,8.8054],[78.1632,8.8054],[78.1632,8.8043],[78.1635,8.8043],[78.1635,8.8032],[78.1637,8.8032],[78.1637,8.8024],[78.1632,8.8024],[78.1632,8.8026],[78.1626,8.8026],[78.1626,8.8029],[78.1618,8.8029],[78.1618,8.8032],[78.1612,8.8032],[78.1612,8.8035],[78.1607,8.8035],[78.1607,8.8038],[78.1593,8.8038],[78.1593,8.8032],[78.1596,8.8032],[78.1596,8.8026],[78.1599,8.8026],[78.1599,8.8024],[78.1604,8.8024],[78.1604,8.8013],[78.1593,8.8013],[78.1593,8.8001],[78.159,8.8001],[78.159,8.7982],[78.1588,8.7982],[78.1588,8.7968],[78.1607,8.7968],[78.1607,8.7957],[78.161,8.7957],[78.161,8.794],[78.1612,8.794],[78.1612,8.7935],[78.1621,8.7935],[78.1621,8.7932],[78.1629,8.7932],[78.1629,8.7929],[78.1624,8.7929],[78.1624,8.7924],[78.1621,8.7924],[78.1621,8.7921],[78.1615,8.7921],[78.1615,8.7918],[78.161,8.7918],[78.161,8.7913],[78.1612,8.7913],[78.1612,8.7907],[78.1615,8.7907],[78.1615,8.7899],[78.1618,8.7899],[78.1618,8.7893],[78.1621,8.7893],[78.1621,8.7885],[78.1624,8.7885],[78.1624,8.7879],[78.1626,8.7879],[78.1626,8.7874],[78.1629,8.7874],[78.1629,8.7865],[78.1632,8.7865],[78.1632,8.786],[78.1635,8.786],[78.1635,8.7854],[78.1637,8.7854],[78.1637,8.7832],[78.1635,8.7832],[78.1635,8.7826],[78.1632,8.7826],[78.1632,8.7824],[78.1629,8.7824],[78.1629,8.7851],[78.1626,8.7851],[78.1626,8.7854],[78.1624,8.7854],[78.1624,8.7857],[78.1621,8.7857],[78.1621,8.786],[78.1618,8.786],[78.1618,8.7865],[78.1615,8.7865],[78.1615,8.7868],[78.1612,8.7868],[78.1612,8.7871],[78.1604,8.7871],[78.1604,8.7865],[78.1601,8.7865],[78.1601,8.786],[78.1599,8.786],[78.1599,8.7851],[78.1596,8.7851],[78.1596,8.784],[78.1593,8.784],[78.1593,8.7832],[78.1596,8.7832],[78.1596,8.7826],[78.1599,8.7826],[78.1599,8.7821],[78.1601,8.7821],[78.1601,8.781],[78.1604,8.781],[78.1604,8.7796],[78.1607,8.7796],[78.1607,8.7785],[78.161,8.7785],[78.161,8.7774],[78.1612,8.7774],[78.1612,8.7768],[78.1615,8.7768],[78.1615,8.7763],[78.1618,8.7763],[78.1618,8.776],[78.1621,8.776],[78.1621,8.7754],[78.1624,8.7754],[78.1624,8.7752],[78.1615,8.7752],[78.1615,8.7754],[78.1612,8.7754],[78.1612,8.776],[78.161,8.776],[78.161,8.7765],[78.1607,8.7765],[78.1607,8.7771],[78.1601,8.7771],[78.1601,8.7774],[78.159,8.7774],[78.159,8.7771],[78.1588,8.7771],[78.1588,8.7768],[78.1585,8.7768],[78.1585,8.7763],[78.1582,8.7763],[78.1582,8.776],[78.1579,8.776],[78.1579,8.7754],[78.1576,8.7754],[78.1576,8.7743],[78.1574,8.7743],[78.1574,8.7735],[78.1571,8.7735],[78.1571,8.7724],[78.1574,8.7724],[78.1574,8.7715],[78.1576,8.7715],[78.1576,8.771],[78.1579,8.771],[78.1579,8.7707],[78.1582,8.7707],[78.1582,8.7704],[78.1585,8.7704],[78.1585,8.7701],[78.1588,8.7701],[78.1588,8.7699],[78.1604,8.7699],[78.1604,8.7701],[78.1607,8.7701],[78.1607,8.7704],[78.1604,8.7704],[78.1604,8.7707],[78.1607,8.7707],[78.1607,8.771],[78.161,8.771],[78.161,8.7715],[78.1612,8.7715],[78.1612,8.7718],[78.1615,8.7718],[78.1615,8.7724],[78.1618,8.7724],[78.1618,8.7726],[78.1626,8.7726],[78.1626,8.7735],[78.1629,8.7735],[78.1629,8.7738],[78.1637,8.7738],[78.1637,8.7735],[78.164,8.7735],[78.164,8.7729],[78.1649,8.7729],[78.1649,8.7726],[78.1665,8.7726],[78.1665,8.7724],[78.1668,8.7724],[78.1668,8.7721],[78.1671,8.7721],[78.1671,8.7718],[78.1674,8.7718],[78.1674,8.7715],[78.1679,8.7715],[78.1679,8.7712],[78.1682,8.7712],[78.1682,8.771],[78.1685,8.771],[78.1685,8.7707],[78.1687,8.7707],[78.1687,8.7704],[78.1693,8.7704],[78.1693,8.7701],[78.1699,8.7701],[78.1699,8.7699],[78.1707,8.7699],[78.1707,8.7696],[78.1712,8.7696],[78.1712,8.7693],[78.1718,8.7693],[78.1718,8.769],[78.1726,8.769],[78.1726,8.7688],[78.1732,8.7688],[78.1732,8.7685],[78.174,8.7685],[78.174,8.7682],[78.1749,8.7682],[78.1749,8.7679],[78.1756,8.7679],[78.1762,8.7679],[78.1762,8.7676],[78.1779,8.7676],[78.1779,8.7674],[78.1801,8.7674],[78.1801,8.7676],[78.1804,8.7676],[78.1804,8.7679],[78.1807,8.7679],[78.1807,8.7715],[78.181,8.7715],[78.181,8.7721],[78.1813,8.7721],[78.1813,8.7732],[78.1818,8.7732],[78.1818,8.7735],[78.1821,8.7735],[78.1821,8.7738],[78.1826,8.7738],[78.1826,8.774],[78.1832,8.774],[78.1832,8.7743],[78.1835,8.7743],[78.1835,8.7746],[78.184,8.7746],[78.184,8.7749],[78.1846,8.7749],[78.1846,8.7752],[78.1849,8.7752],[78.1849,8.7754],[78.1854,8.7754],[78.1854,8.7757],[78.1857,8.7757],[78.1857,8.776],[78.1862,8.776],[78.1862,8.7763],[78.1865,8.7763],[78.1865,8.7765],[78.1871,8.7765],[78.1871,8.776],[78.1868,8.776],[78.1868,8.7757],[78.1862,8.7757],[78.1862,8.7754],[78.1857,8.7754],[78.1857,8.7752],[78.1854,8.7752],[78.1854,8.7749],[78.1849,8.7749],[78.1849,8.7746],[78.1843,8.7746],[78.1843,8.7743],[78.1837,8.7743],[78.1837,8.774],[78.1835,8.774],[78.1835,8.7738],[78.1832,8.7738],[78.1832,8.7735],[78.1829,8.7735],[78.1829,8.7732],[78.1826,8.7732],[78.1826,8.7729],[78.1824,8.7729],[78.1824,8.7726],[78.1821,8.7726],[78.1821,8.7724],[78.1818,8.7724],[78.1818,8.7721],[78.1815,8.7721],[78.1815,8.7715],[78.1818,8.7715],[78.1818,8.771],[78.1821,8.771],[78.1821,8.7707],[78.1827,8.7707],[78.1835,8.7707],[78.1835,8.771],[78.184,8.771],[78.184,8.7701],[78.1843,8.7701],[78.1843,8.7682],[78.1846,8.7682],[78.1846,8.7679],[78.1862,8.7679],[78.1862,8.7682],[78.1865,8.7682],[78.1865,8.7685],[78.1868,8.7685],[78.1868,8.7688],[78.1871,8.7688],[78.1871,8.7693],[78.1874,8.7693],[78.1874,8.7696],[78.1876,8.7696],[78.1876,8.7699],[78.1879,8.7699],[78.1879,8.7688],[78.1876,8.7688],[78.1876,8.7682],[78.1874,8.7682],[78.1874,8.7676],[78.1871,8.7676],[78.1871,8.7668],[78.1868,8.7668],[78.1868,8.7665],[78.1874,8.7665],[78.1874,8.7662],[78.1876,8.7662],[78.1876,8.766],[78.1882,8.766],[78.1882,8.7657],[78.1888,8.7657],[78.1888,8.7654],[78.191,8.7654],[78.191,8.7657],[78.1915,8.7657],[78.1915,8.766],[78.1918,8.766],[78.1918,8.7665],[78.1921,8.7665],[78.1921,8.7668],[78.1932,8.7668],[78.1932,8.7671],[78.194,8.7671],[78.194,8.7676],[78.1943,8.7676],[78.1943,8.7688],[78.1946,8.7688],[78.1946,8.7701],[78.1943,8.7701],[78.1943,8.7704],[78.1949,8.7704],[78.1949,8.7701],[78.1957,8.7701],[78.1957,8.7704],[78.196,8.7704],[78.196,8.771],[78.1963,8.771],[78.1963,8.7715],[78.1965,8.7715],[78.1965,8.7721],[78.1974,8.7721],[78.1974,8.7726],[78.1976,8.7726],[78.1976,8.7732],[78.1979,8.7732],[78.1979,8.774],[78.1982,8.774],[78.1982,8.7749],[78.1985,8.7749],[78.1985,8.7754],[78.1982,8.7754],[78.1982,8.7757],[78.1979,8.7757],[78.1979,8.7763],[78.1976,8.7763],[78.1976,8.7765],[78.1963,8.7765],[78.1963,8.776],[78.196,8.776],[78.196,8.7754],[78.1957,8.7754],[78.1957,8.7749],[78.1954,8.7749],[78.1954,8.7735],[78.1951,8.7735],[78.1951,8.7721],[78.1949,8.7721],[78.1949,8.7715],[78.1946,8.7715],[78.1946,8.7712],[78.1943,8.7712],[78.1943,8.7724],[78.194,8.7724],[78.194,8.774],[78.1937,8.774],[78.1937,8.7743],[78.1935,8.7743],[78.1935,8.7746],[78.1937,8.7746],[78.1937,8.7752],[78.194,8.7751],[78.194,8.7799],[78.1935,8.7799],[78.1935,8.7796],[78.1929,8.7796],[78.1929,8.7793],[78.1924,8.7793],[78.1924,8.779],[78.1918,8.779],[78.1918,8.7788],[78.191,8.7788],[78.191,8.779],[78.1912,8.779],[78.1912,8.7793],[78.1915,8.7793],[78.1915,8.7799],[78.1918,8.7799],[78.1918,8.7801],[78.1921,8.7801],[78.1921,8.7804],[78.1926,8.7804],[78.1926,8.7807],[78.1929,8.7807],[78.1929,8.781],[78.1935,8.781],[78.1935,8.7813],[78.1937,8.7813],[78.1937,8.7815],[78.1943,8.7815],[78.1943,8.7821],[78.1946,8.7821],[78.1946,8.7829],[78.1943,8.7829],[78.1943,8.784],[78.194,8.784],[78.194,8.7851],[78.1937,8.7851],[78.1937,8.7857],[78.1935,8.7857],[78.1935,8.786],[78.1932,8.786],[78.1932,8.7865],[78.1929,8.7865],[78.1929,8.7868],[78.1926,8.7868],[78.1926,8.7874],[78.1924,8.7874],[78.1924,8.7879],[78.1921,8.7879],[78.1921,8.7882],[78.1918,8.7882],[78.1918,8.7885],[78.1915,8.7885],[78.1915,8.789],[78.1918,8.789],[78.1918,8.7893],[78.1921,8.7893],[78.1921,8.789],[78.1929,8.789],[78.1929,8.7887],[78.1932,8.7887],[78.1932,8.7882],[78.1935,8.7882],[78.1935,8.7879],[78.1937,8.7879],[78.1937,8.7876],[78.1949,8.7876],[78.1949,8.7879],[78.1954,8.7879],[78.1954,8.7882],[78.196,8.7882],[78.196,8.7885],[78.1965,8.7885],[78.1965,8.7887],[78.1971,8.7887],[78.1971,8.789],[78.1985,8.789],[78.1985,8.7887],[78.199,8.7887],[78.199,8.7885],[78.1993,8.7885],[78.1993,8.7879],[78.1996,8.7879],[78.1996,8.7874],[78.1993,8.7874],[78.1993,8.7868],[78.199,8.7868],[78.199,8.7863],[78.1993,8.7863],[78.1993,8.7854],[78.1996,8.7854],[78.1996,8.784],[78.1999,8.784],[78.1999,8.7815],[78.1996,8.7815],[78.1996,8.7782],[78.1993,8.7782],[78.1993,8.7746],[78.199,8.7746],[78.199,8.7712],[78.1988,8.7712],[78.1988,8.7679],[78.1985,8.7679],[78.1985,8.7657],[78.1988,8.7657],[78.1988,8.7649],[78.199,8.7649],[78.199,8.7643],[78.1999,8.7643],[78.1999,8.764],[78.2004,8.764],[78.2004,8.7638],[78.2012,8.7638],[78.2012,8.7635],[78.2021,8.7635],[78.2021,8.7632],[78.2029,8.7632],[78.2029,8.7629],[78.2035,8.7629],[78.2035,8.7626],[78.2043,8.7626],[78.2043,8.7624],[78.2051,8.7624],[78.2051,8.7621],[78.2057,8.7621],[78.2057,8.7618],[78.2063,8.7618],[78.2063,8.7615],[78.2068,8.7615],[78.2068,8.7612],[78.2074,8.7612],[78.2074,8.761],[78.2079,8.761],[78.2079,8.7607],[78.2087,8.7607],[78.2087,8.7604],[78.2093,8.7604],[78.2093,8.7602],[78.2099,8.7602],[78.2099,8.7599],[78.2104,8.7599],[78.2104,8.7596],[78.211,8.7596],[78.211,8.7593],[78.2115,8.7593],[78.2115,8.759],[78.2124,8.759],[78.2124,8.7588],[78.2132,8.7588],[78.2132,8.7585],[78.214,8.7585],[78.214,8.7582],[78.2149,8.7582],[78.2149,8.7579],[78.2157,8.7579],[78.2157,8.7576],[78.2165,8.7576],[78.2165,8.7574],[78.2176,8.7574],[78.2176,8.7571],[78.2188,8.7571],[78.2188,8.7568],[78.2196,8.7568],[78.2196,8.7565],[78.2207,8.7565],[78.2207,8.7563],[78.2218,8.7563],[78.2218,8.756],[78.2235,8.756],[78.2235,8.7551],[78.2237,8.7551],[78.2237,8.7546],[78.224,8.7546],[78.224,8.7543],[78.2246,8.7543],[78.2246,8.754],[78.2251,8.754],[78.2251,8.7537],[78.2254,8.7537],[78.2254,8.7535],[78.226,8.7535],[78.226,8.7532],[78.2265,8.7532],[78.2265,8.7529],[78.2268,8.7529],[78.2268,8.7526],[78.2271,8.7526],[78.2271,8.7524],[78.2274,8.7524],[78.2274,8.7521],[78.2276,8.7521],[78.2276,8.7518],[78.2279,8.7518],[78.2279,8.7515],[78.2282,8.7515],[78.2282,8.7513],[78.2285,8.7513],[78.2285,8.751],[78.2288,8.751],[78.2288,8.7504],[78.229,8.7504],[78.229,8.7501],[78.2293,8.7501],[78.2293,8.7499],[78.2296,8.7499],[78.2296,8.7496],[78.2299,8.7496],[78.2299,8.7493],[78.2301,8.7493],[78.2301,8.7488],[78.2299,8.7488],[78.2299,8.7482],[78.2279,8.7482],[78.2279,8.7488],[78.2276,8.7488],[78.2276,8.749],[78.2274,8.749],[78.2274,8.7493],[78.2271,8.7493],[78.2271,8.7499],[78.2268,8.7499],[78.2268,8.7501],[78.2265,8.7501],[78.2265,8.7507],[78.2262,8.7507],[78.2262,8.751],[78.226,8.751],[78.226,8.7513],[78.2257,8.7513],[78.2257,8.7518],[78.2254,8.7518],[78.2254,8.7521],[78.2249,8.7521],[78.2249,8.7524],[78.2246,8.7524],[78.2246,8.7526],[78.2237,8.7526],[78.2237,8.7529],[78.2229,8.7529],[78.2229,8.7532],[78.2221,8.7532],[78.2221,8.7535],[78.2213,8.7535],[78.2213,8.7537],[78.2201,8.7537],[78.2201,8.754],[78.219,8.754],[78.219,8.7543],[78.2182,8.7543],[78.2182,8.7546],[78.2174,8.7546],[78.2174,8.7549],[78.2168,8.7549],[78.2168,8.7551],[78.216,8.7551],[78.216,8.7554],[78.2154,8.7554],[78.2154,8.7557],[78.2149,8.7557],[78.2149,8.756],[78.214,8.756],[78.214,8.7563],[78.2135,8.7563],[78.2135,8.7565],[78.2129,8.7565],[78.2129,8.7568],[78.2124,8.7568],[78.2124,8.7571],[78.2118,8.7571],[78.2118,8.7574],[78.211,8.7574],[78.211,8.7576],[78.2104,8.7576],[78.2104,8.7579],[78.2099,8.7579],[78.2099,8.7582],[78.2093,8.7582],[78.2093,8.7585],[78.2087,8.7585],[78.2087,8.7588],[78.2079,8.7588],[78.2079,8.759],[78.2074,8.759],[78.2074,8.7593],[78.2068,8.7593],[78.2068,8.7596],[78.2063,8.7596],[78.2063,8.7599],[78.2054,8.7599],[78.2054,8.7602],[78.2049,8.7602],[78.2049,8.7604],[78.2043,8.7604],[78.2043,8.7607],[78.2038,8.7607],[78.2038,8.761],[78.2029,8.761],[78.2029,8.7612],[78.2024,8.7612],[78.2024,8.7615],[78.2018,8.7615],[78.2018,8.7618],[78.201,8.7618],[78.201,8.7621],[78.2001,8.7621],[78.2001,8.7624],[78.1996,8.7624],[78.1996,8.7626],[78.1988,8.7626],[78.1988,8.7629],[78.1982,8.7629],[78.1982,8.7632],[78.1976,8.7632],[78.1976,8.7629],[78.1974,8.7629],[78.1974,8.7626],[78.1976,8.7626],[78.1976,8.7624],[78.1979,8.7624],[78.1979,8.7621],[78.1982,8.7621],[78.1982,8.7618],[78.1985,8.7618],[78.1985,8.7612],[78.1988,8.7612],[78.1988,8.761],[78.199,8.761],[78.199,8.7607],[78.1993,8.7607],[78.1993,8.7604],[78.1996,8.7604],[78.1996,8.7599],[78.1999,8.7599],[78.1999,8.7593],[78.2004,8.7593],[78.2004,8.759],[78.2007,8.759],[78.2007,8.7588],[78.2012,8.7588],[78.2012,8.7576],[78.201,8.7576],[78.201,8.7565],[78.2007,8.7565],[78.2007,8.756],[78.2004,8.756],[78.2004,8.7554],[78.2001,8.7554],[78.2001,8.7549],[78.1999,8.7549],[78.1999,8.7543],[78.1996,8.7543],[78.1996,8.7532],[78.1999,8.7532],[78.1999,8.7529],[78.2004,8.7529],[78.2004,8.7526],[78.2007,8.7526],[78.2007,8.7524],[78.201,8.7524],[78.201,8.7521],[78.2015,8.7521],[78.2015,8.7518],[78.2018,8.7518],[78.2018,8.7515],[78.2026,8.7515],[78.2026,8.7513],[78.2032,8.7513],[78.2032,8.751],[78.2049,8.751],[78.2049,8.7507],[78.2057,8.7507],[78.2057,8.7504],[78.2063,8.7504],[78.2063,8.7501],[78.2068,8.7501],[78.2068,8.7499],[78.2074,8.7499],[78.2074,8.7496],[78.2082,8.7496],[78.2082,8.7493],[78.2085,8.7493],[78.2085,8.749],[78.2087,8.749],[78.2087,8.7485],[78.209,8.7485],[78.209,8.7482],[78.2093,8.7482],[78.2093,8.7479],[78.2096,8.7479],[78.2096,8.7476],[78.2121,8.7476],[78.2121,8.7479],[78.2124,8.7479],[78.2124,8.7482],[78.2129,8.7482],[78.2129,8.7485],[78.2132,8.7485],[78.2132,8.7501],[78.2135,8.7501],[78.2135,8.7504],[78.2138,8.7504],[78.2138,8.7507],[78.214,8.7507],[78.214,8.751],[78.2143,8.751],[78.2143,8.7513],[78.2146,8.7513],[78.2146,8.7515],[78.2162,8.7515],[78.2162,8.7513],[78.2165,8.7513],[78.2165,8.751],[78.2168,8.751],[78.2168,8.7507],[78.2171,8.7507],[78.2171,8.7499],[78.2174,8.7499],[78.2174,8.7488],[78.2176,8.7488],[78.2176,8.7479],[78.2174,8.7479],[78.2174,8.7474],[78.2171,8.7474],[78.2171,8.7471],[78.216,8.7471],[78.216,8.7468],[78.2157,8.7468],[78.2157,8.7465],[78.2154,8.7465],[78.2154,8.7463],[78.2151,8.7463],[78.2151,8.746],[78.2149,8.746],[78.2149,8.7451],[78.2176,8.7451],[78.2176,8.7454],[78.2182,8.7454],[78.2182,8.7457],[78.2185,8.7457],[78.2185,8.746],[78.219,8.746],[78.219,8.7463],[78.2193,8.7463],[78.2193,8.7465],[78.2199,8.7465],[78.2199,8.7468],[78.2201,8.7468],[78.2201,8.7474],[78.2199,8.7474],[78.2199,8.7479],[78.2207,8.7479],[78.2207,8.7482],[78.2221,8.7482],[78.2221,8.7485],[78.2235,8.7485],[78.2235,8.746],[78.2229,8.746],[78.2229,8.7457],[78.2224,8.7457],[78.2224,8.7454],[78.2218,8.7454],[78.2218,8.7451],[78.2213,8.7451],[78.2213,8.7449],[78.2204,8.7449],[78.2204,8.7446],[78.2199,8.7446],[78.2199,8.7443],[78.2193,8.7443],[78.2193,8.744],[78.2188,8.744],[78.2188,8.7437],[78.2182,8.7437],[78.2182,8.7435],[78.2179,8.7435],[78.2179,8.7432],[78.2174,8.7432],[78.2174,8.7429],[78.2168,8.7429],[78.2168,8.7426],[78.216,8.7426],[78.216,8.7429],[78.2154,8.7429],[78.2154,8.7432],[78.2149,8.7432],[78.2149,8.7435],[78.2143,8.7435],[78.2143,8.7437],[78.2138,8.7437],[78.2138,8.744],[78.2132,8.744],[78.2132,8.7443],[78.2126,8.7443],[78.2126,8.7446],[78.2121,8.7446],[78.2121,8.7449],[78.2118,8.7449],[78.2118,8.7451],[78.2113,8.7451],[78.2113,8.7454],[78.2107,8.7454],[78.2107,8.7457],[78.2101,8.7457],[78.2101,8.746],[78.2096,8.746],[78.2096,8.7463],[78.209,8.7463],[78.209,8.7465],[78.2085,8.7465],[78.2085,8.7468],[78.2079,8.7468],[78.2079,8.7471],[78.2074,8.7471],[78.2074,8.7474],[78.2068,8.7474],[78.2068,8.7476],[78.2063,8.7476],[78.2063,8.7479],[78.2054,8.7479],[78.2054,8.7482],[78.2049,8.7482],[78.2049,8.7485],[78.2043,8.7485],[78.2043,8.7488],[78.2038,8.7488],[78.2038,8.749],[78.2032,8.749],[78.2032,8.7493],[78.2026,8.7493],[78.2026,8.7496],[78.2018,8.7496],[78.2018,8.7499],[78.2012,8.7499],[78.2012,8.7501],[78.2007,8.7501],[78.2007,8.7504],[78.2001,8.7504],[78.2001,8.7507],[78.1996,8.7507],[78.1996,8.751],[78.199,8.751],[78.199,8.7513],[78.1982,8.7513],[78.1982,8.7515],[78.1976,8.7515],[78.1976,8.7518],[78.1971,8.7518],[78.1971,8.7521],[78.1963,8.7521],[78.1963,8.7524],[78.1951,8.7524],[78.1951,8.7526],[78.1937,8.7526],[78.1937,8.7521],[78.1935,8.7521],[78.1935,8.7515],[78.1932,8.7515],[78.1932,8.7513],[78.1929,8.7513],[78.1929,8.7507],[78.1926,8.7507],[78.1926,8.7504],[78.1924,8.7504],[78.1924,8.7499],[78.1921,8.7499],[78.1921,8.7493],[78.1918,8.7493],[78.1918,8.749],[78.1915,8.749],[78.1915,8.7485],[78.1913,8.7485],[78.1913,8.7479],[78.1907,8.7479],[78.1907,8.7482],[78.1901,8.7482],[78.1901,8.7485],[78.1896,8.7485],[78.1896,8.7488],[78.1885,8.7488],[78.1885,8.749],[78.1874,8.749],[78.1874,8.7493],[78.1862,8.7493],[78.1862,8.7496],[78.1826,8.7496],[78.1826,8.7493],[78.1819,8.7493],[78.1813,8.7493],[78.1813,8.749],[78.1804,8.749],[78.1804,8.7488],[78.1796,8.7488],[78.1796,8.7485],[78.1787,8.7485],[78.1787,8.7482],[78.1776,8.7482],[78.1776,8.7479],[78.1768,8.7479],[78.1768,8.7476],[78.176,8.7476],[78.176,8.7474],[78.1751,8.7474],[78.1751,8.7471],[78.1746,8.7471],[78.1746,8.7468],[78.174,8.7468],[78.174,8.7465],[78.1735,8.7465],[78.1735,8.7463],[78.1726,8.7463],[78.1726,8.746],[78.1721,8.746],[78.1721,8.7457],[78.1715,8.7457],[78.1715,8.7454],[78.1712,8.7454],[78.1712,8.7451],[78.1707,8.7451],[78.1707,8.7449],[78.1704,8.7449],[78.1704,8.7446],[78.1701,8.7446],[78.1701,8.7443],[78.1699,8.7443],[78.1699,8.744],[78.1693,8.744],[78.1693,8.7437],[78.169,8.7437],[78.169,8.7435],[78.1687,8.7435],[78.1687,8.7432],[78.1685,8.7432],[78.1685,8.7429],[78.1679,8.7429],[78.1679,8.7426],[78.1676,8.7426],[78.1676,8.7424],[78.1674,8.7424],[78.1674,8.7421],[78.1671,8.7421],[78.1671,8.7418],[78.1665,8.7418],[78.1665,8.7415],[78.1663,8.7415],[78.1663,8.7413],[78.166,8.7413],[78.166,8.741],[78.1657,8.741],[78.1657,8.7407],[78.1654,8.7407],[78.1654,8.7404],[78.1651,8.7404],[78.1651,8.7401],[78.1649,8.7401],[78.1649,8.7399],[78.1646,8.7399],[78.1646,8.7393],[78.1643,8.7393],[78.1643,8.739],[78.164,8.739],[78.164,8.7388],[78.1637,8.7388],[78.1637,8.7385],[78.1635,8.7385],[78.1635,8.7382],[78.1632,8.7382],[78.1632,8.7379],[78.1629,8.7379],[78.1629,8.7376],[78.1626,8.7376],[78.1626,8.7374],[78.1624,8.7374],[78.1624,8.7368],[78.1621,8.7368],[78.1621,8.7363],[78.1618,8.7363],[78.1618,8.7357],[78.1615,8.7357],[78.1615,8.7354],[78.1612,8.7354],[78.1612,8.7349],[78.161,8.7349],[78.161,8.7343],[78.1607,8.7343],[78.1607,8.7337],[78.1604,8.7337],[78.1604,8.7332],[78.1601,8.7332],[78.1601,8.7329],[78.1599,8.7329],[78.1599,8.7324],[78.1596,8.7324],[78.1596,8.7318],[78.1593,8.7318],[78.1593,8.7313],[78.159,8.7313],[78.159,8.731],[78.1588,8.731],[78.1588,8.7304],[78.1585,8.7304],[78.1585,8.7299],[78.1582,8.7299],[78.1582,8.7293],[78.1579,8.7293],[78.1579,8.7285],[78.1576,8.7285],[78.1576,8.7274],[78.1574,8.7274],[78.1574,8.7263],[78.1571,8.7263],[78.1571,8.7251],[78.1568,8.7251],[78.1568,8.7243],[78.1565,8.7243],[78.1565,8.7232],[78.1563,8.7232],[78.1563,8.7221],[78.156,8.7221],[78.156,8.7213],[78.1557,8.7213],[78.1557,8.7201],[78.1554,8.7201],[78.1554,8.7154],[78.1551,8.7154],[78.1551,8.714],[78.1548,8.714],[78.1548,8.7126],[78.1546,8.7126],[78.1546,8.7118],[78.1543,8.7118],[78.1543,8.7115],[78.154,8.7115],[78.154,8.711],[78.1537,8.711],[78.1537,8.7107],[78.1535,8.7107],[78.1535,8.7104],[78.1532,8.7104],[78.1532,8.71],[78.1532,8.7099],[78.1529,8.7099],[78.1529,8.7096],[78.1526,8.7096],[78.1526,8.7093],[78.1524,8.7093],[78.1524,8.7087],[78.1521,8.7087],[78.1521,8.7085],[78.1518,8.7085],[78.1518,8.7082],[78.1515,8.7082],[78.1515,8.7079],[78.1513,8.7079],[78.1513,8.7076],[78.1507,8.7076],[78.1507,8.7074],[78.1504,8.7074],[78.1504,8.7071],[78.1501,8.7071],[78.1501,8.7068],[78.1499,8.7068],[78.1499,8.7065],[78.1496,8.7065],[78.1496,8.7062],[78.149,8.7062],[78.149,8.706],[78.1488,8.706],[78.1488,8.7057],[78.1485,8.7057],[78.1485,8.7054],[78.1482,8.7054],[78.1482,8.7051],[78.1479,8.7051],[78.1479,8.7049],[78.1474,8.7049],[78.1474,8.7046],[78.1471,8.7046],[78.1471,8.7043],[78.1468,8.7043],[78.1468,8.704],[78.1465,8.704],[78.1465,8.7039],[78.1465,8.7037],[78.1462,8.7038],[78.1462,8.7035],[78.1457,8.7035],[78.1457,8.7032],[78.1454,8.7032],[78.1454,8.7029],[78.1451,8.7029],[78.1451,8.7026],[78.1449,8.7026],[78.1449,8.7024],[78.1446,8.7024],[78.1446,8.7021],[78.1443,8.7021],[78.1443,8.7018],[78.144,8.7018],[78.144,8.7015],[78.1438,8.7015],[78.1438,8.7013],[78.1435,8.7013],[78.1435,8.701],[78.1432,8.701],[78.1432,8.7007],[78.1426,8.7007],[78.1426,8.7004],[78.1424,8.7004],[78.1424,8.7001],[78.1421,8.7001],[78.1421,8.6999],[78.1418,8.6999],[78.1418,8.6996],[78.1415,8.6996],[78.1415,8.6993],[78.1413,8.6993],[78.1413,8.699],[78.141,8.699],[78.141,8.6988],[78.1407,8.6988],[78.1407,8.6985],[78.1404,8.6985],[78.1404,8.6979],[78.1401,8.6979],[78.1401,8.6974],[78.1398,8.6974],[78.1398,8.6968],[78.1396,8.6968],[78.1396,8.6963],[78.1393,8.6963],[78.1393,8.6957],[78.139,8.6957],[78.139,8.6951],[78.1387,8.6951],[78.1387,8.6946],[78.1385,8.6946],[78.1385,8.694],[78.1382,8.694],[78.1382,8.6935],[78.1379,8.6935],[78.1379,8.6932],[78.1376,8.6932],[78.1376,8.6926],[78.1374,8.6926],[78.1374,8.6921],[78.1371,8.6921],[78.1371,8.6915],[78.1368,8.6915],[78.1368,8.691],[78.1365,8.691],[78.1365,8.6904],[78.1363,8.6904],[78.1363,8.6899],[78.136,8.6899],[78.136,8.6893],[78.1357,8.6893],[78.1357,8.6888],[78.1354,8.6888],[78.1354,8.6879],[78.1351,8.6879],[78.1351,8.6868],[78.1349,8.6868],[78.1349,8.6857],[78.1346,8.6857],[78.1346,8.6846],[78.1343,8.6846],[78.1343,8.6835],[78.134,8.6835],[78.134,8.6821],[78.1338,8.6821],[78.1338,8.6807],[78.1335,8.6807],[78.1335,8.6793],[78.1332,8.6793],[78.1332,8.6779],[78.1329,8.6779],[78.1329,8.6754],[78.1326,8.6754],[78.1326,8.6743],[78.1324,8.6743],[78.1324,8.6732],[78.1321,8.6732],[78.1321,8.6724],[78.1318,8.6724],[78.1318,8.6707],[78.1321,8.6707],[78.1321,8.6688],[78.1324,8.6688],[78.1324,8.6674],[78.1321,8.6674],[78.1321,8.6665],[78.1318,8.6665],[78.1318,8.666],[78.1315,8.666],[78.1315,8.6651],[78.1312,8.6651],[78.1312,8.6643],[78.131,8.6643],[78.131,8.6638],[78.1307,8.6638],[78.1307,8.664],[78.1304,8.664],[78.1304,8.6643],[78.1296,8.6643],[78.1296,8.6646],[78.1282,8.6646],[78.1282,8.6643],[78.1271,8.6643],[78.1271,8.6646],[78.1265,8.6646],[78.1265,8.664],[78.1263,8.664],[78.1263,8.6635],[78.1265,8.6635],[78.1265,8.6632],[78.1268,8.6632],[78.1268,8.6624],[78.1265,8.6624],[78.1265,8.6618],[78.1263,8.6618],[78.1263,8.6615],[78.126,8.6615],[78.126,8.6613],[78.1257,8.6613],[78.1257,8.661],[78.1254,8.661],[78.1254,8.6607],[78.1263,8.6607],[78.1263,8.661],[78.1268,8.661],[78.1268,8.6613],[78.1271,8.6613],[78.1271,8.6615],[78.1274,8.6615],[78.1274,8.6618],[78.1276,8.6618],[78.1276,8.6621],[78.1282,8.6621],[78.1282,8.6624],[78.1285,8.6624],[78.1285,8.6626],[78.1299,8.6626],[78.1299,8.6629],[78.1307,8.6629],[78.1307,8.6624],[78.1304,8.6624],[78.1304,8.6618],[78.1301,8.6618],[78.1301,8.6613],[78.1299,8.6613],[78.1299,8.6607],[78.1296,8.6607],[78.1296,8.6601],[78.1293,8.6601],[78.1293,8.6596],[78.129,8.6596],[78.129,8.6585],[78.1288,8.6585],[78.1288,8.6576],[78.1285,8.6576],[78.1285,8.6551],[78.1282,8.6551],[78.1282,8.6535],[78.1279,8.6535],[78.1279,8.6518],[78.1276,8.6518],[78.1276,8.6504],[78.1274,8.6504],[78.1274,8.651],[78.1268,8.651],[78.1268,8.6513],[78.1263,8.6513],[78.1263,8.6515],[78.1257,8.6515],[78.1257,8.6518],[78.1254,8.6518],[78.1254,8.6521],[78.1249,8.6521],[78.1249,8.6524],[78.1243,8.6524],[78.1243,8.6526],[78.1237,8.6526],[78.1237,8.6529],[78.1226,8.6529],[78.1226,8.6532],[78.1215,8.6532],[78.1215,8.654],[78.1212,8.654],[78.1212,8.6546],[78.1221,8.6546],[78.1221,8.6549],[78.1226,8.6549],[78.1226,8.6551],[78.1229,8.6551],[78.1229,8.6557],[78.1232,8.6557],[78.1232,8.656],[78.1235,8.656],[78.1235,8.6565],[78.1237,8.6565],[78.1237,8.6571],[78.124,8.6571],[78.124,8.6546],[78.1243,8.6546],[78.1243,8.654],[78.1246,8.654],[78.1246,8.6537],[78.1254,8.6537],[78.1254,8.654],[78.126,8.654],[78.126,8.6543],[78.1263,8.6543],[78.1263,8.6549],[78.126,8.6549],[78.126,8.6551],[78.1257,8.6551],[78.1257,8.6554],[78.1254,8.6554],[78.1254,8.656],[78.1257,8.656],[78.1257,8.6563],[78.126,8.6563],[78.126,8.6568],[78.1263,8.6568],[78.1263,8.6571],[78.1265,8.6571],[78.1265,8.6582],[78.1263,8.6582],[78.1263,8.6587],[78.126,8.6587],[78.126,8.659],[78.1257,8.659],[78.1257,8.6593],[78.1254,8.6593],[78.1254,8.6596],[78.124,8.6596],[78.124,8.6593],[78.1232,8.6593],[78.1232,8.6599],[78.1224,8.6599],[78.1224,8.6593],[78.1221,8.6593],[78.1221,8.6587],[78.1207,8.6587],[78.1207,8.659],[78.1196,8.659],[78.1196,8.6607],[78.1232,8.6607],[78.1232,8.6613],[78.1229,8.6613],[78.1229,8.6618],[78.1226,8.6618],[78.1226,8.6624],[78.119,8.6624],[78.119,8.6621],[78.1174,8.6621],[78.1174,8.6618],[78.1171,8.6618],[78.1171,8.6615],[78.1168,8.6615],[78.1165,8.6615],[78.1165,8.6613],[78.1162,8.6613],[78.1162,8.661],[78.1157,8.661],[78.1157,8.6607],[78.116,8.6607],[78.116,8.6604],[78.1162,8.6604],[78.1163,8.6601],[78.1165,8.6601],[78.1165,8.6599],[78.1168,8.6599],[78.1168,8.6596],[78.1171,8.6596],[78.1171,8.6593],[78.1174,8.6593],[78.1174,8.659],[78.1176,8.659],[78.1176,8.6585],[78.1179,8.6585],[78.1179,8.6582],[78.1182,8.6582],[78.1182,8.6579],[78.1176,8.6579],[78.1176,8.6582],[78.1156,8.6582],[78.1154,8.6582],[78.1154,8.6576],[78.1154,8.6574],[78.1151,8.6574],[78.1151,8.6571],[78.114,8.6571],[78.114,8.6568],[78.1135,8.6568],[78.1135,8.6565],[78.1132,8.6565],[78.1132,8.6563],[78.1129,8.6563],[78.1129,8.656],[78.1126,8.656],[78.1126,8.6557],[78.1121,8.6557],[78.1121,8.6554],[78.1107,8.6554],[78.1107,8.6557],[78.1099,8.6557],[78.1099,8.656],[78.1085,8.656],[78.1085,8.6557],[78.1079,8.6557],[78.1079,8.6554],[78.1076,8.6554],[78.1076,8.6551],[78.1074,8.6551],[78.1074,8.6549],[78.1071,8.6549],[78.1071,8.6546],[78.1065,8.6546],[78.1065,8.6543],[78.1062,8.6543],[78.1062,8.6537],[78.106,8.6537],[78.106,8.6532],[78.1057,8.6532],[78.1057,8.6526],[78.1054,8.6526],[78.1054,8.6521],[78.1051,8.6521],[78.1051,8.6515],[78.1049,8.6515],[78.1049,8.6513],[78.1054,8.6513],[78.1054,8.651],[78.106,8.651],[78.106,8.6507],[78.1068,8.6507],[78.1068,8.6504],[78.1074,8.6504],[78.1074,8.6501],[78.1099,8.6501],[78.1099,8.6504],[78.1113,8.6504],[78.1113,8.6507],[78.1115,8.6507],[78.1115,8.651],[78.1118,8.651],[78.1118,8.6513],[78.1121,8.6513],[78.1121,8.6515],[78.1124,8.6515],[78.1124,8.6518],[78.1126,8.6518],[78.1126,8.6515],[78.1132,8.6515],[78.1132,8.6513],[78.1135,8.6513],[78.1135,8.651],[78.1136,8.651],[78.114,8.651],[78.114,8.6507],[78.1143,8.6507],[78.1143,8.6504],[78.114,8.6504],[78.114,8.6501],[78.1137,8.6501],[78.1137,8.6496],[78.1135,8.6496],[78.1135,8.6493],[78.1132,8.6493],[78.1132,8.649],[78.1129,8.649],[78.1129,8.6488],[78.1126,8.6488],[78.1126,8.6485],[78.1124,8.6485],[78.1124,8.6479],[78.1121,8.6479],[78.1121,8.6476],[78.1118,8.6476],[78.1118,8.6474],[78.1121,8.6474],[78.1121,8.6471],[78.1124,8.6471],[78.1124,8.6468],[78.1126,8.6468],[78.1126,8.6465],[78.1129,8.6465],[78.1129,8.6451],[78.1132,8.6451],[78.1132,8.6435],[78.1135,8.6435],[78.1135,8.6429],[78.1132,8.6429],[78.1132,8.6426],[78.1129,8.6426],[78.1129,8.6424],[78.1126,8.6424],[78.1126,8.6418],[78.1124,8.6418],[78.1124,8.6415],[78.1121,8.6415],[78.1121,8.6413],[78.1118,8.6413],[78.1118,8.641],[78.1115,8.641],[78.1115,8.6407],[78.1113,8.6407],[78.1113,8.6401],[78.111,8.6401],[78.111,8.6399],[78.1107,8.6399],[78.1107,8.6396],[78.1099,8.6396],[78.1099,8.6399],[78.1093,8.6399],[78.1093,8.6401],[78.1085,8.6401],[78.1085,8.6404],[78.1079,8.6404],[78.1079,8.6407],[78.1071,8.6407],[78.1071,8.641],[78.1065,8.641],[78.1065,8.6413],[78.106,8.6413],[78.106,8.6415],[78.1057,8.6415],[78.1057,8.6418],[78.1053,8.6418],[78.1051,8.6418],[78.1051,8.6421],[78.1038,8.6421],[78.1038,8.6418],[78.1032,8.6418],[78.1032,8.6415],[78.1029,8.6415],[78.1029,8.6413],[78.1024,8.6413],[78.1024,8.641],[78.1021,8.641],[78.1021,8.6407],[78.1015,8.6407],[78.1015,8.6404],[78.1012,8.6404],[78.1012,8.6401],[78.1007,8.6401],[78.1007,8.6387],[78.1007,8.6382],[78.1012,8.6382],[78.1012,8.6379],[78.1015,8.6379],[78.1015,8.6376],[78.1018,8.6376],[78.1018,8.6374],[78.1021,8.6374],[78.1021,8.6371],[78.1024,8.6371],[78.1024,8.6368],[78.1029,8.6368],[78.1029,8.6365],[78.1032,8.6365],[78.1032,8.6362],[78.1035,8.6362],[78.1035,8.636],[78.1038,8.636],[78.1038,8.6357],[78.1043,8.6357],[78.1043,8.6354],[78.1071,8.6354],[78.1071,8.6351],[78.1074,8.6351],[78.1074,8.6349],[78.1079,8.6349],[78.1079,8.6346],[78.1082,8.6346],[78.1082,8.6339],[78.1082,8.6332],[78.1079,8.6332],[78.1079,8.6326],[78.1077,8.6326],[78.1076,8.6326],[78.1076,8.6323],[78.1076,8.6321],[78.1074,8.6321],[78.1074,8.6315],[78.1071,8.6315],[78.1071,8.6313],[78.1065,8.6313],[78.1065,8.631],[78.1057,8.631],[78.1057,8.6307],[78.1015,8.6307],[78.1015,8.6287],[78.1012,8.6287],[78.1012,8.6279],[78.1015,8.6279],[78.1015,8.6238],[78.1012,8.6238],[78.1012,8.619],[78.1015,8.619],[78.1015,8.6182],[78.1018,8.6182],[78.1018,8.6176],[78.1021,8.6176],[78.1021,8.6171],[78.1029,8.6171],[78.1029,8.6174],[78.1038,8.6174],[78.1037,8.6171],[78.1035,8.6171],[78.1035,8.616],[78.1018,8.616],[78.1018,8.6149],[78.1032,8.6149],[78.1032,8.6146],[78.104,8.6146],[78.104,8.6143],[78.1062,8.6143],[78.1062,8.614],[78.107,8.614],[78.1071,8.614],[78.1071,8.6138],[78.106,8.6138],[78.106,8.6135],[78.1051,8.6135],[78.1051,8.6132],[78.1049,8.6132],[78.1049,8.6129],[78.1046,8.6129],[78.1046,8.6126],[78.1043,8.6126],[78.1043,8.6121],[78.1026,8.6121],[78.1026,8.6124],[78.1018,8.6124],[78.1018,8.6121],[78.1012,8.6121],[78.1012,8.6115],[78.101,8.6115],[78.101,8.611],[78.1007,8.611],[78.1007,8.6101],[78.1004,8.6101],[78.1004,8.6093],[78.1001,8.6093],[78.1001,8.6088],[78.0999,8.6088],[78.0999,8.6079],[78.0996,8.6079],[78.0996,8.6063],[78.0993,8.6063],[78.0993,8.6049],[78.099,8.6049],[78.099,8.6046],[78.0987,8.6046],[78.0987,8.6043],[78.0985,8.6043],[78.0985,8.604],[78.0982,8.604],[78.0982,8.6038],[78.0979,8.6038],[78.0979,8.6035],[78.0976,8.6035],[78.0976,8.6032],[78.0974,8.6032],[78.0974,8.6029],[78.0971,8.6029],[78.0971,8.6021],[78.0968,8.6021],[78.0968,8.601],[78.0965,8.601],[78.0965,8.6004],[78.0971,8.6004],[78.0971,8.6001],[78.0976,8.6001],[78.0976,8.5999],[78.0979,8.5999],[78.0979,8.5996],[78.0985,8.5996],[78.0985,8.5993],[78.0996,8.5993],[78.0996,8.5996],[78.0999,8.5996],[78.0999,8.5999],[78.1001,8.5999],[78.1001,8.6001],[78.1004,8.6001],[78.1004,8.6004],[78.1007,8.6004],[78.1007,8.6007],[78.101,8.6007],[78.101,8.601],[78.1018,8.601],[78.1018,8.6012],[78.1026,8.6012],[78.1026,8.6007],[78.1024,8.6007],[78.1024,8.6001],[78.1021,8.6001],[78.1021,8.599],[78.1018,8.599],[78.1018,8.5985],[78.1021,8.5985],[78.1021,8.5982],[78.1018,8.5982],[78.1018,8.5962],[78.101,8.5963],[78.101,8.5965],[78.1004,8.5965],[78.1004,8.5968],[78.0999,8.5968],[78.0999,8.5971],[78.099,8.5971],[78.099,8.5974],[78.0985,8.5974],[78.0985,8.5976],[78.0979,8.5976],[78.0979,8.5979],[78.0951,8.5979],[78.0951,8.5971],[78.0954,8.5971],[78.0954,8.5954],[78.0957,8.5954],[78.0957,8.5943],[78.096,8.5943],[78.096,8.594],[78.0963,8.594],[78.0963,8.5938],[78.0965,8.5938],[78.0965,8.5935],[78.0968,8.5935],[78.0968,8.5932],[78.0971,8.5932],[78.0971,8.5929],[78.0976,8.5929],[78.0976,8.5926],[78.0979,8.5926],[78.0979,8.5924],[78.0982,8.5924],[78.0982,8.5921],[78.0979,8.5921],[78.0979,8.5915],[78.0976,8.5915],[78.0976,8.5913],[78.0974,8.5913],[78.0974,8.591],[78.0971,8.591],[78.0971,8.5907],[78.0968,8.5907],[78.0968,8.5904],[78.0963,8.5904],[78.0963,8.5901],[78.096,8.5901],[78.096,8.5899],[78.0957,8.5899],[78.0957,8.5896],[78.0954,8.5896],[78.0954,8.5893],[78.0951,8.5893],[78.0951,8.589],[78.0946,8.589],[78.0946,8.5888],[78.0943,8.5888],[78.0943,8.5885],[78.094,8.5885],[78.094,8.5882],[78.0943,8.5882],[78.0943,8.5879],[78.0946,8.5879],[78.0946,8.5876],[78.0951,8.5876],[78.0951,8.5874],[78.0954,8.5874],[78.0954,8.5871],[78.0957,8.5871],[78.0957,8.5868],[78.096,8.5868],[78.096,8.5865],[78.0963,8.5865],[78.0963,8.5863],[78.0968,8.5863],[78.0968,8.586],[78.0971,8.586],[78.0971,8.5857],[78.0974,8.5857],[78.0974,8.5835],[78.0971,8.5835],[78.0971,8.5826],[78.0968,8.5826],[78.0968,8.5818],[78.0965,8.5818],[78.0965,8.5813],[78.0968,8.5813],[78.0968,8.581],[78.0974,8.581],[78.0974,8.5807],[78.0976,8.5807],[78.0976,8.5804],[78.0979,8.5804],[78.0979,8.5801],[78.0985,8.5801],[78.0985,8.5799],[78.0987,8.5799],[78.0987,8.5796],[78.0993,8.5796],[78.0993,8.5793],[78.0996,8.5793],[78.0996,8.579],[78.1001,8.579],[78.1001,8.5787],[78.1026,8.5787],[78.1026,8.579],[78.1043,8.579],[78.1043,8.5793],[78.1057,8.5793],[78.1057,8.5796],[78.1074,8.5796],[78.1074,8.5799],[78.1079,8.5799],[78.1079,8.5801],[78.1082,8.5801],[78.1082,8.5804],[78.1085,8.5804],[78.1085,8.5807],[78.1087,8.5807],[78.1087,8.581],[78.1093,8.581],[78.1093,8.5813],[78.1096,8.5813],[78.1096,8.5815],[78.1099,8.5815],[78.1099,8.5818],[78.1096,8.5818],[78.1096,8.5824],[78.1093,8.5824],[78.1093,8.5826],[78.109,8.5826],[78.109,8.5832],[78.1087,8.5832],[78.1087,8.5837],[78.1085,8.5837],[78.1085,8.5843],[78.1082,8.5843],[78.1082,8.5849],[78.1099,8.5849],[78.1099,8.5846],[78.1118,8.5846],[78.1118,8.584],[78.1121,8.584],[78.1121,8.5837],[78.1124,8.5837],[78.1124,8.5832],[78.1126,8.5832],[78.1126,8.5829],[78.1129,8.5829],[78.1129,8.5826],[78.1132,8.5826],[78.1132,8.5821],[78.1135,8.5821],[78.1135,8.5815],[78.1137,8.5815],[78.1137,8.5804],[78.114,8.5804],[78.114,8.5799],[78.1149,8.5799],[78.1149,8.5815],[78.1146,8.5815],[78.1146,8.5835],[78.1149,8.5835],[78.1149,8.5846],[78.1151,8.5846],[78.1151,8.5849],[78.1154,8.5849],[78.1154,8.5854],[78.1157,8.5854],[78.1157,8.5857],[78.116,8.5857],[78.116,8.586],[78.1168,8.586],[78.1168,8.5863],[78.1171,8.5863],[78.1171,8.5865],[78.1174,8.5865],[78.1174,8.5868],[78.1179,8.5868],[78.1179,8.5871],[78.1182,8.5871],[78.1182,8.5874],[78.1185,8.5874],[78.1185,8.5876],[78.1188,8.5876],[78.1188,8.5879],[78.1193,8.5879],[78.1193,8.5882],[78.1196,8.5882],[78.1196,8.5885],[78.1204,8.5885],[78.1204,8.5879],[78.1207,8.5879],[78.1207,8.5874],[78.1221,8.5874],[78.1221,8.5876],[78.1224,8.5876],[78.1224,8.5879],[78.1229,8.5879],[78.1229,8.5882],[78.1232,8.5882],[78.1232,8.5885],[78.1235,8.5885],[78.1235,8.589],[78.1237,8.589],[78.1237,8.5896],[78.1243,8.5896],[78.1243,8.5899],[78.1246,8.5899],[78.1246,8.5901],[78.1251,8.5901],[78.1251,8.5904],[78.1257,8.5904],[78.1257,8.5907],[78.1263,8.5907],[78.1263,8.591],[78.1268,8.591],[78.1268,8.5913],[78.1276,8.5913],[78.1276,8.5915],[78.1282,8.5915],[78.1282,8.5918],[78.1288,8.5918],[78.1288,8.5921],[78.1293,8.5921],[78.1293,8.5924],[78.1296,8.5924],[78.1296,8.5926],[78.1301,8.5926],[78.1301,8.5929],[78.1304,8.5929],[78.1304,8.5932],[78.1312,8.5932],[78.1312,8.5929],[78.1332,8.5929],[78.1332,8.5926],[78.1338,8.5926],[78.1338,8.5924],[78.1346,8.5924],[78.1346,8.5921],[78.136,8.5921],[78.136,8.5938],[78.1357,8.5938],[78.1357,8.5943],[78.1354,8.5943],[78.1354,8.5946],[78.1349,8.5946],[78.1349,8.5949],[78.1346,8.5949],[78.1346,8.5951],[78.134,8.5951],[78.134,8.5954],[78.1338,8.5954],[78.1338,8.5957],[78.1335,8.5957],[78.1335,8.596],[78.1329,8.596],[78.1329,8.5963],[78.1326,8.5962],[78.1326,8.5971],[78.1324,8.5971],[78.1324,8.5974],[78.1321,8.5974],[78.1321,8.5976],[78.1318,8.5976],[78.1318,8.5979],[78.1315,8.5979],[78.1315,8.5982],[78.131,8.5982],[78.131,8.5979],[78.1312,8.5979],[78.1312,8.5968],[78.1315,8.5968],[78.1315,8.5963],[78.1282,8.5963],[78.1282,8.596],[78.1276,8.596],[78.1276,8.5957],[78.1274,8.5957],[78.1274,8.5954],[78.1268,8.5954],[78.1268,8.5951],[78.1263,8.5951],[78.1263,8.5949],[78.1257,8.5949],[78.1257,8.5951],[78.126,8.5951],[78.126,8.5954],[78.1263,8.5954],[78.1263,8.5957],[78.1265,8.5957],[78.1265,8.596],[78.1268,8.596],[78.1268,8.5963],[78.1279,8.5963],[78.1279,8.5965],[78.1285,8.5965],[78.1285,8.5968],[78.129,8.5968],[78.129,8.5974],[78.1293,8.5974],[78.1293,8.6024],[78.1287,8.6024],[78.1287,8.6021],[78.1282,8.6021],[78.1282,8.6018],[78.1276,8.6018],[78.1276,8.6015],[78.1271,8.6015],[78.1271,8.6012],[78.1268,8.6012],[78.1268,8.6007],[78.1265,8.6007],[78.1265,8.6001],[78.1268,8.6001],[78.1268,8.5996],[78.1271,8.5996],[78.1271,8.599],[78.1274,8.599],[78.1274,8.5985],[78.1276,8.5985],[78.1276,8.5979],[78.1268,8.5979],[78.1268,8.5976],[78.1257,8.5976],[78.1257,8.5974],[78.1249,8.5974],[78.1249,8.5976],[78.1243,8.5976],[78.1243,8.5979],[78.1235,8.5979],[78.1235,8.5976],[78.1232,8.5976],[78.1232,8.5971],[78.1237,8.5971],[78.1237,8.5968],[78.1243,8.5968],[78.1243,8.5965],[78.1249,8.5965],[78.1249,8.5963],[78.1254,8.5963],[78.1254,8.596],[78.1251,8.596],[78.1251,8.5957],[78.1246,8.5957],[78.1246,8.5954],[78.1243,8.5954],[78.1243,8.5951],[78.1237,8.5951],[78.1237,8.5946],[78.124,8.5946],[78.124,8.594],[78.1243,8.594],[78.1243,8.5938],[78.1246,8.5938],[78.1246,8.5935],[78.1243,8.5935],[78.1243,8.5932],[78.124,8.5932],[78.124,8.5926],[78.1237,8.5926],[78.1237,8.5924],[78.1232,8.5924],[78.1232,8.5921],[78.1226,8.5921],[78.1226,8.5918],[78.1221,8.5918],[78.1221,8.5915],[78.1204,8.5915],[78.1204,8.5913],[78.1185,8.5913],[78.1185,8.591],[78.1182,8.591],[78.1182,8.5907],[78.1179,8.5907],[78.1179,8.5904],[78.1176,8.5904],[78.1176,8.5901],[78.1174,8.5901],[78.1174,8.5899],[78.1171,8.5899],[78.1168,8.5899],[78.1168,8.5896],[78.1165,8.5896],[78.1165,8.5893],[78.1162,8.5893],[78.1162,8.589],[78.1157,8.589],[78.1157,8.5888],[78.1154,8.5888],[78.1154,8.5885],[78.1151,8.5885],[78.1151,8.5882],[78.1146,8.5882],[78.1146,8.5879],[78.1143,8.5879],[78.1143,8.5876],[78.114,8.5876],[78.114,8.5871],[78.1137,8.5871],[78.1137,8.5865],[78.1135,8.5865],[78.1135,8.5863],[78.1132,8.5863],[78.1132,8.586],[78.1129,8.586],[78.1129,8.5857],[78.1099,8.5857],[78.1099,8.5863],[78.1096,8.5863],[78.1096,8.5868],[78.1093,8.5868],[78.1093,8.5876],[78.109,8.5876],[78.109,8.5888],[78.1087,8.5888],[78.1087,8.5896],[78.1085,8.5896],[78.1085,8.5899],[78.1082,8.5899],[78.1082,8.5901],[78.1079,8.5901],[78.1079,8.5904],[78.1076,8.5904],[78.1076,8.5907],[78.1074,8.5907],[78.1074,8.591],[78.1054,8.591],[78.1054,8.5907],[78.1043,8.5907],[78.1043,8.591],[78.1037,8.591],[78.1038,8.5913],[78.1035,8.5913],[78.1035,8.5915],[78.1029,8.5915],[78.1029,8.5918],[78.1026,8.5918],[78.1026,8.5921],[78.1021,8.5921],[78.1021,8.5924],[78.1018,8.5924],[78.1018,8.5938],[78.1021,8.5938],[78.1021,8.5951],[78.1026,8.5951],[78.1026,8.5946],[78.1029,8.5946],[78.1029,8.5935],[78.1032,8.5935],[78.1032,8.5929],[78.1046,8.5929],[78.1046,8.5932],[78.1049,8.5932],[78.1049,8.5935],[78.1054,8.5935],[78.1054,8.5938],[78.1057,8.5938],[78.1057,8.594],[78.106,8.594],[78.106,8.5951],[78.1057,8.5951],[78.1057,8.5965],[78.1054,8.5965],[78.1054,8.5974],[78.1051,8.5974],[78.1051,8.5979],[78.1049,8.5979],[78.1049,8.5985],[78.1046,8.5985],[78.1046,8.599],[78.1043,8.599],[78.1043,8.5993],[78.104,8.5993],[78.104,8.6018],[78.1043,8.6018],[78.1043,8.6032],[78.1046,8.6032],[78.1046,8.6035],[78.1049,8.6035],[78.1049,8.604],[78.1051,8.604],[78.1051,8.6043],[78.1054,8.6043],[78.1054,8.6046],[78.1057,8.6046],[78.1057,8.6049],[78.106,8.6049],[78.106,8.6054],[78.1062,8.6054],[78.1062,8.6057],[78.1065,8.6057],[78.1065,8.606],[78.1074,8.606],[78.1074,8.6063],[78.1082,8.6062],[78.1082,8.6065],[78.109,8.6065],[78.109,8.6068],[78.1096,8.6068],[78.1096,8.6071],[78.1101,8.6071],[78.1101,8.6076],[78.1107,8.6076],[78.1107,8.6082],[78.1104,8.6082],[78.1104,8.609],[78.1101,8.609],[78.1101,8.6093],[78.1099,8.6093],[78.1099,8.6099],[78.1096,8.6099],[78.1096,8.6104],[78.1093,8.6104],[78.1093,8.611],[78.1096,8.611],[78.1096,8.6112],[78.1099,8.6112],[78.1099,8.6115],[78.1101,8.6115],[78.1101,8.6121],[78.1104,8.6121],[78.1104,8.6124],[78.1124,8.6124],[78.1124,8.6118],[78.1126,8.6118],[78.1126,8.6107],[78.1129,8.6107],[78.1129,8.6101],[78.1132,8.6101],[78.1132,8.6099],[78.1135,8.6099],[78.1135,8.6096],[78.1137,8.6096],[78.1137,8.6093],[78.114,8.6093],[78.114,8.609],[78.1143,8.609],[78.1143,8.6088],[78.1146,8.6088],[78.1146,8.6085],[78.1151,8.6085],[78.1151,8.6082],[78.1157,8.6082],[78.1157,8.6079],[78.116,8.6079],[78.116,8.6076],[78.1165,8.6076],[78.1165,8.6074],[78.1157,8.6074],[78.1157,8.6068],[78.1154,8.6068],[78.1154,8.606],[78.1151,8.606],[78.1151,8.6049],[78.1149,8.6049],[78.1149,8.6046],[78.1146,8.6046],[78.1146,8.6043],[78.1143,8.6043],[78.1143,8.604],[78.114,8.604],[78.114,8.6038],[78.1137,8.6038],[78.1137,8.6035],[78.1135,8.6035],[78.1135,8.6029],[78.1132,8.6029],[78.1132,8.6026],[78.1129,8.6026],[78.1129,8.6024],[78.1126,8.6024],[78.1126,8.6021],[78.1124,8.6021],[78.1124,8.6015],[78.1121,8.6015],[78.1121,8.601],[78.1118,8.601],[78.1118,8.6001],[78.1124,8.6001],[78.1124,8.5999],[78.1127,8.5999],[78.1129,8.5999],[78.1129,8.5996],[78.1135,8.5996],[78.1135,8.5993],[78.1143,8.5993],[78.1143,8.599],[78.1151,8.599],[78.1151,8.5988],[78.1157,8.5988],[78.1157,8.5985],[78.1165,8.5985],[78.1165,8.5982],[78.1171,8.5982],[78.1171,8.5979],[78.1179,8.5979],[78.1179,8.5976],[78.1185,8.5976],[78.1185,8.5974],[78.1207,8.5974],[78.1207,8.5976],[78.1215,8.5976],[78.1215,8.5979],[78.1221,8.5979],[78.1221,8.5982],[78.1224,8.5982],[78.1224,8.5988],[78.1226,8.5987],[78.1226,8.5996],[78.1221,8.5996],[78.1221,8.5999],[78.1215,8.5999],[78.1215,8.6001],[78.121,8.6001],[78.121,8.6004],[78.1201,8.6004],[78.1201,8.6007],[78.1193,8.6007],[78.1193,8.601],[78.1185,8.601],[78.1185,8.6012],[78.1176,8.6012],[78.1176,8.6015],[78.1168,8.6015],[78.1168,8.6018],[78.1171,8.6018],[78.1171,8.6021],[78.1174,8.6021],[78.1174,8.6024],[78.1176,8.6024],[78.1176,8.6029],[78.1179,8.6029],[78.1179,8.6035],[78.1176,8.6035],[78.1176,8.604],[78.1174,8.604],[78.1174,8.6046],[78.1171,8.6046],[78.1171,8.6051],[78.1168,8.6051],[78.1168,8.6054],[78.1171,8.6054],[78.1171,8.6057],[78.1174,8.6057],[78.1174,8.606],[78.119,8.606],[78.119,8.6057],[78.1201,8.6057],[78.1201,8.606],[78.1212,8.606],[78.1212,8.6057],[78.1221,8.6057],[78.1221,8.6054],[78.1243,8.6054],[78.1243,8.6057],[78.1246,8.6057],[78.1246,8.6065],[78.1243,8.6065],[78.1243,8.6071],[78.124,8.6071],[78.124,8.6076],[78.1235,8.6076],[78.1235,8.609],[78.1243,8.609],[78.1243,8.6107],[78.124,8.6107],[78.124,8.6132],[78.1229,8.6132],[78.1229,8.6129],[78.1218,8.6129],[78.1218,8.6126],[78.1215,8.6126],[78.1215,8.6124],[78.1212,8.6124],[78.1212,8.6121],[78.121,8.6121],[78.121,8.6129],[78.1215,8.6129],[78.1215,8.6135],[78.1218,8.6135],[78.1218,8.6143],[78.1221,8.6143],[78.1221,8.6149],[78.1224,8.6149],[78.1224,8.6154],[78.1226,8.6154],[78.1226,8.6157],[78.1229,8.6157],[78.1229,8.6163],[78.1232,8.6163],[78.1232,8.6168],[78.1235,8.6168],[78.1235,8.6165],[78.1237,8.6165],[78.1237,8.6163],[78.1243,8.6163],[78.1243,8.616],[78.1246,8.616],[78.1246,8.6157],[78.1249,8.6157],[78.1249,8.6154],[78.1257,8.6154],[78.1257,8.6157],[78.126,8.6157],[78.126,8.6163],[78.1263,8.6163],[78.1263,8.6168],[78.126,8.6168],[78.126,8.6188],[78.1254,8.6188],[78.1254,8.619],[78.1249,8.619],[78.1249,8.6193],[78.1246,8.6193],[78.1246,8.6196],[78.124,8.6196],[78.124,8.6199],[78.1235,8.6199],[78.1235,8.6201],[78.1232,8.6201],[78.1232,8.6204],[78.1229,8.6204],[78.1229,8.6207],[78.1226,8.6207],[78.1226,8.621],[78.1221,8.621],[78.1221,8.6212],[78.1218,8.6212],[78.1218,8.6215],[78.1215,8.6215],[78.1215,8.6218],[78.1212,8.6218],[78.1212,8.6221],[78.121,8.6221],[78.121,8.6229],[78.1212,8.6229],[78.1212,8.624],[78.1215,8.624],[78.1215,8.6246],[78.1218,8.6246],[78.1218,8.6254],[78.1221,8.6254],[78.1221,8.626],[78.1224,8.626],[78.1224,8.6262],[78.1226,8.6262],[78.1226,8.6268],[78.1229,8.6268],[78.1229,8.6271],[78.1232,8.6271],[78.1232,8.6277],[78.1235,8.6277],[78.1235,8.6279],[78.1237,8.6279],[78.1237,8.6282],[78.124,8.6282],[78.124,8.6287],[78.1243,8.6287],[78.1243,8.6296],[78.124,8.6296],[78.124,8.6315],[78.1243,8.6315],[78.1243,8.6335],[78.1246,8.6335],[78.1246,8.6351],[78.1249,8.6351],[78.1249,8.6362],[78.1251,8.6362],[78.1251,8.6365],[78.1254,8.6365],[78.1254,8.6368],[78.1257,8.6368],[78.1257,8.6371],[78.126,8.6371],[78.126,8.6374],[78.1265,8.6374],[78.1265,8.6376],[78.1268,8.6376],[78.1268,8.6379],[78.1271,8.6379],[78.1271,8.6382],[78.1274,8.6382],[78.1274,8.6385],[78.1279,8.6385],[78.1279,8.6368],[78.1276,8.6368],[78.1276,8.6357],[78.1274,8.6357],[78.1274,8.6307],[78.1271,8.6307],[78.1271,8.6271],[78.1274,8.6271],[78.1274,8.6268],[78.1271,8.6268],[78.1271,8.6232],[78.1274,8.6232],[78.1274,8.619],[78.1276,8.619],[78.1276,8.6163],[78.1279,8.6163],[78.1279,8.6151],[78.1282,8.6151],[78.1282,8.614],[78.1285,8.614],[78.1285,8.6129],[78.1287,8.6129],[78.1287,8.6115],[78.129,8.6115],[78.129,8.6104],[78.1293,8.6104],[78.1293,8.6093],[78.1296,8.6093],[78.1296,8.6085],[78.1299,8.6085],[78.1299,8.6079],[78.1301,8.6079],[78.1301,8.6071],[78.1304,8.6071],[78.1304,8.6062],[78.1307,8.6063],[78.1307,8.6057],[78.131,8.6057],[78.131,8.6049],[78.1312,8.6049],[78.1312,8.604],[78.1315,8.604],[78.1315,8.6035],[78.1318,8.6035],[78.1318,8.6029],[78.1321,8.6029],[78.1321,8.6024],[78.1324,8.6024],[78.1324,8.6018],[78.1326,8.6018],[78.1326,8.6012],[78.1329,8.6012],[78.1329,8.6007],[78.1332,8.6007],[78.1332,8.6001],[78.1335,8.6001],[78.1335,8.5996],[78.1338,8.5996],[78.1338,8.599],[78.134,8.599],[78.134,8.5985],[78.1343,8.5985],[78.1343,8.5979],[78.1346,8.5979],[78.1346,8.5974],[78.1349,8.5974],[78.1349,8.5968],[78.1351,8.5968],[78.1351,8.5963],[78.1354,8.5963],[78.1354,8.5957],[78.1357,8.5957],[78.1357,8.5951],[78.136,8.5951],[78.136,8.5946],[78.1363,8.5946],[78.1363,8.594],[78.1365,8.594],[78.1365,8.5935],[78.1368,8.5935],[78.1368,8.5929],[78.1371,8.5929],[78.1371,8.5924],[78.1374,8.5924],[78.1374,8.5915],[78.1376,8.5915],[78.1376,8.591],[78.1379,8.591],[78.1379,8.5907],[78.1382,8.5907],[78.1382,8.5899],[78.1385,8.5899],[78.1385,8.5888],[78.1387,8.5888],[78.1387,8.5868],[78.1385,8.5868],[78.1385,8.5851],[78.1382,8.5851],[78.1382,8.5835],[78.1379,8.5835],[78.1379,8.5824],[78.1376,8.5824],[78.1376,8.5813],[78.1374,8.5813],[78.1374,8.5804],[78.1371,8.5804],[78.1371,8.5793],[78.1368,8.5793],[78.1368,8.5787],[78.1365,8.5787],[78.1365,8.5782],[78.1363,8.5782],[78.1363,8.5774],[78.136,8.5774],[78.136,8.576],[78.1357,8.576],[78.1357,8.5746],[78.1354,8.5746],[78.1354,8.5732],[78.1351,8.5732],[78.1351,8.5721],[78.1349,8.5721],[78.1349,8.5712],[78.1346,8.5713],[78.1346,8.5701],[78.1343,8.5701],[78.1343,8.5693],[78.134,8.5693],[78.134,8.5685],[78.1338,8.5685],[78.1338,8.5676],[78.1335,8.5676],[78.1335,8.5665],[78.1332,8.5665],[78.1332,8.5657],[78.1329,8.5657],[78.1329,8.5638],[78.1326,8.5638],[78.1326,8.5574],[78.1324,8.5574],[78.1324,8.5562],[78.1321,8.5562],[78.1321,8.5554],[78.1318,8.5554],[78.1318,8.5546],[78.1315,8.5546],[78.1315,8.5535],[78.1312,8.5535],[78.1312,8.5529],[78.131,8.5529],[78.131,8.5524],[78.1307,8.5524],[78.1307,8.5518],[78.1304,8.5518],[78.1304,8.5513],[78.1301,8.5513],[78.1301,8.5507],[78.1299,8.5507],[78.1299,8.5504],[78.1296,8.5504],[78.1296,8.5499],[78.1293,8.5499],[78.1293,8.5493],[78.129,8.5493],[78.129,8.5488],[78.1287,8.5488],[78.1287,8.5482],[78.1285,8.5482],[78.1285,8.5476],[78.1282,8.5476],[78.1282,8.5471],[78.1279,8.5471],[78.1279,8.5463],[78.1276,8.5463],[78.1276,8.5454],[78.1274,8.5454],[78.1274,8.5446],[78.1271,8.5446],[78.1271,8.5437],[78.1268,8.5437],[78.1268,8.5429],[78.1265,8.5429],[78.1265,8.5421],[78.1263,8.5421],[78.1263,8.5413],[78.126,8.5413],[78.126,8.5404],[78.1257,8.5404],[78.1257,8.5393],[78.1254,8.5393],[78.1254,8.5382],[78.1251,8.5382],[78.1251,8.5371],[78.1249,8.5371],[78.1249,8.536],[78.1246,8.536],[78.1246,8.5349],[78.1243,8.5349],[78.1243,8.5337],[78.124,8.5338],[78.124,8.5321],[78.1237,8.5321],[78.1237,8.5299],[78.1235,8.5299],[78.1235,8.5276],[78.1232,8.5276],[78.1232,8.5254],[78.1229,8.5254],[78.1229,8.5235],[78.1226,8.5235],[78.1226,8.5218],[78.1224,8.5218],[78.1224,8.5165],[78.1226,8.5165],[78.1226,8.5143],[78.1229,8.5143],[78.1229,8.5132],[78.1232,8.5132],[78.1232,8.5126],[78.1235,8.5126],[78.1235,8.5121],[78.1237,8.5121],[78.1237,8.5118],[78.124,8.5118],[78.124,8.5113],[78.1243,8.5113],[78.1243,8.511],[78.1246,8.511],[78.1246,8.5104],[78.1249,8.5104],[78.1249,8.5099],[78.1251,8.5099],[78.1251,8.5096],[78.1254,8.5096],[78.1254,8.509],[78.1257,8.509],[78.1257,8.5088],[78.126,8.5088],[78.126,8.5082],[78.1263,8.5082],[78.1263,8.5076],[78.1265,8.5076],[78.1265,8.5074],[78.1268,8.5074],[78.1268,8.5068],[78.1271,8.5068],[78.1271,8.506],[78.1268,8.506],[78.1268,8.5049],[78.1265,8.5049],[78.1265,8.5043],[78.1263,8.5043],[78.1263,8.5037],[78.126,8.5037],[78.126,8.5032],[78.1257,8.5032],[78.1257,8.5026],[78.126,8.5026],[78.126,8.5018],[78.1263,8.5018],[78.1263,8.5013],[78.1265,8.5013],[78.1265,8.5007],[78.1268,8.5007],[78.1268,8.5001],[78.1271,8.5001],[78.1271,8.4999],[78.1274,8.4999],[78.1274,8.4993],[78.1276,8.4993],[78.1276,8.499],[78.1282,8.499],[78.1282,8.4987],[78.1285,8.4987],[78.1285,8.4985],[78.129,8.4985],[78.129,8.4982],[78.1296,8.4982],[78.1296,8.4979],[78.1299,8.4979],[78.1299,8.4976],[78.1304,8.4976],[78.1304,8.4971],[78.1301,8.4971],[78.1301,8.4965],[78.1299,8.4965],[78.1299,8.4963],[78.1296,8.4963],[78.1296,8.4957],[78.1293,8.4957],[78.1293,8.4954],[78.129,8.4954],[78.129,8.4949],[78.1288,8.4949],[78.1288,8.4946],[78.1285,8.4946],[78.1285,8.494],[78.1282,8.494],[78.1282,8.4937],[78.1279,8.4937],[78.1279,8.4932],[78.1276,8.4932],[78.1276,8.4929],[78.1274,8.4929],[78.1274,8.4926],[78.1271,8.4926],[78.1271,8.4924],[78.1268,8.4924],[78.1268,8.4921],[78.1265,8.4921],[78.1265,8.4918],[78.1263,8.4918],[78.1263,8.4915],[78.126,8.4915],[78.126,8.491],[78.1257,8.491],[78.1257,8.4907],[78.1254,8.4907],[78.1254,8.4904],[78.1251,8.4904],[78.1251,8.4899],[78.1249,8.4899],[78.1249,8.4896],[78.1246,8.4896],[78.1246,8.489],[78.1243,8.489],[78.1243,8.4888],[78.124,8.4888],[78.124,8.4882],[78.1237,8.4882],[78.1237,8.4879],[78.1235,8.4879],[78.1235,8.4876],[78.1232,8.4876],[78.1232,8.4871],[78.1229,8.4871],[78.1229,8.4868],[78.1226,8.4868],[78.1226,8.4863],[78.1224,8.4863],[78.1224,8.486],[78.1221,8.486],[78.1221,8.4857],[78.1218,8.4857],[78.1218,8.4851],[78.1215,8.4851],[78.1215,8.4849],[78.1212,8.4849],[78.1212,8.4846],[78.121,8.4846],[78.121,8.4843],[78.1204,8.4843],[78.1204,8.484],[78.1201,8.484],[78.1201,8.4838],[78.1199,8.4838],[78.1199,8.4835],[78.1196,8.4835],[78.1196,8.4832],[78.1193,8.4832],[78.1193,8.4829],[78.1188,8.4829],[78.1188,8.4826],[78.1185,8.4826],[78.1185,8.4824],[78.1182,8.4824],[78.1182,8.4821],[78.1179,8.4821],[78.1179,8.4818],[78.1176,8.4818],[78.1176,8.4815],[78.1174,8.4815],[78.1174,8.4812],[78.1171,8.4813],[78.1171,8.481],[78.1168,8.481],[78.1168,8.4807],[78.1165,8.4807],[78.1165,8.4804],[78.1162,8.4804],[78.1162,8.4801],[78.116,8.4801],[78.116,8.4799],[78.1157,8.4799],[78.1157,8.4796],[78.1154,8.4796],[78.1154,8.4793],[78.1151,8.4793],[78.1151,8.479],[78.1149,8.479],[78.1149,8.4788],[78.1146,8.4788],[78.1146,8.4785],[78.1143,8.4785],[78.1143,8.4782],[78.114,8.4782],[78.114,8.4779],[78.1137,8.4779],[78.1137,8.4776],[78.1135,8.4776],[78.1135,8.4774],[78.1132,8.4774],[78.1132,8.4771],[78.1129,8.4771],[78.1129,8.4768],[78.1124,8.4768],[78.1124,8.4765],[78.1121,8.4765],[78.1121,8.4762],[78.1118,8.4762],[78.1118,8.476],[78.1115,8.476],[78.1115,8.4757],[78.1113,8.4757],[78.1113,8.4754],[78.111,8.4754],[78.111,8.4751],[78.1107,8.4751],[78.1107,8.4749],[78.1104,8.4749],[78.1104,8.4743],[78.1101,8.4743],[78.1101,8.474],[78.1099,8.474],[78.1099,8.4738],[78.1096,8.4738],[78.1096,8.4735],[78.1093,8.4735],[78.1093,8.4732],[78.109,8.4732],[78.109,8.4729],[78.1087,8.4729],[78.1087,8.4726],[78.1085,8.4726],[78.1085,8.4724],[78.1082,8.4724],[78.1082,8.4721],[78.1079,8.4721],[78.1079,8.4715],[78.1076,8.4715],[78.1076,8.4712],[78.1074,8.4712],[78.1074,8.471],[78.1071,8.471],[78.1071,8.4707],[78.1068,8.4707],[78.1068,8.4704],[78.1065,8.4704],[78.1065,8.4701],[78.1062,8.4701],[78.1062,8.4699],[78.106,8.4699],[78.106,8.4693],[78.1057,8.4693],[78.1057,8.469],[78.1054,8.469],[78.1054,8.4688],[78.1051,8.4688],[78.1051,8.4685],[78.1049,8.4685],[78.1049,8.4682],[78.1046,8.4682],[78.1046,8.4679],[78.104,8.4679],[78.104,8.4676],[78.1037,8.4676],[78.1037,8.4674],[78.1035,8.4674],[78.1035,8.4671],[78.1032,8.4671],[78.1032,8.4668],[78.1029,8.4668],[78.1029,8.4665],[78.1026,8.4665],[78.1026,8.4663],[78.1021,8.4663],[78.1021,8.466],[78.1018,8.466],[78.1018,8.4657],[78.1015,8.4657],[78.1015,8.4654],[78.1012,8.4654],[78.1012,8.4652],[78.101,8.4652],[78.101,8.4649],[78.1007,8.4649],[78.1007,8.4646],[78.1001,8.4646],[78.1001,8.4643],[78.0999,8.4643],[78.0999,8.464],[78.0996,8.464],[78.0996,8.4638],[78.0993,8.4638],[78.0993,8.4635],[78.099,8.4635],[78.099,8.4632],[78.0987,8.4632],[78.0987,8.4629],[78.0985,8.4629],[78.0985,8.4624],[78.0982,8.4624],[78.0982,8.4621],[78.0979,8.4621],[78.0979,8.4618],[78.0976,8.4618],[78.0976,8.4615],[78.0974,8.4615],[78.0974,8.4613],[78.0971,8.4613],[78.0971,8.461],[78.0968,8.461],[78.0968,8.4607],[78.0965,8.4607],[78.0965,8.4604],[78.0963,8.4604],[78.0963,8.4599],[78.096,8.4599],[78.096,8.4596],[78.0957,8.4596],[78.0957,8.4593],[78.0954,8.4593],[78.0954,8.459],[78.0951,8.459],[78.0951,8.4587],[78.0949,8.4588],[78.0949,8.4585],[78.0946,8.4585],[78.0946,8.4579],[78.0943,8.4579],[78.0943,8.4576],[78.094,8.4576],[78.094,8.4574],[78.0938,8.4574],[78.0938,8.4568],[78.0935,8.4568],[78.0935,8.4565],[78.0932,8.4565],[78.0932,8.4563],[78.0924,8.4563],[78.0924,8.456],[78.0912,8.456],[78.0912,8.4557],[78.0907,8.4557],[78.0907,8.4554],[78.0904,8.4554],[78.0904,8.4551],[78.0899,8.4551],[78.0899,8.4549],[78.0896,8.4549],[78.0896,8.4546],[78.089,8.4546],[78.089,8.4543],[78.0887,8.4543],[78.0887,8.4538],[78.0885,8.4538],[78.0885,8.4535],[78.0882,8.4535],[78.0882,8.4532],[78.0879,8.4532],[78.0879,8.4526],[78.0876,8.4526],[78.0876,8.4521],[78.0874,8.4521],[78.0874,8.4515],[78.0871,8.4515],[78.0871,8.451],[78.0868,8.451],[78.0868,8.4496],[78.0871,8.4496],[78.0871,8.4485],[78.0868,8.4485],[78.0868,8.4482],[78.0865,8.4482],[78.0865,8.4479],[78.0863,8.4479],[78.0863,8.4476],[78.086,8.4476],[78.086,8.4471],[78.0857,8.4471],[78.0857,8.4468],[78.0854,8.4468],[78.0854,8.4465],[78.0851,8.4465],[78.0851,8.4462],[78.0849,8.4462],[78.0849,8.446],[78.0846,8.446],[78.0846,8.4457],[78.0843,8.4457],[78.0843,8.4454],[78.084,8.4454],[78.084,8.4451],[78.0837,8.4451],[78.0837,8.4446],[78.0835,8.4446],[78.0835,8.4443],[78.0832,8.4443],[78.0832,8.444],[78.0829,8.444],[78.0829,8.4438],[78.0826,8.4438],[78.0826,8.4435],[78.0824,8.4435],[78.0824,8.4432],[78.0821,8.4432],[78.0821,8.4429],[78.0818,8.4429],[78.0818,8.4424],[78.0815,8.4424],[78.0815,8.4421],[78.0813,8.4421],[78.0813,8.4418],[78.081,8.4418],[78.081,8.4415],[78.0807,8.4415],[78.0807,8.4412],[78.0804,8.4412],[78.0804,8.4407],[78.0801,8.4407],[78.0801,8.4401],[78.0799,8.4401],[78.0799,8.4399],[78.0796,8.4399],[78.0796,8.4393],[78.0793,8.4393],[78.0793,8.4388],[78.079,8.4388],[78.079,8.4385],[78.0788,8.4385],[78.0788,8.4379],[78.0785,8.4379],[78.0785,8.4374],[78.0782,8.4374],[78.0782,8.4371],[78.0779,8.4371],[78.0779,8.4368],[78.0776,8.4368],[78.0776,8.4363],[78.0774,8.4363],[78.0774,8.436],[78.0771,8.436],[78.0771,8.4357],[78.0768,8.4357],[78.0768,8.4351],[78.0765,8.4351],[78.0765,8.4348],[78.0762,8.4349],[78.0762,8.4346],[78.076,8.4346],[78.076,8.4343],[78.0757,8.4343],[78.0757,8.4337],[78.0754,8.4337],[78.0754,8.4335],[78.0751,8.4335],[78.0751,8.4332],[78.0749,8.4332],[78.0749,8.4329],[78.0746,8.4329],[78.0746,8.4326],[78.0743,8.4326],[78.0743,8.4321],[78.074,8.4321],[78.074,8.4318],[78.0738,8.4318],[78.0738,8.4315],[78.0735,8.4315],[78.0735,8.4313],[78.0732,8.4313],[78.0732,8.431],[78.0729,8.431],[78.0729,8.4307],[78.0726,8.4307],[78.0726,8.4301],[78.0724,8.4301],[78.0724,8.4299],[78.0721,8.4299],[78.0721,8.4296],[78.0718,8.4296],[78.0718,8.4293],[78.0715,8.4293],[78.0715,8.4288],[78.0713,8.4288],[78.0713,8.4285],[78.071,8.4285],[78.071,8.4282],[78.0707,8.4282],[78.0707,8.4276],[78.0704,8.4276],[78.0704,8.4274],[78.0701,8.4274],[78.0701,8.4271],[78.0699,8.4271],[78.0699,8.4265],[78.0696,8.4265],[78.0696,8.4263],[78.0693,8.4263],[78.0693,8.4257],[78.069,8.4257],[78.069,8.4254],[78.0687,8.4254],[78.0687,8.4251],[78.0685,8.4251],[78.0685,8.4246],[78.0682,8.4246],[78.0682,8.4243],[78.0679,8.4243],[78.0679,8.4238],[78.0676,8.4238],[78.0676,8.4235],[78.0674,8.4235],[78.0674,8.4229],[78.0671,8.4229],[78.0671,8.4226],[78.0668,8.4226],[78.0668,8.4221],[78.0665,8.4221],[78.0665,8.4215],[78.0662,8.4215],[78.0662,8.4213],[78.066,8.4213],[78.066,8.4207],[78.0657,8.4207],[78.0657,8.4204],[78.0654,8.4204],[78.0654,8.4199],[78.0651,8.4199],[78.0651,8.419],[78.0649,8.419],[78.0649,8.4174],[78.0646,8.4174],[78.0646,8.4163],[78.0643,8.4163],[78.0643,8.4154],[78.064,8.4154],[78.064,8.4146],[78.0638,8.4146],[78.0638,8.4137],[78.0635,8.4137],[78.0635,8.4126],[78.0632,8.4126],[78.0632,8.4115],[78.0629,8.4115],[78.0629,8.4104],[78.0626,8.4104],[78.0626,8.4093],[78.0624,8.4093],[78.0624,8.4079],[78.0621,8.4079],[78.0621,8.4062],[78.0618,8.4063],[78.0618,8.4054],[78.0615,8.4054],[78.0615,8.4049],[78.0612,8.4049],[78.0612,8.4043],[78.061,8.4043],[78.061,8.4021],[78.0607,8.4021],[78.0607,8.4013],[78.0604,8.4013],[78.0604,8.3996],[78.0601,8.3996],[78.0601,8.3985],[78.0599,8.3985],[78.0599,8.3979],[78.0596,8.3979],[78.0596,8.3976],[78.0593,8.3976],[78.0593,8.3971],[78.059,8.3971],[78.059,8.3968],[78.0588,8.3968],[78.0588,8.3965],[78.0585,8.3965],[78.0585,8.396],[78.0582,8.396],[78.0582,8.3954],[78.0579,8.3954],[78.0579,8.3946],[78.0576,8.3946],[78.0576,8.3938],[78.0574,8.3938],[78.0574,8.3926],[78.0571,8.3926],[78.0571,8.3918],[78.0568,8.3918],[78.0568,8.391],[78.0565,8.391],[78.0565,8.3899],[78.0563,8.3899],[78.0563,8.389],[78.056,8.389],[78.056,8.3879],[78.0557,8.3879],[78.0557,8.3865],[78.0554,8.3865],[78.0554,8.3851],[78.0551,8.3851],[78.0551,8.3837],[78.0549,8.3837],[78.0549,8.3829],[78.0551,8.3829],[78.0551,8.3824],[78.0554,8.3824],[78.0554,8.3818],[78.0557,8.3818],[78.0557,8.3813],[78.0554,8.3813],[78.0554,8.3815],[78.0551,8.3815],[78.0551,8.3818],[78.0549,8.3818],[78.0549,8.3821],[78.0535,8.3821],[78.0535,8.3818],[78.0529,8.3818],[78.0529,8.3815],[78.0512,8.3815],[78.0512,8.3818],[78.0499,8.3818],[78.0499,8.3815],[78.0496,8.3815],[78.0496,8.3804],[78.0499,8.3804],[78.0499,8.3801],[78.0504,8.3801],[78.0504,8.3799],[78.0507,8.3799],[78.0507,8.3796],[78.0512,8.3796],[78.0512,8.3793],[78.0515,8.3793],[78.0515,8.379],[78.0526,8.379],[78.0526,8.3787],[78.0543,8.3787],[78.0543,8.379],[78.0546,8.379],[78.0546,8.3793],[78.0551,8.3793],[78.0551,8.3796],[78.0554,8.3796],[78.0554,8.3799],[78.056,8.3799],[78.056,8.3801],[78.0568,8.3801],[78.0568,8.3799],[78.0574,8.3799],[78.0574,8.3796],[78.0576,8.3796],[78.0576,8.3793],[78.0579,8.3793],[78.0579,8.379],[78.0582,8.379],[78.0582,8.3787],[78.0585,8.3787],[78.0585,8.3782],[78.0587,8.3782],[78.0587,8.3779],[78.059,8.3779],[78.059,8.3776],[78.0593,8.3776],[78.0593,8.3774],[78.0596,8.3774],[78.0596,8.3771],[78.0599,8.3771],[78.0599,8.3768],[78.0601,8.3768],[78.0601,8.3765],[78.0604,8.3765],[78.0604,8.376],[78.0607,8.376],[78.0607,8.3757],[78.061,8.3757],[78.061,8.3754],[78.0612,8.3754],[78.0612,8.3751],[78.0632,8.3751],[78.0632,8.3754],[78.064,8.3754],[78.064,8.3757],[78.0651,8.3757],[78.0651,8.3754],[78.066,8.3754],[78.066,8.3751],[78.0665,8.3751],[78.0665,8.3749],[78.0671,8.3749],[78.0671,8.3746],[78.0676,8.3746],[78.0676,8.374],[78.0679,8.374],[78.0679,8.3735],[78.0682,8.3735],[78.0682,8.3726],[78.0679,8.3726],[78.0679,8.3724],[78.0676,8.3724],[78.0676,8.3718],[78.0674,8.3718],[78.0674,8.3713],[78.0671,8.3713],[78.0671,8.3707],[78.0668,8.3707],[78.0668,8.3704],[78.0654,8.3704],[78.0654,8.3701],[78.064,8.3701],[78.064,8.3699],[78.0629,8.3699],[78.0629,8.3696],[78.0576,8.3696],[78.0576,8.3693],[78.0565,8.3693],[78.0565,8.369],[78.0557,8.369],[78.0557,8.3687],[78.0554,8.3687],[78.0554,8.3685],[78.0549,8.3685],[78.0549,8.3682],[78.0546,8.3682],[78.0546,8.3679],[78.054,8.3679],[78.054,8.3676],[78.0518,8.3676],[78.0518,8.3674],[78.0499,8.3674],[78.0499,8.3671],[78.0476,8.3671],[78.0476,8.3668],[78.0474,8.3668],[78.0474,8.3665],[78.0468,8.3665],[78.0468,8.3663],[78.0465,8.3663],[78.0465,8.366],[78.046,8.366],[78.046,8.3657],[78.0457,8.3657],[78.0457,8.3654],[78.045,8.3654],[78.0443,8.3654],[78.0443,8.3651],[78.0437,8.3651],[78.0437,8.3649],[78.0429,8.3649],[78.0429,8.3646],[78.0424,8.3646],[78.0424,8.3643],[78.0415,8.3643],[78.0415,8.364],[78.0407,8.364],[78.0407,8.3638],[78.0399,8.3638],[78.0399,8.3635],[78.0387,8.3635],[78.0387,8.3632],[78.0379,8.3632],[78.0379,8.3629],[78.0354,8.3629],[78.0354,8.3626],[78.0351,8.3626],[78.0351,8.3624],[78.0346,8.3624],[78.0346,8.3621],[78.0338,8.3621],[78.0338,8.3618],[78.0326,8.3618],[78.0326,8.3615],[78.0318,8.3615],[78.0318,8.3612],[78.0296,8.3612],[78.0296,8.361],[78.029,8.361],[78.029,8.3607],[78.0285,8.3607],[78.0285,8.3604],[78.0282,8.3604],[78.0282,8.3601],[78.0276,8.3601],[78.0276,8.3599],[78.0271,8.3599],[78.0271,8.3596],[78.0265,8.3596],[78.0265,8.3593],[78.0257,8.3593],[78.0257,8.359],[78.0229,8.359],[78.0229,8.3588],[78.0224,8.3588],[78.0224,8.3585],[78.0221,8.3585],[78.0221,8.3582],[78.0215,8.3582],[78.0215,8.3579],[78.0212,8.3579],[78.0212,8.3576],[78.0207,8.3576],[78.0207,8.3574],[78.0204,8.3574],[78.0204,8.3571],[78.0199,8.3571],[78.0199,8.3568],[78.0193,8.3568],[78.0193,8.3565],[78.0188,8.3565],[78.0188,8.3562],[78.0182,8.3562],[78.0182,8.356],[78.0176,8.356],[78.0176,8.3557],[78.0168,8.3557],[78.0168,8.3554],[78.0163,8.3554],[78.0163,8.3551],[78.0157,8.3551],[78.0157,8.3549],[78.0151,8.3549],[78.0151,8.3546],[78.0149,8.3546],[78.0149,8.3543],[78.0143,8.3543],[78.0143,8.354],[78.014,8.354],[78.014,8.3538],[78.0135,8.3538],[78.0135,8.3535],[78.0132,8.3535],[78.0132,8.3532],[78.0126,8.3532],[78.0126,8.3529],[78.0124,8.3529],[78.0124,8.3526],[78.0118,8.3526],[78.0118,8.3524],[78.0115,8.3524],[78.0115,8.3521],[78.0113,8.3521],[78.0113,8.3518],[78.011,8.3518],[78.011,8.3515],[78.0107,8.3515],[78.0107,8.3513],[78.0104,8.3513],[78.0104,8.3515],[78.0099,8.3515],[78.0099,8.3518],[78.0096,8.3518],[78.0096,8.3521],[78.0093,8.3521],[78.0093,8.3526],[78.0082,8.3526],[78.0082,8.3524],[78.0076,8.3524],[78.0076,8.3521],[78.0071,8.3521],[78.0071,8.3518],[78.0062,8.3518],[78.0062,8.3515],[78.0057,8.3515],[78.0057,8.3513],[78.0051,8.3513],[78.0051,8.351],[78.0049,8.351],[78.0049,8.3507],[78.0046,8.3507],[78.0046,8.3504],[78.0043,8.3504],[78.0043,8.3501],[78.0037,8.3501],[78.0037,8.3499],[78.0035,8.3499],[78.0035,8.3496],[78.0032,8.3496],[78.0032,8.3493],[78.0026,8.3493],[78.0026,8.3496],[78.001,8.3496],[78.001,8.3493],[77.9999,8.3493],[77.9996,8.3493],[77.9996,8.3488],[77.9987,8.3488],[77.9987,8.3485],[77.9982,8.3485],[77.9982,8.3482],[77.9976,8.3482],[77.9976,8.3479],[77.9971,8.3479],[77.9971,8.3476],[77.9965,8.3476],[77.9965,8.3474],[77.9957,8.3474],[77.9957,8.3471],[77.9951,8.3471],[77.9951,8.3468],[77.9946,8.3468],[77.9946,8.3465],[77.994,8.3465],[77.994,8.3463],[77.9935,8.3463],[77.9935,8.346],[77.9929,8.346],[77.9929,8.3457],[77.9921,8.3457],[77.9921,8.3454],[77.9915,8.3454],[77.9915,8.3451],[77.991,8.3451],[77.991,8.3449],[77.9904,8.3449],[77.9904,8.3446],[77.9899,8.3446],[77.9899,8.3443],[77.989,8.3443],[77.989,8.344],[77.9885,8.344],[77.9885,8.3438],[77.9879,8.3438],[77.9879,8.3435],[77.9876,8.3435],[77.9876,8.3432],[77.9874,8.3432],[77.9874,8.3429],[77.9868,8.3429],[77.9868,8.3426],[77.9865,8.3426],[77.9865,8.3424],[77.9863,8.3424],[77.9863,8.3421],[77.986,8.3421],[77.986,8.3418],[77.9854,8.3418],[77.9854,8.3415],[77.9832,8.3415],[77.9832,8.3413],[77.9824,8.3413],[77.9824,8.341],[77.9821,8.341],[77.9821,8.3407],[77.9815,8.3407],[77.9815,8.3404],[77.981,8.3404],[77.981,8.3401],[77.9804,8.3401],[77.9804,8.3399],[77.9801,8.3399],[77.9801,8.3396],[77.9799,8.3396],[77.9799,8.3393],[77.9796,8.3393],[77.9796,8.339],[77.9793,8.339],[77.9793,8.3388],[77.979,8.3388],[77.979,8.3385],[77.9788,8.3385],[77.9788,8.3382],[77.9785,8.3382],[77.9785,8.3379],[77.9782,8.3379],[77.9782,8.3376],[77.9779,8.3376],[77.9779,8.3374],[77.9776,8.3374],[77.9776,8.3371],[77.9774,8.3371],[77.9774,8.3368],[77.9771,8.3368],[77.9771,8.3365],[77.9765,8.3365],[77.9765,8.3363],[77.9762,8.3363],[77.9762,8.336],[77.976,8.336],[77.976,8.3357],[77.9757,8.3357],[77.9757,8.3354],[77.9751,8.3354],[77.9751,8.3351],[77.9746,8.3351],[77.9746,8.3349],[77.974,8.3349],[77.974,8.3346],[77.9735,8.3346],[77.9735,8.3343],[77.9729,8.3343],[77.9729,8.334],[77.9724,8.334],[77.9724,8.3337],[77.9718,8.3337],[77.9718,8.3335],[77.9713,8.3335],[77.9713,8.3332],[77.9707,8.3332],[77.9707,8.3329],[77.9701,8.3329],[77.9701,8.3326],[77.9685,8.3326],[77.9685,8.3324],[77.9682,8.3324],[77.9682,8.3321],[77.9676,8.3321],[77.9676,8.3318],[77.9674,8.3318],[77.9674,8.3315],[77.9668,8.3315],[77.9668,8.331],[77.9671,8.331],[77.9671,8.3304],[77.966,8.3304],[77.966,8.3301],[77.9654,8.3301],[77.9654,8.3299],[77.9649,8.3299],[77.9649,8.3296],[77.9643,8.3296],[77.9643,8.3293],[77.9638,8.3293],[77.9638,8.329],[77.9635,8.329],[77.9635,8.3289],[77.9635,8.3287],[77.9632,8.3288],[77.9632,8.3285],[77.9626,8.3285],[77.9626,8.3282],[77.9624,8.3282],[77.9624,8.3279],[77.9621,8.3279],[77.9621,8.3276],[77.9618,8.3276],[77.9618,8.3274],[77.9615,8.3274],[77.9615,8.3271],[77.9613,8.3271],[77.9613,8.3268],[77.961,8.3268],[77.961,8.3265],[77.9607,8.3265],[77.9607,8.3263],[77.9604,8.3263],[77.9604,8.326],[77.9601,8.326],[77.9601,8.3257],[77.9599,8.3257],[77.9599,8.3251],[77.9596,8.3251],[77.9596,8.3249],[77.959,8.3249],[77.959,8.3246],[77.9582,8.3246],[77.9582,8.3243],[77.9579,8.3243],[77.9579,8.324],[77.9576,8.324],[77.9576,8.3238],[77.9574,8.3238],[77.9574,8.3235],[77.9568,8.3235],[77.9568,8.3232],[77.9565,8.3232],[77.9565,8.3229],[77.9562,8.3229],[77.9562,8.3221],[77.956,8.3221],[77.956,8.3215],[77.9557,8.3215],[77.9557,8.321],[77.9554,8.321],[77.9554,8.3207],[77.9551,8.3207],[77.9551,8.3201],[77.9549,8.3201],[77.9549,8.3199],[77.9546,8.3199],[77.9546,8.3196],[77.9543,8.3196],[77.9543,8.3182],[77.9546,8.3182],[77.9546,8.3176],[77.9543,8.3176],[77.9543,8.3174],[77.954,8.3174],[77.954,8.3149],[77.9538,8.3149],[77.9538,8.314],[77.9529,8.314],[77.9529,8.3138],[77.9524,8.3138],[77.9524,8.3132],[77.9521,8.3132],[77.9521,8.3129],[77.9518,8.3129],[77.9518,8.3126],[77.951,8.3126],[77.951,8.3124],[77.9501,8.3124],[77.9501,8.3121],[77.9499,8.3121],[77.9499,8.3118],[77.9493,8.3118],[77.9493,8.3115],[77.9488,8.3115],[77.9488,8.3112],[77.9479,8.3112],[77.9479,8.311],[77.9474,8.311],[77.9474,8.3107],[77.9468,8.3107],[77.9468,8.3104],[77.9463,8.3104],[77.9463,8.3101],[77.9454,8.3101],[77.9454,8.3099],[77.9449,8.3099],[77.9449,8.3096],[77.9446,8.3096],[77.9446,8.3093],[77.944,8.3093],[77.944,8.309],[77.9432,8.309],[77.9432,8.3088],[77.9429,8.3088],[77.9429,8.3085],[77.9426,8.3085],[77.9426,8.3082],[77.9424,8.3082],[77.9424,8.3079],[77.9421,8.3079],[77.9421,8.3076],[77.9418,8.3076],[77.9418,8.3074],[77.9415,8.3074],[77.9415,8.3071],[77.941,8.3071],[77.941,8.3068],[77.9407,8.3068],[77.9407,8.3065],[77.9401,8.3065],[77.9401,8.3062],[77.9396,8.3062],[77.9396,8.306],[77.9393,8.306],[77.9393,8.3057],[77.9388,8.3057],[77.9388,8.3054],[77.9368,8.3054],[77.9368,8.3051],[77.9365,8.3051],[77.9365,8.3049],[77.936,8.3049],[77.936,8.3046],[77.9357,8.3046],[77.9357,8.3043],[77.9354,8.3043],[77.9354,8.304],[77.9349,8.304],[77.9349,8.3038],[77.9346,8.3038],[77.9346,8.3035],[77.9343,8.3035],[77.9343,8.3032],[77.9337,8.3032],[77.9337,8.3029],[77.9335,8.3029],[77.9335,8.3027],[77.9332,8.3027],[77.9332,8.3024],[77.9327,8.3024],[77.9324,8.3024],[77.9324,8.3021],[77.9321,8.3021],[77.9321,8.3018],[77.9318,8.3018],[77.9318,8.3015],[77.9315,8.3015],[77.9315,8.3013],[77.931,8.3013],[77.931,8.301],[77.9301,8.301],[77.9301,8.3004],[77.9299,8.3004],[77.9299,8.2996],[77.9296,8.2996],[77.9296,8.299],[77.9295,8.299],[77.929,8.299],[77.929,8.2988],[77.9287,8.2988],[77.9287,8.2983],[77.9285,8.2982],[77.9285,8.2979],[77.9279,8.2979],[77.9279,8.2976],[77.9276,8.2976],[77.9276,8.2974],[77.9257,8.2974],[77.9257,8.2971],[77.9232,8.2971],[77.9232,8.2968],[77.9229,8.2968],[77.9229,8.2965],[77.9221,8.2965],[77.9221,8.2963],[77.9215,8.2963],[77.9215,8.296],[77.9212,8.296],[77.9212,8.2957],[77.921,8.2957],[77.921,8.2954],[77.9201,8.2954],[77.9201,8.2951],[77.9193,8.2951],[77.9193,8.2949],[77.919,8.2949],[77.919,8.2946],[77.9168,8.2946],[77.9168,8.2943],[77.9163,8.2943],[77.9163,8.294],[77.9157,8.294],[77.9157,8.2937],[77.9154,8.2938],[77.9154,8.2935],[77.9149,8.2935],[77.9149,8.2932],[77.9143,8.2932],[77.9143,8.2929],[77.914,8.2929],[77.914,8.2926],[77.9137,8.2926],[77.9137,8.2924],[77.9135,8.2924],[77.9135,8.2921],[77.9129,8.2921],[77.9129,8.2918],[77.9126,8.2918],[77.9126,8.2915],[77.9124,8.2915],[77.9124,8.2913],[77.9118,8.2913],[77.9118,8.291],[77.9115,8.291],[77.9115,8.2907],[77.911,8.2907],[77.911,8.2904],[77.9104,8.2904],[77.9104,8.2901],[77.9101,8.2901],[77.9101,8.2899],[77.9096,8.2899],[77.9096,8.2896],[77.9088,8.2896],[77.9088,8.2893],[77.9079,8.2893],[77.9079,8.289],[77.9074,8.289],[77.9074,8.2887],[77.9065,8.2887],[77.9065,8.2885],[77.906,8.2885],[77.906,8.2882],[77.9054,8.2882],[77.9054,8.2879],[77.9051,8.2879],[77.9051,8.2876],[77.9046,8.2876],[77.9046,8.2874],[77.9043,8.2874],[77.9043,8.2871],[77.9037,8.2871],[77.9037,8.2868],[77.9032,8.2868],[77.9032,8.2865],[77.9021,8.2865],[77.9021,8.2863],[77.9015,8.2863],[77.9015,8.286],[77.901,8.286],[77.901,8.2857],[77.9007,8.2857],[77.9007,8.2854],[77.9004,8.2854],[77.9004,8.2851],[77.9001,8.2851],[77.9001,8.2849],[77.8999,8.2849],[77.8999,8.2846],[77.8993,8.2846],[77.8993,8.2843],[77.899,8.2843],[77.899,8.284],[77.8988,8.284],[77.8988,8.2838],[77.8988,8.2837],[77.8985,8.2837],[77.8985,8.2835],[77.8982,8.2835],[77.8982,8.2829],[77.8979,8.2829],[77.8979,8.2826],[77.8976,8.2826],[77.8976,8.2824],[77.8974,8.2824],[77.8974,8.2821],[77.8971,8.2821],[77.8971,8.2818],[77.8968,8.2818],[77.8968,8.2815],[77.8965,8.2815],[77.8965,8.2813],[77.8962,8.2813],[77.8962,8.281],[77.896,8.281],[77.896,8.2807],[77.8957,8.2807],[77.8957,8.2801],[77.8954,8.2801],[77.8954,8.2799],[77.8951,8.2799],[77.8951,8.2793],[77.8949,8.2793],[77.8949,8.279],[77.8951,8.279],[77.8951,8.2788],[77.8949,8.2788],[77.8949,8.2785],[77.8946,8.2785],[77.8946,8.2782],[77.894,8.2782],[77.894,8.2779],[77.8938,8.2779],[77.8938,8.2776],[77.8932,8.2776],[77.8932,8.2771],[77.8929,8.2771],[77.8929,8.2768],[77.8926,8.2768],[77.8926,8.2765],[77.8924,8.2765],[77.8924,8.2763],[77.8921,8.2763],[77.8921,8.276],[77.8918,8.276],[77.8918,8.2757],[77.8915,8.2757],[77.8915,8.2754],[77.8913,8.2754],[77.8913,8.2751],[77.891,8.2751],[77.891,8.2749],[77.8901,8.2749],[77.8901,8.2746],[77.8899,8.2746],[77.8899,8.2743],[77.8893,8.2743],[77.8893,8.2737],[77.889,8.2737],[77.889,8.2732],[77.8882,8.2732],[77.8882,8.2729],[77.8874,8.2729],[77.8874,8.2726],[77.884,8.2726],[77.884,8.2724],[77.8838,8.2724],[77.8838,8.2721],[77.8832,8.2721],[77.8832,8.2718],[77.8829,8.2718],[77.8829,8.2715],[77.8826,8.2715],[77.8826,8.2713],[77.8821,8.2713],[77.8821,8.271],[77.8818,8.271],[77.8818,8.2707],[77.8815,8.2707],[77.8815,8.2704],[77.881,8.2704],[77.881,8.2701],[77.8801,8.2701],[77.8801,8.2699],[77.8799,8.2699],[77.8799,8.2696],[77.8793,8.2696],[77.8793,8.2693],[77.8785,8.2693],[77.8785,8.269],[77.8779,8.269],[77.8779,8.2688],[77.8776,8.2688],[77.8776,8.2685],[77.8771,8.2685],[77.8771,8.2682],[77.8768,8.2682],[77.8768,8.2679],[77.8763,8.2679],[77.8763,8.2676],[77.876,8.2676],[77.876,8.2674],[77.875,8.2674],[77.8743,8.2674],[77.8743,8.2671],[77.8732,8.2671],[77.8732,8.2668],[77.8721,8.2668],[77.8721,8.2665],[77.871,8.2665],[77.871,8.2663],[77.8704,8.2663],[77.8704,8.266],[77.8699,8.266],[77.8699,8.2657],[77.8693,8.2657],[77.8693,8.2654],[77.8688,8.2654],[77.8688,8.2651],[77.8685,8.2651],[77.8685,8.2649],[77.8682,8.2649],[77.8682,8.2646],[77.8671,8.2646],[77.8671,8.2649],[77.8654,8.2649],[77.8654,8.2646],[77.8649,8.2646],[77.8649,8.2643],[77.8643,8.2643],[77.8643,8.264],[77.864,8.264],[77.864,8.2638],[77.8635,8.2638],[77.8635,8.2635],[77.8629,8.2635],[77.8629,8.2632],[77.8626,8.2632],[77.8626,8.2629],[77.8621,8.2629],[77.8621,8.2626],[77.8615,8.2626],[77.8615,8.2624],[77.8613,8.2624],[77.8613,8.2621],[77.8607,8.2621],[77.8607,8.2618],[77.8602,8.2618],[77.8602,8.2615],[77.8596,8.2615],[77.8596,8.2612],[77.859,8.2612],[77.859,8.261],[77.8585,8.261],[77.8585,8.2607],[77.8579,8.2607],[77.8579,8.2604],[77.8574,8.2604],[77.8574,8.2601],[77.8568,8.2601],[77.8568,8.2599],[77.8562,8.2599],[77.8562,8.2596],[77.8557,8.2596],[77.8557,8.2593],[77.8549,8.2593],[77.8549,8.259],[77.854,8.259],[77.854,8.2587],[77.8532,8.2587],[77.8532,8.2585],[77.8524,8.2585],[77.8524,8.2582],[77.8515,8.2582],[77.8515,8.2579],[77.851,8.2579],[77.851,8.2576],[77.8499,8.2576],[77.8499,8.2574],[77.849,8.2574],[77.849,8.2571],[77.8485,8.2571],[77.8485,8.2568],[77.8476,8.2568],[77.8476,8.2565],[77.8468,8.2565],[77.8468,8.2563],[77.846,8.2563],[77.846,8.256],[77.8451,8.256],[77.8451,8.2557],[77.844,8.2557],[77.844,8.2554],[77.8432,8.2554],[77.8432,8.2551],[77.8424,8.2551],[77.8424,8.2549],[77.8401,8.2549],[77.8401,8.2546],[77.8396,8.2546],[77.8396,8.2543],[77.839,8.2543],[77.839,8.254],[77.8382,8.254],[77.8382,8.2537],[77.8374,8.2537],[77.8374,8.2535],[77.8368,8.2535],[77.8368,8.2532],[77.8357,8.2532],[77.8357,8.2529],[77.8343,8.2529],[77.8343,8.2526],[77.8337,8.2526],[77.8337,8.2524],[77.8332,8.2524],[77.8332,8.2521],[77.8324,8.2521],[77.8324,8.2518],[77.8315,8.2518],[77.8315,8.2515],[77.8304,8.2515],[77.8304,8.2513],[77.8296,8.2513],[77.8296,8.251],[77.8285,8.251],[77.8285,8.2507],[77.8271,8.2507],[77.8271,8.2504],[77.8265,8.2504],[77.8265,8.2501],[77.8254,8.2501],[77.8254,8.2499],[77.8243,8.2499],[77.8243,8.2496],[77.8235,8.2496],[77.8235,8.2493],[77.8224,8.2493],[77.8224,8.249],[77.8215,8.249],[77.8215,8.2488],[77.8207,8.2488],[77.8207,8.2485],[77.8199,8.2485],[77.8199,8.2482],[77.8193,8.2482],[77.8193,8.2479],[77.8187,8.2479],[77.8187,8.2476],[77.8182,8.2476],[77.8182,8.2474],[77.8176,8.2474],[77.8176,8.2471],[77.8174,8.2471],[77.8174,8.2468],[77.8168,8.2468],[77.8168,8.2465],[77.8165,8.2465],[77.8165,8.2462],[77.8135,8.2462],[77.8135,8.246],[77.8129,8.246],[77.8129,8.2457],[77.8126,8.2457],[77.8126,8.2454],[77.8121,8.2454],[77.8121,8.2451],[77.8118,8.2451],[77.8118,8.2449],[77.8112,8.2449],[77.8112,8.2446],[77.811,8.2446],[77.811,8.2443],[77.8107,8.2443],[77.8107,8.244],[77.8101,8.244],[77.8101,8.2438],[77.8099,8.2438],[77.8099,8.2435],[77.809,8.2435],[77.809,8.2432],[77.8085,8.2432],[77.8085,8.2429],[77.8079,8.2429],[77.8079,8.2426],[77.8074,8.2426],[77.8074,8.2424],[77.8071,8.2424],[77.8071,8.2421],[77.8068,8.2421],[77.8068,8.2418],[77.806,8.2418],[77.806,8.2415],[77.8051,8.2415],[77.8051,8.2413],[77.8049,8.2413],[77.8049,8.241],[77.8046,8.241],[77.8046,8.2407],[77.8043,8.2407],[77.8043,8.2404],[77.8035,8.2404],[77.8035,8.2401],[77.8024,8.2401],[77.8024,8.2404],[77.8021,8.2404],[77.8021,8.2418],[77.8026,8.2418],[77.8026,8.2424],[77.8032,8.2424],[77.8032,8.2426],[77.8035,8.2426],[77.8035,8.244],[77.8037,8.244],[77.8037,8.2462],[77.804,8.2462],[77.804,8.2465],[77.8043,8.2465],[77.8043,8.2471],[77.8046,8.2471],[77.8046,8.2479],[77.8043,8.2479],[77.8043,8.2482],[77.804,8.2482],[77.804,8.2479],[77.8037,8.2479],[77.8037,8.2474],[77.8035,8.2474],[77.8035,8.2465],[77.8032,8.2465],[77.8032,8.2454],[77.8029,8.2454],[77.8029,8.2451],[77.8024,8.2451],[77.8024,8.2449],[77.8021,8.2449],[77.8021,8.2443],[77.8018,8.2443],[77.8018,8.2435],[77.8015,8.2435],[77.8015,8.2432],[77.8012,8.2432],[77.8012,8.2426],[77.801,8.2426],[77.801,8.2424],[77.8007,8.2424],[77.8007,8.2421],[77.8004,8.2421],[77.8004,8.2415],[77.8001,8.2415],[77.8001,8.2386],[77.8001,8.2379],[77.7999,8.2379],[77.7999,8.2376],[77.7996,8.2376],[77.7996,8.2365],[77.7999,8.2365],[77.7999,8.236],[77.7996,8.236],[77.7996,8.2354],[77.7993,8.2354],[77.7993,8.2343],[77.799,8.2343],[77.799,8.234],[77.7988,8.234],[77.7988,8.2338],[77.7985,8.2338],[77.7985,8.2335],[77.7982,8.2335],[77.7982,8.2332],[77.7976,8.2332],[77.7976,8.2329],[77.7971,8.2329],[77.7971,8.2326],[77.7968,8.2326],[77.7968,8.2324],[77.7965,8.2324],[77.7965,8.2318],[77.7962,8.2318],[77.7962,8.2315],[77.7957,8.2315],[77.7957,8.2313],[77.7954,8.2313],[77.7954,8.231],[77.7949,8.231],[77.7949,8.2307],[77.7943,8.2307],[77.7943,8.2304],[77.794,8.2304],[77.794,8.2301],[77.7937,8.2301],[77.7937,8.2299],[77.7935,8.2299],[77.7935,8.2296],[77.7932,8.2296],[77.7932,8.229],[77.7926,8.229],[77.7926,8.2288],[77.7924,8.2288],[77.7924,8.2285],[77.7918,8.2285],[77.7918,8.2282],[77.7915,8.2282],[77.7915,8.2279],[77.7913,8.2279],[77.7913,8.2276],[77.791,8.2276],[77.791,8.2274],[77.7904,8.2274],[77.7904,8.2271],[77.7899,8.2271],[77.7899,8.2268],[77.7896,8.2268],[77.7896,8.2265],[77.789,8.2265],[77.789,8.2262],[77.7885,8.2262],[77.7885,8.226],[77.7879,8.226],[77.7879,8.2257],[77.7876,8.2257],[77.7876,8.2254],[77.7871,8.2254],[77.7871,8.2251],[77.7868,8.2251],[77.7868,8.2249],[77.7865,8.2249],[77.7865,8.2246],[77.7862,8.2246],[77.7862,8.2243],[77.786,8.2243],[77.786,8.224],[77.7857,8.224],[77.7857,8.2235],[77.7854,8.2235],[77.7854,8.2232],[77.7849,8.2232],[77.7849,8.2226],[77.7846,8.2226],[77.7846,8.2221],[77.7843,8.2221],[77.7843,8.2212],[77.784,8.2212],[77.784,8.2207],[77.7838,8.2207],[77.7838,8.2204],[77.7835,8.2204],[77.7835,8.2199],[77.7829,8.2199],[77.7829,8.2201],[77.7826,8.2201],[77.7826,8.2204],[77.7821,8.2204],[77.7821,8.2196],[77.7829,8.2196],[77.7829,8.2165],[77.7826,8.2165],[77.7826,8.2154],[77.7824,8.2154],[77.7824,8.2143],[77.7826,8.2143],[77.7826,8.214],[77.7829,8.214],[77.7829,8.2135],[77.7832,8.2135],[77.7832,8.2129],[77.7835,8.2129],[77.7835,8.2121],[77.7832,8.2121],[77.7832,8.2113],[77.7835,8.2113],[77.7835,8.2104],[77.7838,8.2104],[77.7838,8.209],[77.784,8.209],[77.784,8.2076],[77.7843,8.2076],[77.7843,8.2074],[77.784,8.2074],[77.784,8.2065],[77.7838,8.2065],[77.7838,8.2054],[77.7835,8.2054],[77.7835,8.2051],[77.7832,8.2051],[77.7832,8.2046],[77.7829,8.2046],[77.7829,8.2026],[77.7826,8.2026],[77.7826,8.2024],[77.7821,8.2024],[77.7821,8.2018],[77.7818,8.2018],[77.7818,8.2013],[77.7815,8.2013],[77.7815,8.2007],[77.7813,8.2007],[77.7813,8.2004],[77.7807,8.2004],[77.7807,8.2001],[77.7804,8.2001],[77.7804,8.1996],[77.7799,8.1996],[77.7799,8.1993],[77.7796,8.1993],[77.7796,8.199],[77.7793,8.199],[77.7793,8.1987],[77.779,8.1987],[77.779,8.1985],[77.7787,8.1985],[77.7787,8.1982],[77.7785,8.1982],[77.7785,8.1979],[77.7782,8.1979],[77.7782,8.1976],[77.7776,8.1976],[77.7776,8.1974],[77.7771,8.1974],[77.7771,8.1971],[77.7765,8.1971],[77.7765,8.1968],[77.7763,8.1968],[77.7763,8.1965],[77.776,8.1965],[77.776,8.1963],[77.7757,8.1963],[77.7757,8.196],[77.7751,8.196],[77.7751,8.1957],[77.7724,8.1957],[77.7724,8.1954],[77.7715,8.1954],[77.7715,8.1951],[77.7704,8.1951],[77.7704,8.1949],[77.7696,8.1949],[77.7696,8.1946],[77.7688,8.1946],[77.7688,8.1943],[77.7679,8.1943],[77.7679,8.194],[77.7657,8.194],[77.7657,8.1937],[77.7656,8.1937],[77.7654,8.1937],[77.7654,8.1934],[77.7654,8.1932],[77.7653,8.1932],[77.7651,8.1932],[77.7651,8.1929],[77.7649,8.1929],[77.7649,8.1926],[77.7646,8.1926],[77.7646,8.1924],[77.7643,8.1924],[77.7643,8.1922],[77.7643,8.1918],[77.7638,8.1918],[77.7638,8.1915],[77.7635,8.1915],[77.7635,8.1913],[77.7626,8.1913],[77.7626,8.191],[77.7621,8.191],[77.7621,8.1907],[77.7618,8.1907],[77.7618,8.1904],[77.7613,8.1904],[77.7613,8.1901],[77.761,8.1901],[77.761,8.1899],[77.7604,8.1899],[77.7604,8.1896],[77.7601,8.1896],[77.7601,8.1893],[77.7599,8.1893],[77.7599,8.189],[77.7596,8.189],[77.7596,8.1888],[77.7593,8.1888],[77.7593,8.1885],[77.7588,8.1885],[77.7588,8.1882],[77.7579,8.1882],[77.7579,8.1879],[77.7571,8.1879],[77.7571,8.1876],[77.7565,8.1876],[77.7565,8.1871],[77.7562,8.1871],[77.7562,8.1868],[77.756,8.1868],[77.756,8.1865],[77.7557,8.1865],[77.7557,8.1863],[77.7554,8.1863],[77.7554,8.186],[77.7551,8.186],[77.7551,8.1857],[77.7543,8.1857],[77.7543,8.186],[77.7535,8.186],[77.7535,8.1863],[77.7518,8.1863],[77.7518,8.1854],[77.7535,8.1854],[77.7535,8.1851],[77.7538,8.1851],[77.7538,8.1849],[77.754,8.1849],[77.754,8.1846],[77.7543,8.1846],[77.7543,8.1843],[77.7546,8.1843],[77.7546,8.1841],[77.7546,8.1832],[77.7543,8.1832],[77.7543,8.1829],[77.754,8.1829],[77.754,8.1826],[77.7532,8.1826],[77.7532,8.1824],[77.7529,8.1824],[77.7529,8.1821],[77.7526,8.1821],[77.7526,8.1818],[77.7524,8.1818],[77.7524,8.1815],[77.7515,8.1815],[77.7515,8.1812],[77.751,8.1812],[77.751,8.181],[77.7507,8.181],[77.7507,8.1807],[77.7504,8.1807],[77.7504,8.1801],[77.7496,8.1801],[77.7496,8.1799],[77.7487,8.1799],[77.7487,8.1796],[77.7482,8.1796],[77.7482,8.1793],[77.7476,8.1793],[77.7476,8.179],[77.7474,8.179],[77.7474,8.1785],[77.7471,8.1785],[77.7471,8.1776],[77.7468,8.1776],[77.7468,8.1774],[77.7462,8.1774],[77.7462,8.1771],[77.7454,8.1771],[77.7454,8.1768],[77.7443,8.1768],[77.7443,8.1765],[77.7438,8.1765],[77.7438,8.1763],[77.7432,8.1763],[77.7432,8.176],[77.7429,8.176],[77.7429,8.1757],[77.7426,8.1757],[77.7426,8.1754],[77.7418,8.1754],[77.7418,8.1751],[77.7401,8.1751],[77.7401,8.1749],[77.7393,8.1749],[77.7393,8.1746],[77.739,8.1746],[77.739,8.1743],[77.7374,8.1743],[77.7374,8.174],[77.7368,8.174],[77.7368,8.1737],[77.7357,8.1737],[77.7357,8.1735],[77.7354,8.1735],[77.7354,8.1737],[77.7344,8.1737],[77.7343,8.1736],[77.7343,8.1735],[77.7335,8.1735],[77.7335,8.1732],[77.7324,8.1732],[77.7324,8.1729],[77.7315,8.1729],[77.7315,8.1726],[77.7312,8.1726],[77.7312,8.1721],[77.7307,8.1721],[77.7307,8.1724],[77.7301,8.1724],[77.7301,8.1726],[77.7293,8.1726],[77.7293,8.1724],[77.729,8.1724],[77.729,8.1721],[77.7285,8.1721],[77.7285,8.1724],[77.7279,8.1724],[77.7279,8.1721],[77.7276,8.1721],[77.7276,8.1724],[77.7274,8.1724],[77.7274,8.1721],[77.7268,8.1721],[77.7268,8.1718],[77.7262,8.1718],[77.7262,8.1715],[77.7254,8.1715],[77.7254,8.1713],[77.7246,8.1713],[77.7246,8.171],[77.7235,8.171],[77.7235,8.1707],[77.7232,8.1707],[77.7232,8.1704],[77.7226,8.1704],[77.7226,8.1696],[77.7221,8.1696],[77.7221,8.169],[77.7218,8.169],[77.7218,8.1687],[77.7215,8.1687],[77.7215,8.1682],[77.7207,8.1682],[77.7207,8.1679],[77.7196,8.1679],[77.7196,8.1676],[77.7193,8.1676],[77.7193,8.1674],[77.7188,8.1674],[77.7188,8.1671],[77.7179,8.1671],[77.7179,8.1668],[77.7171,8.1668],[77.7171,8.1665],[77.7165,8.1665],[77.7165,8.1662],[77.7162,8.1662],[77.7162,8.1657],[77.716,8.1657],[77.716,8.166],[77.7149,8.166],[77.7149,8.1657],[77.7132,8.1657],[77.7132,8.166],[77.7126,8.166],[77.7126,8.1662],[77.7118,8.1662],[77.7118,8.166],[77.7101,8.166],[77.7101,8.1657],[77.7099,8.1657],[77.7099,8.1654],[77.7093,8.1654],[77.7093,8.1651],[77.709,8.1651],[77.709,8.1649],[77.7071,8.1649],[77.7071,8.1646],[77.7068,8.1646],[77.7068,8.1649],[77.7065,8.1649],[77.7065,8.1651],[77.7054,8.1651],[77.7054,8.1649],[77.7051,8.1649],[77.7051,8.1646],[77.7049,8.1646],[77.7049,8.1643],[77.704,8.1643],[77.704,8.164],[77.7029,8.164],[77.7029,8.1638],[77.7026,8.1638],[77.7026,8.1635],[77.6999,8.1635],[77.6999,8.1632],[77.6996,8.1632],[77.6996,8.1635],[77.6988,8.1635],[77.6988,8.1632],[77.6982,8.1632],[77.6982,8.1629],[77.6965,8.1629],[77.6965,8.1632],[77.6963,8.1632],[77.6963,8.1629],[77.6957,8.1629],[77.6957,8.1632],[77.6951,8.1632],[77.6951,8.1635],[77.6949,8.1635],[77.6949,8.1632],[77.6946,8.1632],[77.6946,8.1629],[77.6926,8.1629],[77.6926,8.1624],[77.6888,8.1624],[77.6888,8.1621],[77.6868,8.1621],[77.6868,8.1624],[77.6865,8.1624],[77.6865,8.1621],[77.6854,8.1621],[77.6854,8.1618],[77.6851,8.1618],[77.6851,8.1615],[77.6826,8.1615],[77.6826,8.1613],[77.6824,8.1613],[77.6824,8.161],[77.6813,8.161],[77.6813,8.1607],[77.6801,8.1607],[77.6801,8.161],[77.6774,8.161],[77.6774,8.1607],[77.6762,8.1607],[77.6762,8.1604],[77.676,8.1604],[77.676,8.1601],[77.6757,8.1601],[77.6757,8.1599],[77.6754,8.1599],[77.6754,8.1596],[77.6735,8.1596],[77.6735,8.1593],[77.6732,8.1593],[77.6732,8.1596],[77.6729,8.1596],[77.6729,8.1593],[77.6726,8.1593],[77.6726,8.1596],[77.6724,8.1596],[77.6724,8.1593],[77.6704,8.1593],[77.6704,8.159],[77.6701,8.159],[77.6701,8.1593],[77.6699,8.1593],[77.6699,8.159],[77.669,8.159],[77.669,8.1593],[77.6687,8.1593],[77.6687,8.159],[77.6668,8.159],[77.6668,8.1593],[77.6665,8.1593],[77.6665,8.159],[77.6657,8.159],[77.6657,8.1593],[77.6643,8.1593],[77.6643,8.159],[77.6635,8.159],[77.6635,8.1588],[77.6624,8.1588],[77.6624,8.1585],[77.6621,8.1585],[77.6621,8.1588],[77.6618,8.1588],[77.6618,8.1585],[77.6601,8.1585],[77.6601,8.1582],[77.6585,8.1582],[77.6585,8.1585],[77.6579,8.1585],[77.6579,8.1579],[77.6568,8.1579],[77.6568,8.1582],[77.6557,8.1582],[77.6557,8.1585],[77.6551,8.1585],[77.6551,8.1588],[77.6549,8.1588],[77.6549,8.159],[77.6535,8.159],[77.6535,8.1588],[77.6518,8.1588],[77.6518,8.159],[77.6513,8.159],[77.6513,8.1596],[77.651,8.1596],[77.651,8.1601],[77.6501,8.1601],[77.6501,8.1599],[77.6496,8.1599],[77.6496,8.1596],[77.649,8.1596],[77.649,8.159],[77.6488,8.159],[77.6488,8.1588],[77.6485,8.1588],[77.6485,8.1585],[77.6471,8.1585],[77.6471,8.1582],[77.6465,8.1582],[77.6465,8.1579],[77.6449,8.1579],[77.6449,8.1576],[77.6429,8.1576],[77.6429,8.1574],[77.6407,8.1574],[77.6407,8.1576],[77.6401,8.1576],[77.6401,8.1574],[77.6399,8.1574],[77.6399,8.1571],[77.6393,8.1571],[77.6393,8.1568],[77.639,8.1568],[77.639,8.1565],[77.6382,8.1565],[77.6382,8.1563],[77.6371,8.1563],[77.6371,8.156],[77.6363,8.156],[77.6363,8.1557],[77.6354,8.1557],[77.6354,8.1554],[77.6349,8.1554],[77.6349,8.1552],[77.6343,8.1552],[77.6343,8.1554],[77.6332,8.1554],[77.6332,8.1552],[77.6315,8.1552],[77.6315,8.1549],[77.631,8.1549],[77.631,8.1546],[77.6307,8.1546],[77.6307,8.1543],[77.6296,8.1543],[77.6296,8.1546],[77.629,8.1546],[77.629,8.1543],[77.6285,8.1543],[77.6285,8.154],[77.6282,8.154],[77.6282,8.1538],[77.6276,8.1538],[77.6276,8.1535],[77.626,8.1535],[77.626,8.1532],[77.6246,8.1532],[77.6246,8.1529],[77.6237,8.1529],[77.6237,8.1526],[77.6226,8.1526],[77.6226,8.1524],[77.6215,8.1524],[77.6215,8.1521],[77.6207,8.1521],[77.6207,8.1518],[77.6199,8.1518],[77.6199,8.1515],[77.6179,8.1515],[77.6179,8.1512],[77.6174,8.1512],[77.6174,8.151],[77.6162,8.151],[77.6162,8.1507],[77.6151,8.1507],[77.6151,8.1504],[77.6146,8.1504],[77.6146,8.1501],[77.6143,8.1501],[77.6143,8.1504],[77.614,8.1504],[77.614,8.1501],[77.6129,8.1501],[77.6129,8.1499],[77.6124,8.1499],[77.6124,8.1496],[77.6115,8.1496],[77.6115,8.1493],[77.611,8.1493],[77.611,8.1496],[77.6107,8.1496],[77.6107,8.1493],[77.6104,8.1493],[77.6104,8.149],[77.6096,8.149],[77.6096,8.1488],[77.609,8.1488],[77.609,8.1485],[77.6079,8.1485],[77.6079,8.1482],[77.6074,8.1482],[77.6074,8.1479],[77.6071,8.1479],[77.6071,8.1476],[77.606,8.1476],[77.606,8.1474],[77.6049,8.1474],[77.6049,8.1471],[77.6043,8.1471],[77.6043,8.1468],[77.604,8.1468],[77.604,8.1465],[77.6035,8.1465],[77.6035,8.1462],[77.6029,8.1462],[77.6029,8.146],[77.6024,8.146],[77.6024,8.1457],[77.6012,8.1457],[77.6012,8.1454],[77.6007,8.1454],[77.6007,8.1451],[77.5993,8.1451],[77.5993,8.1449],[77.5987,8.1449],[77.5987,8.1446],[77.5982,8.1446],[77.5982,8.1443],[77.5974,8.1443],[77.5974,8.144],[77.5963,8.144],[77.5963,8.1438],[77.5957,8.1438],[77.5957,8.1435],[77.5954,8.1435],[77.5954,8.1432],[77.5943,8.1432],[77.5943,8.1429],[77.5926,8.1429],[77.5926,8.1426],[77.5918,8.1426],[77.5918,8.1429],[77.5915,8.1429],[77.5915,8.1426],[77.5912,8.1426],[77.5912,8.1424],[77.5901,8.1424],[77.5901,8.1421],[77.589,8.1421],[77.589,8.1418],[77.5888,8.1418],[77.5888,8.1415],[77.5885,8.1415],[77.5885,8.1413],[77.5882,8.1413],[77.5882,8.141],[77.5876,8.141],[77.5876,8.1407],[77.5868,8.1407],[77.5868,8.1404],[77.5863,8.1404],[77.5863,8.1402],[77.586,8.1402],[77.586,8.1399],[77.5857,8.1399],[77.5857,8.1396],[77.5854,8.1396],[77.5854,8.1393],[77.5849,8.1393],[77.5849,8.139],[77.5846,8.139],[77.5846,8.1388],[77.5835,8.1388],[77.5835,8.1385],[77.5826,8.1385],[77.5826,8.1382],[77.5818,8.1382],[77.5818,8.1379],[77.5813,8.1379],[77.5813,8.1376],[77.5804,8.1376],[77.5804,8.1374],[77.5796,8.1374],[77.5796,8.1371],[77.579,8.1371],[77.579,8.1368],[77.5785,8.1368],[77.5785,8.1365],[77.5776,8.1365],[77.5776,8.1363],[77.5771,8.1363],[77.5771,8.136],[77.5765,8.136],[77.5765,8.1357],[77.5757,8.1357],[77.5757,8.1351],[77.5754,8.1351],[77.5754,8.1346],[77.5751,8.1346],[77.5751,8.1343],[77.5751,8.1335],[77.5749,8.1335],[77.5749,8.1332],[77.5746,8.1332],[77.5746,8.1329],[77.5743,8.1329],[77.5743,8.1326],[77.5735,8.1326],[77.5735,8.1324],[77.5732,8.1324],[77.5732,8.1321],[77.5726,8.1321],[77.5726,8.1318],[77.5721,8.1318],[77.5721,8.1315],[77.5713,8.1315],[77.5713,8.131],[77.571,8.131],[77.571,8.1301],[77.5707,8.1301],[77.5707,8.1296],[77.5704,8.1296],[77.5704,8.129],[77.5701,8.129],[77.5701,8.1285],[77.5699,8.1285],[77.5699,8.1282],[77.5696,8.1282],[77.5696,8.1279],[77.5687,8.1279],[77.5687,8.1276],[77.5685,8.1276],[77.5685,8.1274],[77.5679,8.1274],[77.5679,8.1271],[77.5674,8.1271],[77.5674,8.1268],[77.5671,8.1268],[77.5671,8.1265],[77.5668,8.1265],[77.5668,8.1263],[77.5665,8.1263],[77.5665,8.1251],[77.5662,8.1251],[77.5662,8.1246],[77.5657,8.1246],[77.5657,8.1243],[77.5649,8.1243],[77.5649,8.124],[77.5646,8.124],[77.5646,8.1237],[77.5643,8.1237],[77.5643,8.1235],[77.564,8.1235],[77.564,8.1232],[77.5638,8.1232],[77.5638,8.1229],[77.5635,8.1229],[77.5635,8.1226],[77.5632,8.1226],[77.5632,8.1224],[77.5629,8.1224],[77.5629,8.1221],[77.5624,8.1221],[77.5624,8.1218],[77.5618,8.1218],[77.5618,8.1215],[77.5615,8.1215],[77.5615,8.1213],[77.5612,8.1213],[77.5612,8.121],[77.561,8.121],[77.561,8.1207],[77.5607,8.1207],[77.5607,8.1201],[77.5601,8.1201],[77.5601,8.1199],[77.5596,8.1199],[77.5596,8.1196],[77.5593,8.1196],[77.5593,8.1185],[77.5596,8.1185],[77.5596,8.1182],[77.5599,8.1182],[77.5599,8.1174],[77.5601,8.1174],[77.5601,8.1171],[77.5599,8.1171],[77.5599,8.1165],[77.5596,8.1165],[77.5596,8.1157],[77.5593,8.1157],[77.5593,8.1151],[77.559,8.1151],[77.559,8.1146],[77.5587,8.1146],[77.5587,8.114],[77.5585,8.114],[77.5585,8.1132],[77.5582,8.1132],[77.5582,8.1121],[77.5579,8.1121],[77.5579,8.1112],[77.5576,8.1113],[77.5576,8.1107],[77.5579,8.1107],[77.5579,8.1099],[77.5582,8.1099],[77.5582,8.1093],[77.5585,8.1093],[77.5585,8.1088],[77.5587,8.1088],[77.5587,8.1085],[77.559,8.1085],[77.559,8.1079],[77.5593,8.1079],[77.5593,8.104],[77.559,8.104],[77.559,8.1029],[77.5587,8.1029],[77.5587,8.1024],[77.5585,8.1024],[77.5585,8.1015],[77.5587,8.1015],[77.5587,8.1013],[77.5585,8.1013],[77.5585,8.0996],[77.5587,8.0996],[77.5587,8.0993],[77.559,8.0993],[77.559,8.099],[77.5593,8.099],[77.5593,8.0985],[77.5596,8.0985],[77.5596,8.0979],[77.5593,8.0979],[77.5593,8.0976],[77.559,8.0976],[77.559,8.0974],[77.5587,8.0974],[77.5587,8.0965],[77.559,8.0965],[77.559,8.0962],[77.5593,8.0962],[77.5593,8.096],[77.5599,8.096],[77.5599,8.0957],[77.5604,8.0957],[77.5604,8.096],[77.5607,8.096],[77.5607,8.0962],[77.5612,8.0962],[77.5612,8.0965],[77.5615,8.0965],[77.5615,8.0968],[77.5621,8.0968],[77.5621,8.0971],[77.5624,8.0971],[77.5624,8.0968],[77.5632,8.0968],[77.5632,8.0974],[77.564,8.0974],[77.564,8.0976],[77.5643,8.0976],[77.5643,8.0979],[77.5646,8.0979],[77.5646,8.0982],[77.5643,8.0982],[77.5643,8.0985],[77.5646,8.0985],[77.5646,8.0988],[77.5643,8.0988],[77.5643,8.0996],[77.5646,8.0996],[77.5646,8.0999],[77.5649,8.0999],[77.5649,8.0993],[77.5651,8.0993],[77.5651,8.0954],[77.5649,8.0954],[77.5649,8.0938],[77.5651,8.0938],[77.5651,8.0932],[77.5654,8.0932],[77.5654,8.0929],[77.5657,8.0929],[77.5657,8.0926],[77.566,8.0926],[77.566,8.0921],[77.5651,8.0921],[77.5651,8.0918],[77.5646,8.0918],[77.5646,8.0915],[77.5635,8.0915],[77.5635,8.0913],[77.5632,8.0913],[77.5632,8.091],[77.5629,8.091],[77.5629,8.0913],[77.5624,8.0913],[77.5624,8.0915],[77.5618,8.0915],[77.5618,8.0913],[77.5615,8.0913],[77.5615,8.091],[77.5612,8.091],[77.5612,8.0907],[77.561,8.0907],[77.561,8.0904],[77.5599,8.0904],[77.5599,8.0901],[77.5593,8.0901],[77.5593,8.0899],[77.559,8.0899],[77.559,8.0896],[77.5585,8.0896],[77.5585,8.0893],[77.5576,8.0893],[77.5576,8.0888],[77.5574,8.0888],[77.5574,8.0885],[77.5571,8.0885],[77.5571,8.0882],[77.5565,8.0882],[77.5565,8.0879],[77.5563,8.0879],[77.5563,8.0874],[77.556,8.0874],[77.556,8.0871],[77.5554,8.0871],[77.5554,8.0868],[77.5551,8.0868],[77.5551,8.0862],[77.5549,8.0862],[77.5549,8.0857],[77.5543,8.0857],[77.5543,8.0854],[77.554,8.0854],[77.554,8.0851],[77.5537,8.0851],[77.5537,8.0849],[77.5535,8.0849],[77.5535,8.0846],[77.5529,8.0846],[77.5529,8.0843],[77.5526,8.0843],[77.5526,8.0813],[77.5529,8.0813],[77.5529,8.0804],[77.5526,8.0804],[77.5526,8.0799],[77.5524,8.0799],[77.5524,8.0796],[77.5521,8.0796],[77.5521,8.0793],[77.5524,8.0793],[77.5524,8.0779],[77.5521,8.0779],[77.5521,8.0774],[77.5518,8.0774],[77.5518,8.0771],[77.5515,8.0771],[77.5515,8.0768],[77.551,8.0768],[77.551,8.0765],[77.5507,8.0765],[77.5507,8.0768],[77.5504,8.0768],[77.5504,8.0774],[77.5501,8.0774],[77.5501,8.0779],[77.549,8.0779],[77.549,8.0776],[77.5485,8.0776],[77.5485,8.0779],[77.5468,8.0779],[77.5468,8.0776],[77.5462,8.0776],[77.5462,8.0774],[77.5457,8.0774],[77.5457,8.0776],[77.5451,8.0776],[77.5451,8.0779],[77.5432,8.0779],[77.5432,8.0782],[77.5417,8.0782],[77.539,8.0782],[77.539,8.0785],[77.5387,8.0785],[77.5387,8.0782],[77.5385,8.0782],[77.5385,8.0785],[77.5376,8.0785],[77.5376,8.0782],[77.5362,8.0782],[77.5362,8.0779],[77.5354,8.0779],[77.5354,8.0776],[77.5349,8.0776],[77.5349,8.0774],[77.5329,8.0774],[77.5329,8.0771],[77.5313,8.0771],[77.5313,8.0774],[77.531,8.0774],[77.531,8.0793],[77.5307,8.0793],[77.5307,8.0799],[77.5301,8.0799],[77.5301,8.0801],[77.5299,8.0801],[77.5299,8.0804],[77.5293,8.0804],[77.5293,8.0807],[77.5285,8.0807],[77.5285,8.081],[77.5276,8.081],[77.5276,8.0813],[77.5274,8.0813],[77.5274,8.081],[77.5268,8.081],[77.5268,8.0813],[77.526,8.0813],[77.526,8.0815],[77.5229,8.0815],[77.5229,8.0818],[77.5224,8.0818],[77.5224,8.0815],[77.5218,8.0815],[77.5218,8.0818],[77.5199,8.0818],[77.5199,8.0815],[77.5193,8.0815],[77.5193,8.0818],[77.5188,8.0818],[77.5188,8.0824],[77.5174,8.0824],[77.5174,8.0821],[77.5168,8.0821],[77.5168,8.0818],[77.5165,8.0818],[77.5165,8.0826],[77.5146,8.0826],[77.5146,8.0829],[77.511,8.0829],[77.511,8.0832],[77.5104,8.0832],[77.5104,8.0835],[77.5096,8.0835],[77.5096,8.0838],[77.5082,8.0838],[77.5082,8.0835],[77.5068,8.0835],[77.5068,8.0838],[77.5065,8.0838],[77.5065,8.084],[77.5057,8.084],[77.5057,8.0843],[77.5054,8.0843],[77.5054,8.0846],[77.5051,8.0846],[77.5051,8.0849],[77.5049,8.0849],[77.5049,8.0851],[77.5032,8.0851],[77.5032,8.0854],[77.5015,8.0854],[77.5015,8.0857],[77.5007,8.0857],[77.5007,8.086],[77.5001,8.086],[77.5001,8.0862],[77.499,8.0862],[77.499,8.0865],[77.4987,8.0865],[77.4987,8.0868],[77.4982,8.0868],[77.4982,8.0871],[77.4932,8.0871],[77.4932,8.0868],[77.4926,8.0868],[77.4926,8.0871],[77.4918,8.0871],[77.4918,8.0874],[77.4893,8.0874],[77.4893,8.0876],[77.4882,8.0876],[77.4882,8.0879],[77.4874,8.0879],[77.4874,8.0882],[77.486,8.0882],[77.486,8.0885],[77.4854,8.0885],[77.4854,8.0888],[77.4846,8.0888],[77.4846,8.0885],[77.4843,8.0885],[77.4843,8.0882],[77.4835,8.0882],[77.4835,8.0885],[77.4826,8.0885],[77.4826,8.0888],[77.4818,8.0888],[77.4818,8.0885],[77.4815,8.0885],[77.4815,8.0888],[77.481,8.0888],[77.481,8.0885],[77.4804,8.0885],[77.4804,8.0896],[77.4796,8.0896],[77.4796,8.0899],[77.4771,8.0899],[77.4771,8.0896],[77.4757,8.0896],[77.4757,8.0899],[77.4749,8.0899],[77.4749,8.0901],[77.4729,8.0901],[77.4729,8.0904],[77.471,8.0904],[77.471,8.0907],[77.4693,8.0907],[77.4693,8.091],[77.4687,8.091],[77.4688,8.0913],[77.4674,8.0913],[77.4674,8.0915],[77.4662,8.0915],[77.4662,8.0918],[77.4654,8.0918],[77.4654,8.0921],[77.4646,8.0921],[77.4646,8.0924],[77.4621,8.0924],[77.4621,8.0926],[77.4613,8.0926],[77.4613,8.0929],[77.4587,8.0929],[77.4587,8.0932],[77.4576,8.0932],[77.4576,8.0929],[77.4574,8.0929],[77.4574,8.0932],[77.4568,8.0932],[77.4568,8.0935],[77.456,8.0935],[77.456,8.0932],[77.4551,8.0932],[77.4551,8.0935],[77.4529,8.0935],[77.4529,8.0938],[77.4512,8.0938],[77.4512,8.094],[77.4485,8.094],[77.4485,8.0943],[77.4468,8.0943],[77.4468,8.0946],[77.4454,8.0946],[77.4454,8.0949],[77.4446,8.0949],[77.4446,8.0951],[77.4429,8.0951],[77.4429,8.0954],[77.4418,8.0954],[77.4418,8.0957],[77.4415,8.0957],[77.4415,8.096],[77.441,8.096],[77.441,8.0962],[77.4399,8.0962],[77.4399,8.0965],[77.439,8.0965],[77.439,8.0968],[77.4379,8.0968],[77.4379,8.0971],[77.4376,8.0971],[77.4376,8.0974],[77.4368,8.0974],[77.4368,8.0971],[77.4357,8.0971],[77.4357,8.0974],[77.4343,8.0974],[77.4343,8.0971],[77.4337,8.0971],[77.4337,8.0974],[77.4329,8.0974],[77.4329,8.0976],[77.4326,8.0976],[77.4326,8.0979],[77.4324,8.0979],[77.4324,8.0982],[77.4321,8.0982],[77.4321,8.0985],[77.4313,8.0985],[77.4313,8.0988],[77.431,8.0988],[77.431,8.099],[77.4301,8.099],[77.4301,8.0993],[77.4282,8.0993],[77.4282,8.0996],[77.4274,8.0996],[77.4274,8.0999],[77.4271,8.0999],[77.4271,8.1001],[77.4265,8.1001],[77.4265,8.0999],[77.4238,8.0999],[77.4238,8.1001],[77.4226,8.1001],[77.4226,8.1004],[77.4221,8.1004],[77.4221,8.1007],[77.4212,8.1007],[77.4212,8.101],[77.4207,8.101],[77.4207,8.1013],[77.4193,8.1013],[77.4193,8.1015],[77.4185,8.1015],[77.4185,8.1018],[77.4171,8.1018],[77.4171,8.1021],[77.416,8.1021],[77.416,8.1024],[77.4154,8.1024],[77.4154,8.1026],[77.4151,8.1026],[77.4151,8.1029],[77.4146,8.1029],[77.4146,8.1032],[77.414,8.1032],[77.414,8.1029],[77.4137,8.1029],[77.4137,8.1032],[77.4132,8.1032],[77.4132,8.1035],[77.4129,8.1035],[77.4129,8.1038],[77.4104,8.1038],[77.4104,8.104],[77.4099,8.104],[77.4099,8.1043],[77.409,8.1043],[77.409,8.1046],[77.4082,8.1046],[77.4082,8.1049],[77.4065,8.1049],[77.4065,8.1051],[77.4054,8.1051],[77.4054,8.1054],[77.4046,8.1054],[77.4046,8.1057],[77.404,8.1057],[77.404,8.106],[77.4021,8.106],[77.4021,8.1062],[77.4015,8.1062],[77.4015,8.1065],[77.401,8.1065],[77.401,8.1068],[77.4004,8.1068],[77.4004,8.1071],[77.3999,8.1071],[77.3999,8.1074],[77.3993,8.1074],[77.3993,8.1076],[77.3982,8.1076],[77.3982,8.1079],[77.3968,8.1079],[77.3968,8.1082],[77.396,8.1082],[77.396,8.1085],[77.3951,8.1085],[77.3951,8.1088],[77.3943,8.1088],[77.3943,8.109],[77.3938,8.109],[77.3938,8.1093],[77.3932,8.1093],[77.3932,8.1096],[77.3924,8.1096],[77.3924,8.1099],[77.3918,8.1099],[77.3918,8.1101],[77.391,8.1101],[77.391,8.1104],[77.3901,8.1104],[77.3901,8.1107],[77.3896,8.1107],[77.3896,8.111],[77.389,8.111],[77.389,8.1113],[77.3882,8.1113],[77.3882,8.1115],[77.3874,8.1115],[77.3874,8.1118],[77.3865,8.1118],[77.3865,8.1121],[77.3857,8.1121],[77.3857,8.1124],[77.3843,8.1124],[77.3843,8.1126],[77.3832,8.1126],[77.3832,8.1129],[77.3824,8.1129],[77.3824,8.1132],[77.381,8.1132],[77.381,8.1135],[77.3796,8.1135],[77.3796,8.1137],[77.3785,8.1137],[77.3785,8.114],[77.3779,8.114],[77.3779,8.1143],[77.3774,8.1143],[77.3774,8.114],[77.3768,8.114],[77.3768,8.1143],[77.3751,8.1143],[77.3751,8.1146],[77.3743,8.1146],[77.3743,8.1149],[77.3735,8.1149],[77.3735,8.1151],[77.3729,8.1151],[77.3729,8.1154],[77.3726,8.1154],[77.3726,8.1157],[77.3721,8.1157],[77.3721,8.116],[77.371,8.116],[77.371,8.1163],[77.3707,8.1163],[77.3707,8.1174],[77.3704,8.1174],[77.3704,8.1171],[77.3688,8.1171],[77.3688,8.1174],[77.3682,8.1174],[77.3682,8.1176],[77.3676,8.1176],[77.3676,8.1179],[77.3662,8.1179],[77.3662,8.1182],[77.366,8.1182],[77.366,8.1185],[77.3657,8.1185],[77.3657,8.1187],[77.3649,8.1187],[77.3649,8.119],[77.3646,8.119],[77.3646,8.1193],[77.364,8.1193],[77.364,8.1196],[77.3637,8.1196],[77.3637,8.1199],[77.3635,8.1199],[77.3635,8.1196],[77.3618,8.1196],[77.3618,8.1199],[77.3613,8.1199],[77.3613,8.1201],[77.3596,8.1201],[77.3596,8.1204],[77.359,8.1204],[77.359,8.1207],[77.3574,8.1207],[77.3574,8.121],[77.3571,8.121],[77.3571,8.1213],[77.3568,8.1213],[77.3568,8.1215],[77.3554,8.1215],[77.3554,8.1213],[77.3551,8.1213],[77.3551,8.1215],[77.3546,8.1215],[77.3546,8.1218],[77.354,8.1218],[77.354,8.1221],[77.3529,8.1221],[77.3529,8.1224],[77.3521,8.1224],[77.3521,8.1226],[77.3518,8.1226],[77.3518,8.1224],[77.351,8.1224],[77.351,8.1226],[77.3504,8.1226],[77.3504,8.1229],[77.349,8.1229],[77.349,8.1232],[77.3482,8.1232],[77.3482,8.1229],[77.3476,8.1229],[77.3476,8.1226],[77.3474,8.1226],[77.3474,8.1229],[77.3468,8.1229],[77.3468,8.1232],[77.3463,8.1232],[77.3463,8.1235],[77.3449,8.1235],[77.3449,8.1237],[77.344,8.1237],[77.344,8.124],[77.3435,8.124],[77.3435,8.1243],[77.3421,8.1243],[77.3421,8.124],[77.341,8.124],[77.341,8.1243],[77.3404,8.1243],[77.3404,8.1246],[77.3399,8.1246],[77.3399,8.1249],[77.3393,8.1249],[77.3393,8.1251],[77.3374,8.1251],[77.3374,8.1254],[77.336,8.1254],[77.336,8.1257],[77.3351,8.1257],[77.3351,8.126],[77.3332,8.126],[77.3332,8.1263],[77.3326,8.1263],[77.3326,8.126],[77.3321,8.126],[77.3321,8.1263],[77.331,8.1263],[77.331,8.1265],[77.3301,8.1265],[77.3301,8.1263],[77.3282,8.1263],[77.3282,8.126],[77.3279,8.126],[77.3279,8.1257],[77.3276,8.1257],[77.3276,8.126],[77.3268,8.126],[77.3268,8.1263],[77.326,8.1263],[77.326,8.1265],[77.3249,8.1265],[77.3249,8.1263],[77.324,8.1263],[77.324,8.126],[77.3235,8.126],[77.3235,8.1251],[77.3238,8.1251],[77.3238,8.1243],[77.3235,8.1243],[77.3235,8.124],[77.3232,8.124],[77.3232,8.1235],[77.3229,8.1235],[77.3229,8.1224],[77.3226,8.1224],[77.3226,8.1221],[77.3218,8.1221],[77.3218,8.1224],[77.3215,8.1224],[77.3215,8.1226],[77.3212,8.1226],[77.3212,8.1229],[77.321,8.1229],[77.321,8.1232],[77.3207,8.1232],[77.3207,8.1229],[77.3204,8.1229],[77.3204,8.1226],[77.3199,8.1226],[77.3199,8.1229],[77.3196,8.1229],[77.3196,8.1232],[77.3187,8.1232],[77.3187,8.121],[77.3185,8.121],[77.3185,8.1207],[77.3176,8.1207],[77.3176,8.121],[77.3171,8.121],[77.3171,8.1213],[77.3168,8.1213],[77.3168,8.121],[77.316,8.121],[77.316,8.1213],[77.3157,8.1213],[77.3157,8.1215],[77.3154,8.1215],[77.3154,8.1218],[77.3151,8.1218],[77.3151,8.1221],[77.3149,8.1221],[77.3149,8.1224],[77.3146,8.1224],[77.3146,8.1229],[77.3143,8.1229],[77.3143,8.1232],[77.314,8.1232],[77.314,8.1235],[77.3129,8.1235],[77.3129,8.1237],[77.3124,8.1237],[77.3124,8.124],[77.3121,8.124],[77.3121,8.1243],[77.3115,8.1243],[77.3115,8.1257],[77.3112,8.1257],[77.3112,8.126],[77.311,8.126],[77.311,8.1263],[77.3104,8.1263],[77.3104,8.1265],[77.3101,8.1265],[77.3101,8.1268],[77.3085,8.1268],[77.3085,8.1271],[77.3079,8.1271],[77.3079,8.1274],[77.3076,8.1274],[77.3076,8.1276],[77.3074,8.1276],[77.3074,8.1279],[77.3071,8.1279],[77.3071,8.1282],[77.3068,8.1282],[77.3068,8.1279],[77.3065,8.1279],[77.3065,8.1276],[77.3063,8.1276],[77.3063,8.1279],[77.3057,8.1279],[77.3057,8.1285],[77.306,8.1285],[77.306,8.129],[77.3057,8.129],[77.3057,8.1293],[77.306,8.1293],[77.306,8.1304],[77.3057,8.1304],[77.3057,8.131],[77.3051,8.131],[77.3051,8.1313],[77.3043,8.1313],[77.3043,8.1315],[77.3035,8.1315],[77.3035,8.1318],[77.3037,8.1318],[77.3037,8.1321],[77.3035,8.1321],[77.3035,8.1324],[77.3037,8.1324],[77.3037,8.1332],[77.304,8.1332],[77.304,8.1338],[77.3043,8.1338],[77.3043,8.134],[77.304,8.134],[77.304,8.1351],[77.3037,8.1351],[77.3037,8.1354],[77.304,8.1354],[77.304,8.1376],[77.3037,8.1376],[77.3037,8.1385],[77.3035,8.1385],[77.3035,8.1388],[77.3026,8.1388],[77.3026,8.139],[77.3024,8.139],[77.3024,8.1388],[77.3021,8.1388],[77.3021,8.1393],[77.3018,8.1393],[77.3018,8.1396],[77.3015,8.1396],[77.3015,8.1402],[77.3018,8.1401],[77.3018,8.1407],[77.3021,8.1407],[77.3021,8.141],[77.3024,8.141],[77.3024,8.1415],[77.3021,8.1415],[77.3021,8.1432],[77.3018,8.1432],[77.3018,8.1438],[77.3015,8.1438],[77.3015,8.144],[77.3012,8.144],[77.3012,8.1446],[77.301,8.1446],[77.301,8.1451],[77.3004,8.1451],[77.3004,8.1454],[77.3001,8.1454],[77.3001,8.1457],[77.2999,8.1457],[77.2999,8.146],[77.2993,8.146],[77.2993,8.1462],[77.299,8.1462],[77.299,8.1468],[77.2988,8.1468],[77.2988,8.1471],[77.2985,8.1471],[77.2985,8.1474],[77.2982,8.1474],[77.2982,8.1476],[77.2979,8.1476],[77.2979,8.1479],[77.2976,8.1479],[77.2976,8.1482],[77.2974,8.1482],[77.2974,8.1485],[77.2971,8.1485],[77.2971,8.1488],[77.2968,8.1488],[77.2968,8.1493],[77.2965,8.1493],[77.2965,8.1496],[77.2949,8.1496],[77.2949,8.1499],[77.2946,8.1499],[77.2946,8.1501],[77.2943,8.1501],[77.2943,8.1504],[77.294,8.1504],[77.294,8.1507],[77.2935,8.1507],[77.2935,8.151],[77.2932,8.151],[77.2932,8.1512],[77.2929,8.1512],[77.2929,8.1515],[77.2926,8.1515],[77.2926,8.1518],[77.2924,8.1518],[77.2924,8.1521],[77.2921,8.1521],[77.2921,8.1524],[77.291,8.1524],[77.291,8.1526],[77.2907,8.1526],[77.2907,8.1529],[77.2901,8.1529],[77.2901,8.1532],[77.2899,8.1532],[77.2899,8.1538],[77.2893,8.1538],[77.2893,8.154],[77.289,8.154],[77.289,8.1543],[77.2887,8.1543],[77.2887,8.1546],[77.2879,8.1546],[77.2879,8.1549],[77.2874,8.1549],[77.2874,8.1552],[77.2865,8.1551],[77.2865,8.1557],[77.2862,8.1557],[77.2862,8.1563],[77.286,8.1563],[77.286,8.1568],[77.2849,8.1568],[77.2849,8.1571],[77.284,8.1571],[77.284,8.1574],[77.2838,8.1574],[77.2838,8.1576],[77.2832,8.1576],[77.2832,8.1579],[77.2824,8.1579],[77.2824,8.1582],[77.2821,8.1582],[77.2821,8.1585],[77.2826,8.1585],[77.2826,8.1588],[77.2821,8.1588],[77.2821,8.159],[77.2818,8.159],[77.2818,8.1593],[77.2813,8.1593],[77.2813,8.1596],[77.281,8.1596],[77.281,8.1599],[77.2804,8.1599],[77.2804,8.1601],[77.2799,8.1601],[77.2799,8.1604],[77.2796,8.1604],[77.2796,8.1607],[77.279,8.1607],[77.279,8.161],[77.2787,8.161],[77.2787,8.1613],[77.2782,8.1613],[77.2782,8.1615],[77.2779,8.1615],[77.2779,8.1618],[77.2774,8.1618],[77.2774,8.1621],[77.2768,8.1621],[77.2768,8.1624],[77.2763,8.1624],[77.2763,8.1626],[77.2757,8.1626],[77.2757,8.1629],[77.2751,8.1629],[77.2751,8.1632],[77.2743,8.1632],[77.2743,8.1635],[77.2738,8.1635],[77.2738,8.1638],[77.2732,8.1638],[77.2732,8.164],[77.2726,8.164],[77.2726,8.1643],[77.2721,8.1643],[77.2721,8.1646],[77.2715,8.1646],[77.2715,8.1649],[77.271,8.1649],[77.271,8.1651],[77.2704,8.1651],[77.2704,8.1654],[77.2699,8.1654],[77.2699,8.1657],[77.269,8.1657],[77.269,8.166],[77.2685,8.166],[77.2685,8.1662],[77.2679,8.1662],[77.2679,8.1665],[77.2674,8.1665],[77.2674,8.1668],[77.2668,8.1668],[77.2668,8.1671],[77.2663,8.1671],[77.2663,8.1674],[77.266,8.1674],[77.266,8.1676],[77.2654,8.1676],[77.2654,8.1679],[77.2649,8.1679],[77.2649,8.1682],[77.2643,8.1682],[77.2643,8.1685],[77.264,8.1685],[77.264,8.1687],[77.2635,8.1687],[77.2635,8.169],[77.2629,8.169],[77.2629,8.1693],[77.2624,8.1693],[77.2624,8.1696],[77.2621,8.1696],[77.2621,8.1699],[77.2615,8.1699],[77.2615,8.1701],[77.2607,8.1701],[77.2607,8.1704],[77.2599,8.1704],[77.2599,8.1707],[77.2593,8.1707],[77.2593,8.171],[77.2585,8.171],[77.2585,8.1713],[77.2579,8.1713],[77.2579,8.1715],[77.2571,8.1715],[77.2571,8.1718],[77.2565,8.1718],[77.2565,8.1721],[77.2557,8.1721],[77.2557,8.1724],[77.2551,8.1724],[77.2551,8.1726],[77.2537,8.1726],[77.2537,8.1729],[77.2526,8.1729],[77.2526,8.1732],[77.2507,8.1732],[77.2507,8.1729],[77.2496,8.1729],[77.2496,8.1726],[77.2485,8.1726],[77.2485,8.1724],[77.2482,8.1724],[77.2482,8.1726],[77.2476,8.1726],[77.2476,8.1729],[77.2468,8.1729],[77.2468,8.1732],[77.2462,8.1732],[77.2462,8.1735],[77.246,8.1735],[77.246,8.1737],[77.2457,8.1737],[77.2457,8.174],[77.2454,8.174],[77.2454,8.1743],[77.2451,8.1743],[77.2451,8.1746],[77.2449,8.1746],[77.2449,8.1749],[77.2446,8.1749],[77.2446,8.1751],[77.2443,8.1751],[77.2443,8.1754],[77.2438,8.1754],[77.2438,8.1757],[77.2435,8.1757],[77.2435,8.176],[77.2432,8.176],[77.2432,8.1763],[77.2429,8.1763],[77.2429,8.1765],[77.2393,8.1765],[77.2393,8.1774],[77.239,8.1774],[77.239,8.1779],[77.2387,8.1779],[77.2387,8.1782],[77.2385,8.1782],[77.2385,8.1785],[77.2382,8.1785],[77.2382,8.1788],[77.2379,8.1788],[77.2379,8.179],[77.2376,8.179],[77.2376,8.1793],[77.2371,8.1793],[77.2371,8.1796],[77.2368,8.1796],[77.2368,8.1799],[77.2363,8.1799],[77.2363,8.1801],[77.236,8.1801],[77.236,8.1804],[77.2354,8.1804],[77.2354,8.1807],[77.2351,8.1807],[77.2351,8.181],[77.2349,8.181],[77.2349,8.1812],[77.2346,8.1812],[77.2346,8.1818],[77.2343,8.1818],[77.2343,8.1821],[77.234,8.1821],[77.234,8.1826],[77.2337,8.1826],[77.2337,8.1832],[77.2335,8.1832],[77.2335,8.1835],[77.2332,8.1835],[77.2332,8.1838],[77.2326,8.1838],[77.2326,8.184],[77.2321,8.184],[77.2321,8.1843],[77.2318,8.1843],[77.2318,8.1846],[77.2315,8.1846],[77.2315,8.1849],[77.2312,8.1849],[77.2312,8.1851],[77.2307,8.1851],[77.2307,8.1854],[77.2304,8.1854],[77.2304,8.1874],[77.2301,8.1874],[77.2301,8.1879],[77.2299,8.1879],[77.2299,8.1885],[77.2293,8.1885],[77.2293,8.1888],[77.2285,8.1888],[77.2285,8.189],[77.2279,8.189],[77.2279,8.1896],[77.2276,8.1896],[77.2276,8.1901],[77.2274,8.1901],[77.2274,8.1907],[77.2271,8.1907],[77.2271,8.1913],[77.2268,8.1913],[77.2268,8.1918],[77.2265,8.1918],[77.2265,8.1924],[77.2262,8.1924],[77.2262,8.1929],[77.226,8.1929],[77.226,8.1937],[77.2254,8.1937],[77.2254,8.194],[77.2246,8.194],[77.2246,8.1943],[77.2243,8.1943],[77.2243,8.1949],[77.224,8.1949],[77.224,8.1957],[77.2237,8.1957],[77.2237,8.1963],[77.2235,8.1963],[77.2235,8.1965],[77.2229,8.1965],[77.2229,8.1968],[77.2226,8.1968],[77.2226,8.1969],[77.2226,8.1971],[77.2225,8.1971],[77.2224,8.1971],[77.2224,8.1974],[77.222,8.1974],[77.2218,8.1974],[77.2218,8.1975],[77.2218,8.1976],[77.2216,8.1977],[77.2215,8.1977],[77.2215,8.1979],[77.2213,8.1979],[77.2213,8.1982],[77.2207,8.1982],[77.2207,8.1985],[77.2204,8.1985],[77.2204,8.1987],[77.2201,8.1987],[77.2201,8.199],[77.2196,8.199],[77.2196,8.1993],[77.2193,8.1993],[77.2193,8.1996],[77.219,8.1996],[77.219,8.1999],[77.2185,8.1999],[77.2185,8.2001],[77.2182,8.2001],[77.2182,8.2004],[77.2176,8.2004],[77.2176,8.2007],[77.2174,8.2007],[77.2174,8.201],[77.2168,8.201],[77.2168,8.2013],[77.2165,8.2013],[77.2165,8.2015],[77.216,8.2015],[77.216,8.2018],[77.2157,8.2018],[77.2157,8.2021],[77.2151,8.2021],[77.2151,8.2024],[77.2149,8.2024],[77.2149,8.2026],[77.2143,8.2026],[77.2143,8.2029],[77.214,8.2029],[77.214,8.2032],[77.2135,8.2032],[77.2135,8.2035],[77.2129,8.2035],[77.2129,8.2037],[77.2124,8.2037],[77.2124,8.204],[77.2118,8.204],[77.2118,8.2043],[77.2113,8.2043],[77.2113,8.2046],[77.2107,8.2046],[77.2107,8.2049],[77.2101,8.2049],[77.2101,8.2051],[77.2096,8.2051],[77.2096,8.2054],[77.209,8.2054],[77.209,8.2057],[77.2085,8.2057],[77.2085,8.206],[77.2082,8.206],[77.2082,8.2063],[77.2076,8.2063],[77.2076,8.2065],[77.2071,8.2065],[77.2071,8.2068],[77.2068,8.2068],[77.2068,8.2071],[77.2063,8.2071],[77.2063,8.2074],[77.206,8.2074],[77.206,8.2076],[77.2054,8.2076],[77.2054,8.2079],[77.2051,8.2079],[77.2051,8.2082],[77.2046,8.2082],[77.2046,8.2085],[77.2043,8.2085],[77.2043,8.2088],[77.2038,8.2088],[77.2038,8.209],[77.2035,8.209],[77.2035,8.2093],[77.2029,8.2093],[77.2029,8.2096],[77.2026,8.2096],[77.2026,8.2099],[77.2021,8.2099],[77.2021,8.2101],[77.2018,8.2101],[77.2018,8.2104],[77.2012,8.2104],[77.2012,8.2107],[77.2007,8.2107],[77.2007,8.211],[77.2004,8.211],[77.2004,8.2113],[77.1999,8.2113],[77.1999,8.2115],[77.1993,8.2115],[77.1993,8.2118],[77.1988,8.2118],[77.1988,8.2121],[77.1985,8.2121],[77.1985,8.2124],[77.1979,8.2124],[77.1979,8.2126],[77.1974,8.2126],[77.1974,8.2129],[77.1968,8.2129],[77.1968,8.2132],[77.1963,8.2132],[77.1963,8.2135],[77.1957,8.2135],[77.1957,8.2138],[77.1951,8.2138],[77.1951,8.214],[77.1946,8.214],[77.1946,8.2143],[77.194,8.2143],[77.194,8.2146],[77.1935,8.2146],[77.1935,8.2149],[77.1929,8.2149],[77.1929,8.2151],[77.1918,8.2151],[77.1918,8.2154],[77.1913,8.2154],[77.1913,8.2157],[77.1904,8.2157],[77.1904,8.216],[77.1899,8.216],[77.1899,8.2163],[77.1893,8.2163],[77.1893,8.2165],[77.1888,8.2165],[77.1888,8.2168],[77.1885,8.2168],[77.1885,8.2171],[77.1879,8.2171],[77.1879,8.2174],[77.1874,8.2174],[77.1874,8.2176],[77.1868,8.2176],[77.1868,8.2179],[77.1865,8.2179],[77.1865,8.2182],[77.186,8.2182],[77.186,8.2185],[77.1857,8.2185],[77.1857,8.2188],[77.1854,8.2188],[77.1854,8.219],[77.1851,8.219],[77.1851,8.2193],[77.1846,8.2193],[77.1846,8.2196],[77.1843,8.2196],[77.1843,8.2199],[77.184,8.2199],[77.184,8.2204],[77.1837,8.2204],[77.1837,8.221],[77.1835,8.221],[77.1835,8.2212],[77.1832,8.2212],[77.1832,8.2218],[77.1829,8.2218],[77.1829,8.2224],[77.1826,8.2224],[77.1826,8.2229],[77.1824,8.2229],[77.1824,8.2232],[77.1821,8.2232],[77.1821,8.2238],[77.1818,8.2238],[77.1818,8.2246],[77.1815,8.2246],[77.1815,8.2254],[77.1813,8.2254],[77.1813,8.2262],[77.181,8.2262],[77.181,8.2268],[77.1807,8.2268],[77.1807,8.2271],[77.1799,8.2271],[77.1799,8.2274],[77.1796,8.2274],[77.1796,8.2276],[77.1793,8.2276],[77.1793,8.2279],[77.179,8.2279],[77.179,8.2282],[77.1787,8.2282],[77.1787,8.2285],[77.1785,8.2285],[77.1785,8.2288],[77.1782,8.2288],[77.1782,8.229],[77.1779,8.229],[77.1779,8.2293],[77.1776,8.2293],[77.1776,8.2299],[77.1774,8.2299],[77.1774,8.2301],[77.1771,8.2301],[77.1771,8.2304],[77.1768,8.2304],[77.1768,8.2307],[77.1765,8.2307],[77.1765,8.231],[77.1762,8.231],[77.1762,8.2313],[77.176,8.2313],[77.176,8.2318],[77.1757,8.2318],[77.1757,8.2321],[77.1754,8.2321],[77.1754,8.2324],[77.1751,8.2324],[77.1751,8.2326],[77.1749,8.2326],[77.1749,8.2329],[77.1746,8.2329],[77.1746,8.2332],[77.1743,8.2332],[77.1743,8.2335],[77.1737,8.2335],[77.1738,8.2338],[77.1735,8.2338],[77.1735,8.234],[77.1732,8.234],[77.1732,8.2343],[77.1729,8.2343],[77.1729,8.2346],[77.1726,8.2346],[77.1726,8.2349],[77.1724,8.2349],[77.1724,8.2351],[77.1721,8.2351],[77.1721,8.2354],[77.1718,8.2354],[77.1718,8.2357],[77.1712,8.2357],[77.1712,8.236],[77.171,8.236],[77.171,8.2363],[77.1707,8.2362],[77.1707,8.2365],[77.1704,8.2365],[77.1704,8.2368],[77.1699,8.2368],[77.1699,8.2374],[77.1701,8.2374],[77.1701,8.2385],[77.1699,8.2385],[77.1699,8.2388],[77.1696,8.2388],[77.1696,8.239],[77.1693,8.239],[77.1693,8.2393],[77.1687,8.2393],[77.1687,8.2396],[77.1685,8.2396],[77.1685,8.2401],[77.1682,8.2401],[77.1682,8.2404],[77.1679,8.2404],[77.1679,8.241],[77.1676,8.241],[77.1676,8.2426],[77.1674,8.2426],[77.1674,8.2438],[77.1671,8.2438],[77.1671,8.2443],[77.1668,8.2443],[77.1668,8.2449],[77.1663,8.2449],[77.1663,8.2451],[77.1657,8.2451],[77.1657,8.2457],[77.1646,8.2457],[77.1646,8.246],[77.164,8.246],[77.164,8.2462],[77.1635,8.2462],[77.1635,8.2465],[77.1621,8.2465],[77.1621,8.246],[77.1618,8.246],[77.1618,8.2457],[77.1621,8.2457],[77.1621,8.2454],[77.1629,8.2454],[77.1629,8.2449],[77.1626,8.2449],[77.1626,8.2451],[77.1624,8.2451],[77.1624,8.2446],[77.1621,8.2446],[77.1621,8.2449],[77.1618,8.2449],[77.1618,8.2451],[77.1615,8.2451],[77.1615,8.2454],[77.1612,8.2454],[77.1612,8.2457],[77.161,8.2457],[77.161,8.246],[77.1604,8.246],[77.1604,8.2462],[77.1599,8.2462],[77.1599,8.2465],[77.1593,8.2465],[77.1593,8.2468],[77.1588,8.2468],[77.1588,8.2471],[77.1585,8.2471],[77.1585,8.2474],[77.1582,8.2474],[77.1582,8.2479],[77.1579,8.2479],[77.1579,8.2482],[77.1576,8.2482],[77.1576,8.2485],[77.1571,8.2485],[77.1571,8.2488],[77.1568,8.2488],[77.1568,8.249],[77.1563,8.249],[77.1563,8.2493],[77.156,8.2493],[77.156,8.2499],[77.1557,8.2499],[77.1557,8.2501],[77.1551,8.2501],[77.1551,8.2504],[77.1549,8.2504],[77.1549,8.2507],[77.1543,8.2507],[77.1543,8.251],[77.154,8.251],[77.154,8.2513],[77.1535,8.2513],[77.1535,8.2515],[77.1532,8.2515],[77.1532,8.2518],[77.1526,8.2518],[77.1526,8.2521],[77.1524,8.2521],[77.1524,8.2524],[77.1521,8.2524],[77.1521,8.2526],[77.1515,8.2526],[77.1515,8.2529],[77.1513,8.2529],[77.1513,8.2532],[77.151,8.2532],[77.151,8.2535],[77.1504,8.2535],[77.1504,8.2537],[77.1501,8.2537],[77.1501,8.254],[77.1496,8.254],[77.1496,8.2543],[77.1493,8.2543],[77.1493,8.2546],[77.149,8.2546],[77.149,8.2549],[77.1485,8.2549],[77.1485,8.2551],[77.1482,8.2551],[77.1482,8.2554],[77.1479,8.2554],[77.1479,8.2557],[77.1474,8.2557],[77.1474,8.256],[77.1471,8.256],[77.1471,8.2563],[77.1465,8.2563],[77.1465,8.2568],[77.1462,8.2568],[77.1462,8.2574],[77.146,8.2574],[77.146,8.2576],[77.1454,8.2576],[77.1454,8.2579],[77.1451,8.2579],[77.1451,8.2582],[77.1446,8.2582],[77.1446,8.2585],[77.144,8.2585],[77.144,8.2587],[77.1438,8.2587],[77.1438,8.259],[77.1432,8.259],[77.1432,8.2593],[77.1429,8.2593],[77.1429,8.2596],[77.1424,8.2596],[77.1424,8.2599],[77.1413,8.2599],[77.1413,8.2601],[77.1404,8.2601],[77.1404,8.2604],[77.1401,8.2604],[77.1401,8.2607],[77.1399,8.2607],[77.1399,8.261],[77.1396,8.261],[77.1396,8.2612],[77.139,8.2612],[77.139,8.2615],[77.1387,8.2615],[77.1387,8.2618],[77.1385,8.2618],[77.1385,8.2621],[77.1379,8.2621],[77.1379,8.2624],[77.1376,8.2624],[77.1376,8.2626],[77.1374,8.2626],[77.1374,8.2629],[77.1371,8.2629],[77.1371,8.2632],[77.1368,8.2632],[77.1368,8.2635],[77.1365,8.2635],[77.1365,8.2638],[77.1363,8.2638],[77.1363,8.264],[77.136,8.264],[77.136,8.2643],[77.1354,8.2643],[77.1354,8.2646],[77.1351,8.2646],[77.1351,8.2649],[77.1346,8.2649],[77.1346,8.2651],[77.1343,8.2651],[77.1343,8.2654],[77.1338,8.2654],[77.1338,8.2657],[77.1335,8.2657],[77.1335,8.266],[77.1329,8.266],[77.1329,8.2663],[77.1326,8.2663],[77.1326,8.2665],[77.1315,8.2665],[77.1315,8.2668],[77.1312,8.2668],[77.1312,8.2671],[77.131,8.2671],[77.131,8.2674],[77.1307,8.2674],[77.1307,8.2679],[77.1304,8.2679],[77.1304,8.2682],[77.1301,8.2682],[77.1301,8.2685],[77.1299,8.2685],[77.1299,8.2688],[77.1296,8.2688],[77.1296,8.269],[77.1285,8.269],[77.1285,8.2696],[77.1282,8.2696],[77.1282,8.2699],[77.1276,8.2699],[77.1276,8.2701],[77.1274,8.2701],[77.1274,8.2704],[77.1271,8.2704],[77.1271,8.2707],[77.1265,8.2707],[77.1265,8.271],[77.1263,8.271],[77.1263,8.2713],[77.126,8.2713],[77.126,8.2715],[77.1254,8.2715],[77.1254,8.2718],[77.1251,8.2718],[77.1251,8.2721],[77.1246,8.2721],[77.1246,8.2724],[77.124,8.2724],[77.124,8.2726],[77.1235,8.2726],[77.1235,8.2729],[77.1229,8.2729],[77.1229,8.2732],[77.1226,8.2732],[77.1226,8.2735],[77.1224,8.2735],[77.1224,8.2737],[77.1221,8.2737],[77.1221,8.274],[77.1215,8.274],[77.1215,8.2743],[77.1212,8.2743],[77.1212,8.2746],[77.121,8.2746],[77.121,8.2749],[77.1207,8.2749],[77.1207,8.2751],[77.1204,8.2751],[77.1204,8.2754],[77.1199,8.2754],[77.1199,8.2757],[77.1196,8.2757],[77.1196,8.276],[77.1193,8.276],[77.1193,8.2763],[77.119,8.2763],[77.119,8.2765],[77.1185,8.2765],[77.1185,8.2768],[77.1182,8.2768],[77.1182,8.2771],[77.1179,8.2771],[77.1179,8.2774],[77.1174,8.2774],[77.1174,8.2776],[77.1171,8.2776],[77.1171,8.2779],[77.1168,8.2779],[77.1168,8.2782],[77.1162,8.2782],[77.1162,8.2785],[77.116,8.2785],[77.116,8.2788],[77.1157,8.2788],[77.1157,8.279],[77.1151,8.279],[77.1151,8.2793],[77.1149,8.2793],[77.1149,8.2796],[77.1146,8.2796],[77.1146,8.2799],[77.1143,8.2799],[77.1143,8.2801],[77.114,8.2801],[77.114,8.2804],[77.1137,8.2804],[77.1137,8.2807],[77.1132,8.2807],[77.1132,8.281],[77.1129,8.281],[77.1129,8.2813],[77.1124,8.2813],[77.1124,8.2815],[77.1121,8.2815],[77.1121,8.2818],[77.1118,8.2818],[77.1118,8.2821],[77.1113,8.2821],[77.1113,8.2824],[77.111,8.2824],[77.111,8.2826],[77.1107,8.2826],[77.1107,8.2829],[77.1104,8.2829],[77.1104,8.2832],[77.1099,8.2832],[77.1099,8.2835],[77.1096,8.2835],[77.1096,8.2837],[77.1093,8.2837],[77.1093,8.284],[77.109,8.284],[77.109,8.2843],[77.1085,8.2843],[77.1085,8.2846],[77.1082,8.2846],[77.1082,8.2849],[77.1077,8.2849],[77.1077,8.2851],[77.1074,8.2851],[77.1074,8.2854],[77.1071,8.2854],[77.1071,8.2857],[77.1065,8.2857],[77.1065,8.286],[77.1062,8.286],[77.1062,8.2863],[77.1057,8.2863],[77.1057,8.2865],[77.1051,8.2865],[77.1051,8.2868],[77.1046,8.2868],[77.1046,8.2871],[77.1043,8.2871],[77.1043,8.2874],[77.1038,8.2874],[77.1038,8.2876],[77.1035,8.2876],[77.1035,8.2879],[77.1029,8.2879],[77.1029,8.2882],[77.1026,8.2882],[77.1026,8.2885],[77.1021,8.2885],[77.1021,8.2887],[77.1018,8.2887],[77.1018,8.289],[77.1015,8.289],[77.1015,8.2893],[77.101,8.2893],[77.101,8.2896],[77.1007,8.2896],[77.1007,8.2899],[77.1004,8.2899],[77.1004,8.2904],[77.0996,8.2904],[77.0996,8.2907],[77.099,8.2907],[77.099,8.291],[77.0987,8.291],[77.0987,8.2913],[77.0985,8.2913],[77.0985,8.2915],[77.0979,8.2915],[77.0979,8.2918],[77.0976,8.2918],[77.0976,8.2921],[77.0971,8.2921],[77.0971,8.2924],[77.0968,8.2924],[77.0968,8.2926],[77.0965,8.2926],[77.0965,8.2932],[77.096,8.2932],[77.096,8.2935],[77.0951,8.2935],[77.0951,8.2938],[77.0949,8.2937],[77.0949,8.294],[77.0946,8.294],[77.0946,8.2943],[77.0943,8.2943],[77.0943,8.2946],[77.094,8.2946],[77.094,8.2949],[77.0938,8.2949],[77.0938,8.2951],[77.0932,8.2951],[77.0932,8.2954],[77.0929,8.2954],[77.0929,8.2957],[77.0924,8.2957],[77.0924,8.2963],[77.0921,8.2963],[77.0921,8.2965],[77.0918,8.2965],[77.0918,8.2968],[77.0912,8.2968],[77.0912,8.2971],[77.091,8.2971],[77.091,8.2974],[77.0907,8.2974],[77.0907,8.2975],[77.0965,8.2981],[77.0982,8.3015],[77.1047,8.3016],[77.1009,8.3117],[77.1088,8.3129],[77.1115,8.3165],[77.1219,8.3229],[77.1306,8.3242],[77.137,8.3201],[77.1447,8.3202],[77.1498,8.3219],[77.1521,8.3195],[77.1548,8.3136],[77.1597,8.3125],[77.1597,8.3174],[77.1532,8.3257],[77.1511,8.3309],[77.1509,8.3355],[77.1568,8.3452],[77.1546,8.3514],[77.152,8.3547],[77.1475,8.3546],[77.1415,8.3491],[77.1358,8.3457],[77.1354,8.3517],[77.1432,8.3623],[77.1412,8.369],[77.1358,8.3725],[77.1348,8.3785],[77.1407,8.3828],[77.1458,8.3817],[77.1494,8.3754],[77.1537,8.3774],[77.1645,8.3878],[77.1671,8.3955],[77.1722,8.4017],[77.1798,8.4091],[77.1804,8.4186],[77.1827,8.4275],[77.1887,8.4347],[77.1988,8.4368],[77.2095,8.4377],[77.2102,8.4431],[77.2091,8.4507],[77.2051,8.4555],[77.1988,8.4602],[77.1946,8.4694],[77.1909,8.4882],[77.1865,8.4934],[77.192,8.4994],[77.1986,8.5039],[77.2064,8.5044],[77.2173,8.4961],[77.2226,8.4883],[77.2275,8.4906],[77.2324,8.4959],[77.2413,8.4981],[77.2475,8.5014],[77.2525,8.5171],[77.2582,8.5281],[77.2652,8.5374],[77.2651,8.5426],[77.2597,8.5491],[77.2515,8.571],[77.2429,8.5806],[77.2376,8.5884],[77.2321,8.5921],[77.2284,8.5978],[77.2279,8.6031],[77.2283,8.6129],[77.2187,8.6184],[77.2124,8.6288],[77.2083,8.6312],[77.2052,8.6353],[77.1985,8.6411],[77.1952,8.6487],[77.1903,8.6549],[77.1871,8.6623],[77.1905,8.6712],[77.1898,8.6774],[77.1877,8.6838],[77.183,8.69],[77.1793,8.6996],[77.1723,8.7032],[77.167,8.7076],[77.1617,8.7152],[77.1629,8.7209],[77.1574,8.7312],[77.1553,8.7376],[77.1572,8.7408],[77.1627,8.7352],[77.1709,8.7334],[77.1765,8.735],[77.1811,8.7408],[77.1837,8.7481],[77.1834,8.7534],[77.1808,8.7576],[77.183,8.7611],[77.1914,8.7584],[77.1978,8.7577],[77.2022,8.7609],[77.1993,8.7656],[77.1984,8.7695],[77.2053,8.7704],[77.2096,8.7737],[77.2147,8.7758],[77.2154,8.7867],[77.2174,8.797],[77.224,8.7983],[77.2274,8.8006],[77.2316,8.8071],[77.2309,8.8116],[77.232,8.8135],[77.2362,8.8176],[77.247,8.8319],[77.2429,8.8412],[77.246,8.8431],[77.2456,8.8451],[77.2404,8.8515],[77.2432,8.8551],[77.243,8.8593],[77.2415,8.8648],[77.2399,8.8681],[77.232,8.8691],[77.2271,8.8718],[77.2232,8.8778],[77.2239,8.8851],[77.2215,8.8881],[77.2147,8.8921],[77.2116,8.8931],[77.2063,8.8932],[77.202,8.9067],[77.2074,8.9139],[77.2047,8.9174],[77.1981,8.9193],[77.1939,8.9219],[77.1898,8.9196],[77.1868,8.9157],[77.1897,8.9126],[77.1848,8.9102],[77.1804,8.9157],[77.1806,8.9185],[77.1792,8.921],[77.1819,8.9288],[77.1816,8.9326],[77.1797,8.9375],[77.1812,8.942],[77.1802,8.947],[77.1753,8.9508],[77.1747,8.9569],[77.1632,8.9623],[77.1584,8.9782],[77.1469,8.9869],[77.1441,8.9918],[77.1439,8.9918],[77.1432,8.9979],[77.1373,8.9982],[77.1342,9],[77.1351,9.0055],[77.1333,9.0083],[77.1322,9.0119],[77.1365,9.0131],[77.1406,9.0154],[77.1469,9.0216],[77.1453,9.0272],[77.1482,9.033],[77.1538,9.0366],[77.1674,9.0385],[77.1701,9.0339],[77.1821,9.0365],[77.1802,9.0448],[77.1829,9.0471],[77.1843,9.0506],[77.1887,9.0565],[77.1915,9.062],[77.1928,9.065],[77.1906,9.07],[77.1897,9.0752],[77.1959,9.0884],[77.2022,9.0914],[77.2048,9.0958],[77.2094,9.0976],[77.2117,9.1064],[77.217,9.1081],[77.2257,9.1141],[77.2302,9.1148],[77.2326,9.1179],[77.2377,9.13],[77.2454,9.1355],[77.2461,9.1392],[77.2518,9.143],[77.2496,9.156],[77.2523,9.165],[77.2484,9.1758],[77.2455,9.176],[77.2433,9.1761],[77.2366,9.1792],[77.2396,9.1866],[77.2397,9.1899],[77.247,9.1893],[77.2503,9.1902],[77.2533,9.1934],[77.2582,9.2001],[77.2668,9.2088],[77.2614,9.217],[77.2595,9.2244],[77.2636,9.2319],[77.2625,9.2409],[77.2657,9.2437],[77.2659,9.2553],[77.2678,9.2579],[77.2676,9.2624],[77.2741,9.2632],[77.2671,9.2817],[77.2668,9.2909],[77.2701,9.2918],[77.2735,9.2942],[77.2777,9.2953],[77.2835,9.3009],[77.2842,9.3051],[77.2868,9.3081],[77.2868,9.3101],[77.2854,9.3156],[77.2823,9.3196],[77.2852,9.3212],[77.2841,9.3275],[77.2869,9.3269],[77.2906,9.3277],[77.3001,9.325],[77.307,9.3276],[77.3113,9.3279],[77.3097,9.3346],[77.3206,9.3511],[77.32,9.3548],[77.323,9.3586],[77.3195,9.3633],[77.3198,9.3761],[77.3258,9.3787],[77.3261,9.3805],[77.3249,9.3835],[77.3276,9.3898],[77.3274,9.3941],[77.3214,9.4018],[77.3217,9.4057],[77.3241,9.4082],[77.3301,9.4152],[77.3319,9.4214],[77.3346,9.4239],[77.3343,9.4311],[77.3429,9.4404],[77.3454,9.4453],[77.3516,9.4497],[77.3566,9.4479],[77.3602,9.4437],[77.3636,9.4433],[77.3677,9.4439],[77.3722,9.4453],[77.3786,9.4508],[77.3774,9.4587],[77.3822,9.4612],[77.3868,9.4674],[77.3841,9.4698],[77.3839,9.4791],[77.3855,9.4862],[77.3879,9.491],[77.3962,9.4965],[77.3949,9.5044],[77.3901,9.5046],[77.3864,9.5068],[77.3868,9.5167],[77.3707,9.5087],[77.3663,9.5148],[77.361,9.5162],[77.3547,9.5239],[77.3505,9.5263],[77.3506,9.5403],[77.3488,9.5462],[77.3466,9.5486],[77.34,9.5491],[77.3381,9.5503],[77.3374,9.5549],[77.3359,9.5568],[77.3405,9.5641],[77.3437,9.5638],[77.3453,9.5673],[77.3409,9.5776],[77.3432,9.5848],[77.3448,9.5876],[77.3462,9.5878],[77.3492,9.5865],[77.3513,9.588],[77.3511,9.5893],[77.3409,9.5951],[77.3285,9.5732],[77.3248,9.5632],[77.321,9.5674],[77.3107,9.5704],[77.3098,9.576],[77.312,9.5782],[77.3108,9.5845],[77.3148,9.5886],[77.3137,9.5901],[77.309,9.5888],[77.3043,9.593],[77.2865,9.5873],[77.2795,9.5801],[77.275,9.581],[77.2753,9.5766],[77.2611,9.5667],[77.2579,9.5682],[77.255,9.565],[77.2505,9.5654],[77.2467,9.5687],[77.2448,9.5686],[77.242,9.5715],[77.2389,9.5734],[77.2299,9.5759],[77.2228,9.5728],[77.2147,9.5788],[77.2091,9.5844],[77.2086,9.5888],[77.2054,9.5923],[77.2008,9.5924],[77.1966,9.5957],[77.1959,9.6042],[77.186,9.6059],[77.184,9.6024],[77.1791,9.6015],[77.1746,9.5972],[77.1673,9.6007],[77.1555,9.6015],[77.1519,9.606],[77.1549,9.6084],[77.1546,9.614],[77.1622,9.6198],[77.1607,9.6273],[77.1606,9.6302],[77.1659,9.638],[77.1657,9.6482],[77.1689,9.6516],[77.1731,9.6518],[77.1725,9.6562],[77.1796,9.6604],[77.1822,9.6687],[77.1848,9.6715],[77.1859,9.6782],[77.1917,9.6862],[77.189,9.6975],[77.1902,9.7062],[77.1899,9.7155],[77.1999,9.7173],[77.2082,9.7217],[77.206,9.7375],[77.2114,9.7452],[77.2124,9.7554],[77.2186,9.76],[77.2107,9.7664],[77.2098,9.7799],[77.2225,9.7818],[77.2267,9.7868],[77.234,9.7885],[77.232,9.7944],[77.2328,9.7973],[77.2271,9.8063],[77.2195,9.8088],[77.219,9.8133],[77.2124,9.8129],[77.2089,9.8145],[77.215,9.8309],[77.2134,9.8329],[77.2138,9.8385],[77.2237,9.843],[77.2237,9.849],[77.2183,9.8535],[77.2133,9.852],[77.2092,9.8538],[77.1991,9.866],[77.2014,9.8698],[77.2027,9.8747],[77.2065,9.8778],[77.2044,9.8943],[77.2169,9.9058],[77.2209,9.9178],[77.2219,9.9228],[77.2345,9.9381],[77.2347,9.9428],[77.2359,9.9434],[77.2366,9.9414],[77.2402,9.9431],[77.2499,9.9425],[77.2553,9.9502],[77.259,9.9534],[77.2614,9.9637],[77.2595,9.9662],[77.2498,9.9728],[77.2488,9.9774],[77.2508,9.9814],[77.2467,9.9815],[77.2451,9.9862],[77.2479,9.9912],[77.2477,9.9912],[77.2477,9.9948],[77.2409,10.0001],[77.2407,10.0029],[77.2444,10.0077],[77.2489,10.0158],[77.2481,10.0202],[77.2456,10.0236],[77.2423,10.0262],[77.2371,10.0352],[77.2307,10.0395],[77.2245,10.0455],[77.2207,10.0506],[77.2182,10.0569],[77.2129,10.0585],[77.2044,10.0685],[77.1991,10.0707],[77.1952,10.0735],[77.1907,10.0812],[77.1898,10.0866],[77.1899,10.091],[77.1878,10.0925],[77.1881,10.0957],[77.1946,10.1062],[77.1979,10.1065],[77.2033,10.1036],[77.206,10.106],[77.2123,10.1088],[77.2154,10.1093],[77.2187,10.1113],[77.2213,10.1154],[77.2251,10.1185],[77.2305,10.1201],[77.2348,10.1167],[77.2399,10.1141],[77.2461,10.1124],[77.2533,10.1114],[77.255,10.1163],[77.2598,10.1191],[77.261,10.1287],[77.2601,10.1307],[77.2576,10.1322],[77.2574,10.1359],[77.2596,10.1412],[77.2591,10.1554],[77.2644,10.1797],[77.2694,10.1871],[77.2714,10.1941],[77.2697,10.1968],[77.273,10.1978],[77.2739,10.2015],[77.2762,10.2037],[77.2791,10.204],[77.2804,10.2073],[77.2748,10.2205],[77.27,10.2243],[77.2662,10.2251],[77.2588,10.2239],[77.2556,10.2255],[77.2542,10.2233],[77.2512,10.2244],[77.2492,10.2221],[77.2465,10.2206],[77.2455,10.2263],[77.2458,10.2322],[77.2448,10.2452],[77.2453,10.2486],[77.2476,10.2516],[77.2505,10.2538],[77.2465,10.2576],[77.2319,10.2772],[77.2209,10.296],[77.2172,10.298],[77.2145,10.3058],[77.2183,10.322],[77.2225,10.3285],[77.2222,10.3403],[77.2144,10.3414],[77.1995,10.342],[77.1927,10.3434],[77.189,10.3462],[77.1814,10.3432],[77.1731,10.344],[77.1688,10.346],[77.163,10.3463],[77.1482,10.3341],[77.1341,10.3237],[77.1267,10.3202],[77.1193,10.3155],[77.1143,10.3106],[77.1083,10.3072],[77.1007,10.3045],[77.0922,10.3043],[77.088,10.3018],[77.0817,10.2997],[77.0734,10.2958],[77.0676,10.2902],[77.0608,10.2865],[77.0519,10.2855],[77.0511,10.2829],[77.0533,10.2799],[77.0461,10.2743],[77.0338,10.2722],[77.0425,10.262],[77.0386,10.2482],[77.0303,10.2429],[77.0186,10.2418],[77.016,10.241],[77.0152,10.2376],[77.0067,10.2364],[76.9994,10.2298],[76.9958,10.2294],[76.9937,10.2277],[76.9914,10.223],[76.9873,10.2199],[76.9815,10.2199],[76.9746,10.2139],[76.9708,10.2087],[76.9673,10.2126],[76.9618,10.2158],[76.9588,10.2187],[76.9523,10.2198],[76.9459,10.2228],[76.9392,10.2211],[76.9278,10.2296],[76.925,10.2298],[76.9203,10.2254],[76.9093,10.2232],[76.9055,10.2248],[76.9012,10.2278],[76.8987,10.2326],[76.8923,10.2327],[76.8936,10.2374],[76.8918,10.2431],[76.8846,10.2551],[76.8771,10.2563],[76.8708,10.2641],[76.8623,10.2671],[76.8616,10.2696],[76.8621,10.2825],[76.8643,10.29],[76.8606,10.2907],[76.8579,10.2893],[76.8507,10.2828],[76.8406,10.2836],[76.8399,10.2814],[76.8399,10.2775],[76.8385,10.2776],[76.8353,10.2817],[76.8319,10.2838],[76.83,10.2911],[76.8249,10.2938],[76.8197,10.2952],[76.8196,10.3026],[76.8242,10.3123],[76.8259,10.32],[76.8268,10.3303],[76.8257,10.3342],[76.8276,10.3376],[76.8358,10.3464],[76.8362,10.353],[76.8393,10.3597],[76.8382,10.3626],[76.8307,10.3721],[76.8246,10.3752],[76.8205,10.3818],[76.8157,10.3865],[76.8226,10.3941],[76.8226,10.3989],[76.8215,10.4034],[76.815,10.4018],[76.812,10.4114],[76.8073,10.4149],[76.8175,10.4385],[76.821,10.4802],[76.8203,10.4907],[76.8253,10.503],[76.8314,10.5246],[76.832,10.5292],[76.8245,10.5376],[76.8257,10.543],[76.8302,10.553],[76.8291,10.5571],[76.8255,10.5616],[76.826,10.5675],[76.8293,10.5765],[76.8297,10.5851],[76.8283,10.5883],[76.8245,10.5896],[76.8154,10.5883],[76.8086,10.5945],[76.8096,10.6043],[76.8085,10.6073],[76.805,10.6091],[76.8033,10.6141],[76.8057,10.6208],[76.805,10.6263],[76.8147,10.626],[76.8224,10.6274],[76.8269,10.6271],[76.8313,10.6259],[76.8382,10.6267],[76.8447,10.6263],[76.8525,10.6239],[76.8595,10.6252],[76.8726,10.6294],[76.8746,10.6392],[76.8722,10.6535],[76.8695,10.6564],[76.8704,10.6608],[76.8702,10.6641],[76.8677,10.6662],[76.8633,10.667],[76.8551,10.6724],[76.8555,10.6753],[76.8598,10.6771],[76.8619,10.6806],[76.8616,10.6863],[76.8651,10.6929],[76.875,10.7067],[76.881,10.7061],[76.8837,10.7074],[76.8813,10.7129],[76.8793,10.7202],[76.8804,10.7261],[76.8868,10.7367],[76.8877,10.743],[76.8904,10.7475],[76.8931,10.7504],[76.8943,10.7554],[76.8939,10.7606],[76.8967,10.7661],[76.8975,10.7708],[76.8915,10.7922],[76.8883,10.7999],[76.8819,10.8011],[76.86,10.7998],[76.8526,10.8085],[76.8404,10.8077],[76.8371,10.8155],[76.8434,10.8225],[76.8452,10.8265],[76.8427,10.8319],[76.8387,10.8376],[76.8341,10.8427],[76.8276,10.8471],[76.8246,10.8504],[76.8209,10.8589],[76.8176,10.8618],[76.7909,10.871],[76.7853,10.8715],[76.7813,10.8739],[76.7777,10.879],[76.773,10.8816],[76.7667,10.8817],[76.7619,10.8798],[76.7491,10.8848],[76.744,10.8849],[76.7394,10.8844],[76.7327,10.881],[76.7308,10.8841],[76.7279,10.8868],[76.7228,10.8876],[76.7185,10.8898],[76.7114,10.8956],[76.7004,10.9008],[76.693,10.9023],[76.6846,10.9024],[76.6749,10.9064],[76.6528,10.92],[76.6492,10.9242],[76.6474,10.929],[76.6556,10.9343],[76.6573,10.9387],[76.655,10.9422],[76.6593,10.9505],[76.6604,10.9605],[76.6778,10.9797],[76.6787,10.9861],[76.6808,10.9927],[76.6798,10.9994],[76.6904,11.0175],[76.6988,11.0227],[76.7065,11.0314],[76.7121,11.0325],[76.7324,11.029],[76.744,11.0259],[76.757,11.0246],[76.7818,11.029],[76.7868,11.0323],[76.7925,11.0424],[76.7934,11.047],[76.79,11.0497],[76.7754,11.0343],[76.7672,11.0322],[76.7623,11.0343],[76.7548,11.0392],[76.7511,11.0468],[76.7465,11.047],[76.7402,11.0456],[76.7371,11.0475],[76.736,11.0545],[76.7344,11.0583],[76.7345,11.0639],[76.7464,11.0709],[76.748,11.0751],[76.7463,11.0789],[76.7457,11.0839],[76.7427,11.086],[76.7386,11.084],[76.7341,11.0934],[76.735,11.0991],[76.7394,11.1036],[76.7406,11.1099],[76.7389,11.1149],[76.7387,11.1213],[76.7349,11.1251],[76.7293,11.1254],[76.7222,11.1225],[76.7154,11.1284],[76.7127,11.1329],[76.7098,11.1403],[76.703,11.1418],[76.7027,11.1386],[76.7056,11.1361],[76.7036,11.132],[76.7001,11.1314],[76.6967,11.1327],[76.6951,11.1402],[76.6912,11.1445],[76.686,11.1577],[76.689,11.1651],[76.6935,11.1667],[76.6968,11.1719],[76.7013,11.1745],[76.7064,11.1796],[76.7138,11.178],[76.7212,11.1845],[76.7179,11.1924],[76.718,11.1983],[76.7265,11.2065],[76.7256,11.2089],[76.7226,11.2081],[76.7205,11.2116],[76.7104,11.2183],[76.697,11.2313],[76.6794,11.227],[76.6778,11.2228],[76.6782,11.2188],[76.6682,11.2107],[76.6534,11.2043],[76.6416,11.1965],[76.6297,11.1908],[76.623,11.1857],[76.6021,11.1955],[76.5933,11.1975],[76.5778,11.1968],[76.548,11.1931],[76.5361,11.1893],[76.5212,11.1903],[76.5102,11.1953],[76.506,11.202],[76.5023,11.2029],[76.4876,11.2028],[76.4748,11.2013],[76.4659,11.1987],[76.4665,11.1861],[76.4588,11.1841],[76.4527,11.1802],[76.4436,11.1909],[76.4403,11.1913],[76.438,11.1945],[76.4429,11.2001],[76.4464,11.2305],[76.4881,11.252],[76.5135,11.262],[76.5131,11.2647],[76.5159,11.2725],[76.5219,11.2812],[76.5341,11.288],[76.5402,11.2923],[76.5305,11.2957],[76.5285,11.3034],[76.5305,11.3096],[76.5352,11.3163],[76.5398,11.321],[76.5408,11.327],[76.5382,11.3516],[76.5299,11.3477],[76.5164,11.349],[76.5095,11.3466],[76.5067,11.3477],[76.5095,11.3537],[76.5101,11.3612],[76.4729,11.3753],[76.4484,11.3814],[76.4393,11.3907],[76.4184,11.4053],[76.4082,11.4148],[76.41,11.4252],[76.4104,11.4336],[76.3906,11.428],[76.3706,11.4409],[76.3615,11.448],[76.3531,11.4508],[76.3391,11.4542],[76.3337,11.4587],[76.3209,11.4447],[76.3059,11.4534],[76.298,11.4589],[76.289,11.4563],[76.2841,11.4624],[76.2877,11.466],[76.2858,11.4686],[76.2781,11.4745],[76.2661,11.4687],[76.2579,11.4732],[76.2473,11.4641],[76.2401,11.4596],[76.2409,11.4752],[76.2448,11.4943],[76.2429,11.4987],[76.2415,11.5048],[76.2332,11.5187],[76.2396,11.5209],[76.243,11.5242],[76.2425,11.5288],[76.2383,11.5334],[76.2345,11.5465],[76.2269,11.5597],[76.2257,11.5644],[76.2597,11.5869],[76.2667,11.5893],[76.271,11.5929],[76.276,11.59],[76.2779,11.5835],[76.2859,11.583],[76.2906,11.5806],[76.2932,11.5718],[76.2938,11.565],[76.2979,11.5643],[76.3052,11.5704],[76.3092,11.5696],[76.3111,11.5775],[76.3286,11.5886],[76.3334,11.5851],[76.3335,11.5807],[76.3356,11.5783],[76.3403,11.5806],[76.3501,11.5827],[76.3654,11.5917],[76.3707,11.5935],[76.3711,11.6007],[76.3768,11.6046],[76.3767,11.6147],[76.3801,11.6224],[76.3962,11.6253],[76.4213,11.6251],[76.4248,11.6233],[76.4259,11.629],[76.4307,11.6296],[76.4342,11.6335],[76.4356,11.6377],[76.4346,11.6416],[76.4298,11.6451],[76.4277,11.6475],[76.4235,11.6593],[76.4313,11.6566],[76.4514,11.6551],[76.4666,11.6723],[76.4737,11.6781],[76.4738,11.6842],[76.4793,11.6824],[76.4853,11.6823],[76.4878,11.6855],[76.5042,11.698],[76.5131,11.6942],[76.5247,11.686],[76.5353,11.677],[76.5404,11.6705],[76.543,11.663],[76.5431,11.6565],[76.5452,11.6483],[76.5471,11.6358],[76.5497,11.627],[76.5532,11.6195],[76.5536,11.6129],[76.5601,11.6101],[76.5748,11.6057],[76.581,11.6094],[76.5862,11.608],[76.5883,11.6044],[76.5967,11.6034],[76.6014,11.6012],[76.6079,11.6004],[76.6257,11.6038],[76.6337,11.6035],[76.6644,11.6051],[76.679,11.6041],[76.6931,11.6044],[76.7075,11.6059],[76.7202,11.6051],[76.7354,11.6052],[76.741,11.6058],[76.7463,11.6105],[76.7514,11.6067],[76.7738,11.6034],[76.7808,11.6036],[76.7908,11.5997],[76.8083,11.5962],[76.8165,11.5972],[76.8236,11.5913],[76.8299,11.5898],[76.8335,11.587],[76.836,11.584],[76.8373,11.5745],[76.8438,11.586],[76.8473,11.5886],[76.8509,11.6018],[76.8459,11.6061],[76.8458,11.6116],[76.8416,11.6132],[76.8383,11.6158],[76.838,11.6188],[76.8388,11.6234],[76.8331,11.6253],[76.8297,11.6293],[76.8292,11.635],[76.8278,11.6384],[76.8285,11.6441],[76.83,11.649],[76.8323,11.6527],[76.8357,11.6561],[76.8384,11.6647],[76.8414,11.6698],[76.8447,11.6774],[76.8462,11.6825],[76.8491,11.6872],[76.8557,11.6943],[76.8536,11.6988],[76.8646,11.7105],[76.8756,11.7179],[76.8809,11.7246],[76.8817,11.7301],[76.886,11.7445],[76.8885,11.7504],[76.8893,11.7606],[76.888,11.7659],[76.8915,11.7701],[76.8934,11.7773],[76.8997,11.7833],[76.9068,11.7812],[76.9135,11.7804],[76.9267,11.7809],[76.9324,11.7774],[76.9358,11.7767],[76.9403,11.781],[76.9444,11.7813],[76.9503,11.7754],[76.9532,11.7713],[76.9596,11.7652],[76.9633,11.7708],[76.9654,11.7765],[76.9748,11.791],[76.9734,11.7951],[76.9728,11.8011],[76.9821,11.7995],[76.9904,11.7993],[77.0044,11.803],[77.0088,11.797],[77.0134,11.7992],[77.0186,11.7973],[77.0228,11.795],[77.0286,11.7891],[77.0277,11.7867],[77.0317,11.784],[77.0303,11.7783],[77.0223,11.7647],[77.0276,11.7617],[77.0413,11.7776],[77.0457,11.7792],[77.0525,11.7792],[77.0565,11.7771],[77.0619,11.7721],[77.0544,11.765],[77.0501,11.7577],[77.0739,11.7295],[77.0716,11.725],[77.0759,11.7239],[77.0963,11.7231],[77.1037,11.7155],[77.1093,11.7128],[77.1083,11.7224],[77.1054,11.7316],[77.1032,11.7459],[77.1057,11.7506],[77.1061,11.7562],[77.1053,11.7595],[77.1028,11.7631],[77.111,11.7631],[77.1139,11.7618],[77.1197,11.7634],[77.1274,11.7609],[77.131,11.7624],[77.1346,11.7664],[77.1372,11.772],[77.1438,11.7713],[77.1554,11.7743],[77.1659,11.7742],[77.1723,11.7757],[77.1784,11.7795],[77.1897,11.7828],[77.2039,11.7845],[77.2164,11.7848],[77.2271,11.7837],[77.2371,11.7882],[77.2413,11.794],[77.2417,11.8025],[77.2485,11.8009],[77.2723,11.7912],[77.2783,11.7897],[77.2824,11.7929],[77.2848,11.7984],[77.2905,11.7942],[77.3062,11.7787],[77.3136,11.77],[77.3261,11.7589],[77.3457,11.7641],[77.3509,11.7686],[77.3552,11.7784],[77.3595,11.7788],[77.3622,11.7758],[77.3819,11.7762],[77.4015,11.764],[77.4065,11.7623],[77.4125,11.7623],[77.4125,11.7561],[77.4135,11.7512],[77.4193,11.7507],[77.4207,11.7603],[77.4238,11.7661],[77.4311,11.7717],[77.4303,11.7767],[77.4321,11.7789],[77.4362,11.7818],[77.4409,11.7913],[77.4425,11.8065],[77.4465,11.8115],[77.4466,11.8163],[77.4516,11.8234],[77.4563,11.8391],[77.4554,11.8427],[77.451,11.8443],[77.4525,11.8491],[77.4521,11.8532],[77.4539,11.8573],[77.4552,11.8673],[77.4533,11.8709],[77.453,11.8759],[77.4539,11.8819],[77.4528,11.8885],[77.4539,11.8906],[77.4633,11.8873],[77.4674,11.8832],[77.4704,11.8836],[77.4737,11.8778],[77.4769,11.876],[77.4772,11.8818],[77.476,11.8896],[77.4773,11.8953],[77.4795,11.9004],[77.4822,11.9121],[77.4839,11.9215],[77.4828,11.9287],[77.4844,11.9324],[77.4904,11.9297],[77.5006,11.9272],[77.511,11.9253],[77.514,11.9257],[77.5237,11.9215],[77.5313,11.9265],[77.548,11.9307],[77.5733,11.924],[77.579,11.9283],[77.5857,11.9295],[77.5914,11.9263],[77.596,11.9293],[77.6037,11.9303],[77.6152,11.9341],[77.6302,11.938],[77.6367,11.9403],[77.6395,11.9428],[77.6434,11.9442],[77.6468,11.9387],[77.6548,11.9374],[77.6604,11.9381],[77.6647,11.9397],[77.6637,11.953],[77.6671,11.9589],[77.6772,11.9843],[77.681,11.9912],[77.6812,11.9912],[77.6895,12.0099],[77.6941,12.0152],[77.7016,12.0271],[77.7072,12.0333],[77.7126,12.0414],[77.7156,12.0485],[77.7204,12.0534],[77.734,12.0602],[77.7461,12.0693],[77.7505,12.0805],[77.7563,12.092],[77.7583,12.0944],[77.7628,12.0975],[77.7664,12.101],[77.7684,12.1056],[77.767,12.1091],[77.7528,12.118],[77.7473,12.1223],[77.7442,12.1267],[77.7402,12.1293],[77.7405,12.1426],[77.7391,12.1479],[77.732,12.1546],[77.7291,12.16],[77.7264,12.1673],[77.7195,12.1715],[77.7108,12.1733],[77.7013,12.1726],[77.6728,12.1814],[77.6681,12.1837],[77.6554,12.1877],[77.6447,12.1886],[77.633,12.1864],[77.6289,12.1863],[77.6256,12.1897],[77.6214,12.1917],[77.6158,12.1898],[77.6105,12.1916],[77.6041,12.1952],[77.5966,12.1953],[77.5911,12.1906],[77.5842,12.1888],[77.5696,12.1881],[77.5653,12.1905],[77.5558,12.1871],[77.5467,12.1904],[77.5385,12.1945],[77.5334,12.1938],[77.531,12.1901],[77.5281,12.19],[77.5245,12.1882],[77.5198,12.1887],[77.5113,12.184],[77.4925,12.1872],[77.4825,12.1901],[77.4788,12.194],[77.4749,12.1958],[77.4692,12.1965],[77.4657,12.2023],[77.4684,12.2102],[77.4723,12.2173],[77.4737,12.2249],[77.4668,12.234],[77.463,12.2358],[77.4635,12.244],[77.4667,12.2485],[77.4672,12.2532],[77.4702,12.2619],[77.4752,12.266],[77.4784,12.2697],[77.4842,12.2698],[77.4906,12.2731],[77.4932,12.2728],[77.498,12.2684],[77.5021,12.2663],[77.5183,12.2695],[77.5235,12.281],[77.5395,12.2824],[77.5427,12.2837],[77.5452,12.2927],[77.5561,12.2972],[77.566,12.3167],[77.5686,12.3242],[77.5753,12.3263],[77.5862,12.3363],[77.5912,12.3492],[77.6002,12.3512],[77.6038,12.3538],[77.6063,12.3603],[77.6075,12.3677],[77.6099,12.3736],[77.6109,12.3856],[77.6133,12.3978],[77.6158,12.4049],[77.6201,12.4085],[77.6207,12.4138],[77.6171,12.4187],[77.6169,12.4246],[77.6201,12.4381],[77.6182,12.4431],[77.6217,12.4544],[77.6252,12.4773],[77.6173,12.4855],[77.6108,12.478],[77.5966,12.4646],[77.5754,12.4684],[77.5825,12.4763],[77.6018,12.4917],[77.6047,12.4949],[77.6064,12.4998],[77.6052,12.5033],[77.5952,12.5037],[77.5785,12.507],[77.5798,12.5115],[77.5776,12.5235],[77.5764,12.5368],[77.5724,12.5404],[77.5701,12.5579],[77.5712,12.5635],[77.5742,12.5672],[77.5815,12.5842],[77.5821,12.6051],[77.5854,12.6119],[77.5935,12.6166],[77.5978,12.621],[77.5948,12.6271],[77.5955,12.6304],[77.5917,12.6328],[77.5894,12.6366],[77.588,12.6427],[77.5893,12.6483],[77.5903,12.6575],[77.5978,12.659],[77.6094,12.6634],[77.6329,12.6701],[77.6388,12.6701],[77.6543,12.6742],[77.6703,12.6712],[77.6659,12.6644],[77.6693,12.6619],[77.6674,12.6528],[77.6678,12.6506],[77.6733,12.6504],[77.6784,12.649],[77.6875,12.6519],[77.6955,12.6512],[77.7018,12.6582],[77.7038,12.6737],[77.7141,12.6703],[77.7141,12.6654],[77.7153,12.663],[77.7184,12.662],[77.7232,12.6632],[77.7314,12.664],[77.7332,12.6719],[77.7309,12.678],[77.7273,12.6829],[77.7336,12.6915],[77.74,12.6886],[77.7471,12.6866],[77.7502,12.6872],[77.756,12.6971],[77.7573,12.704],[77.7615,12.7077],[77.763,12.7145],[77.7556,12.7156],[77.7517,12.7184],[77.7531,12.7251],[77.7584,12.7293],[77.767,12.7296],[77.7781,12.7337],[77.7829,12.7388],[77.785,12.7451],[77.7783,12.7479],[77.7738,12.7511],[77.7716,12.7548],[77.7716,12.7598],[77.7815,12.771],[77.783,12.7761],[77.7879,12.7813],[77.7935,12.7839],[77.7979,12.7829],[77.7995,12.7869],[77.7965,12.7896],[77.7914,12.7963],[77.7944,12.8058],[77.7988,12.8049],[77.8007,12.8056],[77.7987,12.8118],[77.801,12.8208],[77.7923,12.8214],[77.788,12.8236],[77.7836,12.8283],[77.7849,12.8338],[77.7886,12.8354],[77.7895,12.8388],[77.792,12.8398],[77.7998,12.8378],[77.8049,12.8428],[77.809,12.8427],[77.8136,12.844],[77.817,12.849],[77.8221,12.8498],[77.8222,12.8546],[77.8256,12.859],[77.8309,12.8579],[77.8364,12.8576],[77.8396,12.8559],[77.8441,12.8559],[77.8494,12.8579],[77.8545,12.8567],[77.8588,12.8576],[77.8622,12.8569],[77.8669,12.8586],[77.878,12.8593],[77.8823,12.8584],[77.8875,12.8669],[77.8943,12.8682],[77.9005,12.8679],[77.9022,12.8734],[77.9093,12.873],[77.9144,12.8735],[77.9177,12.8784],[77.9243,12.8778],[77.929,12.8748],[77.9287,12.8714],[77.9184,12.8689],[77.9197,12.8635],[77.9336,12.8617],[77.9344,12.856],[77.9311,12.8562],[77.9288,12.8543],[77.9278,12.8505],[77.9184,12.8474],[77.9153,12.8443],[77.9149,12.839],[77.9118,12.8324],[77.9092,12.822],[77.9105,12.8197],[77.9183,12.8192],[77.9208,12.8162],[77.9248,12.8137],[77.933,12.8129],[77.9399,12.8293],[77.9361,12.8338],[77.9326,12.8396],[77.9335,12.8448],[77.9386,12.8497],[77.9456,12.8493],[77.9486,12.8481],[77.9468,12.8381],[77.9513,12.8379],[77.9552,12.8387],[77.958,12.8363],[77.955,12.8252],[77.9575,12.8215],[77.9713,12.8226],[77.9736,12.8182],[77.9746,12.8144],[77.9813,12.8104],[77.9814,12.7956],[77.986,12.7953],[77.9897,12.7972],[78.0015,12.7954],[78.0056,12.8033],[78.0033,12.8058],[77.9933,12.8137],[77.9999,12.819],[78.0038,12.8179],[78.0071,12.82],[78.008,12.823],[78.0071,12.8282],[78.0091,12.8337],[78.0168,12.8335],[78.0169,12.8384],[78.0144,12.843],[78.0149,12.8459],[78.0196,12.8462],[78.0222,12.8412],[78.04,12.8382],[78.042,12.8421],[78.0467,12.8424],[78.0506,12.8386],[78.0514,12.8323],[78.0646,12.8302],[78.0664,12.8267],[78.0659,12.8189],[78.0737,12.8213],[78.0761,12.8205],[78.0825,12.8092],[78.0865,12.8033],[78.0951,12.8002],[78.0977,12.7959],[78.1021,12.7934],[78.1095,12.7914],[78.1145,12.7871],[78.1178,12.7799],[78.1207,12.77],[78.1271,12.7702],[78.1316,12.7697],[78.1365,12.7692],[78.143,12.7666],[78.1477,12.7633],[78.1581,12.7602],[78.1616,12.7623],[78.1662,12.765],[78.1753,12.7633],[78.1787,12.7599],[78.184,12.7626],[78.1902,12.7611],[78.1954,12.7575],[78.1989,12.7551],[78.2023,12.7551],[78.2125,12.7551],[78.2206,12.7526],[78.2199,12.7496],[78.2193,12.747],[78.2289,12.7202],[78.2272,12.7152],[78.2203,12.7033],[78.2138,12.7024],[78.2098,12.6993],[78.2032,12.699],[78.2,12.6962],[78.1961,12.6967],[78.1947,12.6953],[78.1993,12.69],[78.1988,12.6887],[78.1895,12.6836],[78.1898,12.6813],[78.1953,12.68],[78.1968,12.6786],[78.2001,12.6756],[78.214,12.6748],[78.2281,12.6739],[78.2266,12.6801],[78.2274,12.6893],[78.2327,12.6938],[78.2391,12.6924],[78.2644,12.6918],[78.2672,12.6874],[78.2842,12.6676],[78.287,12.6581],[78.2889,12.6566],[78.2905,12.6529],[78.295,12.6542],[78.3088,12.65],[78.3224,12.6372],[78.3294,12.6384],[78.3388,12.6319],[78.3484,12.6236],[78.3605,12.6151],[78.3683,12.6118],[78.3742,12.6131],[78.3861,12.6139],[78.3975,12.6136],[78.3996,12.6134],[78.3998,12.6133],[78.4071,12.6175],[78.4123,12.6183],[78.4183,12.6206],[78.4249,12.6149],[78.4394,12.6169],[78.4474,12.6165],[78.4514,12.6158],[78.4548,12.612],[78.4596,12.6174],[78.4601,12.6205],[78.4591,12.6315],[78.4619,12.6323],[78.4629,12.6354],[78.4594,12.6388],[78.4577,12.6622],[78.4741,12.6592],[78.4886,12.6633],[78.4934,12.6696],[78.4941,12.6747],[78.4971,12.6765],[78.4974,12.6792],[78.4934,12.681],[78.4936,12.6858],[78.4896,12.6866],[78.4863,12.6905],[78.4875,12.6926],[78.4909,12.6933],[78.493,12.6937],[78.4941,12.6979],[78.4934,12.7035],[78.4949,12.7037],[78.4979,12.6985],[78.4998,12.6969],[78.5039,12.6933],[78.5046,12.698],[78.5098,12.6988],[78.5105,12.7018],[78.509,12.7049],[78.4936,12.7112],[78.4915,12.7171],[78.4844,12.7231],[78.4797,12.73],[78.4844,12.7348],[78.4889,12.732],[78.4943,12.7304],[78.4971,12.7241],[78.5018,12.7215],[78.5032,12.7181],[78.5036,12.7134],[78.5074,12.7131],[78.5094,12.7198],[78.5109,12.7217],[78.5123,12.708],[78.5147,12.707],[78.5162,12.7064],[78.5162,12.7062],[78.516,12.7035],[78.5264,12.7012],[78.5275,12.6973],[78.5256,12.6947],[78.5209,12.6972],[78.5185,12.6924],[78.5202,12.687],[78.5244,12.6797],[78.5277,12.679],[78.5313,12.6799],[78.5398,12.6842],[78.5414,12.685],[78.5437,12.6846],[78.5447,12.6844],[78.5477,12.6856],[78.5477,12.6891],[78.5451,12.6926],[78.548,12.6954],[78.552,12.6943],[78.5522,12.6971],[78.5493,12.7007],[78.5455,12.7074],[78.5482,12.715],[78.5522,12.7204],[78.5539,12.7261],[78.5509,12.7262],[78.5456,12.7286],[78.5503,12.7388],[78.5455,12.7439],[78.5466,12.7456],[78.5509,12.7468],[78.5541,12.7461],[78.5581,12.7516],[78.5616,12.7526],[78.5668,12.7521],[78.5657,12.759],[78.5777,12.7659],[78.5801,12.7672],[78.5819,12.7708],[78.5829,12.7762],[78.5825,12.7853],[78.5898,12.7924],[78.5906,12.7979],[78.5882,12.8048],[78.5977,12.8111],[78.5956,12.8155],[78.5938,12.833],[78.5923,12.8368],[78.5916,12.8385],[78.599,12.8495],[78.6044,12.8574],[78.6046,12.866],[78.606,12.8737],[78.6122,12.8886],[78.6155,12.8932],[78.6197,12.9021],[78.6248,12.9142],[78.6257,12.9192],[78.6277,12.9179],[78.6307,12.916],[78.6375,12.9159],[78.6467,12.919],[78.6357,12.9383],[78.629,12.9531],[78.6379,12.9544],[78.6202,12.9739],[78.6137,12.9789],[78.6205,12.9825],[78.6284,12.9897],[78.6373,12.9968],[78.6417,13.0016],[78.6451,13.0073],[78.649,13.0164],[78.6511,13.0179],[78.6686,13.0111],[78.6794,13.009],[78.6938,13.0044],[78.696,13.0125],[78.7013,13.0443],[78.7024,13.0562],[78.7255,13.0528],[78.7322,13.0504],[78.7395,13.0455],[78.746,13.0454],[78.7545,13.047],[78.7775,13.0532],[78.7831,13.0564],[78.7866,13.0622],[78.7942,13.0698],[78.8009,13.0755],[78.8081,13.0779],[78.8134,13.0746],[78.8323,13.0696],[78.8439,13.0715],[78.8584,13.0711],[78.8607,13.0795],[78.8647,13.0847],[78.8703,13.0869],[78.876,13.0862],[78.8835,13.082],[78.8804,13.0696],[78.8809,13.0443],[78.8794,13.0255],[78.8819,13.0198],[78.8901,13.0198],[78.9159,13.0231],[78.923,13.0218],[78.9246,13.0186],[78.9286,13.0215],[78.9275,13.0235],[78.9204,13.0286],[78.9174,13.0325],[78.9044,13.0311],[78.8984,13.0317],[78.8935,13.0351],[78.9009,13.0521],[78.9087,13.0505],[78.9108,13.0561],[78.912,13.0633],[78.9144,13.0678],[78.9301,13.066],[78.9366,13.07],[78.9458,13.0635],[78.95,13.0661],[78.9551,13.0649],[78.9592,13.0654],[78.9629,13.0716],[78.9647,13.0728],[78.9717,13.0751],[78.9796,13.0765],[78.9817,13.0762],[78.9883,13.0727],[78.9952,13.063],[79.0004,13.0579],[79.0114,13.0578],[79.0228,13.0564],[79.0259,13.0496],[79.0335,13.0457],[79.0439,13.0437],[79.0533,13.038],[79.054,13.0282],[79.0606,13.0208],[79.0691,13.0142],[79.0828,13.0125],[79.1044,13.0242],[79.1193,13.0226],[79.1311,13.0168],[79.1416,13.0098],[79.1527,13.0073],[79.1612,13.0118],[79.1706,13.0157],[79.1731,13.0193],[79.1744,13.0253],[79.1766,13.0298],[79.177,13.0334],[79.1765,13.0383],[79.1723,13.0437],[79.1747,13.0497],[79.1694,13.053],[79.1791,13.0601],[79.1807,13.067],[79.1835,13.0729],[79.187,13.0771],[79.1889,13.0846],[79.1933,13.0897],[79.2022,13.0903],[79.2074,13.0914],[79.2143,13.0968],[79.2183,13.1039],[79.2183,13.1103],[79.2224,13.116],[79.2183,13.1204],[79.2147,13.1277],[79.2183,13.1356],[79.2264,13.1346],[79.233,13.1277],[79.2367,13.1268],[79.2433,13.1334],[79.2442,13.1412],[79.2472,13.1481],[79.2514,13.1462],[79.2527,13.1413],[79.2565,13.1365],[79.2612,13.1407],[79.2674,13.1412],[79.2713,13.1381],[79.2727,13.1267],[79.2738,13.1209],[79.2775,13.1197],[79.285,13.1229],[79.2881,13.1183],[79.2988,13.1148],[79.2975,13.0974],[79.3079,13.0969],[79.31,13.0999],[79.3097,13.1069],[79.3124,13.1138],[79.3167,13.1194],[79.3307,13.1212],[79.3353,13.1275],[79.3378,13.1232],[79.3444,13.1236],[79.3501,13.1255],[79.3546,13.1298],[79.3467,13.1349],[79.3469,13.1402],[79.3478,13.1438],[79.3471,13.154],[79.3478,13.163],[79.3547,13.1613],[79.3612,13.156],[79.3649,13.1604],[79.3672,13.1656],[79.3708,13.1686],[79.369,13.1763],[79.3784,13.1824],[79.3844,13.1847],[79.3926,13.1845],[79.3979,13.1864],[79.4133,13.1858],[79.4206,13.1845],[79.4238,13.1875],[79.4216,13.1932],[79.4232,13.1989],[79.4232,13.2038],[79.4216,13.2085],[79.4455,13.2168],[79.4454,13.2217],[79.4425,13.2292],[79.4361,13.2298],[79.4269,13.2227],[79.4182,13.2185],[79.417,13.2122],[79.4108,13.2122],[79.4087,13.2196],[79.4097,13.2282],[79.4073,13.2377],[79.4087,13.2467],[79.4123,13.2575],[79.419,13.2663],[79.418,13.2691],[79.4184,13.2746],[79.425,13.2813],[79.4218,13.2867],[79.4054,13.2854],[79.399,13.2892],[79.3856,13.2947],[79.3746,13.303],[79.4014,13.3158],[79.4173,13.322],[79.4289,13.3236],[79.4546,13.3243],[79.4793,13.3215],[79.4872,13.3166],[79.4978,13.3148],[79.5095,13.3147],[79.5227,13.3159],[79.5358,13.3111],[79.5389,13.3009],[79.5392,13.2898],[79.5414,13.2789],[79.5463,13.274],[79.5487,13.2671],[79.5548,13.2592],[79.5654,13.2494],[79.571,13.2474],[79.5803,13.2454],[79.5854,13.2471],[79.5864,13.2535],[79.5887,13.2604],[79.5949,13.263],[79.6011,13.2677],[79.6051,13.2674],[79.6108,13.2646],[79.6152,13.2605],[79.6208,13.259],[79.6243,13.262],[79.6296,13.2609],[79.6307,13.2682],[79.6325,13.2735],[79.6385,13.2762],[79.6438,13.2734],[79.6486,13.2734],[79.6534,13.2746],[79.6574,13.2685],[79.6626,13.2681],[79.6659,13.2733],[79.6685,13.2819],[79.6793,13.2693],[79.6816,13.2656],[79.6843,13.2567],[79.6738,13.247],[79.6711,13.2358],[79.6733,13.2295],[79.6807,13.2284],[79.6846,13.2338],[79.6919,13.2385],[79.696,13.2339],[79.6957,13.2238],[79.6894,13.2113],[79.6888,13.2074],[79.6924,13.2075],[79.6996,13.2027],[79.7057,13.2092],[79.7114,13.2105],[79.7157,13.2144],[79.7186,13.2226],[79.7228,13.2219],[79.7265,13.2174],[79.7325,13.215],[79.7337,13.2102],[79.7375,13.2055],[79.7383,13.1983],[79.7444,13.1949],[79.7518,13.2048],[79.7577,13.2056],[79.7633,13.2089],[79.7672,13.2133],[79.7736,13.2175],[79.7773,13.2172],[79.7833,13.2179],[79.7849,13.2235],[79.7833,13.2282],[79.7754,13.2341],[79.7528,13.2438],[79.7456,13.2482],[79.7394,13.2544],[79.7218,13.2657],[79.7213,13.2722],[79.7296,13.2751],[79.7415,13.2767],[79.7461,13.28],[79.7498,13.2909],[79.7506,13.2988],[79.7541,13.3028],[79.7684,13.2896],[79.7742,13.2851],[79.7798,13.2821],[79.7873,13.2846],[79.7923,13.2916],[79.795,13.2986],[79.8003,13.3043],[79.8085,13.3051],[79.824,13.3023],[79.8306,13.3021],[79.8368,13.303],[79.8391,13.3033],[79.8512,13.3034],[79.8557,13.3081],[79.8589,13.3137],[79.8652,13.3107],[79.8706,13.3118],[79.875,13.3174],[79.8802,13.3204],[79.8861,13.3213],[79.8918,13.3246],[79.8974,13.3295],[79.9039,13.3333],[79.9063,13.3391],[79.9107,13.3437],[79.9171,13.341],[79.9255,13.3359],[79.9287,13.3435],[79.94,13.3581],[79.9406,13.361],[79.9397,13.3691],[79.948,13.3672],[79.9536,13.3741],[79.9503,13.382],[79.9356,13.3848],[79.9356,13.3906],[79.9325,13.4044],[79.936,13.4096],[79.9443,13.4108],[79.9509,13.4081],[79.9585,13.4129],[79.9632,13.4179],[79.961,13.4277],[79.9631,13.4406],[79.9622,13.4441],[79.9619,13.4513],[79.9683,13.4564],[79.9875,13.4619],[79.9906,13.4621],[79.9908,13.4592],[79.9954,13.4595],[80.0044,13.4783],[80.0059,13.4878],[80.0189,13.4864],[80.0248,13.4867],[80.036,13.4845],[80.0372,13.4928],[80.037,13.4994],[80.0328,13.5018],[80.0256,13.504],[80.0191,13.5017],[80.0136,13.5039],[80.0084,13.5083],[80.0062,13.5151],[80.0004,13.5124],[79.9902,13.5101],[79.9897,13.513],[79.9893,13.519],[79.9897,13.5268],[79.9941,13.5296],[80.0077,13.5324],[80.0145,13.5285],[80.0175,13.5251],[80.0295,13.5236],[80.0341,13.5218],[80.0454,13.522],[80.051,13.5305],[80.0595,13.5325],[80.0656,13.5348],[80.0672,13.5359],[80.0694,13.5376],[80.0728,13.5339],[80.0758,13.5268]]]]}}]}