{"type":"FeatureCollection","name":"Uttar_Pradesh","crs":{"type":"name","properties":{"name":"urn:ogc:def:crs:OGC:1.3:CRS84"}},"features":[{"type":"Feature","properties":{"ID_0":105,"ISO":"IND","NAME_0":"India","ID_1":34,"NAME_1":"Uttar Pradesh","TYPE_1":"State","ENGTYPE_1":"State","NL_NAME_1":null,"VARNAME_1":"United Provinces"},"geometry":{"type":"Polygon","coordinates":[[[77.5847,30.4088],[77.5864,30.408],[77.587,30.4081],[77.5878,30.4085],[77.5911,30.409],[77.5925,30.4095],[77.5978,30.4089],[77.599,30.4089],[77.6027,30.4084],[77.6041,30.4088],[77.606,30.4095],[77.6071,30.4096],[77.6082,30.4102],[77.6092,30.4104],[77.6112,30.4076],[77.6145,30.4058],[77.6169,30.4053],[77.6182,30.4053],[77.6221,30.4048],[77.6235,30.4052],[77.6255,30.4071],[77.6305,30.4109],[77.6329,30.4112],[77.6342,30.4109],[77.6357,30.4101],[77.6366,30.4092],[77.6394,30.4071],[77.6399,30.4064],[77.6414,30.4054],[77.643,30.4045],[77.6445,30.4026],[77.6457,30.402],[77.6476,30.3981],[77.6519,30.3955],[77.6553,30.3948],[77.6581,30.394],[77.6597,30.3939],[77.6603,30.3937],[77.6613,30.3932],[77.6615,30.3927],[77.6624,30.3917],[77.663,30.3906],[77.6637,30.3875],[77.6635,30.3856],[77.6632,30.3847],[77.6641,30.384],[77.6658,30.3834],[77.6669,30.3837],[77.6688,30.3835],[77.6718,30.3839],[77.6733,30.3857],[77.6739,30.3846],[77.677,30.3808],[77.6775,30.3791],[77.6798,30.3756],[77.6803,30.3743],[77.6827,30.3714],[77.6839,30.3696],[77.6843,30.3682],[77.686,30.3669],[77.6871,30.3646],[77.6906,30.3597],[77.6913,30.3582],[77.6928,30.3572],[77.6934,30.3557],[77.6943,30.3553],[77.6971,30.3516],[77.6977,30.3503],[77.7011,30.3475],[77.7049,30.3439],[77.7077,30.3413],[77.7099,30.3399],[77.7108,30.3388],[77.7131,30.3379],[77.7154,30.3369],[77.7177,30.3361],[77.7209,30.3354],[77.7227,30.3342],[77.7255,30.3329],[77.7297,30.3315],[77.7324,30.3299],[77.7358,30.3293],[77.7377,30.3282],[77.7402,30.3283],[77.7426,30.3276],[77.7483,30.3254],[77.7513,30.3246],[77.7571,30.321],[77.7587,30.3201],[77.7607,30.3191],[77.7627,30.3185],[77.765,30.3174],[77.773,30.3131],[77.7773,30.3099],[77.7785,30.3093],[77.7832,30.3064],[77.7843,30.3055],[77.7889,30.3037],[77.7993,30.2976],[77.8018,30.296],[77.8074,30.2936],[77.8091,30.2922],[77.8124,30.2908],[77.8186,30.2892],[77.8241,30.2864],[77.8287,30.2847],[77.8328,30.2838],[77.8363,30.2823],[77.8403,30.2812],[77.8425,30.2803],[77.8476,30.2788],[77.8519,30.2766],[77.8559,30.2739],[77.8579,30.2724],[77.861,30.2714],[77.8655,30.2705],[77.8671,30.2711],[77.8689,30.2721],[77.8715,30.2744],[77.874,30.2742],[77.8799,30.2719],[77.8822,30.2705],[77.8902,30.2682],[77.8916,30.2674],[77.8964,30.266],[77.9003,30.2644],[77.9036,30.2627],[77.908,30.2607],[77.9103,30.2593],[77.9136,30.2576],[77.9168,30.2562],[77.92,30.254],[77.9219,30.2517],[77.9239,30.2498],[77.9254,30.2487],[77.9282,30.2478],[77.9315,30.247],[77.9303,30.243],[77.9298,30.2418],[77.9293,30.24],[77.9271,30.2364],[77.9232,30.2318],[77.9218,30.2297],[77.9181,30.2248],[77.9145,30.2218],[77.9114,30.2188],[77.9076,30.217],[77.9044,30.2152],[77.9031,30.2131],[77.9023,30.2098],[77.9004,30.2058],[77.8999,30.204],[77.899,30.1949],[77.8983,30.1923],[77.8971,30.1882],[77.896,30.1863],[77.8928,30.1834],[77.8901,30.1804],[77.8879,30.1787],[77.8794,30.1697],[77.878,30.1686],[77.8766,30.167],[77.8733,30.1639],[77.872,30.163],[77.8687,30.1588],[77.8655,30.1551],[77.865,30.1521],[77.8644,30.1499],[77.8613,30.1441],[77.8599,30.1416],[77.8591,30.1405],[77.8579,30.1381],[77.8553,30.1336],[77.8523,30.1309],[77.8505,30.1287],[77.8481,30.1245],[77.8472,30.1235],[77.8447,30.1195],[77.8436,30.1183],[77.8427,30.1168],[77.8385,30.1123],[77.8375,30.1114],[77.8361,30.11],[77.8328,30.108],[77.8306,30.1072],[77.8284,30.1061],[77.8266,30.1055],[77.8253,30.1047],[77.824,30.1013],[77.8219,30.0989],[77.8219,30.0969],[77.82,30.0936],[77.8179,30.0916],[77.8152,30.0902],[77.8131,30.0896],[77.8107,30.0895],[77.8081,30.0902],[77.8055,30.092],[77.8041,30.0936],[77.8028,30.0946],[77.801,30.0962],[77.7987,30.0979],[77.7977,30.0989],[77.795,30.1006],[77.7939,30.1011],[77.7919,30.1019],[77.7896,30.1015],[77.7864,30.1],[77.786,30.0991],[77.7851,30.0968],[77.7828,30.0933],[77.7817,30.0909],[77.7801,30.0892],[77.7787,30.0854],[77.7773,30.0824],[77.7759,30.0777],[77.7752,30.0763],[77.7734,30.0739],[77.7719,30.0725],[77.7698,30.0684],[77.7691,30.0681],[77.7679,30.0669],[77.7653,30.0631],[77.7644,30.0609],[77.7615,30.0554],[77.7583,30.0505],[77.7576,30.0482],[77.7582,30.0465],[77.7598,30.0449],[77.762,30.0432],[77.7639,30.0422],[77.7657,30.0397],[77.7701,30.0369],[77.7726,30.0337],[77.7733,30.033],[77.7739,30.0321],[77.7735,30.0296],[77.7723,30.0263],[77.7694,30.0238],[77.7678,30.0229],[77.7629,30.0216],[77.7597,30.0204],[77.7576,30.0195],[77.7533,30.0174],[77.7491,30.0141],[77.7464,30.0113],[77.7446,30.0088],[77.7432,30.006],[77.7408,29.9941],[77.7368,29.9907],[77.7301,29.9875],[77.731,29.9843],[77.7441,29.9719],[77.745,29.9676],[77.7435,29.9638],[77.7401,29.9589],[77.7327,29.955],[77.7295,29.9519],[77.729,29.9456],[77.7254,29.9435],[77.7207,29.939],[77.7177,29.935],[77.7189,29.9328],[77.7242,29.9301],[77.7288,29.9286],[77.7296,29.9228],[77.733,29.9135],[77.7311,29.9113],[77.7272,29.909],[77.7248,29.9059],[77.7201,29.9028],[77.7175,29.8946],[77.713,29.8916],[77.7111,29.8881],[77.703,29.8898],[77.7025,29.8857],[77.7032,29.8785],[77.702,29.8718],[77.7033,29.8677],[77.706,29.8637],[77.7096,29.8595],[77.7133,29.8565],[77.7301,29.8531],[77.7309,29.8419],[77.7292,29.8376],[77.732,29.8346],[77.739,29.8303],[77.7423,29.8246],[77.744,29.8163],[77.7413,29.8114],[77.7421,29.8095],[77.7493,29.8044],[77.753,29.7974],[77.7647,29.7855],[77.7605,29.7813],[77.7607,29.7788],[77.7654,29.7757],[77.7635,29.7704],[77.7657,29.7637],[77.7617,29.7558],[77.7609,29.7527],[77.7619,29.7438],[77.7674,29.7378],[77.7693,29.7346],[77.7679,29.7306],[77.7638,29.7261],[77.7577,29.7159],[77.7589,29.7134],[77.762,29.7118],[77.7698,29.7099],[77.7827,29.7083],[77.7949,29.7005],[77.7974,29.6978],[77.7892,29.6859],[77.7925,29.6819],[77.8045,29.6769],[77.8111,29.6725],[77.8213,29.669],[77.829,29.6693],[77.8343,29.6719],[77.8384,29.6755],[77.8407,29.6794],[77.8429,29.6813],[77.8471,29.6806],[77.8486,29.6842],[77.8541,29.6889],[77.8585,29.6881],[77.8662,29.6934],[77.8699,29.694],[77.87,29.6988],[77.8739,29.702],[77.8772,29.7004],[77.8822,29.7],[77.8868,29.7007],[77.8999,29.6978],[77.9102,29.6989],[77.9048,29.7026],[77.9063,29.7041],[77.9084,29.7029],[77.9095,29.7038],[77.908,29.7053],[77.9096,29.7064],[77.9107,29.7055],[77.9162,29.7117],[77.9202,29.7139],[77.9249,29.7127],[77.9272,29.7146],[77.9305,29.7131],[77.9367,29.7139],[77.939,29.7148],[77.9408,29.7146],[77.9425,29.7124],[77.9494,29.7077],[77.952,29.7054],[77.9462,29.7038],[77.9423,29.702],[77.9411,29.7],[77.9436,29.6967],[77.9463,29.6955],[77.9433,29.6936],[77.9431,29.6916],[77.9449,29.6914],[77.9438,29.6894],[77.9447,29.6894],[77.9454,29.6872],[77.9473,29.6871],[77.9518,29.6857],[77.9541,29.6813],[77.9567,29.679],[77.9583,29.6768],[77.9616,29.6724],[77.9623,29.6703],[77.9632,29.6702],[77.9692,29.6739],[77.9713,29.6758],[77.9722,29.6757],[77.9721,29.6747],[77.9728,29.6725],[77.9716,29.6705],[77.9705,29.6686],[77.9694,29.6666],[77.9691,29.6645],[77.9689,29.6625],[77.9679,29.6615],[77.9667,29.6595],[77.9654,29.6555],[77.9675,29.6491],[77.9717,29.6446],[77.9745,29.6444],[77.9754,29.6443],[77.977,29.6421],[77.9747,29.6381],[77.9731,29.632],[77.9735,29.6268],[77.9749,29.6225],[77.9754,29.6183],[77.9768,29.614],[77.9746,29.6111],[77.9703,29.6135],[77.9663,29.6117],[77.9624,29.61],[77.9599,29.6123],[77.9582,29.6145],[77.9557,29.6168],[77.9519,29.616],[77.9497,29.6131],[77.9504,29.611],[77.951,29.6078],[77.9524,29.6035],[77.9532,29.6024],[77.9509,29.5984],[77.9488,29.5955],[77.9485,29.5934],[77.9483,29.5914],[77.9473,29.5904],[77.9482,29.5903],[77.9498,29.5881],[77.9516,29.5869],[77.9532,29.5847],[77.956,29.5844],[77.9599,29.5862],[77.9617,29.586],[77.9634,29.5838],[77.9663,29.5845],[77.9674,29.5857],[77.9696,29.5852],[77.9727,29.5832],[77.973,29.5833],[77.977,29.5833],[77.9788,29.5854],[77.981,29.5878],[77.9823,29.589],[77.9838,29.5881],[77.9846,29.5846],[77.984,29.5799],[77.9808,29.5688],[77.9788,29.5682],[77.9768,29.5638],[77.9771,29.5581],[77.9789,29.5541],[77.988,29.5459],[77.9942,29.5551],[78.0035,29.5561],[78.0166,29.5546],[78.0193,29.5541],[78.0326,29.5517],[78.0369,29.5526],[78.0383,29.5614],[78.0372,29.5653],[78.0426,29.5719],[78.0407,29.5753],[78.0373,29.5778],[78.0365,29.5809],[78.0398,29.588],[78.0439,29.5931],[78.0507,29.5981],[78.0592,29.6016],[78.0683,29.6014],[78.0732,29.5999],[78.0785,29.5995],[78.0821,29.6018],[78.0887,29.6133],[78.0906,29.6248],[78.0942,29.628],[78.0968,29.6306],[78.0975,29.6308],[78.107,29.6332],[78.1091,29.6367],[78.1148,29.6452],[78.134,29.6585],[78.1391,29.6761],[78.1659,29.6795],[78.1822,29.6916],[78.1923,29.7066],[78.1935,29.7101],[78.2213,29.7176],[78.2314,29.7041],[78.2648,29.7268],[78.2819,29.7423],[78.3029,29.7576],[78.3317,29.7962],[78.3319,29.7961],[78.3385,29.7925],[78.3513,29.7863],[78.386,29.7739],[78.3984,29.7721],[78.4084,29.7734],[78.4126,29.7724],[78.4243,29.7617],[78.4321,29.7581],[78.4522,29.7521],[78.4647,29.751],[78.4736,29.7485],[78.4876,29.7414],[78.4902,29.7249],[78.5003,29.7153],[78.5018,29.7117],[78.506,29.6939],[78.5074,29.6908],[78.5072,29.677],[78.5076,29.6729],[78.5096,29.6685],[78.5092,29.6597],[78.5115,29.6507],[78.5177,29.6392],[78.5255,29.6298],[78.5274,29.6244],[78.5305,29.6239],[78.5612,29.5937],[78.5765,29.5806],[78.6052,29.5618],[78.6152,29.5579],[78.6215,29.5529],[78.6396,29.5478],[78.6504,29.5407],[78.6766,29.5214],[78.6854,29.5135],[78.6934,29.5089],[78.7083,29.5094],[78.7266,29.5087],[78.7315,29.5057],[78.7391,29.505],[78.7423,29.5012],[78.7658,29.4838],[78.7747,29.4809],[78.7855,29.476],[78.797,29.476],[78.8114,29.4698],[78.8167,29.4686],[78.8238,29.4697],[78.8301,29.4685],[78.8461,29.4637],[78.8658,29.4596],[78.8754,29.46],[78.8827,29.4578],[78.8901,29.4575],[78.896,29.4562],[78.9003,29.4562],[78.9198,29.4601],[78.9229,29.4562],[78.9071,29.4518],[78.9004,29.4467],[78.8965,29.4236],[78.8906,29.4164],[78.8872,29.409],[78.8828,29.4048],[78.8728,29.3986],[78.8702,29.3924],[78.866,29.3931],[78.8626,29.3946],[78.8602,29.3939],[78.8589,29.3915],[78.86,29.3893],[78.8598,29.3877],[78.8568,29.3856],[78.8404,29.3799],[78.8363,29.3814],[78.8325,29.3813],[78.8319,29.3766],[78.8347,29.3743],[78.8358,29.3723],[78.8363,29.3714],[78.8344,29.3697],[78.8288,29.3682],[78.8239,29.3684],[78.8142,29.37],[78.8118,29.3723],[78.811,29.3803],[78.815,29.3853],[78.8116,29.3847],[78.809,29.3829],[78.8078,29.3803],[78.8068,29.3732],[78.7972,29.3556],[78.7901,29.3521],[78.7901,29.3504],[78.7917,29.3479],[78.7927,29.3434],[78.7979,29.3383],[78.7974,29.337],[78.7913,29.335],[78.7888,29.3293],[78.7813,29.332],[78.7844,29.3429],[78.7825,29.3464],[78.7809,29.3435],[78.7791,29.3423],[78.7696,29.3407],[78.7659,29.3411],[78.7638,29.3432],[78.7653,29.3457],[78.7635,29.3474],[78.7574,29.3498],[78.747,29.3433],[78.7461,29.3409],[78.7416,29.3359],[78.7415,29.3326],[78.7348,29.3318],[78.7316,29.3343],[78.7283,29.3342],[78.7277,29.3314],[78.7257,29.33],[78.7259,29.3251],[78.7286,29.319],[78.7273,29.3175],[78.7211,29.3195],[78.7198,29.3184],[78.7141,29.3193],[78.7139,29.3174],[78.7208,29.3123],[78.7276,29.3128],[78.7314,29.311],[78.7389,29.3063],[78.7468,29.3027],[78.7611,29.2933],[78.7655,29.2899],[78.7668,29.2859],[78.7586,29.2867],[78.7815,29.2712],[78.786,29.273],[78.7874,29.2653],[78.7899,29.263],[78.7929,29.2626],[78.7999,29.2579],[78.8138,29.2523],[78.8161,29.2538],[78.8229,29.2558],[78.8276,29.2579],[78.8313,29.2607],[78.8332,29.2594],[78.8341,29.2562],[78.8423,29.2543],[78.8452,29.2581],[78.8467,29.2582],[78.8506,29.2622],[78.8526,29.2613],[78.8538,29.2592],[78.8544,29.2554],[78.8579,29.2522],[78.8641,29.2495],[78.871,29.2407],[78.8736,29.2353],[78.873,29.2323],[78.8696,29.2295],[78.8701,29.2285],[78.8829,29.2253],[78.8845,29.2195],[78.8869,29.2178],[78.891,29.2165],[78.8921,29.2149],[78.8923,29.2129],[78.8877,29.2103],[78.8936,29.2048],[78.8992,29.2026],[78.8972,29.1987],[78.8943,29.1959],[78.8991,29.1906],[78.9013,29.1827],[78.9057,29.1803],[78.9057,29.1775],[78.9024,29.1745],[78.9045,29.1706],[78.9033,29.1677],[78.9057,29.1652],[78.9048,29.1632],[78.8996,29.1614],[78.895,29.1568],[78.8959,29.1558],[78.8983,29.1549],[78.9004,29.1506],[78.9145,29.149],[78.9208,29.1529],[78.9236,29.1571],[78.9337,29.1542],[78.9444,29.1496],[78.9489,29.1528],[78.9515,29.1597],[78.9561,29.1604],[78.9608,29.1616],[78.9613,29.1632],[78.9604,29.1646],[78.9606,29.1659],[78.9623,29.1668],[78.9666,29.1656],[78.9732,29.1608],[78.979,29.1548],[78.9826,29.147],[78.9835,29.1373],[78.9881,29.1351],[78.9926,29.1336],[78.9954,29.1293],[78.9947,29.1254],[78.9984,29.1229],[79.0006,29.1166],[79.0066,29.1205],[79.017,29.1179],[79.0219,29.1189],[79.0261,29.1215],[79.0297,29.1254],[79.031,29.1302],[79.0277,29.133],[79.0235,29.1331],[79.019,29.1351],[79.0119,29.1347],[79.0088,29.1362],[79.0086,29.1394],[79.012,29.1449],[79.0128,29.1491],[79.0105,29.153],[79.011,29.1572],[79.0134,29.1577],[79.017,29.154],[79.0215,29.1508],[79.0264,29.1499],[79.0287,29.1524],[79.0274,29.1559],[79.0275,29.1607],[79.0239,29.1634],[79.0218,29.1673],[79.0231,29.1708],[79.0261,29.172],[79.027,29.1723],[79.0338,29.1711],[79.0382,29.1663],[79.0461,29.1547],[79.0544,29.1552],[79.0595,29.1563],[79.0729,29.152],[79.0922,29.1367],[79.1007,29.1317],[79.1085,29.1304],[79.1136,29.1307],[79.1178,29.1339],[79.1308,29.1294],[79.1338,29.1242],[79.1422,29.1197],[79.144,29.1066],[79.1432,29.0989],[79.137,29.0909],[79.1347,29.0819],[79.137,29.0693],[79.1437,29.0601],[79.1535,29.0548],[79.1654,29.0513],[79.1602,29.0433],[79.1587,29.0342],[79.1542,29.0329],[79.1545,29.0274],[79.1583,29.0229],[79.1641,29.0206],[79.1656,29.0173],[79.1686,29.0159],[79.1776,29.0196],[79.1849,29.018],[79.183,29.0242],[79.1976,29.0221],[79.1991,29.0253],[79.204,29.0291],[79.2112,29.0237],[79.2215,29.0173],[79.2377,29.0068],[79.2394,28.9999],[79.2439,28.9965],[79.25,28.9922],[79.258,28.9869],[79.2643,28.9821],[79.2685,28.9774],[79.2705,28.9754],[79.2737,28.9729],[79.2789,28.9648],[79.286,28.9605],[79.2955,28.9543],[79.2989,28.9531],[79.3015,28.9529],[79.3047,28.9539],[79.3072,28.9585],[79.3122,28.9581],[79.3166,28.9568],[79.321,28.9568],[79.3288,28.9554],[79.3337,28.955],[79.3376,28.9545],[79.3439,28.9531],[79.3496,28.9521],[79.3519,28.9524],[79.3548,28.9534],[79.3539,28.9568],[79.3528,28.9588],[79.3529,28.9612],[79.3551,28.9653],[79.3571,28.968],[79.3597,28.9705],[79.3634,28.9667],[79.3651,28.962],[79.3674,28.9599],[79.369,28.9577],[79.3707,28.9546],[79.3722,28.9512],[79.3725,28.9476],[79.3734,28.9419],[79.3749,28.9394],[79.377,28.937],[79.3793,28.9363],[79.385,28.9373],[79.3894,28.9383],[79.3956,28.9368],[79.3983,28.9352],[79.4014,28.9323],[79.4026,28.929],[79.4014,28.9214],[79.399,28.917],[79.4001,28.911],[79.4012,28.9019],[79.4011,28.8998],[79.4004,28.8956],[79.3957,28.8854],[79.3979,28.881],[79.4019,28.8773],[79.4043,28.8749],[79.4048,28.8711],[79.4049,28.8675],[79.4062,28.8623],[79.4088,28.858],[79.4112,28.8559],[79.4171,28.8558],[79.4196,28.8553],[79.4239,28.8552],[79.4275,28.8573],[79.4303,28.8598],[79.4335,28.8616],[79.4398,28.861],[79.4478,28.8601],[79.4551,28.8601],[79.4597,28.8592],[79.4634,28.8605],[79.4647,28.8628],[79.4678,28.8649],[79.4766,28.8672],[79.4826,28.8662],[79.4865,28.8646],[79.4914,28.8626],[79.4969,28.8624],[79.5025,28.8628],[79.5072,28.8633],[79.5101,28.8647],[79.5141,28.8676],[79.5173,28.8706],[79.52,28.8733],[79.5226,28.8763],[79.5259,28.882],[79.5299,28.8869],[79.5331,28.8903],[79.5365,28.8925],[79.5387,28.8924],[79.5433,28.8907],[79.5505,28.8842],[79.5525,28.8815],[79.554,28.8785],[79.5537,28.8748],[79.5517,28.8682],[79.5513,28.8661],[79.5512,28.8632],[79.5499,28.8602],[79.5477,28.8543],[79.5482,28.85],[79.5509,28.8459],[79.5536,28.8451],[79.5572,28.8457],[79.5594,28.8467],[79.5623,28.8479],[79.5635,28.8488],[79.5658,28.8495],[79.5719,28.849],[79.5743,28.8493],[79.5766,28.8503],[79.5788,28.8524],[79.582,28.8558],[79.5923,28.8666],[79.5981,28.8649],[79.6036,28.8647],[79.6087,28.8667],[79.6135,28.8687],[79.619,28.8676],[79.624,28.8627],[79.6308,28.8589],[79.6346,28.8584],[79.6411,28.8565],[79.6433,28.8532],[79.6439,28.8529],[79.6541,28.8487],[79.6595,28.8477],[79.6662,28.8483],[79.6673,28.85],[79.6671,28.8541],[79.6729,28.8576],[79.6843,28.8573],[79.6864,28.867],[79.6881,28.8682],[79.6923,28.8683],[79.6971,28.8703],[79.7019,28.8699],[79.7052,28.8702],[79.7056,28.8724],[79.7067,28.8752],[79.7096,28.8792],[79.7122,28.8807],[79.7156,28.8818],[79.7181,28.8828],[79.7284,28.8851],[79.7328,28.8831],[79.7373,28.8826],[79.7404,28.8832],[79.7413,28.8854],[79.7449,28.8898],[79.7487,28.8915],[79.75,28.8934],[79.7598,28.8895],[79.762,28.8897],[79.7745,28.8918],[79.7906,28.8774],[79.7913,28.8738],[79.7916,28.8704],[79.7949,28.8699],[79.797,28.8705],[79.8028,28.8718],[79.8057,28.8691],[79.8069,28.8663],[79.8086,28.8628],[79.809,28.8589],[79.8081,28.8563],[79.7999,28.8543],[79.7946,28.8529],[79.7967,28.8496],[79.7982,28.848],[79.7982,28.846],[79.7943,28.843],[79.7937,28.8393],[79.7992,28.8362],[79.8015,28.8333],[79.8012,28.8296],[79.7999,28.8247],[79.7978,28.8208],[79.797,28.8165],[79.7948,28.8147],[79.7919,28.8152],[79.7894,28.8197],[79.7862,28.8209],[79.7821,28.8132],[79.7834,28.8054],[79.7854,28.8062],[79.792,28.803],[79.7947,28.8038],[79.8013,28.8045],[79.803,28.8056],[79.8042,28.8071],[79.805,28.8087],[79.8091,28.8108],[79.8113,28.8114],[79.8141,28.8106],[79.8159,28.8123],[79.815,28.8146],[79.8147,28.8191],[79.8162,28.8217],[79.8157,28.8247],[79.8128,28.8302],[79.8138,28.8317],[79.8223,28.8418],[79.8245,28.8448],[79.8297,28.8467],[79.8338,28.8444],[79.8417,28.8426],[79.8441,28.8435],[79.8495,28.8454],[79.854,28.8443],[79.8547,28.8414],[79.8556,28.8391],[79.8606,28.8341],[79.871,28.8307],[79.8753,28.8302],[79.8755,28.8213],[79.8756,28.8183],[79.8712,28.8164],[79.8604,28.8179],[79.8542,28.8208],[79.8497,28.8217],[79.8462,28.8213],[79.8433,28.815],[79.8405,28.8087],[79.8465,28.805],[79.8534,28.8008],[79.8597,28.7985],[79.8673,28.7964],[79.8731,28.7965],[79.8801,28.7968],[79.886,28.7988],[79.8948,28.8015],[79.9013,28.8021],[79.9006,28.7994],[79.8981,28.7949],[79.8934,28.7919],[79.8889,28.7858],[79.8921,28.7813],[79.8945,28.779],[79.8993,28.7739],[79.9057,28.7721],[79.912,28.765],[79.9101,28.7633],[79.9117,28.7593],[79.9181,28.7522],[79.9215,28.745],[79.9223,28.7383],[79.9224,28.7327],[79.9295,28.7265],[79.9409,28.7215],[79.9529,28.7175],[79.9678,28.7156],[79.9748,28.7168],[79.9883,28.717],[79.9996,28.7256],[80.0029,28.7269],[80.0057,28.7295],[80.0136,28.7374],[80.023,28.7487],[80.0291,28.7581],[80.0312,28.7606],[80.0334,28.7614],[80.0348,28.7632],[80.034,28.7664],[80.0345,28.769],[80.0382,28.7751],[80.0405,28.7831],[80.0362,28.7907],[80.0327,28.7942],[80.0274,28.7974],[80.0257,28.7999],[80.032,28.8035],[80.0336,28.8055],[80.0341,28.8098],[80.0584,28.8353],[80.0638,28.8319],[80.0696,28.8299],[80.0701,28.8297],[80.0703,28.8296],[80.0724,28.8297],[80.0767,28.8244],[80.1089,28.8277],[80.1196,28.8287],[80.1198,28.8287],[80.12,28.8286],[80.1227,28.8266],[80.1271,28.8234],[80.1332,28.819],[80.1402,28.8138],[80.1567,28.7978],[80.1603,28.7943],[80.1623,28.7923],[80.1632,28.7915],[80.1649,28.7898],[80.173,28.782],[80.1834,28.7758],[80.2024,28.7645],[80.2177,28.7553],[80.2268,28.7571],[80.2354,28.7591],[80.2359,28.7592],[80.237,28.7584],[80.2383,28.7573],[80.2432,28.7561],[80.247,28.7559],[80.2523,28.7578],[80.2545,28.7561],[80.2636,28.7489],[80.2668,28.7435],[80.2662,28.7378],[80.2634,28.7327],[80.2595,28.7303],[80.2579,28.7293],[80.2623,28.7259],[80.268,28.7213],[80.2737,28.7147],[80.2765,28.7114],[80.2792,28.7099],[80.2927,28.7111],[80.2954,28.7113],[80.2985,28.7097],[80.2995,28.708],[80.3006,28.7063],[80.3056,28.7054],[80.3096,28.7046],[80.3185,28.7001],[80.3224,28.6949],[80.3237,28.6894],[80.3237,28.6892],[80.3242,28.6869],[80.323,28.6812],[80.3276,28.6698],[80.3276,28.6683],[80.3276,28.6663],[80.3389,28.6607],[80.3503,28.6532],[80.355,28.6501],[80.3569,28.647],[80.3624,28.6449],[80.3589,28.6414],[80.3597,28.6397],[80.3609,28.637],[80.3637,28.635],[80.3699,28.6348],[80.3724,28.6325],[80.3726,28.6323],[80.3733,28.629],[80.3769,28.6291],[80.378,28.6283],[80.3846,28.6306],[80.3879,28.6296],[80.4063,28.6348],[80.4164,28.6391],[80.4256,28.6371],[80.428,28.6376],[80.4341,28.6372],[80.4393,28.6352],[80.441,28.6329],[80.4443,28.6284],[80.4507,28.6287],[80.4528,28.6288],[80.4582,28.6233],[80.4628,28.6207],[80.464,28.6178],[80.4645,28.617],[80.4647,28.617],[80.4659,28.6151],[80.4657,28.6147],[80.4655,28.6142],[80.4648,28.6146],[80.4627,28.6145],[80.4641,28.6125],[80.4663,28.6057],[80.4679,28.6007],[80.4732,28.5909],[80.4733,28.5905],[80.4726,28.5845],[80.4717,28.5843],[80.4701,28.5839],[80.4703,28.5829],[80.4771,28.583],[80.4803,28.5853],[80.4815,28.5853],[80.4816,28.5853],[80.4828,28.5853],[80.4854,28.582],[80.4966,28.5752],[80.5014,28.5696],[80.5081,28.568],[80.5117,28.5637],[80.517,28.5573],[80.5193,28.5517],[80.5216,28.5542],[80.5244,28.5527],[80.532,28.5734],[80.532,28.5735],[80.5273,28.5732],[80.5233,28.5768],[80.5165,28.6159],[80.513,28.6237],[80.5129,28.6243],[80.5079,28.6463],[80.5052,28.6652],[80.5078,28.6709],[80.5416,28.6905],[80.5518,28.6915],[80.5559,28.6907],[80.5671,28.6885],[80.5704,28.6878],[80.5792,28.6845],[80.592,28.6797],[80.5826,28.6626],[80.5818,28.6612],[80.5838,28.6606],[80.5993,28.6559],[80.597,28.6536],[80.5915,28.6476],[80.6001,28.6501],[80.6079,28.6523],[80.6106,28.6457],[80.6133,28.6392],[80.6349,28.6372],[80.6432,28.6432],[80.6503,28.6362],[80.6529,28.6339],[80.6584,28.6365],[80.6693,28.6418],[80.6725,28.6283],[80.6813,28.6205],[80.6797,28.6091],[80.6796,28.6085],[80.679,28.6043],[80.6869,28.6039],[80.6974,28.6033],[80.6919,28.587],[80.7056,28.5787],[80.7078,28.5765],[80.7163,28.5679],[80.7233,28.5727],[80.7262,28.5747],[80.7281,28.5735],[80.7403,28.5658],[80.7401,28.5742],[80.7515,28.5707],[80.7607,28.5681],[80.7696,28.5655],[80.771,28.5518],[80.7712,28.5496],[80.7738,28.5491],[80.7844,28.5467],[80.7918,28.5435],[80.7916,28.543],[80.7863,28.5292],[80.788,28.5273],[80.7908,28.5243],[80.8014,28.521],[80.8101,28.5208],[80.8136,28.5207],[80.8137,28.5207],[80.8172,28.5207],[80.8317,28.5117],[80.8438,28.501],[80.8453,28.4996],[80.8461,28.4954],[80.857,28.497],[80.8673,28.4894],[80.8633,28.5041],[80.8776,28.5097],[80.8836,28.5085],[80.8979,28.5056],[80.9015,28.5004],[80.907,28.4994],[80.9086,28.4985],[80.9096,28.4978],[80.9103,28.4975],[80.9087,28.4898],[80.9087,28.4896],[80.9031,28.4856],[80.9069,28.4681],[80.9074,28.4657],[80.9097,28.4639],[80.9146,28.4598],[80.9174,28.4575],[80.9171,28.4601],[80.9161,28.4677],[80.9212,28.4637],[80.9211,28.4634],[80.9194,28.4596],[80.9272,28.4589],[80.9326,28.4584],[80.934,28.4625],[80.9342,28.463],[80.9442,28.4683],[80.9469,28.4661],[80.934,28.4585],[80.9451,28.4551],[80.9465,28.4547],[80.9526,28.4555],[80.9533,28.4555],[80.9534,28.4475],[80.9551,28.4477],[80.959,28.4484],[80.9658,28.4496],[80.9688,28.4569],[80.9815,28.4552],[80.9679,28.4456],[80.9666,28.4446],[80.9684,28.4436],[80.9698,28.4429],[80.967,28.4378],[80.9809,28.4343],[80.9796,28.4425],[80.9909,28.4416],[80.9975,28.4494],[81.0014,28.4539],[81.0178,28.4518],[81.0183,28.4517],[81.0192,28.4516],[81.0148,28.4386],[81.0147,28.4381],[81.0209,28.4317],[81.0273,28.4359],[81.0312,28.4384],[81.0356,28.4278],[81.0185,28.4156],[81.0205,28.4132],[81.0228,28.4103],[81.0264,28.4066],[81.0341,28.3987],[81.0366,28.4133],[81.0443,28.411],[81.0445,28.4109],[81.0477,28.4099],[81.0691,28.3944],[81.0727,28.3917],[81.0746,28.3901],[81.0751,28.3898],[81.0815,28.3848],[81.0911,28.382],[81.1504,28.3713],[81.1949,28.3638],[81.2045,28.362],[81.2124,28.3605],[81.2139,28.3592],[81.2151,28.3582],[81.2214,28.3448],[81.232,28.3303],[81.2363,28.3246],[81.2359,28.3157],[81.2345,28.2889],[81.2352,28.2882],[81.2357,28.2878],[81.2822,28.2347],[81.2916,28.225],[81.2937,28.2228],[81.2938,28.2228],[81.3014,28.2198],[81.3224,28.1972],[81.3202,28.1823],[81.326,28.1755],[81.3265,28.1749],[81.323,28.1687],[81.3161,28.1676],[81.3062,28.1684],[81.304,28.1677],[81.3038,28.1669],[81.3041,28.1659],[81.3049,28.1629],[81.306,28.1625],[81.3089,28.1615],[81.3105,28.161],[81.3114,28.1606],[81.3125,28.1555],[81.3164,28.1574],[81.3219,28.1601],[81.3297,28.1482],[81.3201,28.1451],[81.3195,28.1432],[81.3172,28.1369],[81.3198,28.1334],[81.3362,28.1401],[81.3439,28.1395],[81.3731,28.1422],[81.375,28.1449],[81.3784,28.1496],[81.3802,28.1554],[81.3797,28.1568],[81.3789,28.1586],[81.3785,28.1588],[81.3705,28.1608],[81.3696,28.1618],[81.3688,28.1627],[81.3687,28.1659],[81.3711,28.17],[81.3758,28.1731],[81.3752,28.1754],[81.3769,28.1769],[81.3797,28.1763],[81.3917,28.1737],[81.4125,28.1746],[81.4283,28.1706],[81.4457,28.1621],[81.4488,28.1602],[81.4478,28.1559],[81.4523,28.1514],[81.4519,28.1506],[81.4518,28.142],[81.4518,28.1408],[81.464,28.1313],[81.4694,28.1271],[81.4745,28.1255],[81.4858,28.1181],[81.4816,28.11],[81.4802,28.0825],[81.5075,28.0698],[81.5289,28.0589],[81.5395,28.0535],[81.5491,28.049],[81.5812,28.0294],[81.5884,28.025],[81.5887,28.0249],[81.5888,28.0244],[81.5989,28.0204],[81.6,28.02],[81.6189,28.0103],[81.6198,28.0092],[81.6259,28.0015],[81.6286,28.0016],[81.6379,27.9973],[81.6411,27.997],[81.6452,27.9937],[81.65,27.9933],[81.6765,27.9909],[81.6946,27.9894],[81.6948,27.9894],[81.6951,27.9894],[81.7002,27.9881],[81.7035,27.9854],[81.704,27.9865],[81.7571,27.943],[81.7589,27.9415],[81.7641,27.9374],[81.804,27.9054],[81.8067,27.9032],[81.8154,27.9044],[81.8231,27.9029],[81.825,27.9025],[81.8273,27.9004],[81.8354,27.8974],[81.8419,27.891],[81.8494,27.8871],[81.8623,27.8778],[81.8754,27.8693],[81.8821,27.8622],[81.8868,27.8572],[81.899,27.8548],[81.904,27.8537],[81.928,27.8596],[81.9271,27.8753],[81.9319,27.8825],[81.9399,27.8878],[81.94,27.8936],[81.9496,27.9034],[81.9528,27.9101],[81.9611,27.9163],[81.9636,27.923],[81.9701,27.9288],[81.9931,27.9291],[82.0274,27.925],[82.047,27.9244],[82.0644,27.9215],[82.0693,27.9222],[82.0697,27.9234],[82.0729,27.9225],[82.0824,27.909],[82.092,27.8993],[82.0933,27.8946],[82.1028,27.886],[82.1161,27.8774],[82.1231,27.8678],[82.1252,27.8648],[82.1413,27.8598],[82.1519,27.8578],[82.1559,27.8661],[82.1632,27.8624],[82.1638,27.8622],[82.1697,27.8592],[82.179,27.8545],[82.1835,27.8529],[82.198,27.8475],[82.202,27.846],[82.2102,27.843],[82.231,27.8219],[82.2323,27.8206],[82.2534,27.8105],[82.2547,27.8099],[82.305,27.773],[82.3058,27.7724],[82.3171,27.7663],[82.3384,27.7546],[82.353,27.7488],[82.369,27.7424],[82.3841,27.7205],[82.4033,27.7029],[82.4037,27.7025],[82.4047,27.7021],[82.4147,27.6981],[82.4257,27.6905],[82.4292,27.6881],[82.439,27.6849],[82.4507,27.6786],[82.4673,27.6768],[82.4752,27.6763],[82.4838,27.6827],[82.486,27.6806],[82.4919,27.681],[82.4944,27.684],[82.5022,27.6848],[82.5181,27.6902],[82.5325,27.6865],[82.5329,27.6864],[82.5406,27.6875],[82.5431,27.6855],[82.5515,27.6886],[82.5535,27.6885],[82.5564,27.6883],[82.5639,27.6916],[82.5869,27.6985],[82.5956,27.6967],[82.6021,27.704],[82.6053,27.7052],[82.6059,27.7054],[82.607,27.7058],[82.6208,27.7021],[82.6212,27.7024],[82.6295,27.709],[82.6296,27.7102],[82.6298,27.7114],[82.6404,27.7089],[82.6572,27.7131],[82.6662,27.7219],[82.6666,27.7208],[82.6684,27.7155],[82.6827,27.7136],[82.6911,27.715],[82.7009,27.7216],[82.7012,27.7218],[82.7039,27.7161],[82.707,27.7164],[82.7097,27.7214],[82.7099,27.7217],[82.7075,27.711],[82.7078,27.7027],[82.7119,27.6952],[82.7176,27.6916],[82.7202,27.6873],[82.7186,27.6843],[82.7169,27.6813],[82.7172,27.6762],[82.7172,27.6761],[82.7181,27.6755],[82.718,27.6724],[82.718,27.6724],[82.7151,27.6707],[82.7179,27.6679],[82.7174,27.6671],[82.7173,27.667],[82.7169,27.6661],[82.7138,27.6649],[82.7162,27.6624],[82.7223,27.6616],[82.721,27.6588],[82.7223,27.6572],[82.7246,27.6584],[82.7257,27.6589],[82.7265,27.6586],[82.7267,27.6585],[82.7276,27.6582],[82.7322,27.6528],[82.7324,27.6526],[82.7334,27.6489],[82.7331,27.6483],[82.7328,27.6478],[82.7322,27.6478],[82.7304,27.6467],[82.73,27.6454],[82.7355,27.646],[82.7353,27.6425],[82.7381,27.643],[82.7396,27.6405],[82.7395,27.6368],[82.737,27.6355],[82.7401,27.6318],[82.7356,27.6284],[82.7386,27.6258],[82.7377,27.625],[82.7368,27.6243],[82.7328,27.6239],[82.7386,27.6215],[82.735,27.6185],[82.7371,27.6161],[82.7368,27.6153],[82.7372,27.6133],[82.7383,27.6112],[82.7376,27.6104],[82.7369,27.6095],[82.7405,27.6065],[82.7442,27.6045],[82.7473,27.6001],[82.7468,27.5952],[82.7517,27.5937],[82.752,27.5934],[82.7574,27.5884],[82.7576,27.5876],[82.7576,27.5874],[82.7579,27.5866],[82.7542,27.5839],[82.7529,27.5768],[82.7508,27.5761],[82.751,27.575],[82.7512,27.5741],[82.7498,27.572],[82.7497,27.5718],[82.7534,27.5655],[82.7499,27.5626],[82.746,27.5612],[82.7489,27.5552],[82.7491,27.5549],[82.7437,27.5539],[82.742,27.5514],[82.7401,27.5519],[82.7405,27.5503],[82.7416,27.5501],[82.743,27.5498],[82.7396,27.5467],[82.7417,27.5453],[82.744,27.546],[82.7427,27.5446],[82.7446,27.5432],[82.7434,27.5428],[82.7432,27.5427],[82.7437,27.5413],[82.7439,27.5412],[82.7451,27.541],[82.7438,27.54],[82.7435,27.5398],[82.7436,27.5386],[82.7437,27.537],[82.7434,27.537],[82.7433,27.5366],[82.7444,27.5356],[82.7458,27.5357],[82.7466,27.5339],[82.7452,27.5337],[82.7448,27.5337],[82.744,27.5321],[82.7439,27.5319],[82.7471,27.5321],[82.747,27.5318],[82.7482,27.5317],[82.7474,27.5302],[82.7492,27.5314],[82.7471,27.5289],[82.7471,27.5288],[82.7473,27.5287],[82.7489,27.5277],[82.7488,27.5272],[82.7484,27.5257],[82.7495,27.5262],[82.7504,27.5266],[82.7513,27.5245],[82.7505,27.5238],[82.7507,27.5234],[82.7503,27.5228],[82.7514,27.5226],[82.7491,27.5194],[82.7486,27.5202],[82.7482,27.5209],[82.7442,27.521],[82.7441,27.521],[82.7451,27.5165],[82.7397,27.5182],[82.7391,27.509],[82.7396,27.5086],[82.7371,27.5082],[82.737,27.5045],[82.737,27.5031],[82.7605,27.5011],[82.7773,27.5005],[82.7873,27.5],[82.8036,27.4964],[82.8371,27.5015],[82.8502,27.4994],[82.8723,27.4984],[82.8945,27.5006],[82.9231,27.5011],[82.9279,27.5012],[82.9316,27.5009],[82.9407,27.492],[82.9415,27.4912],[82.9469,27.4768],[82.9513,27.4725],[82.9562,27.4678],[82.9628,27.4658],[83,27.4584],[83.0181,27.4541],[83.0253,27.4524],[83.0361,27.4487],[83.0714,27.4514],[83.0769,27.4526],[83.0957,27.4536],[83.1131,27.4545],[83.1347,27.4556],[83.1479,27.4564],[83.1662,27.4575],[83.1665,27.4575],[83.1673,27.4574],[83.1761,27.4556],[83.1755,27.456],[83.1902,27.454],[83.1981,27.4459],[83.2055,27.4347],[83.2125,27.4242],[83.216,27.4208],[83.2191,27.4177],[83.2278,27.4118],[83.2399,27.4073],[83.2422,27.4064],[83.2592,27.394],[83.2742,27.3834],[83.2689,27.3685],[83.2677,27.3654],[83.2746,27.3526],[83.2947,27.336],[83.2943,27.3355],[83.2944,27.3354],[83.2954,27.3348],[83.2964,27.3347],[83.2965,27.334],[83.2987,27.3342],[83.3012,27.3344],[83.3018,27.3341],[83.3026,27.3342],[83.3068,27.3312],[83.3102,27.3333],[83.3153,27.3315],[83.3196,27.33],[83.3176,27.3327],[83.3206,27.3357],[83.3203,27.3365],[83.32,27.3372],[83.3261,27.3366],[83.3265,27.3366],[83.3269,27.3363],[83.33,27.334],[83.3309,27.3342],[83.3336,27.3325],[83.3337,27.3325],[83.334,27.3325],[83.337,27.3335],[83.3381,27.3331],[83.3383,27.3331],[83.3452,27.3349],[83.3461,27.3381],[83.3545,27.3398],[83.3544,27.3399],[83.3529,27.3422],[83.3576,27.3444],[83.3612,27.343],[83.3605,27.3491],[83.3599,27.3502],[83.3666,27.3556],[83.37,27.3556],[83.3718,27.358],[83.3758,27.3571],[83.3761,27.3601],[83.3744,27.3648],[83.376,27.3688],[83.3768,27.3698],[83.3848,27.3707],[83.3902,27.3757],[83.3885,27.3803],[83.3901,27.3836],[83.3884,27.3848],[83.3871,27.3858],[83.3868,27.3901],[83.3903,27.3915],[83.3946,27.3955],[83.398,27.3956],[83.3995,27.3978],[83.4007,27.3981],[83.4076,27.4053],[83.4079,27.4079],[83.4085,27.4118],[83.4117,27.4125],[83.4116,27.4136],[83.4114,27.4147],[83.4092,27.4151],[83.4076,27.4186],[83.4019,27.419],[83.4025,27.4199],[83.3979,27.4223],[83.3949,27.425],[83.3938,27.4295],[83.3868,27.4351],[83.3867,27.4357],[83.3867,27.4358],[83.3863,27.4369],[83.3883,27.4389],[83.3884,27.4391],[83.3861,27.4407],[83.386,27.4415],[83.386,27.4422],[83.3917,27.4446],[83.392,27.4447],[83.3937,27.4466],[83.3961,27.4464],[83.3978,27.4463],[83.4007,27.4489],[83.404,27.4575],[83.402,27.4597],[83.402,27.4598],[83.4019,27.4635],[83.4046,27.4661],[83.4034,27.4671],[83.4,27.4653],[83.3979,27.4664],[83.3975,27.4666],[83.3976,27.4695],[83.3974,27.4696],[83.3907,27.4705],[83.3911,27.4729],[83.3944,27.4762],[83.3909,27.4795],[83.4086,27.4789],[83.4821,27.4754],[83.4927,27.4749],[83.5096,27.4741],[83.5532,27.4723],[83.6096,27.4697],[83.6167,27.4694],[83.641,27.4585],[83.6681,27.447],[83.6869,27.4378],[83.6944,27.4341],[83.6952,27.4337],[83.7093,27.4268],[83.7109,27.4261],[83.7474,27.409],[83.7619,27.4024],[83.7971,27.3862],[83.7978,27.3858],[83.7994,27.3852],[83.8141,27.3783],[83.8332,27.3695],[83.8547,27.3537],[83.8585,27.351],[83.8564,27.3482],[83.8562,27.3477],[83.855,27.3403],[83.8493,27.3356],[83.8293,27.3275],[83.8283,27.3259],[83.8285,27.3247],[83.829,27.3228],[83.8306,27.3214],[83.8363,27.3195],[83.8425,27.3213],[83.8452,27.3197],[83.8474,27.3169],[83.848,27.314],[83.8505,27.3121],[83.8546,27.3112],[83.8591,27.3117],[83.8724,27.3162],[83.8879,27.3265],[83.8936,27.3291],[83.8976,27.3301],[83.908,27.3304],[83.9167,27.3253],[83.9236,27.3164],[83.9253,27.3095],[83.9257,27.3042],[83.9219,27.2964],[83.9188,27.2927],[83.9105,27.2856],[83.9041,27.2812],[83.898,27.279],[83.8962,27.2771],[83.8955,27.2682],[83.898,27.2594],[83.9019,27.2521],[83.9076,27.248],[83.9118,27.2465],[83.9253,27.2425],[83.9481,27.2383],[83.9545,27.235],[83.9559,27.2335],[83.955,27.2311],[83.9615,27.228],[83.9638,27.2253],[83.9641,27.2232],[83.9633,27.2211],[83.9603,27.2167],[83.9617,27.2138],[83.9646,27.211],[83.9766,27.2034],[83.9788,27.2004],[83.9851,27.1818],[83.9842,27.1787],[83.9797,27.1734],[83.9683,27.1656],[83.9666,27.1608],[83.9586,27.1487],[83.9509,27.1409],[83.9508,27.1391],[83.9536,27.1319],[83.9525,27.129],[83.9508,27.1263],[83.9477,27.1236],[83.9414,27.1198],[83.9396,27.1167],[83.9384,27.111],[83.9386,27.1073],[83.9403,27.1023],[83.9394,27.093],[83.9408,27.0896],[83.9441,27.0873],[83.9478,27.0862],[83.9549,27.0861],[83.9712,27.0919],[83.9779,27.0926],[83.9812,27.0938],[83.9902,27.0988],[83.9927,27.1001],[83.9975,27.0985],[84.0025,27.1003],[84.0053,27.104],[84.0116,27.1049],[84.0142,27.1001],[84.0207,27.0955],[84.0189,27.0934],[84.0161,27.0918],[84.0183,27.0872],[84.0169,27.0838],[84.0119,27.0813],[84.0056,27.0719],[83.9911,27.0713],[83.9908,27.0686],[83.9949,27.0613],[84.0122,27.0538],[84.0243,27.0447],[84.0313,27.0465],[84.0356,27.0465],[84.0408,27.0447],[84.0403,27.0353],[84.036,27.029],[84.0357,27.0193],[84.0304,27.0118],[84.0399,27.0059],[84.0427,27.0031],[84.0452,26.9997],[84.0443,26.9977],[84.0495,26.9908],[84.046,26.9872],[84.039,26.988],[84.0364,26.984],[84.0425,26.9816],[84.0435,26.9804],[84.0413,26.968],[84.046,26.9681],[84.0467,26.9619],[84.0442,26.9609],[84.0409,26.9575],[84.0386,26.9578],[84.0391,26.9543],[84.0351,26.9487],[84.0317,26.9493],[84.0264,26.949],[84.0249,26.9427],[84.0288,26.9412],[84.0298,26.9396],[84.0363,26.9411],[84.0387,26.9383],[84.0366,26.933],[84.0385,26.9309],[84.0452,26.9304],[84.0477,26.9318],[84.0492,26.9146],[84.0441,26.9098],[84.0424,26.9091],[84.0451,26.9047],[84.0474,26.9062],[84.0508,26.9016],[84.049,26.8999],[84.052,26.8917],[84.0591,26.8908],[84.0601,26.8865],[84.0716,26.8819],[84.0763,26.8788],[84.0855,26.8852],[84.0879,26.8824],[84.0865,26.8789],[84.09,26.8772],[84.0926,26.8778],[84.0968,26.8863],[84.0999,26.888],[84.1011,26.8938],[84.0992,26.8952],[84.1006,26.9008],[84.1064,26.8951],[84.1094,26.8944],[84.1116,26.8919],[84.122,26.8927],[84.123,26.889],[84.1302,26.8853],[84.1408,26.8876],[84.1407,26.8839],[84.1386,26.8831],[84.1375,26.8763],[84.1393,26.874],[84.1318,26.8706],[84.1317,26.8557],[84.1505,26.8395],[84.1573,26.8364],[84.1689,26.8345],[84.1747,26.8358],[84.1774,26.8427],[84.1753,26.8459],[84.1769,26.8494],[84.1765,26.8533],[84.1808,26.8574],[84.1853,26.8601],[84.1896,26.8598],[84.1966,26.8612],[84.2092,26.871],[84.2211,26.8722],[84.222,26.8702],[84.2286,26.8698],[84.2354,26.8643],[84.2411,26.8624],[84.2456,26.8587],[84.2521,26.8449],[84.2504,26.8378],[84.251,26.8307],[84.2465,26.8276],[84.2428,26.8218],[84.2485,26.8209],[84.2468,26.8145],[84.2523,26.8087],[84.2494,26.8023],[84.2485,26.7927],[84.2411,26.7754],[84.2355,26.767],[84.2246,26.7571],[84.2332,26.7451],[84.234,26.7395],[84.2423,26.7308],[84.2474,26.7293],[84.2523,26.7315],[84.2545,26.7343],[84.2553,26.739],[84.2594,26.7408],[84.2668,26.7421],[84.2713,26.7445],[84.2786,26.7512],[84.2868,26.7514],[84.298,26.7533],[84.3066,26.7396],[84.3056,26.7377],[84.311,26.7336],[84.3185,26.7162],[84.3233,26.6885],[84.3257,26.6843],[84.3371,26.6814],[84.3448,26.6804],[84.3501,26.6814],[84.3548,26.6789],[84.3668,26.6788],[84.4022,26.6712],[84.4048,26.6428],[84.4074,26.6381],[84.4144,26.6272],[84.4006,26.6241],[84.395,26.6257],[84.3834,26.6215],[84.3789,26.6218],[84.3706,26.6154],[84.3509,26.6204],[84.3301,26.6183],[84.3255,26.6153],[84.3108,26.6146],[84.3065,26.617],[84.3027,26.6175],[84.297,26.6157],[84.295,26.6066],[84.2931,26.6055],[84.2892,26.607],[84.2868,26.6039],[84.2793,26.6066],[84.2774,26.6007],[84.2735,26.6014],[84.2722,26.5994],[84.2629,26.603],[84.2589,26.6073],[84.2506,26.6079],[84.2401,26.61],[84.2309,26.6098],[84.2287,26.6132],[84.2231,26.6131],[84.222,26.6157],[84.2157,26.6187],[84.2068,26.621],[84.2039,26.6205],[84.202,26.6243],[84.1847,26.6259],[84.177,26.6245],[84.1678,26.6263],[84.1673,26.6242],[84.1485,26.6277],[84.1535,26.6337],[84.152,26.6385],[84.1395,26.639],[84.1374,26.6365],[84.1291,26.6385],[84.1241,26.6374],[84.121,26.6376],[84.1215,26.6346],[84.1156,26.6374],[84.1061,26.6372],[84.1043,26.6327],[84.0993,26.634],[84.0993,26.6356],[84.0949,26.6365],[84.0941,26.6383],[84.0845,26.6401],[84.0818,26.6429],[84.0804,26.6408],[84.0814,26.6368],[84.0806,26.6339],[84.0838,26.6314],[84.0821,26.6266],[84.0796,26.6237],[84.0835,26.6183],[84.0828,26.6151],[84.0848,26.6106],[84.0818,26.6031],[84.0825,26.5996],[84.0791,26.5944],[84.0703,26.5893],[84.0712,26.5845],[84.0677,26.5813],[84.0629,26.5797],[84.0569,26.5734],[84.0547,26.5677],[84.0493,26.5616],[84.0481,26.5575],[84.0488,26.5503],[84.0478,26.5435],[84.043,26.541],[84.0308,26.5356],[84.02,26.5321],[84.0145,26.532],[84.0007,26.525],[83.9986,26.525],[83.9984,26.5274],[83.9903,26.5301],[83.9836,26.5315],[83.9742,26.5319],[83.9705,26.5294],[83.9681,26.5258],[83.9666,26.521],[83.9654,26.5117],[83.9625,26.5086],[83.9562,26.5082],[83.9457,26.5102],[83.9427,26.5135],[83.9435,26.5159],[83.9458,26.5184],[83.9392,26.5213],[83.935,26.5244],[83.9305,26.5248],[83.9147,26.5202],[83.9022,26.5181],[83.9008,26.5137],[83.9018,26.5104],[83.9068,26.5068],[83.9075,26.5004],[83.905,26.4943],[83.9032,26.4723],[83.9015,26.4673],[83.903,26.461],[83.9023,26.4503],[83.9081,26.4495],[83.919,26.4455],[83.9361,26.4417],[83.9463,26.4381],[83.9613,26.4371],[83.982,26.4346],[83.9835,26.4349],[83.9904,26.4476],[83.9926,26.4476],[84.0017,26.4436],[84.009,26.445],[84.011,26.4485],[84.0161,26.442],[84.0149,26.4395],[84.0164,26.4319],[84.0205,26.4288],[84.0218,26.425],[84.0332,26.4138],[84.0306,26.413],[84.0362,26.4078],[84.0383,26.4104],[84.0409,26.4085],[84.0413,26.4056],[84.045,26.4053],[84.0451,26.4041],[84.055,26.402],[84.0551,26.4002],[84.0618,26.3943],[84.0615,26.3901],[84.0706,26.3869],[84.072,26.3845],[84.0772,26.384],[84.0788,26.3857],[84.0806,26.3862],[84.0812,26.3897],[84.0877,26.3901],[84.0897,26.3875],[84.0923,26.3904],[84.0965,26.3879],[84.1152,26.3876],[84.1168,26.3852],[84.1284,26.3842],[84.1308,26.3822],[84.154,26.3762],[84.1563,26.3783],[84.1714,26.374],[84.1696,26.3626],[84.1672,26.3602],[84.1672,26.3381],[84.1768,26.3225],[84.1817,26.317],[84.1794,26.3118],[84.1715,26.3037],[84.1687,26.2929],[84.171,26.2866],[84.1696,26.2772],[84.1682,26.2737],[84.171,26.2705],[84.1714,26.2677],[84.1676,26.264],[84.1637,26.2614],[84.1574,26.2609],[84.1551,26.2577],[84.1557,26.2525],[84.1593,26.2459],[84.1573,26.2441],[84.1535,26.2453],[84.1453,26.2617],[84.1414,26.2577],[84.1259,26.2614],[84.1238,26.2588],[84.113,26.2619],[84.1123,26.2566],[84.1099,26.2531],[84.1127,26.2497],[84.1105,26.2418],[84.1014,26.2431],[84.1004,26.2393],[84.0923,26.2402],[84.0914,26.234],[84.0874,26.2365],[84.0795,26.2318],[84.0819,26.2271],[84.0801,26.2244],[84.0794,26.2212],[84.0737,26.221],[84.0736,26.2249],[84.0584,26.2267],[84.0573,26.2252],[84.0494,26.2256],[84.0468,26.2302],[84.0336,26.2321],[84.0312,26.2357],[84.0313,26.2391],[84.024,26.2396],[84.0205,26.2416],[84.0184,26.2388],[84.0141,26.2406],[84.0115,26.2407],[84.0105,26.2388],[84.0109,26.2358],[84.0055,26.2341],[84.0082,26.2253],[84.0095,26.2239],[84.0168,26.2216],[84.0205,26.2236],[84.0243,26.2198],[84.0209,26.2142],[84.019,26.2093],[84.0195,26.206],[84.0232,26.2045],[84.0236,26.2009],[84.0204,26.1976],[84.015,26.1974],[84.009,26.1996],[84.0021,26.1901],[84.0041,26.1807],[84.003,26.1782],[84.0138,26.167],[84.0197,26.1641],[84.0229,26.1653],[84.0278,26.163],[84.0284,26.1596],[84.0273,26.153],[84.0236,26.1541],[84.0181,26.1451],[84.0336,26.1375],[84.0424,26.1315],[84.0452,26.1204],[84.0419,26.1205],[84.0436,26.1172],[84.0422,26.1116],[84.0451,26.1063],[84.0482,26.1038],[84.0491,26.0997],[84.0692,26.0991],[84.0811,26.0998],[84.091,26.0965],[84.1072,26.0817],[84.1161,26.0749],[84.1279,26.0555],[84.1367,26.047],[84.159,26.0322],[84.1673,26.0255],[84.166,26.0027],[84.1662,25.9915],[84.1702,25.9917],[84.1724,25.9988],[84.1764,25.9978],[84.1923,25.9895],[84.1947,25.9913],[84.2018,26.0006],[84.2141,25.9962],[84.2234,25.9912],[84.2352,25.986],[84.2405,25.9828],[84.2446,25.9768],[84.2547,25.9711],[84.2646,25.9673],[84.2754,25.9613],[84.2837,25.9556],[84.2916,25.9483],[84.2963,25.947],[84.3031,25.9464],[84.3093,25.9469],[84.3139,25.948],[84.3437,25.9587],[84.3488,25.96],[84.3514,25.9593],[84.365,25.9505],[84.3863,25.9382],[84.4083,25.9314],[84.4093,25.9244],[84.4175,25.9114],[84.4215,25.9022],[84.4242,25.8983],[84.4233,25.8924],[84.4277,25.8912],[84.4312,25.8927],[84.4437,25.8897],[84.4507,25.8902],[84.4611,25.8887],[84.4666,25.8837],[84.4787,25.8884],[84.4853,25.8892],[84.5065,25.8724],[84.5286,25.8777],[84.5316,25.8727],[84.5406,25.8621],[84.5399,25.8604],[84.5283,25.8647],[84.52,25.8612],[84.5263,25.8554],[84.527,25.8343],[84.5329,25.8322],[84.5443,25.83],[84.5469,25.8413],[84.5565,25.8375],[84.5714,25.8298],[84.5872,25.8196],[84.5982,25.8097],[84.6109,25.8007],[84.6168,25.7955],[84.6202,25.7941],[84.6211,25.7924],[84.6191,25.789],[84.6208,25.7724],[84.6147,25.7724],[84.6101,25.7773],[84.6029,25.7724],[84.6005,25.7606],[84.6032,25.7576],[84.6149,25.7528],[84.6223,25.7473],[84.6263,25.7416],[84.6299,25.7331],[84.6306,25.7283],[84.6242,25.7279],[84.6131,25.7307],[84.5955,25.7391],[84.5556,25.7364],[84.559,25.7217],[84.5586,25.701],[84.5564,25.6886],[84.5523,25.684],[84.5314,25.6928],[84.5359,25.7265],[84.5305,25.7246],[84.5279,25.7154],[84.5246,25.6844],[84.5164,25.6777],[84.5058,25.6823],[84.499,25.6774],[84.4884,25.6779],[84.4893,25.6911],[84.4665,25.6855],[84.4603,25.6907],[84.4628,25.6959],[84.4632,25.6986],[84.4588,25.6984],[84.4587,25.7032],[84.4552,25.7103],[84.449,25.7114],[84.4488,25.7145],[84.4386,25.7107],[84.4325,25.7121],[84.4242,25.7117],[84.4236,25.6951],[84.4109,25.6985],[84.4019,25.6995],[84.3971,25.7091],[84.4004,25.7169],[84.3955,25.7244],[84.3931,25.726],[84.3936,25.7289],[84.3812,25.7343],[84.3845,25.7377],[84.3885,25.7443],[84.38,25.7487],[84.373,25.7423],[84.3695,25.7437],[84.3676,25.7417],[84.3717,25.7383],[84.3695,25.736],[84.3662,25.7384],[84.3544,25.7436],[84.3375,25.7451],[84.3313,25.7446],[84.3256,25.7371],[84.3244,25.7333],[84.3232,25.7231],[84.3236,25.704],[84.3207,25.6821],[84.3186,25.6719],[84.3134,25.6689],[84.3121,25.6724],[84.2988,25.6718],[84.2948,25.6742],[84.2921,25.677],[84.2878,25.6763],[84.2836,25.6771],[84.2822,25.6746],[84.2928,25.6685],[84.2901,25.6628],[84.2856,25.6615],[84.2729,25.6617],[84.2684,25.6633],[84.2476,25.6628],[84.2332,25.664],[84.2171,25.6641],[84.2029,25.6696],[84.1995,25.6723],[84.1972,25.6922],[84.1943,25.7034],[84.174,25.7157],[84.1675,25.7218],[84.1555,25.7259],[84.1482,25.731],[84.1452,25.7286],[84.1483,25.726],[84.1445,25.7206],[84.1357,25.7169],[84.1293,25.7174],[84.1265,25.7185],[84.1315,25.7239],[84.1368,25.7238],[84.1367,25.7275],[84.1351,25.7316],[84.1231,25.7239],[84.1079,25.7236],[84.0944,25.7204],[84.0829,25.7127],[84.0696,25.6956],[84.0736,25.6836],[84.074,25.6725],[84.0797,25.6527],[84.0765,25.6375],[84.0568,25.6322],[84.0282,25.6227],[84.0142,25.6161],[84,25.6077],[83.9916,25.601],[83.9559,25.5754],[83.9443,25.5673],[83.9397,25.5654],[83.9253,25.5632],[83.921,25.5617],[83.9171,25.5585],[83.9136,25.5543],[83.8994,25.5318],[83.8963,25.5283],[83.8928,25.5255],[83.8881,25.5232],[83.8825,25.5215],[83.8769,25.5214],[83.873,25.5204],[83.8682,25.5116],[83.8713,25.5032],[83.8667,25.4935],[83.8644,25.4906],[83.8598,25.4892],[83.8549,25.4849],[83.8511,25.4737],[83.8479,25.471],[83.8338,25.463],[83.8294,25.4615],[83.8247,25.4612],[83.8226,25.462],[83.8147,25.4683],[83.8123,25.4679],[83.8102,25.4659],[83.8067,25.4585],[83.8056,25.4537],[83.8079,25.4533],[83.8104,25.4543],[83.8138,25.4539],[83.8186,25.4529],[83.8215,25.4516],[83.8304,25.4511],[83.8334,25.4501],[83.8375,25.4462],[83.8394,25.4421],[83.8394,25.4388],[83.8384,25.4369],[83.8302,25.4336],[83.8241,25.4332],[83.8206,25.4376],[83.8176,25.4373],[83.8029,25.4329],[83.7967,25.4328],[83.7944,25.4316],[83.7927,25.4302],[83.8032,25.4269],[83.8052,25.4245],[83.8033,25.4181],[83.7994,25.411],[83.7966,25.4083],[83.7823,25.3987],[83.7707,25.4002],[83.7652,25.3997],[83.7635,25.3986],[83.7623,25.3911],[83.7619,25.3879],[83.7497,25.3921],[83.7497,25.3968],[83.752,25.3984],[83.7589,25.4005],[83.7581,25.4012],[83.7533,25.4042],[83.7507,25.405],[83.7481,25.4043],[83.742,25.4006],[83.7406,25.4002],[83.7378,25.4009],[83.7349,25.4093],[83.7325,25.4106],[83.7294,25.4062],[83.7272,25.3985],[83.7253,25.3977],[83.7181,25.3998],[83.7154,25.3992],[83.7095,25.3953],[83.704,25.3861],[83.7014,25.3859],[83.6989,25.3882],[83.6963,25.3964],[83.6946,25.3961],[83.6928,25.3938],[83.6894,25.3859],[83.6763,25.3817],[83.6752,25.3784],[83.6768,25.3768],[83.6878,25.3741],[83.689,25.3713],[83.6863,25.3694],[83.679,25.3666],[83.6722,25.3646],[83.6691,25.3645],[83.6648,25.3669],[83.6602,25.371],[83.6579,25.3692],[83.6602,25.3639],[83.6588,25.363],[83.6562,25.3637],[83.6502,25.368],[83.6497,25.3654],[83.6506,25.3616],[83.6502,25.3591],[83.6454,25.3576],[83.6435,25.3544],[83.6466,25.3472],[83.6444,25.345],[83.6425,25.3411],[83.6388,25.3402],[83.6318,25.3421],[83.63,25.3432],[83.6285,25.3411],[83.629,25.3379],[83.6284,25.3363],[83.6248,25.3349],[83.6224,25.3295],[83.6201,25.3286],[83.6146,25.3317],[83.6107,25.3326],[83.6072,25.3323],[83.6032,25.3316],[83.5881,25.3264],[83.5839,25.3249],[83.5808,25.3223],[83.5788,25.3173],[83.5779,25.3166],[83.5722,25.3176],[83.5694,25.3101],[83.5642,25.3081],[83.5629,25.3097],[83.5643,25.3159],[83.5609,25.3161],[83.5543,25.3141],[83.5512,25.3139],[83.5475,25.3159],[83.5395,25.3176],[83.5347,25.3152],[83.5331,25.3129],[83.5444,25.3131],[83.5466,25.3116],[83.5453,25.3099],[83.5426,25.3093],[83.5312,25.3045],[83.5288,25.3014],[83.5256,25.2995],[83.5231,25.3005],[83.52,25.3033],[83.5181,25.3025],[83.5169,25.3006],[83.5169,25.2985],[83.518,25.2932],[83.5112,25.2878],[83.5081,25.2862],[83.5026,25.2896],[83.4982,25.283],[83.4969,25.283],[83.4957,25.2844],[83.4948,25.2873],[83.4913,25.2866],[83.4896,25.2812],[83.4862,25.2795],[83.4821,25.2829],[83.4803,25.2824],[83.471,25.2721],[83.47,25.2692],[83.4719,25.2655],[83.4704,25.2627],[83.4633,25.2564],[83.4603,25.252],[83.4573,25.2504],[83.4536,25.2513],[83.4429,25.2593],[83.4398,25.2592],[83.4332,25.2536],[83.4312,25.2501],[83.4314,25.2445],[83.4287,25.2445],[83.4225,25.2522],[83.4193,25.2533],[83.4185,25.2521],[83.4193,25.2464],[83.4171,25.2461],[83.4093,25.2493],[83.4069,25.2472],[83.4042,25.2424],[83.4023,25.2376],[83.4015,25.23],[83.3973,25.2252],[83.396,25.2225],[83.3951,25.2169],[83.3911,25.2156],[83.3899,25.2141],[83.39,25.2116],[83.3882,25.207],[83.3854,25.206],[83.3817,25.2108],[83.3796,25.2118],[83.3777,25.2097],[83.3746,25.2025],[83.3721,25.2011],[83.3666,25.2003],[83.3603,25.1964],[83.356,25.1987],[83.3496,25.1989],[83.3474,25.193],[83.3439,25.1874],[83.3412,25.1856],[83.3359,25.1836],[83.3354,25.1814],[83.338,25.1799],[83.3422,25.1789],[83.3481,25.1786],[83.3467,25.1696],[83.3451,25.1667],[83.3432,25.1587],[83.3508,25.1534],[83.3525,25.1518],[83.3534,25.1492],[83.354,25.1402],[83.3521,25.1312],[83.3576,25.1279],[83.3574,25.1242],[83.3538,25.1104],[83.3478,25.1108],[83.3429,25.1125],[83.3401,25.1124],[83.3403,25.0986],[83.338,25.0881],[83.3367,25.0863],[83.3335,25.0848],[83.3322,25.0825],[83.3312,25.0734],[83.3278,25.061],[83.3312,25.0598],[83.3336,25.058],[83.3338,25.051],[83.3321,25.0505],[83.3302,25.051],[83.3271,25.0534],[83.3262,25.0554],[83.325,25.056],[83.3219,25.0558],[83.3215,25.0524],[83.3235,25.0481],[83.3178,25.0417],[83.3165,25.0384],[83.3161,25.0273],[83.3182,25.0173],[83.3197,25.0155],[83.3277,25.0163],[83.3391,25.0119],[83.3421,25.0115],[83.3439,25.0105],[83.3449,25.0026],[83.3462,24.996],[83.3459,24.9921],[83.3404,24.9792],[83.3405,24.9748],[83.3385,24.9636],[83.3439,24.9639],[83.3463,24.9629],[83.3494,24.9595],[83.357,24.9554],[83.3579,24.9516],[83.3576,24.946],[83.3585,24.9374],[83.3574,24.9192],[83.358,24.914],[83.3573,24.9114],[83.356,24.9098],[83.352,24.9078],[83.3512,24.9062],[83.3514,24.9031],[83.36,24.8918],[83.3596,24.8902],[83.3562,24.8892],[83.3551,24.8875],[83.3549,24.8855],[83.3562,24.8843],[83.3618,24.8823],[83.3639,24.8804],[83.3642,24.8786],[83.3632,24.877],[83.3572,24.8735],[83.354,24.8706],[83.3558,24.8687],[83.3683,24.8632],[83.3786,24.8461],[83.381,24.8445],[83.3808,24.843],[83.3825,24.8403],[83.3853,24.8401],[83.3892,24.8361],[83.3904,24.8331],[83.3896,24.8272],[83.3913,24.8232],[83.3949,24.8202],[83.3957,24.8156],[83.3956,24.811],[83.3901,24.8044],[83.3899,24.8019],[83.3925,24.7971],[83.3885,24.7915],[83.3863,24.7866],[83.3868,24.7842],[83.3941,24.7795],[83.4034,24.7767],[83.4113,24.7753],[83.4194,24.7699],[83.4254,24.7631],[83.4342,24.7568],[83.4415,24.744],[83.4447,24.7404],[83.4531,24.7333],[83.4624,24.7351],[83.467,24.7345],[83.4717,24.7357],[83.4753,24.738],[83.4798,24.7378],[83.4825,24.7349],[83.4833,24.7311],[83.4833,24.7228],[83.4804,24.7162],[83.48,24.7099],[83.4807,24.7057],[83.4834,24.703],[83.4859,24.7027],[83.4896,24.7059],[83.4921,24.7052],[83.495,24.7027],[83.4957,24.6962],[83.4999,24.6945],[83.5092,24.6847],[83.5126,24.6834],[83.5137,24.6812],[83.5132,24.6789],[83.5022,24.6716],[83.4995,24.6685],[83.497,24.6592],[83.4975,24.6517],[83.4997,24.6494],[83.5025,24.6487],[83.5072,24.6494],[83.5159,24.6428],[83.5217,24.6445],[83.5239,24.6444],[83.5242,24.6421],[83.5207,24.63],[83.5389,24.6277],[83.5414,24.6262],[83.5417,24.6246],[83.5384,24.6216],[83.5345,24.6156],[83.5256,24.6137],[83.5174,24.6032],[83.5172,24.5987],[83.52,24.591],[83.5235,24.5878],[83.525,24.585],[83.5251,24.5802],[83.524,24.575],[83.5246,24.5673],[83.5179,24.5549],[83.5172,24.5492],[83.505,24.5444],[83.4934,24.5421],[83.4932,24.5361],[83.4976,24.529],[83.4982,24.5271],[83.4867,24.5244],[83.4814,24.5239],[83.4619,24.5179],[83.4531,24.5171],[83.4356,24.5136],[83.4264,24.5128],[83.4,24.5061],[83.3955,24.5038],[83.393,24.5012],[83.3921,24.4971],[83.3916,24.4928],[83.3936,24.4889],[83.3935,24.4848],[83.3926,24.4803],[83.3882,24.4733],[83.3882,24.4681],[83.3871,24.4646],[83.3842,24.4614],[83.3814,24.4557],[83.3898,24.4376],[83.3925,24.4364],[83.4007,24.4371],[83.399,24.4121],[83.4001,24.4087],[83.412,24.4103],[83.4165,24.4095],[83.4262,24.406],[83.4299,24.4038],[83.4305,24.396],[83.4329,24.394],[83.4347,24.3906],[83.4388,24.389],[83.44,24.387],[83.4398,24.3801],[83.4428,24.3776],[83.4432,24.3728],[83.4476,24.3684],[83.4514,24.367],[83.4514,24.3647],[83.4457,24.3633],[83.441,24.3609],[83.4343,24.3475],[83.43,24.345],[83.4266,24.34],[83.4235,24.3387],[83.4112,24.3396],[83.4069,24.339],[83.4033,24.3374],[83.3914,24.3268],[83.3853,24.3203],[83.3786,24.3155],[83.3759,24.3145],[83.3756,24.3134],[83.3803,24.3048],[83.3806,24.3005],[83.3818,24.2999],[83.3866,24.2976],[83.3905,24.2965],[83.3962,24.2934],[83.4005,24.2852],[83.4029,24.2761],[83.4019,24.266],[83.3934,24.2527],[83.3934,24.2471],[83.3911,24.2446],[83.3809,24.24],[83.3773,24.2357],[83.3769,24.2309],[83.3793,24.2202],[83.3784,24.2169],[83.376,24.2139],[83.3762,24.2101],[83.3782,24.2053],[83.3783,24.2008],[83.3705,24.1868],[83.3694,24.1806],[83.3656,24.172],[83.3574,24.1568],[83.3561,24.1477],[83.3525,24.1403],[83.3499,24.1371],[83.349,24.1264],[83.3436,24.1188],[83.3428,24.1143],[83.339,24.1105],[83.3236,24.1013],[83.3189,24.1065],[83.3149,24.107],[83.3135,24.1014],[83.3134,24.0974],[83.3111,24.0928],[83.2924,24.0772],[83.289,24.0729],[83.2842,24.0646],[83.2804,24.0551],[83.2775,24.05],[83.2768,24.0457],[83.28,24.0348],[83.2765,24.0273],[83.2761,24.0233],[83.2738,24.0212],[83.2705,24.0203],[83.2657,24.0173],[83.2624,24.0137],[83.2589,24.0116],[83.2531,24.0121],[83.247,24.0152],[83.2418,24.0137],[83.237,24.01],[83.2354,24.0072],[83.2369,24.0014],[83.2335,23.9983],[83.2268,23.9963],[83.2225,23.9921],[83.216,23.9894],[83.2148,23.9863],[83.2156,23.9808],[83.2106,23.9773],[83.2084,23.9728],[83.2106,23.9654],[83.2112,23.9604],[83.2059,23.9538],[83.2032,23.9475],[83.2018,23.9405],[83.1914,23.9326],[83.1931,23.9269],[83.1896,23.9211],[83.1831,23.9195],[83.1776,23.9195],[83.1726,23.9177],[83.1679,23.9179],[83.1643,23.9151],[83.1579,23.913],[83.1556,23.9113],[83.1452,23.9099],[83.1388,23.9044],[83.1353,23.8985],[83.1344,23.8946],[83.1274,23.89],[83.0866,23.8782],[83.061,23.8752],[83.0435,23.8794],[83.0364,23.8831],[83.0255,23.8816],[83.0205,23.8827],[82.9923,23.8785],[82.984,23.8796],[82.9536,23.8728],[82.9495,23.873],[82.9388,23.8759],[82.9331,23.8794],[82.9306,23.882],[82.9252,23.8907],[82.9225,23.8927],[82.9175,23.8954],[82.9061,23.8979],[82.8903,23.9046],[82.8812,23.9103],[82.8753,23.9164],[82.8657,23.9227],[82.863,23.9255],[82.8552,23.9388],[82.8489,23.9468],[82.8413,23.9501],[82.8207,23.965],[82.8078,23.9631],[82.8005,23.9675],[82.7989,23.9709],[82.7987,23.9766],[82.8005,23.9853],[82.8007,23.9966],[82.8015,24.0011],[82.7973,24.0051],[82.7899,24.0068],[82.7827,24.007],[82.7663,24.0061],[82.7524,24.0084],[82.7459,24.0131],[82.742,24.0214],[82.7399,24.031],[82.7431,24.0349],[82.7558,24.0436],[82.7622,24.0599],[82.7663,24.0779],[82.7606,24.0797],[82.7549,24.0732],[82.7517,24.0796],[82.748,24.0805],[82.7415,24.0751],[82.7377,24.0787],[82.7263,24.0826],[82.7084,24.0808],[82.7052,24.0857],[82.7014,24.0971],[82.6635,24.1239],[82.6574,24.1348],[82.6659,24.1428],[82.6652,24.1511],[82.6709,24.1585],[82.6794,24.1567],[82.6884,24.1442],[82.7204,24.139],[82.7213,24.1498],[82.7231,24.1568],[82.7361,24.1684],[82.7348,24.183],[82.7319,24.2011],[82.727,24.2233],[82.7322,24.228],[82.7371,24.2303],[82.7433,24.2316],[82.7499,24.2361],[82.7516,24.2459],[82.7494,24.2566],[82.7506,24.2681],[82.7546,24.2716],[82.7571,24.2757],[82.7641,24.2924],[82.766,24.3122],[82.7598,24.3191],[82.7605,24.3231],[82.763,24.3298],[82.7633,24.3424],[82.7645,24.3475],[82.7598,24.3584],[82.7589,24.3631],[82.7588,24.3693],[82.7606,24.373],[82.7569,24.3759],[82.7545,24.3795],[82.7468,24.3725],[82.7348,24.3712],[82.7185,24.3712],[82.7129,24.3752],[82.7072,24.3852],[82.7076,24.3894],[82.715,24.4162],[82.7194,24.4216],[82.7202,24.4297],[82.7257,24.4263],[82.7327,24.4327],[82.7273,24.4341],[82.725,24.4447],[82.726,24.4608],[82.7306,24.4703],[82.7238,24.4763],[82.7338,24.4872],[82.7365,24.4998],[82.7156,24.5133],[82.7141,24.5362],[82.715,24.5481],[82.7125,24.5562],[82.7161,24.5571],[82.7335,24.5516],[82.7412,24.5546],[82.7454,24.5525],[82.746,24.5415],[82.7809,24.5461],[82.8008,24.5527],[82.7964,24.5875],[82.7964,24.5998],[82.7854,24.5995],[82.7683,24.5975],[82.7601,24.5998],[82.763,24.6048],[82.7679,24.6106],[82.7672,24.6294],[82.7658,24.6416],[82.7628,24.6457],[82.7431,24.6441],[82.7275,24.6465],[82.7146,24.6421],[82.7092,24.6437],[82.7021,24.6421],[82.6952,24.6443],[82.6917,24.6486],[82.6935,24.6616],[82.6959,24.6687],[82.696,24.6757],[82.6923,24.6802],[82.6854,24.6865],[82.6656,24.6999],[82.6579,24.7004],[82.6457,24.6945],[82.6364,24.6878],[82.63,24.6867],[82.603,24.6795],[82.5876,24.6737],[82.574,24.663],[82.5443,24.6549],[82.5293,24.652],[82.524,24.6571],[82.5184,24.6783],[82.5091,24.6791],[82.5013,24.6784],[82.4868,24.6755],[82.4767,24.6836],[82.464,24.6801],[82.4489,24.6779],[82.4448,24.6801],[82.4484,24.6906],[82.4448,24.6964],[82.4323,24.7063],[82.4202,24.7053],[82.4074,24.6951],[82.4016,24.6838],[82.4068,24.6744],[82.4055,24.6668],[82.4118,24.6578],[82.409,24.6496],[82.409,24.6431],[82.4035,24.6362],[82.4036,24.631],[82.4079,24.6228],[82.4057,24.6175],[82.4146,24.6064],[82.4092,24.5978],[82.4008,24.5987],[82.3936,24.5975],[82.3856,24.5974],[82.3608,24.602],[82.3539,24.6045],[82.3505,24.6082],[82.346,24.6188],[82.3351,24.6229],[82.3298,24.6238],[82.3237,24.6225],[82.3192,24.6203],[82.3153,24.6154],[82.3094,24.6129],[82.2983,24.6124],[82.2939,24.6137],[82.293,24.6169],[82.2984,24.628],[82.2958,24.6362],[82.2961,24.6433],[82.2947,24.6539],[82.2981,24.6565],[82.2919,24.6648],[82.2964,24.67],[82.2911,24.6709],[82.2852,24.67],[82.2817,24.6717],[82.2785,24.6809],[82.2695,24.6819],[82.2634,24.6864],[82.2583,24.6821],[82.2667,24.6784],[82.2531,24.6661],[82.2495,24.6683],[82.248,24.6756],[82.2355,24.6764],[82.2342,24.6719],[82.2351,24.6659],[82.2299,24.6696],[82.2289,24.6746],[82.2287,24.6908],[82.234,24.6966],[82.243,24.7018],[82.2405,24.7106],[82.2439,24.7164],[82.241,24.7269],[82.2414,24.7385],[82.2459,24.7407],[82.2496,24.7564],[82.2466,24.7598],[82.2437,24.7758],[82.2403,24.7755],[82.2411,24.7683],[82.2384,24.7544],[82.2324,24.7581],[82.2277,24.7656],[82.2234,24.7642],[82.2209,24.767],[82.2185,24.765],[82.2216,24.7599],[82.2228,24.7517],[82.2092,24.7595],[82.1995,24.7521],[82.2022,24.7482],[82.2134,24.7442],[82.216,24.7362],[82.2138,24.7287],[82.2084,24.739],[82.2026,24.7408],[82.1951,24.7399],[82.1887,24.7438],[82.1729,24.7396],[82.1915,24.7532],[82.1957,24.7637],[82.1906,24.7696],[82.1913,24.7749],[82.1894,24.7823],[82.194,24.7833],[82.2018,24.7807],[82.2095,24.7815],[82.2049,24.7855],[82.2055,24.7914],[82.2087,24.7978],[82.2014,24.8007],[82.1949,24.7969],[82.1886,24.7982],[82.1813,24.8008],[82.179,24.8047],[82.1809,24.8082],[82.1913,24.8177],[82.196,24.8245],[82.1879,24.8207],[82.1824,24.8168],[82.1737,24.8142],[82.1718,24.8088],[82.1628,24.805],[82.1734,24.801],[82.1632,24.7958],[82.1594,24.7923],[82.1466,24.7973],[82.1322,24.8045],[82.1289,24.7998],[82.1264,24.7939],[82.1122,24.7923],[82.1078,24.7937],[82.1077,24.8008],[82.1048,24.8056],[82.1,24.8099],[82.0947,24.8104],[82.0897,24.8159],[82.0819,24.8221],[82.0708,24.8249],[82.0652,24.8234],[82.0565,24.8281],[82.0423,24.8342],[82.0372,24.833],[82.0243,24.8446],[82.0049,24.8507],[81.9979,24.8474],[81.9915,24.8465],[81.9754,24.8425],[81.9681,24.8439],[81.965,24.8414],[81.9616,24.8317],[81.9592,24.8306],[81.9572,24.8321],[81.9549,24.8392],[81.9477,24.8426],[81.9462,24.8467],[81.9372,24.8501],[81.9347,24.8514],[81.9318,24.8565],[81.9267,24.8608],[81.9284,24.8731],[81.9237,24.8763],[81.9151,24.8778],[81.9134,24.8804],[81.9101,24.8804],[81.9063,24.8835],[81.9027,24.8841],[81.8964,24.8925],[81.8988,24.8993],[81.8985,24.9052],[81.9024,24.9115],[81.9103,24.9205],[81.912,24.9309],[81.9096,24.9371],[81.9041,24.9423],[81.901,24.9731],[81.8983,24.9753],[81.8985,24.9769],[81.9016,24.9828],[81.9005,24.9848],[81.8945,24.9874],[81.8948,24.9911],[81.8992,24.9992],[81.8999,25.0034],[81.9,25.0072],[81.8985,25.0096],[81.8914,25.0135],[81.8893,25.0131],[81.8882,25.011],[81.8886,25.0095],[81.8916,25.0051],[81.894,25.0035],[81.8931,24.9998],[81.8906,24.9964],[81.8877,24.9934],[81.8861,24.9928],[81.8833,24.9937],[81.8814,24.9995],[81.8735,25.0021],[81.8684,25.0022],[81.8668,25.0002],[81.8645,25.0004],[81.8637,25.0036],[81.8494,25.006],[81.8463,25.0071],[81.84,25.015],[81.835,25.0183],[81.8294,25.0193],[81.7917,25.01],[81.7892,25.0101],[81.7801,25.0152],[81.7787,25.0176],[81.7714,25.0232],[81.7498,25.0316],[81.7474,25.0336],[81.7465,25.0357],[81.7415,25.037],[81.7382,25.0391],[81.7372,25.0419],[81.7345,25.0431],[81.7351,25.0445],[81.7324,25.0487],[81.7164,25.053],[81.7138,25.0473],[81.7134,25.0401],[81.7101,25.0391],[81.7054,25.0379],[81.6855,25.0422],[81.6819,25.0438],[81.6837,25.0508],[81.6831,25.0568],[81.6778,25.0647],[81.6758,25.066],[81.6714,25.0662],[81.664,25.0639],[81.6622,25.0651],[81.6604,25.0715],[81.6599,25.0782],[81.6587,25.0797],[81.6565,25.0786],[81.6531,25.075],[81.6468,25.075],[81.646,25.0706],[81.6442,25.0684],[81.6356,25.0618],[81.632,25.0615],[81.6253,25.0625],[81.6219,25.0569],[81.6173,25.0571],[81.6085,25.0589],[81.6043,25.0607],[81.6027,25.063],[81.6032,25.0644],[81.6056,25.0646],[81.6086,25.0633],[81.6097,25.0647],[81.6081,25.0668],[81.604,25.0695],[81.6028,25.0718],[81.5945,25.0769],[81.5938,25.0798],[81.5959,25.0818],[81.6044,25.083],[81.6095,25.0852],[81.6149,25.094],[81.6209,25.0951],[81.6215,25.0984],[81.6258,25.0999],[81.6293,25.0997],[81.6317,25.1015],[81.632,25.1033],[81.6227,25.1112],[81.6253,25.1178],[81.6251,25.1204],[81.6233,25.1219],[81.6168,25.1226],[81.6148,25.1199],[81.613,25.1132],[81.6101,25.1117],[81.6064,25.1059],[81.6043,25.0997],[81.6012,25.1002],[81.6028,25.1124],[81.6018,25.116],[81.6023,25.1175],[81.591,25.123],[81.5915,25.1274],[81.5941,25.1295],[81.5921,25.1364],[81.5942,25.138],[81.5992,25.1398],[81.6043,25.1428],[81.61,25.1472],[81.6122,25.1466],[81.6151,25.1439],[81.6176,25.1462],[81.6189,25.1491],[81.6197,25.1556],[81.619,25.1597],[81.6174,25.1639],[81.6144,25.1651],[81.6135,25.1705],[81.61,25.1737],[81.6081,25.1728],[81.6068,25.1706],[81.607,25.1681],[81.6055,25.1656],[81.6029,25.1659],[81.6011,25.1674],[81.5998,25.166],[81.5966,25.1655],[81.5818,25.1683],[81.5819,25.1703],[81.588,25.1838],[81.5856,25.1866],[81.5772,25.1913],[81.5717,25.193],[81.5664,25.1957],[81.5584,25.1892],[81.549,25.1866],[81.5488,25.1887],[81.5399,25.1877],[81.534,25.1883],[81.5333,25.1876],[81.5325,25.1854],[81.5232,25.1858],[81.5201,25.1872],[81.5128,25.1879],[81.5096,25.187],[81.5078,25.185],[81.5071,25.1785],[81.5078,25.1763],[81.5107,25.1737],[81.5273,25.1666],[81.53,25.1633],[81.5288,25.1613],[81.52,25.1537],[81.5187,25.1518],[81.5252,25.1475],[81.5247,25.1436],[81.5185,25.1425],[81.5157,25.1453],[81.5109,25.1484],[81.505,25.1512],[81.5006,25.1528],[81.4954,25.1523],[81.492,25.1488],[81.49,25.1419],[81.4905,25.135],[81.4896,25.1342],[81.4845,25.1343],[81.4802,25.1377],[81.4774,25.1384],[81.4747,25.1381],[81.4729,25.1371],[81.4718,25.135],[81.472,25.133],[81.4781,25.1279],[81.4777,25.1211],[81.4817,25.1173],[81.4856,25.1159],[81.4931,25.1107],[81.5032,25.1105],[81.5076,25.1068],[81.507,25.1053],[81.5029,25.1017],[81.5005,25.1008],[81.4943,25.1017],[81.4974,25.096],[81.4946,25.0821],[81.4922,25.0819],[81.4865,25.0841],[81.4852,25.0776],[81.4837,25.0749],[81.4812,25.0759],[81.4774,25.0793],[81.4731,25.0809],[81.4654,25.0818],[81.4583,25.0868],[81.4578,25.0893],[81.4589,25.093],[81.4364,25.0962],[81.4248,25.0994],[81.4208,25.1016],[81.4131,25.104],[81.4031,25.1064],[81.4008,25.1078],[81.4004,25.1091],[81.403,25.1116],[81.4069,25.112],[81.4115,25.1123],[81.4272,25.1106],[81.4355,25.111],[81.4383,25.1104],[81.4391,25.112],[81.4386,25.114],[81.4344,25.1219],[81.4291,25.1295],[81.4302,25.1336],[81.4278,25.1336],[81.4197,25.1356],[81.4178,25.1352],[81.416,25.1323],[81.4133,25.1317],[81.4002,25.1338],[81.4018,25.1308],[81.4067,25.1251],[81.4062,25.1234],[81.4043,25.1222],[81.4006,25.1217],[81.3975,25.1217],[81.3912,25.1231],[81.389,25.1243],[81.3872,25.129],[81.385,25.1301],[81.3865,25.1339],[81.3844,25.1351],[81.379,25.1345],[81.3743,25.1388],[81.3669,25.1374],[81.3645,25.1379],[81.3645,25.1393],[81.3664,25.1417],[81.3656,25.1443],[81.3625,25.1457],[81.3572,25.1523],[81.3555,25.1576],[81.3534,25.1615],[81.3509,25.1639],[81.3494,25.1674],[81.3446,25.1655],[81.336,25.1663],[81.331,25.1696],[81.33,25.1725],[81.3196,25.1681],[81.313,25.1635],[81.3107,25.1526],[81.311,25.149],[81.3123,25.1462],[81.3168,25.1407],[81.316,25.1351],[81.3168,25.1281],[81.3203,25.1224],[81.3222,25.1207],[81.323,25.1184],[81.3185,25.1187],[81.3183,25.1168],[81.317,25.116],[81.3147,25.1163],[81.313,25.1174],[81.312,25.1234],[81.3101,25.124],[81.3084,25.1258],[81.3088,25.1316],[81.307,25.1334],[81.3066,25.1352],[81.308,25.1389],[81.3049,25.1431],[81.3043,25.1453],[81.307,25.1597],[81.3064,25.166],[81.3049,25.1675],[81.2925,25.168],[81.2913,25.1668],[81.2847,25.1653],[81.2815,25.1655],[81.2752,25.169],[81.2714,25.1689],[81.2691,25.1677],[81.2686,25.1652],[81.2739,25.1584],[81.2748,25.1534],[81.2706,25.1484],[81.2656,25.1449],[81.2615,25.1443],[81.2612,25.1439],[81.2597,25.1412],[81.2621,25.1311],[81.2568,25.1286],[81.2582,25.1236],[81.258,25.1168],[81.2562,25.1145],[81.2481,25.1117],[81.2457,25.1055],[81.2465,25.1033],[81.2488,25.1007],[81.2521,25.0986],[81.2544,25.0927],[81.2591,25.0873],[81.253,25.079],[81.26,25.0756],[81.2622,25.0728],[81.2616,25.0685],[81.2553,25.0608],[81.256,25.0557],[81.2534,25.0544],[81.2523,25.0526],[81.2476,25.0415],[81.2426,25.0363],[81.2392,25.0314],[81.236,25.0293],[81.2307,25.0181],[81.2231,25.0113],[81.2202,25.0072],[81.2166,25.0044],[81.2113,25.0017],[81.2107,25.0017],[81.2102,25.0018],[81.2097,25.0022],[81.209,25.0029],[81.2085,25.0031],[81.2074,25.0035],[81.2064,25.0037],[81.2058,25.0034],[81.2051,25.0031],[81.2048,25.0028],[81.2038,24.9976],[81.2017,24.9957],[81.2073,24.9913],[81.2113,24.9868],[81.2127,24.9817],[81.2123,24.9777],[81.2013,24.9703],[81.2,24.9669],[81.2041,24.9628],[81.206,24.9581],[81.2064,24.9541],[81.2044,24.9505],[81.206,24.9392],[81.2075,24.9373],[81.2115,24.9362],[81.2126,24.9345],[81.211,24.9326],[81.2073,24.9311],[81.2025,24.9278],[81.1995,24.9269],[81.1958,24.929],[81.1844,24.9292],[81.193,24.9346],[81.1983,24.934],[81.199,24.9347],[81.1884,24.9451],[81.1806,24.9495],[81.1766,24.955],[81.1721,24.9535],[81.1697,24.9568],[81.1642,24.9598],[81.1614,24.9585],[81.1596,24.9547],[81.1569,24.9457],[81.1578,24.9427],[81.156,24.9398],[81.1555,24.932],[81.1523,24.9294],[81.1512,24.9272],[81.1509,24.9237],[81.1525,24.9196],[81.1523,24.9163],[81.1481,24.9177],[81.1427,24.9174],[81.1401,24.9164],[81.1333,24.9056],[81.1329,24.9005],[81.1342,24.8938],[81.1324,24.8921],[81.1282,24.8936],[81.1227,24.8987],[81.1168,24.9018],[81.1129,24.9055],[81.1107,24.9107],[81.1075,24.9121],[81.1038,24.9127],[81.0987,24.9184],[81.0965,24.9225],[81.0945,24.9238],[81.0895,24.9245],[81.0849,24.9344],[81.0816,24.9358],[81.0805,24.9384],[81.0825,24.9477],[81.0812,24.9502],[81.0764,24.9523],[81.0574,24.9531],[81.0508,24.9553],[81.0472,24.9552],[81.0431,24.9526],[81.0267,24.955],[81.0232,24.9524],[81.0199,24.952],[81.0214,24.9484],[81.0208,24.9461],[81.0192,24.945],[81.017,24.9464],[81.0095,24.9543],[81.0072,24.9526],[81.0126,24.9437],[81.0153,24.9401],[81.0211,24.9383],[81.0213,24.9371],[81.018,24.9355],[81.0168,24.9325],[81.0147,24.9316],[81.0119,24.9332],[81.0087,24.9325],[81,24.9402],[80.9967,24.9396],[80.9912,24.9371],[80.9845,24.9326],[80.981,24.9297],[80.9779,24.9332],[80.9793,24.9381],[80.9723,24.9396],[80.9657,24.9386],[80.9584,24.9322],[80.9552,24.9257],[80.9511,24.927],[80.9529,24.9394],[80.9522,24.9429],[80.9498,24.9464],[80.9448,24.9471],[80.9439,24.9507],[80.9467,24.9569],[80.9467,24.9611],[80.9448,24.968],[80.9425,24.9711],[80.9368,24.9725],[80.9337,24.9701],[80.9285,24.9677],[80.9216,24.9666],[80.916,24.9648],[80.9115,24.9623],[80.8973,24.9567],[80.8943,24.9539],[80.8933,24.9505],[80.9012,24.9433],[80.9028,24.9402],[80.9,24.9396],[80.898,24.9417],[80.8948,24.9424],[80.8887,24.9474],[80.8848,24.9489],[80.8812,24.9482],[80.8768,24.9451],[80.875,24.9407],[80.8566,24.936],[80.8409,24.9356],[80.8349,24.9345],[80.829,24.9384],[80.8208,24.9366],[80.8154,24.9379],[80.8022,24.9445],[80.8029,24.9569],[80.7916,24.9639],[80.7899,24.9672],[80.79,24.9718],[80.7936,24.9737],[80.7988,24.9749],[80.8065,24.975],[80.8126,24.9737],[80.8186,24.9736],[80.8211,24.9825],[80.8247,24.9861],[80.8364,24.9861],[80.845,24.9935],[80.8482,24.9981],[80.8503,25.0031],[80.8419,25.0125],[80.8401,25.0202],[80.8291,25.03],[80.8267,25.0392],[80.8352,25.0397],[80.8411,25.0513],[80.8469,25.0533],[80.8558,25.0624],[80.8707,25.0711],[80.8751,25.0795],[80.8648,25.0843],[80.8643,25.0882],[80.8673,25.094],[80.8712,25.0982],[80.873,25.1026],[80.8722,25.1093],[80.8665,25.1194],[80.865,25.1236],[80.8659,25.1255],[80.869,25.1279],[80.8728,25.1339],[80.8754,25.1444],[80.8853,25.14],[80.8884,25.1412],[80.8903,25.1464],[80.9016,25.158],[80.9049,25.1603],[80.9056,25.1645],[80.896,25.1713],[80.889,25.1747],[80.8862,25.1772],[80.878,25.1956],[80.8695,25.1887],[80.8642,25.1879],[80.8632,25.1892],[80.8604,25.1906],[80.8486,25.19],[80.8411,25.1935],[80.8363,25.1927],[80.8352,25.1905],[80.8359,25.1854],[80.8411,25.1753],[80.8423,25.1712],[80.8419,25.1679],[80.8374,25.1603],[80.8338,25.1456],[80.8321,25.1414],[80.8348,25.1325],[80.8378,25.1275],[80.8334,25.1133],[80.8277,25.1103],[80.8239,25.1147],[80.8232,25.1178],[80.8215,25.12],[80.8217,25.1229],[80.8214,25.1256],[80.8186,25.1306],[80.8096,25.1307],[80.8077,25.1331],[80.8083,25.1408],[80.8032,25.1435],[80.7996,25.1464],[80.7979,25.1462],[80.7937,25.1423],[80.7907,25.1427],[80.7861,25.138],[80.7837,25.1384],[80.7821,25.1371],[80.7767,25.1448],[80.774,25.1466],[80.7661,25.1409],[80.7596,25.1406],[80.7509,25.1417],[80.7404,25.1374],[80.7381,25.1346],[80.7355,25.1352],[80.7321,25.1405],[80.7323,25.1424],[80.7287,25.1429],[80.7277,25.1474],[80.7231,25.1488],[80.7176,25.1466],[80.7153,25.1467],[80.7148,25.1433],[80.7106,25.1384],[80.7009,25.1381],[80.6996,25.1371],[80.6985,25.1314],[80.7009,25.128],[80.7075,25.1274],[80.7173,25.1289],[80.7224,25.126],[80.7254,25.1229],[80.7199,25.1173],[80.719,25.104],[80.7205,25.1014],[80.7252,25.098],[80.7293,25.0973],[80.7334,25.1013],[80.7458,25.0994],[80.7493,25.0978],[80.7521,25.0954],[80.751,25.0943],[80.7511,25.0911],[80.767,25.0856],[80.776,25.0843],[80.7796,25.0779],[80.7814,25.0696],[80.7783,25.0639],[80.7759,25.0617],[80.766,25.0611],[80.7557,25.0626],[80.7514,25.064],[80.7441,25.0623],[80.7336,25.0624],[80.7292,25.0655],[80.7272,25.0718],[80.7144,25.0678],[80.711,25.0673],[80.7095,25.0663],[80.7083,25.0649],[80.7053,25.0614],[80.698,25.0616],[80.6869,25.0588],[80.6783,25.0546],[80.6736,25.0542],[80.6747,25.0602],[80.6751,25.0625],[80.6719,25.0646],[80.6718,25.0673],[80.6742,25.0681],[80.6779,25.0731],[80.679,25.0758],[80.6793,25.0818],[80.6683,25.0868],[80.6667,25.0843],[80.6661,25.0805],[80.6658,25.0802],[80.6642,25.0784],[80.6563,25.0744],[80.6537,25.0765],[80.6505,25.0875],[80.6455,25.0906],[80.6415,25.0931],[80.6365,25.094],[80.6357,25.0961],[80.6352,25.0976],[80.6343,25.0972],[80.6339,25.0938],[80.6286,25.0933],[80.6252,25.0956],[80.6235,25.0952],[80.622,25.0934],[80.6223,25.0893],[80.62,25.0896],[80.6178,25.0937],[80.6085,25.0986],[80.6066,25.1016],[80.6014,25.1044],[80.6068,25.1065],[80.6133,25.1065],[80.6151,25.1112],[80.6148,25.1139],[80.6182,25.1158],[80.6188,25.1181],[80.6192,25.1202],[80.6223,25.122],[80.6312,25.1198],[80.6324,25.1233],[80.628,25.1303],[80.625,25.1377],[80.6225,25.1361],[80.616,25.1381],[80.6083,25.1329],[80.6055,25.1364],[80.6056,25.1428],[80.6058,25.1493],[80.6027,25.1524],[80.5996,25.1555],[80.5946,25.1552],[80.5911,25.1413],[80.5901,25.1348],[80.5908,25.1316],[80.5976,25.1281],[80.6004,25.1253],[80.6014,25.1228],[80.5964,25.122],[80.5914,25.118],[80.5878,25.1091],[80.5919,25.096],[80.5933,25.0942],[80.5944,25.093],[80.6,25.0908],[80.6068,25.0762],[80.6073,25.0731],[80.6071,25.0727],[80.6068,25.0722],[80.6045,25.0726],[80.5959,25.0782],[80.5932,25.0815],[80.5887,25.0843],[80.5876,25.0859],[80.5801,25.087],[80.5787,25.0883],[80.5726,25.0858],[80.568,25.0853],[80.5656,25.0872],[80.5624,25.0914],[80.5611,25.0888],[80.5612,25.0793],[80.56,25.075],[80.5577,25.0729],[80.5554,25.0709],[80.5525,25.0693],[80.5486,25.0693],[80.5468,25.068],[80.5434,25.0677],[80.5388,25.0697],[80.532,25.0759],[80.5281,25.0771],[80.519,25.0819],[80.5173,25.0848],[80.5152,25.0885],[80.5143,25.0958],[80.5129,25.0982],[80.5095,25.101],[80.5019,25.1041],[80.4947,25.1049],[80.4921,25.1022],[80.4839,25.1028],[80.4803,25.1016],[80.4761,25.1023],[80.4745,25.1018],[80.4747,25.0991],[80.4776,25.0964],[80.4873,25.0918],[80.4943,25.0921],[80.4978,25.0914],[80.5,25.0896],[80.4984,25.0826],[80.4945,25.0796],[80.4906,25.0782],[80.5001,25.071],[80.5021,25.0674],[80.5023,25.0629],[80.5002,25.0588],[80.4972,25.056],[80.4932,25.0543],[80.4942,25.0453],[80.4858,25.0473],[80.4831,25.0473],[80.479,25.0443],[80.4769,25.0439],[80.4733,25.0436],[80.4702,25.0447],[80.4614,25.058],[80.46,25.0697],[80.4559,25.0738],[80.453,25.0688],[80.446,25.0658],[80.4442,25.0682],[80.4446,25.0708],[80.4423,25.0733],[80.4416,25.076],[80.4434,25.0773],[80.4451,25.0802],[80.4443,25.0813],[80.4418,25.081],[80.4407,25.0821],[80.4351,25.081],[80.4329,25.0784],[80.4312,25.0739],[80.4295,25.0725],[80.4245,25.0715],[80.4227,25.0713],[80.4099,25.0767],[80.4068,25.0634],[80.4053,25.0609],[80.4027,25.061],[80.3975,25.0656],[80.3981,25.0693],[80.3941,25.072],[80.3894,25.0682],[80.3864,25.0673],[80.3841,25.0653],[80.3835,25.0617],[80.3793,25.056],[80.3672,25.0589],[80.3658,25.0578],[80.3663,25.0531],[80.3641,25.0477],[80.3675,25.0461],[80.3752,25.0456],[80.3791,25.0444],[80.3802,25.0416],[80.3804,25.0389],[80.3783,25.0368],[80.3747,25.0366],[80.3729,25.0347],[80.3718,25.0328],[80.3724,25.0292],[80.3761,25.028],[80.3809,25.0277],[80.383,25.0187],[80.3892,25.0149],[80.3874,25.0124],[80.3822,25.0097],[80.3728,25.0083],[80.3692,25.0189],[80.3689,25.0238],[80.3678,25.0254],[80.3588,25.0261],[80.3551,25.0245],[80.3526,25.0199],[80.3479,25.0165],[80.3446,25.0195],[80.338,25.0209],[80.329,25.0054],[80.3274,25.0043],[80.3259,25.0031],[80.3249,25.0031],[80.3244,25.003],[80.3239,25.003],[80.3233,25.003],[80.3229,25.0029],[80.3223,25.0029],[80.3218,25.0029],[80.3213,25.0029],[80.3208,25.0029],[80.3203,25.0029],[80.3197,25.0029],[80.3192,25.0029],[80.3187,25.003],[80.3182,25.003],[80.3177,25.003],[80.3172,25.0031],[80.3167,25.0031],[80.3161,25.0032],[80.3156,25.0033],[80.3151,25.0033],[80.3146,25.0034],[80.3141,25.0035],[80.3128,25.0043],[80.3124,25.0063],[80.299,25.016],[80.2892,25.0211],[80.2785,25.0216],[80.2669,25.0302],[80.2673,25.0316],[80.2688,25.0327],[80.2708,25.0342],[80.2733,25.0371],[80.2749,25.039],[80.2772,25.0429],[80.2778,25.044],[80.2794,25.0527],[80.2812,25.0567],[80.2816,25.0601],[80.282,25.0632],[80.2876,25.0669],[80.2947,25.0691],[80.3048,25.0755],[80.3105,25.082],[80.3132,25.0893],[80.3147,25.0941],[80.3133,25.1012],[80.3228,25.1066],[80.3384,25.1213],[80.3441,25.1249],[80.3475,25.13],[80.3486,25.1407],[80.3513,25.1449],[80.3561,25.1484],[80.3625,25.1497],[80.3734,25.1552],[80.3807,25.1608],[80.3868,25.1629],[80.4036,25.1651],[80.4155,25.1653],[80.4226,25.1722],[80.4237,25.1741],[80.4224,25.1814],[80.4181,25.1919],[80.4116,25.1994],[80.4095,25.2059],[80.4042,25.214],[80.4017,25.221],[80.3991,25.243],[80.3907,25.2457],[80.3829,25.242],[80.3813,25.2383],[80.378,25.2375],[80.3629,25.2468],[80.3577,25.2511],[80.3536,25.2564],[80.3517,25.2602],[80.3504,25.2653],[80.3493,25.2696],[80.341,25.2786],[80.3377,25.2794],[80.3198,25.2805],[80.312,25.2822],[80.304,25.2889],[80.3031,25.2911],[80.3027,25.297],[80.3091,25.3059],[80.3107,25.3107],[80.3117,25.3342],[80.3098,25.3413],[80.3036,25.3525],[80.3026,25.3583],[80.3054,25.3621],[80.3086,25.3637],[80.3132,25.3723],[80.3112,25.3811],[80.3108,25.3873],[80.3091,25.3918],[80.3086,25.3923],[80.2953,25.4078],[80.2896,25.4127],[80.2843,25.4159],[80.2737,25.425],[80.2612,25.4262],[80.2559,25.4287],[80.2535,25.4235],[80.2524,25.4188],[80.2473,25.4115],[80.2474,25.4074],[80.2452,25.4049],[80.2296,25.4109],[80.2266,25.4106],[80.214,25.4042],[80.2114,25.4039],[80.2024,25.4067],[80.1979,25.4106],[80.1983,25.4127],[80.1972,25.415],[80.1939,25.4162],[80.1914,25.4127],[80.1909,25.409],[80.1888,25.4064],[80.1892,25.3892],[80.1879,25.3836],[80.1826,25.3815],[80.172,25.3807],[80.1667,25.379],[80.1592,25.3776],[80.1583,25.3727],[80.1591,25.3662],[80.1532,25.3628],[80.145,25.3601],[80.1371,25.3557],[80.1327,25.3503],[80.1271,25.3406],[80.1233,25.3384],[80.1191,25.3427],[80.107,25.3442],[80.0961,25.3516],[80.0934,25.3538],[80.0833,25.3558],[80.0784,25.3534],[80.0723,25.3451],[80.07,25.3431],[80.0615,25.342],[80.0549,25.3413],[80.0444,25.3419],[80.0372,25.341],[80.0242,25.3446],[80.0207,25.3432],[80.0145,25.3311],[80.0127,25.3301],[80.0099,25.3248],[80.0126,25.3017],[80.0083,25.3007],[79.9987,25.2938],[79.9939,25.2888],[79.9922,25.2852],[79.9913,25.2832],[79.9922,25.281],[79.9956,25.2767],[79.9953,25.2747],[79.9973,25.2701],[79.9967,25.2687],[79.9922,25.2693],[79.9773,25.2649],[79.9695,25.2682],[79.9672,25.2685],[79.963,25.2682],[79.9492,25.2653],[79.9426,25.2719],[79.941,25.2697],[79.9344,25.2649],[79.9333,25.263],[79.932,25.2599],[79.9326,25.2503],[79.9241,25.2516],[79.921,25.2507],[79.9135,25.2334],[79.9122,25.2338],[79.9106,25.236],[79.9106,25.245],[79.9063,25.2542],[79.9053,25.2555],[79.9024,25.2569],[79.8996,25.2566],[79.8983,25.2551],[79.8973,25.2496],[79.8962,25.2475],[79.8936,25.2462],[79.8866,25.2464],[79.875,25.253],[79.8725,25.2538],[79.866,25.2468],[79.861,25.243],[79.8576,25.2419],[79.851,25.2416],[79.8471,25.2402],[79.8457,25.2384],[79.8452,25.2366],[79.8472,25.2324],[79.8529,25.225],[79.8614,25.221],[79.863,25.2192],[79.8562,25.2136],[79.8541,25.2104],[79.8519,25.2035],[79.8548,25.1991],[79.8588,25.1902],[79.8581,25.1819],[79.8615,25.1791],[79.8626,25.177],[79.8597,25.1621],[79.8606,25.1561],[79.863,25.1539],[79.8721,25.1503],[79.8722,25.1485],[79.8648,25.145],[79.8574,25.1428],[79.8516,25.1398],[79.8477,25.1334],[79.848,25.1282],[79.8466,25.1223],[79.8427,25.1163],[79.8458,25.1105],[79.8531,25.1028],[79.8559,25.0985],[79.8492,25.097],[79.8409,25.0964],[79.8313,25.0981],[79.8272,25.1001],[79.8243,25.1037],[79.8233,25.1064],[79.8187,25.1102],[79.8164,25.1109],[79.8052,25.111],[79.7933,25.1184],[79.7883,25.1204],[79.7692,25.1253],[79.7627,25.1298],[79.7577,25.1345],[79.7511,25.1407],[79.7478,25.1426],[79.7456,25.1439],[79.7396,25.143],[79.726,25.1357],[79.7246,25.1354],[79.7178,25.1338],[79.7073,25.1333],[79.687,25.1369],[79.6766,25.137],[79.6742,25.1358],[79.6708,25.1321],[79.6662,25.1271],[79.6605,25.128],[79.6566,25.1295],[79.6542,25.1305],[79.643,25.1324],[79.6407,25.1324],[79.6378,25.1311],[79.6329,25.1328],[79.62,25.1427],[79.6061,25.1325],[79.6051,25.1322],[79.6021,25.1314],[79.5979,25.1314],[79.5952,25.1341],[79.5954,25.1356],[79.5975,25.1396],[79.5985,25.1453],[79.6028,25.1531],[79.6028,25.1538],[79.6028,25.1548],[79.6,25.155],[79.5933,25.1464],[79.5923,25.1463],[79.5914,25.1463],[79.5905,25.1468],[79.5897,25.1473],[79.5857,25.1529],[79.5763,25.1571],[79.574,25.1595],[79.5689,25.1755],[79.5655,25.1776],[79.5596,25.176],[79.5503,25.1694],[79.5427,25.1606],[79.538,25.1526],[79.5349,25.1476],[79.5336,25.1464],[79.5286,25.145],[79.5273,25.1431],[79.5286,25.138],[79.5287,25.1374],[79.5266,25.1356],[79.518,25.1312],[79.5138,25.1257],[79.5139,25.1221],[79.5182,25.1077],[79.5183,25.1044],[79.5172,25.1018],[79.5154,25.101],[79.5134,25.1003],[79.5053,25.1013],[79.5002,25.0992],[79.4938,25.092],[79.4912,25.0861],[79.4911,25.0849],[79.4911,25.0833],[79.4899,25.0828],[79.4824,25.0851],[79.4715,25.0872],[79.4605,25.0963],[79.4702,25.1307],[79.4702,25.1338],[79.4695,25.134],[79.4684,25.1345],[79.4566,25.125],[79.4502,25.1178],[79.4448,25.1131],[79.4364,25.1078],[79.4311,25.1075],[79.4307,25.1081],[79.4299,25.1091],[79.4295,25.1115],[79.4295,25.1118],[79.4312,25.1159],[79.4334,25.12],[79.4344,25.1217],[79.4353,25.1265],[79.433,25.1314],[79.4311,25.1354],[79.4259,25.1384],[79.4176,25.1385],[79.4151,25.1391],[79.4148,25.1374],[79.4178,25.1351],[79.4184,25.1335],[79.4171,25.1273],[79.415,25.123],[79.4092,25.1157],[79.402,25.1134],[79.3991,25.1135],[79.3932,25.1161],[79.3908,25.1179],[79.3893,25.1206],[79.3887,25.1316],[79.387,25.1361],[79.3839,25.14],[79.3821,25.1459],[79.3802,25.1491],[79.3801,25.1537],[79.3839,25.1703],[79.3915,25.1796],[79.4039,25.1896],[79.4042,25.1944],[79.4046,25.1995],[79.4081,25.2075],[79.4096,25.2088],[79.4173,25.2039],[79.4213,25.2032],[79.4246,25.2026],[79.4262,25.2031],[79.428,25.2035],[79.4321,25.2028],[79.4358,25.2047],[79.4427,25.2126],[79.4424,25.221],[79.4323,25.2218],[79.427,25.225],[79.433,25.236],[79.4342,25.2418],[79.4386,25.2483],[79.4418,25.2517],[79.4436,25.2486],[79.4449,25.2481],[79.4483,25.2508],[79.4529,25.2565],[79.4552,25.2652],[79.4592,25.2695],[79.4607,25.2696],[79.464,25.268],[79.4745,25.2666],[79.4791,25.2652],[79.484,25.265],[79.4897,25.2656],[79.4908,25.269],[79.4904,25.2703],[79.4845,25.2727],[79.4777,25.2724],[79.4763,25.2732],[79.4753,25.2749],[79.4753,25.2767],[79.4753,25.2775],[79.4752,25.2792],[79.4731,25.2821],[79.4574,25.2839],[79.4531,25.2826],[79.4527,25.2753],[79.4516,25.2736],[79.4312,25.2596],[79.4267,25.2584],[79.4153,25.2592],[79.4012,25.2624],[79.4019,25.2793],[79.3923,25.2849],[79.3886,25.2862],[79.386,25.2842],[79.3835,25.2836],[79.3793,25.2867],[79.3756,25.2911],[79.3726,25.2933],[79.3698,25.2941],[79.3674,25.2943],[79.3644,25.2925],[79.3672,25.2756],[79.3672,25.2724],[79.3657,25.2681],[79.3617,25.2643],[79.3583,25.2635],[79.353,25.2654],[79.3511,25.27],[79.3516,25.278],[79.3497,25.2884],[79.3431,25.2904],[79.3325,25.2923],[79.3316,25.2926],[79.331,25.2928],[79.3308,25.294],[79.3419,25.3046],[79.3415,25.3077],[79.3377,25.3109],[79.3345,25.3174],[79.3384,25.3249],[79.3459,25.333],[79.3446,25.3344],[79.3337,25.3326],[79.3302,25.3337],[79.3251,25.3372],[79.3093,25.3386],[79.3042,25.3398],[79.2947,25.3402],[79.2941,25.3394],[79.2937,25.3324],[79.2913,25.3293],[79.2834,25.3301],[79.2776,25.3281],[79.2765,25.327],[79.2676,25.3188],[79.2601,25.3102],[79.258,25.2984],[79.256,25.2917],[79.2568,25.285],[79.2563,25.2821],[79.2565,25.2795],[79.259,25.2742],[79.2595,25.2714],[79.262,25.2677],[79.2657,25.2664],[79.2688,25.2665],[79.2711,25.2665],[79.2753,25.2693],[79.2779,25.271],[79.2865,25.2811],[79.2878,25.2902],[79.2983,25.2758],[79.3039,25.2654],[79.31,25.2619],[79.3147,25.2614],[79.3187,25.2631],[79.3234,25.2668],[79.3319,25.2763],[79.3345,25.2757],[79.3379,25.2732],[79.3401,25.2728],[79.3445,25.2643],[79.3413,25.2586],[79.3409,25.2561],[79.3403,25.2431],[79.3413,25.2391],[79.3411,25.2305],[79.3395,25.2281],[79.332,25.232],[79.3308,25.2321],[79.3291,25.2299],[79.3349,25.2229],[79.347,25.2142],[79.3434,25.21],[79.3326,25.2008],[79.3266,25.2085],[79.3258,25.2108],[79.3251,25.2139],[79.3253,25.2224],[79.3243,25.2226],[79.323,25.2227],[79.3149,25.2196],[79.3134,25.2196],[79.3108,25.2195],[79.3086,25.2232],[79.3005,25.2274],[79.2978,25.2344],[79.2933,25.2402],[79.284,25.2465],[79.2786,25.2478],[79.2736,25.2481],[79.2739,25.2465],[79.2742,25.2452],[79.2782,25.2383],[79.2815,25.2271],[79.2811,25.2243],[79.2796,25.2217],[79.278,25.2106],[79.2778,25.2035],[79.2788,25.1974],[79.2835,25.1895],[79.2887,25.1863],[79.2908,25.1839],[79.3019,25.1753],[79.3087,25.1651],[79.3106,25.1609],[79.3145,25.1519],[79.3139,25.151],[79.3057,25.1399],[79.3032,25.1333],[79.301,25.1308],[79.2911,25.1313],[79.2822,25.1335],[79.2765,25.1203],[79.2738,25.1217],[79.27,25.1262],[79.2688,25.1262],[79.2601,25.1221],[79.2581,25.124],[79.2545,25.1305],[79.2621,25.1412],[79.2619,25.1419],[79.2584,25.1439],[79.2593,25.1469],[79.2592,25.1533],[79.256,25.1573],[79.2506,25.1612],[79.2458,25.162],[79.2358,25.161],[79.2252,25.1582],[79.2197,25.1546],[79.2139,25.1484],[79.2225,25.1456],[79.224,25.1432],[79.2241,25.1408],[79.2249,25.1402],[79.2375,25.1428],[79.2398,25.1427],[79.2415,25.1409],[79.2435,25.1408],[79.2377,25.1313],[79.2381,25.1267],[79.2401,25.1202],[79.2397,25.1178],[79.2384,25.1164],[79.2349,25.1175],[79.226,25.1224],[79.2228,25.1233],[79.2201,25.121],[79.2184,25.1182],[79.2137,25.1165],[79.2107,25.1145],[79.2064,25.1138],[79.2071,25.1244],[79.1979,25.1282],[79.1962,25.1317],[79.1963,25.138],[79.1967,25.1429],[79.1937,25.1437],[79.1901,25.1457],[79.189,25.1494],[79.1877,25.1509],[79.1849,25.1511],[79.1811,25.1476],[79.1773,25.146],[79.1684,25.1453],[79.1668,25.1423],[79.1665,25.1395],[79.1688,25.1316],[79.1799,25.1288],[79.1793,25.1177],[79.1741,25.119],[79.1724,25.1185],[79.1689,25.1119],[79.1566,25.1119],[79.1448,25.1166],[79.1382,25.1184],[79.1334,25.1111],[79.1292,25.1108],[79.1243,25.1119],[79.1208,25.1134],[79.1148,25.1178],[79.1251,25.1292],[79.1247,25.1296],[79.1078,25.1437],[79.1186,25.1584],[79.1204,25.1642],[79.1192,25.1634],[79.1071,25.1681],[79.1026,25.1712],[79.0906,25.1762],[79.0887,25.1783],[79.0884,25.1837],[79.0872,25.1878],[79.0843,25.1925],[79.0703,25.1778],[79.0641,25.1725],[79.0629,25.1627],[79.0581,25.1508],[79.0546,25.1489],[79.0489,25.1475],[79.0431,25.1382],[79.0389,25.1372],[79.0355,25.1378],[79.0282,25.1399],[79.0218,25.1432],[79.0216,25.1469],[79.0252,25.1558],[79.0358,25.1739],[79.0314,25.1785],[79.028,25.1803],[79.0257,25.1826],[79.0246,25.1866],[79.0428,25.2101],[79.0485,25.2098],[79.0551,25.2172],[79.0567,25.2192],[79.0564,25.2257],[79.0523,25.2281],[79.0451,25.2306],[79.0265,25.2347],[79.0283,25.241],[79.031,25.2463],[79.0294,25.2493],[79.0147,25.2478],[79.0121,25.2482],[79.0116,25.2493],[79.0117,25.2528],[79.016,25.2652],[79.0143,25.271],[79.0124,25.274],[79.005,25.277],[78.9927,25.2777],[78.9868,25.275],[78.9772,25.2617],[78.9733,25.2537],[78.9712,25.2449],[78.9723,25.2428],[78.9874,25.2359],[78.9927,25.235],[78.9947,25.2337],[78.995,25.2323],[78.9945,25.2255],[78.9933,25.2222],[79.0004,25.2161],[78.9975,25.2076],[78.9973,25.1983],[78.9958,25.1959],[78.9928,25.1965],[78.9877,25.1968],[78.9824,25.1992],[78.9777,25.2042],[78.9692,25.2166],[78.9639,25.2194],[78.9528,25.2207],[78.9483,25.2202],[78.9424,25.2184],[78.9242,25.2106],[78.9192,25.2062],[78.9153,25.2026],[78.908,25.1935],[78.9016,25.1833],[78.9006,25.1805],[78.8934,25.1732],[78.8771,25.1622],[78.8739,25.1633],[78.8718,25.166],[78.8733,25.172],[78.8692,25.1781],[78.8698,25.1829],[78.8676,25.1863],[78.8674,25.19],[78.871,25.1962],[78.8757,25.2001],[78.8801,25.2059],[78.8824,25.2111],[78.8816,25.2155],[78.8733,25.2261],[78.8671,25.2325],[78.8673,25.2377],[78.8722,25.2508],[78.8759,25.2558],[78.8802,25.2536],[78.8846,25.2472],[78.8917,25.2455],[78.8964,25.2499],[78.9086,25.2744],[78.9152,25.2757],[78.9183,25.2752],[78.9228,25.2715],[78.9258,25.2678],[78.9335,25.2635],[78.9364,25.2627],[78.9406,25.2627],[78.9462,25.2638],[78.9484,25.2659],[78.948,25.2717],[78.9445,25.2754],[78.9438,25.2801],[78.9475,25.2837],[78.9538,25.2856],[78.9647,25.2839],[78.97,25.2852],[78.9703,25.2911],[78.9528,25.3119],[78.952,25.3174],[78.9558,25.3478],[78.9529,25.3499],[78.95,25.3483],[78.9458,25.3473],[78.9428,25.3451],[78.9355,25.3362],[78.9312,25.3324],[78.9276,25.3317],[78.9254,25.3346],[78.9255,25.3384],[78.9245,25.3419],[78.9189,25.346],[78.9147,25.3464],[78.9112,25.3421],[78.9079,25.3394],[78.9035,25.3401],[78.8955,25.3435],[78.8852,25.3467],[78.879,25.3469],[78.8765,25.3445],[78.8768,25.3392],[78.8756,25.334],[78.8731,25.3308],[78.8625,25.3246],[78.8582,25.3209],[78.8564,25.317],[78.8595,25.3146],[78.8669,25.311],[78.8676,25.3013],[78.8719,25.2918],[78.8724,25.2882],[78.8706,25.2849],[78.8623,25.2831],[78.8579,25.2662],[78.8529,25.2589],[78.8503,25.2534],[78.8459,25.2338],[78.8446,25.2311],[78.8418,25.2292],[78.8351,25.2332],[78.8237,25.2511],[78.8113,25.266],[78.8056,25.2709],[78.8064,25.2795],[78.8122,25.2941],[78.8127,25.2978],[78.8117,25.2998],[78.807,25.303],[78.8037,25.302],[78.7933,25.2931],[78.7912,25.293],[78.7869,25.2949],[78.7832,25.2976],[78.7833,25.3032],[78.7867,25.3097],[78.7919,25.3148],[78.798,25.3145],[78.8102,25.3109],[78.8146,25.311],[78.8167,25.3166],[78.8217,25.3187],[78.8266,25.3199],[78.8333,25.3313],[78.8357,25.333],[78.8403,25.3319],[78.8435,25.3324],[78.8457,25.3352],[78.8454,25.3387],[78.8432,25.3421],[78.8359,25.347],[78.8377,25.3522],[78.8454,25.3609],[78.8614,25.377],[78.8747,25.3877],[78.883,25.3895],[78.8906,25.3888],[78.9011,25.3893],[78.9083,25.3924],[78.912,25.397],[78.9154,25.3996],[78.9227,25.4005],[78.931,25.4032],[78.9434,25.4031],[78.9494,25.4002],[78.9512,25.3965],[78.9473,25.3932],[78.9389,25.3891],[78.9311,25.3771],[78.9264,25.3773],[78.9091,25.3806],[78.8954,25.3808],[78.8925,25.3753],[78.8932,25.369],[78.897,25.3652],[78.9064,25.3634],[78.9172,25.36],[78.9286,25.3518],[78.9387,25.3528],[78.9484,25.37],[78.9553,25.3731],[78.9745,25.3726],[78.9785,25.376],[78.9784,25.3829],[78.9758,25.3887],[78.9711,25.3918],[78.9682,25.3966],[78.9655,25.4115],[78.9702,25.4205],[78.9689,25.4251],[78.9625,25.4364],[78.9601,25.4389],[78.947,25.4425],[78.9426,25.4417],[78.9378,25.4375],[78.9342,25.4319],[78.9291,25.4283],[78.9126,25.4387],[78.9032,25.4469],[78.9063,25.4505],[78.9134,25.4521],[78.9197,25.4622],[78.9275,25.4657],[78.93,25.4686],[78.9356,25.48],[78.9361,25.4878],[78.9352,25.4943],[78.9332,25.4983],[78.9262,25.5076],[78.9192,25.5136],[78.9167,25.5168],[78.9164,25.5208],[78.9173,25.5255],[78.9196,25.5274],[78.9322,25.5244],[78.9384,25.5275],[78.9419,25.5312],[78.9438,25.5409],[78.9417,25.5514],[78.9357,25.5571],[78.9307,25.5597],[78.9257,25.56],[78.9226,25.5568],[78.9204,25.5496],[78.9186,25.5433],[78.9168,25.5413],[78.9133,25.5455],[78.9104,25.5593],[78.906,25.5606],[78.8968,25.5594],[78.8855,25.5608],[78.8828,25.5604],[78.8811,25.5602],[78.8744,25.557],[78.869,25.5512],[78.8684,25.5442],[78.8776,25.5332],[78.8784,25.5287],[78.876,25.5243],[78.8513,25.5189],[78.8471,25.5185],[78.8412,25.5181],[78.8367,25.5168],[78.8339,25.516],[78.8283,25.51],[78.827,25.5037],[78.8307,25.4984],[78.846,25.4914],[78.8488,25.4876],[78.8516,25.4778],[78.8572,25.4671],[78.8572,25.4622],[78.8537,25.4523],[78.8453,25.445],[78.8366,25.4342],[78.8343,25.4325],[78.831,25.432],[78.8197,25.4378],[78.8157,25.4418],[78.8139,25.4463],[78.8165,25.4489],[78.8304,25.4475],[78.8327,25.4477],[78.8372,25.448],[78.842,25.45],[78.8457,25.4544],[78.8421,25.4571],[78.8376,25.4589],[78.8359,25.46],[78.8334,25.4617],[78.8299,25.4657],[78.8255,25.4684],[78.8153,25.4724],[78.8102,25.4754],[78.7895,25.4835],[78.7817,25.4841],[78.7768,25.4834],[78.773,25.4828],[78.7643,25.4766],[78.7605,25.4758],[78.7565,25.4762],[78.7495,25.4822],[78.7436,25.4849],[78.7415,25.4899],[78.7393,25.4999],[78.7361,25.5043],[78.7318,25.5007],[78.7263,25.4901],[78.7246,25.4633],[78.7277,25.4587],[78.7324,25.4557],[78.7437,25.4521],[78.7481,25.4484],[78.7518,25.4384],[78.7551,25.4339],[78.76,25.4306],[78.7654,25.43],[78.7721,25.4329],[78.7763,25.437],[78.7822,25.4399],[78.7895,25.442],[78.7953,25.4413],[78.8035,25.4382],[78.8118,25.4331],[78.8129,25.4304],[78.8114,25.4274],[78.8077,25.4252],[78.7946,25.4266],[78.7905,25.4257],[78.7882,25.4236],[78.776,25.4212],[78.7562,25.4193],[78.7494,25.4176],[78.7454,25.4155],[78.7431,25.4127],[78.7405,25.4065],[78.7403,25.4031],[78.7416,25.3986],[78.7435,25.3977],[78.7475,25.4005],[78.7512,25.4053],[78.7546,25.4062],[78.7586,25.4041],[78.7596,25.4021],[78.7599,25.3978],[78.7589,25.3935],[78.7573,25.3925],[78.7544,25.3931],[78.753,25.392],[78.7529,25.3903],[78.7548,25.3862],[78.7612,25.3822],[78.7622,25.3744],[78.7657,25.3648],[78.7653,25.3604],[78.7644,25.3584],[78.7563,25.3575],[78.7498,25.3521],[78.7357,25.3492],[78.7252,25.354],[78.7211,25.3538],[78.7179,25.3528],[78.7136,25.353],[78.7094,25.3543],[78.7038,25.3586],[78.7036,25.3617],[78.7046,25.3656],[78.7098,25.3763],[78.709,25.3787],[78.6998,25.3817],[78.6971,25.3833],[78.6961,25.3855],[78.6928,25.3877],[78.6906,25.3867],[78.6891,25.383],[78.6872,25.3806],[78.6839,25.3805],[78.6716,25.3846],[78.6735,25.388],[78.6738,25.3912],[78.6694,25.3929],[78.6649,25.388],[78.6612,25.3866],[78.6579,25.388],[78.6559,25.3922],[78.6569,25.396],[78.6567,25.4005],[78.652,25.4131],[78.6537,25.4168],[78.6565,25.4201],[78.6593,25.4184],[78.6649,25.4045],[78.6691,25.4039],[78.6845,25.416],[78.7002,25.4261],[78.7014,25.4289],[78.6998,25.4323],[78.6933,25.4392],[78.6892,25.4454],[78.6858,25.4478],[78.6817,25.4474],[78.6789,25.4439],[78.6775,25.4397],[78.6749,25.4381],[78.6704,25.4389],[78.658,25.4438],[78.6527,25.444],[78.649,25.4424],[78.6454,25.4379],[78.6388,25.4404],[78.6337,25.4381],[78.6325,25.433],[78.6375,25.4198],[78.6368,25.4141],[78.6338,25.4095],[78.6286,25.4065],[78.6236,25.406],[78.6192,25.407],[78.6169,25.4101],[78.6144,25.4163],[78.6035,25.4171],[78.599,25.4152],[78.5946,25.4091],[78.5916,25.3965],[78.5883,25.3921],[78.5841,25.3903],[78.5789,25.3901],[78.5761,25.3911],[78.5686,25.3962],[78.5634,25.3979],[78.5611,25.3957],[78.5569,25.3841],[78.5601,25.382],[78.5646,25.384],[78.5703,25.3848],[78.5744,25.3822],[78.5778,25.3771],[78.5795,25.3606],[78.5789,25.3553],[78.5762,25.3519],[78.562,25.348],[78.556,25.3486],[78.5447,25.3587],[78.5351,25.364],[78.5281,25.3659],[78.5251,25.363],[78.5234,25.3583],[78.5248,25.3547],[78.5304,25.3521],[78.5311,25.3486],[78.5307,25.3392],[78.5315,25.3349],[78.5336,25.3309],[78.5377,25.3295],[78.5415,25.3266],[78.5408,25.3224],[78.5389,25.3204],[78.5336,25.3187],[78.531,25.3171],[78.5251,25.3065],[78.5187,25.3058],[78.5159,25.3043],[78.5051,25.3021],[78.5003,25.3041],[78.4958,25.3102],[78.4949,25.3207],[78.4922,25.3238],[78.4875,25.3202],[78.4832,25.3142],[78.4779,25.3087],[78.4718,25.3058],[78.4693,25.3033],[78.4671,25.293],[78.4593,25.2967],[78.4568,25.2993],[78.4485,25.3033],[78.4406,25.3042],[78.4352,25.3025],[78.4298,25.297],[78.4274,25.2887],[78.4287,25.2808],[78.4358,25.2732],[78.4445,25.27],[78.454,25.2706],[78.4893,25.2921],[78.4967,25.2939],[78.5008,25.2882],[78.5026,25.2834],[78.5053,25.2815],[78.5209,25.288],[78.5252,25.2855],[78.5256,25.2782],[78.5285,25.2745],[78.536,25.2719],[78.5423,25.272],[78.5524,25.2709],[78.557,25.2693],[78.5644,25.2652],[78.5686,25.2586],[78.5682,25.2541],[78.5658,25.2495],[78.5625,25.2387],[78.5615,25.2274],[78.5626,25.226],[78.5646,25.221],[78.5698,25.202],[78.5937,25.1574],[78.596,25.1486],[78.5982,25.1271],[78.5983,25.1081],[78.5967,25.1035],[78.5972,25.0979],[78.6056,25.0942],[78.6176,25.0927],[78.6203,25.0916],[78.6247,25.0864],[78.6295,25.0824],[78.6348,25.0742],[78.6356,25.071],[78.6394,25.0664],[78.6419,25.0615],[78.6442,25.0352],[78.6372,25.0256],[78.6362,25.0214],[78.6362,25.0109],[78.6351,25.0043],[78.632,24.9837],[78.6229,24.9678],[78.622,24.9649],[78.6249,24.9619],[78.6424,24.9527],[78.6425,24.9503],[78.6401,24.9453],[78.6405,24.9404],[78.6422,24.9398],[78.6537,24.9442],[78.6571,24.9251],[78.6595,24.9175],[78.663,24.9093],[78.6684,24.9024],[78.6754,24.8985],[78.6797,24.8972],[78.6917,24.8959],[78.6963,24.8947],[78.7006,24.8865],[78.7029,24.884],[78.7128,24.8838],[78.7189,24.8827],[78.7225,24.8807],[78.7316,24.8723],[78.7344,24.871],[78.7384,24.8696],[78.7467,24.8708],[78.7506,24.8689],[78.7534,24.865],[78.7614,24.863],[78.7645,24.8614],[78.7672,24.8557],[78.7674,24.8489],[78.7689,24.8437],[78.7726,24.8305],[78.7805,24.815],[78.7811,24.8105],[78.7801,24.807],[78.7778,24.8049],[78.7672,24.7985],[78.7645,24.795],[78.7632,24.7668],[78.7686,24.7548],[78.769,24.7511],[78.7675,24.7434],[78.7691,24.7235],[78.7698,24.7188],[78.7731,24.7117],[78.773,24.7069],[78.7724,24.7041],[78.7676,24.6969],[78.7653,24.6953],[78.76,24.6936],[78.7588,24.6822],[78.7575,24.6772],[78.755,24.6736],[78.7449,24.6693],[78.7443,24.6668],[78.7401,24.66],[78.7406,24.6561],[78.7421,24.6506],[78.7464,24.6432],[78.748,24.6371],[78.7486,24.6247],[78.748,24.6115],[78.7495,24.605],[78.752,24.6025],[78.7666,24.5976],[78.7769,24.5931],[78.7938,24.5982],[78.7979,24.6053],[78.8018,24.6078],[78.8067,24.6072],[78.8111,24.6053],[78.8141,24.6056],[78.8204,24.6079],[78.8288,24.6078],[78.8308,24.6089],[78.8335,24.6208],[78.836,24.6256],[78.8391,24.6282],[78.8444,24.629],[78.8492,24.6217],[78.8524,24.6209],[78.8558,24.623],[78.8592,24.6282],[78.8628,24.6411],[78.8665,24.6455],[78.8731,24.6469],[78.8817,24.6397],[78.8914,24.6221],[78.8919,24.6168],[78.893,24.6138],[78.9044,24.6043],[78.9056,24.6022],[78.9085,24.5888],[78.9131,24.5813],[78.9304,24.5644],[78.943,24.5579],[78.9447,24.5562],[78.9455,24.5533],[78.9404,24.5431],[78.94,24.5341],[78.9404,24.5312],[78.9439,24.5266],[78.9448,24.5236],[78.9434,24.5166],[78.9442,24.5095],[78.9471,24.506],[78.9502,24.5045],[78.9634,24.502],[78.9655,24.5003],[78.9664,24.4969],[78.9639,24.4938],[78.9546,24.4886],[78.9486,24.4862],[78.9431,24.4849],[78.9307,24.4845],[78.9252,24.486],[78.9233,24.4884],[78.9257,24.4918],[78.9261,24.4964],[78.9244,24.4991],[78.9218,24.5011],[78.9176,24.5025],[78.9138,24.5008],[78.9081,24.4932],[78.9009,24.4884],[78.9009,24.4836],[78.9026,24.4784],[78.9086,24.4668],[78.9128,24.4635],[78.9272,24.4621],[78.9311,24.46],[78.9407,24.446],[78.9444,24.4433],[78.9471,24.4431],[78.9555,24.4451],[78.962,24.4441],[78.9718,24.4447],[78.982,24.4472],[78.9844,24.4414],[78.9865,24.434],[78.9878,24.428],[78.9869,24.4232],[78.9809,24.4178],[78.9762,24.4029],[78.9742,24.3986],[78.971,24.3847],[78.9672,24.3736],[78.9669,24.3703],[78.9683,24.3602],[78.9681,24.357],[78.9669,24.3537],[78.9649,24.3504],[78.961,24.3472],[78.9549,24.3439],[78.9509,24.3404],[78.9454,24.3313],[78.9325,24.3189],[78.9287,24.3162],[78.9241,24.3142],[78.9078,24.3012],[78.9071,24.2964],[78.9077,24.2949],[78.9128,24.2894],[78.9132,24.2859],[78.9117,24.2765],[78.9099,24.2729],[78.8856,24.2593],[78.8791,24.254],[78.8783,24.2487],[78.8798,24.2441],[78.8811,24.2289],[78.8789,24.2231],[78.8737,24.2189],[78.8628,24.214],[78.8582,24.2135],[78.8465,24.2169],[78.8388,24.2147],[78.8328,24.2093],[78.8277,24.2032],[78.8243,24.2013],[78.8201,24.2012],[78.8189,24.2024],[78.8164,24.2087],[78.8135,24.2103],[78.8105,24.2085],[78.8091,24.2047],[78.808,24.1933],[78.8057,24.1843],[78.8022,24.1819],[78.7917,24.1802],[78.7885,24.1814],[78.7846,24.1851],[78.7821,24.1915],[78.7783,24.201],[78.7763,24.21],[78.7749,24.2123],[78.7698,24.2153],[78.7677,24.2178],[78.7605,24.2339],[78.76,24.2365],[78.7607,24.2391],[78.7664,24.2506],[78.7603,24.2585],[78.7567,24.2597],[78.7543,24.2472],[78.7526,24.2437],[78.7498,24.2407],[78.7459,24.2393],[78.7437,24.2395],[78.7409,24.2402],[78.7375,24.2421],[78.7361,24.2451],[78.7353,24.2518],[78.7322,24.2538],[78.7265,24.2527],[78.7211,24.2412],[78.7186,24.2392],[78.7111,24.2394],[78.7071,24.2388],[78.6989,24.2345],[78.6926,24.237],[78.6811,24.2441],[78.6781,24.2449],[78.6731,24.2444],[78.6691,24.245],[78.6654,24.2484],[78.6632,24.2526],[78.6578,24.2681],[78.6544,24.2737],[78.6436,24.2815],[78.6392,24.2862],[78.6342,24.2894],[78.6314,24.2902],[78.626,24.2865],[78.6217,24.2863],[78.6194,24.2894],[78.6173,24.2961],[78.6179,24.2993],[78.6235,24.3069],[78.6228,24.3099],[78.6196,24.3118],[78.6149,24.3126],[78.6048,24.3157],[78.6021,24.3183],[78.599,24.3232],[78.5936,24.3394],[78.5878,24.3414],[78.5847,24.3434],[78.5807,24.3498],[78.5789,24.354],[78.5784,24.3571],[78.5749,24.3594],[78.5665,24.3573],[78.5627,24.3594],[78.5569,24.3612],[78.5526,24.3606],[78.5276,24.3745],[78.5251,24.3771],[78.5221,24.3841],[78.5192,24.3874],[78.5146,24.3906],[78.5054,24.3939],[78.4999,24.3943],[78.4982,24.3928],[78.4898,24.3861],[78.4843,24.3776],[78.4753,24.3674],[78.4728,24.3624],[78.4717,24.3571],[78.4708,24.3434],[78.4678,24.3393],[78.4589,24.3357],[78.4546,24.3332],[78.4508,24.3299],[78.4403,24.3255],[78.4335,24.3134],[78.4333,24.309],[78.4348,24.2977],[78.4265,24.2902],[78.4232,24.2892],[78.4186,24.2895],[78.4145,24.2888],[78.4113,24.2876],[78.407,24.277],[78.4033,24.2755],[78.393,24.2748],[78.3857,24.2731],[78.3824,24.2739],[78.3796,24.2756],[78.3774,24.2781],[78.373,24.2864],[78.3699,24.2891],[78.3662,24.2903],[78.364,24.2924],[78.3617,24.2961],[78.3514,24.2993],[78.3445,24.3033],[78.3424,24.3054],[78.3414,24.3078],[78.3413,24.3115],[78.3394,24.3174],[78.3355,24.3192],[78.3318,24.3225],[78.3285,24.3255],[78.326,24.3296],[78.3254,24.3344],[78.3266,24.3385],[78.3311,24.3426],[78.3354,24.3451],[78.3409,24.3524],[78.3465,24.3627],[78.3626,24.3782],[78.3629,24.3816],[78.3609,24.3858],[78.3589,24.3872],[78.3504,24.3895],[78.3449,24.392],[78.3367,24.4039],[78.3324,24.406],[78.3183,24.4104],[78.3152,24.4128],[78.3115,24.4174],[78.2999,24.4265],[78.2899,24.4331],[78.2812,24.4372],[78.2669,24.4474],[78.2607,24.4539],[78.2603,24.46],[78.2697,24.4731],[78.2696,24.4762],[78.2668,24.48],[78.2632,24.4831],[78.2546,24.4858],[78.2462,24.4867],[78.2396,24.4895],[78.2379,24.4936],[78.2377,24.4962],[78.2415,24.5048],[78.2402,24.5096],[78.2381,24.5117],[78.2282,24.5165],[78.2197,24.5228],[78.2165,24.5316],[78.2184,24.5357],[78.2242,24.5413],[78.2365,24.5463],[78.2461,24.5487],[78.2553,24.5523],[78.2589,24.5582],[78.2604,24.5692],[78.2638,24.5787],[78.2681,24.597],[78.2694,24.605],[78.2699,24.6154],[78.2675,24.6219],[78.2634,24.6281],[78.2585,24.6378],[78.2567,24.6486],[78.2583,24.6528],[78.2679,24.6635],[78.2685,24.6671],[78.268,24.6696],[78.257,24.6859],[78.2546,24.6925],[78.2528,24.7009],[78.2508,24.7056],[78.2365,24.7246],[78.2263,24.7362],[78.2204,24.7474],[78.2189,24.7538],[78.2199,24.7582],[78.2243,24.764],[78.2252,24.7664],[78.2258,24.7766],[78.2239,24.783],[78.2184,24.7919],[78.209,24.8131],[78.1959,24.8286],[78.194,24.8316],[78.1916,24.8397],[78.1869,24.8428],[78.1736,24.8462],[78.17,24.8465],[78.1653,24.8482],[78.1638,24.8571],[78.1636,24.8643],[78.1633,24.871],[78.1647,24.8783],[78.1654,24.8817],[78.1704,24.8853],[78.177,24.8873],[78.1892,24.8928],[78.1997,24.8962],[78.204,24.9005],[78.2107,24.9123],[78.2139,24.9156],[78.2288,24.9241],[78.2494,24.9385],[78.2524,24.9395],[78.256,24.942],[78.2599,24.9492],[78.2627,24.9526],[78.2823,24.9632],[78.2896,24.9681],[78.3026,24.984],[78.3067,24.989],[78.3096,24.9912],[78.3275,24.9996],[78.3302,25.0037],[78.3346,25.0107],[78.3375,25.0208],[78.3381,25.0273],[78.3308,25.0454],[78.3272,25.0679],[78.325,25.0725],[78.3252,25.0841],[78.3268,25.0869],[78.3278,25.0888],[78.3309,25.0916],[78.3327,25.0932],[78.3478,25.1],[78.3578,25.1024],[78.367,25.1045],[78.3744,25.1085],[78.3787,25.1127],[78.3897,25.127],[78.3953,25.1305],[78.4023,25.131],[78.4107,25.1292],[78.4177,25.127],[78.4247,25.1247],[78.431,25.1245],[78.4429,25.1288],[78.4324,25.1375],[78.4229,25.1454],[78.4188,25.1511],[78.4183,25.1535],[78.4209,25.1576],[78.4287,25.1583],[78.442,25.1574],[78.4428,25.1579],[78.4463,25.1667],[78.4465,25.169],[78.4439,25.1726],[78.4391,25.1721],[78.4375,25.1714],[78.4351,25.1704],[78.4282,25.1696],[78.4173,25.1728],[78.409,25.182],[78.4073,25.1858],[78.4036,25.1889],[78.3913,25.1912],[78.3889,25.1928],[78.3854,25.1952],[78.3843,25.1993],[78.3836,25.202],[78.3839,25.2049],[78.3839,25.206],[78.3858,25.2087],[78.3945,25.2146],[78.3978,25.2178],[78.3955,25.2212],[78.3922,25.2223],[78.3811,25.2238],[78.3752,25.2258],[78.3708,25.2334],[78.3689,25.2417],[78.3645,25.2439],[78.3571,25.2442],[78.3545,25.2461],[78.3552,25.25],[78.3603,25.2586],[78.3622,25.2654],[78.3553,25.2757],[78.3451,25.283],[78.3452,25.2979],[78.3413,25.2993],[78.3301,25.3004],[78.3165,25.3046],[78.3116,25.3076],[78.308,25.311],[78.3106,25.3162],[78.3154,25.3207],[78.3271,25.3272],[78.3278,25.3276],[78.3308,25.3313],[78.3313,25.3367],[78.3276,25.3465],[78.3266,25.349],[78.3232,25.3553],[78.3163,25.3596],[78.3016,25.3644],[78.2962,25.365],[78.2942,25.3676],[78.2955,25.3748],[78.2997,25.3838],[78.3034,25.3848],[78.3072,25.3842],[78.3107,25.3851],[78.3169,25.3909],[78.3215,25.3952],[78.3303,25.401],[78.3325,25.4046],[78.3341,25.4182],[78.3352,25.4311],[78.3366,25.435],[78.3438,25.4462],[78.3476,25.4548],[78.3493,25.4558],[78.3527,25.4553],[78.361,25.4466],[78.3661,25.4463],[78.3708,25.4472],[78.3774,25.4484],[78.3809,25.4505],[78.3834,25.4519],[78.3857,25.4542],[78.3919,25.4688],[78.3931,25.4704],[78.3938,25.4713],[78.396,25.4718],[78.4014,25.473],[78.4067,25.4792],[78.4165,25.4775],[78.4207,25.4776],[78.4216,25.4797],[78.4195,25.4905],[78.4123,25.4977],[78.4094,25.5043],[78.4086,25.508],[78.4096,25.5186],[78.4112,25.519],[78.4143,25.5153],[78.4163,25.5157],[78.4167,25.5178],[78.4153,25.5214],[78.411,25.5274],[78.4087,25.5329],[78.41,25.5377],[78.4123,25.5422],[78.4261,25.5615],[78.4293,25.5639],[78.4335,25.5652],[78.4371,25.5644],[78.4397,25.559],[78.443,25.5571],[78.445,25.555],[78.4492,25.5527],[78.4552,25.552],[78.4573,25.5554],[78.46,25.5646],[78.4621,25.5675],[78.4689,25.573],[78.4811,25.5804],[78.4863,25.5822],[78.4915,25.5819],[78.5114,25.573],[78.5275,25.5729],[78.5324,25.5703],[78.536,25.5669],[78.5418,25.5651],[78.5471,25.5647],[78.5597,25.5678],[78.5655,25.5679],[78.571,25.5674],[78.5761,25.5653],[78.5812,25.5643],[78.584,25.5655],[78.5871,25.5729],[78.5903,25.5752],[78.5953,25.5749],[78.598,25.5756],[78.6002,25.5784],[78.6042,25.5873],[78.6057,25.5889],[78.6086,25.5891],[78.6181,25.587],[78.6213,25.5822],[78.6202,25.5736],[78.6234,25.571],[78.6288,25.569],[78.6443,25.5654],[78.6486,25.5656],[78.6654,25.5848],[78.673,25.5918],[78.677,25.5941],[78.688,25.5952],[78.6957,25.5998],[78.7003,25.6013],[78.7066,25.6033],[78.7112,25.6066],[78.7243,25.6084],[78.7328,25.6031],[78.741,25.6039],[78.749,25.6083],[78.7554,25.6096],[78.766,25.6131],[78.7849,25.6155],[78.7945,25.6175],[78.7982,25.6192],[78.8052,25.6246],[78.8064,25.633],[78.8098,25.6384],[78.8112,25.6455],[78.8106,25.6651],[78.8113,25.6745],[78.8094,25.6781],[78.7958,25.6961],[78.7894,25.6998],[78.7907,25.7029],[78.7926,25.7072],[78.7912,25.7105],[78.7775,25.7137],[78.7607,25.7208],[78.7524,25.7274],[78.748,25.7327],[78.7458,25.738],[78.7455,25.7441],[78.7468,25.7491],[78.7513,25.7527],[78.7557,25.753],[78.7624,25.7523],[78.7658,25.7589],[78.7758,25.7615],[78.78,25.7751],[78.7906,25.7882],[78.7936,25.7935],[78.7961,25.7959],[78.7996,25.7994],[78.8041,25.8003],[78.805,25.8002],[78.8117,25.7991],[78.8168,25.7993],[78.8205,25.7994],[78.8241,25.8076],[78.8238,25.8108],[78.8236,25.8124],[78.8223,25.8152],[78.8162,25.8176],[78.8138,25.8168],[78.8077,25.8115],[78.804,25.8102],[78.8005,25.8129],[78.7989,25.8182],[78.802,25.8222],[78.8112,25.8301],[78.8158,25.8311],[78.8351,25.8241],[78.841,25.8206],[78.8418,25.8168],[78.8407,25.8121],[78.8413,25.8052],[78.8436,25.8013],[78.8497,25.7959],[78.8559,25.7944],[78.8619,25.7992],[78.8633,25.8021],[78.864,25.8163],[78.8665,25.8296],[78.8658,25.8344],[78.8529,25.8436],[78.8462,25.8388],[78.844,25.8453],[78.8466,25.8605],[78.8505,25.8656],[78.8578,25.872],[78.8607,25.8733],[78.8636,25.8747],[78.8661,25.8749],[78.868,25.875],[78.8727,25.873],[78.8769,25.8699],[78.8827,25.8703],[78.8835,25.8749],[78.8837,25.8765],[78.8813,25.8884],[78.8851,25.8929],[78.8872,25.899],[78.8829,25.9064],[78.8803,25.9096],[78.8774,25.9132],[78.8769,25.9145],[78.8764,25.9157],[78.8943,25.9259],[78.8981,25.9309],[78.9013,25.9375],[78.9039,25.9411],[78.9098,25.9461],[78.9153,25.9494],[78.9238,25.9528],[78.9211,25.9508],[78.9222,25.9501],[78.9248,25.9487],[78.9274,25.9483],[78.9295,25.9494],[78.9301,25.9516],[78.9274,25.9555],[78.9258,25.9589],[78.9255,25.9654],[78.9295,25.9716],[78.9311,25.9763],[78.9261,25.9778],[78.9236,25.9809],[78.9246,25.9843],[78.9272,25.9865],[78.931,25.9855],[78.9362,25.9853],[78.9395,25.9864],[78.9432,25.9907],[78.9439,25.9932],[78.9433,25.9982],[78.9461,26.0016],[78.9466,26.0051],[78.9461,26.0062],[78.9444,26.0089],[78.9453,26.0139],[78.9504,26.0199],[78.9505,26.0258],[78.9462,26.0311],[78.9443,26.037],[78.9486,26.0388],[78.9527,26.042],[78.9614,26.0508],[78.9682,26.0592],[78.9758,26.0599],[78.9787,26.0647],[78.9825,26.0738],[78.986,26.0761],[78.9919,26.0746],[78.9971,26.0739],[78.9992,26.0771],[79.0011,26.0784],[79.0032,26.0818],[79.0022,26.0866],[79.0044,26.0901],[79.0035,26.0943],[79.0005,26.0967],[78.9919,26.0953],[78.9901,26.0959],[78.9718,26.1087],[78.9698,26.1123],[78.9705,26.1203],[78.9692,26.1234],[78.9665,26.1257],[78.9581,26.1299],[78.9546,26.1329],[78.9444,26.1375],[78.9427,26.1391],[78.9458,26.1411],[78.9523,26.1426],[78.9603,26.1543],[78.9653,26.1558],[78.9706,26.1554],[78.9862,26.1505],[78.9897,26.1507],[78.9918,26.1521],[78.9946,26.1528],[79.0007,26.155],[79.0009,26.1603],[79.0024,26.1647],[79.0034,26.173],[78.996,26.1755],[78.9918,26.1773],[78.9757,26.1928],[78.9774,26.1955],[78.9809,26.1984],[78.984,26.2007],[78.9918,26.204],[78.9944,26.2005],[78.9966,26.199],[79.0023,26.1968],[79.013,26.1969],[79.0149,26.1975],[79.015,26.1982],[79.0126,26.2014],[79.0104,26.2028],[79.0099,26.2049],[79.0206,26.2086],[79.0207,26.2097],[79.0182,26.2125],[79.0187,26.2158],[79.0173,26.2237],[79.0176,26.2234],[79.0169,26.228],[79.0171,26.2322],[79.0204,26.2343],[79.0247,26.2343],[79.0268,26.2334],[79.0296,26.2321],[79.0343,26.2315],[79.0406,26.2293],[79.046,26.2335],[79.0522,26.2321],[79.0553,26.2324],[79.0571,26.2329],[79.0556,26.2396],[79.0565,26.2419],[79.0611,26.2437],[79.0627,26.2469],[79.0584,26.2539],[79.0555,26.2542],[79.0519,26.2532],[79.0489,26.2537],[79.0469,26.2554],[79.0454,26.2603],[79.0422,26.26],[79.0379,26.2629],[79.037,26.267],[79.0468,26.2653],[79.0485,26.266],[79.0468,26.2706],[79.0533,26.2796],[79.0579,26.2838],[79.0641,26.2826],[79.0673,26.2876],[79.0687,26.2878],[79.0721,26.2852],[79.0755,26.2871],[79.0777,26.2872],[79.0787,26.2845],[79.0787,26.2803],[79.0766,26.2788],[79.0761,26.2752],[79.0772,26.2736],[79.0796,26.2726],[79.0836,26.2724],[79.0864,26.2837],[79.0831,26.2939],[79.084,26.2971],[79.0877,26.299],[79.0918,26.304],[79.0915,26.3085],[79.0938,26.3119],[79.098,26.3146],[79.1015,26.3139],[79.1088,26.3086],[79.1146,26.3131],[79.1191,26.3149],[79.1266,26.316],[79.1272,26.3214],[79.118,26.3263],[79.1157,26.3285],[79.1157,26.3313],[79.1156,26.3351],[79.1242,26.3311],[79.1259,26.3314],[79.127,26.3317],[79.1273,26.3335],[79.125,26.3379],[79.1268,26.3399],[79.1326,26.3428],[79.1337,26.345],[79.1314,26.3459],[79.1232,26.3447],[79.1195,26.351],[79.1166,26.3536],[79.1086,26.3545],[79.1053,26.356],[79.1034,26.3595],[79.1004,26.3551],[79.0964,26.3556],[79.0967,26.3596],[79.0952,26.3598],[79.093,26.3601],[79.0886,26.3599],[79.0842,26.3597],[79.0768,26.3627],[79.0768,26.366],[79.0792,26.3729],[79.0891,26.3771],[79.0905,26.3794],[79.0885,26.3831],[79.0896,26.3882],[79.087,26.3911],[79.0807,26.4055],[79.0868,26.4178],[79.0919,26.4167],[79.0927,26.4161],[79.097,26.4126],[79.1007,26.4117],[79.1149,26.4156],[79.1172,26.4171],[79.1168,26.4242],[79.1191,26.4329],[79.1233,26.4406],[79.1268,26.4448],[79.124,26.4455],[79.121,26.4479],[79.1103,26.453],[79.1052,26.4536],[79.0999,26.456],[79.0949,26.4571],[79.0929,26.4573],[79.0912,26.4553],[79.0911,26.4524],[79.0894,26.4509],[79.0833,26.453],[79.0827,26.4523],[79.083,26.4497],[79.0809,26.4439],[79.0777,26.4472],[79.0742,26.4456],[79.0728,26.4478],[79.0691,26.4465],[79.0671,26.447],[79.0668,26.4494],[79.0636,26.449],[79.0613,26.4494],[79.0606,26.4518],[79.058,26.4513],[79.0575,26.4561],[79.0532,26.4556],[79.0485,26.4561],[79.0468,26.4579],[79.0471,26.4614],[79.0635,26.4848],[79.0643,26.4868],[79.0623,26.4899],[79.0611,26.491],[79.0609,26.5033],[79.0566,26.5032],[79.0534,26.5012],[79.0509,26.5008],[79.0497,26.5028],[79.0498,26.5067],[79.0437,26.5105],[79.0393,26.5157],[79.0396,26.5197],[79.041,26.5228],[79.0395,26.5234],[79.0333,26.5226],[79.0313,26.5248],[79.0337,26.5334],[79.0331,26.536],[79.0196,26.5414],[79.0186,26.5433],[79.0205,26.5517],[79.0172,26.5521],[79.0128,26.5487],[79.008,26.5478],[79.006,26.5514],[79.0028,26.5499],[78.998,26.5509],[78.9958,26.5541],[78.9977,26.5559],[79.0052,26.5562],[79.0067,26.5578],[79.0044,26.5586],[78.998,26.564],[78.9991,26.5667],[78.9979,26.5722],[78.9982,26.5742],[78.9935,26.5788],[78.9913,26.5823],[78.9796,26.5741],[78.9795,26.5816],[78.981,26.586],[78.978,26.5924],[78.9821,26.5942],[78.9913,26.6046],[79.0037,26.6064],[79.0057,26.6105],[79.0052,26.6141],[79.0031,26.6192],[79.0031,26.6267],[79.0008,26.6304],[78.9953,26.636],[78.9913,26.6414],[78.9872,26.6442],[78.9869,26.6474],[78.989,26.6514],[78.9913,26.6546],[78.9957,26.6636],[78.9981,26.6666],[79.0012,26.6739],[79.0004,26.6767],[78.9973,26.681],[78.9932,26.6846],[78.9912,26.6844],[78.9873,26.686],[78.9839,26.6857],[78.9739,26.6825],[78.9697,26.6806],[78.9639,26.6765],[78.9479,26.6626],[78.9437,26.6611],[78.9379,26.6627],[78.9361,26.6649],[78.9358,26.6679],[78.937,26.6723],[78.9499,26.6919],[78.9502,26.694],[78.9481,26.6967],[78.9308,26.7043],[78.9128,26.7104],[78.9079,26.7129],[78.9039,26.7134],[78.8829,26.7044],[78.8771,26.7035],[78.8712,26.7036],[78.8649,26.7047],[78.8543,26.7123],[78.8511,26.7164],[78.8407,26.7261],[78.8114,26.7655],[78.8061,26.7688],[78.7987,26.7691],[78.7741,26.7661],[78.7707,26.7642],[78.7664,26.7645],[78.7621,26.7668],[78.7545,26.7757],[78.749,26.7844],[78.7448,26.7894],[78.7411,26.7925],[78.736,26.789],[78.7315,26.7831],[78.7259,26.7796],[78.7229,26.7793],[78.7184,26.7817],[78.7178,26.7872],[78.7203,26.7927],[78.7214,26.7977],[78.7153,26.8002],[78.6901,26.796],[78.6834,26.7946],[78.6774,26.7924],[78.6728,26.7877],[78.6675,26.7742],[78.659,26.7692],[78.6504,26.7697],[78.6286,26.7754],[78.6204,26.7752],[78.6157,26.7719],[78.6118,26.7671],[78.6094,26.761],[78.6065,26.7575],[78.602,26.7561],[78.5752,26.756],[78.5658,26.7577],[78.5601,26.7622],[78.5549,26.7648],[78.535,26.7717],[78.5343,26.772],[78.5263,26.7785],[78.5156,26.7851],[78.492,26.788],[78.4763,26.7923],[78.4663,26.7934],[78.4581,26.7952],[78.4508,26.7981],[78.4456,26.8034],[78.4343,26.8241],[78.4303,26.8289],[78.4259,26.8323],[78.4134,26.8304],[78.4003,26.826],[78.3897,26.8249],[78.3856,26.8279],[78.3807,26.8361],[78.3748,26.8468],[78.3701,26.8576],[78.3669,26.8626],[78.3646,26.8688],[78.3625,26.8713],[78.3514,26.8744],[78.3412,26.874],[78.3238,26.8686],[78.316,26.8694],[78.302,26.8691],[78.2947,26.8683],[78.2821,26.8641],[78.2762,26.8605],[78.2708,26.8556],[78.2678,26.8497],[78.2665,26.841],[78.2668,26.8328],[78.2653,26.8247],[78.2609,26.8209],[78.2556,26.8203],[78.2475,26.8239],[78.2368,26.8317],[78.223,26.8372],[78.217,26.8377],[78.2098,26.8361],[78.2116,26.8385],[78.214,26.8485],[78.2076,26.8523],[78.2045,26.8556],[78.2008,26.8624],[78.1969,26.8721],[78.1902,26.8835],[78.1911,26.8886],[78.1935,26.8895],[78.2005,26.8786],[78.2049,26.8774],[78.2266,26.8826],[78.2298,26.8939],[78.2325,26.8955],[78.2482,26.9006],[78.2527,26.9046],[78.2543,26.9097],[78.2595,26.9162],[78.2622,26.9235],[78.2618,26.9302],[78.2612,26.9318],[78.2583,26.934],[78.2522,26.935],[78.2473,26.9307],[78.2402,26.9336],[78.2327,26.9337],[78.2306,26.9368],[78.2294,26.9413],[78.2273,26.9436],[78.2234,26.9451],[78.2205,26.9477],[78.2159,26.954],[78.2122,26.9496],[78.2083,26.9398],[78.2052,26.9389],[78.2013,26.9403],[78.1905,26.9468],[78.1737,26.9487],[78.1631,26.9527],[78.1527,26.9521],[78.1461,26.9531],[78.1395,26.9571],[78.1341,26.957],[78.1271,26.9555],[78.1149,26.9549],[78.1113,26.9532],[78.108,26.95],[78.1079,26.9483],[78.1094,26.9449],[78.1131,26.9419],[78.1152,26.9382],[78.1143,26.9306],[78.1127,26.9275],[78.1063,26.93],[78.1021,26.9309],[78.0987,26.9306],[78.0954,26.9291],[78.0966,26.923],[78.0991,26.9206],[78.1028,26.9099],[78.1015,26.905],[78.0986,26.904],[78.0935,26.9101],[78.091,26.9116],[78.0883,26.9099],[78.0899,26.9057],[78.0894,26.9029],[78.0868,26.902],[78.0728,26.9076],[78.0679,26.9103],[78.0629,26.9149],[78.0605,26.9159],[78.0571,26.9133],[78.0525,26.9149],[78.0486,26.9138],[78.0422,26.9154],[78.0452,26.9029],[78.0443,26.8845],[78.0448,26.8821],[78.0477,26.8778],[78.0478,26.8748],[78.0459,26.8749],[78.0397,26.8773],[78.0376,26.877],[78.0354,26.8746],[78.0311,26.8655],[78.0272,26.8622],[78.022,26.8609],[78.0176,26.8616],[78.0164,26.8638],[78.0273,26.8735],[78.0279,26.8762],[78.0201,26.8796],[78.0176,26.882],[78.0221,26.8902],[78.0217,26.8948],[78.0191,26.8974],[78.0163,26.905],[78.0141,26.9084],[78.0067,26.9107],[77.9984,26.9099],[77.9919,26.9109],[77.985,26.9014],[77.9803,26.8977],[77.9751,26.8975],[77.9706,26.8997],[77.9668,26.903],[77.9648,26.9072],[77.9658,26.911],[77.963,26.9126],[77.942,26.8998],[77.9377,26.9021],[77.9347,26.9052],[77.9321,26.91],[77.9288,26.9128],[77.9219,26.9146],[77.9096,26.9143],[77.9082,26.9168],[77.9093,26.9208],[77.9066,26.924],[77.8999,26.9245],[77.8969,26.92],[77.8986,26.9154],[77.9009,26.9117],[77.9028,26.9011],[77.9008,26.8951],[77.8961,26.8897],[77.8901,26.8895],[77.8848,26.8923],[77.8821,26.896],[77.8768,26.8992],[77.8715,26.9055],[77.8494,26.9124],[77.841,26.9164],[77.8364,26.9196],[77.8263,26.921],[77.8213,26.9262],[77.8146,26.9228],[77.8086,26.9257],[77.8053,26.9285],[77.7992,26.9283],[77.7959,26.9234],[77.7889,26.9223],[77.7815,26.9277],[77.7731,26.9326],[77.7735,26.9363],[77.7651,26.938],[77.7534,26.9377],[77.7487,26.9269],[77.7443,26.9232],[77.7406,26.9269],[77.729,26.9258],[77.7239,26.923],[77.7189,26.9164],[77.7108,26.903],[77.7179,26.8996],[77.7199,26.8967],[77.7205,26.893],[77.7198,26.8867],[77.7158,26.8813],[77.7054,26.8803],[77.6977,26.88],[77.6964,26.8766],[77.6937,26.8729],[77.6894,26.8735],[77.6864,26.8783],[77.6824,26.8792],[77.6784,26.8783],[77.6747,26.8746],[77.6717,26.8741],[77.667,26.8624],[77.6646,26.8598],[77.6573,26.8564],[77.6249,26.8467],[77.6162,26.8485],[77.6132,26.8445],[77.6119,26.8396],[77.6085,26.8345],[77.6045,26.8328],[77.6008,26.8342],[77.6002,26.8425],[77.5962,26.8417],[77.5881,26.8334],[77.5775,26.8331],[77.5721,26.832],[77.5688,26.8274],[77.5648,26.8246],[77.5564,26.822],[77.5474,26.8217],[77.5357,26.8254],[77.5284,26.8246],[77.5207,26.822],[77.5144,26.8246],[77.512,26.828],[77.5123,26.8383],[77.5154,26.8414],[77.5137,26.8451],[77.5067,26.8474],[77.502,26.8465],[77.498,26.8479],[77.497,26.838],[77.4893,26.8086],[77.4866,26.8012],[77.4823,26.7941],[77.481,26.7878],[77.4843,26.7824],[77.4893,26.7772],[77.4967,26.7741],[77.4933,26.767],[77.4864,26.761],[77.4804,26.7539],[77.4483,26.7467],[77.4573,26.7621],[77.4617,26.7658],[77.4643,26.7696],[77.456,26.7804],[77.451,26.7807],[77.4453,26.7775],[77.4389,26.7758],[77.4343,26.7724],[77.4286,26.7701],[77.4273,26.7761],[77.4286,26.7858],[77.4319,26.7924],[77.4382,26.8089],[77.4392,26.8192],[77.4342,26.8254],[77.4272,26.8317],[77.4258,26.8357],[77.4228,26.8368],[77.4175,26.8428],[77.4215,26.8488],[77.4262,26.8531],[77.4235,26.8576],[77.4225,26.867],[77.4265,26.867],[77.4318,26.8659],[77.4365,26.8679],[77.4418,26.8776],[77.4505,26.875],[77.4542,26.8767],[77.4555,26.8804],[77.4552,26.8896],[77.4648,26.8927],[77.4738,26.8998],[77.4825,26.9038],[77.4958,26.9058],[77.5186,26.9155],[77.5453,26.922],[77.5574,26.926],[77.5798,26.9309],[77.5848,26.9423],[77.5874,26.9445],[77.5918,26.944],[77.5938,26.9377],[77.5981,26.9403],[77.6048,26.946],[77.6423,26.9673],[77.6489,26.9738],[77.6526,26.9749],[77.6566,26.9741],[77.6596,26.9681],[77.6653,26.9669],[77.6686,26.9692],[77.6703,26.9771],[77.6919,26.979],[77.7012,26.9843],[77.7099,26.9877],[77.7146,26.9917],[77.7233,26.9882],[77.7363,26.9882],[77.739,26.9911],[77.7397,26.9979],[77.7434,26.9977],[77.7477,26.9985],[77.7461,27.0029],[77.7425,27.0057],[77.7425,27.0063],[77.7455,27.0087],[77.7462,27.0109],[77.7453,27.0134],[77.7477,27.0176],[77.755,27.0228],[77.7531,27.0236],[77.7439,27.0237],[77.7409,27.0255],[77.7394,27.0276],[77.7384,27.0327],[77.7355,27.0337],[77.7265,27.0315],[77.7222,27.0261],[77.7202,27.014],[77.721,27.0057],[77.7234,27.0039],[77.7223,27.0003],[77.7176,27],[77.7139,26.998],[77.7086,27.0011],[77.7036,27.0003],[77.699,27.0057],[77.6966,27.007],[77.6957,27.0161],[77.6937,27.0195],[77.682,27.0329],[77.6849,27.0398],[77.6843,27.0449],[77.6782,27.0505],[77.6733,27.0516],[77.6708,27.0489],[77.6633,27.0303],[77.6599,27.025],[77.657,27.0227],[77.652,27.0226],[77.6433,27.0272],[77.6343,27.027],[77.6309,27.0234],[77.6274,27.0155],[77.6243,27.0169],[77.622,27.0219],[77.6195,27.0249],[77.6156,27.0274],[77.6034,27.0291],[77.5988,27.0288],[77.5943,27.0312],[77.5906,27.0317],[77.5888,27.0371],[77.5839,27.0393],[77.5751,27.0416],[77.5682,27.0393],[77.5607,27.0357],[77.5574,27.0369],[77.5589,27.0488],[77.5611,27.0516],[77.5652,27.054],[77.5668,27.0603],[77.5669,27.0663],[77.5657,27.069],[77.5684,27.0725],[77.5657,27.078],[77.5632,27.0786],[77.5542,27.0772],[77.5463,27.0807],[77.5414,27.0774],[77.5337,27.0698],[77.5292,27.0671],[77.5265,27.0665],[77.5214,27.0672],[77.5143,27.0704],[77.5147,27.0741],[77.5177,27.0798],[77.5182,27.0881],[77.5174,27.0895],[77.5138,27.0914],[77.5147,27.0919],[77.511,27.0939],[77.4994,27.094],[77.4984,27.0952],[77.499,27.0958],[77.5023,27.0992],[77.5082,27.1029],[77.5138,27.1081],[77.5208,27.1058],[77.5294,27.1041],[77.5321,27.1097],[77.5395,27.1113],[77.5444,27.1156],[77.5458,27.1151],[77.5561,27.1158],[77.5747,27.1221],[77.5834,27.1207],[77.5859,27.1242],[77.5908,27.1231],[77.5957,27.1262],[77.5973,27.1291],[77.5946,27.1337],[77.5959,27.1372],[77.5924,27.1401],[77.5921,27.1448],[77.5937,27.148],[77.5981,27.148],[77.6065,27.1541],[77.6059,27.1589],[77.6041,27.1643],[77.6051,27.1685],[77.6148,27.1748],[77.6225,27.175],[77.6254,27.1744],[77.6283,27.1731],[77.6308,27.1702],[77.6359,27.1701],[77.6433,27.1744],[77.6546,27.1756],[77.6612,27.1828],[77.6654,27.1861],[77.672,27.1951],[77.673,27.2004],[77.6672,27.2071],[77.6566,27.213],[77.655,27.2118],[77.6478,27.2145],[77.642,27.2148],[77.6395,27.2173],[77.6395,27.2232],[77.6432,27.2318],[77.6442,27.2389],[77.6384,27.2407],[77.638,27.2425],[77.6391,27.2471],[77.6389,27.2471],[77.6342,27.2537],[77.6296,27.2555],[77.6258,27.2623],[77.6233,27.2638],[77.6128,27.2603],[77.609,27.2651],[77.6066,27.2727],[77.6113,27.2743],[77.6141,27.2792],[77.6094,27.2817],[77.6091,27.288],[77.6031,27.2949],[77.5983,27.2964],[77.5917,27.3006],[77.5917,27.3027],[77.597,27.3047],[77.6001,27.3047],[77.6033,27.3099],[77.6089,27.3119],[77.6135,27.3148],[77.6155,27.3254],[77.6156,27.3345],[77.6163,27.3383],[77.6141,27.3434],[77.6104,27.3444],[77.6075,27.3422],[77.6048,27.3379],[77.593,27.338],[77.5866,27.3353],[77.5823,27.3316],[77.5804,27.3285],[77.5745,27.3267],[77.5727,27.3301],[77.5678,27.3332],[77.5667,27.3336],[77.5617,27.3354],[77.5427,27.3424],[77.5404,27.3476],[77.5391,27.3531],[77.5354,27.3529],[77.5307,27.3528],[77.522,27.3576],[77.5157,27.3627],[77.5094,27.3678],[77.508,27.3728],[77.5039,27.3741],[77.5022,27.3774],[77.4972,27.3814],[77.487,27.3856],[77.4759,27.3877],[77.4666,27.3843],[77.4616,27.3876],[77.4433,27.3933],[77.4358,27.3968],[77.4319,27.3992],[77.4296,27.4044],[77.43,27.405],[77.4268,27.4166],[77.4251,27.4189],[77.4152,27.4254],[77.417,27.4382],[77.4183,27.4422],[77.4207,27.4473],[77.423,27.4494],[77.4273,27.451],[77.4288,27.4555],[77.4296,27.462],[77.4254,27.4648],[77.4155,27.4661],[77.4114,27.4727],[77.4074,27.4764],[77.3964,27.4778],[77.3936,27.4819],[77.3923,27.4861],[77.3916,27.4936],[77.392,27.502],[77.3896,27.5054],[77.3833,27.5115],[77.3824,27.5166],[77.3762,27.5186],[77.3612,27.5185],[77.3582,27.5195],[77.3522,27.52],[77.3403,27.5248],[77.3351,27.53],[77.3325,27.5385],[77.3355,27.5417],[77.3402,27.5467],[77.3384,27.5496],[77.3336,27.5546],[77.3307,27.5638],[77.3312,27.5686],[77.3304,27.5711],[77.3311,27.5734],[77.3331,27.576],[77.3384,27.5766],[77.3435,27.5855],[77.3484,27.5901],[77.3501,27.5934],[77.3352,27.6015],[77.3281,27.596],[77.3258,27.5969],[77.3112,27.6117],[77.3132,27.6173],[77.3323,27.6378],[77.3423,27.653],[77.3428,27.6572],[77.3393,27.6624],[77.3372,27.6697],[77.3375,27.6758],[77.335,27.6814],[77.3368,27.6855],[77.3365,27.6962],[77.3344,27.6995],[77.3339,27.7079],[77.3305,27.7111],[77.3245,27.7132],[77.3203,27.7127],[77.3173,27.7112],[77.3085,27.7139],[77.3024,27.7132],[77.2976,27.7187],[77.2963,27.7298],[77.3107,27.7369],[77.3123,27.7387],[77.3121,27.7402],[77.3097,27.7428],[77.306,27.7447],[77.3053,27.7492],[77.3013,27.7565],[77.3017,27.7601],[77.3028,27.7612],[77.303,27.7647],[77.3015,27.769],[77.3015,27.7717],[77.3037,27.776],[77.3041,27.788],[77.3011,27.7937],[77.2979,27.7979],[77.2954,27.7998],[77.2906,27.8017],[77.2793,27.8028],[77.2758,27.8065],[77.2771,27.8067],[77.2793,27.812],[77.2835,27.8159],[77.2897,27.8178],[77.2906,27.8197],[77.2889,27.8291],[77.2992,27.8314],[77.3048,27.8312],[77.3063,27.832],[77.3129,27.8301],[77.3172,27.8332],[77.3221,27.8347],[77.3273,27.8377],[77.3241,27.8409],[77.3292,27.852],[77.3312,27.8527],[77.3327,27.8549],[77.3393,27.8596],[77.3441,27.859],[77.3526,27.8564],[77.3648,27.8606],[77.37,27.8631],[77.3739,27.8637],[77.3821,27.8631],[77.3928,27.8589],[77.4038,27.8582],[77.4124,27.8591],[77.4144,27.8607],[77.4137,27.8626],[77.4063,27.8697],[77.4051,27.8717],[77.4045,27.8758],[77.4016,27.8819],[77.4041,27.8866],[77.4071,27.8891],[77.411,27.895],[77.4123,27.8962],[77.4142,27.8965],[77.4222,27.8945],[77.4303,27.8888],[77.4422,27.8785],[77.4458,27.8784],[77.4585,27.8853],[77.4698,27.8947],[77.4725,27.9012],[77.4746,27.9121],[77.4725,27.9192],[77.4709,27.9206],[77.4706,27.9279],[77.4685,27.9319],[77.4687,27.9329],[77.4777,27.9402],[77.4847,27.9439],[77.488,27.9415],[77.4906,27.9339],[77.4923,27.9318],[77.4954,27.9308],[77.4978,27.9314],[77.5059,27.9361],[77.5112,27.9374],[77.5138,27.9363],[77.5192,27.9319],[77.5314,27.9418],[77.5361,27.9493],[77.5373,27.9578],[77.5359,27.9655],[77.529,27.9662],[77.515,27.9655],[77.5106,27.9682],[77.5096,27.9733],[77.5134,27.9774],[77.5267,27.984],[77.5322,27.9888],[77.5352,27.9933],[77.5201,28.0065],[77.5119,28.0103],[77.5094,28.0177],[77.5065,28.0223],[77.5018,28.0274],[77.4974,28.0306],[77.4952,28.0343],[77.4897,28.0393],[77.4791,28.0442],[77.4776,28.0491],[77.4828,28.0576],[77.4829,28.0589],[77.4829,28.0607],[77.4768,28.0733],[77.4717,28.0788],[77.47,28.0837],[77.4689,28.086],[77.4731,28.1037],[77.4748,28.1043],[77.4782,28.108],[77.4828,28.1079],[77.486,28.0974],[77.4901,28.0953],[77.4923,28.098],[77.4937,28.1023],[77.4932,28.1082],[77.4914,28.1127],[77.4994,28.1226],[77.4996,28.1274],[77.4985,28.1357],[77.488,28.1388],[77.4873,28.1414],[77.4899,28.1444],[77.4953,28.1458],[77.4964,28.1599],[77.4989,28.163],[77.5116,28.1649],[77.5318,28.1703],[77.5424,28.1817],[77.5379,28.1909],[77.5302,28.1929],[77.5208,28.1917],[77.5057,28.1955],[77.5015,28.1872],[77.4921,28.1851],[77.4906,28.1931],[77.4891,28.212],[77.4976,28.213],[77.5106,28.2063],[77.5128,28.2017],[77.5191,28.2018],[77.5233,28.2072],[77.5216,28.2174],[77.517,28.2214],[77.5156,28.2298],[77.5356,28.2405],[77.5412,28.2477],[77.5388,28.2544],[77.525,28.2534],[77.5123,28.2543],[77.5116,28.2546],[77.5106,28.2549],[77.5021,28.2578],[77.4871,28.2618],[77.4673,28.2697],[77.4648,28.2774],[77.4723,28.2812],[77.4881,28.2791],[77.4927,28.2806],[77.4948,28.2926],[77.4942,28.3003],[77.4958,28.307],[77.4819,28.3236],[77.4736,28.3279],[77.4659,28.3339],[77.4638,28.338],[77.4664,28.3412],[77.4852,28.3502],[77.4942,28.3583],[77.4921,28.3695],[77.4859,28.3797],[77.4695,28.3943],[77.4668,28.3997],[77.4739,28.4038],[77.4746,28.4135],[77.4687,28.4175],[77.4561,28.421],[77.4515,28.4249],[77.444,28.429],[77.436,28.4316],[77.4283,28.4441],[77.4258,28.4545],[77.4181,28.4558],[77.4083,28.4556],[77.3978,28.4586],[77.3948,28.4628],[77.4,28.4667],[77.3979,28.4712],[77.3882,28.4728],[77.376,28.4762],[77.3694,28.4807],[77.3641,28.4857],[77.364,28.4929],[77.3605,28.4979],[77.3432,28.5036],[77.3377,28.509],[77.3368,28.5157],[77.334,28.5207],[77.3305,28.5241],[77.3215,28.5359],[77.3149,28.5415],[77.3107,28.5437],[77.3031,28.5505],[77.2952,28.5612],[77.2938,28.5667],[77.2936,28.5797],[77.2949,28.5824],[77.3071,28.5969],[77.3099,28.599],[77.3169,28.6],[77.3278,28.6049],[77.3332,28.6067],[77.3362,28.6089],[77.3375,28.6175],[77.3371,28.6219],[77.3342,28.627],[77.3305,28.6314],[77.321,28.636],[77.3136,28.6432],[77.3112,28.6446],[77.3131,28.6467],[77.3153,28.6514],[77.3154,28.6633],[77.3176,28.6716],[77.3179,28.6793],[77.3254,28.6825],[77.3271,28.6852],[77.3276,28.6918],[77.3209,28.6997],[77.3198,28.7036],[77.3217,28.7118],[77.3235,28.7159],[77.3172,28.7172],[77.3062,28.7177],[77.3015,28.7167],[77.2956,28.713],[77.2929,28.7098],[77.2849,28.7125],[77.2837,28.719],[77.2844,28.7239],[77.2807,28.73],[77.2769,28.7344],[77.2711,28.7382],[77.2664,28.7393],[77.2599,28.7381],[77.2562,28.7399],[77.2519,28.7455],[77.2532,28.7528],[77.2485,28.7575],[77.2459,28.7574],[77.238,28.7592],[77.229,28.7724],[77.2209,28.7779],[77.2171,28.7817],[77.2221,28.7837],[77.2247,28.7876],[77.2183,28.7876],[77.2131,28.7864],[77.2085,28.7872],[77.2027,28.7894],[77.1969,28.7953],[77.1944,28.8023],[77.1946,28.8154],[77.2136,28.8135],[77.2173,28.8353],[77.2106,28.8453],[77.2115,28.8549],[77.2078,28.8602],[77.2048,28.8629],[77.1996,28.8649],[77.1935,28.8654],[77.1869,28.8668],[77.1832,28.8718],[77.1783,28.88],[77.178,28.8856],[77.1818,28.8898],[77.1991,28.8927],[77.2053,28.8946],[77.2169,28.9003],[77.2212,28.9041],[77.2215,28.9081],[77.216,28.9114],[77.202,28.9156],[77.1968,28.9209],[77.2054,28.9365],[77.2044,28.94],[77.1908,28.9469],[77.1901,28.9557],[77.191,28.9617],[77.2038,28.9823],[77.2079,28.9911],[77.2142,29.006],[77.214,29.0067],[77.2111,29.0114],[77.2038,29.0167],[77.1916,29.0213],[77.1765,29.0365],[77.1626,29.0486],[77.1616,29.0524],[77.1623,29.0654],[77.1572,29.0775],[77.1493,29.0832],[77.1416,29.0868],[77.1318,29.0946],[77.1244,29.1015],[77.122,29.1058],[77.1244,29.1135],[77.1362,29.1278],[77.1386,29.1348],[77.1266,29.154],[77.1273,29.1629],[77.1324,29.1718],[77.14,29.1821],[77.1381,29.2011],[77.1362,29.2075],[77.1326,29.2131],[77.1277,29.2184],[77.1252,29.2249],[77.1272,29.2281],[77.1428,29.2378],[77.144,29.2433],[77.1425,29.2516],[77.135,29.2665],[77.1295,29.2728],[77.1376,29.2875],[77.1444,29.2962],[77.1423,29.3015],[77.1542,29.3169],[77.1536,29.3223],[77.151,29.3255],[77.15,29.3317],[77.1539,29.3355],[77.1519,29.3393],[77.1464,29.3451],[77.1276,29.3443],[77.1237,29.345],[77.12,29.3498],[77.1175,29.3572],[77.1188,29.362],[77.1167,29.3726],[77.1169,29.3767],[77.1205,29.3788],[77.1311,29.3807],[77.1386,29.3839],[77.1468,29.3898],[77.146,29.3925],[77.1401,29.3947],[77.1335,29.3984],[77.1291,29.4025],[77.1259,29.4106],[77.1249,29.4222],[77.1358,29.4322],[77.1385,29.4369],[77.1394,29.4421],[77.1377,29.4466],[77.132,29.4505],[77.1241,29.4529],[77.1178,29.4565],[77.1143,29.4619],[77.114,29.4703],[77.1154,29.4754],[77.1204,29.4801],[77.1233,29.4861],[77.1199,29.4973],[77.1145,29.5032],[77.1034,29.5095],[77.0976,29.512],[77.0865,29.5283],[77.0849,29.5336],[77.0862,29.5395],[77.0894,29.5447],[77.0953,29.5476],[77.1044,29.5489],[77.1097,29.553],[77.1068,29.5664],[77.102,29.577],[77.0938,29.5872],[77.0899,29.5904],[77.0868,29.5965],[77.0856,29.6008],[77.0922,29.6087],[77.0939,29.613],[77.0945,29.6178],[77.1005,29.6223],[77.1016,29.6249],[77.1011,29.6331],[77.1049,29.6356],[77.1078,29.64],[77.1097,29.6472],[77.1218,29.6535],[77.1294,29.6586],[77.1313,29.663],[77.1311,29.6663],[77.12,29.6803],[77.1192,29.6858],[77.1211,29.6916],[77.1255,29.6969],[77.1322,29.6995],[77.1399,29.7002],[77.1426,29.7016],[77.1433,29.706],[77.1402,29.7173],[77.1226,29.736],[77.1226,29.7428],[77.1152,29.745],[77.113,29.7486],[77.1142,29.7543],[77.1179,29.7604],[77.1189,29.7642],[77.117,29.7709],[77.1183,29.7756],[77.1235,29.7778],[77.132,29.779],[77.1374,29.7822],[77.1422,29.7876],[77.1524,29.7933],[77.154,29.7977],[77.1517,29.8035],[77.1521,29.8077],[77.154,29.8138],[77.1556,29.8168],[77.1653,29.8245],[77.169,29.8296],[77.167,29.8437],[77.1676,29.8464],[77.1781,29.8622],[77.1801,29.8691],[77.1825,29.8733],[77.1823,29.8816],[77.185,29.8903],[77.1849,29.8949],[77.1796,29.9023],[77.1802,29.9062],[77.1859,29.9131],[77.1869,29.9175],[77.1891,29.922],[77.1956,29.9273],[77.2026,29.9311],[77.2111,29.9407],[77.2237,29.9548],[77.2249,29.9586],[77.2296,29.9619],[77.2319,29.9663],[77.2331,29.9736],[77.2355,29.9812],[77.2505,29.9885],[77.2548,29.9932],[77.2551,29.996],[77.2632,30.0021],[77.2615,30.0056],[77.2619,30.0073],[77.2643,30.0131],[77.2654,30.018],[77.2676,30.0221],[77.2697,30.0275],[77.2731,30.034],[77.2718,30.0399],[77.2699,30.0442],[77.2704,30.0483],[77.2763,30.0505],[77.2804,30.0525],[77.2861,30.0575],[77.2918,30.0585],[77.2976,30.0603],[77.3029,30.0606],[77.3129,30.0605],[77.3248,30.0618],[77.3317,30.0645],[77.3372,30.0682],[77.3484,30.0767],[77.357,30.0842],[77.3685,30.0916],[77.3734,30.093],[77.3803,30.093],[77.3925,30.0944],[77.3967,30.0958],[77.4086,30.1026],[77.4144,30.1071],[77.4142,30.1111],[77.4101,30.1111],[77.406,30.1113],[77.4006,30.1133],[77.398,30.1187],[77.4033,30.1211],[77.4087,30.1232],[77.4126,30.1277],[77.4155,30.1335],[77.4178,30.1412],[77.4149,30.1435],[77.4108,30.1459],[77.4114,30.1497],[77.4153,30.1567],[77.4235,30.1685],[77.4306,30.1664],[77.4352,30.17],[77.4403,30.1692],[77.4468,30.1686],[77.4515,30.1736],[77.456,30.181],[77.4602,30.1838],[77.4733,30.1886],[77.4768,30.195],[77.48,30.2022],[77.4839,30.2101],[77.4885,30.2187],[77.4937,30.2275],[77.496,30.2336],[77.5055,30.2422],[77.5198,30.2601],[77.5225,30.2662],[77.5247,30.278],[77.5268,30.2823],[77.5322,30.2869],[77.5404,30.291],[77.5453,30.2941],[77.5558,30.3026],[77.5636,30.3061],[77.5704,30.3112],[77.5739,30.3189],[77.575,30.3261],[77.5701,30.3316],[77.5699,30.3371],[77.5746,30.347],[77.5828,30.3584],[77.592,30.3709],[77.5901,30.3773],[77.5844,30.3814],[77.5749,30.3845],[77.5762,30.3899],[77.5729,30.3931],[77.5679,30.3988],[77.5631,30.4045],[77.5671,30.4048],[77.5686,30.4068],[77.5696,30.4079],[77.5711,30.4086],[77.5728,30.4103],[77.575,30.4117],[77.5775,30.4125],[77.5797,30.4119],[77.5844,30.41],[77.5847,30.4088]]]}}]}